genome,material_class,valid,screening_protocol,relax_clean_converged,relax_clean_max_force_eV_A,relax_clean_steps,relax_clean_step_limit,relax_clean_fmax_eV_A,relax_clean_termination,relax_clean_failure_class,relax_clean_selected_attempt,relax_clean_attempts_json,relax_clean_geometry_sha256,e_clean,relax_oh_converged,relax_oh_max_force_eV_A,relax_oh_steps,relax_oh_step_limit,relax_oh_fmax_eV_A,relax_oh_termination,relax_oh_failure_class,relax_oh_selected_attempt,relax_oh_attempts_json,relax_oh_geometry_sha256,dG_OH_eV,relax_o_converged,relax_o_max_force_eV_A,relax_o_steps,relax_o_step_limit,relax_o_fmax_eV_A,relax_o_termination,relax_o_failure_class,relax_o_selected_attempt,relax_o_attempts_json,relax_o_geometry_sha256,dG_O_eV,relax_ooh_converged,relax_ooh_max_force_eV_A,relax_ooh_steps,relax_ooh_step_limit,relax_ooh_fmax_eV_A,relax_ooh_termination,relax_ooh_failure_class,relax_ooh_selected_attempt,relax_ooh_attempts_json,relax_ooh_geometry_sha256,dG_OOH_eV,orr_overpotential_V,rate_determining_step,fenton_stability,cost_penalty,fc_viable,binding_strength,model_confidence,needs_dft_validation,candidate_disposition,worker_id,gpu_id,candidate_id,cache_hit,error
"('SolidCatalyst', 'Zn', 'TiO2', 'hcp0001', -0.026315789473684223, ('Y', 'Li'), 1, 0)",SolidCatalyst,True,esen-sm-conserving-all-oc25:relax-v3:orr-che-v2,True,0.0578743867031482,24,150,0.08,converged,,bfgs_standard,"[{""ase_converged"": true, ""converged"": true, ""end_geometry_sha256"": ""b1480bd587b4cf8edc34cd5ee79156d0e1d311b4f66688a5596dac8846f74dbf"", ""failure_class"": null, ""max_force_eV_A"": 0.0578743867031482, ""name"": ""bfgs_standard"", ""start_geometry_sha256"": ""657721e3d5d8173ba61f4296534d3ea7bd98cd979d9fe63fbd381e7abe74a4b5"", ""steps"": 24}]",b1480bd587b4cf8edc34cd5ee79156d0e1d311b4f66688a5596dac8846f74dbf,-50.091862309828116,True,0.06656435980657952,60,100,0.08,converged,,bfgs_standard,"[{""ase_converged"": true, ""converged"": true, ""end_geometry_sha256"": ""2300602a296692a33d9bd3540f53a8d26ab9aebc8d1f037475fffe835a6f1751"", ""failure_class"": null, ""max_force_eV_A"": 0.06656435980657952, ""name"": ""bfgs_standard"", ""start_geometry_sha256"": ""0da085238a212244cb6c108af3ad5db11009f7836e1a3b5286f3e8359b77f7b3"", ""steps"": 60}]",2300602a296692a33d9bd3540f53a8d26ab9aebc8d1f037475fffe835a6f1751,-0.22328394398089674,True,0.07242881685230419,61.0,100.0,0.08,converged,,bfgs_standard,"[{""ase_converged"": true, ""converged"": true, ""end_geometry_sha256"": ""50bdfc929b4c839ceb44fb80d97bf04ddf3f1e1d1d6553d2c5256e21b1c2acf1"", ""failure_class"": null, ""max_force_eV_A"": 0.07242881685230419, ""name"": ""bfgs_standard"", ""start_geometry_sha256"": ""a40c3f13b6fa6ba40d0e560950caad397b3bcc8b6834313ed20853f3f248cc9e"", ""steps"": 61}]",50bdfc929b4c839ceb44fb80d97bf04ddf3f1e1d1d6553d2c5256e21b1c2acf1,-0.9380672805011521,True,0.07691899342557065,270.0,100.0,0.08,converged,,bfgs_after_fire,"[{""ase_converged"": false, ""converged"": false, ""end_geometry_sha256"": ""8974810f2901c4c7c3839a61284726b69391014c1772b8e095c28b4a80c6bfc7"", ""failure_class"": ""force_threshold"", ""max_force_eV_A"": 0.2619232568863075, ""name"": ""bfgs_standard"", ""start_geometry_sha256"": ""ce10a0d089884f1f3e98cafe6bce50215cfbc07c005c10f4f2629a73ee07d906"", ""steps"": 100}, {""ase_converged"": false, ""converged"": false, ""end_geometry_sha256"": ""2b5da1023a3f85be65862729bbe3794ce46bb79de0b401d01b8042bb29a02cfd"", ""failure_class"": ""force_threshold"", ""max_force_eV_A"": 1.4586620607425986, ""name"": ""fire_precondition"", ""qualifying"": false, ""start_geometry_sha256"": ""ce10a0d089884f1f3e98cafe6bce50215cfbc07c005c10f4f2629a73ee07d906"", ""steps"": 50}, {""ase_converged"": true, ""converged"": true, ""end_geometry_sha256"": ""1301e53680469052163edec29373730dbfd5aa1d57ce67690df75da4caa46b69"", ""failure_class"": null, ""max_force_eV_A"": 0.07691899342557065, ""name"": ""bfgs_after_fire"", ""start_geometry_sha256"": ""2b5da1023a3f85be65862729bbe3794ce46bb79de0b401d01b8042bb29a02cfd"", ""steps"": 120}]",1301e53680469052163edec29373730dbfd5aa1d57ce67690df75da4caa46b69,-2.3047477498650375,2.5956804693638853,step_2_O,10.0,0.0,True,1.1613512244820487,0.9127014328916923,False,quantitative_screening,2,2,3a04a17da493eb9166f0,False,
"('SolidCatalyst', 'Mo', 'TiC', 'bcc111', 0.07894736842105263, ('Y', 'Li'), 1, 0)",SolidCatalyst,False,esen-sm-conserving-all-oc25:relax-v3:orr-che-v2,True,0.06305871409434578,29,150,0.08,converged,,bfgs_standard,"[{""ase_converged"": true, ""converged"": true, ""end_geometry_sha256"": ""189204ceee2c9b63055111bba97836b165b92ca763a0144e094847e2430823f9"", ""failure_class"": null, ""max_force_eV_A"": 0.06305871409434578, ""name"": ""bfgs_standard"", ""start_geometry_sha256"": ""c3a921ae4355765f039f6e5ce9d8c692451839512a23604927e7641a2a562f33"", ""steps"": 29}]",189204ceee2c9b63055111bba97836b165b92ca763a0144e094847e2430823f9,-260.8561925085314,True,0.06475131186644333,39,100,0.08,converged,,bfgs_standard,"[{""ase_converged"": true, ""converged"": true, ""end_geometry_sha256"": ""b8264d6866bf01050f17f63ee0388e227e0d19d26cc0c284db0a05caaa57d131"", ""failure_class"": null, ""max_force_eV_A"": 0.06475131186644333, ""name"": ""bfgs_standard"", ""start_geometry_sha256"": ""202da708db8ba69dd4c9bdfadc158f3018031a8b240c8257acf5fbcc0dd4ac12"", ""steps"": 39}]",b8264d6866bf01050f17f63ee0388e227e0d19d26cc0c284db0a05caaa57d131,1.6749418403208256,True,0.07194041756861883,32.0,100.0,0.08,converged,,bfgs_standard,"[{""ase_converged"": true, ""converged"": true, ""end_geometry_sha256"": ""4bc53a108412ee3ea7add9d7c5cbf8545b15306d7cd796d58d27bfdc34c20824"", ""failure_class"": null, ""max_force_eV_A"": 0.07194041756861883, ""name"": ""bfgs_standard"", ""start_geometry_sha256"": ""4afdb831ee8985ca2c9cf1dc693a3e54119646cbc1ac443978b5ca26d4f01a42"", ""steps"": 32}]",4bc53a108412ee3ea7add9d7c5cbf8545b15306d7cd796d58d27bfdc34c20824,1.7289609082043491,False,0.6994112384726283,650.0,100.0,0.08,recovery_exhausted,force_threshold,fire_small_step,"[{""ase_converged"": false, ""converged"": false, ""end_geometry_sha256"": ""c89bc72881963c19cae0b8cdd00e34b883802af148134490b20602efa682d1a3"", ""failure_class"": ""force_threshold"", ""max_force_eV_A"": 3.809053470934105, ""name"": ""bfgs_standard"", ""start_geometry_sha256"": ""4d7d2c22705059964f22f3096f4c8a199c8d38a5da0621a081862cafbc18551a"", ""steps"": 100}, {""ase_converged"": false, ""converged"": false, ""end_geometry_sha256"": ""13fe10f2323e7141fd37128f9d94015bcc7209a9d1d2bc78bb70f441f174687e"", ""failure_class"": ""force_threshold"", ""max_force_eV_A"": 17.171328307074216, ""name"": ""fire_precondition"", ""qualifying"": false, ""start_geometry_sha256"": ""4d7d2c22705059964f22f3096f4c8a199c8d38a5da0621a081862cafbc18551a"", ""steps"": 50}, {""ase_converged"": false, ""converged"": false, ""end_geometry_sha256"": ""eeafeb79e97e56c6e748abb980916eb503cb1bbb24dbeab56b54387ceaeb093f"", ""failure_class"": ""force_threshold"", ""max_force_eV_A"": 12.48795858545153, ""name"": ""bfgs_after_fire"", ""start_geometry_sha256"": ""13fe10f2323e7141fd37128f9d94015bcc7209a9d1d2bc78bb70f441f174687e"", ""steps"": 200}, {""ase_converged"": false, ""converged"": false, ""end_geometry_sha256"": ""d4c91c06a862880d5d3d4f2adcd08607c3a335f81fd25e0528c9f165a3749ea5"", ""failure_class"": ""force_threshold"", ""max_force_eV_A"": 0.6994112384726283, ""name"": ""fire_small_step"", ""start_geometry_sha256"": ""c89bc72881963c19cae0b8cdd00e34b883802af148134490b20602efa682d1a3"", ""steps"": 300}]",d4c91c06a862880d5d3d4f2adcd08607c3a335f81fd25e0528c9f165a3749ea5,,,,,,,,,True,validation_required,0,0,e138c5b623c8aad9b596,False,Unconverged ooh relaxation: max_force=0.699411 eV/A after 650 cumulative recovery steps
"('SolidCatalyst', 'Ir', 'Y_zeolite', 'fcc311', 0.07894736842105263, ('Y', 'Li'), 1, 0)",SolidCatalyst,True,esen-sm-conserving-all-oc25:relax-v3:orr-che-v2,True,0.07238621447564764,17,150,0.08,converged,,bfgs_standard,"[{""ase_converged"": true, ""converged"": true, ""end_geometry_sha256"": ""f639f172882374a950ace5b0617cb998a506f1fe459346f32b83fa06271360f8"", ""failure_class"": null, ""max_force_eV_A"": 0.07238621447564764, ""name"": ""bfgs_standard"", ""start_geometry_sha256"": ""9586b4fb0eea2f3eb8a1a01f77ef16b20ff45d3a7cf638e8f33c319c93048ebd"", ""steps"": 17}]",f639f172882374a950ace5b0617cb998a506f1fe459346f32b83fa06271360f8,-285.76812286640245,True,0.06683533418096094,51,100,0.08,converged,,bfgs_standard,"[{""ase_converged"": true, ""converged"": true, ""end_geometry_sha256"": ""a26a5bfde2ac746383ba173b368b8969181b5a05059f48498483ac62385dc93b"", ""failure_class"": null, ""max_force_eV_A"": 0.06683533418096094, ""name"": ""bfgs_standard"", ""start_geometry_sha256"": ""26b5765ae28ba7d9be79a139b47f353222d884c11adf347e35e160d6c0919cc5"", ""steps"": 51}]",a26a5bfde2ac746383ba173b368b8969181b5a05059f48498483ac62385dc93b,0.4349249030649662,True,0.07573874700393224,36.0,100.0,0.08,converged,,bfgs_standard,"[{""ase_converged"": true, ""converged"": true, ""end_geometry_sha256"": ""a5d09e2078cf991605da88b8158b8bce5f74370b01c7a1ae21637920b325fb75"", ""failure_class"": null, ""max_force_eV_A"": 0.07573874700393224, ""name"": ""bfgs_standard"", ""start_geometry_sha256"": ""61e7ad4a637b6f817155d9496b9fb07cf75d7b51b45332b46946a4160cad278f"", ""steps"": 36}]",a5d09e2078cf991605da88b8158b8bce5f74370b01c7a1ae21637920b325fb75,0.3981808789074172,True,0.060996230020675696,220.0,100.0,0.08,converged,,bfgs_after_fire,"[{""ase_converged"": false, ""converged"": false, ""end_geometry_sha256"": ""11fbfeaa234e53d629085dc31a376fcc7b552b0b307efe37e1e572cd21fdc58a"", ""failure_class"": ""force_threshold"", ""max_force_eV_A"": 0.3464464920025682, ""name"": ""bfgs_standard"", ""start_geometry_sha256"": ""2d2e359c0f2c6753fd2dd628f2e913291bf57758e30ad836392180da81c8c023"", ""steps"": 100}, {""ase_converged"": false, ""converged"": false, ""end_geometry_sha256"": ""b52c7930683b189a5e4d7721f259a801187fff287809e34c85b7cfef864d3a54"", ""failure_class"": ""force_threshold"", ""max_force_eV_A"": 1.1799965298418031, ""name"": ""fire_precondition"", ""qualifying"": false, ""start_geometry_sha256"": ""2d2e359c0f2c6753fd2dd628f2e913291bf57758e30ad836392180da81c8c023"", ""steps"": 50}, {""ase_converged"": true, ""converged"": true, ""end_geometry_sha256"": ""ec38db1bed5b4e0a259fe5dfd40032da2b6c117a384547c673d9999e6dd883fd"", ""failure_class"": null, ""max_force_eV_A"": 0.060996230020675696, ""name"": ""bfgs_after_fire"", ""start_geometry_sha256"": ""b52c7930683b189a5e4d7721f259a801187fff287809e34c85b7cfef864d3a54"", ""steps"": 70}]",ec38db1bed5b4e0a259fe5dfd40032da2b6c117a384547c673d9999e6dd883fd,0.9916357502341021,1.265744024157549,step_3_OH,10.0,-2.0,True,0.8331057819723834,0.9127014328916923,False,quantitative_screening,1,1,e9a3ba8a557ebfd48a44,False,
"('SolidCatalyst', 'Pr', 'Si3N4', 'fcc211', -0.026315789473684223, ('Y', 'Li'), 1, 0)",SolidCatalyst,True,esen-sm-conserving-all-oc25:relax-v3:orr-che-v2,True,0.0745995324790977,4,150,0.08,converged,,bfgs_standard,"[{""ase_converged"": true, ""converged"": true, ""end_geometry_sha256"": ""c0867bc5cf4d495f89b1707b209aeb264a2e781b61812ec783d75d933cb4c65d"", ""failure_class"": null, ""max_force_eV_A"": 0.0745995324790977, ""name"": ""bfgs_standard"", ""start_geometry_sha256"": ""9945f7b437987a645fa67696dee12c88cc4d03bfa12480d289f64609e4844580"", ""steps"": 4}]",c0867bc5cf4d495f89b1707b209aeb264a2e781b61812ec783d75d933cb4c65d,-159.77864566219478,True,0.038150108692737536,20,100,0.08,converged,,bfgs_standard,"[{""ase_converged"": true, ""converged"": true, ""end_geometry_sha256"": ""8436b252f87c18703b10aa63a14d35d1aaf4410c7a7393a02704ae71f73aae32"", ""failure_class"": null, ""max_force_eV_A"": 0.038150108692737536, ""name"": ""bfgs_standard"", ""start_geometry_sha256"": ""adae7a131d87670c6f045c2287b55782f61385cb0657400d73f9ba6e49066dd5"", ""steps"": 20}]",8436b252f87c18703b10aa63a14d35d1aaf4410c7a7393a02704ae71f73aae32,-0.8144027565419958,True,0.0452390397527944,19.0,100.0,0.08,converged,,bfgs_standard,"[{""ase_converged"": true, ""converged"": true, ""end_geometry_sha256"": ""a9c1548e869b8bf42fb21b3e2a68f5b3ef5a2fc00168fa23c00a95470d9482e2"", ""failure_class"": null, ""max_force_eV_A"": 0.0452390397527944, ""name"": ""bfgs_standard"", ""start_geometry_sha256"": ""09baad7fee1ed2c0ea8d6dde3208b9e9648879365f07df16ad27ebe09a6b668b"", ""steps"": 19}]",a9c1548e869b8bf42fb21b3e2a68f5b3ef5a2fc00168fa23c00a95470d9482e2,-0.11710461303591373,True,0.07440003325549645,60.0,100.0,0.08,converged,,bfgs_standard,"[{""ase_converged"": true, ""converged"": true, ""end_geometry_sha256"": ""c473993cc37c2c2c38bc7ff85d57fea2a63691ddf4428ae96a6a47758515cb80"", ""failure_class"": null, ""max_force_eV_A"": 0.07440003325549645, ""name"": ""bfgs_standard"", ""start_geometry_sha256"": ""9e37b7c0f8e5692c6b614400267530728f7f05b13d624203f76606d9c0c1b461"", ""steps"": 60}]",c473993cc37c2c2c38bc7ff85d57fea2a63691ddf4428ae96a6a47758515cb80,-3.9617209926247563,3.0,step_2_O,10.0,0.0,True,0.9315073695779095,0.8664825313502684,False,quantitative_screening,1,1,14ef76d9fd9940a3cb1f,False,
"('SAC', 'Cu', 'N3P', 'N-mesoporous_carbon', 'CO')",SAC,True,esen-sm-conserving-all-oc25:relax-v3:orr-che-v2,True,0.07245873092746691,67,150,0.08,converged,,bfgs_standard,"[{""ase_converged"": true, ""converged"": true, ""end_geometry_sha256"": ""ff3c427b3c05ac39f2857b0cc670df2bd0864cb71da7b066c5750942df885c6c"", ""failure_class"": null, ""max_force_eV_A"": 0.07245873092746691, ""name"": ""bfgs_standard"", ""start_geometry_sha256"": ""b1f03984a33084ac3833454a018b4236d7b7cbf1b14dbec70298393134910ede"", ""steps"": 67}]",ff3c427b3c05ac39f2857b0cc670df2bd0864cb71da7b066c5750942df885c6c,-132.94191000080198,True,0.07349916763162971,59,100,0.08,converged,,bfgs_standard,"[{""ase_converged"": true, ""converged"": true, ""end_geometry_sha256"": ""228983cd442ef7fe42d782448af37df58e99b3bc36af964ca9e5011c45c44837"", ""failure_class"": null, ""max_force_eV_A"": 0.07349916763162971, ""name"": ""bfgs_standard"", ""start_geometry_sha256"": ""19158e1bb184b52b2ec36a30dff0f3b96b0f07f26d1c259bbe1196efd819f416"", ""steps"": 59}]",228983cd442ef7fe42d782448af37df58e99b3bc36af964ca9e5011c45c44837,0.9568770553171635,True,0.07723356977925476,40.0,100.0,0.08,converged,,bfgs_standard,"[{""ase_converged"": true, ""converged"": true, ""end_geometry_sha256"": ""608c1f88855ebfa00b86d990be34b0d3043ad95c19bf1275ddfac0327c994e08"", ""failure_class"": null, ""max_force_eV_A"": 0.07723356977925476, ""name"": ""bfgs_standard"", ""start_geometry_sha256"": ""6f11bec14f98d38ff8fd2a87174a6c16b4172c0cc8fe2d1b9383664d4f7d7376"", ""steps"": 40}]",608c1f88855ebfa00b86d990be34b0d3043ad95c19bf1275ddfac0327c994e08,3.458552754670385,True,0.0790173082727861,71.0,100.0,0.08,converged,,bfgs_standard,"[{""ase_converged"": true, ""converged"": true, ""end_geometry_sha256"": ""fe49ae9aa266cac395b2a20e0a2d8f2a0ab6f0b421388520cc328d93511d71a1"", ""failure_class"": null, ""max_force_eV_A"": 0.0790173082727861, ""name"": ""bfgs_standard"", ""start_geometry_sha256"": ""3b51ec9c5a3c70a4ad6157bec93f3b8b38ee4708f1d897c65d1f2c5f1783857d"", ""steps"": 71}]",fe49ae9aa266cac395b2a20e0a2d8f2a0ab6f0b421388520cc328d93511d71a1,3.942565868794922,0.7449868858754631,step_2_O,8.0,0.0,True,4.415429809987549,0.610000000035,False,quantitative_screening,2,2,f70e577bbc2c06d907e6,False,
"('SAC', 'Mo', 'N3C', 'N-CNT', 'OH')",SAC,False,esen-sm-conserving-all-oc25:relax-v3:orr-che-v2,True,0.07980384124361936,44,150,0.08,converged,,bfgs_standard,"[{""ase_converged"": true, ""converged"": true, ""end_geometry_sha256"": ""aba08d7e162b93ebd63bc991f268b3f638c426af848be5140a16692cc7a86e31"", ""failure_class"": null, ""max_force_eV_A"": 0.07980384124361936, ""name"": ""bfgs_standard"", ""start_geometry_sha256"": ""22d6451213f09e0008c05aa2646ba1f2d76ab2c69e9ea07b8042e8f6233c91ea"", ""steps"": 44}]",aba08d7e162b93ebd63bc991f268b3f638c426af848be5140a16692cc7a86e31,-145.1668779460924,False,18.8911634389183,650,100,0.08,recovery_exhausted,force_threshold,fire_small_step,"[{""ase_converged"": false, ""converged"": false, ""end_geometry_sha256"": ""c596dbdbee4a8b70ff3e4f032d29b19969de5a06e8674fb680f0cbc4421feae3"", ""failure_class"": ""force_threshold"", ""max_force_eV_A"": 300.7208627069961, ""name"": ""bfgs_standard"", ""start_geometry_sha256"": ""fd35f7ee8f010f637b151303e4d54aa61ba0991278e253e46b1257d2f224588e"", ""steps"": 100}, {""ase_converged"": false, ""converged"": false, ""end_geometry_sha256"": ""7c314e7f7920ac7e890b26f4b0ebe21dc0a8e3c0613c3e2b241aef5c8e145b50"", ""failure_class"": ""force_threshold"", ""max_force_eV_A"": 102.58458240603679, ""name"": ""fire_precondition"", ""qualifying"": false, ""start_geometry_sha256"": ""fd35f7ee8f010f637b151303e4d54aa61ba0991278e253e46b1257d2f224588e"", ""steps"": 50}, {""ase_converged"": false, ""converged"": false, ""end_geometry_sha256"": ""ac58f5a6baa1a5e6d2f4c32b12a8ae7a44486ad558b4f05f65ffcce142d5b72c"", ""failure_class"": ""force_threshold"", ""max_force_eV_A"": 18.89826823054677, ""name"": ""bfgs_after_fire"", ""start_geometry_sha256"": ""7c314e7f7920ac7e890b26f4b0ebe21dc0a8e3c0613c3e2b241aef5c8e145b50"", ""steps"": 200}, {""ase_converged"": false, ""converged"": false, ""end_geometry_sha256"": ""26fe2fd4a23fa7cd4e538b4a6300b1fc56769f0f497fae858d9ad891d78564f3"", ""failure_class"": ""force_threshold"", ""max_force_eV_A"": 18.8911634389183, ""name"": ""fire_small_step"", ""start_geometry_sha256"": ""ac58f5a6baa1a5e6d2f4c32b12a8ae7a44486ad558b4f05f65ffcce142d5b72c"", ""steps"": 300}]",26fe2fd4a23fa7cd4e538b4a6300b1fc56769f0f497fae858d9ad891d78564f3,,,,,,,,,,,,,,,,,,,,,,,,,,,,,,,True,validation_required,1,1,42becbd17aab8241c63f,False,Unconverged oh relaxation: max_force=18.8912 eV/A after 650 cumulative recovery steps
"('SAC', 'Ir', 'N4_pyrrole', 'N-CNT', 'OH')",SAC,False,esen-sm-conserving-all-oc25:relax-v3:orr-che-v2,True,0.06422754413430724,87,150,0.08,converged,,bfgs_standard,"[{""ase_converged"": true, ""converged"": true, ""end_geometry_sha256"": ""49cb8659797a104886e8a28daa840422023fc6cc3ba88edb41990901d466e6c5"", ""failure_class"": null, ""max_force_eV_A"": 0.06422754413430724, ""name"": ""bfgs_standard"", ""start_geometry_sha256"": ""faeb75d7d7640a2e5f1496d3b948d9ca6c70db38fa582cd6322888a90ba76bad"", ""steps"": 87}]",49cb8659797a104886e8a28daa840422023fc6cc3ba88edb41990901d466e6c5,-139.7703038905298,False,,0,100,0.08,invalid_initial_geometry,atomic_overlap,none,[],0f689248d5d503cbdb38aa4425a506efaa474a191937b1c1fe083c3b385434ff,,,,,,,,,,,,,,,,,,,,,,,,,,,,,,,True,validation_required,0,0,8a7eca266e0ae2e46660,False,Invalid oh initial geometry: atomic_overlap
"('SAC', 'Pr', 'N3P', 'N-mesoporous_carbon', 'CO')",SAC,False,esen-sm-conserving-all-oc25:relax-v3:orr-che-v2,True,0.07211265865952125,59,150,0.08,converged,,bfgs_standard,"[{""ase_converged"": true, ""converged"": true, ""end_geometry_sha256"": ""dc950daedff65508faf2d46c8fe1bde90efca4e478b3f960e6741877bfff6692"", ""failure_class"": null, ""max_force_eV_A"": 0.07211265865952125, ""name"": ""bfgs_standard"", ""start_geometry_sha256"": ""8421ec851adfc38e2761b312a40666ffab97c7900d660afd59021bc308422bbc"", ""steps"": 59}]",dc950daedff65508faf2d46c8fe1bde90efca4e478b3f960e6741877bfff6692,-135.41023363981526,False,,0,100,0.08,invalid_initial_geometry,atomic_overlap,none,[],6e27bd4a5f0e7d1c94809dc47485c76cd28ac55984218dae4357f4764055bb3a,,,,,,,,,,,,,,,,,,,,,,,,,,,,,,,True,validation_required,2,2,5a1fcb73993df95e5bd9,False,Invalid oh initial geometry: atomic_overlap
"('DAC', 'Cu', 'Zr', 'N3BN3', 'N-porous_carbon')",DAC,False,esen-sm-conserving-all-oc25:relax-v3:orr-che-v2,True,0.07146508081298433,87,150,0.08,converged,,bfgs_standard,"[{""ase_converged"": true, ""converged"": true, ""end_geometry_sha256"": ""3eff401aa001c0d02046fffcaa6828c4eb2fa20db8b75cdaf6f5f3b2cafbf32c"", ""failure_class"": null, ""max_force_eV_A"": 0.07146508081298433, ""name"": ""bfgs_standard"", ""start_geometry_sha256"": ""47fffebca42247953cf156041ccc41958a3a26fa170f761aae5f620061ba4055"", ""steps"": 87}]",3eff401aa001c0d02046fffcaa6828c4eb2fa20db8b75cdaf6f5f3b2cafbf32c,-127.77281845742442,False,,0,100,0.08,invalid_initial_geometry,atomic_overlap,none,[],0b66b82eb03cffecf1ab1f78747a7303d83ec0729e7c43ee6025c6b307cd43ed,,,,,,,,,,,,,,,,,,,,,,,,,,,,,,,True,validation_required,0,0,d8dd7a75ab03bf22ab5b,False,Invalid oh initial geometry: atomic_overlap
"('DAC', 'Mo', 'V', 'N4N4', 'N-porous_carbon')",DAC,False,esen-sm-conserving-all-oc25:relax-v3:orr-che-v2,True,0.05521671746057934,106,150,0.08,converged,,bfgs_standard,"[{""ase_converged"": true, ""converged"": true, ""end_geometry_sha256"": ""a269063e453ab2a2d17b09686e4e5144d1317e35b6168f1c238e219392f849f1"", ""failure_class"": null, ""max_force_eV_A"": 0.05521671746057934, ""name"": ""bfgs_standard"", ""start_geometry_sha256"": ""b4d9a3e8a3bf1d663b8e4c38d899afca4e67d11449c9258440d63a5ac41211d9"", ""steps"": 106}]",a269063e453ab2a2d17b09686e4e5144d1317e35b6168f1c238e219392f849f1,-164.37497262614386,False,,0,100,0.08,invalid_initial_geometry,atomic_overlap,none,[],ff2ed10d58c8fb2841bb83da9ccf7989f94b96e88feb71e79390d07307841175,,,,,,,,,,,,,,,,,,,,,,,,,,,,,,,True,validation_required,2,2,c6048d4f5ad7b4e9fd90,False,Invalid oh initial geometry: atomic_overlap
"('DAC', 'Ir', 'Re', 'N4N4', 'N-porous_carbon')",DAC,False,esen-sm-conserving-all-oc25:relax-v3:orr-che-v2,True,0.06803462496681091,80,150,0.08,converged,,bfgs_standard,"[{""ase_converged"": true, ""converged"": true, ""end_geometry_sha256"": ""4427380c8493bd59f5cf30829cccc110f4b1568cdaf7c7e3a7b6f4cd79dc0c75"", ""failure_class"": null, ""max_force_eV_A"": 0.06803462496681091, ""name"": ""bfgs_standard"", ""start_geometry_sha256"": ""c40435adbb019dc303018e5d5db2431c4c2bc0d5ab17384b3cbbf7a09a0a2364"", ""steps"": 80}]",4427380c8493bd59f5cf30829cccc110f4b1568cdaf7c7e3a7b6f4cd79dc0c75,-166.02313050862236,False,,0,100,0.08,invalid_initial_geometry,atomic_overlap,none,[],45823462b4eb4f01fa281ddc833317bc6b11e9fd1dedfc50cdfc5c5560e92055,,,,,,,,,,,,,,,,,,,,,,,,,,,,,,,True,validation_required,0,0,e8da611d7d16c71d125c,False,Invalid oh initial geometry: atomic_overlap
"('DAC', 'Pr', 'Zr', 'N3BN3', 'N-porous_carbon')",DAC,False,esen-sm-conserving-all-oc25:relax-v3:orr-che-v2,True,0.07903446329363525,92,150,0.08,converged,,bfgs_standard,"[{""ase_converged"": true, ""converged"": true, ""end_geometry_sha256"": ""44444345d0e165ad4f4e4d87c757f3b295dc1781dc25e760e9d2fe1a8d06df90"", ""failure_class"": null, ""max_force_eV_A"": 0.07903446329363525, ""name"": ""bfgs_standard"", ""start_geometry_sha256"": ""2aaba55c60f37f8bea5f194c051e88e1d64d616985927955cc19f24f7b7cad2f"", ""steps"": 92}]",44444345d0e165ad4f4e4d87c757f3b295dc1781dc25e760e9d2fe1a8d06df90,-132.7937610768454,False,,0,100,0.08,invalid_initial_geometry,atomic_overlap,none,[],794e5f66faa999cf7806713f252539bd6c6da44959376a3ed0a63a97c13734cd,,,,,,,,,,,,,,,,,,,,,,,,,,,,,,,True,validation_required,2,2,571bd90fafdd32b2ea8b,False,Invalid oh initial geometry: atomic_overlap
"('MOF', 'Zn', 'Tetrazolate', 'N4', 14.0)",MOF,True,esen-sm-conserving-all-oc25:relax-v3:orr-che-v2,True,0.06244405125039195,37,150,0.08,converged,,bfgs_standard,"[{""ase_converged"": true, ""converged"": true, ""end_geometry_sha256"": ""ab596f649ff07fce4cd021a9a714521fcc2e7fd5a5773e0eb5ddcd8734c47b04"", ""failure_class"": null, ""max_force_eV_A"": 0.06244405125039195, ""name"": ""bfgs_standard"", ""start_geometry_sha256"": ""32acb29117269d60b75b1d8ce9a33ded447cb2486b17990ce8b90fe44994fd00"", ""steps"": 37}]",ab596f649ff07fce4cd021a9a714521fcc2e7fd5a5773e0eb5ddcd8734c47b04,-128.88189554786604,True,0.07470895125598867,28,100,0.08,converged,,bfgs_standard,"[{""ase_converged"": true, ""converged"": true, ""end_geometry_sha256"": ""6d78874e54485dc9245cad1182a2b8e0dd6c68d134554a17fff839ec22988e4e"", ""failure_class"": null, ""max_force_eV_A"": 0.07470895125598867, ""name"": ""bfgs_standard"", ""start_geometry_sha256"": ""6ec4d8025e925cbf49e979bcc79a6b11831c470a4208c5191c7966da818a078e"", ""steps"": 28}]",6d78874e54485dc9245cad1182a2b8e0dd6c68d134554a17fff839ec22988e4e,-0.013429818004369765,True,0.05623960988615973,27.0,100.0,0.08,converged,,bfgs_standard,"[{""ase_converged"": true, ""converged"": true, ""end_geometry_sha256"": ""88790465224a04b4510f67a023dc3e4df562a1a878b85b87c771de89bc6a1412"", ""failure_class"": null, ""max_force_eV_A"": 0.05623960988615973, ""name"": ""bfgs_standard"", ""start_geometry_sha256"": ""e47f711fecc403f9f45db2c67d563c6484c1832afc4bf60e31078842c275dc15"", ""steps"": 27}]",88790465224a04b4510f67a023dc3e4df562a1a878b85b87c771de89bc6a1412,2.8939177162945304,True,0.046757051306842524,36.0,100.0,0.08,converged,,bfgs_standard,"[{""ase_converged"": true, ""converged"": true, ""end_geometry_sha256"": ""8e60792f90c4c68749d4aecb523edd3596a7dcf056cbec48548c120081830119"", ""failure_class"": null, ""max_force_eV_A"": 0.046757051306842524, ""name"": ""bfgs_standard"", ""start_geometry_sha256"": ""9b9dfe957e7e09c28d8f7b01903f73ceb992d4914810868a9fab5a0aeec1274e"", ""steps"": 36}]",8e60792f90c4c68749d4aecb523edd3596a7dcf056cbec48548c120081830119,3.257888506352905,1.2424298180043698,step_4_H2O,10.0,0.0,True,2.9073475342989004,0.480000000035,True,quantitative_screening,0,0,f564b6a38807bbb0658c,False,
"('MOF', 'Ru', 'Pyrazole', 'N2Se2', 25.0)",MOF,True,esen-sm-conserving-all-oc25:relax-v3:orr-che-v2,True,0.07265256208315929,518,150,0.08,converged,,bfgs_after_fire,"[{""ase_converged"": false, ""converged"": false, ""end_geometry_sha256"": ""20e90405171468219166ed26ee0a2881743429060fa60bde3b35048a008079f5"", ""failure_class"": ""force_threshold"", ""max_force_eV_A"": 0.3024503730780347, ""name"": ""bfgs_standard"", ""start_geometry_sha256"": ""0e7d7d1af035cee6eb21da966a8b9245b04b42ab1ab8e192273b053a2c5c7e38"", ""steps"": 150}, {""ase_converged"": false, ""converged"": false, ""end_geometry_sha256"": ""fa040f0f4bcc967905cd5144e9c887fddfb5168ef115598348a6118603572573"", ""failure_class"": ""force_threshold"", ""max_force_eV_A"": 1.310004637659039, ""name"": ""fire_precondition"", ""qualifying"": false, ""start_geometry_sha256"": ""0e7d7d1af035cee6eb21da966a8b9245b04b42ab1ab8e192273b053a2c5c7e38"", ""steps"": 75}, {""ase_converged"": true, ""converged"": true, ""end_geometry_sha256"": ""c9a67f52333b05e3a445e76de31036c8743f4fdb91f25cc1b54a6a70757b91c9"", ""failure_class"": null, ""max_force_eV_A"": 0.07265256208315929, ""name"": ""bfgs_after_fire"", ""start_geometry_sha256"": ""fa040f0f4bcc967905cd5144e9c887fddfb5168ef115598348a6118603572573"", ""steps"": 293}]",c9a67f52333b05e3a445e76de31036c8743f4fdb91f25cc1b54a6a70757b91c9,-189.1509074401856,True,0.06924456799615497,99,100,0.08,converged,,bfgs_standard,"[{""ase_converged"": true, ""converged"": true, ""end_geometry_sha256"": ""f62af91de2ae1265ec6ab36b20290958bcbc5d0a3716ea264e8f88e9c9f2da3f"", ""failure_class"": null, ""max_force_eV_A"": 0.06924456799615497, ""name"": ""bfgs_standard"", ""start_geometry_sha256"": ""ff289cf3f81f6276eb0f19e7987e0797f148497953f1e4efeffc350bbf8ccd95"", ""steps"": 99}]",f62af91de2ae1265ec6ab36b20290958bcbc5d0a3716ea264e8f88e9c9f2da3f,-2.938556847423315,True,0.07722860210671798,92.0,100.0,0.08,converged,,bfgs_standard,"[{""ase_converged"": true, ""converged"": true, ""end_geometry_sha256"": ""08afbb93d1a6b5387daad05a8de1aec5a20b28536909eeb6fa5c30b8991e4222"", ""failure_class"": null, ""max_force_eV_A"": 0.07722860210671798, ""name"": ""bfgs_standard"", ""start_geometry_sha256"": ""3b629a8d6b5bd5f47e88fc8bd4911def749a425ca78a2dd968d3dbf20fc0c14a"", ""steps"": 92}]",08afbb93d1a6b5387daad05a8de1aec5a20b28536909eeb6fa5c30b8991e4222,-1.9452296130359137,True,0.07659849320573933,252.0,100.0,0.08,converged,,bfgs_after_fire,"[{""ase_converged"": false, ""converged"": false, ""end_geometry_sha256"": ""2b4f6c92944e3cdc83eb13a2c851cb64e1adf336ddf4431e4cfead0b6e61d556"", ""failure_class"": ""force_threshold"", ""max_force_eV_A"": 0.15254025413779346, ""name"": ""bfgs_standard"", ""start_geometry_sha256"": ""04b2d4b02653db2cde820f4a08282b504df3d218ffb5b0481911352d4fea827f"", ""steps"": 100}, {""ase_converged"": false, ""converged"": false, ""end_geometry_sha256"": ""4877773b9875abae22b8c1c95cad2a6c921689919c676882ab1c6e86222d5a8f"", ""failure_class"": ""force_threshold"", ""max_force_eV_A"": 0.6917419561558805, ""name"": ""fire_precondition"", ""qualifying"": false, ""start_geometry_sha256"": ""04b2d4b02653db2cde820f4a08282b504df3d218ffb5b0481911352d4fea827f"", ""steps"": 50}, {""ase_converged"": true, ""converged"": true, ""end_geometry_sha256"": ""029fb8aa9d3b5920aeccca6316230511916e3aa85452c271569f38f7f69e8112"", ""failure_class"": null, ""max_force_eV_A"": 0.07659849320573933, ""name"": ""bfgs_after_fire"", ""start_geometry_sha256"": ""4877773b9875abae22b8c1c95cad2a6c921689919c676882ab1c6e86222d5a8f"", ""steps"": 102}]",029fb8aa9d3b5920aeccca6316230511916e3aa85452c271569f38f7f69e8112,-5.428278495371337,3.0,step_2_O,10.0,-2.0,True,4.883786460459229,0.480000000035,True,quantitative_screening,2,2,ff03e6e3182624be71e4,False,
"('MOF', 'Ta', 'NDC', 'N4O2', 8.0)",MOF,True,esen-sm-conserving-all-oc25:relax-v3:orr-che-v2,True,0.07053088795287349,49,150,0.08,converged,,bfgs_standard,"[{""ase_converged"": true, ""converged"": true, ""end_geometry_sha256"": ""10f89ebb9ca32faf96ec6f1b5e1eff8b69a31cde756eae4e38949f610b0cb5cf"", ""failure_class"": null, ""max_force_eV_A"": 0.07053088795287349, ""name"": ""bfgs_standard"", ""start_geometry_sha256"": ""901fa78e19f13557cfaa8c3dfd17149d935869d5cfcdf95155c811bec290c91d"", ""steps"": 49}]",10f89ebb9ca32faf96ec6f1b5e1eff8b69a31cde756eae4e38949f610b0cb5cf,-137.2696827274288,True,0.07037813371265236,283,100,0.08,converged,,bfgs_after_fire,"[{""ase_converged"": false, ""converged"": false, ""end_geometry_sha256"": ""2324ef95f0d7e38350cd9708c15fdcc6a2ba273c0a89042a1db429d8b6f0ec31"", ""failure_class"": ""force_threshold"", ""max_force_eV_A"": 0.3518826997424182, ""name"": ""bfgs_standard"", ""start_geometry_sha256"": ""08e778d60f86438c3c43bb43942751cda77ee388fc391ad37bc73c37f5236ae8"", ""steps"": 100}, {""ase_converged"": false, ""converged"": false, ""end_geometry_sha256"": ""46395f97936d0578267b1f6dabe15ad9e5968e935879c9b07e4a94022d361371"", ""failure_class"": ""force_threshold"", ""max_force_eV_A"": 0.5702707795740212, ""name"": ""fire_precondition"", ""qualifying"": false, ""start_geometry_sha256"": ""08e778d60f86438c3c43bb43942751cda77ee388fc391ad37bc73c37f5236ae8"", ""steps"": 50}, {""ase_converged"": true, ""converged"": true, ""end_geometry_sha256"": ""748ca55a1cd60f6ca7c3761ebadf291815f7ce21fe79d62b3cb792cc388f4069"", ""failure_class"": null, ""max_force_eV_A"": 0.07037813371265236, ""name"": ""bfgs_after_fire"", ""start_geometry_sha256"": ""46395f97936d0578267b1f6dabe15ad9e5968e935879c9b07e4a94022d361371"", ""steps"": 133}]",748ca55a1cd60f6ca7c3761ebadf291815f7ce21fe79d62b3cb792cc388f4069,-4.724003819078208,True,0.06287881605768715,57.0,100.0,0.08,converged,,bfgs_standard,"[{""ase_converged"": true, ""converged"": true, ""end_geometry_sha256"": ""8112b59aa6d7d3cf22056b2ec34304fd6aa2a9033565d46148dfba6c76ce650f"", ""failure_class"": null, ""max_force_eV_A"": 0.06287881605768715, ""name"": ""bfgs_standard"", ""start_geometry_sha256"": ""2600b55f08c5a135091b32658c859fc6a86979ebcec23abdec858e1bb94e7bad"", ""steps"": 57}]",8112b59aa6d7d3cf22056b2ec34304fd6aa2a9033565d46148dfba6c76ce650f,-1.9834791056811774,True,0.07004467115814,90.0,100.0,0.08,converged,,bfgs_standard,"[{""ase_converged"": true, ""converged"": true, ""end_geometry_sha256"": ""726040f23fd114909482d0666ec6d9e61a31108084ba826b1ea8ec0b5d9507a4"", ""failure_class"": null, ""max_force_eV_A"": 0.07004467115814, ""name"": ""bfgs_standard"", ""start_geometry_sha256"": ""e83952b4b233607e6c126bc86c9934a333ac1b9c369c4edac600afd3d84897fe"", ""steps"": 90}]",726040f23fd114909482d0666ec6d9e61a31108084ba826b1ea8ec0b5d9507a4,1.0657448276877437,3.0,step_4_H2O,10.0,-1.3979400086720375,True,6.707482924759385,0.480000000035,True,quantitative_screening,1,1,7556553c710073499980,False,
"('MOF', 'Al', 'BDC', 'N2P2', 30.0)",MOF,False,esen-sm-conserving-all-oc25:relax-v3:orr-che-v2,True,0.07313956445539435,522,150,0.08,converged,,bfgs_after_fire,"[{""ase_converged"": false, ""converged"": false, ""end_geometry_sha256"": ""60315df8ccb2f596df7e76f79baae0628cf418f95e039e82f26a17a922ba38a7"", ""failure_class"": ""force_threshold"", ""max_force_eV_A"": 1.2143882205754024, ""name"": ""bfgs_standard"", ""start_geometry_sha256"": ""c91fce6ad0680dd559145053d9cea5473400e5954e0dd360b7de028faec8534a"", ""steps"": 150}, {""ase_converged"": false, ""converged"": false, ""end_geometry_sha256"": ""de9c83664a80ee3118cb084653aaf1d0b5a7424380ea705b59d7b554a89e084b"", ""failure_class"": ""force_threshold"", ""max_force_eV_A"": 2.504099754070817, ""name"": ""fire_precondition"", ""qualifying"": false, ""start_geometry_sha256"": ""c91fce6ad0680dd559145053d9cea5473400e5954e0dd360b7de028faec8534a"", ""steps"": 75}, {""ase_converged"": true, ""converged"": true, ""end_geometry_sha256"": ""937dc4e35349d2365bb422e20efd1f0a439d281fbe5e5a0ec6f7f95ff754625d"", ""failure_class"": null, ""max_force_eV_A"": 0.07313956445539435, ""name"": ""bfgs_after_fire"", ""start_geometry_sha256"": ""de9c83664a80ee3118cb084653aaf1d0b5a7424380ea705b59d7b554a89e084b"", ""steps"": 297}]",937dc4e35349d2365bb422e20efd1f0a439d281fbe5e5a0ec6f7f95ff754625d,-179.60479738258067,True,0.07616157866142503,226,100,0.08,converged,,bfgs_after_fire,"[{""ase_converged"": false, ""converged"": false, ""end_geometry_sha256"": ""8cc5647860f69e3d40a2aa7caaaa993dcbe4d5c5e882bcb7da71a259356a9d5e"", ""failure_class"": ""force_threshold"", ""max_force_eV_A"": 0.09415851540654763, ""name"": ""bfgs_standard"", ""start_geometry_sha256"": ""2319c5b3b7fffdd97c27cdf436f24d211d35331cac302ee1cf7ecf971f8eac82"", ""steps"": 100}, {""ase_converged"": false, ""converged"": false, ""end_geometry_sha256"": ""a63256b2e2107b8644d3b57b6a2b6f57746a4575a9158458a9269ec51d3f85ad"", ""failure_class"": ""force_threshold"", ""max_force_eV_A"": 0.4569486518267773, ""name"": ""fire_precondition"", ""qualifying"": false, ""start_geometry_sha256"": ""2319c5b3b7fffdd97c27cdf436f24d211d35331cac302ee1cf7ecf971f8eac82"", ""steps"": 50}, {""ase_converged"": true, ""converged"": true, ""end_geometry_sha256"": ""24059a7a0f2209934c3770728959c036da3e22c6eb0e6a366cce2c1f13640b11"", ""failure_class"": null, ""max_force_eV_A"": 0.07616157866142503, ""name"": ""bfgs_after_fire"", ""start_geometry_sha256"": ""a63256b2e2107b8644d3b57b6a2b6f57746a4575a9158458a9269ec51d3f85ad"", ""steps"": 76}]",24059a7a0f2209934c3770728959c036da3e22c6eb0e6a366cce2c1f13640b11,-2.7889329765737054,True,0.07156061043529074,62.0,100.0,0.08,converged,,bfgs_standard,"[{""ase_converged"": true, ""converged"": true, ""end_geometry_sha256"": ""f0d5627642a0763220f879d92422053595c595e4d2aeb6341a8b5fb4d4ddadd5"", ""failure_class"": null, ""max_force_eV_A"": 0.07156061043529074, ""name"": ""bfgs_standard"", ""start_geometry_sha256"": ""e9f47307af875dec7229191da2404823e43dcf5a867cb0be5445c0f38e99a4bd"", ""steps"": 62}]",f0d5627642a0763220f879d92422053595c595e4d2aeb6341a8b5fb4d4ddadd5,-2.744771086424586,False,,0.0,100.0,0.08,invalid_initial_geometry,atomic_overlap,none,[],7e690bcdd9a3ee4d2df8c60af610d1d02b577e91743cf1de0b5884ebbc2d412e,,,,,,,,,True,validation_required,0,0,c034c0b24a57058008e0,False,Invalid ooh initial geometry: atomic_overlap
"('COF', 'Zn', 'Dioxin', 'N4', 4.0)",COF,True,esen-sm-conserving-all-oc25:relax-v3:orr-che-v2,True,0.06343330480589955,13,150,0.08,converged,,bfgs_standard,"[{""ase_converged"": true, ""converged"": true, ""end_geometry_sha256"": ""6c9bc7228fb01a8a81daabb412b2c14e7f6e64e7a28540a6e451feb73772b06e"", ""failure_class"": null, ""max_force_eV_A"": 0.06343330480589955, ""name"": ""bfgs_standard"", ""start_geometry_sha256"": ""2c2937598eb566d9a1b745f3390d92353be7af584698c96472ab1158431ae43c"", ""steps"": 13}]",6c9bc7228fb01a8a81daabb412b2c14e7f6e64e7a28540a6e451feb73772b06e,-128.88169384574812,True,0.07057539677601937,38,100,0.08,converged,,bfgs_standard,"[{""ase_converged"": true, ""converged"": true, ""end_geometry_sha256"": ""791a2e94e21db7469038a370484629b17eb9c2bec7b490dea05c1c3a16cce3bf"", ""failure_class"": null, ""max_force_eV_A"": 0.07057539677601937, ""name"": ""bfgs_standard"", ""start_geometry_sha256"": ""6aa03352f1498ebdca6dc48faaddd93da3c9508badcdf219c623ec5d8e7cd201"", ""steps"": 38}]",791a2e94e21db7469038a370484629b17eb9c2bec7b490dea05c1c3a16cce3bf,-0.018307862132787733,True,0.06224123643913782,26.0,100.0,0.08,converged,,bfgs_standard,"[{""ase_converged"": true, ""converged"": true, ""end_geometry_sha256"": ""3b690971047268c22927aa52749edaddba7d02e84f8e60a50570ab3d1326344a"", ""failure_class"": null, ""max_force_eV_A"": 0.06224123643913782, ""name"": ""bfgs_standard"", ""start_geometry_sha256"": ""2faba493ed5a6c43f68227e4a75e3053afb04b8636baff17ef899414169d59d8"", ""steps"": 26}]",3b690971047268c22927aa52749edaddba7d02e84f8e60a50570ab3d1326344a,2.894060290604833,True,0.06671191371169166,36.0,100.0,0.08,converged,,bfgs_standard,"[{""ase_converged"": true, ""converged"": true, ""end_geometry_sha256"": ""ba2281f89798d5f9a63deba7d2369dc86e110be9b400a01d2b993e74ed22e2f7"", ""failure_class"": null, ""max_force_eV_A"": 0.06671191371169166, ""name"": ""bfgs_standard"", ""start_geometry_sha256"": ""c49ed3f5f687ed82d1a0393ba2ee9ea6b22c93aff5383e2dfaaa9f5df46c7ad4"", ""steps"": 36}]",ba2281f89798d5f9a63deba7d2369dc86e110be9b400a01d2b993e74ed22e2f7,3.2581207260489498,1.2473078621327878,step_4_H2O,10.0,0.0,True,2.912368152737621,0.447500000035,True,quantitative_screening,1,1,2cf71969c8b1ac68a03c,False,
"('COF', 'Ru', 'Dioxin', 'N4', 4.0)",COF,True,esen-sm-conserving-all-oc25:relax-v3:orr-che-v2,True,0.05702551518170449,40,150,0.08,converged,,bfgs_standard,"[{""ase_converged"": true, ""converged"": true, ""end_geometry_sha256"": ""0891fdad0e4504c5eae58fc5e3105a8995544d833b36a9d448fcb3c3ae0325a2"", ""failure_class"": null, ""max_force_eV_A"": 0.05702551518170449, ""name"": ""bfgs_standard"", ""start_geometry_sha256"": ""a55c020b3dae58913274d77e1a970606640cef94adfad1625a921af4c339de62"", ""steps"": 40}]",0891fdad0e4504c5eae58fc5e3105a8995544d833b36a9d448fcb3c3ae0325a2,-135.60034055320062,True,0.07351458760938423,33,100,0.08,converged,,bfgs_standard,"[{""ase_converged"": true, ""converged"": true, ""end_geometry_sha256"": ""861d12062bcb602288b1cdd8105d00e9aac6eeacd2ee9f88567a0d21a5de4919"", ""failure_class"": null, ""max_force_eV_A"": 0.07351458760938423, ""name"": ""bfgs_standard"", ""start_geometry_sha256"": ""d10d8cfb6f4919ad6bda3848d4889a505b8f6fbcb5ac1373569013759d8faaec"", ""steps"": 33}]",861d12062bcb602288b1cdd8105d00e9aac6eeacd2ee9f88567a0d21a5de4919,1.8659408713877201,True,0.07796215844085704,38.0,100.0,0.08,converged,,bfgs_standard,"[{""ase_converged"": true, ""converged"": true, ""end_geometry_sha256"": ""8e5a68641cccd87af6345f01513f4e7d171b6fab580b9d72862bf00d4a19534c"", ""failure_class"": null, ""max_force_eV_A"": 0.07796215844085704, ""name"": ""bfgs_standard"", ""start_geometry_sha256"": ""c25a878dcb1acb5d5b7c68c140d14cc93ae86bc2472ad3357284f9a6e62aca9d"", ""steps"": 38}]",8e5a68641cccd87af6345f01513f4e7d171b6fab580b9d72862bf00d4a19534c,-0.2709062926471198,True,0.07445965404599676,75.0,100.0,0.08,converged,,bfgs_standard,"[{""ase_converged"": true, ""converged"": true, ""end_geometry_sha256"": ""ca2092b6ef7e37626f29e61dafc58000731ddcd235f3f2fc55047688f496bdd0"", ""failure_class"": null, ""max_force_eV_A"": 0.07445965404599676, ""name"": ""bfgs_standard"", ""start_geometry_sha256"": ""4f5c1abdadc17c443e80245b583ecb220e170d55addd83971914dbe203e6c359"", ""steps"": 75}]",ca2092b6ef7e37626f29e61dafc58000731ddcd235f3f2fc55047688f496bdd0,2.5619935497641597,3.0,step_3_OH,10.0,-2.0,True,2.13684716403484,0.447500000035,True,quantitative_screening,1,1,9470d440c3e9f500f7d5,False,
"('COF', 'Au', 'Dioxin', 'N4', 4.0)",COF,True,esen-sm-conserving-all-oc25:relax-v3:orr-che-v2,True,0.06638894395399925,14,150,0.08,converged,,bfgs_standard,"[{""ase_converged"": true, ""converged"": true, ""end_geometry_sha256"": ""fccea9c3fa90fdba6f51aa674106e521dd0dca2d711a665a66951988eea2e36d"", ""failure_class"": null, ""max_force_eV_A"": 0.06638894395399925, ""name"": ""bfgs_standard"", ""start_geometry_sha256"": ""27e447e0001748d806a59c5c2ce21653405c0dc097b2a5e2887386040a7b1b1b"", ""steps"": 14}]",fccea9c3fa90fdba6f51aa674106e521dd0dca2d711a665a66951988eea2e36d,-128.53373973075733,True,0.06262704580019246,14,100,0.08,converged,,bfgs_standard,"[{""ase_converged"": true, ""converged"": true, ""end_geometry_sha256"": ""9645d5c3dabddc39d3bd8f23d9b7e7f6e1a67030bd8d1660e1c773eb6117dbe6"", ""failure_class"": null, ""max_force_eV_A"": 0.06262704580019246, ""name"": ""bfgs_standard"", ""start_geometry_sha256"": ""ec3862f890bec828621f4b426d067455e8ffe5c145413d0658bdde4adb4617b8"", ""steps"": 14}]",9645d5c3dabddc39d3bd8f23d9b7e7f6e1a67030bd8d1660e1c773eb6117dbe6,2.4581368590891364,True,0.045983681801819866,9.0,100.0,0.08,converged,,bfgs_standard,"[{""ase_converged"": true, ""converged"": true, ""end_geometry_sha256"": ""abcb79667100b0bc41c7f0d6d6aa9befac104f3a985e4b90663e8b0aba0a57a3"", ""failure_class"": null, ""max_force_eV_A"": 0.045983681801819866, ""name"": ""bfgs_standard"", ""start_geometry_sha256"": ""04e4d213692ecb7ce828a5e284d743d0a4ce58766fb5a325bf97fbcf5a754dbf"", ""steps"": 9}]",abcb79667100b0bc41c7f0d6d6aa9befac104f3a985e4b90663e8b0aba0a57a3,5.113259232789281,True,0.07529056917330604,22.0,100.0,0.08,converged,,bfgs_standard,"[{""ase_converged"": true, ""converged"": true, ""end_geometry_sha256"": ""838ca482130b65b550bacb4394c4ba384f6f3f467b629439f0e1cf72927999b4"", ""failure_class"": null, ""max_force_eV_A"": 0.07529056917330604, ""name"": ""bfgs_standard"", ""start_geometry_sha256"": ""901ee348e2d7c0c3bac80bb602bf199bd3103e0dfd0e16a8f337f01a259aa792"", ""steps"": 22}]",838ca482130b65b550bacb4394c4ba384f6f3f467b629439f0e1cf72927999b4,4.943022201955323,1.3992370308339588,step_2_O,10.0,-2.0,True,7.571396091878418,0.447500000035,True,quantitative_screening,1,1,38683abbc4eb97c00b11,False,
"('COF', 'Al', 'Dioxin', 'N4', 4.0)",COF,True,esen-sm-conserving-all-oc25:relax-v3:orr-che-v2,True,0.07848957869557306,13,150,0.08,converged,,bfgs_standard,"[{""ase_converged"": true, ""converged"": true, ""end_geometry_sha256"": ""a474fdff407ae06f617dfef396052778d46b22dc2dc377fdb7d9f76fc0b34484"", ""failure_class"": null, ""max_force_eV_A"": 0.07848957869557306, ""name"": ""bfgs_standard"", ""start_geometry_sha256"": ""88fab19379575bd63266413e968c6e0d91f49c00f8a8b3e740f30ad3dc9daa41"", ""steps"": 13}]",a474fdff407ae06f617dfef396052778d46b22dc2dc377fdb7d9f76fc0b34484,-133.97732938307948,True,0.06471014149018728,47,100,0.08,converged,,bfgs_standard,"[{""ase_converged"": true, ""converged"": true, ""end_geometry_sha256"": ""f8e3fc72964c61bff7db64d80e91c1ef084a51e781a9f441b857a80c846448be"", ""failure_class"": null, ""max_force_eV_A"": 0.06471014149018728, ""name"": ""bfgs_standard"", ""start_geometry_sha256"": ""3c7915a25cd8c1733c146ccdb61a1521002a50cb51dff343e1a2d4de6ba80583"", ""steps"": 47}]",f8e3fc72964c61bff7db64d80e91c1ef084a51e781a9f441b857a80c846448be,-1.4083976720273494,True,0.06348044791151719,23.0,100.0,0.08,converged,,bfgs_standard,"[{""ase_converged"": true, ""converged"": true, ""end_geometry_sha256"": ""2c330557f58a629ed7c1f8b040cffc8122253b07011ac20db46809e025b9a900"", ""failure_class"": null, ""max_force_eV_A"": 0.06348044791151719, ""name"": ""bfgs_standard"", ""start_geometry_sha256"": ""96ec8f1b07f36d75f75ee84c211a497ed330ea0eb4f2f211280463cb8e4d7d33"", ""steps"": 23}]",2c330557f58a629ed7c1f8b040cffc8122253b07011ac20db46809e025b9a900,0.9284151561558283,True,0.04760328475723933,32.0,100.0,0.08,converged,,bfgs_standard,"[{""ase_converged"": true, ""converged"": true, ""end_geometry_sha256"": ""dc8fa2b5b754b20d38090c28277ce86780fa7b06121121eda9ba095dac64f9ce"", ""failure_class"": null, ""max_force_eV_A"": 0.04760328475723933, ""name"": ""bfgs_standard"", ""start_geometry_sha256"": ""c1cdba3d7bcf2e8b2642f82608108062eb15aa5dac4ca9634d063128b1d2d094"", ""steps"": 32}]",dc8fa2b5b754b20d38090c28277ce86780fa7b06121121eda9ba095dac64f9ce,2.1340586051344905,2.6373976720273493,step_4_H2O,10.0,0.0,True,2.3368128281831777,0.447500000035,True,quantitative_screening,1,1,f6626592146bcd69aafd,False,
"('Perovskite', 'Ca', 'Rh', 'Ti', 0.0, 'none')",Perovskite,True,esen-sm-conserving-all-oc25:relax-v3:orr-che-v2,True,0.0545534061653699,38,150,0.08,converged,,bfgs_standard,"[{""ase_converged"": true, ""converged"": true, ""end_geometry_sha256"": ""889c1ccc290c1cf451f02b4806f9fafb9d8273ce73dbef1506a6db785a92c795"", ""failure_class"": null, ""max_force_eV_A"": 0.0545534061653699, ""name"": ""bfgs_standard"", ""start_geometry_sha256"": ""09ad584d0d9d35a34dce92ba0576e3ad0999e239be6e77a518fae823c0399f83"", ""steps"": 38}]",889c1ccc290c1cf451f02b4806f9fafb9d8273ce73dbef1506a6db785a92c795,-364.49153554255037,True,0.07234198027101042,83,100,0.08,converged,,bfgs_standard,"[{""ase_converged"": true, ""converged"": true, ""end_geometry_sha256"": ""0d9a5c4a85950b53a2f1f8a051284f8c84b5f006c254ff42eab982425dc05aad"", ""failure_class"": null, ""max_force_eV_A"": 0.07234198027101042, ""name"": ""bfgs_standard"", ""start_geometry_sha256"": ""12b9b64b5ce131120417a09085b48fdda3b1dc795fc482bf3131c7b197ecd8d3"", ""steps"": 83}]",0d9a5c4a85950b53a2f1f8a051284f8c84b5f006c254ff42eab982425dc05aad,-3.188858208507299,True,0.07497771959200099,89.0,100.0,0.08,converged,,bfgs_standard,"[{""ase_converged"": true, ""converged"": true, ""end_geometry_sha256"": ""46b84794e2eb4290a0343a61ab5a6ed3d90ed4fec845ee729ffe41f20766e246"", ""failure_class"": null, ""max_force_eV_A"": 0.07497771959200099, ""name"": ""bfgs_standard"", ""start_geometry_sha256"": ""a683e6a916dcce330fad9356c9d972051c8023ad5cd881265abfdb8dcda010b4"", ""steps"": 89}]",46b84794e2eb4290a0343a61ab5a6ed3d90ed4fec845ee729ffe41f20766e246,-3.2571659915149462,True,0.07980731453499143,335.0,100.0,0.08,converged,,bfgs_after_fire,"[{""ase_converged"": false, ""converged"": false, ""end_geometry_sha256"": ""2d20c9fafdd1d3f441d461de498d70723003273023e94ab07104fec5542fd253"", ""failure_class"": ""force_threshold"", ""max_force_eV_A"": 0.12511011507011535, ""name"": ""bfgs_standard"", ""start_geometry_sha256"": ""2a7609d84362fb26b5da562ca6eaac13ed5641a11b72a4a6ba73e40163af84ca"", ""steps"": 100}, {""ase_converged"": false, ""converged"": false, ""end_geometry_sha256"": ""c96fb598adf19491a424b53135f3a7a023c8eb384ec2637cc32c6a71e3964973"", ""failure_class"": ""force_threshold"", ""max_force_eV_A"": 0.5779096313399359, ""name"": ""fire_precondition"", ""qualifying"": false, ""start_geometry_sha256"": ""2a7609d84362fb26b5da562ca6eaac13ed5641a11b72a4a6ba73e40163af84ca"", ""steps"": 50}, {""ase_converged"": true, ""converged"": true, ""end_geometry_sha256"": ""c7d91f7c94be666f8aa1dac7a30ac6a9f1f6e4558d6cfbc9087d8c02dea68638"", ""failure_class"": null, ""max_force_eV_A"": 0.07980731453499143, ""name"": ""bfgs_after_fire"", ""start_geometry_sha256"": ""c96fb598adf19491a424b53135f3a7a023c8eb384ec2637cc32c6a71e3964973"", ""steps"": 185}]",c7d91f7c94be666f8aa1dac7a30ac6a9f1f6e4558d6cfbc9087d8c02dea68638,-2.7156148448586714,3.0,step_4_H2O,10.0,0.0,True,6.446024200022245,0.6527014328916925,False,quantitative_screening,0,0,e726cf2e33138d40a641,False,
"('Perovskite', 'Nd', 'Rh', 'Ti', 0.0, 'none')",Perovskite,True,esen-sm-conserving-all-oc25:relax-v3:orr-che-v2,True,0.05099925533191395,27,150,0.08,converged,,bfgs_standard,"[{""ase_converged"": true, ""converged"": true, ""end_geometry_sha256"": ""5927691b50594de74ae600f6bb4df0e3fb76637c3131d0c1f9340540ef07f744"", ""failure_class"": null, ""max_force_eV_A"": 0.05099925533191395, ""name"": ""bfgs_standard"", ""start_geometry_sha256"": ""a4f0da8b8873f5b20a78051deafc60ac0300116488fe5e7e4f0284643cc1434a"", ""steps"": 27}]",5927691b50594de74ae600f6bb4df0e3fb76637c3131d0c1f9340540ef07f744,-415.2181964053853,True,0.07410199236881677,34,100,0.08,converged,,bfgs_standard,"[{""ase_converged"": true, ""converged"": true, ""end_geometry_sha256"": ""dc8cc74d39e6428c6390e5f7690c02a19f74d38c1075461caf39b662d61f05a4"", ""failure_class"": null, ""max_force_eV_A"": 0.07410199236881677, ""name"": ""bfgs_standard"", ""start_geometry_sha256"": ""9093bdaca185d2c500aab9272ff37dcd39d7c6b90ea315b0b43374ca6577d62f"", ""steps"": 34}]",dc8cc74d39e6428c6390e5f7690c02a19f74d38c1075461caf39b662d61f05a4,1.8579490806162358,True,0.0772361028046743,83.0,100.0,0.08,converged,,bfgs_standard,"[{""ase_converged"": true, ""converged"": true, ""end_geometry_sha256"": ""749c26790aac69a6aacc36e3158ffeb81aaf1f9c68fabcfb5422d76f4e5b108d"", ""failure_class"": null, ""max_force_eV_A"": 0.0772361028046743, ""name"": ""bfgs_standard"", ""start_geometry_sha256"": ""d998a73ceba60a2646b5779986e0ac54160eadda94b6c4a25f442ad5ce5e953d"", ""steps"": 83}]",749c26790aac69a6aacc36e3158ffeb81aaf1f9c68fabcfb5422d76f4e5b108d,-1.5226956240833054,True,0.07233419586284051,290.0,100.0,0.08,converged,,bfgs_after_fire,"[{""ase_converged"": false, ""converged"": false, ""end_geometry_sha256"": ""cb16a905ebc5499bbdd8b00a35ab69648eaa4d309532ed41032f4f92e8312167"", ""failure_class"": ""force_threshold"", ""max_force_eV_A"": 0.15656131780419383, ""name"": ""bfgs_standard"", ""start_geometry_sha256"": ""4c79347c18cb56f7f7103a4eaa855f2aca20f2ad39cf6f50690b9814ebe741c9"", ""steps"": 100}, {""ase_converged"": false, ""converged"": false, ""end_geometry_sha256"": ""aa04feb2b848209afcdac3c60cf34a2f6866d793f48e7914cbf4d3a08ccbc83d"", ""failure_class"": ""force_threshold"", ""max_force_eV_A"": 0.3896458178871817, ""name"": ""fire_precondition"", ""qualifying"": false, ""start_geometry_sha256"": ""4c79347c18cb56f7f7103a4eaa855f2aca20f2ad39cf6f50690b9814ebe741c9"", ""steps"": 50}, {""ase_converged"": true, ""converged"": true, ""end_geometry_sha256"": ""3e120420a3a4abd8c2ee05615c9a8e75c5a5ad3a69e9732410bee674e23e480b"", ""failure_class"": null, ""max_force_eV_A"": 0.07233419586284051, ""name"": ""bfgs_after_fire"", ""start_geometry_sha256"": ""aa04feb2b848209afcdac3c60cf34a2f6866d793f48e7914cbf4d3a08ccbc83d"", ""steps"": 140}]",3e120420a3a4abd8c2ee05615c9a8e75c5a5ad3a69e9732410bee674e23e480b,-0.8513370051980267,3.0,step_3_OH,10.0,-0.41993563697897884,True,3.380644704699541,0.6527014328916925,False,quantitative_screening,2,2,fea40d11b99d801b080f,False,
"('Perovskite', 'Ce', 'Rh', 'Ti', 0.0, 'none')",Perovskite,True,esen-sm-conserving-all-oc25:relax-v3:orr-che-v2,True,0.04135557227535329,27,150,0.08,converged,,bfgs_standard,"[{""ase_converged"": true, ""converged"": true, ""end_geometry_sha256"": ""3ef6e98f8e9d77db8b51c77ff6a2166606c2f49f41b37625a3951a698c611055"", ""failure_class"": null, ""max_force_eV_A"": 0.04135557227535329, ""name"": ""bfgs_standard"", ""start_geometry_sha256"": ""a6c6a975383349e8cfcc4e8c5cdcaf5e110dafd02678210087ff64b8ec8a345f"", ""steps"": 27}]",3ef6e98f8e9d77db8b51c77ff6a2166606c2f49f41b37625a3951a698c611055,-431.6844432115105,True,0.06822432294731758,250,100,0.08,converged,,bfgs_after_fire,"[{""ase_converged"": false, ""converged"": false, ""end_geometry_sha256"": ""c53a59e7ce3039fd88a0644ffadd925273dde482d305a944d26d9be701ef4e6b"", ""failure_class"": ""force_threshold"", ""max_force_eV_A"": 0.38982790966845254, ""name"": ""bfgs_standard"", ""start_geometry_sha256"": ""a569dc97fa137136f95685696aa6735ae526692862bb2c272861334b34b03eca"", ""steps"": 100}, {""ase_converged"": true, ""converged"": true, ""end_geometry_sha256"": ""4c5cfe832a72a22e99f7b1bef183737cc3e42931b00058768ff4de795724aa00"", ""failure_class"": null, ""max_force_eV_A"": 0.23604190593002866, ""name"": ""fire_precondition"", ""qualifying"": false, ""start_geometry_sha256"": ""a569dc97fa137136f95685696aa6735ae526692862bb2c272861334b34b03eca"", ""steps"": 32}, {""ase_converged"": true, ""converged"": true, ""end_geometry_sha256"": ""520b8a5df4833ad097d5f18f9b1978d7ab83d6b233e429b7126465edea93c219"", ""failure_class"": null, ""max_force_eV_A"": 0.06822432294731758, ""name"": ""bfgs_after_fire"", ""start_geometry_sha256"": ""4c5cfe832a72a22e99f7b1bef183737cc3e42931b00058768ff4de795724aa00"", ""steps"": 118}]",520b8a5df4833ad097d5f18f9b1978d7ab83d6b233e429b7126465edea93c219,-3.7674772118031976,True,0.06938100646485736,263.0,100.0,0.08,converged,,bfgs_after_fire,"[{""ase_converged"": false, ""converged"": false, ""end_geometry_sha256"": ""346ad05ab4406b89ee6c598883735bd47c605c8e5e6ef9a42785604e64fa06c8"", ""failure_class"": ""force_threshold"", ""max_force_eV_A"": 0.2777175149141716, ""name"": ""bfgs_standard"", ""start_geometry_sha256"": ""23a7e36e198064b9806b5ef0245e01459f21f3eb7ad3ad78a16ee22d06d158e4"", ""steps"": 100}, {""ase_converged"": true, ""converged"": true, ""end_geometry_sha256"": ""56df5619a239707af01c617ba2c3b0adf53884a85ac634537c18895e21c49095"", ""failure_class"": null, ""max_force_eV_A"": 0.16457563846970408, ""name"": ""fire_precondition"", ""qualifying"": false, ""start_geometry_sha256"": ""23a7e36e198064b9806b5ef0245e01459f21f3eb7ad3ad78a16ee22d06d158e4"", ""steps"": 39}, {""ase_converged"": true, ""converged"": true, ""end_geometry_sha256"": ""6e52fac282bb10073b005b797d91d1899526824d1e3262c2438b7387103ef831"", ""failure_class"": null, ""max_force_eV_A"": 0.06938100646485736, ""name"": ""bfgs_after_fire"", ""start_geometry_sha256"": ""56df5619a239707af01c617ba2c3b0adf53884a85ac634537c18895e21c49095"", ""steps"": 124}]",6e52fac282bb10073b005b797d91d1899526824d1e3262c2438b7387103ef831,-3.5920172564685595,True,0.07064177355239738,292.0,100.0,0.08,converged,,bfgs_after_fire,"[{""ase_converged"": false, ""converged"": false, ""end_geometry_sha256"": ""600b63b81cde89279c8ce60468d6523f3ef36fb476298d078bec5ffcd371bf2d"", ""failure_class"": ""force_threshold"", ""max_force_eV_A"": 0.3945773739642523, ""name"": ""bfgs_standard"", ""start_geometry_sha256"": ""539c0d616a9c7cb9361e79d2a6c5978e8046b4f32fda4d2b0959981f3a8afb41"", ""steps"": 100}, {""ase_converged"": false, ""converged"": false, ""end_geometry_sha256"": ""89cea88353eba02a3f5b96115f57c52590487725acaece2b1618570e529f75f4"", ""failure_class"": ""force_threshold"", ""max_force_eV_A"": 0.3359891426981833, ""name"": ""fire_precondition"", ""qualifying"": false, ""start_geometry_sha256"": ""539c0d616a9c7cb9361e79d2a6c5978e8046b4f32fda4d2b0959981f3a8afb41"", ""steps"": 50}, {""ase_converged"": true, ""converged"": true, ""end_geometry_sha256"": ""1678ffba3d9cc640a18706028ebf245fdfb11874e70d266617e59886eab04670"", ""failure_class"": null, ""max_force_eV_A"": 0.07064177355239738, ""name"": ""bfgs_after_fire"", ""start_geometry_sha256"": ""89cea88353eba02a3f5b96115f57c52590487725acaece2b1618570e529f75f4"", ""steps"": 142}]",1678ffba3d9cc640a18706028ebf245fdfb11874e70d266617e59886eab04670,-2.0383992686867964,3.0,step_4_H2O,10.0,-0.28341993791830444,True,7.359494468271757,0.6527014328916925,False,quantitative_screening,1,1,19ddca536336b444a1b2,False,
"('Perovskite', 'Na', 'Rh', 'Ti', 0.0, 'none')",Perovskite,True,esen-sm-conserving-all-oc25:relax-v3:orr-che-v2,True,0.04043712788514502,23,150,0.08,converged,,bfgs_standard,"[{""ase_converged"": true, ""converged"": true, ""end_geometry_sha256"": ""0a409b041a693a7354d33da5baf02bf6aae1e92ed0ea5455c0b9a262ba49622c"", ""failure_class"": null, ""max_force_eV_A"": 0.04043712788514502, ""name"": ""bfgs_standard"", ""start_geometry_sha256"": ""8235b3d2bff81e9670823550aab042e125da0bb6b8e479fc17ff60a19b188d46"", ""steps"": 23}]",0a409b041a693a7354d33da5baf02bf6aae1e92ed0ea5455c0b9a262ba49622c,-319.93048859642,True,0.07659050988598502,303,100,0.08,converged,,bfgs_after_fire,"[{""ase_converged"": false, ""converged"": false, ""end_geometry_sha256"": ""cdf913c5f2fd27a0a85156cd0614f8d7af582de3e434d05d40590dc34437d852"", ""failure_class"": ""force_threshold"", ""max_force_eV_A"": 0.2768694332658281, ""name"": ""bfgs_standard"", ""start_geometry_sha256"": ""b0ff64f09d1849baae6e5454ccda3baaa5cc5cbd381dd1db4cea1c8b12796f5a"", ""steps"": 100}, {""ase_converged"": false, ""converged"": false, ""end_geometry_sha256"": ""aae55df36feff680f519f8f85eb7c2d132e477a496d4974aa570c021c8d0925f"", ""failure_class"": ""force_threshold"", ""max_force_eV_A"": 0.43451923688507393, ""name"": ""fire_precondition"", ""qualifying"": false, ""start_geometry_sha256"": ""b0ff64f09d1849baae6e5454ccda3baaa5cc5cbd381dd1db4cea1c8b12796f5a"", ""steps"": 50}, {""ase_converged"": true, ""converged"": true, ""end_geometry_sha256"": ""56fa8b76cacac180178470af9c7b61004e3f2375d8ed2390b56424a338f6b4ec"", ""failure_class"": null, ""max_force_eV_A"": 0.07659050988598502, ""name"": ""bfgs_after_fire"", ""start_geometry_sha256"": ""aae55df36feff680f519f8f85eb7c2d132e477a496d4974aa570c021c8d0925f"", ""steps"": 153}]",56fa8b76cacac180178470af9c7b61004e3f2375d8ed2390b56424a338f6b4ec,-1.032306847423315,True,0.07259882816098226,63.0,100.0,0.08,converged,,bfgs_standard,"[{""ase_converged"": true, ""converged"": true, ""end_geometry_sha256"": ""b6b6e35855750b9c2d70e4fe642ccf004bb835f725ddb598bfd8f0a23f9ea866"", ""failure_class"": null, ""max_force_eV_A"": 0.07259882816098226, ""name"": ""bfgs_standard"", ""start_geometry_sha256"": ""7cd86d99eff1b98baa05281b8b21892def59d02fd7beb6d208d4e47ef6050d01"", ""steps"": 63}]",b6b6e35855750b9c2d70e4fe642ccf004bb835f725ddb598bfd8f0a23f9ea866,0.7177342541515579,True,0.06559499102662893,267.0,100.0,0.08,converged,,bfgs_after_fire,"[{""ase_converged"": false, ""converged"": false, ""end_geometry_sha256"": ""b78e513d182e9f4d308eb1a02e1b38696e64e08e218997abb50bc81fd05752fe"", ""failure_class"": ""force_threshold"", ""max_force_eV_A"": 0.1224028498566002, ""name"": ""bfgs_standard"", ""start_geometry_sha256"": ""c91b0d09b7a016787ed94371eae73c2bf46befebe13534ac69575ff617718907"", ""steps"": 100}, {""ase_converged"": false, ""converged"": false, ""end_geometry_sha256"": ""69b01858c221811bfd36c9a2c77ee74cadc9187531747f6be3909e6fb9739a29"", ""failure_class"": ""force_threshold"", ""max_force_eV_A"": 1.0967875867952221, ""name"": ""fire_precondition"", ""qualifying"": false, ""start_geometry_sha256"": ""c91b0d09b7a016787ed94371eae73c2bf46befebe13534ac69575ff617718907"", ""steps"": 50}, {""ase_converged"": true, ""converged"": true, ""end_geometry_sha256"": ""e483ac2c6dbb708a8722b27dc31a8391b5f100ea75732b6ecbf00276575dfa61"", ""failure_class"": null, ""max_force_eV_A"": 0.06559499102662893, ""name"": ""bfgs_after_fire"", ""start_geometry_sha256"": ""69b01858c221811bfd36c9a2c77ee74cadc9187531747f6be3909e6fb9739a29"", ""steps"": 117}]",e483ac2c6dbb708a8722b27dc31a8391b5f100ea75732b6ecbf00276575dfa61,2.0215086445212114,2.261306847423315,step_4_H2O,10.0,0.0,True,1.750041101574873,0.6527014328916925,False,quantitative_screening,2,2,0adef745c07d1ea8cf2a,False,
"('MAXPhase', 'Zr', 'Al', 'N', 1, 'Fe', 'basal_0001')",MAXPhase,True,esen-sm-conserving-all-oc25:relax-v3:orr-che-v2,True,0.015512368231431197,26,150,0.08,converged,,bfgs_standard,"[{""ase_converged"": true, ""converged"": true, ""end_geometry_sha256"": ""3a272d40f5f0fa6fac91eeb0948125aa30ffc8a05ad778b9ee51f4170504966f"", ""failure_class"": null, ""max_force_eV_A"": 0.015512368231431197, ""name"": ""bfgs_standard"", ""start_geometry_sha256"": ""fa8219a30be4205397f7740c494fa86008c202dcbb16e89986b28997a5a859ac"", ""steps"": 26}]",3a272d40f5f0fa6fac91eeb0948125aa30ffc8a05ad778b9ee51f4170504966f,-140.058195764633,True,0.030420145515360517,5,100,0.08,converged,,bfgs_standard,"[{""ase_converged"": true, ""converged"": true, ""end_geometry_sha256"": ""092340ba1e4aeb1c8ca2d71dcce52c0beef077582ca97b5ce66c5e3ab3223c86"", ""failure_class"": null, ""max_force_eV_A"": 0.030420145515360517, ""name"": ""bfgs_standard"", ""start_geometry_sha256"": ""97db6a529546ea0741142080930906ea4723eb0d73e15211ca4aaa9c99ea3e4b"", ""steps"": 5}]",092340ba1e4aeb1c8ca2d71dcce52c0beef077582ca97b5ce66c5e3ab3223c86,-0.9138643120229244,True,0.060433000689284644,3.0,100.0,0.08,converged,,bfgs_standard,"[{""ase_converged"": true, ""converged"": true, ""end_geometry_sha256"": ""400a83a05f7a540106abf3e88723ea6f919f4f400047b0a4e97f360da3890088"", ""failure_class"": null, ""max_force_eV_A"": 0.060433000689284644, ""name"": ""bfgs_standard"", ""start_geometry_sha256"": ""86f0f79f72d4dd6e5e3e2c26e62ff4f84f39594eab0faed2fc3a14a743366584"", ""steps"": 3}]",400a83a05f7a540106abf3e88723ea6f919f4f400047b0a4e97f360da3890088,-0.6241370074450934,True,0.04011928139093371,188.0,100.0,0.08,converged,,bfgs_after_fire,"[{""ase_converged"": false, ""converged"": false, ""end_geometry_sha256"": ""153201c88f573c4ba65cfecbbc2decc1d24d7f14b51d2fcacdb3d0ddae1e31e6"", ""failure_class"": ""force_threshold"", ""max_force_eV_A"": 0.581697627724761, ""name"": ""bfgs_standard"", ""start_geometry_sha256"": ""ba02b11df64d89a53bff537a17eba56897c90dde3b66107151f06b77f842577b"", ""steps"": 100}, {""ase_converged"": false, ""converged"": false, ""end_geometry_sha256"": ""36c9db62034518fc8ac35988db1f78e7c12758aeda5d5c4d84c1bcd0553316aa"", ""failure_class"": ""force_threshold"", ""max_force_eV_A"": 1.8820593147930476, ""name"": ""fire_precondition"", ""qualifying"": false, ""start_geometry_sha256"": ""ba02b11df64d89a53bff537a17eba56897c90dde3b66107151f06b77f842577b"", ""steps"": 50}, {""ase_converged"": true, ""converged"": true, ""end_geometry_sha256"": ""68c1ae0f6f63128b386680d968fd76f70b43586d441a6697d3f0ac9a24483128"", ""failure_class"": null, ""max_force_eV_A"": 0.04011928139093371, ""name"": ""bfgs_after_fire"", ""start_geometry_sha256"": ""36c9db62034518fc8ac35988db1f78e7c12758aeda5d5c4d84c1bcd0553316aa"", ""steps"": 38}]",68c1ae0f6f63128b386680d968fd76f70b43586d441a6697d3f0ac9a24483128,-5.145201255381103,3.0,step_2_O,7.0,0.0,True,1.5380013194680178,0.707500000035,False,quantitative_screening,0,0,0debb911d94b07d5bdf7,False,
"('MAXPhase', 'Nb', 'Pb', 'C', 1, 'Fe', 'basal_0001')",MAXPhase,True,esen-sm-conserving-all-oc25:relax-v3:orr-che-v2,True,0.06595842628119558,45,150,0.08,converged,,bfgs_standard,"[{""ase_converged"": true, ""converged"": true, ""end_geometry_sha256"": ""6651f905e196623e2a56f45382b5b557120dfcc9755856cf9fd0378b1b4f910b"", ""failure_class"": null, ""max_force_eV_A"": 0.06595842628119558, ""name"": ""bfgs_standard"", ""start_geometry_sha256"": ""27abea12a4e285ad22b3e8b7cafd069373f8191bf4e995a42e2f8fa819f847a4"", ""steps"": 45}]",6651f905e196623e2a56f45382b5b557120dfcc9755856cf9fd0378b1b4f910b,-145.77920035267687,True,0.05174846872926515,3,100,0.08,converged,,bfgs_standard,"[{""ase_converged"": true, ""converged"": true, ""end_geometry_sha256"": ""e8748fc44c6b80ec82b2747463fd8d4e6f4bf7dd129ae4402078c285b644a3dc"", ""failure_class"": null, ""max_force_eV_A"": 0.05174846872926515, ""name"": ""bfgs_standard"", ""start_geometry_sha256"": ""b06232e4b2372116c8496cc68ebf25b6eebac14aa95732e65ae8c91926d91b2c"", ""steps"": 3}]",e8748fc44c6b80ec82b2747463fd8d4e6f4bf7dd129ae4402078c285b644a3dc,-0.8885423515737056,True,0.01681800809445874,21.0,100.0,0.08,converged,,bfgs_standard,"[{""ase_converged"": true, ""converged"": true, ""end_geometry_sha256"": ""e89117726e5d5f2d341f848e6198d2a2b97502a4a22aea7a8bebc7273d884a78"", ""failure_class"": null, ""max_force_eV_A"": 0.01681800809445874, ""name"": ""bfgs_standard"", ""start_geometry_sha256"": ""2eb0def55b8c1217d56b8b859cb41e13cb1898a101911c42174b19d1da1845f2"", ""steps"": 21}]",e89117726e5d5f2d341f848e6198d2a2b97502a4a22aea7a8bebc7273d884a78,-1.277226530760523,True,0.052923298804020684,68.0,100.0,0.08,converged,,bfgs_standard,"[{""ase_converged"": true, ""converged"": true, ""end_geometry_sha256"": ""f71a5d314487e2f4601aee185e73fd15873473844890ce81ba3b5b5a2c6b896c"", ""failure_class"": null, ""max_force_eV_A"": 0.052923298804020684, ""name"": ""bfgs_standard"", ""start_geometry_sha256"": ""ebe24878d86b1e55543170a023a590e00e616caa6af507c7b2de59a62cbd625f"", ""steps"": 68}]",f71a5d314487e2f4601aee185e73fd15873473844890ce81ba3b5b5a2c6b896c,-4.142187644541259,3.0,step_2_O,7.0,0.0,True,2.1657688823342287,0.6527014328916925,False,quantitative_screening,0,0,85d8bf2caa7ed3c7a3b0,False,
"('MAXPhase', 'W', 'S', 'C', 1, 'Fe', 'basal_0001')",MAXPhase,True,esen-sm-conserving-all-oc25:relax-v3:orr-che-v2,True,0.07314582047381239,23,150,0.08,converged,,bfgs_standard,"[{""ase_converged"": true, ""converged"": true, ""end_geometry_sha256"": ""615503283c50353afbdd424a2eb9483a76517cbc5a0c8b5cef3671ca355edae4"", ""failure_class"": null, ""max_force_eV_A"": 0.07314582047381239, ""name"": ""bfgs_standard"", ""start_geometry_sha256"": ""473658a1f03f98118cd238abcc30633db3191f1b02326d06b2cb147ac8fce25f"", ""steps"": 23}]",615503283c50353afbdd424a2eb9483a76517cbc5a0c8b5cef3671ca355edae4,-176.26370182607207,True,0.06101775741964869,79,100,0.08,converged,,bfgs_standard,"[{""ase_converged"": true, ""converged"": true, ""end_geometry_sha256"": ""733e9b20598c9800f2e9b93e6aa625edde025a4196e2deb9e7d16f8dfc1e497d"", ""failure_class"": null, ""max_force_eV_A"": 0.06101775741964869, ""name"": ""bfgs_standard"", ""start_geometry_sha256"": ""724d230ff74e82a3d286e0c95059b07d6e7ef51c3b661b77b4f8ef835889e502"", ""steps"": 79}]",733e9b20598c9800f2e9b93e6aa625edde025a4196e2deb9e7d16f8dfc1e497d,-1.4478990410268306,True,0.07624188959703761,35.0,100.0,0.08,converged,,bfgs_standard,"[{""ase_converged"": true, ""converged"": true, ""end_geometry_sha256"": ""87af7868f37aead68daf66dafa642428612ab4a3c243faf81bc5f60d64831e86"", ""failure_class"": null, ""max_force_eV_A"": 0.07624188959703761, ""name"": ""bfgs_standard"", ""start_geometry_sha256"": ""1983b7e8f7177a46543ba31defa168e163a45b72425cb2044f0d8064c843d1c7"", ""steps"": 35}]",87af7868f37aead68daf66dafa642428612ab4a3c243faf81bc5f60d64831e86,-2.6947756640613045,True,0.07434535038039591,201.0,100.0,0.08,converged,,bfgs_after_fire,"[{""ase_converged"": false, ""converged"": false, ""end_geometry_sha256"": ""8dd2853b22a13a0723aba5e32acfa899fc559e5ee7ca28fcc7d9bdedfb6efe4e"", ""failure_class"": ""force_threshold"", ""max_force_eV_A"": 0.657319599916905, ""name"": ""bfgs_standard"", ""start_geometry_sha256"": ""f3e35a05e05651c11cd4162fcacc37a7102b263be245d142abf4e300661b8273"", ""steps"": 100}, {""ase_converged"": true, ""converged"": true, ""end_geometry_sha256"": ""0c9c601713d808850d68efe88fcd65a35e7ac97bce96357fec87d01b93810694"", ""failure_class"": null, ""max_force_eV_A"": 0.23907732472134438, ""name"": ""fire_precondition"", ""qualifying"": false, ""start_geometry_sha256"": ""f3e35a05e05651c11cd4162fcacc37a7102b263be245d142abf4e300661b8273"", ""steps"": 26}, {""ase_converged"": true, ""converged"": true, ""end_geometry_sha256"": ""3a4e2962ad166e2315659bd3b09f1bb248a1c9f9f1070e914fd929b925a41a33"", ""failure_class"": null, ""max_force_eV_A"": 0.07434535038039591, ""name"": ""bfgs_after_fire"", ""start_geometry_sha256"": ""0c9c601713d808850d68efe88fcd65a35e7ac97bce96357fec87d01b93810694"", ""steps"": 75}]",3a4e2962ad166e2315659bd3b09f1bb248a1c9f9f1070e914fd929b925a41a33,-3.8110185161232915,2.6768990410268305,step_4_H2O,7.0,0.0,True,4.142674705088135,0.5199556092414295,False,quantitative_screening,0,0,afe4b97e1b834342dcf3,False,
"('MAXPhase', 'Mn', 'Al', 'N', 1, 'Fe', 'basal_0001')",MAXPhase,True,esen-sm-conserving-all-oc25:relax-v3:orr-che-v2,True,0.06673692643164406,20,150,0.08,converged,,bfgs_standard,"[{""ase_converged"": true, ""converged"": true, ""end_geometry_sha256"": ""73128505b59b4055ae4b3ec70feb8511c8f3b609db0526ca6d37dac90a3c7c6e"", ""failure_class"": null, ""max_force_eV_A"": 0.06673692643164406, ""name"": ""bfgs_standard"", ""start_geometry_sha256"": ""107979defc180040156995f52d5c1ff5802872b7e7054e2dc2a2961df9422ea6"", ""steps"": 20}]",73128505b59b4055ae4b3ec70feb8511c8f3b609db0526ca6d37dac90a3c7c6e,-187.70836350887487,True,0.07774078046042436,46,100,0.08,converged,,bfgs_standard,"[{""ase_converged"": true, ""converged"": true, ""end_geometry_sha256"": ""b3b58bde26408249bcdf303ed6a2e929681392de3d78e952e91543ce347069a3"", ""failure_class"": null, ""max_force_eV_A"": 0.07774078046042436, ""name"": ""bfgs_standard"", ""start_geometry_sha256"": ""e9445c1e91e40d8e461573056da33b0b7978269527f78cfe5a9c82cb84802e6d"", ""steps"": 46}]",b3b58bde26408249bcdf303ed6a2e929681392de3d78e952e91543ce347069a3,1.400127234607935,True,0.06194165852443471,49.0,100.0,0.08,converged,,bfgs_standard,"[{""ase_converged"": true, ""converged"": true, ""end_geometry_sha256"": ""a5409ff7fb9d1136a68e18dcf5ccfa420f5c1de924c45c29ad3fed0268225053"", ""failure_class"": null, ""max_force_eV_A"": 0.06194165852443471, ""name"": ""bfgs_standard"", ""start_geometry_sha256"": ""1013d2622653004eb48eab4e942bec072868ccfef3f448877c82b047b385cbc5"", ""steps"": 49}]",a5409ff7fb9d1136a68e18dcf5ccfa420f5c1de924c45c29ad3fed0268225053,-3.0241404406726327,True,0.05328455694983127,51.0,100.0,0.08,converged,,bfgs_standard,"[{""ase_converged"": true, ""converged"": true, ""end_geometry_sha256"": ""419552d255620a32dedfcde1e5d89bc727b6851b6fdb5c569d21420387787971"", ""failure_class"": null, ""max_force_eV_A"": 0.05328455694983127, ""name"": ""bfgs_standard"", ""start_geometry_sha256"": ""7dd6e0b0bee90b84e663213ad184bae4db5bcb54f836705052b403d286f042e5"", ""steps"": 51}]",419552d255620a32dedfcde1e5d89bc727b6851b6fdb5c569d21420387787971,5.365308235585694,3.0,step_3_OH,6.0,0.0,True,4.424267675280568,0.707500000035,False,quantitative_screening,1,1,66e2ad89dfa4e9979449,False,
"('HEA', ('Ti', 'Cr', 'Fe', 'Ni', 'Ag', 'Ta'), 'fcc', '111', 800)",HEA,True,esen-sm-conserving-all-oc25:relax-v3:orr-che-v2,True,0.07980189224178649,66,150,0.08,converged,,bfgs_standard,"[{""ase_converged"": true, ""converged"": true, ""end_geometry_sha256"": ""5596e82e25814f2d3e8be54d7f917dbcc77e2bd8565777f298779ea9f937e734"", ""failure_class"": null, ""max_force_eV_A"": 0.07980189224178649, ""name"": ""bfgs_standard"", ""start_geometry_sha256"": ""473ac688a9075e96618a4cc7e50dd66d53b14c643602bd224955ddff1ecd40d0"", ""steps"": 66}]",5596e82e25814f2d3e8be54d7f917dbcc77e2bd8565777f298779ea9f937e734,-148.36196308013575,True,0.07883887062979096,95,100,0.08,converged,,bfgs_standard,"[{""ase_converged"": true, ""converged"": true, ""end_geometry_sha256"": ""0b75270a261331fa46870e08aebd64491c3c423e9b16e58afaa1b55c823073ae"", ""failure_class"": null, ""max_force_eV_A"": 0.07883887062979096, ""name"": ""bfgs_standard"", ""start_geometry_sha256"": ""9eea69a10279d1e15a386935f87771a0a84e3c48d6009cfca31ff07fa32db7d9"", ""steps"": 95}]",0b75270a261331fa46870e08aebd64491c3c423e9b16e58afaa1b55c823073ae,-1.315887627452612,True,0.07241642714694181,43.0,100.0,0.08,converged,,bfgs_standard,"[{""ase_converged"": true, ""converged"": true, ""end_geometry_sha256"": ""4564b8121e0034a22b1d2ac7a309d1c35892ea0d166b1cd4d216a90cea66ff25"", ""failure_class"": null, ""max_force_eV_A"": 0.07241642714694181, ""name"": ""bfgs_standard"", ""start_geometry_sha256"": ""e368e2f131eff90c1a9fb48e8652d0245513077c90fef754c748e204c835901d"", ""steps"": 43}]",4564b8121e0034a22b1d2ac7a309d1c35892ea0d166b1cd4d216a90cea66ff25,0.03229037597772973,True,0.0665447338817942,87.0,100.0,0.08,converged,,bfgs_standard,"[{""ase_converged"": true, ""converged"": true, ""end_geometry_sha256"": ""700da8282e4abc7e5d97622dc3d9ff48e03224e9db938f4b571b2b8dbbb3e809"", ""failure_class"": null, ""max_force_eV_A"": 0.0665447338817942, ""name"": ""bfgs_standard"", ""start_geometry_sha256"": ""988dbdabb32ece76ffb447a0bac72cd6ebb95c9c72fac728a7ed7b7785b1d2b5"", ""steps"": 87}]",700da8282e4abc7e5d97622dc3d9ff48e03224e9db938f4b571b2b8dbbb3e809,-3.87480025440457,3.0,step_2_O,6.0,0.0,True,1.3481780034303417,0.902500000035,False,quantitative_screening,1,1,35dd14746b8dfe7f5424,False,
"('HEA', ('V', 'Cr', 'Ni', 'Nb', 'Rh', 'Ag'), 'fcc', '111', 800)",HEA,True,esen-sm-conserving-all-oc25:relax-v3:orr-che-v2,True,0.07915907787988116,100,150,0.08,converged,,bfgs_standard,"[{""ase_converged"": true, ""converged"": true, ""end_geometry_sha256"": ""8aa5be24bc9dd71b2f8941e475d48f2823d39ef1b15a0c1b9e033bf69f8e1bde"", ""failure_class"": null, ""max_force_eV_A"": 0.07915907787988116, ""name"": ""bfgs_standard"", ""start_geometry_sha256"": ""117419110adbc5ad8a5cc02c99b2d38eee310efc8059df63f3a3fb5cc9271e31"", ""steps"": 100}]",8aa5be24bc9dd71b2f8941e475d48f2823d39ef1b15a0c1b9e033bf69f8e1bde,-204.5583250580686,True,0.0792191272563354,96,100,0.08,converged,,bfgs_standard,"[{""ase_converged"": true, ""converged"": true, ""end_geometry_sha256"": ""42de36316021a2580662cd71defbd1cd022596ee9068aba963cb6a9e46689fba"", ""failure_class"": null, ""max_force_eV_A"": 0.0792191272563354, ""name"": ""bfgs_standard"", ""start_geometry_sha256"": ""503de2210b7e56d6b303767032a124d444fe29628e9ea9479c8437da86fc48b4"", ""steps"": 96}]",42de36316021a2580662cd71defbd1cd022596ee9068aba963cb6a9e46689fba,-1.1895219658314613,True,0.03935034843420518,91.0,100.0,0.08,converged,,bfgs_standard,"[{""ase_converged"": true, ""converged"": true, ""end_geometry_sha256"": ""4d7e3d49d8783b901f8d941d5a59a2a792bdb1a627409a48a2a6dd1e47e9db3f"", ""failure_class"": null, ""max_force_eV_A"": 0.03935034843420518, ""name"": ""bfgs_standard"", ""start_geometry_sha256"": ""aba8d29ab494b01ed32c1a0ed27f685e67282a955bcfb99266be62e40db8cc9b"", ""steps"": 91}]",4d7e3d49d8783b901f8d941d5a59a2a792bdb1a627409a48a2a6dd1e47e9db3f,-0.9628649584948696,True,0.07045958578292763,270.0,100.0,0.08,converged,,bfgs_after_fire,"[{""ase_converged"": false, ""converged"": false, ""end_geometry_sha256"": ""c3d11e0c2dcf5fb181626d1d81186b81a4c1f97ac43969f45967489eff9fb4df"", ""failure_class"": ""force_threshold"", ""max_force_eV_A"": 0.2018153852492718, ""name"": ""bfgs_standard"", ""start_geometry_sha256"": ""75f42a4cf3c8381c90d5cbdc3cdf41b1081c532192a8f5c90b0038792031a0a7"", ""steps"": 100}, {""ase_converged"": false, ""converged"": false, ""end_geometry_sha256"": ""d25f407839692aca185e7e0c2399f34621711e0dff2a45cd36bdb9f9ca34d476"", ""failure_class"": ""force_threshold"", ""max_force_eV_A"": 2.096836469022136, ""name"": ""fire_precondition"", ""qualifying"": false, ""start_geometry_sha256"": ""75f42a4cf3c8381c90d5cbdc3cdf41b1081c532192a8f5c90b0038792031a0a7"", ""steps"": 50}, {""ase_converged"": true, ""converged"": true, ""end_geometry_sha256"": ""dce87a00dc138c0e402b68e48069a70b28d76f692a4ca9a3e785c8770e30fd5d"", ""failure_class"": null, ""max_force_eV_A"": 0.07045958578292763, ""name"": ""bfgs_after_fire"", ""start_geometry_sha256"": ""d25f407839692aca185e7e0c2399f34621711e0dff2a45cd36bdb9f9ca34d476"", ""steps"": 120}]",dce87a00dc138c0e402b68e48069a70b28d76f692a4ca9a3e785c8770e30fd5d,-2.8984284892677943,3.0,step_2_O,8.0,-0.9372826790242981,True,2.152386924326331,0.902500000035,False,quantitative_screening,2,2,f7737bd660c2f0f49840,False,
"('HEA', ('Mn', 'Ni', 'Ag', 'Hf', 'La', 'Sc'), 'fcc', '111', 800)",HEA,True,esen-sm-conserving-all-oc25:relax-v3:orr-che-v2,True,0.07429253279316503,109,150,0.08,converged,,bfgs_standard,"[{""ase_converged"": true, ""converged"": true, ""end_geometry_sha256"": ""dda6c68556f7d6f40a18d119b7b658ae401f7bbe9829dc0b0796ea42ed8adae9"", ""failure_class"": null, ""max_force_eV_A"": 0.07429253279316503, ""name"": ""bfgs_standard"", ""start_geometry_sha256"": ""d072983fc989275b126a295d74001d66b6af5dc84ea656654421b8e61993dcdf"", ""steps"": 109}]",dda6c68556f7d6f40a18d119b7b658ae401f7bbe9829dc0b0796ea42ed8adae9,-286.59815194395145,True,0.07390097473393918,40,100,0.08,converged,,bfgs_standard,"[{""ase_converged"": true, ""converged"": true, ""end_geometry_sha256"": ""8787d18c1811363c9538bb55e6e19c1256d5575cf8a69329d17a24a8088fa48c"", ""failure_class"": null, ""max_force_eV_A"": 0.07390097473393918, ""name"": ""bfgs_standard"", ""start_geometry_sha256"": ""627039e72acf009f6d884e1ded8a665244d7f475fdadf8864976a512257fbb89"", ""steps"": 40}]",8787d18c1811363c9538bb55e6e19c1256d5575cf8a69329d17a24a8088fa48c,-0.11818808063864711,True,0.06515408013327462,52.0,100.0,0.08,converged,,bfgs_standard,"[{""ase_converged"": true, ""converged"": true, ""end_geometry_sha256"": ""ff3f137a16926d3f87d89e2c388ae5585c4f247fca59f573fa1ab1f2ab191595"", ""failure_class"": null, ""max_force_eV_A"": 0.06515408013327462, ""name"": ""bfgs_standard"", ""start_geometry_sha256"": ""622a67e3f44559aff0137c84fa9eb72e18589620c01f85bc9d356e94c590e6bf"", ""steps"": 52}]",ff3f137a16926d3f87d89e2c388ae5585c4f247fca59f573fa1ab1f2ab191595,-1.877740942686821,True,0.06809476944845012,231.0,100.0,0.08,converged,,bfgs_after_fire,"[{""ase_converged"": false, ""converged"": false, ""end_geometry_sha256"": ""83f8f059ccd9a7812b8b7078f6d936bc161e14a122bbeda321e63e239d10bb53"", ""failure_class"": ""force_threshold"", ""max_force_eV_A"": 0.09842013448440898, ""name"": ""bfgs_standard"", ""start_geometry_sha256"": ""0b03613b43e31ec6a36e8573d2cca3c765e0993055740a392961fe25f08293af"", ""steps"": 100}, {""ase_converged"": false, ""converged"": false, ""end_geometry_sha256"": ""b65c5c7af83b9d09dc4882ed3da2c97d1c19d10126551fe98080b1559644e7fb"", ""failure_class"": ""force_threshold"", ""max_force_eV_A"": 1.4447104721612412, ""name"": ""fire_precondition"", ""qualifying"": false, ""start_geometry_sha256"": ""0b03613b43e31ec6a36e8573d2cca3c765e0993055740a392961fe25f08293af"", ""steps"": 50}, {""ase_converged"": true, ""converged"": true, ""end_geometry_sha256"": ""ed292f7c8fa91f4e666b20be24b4a5518f6a2969be178069769707dfe46a0375"", ""failure_class"": null, ""max_force_eV_A"": 0.06809476944845012, ""name"": ""bfgs_after_fire"", ""start_geometry_sha256"": ""b65c5c7af83b9d09dc4882ed3da2c97d1c19d10126551fe98080b1559644e7fb"", ""steps"": 81}]",ed292f7c8fa91f4e666b20be24b4a5518f6a2969be178069769707dfe46a0375,-3.5068517223000777,2.988552862048174,step_3_OH,9.0,0.0,True,1.995929023325468,0.8739350657946708,False,quantitative_screening,0,0,81dd6c71b054122abb85,False,
"('HEA', ('Co', 'Ni', 'Zr', 'Ru', 'Ta', 'Al'), 'fcc', '111', 800)",HEA,True,esen-sm-conserving-all-oc25:relax-v3:orr-che-v2,True,0.07891911381561306,86,150,0.08,converged,,bfgs_standard,"[{""ase_converged"": true, ""converged"": true, ""end_geometry_sha256"": ""913a757f1c0072fb7d09fa55d43697dc63744d4ffcc9b41f19e5dd5f31b2349b"", ""failure_class"": null, ""max_force_eV_A"": 0.07891911381561306, ""name"": ""bfgs_standard"", ""start_geometry_sha256"": ""3dba12ba46158e53f2ddb6d8b51a75cf11e7af3aac50a2fdf2c31e72606d56e5"", ""steps"": 86}]",913a757f1c0072fb7d09fa55d43697dc63744d4ffcc9b41f19e5dd5f31b2349b,43.8463571911806,True,0.06847519156596311,66,100,0.08,converged,,bfgs_standard,"[{""ase_converged"": true, ""converged"": true, ""end_geometry_sha256"": ""b3ff997fe517f9d26f28d5c40a5b436f86dd02991426d83fea7e58409489163c"", ""failure_class"": null, ""max_force_eV_A"": 0.06847519156596311, ""name"": ""bfgs_standard"", ""start_geometry_sha256"": ""02efd0200e57dcb2dc5a23c4e94a9068b624b86991e8eed8ae1e4f2de662e0c4"", ""steps"": 66}]",b3ff997fe517f9d26f28d5c40a5b436f86dd02991426d83fea7e58409489163c,1.641753974109888,True,0.07172684982896481,29.0,100.0,0.08,converged,,bfgs_standard,"[{""ase_converged"": true, ""converged"": true, ""end_geometry_sha256"": ""856157958a3158eb5db01efec088e2e5a63c6bb7d4b240daba7a44688f6bb41d"", ""failure_class"": null, ""max_force_eV_A"": 0.07172684982896481, ""name"": ""bfgs_standard"", ""start_geometry_sha256"": ""368b064176f027193450aa4e762dac70f7227fff9281b1127c3799a0afaaa946"", ""steps"": 29}]",856157958a3158eb5db01efec088e2e5a63c6bb7d4b240daba7a44688f6bb41d,1.7751340039074457,True,0.07926074689013803,249.0,100.0,0.08,converged,,bfgs_after_fire,"[{""ase_converged"": false, ""converged"": false, ""end_geometry_sha256"": ""9ed71f03357c0477a2c3866ef1ace220b94135467fbd2f5ab8c35c2316538db1"", ""failure_class"": ""force_threshold"", ""max_force_eV_A"": 72.32576956667845, ""name"": ""bfgs_standard"", ""start_geometry_sha256"": ""c97c6d989b474f98f2ac3981062e35376be90054c6ca027e39ad7db8d4c2367c"", ""steps"": 100}, {""ase_converged"": false, ""converged"": false, ""end_geometry_sha256"": ""c01c55dbbe3b075ccc1726eb349191af562d0f99a98d0cdc14c251a8a4b918d7"", ""failure_class"": ""force_threshold"", ""max_force_eV_A"": 94.12918929368237, ""name"": ""fire_precondition"", ""qualifying"": false, ""start_geometry_sha256"": ""c97c6d989b474f98f2ac3981062e35376be90054c6ca027e39ad7db8d4c2367c"", ""steps"": 50}, {""ase_converged"": true, ""converged"": true, ""end_geometry_sha256"": ""7cf90986d17218d0a0d4a2d4f63a71f7d267cef1d821cbfb0a71a3054c5b7d0b"", ""failure_class"": null, ""max_force_eV_A"": 0.07926074689013803, ""name"": ""bfgs_after_fire"", ""start_geometry_sha256"": ""c01c55dbbe3b075ccc1726eb349191af562d0f99a98d0cdc14c251a8a4b918d7"", ""steps"": 99}]",7cf90986d17218d0a0d4a2d4f63a71f7d267cef1d821cbfb0a71a3054c5b7d0b,5.246385048329834,1.5553850483298346,step_1_OOH,9.0,0.0,True,3.416887978017334,0.902500000035,False,quantitative_screening,1,1,160f06f4806ddbbae583,False,
"('Spinel', 'Mn', 'V', 'Zr', 'nanoparticle', 'N-graphene')",Spinel,True,esen-sm-conserving-all-oc25:relax-v3:orr-che-v2,True,0.07595157248963495,396,150,0.08,converged,,bfgs_after_fire,"[{""ase_converged"": false, ""converged"": false, ""end_geometry_sha256"": ""5ecc171fff227575a609ce96c6776bd5e367f8cf69f7aadb7caee7e9cab45078"", ""failure_class"": ""force_threshold"", ""max_force_eV_A"": 0.10658035096836274, ""name"": ""bfgs_standard"", ""start_geometry_sha256"": ""78ccdbe3f1675d76fe2867d5262e5f7234d9efa3bc9806ebcb4bccc2e8d298a0"", ""steps"": 150}, {""ase_converged"": false, ""converged"": false, ""end_geometry_sha256"": ""e53b03b1df2b096e30ab211729b3324ad222e45b1b07d63296572148265f1d09"", ""failure_class"": ""force_threshold"", ""max_force_eV_A"": 0.8072563534104977, ""name"": ""fire_precondition"", ""qualifying"": false, ""start_geometry_sha256"": ""78ccdbe3f1675d76fe2867d5262e5f7234d9efa3bc9806ebcb4bccc2e8d298a0"", ""steps"": 75}, {""ase_converged"": true, ""converged"": true, ""end_geometry_sha256"": ""b786250e8accd4d84b6a7c9acd178842d080c6ec6cdcc951c8adda083b03f385"", ""failure_class"": null, ""max_force_eV_A"": 0.07595157248963495, ""name"": ""bfgs_after_fire"", ""start_geometry_sha256"": ""e53b03b1df2b096e30ab211729b3324ad222e45b1b07d63296572148265f1d09"", ""steps"": 171}]",b786250e8accd4d84b6a7c9acd178842d080c6ec6cdcc951c8adda083b03f385,-445.84288680846754,True,0.07361721718958743,28,100,0.08,converged,,bfgs_standard,"[{""ase_converged"": true, ""converged"": true, ""end_geometry_sha256"": ""7ec44327e0ab23003be74c2979925de27b08d4efbfa11710c19f11e2559bd653"", ""failure_class"": null, ""max_force_eV_A"": 0.07361721718958743, ""name"": ""bfgs_standard"", ""start_geometry_sha256"": ""4a137152ae8f66be7356e99c87f8d6443d53cd2af6ac83d66fa9bbb5f37f5ee5"", ""steps"": 28}]",7ec44327e0ab23003be74c2979925de27b08d4efbfa11710c19f11e2559bd653,-0.09683412060141566,True,0.07710118124869554,69.0,100.0,0.08,converged,,bfgs_standard,"[{""ase_converged"": true, ""converged"": true, ""end_geometry_sha256"": ""364015302ed31424f133652f61721c77aa1919fbe217b4d9976011ba6dc6fbfe"", ""failure_class"": null, ""max_force_eV_A"": 0.07710118124869554, ""name"": ""bfgs_standard"", ""start_geometry_sha256"": ""97943c30987389020ea4567da702e58acd6cdfb9f62da0195bb9c4f3d0f9ab46"", ""steps"": 69}]",364015302ed31424f133652f61721c77aa1919fbe217b4d9976011ba6dc6fbfe,-1.6021071307361374,True,0.07063080210548438,59.0,100.0,0.08,converged,,bfgs_standard,"[{""ase_converged"": true, ""converged"": true, ""end_geometry_sha256"": ""a2eec388b76b8725e38b3b7f3a4d2dc60089c53c7196b833631d029ab2208eb6"", ""failure_class"": null, ""max_force_eV_A"": 0.07063080210548438, ""name"": ""bfgs_standard"", ""start_geometry_sha256"": ""cc0882970054ff874d33a324bf82c6667ec8867c5fa7876ce783c6231893c762"", ""steps"": 59}]",a2eec388b76b8725e38b3b7f3a4d2dc60089c53c7196b833631d029ab2208eb6,-0.9652302756905804,2.734273010134722,step_3_OH,8.0,0.0,True,1.698941251337553,0.740000000035,False,quantitative_screening,0,0,d1beb9c5b8eb32d43544,False,
"('Spinel', 'Ni', 'V', 'Zr', 'nanoparticle', 'N-graphene')",Spinel,True,esen-sm-conserving-all-oc25:relax-v3:orr-che-v2,True,0.06883141586537202,124,150,0.08,converged,,bfgs_standard,"[{""ase_converged"": true, ""converged"": true, ""end_geometry_sha256"": ""d18e01ed6751e4e92cc400bd653ad5cf98b250d81c51a5b724ec1c953f466f99"", ""failure_class"": null, ""max_force_eV_A"": 0.06883141586537202, ""name"": ""bfgs_standard"", ""start_geometry_sha256"": ""3fa781ef22dfedb922f65b6fe42c8a89ce03ca1d1de5d19464452256e6c6fc2e"", ""steps"": 124}]",d18e01ed6751e4e92cc400bd653ad5cf98b250d81c51a5b724ec1c953f466f99,-413.5487156273278,True,0.06446637596759157,55,100,0.08,converged,,bfgs_standard,"[{""ase_converged"": true, ""converged"": true, ""end_geometry_sha256"": ""92f2f9cc62821bc46cceb80b09b672e77fcff1399adab2f3d566132319b89605"", ""failure_class"": null, ""max_force_eV_A"": 0.06446637596759157, ""name"": ""bfgs_standard"", ""start_geometry_sha256"": ""a19ad3f6dd1fad37d31e8269f729c8c51d76ae580fd58a16abb7669cfcdc4e36"", ""steps"": 55}]",92f2f9cc62821bc46cceb80b09b672e77fcff1399adab2f3d566132319b89605,-0.7631732796132564,True,0.07008275228251779,63.0,100.0,0.08,converged,,bfgs_standard,"[{""ase_converged"": true, ""converged"": true, ""end_geometry_sha256"": ""6d5cb6855ac87906abf9bf5df750d878948ba7d6a3f4e636f72405143930d48d"", ""failure_class"": null, ""max_force_eV_A"": 0.07008275228251779, ""name"": ""bfgs_standard"", ""start_geometry_sha256"": ""1df899f0c9ea76b9a64c1de64614ae41b5c31f2b87de4f2974f377b66970ea59"", ""steps"": 63}]",6d5cb6855ac87906abf9bf5df750d878948ba7d6a3f4e636f72405143930d48d,-0.39697846099736794,True,0.07908887819773602,82.0,100.0,0.08,converged,,bfgs_standard,"[{""ase_converged"": true, ""converged"": true, ""end_geometry_sha256"": ""624e4fabbb80e16f7fdd74e8036774aaa18fa807a9d74c24bd9f35b2df52930e"", ""failure_class"": null, ""max_force_eV_A"": 0.07908887819773602, ""name"": ""bfgs_standard"", ""start_geometry_sha256"": ""e9800839a14094a4af5f7d6ce56b0c98e009df39ebdbe2990d0fe7cc2eb1083b"", ""steps"": 82}]",624e4fabbb80e16f7fdd74e8036774aaa18fa807a9d74c24bd9f35b2df52930e,-1.2149453654885543,2.0469669044911862,step_2_O,9.0,0.0,True,1.1601517406106243,0.740000000035,False,quantitative_screening,2,2,9abe819802109860daca,False,
"('Spinel', 'Cu', 'V', 'Zr', 'nanoparticle', 'N-graphene')",Spinel,True,esen-sm-conserving-all-oc25:relax-v3:orr-che-v2,True,0.0771272130722223,93,150,0.08,converged,,bfgs_standard,"[{""ase_converged"": true, ""converged"": true, ""end_geometry_sha256"": ""ec9707e806d6825baffc4af82635797df80b54e6b5ab01824e6b3a38e2a7ffff"", ""failure_class"": null, ""max_force_eV_A"": 0.0771272130722223, ""name"": ""bfgs_standard"", ""start_geometry_sha256"": ""c4a4e052e7026eb830046d401b97931a6a998fc8f1d646fd7b25bbfc9e807896"", ""steps"": 93}]",ec9707e806d6825baffc4af82635797df80b54e6b5ab01824e6b3a38e2a7ffff,-400.5446850507607,True,0.06409487349886515,55,100,0.08,converged,,bfgs_standard,"[{""ase_converged"": true, ""converged"": true, ""end_geometry_sha256"": ""8cdf370c41deb8254e22cd3a1a66e463a5273a26e174d5beea43e28a3e2e41ea"", ""failure_class"": null, ""max_force_eV_A"": 0.06409487349886515, ""name"": ""bfgs_standard"", ""start_geometry_sha256"": ""1a81443e4f802aad9208b4a3355d8f931286f244e7a5dc9788b3071307251ffd"", ""steps"": 55}]",8cdf370c41deb8254e22cd3a1a66e463a5273a26e174d5beea43e28a3e2e41ea,-0.5726453636587234,True,0.0750495627092079,53.0,100.0,0.08,converged,,bfgs_standard,"[{""ase_converged"": true, ""converged"": true, ""end_geometry_sha256"": ""00af93511ac5260eab1d2c6a51243f0e247a9ca9f1dcdc1c66f40442e193bedf"", ""failure_class"": null, ""max_force_eV_A"": 0.0750495627092079, ""name"": ""bfgs_standard"", ""start_geometry_sha256"": ""08cd0caf21d048f32e5ae147aa7ab423bdeb25a7b9873001c5bde5045b461a15"", ""steps"": 53}]",00af93511ac5260eab1d2c6a51243f0e247a9ca9f1dcdc1c66f40442e193bedf,-1.0621357791126023,True,0.07475068895575697,309.0,100.0,0.08,converged,,bfgs_after_fire,"[{""ase_converged"": false, ""converged"": false, ""end_geometry_sha256"": ""28d036a0d6d0fd56197914d67d8f25f65cddeea6e1e0fd92b612001e0ce04823"", ""failure_class"": ""force_threshold"", ""max_force_eV_A"": 0.2982294937934449, ""name"": ""bfgs_standard"", ""start_geometry_sha256"": ""c2be62c6541750443937d4c95be67c917bb4f73c6860d61e71ab9bbf58a0d5da"", ""steps"": 100}, {""ase_converged"": false, ""converged"": false, ""end_geometry_sha256"": ""c759d95abcc38765633437da59491644de65d7742ac5db7f3cf6f2a5b0f641ad"", ""failure_class"": ""force_threshold"", ""max_force_eV_A"": 1.682019392969536, ""name"": ""fire_precondition"", ""qualifying"": false, ""start_geometry_sha256"": ""c2be62c6541750443937d4c95be67c917bb4f73c6860d61e71ab9bbf58a0d5da"", ""steps"": 50}, {""ase_converged"": true, ""converged"": true, ""end_geometry_sha256"": ""32ce01a61459ea65f34c49b618dc76427d86cb5f945ef2a69053fd03b352f023"", ""failure_class"": null, ""max_force_eV_A"": 0.07475068895575697, ""name"": ""bfgs_after_fire"", ""start_geometry_sha256"": ""c759d95abcc38765633437da59491644de65d7742ac5db7f3cf6f2a5b0f641ad"", ""steps"": 159}]",32ce01a61459ea65f34c49b618dc76427d86cb5f945ef2a69053fd03b352f023,-4.740704108774686,3.0,step_2_O,7.0,0.0,True,1.6347811427713257,0.740000000035,False,quantitative_screening,1,1,8b6d4ae705a50d9af05d,False,
"('Spinel', 'Zn', 'V', 'Zr', 'nanoparticle', 'N-graphene')",Spinel,True,esen-sm-conserving-all-oc25:relax-v3:orr-che-v2,True,0.07527651264667111,419,150,0.08,converged,,bfgs_after_fire,"[{""ase_converged"": false, ""converged"": false, ""end_geometry_sha256"": ""a586950b03c8b98965e02ce01e208f56feeb955fd58589b1c4033a40ff86848c"", ""failure_class"": ""force_threshold"", ""max_force_eV_A"": 0.41310642798391767, ""name"": ""bfgs_standard"", ""start_geometry_sha256"": ""2d0efc7c7832de8b18505b684181f00bf03cccba81d54a0709e5201e6548e13a"", ""steps"": 150}, {""ase_converged"": false, ""converged"": false, ""end_geometry_sha256"": ""53e5e0c0e65dd5067c6aa223ea6b55d7bf8b4d0bbff5507d0f2dc258c959e2bd"", ""failure_class"": ""force_threshold"", ""max_force_eV_A"": 1.008074152888904, ""name"": ""fire_precondition"", ""qualifying"": false, ""start_geometry_sha256"": ""2d0efc7c7832de8b18505b684181f00bf03cccba81d54a0709e5201e6548e13a"", ""steps"": 75}, {""ase_converged"": true, ""converged"": true, ""end_geometry_sha256"": ""7661d3f5a07edc58713eb2e06278460eafb90012f8e55fd49cd22362037e92ca"", ""failure_class"": null, ""max_force_eV_A"": 0.07527651264667111, ""name"": ""bfgs_after_fire"", ""start_geometry_sha256"": ""53e5e0c0e65dd5067c6aa223ea6b55d7bf8b4d0bbff5507d0f2dc258c959e2bd"", ""steps"": 194}]",7661d3f5a07edc58713eb2e06278460eafb90012f8e55fd49cd22362037e92ca,-387.06639410813375,True,0.07249808181641314,62,100,0.08,converged,,bfgs_standard,"[{""ase_converged"": true, ""converged"": true, ""end_geometry_sha256"": ""b1a7c0fd629de616ab65ca55c13119bad99132bf302e408e8a8a2aa3806bf287"", ""failure_class"": null, ""max_force_eV_A"": 0.07249808181641314, ""name"": ""bfgs_standard"", ""start_geometry_sha256"": ""a71af11e2f35a514ad5b7b07d2060377975a7c2b770335f808a867888da0d285"", ""steps"": 62}]",b1a7c0fd629de616ab65ca55c13119bad99132bf302e408e8a8a2aa3806bf287,-1.0268513534962562,True,0.06699398397729339,44.0,100.0,0.08,converged,,bfgs_standard,"[{""ase_converged"": true, ""converged"": true, ""end_geometry_sha256"": ""4a1d6ecac18894034447577065e796ac8c35e93b7065de47e66e3dfe36ecc24d"", ""failure_class"": null, ""max_force_eV_A"": 0.06699398397729339, ""name"": ""bfgs_standard"", ""start_geometry_sha256"": ""c9add72d20e754527a7d6585db5e0c9ec159aa9f1cbe808b817af38b5697210c"", ""steps"": 44}]",4a1d6ecac18894034447577065e796ac8c35e93b7065de47e66e3dfe36ecc24d,-1.514229380339352,True,0.07682770296301256,77.0,100.0,0.08,converged,,bfgs_standard,"[{""ase_converged"": true, ""converged"": true, ""end_geometry_sha256"": ""7dd42bb8aad5aa9c34ba61a66be571ea3cf1d086118eccc27b67f01f44d701d7"", ""failure_class"": null, ""max_force_eV_A"": 0.07682770296301256, ""name"": ""bfgs_standard"", ""start_geometry_sha256"": ""ae3790ab192c9f4ba449b324461fd7b3df87ba5a4339777e21775cd009fa7a3a"", ""steps"": 77}]",7dd42bb8aad5aa9c34ba61a66be571ea3cf1d086118eccc27b67f01f44d701d7,-2.065298606455351,2.255851353496256,step_4_H2O,9.0,0.0,True,2.5410807338356083,0.740000000035,False,quantitative_screening,2,2,2bf7b8d5a64c3011539c,False,
"('MXene', 'Cr', 'C', 2, 'mixed_OH_O', 'Mn')",MXene,True,esen-sm-conserving-all-oc25:relax-v3:orr-che-v2,True,0.07142614278163124,132,150,0.08,converged,,bfgs_standard,"[{""ase_converged"": true, ""converged"": true, ""end_geometry_sha256"": ""1078635c80e78156fc25d112d17e0c6b895012d3914391f2f24c90d7b9925b38"", ""failure_class"": null, ""max_force_eV_A"": 0.07142614278163124, ""name"": ""bfgs_standard"", ""start_geometry_sha256"": ""287cd51d82801f0ac2dd57c48cd3bf966b58956bf586ebe680bfd23e38da195c"", ""steps"": 132}]",1078635c80e78156fc25d112d17e0c6b895012d3914391f2f24c90d7b9925b38,-253.92963431266656,True,0.06434103331212583,60,100,0.08,converged,,bfgs_standard,"[{""ase_converged"": true, ""converged"": true, ""end_geometry_sha256"": ""4ae5b97eee8c15ca3b0c48b1ee0e2dec38afc7cc8fca905b214e9b6c8f65de62"", ""failure_class"": null, ""max_force_eV_A"": 0.06434103331212583, ""name"": ""bfgs_standard"", ""start_geometry_sha256"": ""a83a43012911709eee4cf8f3d47537d7988d0748c6d27122987a01bfef0c7838"", ""steps"": 60}]",4ae5b97eee8c15ca3b0c48b1ee0e2dec38afc7cc8fca905b214e9b6c8f65de62,-2.1032850120961095,True,0.07440563146337255,170.0,100.0,0.08,converged,,bfgs_after_fire,"[{""ase_converged"": false, ""converged"": false, ""end_geometry_sha256"": ""eb35f7a081eb1bc207f4b71f5baf31a5057fe912440a0e71bcf30c784e49dae7"", ""failure_class"": ""force_threshold"", ""max_force_eV_A"": 0.17207970928477448, ""name"": ""bfgs_standard"", ""start_geometry_sha256"": ""febe836485437b07ea349633d41b8b3ecc8294d4c9fd0cb54fdddd0f39f8d9f2"", ""steps"": 100}, {""ase_converged"": false, ""converged"": false, ""end_geometry_sha256"": ""ccae8a3f973b2f51bcf84e9e8324765298d46bfc37f24411defc5c2487eec712"", ""failure_class"": ""force_threshold"", ""max_force_eV_A"": 0.33630462241124986, ""name"": ""fire_precondition"", ""qualifying"": false, ""start_geometry_sha256"": ""febe836485437b07ea349633d41b8b3ecc8294d4c9fd0cb54fdddd0f39f8d9f2"", ""steps"": 50}, {""ase_converged"": true, ""converged"": true, ""end_geometry_sha256"": ""ea825888be038f1c0d2ce3abe4e1ca8a7f1694e28296e3afe04ac41996cbb322"", ""failure_class"": null, ""max_force_eV_A"": 0.07440563146337255, ""name"": ""bfgs_after_fire"", ""start_geometry_sha256"": ""ccae8a3f973b2f51bcf84e9e8324765298d46bfc37f24411defc5c2487eec712"", ""steps"": 20}]",ea825888be038f1c0d2ce3abe4e1ca8a7f1694e28296e3afe04ac41996cbb322,-0.6459380023181118,True,0.06969736121851347,249.0,100.0,0.08,converged,,bfgs_after_fire,"[{""ase_converged"": false, ""converged"": false, ""end_geometry_sha256"": ""3e8b4c806bba2509ba91d9c83ce1d37987ae584bcd236f5f449670b0a68ec8de"", ""failure_class"": ""force_threshold"", ""max_force_eV_A"": 0.14577892610014562, ""name"": ""bfgs_standard"", ""start_geometry_sha256"": ""1487d4a906604ea10a2e537ba5eeca2d0b60d22c106be638724955833404c6b0"", ""steps"": 100}, {""ase_converged"": false, ""converged"": false, ""end_geometry_sha256"": ""12c0d0c17a0842005e0ddd90c1665b9860b6d98689286af9ea440e4e36c499b9"", ""failure_class"": ""force_threshold"", ""max_force_eV_A"": 2.4462019231753196, ""name"": ""fire_precondition"", ""qualifying"": false, ""start_geometry_sha256"": ""1487d4a906604ea10a2e537ba5eeca2d0b60d22c106be638724955833404c6b0"", ""steps"": 50}, {""ase_converged"": true, ""converged"": true, ""end_geometry_sha256"": ""27f20ff2fb8a6370f1a5d665ada3521e96002d638db482fc011965f48ede1602"", ""failure_class"": null, ""max_force_eV_A"": 0.06969736121851347, ""name"": ""bfgs_after_fire"", ""start_geometry_sha256"": ""12c0d0c17a0842005e0ddd90c1665b9860b6d98689286af9ea440e4e36c499b9"", ""steps"": 99}]",27f20ff2fb8a6370f1a5d665ada3521e96002d638db482fc011965f48ede1602,-3.960043479502226,3.0,step_2_O,8.0,0.0,True,2.7492230144142216,0.675000000035,False,quantitative_screening,0,0,64a0e9a67dfa3c028a4b,False,
"('MXene', 'Mo', 'N', 1, 'bare', 'Mn')",MXene,True,esen-sm-conserving-all-oc25:relax-v3:orr-che-v2,True,0.03845005366090905,19,150,0.08,converged,,bfgs_standard,"[{""ase_converged"": true, ""converged"": true, ""end_geometry_sha256"": ""5471755b0401a69ce13c445f1815e71f3692195f6a40b4aca98d1f62d4f694d6"", ""failure_class"": null, ""max_force_eV_A"": 0.03845005366090905, ""name"": ""bfgs_standard"", ""start_geometry_sha256"": ""5dffffc6399b8cda2658456b535947d864eac5a47f8754c2351ee1d3d436ab4f"", ""steps"": 19}]",5471755b0401a69ce13c445f1815e71f3692195f6a40b4aca98d1f62d4f694d6,-158.02112339429792,True,0.030395611969459117,6,100,0.08,converged,,bfgs_standard,"[{""ase_converged"": true, ""converged"": true, ""end_geometry_sha256"": ""dd715a6ba7cbe15346e74dbd7005b26374025184f7ac79980520d906c678083d"", ""failure_class"": null, ""max_force_eV_A"": 0.030395611969459117, ""name"": ""bfgs_standard"", ""start_geometry_sha256"": ""5a903a2478c7cc81a138be1f922531dbf8c58cf4007d38dca858bea04407cf21"", ""steps"": 6}]",dd715a6ba7cbe15346e74dbd7005b26374025184f7ac79980520d906c678083d,-0.16731661304831508,True,0.062126438169535794,4.0,100.0,0.08,converged,,bfgs_standard,"[{""ase_converged"": true, ""converged"": true, ""end_geometry_sha256"": ""fef22657ac3c847c0d3c44dc55cfa50b5bd3beadaa611ef1584356fe3fe704c2"", ""failure_class"": null, ""max_force_eV_A"": 0.062126438169535794, ""name"": ""bfgs_standard"", ""start_geometry_sha256"": ""d3202ad4364bfff2aed4b28a1b722d1b94028d694b5b25072c59b101b8bb49e7"", ""steps"": 4}]",fef22657ac3c847c0d3c44dc55cfa50b5bd3beadaa611ef1584356fe3fe704c2,-0.7342310778796637,True,0.06575015526148177,96.0,100.0,0.08,converged,,bfgs_standard,"[{""ase_converged"": true, ""converged"": true, ""end_geometry_sha256"": ""b62659c80eb1acb08551eae974b41b254c4c3520ce762bbaa4cd5be199a280f9"", ""failure_class"": null, ""max_force_eV_A"": 0.06575015526148177, ""name"": ""bfgs_standard"", ""start_geometry_sha256"": ""e7e524bde433192fe2c2f2860a0ab656d9718421acfdab64e0ed707cd57f6153"", ""steps"": 96}]",b62659c80eb1acb08551eae974b41b254c4c3520ce762bbaa4cd5be199a280f9,-2.8778100505471196,3.0,step_2_O,9.0,0.0,True,0.9015476909279787,0.675000000035,False,quantitative_screening,1,1,4017084bdf681421bcd4,False,
"('MXene', 'Ta', 'CN', 3, 'Cl', 'Mn')",MXene,True,esen-sm-conserving-all-oc25:relax-v3:orr-che-v2,True,0.07995099445778692,132,150,0.08,converged,,bfgs_standard,"[{""ase_converged"": true, ""converged"": true, ""end_geometry_sha256"": ""4bc5654dc0cf71e17e12c4424eb5b30f6173b6d9a9a5e925609582cffe82a5c7"", ""failure_class"": null, ""max_force_eV_A"": 0.07995099445778692, ""name"": ""bfgs_standard"", ""start_geometry_sha256"": ""d964228f1b9bffb9947664097e2def8b7f31484599ec4b5e0db5f09cad1946ef"", ""steps"": 132}]",4bc5654dc0cf71e17e12c4424eb5b30f6173b6d9a9a5e925609582cffe82a5c7,-438.9678542753082,True,0.07726799951242191,63,100,0.08,converged,,bfgs_standard,"[{""ase_converged"": true, ""converged"": true, ""end_geometry_sha256"": ""2fe468d84cf820e6d6b2dad4b8e6694e16b7f097405822dbb24c6af6def81160"", ""failure_class"": null, ""max_force_eV_A"": 0.07726799951242191, ""name"": ""bfgs_standard"", ""start_geometry_sha256"": ""8244440565054847c5d5992b11855a9be6fba6460751757ece8141ae6514165f"", ""steps"": 63}]",2fe468d84cf820e6d6b2dad4b8e6694e16b7f097405822dbb24c6af6def81160,-0.5737726067007156,True,0.06769290094083233,50.0,100.0,0.08,converged,,bfgs_standard,"[{""ase_converged"": true, ""converged"": true, ""end_geometry_sha256"": ""bf142f5c6aaa7bde8d291ad14b33567af04c70c830a27454a779e1faa8c9f470"", ""failure_class"": null, ""max_force_eV_A"": 0.06769290094083233, ""name"": ""bfgs_standard"", ""start_geometry_sha256"": ""a53320e4473edc93c09cdfca8a00e4f01c67e7185e16c5c1a325413c595ba6a5"", ""steps"": 50}]",bf142f5c6aaa7bde8d291ad14b33567af04c70c830a27454a779e1faa8c9f470,-2.4109087817370574,True,0.07269290015833677,100.0,100.0,0.08,converged,,bfgs_standard,"[{""ase_converged"": true, ""converged"": true, ""end_geometry_sha256"": ""47ae5e899bc65d751a3a61460992ddd56502891ba76667bc04563a2a4fc5a673"", ""failure_class"": null, ""max_force_eV_A"": 0.07269290015833677, ""name"": ""bfgs_standard"", ""start_geometry_sha256"": ""5a7414822721c7bde3b8fc2b9270936ed9588cdcabde32e825348fa069b3ad8b"", ""steps"": 100}]",47ae5e899bc65d751a3a61460992ddd56502891ba76667bc04563a2a4fc5a673,-6.748072196543184,3.0,step_2_O,9.0,0.0,True,2.9846813884377728,0.675000000035,False,quantitative_screening,1,1,e3309a9b64860b53941f,False,
"('MXene', 'Hf', 'C', 2, 'mixed_OH_O', 'Mn')",MXene,True,esen-sm-conserving-all-oc25:relax-v3:orr-che-v2,True,0.06513031745000783,65,150,0.08,converged,,bfgs_standard,"[{""ase_converged"": true, ""converged"": true, ""end_geometry_sha256"": ""853a63779e853cd7f8bbe383709d0c6c2e9336fd697516d54401c060623801a8"", ""failure_class"": null, ""max_force_eV_A"": 0.06513031745000783, ""name"": ""bfgs_standard"", ""start_geometry_sha256"": ""35fe7f094c69d8b218db7cd3646c473ab7bb5d6bed59ce4b473b3c886f6ee55d"", ""steps"": 65}]",853a63779e853cd7f8bbe383709d0c6c2e9336fd697516d54401c060623801a8,-290.12014190562974,True,0.05852307190870793,85,100,0.08,converged,,bfgs_standard,"[{""ase_converged"": true, ""converged"": true, ""end_geometry_sha256"": ""c3aaa9fb4e8dd7e79467d9932228706b5515cfe6dee546af0c168a104be2dd36"", ""failure_class"": null, ""max_force_eV_A"": 0.05852307190870793, ""name"": ""bfgs_standard"", ""start_geometry_sha256"": ""25aad43f89414572e7de8cd3f72703f11834ff1971d4fdf2ecc33651e924d1f7"", ""steps"": 85}]",c3aaa9fb4e8dd7e79467d9932228706b5515cfe6dee546af0c168a104be2dd36,-2.0362893913686273,True,0.06849171171410921,45.0,100.0,0.08,converged,,bfgs_standard,"[{""ase_converged"": true, ""converged"": true, ""end_geometry_sha256"": ""259df43e2884fc77db982dd69eee7d399aa2ad6a7a690e6aec4588c86224f007"", ""failure_class"": null, ""max_force_eV_A"": 0.06849171171410921, ""name"": ""bfgs_standard"", ""start_geometry_sha256"": ""31587d7b7f67ee439a566d88f8f667107cd682365624a525167ddd3291437fc6"", ""steps"": 45}]",259df43e2884fc77db982dd69eee7d399aa2ad6a7a690e6aec4588c86224f007,-3.2484579913318408,True,0.0752016245130652,211.0,100.0,0.08,converged,,bfgs_after_fire,"[{""ase_converged"": false, ""converged"": false, ""end_geometry_sha256"": ""a9e39c70fcd87a362a5d1381e3da5daf68a7707a62bff7a6d2102f87809d0cbd"", ""failure_class"": ""force_threshold"", ""max_force_eV_A"": 0.10929389677310286, ""name"": ""bfgs_standard"", ""start_geometry_sha256"": ""9e0d1338a0510632c45a2c79f0d3c0d936c7d81a4540cde537756cfad179afc2"", ""steps"": 100}, {""ase_converged"": true, ""converged"": true, ""end_geometry_sha256"": ""3f63c947e27067f56fc09810e778704733a247d76687f77debd48fe394f65aa6"", ""failure_class"": null, ""max_force_eV_A"": 0.2323777454834862, ""name"": ""fire_precondition"", ""qualifying"": false, ""start_geometry_sha256"": ""9e0d1338a0510632c45a2c79f0d3c0d936c7d81a4540cde537756cfad179afc2"", ""steps"": 39}, {""ase_converged"": true, ""converged"": true, ""end_geometry_sha256"": ""df6fdf6a87d66a1bd2b0fe8915962376a1205119c434718ab927712d3a41d1db"", ""failure_class"": null, ""max_force_eV_A"": 0.0752016245130652, ""name"": ""bfgs_after_fire"", ""start_geometry_sha256"": ""3f63c947e27067f56fc09810e778704733a247d76687f77debd48fe394f65aa6"", ""steps"": 72}]",df6fdf6a87d66a1bd2b0fe8915962376a1205119c434718ab927712d3a41d1db,-4.653271247446561,3.0,step_4_H2O,9.0,0.0,True,5.284747382700468,0.675000000035,False,quantitative_screening,2,2,d9085815d7d5314f761e,False,
"('SAA', 'Pd', 'Au', '100', 500)",SAA,True,esen-sm-conserving-all-oc25:relax-v3:orr-che-v2,True,0.04552641952016498,11,150,0.08,converged,,bfgs_standard,"[{""ase_converged"": true, ""converged"": true, ""end_geometry_sha256"": ""6826b547e810904742a5b31cbd2d148a6f31e003e20d55295e6d45a1450f52ef"", ""failure_class"": null, ""max_force_eV_A"": 0.04552641952016498, ""name"": ""bfgs_standard"", ""start_geometry_sha256"": ""45e8777ebec34d219608d1e3fc17b63103639b58510c89a826726e555fdff13f"", ""steps"": 11}]",6826b547e810904742a5b31cbd2d148a6f31e003e20d55295e6d45a1450f52ef,-118.19417660311349,True,0.07946392556007283,24,100,0.08,converged,,bfgs_standard,"[{""ase_converged"": true, ""converged"": true, ""end_geometry_sha256"": ""7a8775962427d35f0cbcaa069562f0c19564a91e6a649e9cb91adf523e38f514"", ""failure_class"": null, ""max_force_eV_A"": 0.07946392556007283, ""name"": ""bfgs_standard"", ""start_geometry_sha256"": ""d7e63cdbe04d3e0754962cf0b9d37434569a3a6cdcbbe0251d42f48adb88ba79"", ""steps"": 24}]",7a8775962427d35f0cbcaa069562f0c19564a91e6a649e9cb91adf523e38f514,1.1551778937876083,True,0.06550779104052758,52.0,100.0,0.08,converged,,bfgs_standard,"[{""ase_converged"": true, ""converged"": true, ""end_geometry_sha256"": ""20464f2a9b55f31bd45e5e2b57ee2b7c429ce7c82f2ed84f9b86c06e76e989b0"", ""failure_class"": null, ""max_force_eV_A"": 0.06550779104052758, ""name"": ""bfgs_standard"", ""start_geometry_sha256"": ""e807ce7430b9e86f0c5d713e37fdbf75e6706ccf008ed64ac440191789d0404e"", ""steps"": 52}]",20464f2a9b55f31bd45e5e2b57ee2b7c429ce7c82f2ed84f9b86c06e76e989b0,2.0055636532604586,True,0.06839768604294533,74.0,100.0,0.08,converged,,bfgs_standard,"[{""ase_converged"": true, ""converged"": true, ""end_geometry_sha256"": ""ba302c6a12db61b8db0cbfb68f7df3e67fabb089a39ae50b6c0e7a3402ac0be8"", ""failure_class"": null, ""max_force_eV_A"": 0.06839768604294533, ""name"": ""bfgs_standard"", ""start_geometry_sha256"": ""eb0a63f7728be4cc04cff699985d39d3fc56e27316c61f84915a5cb4e0282e02"", ""steps"": 74}]",ba302c6a12db61b8db0cbfb68f7df3e67fabb089a39ae50b6c0e7a3402ac0be8,3.0495333179831396,0.37861424052714976,step_3_OH,10.0,-2.0,True,3.160741547048067,0.902500000035,False,quantitative_screening,1,1,eebc83e03a74e2034d57,False,
"('SAA', 'Rh', 'Ag', '111', 500)",SAA,True,esen-sm-conserving-all-oc25:relax-v3:orr-che-v2,True,0.05978556845146863,13,150,0.08,converged,,bfgs_standard,"[{""ase_converged"": true, ""converged"": true, ""end_geometry_sha256"": ""d81685065b6b53a1e26b6ad225d080bd68d304b7fd802ef24ed291ba8106761c"", ""failure_class"": null, ""max_force_eV_A"": 0.05978556845146863, ""name"": ""bfgs_standard"", ""start_geometry_sha256"": ""e7c453a936c87ab8f23d425e4b9687951251a54c11f79ed25100320ca19d3ba2"", ""steps"": 13}]",d81685065b6b53a1e26b6ad225d080bd68d304b7fd802ef24ed291ba8106761c,-98.21349462181718,True,0.06253411898145433,41,100,0.08,converged,,bfgs_standard,"[{""ase_converged"": true, ""converged"": true, ""end_geometry_sha256"": ""504e6e0f1d07965f8f2e5990bf135646e396f14b8c41947296e38b834f5356d7"", ""failure_class"": null, ""max_force_eV_A"": 0.06253411898145433, ""name"": ""bfgs_standard"", ""start_geometry_sha256"": ""54134fecf048027dd319c8f409a1becf351a1b7fd4c705d0665350d894319cfa"", ""steps"": 41}]",504e6e0f1d07965f8f2e5990bf135646e396f14b8c41947296e38b834f5356d7,0.5920284415781498,True,0.07271504548683948,32.0,100.0,0.08,converged,,bfgs_standard,"[{""ase_converged"": true, ""converged"": true, ""end_geometry_sha256"": ""313a1625e99283ea62272ce96631cd49a3ba0e9c95a30e5600586ae37798eb4c"", ""failure_class"": null, ""max_force_eV_A"": 0.07271504548683948, ""name"": ""bfgs_standard"", ""start_geometry_sha256"": ""9256adad2c58df945df5d72178362c88964c1449115e50931e04705cc5477bac"", ""steps"": 32}]",313a1625e99283ea62272ce96631cd49a3ba0e9c95a30e5600586ae37798eb4c,1.2181500561535394,True,0.054845074295409274,60.0,100.0,0.08,converged,,bfgs_standard,"[{""ase_converged"": true, ""converged"": true, ""end_geometry_sha256"": ""df5095ae2bbe5b3f1f0237fa2a0f4f339a29ccf1646d2cb365de007bba15d0f7"", ""failure_class"": null, ""max_force_eV_A"": 0.054845074295409274, ""name"": ""bfgs_standard"", ""start_geometry_sha256"": ""f022b61034fe09f5af5d3b1f4f86a8cfb1d47793290f702021342dbd8b8cae62"", ""steps"": 60}]",df5095ae2bbe5b3f1f0237fa2a0f4f339a29ccf1646d2cb365de007bba15d0f7,2.2355255588889156,0.6369715584218503,step_4_H2O,10.0,-2.0,True,1.8101784977316893,0.902500000035,False,quantitative_screening,0,0,b3f8a833253babc3c451,False,
"('SAA', 'Ru', 'Ni', '110', 500)",SAA,True,esen-sm-conserving-all-oc25:relax-v3:orr-che-v2,True,0.07875499496839194,58,150,0.08,converged,,bfgs_standard,"[{""ase_converged"": true, ""converged"": true, ""end_geometry_sha256"": ""aa77845cfa5155ed7914f389410c27f437bbc91057fc0496de36be14c730c6a0"", ""failure_class"": null, ""max_force_eV_A"": 0.07875499496839194, ""name"": ""bfgs_standard"", ""start_geometry_sha256"": ""4cd1d22424d12e871cf00473c9156a0fbcd4258de55bef332ae6dcad1099b6ce"", ""steps"": 58}]",aa77845cfa5155ed7914f389410c27f437bbc91057fc0496de36be14c730c6a0,-155.8094416294099,True,0.07296267487079458,347,100,0.08,converged,,bfgs_after_fire,"[{""ase_converged"": false, ""converged"": false, ""end_geometry_sha256"": ""847276b56ee64911789da25aed3b70c4ec986c1fbd8f96f472e1d144aede3219"", ""failure_class"": ""force_threshold"", ""max_force_eV_A"": 0.28650036551264696, ""name"": ""bfgs_standard"", ""start_geometry_sha256"": ""6304291a7784ff74558adea3e3f4a86273b897c1ad0b2303efc02f7d5168c623"", ""steps"": 100}, {""ase_converged"": false, ""converged"": false, ""end_geometry_sha256"": ""359ac342ef2be55c11d44baab51503900c34f8ecbce5e09be630cb223e79735b"", ""failure_class"": ""force_threshold"", ""max_force_eV_A"": 0.5302304226914271, ""name"": ""fire_precondition"", ""qualifying"": false, ""start_geometry_sha256"": ""6304291a7784ff74558adea3e3f4a86273b897c1ad0b2303efc02f7d5168c623"", ""steps"": 50}, {""ase_converged"": true, ""converged"": true, ""end_geometry_sha256"": ""57f915357a713b8a1a5f7eceac75946b9d55f1b9d21eef609613a5c4c04f3e63"", ""failure_class"": null, ""max_force_eV_A"": 0.07296267487079458, ""name"": ""bfgs_after_fire"", ""start_geometry_sha256"": ""359ac342ef2be55c11d44baab51503900c34f8ecbce5e09be630cb223e79735b"", ""steps"": 197}]",57f915357a713b8a1a5f7eceac75946b9d55f1b9d21eef609613a5c4c04f3e63,0.32596189036962525,True,0.06545831894708289,251.0,100.0,0.08,converged,,bfgs_after_fire,"[{""ase_converged"": false, ""converged"": false, ""end_geometry_sha256"": ""13551e73fec04bc1fb63ffa4f72fb5f272eb18538e52ca8d738b99c641f4859e"", ""failure_class"": ""force_threshold"", ""max_force_eV_A"": 1.226542599377309, ""name"": ""bfgs_standard"", ""start_geometry_sha256"": ""3e2cf7c33ad7eda607c87f4fb6909b68fa5118c6dab855f0c5fd636a9f1296e0"", ""steps"": 100}, {""ase_converged"": false, ""converged"": false, ""end_geometry_sha256"": ""6a128df65df899110568a8789a02fec6ee06ad589975b844c87eb6baff7f734d"", ""failure_class"": ""force_threshold"", ""max_force_eV_A"": 0.6835485089960367, ""name"": ""fire_precondition"", ""qualifying"": false, ""start_geometry_sha256"": ""3e2cf7c33ad7eda607c87f4fb6909b68fa5118c6dab855f0c5fd636a9f1296e0"", ""steps"": 50}, {""ase_converged"": true, ""converged"": true, ""end_geometry_sha256"": ""6e792d2bd7f1aa628fd31a354784f437d3d5f27dd1d3fa34b91e1895a728dd09"", ""failure_class"": null, ""max_force_eV_A"": 0.06545831894708289, ""name"": ""bfgs_after_fire"", ""start_geometry_sha256"": ""6a128df65df899110568a8789a02fec6ee06ad589975b844c87eb6baff7f734d"", ""steps"": 101}]",6e792d2bd7f1aa628fd31a354784f437d3d5f27dd1d3fa34b91e1895a728dd09,-5.45375164672732,True,0.07605876481868157,255.0,100.0,0.08,converged,,bfgs_after_fire,"[{""ase_converged"": false, ""converged"": false, ""end_geometry_sha256"": ""4d6d3f90027f71f3e21db5b01330eb69faa5d98b1546f43c9c63e265d881723a"", ""failure_class"": ""force_threshold"", ""max_force_eV_A"": 6.429871679905451, ""name"": ""bfgs_standard"", ""start_geometry_sha256"": ""d7862b1c82f8d258a0c75c5a3c4551c0091a2250464af89f0488708daad8fb01"", ""steps"": 100}, {""ase_converged"": false, ""converged"": false, ""end_geometry_sha256"": ""3850bd8aa7f6590c6910e46806c1f9b9cda772d516ac359164d3fc54e7836c53"", ""failure_class"": ""force_threshold"", ""max_force_eV_A"": 21.181005427814604, ""name"": ""fire_precondition"", ""qualifying"": false, ""start_geometry_sha256"": ""d7862b1c82f8d258a0c75c5a3c4551c0091a2250464af89f0488708daad8fb01"", ""steps"": 50}, {""ase_converged"": true, ""converged"": true, ""end_geometry_sha256"": ""890d09f56bfab6530fabe3f7b237f50252274966edb7db757e89f55148e1b5bb"", ""failure_class"": null, ""max_force_eV_A"": 0.07605876481868157, ""name"": ""bfgs_after_fire"", ""start_geometry_sha256"": ""3850bd8aa7f6590c6910e46806c1f9b9cda772d516ac359164d3fc54e7836c53"", ""steps"": 105}]",890d09f56bfab6530fabe3f7b237f50252274966edb7db757e89f55148e1b5bb,9.340562294423613,3.0,step_3_OH,10.0,-2.0,True,5.779713537096946,0.902500000035,False,quantitative_screening,1,1,f75fffa54d0026e37fe1,False,
"('SAA', 'Au', 'Cu', '100', 500)",SAA,True,esen-sm-conserving-all-oc25:relax-v3:orr-che-v2,True,0.02544375154662305,7,150,0.08,converged,,bfgs_standard,"[{""ase_converged"": true, ""converged"": true, ""end_geometry_sha256"": ""cb040a59499e205d40aaeece85c0eda0e4abbd0365fb7cc9d6f2db154ee769c5"", ""failure_class"": null, ""max_force_eV_A"": 0.02544375154662305, ""name"": ""bfgs_standard"", ""start_geometry_sha256"": ""5535a44ae86ce5ec28247cd9012f3c42f2f8a314367324d9187e6bf615b0ee4f"", ""steps"": 7}]",cb040a59499e205d40aaeece85c0eda0e4abbd0365fb7cc9d6f2db154ee769c5,-126.40216275475865,True,0.06459005038665444,18,100,0.08,converged,,bfgs_standard,"[{""ase_converged"": true, ""converged"": true, ""end_geometry_sha256"": ""fcd5a57a4224b9b158f14fd51bfe40b8b39fc6806bb97c14b56478ee708aa705"", ""failure_class"": null, ""max_force_eV_A"": 0.06459005038665444, ""name"": ""bfgs_standard"", ""start_geometry_sha256"": ""66c68009e972edf0307aaf06622863e9d2123d489246c642cf2b934eee7d9ba7"", ""steps"": 18}]",fcd5a57a4224b9b158f14fd51bfe40b8b39fc6806bb97c14b56478ee708aa705,0.21483975902199742,True,0.056961834823477484,15.0,100.0,0.08,converged,,bfgs_standard,"[{""ase_converged"": true, ""converged"": true, ""end_geometry_sha256"": ""23f38174e3f9b3ffc3268e2471ec1f9b53e2d5cc725f3d3fae9f2d1a3b744b72"", ""failure_class"": null, ""max_force_eV_A"": 0.056961834823477484, ""name"": ""bfgs_standard"", ""start_geometry_sha256"": ""4c49815cab7ab6808bb108cbac864c705f140f82a5e56661bf9635c11b554335"", ""steps"": 15}]",23f38174e3f9b3ffc3268e2471ec1f9b53e2d5cc725f3d3fae9f2d1a3b744b72,0.688578522950386,True,0.06850644819667015,68.0,100.0,0.08,converged,,bfgs_standard,"[{""ase_converged"": true, ""converged"": true, ""end_geometry_sha256"": ""45c835b570a712fea3bd0d492c4a8a4fa57c7bb5141d3ddd98a38b18e43c6a81"", ""failure_class"": null, ""max_force_eV_A"": 0.06850644819667015, ""name"": ""bfgs_standard"", ""start_geometry_sha256"": ""92bc0940cee4a64242da381302fe792da3b71e3cc2d0814efc678ce638fd3c43"", ""steps"": 68}]",45c835b570a712fea3bd0d492c4a8a4fa57c7bb5141d3ddd98a38b18e43c6a81,0.7695831760763874,1.1479953468739987,step_2_O,8.0,-2.0,True,0.9034182819723835,0.902500000035,False,quantitative_screening,0,0,99e2e3da7798bd6b245a,False,
"('MetalFreeCarbon', 'pyrrolic', 0.01, 'edge_armchair', 'porous_carbon', 'B')",MetalFreeCarbon,True,esen-sm-conserving-all-oc25:relax-v3:orr-che-v2,True,0.07270550066379029,83,150,0.08,converged,,bfgs_standard,"[{""ase_converged"": true, ""converged"": true, ""end_geometry_sha256"": ""b8712185a720f261897ed996ce096e0a0084b321d0d687b7cb923fdeca4f6d34"", ""failure_class"": null, ""max_force_eV_A"": 0.07270550066379029, ""name"": ""bfgs_standard"", ""start_geometry_sha256"": ""814f03e17b2e02de47de735c48947d5494bc13e22dd484a961e25a9ec4f4575f"", ""steps"": 83}]",b8712185a720f261897ed996ce096e0a0084b321d0d687b7cb923fdeca4f6d34,-141.8921276068553,True,0.07584331012139592,60,100,0.08,converged,,bfgs_standard,"[{""ase_converged"": true, ""converged"": true, ""end_geometry_sha256"": ""c47afdf509002970ee166101d808f07e16abad6a7f2264d3ed8b075e97af872a"", ""failure_class"": null, ""max_force_eV_A"": 0.07584331012139592, ""name"": ""bfgs_standard"", ""start_geometry_sha256"": ""71aff13d9539bcb4f341617e06b55a931de29e18e8cd129590870c10500a84ec"", ""steps"": 60}]",c47afdf509002970ee166101d808f07e16abad6a7f2264d3ed8b075e97af872a,2.4992261554300788,True,0.06609899903337853,32.0,100.0,0.08,converged,,bfgs_standard,"[{""ase_converged"": true, ""converged"": true, ""end_geometry_sha256"": ""7584b165082cc16a40b777a1a39a8faf6b41f13b6cc522d4f1750329cb541484"", ""failure_class"": null, ""max_force_eV_A"": 0.06609899903337853, ""name"": ""bfgs_standard"", ""start_geometry_sha256"": ""601cf4e91f544a96a476921c03d9aca8b68eac11ac5fcc2391297b84d2357497"", ""steps"": 32}]",7584b165082cc16a40b777a1a39a8faf6b41f13b6cc522d4f1750329cb541484,2.11412206962705,True,0.06733075744175303,50.0,100.0,0.08,converged,,bfgs_standard,"[{""ase_converged"": true, ""converged"": true, ""end_geometry_sha256"": ""844a39bdd1146dabd672425b262c8ca1bc5d52d251e7a26850953dd97dd6f23f"", ""failure_class"": null, ""max_force_eV_A"": 0.06733075744175303, ""name"": ""bfgs_standard"", ""start_geometry_sha256"": ""14e0f4c839764a00a58018abeba7bfff60c9f690967256abb4d7c85ba50be9bd"", ""steps"": 50}]",844a39bdd1146dabd672425b262c8ca1bc5d52d251e7a26850953dd97dd6f23f,5.0411450371146245,1.6141040858030289,step_3_OH,10.0,0.0,True,4.613348225057129,0.27249999999999996,True,quantitative_screening,0,0,0001cd71a08495c10505,False,
"('MetalFreeCarbon', 'pyrrolic', 0.1, 'edge_armchair', 'porous_carbon', 'B')",MetalFreeCarbon,True,esen-sm-conserving-all-oc25:relax-v3:orr-che-v2,True,0.07334964120167975,146,150,0.08,converged,,bfgs_standard,"[{""ase_converged"": true, ""converged"": true, ""end_geometry_sha256"": ""b99b9bf72e24b3fe0e42065a7b7819f39f9745581b23761ff184739b58d91bf6"", ""failure_class"": null, ""max_force_eV_A"": 0.07334964120167975, ""name"": ""bfgs_standard"", ""start_geometry_sha256"": ""a6f61b55cf486af3672d84b7a3642dc4c9549bfa7973abb9d3ef8f5ce762d335"", ""steps"": 146}]",b99b9bf72e24b3fe0e42065a7b7819f39f9745581b23761ff184739b58d91bf6,-141.0468362307414,True,0.0658013037761286,230,100,0.08,converged,,bfgs_after_fire,"[{""ase_converged"": false, ""converged"": false, ""end_geometry_sha256"": ""b00446bfb634b84f3efe962e34bd808f3e05be6725f0fd8630154679d74c81ec"", ""failure_class"": ""force_threshold"", ""max_force_eV_A"": 0.10384790993537968, ""name"": ""bfgs_standard"", ""start_geometry_sha256"": ""52518b9beaf5ccb121ed04d9021536c4ce74c648d2c53d51e0d2d62df5877d2c"", ""steps"": 100}, {""ase_converged"": true, ""converged"": true, ""end_geometry_sha256"": ""17358ae55a97b46d82370f84c0e1c09782717e96b9aa1189b4f440f0a999d385"", ""failure_class"": null, ""max_force_eV_A"": 0.23049221073516346, ""name"": ""fire_precondition"", ""qualifying"": false, ""start_geometry_sha256"": ""52518b9beaf5ccb121ed04d9021536c4ce74c648d2c53d51e0d2d62df5877d2c"", ""steps"": 45}, {""ase_converged"": true, ""converged"": true, ""end_geometry_sha256"": ""a914d4f4afa2538d29069fa4af02aa7dc8c14adf45e91938889cf56f2519b8c9"", ""failure_class"": null, ""max_force_eV_A"": 0.0658013037761286, ""name"": ""bfgs_after_fire"", ""start_geometry_sha256"": ""17358ae55a97b46d82370f84c0e1c09782717e96b9aa1189b4f440f0a999d385"", ""steps"": 85}]",a914d4f4afa2538d29069fa4af02aa7dc8c14adf45e91938889cf56f2519b8c9,0.0076773788034915635,True,0.07829642411029189,52.0,100.0,0.08,converged,,bfgs_standard,"[{""ase_converged"": true, ""converged"": true, ""end_geometry_sha256"": ""7ca14fb44ed3ab8921cb6ad27bf57f46690a152e9aa702b3e8a6ae9e9b03759e"", ""failure_class"": null, ""max_force_eV_A"": 0.07829642411029189, ""name"": ""bfgs_standard"", ""start_geometry_sha256"": ""d272cbb7771874ad98d7162c57cbdb1b952db539c352e23ae04264ff168112bb"", ""steps"": 52}]",7ca14fb44ed3ab8921cb6ad27bf57f46690a152e9aa702b3e8a6ae9e9b03759e,2.249998486787084,True,0.07383793601211286,95.0,100.0,0.08,converged,,bfgs_standard,"[{""ase_converged"": true, ""converged"": true, ""end_geometry_sha256"": ""566ec983e0890605949916e9385e1285795395f2f4f17c1b3566a6729b6bda03"", ""failure_class"": null, ""max_force_eV_A"": 0.07383793601211286, ""name"": ""bfgs_standard"", ""start_geometry_sha256"": ""bb590733b67bc4ef4ebbfb11afd787708146a9c5ce64133ef2c71cd70289d48f"", ""steps"": 95}]",566ec983e0890605949916e9385e1285795395f2f4f17c1b3566a6729b6bda03,4.222393463552002,1.2213226211965085,step_4_H2O,10.0,0.0,True,2.2576758655905755,0.27249999999999996,True,quantitative_screening,2,2,9eac61a73ab0630f748c,False,
"('MetalFreeCarbon', 'graphitic', 0.2, 'edge_armchair', 'porous_carbon', 'B')",MetalFreeCarbon,True,esen-sm-conserving-all-oc25:relax-v3:orr-che-v2,True,0.07579182200892298,98,150,0.08,converged,,bfgs_standard,"[{""ase_converged"": true, ""converged"": true, ""end_geometry_sha256"": ""add316ec01032dbed004f4aa9dbe45da7ed4286dd869da44b704dd219525a1aa"", ""failure_class"": null, ""max_force_eV_A"": 0.07579182200892298, ""name"": ""bfgs_standard"", ""start_geometry_sha256"": ""1e6be05e371a42ea9649bbb129717ac3a54811d05007f6164b2556a7c934a158"", ""steps"": 98}]",add316ec01032dbed004f4aa9dbe45da7ed4286dd869da44b704dd219525a1aa,-140.01235852001753,True,0.07091301856842676,91,100,0.08,converged,,bfgs_standard,"[{""ase_converged"": true, ""converged"": true, ""end_geometry_sha256"": ""60f7a24a87c19fa0a5b030a614a07f8709e441bb4b520e51300dd1185fb950fd"", ""failure_class"": null, ""max_force_eV_A"": 0.07091301856842676, ""name"": ""bfgs_standard"", ""start_geometry_sha256"": ""cff1296f4c1c88a5cf5765e9c508de7a924686ff1d440545b47accd22b4fa1c0"", ""steps"": 91}]",60f7a24a87c19fa0a5b030a614a07f8709e441bb4b520e51300dd1185fb950fd,-2.2468757008016107,True,0.07618559620253199,78.0,100.0,0.08,converged,,bfgs_standard,"[{""ase_converged"": true, ""converged"": true, ""end_geometry_sha256"": ""4b416e1b60f7f4fa75f2e737b200d983b9a9ae35c12f6f5e9e818000e10fc7b7"", ""failure_class"": null, ""max_force_eV_A"": 0.07618559620253199, ""name"": ""bfgs_standard"", ""start_geometry_sha256"": ""a24f502ae43e116ffa2866e362aa4cc4fdd94199b8dc9b80f4f55268797e3f28"", ""steps"": 78}]",4b416e1b60f7f4fa75f2e737b200d983b9a9ae35c12f6f5e9e818000e10fc7b7,-2.185759865492579,True,0.0746402074534713,254.0,100.0,0.08,converged,,bfgs_after_fire,"[{""ase_converged"": false, ""converged"": false, ""end_geometry_sha256"": ""f93f3b92072460cfe4e15f8a09a79073bd0e3e53f7727bbec05ec98a38855700"", ""failure_class"": ""force_threshold"", ""max_force_eV_A"": 0.10935195979804317, ""name"": ""bfgs_standard"", ""start_geometry_sha256"": ""8cc495516dd274be0277e32753039296960f1f32056ba1d394a5f44327afc2fe"", ""steps"": 100}, {""ase_converged"": true, ""converged"": true, ""end_geometry_sha256"": ""c73062fad4ddf63280a2927a86fc3f0dd7526cd1d171945f20a93a0f7c4fb07c"", ""failure_class"": null, ""max_force_eV_A"": 0.24664958077593552, ""name"": ""fire_precondition"", ""qualifying"": false, ""start_geometry_sha256"": ""8cc495516dd274be0277e32753039296960f1f32056ba1d394a5f44327afc2fe"", ""steps"": 45}, {""ase_converged"": true, ""converged"": true, ""end_geometry_sha256"": ""500c009d12ca2c61cc9242e48a162592d1c22487401f50db820617cae720f2d6"", ""failure_class"": null, ""max_force_eV_A"": 0.0746402074534713, ""name"": ""bfgs_after_fire"", ""start_geometry_sha256"": ""c73062fad4ddf63280a2927a86fc3f0dd7526cd1d171945f20a93a0f7c4fb07c"", ""steps"": 109}]",500c009d12ca2c61cc9242e48a162592d1c22487401f50db820617cae720f2d6,1.216422508656982,3.0,step_4_H2O,10.0,0.0,True,4.43263556629419,0.27249999999999996,True,quantitative_screening,0,0,abdd3077d2c1e7e8a840,False,
"('MetalFreeCarbon', 'oxidized', 0.08, 'edge_armchair', 'porous_carbon', 'B')",MetalFreeCarbon,True,esen-sm-conserving-all-oc25:relax-v3:orr-che-v2,True,0.07997983746888143,74,150,0.08,converged,,bfgs_standard,"[{""ase_converged"": true, ""converged"": true, ""end_geometry_sha256"": ""8b601db6c51ad27667671171da4ab5c0d1c0c1115a7f4d1f0df9909c5ef17e4c"", ""failure_class"": null, ""max_force_eV_A"": 0.07997983746888143, ""name"": ""bfgs_standard"", ""start_geometry_sha256"": ""dd092150a194603c4a899427f35ee86f4366151701b774218b5e1d27a9b3bf95"", ""steps"": 74}]",8b601db6c51ad27667671171da4ab5c0d1c0c1115a7f4d1f0df9909c5ef17e4c,-140.0423786687022,True,0.07499261034324801,50,100,0.08,converged,,bfgs_standard,"[{""ase_converged"": true, ""converged"": true, ""end_geometry_sha256"": ""eda85f1bcb44f03cf7bd5014519902d92752089a665826789953e73ba1a58da2"", ""failure_class"": null, ""max_force_eV_A"": 0.07499261034324801, ""name"": ""bfgs_standard"", ""start_geometry_sha256"": ""c3bd35ee97086e58318718e80b985a8a781bbe87825808af7bf8e401d522a31a"", ""steps"": 50}]",eda85f1bcb44f03cf7bd5014519902d92752089a665826789953e73ba1a58da2,2.167509856373072,True,0.07653889942605167,43.0,100.0,0.08,converged,,bfgs_standard,"[{""ase_converged"": true, ""converged"": true, ""end_geometry_sha256"": ""4bc53c67f3cce08431c4cdcedb876c4aa7b6ca7809c8b3ffbc9a5028d0f89b8b"", ""failure_class"": null, ""max_force_eV_A"": 0.07653889942605167, ""name"": ""bfgs_standard"", ""start_geometry_sha256"": ""eecb3a8dca181dac76d63894cd09945e2504d1425b5668200ab410f398e7058d"", ""steps"": 43}]",4bc53c67f3cce08431c4cdcedb876c4aa7b6ca7809c8b3ffbc9a5028d0f89b8b,2.272349274903539,True,0.07374096713610848,22.0,100.0,0.08,converged,,bfgs_standard,"[{""ase_converged"": true, ""converged"": true, ""end_geometry_sha256"": ""24367a14172b62aa3879be5437acd3c190729b52c683d9052b99207e8093266b"", ""failure_class"": null, ""max_force_eV_A"": 0.07374096713610848, ""name"": ""bfgs_standard"", ""start_geometry_sha256"": ""2fbdd1b92b86715fcff39cf80112d2b655fa8b935fd89c59decc5a7a76ce447d"", ""steps"": 22}]",24367a14172b62aa3879be5437acd3c190729b52c683d9052b99207e8093266b,4.958567093312745,1.2675670933127448,step_1_OOH,10.0,0.0,True,4.439859131276611,0.27249999999999996,True,quantitative_screening,2,2,b01d17a38af674021c43,False,
