genome,material_class,valid,screening_protocol,relax_clean_converged,relax_clean_max_force_eV_A,relax_clean_steps,relax_clean_step_limit,relax_clean_fmax_eV_A,relax_clean_termination,relax_clean_failure_class,relax_clean_selected_attempt,relax_clean_attempts_json,relax_clean_geometry_sha256,e_clean,relax_h_converged,relax_h_max_force_eV_A,relax_h_steps,relax_h_step_limit,relax_h_fmax_eV_A,relax_h_termination,relax_h_failure_class,relax_h_selected_attempt,relax_h_attempts_json,relax_h_geometry_sha256,dE_H,relax_ch3_converged,relax_ch3_max_force_eV_A,relax_ch3_steps,relax_ch3_step_limit,relax_ch3_fmax_eV_A,relax_ch3_termination,relax_ch3_failure_class,relax_ch3_selected_attempt,relax_ch3_attempts_json,relax_ch3_geometry_sha256,dE_CH3,relax_c_converged,relax_c_max_force_eV_A,relax_c_steps,relax_c_step_limit,relax_c_fmax_eV_A,relax_c_termination,relax_c_failure_class,relax_c_selected_attempt,relax_c_attempts_json,relax_c_geometry_sha256,dE_C,dE_split,E_act,coking_index_scope,coking_index_scope_reason,coking_index,coking_index_raw_slab,segregation_energy,rate_constant,temperature_K,cost_penalty,pyrolysis_viable,E_act_censored,model_confidence,needs_dft_validation,candidate_disposition,worker_id,gpu_id,candidate_id,cache_hit,error
"('MoltenMetal', 'Zn', 'Cr', 5.0, 750)",MoltenMetal,True,esen-sm-conserving-all-oc25:relax-v3:pyrolysis-v2,True,0.07595411879880858,332,150,0.08,converged,,bfgs_after_fire,"[{""ase_converged"": false, ""converged"": false, ""end_geometry_sha256"": ""358c41795dae8e0ab75630b5978f3db45544774daff474e1b91ac473873682af"", ""failure_class"": ""force_threshold"", ""max_force_eV_A"": 0.544790697912272, ""name"": ""bfgs_standard"", ""start_geometry_sha256"": ""439e5d3c28ec74286e4a8fedfea30565e0bc0015fdd9ccfe54e7a28bc6a421de"", ""steps"": 150}, {""ase_converged"": false, ""converged"": false, ""end_geometry_sha256"": ""72de875927142e3fe2df363168f704b69e6c579b96f74951980452e2397506d6"", ""failure_class"": ""force_threshold"", ""max_force_eV_A"": 4.541630706699732, ""name"": ""fire_precondition"", ""qualifying"": false, ""start_geometry_sha256"": ""439e5d3c28ec74286e4a8fedfea30565e0bc0015fdd9ccfe54e7a28bc6a421de"", ""steps"": 75}, {""ase_converged"": true, ""converged"": true, ""end_geometry_sha256"": ""f52962f1d5fa99b7637c93eac6df299c3d7184a98b60d4861cf8cdbec544f7ca"", ""failure_class"": null, ""max_force_eV_A"": 0.07595411879880858, ""name"": ""bfgs_after_fire"", ""start_geometry_sha256"": ""72de875927142e3fe2df363168f704b69e6c579b96f74951980452e2397506d6"", ""steps"": 107}]",f52962f1d5fa99b7637c93eac6df299c3d7184a98b60d4861cf8cdbec544f7ca,214.9614211942835,True,0.0685052370058686,154.0,100.0,0.08,converged,,bfgs_after_fire,"[{""ase_converged"": false, ""converged"": false, ""end_geometry_sha256"": ""00c56ec03c67845adcf6026044e04ca8dc58965b7aada1359ac6d537b5977a3e"", ""failure_class"": ""force_threshold"", ""max_force_eV_A"": 0.15796381918773453, ""name"": ""bfgs_standard"", ""start_geometry_sha256"": ""cf2e2c4a0653b97e560c6c2bca9af2d20897a9ffcbcacaf0c633a8f91560298a"", ""steps"": 100}, {""ase_converged"": true, ""converged"": true, ""end_geometry_sha256"": ""05139360be2cd992c3e0b1d4f1326cc5226d28d8bf7377e2b5c8a4cddec36eaf"", ""failure_class"": null, ""max_force_eV_A"": 0.19199629696141848, ""name"": ""fire_precondition"", ""qualifying"": false, ""start_geometry_sha256"": ""cf2e2c4a0653b97e560c6c2bca9af2d20897a9ffcbcacaf0c633a8f91560298a"", ""steps"": 34}, {""ase_converged"": true, ""converged"": true, ""end_geometry_sha256"": ""4247cd2eeb918cd748c9e07a3afec17a40b2553df9bffba3220db2b86f0c1565"", ""failure_class"": null, ""max_force_eV_A"": 0.0685052370058686, ""name"": ""bfgs_after_fire"", ""start_geometry_sha256"": ""05139360be2cd992c3e0b1d4f1326cc5226d28d8bf7377e2b5c8a4cddec36eaf"", ""steps"": 20}]",4247cd2eeb918cd748c9e07a3afec17a40b2553df9bffba3220db2b86f0c1565,0.22951545566320064,True,0.07444295080081934,264.0,100.0,0.08,converged,,bfgs_after_fire,"[{""ase_converged"": false, ""converged"": false, ""end_geometry_sha256"": ""ec07c0556bd50bf861b5776af5140c08f8969e2c93690b964c3b0722c364213a"", ""failure_class"": ""force_threshold"", ""max_force_eV_A"": 0.43565107990185026, ""name"": ""bfgs_standard"", ""start_geometry_sha256"": ""4e24b4fb1a8b2fb91b8745385cb6b815db281bbcca1ab93568ee08b8d2c49751"", ""steps"": 100}, {""ase_converged"": false, ""converged"": false, ""end_geometry_sha256"": ""771851581b13c1f3a3105ea1113a093147c6f353387f5b8a42f6751a1e728663"", ""failure_class"": ""force_threshold"", ""max_force_eV_A"": 2.0686677974864276, ""name"": ""fire_precondition"", ""qualifying"": false, ""start_geometry_sha256"": ""4e24b4fb1a8b2fb91b8745385cb6b815db281bbcca1ab93568ee08b8d2c49751"", ""steps"": 50}, {""ase_converged"": true, ""converged"": true, ""end_geometry_sha256"": ""da84b8fd48fc829a19a31bb0bf90d696bda598b1ec5b458fe7062edfcc84547a"", ""failure_class"": null, ""max_force_eV_A"": 0.07444295080081934, ""name"": ""bfgs_after_fire"", ""start_geometry_sha256"": ""771851581b13c1f3a3105ea1113a093147c6f353387f5b8a42f6751a1e728663"", ""steps"": 114}]",da84b8fd48fc829a19a31bb0bf90d696bda598b1ec5b458fe7062edfcc84547a,-0.7607963085173957,True,0.0759698327833523,33.0,100.0,0.08,converged,,bfgs_standard,"[{""ase_converged"": true, ""converged"": true, ""end_geometry_sha256"": ""6bf5471b1bb72002df6849cd3dae53090bf78308a22676831acb5b9f8b8c7c73"", ""failure_class"": null, ""max_force_eV_A"": 0.0759698327833523, ""name"": ""bfgs_standard"", ""start_geometry_sha256"": ""d1921ae62803d76066990e0bbd244f2d8aaab5e5bd094b2c05292505a016840f"", ""steps"": 33}]",6bf5471b1bb72002df6849cd3dae53090bf78308a22676831acb5b9f8b8c7c73,2.791398793458953,2.425128340721187,1.9550770044327124,out_of_scope,MoltenMetal has no slab; coking_index=ΔE_C-2ΔE_H is not a melt carbon-separation descriptor,,2.3323678821325515,0.0,0.728552327349816,750.0,0.0,True,False,0.6425000000350001,False,quantitative_screening,2,2,792a20c5556c79446d9f,False,
"('MoltenMetal', 'Zn', 'W', 40.0, 1150)",MoltenMetal,False,esen-sm-conserving-all-oc25:relax-v3:pyrolysis-v2,True,0.05831994871286459,147,150,0.08,converged,,bfgs_standard,"[{""ase_converged"": true, ""converged"": true, ""end_geometry_sha256"": ""00b771f05a7926b803ca829e7cc4675af11f50ba25bc9a0f59c4221efc721e1a"", ""failure_class"": null, ""max_force_eV_A"": 0.05831994871286459, ""name"": ""bfgs_standard"", ""start_geometry_sha256"": ""d428aeae3e2c1cdacab47e09e32928440aeae2ce77b1b1d24dc0b2d8916f8a70"", ""steps"": 147}]",00b771f05a7926b803ca829e7cc4675af11f50ba25bc9a0f59c4221efc721e1a,139.22196807843738,False,,0.0,100.0,0.08,invalid_initial_geometry,atomic_overlap,none,[],0efff1ec95e9b9cb06624fb9d16f0a8613b8521990c6c0d91e55ffface7bbdfa,,,,,,,,,,,,,,,,,,,,,,,,,,,,,,,,,,,,,True,validation_required,1,1,07e2d299051dcecf14f7,False,Invalid h initial geometry: atomic_overlap
"('MoltenMetal', 'Zn', 'In', 7.5, 750)",MoltenMetal,True,esen-sm-conserving-all-oc25:relax-v3:pyrolysis-v2,True,0.06995830839463113,109,150,0.08,converged,,bfgs_standard,"[{""ase_converged"": true, ""converged"": true, ""end_geometry_sha256"": ""7dd4305a43d0f3469c5dcbaa2c8a86a663285ac4b6f2dfe57e4ca2a5f19d9b4e"", ""failure_class"": null, ""max_force_eV_A"": 0.06995830839463113, ""name"": ""bfgs_standard"", ""start_geometry_sha256"": ""f0b52bc3f41477a3dd60ee3611c630e31faea93f5d2f074058cf7c854038fd33"", ""steps"": 109}]",7dd4305a43d0f3469c5dcbaa2c8a86a663285ac4b6f2dfe57e4ca2a5f19d9b4e,231.90242485258102,True,0.07956429554619598,44.0,100.0,0.08,converged,,bfgs_standard,"[{""ase_converged"": true, ""converged"": true, ""end_geometry_sha256"": ""cfe723bad636557739e1b6c7cf907193ce9a29ff333a431f164389897add2591"", ""failure_class"": null, ""max_force_eV_A"": 0.07956429554619598, ""name"": ""bfgs_standard"", ""start_geometry_sha256"": ""ef78963f71647d05d5f55bbc3a6e06d74341997d88d4c784481b8d50c2d22587"", ""steps"": 44}]",cfe723bad636557739e1b6c7cf907193ce9a29ff333a431f164389897add2591,0.6928333267569506,True,0.07439710208982318,94.0,100.0,0.08,converged,,bfgs_standard,"[{""ase_converged"": true, ""converged"": true, ""end_geometry_sha256"": ""3759a66e5b04d4c9cb46831e3726e726b86fafa55640273891ee4881b045a418"", ""failure_class"": null, ""max_force_eV_A"": 0.07439710208982318, ""name"": ""bfgs_standard"", ""start_geometry_sha256"": ""8c80bb4d186ac5f69a58f83726cc27caccae9a425366a7ca2c2714124521937f"", ""steps"": 94}]",3759a66e5b04d4c9cb46831e3726e726b86fafa55640273891ee4881b045a418,0.5474312305450191,True,0.06494704180171071,71.0,100.0,0.08,converged,,bfgs_standard,"[{""ase_converged"": true, ""converged"": true, ""end_geometry_sha256"": ""5e86ed451842875dda7ae006211bf1776763addfc0031351b9f02347fe5f25aa"", ""failure_class"": null, ""max_force_eV_A"": 0.06494704180171071, ""name"": ""bfgs_standard"", ""start_geometry_sha256"": ""ad5bddd32d5f2fd43d198813e1d850c1ea26c7d0cbd053e05a81036fe1a10e3b"", ""steps"": 71}]",5e86ed451842875dda7ae006211bf1776763addfc0031351b9f02347fe5f25aa,3.5870530903339244,4.196673750877352,3.018004250526411,out_of_scope,MoltenMetal has no slab; coking_index=ΔE_C-2ΔE_H is not a melt carbon-separation descriptor,,2.201386436820023,0.0,5.246914894197366e-08,750.0,-0.7569619513137056,True,False,0.6425000000350001,False,quantitative_screening,0,0,165b708dec99ec2a4b73,False,
"('MoltenMetal', 'Al', 'Mn', 50.0, 1150)",MoltenMetal,True,esen-sm-conserving-all-oc25:relax-v3:pyrolysis-v2,True,0.011373605267475375,11,150,0.08,converged,,bfgs_standard,"[{""ase_converged"": true, ""converged"": true, ""end_geometry_sha256"": ""c35bcffb95699df0c0c099b1071c4fa5645d1cbeebaa84a3ab79ba341ff2303a"", ""failure_class"": null, ""max_force_eV_A"": 0.011373605267475375, ""name"": ""bfgs_standard"", ""start_geometry_sha256"": ""fbf46cd6a13a6c56ad75cfaa30e50d3b28a8c8eb96d214bc9fa90ba33c046d31"", ""steps"": 11}]",c35bcffb95699df0c0c099b1071c4fa5645d1cbeebaa84a3ab79ba341ff2303a,-206.33083450255253,True,0.06200668112830079,33.0,100.0,0.08,converged,,bfgs_standard,"[{""ase_converged"": true, ""converged"": true, ""end_geometry_sha256"": ""9800bd0cc106bf0a3aef87c84f4c590c1c90492d7d60d266b2ba309edaac7502"", ""failure_class"": null, ""max_force_eV_A"": 0.06200668112830079, ""name"": ""bfgs_standard"", ""start_geometry_sha256"": ""d94f467322a28abb7271c3dd992faf1ec009adb68014dee29e8ea5c580eac0cd"", ""steps"": 33}]",9800bd0cc106bf0a3aef87c84f4c590c1c90492d7d60d266b2ba309edaac7502,-1.3673543706536329,True,0.06954407032804033,185.0,100.0,0.08,converged,,bfgs_after_fire,"[{""ase_converged"": false, ""converged"": false, ""end_geometry_sha256"": ""830614b51f4921a40d264a0bed8705c6d1e4cade2604bc58102a9eb28e9537bf"", ""failure_class"": ""force_threshold"", ""max_force_eV_A"": 0.1287257895908535, ""name"": ""bfgs_standard"", ""start_geometry_sha256"": ""88f53970f3dd480413ed52cb1c418f689f5f95664c2b44dd0e09e80c6cbe5753"", ""steps"": 100}, {""ase_converged"": true, ""converged"": true, ""end_geometry_sha256"": ""fe6e935178e59700d2dc348455ec7c9ae556290e3421cb38e1ea21e9ab9924f9"", ""failure_class"": null, ""max_force_eV_A"": 0.2454240715465348, ""name"": ""fire_precondition"", ""qualifying"": false, ""start_geometry_sha256"": ""88f53970f3dd480413ed52cb1c418f689f5f95664c2b44dd0e09e80c6cbe5753"", ""steps"": 26}, {""ase_converged"": true, ""converged"": true, ""end_geometry_sha256"": ""f96ecc692da144fbdcc0bc10b461d517aefaba0093b58e15483a947b1db7ceaa"", ""failure_class"": null, ""max_force_eV_A"": 0.06954407032804033, ""name"": ""bfgs_after_fire"", ""start_geometry_sha256"": ""fe6e935178e59700d2dc348455ec7c9ae556290e3421cb38e1ea21e9ab9924f9"", ""steps"": 59}]",f96ecc692da144fbdcc0bc10b461d517aefaba0093b58e15483a947b1db7ceaa,-3.6175718903541814,True,0.07389811407886332,33.0,100.0,0.08,converged,,bfgs_standard,"[{""ase_converged"": true, ""converged"": true, ""end_geometry_sha256"": ""4bc3c9ced1b0c5e5c9b0e160a8cc64dda7da13d51b8e4081223e3ab1bcb611b2"", ""failure_class"": null, ""max_force_eV_A"": 0.07389811407886332, ""name"": ""bfgs_standard"", ""start_geometry_sha256"": ""653448167d49ab6afee08f1468dc3ff78d8641e71bac5fcbf4091af24b512612"", ""steps"": 33}]",4bc3c9ced1b0c5e5c9b0e160a8cc64dda7da13d51b8e4081223e3ab1bcb611b2,0.052926570177064036,-2.0285169482231424,0.01,out_of_scope,MoltenMetal has no slab; coking_index=ΔE_C-2ΔE_H is not a melt carbon-separation descriptor,,2.7876353114843297,-1.1182076930999756,9040154272162.508,1150.0,0.0,True,True,0.6425000000350001,True,quantitative_screening,1,1,e758e7a1621cf9e38a71,False,
"('SolidCatalyst', 'Au', 'MoC', 'hcp1010', -0.0368421052631579, ('Sc', 'Y'), 1, 0)",SolidCatalyst,True,esen-sm-conserving-all-oc25:relax-v3:pyrolysis-v2,True,0.06713392774128775,12,150,0.08,converged,,bfgs_standard,"[{""ase_converged"": true, ""converged"": true, ""end_geometry_sha256"": ""c21d4ff1a1c0504bc4d4fc01e8911c098b2ee842e59f36b45c08157dcb91aaea"", ""failure_class"": null, ""max_force_eV_A"": 0.06713392774128775, ""name"": ""bfgs_standard"", ""start_geometry_sha256"": ""31906029da8f20b1c622544ccd62928fb1520d3dd6f7144979c02f9d90375d1c"", ""steps"": 12}]",c21d4ff1a1c0504bc4d4fc01e8911c098b2ee842e59f36b45c08157dcb91aaea,-128.61059030966243,True,0.07799489212428165,14.0,100.0,0.08,converged,,bfgs_standard,"[{""ase_converged"": true, ""converged"": true, ""end_geometry_sha256"": ""3b7e4ac58440ac0e0a9a5f4206c4038d12add751688bc71b6dd4b3e25f3a7bb6"", ""failure_class"": null, ""max_force_eV_A"": 0.07799489212428165, ""name"": ""bfgs_standard"", ""start_geometry_sha256"": ""a03b11aac06839313155b921e43511c14767234777a74467283671b01908e30f"", ""steps"": 14}]",3b7e4ac58440ac0e0a9a5f4206c4038d12add751688bc71b6dd4b3e25f3a7bb6,0.7058915123343432,True,0.07422130905100019,72.0,100.0,0.08,converged,,bfgs_standard,"[{""ase_converged"": true, ""converged"": true, ""end_geometry_sha256"": ""cd255564ca625055987179c52d58f598c84f1e4c9cd609bc0a6031cb9bef8210"", ""failure_class"": null, ""max_force_eV_A"": 0.07422130905100019, ""name"": ""bfgs_standard"", ""start_geometry_sha256"": ""11732876f8e0d47dde4a9f28d2512aaab2fbc9756d126ad7d97d683f698ee117"", ""steps"": 72}]",cd255564ca625055987179c52d58f598c84f1e4c9cd609bc0a6031cb9bef8210,1.0475747585296382,True,0.07090563372247312,66.0,100.0,0.08,converged,,bfgs_standard,"[{""ase_converged"": true, ""converged"": true, ""end_geometry_sha256"": ""5b851a1c763c461208f0f292cae258890045527bae649400b5d3a9cc5c95381c"", ""failure_class"": null, ""max_force_eV_A"": 0.07090563372247312, ""name"": ""bfgs_standard"", ""start_geometry_sha256"": ""d9b97d41859ba3ca9aae85a4073062177a49c490d580c6c098079237e9908146"", ""steps"": 66}]",5b851a1c763c461208f0f292cae258890045527bae649400b5d3a9cc5c95381c,4.585739403963103,4.709875464439364,4.402406598329523,candidate,,3.1739563792944168,,-0.1928849220275879,6.499010861158551e-10,1000.0,-1.6913355919812958,True,False,0.9675000000349999,False,quantitative_screening,0,0,2c4eb66e106b2d98686e,False,
"('SolidCatalyst', 'La', 'NiP', 'hcp0001', 0.08947368421052632, ('La', 'Y'), 1, 0)",SolidCatalyst,True,esen-sm-conserving-all-oc25:relax-v3:pyrolysis-v2,True,0.07507223144730213,3,150,0.08,converged,,bfgs_standard,"[{""ase_converged"": true, ""converged"": true, ""end_geometry_sha256"": ""215ef5318d3f776218aecc9bf8590c7630153ca33f2f92717160c17bd6a50dab"", ""failure_class"": null, ""max_force_eV_A"": 0.07507223144730213, ""name"": ""bfgs_standard"", ""start_geometry_sha256"": ""bd24e82e8efabc0d26c39bdaaeb8d70a564a194a5e31f35da268f82bf147b773"", ""steps"": 3}]",215ef5318d3f776218aecc9bf8590c7630153ca33f2f92717160c17bd6a50dab,-159.662732711275,True,0.07868354482035293,25.0,100.0,0.08,converged,,bfgs_standard,"[{""ase_converged"": true, ""converged"": true, ""end_geometry_sha256"": ""f83419c1837b28565fe32c118e69091b3e65e2dd3df6d61918303c3ddf77f14d"", ""failure_class"": null, ""max_force_eV_A"": 0.07868354482035293, ""name"": ""bfgs_standard"", ""start_geometry_sha256"": ""19885062841bf9182f339f8456bb3ba60491e9ac7a52598b0858fefb4232ec90"", ""steps"": 25}]",f83419c1837b28565fe32c118e69091b3e65e2dd3df6d61918303c3ddf77f14d,0.20587577670812252,True,0.053596929048896604,38.0,100.0,0.08,converged,,bfgs_standard,"[{""ase_converged"": true, ""converged"": true, ""end_geometry_sha256"": ""08b46e47eed6bf3aef3a3d16d0665f13bfc539519e38a3e44bbe1ca3d083a84c"", ""failure_class"": null, ""max_force_eV_A"": 0.053596929048896604, ""name"": ""bfgs_standard"", ""start_geometry_sha256"": ""4b662b3224403e3c6572203fa7fed83153ed9844efc63640da72d5e03ce4ebfb"", ""steps"": 38}]",08b46e47eed6bf3aef3a3d16d0665f13bfc539519e38a3e44bbe1ca3d083a84c,-2.4100615978241215,True,0.07459209863230849,25.0,100.0,0.08,converged,,bfgs_standard,"[{""ase_converged"": true, ""converged"": true, ""end_geometry_sha256"": ""bae7bef41784ddc655d9c34b75055ebe0d050055f7f3b38dc5a40884a64018cc"", ""failure_class"": null, ""max_force_eV_A"": 0.07459209863230849, ""name"": ""bfgs_standard"", ""start_geometry_sha256"": ""3874558781985f22226c75034148a7c0d40c708367060d9b2a6910f9d60068cb"", ""steps"": 25}]",bae7bef41784ddc655d9c34b75055ebe0d050055f7f3b38dc5a40884a64018cc,4.716718584299073,0.7522234916686728,1.4341676187515047,candidate,,4.304967030882828,,0.1338958740234375,591716.011095144,1000.0,0.0,True,False,0.8664825313502684,False,quantitative_screening,1,1,102310f0d5d709a0c163,False,
"('SolidCatalyst', 'Pr', 'Al2O3', 'hcp0001', 0.01578947368421052, ('Sc', 'Y'), 1, 0)",SolidCatalyst,False,esen-sm-conserving-all-oc25:relax-v3:pyrolysis-v2,True,0.06526358115263647,11,150,0.08,converged,,bfgs_standard,"[{""ase_converged"": true, ""converged"": true, ""end_geometry_sha256"": ""50af6abcd2690994dfacd9fa1747cfb609f637a542ce7102c2c55c46994b671b"", ""failure_class"": null, ""max_force_eV_A"": 0.06526358115263647, ""name"": ""bfgs_standard"", ""start_geometry_sha256"": ""b74cdfcf1196da42cfc51fa0670ef14d78e2378bc7c628e4143b49b4bd7e651a"", ""steps"": 11}]",50af6abcd2690994dfacd9fa1747cfb609f637a542ce7102c2c55c46994b671b,-185.97418130890173,True,0.071253289795062,52.0,100.0,0.08,converged,,bfgs_standard,"[{""ase_converged"": true, ""converged"": true, ""end_geometry_sha256"": ""285aab8854347b3f7b9448824eeaf1124ea674121e40dd54f184293fdf659a1f"", ""failure_class"": null, ""max_force_eV_A"": 0.071253289795062, ""name"": ""bfgs_standard"", ""start_geometry_sha256"": ""e34a16bfbdbddfc77944492c3dff2c1fe8466780d8c3946aac4e92dcb8fc9270"", ""steps"": 52}]",285aab8854347b3f7b9448824eeaf1124ea674121e40dd54f184293fdf659a1f,-5.257870294153694,True,0.07773506552039199,87.0,100.0,0.08,converged,,bfgs_standard,"[{""ase_converged"": true, ""converged"": true, ""end_geometry_sha256"": ""ef2384c6bb375d25cb3a94e6c8f28764197681edccf2da4ef94ccb93cad178f2"", ""failure_class"": null, ""max_force_eV_A"": 0.07773506552039199, ""name"": ""bfgs_standard"", ""start_geometry_sha256"": ""f6dcb3d866fe35e21438d1fd0ea9e7bf194ee6b0317c9d7fdec339b878894965"", ""steps"": 87}]",ef2384c6bb375d25cb3a94e6c8f28764197681edccf2da4ef94ccb93cad178f2,-14.349929571151758,True,0.062431900230214075,150.0,100.0,0.08,converged,,bfgs_after_fire,"[{""ase_converged"": false, ""converged"": false, ""end_geometry_sha256"": ""9956b62019135cffa3862f03ed7b45b42eb7482ec04a4420698a33e6adee5db4"", ""failure_class"": ""force_threshold"", ""max_force_eV_A"": 0.4381682831692102, ""name"": ""bfgs_standard"", ""start_geometry_sha256"": ""26217c0817a5207fc6d44b2dc75a844d48b8e16d00dbbb0831e14020a0690b49"", ""steps"": 100}, {""ase_converged"": true, ""converged"": true, ""end_geometry_sha256"": ""b17e7d43ae1738133f7ef7393224b4400fcf0134c210f6a6fac4c33f39db7730"", ""failure_class"": null, ""max_force_eV_A"": 0.15885603500315662, ""name"": ""fire_precondition"", ""qualifying"": false, ""start_geometry_sha256"": ""26217c0817a5207fc6d44b2dc75a844d48b8e16d00dbbb0831e14020a0690b49"", ""steps"": 46}, {""ase_converged"": true, ""converged"": true, ""end_geometry_sha256"": ""115e92a6bfa991f09d57aa59d39e3fb6af5ee6a63c28249b6393005920c5d0c4"", ""failure_class"": null, ""max_force_eV_A"": 0.062431900230214075, ""name"": ""bfgs_after_fire"", ""start_geometry_sha256"": ""b17e7d43ae1738133f7ef7393224b4400fcf0134c210f6a6fac4c33f39db7730"", ""steps"": 4}]",115e92a6bfa991f09d57aa59d39e3fb6af5ee6a63c28249b6393005920c5d0c4,2.7498643696307994,-16.65139067173007,0.01,candidate,,13.265604957938187,,-0.533543586730957,8904349914533.771,1000.0,0.0,True,,,True,validation_required,0,0,2c89bd5fb80411cf6737,False,Unphysical dE_CH3=-14.35 eV (|val|>10.0)
"('SolidCatalyst', 'Nd', 'V2O5', 'hcp0001', -0.06842105263157895, ('La', 'Y'), 1, 0)",SolidCatalyst,True,esen-sm-conserving-all-oc25:relax-v3:pyrolysis-v2,True,0.07812709948938461,81,150,0.08,converged,,bfgs_standard,"[{""ase_converged"": true, ""converged"": true, ""end_geometry_sha256"": ""1f0d8053fcdf566cfdcaa7ac82aa1e567bd1118a506b9320b6c2cebacac68ecf"", ""failure_class"": null, ""max_force_eV_A"": 0.07812709948938461, ""name"": ""bfgs_standard"", ""start_geometry_sha256"": ""61efe4b963ac82d8cad2b18b36bf433d780960c96526a9a49e959b537603e5cc"", ""steps"": 81}]",1f0d8053fcdf566cfdcaa7ac82aa1e567bd1118a506b9320b6c2cebacac68ecf,-285.28293323267195,True,0.07498032722786191,43.0,100.0,0.08,converged,,bfgs_standard,"[{""ase_converged"": true, ""converged"": true, ""end_geometry_sha256"": ""1956665439713ec382f822a9395e2aaaddef269ad0a762e9c7002615ad91991a"", ""failure_class"": null, ""max_force_eV_A"": 0.07498032722786191, ""name"": ""bfgs_standard"", ""start_geometry_sha256"": ""7d0387be8e824453b8bd9a7af639de2bfbfbbaa77f8d46f371d700f326e6adee"", ""steps"": 43}]",1956665439713ec382f822a9395e2aaaddef269ad0a762e9c7002615ad91991a,-0.9946437850594272,True,0.07261018473833963,196.0,100.0,0.08,converged,,bfgs_after_fire,"[{""ase_converged"": false, ""converged"": false, ""end_geometry_sha256"": ""51d7c858b247af1ffc7def9805b80e0e0ef7f6fbebc2686dc8e36d5fb4cccc47"", ""failure_class"": ""force_threshold"", ""max_force_eV_A"": 0.1205166055038137, ""name"": ""bfgs_standard"", ""start_geometry_sha256"": ""a6b74666e2adeeb7ebe6ba107cb042ca4d14bccb186e1473b700c211610212d8"", ""steps"": 100}, {""ase_converged"": true, ""converged"": true, ""end_geometry_sha256"": ""72f00948a4e356ceb7d40eaabde78b7396ad3e4447b54a20f987f5b974721991"", ""failure_class"": null, ""max_force_eV_A"": 0.2254336844492186, ""name"": ""fire_precondition"", ""qualifying"": false, ""start_geometry_sha256"": ""a6b74666e2adeeb7ebe6ba107cb042ca4d14bccb186e1473b700c211610212d8"", ""steps"": 46}, {""ase_converged"": true, ""converged"": true, ""end_geometry_sha256"": ""fddf97a27802368f2b432909b95b1fb43394dad313703be06a7a2786dc37c5a2"", ""failure_class"": null, ""max_force_eV_A"": 0.07261018473833963, ""name"": ""bfgs_after_fire"", ""start_geometry_sha256"": ""72f00948a4e356ceb7d40eaabde78b7396ad3e4447b54a20f987f5b974721991"", ""steps"": 50}]",fddf97a27802368f2b432909b95b1fb43394dad313703be06a7a2786dc37c5a2,0.2993538379669225,True,0.061987336779483204,42.0,100.0,0.08,converged,,bfgs_standard,"[{""ase_converged"": true, ""converged"": true, ""end_geometry_sha256"": ""fcb74594d5a8aefc8b1d4e0adbc1312b4884ad1037a6bb0ae38573d382f9c37a"", ""failure_class"": null, ""max_force_eV_A"": 0.061987336779483204, ""name"": ""bfgs_standard"", ""start_geometry_sha256"": ""99525995c4ae7b19294324f1e1e7049c622c7e6ce854d95e8cb4b10e3e9feed5"", ""steps"": 42}]",fcb74594d5a8aefc8b1d4e0adbc1312b4884ad1037a6bb0ae38573d382f9c37a,-0.07242402434350481,2.261119365692167,2.5658395242691254,candidate,,1.9168635457753496,,-0.18145751953130684,1.1714882541145977,1000.0,0.0,True,False,0.8664825313502684,False,quantitative_screening,1,1,b4339e75eab16153f1c5,False,
"('SAC', 'Au', 'N2S2', 'N-CNT', 'H2O')",SAC,True,esen-sm-conserving-all-oc25:relax-v3:pyrolysis-v2,True,0.07993210299037018,87,150,0.08,converged,,bfgs_standard,"[{""ase_converged"": true, ""converged"": true, ""end_geometry_sha256"": ""7ac173da287a5c3bc9b9d286078c7621816713d3f538fd5a2ddfaaa534f95a2a"", ""failure_class"": null, ""max_force_eV_A"": 0.07993210299037018, ""name"": ""bfgs_standard"", ""start_geometry_sha256"": ""e1dc10438fb69d18b860e602d18263855ef4e63f9f4bb596803136a2936625e4"", ""steps"": 87}]",7ac173da287a5c3bc9b9d286078c7621816713d3f538fd5a2ddfaaa534f95a2a,-121.5710951015474,True,0.07760683745596884,73.0,100.0,0.08,converged,,bfgs_standard,"[{""ase_converged"": true, ""converged"": true, ""end_geometry_sha256"": ""aa4ecafff20bb558e16986a7c2a6e9f7b35b10f48aa7ba89f602ab8372aa9ef2"", ""failure_class"": null, ""max_force_eV_A"": 0.07760683745596884, ""name"": ""bfgs_standard"", ""start_geometry_sha256"": ""fc3f8cd09c26145f092bc098ef1877c9da8b490e77a02da145ec6c1dc8ddef17"", ""steps"": 73}]",aa4ecafff20bb558e16986a7c2a6e9f7b35b10f48aa7ba89f602ab8372aa9ef2,-2.2217393890023267,True,0.07838260287942386,80.0,100.0,0.08,converged,,bfgs_standard,"[{""ase_converged"": true, ""converged"": true, ""end_geometry_sha256"": ""ff850633de7000761a1485d0e13046c7833d3936ead51e5ae95b67796d58fdf6"", ""failure_class"": null, ""max_force_eV_A"": 0.07838260287942386, ""name"": ""bfgs_standard"", ""start_geometry_sha256"": ""df768c2347c475727c39060baf665c23511ee14201e3e89bb8ac17e79a31ae1c"", ""steps"": 80}]",ff850633de7000761a1485d0e13046c7833d3936ead51e5ae95b67796d58fdf6,-3.974720716476437,True,0.07030620026752259,80.0,100.0,0.08,converged,,bfgs_standard,"[{""ase_converged"": true, ""converged"": true, ""end_geometry_sha256"": ""2644a6615a2d4771cfc25a5d24dd61b73d6c0959b3677b28081403d2b3de0d20"", ""failure_class"": null, ""max_force_eV_A"": 0.07030620026752259, ""name"": ""bfgs_standard"", ""start_geometry_sha256"": ""5f16d5df0dc8f80112639b875d16c7ee712ac8cca6ecb6d56e94c134e5b5c78e"", ""steps"": 80}]",2644a6615a2d4771cfc25a5d24dd61b73d6c0959b3677b28081403d2b3de0d20,-1.275812357664094,-3.2400509119033813,0.01,candidate,,3.1676664203405593,,-0.16360913052196793,8904349914533.771,1000.0,-2.0,True,True,0.610000000035,True,quantitative_screening,0,0,7247857e5cf9ad7f0e42,False,
"('SAC', 'La', 'N4_pyridine', 'N-mesoporous_carbon', 'none')",SAC,True,esen-sm-conserving-all-oc25:relax-v3:pyrolysis-v2,True,0.0788988489528728,101,150,0.08,converged,,bfgs_standard,"[{""ase_converged"": true, ""converged"": true, ""end_geometry_sha256"": ""84d1d5c1d6a7530927acc9443a9cd89ea3a28ecc2041a0b7a23a15b77b5bb2e8"", ""failure_class"": null, ""max_force_eV_A"": 0.0788988489528728, ""name"": ""bfgs_standard"", ""start_geometry_sha256"": ""6bf28473d134781c6e7c8cac74ce8457f43ce20c127d59a6d9f9fee487c1e840"", ""steps"": 101}]",84d1d5c1d6a7530927acc9443a9cd89ea3a28ecc2041a0b7a23a15b77b5bb2e8,-133.6203633090872,True,0.07890319385206235,50.0,100.0,0.08,converged,,bfgs_standard,"[{""ase_converged"": true, ""converged"": true, ""end_geometry_sha256"": ""cb29efdc88f6ab4ffb5d16cb6d4f7c8bd15df0be2ab3379f5e1766494514e7d6"", ""failure_class"": null, ""max_force_eV_A"": 0.07890319385206235, ""name"": ""bfgs_standard"", ""start_geometry_sha256"": ""0bf2d4ce4d19b0ea48294eacd67efb641f4a18f312c67f98cc36a1edc4821358"", ""steps"": 50}]",cb29efdc88f6ab4ffb5d16cb6d4f7c8bd15df0be2ab3379f5e1766494514e7d6,-0.7845567241311109,True,0.07483206549839515,75.0,100.0,0.08,converged,,bfgs_standard,"[{""ase_converged"": true, ""converged"": true, ""end_geometry_sha256"": ""ef2d3f8a7e75efb586c9c288e6411573fd647311efb62335d881ad91aa47b3b0"", ""failure_class"": null, ""max_force_eV_A"": 0.07483206549839515, ""name"": ""bfgs_standard"", ""start_geometry_sha256"": ""91fc3fd2c5ef7241411d16ca200220bed255468f5ed9c9ad63fb9545b23bcf3e"", ""steps"": 75}]",ef2d3f8a7e75efb586c9c288e6411573fd647311efb62335d881ad91aa47b3b0,-1.9871633052825892,True,0.07857774872395407,54.0,100.0,0.08,converged,,bfgs_standard,"[{""ase_converged"": true, ""converged"": true, ""end_geometry_sha256"": ""da48ab28f7ec0a8282b6a7d928963c96799605e4e5791748d09e5408482d92e9"", ""failure_class"": null, ""max_force_eV_A"": 0.07857774872395407, ""name"": ""bfgs_standard"", ""start_geometry_sha256"": ""570a96e78f8e00b3dcd70458ae2b85bb8fb70eb1b6b5dd300f87f731541f69d4"", ""steps"": 54}]",da48ab28f7ec0a8282b6a7d928963c96799605e4e5791748d09e5408482d92e9,3.4911470711231374,0.18468916416168213,1.0792824149131774,candidate,,5.060260519385359,,-0.6669155269409088,36362692.17655442,1000.0,0.0,True,False,0.470000000035,True,quantitative_screening,2,2,0fc49eabc9cfce5ff735,False,
"('SAC', 'Ce', 'N2Se2', 'Phosphorene', 'Cl')",SAC,True,esen-sm-conserving-all-oc25:relax-v3:pyrolysis-v2,True,0.07597661195620224,49,150,0.08,converged,,bfgs_standard,"[{""ase_converged"": true, ""converged"": true, ""end_geometry_sha256"": ""c22b12b243b522b961f592d1de2eaeb8b1f5007d2ad989d2c3940e499b28c237"", ""failure_class"": null, ""max_force_eV_A"": 0.07597661195620224, ""name"": ""bfgs_standard"", ""start_geometry_sha256"": ""e160bda30fda4e0494821f6a3c098d23f6a046399ebe1f3028f3bdf7f7bfa0d4"", ""steps"": 49}]",c22b12b243b522b961f592d1de2eaeb8b1f5007d2ad989d2c3940e499b28c237,-134.59012803897875,True,0.07879502455991398,32.0,100.0,0.08,converged,,bfgs_standard,"[{""ase_converged"": true, ""converged"": true, ""end_geometry_sha256"": ""242ceb6e4d7c7b3b15b60af49ff7c368c2b407f566231facdfa5ae5739e7cb31"", ""failure_class"": null, ""max_force_eV_A"": 0.07879502455991398, ""name"": ""bfgs_standard"", ""start_geometry_sha256"": ""d6184f1276f0034ae38163eacdf82cf51e718b4015c936cc8429f92a3fcab195"", ""steps"": 32}]",242ceb6e4d7c7b3b15b60af49ff7c368c2b407f566231facdfa5ae5739e7cb31,-0.5480432286858594,True,0.06555989504143386,43.0,100.0,0.08,converged,,bfgs_standard,"[{""ase_converged"": true, ""converged"": true, ""end_geometry_sha256"": ""fe3c0e1bc160440356ffc72080f2eb81713d2935db999e178ae0bf1d2bef5fd1"", ""failure_class"": null, ""max_force_eV_A"": 0.06555989504143386, ""name"": ""bfgs_standard"", ""start_geometry_sha256"": ""ca9bfb2689deb99204bfd1ea74fa3e242c420274a947f5d1d086c5e1b168c4a4"", ""steps"": 43}]",fe3c0e1bc160440356ffc72080f2eb81713d2935db999e178ae0bf1d2bef5fd1,-2.5783284902572596,True,0.06345294085714516,42.0,100.0,0.08,converged,,bfgs_standard,"[{""ase_converged"": true, ""converged"": true, ""end_geometry_sha256"": ""aa08b5661d0c9dd8bedc18b0e32049a04ae4016c047efab40af0cc622a0a2799"", ""failure_class"": null, ""max_force_eV_A"": 0.06345294085714516, ""name"": ""bfgs_standard"", ""start_geometry_sha256"": ""ea94ba01094cb3e274fab286f87c0f71297a77f354caef4094790585124140d3"", ""steps"": 42}]",aa08b5661d0c9dd8bedc18b0e32049a04ae4016c047efab40af0cc622a0a2799,3.5360869467258595,-0.16996240615844727,0.8310263156890869,candidate,,4.632173404097578,,-0.7465268448458545,648353265.7888106,1000.0,0.0,True,False,0.470000000035,True,quantitative_screening,1,1,2cb2d61f279e26ae71bc,False,
"('SAC', 'Pr', 'C4', 'N-carbon_black', 'pyridine')",SAC,True,esen-sm-conserving-all-oc25:relax-v3:pyrolysis-v2,True,0.06857248923654463,471,150,0.08,converged,,bfgs_after_fire,"[{""ase_converged"": false, ""converged"": false, ""end_geometry_sha256"": ""88cc8ed9f15dc02b6c9531d1573574f40c3640cc56379c6b6419e35c122c78db"", ""failure_class"": ""force_threshold"", ""max_force_eV_A"": 0.3628180102219346, ""name"": ""bfgs_standard"", ""start_geometry_sha256"": ""fc9978f135329db090df3c530589a90e68ae97a833bbeb6f6775f479c7217e82"", ""steps"": 150}, {""ase_converged"": false, ""converged"": false, ""end_geometry_sha256"": ""c37595e39fe250851e81f9e2cbe19580b5d7d86c6526930eb98baa3e7c10d987"", ""failure_class"": ""force_threshold"", ""max_force_eV_A"": 1.291000806617856, ""name"": ""fire_precondition"", ""qualifying"": false, ""start_geometry_sha256"": ""fc9978f135329db090df3c530589a90e68ae97a833bbeb6f6775f479c7217e82"", ""steps"": 75}, {""ase_converged"": true, ""converged"": true, ""end_geometry_sha256"": ""81a30374ed985935b503c4fbcb915967442207c1a6e767b4194676f3c4491370"", ""failure_class"": null, ""max_force_eV_A"": 0.06857248923654463, ""name"": ""bfgs_after_fire"", ""start_geometry_sha256"": ""c37595e39fe250851e81f9e2cbe19580b5d7d86c6526930eb98baa3e7c10d987"", ""steps"": 246}]",81a30374ed985935b503c4fbcb915967442207c1a6e767b4194676f3c4491370,-141.64648711774134,True,0.06891316165082549,77.0,100.0,0.08,converged,,bfgs_standard,"[{""ase_converged"": true, ""converged"": true, ""end_geometry_sha256"": ""b906c57d06f1c57d307a070893f2dfc06216a14cc4d15c5f63d6bf8a0c962a66"", ""failure_class"": null, ""max_force_eV_A"": 0.06891316165082549, ""name"": ""bfgs_standard"", ""start_geometry_sha256"": ""e2b75a25633e8d254f58b0681835f4326b766b517c08834fb3e3e11bd78f0eba"", ""steps"": 77}]",b906c57d06f1c57d307a070893f2dfc06216a14cc4d15c5f63d6bf8a0c962a66,0.393419168889519,True,0.07644537882384707,81.0,100.0,0.08,converged,,bfgs_standard,"[{""ase_converged"": true, ""converged"": true, ""end_geometry_sha256"": ""3e8a449b848618da882b78e500318b5572383679e653e82ff408321719285ba8"", ""failure_class"": null, ""max_force_eV_A"": 0.07644537882384707, ""name"": ""bfgs_standard"", ""start_geometry_sha256"": ""5fda18b8fd913de9817d1c969887cc19619dc5f3b6ca1d12f60d2510d3f6bdaa"", ""steps"": 81}]",3e8a449b848618da882b78e500318b5572383679e653e82ff408321719285ba8,-2.260973572731043,True,0.07976086508426021,233.0,100.0,0.08,converged,,bfgs_after_fire,"[{""ase_converged"": false, ""converged"": false, ""end_geometry_sha256"": ""42e5f8c975c7cc992b61c7defce00f9f24eb81550c5370333f04976d3e416a51"", ""failure_class"": ""force_threshold"", ""max_force_eV_A"": 0.24829613391912556, ""name"": ""bfgs_standard"", ""start_geometry_sha256"": ""5cf305e4e582469137fd93f1f38c840d56642c50bd4c160b29af358b43e81ba0"", ""steps"": 100}, {""ase_converged"": true, ""converged"": true, ""end_geometry_sha256"": ""f5b7267a192573d2d6f3a5d55d013d66a391a8e74e01254c13355a31fca5ad7e"", ""failure_class"": null, ""max_force_eV_A"": 0.24794424559985725, ""name"": ""fire_precondition"", ""qualifying"": false, ""start_geometry_sha256"": ""5cf305e4e582469137fd93f1f38c840d56642c50bd4c160b29af358b43e81ba0"", ""steps"": 35}, {""ase_converged"": true, ""converged"": true, ""end_geometry_sha256"": ""a452010577dd97ac96355744498bd666c17e81b64061ddac07f8b19015c4d0fd"", ""failure_class"": null, ""max_force_eV_A"": 0.07976086508426021, ""name"": ""bfgs_after_fire"", ""start_geometry_sha256"": ""f5b7267a192573d2d6f3a5d55d013d66a391a8e74e01254c13355a31fca5ad7e"", ""steps"": 98}]",a452010577dd97ac96355744498bd666c17e81b64061ddac07f8b19015c4d0fd,4.044415265321717,1.0888549089431478,1.7121984362602034,candidate,,3.2575769275426794,,-0.7523750563889677,23490.900858726447,1000.0,-0.07242434530888953,True,False,0.470000000035,True,quantitative_screening,1,1,222b22ce2619ff7ec67f,False,
"('DAC', 'Au', 'Mo', 'N6', 'BN_sheet')",DAC,False,esen-sm-conserving-all-oc25:relax-v3:pyrolysis-v2,False,9.931238455684104,975,150,0.08,recovery_exhausted,force_threshold,fire_precondition,"[{""ase_converged"": false, ""converged"": false, ""end_geometry_sha256"": ""a21cfeafd2b129485e2221f7d27c4f1e12f9d82cfe1b2ddad2b7764bca056860"", ""failure_class"": ""force_threshold"", ""max_force_eV_A"": 60.03808166651091, ""name"": ""bfgs_standard"", ""start_geometry_sha256"": ""021610998b88649042235bdf0a650a0733eb43661921bac45b19cb6b6d37e1c4"", ""steps"": 150}, {""ase_converged"": false, ""converged"": false, ""end_geometry_sha256"": ""713086cc8bbd3f8f0d654d2f3bc8828d97d43ba982e0bee5c69b20ba43f36bd5"", ""failure_class"": ""force_threshold"", ""max_force_eV_A"": 9.931238455684104, ""name"": ""fire_precondition"", ""qualifying"": false, ""start_geometry_sha256"": ""021610998b88649042235bdf0a650a0733eb43661921bac45b19cb6b6d37e1c4"", ""steps"": 75}, {""ase_converged"": false, ""converged"": false, ""end_geometry_sha256"": ""34344335844e983ab39603731b12f0ab97ee01c42e64860ba4ed26fa2bd20c0b"", ""failure_class"": ""force_threshold"", ""max_force_eV_A"": 30.261226317482976, ""name"": ""bfgs_after_fire"", ""start_geometry_sha256"": ""713086cc8bbd3f8f0d654d2f3bc8828d97d43ba982e0bee5c69b20ba43f36bd5"", ""steps"": 300}, {""ase_converged"": false, ""converged"": false, ""end_geometry_sha256"": ""a5036dee0e8c114d4202ce635ddd4c7199a7ed4a8505eb0fe3f9500da2c5d7f5"", ""failure_class"": ""force_threshold"", ""max_force_eV_A"": 14.180813192060084, ""name"": ""fire_small_step"", ""start_geometry_sha256"": ""713086cc8bbd3f8f0d654d2f3bc8828d97d43ba982e0bee5c69b20ba43f36bd5"", ""steps"": 450}]",713086cc8bbd3f8f0d654d2f3bc8828d97d43ba982e0bee5c69b20ba43f36bd5,,,,,,,,,,,,,,,,,,,,,,,,,,,,,,,,,,,,,,,,,,,,,,,,True,validation_required,2,2,a466d050d4ed69af70b2,False,Unconverged clean relaxation: max_force=9.93124 eV/A after 975 cumulative recovery steps
"('DAC', 'La', 'W', 'N4C2', 'N-carbon_black')",DAC,False,esen-sm-conserving-all-oc25:relax-v3:pyrolysis-v2,True,0.07672142592145116,122,150,0.08,converged,,bfgs_standard,"[{""ase_converged"": true, ""converged"": true, ""end_geometry_sha256"": ""c8eaf06f1755b7586cf2a4fc15773cafccfb56e6f9d400b8d63ab2efa0f268b1"", ""failure_class"": null, ""max_force_eV_A"": 0.07672142592145116, ""name"": ""bfgs_standard"", ""start_geometry_sha256"": ""f9870df96fd3f28bbb141ec2b00845e2aa81aa30aedfb27f5de5e1197148fa87"", ""steps"": 122}]",c8eaf06f1755b7586cf2a4fc15773cafccfb56e6f9d400b8d63ab2efa0f268b1,-154.9470919367877,False,,0.0,100.0,0.08,invalid_initial_geometry,atomic_overlap,none,[],ae9784279c75e4aabb8c7c06fe1537196e36e2bd07792a696e514f03190ea82b,,,,,,,,,,,,,,,,,,,,,,,,,,,,,,,,,,,,,True,validation_required,0,0,20a3ef6b5c13a8569d31,False,Invalid h initial geometry: atomic_overlap
"('DAC', 'Ce', 'Pr', 'N3SN3', 'BN_sheet')",DAC,False,esen-sm-conserving-all-oc25:relax-v3:pyrolysis-v2,False,0.5125172536399343,975,150,0.08,recovery_exhausted,force_threshold,fire_small_step,"[{""ase_converged"": false, ""converged"": false, ""end_geometry_sha256"": ""57394116f245eea2edcc41287557b3fd2c966d97ace177d667c929cb04389cb2"", ""failure_class"": ""force_threshold"", ""max_force_eV_A"": 11.032593561290602, ""name"": ""bfgs_standard"", ""start_geometry_sha256"": ""a099c4f1bcf0be68d814e3fc058055e58448d688691dd7df132e9387ccd7d2d1"", ""steps"": 150}, {""ase_converged"": false, ""converged"": false, ""end_geometry_sha256"": ""1cd9b5b4c536805b23f7bdc4d08d287de007ab9d5531d53d43151d4911b93d53"", ""failure_class"": ""force_threshold"", ""max_force_eV_A"": 14.583722259345436, ""name"": ""fire_precondition"", ""qualifying"": false, ""start_geometry_sha256"": ""a099c4f1bcf0be68d814e3fc058055e58448d688691dd7df132e9387ccd7d2d1"", ""steps"": 75}, {""ase_converged"": false, ""converged"": false, ""end_geometry_sha256"": ""eea6afec32291ef82e952389f681d06e0cfa7abfa6ceedc7982bc9d7b0e9c6ef"", ""failure_class"": ""force_threshold"", ""max_force_eV_A"": 3.8350747410316126, ""name"": ""bfgs_after_fire"", ""start_geometry_sha256"": ""1cd9b5b4c536805b23f7bdc4d08d287de007ab9d5531d53d43151d4911b93d53"", ""steps"": 300}, {""ase_converged"": false, ""converged"": false, ""end_geometry_sha256"": ""43c523d638102e921189e9e64a24e54d360acbdf44e92cf655bd794a4f6119dc"", ""failure_class"": ""force_threshold"", ""max_force_eV_A"": 0.5125172536399343, ""name"": ""fire_small_step"", ""start_geometry_sha256"": ""eea6afec32291ef82e952389f681d06e0cfa7abfa6ceedc7982bc9d7b0e9c6ef"", ""steps"": 450}]",43c523d638102e921189e9e64a24e54d360acbdf44e92cf655bd794a4f6119dc,,,,,,,,,,,,,,,,,,,,,,,,,,,,,,,,,,,,,,,,,,,,,,,,True,validation_required,0,0,a9a1c3c8810a4acae75a,False,Unconverged clean relaxation: max_force=0.512517 eV/A after 975 cumulative recovery steps
"('DAC', 'Pr', 'Sn', 'N6C2', 'N-carbon_black')",DAC,False,esen-sm-conserving-all-oc25:relax-v3:pyrolysis-v2,True,0.07566891284385624,524,150,0.08,converged,,bfgs_after_fire,"[{""ase_converged"": false, ""converged"": false, ""end_geometry_sha256"": ""7354729bf33f2c16cec0bc55546ecfe19aba55e6395388c73f85cf29524c15ab"", ""failure_class"": ""force_threshold"", ""max_force_eV_A"": 1.1687390886067102, ""name"": ""bfgs_standard"", ""start_geometry_sha256"": ""58c761016190f4121afe907526280048fb150cc9694fbe4353629c56c88e23ee"", ""steps"": 150}, {""ase_converged"": false, ""converged"": false, ""end_geometry_sha256"": ""ce8695a15b88eea7de857777d35747340f3b724523a612d9ee6c57553dbe6131"", ""failure_class"": ""force_threshold"", ""max_force_eV_A"": 31.956427847008694, ""name"": ""fire_precondition"", ""qualifying"": false, ""start_geometry_sha256"": ""58c761016190f4121afe907526280048fb150cc9694fbe4353629c56c88e23ee"", ""steps"": 75}, {""ase_converged"": true, ""converged"": true, ""end_geometry_sha256"": ""991b499e79ce00a0140758a41307c156da4caf3adff9805d210265db767e3a3a"", ""failure_class"": null, ""max_force_eV_A"": 0.07566891284385624, ""name"": ""bfgs_after_fire"", ""start_geometry_sha256"": ""ce8695a15b88eea7de857777d35747340f3b724523a612d9ee6c57553dbe6131"", ""steps"": 299}]",991b499e79ce00a0140758a41307c156da4caf3adff9805d210265db767e3a3a,-122.41020146501356,False,,0.0,100.0,0.08,invalid_initial_geometry,atomic_overlap,none,[],fa07730d6f209f36fbd5397d6a5fe96ce914dbbfdbf8f73df3a1f551088493f8,,,,,,,,,,,,,,,,,,,,,,,,,,,,,,,,,,,,,True,validation_required,2,2,8a858108a1860bd133c9,False,Invalid h initial geometry: atomic_overlap
"('MOF', 'La', 'BTB', 'N6', 18.0)",MOF,True,esen-sm-conserving-all-oc25:relax-v3:pyrolysis-v2,True,0.07636004041418919,521,150,0.08,converged,,bfgs_after_fire,"[{""ase_converged"": false, ""converged"": false, ""end_geometry_sha256"": ""956ae0257e951d74323409c6e8819be342a25707d481ef0c2d720bd5a025b163"", ""failure_class"": ""force_threshold"", ""max_force_eV_A"": 0.10713047298196066, ""name"": ""bfgs_standard"", ""start_geometry_sha256"": ""030415a3a4f707a78e5d04989fdbda1b2583a5946c329ffbd542e67a4fe32576"", ""steps"": 150}, {""ase_converged"": false, ""converged"": false, ""end_geometry_sha256"": ""ff6373235b9be2dee3a3d8b07000b92c68b323fb9438d1ea28b0e9c62082901d"", ""failure_class"": ""force_threshold"", ""max_force_eV_A"": 23.743162204027467, ""name"": ""fire_precondition"", ""qualifying"": false, ""start_geometry_sha256"": ""030415a3a4f707a78e5d04989fdbda1b2583a5946c329ffbd542e67a4fe32576"", ""steps"": 75}, {""ase_converged"": true, ""converged"": true, ""end_geometry_sha256"": ""58231337ac8434f21ca4b4044bfdfeb757ec97f90b49ce7bf07cce1d57c468ec"", ""failure_class"": null, ""max_force_eV_A"": 0.07636004041418919, ""name"": ""bfgs_after_fire"", ""start_geometry_sha256"": ""ff6373235b9be2dee3a3d8b07000b92c68b323fb9438d1ea28b0e9c62082901d"", ""steps"": 296}]",58231337ac8434f21ca4b4044bfdfeb757ec97f90b49ce7bf07cce1d57c468ec,-146.35219233255847,True,0.06842826761261499,25.0,100.0,0.08,converged,,bfgs_standard,"[{""ase_converged"": true, ""converged"": true, ""end_geometry_sha256"": ""5feff66ea95413813dfb2b2738086327fa30c9bd504f714f3d0444a8ad435980"", ""failure_class"": null, ""max_force_eV_A"": 0.06842826761261499, ""name"": ""bfgs_standard"", ""start_geometry_sha256"": ""ed8f30178a92f5178237c7e319b02b435dba66a7e1444f44865f16047d67f405"", ""steps"": 25}]",5feff66ea95413813dfb2b2738086327fa30c9bd504f714f3d0444a8ad435980,2.5361036285757983,True,0.06621829489037744,67.0,100.0,0.08,converged,,bfgs_standard,"[{""ase_converged"": true, ""converged"": true, ""end_geometry_sha256"": ""f02b0f6a4d6f444831e4d8830352345b1aab654a0cabfaf3ed21d728f2b17704"", ""failure_class"": null, ""max_force_eV_A"": 0.06621829489037744, ""name"": ""bfgs_standard"", ""start_geometry_sha256"": ""f3a6b5768879d9c8c4d172cb928207809241decf42ece2ce45c451fc798c0beb"", ""steps"": 67}]",f02b0f6a4d6f444831e4d8830352345b1aab654a0cabfaf3ed21d728f2b17704,-0.5863091945648158,True,0.0677069743803327,56.0,100.0,0.08,converged,,bfgs_standard,"[{""ase_converged"": true, ""converged"": true, ""end_geometry_sha256"": ""3d1bdd60ebea8b082a6c12a1a6af7bdce75a313f374facba5e8b43703f1be167"", ""failure_class"": null, ""max_force_eV_A"": 0.0677069743803327, ""name"": ""bfgs_standard"", ""start_geometry_sha256"": ""58e4e949a1792fcf2a08de82920110d23bd39bfb0200b89fa6d8e6121f1c512a"", ""steps"": 56}]",3d1bdd60ebea8b082a6c12a1a6af7bdce75a313f374facba5e8b43703f1be167,5.943021684885039,4.906203746795654,3.9624814987182617,candidate,,0.8708144277334426,,-0.18932541902312322,1.0714506754530181e-07,1000.0,0.0,False,False,0.34000000003499997,True,quantitative_screening,1,1,024d08ed05ddc4c2924c,False,
"('MOF', 'Nd', 'Phthalocyanine', 'N3P', 30.0)",MOF,False,esen-sm-conserving-all-oc25:relax-v3:pyrolysis-v2,True,0.07841801047407747,574,150,0.08,converged,,fire_small_step,"[{""ase_converged"": false, ""converged"": false, ""end_geometry_sha256"": ""38bd76eb20d42009e013d2f0917fb8e0e482ae41b696639caf08ff3907a3a537"", ""failure_class"": ""force_threshold"", ""max_force_eV_A"": 0.20225961650556837, ""name"": ""bfgs_standard"", ""start_geometry_sha256"": ""ceaa433c3c7fb9f77e6c61280f9aff561af353dd667ec559eddd503f7710aa19"", ""steps"": 150}, {""ase_converged"": false, ""converged"": false, ""end_geometry_sha256"": ""0f6f5a1d7871910d9fe40c95160b5dc0e4c0dd4d9c95f28ba41cef39149bfc08"", ""failure_class"": ""force_threshold"", ""max_force_eV_A"": 13.469812180000208, ""name"": ""fire_precondition"", ""qualifying"": false, ""start_geometry_sha256"": ""ceaa433c3c7fb9f77e6c61280f9aff561af353dd667ec559eddd503f7710aa19"", ""steps"": 75}, {""ase_converged"": false, ""converged"": false, ""end_geometry_sha256"": ""6d16321994d5e3d61fe00729ae416ece0b1015b5e1b5b5b9636fc9cf40c6eae0"", ""failure_class"": ""force_threshold"", ""max_force_eV_A"": 0.3154148476850911, ""name"": ""bfgs_after_fire"", ""start_geometry_sha256"": ""0f6f5a1d7871910d9fe40c95160b5dc0e4c0dd4d9c95f28ba41cef39149bfc08"", ""steps"": 300}, {""ase_converged"": true, ""converged"": true, ""end_geometry_sha256"": ""133ed0734e9a2251aa1a79f253fa674279216f328c33df469146364fc4b4c44b"", ""failure_class"": null, ""max_force_eV_A"": 0.07841801047407747, ""name"": ""fire_small_step"", ""start_geometry_sha256"": ""38bd76eb20d42009e013d2f0917fb8e0e482ae41b696639caf08ff3907a3a537"", ""steps"": 49}]",133ed0734e9a2251aa1a79f253fa674279216f328c33df469146364fc4b4c44b,-168.42995487407347,True,0.07703616802097676,207.0,100.0,0.08,converged,,bfgs_after_fire,"[{""ase_converged"": false, ""converged"": false, ""end_geometry_sha256"": ""278e66638d5e3df5e187502d2b30ba9e2805f0b04b7c8d2ac8d0e07b5fd65a9e"", ""failure_class"": ""force_threshold"", ""max_force_eV_A"": 0.5657258552561203, ""name"": ""bfgs_standard"", ""start_geometry_sha256"": ""eab320fc51622649af51d4baaecf74e2f9dfb073d7065019b24abf18e2dc83d4"", ""steps"": 100}, {""ase_converged"": true, ""converged"": true, ""end_geometry_sha256"": ""9ec51c7f4f91ab453bcbe46c822de496d0381c5c0050bf35983f1a65df3a7b46"", ""failure_class"": null, ""max_force_eV_A"": 0.24968991229413776, ""name"": ""fire_precondition"", ""qualifying"": false, ""start_geometry_sha256"": ""eab320fc51622649af51d4baaecf74e2f9dfb073d7065019b24abf18e2dc83d4"", ""steps"": 37}, {""ase_converged"": true, ""converged"": true, ""end_geometry_sha256"": ""96d39cd42d033e4c4bf08b00462e60edd644485d2376517fc42d6b8d8777d397"", ""failure_class"": null, ""max_force_eV_A"": 0.07703616802097676, ""name"": ""bfgs_after_fire"", ""start_geometry_sha256"": ""9ec51c7f4f91ab453bcbe46c822de496d0381c5c0050bf35983f1a65df3a7b46"", ""steps"": 70}]",96d39cd42d033e4c4bf08b00462e60edd644485d2376517fc42d6b8d8777d397,-1.364715196192268,True,0.07895023038798374,632.0,100.0,0.08,converged,,fire_small_step,"[{""ase_converged"": false, ""converged"": false, ""end_geometry_sha256"": ""ad35061606efcc981542aac72fe9bfc45e1d59ef5d8542fc1ab66571093f3e45"", ""failure_class"": ""force_threshold"", ""max_force_eV_A"": 0.5073237911257551, ""name"": ""bfgs_standard"", ""start_geometry_sha256"": ""f217ce42af2d1752efffa722b169c91592629ae846bdafd0d74f5d48fe626eb5"", ""steps"": 100}, {""ase_converged"": false, ""converged"": false, ""end_geometry_sha256"": ""e744baf9508a46fb21353d62093724a4b17c83c5408d6e5e8f1da965f7ea7ff7"", ""failure_class"": ""force_threshold"", ""max_force_eV_A"": 1.604505604117554, ""name"": ""fire_precondition"", ""qualifying"": false, ""start_geometry_sha256"": ""f217ce42af2d1752efffa722b169c91592629ae846bdafd0d74f5d48fe626eb5"", ""steps"": 50}, {""ase_converged"": false, ""converged"": false, ""end_geometry_sha256"": ""055d52b6e361a214031ca2f8f4dc6933d2101e31f0bbb72129a2036c8870d7c7"", ""failure_class"": ""force_threshold"", ""max_force_eV_A"": 0.8102935714498257, ""name"": ""bfgs_after_fire"", ""start_geometry_sha256"": ""e744baf9508a46fb21353d62093724a4b17c83c5408d6e5e8f1da965f7ea7ff7"", ""steps"": 200}, {""ase_converged"": true, ""converged"": true, ""end_geometry_sha256"": ""8db07a6ec1dd4a38b3d42db830614ecc76437713c0837a1ada97dc9d6ae293bd"", ""failure_class"": null, ""max_force_eV_A"": 0.07895023038798374, ""name"": ""fire_small_step"", ""start_geometry_sha256"": ""ad35061606efcc981542aac72fe9bfc45e1d59ef5d8542fc1ab66571093f3e45"", ""steps"": 282}]",8db07a6ec1dd4a38b3d42db830614ecc76437713c0837a1ada97dc9d6ae293bd,-20.676468610763575,True,0.07928300960688928,376.0,100.0,0.08,converged,,fire_small_step,"[{""ase_converged"": false, ""converged"": false, ""end_geometry_sha256"": ""570d871e83b113da4291f4566df81a06ad87470030b18102ff857a6421cdddc1"", ""failure_class"": ""force_threshold"", ""max_force_eV_A"": 0.49225640410305316, ""name"": ""bfgs_standard"", ""start_geometry_sha256"": ""7d087db8cbd02abefd80420c92aab6c57085fab04fb7ae672275a5c48665bcf6"", ""steps"": 100}, {""ase_converged"": false, ""converged"": false, ""end_geometry_sha256"": ""c8294c6b480a7ef57cc4fe468e5af32c400089bc4688ac14d0bbd10c6d78e4bc"", ""failure_class"": ""force_threshold"", ""max_force_eV_A"": 0.2590517485202213, ""name"": ""fire_precondition"", ""qualifying"": false, ""start_geometry_sha256"": ""7d087db8cbd02abefd80420c92aab6c57085fab04fb7ae672275a5c48665bcf6"", ""steps"": 50}, {""ase_converged"": false, ""converged"": false, ""end_geometry_sha256"": ""80bdedd442aa565b1c83918545a4a2d57244fa43c786b9a7a3318727827c9b88"", ""failure_class"": ""force_threshold"", ""max_force_eV_A"": 0.1695901307290304, ""name"": ""bfgs_after_fire"", ""start_geometry_sha256"": ""c8294c6b480a7ef57cc4fe468e5af32c400089bc4688ac14d0bbd10c6d78e4bc"", ""steps"": 200}, {""ase_converged"": true, ""converged"": true, ""end_geometry_sha256"": ""7267e2a502e6c1016b3499b8111cfc350bc40a9eb0688d7938f13e33eb53c1fc"", ""failure_class"": null, ""max_force_eV_A"": 0.07928300960688928, ""name"": ""fire_small_step"", ""start_geometry_sha256"": ""80bdedd442aa565b1c83918545a4a2d57244fa43c786b9a7a3318727827c9b88"", ""steps"": 26}]",7267e2a502e6c1016b3499b8111cfc350bc40a9eb0688d7938f13e33eb53c1fc,-11.678957194089904,-19.08477461338046,0.01,candidate,,-8.949526801705368,,-0.44985963290811243,8904349914533.771,1000.0,0.0,False,,,True,validation_required,0,0,9226925fc4f046e32cb3,False,Unphysical dE_CH3=-20.68 eV (|val|>10.0)
"('MOF', 'Gd', 'Imidazolate', 'N2O2', 10.0)",MOF,True,esen-sm-conserving-all-oc25:relax-v3:pyrolysis-v2,True,0.07507491891627806,13,150,0.08,converged,,bfgs_standard,"[{""ase_converged"": true, ""converged"": true, ""end_geometry_sha256"": ""ae79eab8b01814578b6746d08a868092baa05d7588d4b8881d26b198d7f68b54"", ""failure_class"": null, ""max_force_eV_A"": 0.07507491891627806, ""name"": ""bfgs_standard"", ""start_geometry_sha256"": ""103794abb72ace4334a892844ada580666afe8ab3e8222fae347b72465e3cf65"", ""steps"": 13}]",ae79eab8b01814578b6746d08a868092baa05d7588d4b8881d26b198d7f68b54,-127.43772226861742,True,0.07802181921643944,56.0,100.0,0.08,converged,,bfgs_standard,"[{""ase_converged"": true, ""converged"": true, ""end_geometry_sha256"": ""9ac3ee29e1e7291d7b7b65252197030a024e548c0b11feb280e7c97f5f8f7b66"", ""failure_class"": null, ""max_force_eV_A"": 0.07802181921643944, ""name"": ""bfgs_standard"", ""start_geometry_sha256"": ""89efbcda821b5da05eaa5b3b1f16f345e6d70dc5908f7e7ba2f8aad1c63ea585"", ""steps"": 56}]",9ac3ee29e1e7291d7b7b65252197030a024e548c0b11feb280e7c97f5f8f7b66,-1.4750858321785962,True,0.07875567996803436,51.0,100.0,0.08,converged,,bfgs_standard,"[{""ase_converged"": true, ""converged"": true, ""end_geometry_sha256"": ""3c9f8a5e5c36828e8ef513949b719e7b6c7a9b0494403b9677191838433d5c83"", ""failure_class"": null, ""max_force_eV_A"": 0.07875567996803436, ""name"": ""bfgs_standard"", ""start_geometry_sha256"": ""0041aea4dac6e8318d08d40157117e68dbaadddc591013d43023b72e2c2f4eb5"", ""steps"": 51}]",3c9f8a5e5c36828e8ef513949b719e7b6c7a9b0494403b9677191838433d5c83,-4.132213354110714,True,0.07101613886146803,68.0,100.0,0.08,converged,,bfgs_standard,"[{""ase_converged"": true, ""converged"": true, ""end_geometry_sha256"": ""c9de07d3983a672b931d061f40e55cf507af0969ea0de59f0dbf8ddf8832f47d"", ""failure_class"": null, ""max_force_eV_A"": 0.07101613886146803, ""name"": ""bfgs_standard"", ""start_geometry_sha256"": ""6699b4fbf60a040406b38d7ded737ee1a7f434c28238d109fa0e1f95eab672e8"", ""steps"": 68}]",c9de07d3983a672b931d061f40e55cf507af0969ea0de59f0dbf8ddf8832f47d,3.7406232655048512,-2.6508899927139282,0.9396440029144286,candidate,,6.690794929862044,,-0.1546284346796824,183824186.25438347,1000.0,-0.415216621003492,False,False,0.34000000003499997,True,quantitative_screening,2,2,3d5214ac601fab39a407,False,
"('MOF', 'Al', 'Oxalate', 'N2Se2', 18.0)",MOF,True,esen-sm-conserving-all-oc25:relax-v3:pyrolysis-v2,True,0.07833160530922768,422,150,0.08,converged,,bfgs_after_fire,"[{""ase_converged"": false, ""converged"": false, ""end_geometry_sha256"": ""cab1db0f855361d7ff6bb6adb37772a8803a30329c99c71a63e642e944221692"", ""failure_class"": ""force_threshold"", ""max_force_eV_A"": 0.2449508336305042, ""name"": ""bfgs_standard"", ""start_geometry_sha256"": ""795b6357059f877f84d6260dc1294182d7934e2274a1ea87b192c5573a5f4a4b"", ""steps"": 150}, {""ase_converged"": true, ""converged"": true, ""end_geometry_sha256"": ""29db6d184313f121faf22f5ec4623184ee567000acbcb69a9260535bfeab447a"", ""failure_class"": null, ""max_force_eV_A"": 0.2217867594337117, ""name"": ""fire_precondition"", ""qualifying"": false, ""start_geometry_sha256"": ""795b6357059f877f84d6260dc1294182d7934e2274a1ea87b192c5573a5f4a4b"", ""steps"": 31}, {""ase_converged"": true, ""converged"": true, ""end_geometry_sha256"": ""ef9c8a67e28a240b6cfa36a6e53689a5b45ef20ceef95f226bc5d9cad5e8b541"", ""failure_class"": null, ""max_force_eV_A"": 0.07833160530922768, ""name"": ""bfgs_after_fire"", ""start_geometry_sha256"": ""29db6d184313f121faf22f5ec4623184ee567000acbcb69a9260535bfeab447a"", ""steps"": 241}]",ef9c8a67e28a240b6cfa36a6e53689a5b45ef20ceef95f226bc5d9cad5e8b541,-123.25005238635646,True,0.06460642414503301,56.0,100.0,0.08,converged,,bfgs_standard,"[{""ase_converged"": true, ""converged"": true, ""end_geometry_sha256"": ""4a8e924a1fc3344662ee9a0446524144a5d3afa1ca331e326a8141d430059596"", ""failure_class"": null, ""max_force_eV_A"": 0.06460642414503301, ""name"": ""bfgs_standard"", ""start_geometry_sha256"": ""834ea9e61a40436bfa7460977c24c7f448b66a2f427bc546cddcd1395c80ad9f"", ""steps"": 56}]",4a8e924a1fc3344662ee9a0446524144a5d3afa1ca331e326a8141d430059596,-1.7608219161629712,True,0.0708326186173685,274.0,100.0,0.08,converged,,bfgs_after_fire,"[{""ase_converged"": false, ""converged"": false, ""end_geometry_sha256"": ""4681e5e7c297cf7f0dfbf13e8ced26456bafba791be821fc1bb19055a6493bc9"", ""failure_class"": ""force_threshold"", ""max_force_eV_A"": 0.17813397385352253, ""name"": ""bfgs_standard"", ""start_geometry_sha256"": ""2476266635cfc0f919399597d44690dd19d732e9dc48aa2d852859403d6c8960"", ""steps"": 100}, {""ase_converged"": false, ""converged"": false, ""end_geometry_sha256"": ""1d97dca1305e1d6993643de3ffc155ad858e0e97975331d2d636615746638bfc"", ""failure_class"": ""force_threshold"", ""max_force_eV_A"": 0.5227339308858134, ""name"": ""fire_precondition"", ""qualifying"": false, ""start_geometry_sha256"": ""2476266635cfc0f919399597d44690dd19d732e9dc48aa2d852859403d6c8960"", ""steps"": 50}, {""ase_converged"": true, ""converged"": true, ""end_geometry_sha256"": ""aa1389d554111d41fc7d6479cc58f9c4cd9eefca129cb5887f4de5141c05bf53"", ""failure_class"": null, ""max_force_eV_A"": 0.0708326186173685, ""name"": ""bfgs_after_fire"", ""start_geometry_sha256"": ""1d97dca1305e1d6993643de3ffc155ad858e0e97975331d2d636615746638bfc"", ""steps"": 124}]",aa1389d554111d41fc7d6479cc58f9c4cd9eefca129cb5887f4de5141c05bf53,-4.237736463546778,True,0.07647469003143526,452.0,100.0,0.08,converged,,fire_small_step,"[{""ase_converged"": false, ""converged"": false, ""end_geometry_sha256"": ""234a2e123b2023a518d8436c296fc8923cca714f3168b08bf39673bd10240c1f"", ""failure_class"": ""force_threshold"", ""max_force_eV_A"": 0.28030020543655915, ""name"": ""bfgs_standard"", ""start_geometry_sha256"": ""6d828f40def0002e1d53bf9b03be534f2ad0d482c8982af73d00f800807e9dc2"", ""steps"": 100}, {""ase_converged"": true, ""converged"": true, ""end_geometry_sha256"": ""104a38706a17ca475e30660976ca06f5d43ec9c0bac8eb1133083779cad0660c"", ""failure_class"": null, ""max_force_eV_A"": 0.20368875162215783, ""name"": ""fire_precondition"", ""qualifying"": false, ""start_geometry_sha256"": ""6d828f40def0002e1d53bf9b03be534f2ad0d482c8982af73d00f800807e9dc2"", ""steps"": 43}, {""ase_converged"": false, ""converged"": false, ""end_geometry_sha256"": ""b36f43359efd2c0df3303a61522b57d4367efa12fe0e44c0b3f3a0c4776d3344"", ""failure_class"": ""force_threshold"", ""max_force_eV_A"": 0.28723431650302, ""name"": ""bfgs_after_fire"", ""start_geometry_sha256"": ""104a38706a17ca475e30660976ca06f5d43ec9c0bac8eb1133083779cad0660c"", ""steps"": 200}, {""ase_converged"": true, ""converged"": true, ""end_geometry_sha256"": ""b4f938bc9d7ef68acedfdccae4b86815e39f4bb1f8557126bbe8f930068c8d3b"", ""failure_class"": null, ""max_force_eV_A"": 0.07647469003143526, ""name"": ""fire_small_step"", ""start_geometry_sha256"": ""104a38706a17ca475e30660976ca06f5d43ec9c0bac8eb1133083779cad0660c"", ""steps"": 109}]",b4f938bc9d7ef68acedfdccae4b86815e39f4bb1f8557126bbe8f930068c8d3b,2.8450736105441905,-3.0421490669250772,0.7831403732299691,candidate,,6.366717442870133,,-0.007232914184129413,1130176391.383183,1000.0,0.0,False,False,0.480000000035,True,quantitative_screening,1,1,fd5dc46b1ca8647ef013,False,
"('COF', 'Ce', 'Squaraine', 'N2P2', 16.0)",COF,True,esen-sm-conserving-all-oc25:relax-v3:pyrolysis-v2,True,0.07251381023026558,373,150,0.08,converged,,bfgs_after_fire,"[{""ase_converged"": false, ""converged"": false, ""end_geometry_sha256"": ""8608ce509d12a21ef1eeeb5a72ee4992285fd6118d00095ef1f8a049c96a4fb6"", ""failure_class"": ""force_threshold"", ""max_force_eV_A"": 0.23120906318358608, ""name"": ""bfgs_standard"", ""start_geometry_sha256"": ""de623f8266143deea3c937b46ddb6a3a8d8a89d05c0cf37962483d57e565c54f"", ""steps"": 150}, {""ase_converged"": false, ""converged"": false, ""end_geometry_sha256"": ""ba1b442325e6e39182eebce5af37f3a6b5f767ec217ad673b57b9c02da750ac0"", ""failure_class"": ""force_threshold"", ""max_force_eV_A"": 3.703993550338219, ""name"": ""fire_precondition"", ""qualifying"": false, ""start_geometry_sha256"": ""de623f8266143deea3c937b46ddb6a3a8d8a89d05c0cf37962483d57e565c54f"", ""steps"": 75}, {""ase_converged"": true, ""converged"": true, ""end_geometry_sha256"": ""164ec0ab02b13cf4024881d15b1ebe817bed581b0f9d1271fc08d0ade3164ec6"", ""failure_class"": null, ""max_force_eV_A"": 0.07251381023026558, ""name"": ""bfgs_after_fire"", ""start_geometry_sha256"": ""ba1b442325e6e39182eebce5af37f3a6b5f767ec217ad673b57b9c02da750ac0"", ""steps"": 148}]",164ec0ab02b13cf4024881d15b1ebe817bed581b0f9d1271fc08d0ade3164ec6,-119.84194137030411,True,0.0758866667162958,36.0,100.0,0.08,converged,,bfgs_standard,"[{""ase_converged"": true, ""converged"": true, ""end_geometry_sha256"": ""1d9a336557140ba190453c9a4fb110bc7cc248617da4b8b1360d0bea40e90e2d"", ""failure_class"": null, ""max_force_eV_A"": 0.0758866667162958, ""name"": ""bfgs_standard"", ""start_geometry_sha256"": ""dd1d0dd6487f288bbdbc5f985e7e78d2f3f86c90a049d017c3f2ef2ccfc25aaa"", ""steps"": 36}]",1d9a336557140ba190453c9a4fb110bc7cc248617da4b8b1360d0bea40e90e2d,0.7346528992056811,True,0.07636108062845715,304.0,100.0,0.08,converged,,bfgs_after_fire,"[{""ase_converged"": false, ""converged"": false, ""end_geometry_sha256"": ""756a67293b8efb4b4e30eb10b5170f72788c5eb2f62739bfd616e9bd0a79c0fe"", ""failure_class"": ""force_threshold"", ""max_force_eV_A"": 0.26392001538175863, ""name"": ""bfgs_standard"", ""start_geometry_sha256"": ""a36a32cc8a5be25003cdf32dbd8e9de3e063f6553e54cb28d0a89a5a408718c6"", ""steps"": 100}, {""ase_converged"": true, ""converged"": true, ""end_geometry_sha256"": ""c5992b29a186d1a27a05edf7c9227dd2fc1e7dbac3a29322acbab558140a3a46"", ""failure_class"": null, ""max_force_eV_A"": 0.24942454580506424, ""name"": ""fire_precondition"", ""qualifying"": false, ""start_geometry_sha256"": ""a36a32cc8a5be25003cdf32dbd8e9de3e063f6553e54cb28d0a89a5a408718c6"", ""steps"": 33}, {""ase_converged"": true, ""converged"": true, ""end_geometry_sha256"": ""ac09c47b3b66b9d4ffcc0ec551e9ae8e0a3690d56aa7a8633193af5bbfb92974"", ""failure_class"": null, ""max_force_eV_A"": 0.07636108062845715, ""name"": ""bfgs_after_fire"", ""start_geometry_sha256"": ""c5992b29a186d1a27a05edf7c9227dd2fc1e7dbac3a29322acbab558140a3a46"", ""steps"": 171}]",ac09c47b3b66b9d4ffcc0ec551e9ae8e0a3690d56aa7a8633193af5bbfb92974,-3.591500520706173,True,0.07460439216346657,63.0,100.0,0.08,converged,,bfgs_standard,"[{""ase_converged"": true, ""converged"": true, ""end_geometry_sha256"": ""5317e16f87f79e54d784a20af0b723eafcb8312515ad195734ac668bc4d8be81"", ""failure_class"": null, ""max_force_eV_A"": 0.07460439216346657, ""name"": ""bfgs_standard"", ""start_geometry_sha256"": ""0d4cc0a012d8b9ec2c1c42c6e1eca9eeaa3dc9f4ffc5d18fc07bec12b64d26de"", ""steps"": 63}]",5317e16f87f79e54d784a20af0b723eafcb8312515ad195734ac668bc4d8be81,3.0689227879047536,0.09956157207489014,2.039824628829956,candidate,,1.5996169894933914,,-0.810095770703397,524.4889389593989,1000.0,0.0,False,False,0.307500000035,True,quantitative_screening,2,2,714c1df4dd6e4fb11f15,False,
"('COF', 'Nd', 'Amide', 'N2P2', 16.0)",COF,False,esen-sm-conserving-all-oc25:relax-v3:pyrolysis-v2,True,0.068502041121753,283,150,0.08,converged,,bfgs_after_fire,"[{""ase_converged"": false, ""converged"": false, ""end_geometry_sha256"": ""8a2b396bf47edba3953d2b352c9bced3b2fe9c0cedc6aa7249b435acac0615c3"", ""failure_class"": ""force_threshold"", ""max_force_eV_A"": 0.14654010453144323, ""name"": ""bfgs_standard"", ""start_geometry_sha256"": ""f16df14f34b4199c598358ca8e3d3a401dad879fe531a8a578d2c343f1cf1218"", ""steps"": 150}, {""ase_converged"": false, ""converged"": false, ""end_geometry_sha256"": ""923d58daed171708236ea6e08cc63b5387e51308757adf5f6f17a72f29b3e7f0"", ""failure_class"": ""force_threshold"", ""max_force_eV_A"": 4.513439302867842, ""name"": ""fire_precondition"", ""qualifying"": false, ""start_geometry_sha256"": ""f16df14f34b4199c598358ca8e3d3a401dad879fe531a8a578d2c343f1cf1218"", ""steps"": 75}, {""ase_converged"": true, ""converged"": true, ""end_geometry_sha256"": ""6d8895d04a5150998de551f235bc023dadb024012fb70fa361ebade2b1a9b5cd"", ""failure_class"": null, ""max_force_eV_A"": 0.068502041121753, ""name"": ""bfgs_after_fire"", ""start_geometry_sha256"": ""923d58daed171708236ea6e08cc63b5387e51308757adf5f6f17a72f29b3e7f0"", ""steps"": 58}]",6d8895d04a5150998de551f235bc023dadb024012fb70fa361ebade2b1a9b5cd,-111.09302381141615,True,0.07050444652867742,324.0,100.0,0.08,converged,,bfgs_after_fire,"[{""ase_converged"": false, ""converged"": false, ""end_geometry_sha256"": ""6a97df05f86117a8ccf8468cf45b9410a21bf63f493d9e549519d09233808e88"", ""failure_class"": ""force_threshold"", ""max_force_eV_A"": 0.11549156614125378, ""name"": ""bfgs_standard"", ""start_geometry_sha256"": ""28f37951059edc470423281c62050ed3bfe87f4c917fd5f22ae6bb52ca928b71"", ""steps"": 100}, {""ase_converged"": false, ""converged"": false, ""end_geometry_sha256"": ""7d3e3411be97ecf3ba24c0af3ca096a333557618806871213c56100329546277"", ""failure_class"": ""force_threshold"", ""max_force_eV_A"": 0.6655337858898522, ""name"": ""fire_precondition"", ""qualifying"": false, ""start_geometry_sha256"": ""28f37951059edc470423281c62050ed3bfe87f4c917fd5f22ae6bb52ca928b71"", ""steps"": 50}, {""ase_converged"": true, ""converged"": true, ""end_geometry_sha256"": ""abba32530b48f198051e656410cf5a762a85e3e7142e9df0401facb7b13b596c"", ""failure_class"": null, ""max_force_eV_A"": 0.07050444652867742, ""name"": ""bfgs_after_fire"", ""start_geometry_sha256"": ""7d3e3411be97ecf3ba24c0af3ca096a333557618806871213c56100329546277"", ""steps"": 174}]",abba32530b48f198051e656410cf5a762a85e3e7142e9df0401facb7b13b596c,-10.534141160547737,True,0.05883768269997751,308.0,100.0,0.08,converged,,bfgs_after_fire,"[{""ase_converged"": false, ""converged"": false, ""end_geometry_sha256"": ""5d9677398b28fac9b8b9b76cae7d070317d5969bf350b05f80a030d6d9278b4d"", ""failure_class"": ""force_threshold"", ""max_force_eV_A"": 0.21865842974691682, ""name"": ""bfgs_standard"", ""start_geometry_sha256"": ""46d3b59b27b8dbf466b9f8580805200399fb0919b0e80ff8bc49235ab68da8b5"", ""steps"": 100}, {""ase_converged"": false, ""converged"": false, ""end_geometry_sha256"": ""7ab4c41a30c13196c195fa7965b1169a7abc0a79200d5122cbd8ef2a97571c7b"", ""failure_class"": ""force_threshold"", ""max_force_eV_A"": 1.3157716492653941, ""name"": ""fire_precondition"", ""qualifying"": false, ""start_geometry_sha256"": ""46d3b59b27b8dbf466b9f8580805200399fb0919b0e80ff8bc49235ab68da8b5"", ""steps"": 50}, {""ase_converged"": true, ""converged"": true, ""end_geometry_sha256"": ""ef6e2921fc92f3174825ba64cb353c30d2e04b549f2f38155cf56c246b15a41a"", ""failure_class"": null, ""max_force_eV_A"": 0.05883768269997751, ""name"": ""bfgs_after_fire"", ""start_geometry_sha256"": ""7ab4c41a30c13196c195fa7965b1169a7abc0a79200d5122cbd8ef2a97571c7b"", ""steps"": 158}]",ef6e2921fc92f3174825ba64cb353c30d2e04b549f2f38155cf56c246b15a41a,-13.698780298233029,True,0.07924936408723962,327.0,100.0,0.08,converged,,bfgs_after_fire,"[{""ase_converged"": false, ""converged"": false, ""end_geometry_sha256"": ""3fc82d290a19440017ecba5a222c5d2f1e312c091469d06d3274eb8ec15b1b72"", ""failure_class"": ""force_threshold"", ""max_force_eV_A"": 0.44602650967066937, ""name"": ""bfgs_standard"", ""start_geometry_sha256"": ""4baad056f05e6a8a74818cd8af58d8a64f52d1ea1b6fa1b592e73c6503d8e54f"", ""steps"": 100}, {""ase_converged"": false, ""converged"": false, ""end_geometry_sha256"": ""610e0b3e1d86b5cec8b4ac4db6fe3fb249045550be2f33e4a32fd5289e66dd3d"", ""failure_class"": ""force_threshold"", ""max_force_eV_A"": 4.5283783649896066, ""name"": ""fire_precondition"", ""qualifying"": false, ""start_geometry_sha256"": ""4baad056f05e6a8a74818cd8af58d8a64f52d1ea1b6fa1b592e73c6503d8e54f"", ""steps"": 50}, {""ase_converged"": true, ""converged"": true, ""end_geometry_sha256"": ""b61101cc600978a167b678b91c370e1f02447f82bfcdf12219743332abde2fd9"", ""failure_class"": null, ""max_force_eV_A"": 0.07924936408723962, ""name"": ""bfgs_after_fire"", ""start_geometry_sha256"": ""610e0b3e1d86b5cec8b4ac4db6fe3fb249045550be2f33e4a32fd5289e66dd3d"", ""steps"": 177}]",b61101cc600978a167b678b91c370e1f02447f82bfcdf12219743332abde2fd9,-8.95250245928763,-21.276512265205383,0.01,candidate,,12.115779861807844,,-0.5757557052958091,8904349914533.771,1000.0,0.0,False,,,True,validation_required,2,2,4aa2eaa650cb74f19e3f,False,Unphysical dE_H=-10.53 eV (|val|>10.0)
"('COF', 'Al', 'Triazine', 'N2P2', 16.0)",COF,True,esen-sm-conserving-all-oc25:relax-v3:pyrolysis-v2,True,0.06380167195319043,135,150,0.08,converged,,bfgs_standard,"[{""ase_converged"": true, ""converged"": true, ""end_geometry_sha256"": ""cc074e17d472801300a0b835925ccde17d76274ba95d0b3c134ced60b235aa9c"", ""failure_class"": null, ""max_force_eV_A"": 0.06380167195319043, ""name"": ""bfgs_standard"", ""start_geometry_sha256"": ""da24a0256a0a454f21c6b6d666bcb4a507b8fa3444fecccd50aa21cebe54a613"", ""steps"": 135}]",cc074e17d472801300a0b835925ccde17d76274ba95d0b3c134ced60b235aa9c,-121.34166097064235,True,0.061168355150814334,88.0,100.0,0.08,converged,,bfgs_standard,"[{""ase_converged"": true, ""converged"": true, ""end_geometry_sha256"": ""08004ba13c626937c86babd32ec89931bf457133a165005f894aa3495aa085db"", ""failure_class"": null, ""max_force_eV_A"": 0.061168355150814334, ""name"": ""bfgs_standard"", ""start_geometry_sha256"": ""4d734fe2e64eb82588d6546ac2c1cf9831cc70beb302f467cab7b072cdd8a018"", ""steps"": 88}]",08004ba13c626937c86babd32ec89931bf457133a165005f894aa3495aa085db,-0.5863638892769849,True,0.07774113434922382,85.0,100.0,0.08,converged,,bfgs_standard,"[{""ase_converged"": true, ""converged"": true, ""end_geometry_sha256"": ""83e348f5ca65344fdfd981150617300e806eb3d2cee7415e6beb8a903a1a5476"", ""failure_class"": null, ""max_force_eV_A"": 0.07774113434922382, ""name"": ""bfgs_standard"", ""start_geometry_sha256"": ""4cd19ac4a6937172fcbe1c4a610ffc3499ba2d0b56041d49ebf93d8bd39246bb"", ""steps"": 85}]",83e348f5ca65344fdfd981150617300e806eb3d2cee7415e6beb8a903a1a5476,-3.294689893722559,True,0.052296328618156175,57.0,100.0,0.08,converged,,bfgs_standard,"[{""ase_converged"": true, ""converged"": true, ""end_geometry_sha256"": ""41001f5d1b524f5c542a4e775819725ccfca9b4747820fe5df69b6ca8a54f039"", ""failure_class"": null, ""max_force_eV_A"": 0.052296328618156175, ""name"": ""bfgs_standard"", ""start_geometry_sha256"": ""7a04b26f27e99a71820c336f11e4279fb734f99663351a594ae307f38a71d7c7"", ""steps"": 57}]",41001f5d1b524f5c542a4e775819725ccfca9b4747820fe5df69b6ca8a54f039,2.9298317730426646,-0.9246445894241617,1.6301421642303353,candidate,,4.102559551596634,,-0.19410811445573445,60875.85609257607,1000.0,0.0,False,False,0.447500000035,True,quantitative_screening,0,0,9a78e6b9e70df7e2be86,False,
"('COF', 'Ga', 'Olefin', 'N2P2', 16.0)",COF,True,esen-sm-conserving-all-oc25:relax-v3:pyrolysis-v2,True,0.07640674497505881,407,150,0.08,converged,,bfgs_after_fire,"[{""ase_converged"": false, ""converged"": false, ""end_geometry_sha256"": ""9aa3c3d9d2f213a39e1e2b6a43120c0909a14ffa390654960436490e7df7b5f5"", ""failure_class"": ""force_threshold"", ""max_force_eV_A"": 0.18471309572927258, ""name"": ""bfgs_standard"", ""start_geometry_sha256"": ""00813943aa263deb62839f5b66e0db83a0faabf408fe04af29e69c5d702a7937"", ""steps"": 150}, {""ase_converged"": false, ""converged"": false, ""end_geometry_sha256"": ""01ec41430e7f788fc64441c8b61d8a5b4b5b5a4ef16ca2dead14a1f96a43304c"", ""failure_class"": ""force_threshold"", ""max_force_eV_A"": 4.447260096271702, ""name"": ""fire_precondition"", ""qualifying"": false, ""start_geometry_sha256"": ""00813943aa263deb62839f5b66e0db83a0faabf408fe04af29e69c5d702a7937"", ""steps"": 75}, {""ase_converged"": true, ""converged"": true, ""end_geometry_sha256"": ""c9b28a8ae2d09d8f5b1f52977a982e8f0989e34dc4bb2c254bbb2c0ed3ce84e4"", ""failure_class"": null, ""max_force_eV_A"": 0.07640674497505881, ""name"": ""bfgs_after_fire"", ""start_geometry_sha256"": ""01ec41430e7f788fc64441c8b61d8a5b4b5b5a4ef16ca2dead14a1f96a43304c"", ""steps"": 182}]",c9b28a8ae2d09d8f5b1f52977a982e8f0989e34dc4bb2c254bbb2c0ed3ce84e4,-118.49063564746353,True,0.06661489459715277,289.0,100.0,0.08,converged,,bfgs_after_fire,"[{""ase_converged"": false, ""converged"": false, ""end_geometry_sha256"": ""3645c9d4269388e39bf60bc4f5e7c121d8402b332153bdf26c4d71cbf1066c44"", ""failure_class"": ""force_threshold"", ""max_force_eV_A"": 0.6560300867551361, ""name"": ""bfgs_standard"", ""start_geometry_sha256"": ""1ce0462e9d16ba48d6ab443c15833c59ad6910caa35ed89587f48846c191ab6e"", ""steps"": 100}, {""ase_converged"": true, ""converged"": true, ""end_geometry_sha256"": ""7d92aa10c8a452a01b46eff314a710facfeded44e08169d885f30287fd0b513f"", ""failure_class"": null, ""max_force_eV_A"": 0.20486846831192623, ""name"": ""fire_precondition"", ""qualifying"": false, ""start_geometry_sha256"": ""1ce0462e9d16ba48d6ab443c15833c59ad6910caa35ed89587f48846c191ab6e"", ""steps"": 25}, {""ase_converged"": true, ""converged"": true, ""end_geometry_sha256"": ""45ebea293df00db17fde23fbaa7d11ff721b1aba7048a36c5d1a344d60745258"", ""failure_class"": null, ""max_force_eV_A"": 0.06661489459715277, ""name"": ""bfgs_after_fire"", ""start_geometry_sha256"": ""7d92aa10c8a452a01b46eff314a710facfeded44e08169d885f30287fd0b513f"", ""steps"": 164}]",45ebea293df00db17fde23fbaa7d11ff721b1aba7048a36c5d1a344d60745258,-2.983106710016731,True,0.07496116587919767,78.0,100.0,0.08,converged,,bfgs_standard,"[{""ase_converged"": true, ""converged"": true, ""end_geometry_sha256"": ""be65b57704c0a79efa4c587ae8a7a480abfb6359496d6071e07e163956b0a94c"", ""failure_class"": null, ""max_force_eV_A"": 0.07496116587919767, ""name"": ""bfgs_standard"", ""start_geometry_sha256"": ""3cfed4541e567795dfc68eb095be43df1cb08037ded0529c78bb6ef2816b5a46"", ""steps"": 78}]",be65b57704c0a79efa4c587ae8a7a480abfb6359496d6071e07e163956b0a94c,-3.932129144668604,True,0.07814860913971265,315.0,100.0,0.08,converged,,bfgs_after_fire,"[{""ase_converged"": false, ""converged"": false, ""end_geometry_sha256"": ""137c8e08764abae61a3a5a02d1b36fca626dfabb42bec036db04626678ea2e60"", ""failure_class"": ""force_threshold"", ""max_force_eV_A"": 0.9994966208139295, ""name"": ""bfgs_standard"", ""start_geometry_sha256"": ""359f345e8e9c769972391565a3714d05b16eef948d6a3cfe27b91099e13f2e12"", ""steps"": 100}, {""ase_converged"": false, ""converged"": false, ""end_geometry_sha256"": ""7af1313c9fd99b60bf50f3fcd4568e58160ff42580f2319ed32b9749bdfc2696"", ""failure_class"": ""force_threshold"", ""max_force_eV_A"": 1.4505995613895584, ""name"": ""fire_precondition"", ""qualifying"": false, ""start_geometry_sha256"": ""359f345e8e9c769972391565a3714d05b16eef948d6a3cfe27b91099e13f2e12"", ""steps"": 50}, {""ase_converged"": true, ""converged"": true, ""end_geometry_sha256"": ""82419ccd10c597335a5ca0c760b753dc5e65a522f601d7fe97980cecfaba6a11"", ""failure_class"": null, ""max_force_eV_A"": 0.07814860913971265, ""name"": ""bfgs_after_fire"", ""start_geometry_sha256"": ""7af1313c9fd99b60bf50f3fcd4568e58160ff42580f2319ed32b9749bdfc2696"", ""steps"": 165}]",82419ccd10c597335a5ca0c760b753dc5e65a522f601d7fe97980cecfaba6a11,0.23203125596045027,-3.958826541900663,0.4164693832397346,candidate,,6.198244675993912,,-0.15002046962486587,79631828391.91876,1000.0,0.0,False,False,0.447500000035,True,quantitative_screening,1,1,b6e0af889d1bba7baa17,False,
"('Perovskite', 'K', 'Ni', 'Rh', 0.2, 'none')",Perovskite,True,esen-sm-conserving-all-oc25:relax-v3:pyrolysis-v2,True,0.057685803669285406,300,150,0.08,converged,,bfgs_after_fire,"[{""ase_converged"": false, ""converged"": false, ""end_geometry_sha256"": ""c0bc8628779617f1111bf58acd3d206a879288fc0c4a2d6526ca3ac000873253"", ""failure_class"": ""force_threshold"", ""max_force_eV_A"": 0.5794967881066473, ""name"": ""bfgs_standard"", ""start_geometry_sha256"": ""0f26a6b55f90bd23caecd357f8e0c90c0718c566a92e72a6991bb77f83430b99"", ""steps"": 150}, {""ase_converged"": true, ""converged"": true, ""end_geometry_sha256"": ""b3488e7a3f29b89064ccb023864be7e3ce5edba972d305c626b7777888a75fbf"", ""failure_class"": null, ""max_force_eV_A"": 0.24947346933810588, ""name"": ""fire_precondition"", ""qualifying"": false, ""start_geometry_sha256"": ""0f26a6b55f90bd23caecd357f8e0c90c0718c566a92e72a6991bb77f83430b99"", ""steps"": 26}, {""ase_converged"": true, ""converged"": true, ""end_geometry_sha256"": ""5e8c53a6fb80d6659c929e9fc9b1f27575db215de07d23fb4b1195050fe11a83"", ""failure_class"": null, ""max_force_eV_A"": 0.057685803669285406, ""name"": ""bfgs_after_fire"", ""start_geometry_sha256"": ""b3488e7a3f29b89064ccb023864be7e3ce5edba972d305c626b7777888a75fbf"", ""steps"": 124}]",5e8c53a6fb80d6659c929e9fc9b1f27575db215de07d23fb4b1195050fe11a83,-293.3195619593436,True,0.07973440748221743,46.0,100.0,0.08,converged,,bfgs_standard,"[{""ase_converged"": true, ""converged"": true, ""end_geometry_sha256"": ""ab9c27d5220df165d89bde2dd9c4560cc2e3c0304f9b8de43f0e0d3f95b077d5"", ""failure_class"": null, ""max_force_eV_A"": 0.07973440748221743, ""name"": ""bfgs_standard"", ""start_geometry_sha256"": ""070d7e3c99fbb66bc4451d26db343ac0d1f5b5f03993481f061ae2804a55e9da"", ""steps"": 46}]",ab9c27d5220df165d89bde2dd9c4560cc2e3c0304f9b8de43f0e0d3f95b077d5,-2.187179185450109,True,0.07583927340006982,84.0,100.0,0.08,converged,,bfgs_standard,"[{""ase_converged"": true, ""converged"": true, ""end_geometry_sha256"": ""5c0f59402d7fa3a9ff1ee8cfcbf8e1c10e7b7ddef7bf87fe6633471ee8d04f9f"", ""failure_class"": null, ""max_force_eV_A"": 0.07583927340006982, ""name"": ""bfgs_standard"", ""start_geometry_sha256"": ""6871dc33a7baf51693a6c67a0cdf3c1aacffd6d25f937a71005b8dd080659c53"", ""steps"": 84}]",5c0f59402d7fa3a9ff1ee8cfcbf8e1c10e7b7ddef7bf87fe6633471ee8d04f9f,-4.013985395431458,True,0.07905396759090685,76.0,100.0,0.08,converged,,bfgs_standard,"[{""ase_converged"": true, ""converged"": true, ""end_geometry_sha256"": ""52399988c311c6f7c9309da60333cf3de822b8c77a384f079429c202f5211a64"", ""failure_class"": null, ""max_force_eV_A"": 0.07905396759090685, ""name"": ""bfgs_standard"", ""start_geometry_sha256"": ""ab32cd09dff2a09f06c1fad36f2454c925d203036d632eacf7806314252a7ccc"", ""steps"": 76}]",52399988c311c6f7c9309da60333cf3de822b8c77a384f079429c202f5211a64,-3.438474863767638,-3.244755387306185,0.01,candidate,,0.93588350713258,,-0.16391112597351026,8904349914533.771,1000.0,0.0,False,True,0.6527014328916925,True,quantitative_screening,0,0,1aa886da381efbceee76,False,
"('Perovskite', 'K', 'Ir', 'Rh', 0.2, 'none')",Perovskite,True,esen-sm-conserving-all-oc25:relax-v3:pyrolysis-v2,True,0.07066183877929763,45,150,0.08,converged,,bfgs_standard,"[{""ase_converged"": true, ""converged"": true, ""end_geometry_sha256"": ""e41d831cbecb835cfca60fbfb0662dca7955efc8a4dd9722c5235b789dc90477"", ""failure_class"": null, ""max_force_eV_A"": 0.07066183877929763, ""name"": ""bfgs_standard"", ""start_geometry_sha256"": ""0e7aa07dd26aba9808cd6cce70ef91709670ff2b92b499d6fbb4150d734f70e1"", ""steps"": 45}]",e41d831cbecb835cfca60fbfb0662dca7955efc8a4dd9722c5235b789dc90477,-336.96498827392026,True,0.07826724083750436,78.0,100.0,0.08,converged,,bfgs_standard,"[{""ase_converged"": true, ""converged"": true, ""end_geometry_sha256"": ""d08fb0be3eb9784b8ffe7c656394d606511a719a885972860ff7dd946cf1c868"", ""failure_class"": null, ""max_force_eV_A"": 0.07826724083750436, ""name"": ""bfgs_standard"", ""start_geometry_sha256"": ""c254ca1120351b074a6dfb7c20b51cdec7bad4852428743ea0b7ffc979c801ac"", ""steps"": 78}]",d08fb0be3eb9784b8ffe7c656394d606511a719a885972860ff7dd946cf1c868,-1.358966447412886,True,0.06953667221416954,78.0,100.0,0.08,converged,,bfgs_standard,"[{""ase_converged"": true, ""converged"": true, ""end_geometry_sha256"": ""85deb09b5431b22cded0211ed08d526ce72646bb54bf2832e6f2de885092a403"", ""failure_class"": null, ""max_force_eV_A"": 0.06953667221416954, ""name"": ""bfgs_standard"", ""start_geometry_sha256"": ""f390840d71b7bb6c4bd5a680cc4c804c16612d02b38cf99e4ab96432defcae32"", ""steps"": 78}]",85deb09b5431b22cded0211ed08d526ce72646bb54bf2832e6f2de885092a403,-1.4399344921111457,True,0.0705978723798008,296.0,100.0,0.08,converged,,bfgs_after_fire,"[{""ase_converged"": false, ""converged"": false, ""end_geometry_sha256"": ""c7835a098645d5d8bedf68fbe7c81ed196a223c7d8f3d9e4acd3fe1169afce6e"", ""failure_class"": ""force_threshold"", ""max_force_eV_A"": 0.11008108816151792, ""name"": ""bfgs_standard"", ""start_geometry_sha256"": ""cb7b528ba2ae38c72d3431e64bded2ac4a2f2b282c1d9d4c3f74659b02ffc5a2"", ""steps"": 100}, {""ase_converged"": false, ""converged"": false, ""end_geometry_sha256"": ""ab4afad33d49bcac3f98b2e0ca677f006639550cc38b79d32af6275747ba9a53"", ""failure_class"": ""force_threshold"", ""max_force_eV_A"": 0.4032621103773825, ""name"": ""fire_precondition"", ""qualifying"": false, ""start_geometry_sha256"": ""cb7b528ba2ae38c72d3431e64bded2ac4a2f2b282c1d9d4c3f74659b02ffc5a2"", ""steps"": 50}, {""ase_converged"": true, ""converged"": true, ""end_geometry_sha256"": ""bff09995fa6d667bda8394dbf70fd16ce2849deb9b23f9f4b354736516b13fa2"", ""failure_class"": null, ""max_force_eV_A"": 0.0705978723798008, ""name"": ""bfgs_after_fire"", ""start_geometry_sha256"": ""ab4afad33d49bcac3f98b2e0ca677f006639550cc38b79d32af6275747ba9a53"", ""steps"": 146}]",bff09995fa6d667bda8394dbf70fd16ce2849deb9b23f9f4b354736516b13fa2,-1.0047018229961537,0.1575082540513506,1.5866295397282428,candidate,,1.7132310718296182,,-0.06413237841492218,100864.6666307014,1000.0,-2.0,False,False,0.6527014328916925,False,quantitative_screening,0,0,9a1bb08ba8389ad89123,False,
"('Perovskite', 'Na', 'Ni', 'Rh', 0.2, 'none')",Perovskite,False,esen-sm-conserving-all-oc25:relax-v3:pyrolysis-v2,True,0.06797395475385241,19,150,0.08,converged,,bfgs_standard,"[{""ase_converged"": true, ""converged"": true, ""end_geometry_sha256"": ""47bd16ccb3b6a28129b5b10b16f2a8d443962a25ff39318dc4850b694cfbebff"", ""failure_class"": null, ""max_force_eV_A"": 0.06797395475385241, ""name"": ""bfgs_standard"", ""start_geometry_sha256"": ""2e8ec4104d279a95d270d8116a1ca39a306f45b1ca6ec2f3f14694e5a054a948"", ""steps"": 19}]",47bd16ccb3b6a28129b5b10b16f2a8d443962a25ff39318dc4850b694cfbebff,-292.092775812609,True,0.0777678990475338,94.0,100.0,0.08,converged,,bfgs_standard,"[{""ase_converged"": true, ""converged"": true, ""end_geometry_sha256"": ""41160700c09563b0fc62dbbcdb8cf7a4d2e5f5760c3061f0344c13f78b8b5060"", ""failure_class"": null, ""max_force_eV_A"": 0.0777678990475338, ""name"": ""bfgs_standard"", ""start_geometry_sha256"": ""c7a96a3fc4db7553bef0f79b497110447987fb6abe0bfed8c118c60794e87af1"", ""steps"": 94}]",41160700c09563b0fc62dbbcdb8cf7a4d2e5f5760c3061f0344c13f78b8b5060,-7.91666755825273,True,0.06461821619510309,80.0,100.0,0.08,converged,,bfgs_standard,"[{""ase_converged"": true, ""converged"": true, ""end_geometry_sha256"": ""1c42955c7394e1e353757534a06c1bb4634ea03479773e71c7b6c35db7bc35cb"", ""failure_class"": null, ""max_force_eV_A"": 0.06461821619510309, ""name"": ""bfgs_standard"", ""start_geometry_sha256"": ""bbbe8ab92f1793e1b34ca50574338d1e1cc6f4048ce315fccb8be7ed88b44bbf"", ""steps"": 80}]",1c42955c7394e1e353757534a06c1bb4634ea03479773e71c7b6c35db7bc35cb,-14.466225385665833,True,0.07013832761548099,93.0,100.0,0.08,converged,,bfgs_standard,"[{""ase_converged"": true, ""converged"": true, ""end_geometry_sha256"": ""cf82bdea1b94ecb1521197625c291d1de52a79d285e2ad47aef82357f5ea9a52"", ""failure_class"": null, ""max_force_eV_A"": 0.07013832761548099, ""name"": ""bfgs_standard"", ""start_geometry_sha256"": ""61ecc29543f5e46107b3913248947467fbd9c44c9feeab39a7893fe98c9b94cb"", ""steps"": 93}]",cf82bdea1b94ecb1521197625c291d1de52a79d285e2ad47aef82357f5ea9a52,-8.066217631101622,-19.42648375034318,0.01,candidate,,7.767117485403837,,-0.19153202556656196,8904349914533.771,1000.0,0.0,False,,,True,validation_required,2,2,b71f500c647b631afe56,False,Unphysical dE_CH3=-14.47 eV (|val|>10.0)
"('Perovskite', 'Na', 'Ir', 'Rh', 0.2, 'none')",Perovskite,True,esen-sm-conserving-all-oc25:relax-v3:pyrolysis-v2,True,0.06865926731769499,115,150,0.08,converged,,bfgs_standard,"[{""ase_converged"": true, ""converged"": true, ""end_geometry_sha256"": ""8e0aadf4276a775e9dc820a222a27290d17a07f8b685e3e4e2fe82403baa1cd2"", ""failure_class"": null, ""max_force_eV_A"": 0.06865926731769499, ""name"": ""bfgs_standard"", ""start_geometry_sha256"": ""684ae34747c5bbe60dd550b953cd782de917885aeb2b8675b3ea936abe406c52"", ""steps"": 115}]",8e0aadf4276a775e9dc820a222a27290d17a07f8b685e3e4e2fe82403baa1cd2,-341.3644838654667,True,0.06899368682368982,59.0,100.0,0.08,converged,,bfgs_standard,"[{""ase_converged"": true, ""converged"": true, ""end_geometry_sha256"": ""da0c4cb5d09bea6a8bf29249f03e064632a2de630784bea83c1ea69f0fcf90c0"", ""failure_class"": null, ""max_force_eV_A"": 0.06899368682368982, ""name"": ""bfgs_standard"", ""start_geometry_sha256"": ""0e236947dd4ef1762879d65a3a89d8f8105eb96b356e84820c74a65b33a26dac"", ""steps"": 59}]",da0c4cb5d09bea6a8bf29249f03e064632a2de630784bea83c1ea69f0fcf90c0,-1.3867717757821403,True,0.07135670049694869,72.0,100.0,0.08,converged,,bfgs_standard,"[{""ase_converged"": true, ""converged"": true, ""end_geometry_sha256"": ""f8fcda3a7bb7e39a8cedd72914ce556282404d1794d094d3ee3672559f350978"", ""failure_class"": null, ""max_force_eV_A"": 0.07135670049694869, ""name"": ""bfgs_standard"", ""start_geometry_sha256"": ""dd3b38897144e7486b80e1f5f8254d9cca6a58ec26e475eab8a2198449e90f32"", ""steps"": 72}]",f8fcda3a7bb7e39a8cedd72914ce556282404d1794d094d3ee3672559f350978,-3.523018598556515,True,0.07292929268121104,69.0,100.0,0.08,converged,,bfgs_standard,"[{""ase_converged"": true, ""converged"": true, ""end_geometry_sha256"": ""f2ffe84151ae5d88507c818ad2869e5c57186024a7940d4be4d268699454285f"", ""failure_class"": null, ""max_force_eV_A"": 0.07292929268121104, ""name"": ""bfgs_standard"", ""start_geometry_sha256"": ""89c049a65acad08629eaa181fe78d771ad98bd06179731f206a07b824ada7705"", ""steps"": 69}]",f2ffe84151ae5d88507c818ad2869e5c57186024a7940d4be4d268699454285f,-1.0047779977321767,-1.9533810615539835,0.4256404161453089,candidate,,1.7687655538321039,,-0.12047832988784535,71592366099.02548,1000.0,-2.0,False,False,0.6527014328916925,False,quantitative_screening,1,1,2cc1d5ad2cea89cac99f,False,
"('MetalHydride', 'Nd', 'complex_borohydride', 'Y', 'CNT', 550)",MetalHydride,True,esen-sm-conserving-all-oc25:relax-v3:pyrolysis-v2,True,0.07676569395086587,554,150,0.08,converged,,fire_small_step,"[{""ase_converged"": false, ""converged"": false, ""end_geometry_sha256"": ""cb35d6bdae66c8ceeed7efa3335e862d083fbf6834be80b526044d10d28fb371"", ""failure_class"": ""force_threshold"", ""max_force_eV_A"": 0.290586405891859, ""name"": ""bfgs_standard"", ""start_geometry_sha256"": ""6be0d806ce545832347547a0360adec20c19033541bdf827203a616f470b72f6"", ""steps"": 150}, {""ase_converged"": false, ""converged"": false, ""end_geometry_sha256"": ""3509efd3666b2b8665a9d487693d4ca55d21bcdadaa87d1b2799a3964d63ecfb"", ""failure_class"": ""force_threshold"", ""max_force_eV_A"": 9.43535296730745, ""name"": ""fire_precondition"", ""qualifying"": false, ""start_geometry_sha256"": ""6be0d806ce545832347547a0360adec20c19033541bdf827203a616f470b72f6"", ""steps"": 75}, {""ase_converged"": false, ""converged"": false, ""end_geometry_sha256"": ""8c34fd671ca470384e8de39cd52edf61b42de789f6aaec48f1df870a03fbf556"", ""failure_class"": ""force_threshold"", ""max_force_eV_A"": 0.19224543684115755, ""name"": ""bfgs_after_fire"", ""start_geometry_sha256"": ""3509efd3666b2b8665a9d487693d4ca55d21bcdadaa87d1b2799a3964d63ecfb"", ""steps"": 300}, {""ase_converged"": true, ""converged"": true, ""end_geometry_sha256"": ""dde2b7e6486a187a935cf1825c80fe3cb2759c6c7969c6ee895420ad2c059636"", ""failure_class"": null, ""max_force_eV_A"": 0.07676569395086587, ""name"": ""fire_small_step"", ""start_geometry_sha256"": ""8c34fd671ca470384e8de39cd52edf61b42de789f6aaec48f1df870a03fbf556"", ""steps"": 29}]",dde2b7e6486a187a935cf1825c80fe3cb2759c6c7969c6ee895420ad2c059636,-119.14160132184841,True,0.07301801934411734,94.0,100.0,0.08,converged,,bfgs_standard,"[{""ase_converged"": true, ""converged"": true, ""end_geometry_sha256"": ""a730af07f34d1957784f5a900c38b22df8f0aa9a856850212fe1ce4ee3a6e287"", ""failure_class"": null, ""max_force_eV_A"": 0.07301801934411734, ""name"": ""bfgs_standard"", ""start_geometry_sha256"": ""f06a8fa27c0bf96b884e6a4fe9cd174a0bb37f00188c29b83fb3a47d94dd023c"", ""steps"": 94}]",a730af07f34d1957784f5a900c38b22df8f0aa9a856850212fe1ce4ee3a6e287,-1.523391343653234,True,0.07532115973126162,97.0,100.0,0.08,converged,,bfgs_standard,"[{""ase_converged"": true, ""converged"": true, ""end_geometry_sha256"": ""b30771351c2357cab11fb87a70f7b676766a9c8da267a8af8735270e0015b8d8"", ""failure_class"": null, ""max_force_eV_A"": 0.07532115973126162, ""name"": ""bfgs_standard"", ""start_geometry_sha256"": ""960a75166d618839018234bf9f0725152eab6f89b51e312a347653265552a99f"", ""steps"": 97}]",b30771351c2357cab11fb87a70f7b676766a9c8da267a8af8735270e0015b8d8,-4.55960917472839,True,0.07663170370717086,242.0,100.0,0.08,converged,,bfgs_after_fire,"[{""ase_converged"": false, ""converged"": false, ""end_geometry_sha256"": ""65f5147d6fc2fe41b51827f4e0dab639524f2b501ab0d13730d9dbb8929981ac"", ""failure_class"": ""force_threshold"", ""max_force_eV_A"": 0.2133647522341547, ""name"": ""bfgs_standard"", ""start_geometry_sha256"": ""ed00feb9e49478381e04c9ea06f9e04d752ce7723cd57a270d3d5a2589accdaa"", ""steps"": 100}, {""ase_converged"": true, ""converged"": true, ""end_geometry_sha256"": ""25c4a116c7dfb062724eee310da0602dd8a73f05299c0ebc23e744a295020ace"", ""failure_class"": null, ""max_force_eV_A"": 0.22186705350185051, ""name"": ""fire_precondition"", ""qualifying"": false, ""start_geometry_sha256"": ""ed00feb9e49478381e04c9ea06f9e04d752ce7723cd57a270d3d5a2589accdaa"", ""steps"": 27}, {""ase_converged"": true, ""converged"": true, ""end_geometry_sha256"": ""1d6520bedce8e1c3d0988b476813373a4cf63a0ea9f7d5d7c42e72361320ba5b"", ""failure_class"": null, ""max_force_eV_A"": 0.07663170370717086, ""name"": ""bfgs_after_fire"", ""start_geometry_sha256"": ""25c4a116c7dfb062724eee310da0602dd8a73f05299c0ebc23e744a295020ace"", ""steps"": 115}]",1d6520bedce8e1c3d0988b476813373a4cf63a0ea9f7d5d7c42e72361320ba5b,0.8900850117206716,-3.126591324806242,0.01,candidate,,3.9368676990271396,,0.8673385482442285,8904349914533.771,1000.0,0.0,False,True,0.401108834270667,True,quantitative_screening,2,2,7176940b1ef8ff638346,False,
"('MetalHydride', 'Y', 'complex_alanate', 'Al', 'ZrCl4', 600)",MetalHydride,True,esen-sm-conserving-all-oc25:relax-v3:pyrolysis-v2,True,0.0771359481019037,483,150,0.08,converged,,bfgs_after_fire,"[{""ase_converged"": false, ""converged"": false, ""end_geometry_sha256"": ""20e9f2af94841ab7670a4da5a8d187d4ba6b1b98e4d27786464678df401d9c42"", ""failure_class"": ""force_threshold"", ""max_force_eV_A"": 0.31350239839710736, ""name"": ""bfgs_standard"", ""start_geometry_sha256"": ""e763244862d890adae52dd7d7ddb0e91b85be467a78b24a3ec2247e95a3c19a2"", ""steps"": 150}, {""ase_converged"": false, ""converged"": false, ""end_geometry_sha256"": ""49041479d34cf28151689455369ede897d65950f17a623c4145fe078a87e2176"", ""failure_class"": ""force_threshold"", ""max_force_eV_A"": 6.722164141809971, ""name"": ""fire_precondition"", ""qualifying"": false, ""start_geometry_sha256"": ""e763244862d890adae52dd7d7ddb0e91b85be467a78b24a3ec2247e95a3c19a2"", ""steps"": 75}, {""ase_converged"": true, ""converged"": true, ""end_geometry_sha256"": ""4165e44c7f6dffc48d8120a6837915fec3ad418da4877741734958520f62863d"", ""failure_class"": null, ""max_force_eV_A"": 0.0771359481019037, ""name"": ""bfgs_after_fire"", ""start_geometry_sha256"": ""49041479d34cf28151689455369ede897d65950f17a623c4145fe078a87e2176"", ""steps"": 258}]",4165e44c7f6dffc48d8120a6837915fec3ad418da4877741734958520f62863d,-200.1667082290124,True,0.0792180179459505,66.0,100.0,0.08,converged,,bfgs_standard,"[{""ase_converged"": true, ""converged"": true, ""end_geometry_sha256"": ""744c98df78490c794c8fa4cdcd29187f0a08b96f5cc1d57745ae3d359572009c"", ""failure_class"": null, ""max_force_eV_A"": 0.0792180179459505, ""name"": ""bfgs_standard"", ""start_geometry_sha256"": ""93e311fa6b3277edd67861d11f1a1837c1596aa225d91d6dc205263df2ca7307"", ""steps"": 66}]",744c98df78490c794c8fa4cdcd29187f0a08b96f5cc1d57745ae3d359572009c,-0.49154625087979653,True,0.07584564531551519,89.0,100.0,0.08,converged,,bfgs_standard,"[{""ase_converged"": true, ""converged"": true, ""end_geometry_sha256"": ""af27cde8e7d30fe40c62801e6b7403dac1334f7a3df07c9e141bb9647b4c3cac"", ""failure_class"": null, ""max_force_eV_A"": 0.07584564531551519, ""name"": ""bfgs_standard"", ""start_geometry_sha256"": ""e5425ece12604c04078198da8659a8702a001de3fda1a8118c9b24e304671cd1"", ""steps"": 89}]",af27cde8e7d30fe40c62801e6b7403dac1334f7a3df07c9e141bb9647b4c3cac,-2.7672278881072963,True,0.07461176259099069,73.0,100.0,0.08,converged,,bfgs_standard,"[{""ase_converged"": true, ""converged"": true, ""end_geometry_sha256"": ""03196eabfc47710f5530533ff5deccac431726b349ec8bae348a960b0a7b7f30"", ""failure_class"": null, ""max_force_eV_A"": 0.07461176259099069, ""name"": ""bfgs_standard"", ""start_geometry_sha256"": ""f4dfab85913aa4567523bb859e2a9aad44dfa4da574831941caf40eecdf603e1"", ""steps"": 73}]",03196eabfc47710f5530533ff5deccac431726b349ec8bae348a960b0a7b7f30,1.2958238422869925,-0.30236494541171055,0.6034627854823882,candidate,,2.2789163440465856,,0.165011744152946,9092460395.752775,1000.0,0.0,False,False,0.480000000035,True,quantitative_screening,0,0,d7cfeb48dc74838b7a5d,False,
"('MetalHydride', 'Y', 'perovskite_hydride', 'Mn', 'None', 700)",MetalHydride,True,esen-sm-conserving-all-oc25:relax-v3:pyrolysis-v2,True,0.07134145881242794,491,150,0.08,converged,,bfgs_after_fire,"[{""ase_converged"": false, ""converged"": false, ""end_geometry_sha256"": ""c4f054e49985719818cf87b126d76f0d0b9bd37551c5b4c996aae3a3a5d80939"", ""failure_class"": ""force_threshold"", ""max_force_eV_A"": 0.18125518050535802, ""name"": ""bfgs_standard"", ""start_geometry_sha256"": ""6583a64fce2a0fdf24862d89d424b2bc5e1cfac830b5ad6e1764e82f98cc76b2"", ""steps"": 150}, {""ase_converged"": false, ""converged"": false, ""end_geometry_sha256"": ""eac18d4b3caaf1733fb36ac843eea6b99fdfbb44af925d123f46cb1f5a533915"", ""failure_class"": ""force_threshold"", ""max_force_eV_A"": 5.68895118062419, ""name"": ""fire_precondition"", ""qualifying"": false, ""start_geometry_sha256"": ""6583a64fce2a0fdf24862d89d424b2bc5e1cfac830b5ad6e1764e82f98cc76b2"", ""steps"": 75}, {""ase_converged"": true, ""converged"": true, ""end_geometry_sha256"": ""c8ec4ac9add1d61b5c1fe937e22e3735def664825e7d440d622bf0b6ec515f52"", ""failure_class"": null, ""max_force_eV_A"": 0.07134145881242794, ""name"": ""bfgs_after_fire"", ""start_geometry_sha256"": ""eac18d4b3caaf1733fb36ac843eea6b99fdfbb44af925d123f46cb1f5a533915"", ""steps"": 266}]",c8ec4ac9add1d61b5c1fe937e22e3735def664825e7d440d622bf0b6ec515f52,-189.8456076183714,True,0.07693400198919989,287.0,100.0,0.08,converged,,bfgs_after_fire,"[{""ase_converged"": false, ""converged"": false, ""end_geometry_sha256"": ""4e4d9c9d43034d8ddac9a2aaa259464907237929be3a552ac12f3bac357195d9"", ""failure_class"": ""force_threshold"", ""max_force_eV_A"": 0.20642077070220793, ""name"": ""bfgs_standard"", ""start_geometry_sha256"": ""a3300f74b81df2d06083eaba87b95e9300a022229068abc55a81f5737ef96f0d"", ""steps"": 100}, {""ase_converged"": true, ""converged"": true, ""end_geometry_sha256"": ""fa34d9bd3de726d22de31017b1565e780c0f3710ccc7cf85ad64815bc00c5d03"", ""failure_class"": null, ""max_force_eV_A"": 0.24108894481994986, ""name"": ""fire_precondition"", ""qualifying"": false, ""start_geometry_sha256"": ""a3300f74b81df2d06083eaba87b95e9300a022229068abc55a81f5737ef96f0d"", ""steps"": 32}, {""ase_converged"": true, ""converged"": true, ""end_geometry_sha256"": ""a0b9ab1a22be63c3c7eb87aad81424699eb7e207128d6ea05e925b42e7d2a915"", ""failure_class"": null, ""max_force_eV_A"": 0.07693400198919989, ""name"": ""bfgs_after_fire"", ""start_geometry_sha256"": ""fa34d9bd3de726d22de31017b1565e780c0f3710ccc7cf85ad64815bc00c5d03"", ""steps"": 155}]",a0b9ab1a22be63c3c7eb87aad81424699eb7e207128d6ea05e925b42e7d2a915,-3.792098619043859,True,0.07066343710509276,230.0,100.0,0.08,converged,,bfgs_after_fire,"[{""ase_converged"": false, ""converged"": false, ""end_geometry_sha256"": ""bdc14ac456a99d6b368f80e3e299e011700837580c574d9d3bcbe6e64a2f2f88"", ""failure_class"": ""force_threshold"", ""max_force_eV_A"": 0.151833710062091, ""name"": ""bfgs_standard"", ""start_geometry_sha256"": ""4dda7cd88028c29a4193e5222ae2310527b8442fcb6568b23f1c4438eab74230"", ""steps"": 100}, {""ase_converged"": false, ""converged"": false, ""end_geometry_sha256"": ""1389a9e3ef21ea1747861146d4462d6cf10d66295e928e22ce12900c145efcca"", ""failure_class"": ""force_threshold"", ""max_force_eV_A"": 0.4968763492949261, ""name"": ""fire_precondition"", ""qualifying"": false, ""start_geometry_sha256"": ""4dda7cd88028c29a4193e5222ae2310527b8442fcb6568b23f1c4438eab74230"", ""steps"": 50}, {""ase_converged"": true, ""converged"": true, ""end_geometry_sha256"": ""fa2dcd796813e30430f52e6f8a153630fbc1ecb2fdb342546ac2c4f01f8d9c3d"", ""failure_class"": null, ""max_force_eV_A"": 0.07066343710509276, ""name"": ""bfgs_after_fire"", ""start_geometry_sha256"": ""1389a9e3ef21ea1747861146d4462d6cf10d66295e928e22ce12900c145efcca"", ""steps"": 80}]",fa2dcd796813e30430f52e6f8a153630fbc1ecb2fdb342546ac2c4f01f8d9c3d,-2.653008222580066,True,0.06863152051646193,329.0,100.0,0.08,converged,,bfgs_after_fire,"[{""ase_converged"": false, ""converged"": false, ""end_geometry_sha256"": ""7464a6504c72c90d03ff317b48cfdd41235bffa5d7b15bb411b4a6fe7f7a4c24"", ""failure_class"": ""force_threshold"", ""max_force_eV_A"": 0.2114270253094796, ""name"": ""bfgs_standard"", ""start_geometry_sha256"": ""8a8e860d4c2026ec53016e10c885263c49842cf1ba232d8ded1f8602b996b94d"", ""steps"": 100}, {""ase_converged"": false, ""converged"": false, ""end_geometry_sha256"": ""e6bc4b0885625c346a53af2e0cf2e93f82554cc97750b247865296419e18d1ba"", ""failure_class"": ""force_threshold"", ""max_force_eV_A"": 0.5051667708378188, ""name"": ""fire_precondition"", ""qualifying"": false, ""start_geometry_sha256"": ""8a8e860d4c2026ec53016e10c885263c49842cf1ba232d8ded1f8602b996b94d"", ""steps"": 50}, {""ase_converged"": true, ""converged"": true, ""end_geometry_sha256"": ""6ba0eec9d01d1c4f398a41b69d5639f071b320547fd946d38680a502c705c73b"", ""failure_class"": null, ""max_force_eV_A"": 0.06863152051646193, ""name"": ""bfgs_after_fire"", ""start_geometry_sha256"": ""e6bc4b0885625c346a53af2e0cf2e93f82554cc97750b247865296419e18d1ba"", ""steps"": 179}]",6ba0eec9d01d1c4f398a41b69d5639f071b320547fd946d38680a502c705c73b,-1.0603390634060617,-3.4886975288392534,0.01,candidate,,6.523858174681656,,0.20342193092051844,8904349914533.771,1000.0,0.0,False,True,0.480000000035,True,quantitative_screening,1,1,51f4aeba58b01623b123,False,
"('MetalHydride', 'Sc', 'intermetallic_A2B', 'Nb', 'Carbon', 800)",MetalHydride,True,esen-sm-conserving-all-oc25:relax-v3:pyrolysis-v2,True,0.07918407474677641,476,150,0.08,converged,,bfgs_after_fire,"[{""ase_converged"": false, ""converged"": false, ""end_geometry_sha256"": ""6f0258dda8ecc46e74b0fc93f2d558fa5fac898c5eb24d5251e2fea5e6e11d0b"", ""failure_class"": ""force_threshold"", ""max_force_eV_A"": 0.22933145528694485, ""name"": ""bfgs_standard"", ""start_geometry_sha256"": ""f8805acec1cc34d95cd5385c9bf787e7c7c60654f10f91ce8a67dacb0277e7ce"", ""steps"": 150}, {""ase_converged"": false, ""converged"": false, ""end_geometry_sha256"": ""2e6e8de05848ac2bdcd19cf986f4328a06e6290b01463783aa72fbe66a44aa19"", ""failure_class"": ""force_threshold"", ""max_force_eV_A"": 4.546644438605869, ""name"": ""fire_precondition"", ""qualifying"": false, ""start_geometry_sha256"": ""f8805acec1cc34d95cd5385c9bf787e7c7c60654f10f91ce8a67dacb0277e7ce"", ""steps"": 75}, {""ase_converged"": true, ""converged"": true, ""end_geometry_sha256"": ""721460e2577dd472688a16f2a3c7e5f6ebac6fa8b7017ac0ccef9fa38f606a47"", ""failure_class"": null, ""max_force_eV_A"": 0.07918407474677641, ""name"": ""bfgs_after_fire"", ""start_geometry_sha256"": ""2e6e8de05848ac2bdcd19cf986f4328a06e6290b01463783aa72fbe66a44aa19"", ""steps"": 251}]",721460e2577dd472688a16f2a3c7e5f6ebac6fa8b7017ac0ccef9fa38f606a47,-221.0240917247259,True,0.07270380411681666,92.0,100.0,0.08,converged,,bfgs_standard,"[{""ase_converged"": true, ""converged"": true, ""end_geometry_sha256"": ""824695b0a658e089838d69a128a2deeaed2dbc1190cc13b43aa785d0f715f7c2"", ""failure_class"": null, ""max_force_eV_A"": 0.07270380411681666, ""name"": ""bfgs_standard"", ""start_geometry_sha256"": ""07602f04d495019ea839d180e317019ae40d7b4818db282524b9ba4d22f365de"", ""steps"": 92}]",824695b0a658e089838d69a128a2deeaed2dbc1190cc13b43aa785d0f715f7c2,-0.8147693648934116,True,0.07858098558652561,336.0,100.0,0.08,converged,,fire_small_step,"[{""ase_converged"": false, ""converged"": false, ""end_geometry_sha256"": ""6be6d6d8d9521905b397902d7b0c74c6dcae49c8b09babd43eca165ddba7de2c"", ""failure_class"": ""force_threshold"", ""max_force_eV_A"": 0.1659738207970487, ""name"": ""bfgs_standard"", ""start_geometry_sha256"": ""1bf76a1c0ad7f45f8ee68088b3fed567efc2ae67b2c1df1c9a1753f773ffcec6"", ""steps"": 100}, {""ase_converged"": true, ""converged"": true, ""end_geometry_sha256"": ""7db874a0111c40f12cce3bc65f7e2510afe37c358e7376ebcb6bf09b7394a2e5"", ""failure_class"": null, ""max_force_eV_A"": 0.22123008089041757, ""name"": ""fire_precondition"", ""qualifying"": false, ""start_geometry_sha256"": ""1bf76a1c0ad7f45f8ee68088b3fed567efc2ae67b2c1df1c9a1753f773ffcec6"", ""steps"": 26}, {""ase_converged"": false, ""converged"": false, ""end_geometry_sha256"": ""7b75da76c9e983c532a44d78e1e74308d1dc034e0304f08ed63196839c02b893"", ""failure_class"": ""force_threshold"", ""max_force_eV_A"": 0.15362321288619732, ""name"": ""bfgs_after_fire"", ""start_geometry_sha256"": ""7db874a0111c40f12cce3bc65f7e2510afe37c358e7376ebcb6bf09b7394a2e5"", ""steps"": 200}, {""ase_converged"": true, ""converged"": true, ""end_geometry_sha256"": ""6ee95071ea8e90a45409cf543dea8d181f75a403908e785c8730e71f6004c7e1"", ""failure_class"": null, ""max_force_eV_A"": 0.07858098558652561, ""name"": ""fire_small_step"", ""start_geometry_sha256"": ""7b75da76c9e983c532a44d78e1e74308d1dc034e0304f08ed63196839c02b893"", ""steps"": 10}]",6ee95071ea8e90a45409cf543dea8d181f75a403908e785c8730e71f6004c7e1,-3.32921290397638,True,0.06668366469360426,312.0,100.0,0.08,converged,,bfgs_after_fire,"[{""ase_converged"": false, ""converged"": false, ""end_geometry_sha256"": ""38ad3514512ce0cef4bcdf3afa2e72bcab197f3cdfb241f655c42e1177c1d7aa"", ""failure_class"": ""force_threshold"", ""max_force_eV_A"": 0.14433504829315413, ""name"": ""bfgs_standard"", ""start_geometry_sha256"": ""a48315ac443205b72bbfc8573bf2d10bbc5b217cf304b8111983c8673d299883"", ""steps"": 100}, {""ase_converged"": false, ""converged"": false, ""end_geometry_sha256"": ""446110e28dde8d5fea2d728f0f00c36972bf61fd68ab56059ec6c7dbcfc76ce8"", ""failure_class"": ""force_threshold"", ""max_force_eV_A"": 0.5546416236654913, ""name"": ""fire_precondition"", ""qualifying"": false, ""start_geometry_sha256"": ""a48315ac443205b72bbfc8573bf2d10bbc5b217cf304b8111983c8673d299883"", ""steps"": 50}, {""ase_converged"": true, ""converged"": true, ""end_geometry_sha256"": ""da5e440c73f925b20da00b828c64ee7a1ec0abd026c1f01e73a1a0f236669397"", ""failure_class"": null, ""max_force_eV_A"": 0.06668366469360426, ""name"": ""bfgs_after_fire"", ""start_geometry_sha256"": ""446110e28dde8d5fea2d728f0f00c36972bf61fd68ab56059ec6c7dbcfc76ce8"", ""steps"": 162}]",da5e440c73f925b20da00b828c64ee7a1ec0abd026c1f01e73a1a0f236669397,0.3498246967793506,-1.1875730752944094,0.028077501058633936,candidate,,1.9793634265661737,,-0.0464770855300344,7219308864261.71,1000.0,0.0,False,False,0.480000000035,True,quantitative_screening,0,0,d839a365dc076850c72c,False,
"('MAXPhase', 'W', 'Bi', 'N', 2, 'V', 'edge_1120')",MAXPhase,True,esen-sm-conserving-all-oc25:relax-v3:pyrolysis-v2,True,0.03447158596167499,36,150,0.08,converged,,bfgs_standard,"[{""ase_converged"": true, ""converged"": true, ""end_geometry_sha256"": ""b064e76b2a4fad8437f44d31a69a4b89a9f271ec5ee73b8c4bcb10e0b7279943"", ""failure_class"": null, ""max_force_eV_A"": 0.03447158596167499, ""name"": ""bfgs_standard"", ""start_geometry_sha256"": ""b07f60eb2b4b7e5fa04477da8d33a66859504a40c79734b9ea01ad566bb69cfb"", ""steps"": 36}]",b064e76b2a4fad8437f44d31a69a4b89a9f271ec5ee73b8c4bcb10e0b7279943,-111.3252619768408,True,0.027499907572041325,25.0,100.0,0.08,converged,,bfgs_standard,"[{""ase_converged"": true, ""converged"": true, ""end_geometry_sha256"": ""f699504c54272642edddfd3b4105c042bbfef54ef0a55cd3c158fab1d527f18f"", ""failure_class"": null, ""max_force_eV_A"": 0.027499907572041325, ""name"": ""bfgs_standard"", ""start_geometry_sha256"": ""178d32747a2c327bc2172766368190619a903a071f6b37f0881ba1e6d013e260"", ""steps"": 25}]",f699504c54272642edddfd3b4105c042bbfef54ef0a55cd3c158fab1d527f18f,0.5089954361319791,True,0.07357610830573047,79.0,100.0,0.08,converged,,bfgs_standard,"[{""ase_converged"": true, ""converged"": true, ""end_geometry_sha256"": ""bcabea86c228edd348394357a29ff7ac79fe658976c2f7aa4654ac27ea2d7609"", ""failure_class"": null, ""max_force_eV_A"": 0.07357610830573047, ""name"": ""bfgs_standard"", ""start_geometry_sha256"": ""d0d2649c62bb77a9f2d0b57d7831eb531ef888158348fccfe297ee4565b05699"", ""steps"": 79}]",bcabea86c228edd348394357a29ff7ac79fe658976c2f7aa4654ac27ea2d7609,-1.3038871288298957,True,0.06010169157339586,52.0,100.0,0.08,converged,,bfgs_standard,"[{""ase_converged"": true, ""converged"": true, ""end_geometry_sha256"": ""6b736afd96a2112d83082c2d032f16531e44f72a361ee82fc94b919499df2510"", ""failure_class"": null, ""max_force_eV_A"": 0.06010169157339586, ""name"": ""bfgs_standard"", ""start_geometry_sha256"": ""d72447c3e378223ad819aa3b1320a4691fd4165fc7bc57e43cfd3b98b5b81cb0"", ""steps"": 52}]",6b736afd96a2112d83082c2d032f16531e44f72a361ee82fc94b919499df2510,2.220155507326112,2.1615175008774656,2.513062250614226,candidate,,1.2021646350621538,,0.8460539200084781,2.1613429856111646,1000.0,-1.947212502634917,True,False,0.707500000035,False,quantitative_screening,2,2,80d30fe05817a98c5aa4,False,
"('MAXPhase', 'Sc', 'Ga', 'C', 1, 'Mo', 'edge_1010')",MAXPhase,True,esen-sm-conserving-all-oc25:relax-v3:pyrolysis-v2,True,0.0,0,150,0.08,converged,,bfgs_standard,"[{""ase_converged"": true, ""converged"": true, ""end_geometry_sha256"": ""22c52969e410766d3ad057415a2b8c9840a64de9ccb07156138289e7549fee6f"", ""failure_class"": null, ""max_force_eV_A"": 0.0, ""name"": ""bfgs_standard"", ""start_geometry_sha256"": ""22c52969e410766d3ad057415a2b8c9840a64de9ccb07156138289e7549fee6f"", ""steps"": 0}]",22c52969e410766d3ad057415a2b8c9840a64de9ccb07156138289e7549fee6f,-104.28496913892155,True,0.04506842980494077,4.0,100.0,0.08,converged,,bfgs_standard,"[{""ase_converged"": true, ""converged"": true, ""end_geometry_sha256"": ""31fea73cb98a939ae98633e005a8ba7bc9dc1ca7a1ff810adfca7b4835066f44"", ""failure_class"": null, ""max_force_eV_A"": 0.04506842980494077, ""name"": ""bfgs_standard"", ""start_geometry_sha256"": ""4ab0d54ddd7ccf0dc5d5f0b2fc64e7cc698b615b264f166daf80003f5c5d679f"", ""steps"": 4}]",31fea73cb98a939ae98633e005a8ba7bc9dc1ca7a1ff810adfca7b4835066f44,-0.10061226040125248,True,0.05482187065098178,73.0,100.0,0.08,converged,,bfgs_standard,"[{""ase_converged"": true, ""converged"": true, ""end_geometry_sha256"": ""e073e8888c907d59ef197cc0586910c181fd8c3a0e1287c12a03a03d3ae86485"", ""failure_class"": null, ""max_force_eV_A"": 0.05482187065098178, ""name"": ""bfgs_standard"", ""start_geometry_sha256"": ""93acd93027d171abf99e5e5bff88298b06b0a2eb097113abd265e96c9081d68a"", ""steps"": 73}]",e073e8888c907d59ef197cc0586910c181fd8c3a0e1287c12a03a03d3ae86485,-2.5669524669647465,True,0.057465144353601755,15.0,100.0,0.08,converged,,bfgs_standard,"[{""ase_converged"": true, ""converged"": true, ""end_geometry_sha256"": ""66d679108170b5d818839c17dbd60afe34d07a17dca22f6d722f0744d0c3cb77"", ""failure_class"": null, ""max_force_eV_A"": 0.057465144353601755, ""name"": ""bfgs_standard"", ""start_geometry_sha256"": ""e4127d9e9e98b22509b3f4f5b2f79bfcaaa332d9d9d2a7529e33276b2e460af9"", ""steps"": 15}]",66d679108170b5d818839c17dbd60afe34d07a17dca22f6d722f0744d0c3cb77,3.6975076496600963,0.2888444662093832,1.2021911263465683,candidate,,3.8987321704626012,,-0.24839206355738383,8734205.117247367,1000.0,-0.1997616481182265,True,False,0.707500000035,False,quantitative_screening,2,2,09683bde661e7ccee820,False,
"('MAXPhase', 'Sc', 'Pb', 'C', 3, 'Sc', 'edge_1010')",MAXPhase,True,esen-sm-conserving-all-oc25:relax-v3:pyrolysis-v2,True,0.07773477048956501,357,150,0.08,converged,,bfgs_after_fire,"[{""ase_converged"": false, ""converged"": false, ""end_geometry_sha256"": ""235bf66b9b922eb058ce7864bfa9bdea1dbfecc069baad1012467c7481627e62"", ""failure_class"": ""force_threshold"", ""max_force_eV_A"": 0.14563920254939713, ""name"": ""bfgs_standard"", ""start_geometry_sha256"": ""2f044785c7b0c7ffc4a39b438c688ffee22778e3a335e9b7ef764b748e6ea578"", ""steps"": 150}, {""ase_converged"": false, ""converged"": false, ""end_geometry_sha256"": ""ad07e35437fc4c82bd52f80b240a4a2283ec627e2d92e5ef1fe4926065991eae"", ""failure_class"": ""force_threshold"", ""max_force_eV_A"": 1.7266218060996041, ""name"": ""fire_precondition"", ""qualifying"": false, ""start_geometry_sha256"": ""2f044785c7b0c7ffc4a39b438c688ffee22778e3a335e9b7ef764b748e6ea578"", ""steps"": 75}, {""ase_converged"": true, ""converged"": true, ""end_geometry_sha256"": ""c2e816869363ec8f764d7d840aad8849527ecc94a7b10998cd07851c739a16a0"", ""failure_class"": null, ""max_force_eV_A"": 0.07773477048956501, ""name"": ""bfgs_after_fire"", ""start_geometry_sha256"": ""ad07e35437fc4c82bd52f80b240a4a2283ec627e2d92e5ef1fe4926065991eae"", ""steps"": 132}]",c2e816869363ec8f764d7d840aad8849527ecc94a7b10998cd07851c739a16a0,-233.2193826207,True,0.07259988413767302,27.0,100.0,0.08,converged,,bfgs_standard,"[{""ase_converged"": true, ""converged"": true, ""end_geometry_sha256"": ""fdbaff02ef3ce323b58a88914f6fa6b90627578ead40c804688cca8e281b018e"", ""failure_class"": null, ""max_force_eV_A"": 0.07259988413767302, ""name"": ""bfgs_standard"", ""start_geometry_sha256"": ""51e1a1c99a11ed2c4cd7f5e11df1bdab0aabe4fd81b2b704a62f418116a77d16"", ""steps"": 27}]",fdbaff02ef3ce323b58a88914f6fa6b90627578ead40c804688cca8e281b018e,-0.9005046859382198,True,0.06578578403487373,99.0,100.0,0.08,converged,,bfgs_standard,"[{""ase_converged"": true, ""converged"": true, ""end_geometry_sha256"": ""ac2c046ed658f7281911192a050edbb1f0eeb25d8b6d7f120453e3fdb3cece69"", ""failure_class"": null, ""max_force_eV_A"": 0.06578578403487373, ""name"": ""bfgs_standard"", ""start_geometry_sha256"": ""56ff3dd186ea2325029245b37a25330aa377353fb076ad80759f50850b3e8890"", ""steps"": 99}]",ac2c046ed658f7281911192a050edbb1f0eeb25d8b6d7f120453e3fdb3cece69,-4.558411359786756,True,0.07532598692754276,35.0,100.0,0.08,converged,,bfgs_standard,"[{""ase_converged"": true, ""converged"": true, ""end_geometry_sha256"": ""ff63b3fe08a59e43da0029516766633a876778569b2351398a1df284931f4b54"", ""failure_class"": null, ""max_force_eV_A"": 0.07532598692754276, ""name"": ""bfgs_standard"", ""start_geometry_sha256"": ""f977690dae6af9f8d5f6efe316b3429c6a3b56642a8d171aeb7c473558bff9dc"", ""steps"": 35}]",ff63b3fe08a59e43da0029516766633a876778569b2351398a1df284931f4b54,0.11948564648643867,-2.502506852149594,0.01,candidate,,1.9204950183628782,,-0.2461909832351239,8904349914533.771,1000.0,0.0,True,True,0.6527014328916925,True,quantitative_screening,2,2,86bfa57fd5c6bfa2dc07,False,
"('MAXPhase', 'Mn', 'P', 'N', 2, 'Ni', 'basal_0001')",MAXPhase,True,esen-sm-conserving-all-oc25:relax-v3:pyrolysis-v2,True,0.07126917352169436,110,150,0.08,converged,,bfgs_standard,"[{""ase_converged"": true, ""converged"": true, ""end_geometry_sha256"": ""d06e4c49277c9b103b281079923a64a1ee508156c8b0a1be0218baf77c3cec87"", ""failure_class"": null, ""max_force_eV_A"": 0.07126917352169436, ""name"": ""bfgs_standard"", ""start_geometry_sha256"": ""55c268175b6b182234a84ac85dcd8d6940f30a612794005b333d58b6750e8898"", ""steps"": 110}]",d06e4c49277c9b103b281079923a64a1ee508156c8b0a1be0218baf77c3cec87,-290.86207690395264,True,0.0580303315061135,276.0,100.0,0.08,converged,,bfgs_after_fire,"[{""ase_converged"": false, ""converged"": false, ""end_geometry_sha256"": ""e624eed3bd8c285ce89d1d98f5e8d922d5fc3501d7f21baa1ea0017e78ca94fa"", ""failure_class"": ""force_threshold"", ""max_force_eV_A"": 0.22398902615478491, ""name"": ""bfgs_standard"", ""start_geometry_sha256"": ""5b1d6aa3a1a3a3824a54e14d7cb9bc1f6d8a4fda5d767fdd3045ee53db476367"", ""steps"": 100}, {""ase_converged"": false, ""converged"": false, ""end_geometry_sha256"": ""f5fe8e3bccd94f72b5d09b9dcdf843c21e57acb684121be7c8a2c596f7b9fe1f"", ""failure_class"": ""force_threshold"", ""max_force_eV_A"": 0.254680312279168, ""name"": ""fire_precondition"", ""qualifying"": false, ""start_geometry_sha256"": ""5b1d6aa3a1a3a3824a54e14d7cb9bc1f6d8a4fda5d767fdd3045ee53db476367"", ""steps"": 50}, {""ase_converged"": true, ""converged"": true, ""end_geometry_sha256"": ""2dc57dca295563fea9dccf6380bf3098e4ee426918602b267158a35da2482e6f"", ""failure_class"": null, ""max_force_eV_A"": 0.0580303315061135, ""name"": ""bfgs_after_fire"", ""start_geometry_sha256"": ""f5fe8e3bccd94f72b5d09b9dcdf843c21e57acb684121be7c8a2c596f7b9fe1f"", ""steps"": 126}]",2dc57dca295563fea9dccf6380bf3098e4ee426918602b267158a35da2482e6f,-2.846137620508646,True,0.07654796863934976,285.0,100.0,0.08,converged,,bfgs_after_fire,"[{""ase_converged"": false, ""converged"": false, ""end_geometry_sha256"": ""38ba504767e72e2eca3a66ccf160a019e7455cee1de3ae3c94f9528af7e2c719"", ""failure_class"": ""force_threshold"", ""max_force_eV_A"": 0.39318869156784736, ""name"": ""bfgs_standard"", ""start_geometry_sha256"": ""365d59a68585c2f0a9f1e71940956827059bb94c49ae62ab6d29962bce7193cb"", ""steps"": 100}, {""ase_converged"": false, ""converged"": false, ""end_geometry_sha256"": ""cb8ecda5ae803db4ca08851c7ec8768870338816c7b3b1366e68b59139bebfc2"", ""failure_class"": ""force_threshold"", ""max_force_eV_A"": 0.2568915809040812, ""name"": ""fire_precondition"", ""qualifying"": false, ""start_geometry_sha256"": ""365d59a68585c2f0a9f1e71940956827059bb94c49ae62ab6d29962bce7193cb"", ""steps"": 50}, {""ase_converged"": true, ""converged"": true, ""end_geometry_sha256"": ""0038f041233810d0797bc9bcb2b4f28bea864ccbc01867b2bea984a000455103"", ""failure_class"": null, ""max_force_eV_A"": 0.07654796863934976, ""name"": ""bfgs_after_fire"", ""start_geometry_sha256"": ""cb8ecda5ae803db4ca08851c7ec8768870338816c7b3b1366e68b59139bebfc2"", ""steps"": 135}]",0038f041233810d0797bc9bcb2b4f28bea864ccbc01867b2bea984a000455103,-6.2000052928924525,True,0.07340108448128338,257.0,100.0,0.08,converged,,bfgs_after_fire,"[{""ase_converged"": false, ""converged"": false, ""end_geometry_sha256"": ""7af3dd702f97ad6c1c1e0c9283d44476686de1850080a2610df414b84b46ed9c"", ""failure_class"": ""force_threshold"", ""max_force_eV_A"": 0.2948736505270542, ""name"": ""bfgs_standard"", ""start_geometry_sha256"": ""148fa01f8641ce76f5990eb4acb9fa3454ada85c38b8b57df828e7dc6ab817a4"", ""steps"": 100}, {""ase_converged"": true, ""converged"": true, ""end_geometry_sha256"": ""7a0eb34b6f9bdab514edf8e34860abdebdc41d44b06dc9bec31aac8cc6b3368b"", ""failure_class"": null, ""max_force_eV_A"": 0.1996914218043522, ""name"": ""fire_precondition"", ""qualifying"": false, ""start_geometry_sha256"": ""148fa01f8641ce76f5990eb4acb9fa3454ada85c38b8b57df828e7dc6ab817a4"", ""steps"": 41}, {""ase_converged"": true, ""converged"": true, ""end_geometry_sha256"": ""6af0bbd44d29c7bb2bd1c16b470c0be0f353c99648d24df79f6032ca7dec45df"", ""failure_class"": null, ""max_force_eV_A"": 0.07340108448128338, ""name"": ""bfgs_after_fire"", ""start_geometry_sha256"": ""7a0eb34b6f9bdab514edf8e34860abdebdc41d44b06dc9bec31aac8cc6b3368b"", ""steps"": 116}]",6af0bbd44d29c7bb2bd1c16b470c0be0f353c99648d24df79f6032ca7dec45df,-1.4497128427028798,-6.089733600616427,0.01,candidate,,4.242562398314412,,-0.40366520314275817,8904349914533.771,1000.0,0.0,True,True,0.5199556092414295,True,quantitative_screening,1,1,2d09cf289a4841789afb,False,
"('HEA', ('Mn', 'Hf', 'Sn', 'Sb', 'Ce', 'Sc'), 'hcp', '110', 800)",HEA,False,esen-sm-conserving-all-oc25:relax-v3:pyrolysis-v2,True,0.0711814028392233,113,150,0.08,converged,,bfgs_standard,"[{""ase_converged"": true, ""converged"": true, ""end_geometry_sha256"": ""e80b9bedb94361854999d7ce4e2677059c1cd1661992aa1e88a803287c90365f"", ""failure_class"": null, ""max_force_eV_A"": 0.0711814028392233, ""name"": ""bfgs_standard"", ""start_geometry_sha256"": ""db8007a62efea0a66036cd11e0dd76c633e80de73fbfda6407aa12f21ad487ce"", ""steps"": 113}]",e80b9bedb94361854999d7ce4e2677059c1cd1661992aa1e88a803287c90365f,-363.70676668206596,True,0.07434544076511165,65.0,100.0,0.08,converged,,bfgs_standard,"[{""ase_converged"": true, ""converged"": true, ""end_geometry_sha256"": ""e4853bf3ee7d3568b107b6cfc94f630afd430a2c4e60cd2cc69edf098973b2b4"", ""failure_class"": null, ""max_force_eV_A"": 0.07434544076511165, ""name"": ""bfgs_standard"", ""start_geometry_sha256"": ""60e87ada0e938597b03d9f773d8d49f75799d5fe360c2ac59ed06c4e62d6260d"", ""steps"": 65}]",e4853bf3ee7d3568b107b6cfc94f630afd430a2c4e60cd2cc69edf098973b2b4,0.006889723241297219,False,0.08674469802185,650.0,100.0,0.08,recovery_exhausted,force_threshold,fire_small_step,"[{""ase_converged"": false, ""converged"": false, ""end_geometry_sha256"": ""deda5037026112dd905858906a7d591cce12f8191b65f1e410f6eda5ba6543cf"", ""failure_class"": ""force_threshold"", ""max_force_eV_A"": 0.43567724932556723, ""name"": ""bfgs_standard"", ""start_geometry_sha256"": ""346285f0d0c5cff4182e2bbea45f530d905eb561a3ce5d1f4806b32ff953cd38"", ""steps"": 100}, {""ase_converged"": false, ""converged"": false, ""end_geometry_sha256"": ""671f65a75ecccc4b2394d21a4772c69fbde97b9f4ed20abb93a74355a7da83c1"", ""failure_class"": ""force_threshold"", ""max_force_eV_A"": 0.3539043033527716, ""name"": ""fire_precondition"", ""qualifying"": false, ""start_geometry_sha256"": ""346285f0d0c5cff4182e2bbea45f530d905eb561a3ce5d1f4806b32ff953cd38"", ""steps"": 50}, {""ase_converged"": false, ""converged"": false, ""end_geometry_sha256"": ""73ceddac71446e7f7f91dfea7ffbe8b461071c3d1861319d0bb9e0d3a58ffb50"", ""failure_class"": ""force_threshold"", ""max_force_eV_A"": 0.08738144937134835, ""name"": ""bfgs_after_fire"", ""start_geometry_sha256"": ""671f65a75ecccc4b2394d21a4772c69fbde97b9f4ed20abb93a74355a7da83c1"", ""steps"": 200}, {""ase_converged"": false, ""converged"": false, ""end_geometry_sha256"": ""d6d75fa82984ba477dbdd4c4dd9b7ac58a25122cdc6beb7230a7c938dd74457f"", ""failure_class"": ""force_threshold"", ""max_force_eV_A"": 0.08674469802185, ""name"": ""fire_small_step"", ""start_geometry_sha256"": ""73ceddac71446e7f7f91dfea7ffbe8b461071c3d1861319d0bb9e0d3a58ffb50"", ""steps"": 300}]",d6d75fa82984ba477dbdd4c4dd9b7ac58a25122cdc6beb7230a7c938dd74457f,,,,,,,,,,,,,,,,,,,,,,,,,,True,validation_required,2,2,ec3565ea12b04101c2a1,False,Unconverged ch3 relaxation: max_force=0.0867447 eV/A after 650 cumulative recovery steps
"('HEA', ('Fe', 'Cu', 'Ru', 'Pd', 'Au', 'Ge'), 'hcp', '110', 800)",HEA,True,esen-sm-conserving-all-oc25:relax-v3:pyrolysis-v2,True,0.05368224174051811,102,150,0.08,converged,,bfgs_standard,"[{""ase_converged"": true, ""converged"": true, ""end_geometry_sha256"": ""9a4c03eddbe9100eb04f6f0fb8dc9f679a4a72acaf12dcd79cc96b303067658d"", ""failure_class"": null, ""max_force_eV_A"": 0.05368224174051811, ""name"": ""bfgs_standard"", ""start_geometry_sha256"": ""30dc59c45a8ef2f20d125477e84d97146608edda43f36099ffb8e0f44d810cae"", ""steps"": 102}]",9a4c03eddbe9100eb04f6f0fb8dc9f679a4a72acaf12dcd79cc96b303067658d,-229.94672117903667,True,0.05654765402700789,29.0,100.0,0.08,converged,,bfgs_standard,"[{""ase_converged"": true, ""converged"": true, ""end_geometry_sha256"": ""9bd01b2098116e1b7b8ec0548ba515d95b5bd1d7be1c125e024f7a4c46c25d02"", ""failure_class"": null, ""max_force_eV_A"": 0.05654765402700789, ""name"": ""bfgs_standard"", ""start_geometry_sha256"": ""5d1f95056597c209f7b16a74f2b7c96e4d5d19d43747f9f313f6074c84bc6499"", ""steps"": 29}]",9bd01b2098116e1b7b8ec0548ba515d95b5bd1d7be1c125e024f7a4c46c25d02,-0.38634643703696625,True,0.07094215335312945,256.0,100.0,0.08,converged,,bfgs_after_fire,"[{""ase_converged"": false, ""converged"": false, ""end_geometry_sha256"": ""079bd88278a58dbe80f323f8a21dffff61c3370dbdd60b5bb3087fdb5271c34f"", ""failure_class"": ""force_threshold"", ""max_force_eV_A"": 0.15144822548908382, ""name"": ""bfgs_standard"", ""start_geometry_sha256"": ""ddaa1c597c350863e0b8d9672905e5c5ed93a780fece1b54c3275b9f158194a7"", ""steps"": 100}, {""ase_converged"": false, ""converged"": false, ""end_geometry_sha256"": ""a110c897743265c3c7e7dde5c3fb92a9d9de8716ebce6d53bad9219369cdb33f"", ""failure_class"": ""force_threshold"", ""max_force_eV_A"": 0.44247716260053493, ""name"": ""fire_precondition"", ""qualifying"": false, ""start_geometry_sha256"": ""ddaa1c597c350863e0b8d9672905e5c5ed93a780fece1b54c3275b9f158194a7"", ""steps"": 50}, {""ase_converged"": true, ""converged"": true, ""end_geometry_sha256"": ""e5c24d43ad168f28175f7f08759b574fd5b40ac2935cfac637f89cf73604ea5b"", ""failure_class"": null, ""max_force_eV_A"": 0.07094215335312945, ""name"": ""bfgs_after_fire"", ""start_geometry_sha256"": ""a110c897743265c3c7e7dde5c3fb92a9d9de8716ebce6d53bad9219369cdb33f"", ""steps"": 106}]",e5c24d43ad168f28175f7f08759b574fd5b40ac2935cfac637f89cf73604ea5b,-4.403836011886536,True,0.06722482807888833,41.0,100.0,0.08,converged,,bfgs_standard,"[{""ase_converged"": true, ""converged"": true, ""end_geometry_sha256"": ""c2783ea542d969519e8906f86a7c0f1d03dbcf737a0bf639c7e891390420f247"", ""failure_class"": null, ""max_force_eV_A"": 0.06722482807888833, ""name"": ""bfgs_standard"", ""start_geometry_sha256"": ""8d7c7eda764d499ed52a975450a206d1cc9bd39d13d905251d06412938b07935"", ""steps"": 41}]",c2783ea542d969519e8906f86a7c0f1d03dbcf737a0bf639c7e891390420f247,1.062772542238278,-1.8337732553481203,0.01,candidate,,1.8354654163122106,,-0.35573070988622246,8904349914533.771,1000.0,-2.0,True,True,0.902500000035,True,quantitative_screening,0,0,55591984aa2dd50a201f,False,
"('HEA', ('Fe', 'Ru', 'Al', 'Ga', 'Bi', 'Ce'), 'hcp', '110', 800)",HEA,True,esen-sm-conserving-all-oc25:relax-v3:pyrolysis-v2,True,0.07219762929174853,49,150,0.08,converged,,bfgs_standard,"[{""ase_converged"": true, ""converged"": true, ""end_geometry_sha256"": ""2c77386cdb3c00f0e412f8bd81eaa2e353dd9b4255113eb0bbe5425cff1aa3e5"", ""failure_class"": null, ""max_force_eV_A"": 0.07219762929174853, ""name"": ""bfgs_standard"", ""start_geometry_sha256"": ""3d43503e4fc05dd757a7c56c49700bddf91c0e8e10a76a50abf4c931aaed3f1f"", ""steps"": 49}]",2c77386cdb3c00f0e412f8bd81eaa2e353dd9b4255113eb0bbe5425cff1aa3e5,-232.22975989798877,True,0.07242208598634245,74.0,100.0,0.08,converged,,bfgs_standard,"[{""ase_converged"": true, ""converged"": true, ""end_geometry_sha256"": ""1c394d462c6a33bd741b527ecef56a296efca9c330c0a3e2cab47fd303d48940"", ""failure_class"": null, ""max_force_eV_A"": 0.07242208598634245, ""name"": ""bfgs_standard"", ""start_geometry_sha256"": ""8367003a0c2afa10a12b9f9a49356736d7dd7a7c87e713b42472d5d0fbbb36ed"", ""steps"": 74}]",1c394d462c6a33bd741b527ecef56a296efca9c330c0a3e2cab47fd303d48940,-0.6706615462899244,True,0.0729221375591876,70.0,100.0,0.08,converged,,bfgs_standard,"[{""ase_converged"": true, ""converged"": true, ""end_geometry_sha256"": ""bb5a4892e2ea6fc34fd2703f9a0525c22bdc2febb8a342363eea32b9e59a3f7b"", ""failure_class"": null, ""max_force_eV_A"": 0.0729221375591876, ""name"": ""bfgs_standard"", ""start_geometry_sha256"": ""399cdf8fc82b32eb757dad57c0638649425a5a9ab57d44023f71664b9a7163bd"", ""steps"": 70}]",bb5a4892e2ea6fc34fd2703f9a0525c22bdc2febb8a342363eea32b9e59a3f7b,-2.5782592296599454,True,0.051511297846218884,98.0,100.0,0.08,converged,,bfgs_standard,"[{""ase_converged"": true, ""converged"": true, ""end_geometry_sha256"": ""27f6487421c87fa3c41bfb455e0386732c21fe62eb2f3d333fe5ef3e77ce265d"", ""failure_class"": null, ""max_force_eV_A"": 0.051511297846218884, ""name"": ""bfgs_standard"", ""start_geometry_sha256"": ""db1973019cd030a56e15e23ff982a63ecc00e4090d60a7bf36547d0f820a5a75"", ""steps"": 98}]",27f6487421c87fa3c41bfb455e0386732c21fe62eb2f3d333fe5ef3e77ce265d,0.5995635092258595,-0.29251146316519794,0.6718410587311456,candidate,,1.9408866018057083,,-0.41755836949315606,4112160794.5818253,1000.0,0.0,True,False,0.8739350657946708,False,quantitative_screening,1,1,420ca872f96acddb52a6,False,
"('HEA', ('Co', 'Cu', 'Ir', 'Pt', 'Sn', 'Sc'), 'hcp', '110', 800)",HEA,True,esen-sm-conserving-all-oc25:relax-v3:pyrolysis-v2,True,0.07720017815336619,24,150,0.08,converged,,bfgs_standard,"[{""ase_converged"": true, ""converged"": true, ""end_geometry_sha256"": ""52943f4392308266a107013d3662cbecb01cb2e8130356c60350c2acb3886b01"", ""failure_class"": null, ""max_force_eV_A"": 0.07720017815336619, ""name"": ""bfgs_standard"", ""start_geometry_sha256"": ""b960c1ff9ee52be1cf9a2a33a9ef8025423b7572d91ac19c7193640b5d9a935d"", ""steps"": 24}]",52943f4392308266a107013d3662cbecb01cb2e8130356c60350c2acb3886b01,-220.9325682680185,True,0.06662242884709463,21.0,100.0,0.08,converged,,bfgs_standard,"[{""ase_converged"": true, ""converged"": true, ""end_geometry_sha256"": ""1925a800b532eec70e6ebc1f76c55a4eaea0ead0c4a27ed62e84d0ec27e3e3de"", ""failure_class"": null, ""max_force_eV_A"": 0.06662242884709463, ""name"": ""bfgs_standard"", ""start_geometry_sha256"": ""c7e9a59593e989504406a8bcbf487330e9e740eb396d59e90e2dd49792d5b3cc"", ""steps"": 21}]",1925a800b532eec70e6ebc1f76c55a4eaea0ead0c4a27ed62e84d0ec27e3e3de,-0.6574738994240512,True,0.06897453048616455,40.0,100.0,0.08,converged,,bfgs_standard,"[{""ase_converged"": true, ""converged"": true, ""end_geometry_sha256"": ""9a0d3ba5ea5ff39a89511fedc01ed20616575f80c690518c33479d2f7283fa50"", ""failure_class"": null, ""max_force_eV_A"": 0.06897453048616455, ""name"": ""bfgs_standard"", ""start_geometry_sha256"": ""86d7d1922f46d88ab7efdda8f057a7b72ef2ba70143d38d2b395426d1255d7e1"", ""steps"": 40}]",9a0d3ba5ea5ff39a89511fedc01ed20616575f80c690518c33479d2f7283fa50,-3.8848429918288865,True,0.049765668720763497,58.0,100.0,0.08,converged,,bfgs_standard,"[{""ase_converged"": true, ""converged"": true, ""end_geometry_sha256"": ""e792f63cf98dae2b38b8fff5b40f7aead52f47d758f97908b99b8895b4552273"", ""failure_class"": null, ""max_force_eV_A"": 0.049765668720763497, ""name"": ""bfgs_standard"", ""start_geometry_sha256"": ""19f8f3b2edf9fede77b03c0d384eedc250091246b0ff2418dd747b688dd5beac"", ""steps"": 58}]",e792f63cf98dae2b38b8fff5b40f7aead52f47d758f97908b99b8895b4552273,1.2666180431842946,-1.5859076976775555,0.01,candidate,,2.581565842032397,,-0.43008425123308597,8904349914533.771,1000.0,-2.0,True,True,0.902500000035,True,quantitative_screening,0,0,fefbed14757cab5437a8,False,
"('Spinel', 'Zn', 'Mn', 'La', 'nanoparticle', 'N-graphene')",Spinel,True,esen-sm-conserving-all-oc25:relax-v3:pyrolysis-v2,True,0.06396795968366836,119,150,0.08,converged,,bfgs_standard,"[{""ase_converged"": true, ""converged"": true, ""end_geometry_sha256"": ""00e637fe1753edd379028eb3e53738696d049ab2528a11d594c667f5e1ad4304"", ""failure_class"": null, ""max_force_eV_A"": 0.06396795968366836, ""name"": ""bfgs_standard"", ""start_geometry_sha256"": ""2e5ab976ebbc6a3cac7d910c4d3d4bd575be1edfffb8d36588ebd1e557d97040"", ""steps"": 119}]",00e637fe1753edd379028eb3e53738696d049ab2528a11d594c667f5e1ad4304,-348.60338332931155,True,0.07901411848850774,40.0,100.0,0.08,converged,,bfgs_standard,"[{""ase_converged"": true, ""converged"": true, ""end_geometry_sha256"": ""367103224982383343977df35d11d51f8f653b937c158a0668d1e7826e9ddbd0"", ""failure_class"": null, ""max_force_eV_A"": 0.07901411848850774, ""name"": ""bfgs_standard"", ""start_geometry_sha256"": ""9beec9d6f9600ec75fe9e474b293f3669896e7e716edc86407caa6539dd36a04"", ""steps"": 40}]",367103224982383343977df35d11d51f8f653b937c158a0668d1e7826e9ddbd0,-0.20877800136802094,True,0.07791445322722977,91.0,100.0,0.08,converged,,bfgs_standard,"[{""ase_converged"": true, ""converged"": true, ""end_geometry_sha256"": ""f28a00d0680f25417802339b5a59a7a4bd8d54fa11ddee7b064cf0280f90350d"", ""failure_class"": null, ""max_force_eV_A"": 0.07791445322722977, ""name"": ""bfgs_standard"", ""start_geometry_sha256"": ""a90c1bef59ef729394a505212623dd802c59e8742efcc9b833a994e6f55bf341"", ""steps"": 91}]",f28a00d0680f25417802339b5a59a7a4bd8d54fa11ddee7b064cf0280f90350d,-1.4042212963103644,True,0.07733750225824286,53.0,100.0,0.08,converged,,bfgs_standard,"[{""ase_converged"": true, ""converged"": true, ""end_geometry_sha256"": ""fc74d9739ac5e8f9acb53520b15482a77e6d2479e94edb70dfcd5c694666d34f"", ""failure_class"": null, ""max_force_eV_A"": 0.07733750225824286, ""name"": ""bfgs_standard"", ""start_geometry_sha256"": ""26991d8f55fcd873a1739bbfa72109989eb0479303f3785850682cb59febc3b3"", ""steps"": 53}]",fc74d9739ac5e8f9acb53520b15482a77e6d2479e94edb70dfcd5c694666d34f,1.9816549122333953,1.3434098958969969,2.179177739620258,candidate,,2.399210914969437,,-0.13341410406598014,104.09444784957546,1000.0,0.0,True,False,0.6852014328916924,False,quantitative_screening,2,2,2a300da350a4207978ee,False,
"('Spinel', 'Zn', 'Cr', 'Nb', 'nanoparticle', 'N-graphene')",Spinel,True,esen-sm-conserving-all-oc25:relax-v3:pyrolysis-v2,True,0.07722958825796554,144,150,0.08,converged,,bfgs_standard,"[{""ase_converged"": true, ""converged"": true, ""end_geometry_sha256"": ""73933c891d5680fe1b36e401726adf8024a295cf2c5ca5b695f4db4386e0c39a"", ""failure_class"": null, ""max_force_eV_A"": 0.07722958825796554, ""name"": ""bfgs_standard"", ""start_geometry_sha256"": ""98b4ab40017f67487b1552d2196ec58d3ccb25dfe0d24a6f9a550cc4010d533f"", ""steps"": 144}]",73933c891d5680fe1b36e401726adf8024a295cf2c5ca5b695f4db4386e0c39a,-374.0371034303285,True,0.07475161418999664,51.0,100.0,0.08,converged,,bfgs_standard,"[{""ase_converged"": true, ""converged"": true, ""end_geometry_sha256"": ""db3219ffdca5ac35e6e99144574eefe7b5dd7d057820bab72a0826cb792bdb64"", ""failure_class"": null, ""max_force_eV_A"": 0.07475161418999664, ""name"": ""bfgs_standard"", ""start_geometry_sha256"": ""dd351d21024e0cb9bd9b899c361b1a507c192a0a925d77dac7a8d89ec034d437"", ""steps"": 51}]",db3219ffdca5ac35e6e99144574eefe7b5dd7d057820bab72a0826cb792bdb64,0.6189035400748502,True,0.07709903316980149,275.0,100.0,0.08,converged,,bfgs_after_fire,"[{""ase_converged"": false, ""converged"": false, ""end_geometry_sha256"": ""080fd0f3179a4a369e916cfa7c82ed4d0593c771fcd36549966f2425c981f5a5"", ""failure_class"": ""force_threshold"", ""max_force_eV_A"": 0.15994355347055172, ""name"": ""bfgs_standard"", ""start_geometry_sha256"": ""53a0e9d195de5961735ba43bc674089272262d3ee5404be87fd9539b457062da"", ""steps"": 100}, {""ase_converged"": false, ""converged"": false, ""end_geometry_sha256"": ""32f5f073d0b7ac362b8c2f8d2a295d003bdba1b753413ad21d457eb0eb2fb9b5"", ""failure_class"": ""force_threshold"", ""max_force_eV_A"": 0.5470260531048522, ""name"": ""fire_precondition"", ""qualifying"": false, ""start_geometry_sha256"": ""53a0e9d195de5961735ba43bc674089272262d3ee5404be87fd9539b457062da"", ""steps"": 50}, {""ase_converged"": true, ""converged"": true, ""end_geometry_sha256"": ""c9b43eb4ef658763e56b4ba3ef4b2d1d03e96f089be445a55db1834516b3e169"", ""failure_class"": null, ""max_force_eV_A"": 0.07709903316980149, ""name"": ""bfgs_after_fire"", ""start_geometry_sha256"": ""32f5f073d0b7ac362b8c2f8d2a295d003bdba1b753413ad21d457eb0eb2fb9b5"", ""steps"": 125}]",c9b43eb4ef658763e56b4ba3ef4b2d1d03e96f089be445a55db1834516b3e169,-2.797493696212822,True,0.07941814857626371,75.0,100.0,0.08,converged,,bfgs_standard,"[{""ase_converged"": true, ""converged"": true, ""end_geometry_sha256"": ""abb116b6a49b3278894225577859f429918d9e544b88ca7703b4cd8904fde7f8"", ""failure_class"": null, ""max_force_eV_A"": 0.07941814857626371, ""name"": ""bfgs_standard"", ""start_geometry_sha256"": ""b3a077fc8b015bcf70ea8bc25e2cce24b1f4944c6f223fbcbc41f11777dd7403"", ""steps"": 75}]",abb116b6a49b3278894225577859f429918d9e544b88ca7703b4cd8904fde7f8,2.351904660463319,0.7778190374374105,1.851135041713698,candidate,,1.1140975803136186,,-0.08820030935772252,4684.788604669961,1000.0,0.0,True,False,0.740000000035,False,quantitative_screening,0,0,ca1079d19b31cd045eeb,False,
"('Spinel', 'Zn', 'Ti', 'W', 'nanoparticle', 'N-graphene')",Spinel,True,esen-sm-conserving-all-oc25:relax-v3:pyrolysis-v2,True,0.06937181504657255,121,150,0.08,converged,,bfgs_standard,"[{""ase_converged"": true, ""converged"": true, ""end_geometry_sha256"": ""366863f19f14295679fb368d512e43ca818fb094bc47d3c210af528735c8457d"", ""failure_class"": null, ""max_force_eV_A"": 0.06937181504657255, ""name"": ""bfgs_standard"", ""start_geometry_sha256"": ""cb68977f771f3c36b4b96b840460b91ab36957fd184c3f309e12a9fc2cf6203e"", ""steps"": 121}]",366863f19f14295679fb368d512e43ca818fb094bc47d3c210af528735c8457d,-390.5850318021156,True,0.07845594404601597,77.0,100.0,0.08,converged,,bfgs_standard,"[{""ase_converged"": true, ""converged"": true, ""end_geometry_sha256"": ""b592e419e2b124eaefd1e957d7d6faddfec5c8162b096ca92524ffb6cde0e2d1"", ""failure_class"": null, ""max_force_eV_A"": 0.07845594404601597, ""name"": ""bfgs_standard"", ""start_geometry_sha256"": ""b9299d0da6c1aa6a6a1b37a4c4eaf6c487a5de4b9589f154ec0b586b5dd3fad2"", ""steps"": 77}]",b592e419e2b124eaefd1e957d7d6faddfec5c8162b096ca92524ffb6cde0e2d1,-0.10065177828076699,True,0.07862081462670965,59.0,100.0,0.08,converged,,bfgs_standard,"[{""ase_converged"": true, ""converged"": true, ""end_geometry_sha256"": ""76f48fd5cdfef1b8e9e70c97b5ce7500fac87aaa41ec17b520831403eaf5285d"", ""failure_class"": null, ""max_force_eV_A"": 0.07862081462670965, ""name"": ""bfgs_standard"", ""start_geometry_sha256"": ""a6c8eadc55affa97f12b95f3efb7135183a4c200d69dc2b67639c13d05e2a6b2"", ""steps"": 59}]",76f48fd5cdfef1b8e9e70c97b5ce7500fac87aaa41ec17b520831403eaf5285d,-2.2086541652679976,True,0.07953069903991612,80.0,100.0,0.08,converged,,bfgs_standard,"[{""ase_converged"": true, ""converged"": true, ""end_geometry_sha256"": ""160fbbfc427989260d2cf2f193357555f61c970236fa0e8bac5caf1d32fb14e8"", ""failure_class"": null, ""max_force_eV_A"": 0.07953069903991612, ""name"": ""bfgs_standard"", ""start_geometry_sha256"": ""fdb1cc538e124369ccd36c4283266513a833959dfbd9624fa376b5f9f99a2222"", ""steps"": 80}]",160fbbfc427989260d2cf2f193357555f61c970236fa0e8bac5caf1d32fb14e8,3.951571851968751,0.6471033692359072,1.775319954156826,candidate,,4.152875408530285,,0.03729550591938278,11292.269204335773,1000.0,0.0,True,False,0.740000000035,False,quantitative_screening,1,1,49176ff34c15d87ceb74,False,
"('Spinel', 'Zn', 'Ni', 'None', 'nanoparticle', 'N-graphene')",Spinel,True,esen-sm-conserving-all-oc25:relax-v3:pyrolysis-v2,True,0.0674688930950621,92,150,0.08,converged,,bfgs_standard,"[{""ase_converged"": true, ""converged"": true, ""end_geometry_sha256"": ""e5bab834456106edadaea7d86c7ae9abeeb3d47768bf9006d4852ed9486cf7bb"", ""failure_class"": null, ""max_force_eV_A"": 0.0674688930950621, ""name"": ""bfgs_standard"", ""start_geometry_sha256"": ""ec8f1dfa6434d5dcb08c7ee3eec7f56137b7d456d3ac7af9662a3c6351c8db94"", ""steps"": 92}]",e5bab834456106edadaea7d86c7ae9abeeb3d47768bf9006d4852ed9486cf7bb,-265.33174550759037,True,0.06135138159020809,43.0,100.0,0.08,converged,,bfgs_standard,"[{""ase_converged"": true, ""converged"": true, ""end_geometry_sha256"": ""ee66842d0e69e5ce9abbc8dc702b56f63dc7ce3e1ebe40e8c2bd401efa6c11f1"", ""failure_class"": null, ""max_force_eV_A"": 0.06135138159020809, ""name"": ""bfgs_standard"", ""start_geometry_sha256"": ""680ba6bf91cba337c2a1448d68d8aa1c1921d67e688694f01229e0064fba24d3"", ""steps"": 43}]",ee66842d0e69e5ce9abbc8dc702b56f63dc7ce3e1ebe40e8c2bd401efa6c11f1,-1.8198123946785678,True,0.07860235506771251,46.0,100.0,0.08,converged,,bfgs_standard,"[{""ase_converged"": true, ""converged"": true, ""end_geometry_sha256"": ""fad962bca3a283e1d891d8a7bee7bfe8307a40bbfc7e3e36ab5be73341b86f89"", ""failure_class"": null, ""max_force_eV_A"": 0.07860235506771251, ""name"": ""bfgs_standard"", ""start_geometry_sha256"": ""a18d9e759b51ed06001534e0521f108ce701232bae99b9644924d8e1fcaa9d5b"", ""steps"": 46}]",fad962bca3a283e1d891d8a7bee7bfe8307a40bbfc7e3e36ab5be73341b86f89,-3.5614249706267707,True,0.07936451224465033,74.0,100.0,0.08,converged,,bfgs_standard,"[{""ase_converged"": true, ""converged"": true, ""end_geometry_sha256"": ""75dd8f2f57383f66ab6462ad776e3c1d40d45057c6437d6100035961c6de5895"", ""failure_class"": null, ""max_force_eV_A"": 0.07936451224465033, ""name"": ""bfgs_standard"", ""start_geometry_sha256"": ""64167971f27034ed50aca3ba0459563b18cbd03da8409fd6c317ed771167e4a8"", ""steps"": 74}]",75dd8f2f57383f66ab6462ad776e3c1d40d45057c6437d6100035961c6de5895,-0.49309369921685686,-2.4248281717299562,0.01,candidate,,3.1465310901402788,,-0.15792248495586705,8904349914533.771,1000.0,0.0,True,True,0.740000000035,True,quantitative_screening,2,2,62ee9aada1796b95f4e1,False,
"('MXene', 'Zr', 'N', 1, 'mixed_OH_O', 'Ni')",MXene,True,esen-sm-conserving-all-oc25:relax-v3:pyrolysis-v2,True,0.05998020172299497,33,150,0.08,converged,,bfgs_standard,"[{""ase_converged"": true, ""converged"": true, ""end_geometry_sha256"": ""5ea303cd5c2f491b43efb8d058edba2108407da32f1f95a1694a2f8e3a26c46f"", ""failure_class"": null, ""max_force_eV_A"": 0.05998020172299497, ""name"": ""bfgs_standard"", ""start_geometry_sha256"": ""294c51baa5a9622b830cfba66b97503aa3070f8002afc1c522b2fe4476e2dc7e"", ""steps"": 33}]",5ea303cd5c2f491b43efb8d058edba2108407da32f1f95a1694a2f8e3a26c46f,-167.94617521291119,True,0.07757016479954572,27.0,100.0,0.08,converged,,bfgs_standard,"[{""ase_converged"": true, ""converged"": true, ""end_geometry_sha256"": ""5ed53c54c8b06f07569a249d6b8e35a22da890c4a2423a9b9fb2d55f5a09f8f0"", ""failure_class"": null, ""max_force_eV_A"": 0.07757016479954572, ""name"": ""bfgs_standard"", ""start_geometry_sha256"": ""4f0d7bbcd3fa9453a474dc8dd49576fbcc27562f6459dc42cba7d46c5f4de495"", ""steps"": 27}]",5ed53c54c8b06f07569a249d6b8e35a22da890c4a2423a9b9fb2d55f5a09f8f0,-1.0211654677987134,True,0.0774609753539614,44.0,100.0,0.08,converged,,bfgs_standard,"[{""ase_converged"": true, ""converged"": true, ""end_geometry_sha256"": ""f142b120103f25e9968d905107517a015066933918198fd4f2dcb76de1be98ae"", ""failure_class"": null, ""max_force_eV_A"": 0.0774609753539614, ""name"": ""bfgs_standard"", ""start_geometry_sha256"": ""e59f84fb31b26635742db666eb826f3dc7065ae4ef5f5e9ee3684d43974f768d"", ""steps"": 44}]",f142b120103f25e9968d905107517a015066933918198fd4f2dcb76de1be98ae,-3.0808017253875697,True,0.0629512819780052,27.0,100.0,0.08,converged,,bfgs_standard,"[{""ase_converged"": true, ""converged"": true, ""end_geometry_sha256"": ""ec5919b605dcb27a9e849bb0a586400f6263d5e63e4e3f4c8f5c590a5546d8cc"", ""failure_class"": null, ""max_force_eV_A"": 0.0629512819780052, ""name"": ""bfgs_standard"", ""start_geometry_sha256"": ""d35bc5d8781c51905986f07ce019d558b20eb867bdeae6eae40d202ffb9e60a4"", ""steps"": 27}]",ec5919b605dcb27a9e849bb0a586400f6263d5e63e4e3f4c8f5c590a5546d8cc,1.5223712027073049,-1.1455578804016113,0.2710206413269043,candidate,,3.5647021383047317,,-0.20365369293399455,430641702810.43945,1000.0,0.0,False,False,0.675000000035,False,quantitative_screening,1,1,c68c610c17d40d6429fd,False,
"('MXene', 'Zr', 'CN', 1, 'Cl', 'Pd')",MXene,True,esen-sm-conserving-all-oc25:relax-v3:pyrolysis-v2,True,0.0672374056441936,32,150,0.08,converged,,bfgs_standard,"[{""ase_converged"": true, ""converged"": true, ""end_geometry_sha256"": ""3b012c4d160f0dce03ea3943e184f1b95d7db234a2f47a6f94ec4146dfed12c1"", ""failure_class"": null, ""max_force_eV_A"": 0.0672374056441936, ""name"": ""bfgs_standard"", ""start_geometry_sha256"": ""259579c4a545cd1d65329342cef847924c58b9b31830007a42d2f7c4f5952147"", ""steps"": 32}]",3b012c4d160f0dce03ea3943e184f1b95d7db234a2f47a6f94ec4146dfed12c1,-157.99061739782076,True,0.07621701914352573,26.0,100.0,0.08,converged,,bfgs_standard,"[{""ase_converged"": true, ""converged"": true, ""end_geometry_sha256"": ""60844fc5c3055dc82a49138ca6a3e5e797256dc17290081e20865f1cfb04e8a7"", ""failure_class"": null, ""max_force_eV_A"": 0.07621701914352573, ""name"": ""bfgs_standard"", ""start_geometry_sha256"": ""d3fecfd81c7b146c01932b0a492364e29cd2fcf2e0cc120f3db257cb167485b3"", ""steps"": 26}]",60844fc5c3055dc82a49138ca6a3e5e797256dc17290081e20865f1cfb04e8a7,-1.0198150649666822,True,0.07771211264994857,44.0,100.0,0.08,converged,,bfgs_standard,"[{""ase_converged"": true, ""converged"": true, ""end_geometry_sha256"": ""6bdf484eb7e6c3a7d491275fa126edeca2900a0c0bb187d42daa9055c969b3a0"", ""failure_class"": null, ""max_force_eV_A"": 0.07771211264994857, ""name"": ""bfgs_standard"", ""start_geometry_sha256"": ""ff7c3741d863823c394d666ea2cce8f666cfa6cb8915eaedc0b3c43595b20985"", ""steps"": 44}]",6bdf484eb7e6c3a7d491275fa126edeca2900a0c0bb187d42daa9055c969b3a0,-3.0765254497528325,True,0.05556220646717814,36.0,100.0,0.08,converged,,bfgs_standard,"[{""ase_converged"": true, ""converged"": true, ""end_geometry_sha256"": ""4e1a36b0029e9016f0e58eb0b27ae2d42d15ddf5a124a492efaadf280bc7b5cc"", ""failure_class"": null, ""max_force_eV_A"": 0.05556220646717814, ""name"": ""bfgs_standard"", ""start_geometry_sha256"": ""7389d418c87120828592e6b806bab721fd39a9ad9484ba4a8264bf562eb23d28"", ""steps"": 36}]",4e1a36b0029e9016f0e58eb0b27ae2d42d15ddf5a124a492efaadf280bc7b5cc,1.7789590656757213,-1.1399313211441324,0.27484670162199,candidate,,3.8185891956090856,,-0.18936746093936563,411939643539.8767,1000.0,-1.6064247967304128,False,False,0.675000000035,False,quantitative_screening,2,2,cd375b9d1ebbb59dd9bc,False,
"('MXene', 'Hf', 'C', 1, 'F', 'Ni')",MXene,True,esen-sm-conserving-all-oc25:relax-v3:pyrolysis-v2,True,0.049957395171212046,30,150,0.08,converged,,bfgs_standard,"[{""ase_converged"": true, ""converged"": true, ""end_geometry_sha256"": ""ad2668c34fa9ab0fefb93268e9017fb6d9ad2a0a65dbdd6d123a0d846b1bfb74"", ""failure_class"": null, ""max_force_eV_A"": 0.049957395171212046, ""name"": ""bfgs_standard"", ""start_geometry_sha256"": ""21d344d69436687cec09307da4e5eeeff54f1a7dda026fe4fb08c7307d04d379"", ""steps"": 30}]",ad2668c34fa9ab0fefb93268e9017fb6d9ad2a0a65dbdd6d123a0d846b1bfb74,-168.82856717591065,True,0.05867500408134919,62.0,100.0,0.08,converged,,bfgs_standard,"[{""ase_converged"": true, ""converged"": true, ""end_geometry_sha256"": ""940fec5f2bf36204f6377409ea9901d31929e5a2a3068de8e34d7a7d41850e0a"", ""failure_class"": null, ""max_force_eV_A"": 0.05867500408134919, ""name"": ""bfgs_standard"", ""start_geometry_sha256"": ""a163e45b5c78f1717192e46288fd0e669e3b6b51a06d10879d4c458c42300c5c"", ""steps"": 62}]",940fec5f2bf36204f6377409ea9901d31929e5a2a3068de8e34d7a7d41850e0a,-0.7281490340828931,True,0.06750947166355326,48.0,100.0,0.08,converged,,bfgs_standard,"[{""ase_converged"": true, ""converged"": true, ""end_geometry_sha256"": ""1ae3f14175d8b3eb6f944b73352a7f0b9a3886f8e2a6c66d21a0bdee25bea849"", ""failure_class"": null, ""max_force_eV_A"": 0.06750947166355326, ""name"": ""bfgs_standard"", ""start_geometry_sha256"": ""565b7539a14df59bc5724a80568360b0ec5eeecab549aee8670d1f1fbf2be0b3"", ""steps"": 48}]",1ae3f14175d8b3eb6f944b73352a7f0b9a3886f8e2a6c66d21a0bdee25bea849,-3.5129001140594447,True,0.06018733625865991,56.0,100.0,0.08,converged,,bfgs_standard,"[{""ase_converged"": true, ""converged"": true, ""end_geometry_sha256"": ""c21e531366b55f8d30b6705413d2bab723d748fe970480b235a177fe6ff5b2f2"", ""failure_class"": null, ""max_force_eV_A"": 0.06018733625865991, ""name"": ""bfgs_standard"", ""start_geometry_sha256"": ""e70e8ef42777fd973e68d44810fe19148c955ec54242b555a3ef9867f3bc5236"", ""steps"": 56}]",c21e531366b55f8d30b6705413d2bab723d748fe970480b235a177fe6ff5b2f2,1.2643411457538747,-1.2846399545669556,0.17644483089447016,candidate,,2.720639213919661,,-0.697337457401477,1290497567730.808,1000.0,0.0,False,False,0.675000000035,False,quantitative_screening,0,0,4c2f72b91075bf98483d,False,
"('MXene', 'Hf', 'N', 1, 'OH', 'Pd')",MXene,True,esen-sm-conserving-all-oc25:relax-v3:pyrolysis-v2,True,0.07221290581489541,41,150,0.08,converged,,bfgs_standard,"[{""ase_converged"": true, ""converged"": true, ""end_geometry_sha256"": ""cd922592b299f5ef41224dfc41403b9f3eedb6a4afd8d47566941e9bf4a40bee"", ""failure_class"": null, ""max_force_eV_A"": 0.07221290581489541, ""name"": ""bfgs_standard"", ""start_geometry_sha256"": ""b812f91293c032d2150b5da3389645fc2cdfa5067e4b2bdcbffecc11ea8be505"", ""steps"": 41}]",cd922592b299f5ef41224dfc41403b9f3eedb6a4afd8d47566941e9bf4a40bee,-179.59810902102632,True,0.07538061608200788,27.0,100.0,0.08,converged,,bfgs_standard,"[{""ase_converged"": true, ""converged"": true, ""end_geometry_sha256"": ""51b6e9358e1331f0e4772a8dab1f180a94bf4f63e955205f84b67f2b80ea54b8"", ""failure_class"": null, ""max_force_eV_A"": 0.07538061608200788, ""name"": ""bfgs_standard"", ""start_geometry_sha256"": ""4a7becaa61d37013e48a52d0e65afcca2c3cf5c20479be71c27a16c7d7fe93ac"", ""steps"": 27}]",51b6e9358e1331f0e4772a8dab1f180a94bf4f63e955205f84b67f2b80ea54b8,-0.9253707900643384,True,0.07464997903338597,46.0,100.0,0.08,converged,,bfgs_standard,"[{""ase_converged"": true, ""converged"": true, ""end_geometry_sha256"": ""e75b3ab6858bdc48ca06a91ebe2b2b1757f9157bee09c13775aa0fb785d0c70b"", ""failure_class"": null, ""max_force_eV_A"": 0.07464997903338597, ""name"": ""bfgs_standard"", ""start_geometry_sha256"": ""65bdcbcf09d4cfebd931798e8b334f64e954f32e9db3a01192890e3c59dcd5f2"", ""steps"": 46}]",e75b3ab6858bdc48ca06a91ebe2b2b1757f9157bee09c13775aa0fb785d0c70b,-2.8817756175994838,True,0.06610594227177054,161.0,100.0,0.08,converged,,bfgs_after_fire,"[{""ase_converged"": false, ""converged"": false, ""end_geometry_sha256"": ""e306d0b475c559e5ee1021685c4173a574f6c947caebadc3c879f9d106e67867"", ""failure_class"": ""force_threshold"", ""max_force_eV_A"": 1.4678642238857786, ""name"": ""bfgs_standard"", ""start_geometry_sha256"": ""a29f81020daa6d937bfb73dbff1512602358060be32cbf6e134f2615c2b3b7a3"", ""steps"": 100}, {""ase_converged"": false, ""converged"": false, ""end_geometry_sha256"": ""8eb84ce95f2e2bcda81d5d2b0a34b7d341810a80c22918143c3a9d61a11d87c6"", ""failure_class"": ""force_threshold"", ""max_force_eV_A"": 3.039918624891337, ""name"": ""fire_precondition"", ""qualifying"": false, ""start_geometry_sha256"": ""a29f81020daa6d937bfb73dbff1512602358060be32cbf6e134f2615c2b3b7a3"", ""steps"": 50}, {""ase_converged"": true, ""converged"": true, ""end_geometry_sha256"": ""6ba3f0f8ed63e1703d2818a9b0a9b7b50c42d6f8dd2c0a17d3fae0a55f66baaa"", ""failure_class"": null, ""max_force_eV_A"": 0.06610594227177054, ""name"": ""bfgs_after_fire"", ""start_geometry_sha256"": ""8eb84ce95f2e2bcda81d5d2b0a34b7d341810a80c22918143c3a9d61a11d87c6"", ""steps"": 11}]",6ba3f0f8ed63e1703d2818a9b0a9b7b50c42d6f8dd2c0a17d3fae0a55f66baaa,1.4757746756076955,-0.8507370948791504,0.4714987754821778,candidate,,3.3265162557363723,,-0.6839320390054808,42048524120.75152,1000.0,-2.0,False,False,0.675000000035,False,quantitative_screening,1,1,43fb547eca05f83cbf1a,False,
"('SAA', 'Ru', 'Ag', '211', 1000)",SAA,True,esen-sm-conserving-all-oc25:relax-v3:pyrolysis-v2,True,0.06416679566515403,14,150,0.08,converged,,bfgs_standard,"[{""ase_converged"": true, ""converged"": true, ""end_geometry_sha256"": ""39cfdfdf883da3a5dbffc3c9fa2d6cf2321908731a72a88f614d529b62699dd0"", ""failure_class"": null, ""max_force_eV_A"": 0.06416679566515403, ""name"": ""bfgs_standard"", ""start_geometry_sha256"": ""6e386c6411dce7fdc8999cb9ce81f6344c9c6ac7a04834cd65595e13be61cd38"", ""steps"": 14}]",39cfdfdf883da3a5dbffc3c9fa2d6cf2321908731a72a88f614d529b62699dd0,-98.7533265797824,True,0.07720601885531814,32.0,100.0,0.08,converged,,bfgs_standard,"[{""ase_converged"": true, ""converged"": true, ""end_geometry_sha256"": ""525a1cd70a9a84d5f5be3662b8044ee70f215133e1351be069a14d04f8c21484"", ""failure_class"": null, ""max_force_eV_A"": 0.07720601885531814, ""name"": ""bfgs_standard"", ""start_geometry_sha256"": ""b07531c7409ab81967b94cae01ab1fc3ff2d8432807828a3e3e9788ed3006dbc"", ""steps"": 32}]",525a1cd70a9a84d5f5be3662b8044ee70f215133e1351be069a14d04f8c21484,0.3391603454947436,True,0.06462344197165461,32.0,100.0,0.08,converged,,bfgs_standard,"[{""ase_converged"": true, ""converged"": true, ""end_geometry_sha256"": ""7684dd073a427c9baf8214c1959dcf22f6d1b1ed8d8d01172ff7e5e1ebe701fd"", ""failure_class"": null, ""max_force_eV_A"": 0.06462344197165461, ""name"": ""bfgs_standard"", ""start_geometry_sha256"": ""d9200975d6ed8063a7d166396c171fb9d2673ddd73f94ad1f5d67c3cfcfda51f"", ""steps"": 32}]",7684dd073a427c9baf8214c1959dcf22f6d1b1ed8d8d01172ff7e5e1ebe701fd,1.797577619552559,True,0.07768896463538884,20.0,100.0,0.08,converged,,bfgs_standard,"[{""ase_converged"": true, ""converged"": true, ""end_geometry_sha256"": ""1568eee1bd7abd10ebede917f05b7b6432103b8cd23e2368b5f21e1566ab90b6"", ""failure_class"": null, ""max_force_eV_A"": 0.07768896463538884, ""name"": ""bfgs_standard"", ""start_geometry_sha256"": ""958aa1ae268269621ef105d2463c5cdfb6c113a56c99e382799f1b0e1ec0c1a1"", ""steps"": 20}]",1568eee1bd7abd10ebede917f05b7b6432103b8cd23e2368b5f21e1566ab90b6,5.448420792818055,5.093147158622685,4.7207918405532405,candidate,,4.770100101828568,,0.29860894047528463,1.615311423688396e-11,1000.0,-2.0,True,False,0.902500000035,False,quantitative_screening,2,2,1a6ba5ae3a2fc05888d7,False,
"('SAA', 'Ru', 'In', '111', 100)",SAA,True,esen-sm-conserving-all-oc25:relax-v3:pyrolysis-v2,True,0.06530786337177014,23,150,0.08,converged,,bfgs_standard,"[{""ase_converged"": true, ""converged"": true, ""end_geometry_sha256"": ""386703601e887f344b88ae74628c1ed4469f61771e630b38df2a2da3465157bc"", ""failure_class"": null, ""max_force_eV_A"": 0.06530786337177014, ""name"": ""bfgs_standard"", ""start_geometry_sha256"": ""fb562443b3d17110040cb72290bcf513ed6e803aa87ff3acb9d8e332bde299e5"", ""steps"": 23}]",386703601e887f344b88ae74628c1ed4469f61771e630b38df2a2da3465157bc,-152.94711525858293,True,0.07814346963047228,20.0,100.0,0.08,converged,,bfgs_standard,"[{""ase_converged"": true, ""converged"": true, ""end_geometry_sha256"": ""dad39785708ad2a954e4ac83003ceeccaa624c8c0be0e2c77fb741233c02864b"", ""failure_class"": null, ""max_force_eV_A"": 0.07814346963047228, ""name"": ""bfgs_standard"", ""start_geometry_sha256"": ""5e4f23565094bbf969da5dbcfa256a0884669783dc3e7ef6f49cf9b6a6e4b1d4"", ""steps"": 20}]",dad39785708ad2a954e4ac83003ceeccaa624c8c0be0e2c77fb741233c02864b,0.7162350639700286,True,0.07556272430739668,27.0,100.0,0.08,converged,,bfgs_standard,"[{""ase_converged"": true, ""converged"": true, ""end_geometry_sha256"": ""4b1bd3f8af449cfa37e181cb5fafb4b6792f4f001ba4e246f27e026e538ff3c0"", ""failure_class"": null, ""max_force_eV_A"": 0.07556272430739668, ""name"": ""bfgs_standard"", ""start_geometry_sha256"": ""0730e23b2e63e50d77857b7a7b53c1f3022fc04990eec621d2ebc8e4cf624209"", ""steps"": 27}]",4b1bd3f8af449cfa37e181cb5fafb4b6792f4f001ba4e246f27e026e538ff3c0,-1.8076074123382817,True,0.07419156651480946,254.0,100.0,0.08,converged,,bfgs_after_fire,"[{""ase_converged"": false, ""converged"": false, ""end_geometry_sha256"": ""4a1d5b9c3ed786e9582e5d21727c81b79c0bcbd959a600477f08ca630067cf70"", ""failure_class"": ""force_threshold"", ""max_force_eV_A"": 0.08758611469415194, ""name"": ""bfgs_standard"", ""start_geometry_sha256"": ""fca6f5608f32ae357b19f456649239ada2b1c7dc40eec7cc10cd7f22c7cea230"", ""steps"": 100}, {""ase_converged"": true, ""converged"": true, ""end_geometry_sha256"": ""9cae34fa1cd2e05595dcba31718d311f4e2e7391f44d1e511d6b9e7c216e0047"", ""failure_class"": null, ""max_force_eV_A"": 0.23761829690908579, ""name"": ""fire_precondition"", ""qualifying"": false, ""start_geometry_sha256"": ""fca6f5608f32ae357b19f456649239ada2b1c7dc40eec7cc10cd7f22c7cea230"", ""steps"": 10}, {""ase_converged"": true, ""converged"": true, ""end_geometry_sha256"": ""ed21d07b5c55f843fb792554b85da94e81d40c76feb77f47842f2a41f0546539"", ""failure_class"": null, ""max_force_eV_A"": 0.07419156651480946, ""name"": ""bfgs_after_fire"", ""start_geometry_sha256"": ""9cae34fa1cd2e05595dcba31718d311f4e2e7391f44d1e511d6b9e7c216e0047"", ""steps"": 144}]",ed21d07b5c55f843fb792554b85da94e81d40c76feb77f47842f2a41f0546539,4.1380760967730765,1.865036845207129,2.267428002357418,candidate,,2.7056059688330194,,0.40624225142807974,37.3822826505313,1000.0,-2.0,True,False,0.902500000035,False,quantitative_screening,2,2,ba668bdb7c0b0fb15a31,False,
"('SAA', 'Ru', 'Al', '111', 10000)",SAA,True,esen-sm-conserving-all-oc25:relax-v3:pyrolysis-v2,True,0.07966896257784406,11,150,0.08,converged,,bfgs_standard,"[{""ase_converged"": true, ""converged"": true, ""end_geometry_sha256"": ""061ff7edca369fd92daceae498f9caf266a3eb07cf63d3ba23a4d546ac2ba831"", ""failure_class"": null, ""max_force_eV_A"": 0.07966896257784406, ""name"": ""bfgs_standard"", ""start_geometry_sha256"": ""bc2675baafbec5911d7754921b4aa2f085d76932ec568809c96fe03c0333d65d"", ""steps"": 11}]",061ff7edca369fd92daceae498f9caf266a3eb07cf63d3ba23a4d546ac2ba831,-63.18146754168234,True,0.05639895436766867,17.0,100.0,0.08,converged,,bfgs_standard,"[{""ase_converged"": true, ""converged"": true, ""end_geometry_sha256"": ""675e12978292587f4d5dd51bf9a2209a8efe8e4a179510d5d20cab6730f3f95c"", ""failure_class"": null, ""max_force_eV_A"": 0.05639895436766867, ""name"": ""bfgs_standard"", ""start_geometry_sha256"": ""a2d896d0d7ff6f8010c31304a514a01b617407b058b584ad83f4fcbaa2520b4e"", ""steps"": 17}]",675e12978292587f4d5dd51bf9a2209a8efe8e4a179510d5d20cab6730f3f95c,0.7763602957129443,True,0.03892301389066097,64.0,100.0,0.08,converged,,bfgs_standard,"[{""ase_converged"": true, ""converged"": true, ""end_geometry_sha256"": ""4ec4dd3c9d113c63fa2b3d1796434c3f391557c03103d0a927373f264a5cedd7"", ""failure_class"": null, ""max_force_eV_A"": 0.03892301389066097, ""name"": ""bfgs_standard"", ""start_geometry_sha256"": ""1f05e2891a807bc8ec8ccb7ef8d584335122a40b26a7f4c94895e02a91a706a8"", ""steps"": 64}]",4ec4dd3c9d113c63fa2b3d1796434c3f391557c03103d0a927373f264a5cedd7,0.33244979381560213,True,0.07832727853060284,28.0,100.0,0.08,converged,,bfgs_standard,"[{""ase_converged"": true, ""converged"": true, ""end_geometry_sha256"": ""904153e08c1750744d2bd45b8a3a1be5ece892920ed7a2d2b1e35b3842cfbe4f"", ""failure_class"": null, ""max_force_eV_A"": 0.07832727853060284, ""name"": ""bfgs_standard"", ""start_geometry_sha256"": ""849be84beeda37ba5d1d7add8e4fcad6e29f2aaac85bf49d50e2fe8e37b099d1"", ""steps"": 28}]",904153e08c1750744d2bd45b8a3a1be5ece892920ed7a2d2b1e35b3842cfbe4f,2.772057682275772,4.065219283103929,3.939566655158986,candidate,,1.2193370908498835,,0.21019714095731884,1.3978414411520114e-07,1000.0,-0.08460016478772991,True,False,0.902500000035,False,quantitative_screening,0,0,e0d88d8ed7f35a51ff6d,False,
"('SAA', 'Au', 'Ni', '100', 2000)",SAA,True,esen-sm-conserving-all-oc25:relax-v3:pyrolysis-v2,True,0.06463424861461045,7,150,0.08,converged,,bfgs_standard,"[{""ase_converged"": true, ""converged"": true, ""end_geometry_sha256"": ""cef76f18698e9c8cdee9a48ce396a9d14d1b9a50963b31f47bf5a4a0489ccd3e"", ""failure_class"": null, ""max_force_eV_A"": 0.06463424861461045, ""name"": ""bfgs_standard"", ""start_geometry_sha256"": ""054065d34384b60b25f69fd91f29ef43702e0bf68d5e66dd9037cd7760422f1b"", ""steps"": 7}]",cef76f18698e9c8cdee9a48ce396a9d14d1b9a50963b31f47bf5a4a0489ccd3e,-77.3685391197021,True,0.06420776410883577,21.0,100.0,0.08,converged,,bfgs_standard,"[{""ase_converged"": true, ""converged"": true, ""end_geometry_sha256"": ""805045ea99b46508acb9d122178a9a8ebfb22da4c1f2b2bcf01f880a2e66e551"", ""failure_class"": null, ""max_force_eV_A"": 0.06420776410883577, ""name"": ""bfgs_standard"", ""start_geometry_sha256"": ""cb8a4f6ec987a4b91c46d5248af127d599ec634dd0f55e47c85921c1ef2e02f9"", ""steps"": 21}]",805045ea99b46508acb9d122178a9a8ebfb22da4c1f2b2bcf01f880a2e66e551,-0.425212480127815,True,0.07620861980852224,63.0,100.0,0.08,converged,,bfgs_standard,"[{""ase_converged"": true, ""converged"": true, ""end_geometry_sha256"": ""93a7556901edd097331026b4646e9f81afa153397abd1e43898aa0a2756bec09"", ""failure_class"": null, ""max_force_eV_A"": 0.07620861980852224, ""name"": ""bfgs_standard"", ""start_geometry_sha256"": ""4978926d5ec3325deefd1bde3dbeb6ab1f6a1b3c9ddc29b9634eaaeb72826fcd"", ""steps"": 63}]",93a7556901edd097331026b4646e9f81afa153397abd1e43898aa0a2756bec09,-2.1603691577911484,True,0.07160968587291658,13.0,100.0,0.08,converged,,bfgs_standard,"[{""ase_converged"": true, ""converged"": true, ""end_geometry_sha256"": ""0d79c1e157b5081a06d6807fa972b86dacc0d7782f840f4f3eba009a920ffb44"", ""failure_class"": null, ""max_force_eV_A"": 0.07160968587291658, ""name"": ""bfgs_standard"", ""start_geometry_sha256"": ""e0940af4988c701289966f24df02c22cc094ad6745e37bcb8d76957bd27ef881"", ""steps"": 13}]",0d79c1e157b5081a06d6807fa972b86dacc0d7782f840f4f3eba009a920ffb44,1.3290227949619293,0.37082767486570845,1.1318290328979383,candidate,,2.1794477552175593,,-0.21843990452778286,19762083.522780377,1000.0,-2.0,True,False,0.902500000035,False,quantitative_screening,1,1,72be4bd4922b470164ad,False,
"('MetalFreeCarbon', 'oxidized', 0.02, 'edge_zigzag', 'carbon_black', 'P')",MetalFreeCarbon,True,esen-sm-conserving-all-oc25:relax-v3:pyrolysis-v2,True,0.06573710756571317,68,150,0.08,converged,,bfgs_standard,"[{""ase_converged"": true, ""converged"": true, ""end_geometry_sha256"": ""4658dcf5ca5df5aa1a2dea0451697dcd4b9e893dd52c58b622ba8f59cfb345af"", ""failure_class"": null, ""max_force_eV_A"": 0.06573710756571317, ""name"": ""bfgs_standard"", ""start_geometry_sha256"": ""43e91ca7f2ef0179ea062b4f120806175d2b907f22d26f5e16f46165c487bbfa"", ""steps"": 68}]",4658dcf5ca5df5aa1a2dea0451697dcd4b9e893dd52c58b622ba8f59cfb345af,-135.80041260978282,True,0.0712030129832925,64.0,100.0,0.08,converged,,bfgs_standard,"[{""ase_converged"": true, ""converged"": true, ""end_geometry_sha256"": ""1d64275a521078ea363b84196530fc7c3d36343c9df5001ab362b7729894a495"", ""failure_class"": null, ""max_force_eV_A"": 0.0712030129832925, ""name"": ""bfgs_standard"", ""start_geometry_sha256"": ""558e8bd618e1af9b3fdc38930b38fd69bd981b68e688daaac65a0774a65bffd9"", ""steps"": 64}]",1d64275a521078ea363b84196530fc7c3d36343c9df5001ab362b7729894a495,0.21291675418614986,True,0.07712991174695885,43.0,100.0,0.08,converged,,bfgs_standard,"[{""ase_converged"": true, ""converged"": true, ""end_geometry_sha256"": ""80359b2201b7cab0cfcf747ac6679879bbbddde07ff48f5384911cc5ba57693b"", ""failure_class"": null, ""max_force_eV_A"": 0.07712991174695885, ""name"": ""bfgs_standard"", ""start_geometry_sha256"": ""8061579008c1a6ca8f15187e0df9bf04ee65d9d2a4df09c9a3c27e7217929658"", ""steps"": 43}]",80359b2201b7cab0cfcf747ac6679879bbbddde07ff48f5384911cc5ba57693b,-2.0448806285858403,True,0.06879916109486543,88.0,100.0,0.08,converged,,bfgs_standard,"[{""ase_converged"": true, ""converged"": true, ""end_geometry_sha256"": ""eeece77209be61e7189c38bf4089fda8a6ba11f997606b7d6fa4ba7451b1f141"", ""failure_class"": null, ""max_force_eV_A"": 0.06879916109486543, ""name"": ""bfgs_standard"", ""start_geometry_sha256"": ""ec214d64801ac3d1dededaafd1fd0bbd7d1b13205315a869e17e86698e9e78fc"", ""steps"": 88}]",eeece77209be61e7189c38bf4089fda8a6ba11f997606b7d6fa4ba7451b1f141,1.7963092625141002,1.1244453191756918,2.593555861711492,candidate,,1.3704757541418005,,-0.489023616395076,0.8492855710546156,1000.0,0.0,True,False,0.27249999999999996,True,quantitative_screening,0,0,d857086a764edd5c633c,False,
"('MetalFreeCarbon', 'oxidized', 0.04, 'pentagon_heptagon', 'CNT', 'P')",MetalFreeCarbon,True,esen-sm-conserving-all-oc25:relax-v3:pyrolysis-v2,True,0.07733167006326971,101,150,0.08,converged,,bfgs_standard,"[{""ase_converged"": true, ""converged"": true, ""end_geometry_sha256"": ""23a2894a2b96e17e374a69c13ed6ff64b01f703c8f21e392fde65d6889978231"", ""failure_class"": null, ""max_force_eV_A"": 0.07733167006326971, ""name"": ""bfgs_standard"", ""start_geometry_sha256"": ""6f6d202d62ebbe2778dffccc90293966bd69298c7434a1716e983b9b557ccaea"", ""steps"": 101}]",23a2894a2b96e17e374a69c13ed6ff64b01f703c8f21e392fde65d6889978231,-136.69751336924801,True,0.07618009881923102,14.0,100.0,0.08,converged,,bfgs_standard,"[{""ase_converged"": true, ""converged"": true, ""end_geometry_sha256"": ""0ca0d3f533076f605b5aa16c8ac5cb8e659c2126ad6b90c160c388242930abae"", ""failure_class"": null, ""max_force_eV_A"": 0.07618009881923102, ""name"": ""bfgs_standard"", ""start_geometry_sha256"": ""e635523b77f1f9cd29955c4f875788dfa227c5226b95f94ed8e47e931139d072"", ""steps"": 14}]",0ca0d3f533076f605b5aa16c8ac5cb8e659c2126ad6b90c160c388242930abae,0.6561221107840502,True,0.05926815250415556,25.0,100.0,0.08,converged,,bfgs_standard,"[{""ase_converged"": true, ""converged"": true, ""end_geometry_sha256"": ""3f8bd6c1c4164957d58a15dbd59f756282bfda06939f814c0aa8854548e6b322"", ""failure_class"": null, ""max_force_eV_A"": 0.05926815250415556, ""name"": ""bfgs_standard"", ""start_geometry_sha256"": ""7ec95ad7d0958855ade7bc35c50056b92fedc40320ebf937b485ec3f45c16bed"", ""steps"": 25}]",3f8bd6c1c4164957d58a15dbd59f756282bfda06939f814c0aa8854548e6b322,-1.6147749423980677,True,0.07940093401834507,215.0,100.0,0.08,converged,,bfgs_after_fire,"[{""ase_converged"": false, ""converged"": false, ""end_geometry_sha256"": ""57a20b6d23a39b0f4eb8becbda5b5794fadf0ee1910a318597dd60a14ec9b0d4"", ""failure_class"": ""force_threshold"", ""max_force_eV_A"": 0.599336570623159, ""name"": ""bfgs_standard"", ""start_geometry_sha256"": ""96bfad3f72c9d37e79d6ee65312e89367f5ce427e112c6f148fe1f9bd46f0fae"", ""steps"": 100}, {""ase_converged"": true, ""converged"": true, ""end_geometry_sha256"": ""2828786cad9a299260341b949a93bd9b41b8542eb1e91898c4a187c3b70effa6"", ""failure_class"": null, ""max_force_eV_A"": 0.230384831330242, ""name"": ""fire_precondition"", ""qualifying"": false, ""start_geometry_sha256"": ""96bfad3f72c9d37e79d6ee65312e89367f5ce427e112c6f148fe1f9bd46f0fae"", ""steps"": 48}, {""ase_converged"": true, ""converged"": true, ""end_geometry_sha256"": ""d0712d084149f2d70ee558590901ee2d405c1a7113907c390231076b8425e998"", ""failure_class"": null, ""max_force_eV_A"": 0.07940093401834507, ""name"": ""bfgs_after_fire"", ""start_geometry_sha256"": ""2828786cad9a299260341b949a93bd9b41b8542eb1e91898c4a187c3b70effa6"", ""steps"": 67}]",d0712d084149f2d70ee558590901ee2d405c1a7113907c390231076b8425e998,3.244083791971221,1.9977564811706543,2.8992147684097294,candidate,,1.9318395704031204,,-0.4404552722788651,0.024468123031466355,1000.0,0.0,True,False,0.27249999999999996,True,quantitative_screening,1,1,20f5aefa4e371d273d87,False,
"('MetalFreeCarbon', 'oxidized', 0.08, 'none', 'carbon_black', 'P')",MetalFreeCarbon,True,esen-sm-conserving-all-oc25:relax-v3:pyrolysis-v2,True,0.05797578901471764,62,150,0.08,converged,,bfgs_standard,"[{""ase_converged"": true, ""converged"": true, ""end_geometry_sha256"": ""a2489a0901365f7ce0345a920a139000fd8401a6523accfa62b480bb226cbbf9"", ""failure_class"": null, ""max_force_eV_A"": 0.05797578901471764, ""name"": ""bfgs_standard"", ""start_geometry_sha256"": ""284355fffeb31a1abe66ec79ff81f34fa922ad175c7940b8e064c9810fb7408c"", ""steps"": 62}]",a2489a0901365f7ce0345a920a139000fd8401a6523accfa62b480bb226cbbf9,-135.79637046119274,True,0.07864691209052815,61.0,100.0,0.08,converged,,bfgs_standard,"[{""ase_converged"": true, ""converged"": true, ""end_geometry_sha256"": ""849b5a9ec3ef62068e5ac3b33c16322157371bb3e9fda414e00fb1fcd0ccb5d9"", ""failure_class"": null, ""max_force_eV_A"": 0.07864691209052815, ""name"": ""bfgs_standard"", ""start_geometry_sha256"": ""60f0f13dc391897797a652f2d2b24db93f4b602a48d0649f7273544062d91182"", ""steps"": 61}]",849b5a9ec3ef62068e5ac3b33c16322157371bb3e9fda414e00fb1fcd0ccb5d9,0.20907106250524166,True,0.07965209644899511,42.0,100.0,0.08,converged,,bfgs_standard,"[{""ase_converged"": true, ""converged"": true, ""end_geometry_sha256"": ""24cb0ae06c80c08be2cdc2108d21d93e17bae3884c48a01eeeb7862a8e6eec7a"", ""failure_class"": null, ""max_force_eV_A"": 0.07965209644899511, ""name"": ""bfgs_standard"", ""start_geometry_sha256"": ""7552e50872b0ff46a0c260f07bcb879ff6e7a98701773eb0d8401714253dbd77"", ""steps"": 42}]",24cb0ae06c80c08be2cdc2108d21d93e17bae3884c48a01eeeb7862a8e6eec7a,-2.0533206462860356,True,0.07222481864905177,83.0,100.0,0.08,converged,,bfgs_standard,"[{""ase_converged"": true, ""converged"": true, ""end_geometry_sha256"": ""d491c6c3350ff751b4707a952a4a877c911b20b5fefe4c9084b2d3230a7776bd"", ""failure_class"": null, ""max_force_eV_A"": 0.07222481864905177, ""name"": ""bfgs_standard"", ""start_geometry_sha256"": ""f55587cee684bed2af807fc80ea8e461b853606e5df3d88944d4aff01232d62d"", ""steps"": 83}]",d491c6c3350ff751b4707a952a4a877c911b20b5fefe4c9084b2d3230a7776bd,1.7905485928058482,1.1121596097945883,2.589255863428106,candidate,,1.372406467795365,,-0.48851964720257113,0.8927395664455551,1000.0,0.0,True,False,0.27249999999999996,True,quantitative_screening,2,2,e2e0476959e76a4b483d,False,
"('MetalFreeCarbon', 'oxidized', 0.1, 'divacancy', 'CNT', 'P')",MetalFreeCarbon,True,esen-sm-conserving-all-oc25:relax-v3:pyrolysis-v2,True,0.07449762082403887,80,150,0.08,converged,,bfgs_standard,"[{""ase_converged"": true, ""converged"": true, ""end_geometry_sha256"": ""de6dca2c1e22622b351db0ac0fd45112f3a288737019d15e010635a9527f587a"", ""failure_class"": null, ""max_force_eV_A"": 0.07449762082403887, ""name"": ""bfgs_standard"", ""start_geometry_sha256"": ""f932c6df688a5bdbe06fa7cd53dc4c030246a0edf82dee57a211a1a17dd032e1"", ""steps"": 80}]",de6dca2c1e22622b351db0ac0fd45112f3a288737019d15e010635a9527f587a,-136.6618302141882,True,0.0769357583096296,48.0,100.0,0.08,converged,,bfgs_standard,"[{""ase_converged"": true, ""converged"": true, ""end_geometry_sha256"": ""7bd1c694db82a114e4f0a0aae1feae1d5900ce9ddfb2a4067858e440bad9b404"", ""failure_class"": null, ""max_force_eV_A"": 0.0769357583096296, ""name"": ""bfgs_standard"", ""start_geometry_sha256"": ""99a5d8672efc0ad25be522017f7aa65fad3afb9d9534852a0a35f1000060ee0a"", ""steps"": 48}]",7bd1c694db82a114e4f0a0aae1feae1d5900ce9ddfb2a4067858e440bad9b404,0.4722451195120776,True,0.07131330474488852,24.0,100.0,0.08,converged,,bfgs_standard,"[{""ase_converged"": true, ""converged"": true, ""end_geometry_sha256"": ""c48418b81d5e45e87429ee14d47ec19dc01c8a0531170d0b267ce2b703d05202"", ""failure_class"": null, ""max_force_eV_A"": 0.07131330474488852, ""name"": ""bfgs_standard"", ""start_geometry_sha256"": ""4297a734faf40ae43f8edc1140b5f3b31559fd2c170fc8ba536cdecf04e3ad96"", ""steps"": 24}]",c48418b81d5e45e87429ee14d47ec19dc01c8a0531170d0b267ce2b703d05202,-1.6443746089935267,True,0.06363006204207346,225.0,100.0,0.08,converged,,bfgs_after_fire,"[{""ase_converged"": false, ""converged"": false, ""end_geometry_sha256"": ""4564f817a2e1a8810048cb5c6550b06cfbf8288ca47b30bef7ccfba49645e597"", ""failure_class"": ""force_threshold"", ""max_force_eV_A"": 0.21443355909155462, ""name"": ""bfgs_standard"", ""start_geometry_sha256"": ""113da7c17dff975755570c52d0a23bef6c2bab35c4f3ad2ae734924fddc00ae9"", ""steps"": 100}, {""ase_converged"": false, ""converged"": false, ""end_geometry_sha256"": ""a2134c863691c2fa022a07345973fc68c2f024dbbfe91491318461a0411248d0"", ""failure_class"": ""force_threshold"", ""max_force_eV_A"": 0.8446418740037492, ""name"": ""fire_precondition"", ""qualifying"": false, ""start_geometry_sha256"": ""113da7c17dff975755570c52d0a23bef6c2bab35c4f3ad2ae734924fddc00ae9"", ""steps"": 50}, {""ase_converged"": true, ""converged"": true, ""end_geometry_sha256"": ""88c9d244c3f776894086dbdd200449a15d0adf6033b91c3a83821ec2049d3dc6"", ""failure_class"": null, ""max_force_eV_A"": 0.06363006204207346, ""name"": ""bfgs_after_fire"", ""start_geometry_sha256"": ""a2134c863691c2fa022a07345973fc68c2f024dbbfe91491318461a0411248d0"", ""steps"": 75}]",88c9d244c3f776894086dbdd200449a15d0adf6033b91c3a83821ec2049d3dc6,0.29464176297189226,1.784279704093933,2.824497896432877,candidate,,-0.6498484760522629,,-0.4346421981669266,0.058231384645482824,1000.0,0.0,True,False,0.27249999999999996,True,quantitative_screening,0,0,2d2b9e6ce885699fbaf0,False,
