genome,material_class,valid,screening_protocol,relax_clean_converged,relax_clean_max_force_eV_A,relax_clean_steps,relax_clean_step_limit,relax_clean_fmax_eV_A,relax_clean_termination,relax_clean_failure_class,relax_clean_selected_attempt,relax_clean_attempts_json,relax_clean_geometry_sha256,e_clean,relax_h_converged,relax_h_max_force_eV_A,relax_h_steps,relax_h_step_limit,relax_h_fmax_eV_A,relax_h_termination,relax_h_failure_class,relax_h_selected_attempt,relax_h_attempts_json,relax_h_geometry_sha256,dE_H,relax_ch3_converged,relax_ch3_max_force_eV_A,relax_ch3_steps,relax_ch3_step_limit,relax_ch3_fmax_eV_A,relax_ch3_termination,relax_ch3_failure_class,relax_ch3_selected_attempt,relax_ch3_attempts_json,relax_ch3_geometry_sha256,dE_CH3,relax_c_converged,relax_c_max_force_eV_A,relax_c_steps,relax_c_step_limit,relax_c_fmax_eV_A,relax_c_termination,relax_c_failure_class,relax_c_selected_attempt,relax_c_attempts_json,relax_c_geometry_sha256,dE_C,dE_split,E_act,coking_index_scope,coking_index_scope_reason,coking_index,coking_index_raw_slab,segregation_energy,rate_constant,temperature_K,cost_penalty,pyrolysis_viable,E_act_censored,model_confidence,needs_dft_validation,candidate_disposition,worker_id,gpu_id,candidate_id,cache_hit,error
"('MoltenMetal', 'Al', 'Ir', 10.0, 750)",MoltenMetal,True,esen-sm-conserving-all-oc25:relax-v3:pyrolysis-v2,True,0.07378199950307877,19,150,0.08,converged,,bfgs_standard,"[{""ase_converged"": true, ""converged"": true, ""end_geometry_sha256"": ""5dee5b2f8ea644c1b3f18a90f722c3cb5e8a3f4f781007cd615be256426d6231"", ""failure_class"": null, ""max_force_eV_A"": 0.07378199950307877, ""name"": ""bfgs_standard"", ""start_geometry_sha256"": ""d99d1e7db7dd2f2298f54a829b71173a5b9f9927b90d03b9a9f5e884e2dbd534"", ""steps"": 19}]",5dee5b2f8ea644c1b3f18a90f722c3cb5e8a3f4f781007cd615be256426d6231,-146.8088699118055,True,0.043729384729412325,61.0,100.0,0.08,converged,,bfgs_standard,"[{""ase_converged"": true, ""converged"": true, ""end_geometry_sha256"": ""b6984115b4e408f91b71e51c882c1b14b0f1c3ce7e2b471c5af99e521df96184"", ""failure_class"": null, ""max_force_eV_A"": 0.043729384729412325, ""name"": ""bfgs_standard"", ""start_geometry_sha256"": ""6588d262e95146d4bb5232b2544a59bda73c04b4d95bcbffe7f04c102af9cbde"", ""steps"": 61}]",b6984115b4e408f91b71e51c882c1b14b0f1c3ce7e2b471c5af99e521df96184,-0.28493962436911957,True,0.0776295777914576,89.0,100.0,0.08,converged,,bfgs_standard,"[{""ase_converged"": true, ""converged"": true, ""end_geometry_sha256"": ""19a29e5ad07cb30e3957a7a2907b120a3e118fd105b5d524ff06f434c22cb3b2"", ""failure_class"": null, ""max_force_eV_A"": 0.0776295777914576, ""name"": ""bfgs_standard"", ""start_geometry_sha256"": ""f917410eb5c7eef3eaeb0ace264ea5d46010b6faac28cc3ff1a4e6b88252f167"", ""steps"": 89}]",19a29e5ad07cb30e3957a7a2907b120a3e118fd105b5d524ff06f434c22cb3b2,-2.0092761516570725,True,0.07294337697294671,44.0,100.0,0.08,converged,,bfgs_standard,"[{""ase_converged"": true, ""converged"": true, ""end_geometry_sha256"": ""b2ef363f1fbf0d47f5724ab3b04f028e46f8d0a23bee965ecd50bcec1a6df400"", ""failure_class"": null, ""max_force_eV_A"": 0.07294337697294671, ""name"": ""bfgs_standard"", ""start_geometry_sha256"": ""3f82cf1be57d94a1ecc7299332d7e53e2f909b3b782301bd01a64338712079b9"", ""steps"": 44}]",b2ef363f1fbf0d47f5724ab3b04f028e46f8d0a23bee965ecd50bcec1a6df400,2.535651832818999,0.6621932983399006,0.8973159790039403,out_of_scope,MoltenMetal has no slab; coking_index=ΔE_C-2ΔE_H is not a melt carbon-separation descriptor,,3.1055310815572383,0.0,9339035.040182512,750.0,-0.08460016478772991,True,False,0.6425000000350001,False,quantitative_screening,1,1,468aae5ecedeff06e079,False,
"('MoltenMetal', 'Al', 'Sb', 0.0, 1150)",MoltenMetal,True,esen-sm-conserving-all-oc25:relax-v3:pyrolysis-v2,True,0.06315638567995925,10,150,0.08,converged,,bfgs_standard,"[{""ase_converged"": true, ""converged"": true, ""end_geometry_sha256"": ""11db1e42f29ceb4a187109af5626ca8141309e0b4ea0401a36094630e71a0b0f"", ""failure_class"": null, ""max_force_eV_A"": 0.06315638567995925, ""name"": ""bfgs_standard"", ""start_geometry_sha256"": ""b27ec907f6ffcc4f8763e2cc670d8f7f2a2f7479a5f2f9ae877763808e002f4c"", ""steps"": 10}]",11db1e42f29ceb4a187109af5626ca8141309e0b4ea0401a36094630e71a0b0f,-125.88404927156091,True,0.07529884830155494,26.0,100.0,0.08,converged,,bfgs_standard,"[{""ase_converged"": true, ""converged"": true, ""end_geometry_sha256"": ""49206096d296db5b61f68c67d2f39134636d9f8bec6b658145a58fd447ec3328"", ""failure_class"": null, ""max_force_eV_A"": 0.07529884830155494, ""name"": ""bfgs_standard"", ""start_geometry_sha256"": ""03d6c560003f235fef877cd8248fd50181b7ddd1751a9531ef2363c51cad4d80"", ""steps"": 26}]",49206096d296db5b61f68c67d2f39134636d9f8bec6b658145a58fd447ec3328,0.719903372228142,True,0.06864496985986544,97.0,100.0,0.08,converged,,bfgs_standard,"[{""ase_converged"": true, ""converged"": true, ""end_geometry_sha256"": ""6368efec2d2ea10c70c35ac5f79817eaad3d80a1cbd87ad0d5d42d38d513367e"", ""failure_class"": null, ""max_force_eV_A"": 0.06864496985986544, ""name"": ""bfgs_standard"", ""start_geometry_sha256"": ""2bb1c921610efce8aa5db9b9c98ae58cfdd1ffe4a8bbdcc6a2238c213dfd0df4"", ""steps"": 97}]",6368efec2d2ea10c70c35ac5f79817eaad3d80a1cbd87ad0d5d42d38d513367e,-0.9375455379485764,True,0.0790762310223225,24.0,100.0,0.08,converged,,bfgs_standard,"[{""ase_converged"": true, ""converged"": true, ""end_geometry_sha256"": ""7f16661536f8aa0e256a821e67978157d270d98ed6c913f218347403db0cab48"", ""failure_class"": null, ""max_force_eV_A"": 0.0790762310223225, ""name"": ""bfgs_standard"", ""start_geometry_sha256"": ""e7c3f33167eed3da965344dca68eddb00215466a48250bdd0bf3dfe8dcd4b4f2"", ""steps"": 24}]",7f16661536f8aa0e256a821e67978157d270d98ed6c913f218347403db0cab48,2.2738368809223033,2.738767027854948,2.1432602167129686,out_of_scope,MoltenMetal has no slab; coking_index=ΔE_C-2ΔE_H is not a melt carbon-separation descriptor,,0.8340301364660192,0.0,4048.951122810818,1150.0,0.0,True,False,0.6425000000350001,False,quantitative_screening,0,0,71f74bb2472c81b32bb6,False,
"('MoltenMetal', 'Ag', 'Co', 12.5, 750)",MoltenMetal,True,esen-sm-conserving-all-oc25:relax-v3:pyrolysis-v2,True,0.0713570960699282,19,150,0.08,converged,,bfgs_standard,"[{""ase_converged"": true, ""converged"": true, ""end_geometry_sha256"": ""8b7109b067ccea4b030cd8b03caa1773d5b907849ce26a82eafd43099079d9e8"", ""failure_class"": null, ""max_force_eV_A"": 0.0713570960699282, ""name"": ""bfgs_standard"", ""start_geometry_sha256"": ""d11040f354e0aedd728cd5db27c6f68936a84ca22cf8fd73c7b32eb57ec9b9b6"", ""steps"": 19}]",8b7109b067ccea4b030cd8b03caa1773d5b907849ce26a82eafd43099079d9e8,-106.56022651208815,True,0.06816995409173345,30.0,100.0,0.08,converged,,bfgs_standard,"[{""ase_converged"": true, ""converged"": true, ""end_geometry_sha256"": ""e0dfe5904c259d3939cf867d83b4968d8b2368c407a3d7fc8e9dc04e01f7d47b"", ""failure_class"": null, ""max_force_eV_A"": 0.06816995409173345, ""name"": ""bfgs_standard"", ""start_geometry_sha256"": ""1af760f1c47c94df77fe10c73b78d68068e12941ef364473216bad918d91c456"", ""steps"": 30}]",e0dfe5904c259d3939cf867d83b4968d8b2368c407a3d7fc8e9dc04e01f7d47b,0.15647163242101314,True,0.07873043663304216,332.0,100.0,0.08,converged,,bfgs_after_fire,"[{""ase_converged"": false, ""converged"": false, ""end_geometry_sha256"": ""905fc4c6c5624d741fb557ad0c097597765dac8cbc136e57ac3785e8af9ed28b"", ""failure_class"": ""force_threshold"", ""max_force_eV_A"": 0.22690732064034552, ""name"": ""bfgs_standard"", ""start_geometry_sha256"": ""79ed723da9127dd150f15b0c8da99884cab0e06834fb9025b6aef5363e139829"", ""steps"": 100}, {""ase_converged"": false, ""converged"": false, ""end_geometry_sha256"": ""127526897148b905cea5fd9f4cee428cd597bd5b2790f3eec563eadde77bea36"", ""failure_class"": ""force_threshold"", ""max_force_eV_A"": 0.3394405767637705, ""name"": ""fire_precondition"", ""qualifying"": false, ""start_geometry_sha256"": ""79ed723da9127dd150f15b0c8da99884cab0e06834fb9025b6aef5363e139829"", ""steps"": 50}, {""ase_converged"": true, ""converged"": true, ""end_geometry_sha256"": ""57163da174f8e9c1126592c799663087e3e9c73145f7d0302eb815589db73d85"", ""failure_class"": null, ""max_force_eV_A"": 0.07873043663304216, ""name"": ""bfgs_after_fire"", ""start_geometry_sha256"": ""127526897148b905cea5fd9f4cee428cd597bd5b2790f3eec563eadde77bea36"", ""steps"": 182}]",57163da174f8e9c1126592c799663087e3e9c73145f7d0302eb815589db73d85,-2.1395051479339706,True,0.0708786033493475,30.0,100.0,0.08,converged,,bfgs_standard,"[{""ase_converged"": true, ""converged"": true, ""end_geometry_sha256"": ""d163654b9d2a5093120fb171a7f40fcbf601ef71cc8b4b3c64fec2b207c88840"", ""failure_class"": null, ""max_force_eV_A"": 0.0708786033493475, ""name"": ""bfgs_standard"", ""start_geometry_sha256"": ""96ec8c3d5cea818e301c63d1b5b2dd1587ca5ca762f1680e064635298fbe5d63"", ""steps"": 30}]",d163654b9d2a5093120fb171a7f40fcbf601ef71cc8b4b3c64fec2b207c88840,5.221835881471634,0.9733756780624248,1.0840254068374549,out_of_scope,MoltenMetal has no slab; coking_index=ΔE_C-2ΔE_H is not a melt carbon-separation descriptor,,4.908892616629608,0.0,519600.8701518511,750.0,-1.7269987279362624,True,False,0.6425000000350001,False,quantitative_screening,2,2,2001a58d755c58e73e29,False,
"('MoltenMetal', 'Ag', 'Au', 0.1, 1150)",MoltenMetal,True,esen-sm-conserving-all-oc25:relax-v3:pyrolysis-v2,True,0.051268642530084264,8,150,0.08,converged,,bfgs_standard,"[{""ase_converged"": true, ""converged"": true, ""end_geometry_sha256"": ""cdfe61eb0b8c18a879f14c039581f0c86bfcd278170f7628f6ab239414bcd7d1"", ""failure_class"": null, ""max_force_eV_A"": 0.051268642530084264, ""name"": ""bfgs_standard"", ""start_geometry_sha256"": ""d93544a659b394545562ac4c92d8c28b850d29e8c4ffec25cdcd77cfb13c24bd"", ""steps"": 8}]",cdfe61eb0b8c18a879f14c039581f0c86bfcd278170f7628f6ab239414bcd7d1,-95.63625826618923,True,0.07658565967409747,29.0,100.0,0.08,converged,,bfgs_standard,"[{""ase_converged"": true, ""converged"": true, ""end_geometry_sha256"": ""044c5b3981bbdd2cd83be820d160a2121f7797ee0bc66c0b447118270c506077"", ""failure_class"": null, ""max_force_eV_A"": 0.07658565967409747, ""name"": ""bfgs_standard"", ""start_geometry_sha256"": ""d88d93f8ac87bf823ae1831caf20792bd3659797aa30014733200d6ef2200de6"", ""steps"": 29}]",044c5b3981bbdd2cd83be820d160a2121f7797ee0bc66c0b447118270c506077,0.25974502414464595,True,0.05137737260583611,33.0,100.0,0.08,converged,,bfgs_standard,"[{""ase_converged"": true, ""converged"": true, ""end_geometry_sha256"": ""e24724a0dc79ec0e75a43c74c85b7976b40ca15f5475d18c36fe8d99ed60a62c"", ""failure_class"": null, ""max_force_eV_A"": 0.05137737260583611, ""name"": ""bfgs_standard"", ""start_geometry_sha256"": ""7afcc29378359dd7ff3be5f28a75e5d38c7b002c404298a95d34526a8cf1aa1b"", ""steps"": 33}]",e24724a0dc79ec0e75a43c74c85b7976b40ca15f5475d18c36fe8d99ed60a62c,1.6633837223052446,True,0.05057998962760149,21.0,100.0,0.08,converged,,bfgs_standard,"[{""ase_converged"": true, ""converged"": true, ""end_geometry_sha256"": ""f26491d5093eedfb46d4dd90c42147e8fa63e450dcb121f54a2f4c7b047f86c4"", ""failure_class"": null, ""max_force_eV_A"": 0.05057998962760149, ""name"": ""bfgs_standard"", ""start_geometry_sha256"": ""3e8df9ee266643c135edde1e92e905b289ed73ae7a53afb2493d5b30eeb8dd74"", ""steps"": 21}]",f26491d5093eedfb46d4dd90c42147e8fa63e450dcb121f54a2f4c7b047f86c4,5.204182416200624,4.879537940025273,3.4277227640151637,out_of_scope,MoltenMetal has no slab; coking_index=ΔE_C-2ΔE_H is not a melt carbon-separation descriptor,,4.684692367911332,0.0,0.009512475588143447,1150.0,-2.0,True,False,0.6425000000350001,False,quantitative_screening,0,0,35ddea2602b9c910eb02,False,
"('SolidCatalyst', 'Sm', 'BaO', 'bcc211', 0.06842105263157894, ('Sc', 'Y'), 1, 0)",SolidCatalyst,True,esen-sm-conserving-all-oc25:relax-v3:pyrolysis-v2,True,0.05385792602715921,55,150,0.08,converged,,bfgs_standard,"[{""ase_converged"": true, ""converged"": true, ""end_geometry_sha256"": ""5816710b0c90ad1c9d74d81142eae0a52ef2298d56d3aede101de9564729bdd5"", ""failure_class"": null, ""max_force_eV_A"": 0.05385792602715921, ""name"": ""bfgs_standard"", ""start_geometry_sha256"": ""a4482c4c569cf6debc8e1385be74198274cdc2fb0d05455db58e09befc06dcc7"", ""steps"": 55}]",5816710b0c90ad1c9d74d81142eae0a52ef2298d56d3aede101de9564729bdd5,-218.52054544704276,True,0.07690234509583552,43.0,100.0,0.08,converged,,bfgs_standard,"[{""ase_converged"": true, ""converged"": true, ""end_geometry_sha256"": ""488f1dce078255d3ddae1a26215aba6a704e9ba2451eec3d002b8addb192f374"", ""failure_class"": null, ""max_force_eV_A"": 0.07690234509583552, ""name"": ""bfgs_standard"", ""start_geometry_sha256"": ""e05f8b62f50dc3b3fb7e211a3ba0e059ba236c6afda1cff4b6fe2a9d82b0ada6"", ""steps"": 43}]",488f1dce078255d3ddae1a26215aba6a704e9ba2451eec3d002b8addb192f374,0.2738670334219897,True,0.07895884536846924,237.0,100.0,0.08,converged,,bfgs_after_fire,"[{""ase_converged"": false, ""converged"": false, ""end_geometry_sha256"": ""1136d1d8c8d8e42f3b2bd10a02182e4dc1b70a8948d79a12d278c1b1b6206a34"", ""failure_class"": ""force_threshold"", ""max_force_eV_A"": 0.22037378265357369, ""name"": ""bfgs_standard"", ""start_geometry_sha256"": ""28b41c2d5bdb8860b3c1c92b7ba673948b14ecc3450bf37dfdc0003075b11c0f"", ""steps"": 100}, {""ase_converged"": false, ""converged"": false, ""end_geometry_sha256"": ""5055899381e27869989560a5c21e1f5407c2d9db04d5d2d9b8fec98397b016f2"", ""failure_class"": ""force_threshold"", ""max_force_eV_A"": 0.6347281402078063, ""name"": ""fire_precondition"", ""qualifying"": false, ""start_geometry_sha256"": ""28b41c2d5bdb8860b3c1c92b7ba673948b14ecc3450bf37dfdc0003075b11c0f"", ""steps"": 50}, {""ase_converged"": true, ""converged"": true, ""end_geometry_sha256"": ""ccb84cdd123b9b0b782b01497d232f67910e2c34433441c8eed4def8404026f3"", ""failure_class"": null, ""max_force_eV_A"": 0.07895884536846924, ""name"": ""bfgs_after_fire"", ""start_geometry_sha256"": ""5055899381e27869989560a5c21e1f5407c2d9db04d5d2d9b8fec98397b016f2"", ""steps"": 87}]",ccb84cdd123b9b0b782b01497d232f67910e2c34433441c8eed4def8404026f3,-3.298851728439356,True,0.07362824997387275,53.0,100.0,0.08,converged,,bfgs_standard,"[{""ase_converged"": true, ""converged"": true, ""end_geometry_sha256"": ""61cea87bc7458ead0248d5b13ee6d25f61cd74308475be677ec1aacb8674f01f"", ""failure_class"": null, ""max_force_eV_A"": 0.07362824997387275, ""name"": ""bfgs_standard"", ""start_geometry_sha256"": ""c2b4ee063f9f6a64d8bdade9c095ce4f608baeb147514251e12e46f4e4e7197a"", ""steps"": 53}]",61cea87bc7458ead0248d5b13ee6d25f61cd74308475be677ec1aacb8674f01f,1.608709007501588,-0.06857562065127354,0.8185682845115448,candidate,,1.0609749406576086,,-0.08062553405764561,749199392.4348619,1000.0,0.0,True,False,0.9127014328916923,False,quantitative_screening,1,1,5f448979068c7ff5a858,False,
"('SolidCatalyst', 'Gd', 'CNT', 'bcc211', -0.015789473684210534, ('La', 'Y'), 1, 0)",SolidCatalyst,False,esen-sm-conserving-all-oc25:relax-v3:pyrolysis-v2,False,0.12371522364086265,975,150,0.08,recovery_exhausted,force_threshold,fire_small_step,"[{""ase_converged"": false, ""converged"": false, ""end_geometry_sha256"": ""49bf9080f836d71fd07ff8b92cde5f25461f5607f4ab99e635374fc4fbc73be2"", ""failure_class"": ""force_threshold"", ""max_force_eV_A"": 0.44278513124518115, ""name"": ""bfgs_standard"", ""start_geometry_sha256"": ""53bffea8b9fbf79db38b46d4cac1601f670ebc90352a1c19f54f0dcb85735aea"", ""steps"": 150}, {""ase_converged"": false, ""converged"": false, ""end_geometry_sha256"": ""ad75c1bbe3fc262d98424c8a63ff23596545e353d2353ace4305067c00a592e7"", ""failure_class"": ""force_threshold"", ""max_force_eV_A"": 2.1767661429470477, ""name"": ""fire_precondition"", ""qualifying"": false, ""start_geometry_sha256"": ""53bffea8b9fbf79db38b46d4cac1601f670ebc90352a1c19f54f0dcb85735aea"", ""steps"": 75}, {""ase_converged"": false, ""converged"": false, ""end_geometry_sha256"": ""e0f52b21d844f762bd033488509f764446e58fc21ab1c29d65c8115487cc381d"", ""failure_class"": ""force_threshold"", ""max_force_eV_A"": 1.5080145247238241, ""name"": ""bfgs_after_fire"", ""start_geometry_sha256"": ""ad75c1bbe3fc262d98424c8a63ff23596545e353d2353ace4305067c00a592e7"", ""steps"": 300}, {""ase_converged"": false, ""converged"": false, ""end_geometry_sha256"": ""da8a0526213efb3966f0c78024303ff0db2f9cdf52c99f63f256e5a89479166c"", ""failure_class"": ""force_threshold"", ""max_force_eV_A"": 0.12371522364086265, ""name"": ""fire_small_step"", ""start_geometry_sha256"": ""49bf9080f836d71fd07ff8b92cde5f25461f5607f4ab99e635374fc4fbc73be2"", ""steps"": 450}]",da8a0526213efb3966f0c78024303ff0db2f9cdf52c99f63f256e5a89479166c,,,,,,,,,,,,,,,,,,,,,,,,,,,,,,,,,,,,,,,,,,,,,,,,True,validation_required,0,0,3eb1925f7ca2bb7dccde,False,Unconverged clean relaxation: max_force=0.123715 eV/A after 975 cumulative recovery steps
"('SolidCatalyst', 'Al', 'TiN', 'bcc211', -0.08947368421052632, ('Sc', 'Y'), 1, 0)",SolidCatalyst,True,esen-sm-conserving-all-oc25:relax-v3:pyrolysis-v2,True,0.07633593800784615,68,150,0.08,converged,,bfgs_standard,"[{""ase_converged"": true, ""converged"": true, ""end_geometry_sha256"": ""5de77fb06232ef6ff21f6dc8f65200865c6852a2776fde29df8ae8ed907cb101"", ""failure_class"": null, ""max_force_eV_A"": 0.07633593800784615, ""name"": ""bfgs_standard"", ""start_geometry_sha256"": ""0f9afd821a633ab95b9dc2a82e0cfcdb85ec368fb4539c459d1c5a0beb4c4feb"", ""steps"": 68}]",5de77fb06232ef6ff21f6dc8f65200865c6852a2776fde29df8ae8ed907cb101,-131.5273183504875,True,0.07647340701832588,23.0,100.0,0.08,converged,,bfgs_standard,"[{""ase_converged"": true, ""converged"": true, ""end_geometry_sha256"": ""4514820ea2f326bb2b1d930be0bde22634e9758a23d008944f395064caefb535"", ""failure_class"": null, ""max_force_eV_A"": 0.07647340701832588, ""name"": ""bfgs_standard"", ""start_geometry_sha256"": ""0da13d7348fd7fead30eb8dc91808e6664eef37a9c3725a473da91f47020ebd6"", ""steps"": 23}]",4514820ea2f326bb2b1d930be0bde22634e9758a23d008944f395064caefb535,0.4006837829947436,True,0.0777250817782077,90.0,100.0,0.08,converged,,bfgs_standard,"[{""ase_converged"": true, ""converged"": true, ""end_geometry_sha256"": ""9737f6b842664c372091de0e95d9610ded2705642eed18fb7ae45746e81ba838"", ""failure_class"": null, ""max_force_eV_A"": 0.0777250817782077, ""name"": ""bfgs_standard"", ""start_geometry_sha256"": ""73e01fdb5719b8570a4f194dfa41122f9bc39f44552b98a2ff666f966ce09470"", ""steps"": 90}]",9737f6b842664c372091de0e95d9610ded2705642eed18fb7ae45746e81ba838,-0.10428309440606753,True,0.06916677692260322,99.0,100.0,0.08,converged,,bfgs_standard,"[{""ase_converged"": true, ""converged"": true, ""end_geometry_sha256"": ""f84d66d0c18b5abf533fecb4522c29054a5c45cb7e12d9ef918423d7963de734"", ""failure_class"": null, ""max_force_eV_A"": 0.06916677692260322, ""name"": ""bfgs_standard"", ""start_geometry_sha256"": ""577ea3664ddadd0ad9488e556253777ad07ad3beef79fc8b9ad262bad6031b36"", ""steps"": 99}]",f84d66d0c18b5abf533fecb4522c29054a5c45cb7e12d9ef918423d7963de734,1.5597188770771169,3.2528098821640583,3.309607411623044,candidate,,0.7583513110876297,,0.38360118865966797,0.00020908013164627566,1000.0,0.0,True,False,0.9675000000349999,False,quantitative_screening,2,2,b1b222dd43748da21c79,False,
"('SolidCatalyst', 'Ga', 'HfB2', 'bcc111', 0.0368421052631579, ('La', 'Y'), 1, 0)",SolidCatalyst,True,esen-sm-conserving-all-oc25:relax-v3:pyrolysis-v2,True,0.07754389339623151,28,150,0.08,converged,,bfgs_standard,"[{""ase_converged"": true, ""converged"": true, ""end_geometry_sha256"": ""492bc20c9c9e9f30793436731c0cf43383e8d9afc988d53e038b6f9f6998abc2"", ""failure_class"": null, ""max_force_eV_A"": 0.07754389339623151, ""name"": ""bfgs_standard"", ""start_geometry_sha256"": ""94df907967f2cee30ff4fd3baca414e30ddd7294834d7cd04878421010aa72ee"", ""steps"": 28}]",492bc20c9c9e9f30793436731c0cf43383e8d9afc988d53e038b6f9f6998abc2,-96.38937247033877,True,0.05863796282277917,20.0,100.0,0.08,converged,,bfgs_standard,"[{""ase_converged"": true, ""converged"": true, ""end_geometry_sha256"": ""2c1c37a15bb2705ad48e09937eec07249b5228b305d332f8a6c4c8f3746103e4"", ""failure_class"": null, ""max_force_eV_A"": 0.05863796282277917, ""name"": ""bfgs_standard"", ""start_geometry_sha256"": ""7ab62bae298f0fca9d07720729c05280c3f6b6006369c0379d57fd5f9ee25425"", ""steps"": 20}]",2c1c37a15bb2705ad48e09937eec07249b5228b305d332f8a6c4c8f3746103e4,0.6582097038626635,True,0.06001942429063749,30.0,100.0,0.08,converged,,bfgs_standard,"[{""ase_converged"": true, ""converged"": true, ""end_geometry_sha256"": ""f205b3d418207a86354ad24db1f7398d24d9711314ac85af8a0bb78f283c01c6"", ""failure_class"": null, ""max_force_eV_A"": 0.06001942429063749, ""name"": ""bfgs_standard"", ""start_geometry_sha256"": ""59e3bbdf6a0c3ec421b2e2c19cdc7673001d970f9d75cae7222a962feb172d9e"", ""steps"": 30}]",f205b3d418207a86354ad24db1f7398d24d9711314ac85af8a0bb78f283c01c6,-2.099476099014293,True,0.07601874693162329,21.0,100.0,0.08,converged,,bfgs_standard,"[{""ase_converged"": true, ""converged"": true, ""end_geometry_sha256"": ""2b109391e8e648f8b6fd01e94cb2a13c371a464f11a821aac28f326000d0ac42"", ""failure_class"": null, ""max_force_eV_A"": 0.07601874693162329, ""name"": ""bfgs_standard"", ""start_geometry_sha256"": ""cb5cf87973488c510042384b8444b13ff389f2957ea905924ccd8036972eb27e"", ""steps"": 21}]",2b109391e8e648f8b6fd01e94cb2a13c371a464f11a821aac28f326000d0ac42,6.699979931116104,1.5151426792144633,2.0063570094108476,candidate,,5.383560523390777,,-0.7127690315246582,773.4027500155254,1000.0,0.0,True,False,0.9127014328916923,False,quantitative_screening,1,1,e58385f38371da8b9211,False,
"('SAC', 'Sm', 'N3C', 'BN_sheet', 'OH')",SAC,True,esen-sm-conserving-all-oc25:relax-v3:pyrolysis-v2,True,0.07122816360160672,130,150,0.08,converged,,bfgs_standard,"[{""ase_converged"": true, ""converged"": true, ""end_geometry_sha256"": ""870510f1b216baabfb953f8c13b55d0a9e70c2887eb8a1a32cd6d2410866dbb6"", ""failure_class"": null, ""max_force_eV_A"": 0.07122816360160672, ""name"": ""bfgs_standard"", ""start_geometry_sha256"": ""6ce28e8ec6db4831e9af920a15ab22b517cec3d4290cc5039ee71d430a28fbbc"", ""steps"": 130}]",870510f1b216baabfb953f8c13b55d0a9e70c2887eb8a1a32cd6d2410866dbb6,-135.93157270965153,True,0.07782769826171813,23.0,100.0,0.08,converged,,bfgs_standard,"[{""ase_converged"": true, ""converged"": true, ""end_geometry_sha256"": ""530f45729bd8b41a68864402fab3abd0e9e1945a1a61bea3b30fb7a7eaaf2b42"", ""failure_class"": null, ""max_force_eV_A"": 0.07782769826171813, ""name"": ""bfgs_standard"", ""start_geometry_sha256"": ""6fe02229d4b8fae07bb2c0e049d5d63a81b5d69df4c3593fb05065d9fdd5d104"", ""steps"": 23}]",530f45729bd8b41a68864402fab3abd0e9e1945a1a61bea3b30fb7a7eaaf2b42,-1.5424810424447095,True,0.07074010253991847,35.0,100.0,0.08,converged,,bfgs_standard,"[{""ase_converged"": true, ""converged"": true, ""end_geometry_sha256"": ""cba1006c379535a33058b1a4e2c5a79391124d88873e804dfb7d40f04445de0b"", ""failure_class"": null, ""max_force_eV_A"": 0.07074010253991847, ""name"": ""bfgs_standard"", ""start_geometry_sha256"": ""e2c1ccdcc1001184a1fc672fb41de835d3732f86ffd96c7d10e80677805cde19"", ""steps"": 35}]",cba1006c379535a33058b1a4e2c5a79391124d88873e804dfb7d40f04445de0b,-2.6608273983001673,True,0.06814554875330095,31.0,100.0,0.08,converged,,bfgs_standard,"[{""ase_converged"": true, ""converged"": true, ""end_geometry_sha256"": ""b99e141678dfa7817fb708a55d4f38a80e02a7322a9b1821a5b4ffc3cfb3bac2"", ""failure_class"": null, ""max_force_eV_A"": 0.06814554875330095, ""name"": ""bfgs_standard"", ""start_geometry_sha256"": ""7bf8e67f80e9200f33096b4806d3962834c6ec19d0cfe47aa6821082119084a9"", ""steps"": 31}]",b99e141678dfa7817fb708a55d4f38a80e02a7322a9b1821a5b4ffc3cfb3bac2,0.5864297449588918,-1.2468993663787842,0.07717044353485103,candidate,,3.671391829848311,,-0.5065998846562678,4083928049715.734,1000.0,-0.3036217660172025,True,False,0.470000000035,True,quantitative_screening,1,1,9f7e59d071c506ab3643,False,
"('SAC', 'Gd', 'N3P', 'N-graphene', 'CO')",SAC,False,esen-sm-conserving-all-oc25:relax-v3:pyrolysis-v2,True,0.05899366914922732,45,150,0.08,converged,,bfgs_standard,"[{""ase_converged"": true, ""converged"": true, ""end_geometry_sha256"": ""ea4f6a15e42376b7238a28b417e963c59fd9b3e276a3067ed6b056ef8cd9a85b"", ""failure_class"": null, ""max_force_eV_A"": 0.05899366914922732, ""name"": ""bfgs_standard"", ""start_geometry_sha256"": ""7010ec3d4cead5ac300bfe210844db1a68043edbbb89338a434b9a4043d24c90"", ""steps"": 45}]",ea4f6a15e42376b7238a28b417e963c59fd9b3e276a3067ed6b056ef8cd9a85b,-133.23666730694634,False,,0.0,100.0,0.08,invalid_initial_geometry,atomic_overlap,none,[],190e1a38a426096ce92c7de8cbce731e1555829efa0447c819d68129acc75778,,,,,,,,,,,,,,,,,,,,,,,,,,,,,,,,,,,,,True,validation_required,2,2,af23c1a2eb484e757275,False,Invalid h initial geometry: atomic_overlap
"('SAC', 'Al', 'N3O', 'N-graphdiyne', 'imidazole')",SAC,False,esen-sm-conserving-all-oc25:relax-v3:pyrolysis-v2,True,0.07175744615506614,57,150,0.08,converged,,bfgs_standard,"[{""ase_converged"": true, ""converged"": true, ""end_geometry_sha256"": ""4f0e227c8cf2c9f707acdddabecb9542cd32fb91617a532cbf780537da0099f6"", ""failure_class"": null, ""max_force_eV_A"": 0.07175744615506614, ""name"": ""bfgs_standard"", ""start_geometry_sha256"": ""431be2a726bbeaee7b0e3e93cfa6b36b53aff4defe86a4e97b2b5a40c71a1cde"", ""steps"": 57}]",4f0e227c8cf2c9f707acdddabecb9542cd32fb91617a532cbf780537da0099f6,-135.53959762034813,True,0.0701889342749629,30.0,100.0,0.08,converged,,bfgs_standard,"[{""ase_converged"": true, ""converged"": true, ""end_geometry_sha256"": ""1ecb0bb2ec75a0bbdb5adc89a7e36157dab2b8a98dc7440a5348026d685a18f5"", ""failure_class"": null, ""max_force_eV_A"": 0.0701889342749629, ""name"": ""bfgs_standard"", ""start_geometry_sha256"": ""472714c7c74b22c37e24cb8398b80bb60be7aceb3dffb58814867ffdc5a39503"", ""steps"": 30}]",1ecb0bb2ec75a0bbdb5adc89a7e36157dab2b8a98dc7440a5348026d685a18f5,-2.378074981272224,False,33.25283115546715,650.0,100.0,0.08,recovery_exhausted,force_threshold,fire_precondition,"[{""ase_converged"": false, ""converged"": false, ""end_geometry_sha256"": ""1cc52b4139a1a6f50258339ebb215e2493db207fbb20e6c5c6714dae3b32021c"", ""failure_class"": ""force_threshold"", ""max_force_eV_A"": 48.82021811838424, ""name"": ""bfgs_standard"", ""start_geometry_sha256"": ""44ff56bfda4da24b7f6f5cdd36e3866cf74eb59f29c22843656d0db1aac88801"", ""steps"": 100}, {""ase_converged"": false, ""converged"": false, ""end_geometry_sha256"": ""0cd841c2aa7e12dd30d46321f937541c6673e81654f1df29407afd4653026bb9"", ""failure_class"": ""force_threshold"", ""max_force_eV_A"": 33.25283115546715, ""name"": ""fire_precondition"", ""qualifying"": false, ""start_geometry_sha256"": ""44ff56bfda4da24b7f6f5cdd36e3866cf74eb59f29c22843656d0db1aac88801"", ""steps"": 50}, {""ase_converged"": false, ""converged"": false, ""end_geometry_sha256"": ""1904886b0b6d3110d2403c3da8361922bb9d480c0b46046cd0580f8ed84903c4"", ""failure_class"": ""force_threshold"", ""max_force_eV_A"": 2174.015747363033, ""name"": ""bfgs_after_fire"", ""start_geometry_sha256"": ""0cd841c2aa7e12dd30d46321f937541c6673e81654f1df29407afd4653026bb9"", ""steps"": 200}, {""ase_converged"": false, ""converged"": false, ""end_geometry_sha256"": ""6c65b5c4e5300d7fb7d30e3438bd259b9358a4a9d13659e6b506d8d630186d21"", ""failure_class"": ""force_threshold"", ""max_force_eV_A"": 102.03690518262484, ""name"": ""fire_small_step"", ""start_geometry_sha256"": ""0cd841c2aa7e12dd30d46321f937541c6673e81654f1df29407afd4653026bb9"", ""steps"": 300}]",0cd841c2aa7e12dd30d46321f937541c6673e81654f1df29407afd4653026bb9,,,,,,,,,,,,,,,,,,,,,,,,,,True,validation_required,2,2,9c4dad560351869d44b3,False,Unconverged ch3 relaxation: max_force=33.2528 eV/A after 650 cumulative recovery steps
"('SAC', 'Ga', 'N2P2', 'MoS2_sheet', 'O2')",SAC,True,esen-sm-conserving-all-oc25:relax-v3:pyrolysis-v2,True,0.06060161902263046,108,150,0.08,converged,,bfgs_standard,"[{""ase_converged"": true, ""converged"": true, ""end_geometry_sha256"": ""5ca8e035f8881e94a73a57b914cbefc1e180fe0b481198f57d2d9bb98764b005"", ""failure_class"": null, ""max_force_eV_A"": 0.06060161902263046, ""name"": ""bfgs_standard"", ""start_geometry_sha256"": ""6f2f1e7687ba528399e3fb94bd67d192f21cd508fdf88814eb0869b2c079a995"", ""steps"": 108}]",5ca8e035f8881e94a73a57b914cbefc1e180fe0b481198f57d2d9bb98764b005,-133.37823409570876,True,0.07656577777237643,53.0,100.0,0.08,converged,,bfgs_standard,"[{""ase_converged"": true, ""converged"": true, ""end_geometry_sha256"": ""deb2b516e8f813f1c98b2122028ec0874600a15331978c4fb082aced8890df3e"", ""failure_class"": null, ""max_force_eV_A"": 0.07656577777237643, ""name"": ""bfgs_standard"", ""start_geometry_sha256"": ""3654ba83ebd707819d214d9d605780c86faf3f35bfac1ead6f4d43ab07590c6d"", ""steps"": 53}]",deb2b516e8f813f1c98b2122028ec0874600a15331978c4fb082aced8890df3e,0.009128473699089312,True,0.07948972148335642,84.0,100.0,0.08,converged,,bfgs_standard,"[{""ase_converged"": true, ""converged"": true, ""end_geometry_sha256"": ""88e17499aa236286ca062a9d6ff37a453c3c7e91dffae002c78209ce5b9b1614"", ""failure_class"": null, ""max_force_eV_A"": 0.07948972148335642, ""name"": ""bfgs_standard"", ""start_geometry_sha256"": ""3b3daf8fbddda540773c0adf20822abc935ae215d961fe00b4c88e391372c98e"", ""steps"": 84}]",88e17499aa236286ca062a9d6ff37a453c3c7e91dffae002c78209ce5b9b1614,-2.158440351486231,True,0.07806141657880347,49.0,100.0,0.08,converged,,bfgs_standard,"[{""ase_converged"": true, ""converged"": true, ""end_geometry_sha256"": ""023a4ed3d690bcb779b5800e999581e06d650eab1fa56ee2c35fb7b8759fcfc6"", ""failure_class"": null, ""max_force_eV_A"": 0.07806141657880347, ""name"": ""bfgs_standard"", ""start_geometry_sha256"": ""3a3358880d7ddc8759606c6914f5642da1f85b1b008d3d6dc03eb58511cc99aa"", ""steps"": 49}]",023a4ed3d690bcb779b5800e999581e06d650eab1fa56ee2c35fb7b8759fcfc6,3.7902659475803233,0.8070971965789511,1.5149680376052657,candidate,,3.7720090001821447,,-0.25685376067863785,231684.5814670865,1000.0,0.0,True,False,0.610000000035,False,quantitative_screening,1,1,5905cff04cf1cba95dde,False,
"('DAC', 'Sm', 'Cr', 'N4S2', 'BN_sheet')",DAC,False,esen-sm-conserving-all-oc25:relax-v3:pyrolysis-v2,False,5.413603936575543,975,150,0.08,recovery_exhausted,force_threshold,fire_small_step,"[{""ase_converged"": false, ""converged"": false, ""end_geometry_sha256"": ""6e0a3edcba5e05bd7414e2d4c09bcb09595f128e890d122635370e47e5b7514f"", ""failure_class"": ""force_threshold"", ""max_force_eV_A"": 83.66468124431452, ""name"": ""bfgs_standard"", ""start_geometry_sha256"": ""6883850f1e44d6753461c3c20d414db7e93a72e7074c3a467d98ae50dcb308f3"", ""steps"": 150}, {""ase_converged"": false, ""converged"": false, ""end_geometry_sha256"": ""4bc37921cdcd849376ebee893f00f6f04dbbbea73924527a1dc34b590e06cd36"", ""failure_class"": ""force_threshold"", ""max_force_eV_A"": 41.85788563283774, ""name"": ""fire_precondition"", ""qualifying"": false, ""start_geometry_sha256"": ""6883850f1e44d6753461c3c20d414db7e93a72e7074c3a467d98ae50dcb308f3"", ""steps"": 75}, {""ase_converged"": false, ""converged"": false, ""end_geometry_sha256"": ""a4960a11923a948c5d4c8f2f1ea7489825df2596fdc430bf8e18ca0fb6be104f"", ""failure_class"": ""force_threshold"", ""max_force_eV_A"": 625.9065047111559, ""name"": ""bfgs_after_fire"", ""start_geometry_sha256"": ""4bc37921cdcd849376ebee893f00f6f04dbbbea73924527a1dc34b590e06cd36"", ""steps"": 300}, {""ase_converged"": false, ""converged"": false, ""end_geometry_sha256"": ""c6b19c010626eb811d90ed225d4fa8b5c28754930f8943690737ce9e5624d2dd"", ""failure_class"": ""force_threshold"", ""max_force_eV_A"": 5.413603936575543, ""name"": ""fire_small_step"", ""start_geometry_sha256"": ""4bc37921cdcd849376ebee893f00f6f04dbbbea73924527a1dc34b590e06cd36"", ""steps"": 450}]",c6b19c010626eb811d90ed225d4fa8b5c28754930f8943690737ce9e5624d2dd,,,,,,,,,,,,,,,,,,,,,,,,,,,,,,,,,,,,,,,,,,,,,,,,True,validation_required,1,1,0638af6ebf68a0fb2be8,False,Unconverged clean relaxation: max_force=5.4136 eV/A after 975 cumulative recovery steps
"('DAC', 'Gd', 'Y', 'N4P2', 'N-carbon_black')",DAC,False,esen-sm-conserving-all-oc25:relax-v3:pyrolysis-v2,True,0.057949479969632095,68,150,0.08,converged,,bfgs_standard,"[{""ase_converged"": true, ""converged"": true, ""end_geometry_sha256"": ""129916e9b29cd5b8779a4c271514f7f251b4f4b2ef534f36e1ca65d97cc6b56f"", ""failure_class"": null, ""max_force_eV_A"": 0.057949479969632095, ""name"": ""bfgs_standard"", ""start_geometry_sha256"": ""cc5106a989bf698b77d10e16a1c26f2586c1feb7b476b5aeef5cfa37c8863d2f"", ""steps"": 68}]",129916e9b29cd5b8779a4c271514f7f251b4f4b2ef534f36e1ca65d97cc6b56f,-125.44874051119928,False,,0.0,100.0,0.08,invalid_initial_geometry,atomic_overlap,none,[],6dc6031e1a1245872545712af0d73ab7cb9de748b36af94a40efe241054d9a9b,,,,,,,,,,,,,,,,,,,,,,,,,,,,,,,,,,,,,True,validation_required,0,0,b938dbfb94e6cc3d27ee,False,Invalid h initial geometry: atomic_overlap
"('DAC', 'Al', 'Ag', 'N2S2N2', 'BN_sheet')",DAC,False,esen-sm-conserving-all-oc25:relax-v3:pyrolysis-v2,False,5.131273302623667,975,150,0.08,recovery_exhausted,force_threshold,fire_small_step,"[{""ase_converged"": false, ""converged"": false, ""end_geometry_sha256"": ""20eb7b82bbc2204d6684c235bca62d5b44c3f8920c8d97275865e6dabc863cc5"", ""failure_class"": ""force_threshold"", ""max_force_eV_A"": 25.111770259529106, ""name"": ""bfgs_standard"", ""start_geometry_sha256"": ""6edc9b099664c6c329bc9fc781a37cb4471959d39ea388ac8ae115e5d460adbd"", ""steps"": 150}, {""ase_converged"": false, ""converged"": false, ""end_geometry_sha256"": ""221c70c03f864b6a923c27e88fb6b22c1448811c309306c70979ab107f691435"", ""failure_class"": ""force_threshold"", ""max_force_eV_A"": 24.367163538109374, ""name"": ""fire_precondition"", ""qualifying"": false, ""start_geometry_sha256"": ""6edc9b099664c6c329bc9fc781a37cb4471959d39ea388ac8ae115e5d460adbd"", ""steps"": 75}, {""ase_converged"": false, ""converged"": false, ""end_geometry_sha256"": ""4d2bcced4b8623c8265a5e1facdc82656bf0d0a544ddd333465c0178ffa4c5a1"", ""failure_class"": ""force_threshold"", ""max_force_eV_A"": 966.7701135955118, ""name"": ""bfgs_after_fire"", ""start_geometry_sha256"": ""221c70c03f864b6a923c27e88fb6b22c1448811c309306c70979ab107f691435"", ""steps"": 300}, {""ase_converged"": false, ""converged"": false, ""end_geometry_sha256"": ""2946bb68805e9d643925294f65532a586ddea933bd7bbb6fac4b1c387dee4bcc"", ""failure_class"": ""force_threshold"", ""max_force_eV_A"": 5.131273302623667, ""name"": ""fire_small_step"", ""start_geometry_sha256"": ""221c70c03f864b6a923c27e88fb6b22c1448811c309306c70979ab107f691435"", ""steps"": 450}]",2946bb68805e9d643925294f65532a586ddea933bd7bbb6fac4b1c387dee4bcc,,,,,,,,,,,,,,,,,,,,,,,,,,,,,,,,,,,,,,,,,,,,,,,,True,validation_required,0,0,ac651bbb6303113ad78f,False,Unconverged clean relaxation: max_force=5.13127 eV/A after 975 cumulative recovery steps
"('DAC', 'Ga', 'Au', 'C4N4', 'N-carbon_black')",DAC,False,esen-sm-conserving-all-oc25:relax-v3:pyrolysis-v2,False,11.857092763258514,975,150,0.08,recovery_exhausted,force_threshold,fire_small_step,"[{""ase_converged"": false, ""converged"": false, ""end_geometry_sha256"": ""c6214639f5ec3dab8c8b76008b96a50ca45443566b1551dcd59ddf42c32b64fe"", ""failure_class"": ""force_threshold"", ""max_force_eV_A"": 27.61454531756004, ""name"": ""bfgs_standard"", ""start_geometry_sha256"": ""577b327c4bc322dafaf69e8b852c8ca4cb7385ca912da9a70194e08a91f06b29"", ""steps"": 150}, {""ase_converged"": false, ""converged"": false, ""end_geometry_sha256"": ""024b6cbc4f244804c2908b8d6332f44ee3256e4c19e366fb1fe90a84d3d71507"", ""failure_class"": ""force_threshold"", ""max_force_eV_A"": 20.484047369113036, ""name"": ""fire_precondition"", ""qualifying"": false, ""start_geometry_sha256"": ""577b327c4bc322dafaf69e8b852c8ca4cb7385ca912da9a70194e08a91f06b29"", ""steps"": 75}, {""ase_converged"": false, ""converged"": false, ""end_geometry_sha256"": ""bdf834baae7a30962a56f985710f12f10d70568f0637d864bfd993c01c598f17"", ""failure_class"": ""force_threshold"", ""max_force_eV_A"": 499.3852871950836, ""name"": ""bfgs_after_fire"", ""start_geometry_sha256"": ""024b6cbc4f244804c2908b8d6332f44ee3256e4c19e366fb1fe90a84d3d71507"", ""steps"": 300}, {""ase_converged"": false, ""converged"": false, ""end_geometry_sha256"": ""e0d5cc912da738f8eafdc67610008d4f46534d20bf07f78a157ee05b53e50ecd"", ""failure_class"": ""force_threshold"", ""max_force_eV_A"": 11.857092763258514, ""name"": ""fire_small_step"", ""start_geometry_sha256"": ""024b6cbc4f244804c2908b8d6332f44ee3256e4c19e366fb1fe90a84d3d71507"", ""steps"": 450}]",e0d5cc912da738f8eafdc67610008d4f46534d20bf07f78a157ee05b53e50ecd,,,,,,,,,,,,,,,,,,,,,,,,,,,,,,,,,,,,,,,,,,,,,,,,True,validation_required,2,2,118bd6498fd251f297b3,False,Unconverged clean relaxation: max_force=11.8571 eV/A after 975 cumulative recovery steps
"('MOF', 'Ga', 'HHTP', 'O6', 30.0)",MOF,False,esen-sm-conserving-all-oc25:relax-v3:pyrolysis-v2,False,0.2154771938204181,975,150,0.08,recovery_exhausted,force_threshold,fire_small_step,"[{""ase_converged"": false, ""converged"": false, ""end_geometry_sha256"": ""e5d6637015236488c469a9c4fdc3334d2db802212164bcfd0bcbea0e8601479a"", ""failure_class"": ""force_threshold"", ""max_force_eV_A"": 0.5154943888428314, ""name"": ""bfgs_standard"", ""start_geometry_sha256"": ""f089c36e2cfa9e16f0da5975d05d2f6c61d133760dbeff30714e8682c1ffcfc8"", ""steps"": 150}, {""ase_converged"": false, ""converged"": false, ""end_geometry_sha256"": ""9d8d2cdc28d1b8bb80f775b091f27afab7c5bd0455efae304a82e3779d92fab8"", ""failure_class"": ""force_threshold"", ""max_force_eV_A"": 2.1756985719806416, ""name"": ""fire_precondition"", ""qualifying"": false, ""start_geometry_sha256"": ""f089c36e2cfa9e16f0da5975d05d2f6c61d133760dbeff30714e8682c1ffcfc8"", ""steps"": 75}, {""ase_converged"": false, ""converged"": false, ""end_geometry_sha256"": ""a6fa921236fc395efb715196433281392c5bbe3d94a0c208382f50e83134775c"", ""failure_class"": ""force_threshold"", ""max_force_eV_A"": 1.3619402311043323, ""name"": ""bfgs_after_fire"", ""start_geometry_sha256"": ""9d8d2cdc28d1b8bb80f775b091f27afab7c5bd0455efae304a82e3779d92fab8"", ""steps"": 300}, {""ase_converged"": false, ""converged"": false, ""end_geometry_sha256"": ""ca7a210ad3814b2a9f5a7bc521c40a88f7b8c7df3c5af8b3058914c9ec624ea6"", ""failure_class"": ""force_threshold"", ""max_force_eV_A"": 0.2154771938204181, ""name"": ""fire_small_step"", ""start_geometry_sha256"": ""e5d6637015236488c469a9c4fdc3334d2db802212164bcfd0bcbea0e8601479a"", ""steps"": 450}]",ca7a210ad3814b2a9f5a7bc521c40a88f7b8c7df3c5af8b3058914c9ec624ea6,,,,,,,,,,,,,,,,,,,,,,,,,,,,,,,,,,,,,,,,,,,,,,,,True,validation_required,0,0,6f434d1831f86de257d7,False,Unconverged clean relaxation: max_force=0.215477 eV/A after 975 cumulative recovery steps
"('MOF', 'Sn', 'BTC', 'N3S', 10.0)",MOF,True,esen-sm-conserving-all-oc25:relax-v3:pyrolysis-v2,True,0.07619687277875929,53,150,0.08,converged,,bfgs_standard,"[{""ase_converged"": true, ""converged"": true, ""end_geometry_sha256"": ""4e406fe2f648fd91a56f21b55375e79eba718e3c0eb3abc12ee3c68855c964f2"", ""failure_class"": null, ""max_force_eV_A"": 0.07619687277875929, ""name"": ""bfgs_standard"", ""start_geometry_sha256"": ""62e5d7139d8b587b2d6e6fca21627733173bafc7bc31bc81e21aab3ce9c10106"", ""steps"": 53}]",4e406fe2f648fd91a56f21b55375e79eba718e3c0eb3abc12ee3c68855c964f2,-125.51438754410535,True,0.07916112620159335,22.0,100.0,0.08,converged,,bfgs_standard,"[{""ase_converged"": true, ""converged"": true, ""end_geometry_sha256"": ""f3fa1b9066f4d859deac4c2d7ba24d5f94dbb0c036358c03d5346d4003bde772"", ""failure_class"": null, ""max_force_eV_A"": 0.07916112620159335, ""name"": ""bfgs_standard"", ""start_geometry_sha256"": ""d0c8485591ae50ab8346b95dd0f67736dc39fd549535f3568c3850b5ffe1813c"", ""steps"": 22}]",f3fa1b9066f4d859deac4c2d7ba24d5f94dbb0c036358c03d5346d4003bde772,1.1850971207022631,True,0.07543358742539075,23.0,100.0,0.08,converged,,bfgs_standard,"[{""ase_converged"": true, ""converged"": true, ""end_geometry_sha256"": ""685b93812a0e06a44b9164b293b1610793a0e68239bb81a383b78fbc75490384"", ""failure_class"": null, ""max_force_eV_A"": 0.07543358742539075, ""name"": ""bfgs_standard"", ""start_geometry_sha256"": ""1091a589934eb029862d41168a0a7d22c034c2f4e0aaddcd84fd7d5f55326e34"", ""steps"": 23}]",685b93812a0e06a44b9164b293b1610793a0e68239bb81a383b78fbc75490384,-1.4132754802703822,True,0.07528993897309026,199.0,100.0,0.08,converged,,bfgs_after_fire,"[{""ase_converged"": false, ""converged"": false, ""end_geometry_sha256"": ""1d31521281c0d9a1b47fe1fe915dd4e1bb2ed0843813b1c0cb6e47a5caa46d8b"", ""failure_class"": ""force_threshold"", ""max_force_eV_A"": 0.667582611370898, ""name"": ""bfgs_standard"", ""start_geometry_sha256"": ""b3044ae73bbd9e9862e1ad1ce19cbaf1371d41159e67f7c0b5741a9e54f937c9"", ""steps"": 100}, {""ase_converged"": true, ""converged"": true, ""end_geometry_sha256"": ""98c67e0efa6055989892edec2ca8fefa477c3bfc0fe6d9efec405e94075174b0"", ""failure_class"": null, ""max_force_eV_A"": 0.24015838951067597, ""name"": ""fire_precondition"", ""qualifying"": false, ""start_geometry_sha256"": ""b3044ae73bbd9e9862e1ad1ce19cbaf1371d41159e67f7c0b5741a9e54f937c9"", ""steps"": 25}, {""ase_converged"": true, ""converged"": true, ""end_geometry_sha256"": ""2985f33e8e3a1fe65b4f6a7d1c23052bd335233def573c28f6232c2f3d9d266a"", ""failure_class"": null, ""max_force_eV_A"": 0.07528993897309026, ""name"": ""bfgs_after_fire"", ""start_geometry_sha256"": ""98c67e0efa6055989892edec2ca8fefa477c3bfc0fe6d9efec405e94075174b0"", ""steps"": 74}]",2985f33e8e3a1fe65b4f6a7d1c23052bd335233def573c28f6232c2f3d9d266a,4.936330944299712,2.7282307147979736,3.09129228591919,candidate,,2.566136702895186,,-0.30172027050813455,0.002633738018599429,1000.0,-1.2765443279648143,False,False,0.480000000035,True,quantitative_screening,1,1,373147b7566d93ab499f,False,
"('MOF', 'Sb', 'BPDC', 'N4', 18.0)",MOF,True,esen-sm-conserving-all-oc25:relax-v3:pyrolysis-v2,True,0.07990387228493218,99,150,0.08,converged,,bfgs_standard,"[{""ase_converged"": true, ""converged"": true, ""end_geometry_sha256"": ""680918410fda4306149dca609ae0dd1a50b634a03e98f55f66460c6017695160"", ""failure_class"": null, ""max_force_eV_A"": 0.07990387228493218, ""name"": ""bfgs_standard"", ""start_geometry_sha256"": ""7d62eadbd94eed47c94768006ea78cc2be3bc884d36d601096c96995cc474b97"", ""steps"": 99}]",680918410fda4306149dca609ae0dd1a50b634a03e98f55f66460c6017695160,-120.37373294113073,True,0.07605136034953454,53.0,100.0,0.08,converged,,bfgs_standard,"[{""ase_converged"": true, ""converged"": true, ""end_geometry_sha256"": ""a88d8098f248b092a26c5920b20e7ff48bc7564ab1a06842d96fad41363a2f29"", ""failure_class"": null, ""max_force_eV_A"": 0.07605136034953454, ""name"": ""bfgs_standard"", ""start_geometry_sha256"": ""1f21eb396f9185ef42360ae0196899f1d6c5fcf56e3dbf43b1330e2ad8753afe"", ""steps"": 53}]",a88d8098f248b092a26c5920b20e7ff48bc7564ab1a06842d96fad41363a2f29,0.46748008579015377,True,0.07828071335995943,62.0,100.0,0.08,converged,,bfgs_standard,"[{""ase_converged"": true, ""converged"": true, ""end_geometry_sha256"": ""b4213a17662e13ca540e2b9e2995fb71d378e5374a281193f71d1b5b37fb042b"", ""failure_class"": null, ""max_force_eV_A"": 0.07828071335995943, ""name"": ""bfgs_standard"", ""start_geometry_sha256"": ""e2dc4ff8e72b9f6a7aece56e602cdf2a8491d68f29001019d00fdea7d9bc6114"", ""steps"": 62}]",b4213a17662e13ca540e2b9e2995fb71d378e5374a281193f71d1b5b37fb042b,-2.175948858261105,True,0.0790569132306382,246.0,100.0,0.08,converged,,bfgs_after_fire,"[{""ase_converged"": false, ""converged"": false, ""end_geometry_sha256"": ""049baad5d9693318fe01a9323920ac72265a8f3a29c2093896307222b2bdde6f"", ""failure_class"": ""force_threshold"", ""max_force_eV_A"": 0.24757088529522098, ""name"": ""bfgs_standard"", ""start_geometry_sha256"": ""10638c12fb4d5f6ed0e7f8222ae73b10e49d0c256c97409369a7250f0c6cd5fc"", ""steps"": 100}, {""ase_converged"": false, ""converged"": false, ""end_geometry_sha256"": ""ee6c7100783674b06644c807eebc92ec31b7a5ded8d81782fe1c4570e32125f9"", ""failure_class"": ""force_threshold"", ""max_force_eV_A"": 1.0351145488125222, ""name"": ""fire_precondition"", ""qualifying"": false, ""start_geometry_sha256"": ""10638c12fb4d5f6ed0e7f8222ae73b10e49d0c256c97409369a7250f0c6cd5fc"", ""steps"": 50}, {""ase_converged"": true, ""converged"": true, ""end_geometry_sha256"": ""524d9c22bf6ac2ac1f9e16c5692df41ab520c2420101cf6c4d4ff4405e8c0232"", ""failure_class"": null, ""max_force_eV_A"": 0.0790569132306382, ""name"": ""bfgs_after_fire"", ""start_geometry_sha256"": ""ee6c7100783674b06644c807eebc92ec31b7a5ded8d81782fe1c4570e32125f9"", ""steps"": 96}]",524d9c22bf6ac2ac1f9e16c5692df41ab520c2420101cf6c4d4ff4405e8c0232,1.017156392335906,1.2479404211044312,2.4991761684417724,candidate,,0.0821962207555984,,-0.3867205401170651,2.539255869371102,1000.0,-2.0,False,False,0.480000000035,True,quantitative_screening,2,2,199967839a03e8d0af91,False,
"('MOF', 'Bi', 'Triazolate', 'N6', 40.0)",MOF,True,esen-sm-conserving-all-oc25:relax-v3:pyrolysis-v2,True,0.07944985162742761,98,150,0.08,converged,,bfgs_standard,"[{""ase_converged"": true, ""converged"": true, ""end_geometry_sha256"": ""e0e3b6a58b365d5d7faf3388bce852f96b0fe77e22b447ddabd2d330362b262e"", ""failure_class"": null, ""max_force_eV_A"": 0.07944985162742761, ""name"": ""bfgs_standard"", ""start_geometry_sha256"": ""a6d21f03a323255e1a2b85765af593643fa0108527c6dd23e68bbf403fd53f69"", ""steps"": 98}]",e0e3b6a58b365d5d7faf3388bce852f96b0fe77e22b447ddabd2d330362b262e,-137.77853845192743,True,0.03857685666432379,53.0,100.0,0.08,converged,,bfgs_standard,"[{""ase_converged"": true, ""converged"": true, ""end_geometry_sha256"": ""f42eebcfae0f9609a44bfed675d6f897442aa3a641cf86e1fb083b55dda1a89f"", ""failure_class"": null, ""max_force_eV_A"": 0.03857685666432379, ""name"": ""bfgs_standard"", ""start_geometry_sha256"": ""0ccc54ed9cd1a0585bf6523c0f09d11134eee620d6722625d4f711da592f4829"", ""steps"": 53}]",f42eebcfae0f9609a44bfed675d6f897442aa3a641cf86e1fb083b55dda1a89f,-0.17888126522302983,True,0.055674932515707785,35.0,100.0,0.08,converged,,bfgs_standard,"[{""ase_converged"": true, ""converged"": true, ""end_geometry_sha256"": ""255cc366a16f5bd0cfa00ee471809a4b474a580c1ac55d0d202dacf220bef883"", ""failure_class"": null, ""max_force_eV_A"": 0.055674932515707785, ""name"": ""bfgs_standard"", ""start_geometry_sha256"": ""0264b16da5aa1c5f77aa1726e00c8a198109818d780e1a72d1a01bb80cc6ebb9"", ""steps"": 35}]",255cc366a16f5bd0cfa00ee471809a4b474a580c1ac55d0d202dacf220bef883,-3.996380567550684,True,0.0435338930323925,29.0,100.0,0.08,converged,,bfgs_standard,"[{""ase_converged"": true, ""converged"": true, ""end_geometry_sha256"": ""43d0e0c277216cdeadebc59dcaf93afa66b7d23a99335428366007cab3ef5bd6"", ""failure_class"": null, ""max_force_eV_A"": 0.0435338930323925, ""name"": ""bfgs_standard"", ""start_geometry_sha256"": ""62c7e371dbbac91479cadcfeb23a5c93ef172d8c476b53079e97b05a4b5f6d4f"", ""steps"": 29}]",43d0e0c277216cdeadebc59dcaf93afa66b7d23a99335428366007cab3ef5bd6,3.024854332208619,-1.2188527584076212,1.5124588966369514,candidate,,3.382616862654679,,-0.07387163548698084,238529.801360754,1000.0,-2.0,False,False,0.480000000035,True,quantitative_screening,1,1,d7875f80a3b5205aee56,False,
"('COF', 'In', 'Squaraine', 'N2P2', 16.0)",COF,True,esen-sm-conserving-all-oc25:relax-v3:pyrolysis-v2,True,0.07125165121856977,470,150,0.08,converged,,bfgs_after_fire,"[{""ase_converged"": false, ""converged"": false, ""end_geometry_sha256"": ""0f838bee4a52ed772c4265e785979b1b07d0b63b9cfcd679f81d9899ee4ed4a2"", ""failure_class"": ""force_threshold"", ""max_force_eV_A"": 0.23433149483902696, ""name"": ""bfgs_standard"", ""start_geometry_sha256"": ""4aa4195c3d6a593f09db29419dfde9172d32712bf135f30d80fde380dd108c06"", ""steps"": 150}, {""ase_converged"": false, ""converged"": false, ""end_geometry_sha256"": ""0da0fbd8cb295a02ca42188f025202a0e9e0fb9eac044b0c8bea78c8ad2f9f4a"", ""failure_class"": ""force_threshold"", ""max_force_eV_A"": 7.072094457181504, ""name"": ""fire_precondition"", ""qualifying"": false, ""start_geometry_sha256"": ""4aa4195c3d6a593f09db29419dfde9172d32712bf135f30d80fde380dd108c06"", ""steps"": 75}, {""ase_converged"": true, ""converged"": true, ""end_geometry_sha256"": ""0e898525715360a3bf7787e6fe3876ee3af8df0062681c80c9281002049991fd"", ""failure_class"": null, ""max_force_eV_A"": 0.07125165121856977, ""name"": ""bfgs_after_fire"", ""start_geometry_sha256"": ""0da0fbd8cb295a02ca42188f025202a0e9e0fb9eac044b0c8bea78c8ad2f9f4a"", ""steps"": 245}]",0e898525715360a3bf7787e6fe3876ee3af8df0062681c80c9281002049991fd,-112.92550080810801,True,0.07773649507896101,78.0,100.0,0.08,converged,,bfgs_standard,"[{""ase_converged"": true, ""converged"": true, ""end_geometry_sha256"": ""e0bee871c46db6a442e03827ed0c72df6553a01ae35d44e61b2855be0dfa6cd1"", ""failure_class"": null, ""max_force_eV_A"": 0.07773649507896101, ""name"": ""bfgs_standard"", ""start_geometry_sha256"": ""ee52dfe89e9eb7a08e7a97546b4798653dc58e96cfd5227c945a2f47c4ad8755"", ""steps"": 78}]",e0bee871c46db6a442e03827ed0c72df6553a01ae35d44e61b2855be0dfa6cd1,-0.5135456100106275,True,0.07459567294226262,55.0,100.0,0.08,converged,,bfgs_standard,"[{""ase_converged"": true, ""converged"": true, ""end_geometry_sha256"": ""135591b18a1571c7bbf418ff5ab68a75b66ee234da3414b3c705b9f9624e99a1"", ""failure_class"": null, ""max_force_eV_A"": 0.07459567294226262, ""name"": ""bfgs_standard"", ""start_geometry_sha256"": ""db5ce5bb73d01780a7ec43c7c37d266f31e4d2410ea77b09e67e4c2e4056778e"", ""steps"": 55}]",135591b18a1571c7bbf418ff5ab68a75b66ee234da3414b3c705b9f9624e99a1,-3.0330817699432338,True,0.0799127935607268,185.0,100.0,0.08,converged,,bfgs_after_fire,"[{""ase_converged"": false, ""converged"": false, ""end_geometry_sha256"": ""cce1e41f49e2fd532e126a6a8627149658a80b045e359314c9bb17495a8241e3"", ""failure_class"": ""force_threshold"", ""max_force_eV_A"": 1.5317129575885982, ""name"": ""bfgs_standard"", ""start_geometry_sha256"": ""75cef72338cd31d47dd45fc132732edb1fa4835a07c68c0934540c9b9c811d79"", ""steps"": 100}, {""ase_converged"": true, ""converged"": true, ""end_geometry_sha256"": ""b0e20c3ae433c87b126add9987312be2f9af7df1bf703959e29e31be5a92157d"", ""failure_class"": null, ""max_force_eV_A"": 0.24761526262384878, ""name"": ""fire_precondition"", ""qualifying"": false, ""start_geometry_sha256"": ""75cef72338cd31d47dd45fc132732edb1fa4835a07c68c0934540c9b9c811d79"", ""steps"": 38}, {""ase_converged"": true, ""converged"": true, ""end_geometry_sha256"": ""2156870b1782ab30763df1e81bc0225bda084187c0d7e7707b47601ebc12f639"", ""failure_class"": null, ""max_force_eV_A"": 0.0799127935607268, ""name"": ""bfgs_after_fire"", ""start_geometry_sha256"": ""b0e20c3ae433c87b126add9987312be2f9af7df1bf703959e29e31be5a92157d"", ""steps"": 47}]",2156870b1782ab30763df1e81bc0225bda084187c0d7e7707b47601ebc12f639,7.328685432672515,-0.5902183055877686,1.7639126777648926,candidate,,8.35577665269377,,-0.15400192734389434,12890.54756638221,1000.0,-2.0,False,False,0.447500000035,True,quantitative_screening,1,1,15203cc5be87f2cb35db,False,
"('COF', 'Sn', 'Amide', 'N2P2', 16.0)",COF,False,esen-sm-conserving-all-oc25:relax-v3:pyrolysis-v2,True,0.06317303541051952,420,150,0.08,converged,,bfgs_after_fire,"[{""ase_converged"": false, ""converged"": false, ""end_geometry_sha256"": ""a9c806fd02ee4abb47c83d24697ec0617b7945f240601654e57894b055fdb5fe"", ""failure_class"": ""force_threshold"", ""max_force_eV_A"": 0.17429422042018142, ""name"": ""bfgs_standard"", ""start_geometry_sha256"": ""d426ffda05a3bdcc194e553bed331f1ce09acea787db3d44fe87a22d52592d67"", ""steps"": 150}, {""ase_converged"": false, ""converged"": false, ""end_geometry_sha256"": ""9ea47d836efc53edb360bdf346e14aea1efd79703c036159689f54fb5a66cb04"", ""failure_class"": ""force_threshold"", ""max_force_eV_A"": 3.9304746488212006, ""name"": ""fire_precondition"", ""qualifying"": false, ""start_geometry_sha256"": ""d426ffda05a3bdcc194e553bed331f1ce09acea787db3d44fe87a22d52592d67"", ""steps"": 75}, {""ase_converged"": true, ""converged"": true, ""end_geometry_sha256"": ""adaa63d162e7d977c2158ddf4fa17ed0ec957ffd65d2a3ab7f58b6b69e5c93e3"", ""failure_class"": null, ""max_force_eV_A"": 0.06317303541051952, ""name"": ""bfgs_after_fire"", ""start_geometry_sha256"": ""9ea47d836efc53edb360bdf346e14aea1efd79703c036159689f54fb5a66cb04"", ""steps"": 195}]",adaa63d162e7d977c2158ddf4fa17ed0ec957ffd65d2a3ab7f58b6b69e5c93e3,-119.43123601474787,True,0.07729273755019776,68.0,100.0,0.08,converged,,bfgs_standard,"[{""ase_converged"": true, ""converged"": true, ""end_geometry_sha256"": ""c23d3350893403735cd03bf15a03172eff8ac6cebaa163b85971ff4da385211c"", ""failure_class"": null, ""max_force_eV_A"": 0.07729273755019776, ""name"": ""bfgs_standard"", ""start_geometry_sha256"": ""1af1b00b957e0b37bb97563315b9d3fb903ed7e65256e9931bec9043af2a32ed"", ""steps"": 68}]",c23d3350893403735cd03bf15a03172eff8ac6cebaa163b85971ff4da385211c,-1.160385705530647,False,,0.0,100.0,0.08,invalid_initial_geometry,atomic_overlap,none,[],d7d8604c2e7463f7b0c1846748985f7fd48604828f000e96d600ea71932d8844,,,,,,,,,,,,,,,,,,,,,,,,,,True,validation_required,2,2,791343880d4217d147bf,False,Invalid ch3 initial geometry: atomic_overlap
"('COF', 'Bi', 'Triazine', 'N2P2', 16.0)",COF,True,esen-sm-conserving-all-oc25:relax-v3:pyrolysis-v2,True,0.07679941088225298,343,150,0.08,converged,,bfgs_after_fire,"[{""ase_converged"": false, ""converged"": false, ""end_geometry_sha256"": ""18095cf9004208bc683ea026f2ae358ab55c59948e5d3e4abcc4cd68c52d4b0c"", ""failure_class"": ""force_threshold"", ""max_force_eV_A"": 0.10462829067256044, ""name"": ""bfgs_standard"", ""start_geometry_sha256"": ""5567ef66227711c66fa1db95271b82164bffc6bd8cce08caf28cfdd9a802ce40"", ""steps"": 150}, {""ase_converged"": false, ""converged"": false, ""end_geometry_sha256"": ""1bb1a70d5fdc390fdc61ea756a5cd2813c8757f9e03610493a0eab9e35021711"", ""failure_class"": ""force_threshold"", ""max_force_eV_A"": 4.61177551823461, ""name"": ""fire_precondition"", ""qualifying"": false, ""start_geometry_sha256"": ""5567ef66227711c66fa1db95271b82164bffc6bd8cce08caf28cfdd9a802ce40"", ""steps"": 75}, {""ase_converged"": true, ""converged"": true, ""end_geometry_sha256"": ""2c751f48b0db737d692c0fbf88029fa0ee4ad536debd99ae4b3ed4bb7a835747"", ""failure_class"": null, ""max_force_eV_A"": 0.07679941088225298, ""name"": ""bfgs_after_fire"", ""start_geometry_sha256"": ""1bb1a70d5fdc390fdc61ea756a5cd2813c8757f9e03610493a0eab9e35021711"", ""steps"": 118}]",2c751f48b0db737d692c0fbf88029fa0ee4ad536debd99ae4b3ed4bb7a835747,-118.46261466240011,True,0.07804116677871226,50.0,100.0,0.08,converged,,bfgs_standard,"[{""ase_converged"": true, ""converged"": true, ""end_geometry_sha256"": ""79f0eeed62e491152d49059765ebef6125c989ccdb6bb3a80338355248ed4e91"", ""failure_class"": null, ""max_force_eV_A"": 0.07804116677871226, ""name"": ""bfgs_standard"", ""start_geometry_sha256"": ""21f165fc7e797133bd6e6df0cde80571bec3839116c08d760b877980dd9bac0c"", ""steps"": 50}]",79f0eeed62e491152d49059765ebef6125c989ccdb6bb3a80338355248ed4e91,0.7010845169424975,True,0.07121832596131863,76.0,100.0,0.08,converged,,bfgs_standard,"[{""ase_converged"": true, ""converged"": true, ""end_geometry_sha256"": ""34754f04178a61d320e9f916b3b047b990c7abd328ef14d8dec57c79ac3af19b"", ""failure_class"": null, ""max_force_eV_A"": 0.07121832596131863, ""name"": ""bfgs_standard"", ""start_geometry_sha256"": ""2d9b127124ba2ad24496948b918291edb3a09da2338d85da4ccae25db9b4fef8"", ""steps"": 76}]",34754f04178a61d320e9f916b3b047b990c7abd328ef14d8dec57c79ac3af19b,-1.734373807907101,True,0.05797302426383456,85.0,100.0,0.08,converged,,bfgs_standard,"[{""ase_converged"": true, ""converged"": true, ""end_geometry_sha256"": ""a88636d33a21ce03a477d88208f76724a8efd39b7303bd93dfa1a85301003abf"", ""failure_class"": null, ""max_force_eV_A"": 0.05797302426383456, ""name"": ""bfgs_standard"", ""start_geometry_sha256"": ""1fd6ace84c12b21d135fd440f616ce57fd3e66b5d0888a6c46d75ef7352f5a60"", ""steps"": 85}]",a88636d33a21ce03a477d88208f76724a8efd39b7303bd93dfa1a85301003abf,5.57856729626657,1.9231199026107788,2.7692479610443117,candidate,,4.176398262381575,,-0.15619785695304386,0.11056165629854081,1000.0,-2.0,False,False,0.447500000035,True,quantitative_screening,0,0,0d29a61390ddfa567fa0,False,
"('COF', 'Mg', 'Olefin', 'N2P2', 16.0)",COF,True,esen-sm-conserving-all-oc25:relax-v3:pyrolysis-v2,True,0.072527027084715,363,150,0.08,converged,,bfgs_after_fire,"[{""ase_converged"": false, ""converged"": false, ""end_geometry_sha256"": ""d638c88551b599216985183bbcb9d70206d846a7c1ef1d833e8f2edd0e8fa537"", ""failure_class"": ""force_threshold"", ""max_force_eV_A"": 0.5302639128265769, ""name"": ""bfgs_standard"", ""start_geometry_sha256"": ""c787266193714be0bcf346725820a524c93376a854e61295480181c7ac8fb33c"", ""steps"": 150}, {""ase_converged"": false, ""converged"": false, ""end_geometry_sha256"": ""e60388d71e3931d8aeb377ebef7d0829f4d52c8f5d71dd9bac1d1c3061bdb1a6"", ""failure_class"": ""force_threshold"", ""max_force_eV_A"": 5.892819081156093, ""name"": ""fire_precondition"", ""qualifying"": false, ""start_geometry_sha256"": ""c787266193714be0bcf346725820a524c93376a854e61295480181c7ac8fb33c"", ""steps"": 75}, {""ase_converged"": true, ""converged"": true, ""end_geometry_sha256"": ""bb24c56656652391267195c031ba791fcb9a613c86b41fcb6c2df8b4233ec8c7"", ""failure_class"": null, ""max_force_eV_A"": 0.072527027084715, ""name"": ""bfgs_after_fire"", ""start_geometry_sha256"": ""e60388d71e3931d8aeb377ebef7d0829f4d52c8f5d71dd9bac1d1c3061bdb1a6"", ""steps"": 138}]",bb24c56656652391267195c031ba791fcb9a613c86b41fcb6c2df8b4233ec8c7,-119.40266078185164,True,0.07573159712616215,58.0,100.0,0.08,converged,,bfgs_standard,"[{""ase_converged"": true, ""converged"": true, ""end_geometry_sha256"": ""c56dd943e57ecaf33cad8acec701fd35142d9f94a8f57073e746ff3492dc16c7"", ""failure_class"": null, ""max_force_eV_A"": 0.07573159712616215, ""name"": ""bfgs_standard"", ""start_geometry_sha256"": ""b8d5307637d0f81ad29eb16665ab92f60dadc84ec3bf3f4bf7d9fc737aafacfd"", ""steps"": 58}]",c56dd943e57ecaf33cad8acec701fd35142d9f94a8f57073e746ff3492dc16c7,0.6215914711356127,True,0.07851949786268035,94.0,100.0,0.08,converged,,bfgs_standard,"[{""ase_converged"": true, ""converged"": true, ""end_geometry_sha256"": ""21cfefa3e81c58d6bee7df503e64ebc14a141933c39d35000141ddbdde921296"", ""failure_class"": null, ""max_force_eV_A"": 0.07851949786268035, ""name"": ""bfgs_standard"", ""start_geometry_sha256"": ""8c84cd8bbc8b6830e296ee580c6b75c2cacfcd3d76bbc75b7bebceefd47e7bb0"", ""steps"": 94}]",21cfefa3e81c58d6bee7df503e64ebc14a141933c39d35000141ddbdde921296,-2.1321570873260747,True,0.07906668940885651,217.0,100.0,0.08,converged,,bfgs_after_fire,"[{""ase_converged"": false, ""converged"": false, ""end_geometry_sha256"": ""31c497a7e52c31b788b7bde64c1bceb1f13b6583140f7254ca9bf0cc780d6f95"", ""failure_class"": ""force_threshold"", ""max_force_eV_A"": 0.7671386182291994, ""name"": ""bfgs_standard"", ""start_geometry_sha256"": ""a48cff5bfc9c41bd055c05c1a7ac790bebecbceee9d734fc4f062a6cd60db01c"", ""steps"": 100}, {""ase_converged"": false, ""converged"": false, ""end_geometry_sha256"": ""1ac816f3268f6173d562957674d12fd3f7e8f2ffc0dda80b402360313b446b57"", ""failure_class"": ""force_threshold"", ""max_force_eV_A"": 0.3228288116280115, ""name"": ""fire_precondition"", ""qualifying"": false, ""start_geometry_sha256"": ""a48cff5bfc9c41bd055c05c1a7ac790bebecbceee9d734fc4f062a6cd60db01c"", ""steps"": 50}, {""ase_converged"": true, ""converged"": true, ""end_geometry_sha256"": ""c2dabbc1bb2d29b43784e98ae8bfec588ccd48ee03698888148f6b628967d228"", ""failure_class"": null, ""max_force_eV_A"": 0.07906668940885651, ""name"": ""bfgs_after_fire"", ""start_geometry_sha256"": ""1ac816f3268f6173d562957674d12fd3f7e8f2ffc0dda80b402360313b446b57"", ""steps"": 67}]",c2dabbc1bb2d29b43784e98ae8bfec588ccd48ee03698888148f6b628967d228,3.0991847813129283,1.4458435773849203,2.578337430953968,candidate,,1.8560018390417028,,0.03138319903471256,1.0133308417480882,1000.0,0.0,False,False,0.307500000035,True,quantitative_screening,2,2,de76ec66eaa37dcb9bba,False,
"('Perovskite', 'Li', 'Ni', 'Rh', 0.2, 'none')",Perovskite,True,esen-sm-conserving-all-oc25:relax-v3:pyrolysis-v2,True,0.07677761731937788,391,150,0.08,converged,,bfgs_after_fire,"[{""ase_converged"": false, ""converged"": false, ""end_geometry_sha256"": ""46a82fdf94ea67f39a3978d12a5be227ff18457af9be747b776a3d1d66fcf30d"", ""failure_class"": ""force_threshold"", ""max_force_eV_A"": 0.18324602152004207, ""name"": ""bfgs_standard"", ""start_geometry_sha256"": ""a1d1d275165370cedab9cb81b641a57b4719a0eb9d72f83402c61d4efaca9d2b"", ""steps"": 150}, {""ase_converged"": true, ""converged"": true, ""end_geometry_sha256"": ""00c504a9a1db19e72bad6d17773625d729190196bb1444f9580f1fed0faafe52"", ""failure_class"": null, ""max_force_eV_A"": 0.2402023429288642, ""name"": ""fire_precondition"", ""qualifying"": false, ""start_geometry_sha256"": ""a1d1d275165370cedab9cb81b641a57b4719a0eb9d72f83402c61d4efaca9d2b"", ""steps"": 54}, {""ase_converged"": true, ""converged"": true, ""end_geometry_sha256"": ""82adcc2b9a7c3f346e4190ab218dd031f76435d47a9eac518ddda6b954b51b9b"", ""failure_class"": null, ""max_force_eV_A"": 0.07677761731937788, ""name"": ""bfgs_after_fire"", ""start_geometry_sha256"": ""00c504a9a1db19e72bad6d17773625d729190196bb1444f9580f1fed0faafe52"", ""steps"": 187}]",82adcc2b9a7c3f346e4190ab218dd031f76435d47a9eac518ddda6b954b51b9b,-306.97203129841444,True,0.07679255040307283,30.0,100.0,0.08,converged,,bfgs_standard,"[{""ase_converged"": true, ""converged"": true, ""end_geometry_sha256"": ""1a0cd3f31ad0849421991764095af0e64aa5584cb29e5407587856df4dd4696d"", ""failure_class"": null, ""max_force_eV_A"": 0.07679255040307283, ""name"": ""bfgs_standard"", ""start_geometry_sha256"": ""74eda7cfcd1852768521409439abca240e946181210f5fa7c78808fae918f5bd"", ""steps"": 30}]",1a0cd3f31ad0849421991764095af0e64aa5584cb29e5407587856df4dd4696d,-1.4141460433602084,True,0.06770444516265933,230.0,100.0,0.08,converged,,bfgs_after_fire,"[{""ase_converged"": false, ""converged"": false, ""end_geometry_sha256"": ""85b497f754d248324a88f3323d88d270366f747d836c9dcce480b7edfa5c9010"", ""failure_class"": ""force_threshold"", ""max_force_eV_A"": 0.14721633511030338, ""name"": ""bfgs_standard"", ""start_geometry_sha256"": ""6847934697f06981897885de98769fe849c5104d87b858520a465cf9fe22c146"", ""steps"": 100}, {""ase_converged"": false, ""converged"": false, ""end_geometry_sha256"": ""90292547aeba9250e6fb89d3d0a22b89665790b7ed995606fd70673668affaa4"", ""failure_class"": ""force_threshold"", ""max_force_eV_A"": 0.9004991753988266, ""name"": ""fire_precondition"", ""qualifying"": false, ""start_geometry_sha256"": ""6847934697f06981897885de98769fe849c5104d87b858520a465cf9fe22c146"", ""steps"": 50}, {""ase_converged"": true, ""converged"": true, ""end_geometry_sha256"": ""83ef5f71d1cfd94c505e29e5295621ceae18db2dac561ef4dfe7c76b58878622"", ""failure_class"": null, ""max_force_eV_A"": 0.06770444516265933, ""name"": ""bfgs_after_fire"", ""start_geometry_sha256"": ""90292547aeba9250e6fb89d3d0a22b89665790b7ed995606fd70673668affaa4"", ""steps"": 80}]",83ef5f71d1cfd94c505e29e5295621ceae18db2dac561ef4dfe7c76b58878622,-2.5989310741423957,True,0.0723931645961116,91.0,100.0,0.08,converged,,bfgs_standard,"[{""ase_converged"": true, ""converged"": true, ""end_geometry_sha256"": ""b6ec23dca63014a170aa67e0ce1d9e93973f73cc314a58e0f312ac56eba01cb8"", ""failure_class"": null, ""max_force_eV_A"": 0.0723931645961116, ""name"": ""bfgs_standard"", ""start_geometry_sha256"": ""2c07ad1608d8844ac7eacff6031254bcb81db64d3d3eec7b88a29c1da3aa97e8"", ""steps"": 91}]",b6ec23dca63014a170aa67e0ce1d9e93973f73cc314a58e0f312ac56eba01cb8,-1.833776801824584,-1.0566680431365114,0.9188325762749187,candidate,,0.994515284895833,,-0.20888513270331827,234038672.5254263,1000.0,-1.8497938121827584,False,False,0.6527014328916925,False,quantitative_screening,1,1,250a0f2fbdd8307ae156,False,
"('Perovskite', 'Li', 'Ir', 'Rh', 0.2, 'none')",Perovskite,True,esen-sm-conserving-all-oc25:relax-v3:pyrolysis-v2,True,0.07056551822572091,130,150,0.08,converged,,bfgs_standard,"[{""ase_converged"": true, ""converged"": true, ""end_geometry_sha256"": ""7f67bffa848b1cdda0ffd2eeb8613eab73334e26033ba03ebbad1996ffba2f24"", ""failure_class"": null, ""max_force_eV_A"": 0.07056551822572091, ""name"": ""bfgs_standard"", ""start_geometry_sha256"": ""6480fdf3124760966a3b0a9901a7e6e62070234523feba7ea7340f3d5e7f57f9"", ""steps"": 130}]",7f67bffa848b1cdda0ffd2eeb8613eab73334e26033ba03ebbad1996ffba2f24,-348.3456642475125,True,0.07645657651896506,25.0,100.0,0.08,converged,,bfgs_standard,"[{""ase_converged"": true, ""converged"": true, ""end_geometry_sha256"": ""120068fd9ae00f6969ddb4f0077759eeb3221971fe589ef909a17cb252a1a76a"", ""failure_class"": null, ""max_force_eV_A"": 0.07645657651896506, ""name"": ""bfgs_standard"", ""start_geometry_sha256"": ""6de4cbcb270a82ff610b69d07bbda0d5b2d5ced072488e44e12202ecf7677501"", ""steps"": 25}]",120068fd9ae00f6969ddb4f0077759eeb3221971fe589ef909a17cb252a1a76a,-1.281715013086771,True,0.07243664209065068,53.0,100.0,0.08,converged,,bfgs_standard,"[{""ase_converged"": true, ""converged"": true, ""end_geometry_sha256"": ""fef7f68108601713bf17525099f7a04922f1303c6cbe88ac0f070c78f119a347"", ""failure_class"": null, ""max_force_eV_A"": 0.07243664209065068, ""name"": ""bfgs_standard"", ""start_geometry_sha256"": ""6ceb8bd0d031acd01330a4087b3a83c6c1d517d6785bd62709eedbdef3c1b4d0"", ""steps"": 53}]",fef7f68108601713bf17525099f7a04922f1303c6cbe88ac0f070c78f119a347,-2.942730665206849,True,0.0774517118466219,80.0,100.0,0.08,converged,,bfgs_standard,"[{""ase_converged"": true, ""converged"": true, ""end_geometry_sha256"": ""bcbbdf45b51513938821a1b03d6c59d4bc7a6d2e30ff54c597a56d05086b0383"", ""failure_class"": null, ""max_force_eV_A"": 0.0774517118466219, ""name"": ""bfgs_standard"", ""start_geometry_sha256"": ""531af018c57be7421bc3f72f9f8e156af6439c4b38c19ad0b9a4364a59568f05"", ""steps"": 80}]",bcbbdf45b51513938821a1b03d6c59d4bc7a6d2e30ff54c597a56d05086b0383,-1.3309271037578725,-1.2680364847182375,0.8025799334049694,candidate,,1.2325029224156694,,-0.11277040186835166,901934832.5881916,1000.0,-2.0,False,False,0.6527014328916925,False,quantitative_screening,0,0,3e4a54397da933445231,False,
"('Perovskite', 'Bi', 'Ni', 'Rh', 0.2, 'none')",Perovskite,True,esen-sm-conserving-all-oc25:relax-v3:pyrolysis-v2,True,0.07981062677845406,31,150,0.08,converged,,bfgs_standard,"[{""ase_converged"": true, ""converged"": true, ""end_geometry_sha256"": ""a91656a62277aaa4c5d021bd5b06781768b3763a8ac8c2a1a96b7b513a8eb0c4"", ""failure_class"": null, ""max_force_eV_A"": 0.07981062677845406, ""name"": ""bfgs_standard"", ""start_geometry_sha256"": ""7cb9cb69a35090d035f1151e4b29bc6e776ce4f9457066d41821f33fc3e663b2"", ""steps"": 31}]",a91656a62277aaa4c5d021bd5b06781768b3763a8ac8c2a1a96b7b513a8eb0c4,-331.5445395926591,True,0.06430171667592255,64.0,100.0,0.08,converged,,bfgs_standard,"[{""ase_converged"": true, ""converged"": true, ""end_geometry_sha256"": ""daee5d06ce8da7eae61877270d9a08229ce8e3f507f414ac11bc0980905e8c51"", ""failure_class"": null, ""max_force_eV_A"": 0.06430171667592255, ""name"": ""bfgs_standard"", ""start_geometry_sha256"": ""b50931a63561f287ce9b74409e0d95600243624686f4c271daee99fa05228516"", ""steps"": 64}]",daee5d06ce8da7eae61877270d9a08229ce8e3f507f414ac11bc0980905e8c51,-2.549615480005773,True,0.06943122122042551,84.0,100.0,0.08,converged,,bfgs_standard,"[{""ase_converged"": true, ""converged"": true, ""end_geometry_sha256"": ""a76c05be7536bd57b21fbf27ea481fa5ac40c155e48ed6b0158c57fa89694877"", ""failure_class"": null, ""max_force_eV_A"": 0.06943122122042551, ""name"": ""bfgs_standard"", ""start_geometry_sha256"": ""475ff403f7a056d45d2b7196bcc14a37f2439041ea634eae71ad92dda0accf4e"", ""steps"": 84}]",a76c05be7536bd57b21fbf27ea481fa5ac40c155e48ed6b0158c57fa89694877,-4.279627561569267,True,0.06313166679968862,228.0,100.0,0.08,converged,,bfgs_after_fire,"[{""ase_converged"": false, ""converged"": false, ""end_geometry_sha256"": ""f2ec0b3817b46b5148e9b3cf5dd2b6a727eda87ef6bcec9bdf52dc2cc1c0a951"", ""failure_class"": ""force_threshold"", ""max_force_eV_A"": 0.11525058096500836, ""name"": ""bfgs_standard"", ""start_geometry_sha256"": ""574f1ef57105e07c9da17fa328197c73a2ee65c912b366f3e8951c18da592209"", ""steps"": 100}, {""ase_converged"": false, ""converged"": false, ""end_geometry_sha256"": ""81c4a309c0f27af50e09c15e61a9443a6afea2a773e199e9813d0d198f767966"", ""failure_class"": ""force_threshold"", ""max_force_eV_A"": 0.7644339366733743, ""name"": ""fire_precondition"", ""qualifying"": false, ""start_geometry_sha256"": ""574f1ef57105e07c9da17fa328197c73a2ee65c912b366f3e8951c18da592209"", ""steps"": 50}, {""ase_converged"": true, ""converged"": true, ""end_geometry_sha256"": ""9040b9c11730dad362a9a2b5f7fa85a8e3344e6a2ce97f2d2703b62ce7f8caa3"", ""failure_class"": null, ""max_force_eV_A"": 0.06313166679968862, ""name"": ""bfgs_after_fire"", ""start_geometry_sha256"": ""81c4a309c0f27af50e09c15e61a9443a6afea2a773e199e9813d0d198f767966"", ""steps"": 78}]",9040b9c11730dad362a9a2b5f7fa85a8e3344e6a2ce97f2d2703b62ce7f8caa3,-0.9884817302227731,-3.872833847999658,0.01,candidate,,4.110749229788773,,-0.3125842323802829,8904349914533.771,1000.0,-2.0,False,True,0.707500000035,True,quantitative_screening,2,2,7502150841e0c2376ab8,False,
"('Perovskite', 'Bi', 'Ir', 'Rh', 0.2, 'none')",Perovskite,True,esen-sm-conserving-all-oc25:relax-v3:pyrolysis-v2,True,0.06516764564332501,27,150,0.08,converged,,bfgs_standard,"[{""ase_converged"": true, ""converged"": true, ""end_geometry_sha256"": ""2e69968596e7a7f71e402f35fe62973d7008776f40022303a1dc2212a26a7ab1"", ""failure_class"": null, ""max_force_eV_A"": 0.06516764564332501, ""name"": ""bfgs_standard"", ""start_geometry_sha256"": ""af7a9412525b3ca33c7159bec164a8860e433f54fe9a67364647dbc46a18e6ad"", ""steps"": 27}]",2e69968596e7a7f71e402f35fe62973d7008776f40022303a1dc2212a26a7ab1,-351.0383202468353,True,0.07444968507477188,80.0,100.0,0.08,converged,,bfgs_standard,"[{""ase_converged"": true, ""converged"": true, ""end_geometry_sha256"": ""d8074fcc2f7a75c877d806deb19d3af56d02ebe36a50cdaab4d37ff7dd4d093d"", ""failure_class"": null, ""max_force_eV_A"": 0.07444968507477188, ""name"": ""bfgs_standard"", ""start_geometry_sha256"": ""1de62ca080a35a3faeca14c5615548005005a56841147fd6908002ff99b924c9"", ""steps"": 80}]",d8074fcc2f7a75c877d806deb19d3af56d02ebe36a50cdaab4d37ff7dd4d093d,-4.080710984766458,True,0.0740757872711575,256.0,100.0,0.08,converged,,bfgs_after_fire,"[{""ase_converged"": false, ""converged"": false, ""end_geometry_sha256"": ""1080282c5640c59475079db166760ebb7e5f9ad2f8bb16120915263bc959fce6"", ""failure_class"": ""force_threshold"", ""max_force_eV_A"": 0.2708178602289991, ""name"": ""bfgs_standard"", ""start_geometry_sha256"": ""f629e8aaa9f4b7c0091dc420ee0a2d6a873b3c716b41bafc14be97170fcfa9c7"", ""steps"": 100}, {""ase_converged"": false, ""converged"": false, ""end_geometry_sha256"": ""7c14a97e65acc06ca9b244cd3dac839785a9ee5631c8b33abbae390b9a5069e2"", ""failure_class"": ""force_threshold"", ""max_force_eV_A"": 0.5940148215740917, ""name"": ""fire_precondition"", ""qualifying"": false, ""start_geometry_sha256"": ""f629e8aaa9f4b7c0091dc420ee0a2d6a873b3c716b41bafc14be97170fcfa9c7"", ""steps"": 50}, {""ase_converged"": true, ""converged"": true, ""end_geometry_sha256"": ""65d4f6138e5cf50963406dd070b617ede598fafd954e71c6502493b69eb7fa53"", ""failure_class"": null, ""max_force_eV_A"": 0.0740757872711575, ""name"": ""bfgs_after_fire"", ""start_geometry_sha256"": ""7c14a97e65acc06ca9b244cd3dac839785a9ee5631c8b33abbae390b9a5069e2"", ""steps"": 106}]",65d4f6138e5cf50963406dd070b617ede598fafd954e71c6502493b69eb7fa53,-8.676411390304505,True,0.070014564939024,73.0,100.0,0.08,converged,,bfgs_standard,"[{""ase_converged"": true, ""converged"": true, ""end_geometry_sha256"": ""2075385f3085c619e72afedc6356493121bf82d40a66df373fae05a1d4a48210"", ""failure_class"": null, ""max_force_eV_A"": 0.070014564939024, ""name"": ""bfgs_standard"", ""start_geometry_sha256"": ""07c4124cfc28eeb1549a853bfef2abf960c1a2a751351d0c5bab37ce1d7b96f1"", ""steps"": 73}]",2075385f3085c619e72afedc6356493121bf82d40a66df373fae05a1d4a48210,-4.104036539792915,-9.800713181495581,0.01,candidate,,4.057385429740002,,0.026948619792563022,8904349914533.771,1000.0,-2.0,False,True,0.707500000035,True,quantitative_screening,0,0,0b4d02a9fd663c375ae2,False,
"('MetalHydride', 'Fe', 'intermetallic_AB', 'Na', 'NbF5', 300)",MetalHydride,True,esen-sm-conserving-all-oc25:relax-v3:pyrolysis-v2,True,0.07194656622388448,99,150,0.08,converged,,bfgs_standard,"[{""ase_converged"": true, ""converged"": true, ""end_geometry_sha256"": ""1e9e70765f5123307dc695c6b13553c2b8ee79109c1340178312b4dadfa481de"", ""failure_class"": null, ""max_force_eV_A"": 0.07194656622388448, ""name"": ""bfgs_standard"", ""start_geometry_sha256"": ""cb9719c877f5447098f0763335371a69d2410e62eb3a9bcbd267144a196a761e"", ""steps"": 99}]",1e9e70765f5123307dc695c6b13553c2b8ee79109c1340178312b4dadfa481de,-159.58634001132663,True,0.07452720930656428,72.0,100.0,0.08,converged,,bfgs_standard,"[{""ase_converged"": true, ""converged"": true, ""end_geometry_sha256"": ""c78d811ab27e707419c3e99b78cdcef8bd13cfca1665d867dfc786fbc3dff443"", ""failure_class"": null, ""max_force_eV_A"": 0.07452720930656428, ""name"": ""bfgs_standard"", ""start_geometry_sha256"": ""202e9c7d7908a336163d38f9aa9b8bc91235488c1f32c58baff671c7ea5f54db"", ""steps"": 72}]",c78d811ab27e707419c3e99b78cdcef8bd13cfca1665d867dfc786fbc3dff443,-0.44802055507895844,True,0.06811837032362103,53.0,100.0,0.08,converged,,bfgs_standard,"[{""ase_converged"": true, ""converged"": true, ""end_geometry_sha256"": ""2dbc98f0a3f0991803e67b99ae4d7583d04df43decbe30be40061f693dc6f9b4"", ""failure_class"": null, ""max_force_eV_A"": 0.06811837032362103, ""name"": ""bfgs_standard"", ""start_geometry_sha256"": ""21dd0659143aeb270e3debf29c09ae079785edb1c203ff770e02d2dca78c503e"", ""steps"": 53}]",2dbc98f0a3f0991803e67b99ae4d7583d04df43decbe30be40061f693dc6f9b4,-2.594170331955066,True,0.07703243038392381,236.0,100.0,0.08,converged,,bfgs_after_fire,"[{""ase_converged"": false, ""converged"": false, ""end_geometry_sha256"": ""968da08570450723f4c6329075de4c601a6b518b752a298d363780d0b3beea4a"", ""failure_class"": ""force_threshold"", ""max_force_eV_A"": 0.15470836743583238, ""name"": ""bfgs_standard"", ""start_geometry_sha256"": ""cbeca8d2dbb6d976d50559706a6ab9bfa06299b4621f6f9c31419b3fad11dcd9"", ""steps"": 100}, {""ase_converged"": true, ""converged"": true, ""end_geometry_sha256"": ""bd14050b651b4ff732e8713d62b0cf25204d1d9b2a4090072a39d29858aeb677"", ""failure_class"": null, ""max_force_eV_A"": 0.23897678698126265, ""name"": ""fire_precondition"", ""qualifying"": false, ""start_geometry_sha256"": ""cbeca8d2dbb6d976d50559706a6ab9bfa06299b4621f6f9c31419b3fad11dcd9"", ""steps"": 26}, {""ase_converged"": true, ""converged"": true, ""end_geometry_sha256"": ""e0970277a451a68800520c3906729534f14c5426d7d5330f47092b911a28d24e"", ""failure_class"": null, ""max_force_eV_A"": 0.07703243038392381, ""name"": ""bfgs_after_fire"", ""start_geometry_sha256"": ""bd14050b651b4ff732e8713d62b0cf25204d1d9b2a4090072a39d29858aeb677"", ""steps"": 110}]",e0970277a451a68800520c3906729534f14c5426d7d5330f47092b911a28d24e,3.6557785570621917,-0.08578181266793194,0.7442418217658443,candidate,,4.551819667220109,,0.2585673476699384,1774950729.437644,1000.0,0.0,False,False,0.401108834270667,True,quantitative_screening,1,1,e14f4528f2404ba628db,False,
"('MetalHydride', 'Co', 'intermetallic_AB5', 'Nd', 'Fe2O3', 350)",MetalHydride,False,esen-sm-conserving-all-oc25:relax-v3:pyrolysis-v2,True,0.07959055520974655,72,150,0.08,converged,,bfgs_standard,"[{""ase_converged"": true, ""converged"": true, ""end_geometry_sha256"": ""bbbf17d695908a8bb4c5d0dc9272ca37c6b431f4c43b60773272dbb0fda89d09"", ""failure_class"": null, ""max_force_eV_A"": 0.07959055520974655, ""name"": ""bfgs_standard"", ""start_geometry_sha256"": ""9660fe89e65c04aaf868b292876c6cf250c199f6f46aa0e76baf03f932e6592a"", ""steps"": 72}]",bbbf17d695908a8bb4c5d0dc9272ca37c6b431f4c43b60773272dbb0fda89d09,153.58377057424934,True,0.06865865696247919,278.0,100.0,0.08,converged,,bfgs_after_fire,"[{""ase_converged"": false, ""converged"": false, ""end_geometry_sha256"": ""eb12a05c33531c55e1e9cecf71deba44fba94f5c8f2a85a28cb85100abbf6158"", ""failure_class"": ""force_threshold"", ""max_force_eV_A"": 0.24247861006928823, ""name"": ""bfgs_standard"", ""start_geometry_sha256"": ""e92705dc35935beb34d324684682f1e07dc1200978a2e1ee817ed3c457912443"", ""steps"": 100}, {""ase_converged"": false, ""converged"": false, ""end_geometry_sha256"": ""2d1ecced2b556131142010119838c49a43c28086d2e900df0349bba17123d1f2"", ""failure_class"": ""force_threshold"", ""max_force_eV_A"": 1.847364173175365, ""name"": ""fire_precondition"", ""qualifying"": false, ""start_geometry_sha256"": ""e92705dc35935beb34d324684682f1e07dc1200978a2e1ee817ed3c457912443"", ""steps"": 50}, {""ase_converged"": true, ""converged"": true, ""end_geometry_sha256"": ""6583a72990935eaecd708845acbddec3848882aac89fd417d699355a7565a288"", ""failure_class"": null, ""max_force_eV_A"": 0.06865865696247919, ""name"": ""bfgs_after_fire"", ""start_geometry_sha256"": ""2d1ecced2b556131142010119838c49a43c28086d2e900df0349bba17123d1f2"", ""steps"": 128}]",6583a72990935eaecd708845acbddec3848882aac89fd417d699355a7565a288,-6.785346604883646,True,0.07881734346242113,85.0,100.0,0.08,converged,,bfgs_standard,"[{""ase_converged"": true, ""converged"": true, ""end_geometry_sha256"": ""78f3a95806cd5b7a2c064e0f31bc78dcac31554b62afdfccfd8e72b51d4a32ed"", ""failure_class"": null, ""max_force_eV_A"": 0.07881734346242113, ""name"": ""bfgs_standard"", ""start_geometry_sha256"": ""41c6d54bbce8331ef58386eed56ed1e210c5d55ade0a2fec0c4d9891c4497036"", ""steps"": 85}]",78f3a95806cd5b7a2c064e0f31bc78dcac31554b62afdfccfd8e72b51d4a32ed,-9.536522626876714,True,0.07269953599216365,373.0,100.0,0.08,converged,,fire_small_step,"[{""ase_converged"": false, ""converged"": false, ""end_geometry_sha256"": ""d008267d4fafc4a94a28f296bd84ecfa54775d66fbc8dc983df8451d09b3ea81"", ""failure_class"": ""force_threshold"", ""max_force_eV_A"": 0.23439710373626957, ""name"": ""bfgs_standard"", ""start_geometry_sha256"": ""e666bba6fe5c5e6eb0672c0a04e1cbf2ff69bea4dbf6125fdd6682b994c41863"", ""steps"": 100}, {""ase_converged"": false, ""converged"": false, ""end_geometry_sha256"": ""2a6ec2bc9b66ed2cd0833c93be216a0861e65a5ffc0f6a2fca3c1bd948b605ce"", ""failure_class"": ""force_threshold"", ""max_force_eV_A"": 0.31584462990814444, ""name"": ""fire_precondition"", ""qualifying"": false, ""start_geometry_sha256"": ""e666bba6fe5c5e6eb0672c0a04e1cbf2ff69bea4dbf6125fdd6682b994c41863"", ""steps"": 50}, {""ase_converged"": false, ""converged"": false, ""end_geometry_sha256"": ""207428dd3462689d6ce09341c189e41d53e8fb4b9b6c24eab1fc3712e0cd73ff"", ""failure_class"": ""force_threshold"", ""max_force_eV_A"": 0.29004401667865115, ""name"": ""bfgs_after_fire"", ""start_geometry_sha256"": ""2a6ec2bc9b66ed2cd0833c93be216a0861e65a5ffc0f6a2fca3c1bd948b605ce"", ""steps"": 200}, {""ase_converged"": true, ""converged"": true, ""end_geometry_sha256"": ""3c5ffbbd3d747629aeba11e4295ee829b12afe0e2292926af3fa2ad6bcb81269"", ""failure_class"": null, ""max_force_eV_A"": 0.07269953599216365, ""name"": ""fire_small_step"", ""start_geometry_sha256"": ""d008267d4fafc4a94a28f296bd84ecfa54775d66fbc8dc983df8451d09b3ea81"", ""steps"": 23}]",3c5ffbbd3d747629aeba11e4295ee829b12afe0e2292926af3fa2ad6bcb81269,-4.619978159666019,-13.365460038184978,0.01,candidate,,8.950715050101273,,1.0746616422453077,8904349914533.771,1000.0,0.0,False,,,True,validation_required,2,2,07772fbaf26171554992,False,Unphysical dE_split=-13.37 eV (|val|>10.0)
"('MetalHydride', 'Ni', 'complex_amide', 'Ba', 'MgO', 400)",MetalHydride,True,esen-sm-conserving-all-oc25:relax-v3:pyrolysis-v2,True,0.07875821561831127,135,150,0.08,converged,,bfgs_standard,"[{""ase_converged"": true, ""converged"": true, ""end_geometry_sha256"": ""13b5e419c77cfad592768e39cb76778e20738289b161b98348f292585e6e6315"", ""failure_class"": null, ""max_force_eV_A"": 0.07875821561831127, ""name"": ""bfgs_standard"", ""start_geometry_sha256"": ""250748f25ab410901028f3e2ec7626e093dc96599895a4974443892b8e9a7997"", ""steps"": 135}]",13b5e419c77cfad592768e39cb76778e20738289b161b98348f292585e6e6315,-194.7360359235859,True,0.06356031475808988,70.0,100.0,0.08,converged,,bfgs_standard,"[{""ase_converged"": true, ""converged"": true, ""end_geometry_sha256"": ""467b774ce9f108855e5308cb7447de58d0b99900f6a12acf3334132f9703abb4"", ""failure_class"": null, ""max_force_eV_A"": 0.06356031475808988, ""name"": ""bfgs_standard"", ""start_geometry_sha256"": ""e0d0f85d4a88d9bde5f342a53c597d37d3bf1fe04ba6721c400a4d03d31b96b1"", ""steps"": 70}]",467b774ce9f108855e5308cb7447de58d0b99900f6a12acf3334132f9703abb4,-0.2600246444344556,True,0.07519501810665398,283.0,100.0,0.08,converged,,bfgs_after_fire,"[{""ase_converged"": false, ""converged"": false, ""end_geometry_sha256"": ""45a7758896b2276264d22c5903d65166425b21c2ecc18bafa601890812be5b82"", ""failure_class"": ""force_threshold"", ""max_force_eV_A"": 1.0431570697504389, ""name"": ""bfgs_standard"", ""start_geometry_sha256"": ""02916b75f0034ee3a9ac7989ac5dc1b99c913a52cf3d41442b0e14bf09569428"", ""steps"": 100}, {""ase_converged"": true, ""converged"": true, ""end_geometry_sha256"": ""3f3c2a0d847873e0377c91c6ed41cbea9db0dcd24d4284d9d12c5e08e31919b8"", ""failure_class"": null, ""max_force_eV_A"": 0.19063766767179735, ""name"": ""fire_precondition"", ""qualifying"": false, ""start_geometry_sha256"": ""02916b75f0034ee3a9ac7989ac5dc1b99c913a52cf3d41442b0e14bf09569428"", ""steps"": 49}, {""ase_converged"": true, ""converged"": true, ""end_geometry_sha256"": ""0a216c4cf0584e7257bf1c32cc60a5d7fc2e8cf0e2bb83d7a41e5f3b20173946"", ""failure_class"": null, ""max_force_eV_A"": 0.07519501810665398, ""name"": ""bfgs_after_fire"", ""start_geometry_sha256"": ""3f3c2a0d847873e0377c91c6ed41cbea9db0dcd24d4284d9d12c5e08e31919b8"", ""steps"": 134}]",0a216c4cf0584e7257bf1c32cc60a5d7fc2e8cf0e2bb83d7a41e5f3b20173946,-1.7525289058685267,True,0.06778933822736498,93.0,100.0,0.08,converged,,bfgs_standard,"[{""ase_converged"": true, ""converged"": true, ""end_geometry_sha256"": ""ffa4d8e1c4c517c0edaa0e7a46f2a7689ff8c6ef0abba03f2aa77d178f955d64"", ""failure_class"": null, ""max_force_eV_A"": 0.06778933822736498, ""name"": ""bfgs_standard"", ""start_geometry_sha256"": ""b29ad2d322969acb5bbf7598c4562cd62fae3d87aa082e9cd43a922add2da80b"", ""steps"": 93}]",ffa4d8e1c4c517c0edaa0e7a46f2a7689ff8c6ef0abba03f2aa77d178f955d64,0.8766849339008473,0.9438556432723999,1.41350616812706,candidate,,1.3967342227697586,,0.07121268145550061,752042.6118110652,1000.0,0.0,False,False,0.401108834270667,True,quantitative_screening,0,0,5dff541d2714e5ea3d32,False,
"('MetalHydride', 'Cu', 'complex_alanate', 'Cu', 'TiF3', 450)",MetalHydride,True,esen-sm-conserving-all-oc25:relax-v3:pyrolysis-v2,True,0.0779017122296639,122,150,0.08,converged,,bfgs_standard,"[{""ase_converged"": true, ""converged"": true, ""end_geometry_sha256"": ""e756d537664d9c4afb0f2562fab0d0e9def169b2b1a6941378539ab7ee596d0d"", ""failure_class"": null, ""max_force_eV_A"": 0.0779017122296639, ""name"": ""bfgs_standard"", ""start_geometry_sha256"": ""ef78648098c60dabe49a8ba4317b1a6acd157458f30590313901e43c248039fe"", ""steps"": 122}]",e756d537664d9c4afb0f2562fab0d0e9def169b2b1a6941378539ab7ee596d0d,-175.28099374545053,True,0.07887446143886961,14.0,100.0,0.08,converged,,bfgs_standard,"[{""ase_converged"": true, ""converged"": true, ""end_geometry_sha256"": ""8e83282a8af7c2176be16a4bfb88c9078d9892aebeb3224b6104ca489798cf52"", ""failure_class"": null, ""max_force_eV_A"": 0.07887446143886961, ""name"": ""bfgs_standard"", ""start_geometry_sha256"": ""2b625c00fda891809cbfb850c229305b0d7902d5538d6defedb5f1104839d2de"", ""steps"": 14}]",8e83282a8af7c2176be16a4bfb88c9078d9892aebeb3224b6104ca489798cf52,3.127669118344837,True,0.054462153786492405,17.0,100.0,0.08,converged,,bfgs_standard,"[{""ase_converged"": true, ""converged"": true, ""end_geometry_sha256"": ""9cd430f88a36f43759d10d82917a3305be80274990e91d35aa7c7e62c279100e"", ""failure_class"": null, ""max_force_eV_A"": 0.054462153786492405, ""name"": ""bfgs_standard"", ""start_geometry_sha256"": ""740cf0f03ce25f0ae69a5eb531d5cf270970c634a21ee15bf71330e7bfa63ebd"", ""steps"": 17}]",9cd430f88a36f43759d10d82917a3305be80274990e91d35aa7c7e62c279100e,-0.045360028743740344,True,0.07485771578756176,119.0,100.0,0.08,converged,,bfgs_after_fire,"[{""ase_converged"": false, ""converged"": false, ""end_geometry_sha256"": ""d0f2ad8aff8678328b6885556eb0e548335f1aa7e7ed42066ee8b4a1efa11954"", ""failure_class"": ""force_threshold"", ""max_force_eV_A"": 0.34484686467884546, ""name"": ""bfgs_standard"", ""start_geometry_sha256"": ""ccdfa2a15eca69add6287a422ca8210e8cefa827ca4dd7394d50ea2abb252aba"", ""steps"": 100}, {""ase_converged"": true, ""converged"": true, ""end_geometry_sha256"": ""89b7f9dd116f54dad8cd8b3d1374bc44fd8137dc4cbe356427ef68f53d50d5b2"", ""failure_class"": null, ""max_force_eV_A"": 0.07485771578756176, ""name"": ""fire_precondition"", ""qualifying"": false, ""start_geometry_sha256"": ""ccdfa2a15eca69add6287a422ca8210e8cefa827ca4dd7394d50ea2abb252aba"", ""steps"": 19}, {""ase_converged"": true, ""converged"": true, ""end_geometry_sha256"": ""89b7f9dd116f54dad8cd8b3d1374bc44fd8137dc4cbe356427ef68f53d50d5b2"", ""failure_class"": null, ""max_force_eV_A"": 0.07485771578756176, ""name"": ""bfgs_after_fire"", ""start_geometry_sha256"": ""89b7f9dd116f54dad8cd8b3d1374bc44fd8137dc4cbe356427ef68f53d50d5b2"", ""steps"": 0}]",89b7f9dd116f54dad8cd8b3d1374bc44fd8137dc4cbe356427ef68f53d50d5b2,5.607514888048215,6.038718163967189,4.725166806578673,candidate,,-0.6478233486414595,,-0.09749080652516229,1.5353500452764932e-11,1000.0,0.0,False,False,0.480000000035,True,quantitative_screening,1,1,df46a75e19e67c5f867d,False,
"('MAXPhase', 'Mn', 'Sn', 'C', 2, 'V', 'edge_1120')",MAXPhase,True,esen-sm-conserving-all-oc25:relax-v3:pyrolysis-v2,True,0.045511271611810525,51,150,0.08,converged,,bfgs_standard,"[{""ase_converged"": true, ""converged"": true, ""end_geometry_sha256"": ""86a4163dd13c9d51d5d200a96eee4bdd970c2e87a1848595c9dc048587a65596"", ""failure_class"": null, ""max_force_eV_A"": 0.045511271611810525, ""name"": ""bfgs_standard"", ""start_geometry_sha256"": ""2b9163944ea637d73f364295f98bf061dfb04fc9e6052c955b20a8bc13f0b6f6"", ""steps"": 51}]",86a4163dd13c9d51d5d200a96eee4bdd970c2e87a1848595c9dc048587a65596,-224.84668176005403,True,0.05770629422866989,11.0,100.0,0.08,converged,,bfgs_standard,"[{""ase_converged"": true, ""converged"": true, ""end_geometry_sha256"": ""40613e17bec13f95b1878008f6f6b07f0bf206eb6bb05d7a590ad806150814f7"", ""failure_class"": null, ""max_force_eV_A"": 0.05770629422866989, ""name"": ""bfgs_standard"", ""start_geometry_sha256"": ""3f0f14f5ac456fbea97f217afd662031108b4b419f5f1ed4ef4fb0badf5e338c"", ""steps"": 11}]",40613e17bec13f95b1878008f6f6b07f0bf206eb6bb05d7a590ad806150814f7,1.9908322319388354,True,0.07115394728859682,45.0,100.0,0.08,converged,,bfgs_standard,"[{""ase_converged"": true, ""converged"": true, ""end_geometry_sha256"": ""1ea05c0a72c8fb115890b7053f7d26218e470b83060f324c3bd868b9f192c6cc"", ""failure_class"": null, ""max_force_eV_A"": 0.07115394728859682, ""name"": ""bfgs_standard"", ""start_geometry_sha256"": ""6ba5d6ad835301899ec9ac400f981731961d54460f5f44f2ee799b5be29d83c4"", ""steps"": 45}]",1ea05c0a72c8fb115890b7053f7d26218e470b83060f324c3bd868b9f192c6cc,-3.233686745166775,True,0.07725968527796753,45.0,100.0,0.08,converged,,bfgs_standard,"[{""ase_converged"": true, ""converged"": true, ""end_geometry_sha256"": ""9229980d6ca122baf4e7076344e831557834542c3d4db9aa782fc3bd00562917"", ""failure_class"": null, ""max_force_eV_A"": 0.07725968527796753, ""name"": ""bfgs_standard"", ""start_geometry_sha256"": ""b3331da9fa4b5e788962dd99617a0661d7820cb387d3709f2d8564190692ac17"", ""steps"": 45}]",9229980d6ca122baf4e7076344e831557834542c3d4db9aa782fc3bd00562917,1.9001301825046397,1.713554561138153,2.199488192796707,candidate,,-2.081534281373031,,-0.5216094437128265,82.23702426279385,1000.0,0.0,True,False,0.707500000035,False,quantitative_screening,1,1,d9d91c2606369f3ad874,False,
"('MAXPhase', 'Fe', 'Si', 'N', 1, 'Mo', 'edge_1010')",MAXPhase,True,esen-sm-conserving-all-oc25:relax-v3:pyrolysis-v2,True,0.0,0,150,0.08,converged,,bfgs_standard,"[{""ase_converged"": true, ""converged"": true, ""end_geometry_sha256"": ""bb23bdfcc1b779d80b2046ae5b7b9732801d076c17ccc6e4a3423817c5e33a16"", ""failure_class"": null, ""max_force_eV_A"": 0.0, ""name"": ""bfgs_standard"", ""start_geometry_sha256"": ""bb23bdfcc1b779d80b2046ae5b7b9732801d076c17ccc6e4a3423817c5e33a16"", ""steps"": 0}]",bb23bdfcc1b779d80b2046ae5b7b9732801d076c17ccc6e4a3423817c5e33a16,-128.68097616095875,True,0.046102520310290086,11.0,100.0,0.08,converged,,bfgs_standard,"[{""ase_converged"": true, ""converged"": true, ""end_geometry_sha256"": ""d98225282760601d04373ed4d3038f856ce6593158836dfd6a85a604f1c5d258"", ""failure_class"": null, ""max_force_eV_A"": 0.046102520310290086, ""name"": ""bfgs_standard"", ""start_geometry_sha256"": ""dc8bb9164e0d5b7b6a90ef186c6e99f3f64c57043c511a592eab29dda0508333"", ""steps"": 11}]",d98225282760601d04373ed4d3038f856ce6593158836dfd6a85a604f1c5d258,0.6154436096548999,True,0.07809967019054347,60.0,100.0,0.08,converged,,bfgs_standard,"[{""ase_converged"": true, ""converged"": true, ""end_geometry_sha256"": ""e7dd1847a0b891a425b3486eca1d08a66dfb4b507599c4fa0846aa7e389f3b94"", ""failure_class"": null, ""max_force_eV_A"": 0.07809967019054347, ""name"": ""bfgs_standard"", ""start_geometry_sha256"": ""e38ef47d8a573a2257390f5a7db9641aaaad0b6c58f444861509b37fcfac77a1"", ""steps"": 60}]",e7dd1847a0b891a425b3486eca1d08a66dfb4b507599c4fa0846aa7e389f3b94,1.0759155750274694,True,0.004397929227936304,12.0,100.0,0.08,converged,,bfgs_standard,"[{""ase_converged"": true, ""converged"": true, ""end_geometry_sha256"": ""1e367a8f4b9af324bbe0c20370fb9e28e953a000a46f171eba3b1e7c9866d978"", ""failure_class"": null, ""max_force_eV_A"": 0.004397929227936304, ""name"": ""bfgs_standard"", ""start_geometry_sha256"": ""8ea56bb3066951c14af4ada6a603a787c999b5514b3860cf0ea0c4ec52d07a07"", ""steps"": 12}]",1e367a8f4b9af324bbe0c20370fb9e28e953a000a46f171eba3b1e7c9866d978,5.453559666872039,4.6477683782577515,4.253437864780426,candidate,,4.222672447562239,,-0.34916676030126154,3.6611425291585844e-09,1000.0,0.0,True,False,0.707500000035,False,quantitative_screening,0,0,41130f23cc929c5924e5,False,
"('MAXPhase', 'Fe', 'Ge', 'N', 3, 'Sc', 'edge_1010')",MAXPhase,True,esen-sm-conserving-all-oc25:relax-v3:pyrolysis-v2,True,0.07087002828799654,75,150,0.08,converged,,bfgs_standard,"[{""ase_converged"": true, ""converged"": true, ""end_geometry_sha256"": ""10070c5538da8dfd0067aa3f93fdcb97a6f2b5c6e9ab56ce8db3305809f79a63"", ""failure_class"": null, ""max_force_eV_A"": 0.07087002828799654, ""name"": ""bfgs_standard"", ""start_geometry_sha256"": ""e62a23ae7dc340c2001013d2f7e3a3a2ccc11e38da82319b55c6e1b1fc31d52a"", ""steps"": 75}]",10070c5538da8dfd0067aa3f93fdcb97a6f2b5c6e9ab56ce8db3305809f79a63,-282.8994981286309,True,0.07699659495646763,43.0,100.0,0.08,converged,,bfgs_standard,"[{""ase_converged"": true, ""converged"": true, ""end_geometry_sha256"": ""7771e0c6580eda2c73d7cdd1c688126fae3b5742fded0f419f54ef45ca873e43"", ""failure_class"": null, ""max_force_eV_A"": 0.07699659495646763, ""name"": ""bfgs_standard"", ""start_geometry_sha256"": ""4367a33dcce03f51a70f4ae8ae3f082b89a5548b5db2d8e14ee543c7dd0fc937"", ""steps"": 43}]",7771e0c6580eda2c73d7cdd1c688126fae3b5742fded0f419f54ef45ca873e43,-0.670991398394083,True,0.05733582511440281,70.0,100.0,0.08,converged,,bfgs_standard,"[{""ase_converged"": true, ""converged"": true, ""end_geometry_sha256"": ""43f8aadc0bae089da42a69cae2f17aa88478af742bc2e4f8521e3f09f96406e3"", ""failure_class"": null, ""max_force_eV_A"": 0.05733582511440281, ""name"": ""bfgs_standard"", ""start_geometry_sha256"": ""0209dc8ba83ef5337851794667431548423fd39f6e68fcab0935f719477e5bd6"", ""steps"": 70}]",43f8aadc0bae089da42a69cae2f17aa88478af742bc2e4f8521e3f09f96406e3,-2.797031283378484,True,0.0771095185644289,30.0,100.0,0.08,converged,,bfgs_standard,"[{""ase_converged"": true, ""converged"": true, ""end_geometry_sha256"": ""8b522279fac7c7238147c9d33b8347df7d99c138654ecf0324deceb57fcda976"", ""failure_class"": null, ""max_force_eV_A"": 0.0771095185644289, ""name"": ""bfgs_standard"", ""start_geometry_sha256"": ""7b92ff8fbd0ca27593202ff2619bffc124853e64e843d7b1a365bb486eb00284"", ""steps"": 30}]",8b522279fac7c7238147c9d33b8347df7d99c138654ecf0324deceb57fcda976,0.3816725313663909,-0.5116134881971846,0.6418705582619708,candidate,,1.7236553281545568,,-0.39077769265142026,5822570593.344661,1000.0,0.0,True,False,0.707500000035,False,quantitative_screening,0,0,24905c6c5e655a6cc9b5,False,
"('MAXPhase', 'Co', 'Al', 'C', 2, 'Ni', 'basal_0001')",MAXPhase,True,esen-sm-conserving-all-oc25:relax-v3:pyrolysis-v2,True,0.07260080838005108,28,150,0.08,converged,,bfgs_standard,"[{""ase_converged"": true, ""converged"": true, ""end_geometry_sha256"": ""da9e8179777296d397123e6cb067fae73768573045e955f8fdeb83400aba6018"", ""failure_class"": null, ""max_force_eV_A"": 0.07260080838005108, ""name"": ""bfgs_standard"", ""start_geometry_sha256"": ""45beda093cecdc293b455d78fa87453d6f9ec1da64df157c889496be09ee2758"", ""steps"": 28}]",da9e8179777296d397123e6cb067fae73768573045e955f8fdeb83400aba6018,-177.98955952698765,True,0.07511443033571681,45.0,100.0,0.08,converged,,bfgs_standard,"[{""ase_converged"": true, ""converged"": true, ""end_geometry_sha256"": ""32ab187dabef1487cb6088fae3eb76541260cba0183146031bbdce9ba7228b63"", ""failure_class"": null, ""max_force_eV_A"": 0.07511443033571681, ""name"": ""bfgs_standard"", ""start_geometry_sha256"": ""79dfb6e7f7a8dbf8024ad269748dd2e0d2cce82c0e62ba14d260111768aa4d7c"", ""steps"": 45}]",32ab187dabef1487cb6088fae3eb76541260cba0183146031bbdce9ba7228b63,-0.5749312415719068,True,0.06862998909012315,87.0,100.0,0.08,converged,,bfgs_standard,"[{""ase_converged"": true, ""converged"": true, ""end_geometry_sha256"": ""72e521015ac693dfffef8ae111635389aad86d279f5f67360359974666d42388"", ""failure_class"": null, ""max_force_eV_A"": 0.06862998909012315, ""name"": ""bfgs_standard"", ""start_geometry_sha256"": ""924feabf3045668c5775fdfe626896c324714c89a51c2b29d930c2a20a19eac3"", ""steps"": 87}]",72e521015ac693dfffef8ae111635389aad86d279f5f67360359974666d42388,-3.097328424453732,True,0.0671694338664076,37.0,100.0,0.08,converged,,bfgs_standard,"[{""ase_converged"": true, ""converged"": true, ""end_geometry_sha256"": ""fa792dfc8d41194ad96d106a957bcc7c05e96b789806b1d9f0e34bf9326f44b2"", ""failure_class"": null, ""max_force_eV_A"": 0.0671694338664076, ""name"": ""bfgs_standard"", ""start_geometry_sha256"": ""d1f230824ef9835cf24a83b521eafd1c70d1b516a612fdc2711911f9b021fb3d"", ""steps"": 37}]",fa792dfc8d41194ad96d106a957bcc7c05e96b789806b1d9f0e34bf9326f44b2,1.7813183367252208,-0.7158505916595459,0.49890458583831787,candidate,,2.9311808198690343,,-0.3149968088350147,30593668160.60694,1000.0,0.0,True,False,0.707500000035,False,quantitative_screening,1,1,3def15c30d9a9b799254,False,
"('HEA', ('Co', 'Pd', 'Hf', 'W', 'Re', 'La'), 'hcp', '110', 800)",HEA,True,esen-sm-conserving-all-oc25:relax-v3:pyrolysis-v2,True,0.07699282440970817,102,150,0.08,converged,,bfgs_standard,"[{""ase_converged"": true, ""converged"": true, ""end_geometry_sha256"": ""64ac9b1c11eecbdbe5a5afe21b37426365bf7a8e9259b44d6303adb6714bd5ce"", ""failure_class"": null, ""max_force_eV_A"": 0.07699282440970817, ""name"": ""bfgs_standard"", ""start_geometry_sha256"": ""e82a056ab90daa196b669b4b39f50074c0a2718f84b168911b07452eb1df094d"", ""steps"": 102}]",64ac9b1c11eecbdbe5a5afe21b37426365bf7a8e9259b44d6303adb6714bd5ce,-237.95151160685933,True,0.06439897086539109,64.0,100.0,0.08,converged,,bfgs_standard,"[{""ase_converged"": true, ""converged"": true, ""end_geometry_sha256"": ""3fa85b6ae23fc52bcdf3cfa4da73c6b25328ca80464c2ca928469ec700c4b168"", ""failure_class"": null, ""max_force_eV_A"": 0.06439897086539109, ""name"": ""bfgs_standard"", ""start_geometry_sha256"": ""6621cd2e54e3c22388b03b93a88de08fb984d31545dc4781ba4a0ae2fe47b2cc"", ""steps"": 64}]",3fa85b6ae23fc52bcdf3cfa4da73c6b25328ca80464c2ca928469ec700c4b168,-1.0099233165383374,True,0.07255621529668221,95.0,100.0,0.08,converged,,bfgs_standard,"[{""ase_converged"": true, ""converged"": true, ""end_geometry_sha256"": ""f93c6c74c1dabf455794fbcf36b73f7194855296d972c82e209e897926af36db"", ""failure_class"": null, ""max_force_eV_A"": 0.07255621529668221, ""name"": ""bfgs_standard"", ""start_geometry_sha256"": ""ea264b53e850b60b909b63481ccf9b9531f96c0119d29e9359ebcf1cd0899f99"", ""steps"": 95}]",f93c6c74c1dabf455794fbcf36b73f7194855296d972c82e209e897926af36db,-3.52390670776364,True,0.07454277301343713,53.0,100.0,0.08,converged,,bfgs_standard,"[{""ase_converged"": true, ""converged"": true, ""end_geometry_sha256"": ""145c4b39759291275a4e9432fca0c88adcf8275c5910be749addf9f021d06b03"", ""failure_class"": null, ""max_force_eV_A"": 0.07454277301343713, ""name"": ""bfgs_standard"", ""start_geometry_sha256"": ""21ffe5a0233e588ea0662acd9dbe26aa4e26717e92ca63cc2b4d4146bb293c68"", ""steps"": 53}]",145c4b39759291275a4e9432fca0c88adcf8275c5910be749addf9f021d06b03,0.9752657711506032,-1.5774208307265951,0.01,candidate,,2.995112404227278,,-0.4118521440706104,8904349914533.771,1000.0,-2.0,True,True,0.8739350657946708,True,quantitative_screening,2,2,fdd36943bdfb670f8e0a,False,
"('HEA', ('Ni', 'Zr', 'Pt', 'Si', 'Ga', 'La'), 'hcp', '110', 800)",HEA,False,esen-sm-conserving-all-oc25:relax-v3:pyrolysis-v2,True,0.0768649686810142,44,150,0.08,converged,,bfgs_standard,"[{""ase_converged"": true, ""converged"": true, ""end_geometry_sha256"": ""4282369b2a48c6fb30c6617d4c63655aa67f1a6f83f459eb940e7af94e357dfe"", ""failure_class"": null, ""max_force_eV_A"": 0.0768649686810142, ""name"": ""bfgs_standard"", ""start_geometry_sha256"": ""053b882877d9c33ecf5a569f8b71a01fcc276781b7fd4b6eb8e23f89d5a39f39"", ""steps"": 44}]",4282369b2a48c6fb30c6617d4c63655aa67f1a6f83f459eb940e7af94e357dfe,-204.39110131973672,True,0.0758276585057375,69.0,100.0,0.08,converged,,bfgs_standard,"[{""ase_converged"": true, ""converged"": true, ""end_geometry_sha256"": ""807dd8b6874f9b465cb1e456772517eec53f0d2340f925f94ecca4aeb0c87e05"", ""failure_class"": null, ""max_force_eV_A"": 0.0758276585057375, ""name"": ""bfgs_standard"", ""start_geometry_sha256"": ""7d7c1d208d9df2ec3cadeba90ae8203598fc82dc8b957b94a9f4a33c4fc4290c"", ""steps"": 69}]",807dd8b6874f9b465cb1e456772517eec53f0d2340f925f94ecca4aeb0c87e05,1.8318733200430835,True,0.07553589501352487,60.0,100.0,0.08,converged,,bfgs_standard,"[{""ase_converged"": true, ""converged"": true, ""end_geometry_sha256"": ""b9709adc68bba6bdd6e212abb4a52d1a239a08a22e3a54425de0027d1737d0e1"", ""failure_class"": null, ""max_force_eV_A"": 0.07553589501352487, ""name"": ""bfgs_standard"", ""start_geometry_sha256"": ""03563effe1ed63812bb86840e7c8acab66610292b0532f3e5de66906cac8196e"", ""steps"": 60}]",b9709adc68bba6bdd6e212abb4a52d1a239a08a22e3a54425de0027d1737d0e1,10.693630337715124,True,0.07813769160717023,32.0,100.0,0.08,converged,,bfgs_standard,"[{""ase_converged"": true, ""converged"": true, ""end_geometry_sha256"": ""4fbb79995d6077dbbc735bb2e03422cd9e335dc777f5a554b7960c0c848e6191"", ""failure_class"": null, ""max_force_eV_A"": 0.07813769160717023, ""name"": ""bfgs_standard"", ""start_geometry_sha256"": ""047a153291a561547524dd414222b0d120b96dbebdea4dc39d9fa3d73a1201c3"", ""steps"": 32}]",4fbb79995d6077dbbc735bb2e03422cd9e335dc777f5a554b7960c0c848e6191,10.026901274919524,15.48191285133359,5.0,candidate,,6.363154634833357,,0.18695336215006933,6.325707019423942e-13,1000.0,0.0,True,,,True,validation_required,0,0,2e947b34281ce041b1d0,False,Unphysical dE_CH3=10.69 eV (|val|>10.0)
"('HEA', ('Cu', 'Zn', 'Ag', 'W', 'Pt', 'Al'), 'hcp', '110', 800)",HEA,True,esen-sm-conserving-all-oc25:relax-v3:pyrolysis-v2,True,0.0702757817396292,36,150,0.08,converged,,bfgs_standard,"[{""ase_converged"": true, ""converged"": true, ""end_geometry_sha256"": ""24d28de22ba189e52a90f06a0cbf21dadb2adcc129245b50d9377568280d0009"", ""failure_class"": null, ""max_force_eV_A"": 0.0702757817396292, ""name"": ""bfgs_standard"", ""start_geometry_sha256"": ""cfdbce2b31431e8add967cc3bdc00f5f70487200fb1d251abeeb595fb064362e"", ""steps"": 36}]",24d28de22ba189e52a90f06a0cbf21dadb2adcc129245b50d9377568280d0009,-193.52811109183565,True,0.06321422650600635,62.0,100.0,0.08,converged,,bfgs_standard,"[{""ase_converged"": true, ""converged"": true, ""end_geometry_sha256"": ""910eb762590ef92c7c820d432537c5b777226d255f47a6a01409ac7b6db500f4"", ""failure_class"": null, ""max_force_eV_A"": 0.06321422650600635, ""name"": ""bfgs_standard"", ""start_geometry_sha256"": ""4fd22e2e14a1fbeccdf931a43239c79206c30587a1ee510d9aeb48f1c9492f39"", ""steps"": 62}]",910eb762590ef92c7c820d432537c5b777226d255f47a6a01409ac7b6db500f4,0.3030704483389819,True,0.07229930748873045,261.0,100.0,0.08,converged,,bfgs_after_fire,"[{""ase_converged"": false, ""converged"": false, ""end_geometry_sha256"": ""32445791c73bf26ed21b2dc2b556b2fd37f74fa89c30bd05fa90536f3c8c00f0"", ""failure_class"": ""force_threshold"", ""max_force_eV_A"": 0.1071887121383828, ""name"": ""bfgs_standard"", ""start_geometry_sha256"": ""7e52f3d8b7d7cd67631d210eea46614df63c27d3b230f44bb2db35c942af04ef"", ""steps"": 100}, {""ase_converged"": false, ""converged"": false, ""end_geometry_sha256"": ""b2c72dc4729675c1144f0cdfbde1e37050b5516d3266b7d7a88d64825c906ccc"", ""failure_class"": ""force_threshold"", ""max_force_eV_A"": 0.36616074031603907, ""name"": ""fire_precondition"", ""qualifying"": false, ""start_geometry_sha256"": ""7e52f3d8b7d7cd67631d210eea46614df63c27d3b230f44bb2db35c942af04ef"", ""steps"": 50}, {""ase_converged"": true, ""converged"": true, ""end_geometry_sha256"": ""cf07791787535ab20a808f0793e268b960fe6240ab58f400d00da017364fb463"", ""failure_class"": null, ""max_force_eV_A"": 0.07229930748873045, ""name"": ""bfgs_after_fire"", ""start_geometry_sha256"": ""b2c72dc4729675c1144f0cdfbde1e37050b5516d3266b7d7a88d64825c906ccc"", ""steps"": 111}]",cf07791787535ab20a808f0793e268b960fe6240ab58f400d00da017364fb463,1.7309219837188188,True,0.07099655242947006,96.0,100.0,0.08,converged,,bfgs_standard,"[{""ase_converged"": true, ""converged"": true, ""end_geometry_sha256"": ""92597bda310793b3f2b32e4bbe5b29178f6d6592ef75d6046d6bdbd834857b81"", ""failure_class"": null, ""max_force_eV_A"": 0.07099655242947006, ""name"": ""bfgs_standard"", ""start_geometry_sha256"": ""91fc74a0bb7ad5667328f71ae188093e17e442cbe6fcc0c2d80c2956ca0b66e6"", ""steps"": 96}]",92597bda310793b3f2b32e4bbe5b29178f6d6592ef75d6046d6bdbd834857b81,-2.169882148504243,4.990401506423893,4.792513175010637,candidate,,-2.7760230451822068,,0.06279499834259354,7.02743193107206e-12,1000.0,-0.26346986455135135,True,False,0.902500000035,False,quantitative_screening,1,1,5853660d55871fee97c1,False,
"('HEA', ('Cu', 'Ta', 'Si', 'Ge', 'Sn', 'Bi'), 'hcp', '110', 800)",HEA,False,esen-sm-conserving-all-oc25:relax-v3:pyrolysis-v2,True,0.07481988632756598,50,150,0.08,converged,,bfgs_standard,"[{""ase_converged"": true, ""converged"": true, ""end_geometry_sha256"": ""b04485361bd9810dce2c4d8e14f5cd22aefcefe78f0035dfd3f409c5c850ee44"", ""failure_class"": null, ""max_force_eV_A"": 0.07481988632756598, ""name"": ""bfgs_standard"", ""start_geometry_sha256"": ""363cbcdc94b90cba659a8cc2c8998b76c92c36f5ba6ec40ed9db0f6c5515f709"", ""steps"": 50}]",b04485361bd9810dce2c4d8e14f5cd22aefcefe78f0035dfd3f409c5c850ee44,-196.72004046207425,True,0.055419868599506567,65.0,100.0,0.08,converged,,bfgs_standard,"[{""ase_converged"": true, ""converged"": true, ""end_geometry_sha256"": ""395754880feec4e7b9ae745f70748da046430c6da1c6bb9c5435454a60541eef"", ""failure_class"": null, ""max_force_eV_A"": 0.055419868599506567, ""name"": ""bfgs_standard"", ""start_geometry_sha256"": ""53f9900de40fec546cafec1fef163ac997e4cfbec343443143dfc1ee51b9a3ab"", ""steps"": 65}]",395754880feec4e7b9ae745f70748da046430c6da1c6bb9c5435454a60541eef,3.7393917068839038,True,0.06406329619505302,74.0,100.0,0.08,converged,,bfgs_standard,"[{""ase_converged"": true, ""converged"": true, ""end_geometry_sha256"": ""dfd5b2f1967a07b5ba1a9319b5c2360a9c8d9272e9ae561f2f6e4b3bbe5d3f3b"", ""failure_class"": null, ""max_force_eV_A"": 0.06406329619505302, ""name"": ""bfgs_standard"", ""start_geometry_sha256"": ""91b996d7750f103ae61b6f5a78535c4ae2f5619e61bae7cbaad9dbda6e2ff18b"", ""steps"": 74}]",dfd5b2f1967a07b5ba1a9319b5c2360a9c8d9272e9ae561f2f6e4b3bbe5d3f3b,0.000647783279422498,False,0.1493395326648257,650.0,100.0,0.08,recovery_exhausted,force_threshold,fire_small_step,"[{""ase_converged"": false, ""converged"": false, ""end_geometry_sha256"": ""edb634e42b8583415fb46de7c474c95ead5869b4c0f5e4f24d8b876df9814605"", ""failure_class"": ""force_threshold"", ""max_force_eV_A"": 0.1523484721144522, ""name"": ""bfgs_standard"", ""start_geometry_sha256"": ""a60e8d327676b0c40ad2caf015f5cfe58245827daa261d14c761eb36c489b19b"", ""steps"": 100}, {""ase_converged"": false, ""converged"": false, ""end_geometry_sha256"": ""5f954585afe2c96f9c5c7e47bfd93c7e8be40283df7d7b6a2bee948dd83aec28"", ""failure_class"": ""force_threshold"", ""max_force_eV_A"": 0.3735111307799952, ""name"": ""fire_precondition"", ""qualifying"": false, ""start_geometry_sha256"": ""a60e8d327676b0c40ad2caf015f5cfe58245827daa261d14c761eb36c489b19b"", ""steps"": 50}, {""ase_converged"": false, ""converged"": false, ""end_geometry_sha256"": ""304b9d67498200bb723fe835938170f916b2695c7fece7a04dfb6d672b7c1ca2"", ""failure_class"": ""force_threshold"", ""max_force_eV_A"": 0.2749539622625916, ""name"": ""bfgs_after_fire"", ""start_geometry_sha256"": ""5f954585afe2c96f9c5c7e47bfd93c7e8be40283df7d7b6a2bee948dd83aec28"", ""steps"": 200}, {""ase_converged"": false, ""converged"": false, ""end_geometry_sha256"": ""da9a78707667213534ddce5f13a1b3e78f15c1c48b31449cee66ee509cc8e6db"", ""failure_class"": ""force_threshold"", ""max_force_eV_A"": 0.1493395326648257, ""name"": ""fire_small_step"", ""start_geometry_sha256"": ""edb634e42b8583415fb46de7c474c95ead5869b4c0f5e4f24d8b876df9814605"", ""steps"": 300}]",da9a78707667213534ddce5f13a1b3e78f15c1c48b31449cee66ee509cc8e6db,,,,,,,,,,,,,,,True,validation_required,0,0,23d53fe81601eb9c1459,False,Unconverged c relaxation: max_force=0.14934 eV/A after 650 cumulative recovery steps
"('Spinel', 'Mg', 'Mn', 'La', 'nanoparticle', 'N-graphene')",Spinel,True,esen-sm-conserving-all-oc25:relax-v3:pyrolysis-v2,True,0.0790738064189335,112,150,0.08,converged,,bfgs_standard,"[{""ase_converged"": true, ""converged"": true, ""end_geometry_sha256"": ""6c78a500775abcd03ffa16cae5f906c98fb625fb677aaafdb073806336c9118b"", ""failure_class"": null, ""max_force_eV_A"": 0.0790738064189335, ""name"": ""bfgs_standard"", ""start_geometry_sha256"": ""3e510bcc94c2b8063f35481f3bf589e7894c2ff06231520a54e07db7dba8e994"", ""steps"": 112}]",6c78a500775abcd03ffa16cae5f906c98fb625fb677aaafdb073806336c9118b,-369.0356334053004,True,0.06946420251232302,58.0,100.0,0.08,converged,,bfgs_standard,"[{""ase_converged"": true, ""converged"": true, ""end_geometry_sha256"": ""aa308fda32b40d6055217a2c1835fb53f3cd8132b3c586840218831289e6cb15"", ""failure_class"": null, ""max_force_eV_A"": 0.06946420251232302, ""name"": ""bfgs_standard"", ""start_geometry_sha256"": ""e31e09b8400df07b3551feab6adc0a2c703529282de18e93c0f59ac8be1f65c6"", ""steps"": 58}]",aa308fda32b40d6055217a2c1835fb53f3cd8132b3c586840218831289e6cb15,-0.3899270370602359,True,0.07931018166211042,222.0,100.0,0.08,converged,,bfgs_after_fire,"[{""ase_converged"": false, ""converged"": false, ""end_geometry_sha256"": ""18a6868074b7d3ed37ea847f9180e7032cb65532100865fb8b72db92a338f3f6"", ""failure_class"": ""force_threshold"", ""max_force_eV_A"": 0.09856584798482436, ""name"": ""bfgs_standard"", ""start_geometry_sha256"": ""79c0fb4384f2924dc9f71df7e4a5f29462d58eef550f488cb1db5730b4b9099c"", ""steps"": 100}, {""ase_converged"": true, ""converged"": true, ""end_geometry_sha256"": ""d7fe5cf3c800ca91f576d396810119b6792456602c95ff42f3ea5d0a1679c15e"", ""failure_class"": null, ""max_force_eV_A"": 0.22722053014445284, ""name"": ""fire_precondition"", ""qualifying"": false, ""start_geometry_sha256"": ""79c0fb4384f2924dc9f71df7e4a5f29462d58eef550f488cb1db5730b4b9099c"", ""steps"": 30}, {""ase_converged"": true, ""converged"": true, ""end_geometry_sha256"": ""7048e2a9d2cebc6f92cd875b4b0f3d06bd50fdcd7a449466b76d4064e61c417f"", ""failure_class"": null, ""max_force_eV_A"": 0.07931018166211042, ""name"": ""bfgs_after_fire"", ""start_geometry_sha256"": ""d7fe5cf3c800ca91f576d396810119b6792456602c95ff42f3ea5d0a1679c15e"", ""steps"": 92}]",7048e2a9d2cebc6f92cd875b4b0f3d06bd50fdcd7a449466b76d4064e61c417f,-3.0679429471492163,True,0.0773325505370342,30.0,100.0,0.08,converged,,bfgs_standard,"[{""ase_converged"": true, ""converged"": true, ""end_geometry_sha256"": ""63f751cda65bc4b460a3226951bbc848b67d1093cbacf57f25fb69454ed69e95"", ""failure_class"": null, ""max_force_eV_A"": 0.0773325505370342, ""name"": ""bfgs_standard"", ""start_geometry_sha256"": ""d4f7abdb51bf1c1f9aa9fa21a2521a2025ff4bd524c5aa1af0c530be0ea5f33d"", ""steps"": 30}]",63f751cda65bc4b460a3226951bbc848b67d1093cbacf57f25fb69454ed69e95,3.0841943621635295,-0.50146079063407,1.1091527414322393,candidate,,3.8640484362840013,,0.07885825089446144,25710836.67262119,1000.0,0.0,True,False,0.6389825313502686,False,quantitative_screening,2,2,de0580a5cd5d87f720a4,False,
"('Spinel', 'Mg', 'Cr', 'Nb', 'nanoparticle', 'N-graphene')",Spinel,True,esen-sm-conserving-all-oc25:relax-v3:pyrolysis-v2,True,0.07774028158943376,140,150,0.08,converged,,bfgs_standard,"[{""ase_converged"": true, ""converged"": true, ""end_geometry_sha256"": ""6843de21d93bafa48744bc968126626349042ddbd2ac1778f620cdd0bb97c005"", ""failure_class"": null, ""max_force_eV_A"": 0.07774028158943376, ""name"": ""bfgs_standard"", ""start_geometry_sha256"": ""4d4b33a759213c74cacd572f1389c2d1004abeb1bc473fc61329db573fda3861"", ""steps"": 140}]",6843de21d93bafa48744bc968126626349042ddbd2ac1778f620cdd0bb97c005,-394.38194922541646,True,0.07773851452697936,75.0,100.0,0.08,converged,,bfgs_standard,"[{""ase_converged"": true, ""converged"": true, ""end_geometry_sha256"": ""f09c4b3e9a5922e8bcd0c04477efb1bf3be504c2232c3030c0a907dbd35cb296"", ""failure_class"": null, ""max_force_eV_A"": 0.07773851452697936, ""name"": ""bfgs_standard"", ""start_geometry_sha256"": ""03817f7b3c683081444416decb913e5936428a18690f5ef45b1937a2f02ac287"", ""steps"": 75}]",f09c4b3e9a5922e8bcd0c04477efb1bf3be504c2232c3030c0a907dbd35cb296,-0.6724916473030795,True,0.07687844407484029,34.0,100.0,0.08,converged,,bfgs_standard,"[{""ase_converged"": true, ""converged"": true, ""end_geometry_sha256"": ""f8d3152009ff59e91459a898bfa1c4568edba7ed41fe10baae9186ee78b72fea"", ""failure_class"": null, ""max_force_eV_A"": 0.07687844407484029, ""name"": ""bfgs_standard"", ""start_geometry_sha256"": ""39bbb13b897243041e4c22f2a71eccfaa890338373d451fc187ea36a7176f50a"", ""steps"": 34}]",f8d3152009ff59e91459a898bfa1c4568edba7ed41fe10baae9186ee78b72fea,-1.4052827358246383,True,0.07826893108486666,263.0,100.0,0.08,converged,,bfgs_after_fire,"[{""ase_converged"": false, ""converged"": false, ""end_geometry_sha256"": ""3936b51edc9a3b454db0550941a7812572fa33a6668ac4b22ca95d55fdf04449"", ""failure_class"": ""force_threshold"", ""max_force_eV_A"": 0.225801464044658, ""name"": ""bfgs_standard"", ""start_geometry_sha256"": ""c69776c7a3fd140773086a308a892494f95442cde1018c3c774daf95146fd757"", ""steps"": 100}, {""ase_converged"": false, ""converged"": false, ""end_geometry_sha256"": ""9844b1490e0e9af8d4cccc11260e1898561953f2e7ad4eff080b66370dfb0bd2"", ""failure_class"": ""force_threshold"", ""max_force_eV_A"": 0.6542638202253468, ""name"": ""fire_precondition"", ""qualifying"": false, ""start_geometry_sha256"": ""c69776c7a3fd140773086a308a892494f95442cde1018c3c774daf95146fd757"", ""steps"": 50}, {""ase_converged"": true, ""converged"": true, ""end_geometry_sha256"": ""c6d30381e13152eccf0691fb94ebfbab5755084d727035a44032ecb57e722e0d"", ""failure_class"": null, ""max_force_eV_A"": 0.07826893108486666, ""name"": ""bfgs_after_fire"", ""start_geometry_sha256"": ""9844b1490e0e9af8d4cccc11260e1898561953f2e7ad4eff080b66370dfb0bd2"", ""steps"": 113}]",c6d30381e13152eccf0691fb94ebfbab5755084d727035a44032ecb57e722e0d,2.943688303232179,0.8786346912383749,1.9096081209182572,candidate,,4.288671597838338,,0.11505563012591438,2376.8328963723106,1000.0,0.0,True,False,0.6852014328916924,False,quantitative_screening,1,1,7882f12a2dcaccee8bd3,False,
"('Spinel', 'Mg', 'Ti', 'W', 'nanoparticle', 'N-graphene')",Spinel,True,esen-sm-conserving-all-oc25:relax-v3:pyrolysis-v2,True,0.07701744453496653,319,150,0.08,converged,,bfgs_after_fire,"[{""ase_converged"": false, ""converged"": false, ""end_geometry_sha256"": ""72208cd6e29ea4549a961859bea65977c8f96269e7714cb3380721692057868e"", ""failure_class"": ""force_threshold"", ""max_force_eV_A"": 0.11011044039632886, ""name"": ""bfgs_standard"", ""start_geometry_sha256"": ""bcaf66d7f8fa1f96fdf31980d43dc175aa3af0b1dff01d389c9e6e57ef619a56"", ""steps"": 150}, {""ase_converged"": false, ""converged"": false, ""end_geometry_sha256"": ""de8f9fc4fe9cd69f56f31eebb2e0a19f347890c0a1aeeff8fff3a60afe3dc405"", ""failure_class"": ""force_threshold"", ""max_force_eV_A"": 1.1386304246147936, ""name"": ""fire_precondition"", ""qualifying"": false, ""start_geometry_sha256"": ""bcaf66d7f8fa1f96fdf31980d43dc175aa3af0b1dff01d389c9e6e57ef619a56"", ""steps"": 75}, {""ase_converged"": true, ""converged"": true, ""end_geometry_sha256"": ""2091cc8444ce5468a0afb11bf57fa24c8152782a6a793e7b2e53184e5674fc2c"", ""failure_class"": null, ""max_force_eV_A"": 0.07701744453496653, ""name"": ""bfgs_after_fire"", ""start_geometry_sha256"": ""de8f9fc4fe9cd69f56f31eebb2e0a19f347890c0a1aeeff8fff3a60afe3dc405"", ""steps"": 94}]",2091cc8444ce5468a0afb11bf57fa24c8152782a6a793e7b2e53184e5674fc2c,-407.1743768037465,True,0.07992434228132479,54.0,100.0,0.08,converged,,bfgs_standard,"[{""ase_converged"": true, ""converged"": true, ""end_geometry_sha256"": ""dab2c1352939abffa2f900e529781029db4f7bc632c26be1268207be904ddc7c"", ""failure_class"": null, ""max_force_eV_A"": 0.07992434228132479, ""name"": ""bfgs_standard"", ""start_geometry_sha256"": ""416b2bbba5d076a4b908473b12cd773af21bd73c7c1197da651c6ff394e96169"", ""steps"": 54}]",dab2c1352939abffa2f900e529781029db4f7bc632c26be1268207be904ddc7c,-1.9341312423348178,True,0.07799216237149258,95.0,100.0,0.08,converged,,bfgs_standard,"[{""ase_converged"": true, ""converged"": true, ""end_geometry_sha256"": ""6787b9a2401f9fa097cba4ce427c4996662fef95d524639e4e113c4251349be4"", ""failure_class"": null, ""max_force_eV_A"": 0.07799216237149258, ""name"": ""bfgs_standard"", ""start_geometry_sha256"": ""b7337d8829db4f55e75c0544f9c86799028886a1c4c6023bc01f1cb3088e2c21"", ""steps"": 95}]",6787b9a2401f9fa097cba4ce427c4996662fef95d524639e4e113c4251349be4,-4.147730588913017,True,0.07135315751517439,42.0,100.0,0.08,converged,,bfgs_standard,"[{""ase_converged"": true, ""converged"": true, ""end_geometry_sha256"": ""99ae7dfe945e743ce1eae2371d34faf93f3dcb1033528dd361402c1ab5da33f4"", ""failure_class"": null, ""max_force_eV_A"": 0.07135315751517439, ""name"": ""bfgs_standard"", ""start_geometry_sha256"": ""994b2b8fa64284b9443895a92fa8bd42555ca787f3b1e69ddf10cbc954fceba5"", ""steps"": 42}]",99ae7dfe945e743ce1eae2371d34faf93f3dcb1033528dd361402c1ab5da33f4,2.080671101808477,-3.1254526376724527,0.01,candidate,,5.9489335864781125,,0.2218998645924728,8904349914533.771,1000.0,0.0,True,True,0.6852014328916924,True,quantitative_screening,2,2,c472091cb5dab116bacd,False,
"('Spinel', 'Mg', 'Ni', 'None', 'nanoparticle', 'N-graphene')",Spinel,True,esen-sm-conserving-all-oc25:relax-v3:pyrolysis-v2,True,0.06993376873093615,390,150,0.08,converged,,bfgs_after_fire,"[{""ase_converged"": false, ""converged"": false, ""end_geometry_sha256"": ""43a7255bfbc20d6d6a525fd106a5eaff89b6177731a58d1b8ad7c2fe4baed0b6"", ""failure_class"": ""force_threshold"", ""max_force_eV_A"": 0.600128283085503, ""name"": ""bfgs_standard"", ""start_geometry_sha256"": ""6c589d8ca6b7f58b6aac22c5363308b077395dd78ea46981cd46916411a19fec"", ""steps"": 150}, {""ase_converged"": false, ""converged"": false, ""end_geometry_sha256"": ""ea2abb43dc784ebeee1f5dcce80c21ca752fe44565a7c538de383621da0debf3"", ""failure_class"": ""force_threshold"", ""max_force_eV_A"": 0.5336900277836752, ""name"": ""fire_precondition"", ""qualifying"": false, ""start_geometry_sha256"": ""6c589d8ca6b7f58b6aac22c5363308b077395dd78ea46981cd46916411a19fec"", ""steps"": 75}, {""ase_converged"": true, ""converged"": true, ""end_geometry_sha256"": ""cd71b6c9ee5d8ffd781b315815108b3b1c42333c773aadb92c8f214ba1a38e9c"", ""failure_class"": null, ""max_force_eV_A"": 0.06993376873093615, ""name"": ""bfgs_after_fire"", ""start_geometry_sha256"": ""ea2abb43dc784ebeee1f5dcce80c21ca752fe44565a7c538de383621da0debf3"", ""steps"": 165}]",cd71b6c9ee5d8ffd781b315815108b3b1c42333c773aadb92c8f214ba1a38e9c,-291.81363907031744,True,0.07346259218934009,82.0,100.0,0.08,converged,,bfgs_standard,"[{""ase_converged"": true, ""converged"": true, ""end_geometry_sha256"": ""15324c2dc36898ad03a2b77df1278b93c0103c2f32977253514e84e6534861a4"", ""failure_class"": null, ""max_force_eV_A"": 0.07346259218934009, ""name"": ""bfgs_standard"", ""start_geometry_sha256"": ""c5088516d7c5e7e4446a65913dcaefb34b9f37f3cf76b182725a1b1bcc0c1974"", ""steps"": 82}]",15324c2dc36898ad03a2b77df1278b93c0103c2f32977253514e84e6534861a4,-1.0918346419930778,True,0.06125509020920548,79.0,100.0,0.08,converged,,bfgs_standard,"[{""ase_converged"": true, ""converged"": true, ""end_geometry_sha256"": ""3c7bea621387d7faa075f008cfa825504d5704e209b4923090e8e20af0e0432b"", ""failure_class"": null, ""max_force_eV_A"": 0.06125509020920548, ""name"": ""bfgs_standard"", ""start_geometry_sha256"": ""5190a730f2cb52f46f7562b36a7a1e875fce0d087ec1c758a883adc434753b33"", ""steps"": 79}]",3c7bea621387d7faa075f008cfa825504d5704e209b4923090e8e20af0e0432b,-2.117172956466785,True,0.07708140117300949,213.0,100.0,0.08,converged,,bfgs_after_fire,"[{""ase_converged"": false, ""converged"": false, ""end_geometry_sha256"": ""0fe8e376d51ac21163ad4f781a4404e664e551aa83533b81da16d09b99befe73"", ""failure_class"": ""force_threshold"", ""max_force_eV_A"": 0.1445855806411164, ""name"": ""bfgs_standard"", ""start_geometry_sha256"": ""62532056efdfe503e61126967ffd8dc929ae331c923b63b3482babe6ece27daa"", ""steps"": 100}, {""ase_converged"": false, ""converged"": false, ""end_geometry_sha256"": ""589aeef15342304c4daeedb466c61036167b1eb577b93ddebf5462557ec4efd2"", ""failure_class"": ""force_threshold"", ""max_force_eV_A"": 0.6972460742121834, ""name"": ""fire_precondition"", ""qualifying"": false, ""start_geometry_sha256"": ""62532056efdfe503e61126967ffd8dc929ae331c923b63b3482babe6ece27daa"", ""steps"": 50}, {""ase_converged"": true, ""converged"": true, ""end_geometry_sha256"": ""b8d2c6e0080ee0fbaa825b16d110dc48f87559d3335029d8411a0793b1d181de"", ""failure_class"": null, ""max_force_eV_A"": 0.07708140117300949, ""name"": ""bfgs_after_fire"", ""start_geometry_sha256"": ""589aeef15342304c4daeedb466c61036167b1eb577b93ddebf5462557ec4efd2"", ""steps"": 63}]",b8d2c6e0080ee0fbaa825b16d110dc48f87559d3335029d8411a0793b1d181de,0.27530077099793004,-0.2525984048844805,1.2534929251670013,candidate,,2.4589700549840856,,-0.0737168575144608,4815858.3038842045,1000.0,0.0,True,False,0.661108834270667,False,quantitative_screening,0,0,e6a81883a6361f667ea4,False,
"('MXene', 'Hf', 'N', 3, 'bare', 'Ni')",MXene,True,esen-sm-conserving-all-oc25:relax-v3:pyrolysis-v2,True,0.06632300196373879,69,150,0.08,converged,,bfgs_standard,"[{""ase_converged"": true, ""converged"": true, ""end_geometry_sha256"": ""0bad6ae36713f408336913ecd8088db8f3fe6981f86aafeff658348ccb0b1806"", ""failure_class"": null, ""max_force_eV_A"": 0.06632300196373879, ""name"": ""bfgs_standard"", ""start_geometry_sha256"": ""79aa9d3b0242a90f8cd7bf2fe8ffdbc07ba616eff0e61c72c73ae80535ac70c0"", ""steps"": 69}]",0bad6ae36713f408336913ecd8088db8f3fe6981f86aafeff658348ccb0b1806,-365.5528396102213,True,0.07283572188349763,38.0,100.0,0.08,converged,,bfgs_standard,"[{""ase_converged"": true, ""converged"": true, ""end_geometry_sha256"": ""90b8b81492a02b9d3a9a7506da4549dab506fe0a45fa2762023cac92e385ceb6"", ""failure_class"": null, ""max_force_eV_A"": 0.07283572188349763, ""name"": ""bfgs_standard"", ""start_geometry_sha256"": ""a546271c6069483e15090e794c8057f0ba60c42a1026cfa75a8bf6b349191347"", ""steps"": 38}]",90b8b81492a02b9d3a9a7506da4549dab506fe0a45fa2762023cac92e385ceb6,-0.9155231490730991,True,0.06121982900787377,245.0,100.0,0.08,converged,,bfgs_after_fire,"[{""ase_converged"": false, ""converged"": false, ""end_geometry_sha256"": ""4f523befe76790eefec80d01f11b091ab3fbf0ff89d98aee80c05adcc96111c6"", ""failure_class"": ""force_threshold"", ""max_force_eV_A"": 0.2420707970786477, ""name"": ""bfgs_standard"", ""start_geometry_sha256"": ""b35d907c52586ecb57efa81ed8b65d3047facc9888f343f43b4b993db5024edd"", ""steps"": 100}, {""ase_converged"": true, ""converged"": true, ""end_geometry_sha256"": ""c7ca71b518944c07f1213f55b592b218d730be6fa4749e6e4260bf127c7c9f42"", ""failure_class"": null, ""max_force_eV_A"": 0.2389009892176169, ""name"": ""fire_precondition"", ""qualifying"": false, ""start_geometry_sha256"": ""b35d907c52586ecb57efa81ed8b65d3047facc9888f343f43b4b993db5024edd"", ""steps"": 42}, {""ase_converged"": true, ""converged"": true, ""end_geometry_sha256"": ""b58aaad3907e2c549061bd170ef9cf8a92ec38bd6663e441df29034510bb167f"", ""failure_class"": null, ""max_force_eV_A"": 0.06121982900787377, ""name"": ""bfgs_after_fire"", ""start_geometry_sha256"": ""c7ca71b518944c07f1213f55b592b218d730be6fa4749e6e4260bf127c7c9f42"", ""steps"": 103}]",b58aaad3907e2c549061bd170ef9cf8a92ec38bd6663e441df29034510bb167f,-3.3014380931853644,True,0.06505378660800926,251.0,100.0,0.08,converged,,bfgs_after_fire,"[{""ase_converged"": false, ""converged"": false, ""end_geometry_sha256"": ""392ad350e101e1d1b4443e976630b304d4fb6940a70ddefa13a7bbe2b4ebd7cf"", ""failure_class"": ""force_threshold"", ""max_force_eV_A"": 0.10834774512381051, ""name"": ""bfgs_standard"", ""start_geometry_sha256"": ""26cac7d6c2377e49a2f92c761d2df5ed173087d4bbeae01f1401fe108d8a7d59"", ""steps"": 100}, {""ase_converged"": false, ""converged"": false, ""end_geometry_sha256"": ""8e18e4fba21d4c2aa52400ec33985b6d110fd737fd4e569ca0c47bb28aea016b"", ""failure_class"": ""force_threshold"", ""max_force_eV_A"": 0.8202118176072382, ""name"": ""fire_precondition"", ""qualifying"": false, ""start_geometry_sha256"": ""26cac7d6c2377e49a2f92c761d2df5ed173087d4bbeae01f1401fe108d8a7d59"", ""steps"": 50}, {""ase_converged"": true, ""converged"": true, ""end_geometry_sha256"": ""c437c1e76972e7456c55815e2f5e556b90700419adb5263e0cd0716f2f3a3a63"", ""failure_class"": null, ""max_force_eV_A"": 0.06505378660800926, ""name"": ""bfgs_after_fire"", ""start_geometry_sha256"": ""8e18e4fba21d4c2aa52400ec33985b6d110fd737fd4e569ca0c47bb28aea016b"", ""steps"": 101}]",c437c1e76972e7456c55815e2f5e556b90700419adb5263e0cd0716f2f3a3a63,0.42770162224762487,-1.2605521678923708,0.19282452583318788,candidate,,2.258747920393823,,-0.7066951005289184,1067105015427.7639,1000.0,0.0,False,False,0.675000000035,False,quantitative_screening,1,1,b2a346cd3fd72f596bd2,False,
"('MXene', 'Hf', 'CN', 3, 'mixed_OH_O', 'Pd')",MXene,True,esen-sm-conserving-all-oc25:relax-v3:pyrolysis-v2,True,0.07560239950854193,72,150,0.08,converged,,bfgs_standard,"[{""ase_converged"": true, ""converged"": true, ""end_geometry_sha256"": ""42e700983a490056d2eb478569c2d9f41dc245e19aa68e07a4214c21aadd964a"", ""failure_class"": null, ""max_force_eV_A"": 0.07560239950854193, ""name"": ""bfgs_standard"", ""start_geometry_sha256"": ""9bd58b2a8188cfcdec659d90ce64e086325892b55e6f1a2922ff118a683390d9"", ""steps"": 72}]",42e700983a490056d2eb478569c2d9f41dc245e19aa68e07a4214c21aadd964a,-414.1467864621078,True,0.06954285912790786,30.0,100.0,0.08,converged,,bfgs_standard,"[{""ase_converged"": true, ""converged"": true, ""end_geometry_sha256"": ""c4464454c30b364aa08e4e60795bbbf1e07c5f0953fd3d56512aa4204b0f65f9"", ""failure_class"": null, ""max_force_eV_A"": 0.06954285912790786, ""name"": ""bfgs_standard"", ""start_geometry_sha256"": ""96e891a047065a414245ece2e48feb023a10e3a0aa5cf6d54d3f115bf8a5044d"", ""steps"": 30}]",c4464454c30b364aa08e4e60795bbbf1e07c5f0953fd3d56512aa4204b0f65f9,-0.7169204726814407,True,0.06514637692661007,49.0,100.0,0.08,converged,,bfgs_standard,"[{""ase_converged"": true, ""converged"": true, ""end_geometry_sha256"": ""8b73e2b1ee8005ce23c7660cad493437d96c4b6ba8ee749e83505b0e76de1959"", ""failure_class"": null, ""max_force_eV_A"": 0.06514637692661007, ""name"": ""bfgs_standard"", ""start_geometry_sha256"": ""d23ac918c9b61249e7c11c32f9a8465d7badc2641914cc42363e68abf51b233b"", ""steps"": 49}]",8b73e2b1ee8005ce23c7660cad493437d96c4b6ba8ee749e83505b0e76de1959,-2.5871684551239547,True,0.07661198377427476,55.0,100.0,0.08,converged,,bfgs_standard,"[{""ase_converged"": true, ""converged"": true, ""end_geometry_sha256"": ""45b2a5baf6fcbd5322d89ba529ae76ec8ba4dcf89d5d41009857b4c20b010b69"", ""failure_class"": null, ""max_force_eV_A"": 0.07661198377427476, ""name"": ""bfgs_standard"", ""start_geometry_sha256"": ""d7413b46c7e1df180cac34b7f6004e6e32c516e3fbe1b199211ceebbc5731d1b"", ""steps"": 55}]",45b2a5baf6fcbd5322d89ba529ae76ec8ba4dcf89d5d41009857b4c20b010b69,4.184133321046815,-0.3476797342300131,0.8135777807235911,candidate,,5.617974266409696,,-0.7052558152506038,793868278.3980467,1000.0,-2.0,False,False,0.675000000035,False,quantitative_screening,2,2,710b30678568eb0dcf7b,False,
"('MXene', 'W', 'C', 3, 'S', 'Ni')",MXene,True,esen-sm-conserving-all-oc25:relax-v3:pyrolysis-v2,True,0.07422087183373915,91,150,0.08,converged,,bfgs_standard,"[{""ase_converged"": true, ""converged"": true, ""end_geometry_sha256"": ""f85740dec23f7fd39e198d83a348838a950cfff584d10ebfb23574d7059644eb"", ""failure_class"": null, ""max_force_eV_A"": 0.07422087183373915, ""name"": ""bfgs_standard"", ""start_geometry_sha256"": ""b4d3b68e79724ad2f3a04b63f3339ee904f8497cf55477d158695f2ac91624f1"", ""steps"": 91}]",f85740dec23f7fd39e198d83a348838a950cfff584d10ebfb23574d7059644eb,-436.66883342502024,True,0.071032427467676,44.0,100.0,0.08,converged,,bfgs_standard,"[{""ase_converged"": true, ""converged"": true, ""end_geometry_sha256"": ""227ad55946086b9355004c619fab5c12e12a9b33995a80bc4e612bc82471f1f9"", ""failure_class"": null, ""max_force_eV_A"": 0.071032427467676, ""name"": ""bfgs_standard"", ""start_geometry_sha256"": ""c5d061b0587779ff1a16e889e064caa977816f1781250ae6d62702848a3ee3ba"", ""steps"": 44}]",227ad55946086b9355004c619fab5c12e12a9b33995a80bc4e612bc82471f1f9,-0.9382473006844272,True,0.07827627974304167,62.0,100.0,0.08,converged,,bfgs_standard,"[{""ase_converged"": true, ""converged"": true, ""end_geometry_sha256"": ""2c6523769542520780cca66899cc4ec3f1fa3775c56b5555ca2f35d4d135907d"", ""failure_class"": null, ""max_force_eV_A"": 0.07827627974304167, ""name"": ""bfgs_standard"", ""start_geometry_sha256"": ""3da6c2d2dcb7a2b52a135826cc029491ef5e7552fe5a1450af169a0722f25b9d"", ""steps"": 62}]",2c6523769542520780cca66899cc4ec3f1fa3775c56b5555ca2f35d4d135907d,-3.08635401725763,True,0.07705932853033083,66.0,100.0,0.08,converged,,bfgs_standard,"[{""ase_converged"": true, ""converged"": true, ""end_geometry_sha256"": ""4b3d565fc5c4d1688b0b35b4d4a92f513dd12d3e2fcc6b99ab90f8b38779e689"", ""failure_class"": null, ""max_force_eV_A"": 0.07705932853033083, ""name"": ""bfgs_standard"", ""start_geometry_sha256"": ""3e2241595c74c6368effa9e489ab0fdab2da63bbc65d21c3c5bd541d2654437a"", ""steps"": 66}]",4b3d565fc5c4d1688b0b35b4d4a92f513dd12d3e2fcc6b99ab90f8b38779e689,1.3512533009052135,-1.068192124366675,0.32362935543066096,candidate,,3.227747902274068,,-0.32900368192023277,233872864174.6546,1000.0,0.0,False,False,0.675000000035,False,quantitative_screening,2,2,146225f8c758fbe1a251,False,
"('MXene', 'W', 'N', 3, 'F', 'Pd')",MXene,True,esen-sm-conserving-all-oc25:relax-v3:pyrolysis-v2,True,0.05314127804733629,80,150,0.08,converged,,bfgs_standard,"[{""ase_converged"": true, ""converged"": true, ""end_geometry_sha256"": ""6fd0c17d302332ea8c9daffc235344af2c12f516d04e5764d1a2860371d33e54"", ""failure_class"": null, ""max_force_eV_A"": 0.05314127804733629, ""name"": ""bfgs_standard"", ""start_geometry_sha256"": ""24acd03d78d0ccf2def85fdeb50a0874abe6b5b42261fe98c8b74a434371d111"", ""steps"": 80}]",6fd0c17d302332ea8c9daffc235344af2c12f516d04e5764d1a2860371d33e54,-440.0055802775961,True,0.06496386385076544,165.0,100.0,0.08,converged,,bfgs_after_fire,"[{""ase_converged"": false, ""converged"": false, ""end_geometry_sha256"": ""cd472818c0161b48aa71bcf663227f6c9d4fe7370db74c19b0ed45d5ab10a50f"", ""failure_class"": ""force_threshold"", ""max_force_eV_A"": 0.32414187273494965, ""name"": ""bfgs_standard"", ""start_geometry_sha256"": ""42681cd07d1a80d08dc00421a2cfa8040b50bee05a81dc7bbf92ef5ca440de8e"", ""steps"": 100}, {""ase_converged"": true, ""converged"": true, ""end_geometry_sha256"": ""e8598270e953caebeb5c9c103469c4377ff9617068a8a52bc5bdff3f50ca8e2a"", ""failure_class"": null, ""max_force_eV_A"": 0.17727243264214715, ""name"": ""fire_precondition"", ""qualifying"": false, ""start_geometry_sha256"": ""42681cd07d1a80d08dc00421a2cfa8040b50bee05a81dc7bbf92ef5ca440de8e"", ""steps"": 32}, {""ase_converged"": true, ""converged"": true, ""end_geometry_sha256"": ""f73d775e2048ccf07735c068851bcac2ff2df1a0a979e217c6b925cb4b045fba"", ""failure_class"": null, ""max_force_eV_A"": 0.06496386385076544, ""name"": ""bfgs_after_fire"", ""start_geometry_sha256"": ""e8598270e953caebeb5c9c103469c4377ff9617068a8a52bc5bdff3f50ca8e2a"", ""steps"": 33}]",f73d775e2048ccf07735c068851bcac2ff2df1a0a979e217c6b925cb4b045fba,-0.5403247848153434,True,0.0753368048794396,46.0,100.0,0.08,converged,,bfgs_standard,"[{""ase_converged"": true, ""converged"": true, ""end_geometry_sha256"": ""cbf521f597611f1da976095037ba38281a43b99ce0c5ad39f10c11636d965ab1"", ""failure_class"": null, ""max_force_eV_A"": 0.0753368048794396, ""name"": ""bfgs_standard"", ""start_geometry_sha256"": ""3216898be85a9736991fcf315f7b8a5ccca17c6f00e4023cd34ed82ac5c5ce8c"", ""steps"": 46}]",cbf521f597611f1da976095037ba38281a43b99ce0c5ad39f10c11636d965ab1,-2.404570341110226,True,0.07055594706707305,59.0,100.0,0.08,converged,,bfgs_standard,"[{""ase_converged"": true, ""converged"": true, ""end_geometry_sha256"": ""f1a3dd07bba3cde33a54fdd06cb14b9a70a941fdd4136e16eaa5a1af9245ebf3"", ""failure_class"": null, ""max_force_eV_A"": 0.07055594706707305, ""name"": ""bfgs_standard"", ""start_geometry_sha256"": ""2a43326055c80fcd21fff29c17e5f291d4f2f9623d0e4432a32fb6366ae77371"", ""steps"": 59}]",f1a3dd07bba3cde33a54fdd06cb14b9a70a941fdd4136e16eaa5a1af9245ebf3,2.1922623217105723,0.011513948440523336,1.057829484939556,candidate,,3.272911891341259,,-0.3666976592761898,46641664.211341456,1000.0,-2.0,False,False,0.675000000035,False,quantitative_screening,1,1,d0901c256c562afa6400,False,
"('SAA', 'Au', 'Fe', '110', 1000)",SAA,True,esen-sm-conserving-all-oc25:relax-v3:pyrolysis-v2,True,0.07965562675024783,53,150,0.08,converged,,bfgs_standard,"[{""ase_converged"": true, ""converged"": true, ""end_geometry_sha256"": ""349311744945d40ce66755afa9af439fbba7b7c60eb4f89ce4cdda6cee6a5b7c"", ""failure_class"": null, ""max_force_eV_A"": 0.07965562675024783, ""name"": ""bfgs_standard"", ""start_geometry_sha256"": ""4ea604db129e39fbf38091c2db072ab2eb39887cf623157455422d8ed031a526"", ""steps"": 53}]",349311744945d40ce66755afa9af439fbba7b7c60eb4f89ce4cdda6cee6a5b7c,-251.05501820930635,True,0.06493777825081236,40.0,100.0,0.08,converged,,bfgs_standard,"[{""ase_converged"": true, ""converged"": true, ""end_geometry_sha256"": ""bf008a35474ecda6b98695f675b0b880088f90e621c914d80511fe4a384560f1"", ""failure_class"": null, ""max_force_eV_A"": 0.06493777825081236, ""name"": ""bfgs_standard"", ""start_geometry_sha256"": ""38243a3e5741469103d7848a8417d3ce1cc29b59266d324b0a1248b65df40069"", ""steps"": 40}]",bf008a35474ecda6b98695f675b0b880088f90e621c914d80511fe4a384560f1,-0.6861525550484409,True,0.07098854601849294,244.0,100.0,0.08,converged,,bfgs_after_fire,"[{""ase_converged"": false, ""converged"": false, ""end_geometry_sha256"": ""cbd43ca890334dce1320c409067fefe6905089f34fd8eb43a9615618d6474574"", ""failure_class"": ""force_threshold"", ""max_force_eV_A"": 0.17781923280603407, ""name"": ""bfgs_standard"", ""start_geometry_sha256"": ""ca2cf59adcf5b43b02e397d1040b601775293554d18e24356b3621facf1de50c"", ""steps"": 100}, {""ase_converged"": false, ""converged"": false, ""end_geometry_sha256"": ""e43d3444434eaaa7bec098ccb275015a67ba1821fbc64479481a4a4f11063848"", ""failure_class"": ""force_threshold"", ""max_force_eV_A"": 0.8021667838573187, ""name"": ""fire_precondition"", ""qualifying"": false, ""start_geometry_sha256"": ""ca2cf59adcf5b43b02e397d1040b601775293554d18e24356b3621facf1de50c"", ""steps"": 50}, {""ase_converged"": true, ""converged"": true, ""end_geometry_sha256"": ""d77791063c05084856f0269ebcf701a0f2364daa6962fe7860197e99ee14f36b"", ""failure_class"": null, ""max_force_eV_A"": 0.07098854601849294, ""name"": ""bfgs_after_fire"", ""start_geometry_sha256"": ""e43d3444434eaaa7bec098ccb275015a67ba1821fbc64479481a4a4f11063848"", ""steps"": 94}]",d77791063c05084856f0269ebcf701a0f2364daa6962fe7860197e99ee14f36b,-5.6550829410552375,True,0.06416246329620504,252.0,100.0,0.08,converged,,bfgs_after_fire,"[{""ase_converged"": false, ""converged"": false, ""end_geometry_sha256"": ""05caf24d8cbf52b644f22977cdec4f74bafaacad081506b87c0959c0a555d991"", ""failure_class"": ""force_threshold"", ""max_force_eV_A"": 4.452859819904662, ""name"": ""bfgs_standard"", ""start_geometry_sha256"": ""5904755d8c1aef845868cf9ee6484ed2bbeb681e330a5d63c3541a64cf8fc735"", ""steps"": 100}, {""ase_converged"": false, ""converged"": false, ""end_geometry_sha256"": ""2f141c6cfe0063187cd02cc4d1fbb4bc12302cc194f9c29bebb314292315e41e"", ""failure_class"": ""force_threshold"", ""max_force_eV_A"": 0.5864543021246873, ""name"": ""fire_precondition"", ""qualifying"": false, ""start_geometry_sha256"": ""5904755d8c1aef845868cf9ee6484ed2bbeb681e330a5d63c3541a64cf8fc735"", ""steps"": 50}, {""ase_converged"": true, ""converged"": true, ""end_geometry_sha256"": ""7b81c6b7a1ba7a22ce86ab6b6ef7f63a155ecc80c5a64c8cde73995eec021470"", ""failure_class"": null, ""max_force_eV_A"": 0.06416246329620504, ""name"": ""bfgs_after_fire"", ""start_geometry_sha256"": ""2f141c6cfe0063187cd02cc4d1fbb4bc12302cc194f9c29bebb314292315e41e"", ""steps"": 102}]",7b81c6b7a1ba7a22ce86ab6b6ef7f63a155ecc80c5a64c8cde73995eec021470,-1.0657760798931264,-3.384826302528296,0.01,candidate,,0.3065290302037553,,-0.4756182526108347,8904349914533.771,1000.0,0.0,True,True,0.902500000035,True,quantitative_screening,0,0,b58bc8d3bd7048649914,False,
"('SAA', 'Au', 'Au', '211', 100)",SAA,True,esen-sm-conserving-all-oc25:relax-v3:pyrolysis-v2,True,0.010808419872258208,9,150,0.08,converged,,bfgs_standard,"[{""ase_converged"": true, ""converged"": true, ""end_geometry_sha256"": ""408eead0c7b8a3bbfc9bd1dcd529c35d8962df05f2ed93c3a2b72ccce5a375ad"", ""failure_class"": null, ""max_force_eV_A"": 0.010808419872258208, ""name"": ""bfgs_standard"", ""start_geometry_sha256"": ""63217a72df14802c3a395c1026f10995effd04b80830367b8924277acc931719"", ""steps"": 9}]",408eead0c7b8a3bbfc9bd1dcd529c35d8962df05f2ed93c3a2b72ccce5a375ad,-211.9849223075597,True,0.07870130749803002,21.0,100.0,0.08,converged,,bfgs_standard,"[{""ase_converged"": true, ""converged"": true, ""end_geometry_sha256"": ""019474ff832e3f62c98f4b37b065ff7bbec37f02ef0cf4afa1ba9ddca607d606"", ""failure_class"": null, ""max_force_eV_A"": 0.07870130749803002, ""name"": ""bfgs_standard"", ""start_geometry_sha256"": ""70c36f2334e21c90b82a0ce7cc7e47b64b1b3181984478bd1a97cb98604b0cf8"", ""steps"": 21}]",019474ff832e3f62c98f4b37b065ff7bbec37f02ef0cf4afa1ba9ddca607d606,0.21120490878820064,True,0.07337080738095157,30.0,100.0,0.08,converged,,bfgs_standard,"[{""ase_converged"": true, ""converged"": true, ""end_geometry_sha256"": ""bbff3b91d4e70253c1378f9bdffd6abea1fc91e4d21b321e36c6fe6ee545c72d"", ""failure_class"": null, ""max_force_eV_A"": 0.07337080738095157, ""name"": ""bfgs_standard"", ""start_geometry_sha256"": ""cedaeb0eb148c96f75307f665ad9fa9de7b706d473b9b1721770e0b759b3e825"", ""steps"": 30}]",bbff3b91d4e70253c1378f9bdffd6abea1fc91e4d21b321e36c6fe6ee545c72d,1.7525637149810542,True,0.06463594295520757,18.0,100.0,0.08,converged,,bfgs_standard,"[{""ase_converged"": true, ""converged"": true, ""end_geometry_sha256"": ""43fd32471324549342d9fd0af474336f20abe9a00dba03f3b415197ee28f43a5"", ""failure_class"": null, ""max_force_eV_A"": 0.06463594295520757, ""name"": ""bfgs_standard"", ""start_geometry_sha256"": ""1b9f99d00bc05886e9d1d03e002ad88c6ff722011bc801920ad4e70f018d7a44"", ""steps"": 18}]",43fd32471324549342d9fd0af474336f20abe9a00dba03f3b415197ee28f43a5,4.235407620668397,4.920177817344637,4.589335141181924,candidate,,3.8129978030919958,,-0.031482322355466864,7.426238113969143e-11,1000.0,-2.0,True,False,0.902500000035,False,quantitative_screening,2,2,21afd3c91fa265aaa24a,False,
"('SAA', 'Au', 'In', '211', 10000)",SAA,True,esen-sm-conserving-all-oc25:relax-v3:pyrolysis-v2,True,0.0453450299647036,12,150,0.08,converged,,bfgs_standard,"[{""ase_converged"": true, ""converged"": true, ""end_geometry_sha256"": ""0253a1e666621a1b87da7fd84bbdf07ae9779d0353280a3ed86e0b0c4a68b7e3"", ""failure_class"": null, ""max_force_eV_A"": 0.0453450299647036, ""name"": ""bfgs_standard"", ""start_geometry_sha256"": ""af78dfe13532d376aeeff0788eff97c10165e2aa4f886811eecc42be0419e962"", ""steps"": 12}]",0253a1e666621a1b87da7fd84bbdf07ae9779d0353280a3ed86e0b0c4a68b7e3,-37.99371881145936,True,0.06371542045173514,60.0,100.0,0.08,converged,,bfgs_standard,"[{""ase_converged"": true, ""converged"": true, ""end_geometry_sha256"": ""0a5685630ef8fd508b6c178b8b44d619d183bd194b8904641898fe907ede629a"", ""failure_class"": null, ""max_force_eV_A"": 0.06371542045173514, ""name"": ""bfgs_standard"", ""start_geometry_sha256"": ""0071c10fb63f31cece5550fc479c2f71a77463a2c552a4b34da4c4b019ef0b75"", ""steps"": 60}]",0a5685630ef8fd508b6c178b8b44d619d183bd194b8904641898fe907ede629a,0.5443572029471362,True,0.06784771025122131,57.0,100.0,0.08,converged,,bfgs_standard,"[{""ase_converged"": true, ""converged"": true, ""end_geometry_sha256"": ""ce7abd545f1a4f80ef603e700acb16d64b36e743c789b8d8a34af0bf9d918f13"", ""failure_class"": null, ""max_force_eV_A"": 0.06784771025122131, ""name"": ""bfgs_standard"", ""start_geometry_sha256"": ""e20dae264fa51fdeb3b08924c644303dca78635f2d831ddfdde09732af013254"", ""steps"": 57}]",ce7abd545f1a4f80ef603e700acb16d64b36e743c789b8d8a34af0bf9d918f13,-1.9885164499282943,True,0.046521274116299645,74.0,100.0,0.08,converged,,bfgs_standard,"[{""ase_converged"": true, ""converged"": true, ""end_geometry_sha256"": ""fd584301c6c02f18407887c77e05296c44246878fad548f7e5806078800f4245"", ""failure_class"": null, ""max_force_eV_A"": 0.046521274116299645, ""name"": ""bfgs_standard"", ""start_geometry_sha256"": ""83e4ca2cc9418a2ca45fd21f97f42d3a2d15de5e837b0c3e1039bc502a2fbc4f"", ""steps"": 74}]",fd584301c6c02f18407887c77e05296c44246878fad548f7e5806078800f4245,3.8444303572177887,1.512249946594224,1.9993099594116104,candidate,,2.7557159513235163,,0.14449205997795928,839.3078418227838,1000.0,-2.0,True,False,0.902500000035,False,quantitative_screening,2,2,0c86e92cdb262442042b,False,
"('SAA', 'Ag', 'Cu', '111', 2000)",SAA,True,esen-sm-conserving-all-oc25:relax-v3:pyrolysis-v2,True,0.07187799211824128,10,150,0.08,converged,,bfgs_standard,"[{""ase_converged"": true, ""converged"": true, ""end_geometry_sha256"": ""3bf80241f436dcbd7fec97e57725028f27a9376f6214423bf954aa5ee1f753fa"", ""failure_class"": null, ""max_force_eV_A"": 0.07187799211824128, ""name"": ""bfgs_standard"", ""start_geometry_sha256"": ""a40b06c8b994ecc6f8b1c140c4af1472b8a6e00b53f5b22125a53ff89ef16c51"", ""steps"": 10}]",3bf80241f436dcbd7fec97e57725028f27a9376f6214423bf954aa5ee1f753fa,-56.27873238469098,True,0.07544248789777477,14.0,100.0,0.08,converged,,bfgs_standard,"[{""ase_converged"": true, ""converged"": true, ""end_geometry_sha256"": ""27e0514f8bd031a62240ed796e121659ae0ebdc5429cea7aa085e69f45dab18d"", ""failure_class"": null, ""max_force_eV_A"": 0.07544248789777477, ""name"": ""bfgs_standard"", ""start_geometry_sha256"": ""cac7b8e719040a65849b1151cf8289aa60678533fc6f3a1350dde4171f9a0a42"", ""steps"": 14}]",27e0514f8bd031a62240ed796e121659ae0ebdc5429cea7aa085e69f45dab18d,-0.22292289882898686,True,0.0756018443091811,269.0,100.0,0.08,converged,,bfgs_after_fire,"[{""ase_converged"": false, ""converged"": false, ""end_geometry_sha256"": ""9e1e5cd5b55197d27fb33c6849d8ba8f52a2d4e6e207cc7f7b8a893ad871600f"", ""failure_class"": ""force_threshold"", ""max_force_eV_A"": 0.5862164441667711, ""name"": ""bfgs_standard"", ""start_geometry_sha256"": ""7030cdb2bf6e376b863b93f962ef5c8681c4331eaab7efb4af1955a54f4e6098"", ""steps"": 100}, {""ase_converged"": false, ""converged"": false, ""end_geometry_sha256"": ""125cd074d9567b8207be84661c0a8446d43b02f1cbfcefdbd0360ab42e60ab5a"", ""failure_class"": ""force_threshold"", ""max_force_eV_A"": 0.5805341040564149, ""name"": ""fire_precondition"", ""qualifying"": false, ""start_geometry_sha256"": ""7030cdb2bf6e376b863b93f962ef5c8681c4331eaab7efb4af1955a54f4e6098"", ""steps"": 50}, {""ase_converged"": true, ""converged"": true, ""end_geometry_sha256"": ""bb8f3ad6383a17260ac4e67765eb2b54a7da2232df3b1e77f886fc881d6a9a42"", ""failure_class"": null, ""max_force_eV_A"": 0.0756018443091811, ""name"": ""bfgs_after_fire"", ""start_geometry_sha256"": ""125cd074d9567b8207be84661c0a8446d43b02f1cbfcefdbd0360ab42e60ab5a"", ""steps"": 119}]",bb8f3ad6383a17260ac4e67765eb2b54a7da2232df3b1e77f886fc881d6a9a42,-0.05679154396058195,True,0.06313557749119499,16.0,100.0,0.08,converged,,bfgs_standard,"[{""ase_converged"": true, ""converged"": true, ""end_geometry_sha256"": ""7c3be662754ddd8815f68fcf5b5dff7cf75bf05207af7b763e47429ad71b0e27"", ""failure_class"": null, ""max_force_eV_A"": 0.06313557749119499, ""name"": ""bfgs_standard"", ""start_geometry_sha256"": ""1bae9d0cfb63b2cad2ecde5ed6a99f4e321d19c8b62cd6c71f2a1dd99ee846cc"", ""steps"": 16}]",7c3be662754ddd8815f68fcf5b5dff7cf75bf05207af7b763e47429ad71b0e27,5.042916804552078,2.676694631576524,2.884287919998158,candidate,,5.488762602210052,,-0.06835660630981337,0.02909568997890478,1000.0,-1.3467874862246565,True,False,0.902500000035,False,quantitative_screening,1,1,be2d6e48b96a8c9d95fb,False,
"('MetalFreeCarbon', 'oxidized', 0.15, 'edge_zigzag', 'carbon_black', 'P')",MetalFreeCarbon,True,esen-sm-conserving-all-oc25:relax-v3:pyrolysis-v2,True,0.07504696126000877,61,150,0.08,converged,,bfgs_standard,"[{""ase_converged"": true, ""converged"": true, ""end_geometry_sha256"": ""63f8a95a8b4c0fc782fe9f93eba4c6c3713e47e02c75016495bc319a69ae60db"", ""failure_class"": null, ""max_force_eV_A"": 0.07504696126000877, ""name"": ""bfgs_standard"", ""start_geometry_sha256"": ""52f4986116adee253ec5ae8d411964e2c47a625f05543674c20aff483c1d9357"", ""steps"": 61}]",63f8a95a8b4c0fc782fe9f93eba4c6c3713e47e02c75016495bc319a69ae60db,-135.8017510916859,True,0.06987459746911902,70.0,100.0,0.08,converged,,bfgs_standard,"[{""ase_converged"": true, ""converged"": true, ""end_geometry_sha256"": ""382376f23fc7ab4c2f2e2555a697572a9c880f88cf509ab0040785be9f690b26"", ""failure_class"": null, ""max_force_eV_A"": 0.06987459746911902, ""name"": ""bfgs_standard"", ""start_geometry_sha256"": ""bc4ae139c0d54253f55c77e5b5969f76b5b814a24d0f3cc8711e0ca3f823ba6a"", ""steps"": 70}]",382376f23fc7ab4c2f2e2555a697572a9c880f88cf509ab0040785be9f690b26,0.21749772876500728,True,0.076199519602153,56.0,100.0,0.08,converged,,bfgs_standard,"[{""ase_converged"": true, ""converged"": true, ""end_geometry_sha256"": ""c67ec9949f1447a5286b521897fa7911dd73dda63c1f93c00ba2833a448ebe79"", ""failure_class"": null, ""max_force_eV_A"": 0.076199519602153, ""name"": ""bfgs_standard"", ""start_geometry_sha256"": ""da4946278cb26a8736ec323d0a8aec3fdfd2d148355c483b52bc25bf1067a7a5"", ""steps"": 56}]",c67ec9949f1447a5286b521897fa7911dd73dda63c1f93c00ba2833a448ebe79,-2.058796167373682,True,0.07725795489678867,81.0,100.0,0.08,converged,,bfgs_standard,"[{""ase_converged"": true, ""converged"": true, ""end_geometry_sha256"": ""053a5619b59e7da74ed57a0790216b923549e93cd473acb08dab882ecfa6dfde"", ""failure_class"": null, ""max_force_eV_A"": 0.07725795489678867, ""name"": ""bfgs_standard"", ""start_geometry_sha256"": ""211dc7d30a830dc0348af4084de39e96e0c8b62c9586f2599165cd36c0797615"", ""steps"": 81}]",053a5619b59e7da74ed57a0790216b923549e93cd473acb08dab882ecfa6dfde,1.8010475933551646,1.1151107549667074,2.590288764238348,candidate,,1.36605213582515,,-0.48663108595379184,0.8821027830192267,1000.0,0.0,True,False,0.27249999999999996,True,quantitative_screening,2,2,0e69928b7555e34b6224,False,
"('MetalFreeCarbon', 'oxidized', 0.2, 'pentagon_heptagon', 'CNT', 'P')",MetalFreeCarbon,False,esen-sm-conserving-all-oc25:relax-v3:pyrolysis-v2,False,43.264952378635996,975,150,0.08,recovery_exhausted,force_threshold,fire_small_step,"[{""ase_converged"": false, ""converged"": false, ""end_geometry_sha256"": ""7bd99e7fe391a4c0c816c3e248eb96545d252398e56598969fee6eff22ce2bd7"", ""failure_class"": ""force_threshold"", ""max_force_eV_A"": 856.6486438449837, ""name"": ""bfgs_standard"", ""start_geometry_sha256"": ""247e9914eafdc8e811b081579b5d7f2268084f3c1f71df29f40265224b05ed82"", ""steps"": 150}, {""ase_converged"": false, ""converged"": false, ""end_geometry_sha256"": ""b82e69348f1ab1cb55d891590e77fa691d6598377dcda93d6f3e824e7af2d2b8"", ""failure_class"": ""force_threshold"", ""max_force_eV_A"": 119.1676307299304, ""name"": ""fire_precondition"", ""qualifying"": false, ""start_geometry_sha256"": ""247e9914eafdc8e811b081579b5d7f2268084f3c1f71df29f40265224b05ed82"", ""steps"": 75}, {""ase_converged"": false, ""converged"": false, ""end_geometry_sha256"": ""f33bc4fff26947f948fa6ece2160361651de91ffbefac48044a74c7f65a765da"", ""failure_class"": ""force_threshold"", ""max_force_eV_A"": 8460.01429717907, ""name"": ""bfgs_after_fire"", ""start_geometry_sha256"": ""b82e69348f1ab1cb55d891590e77fa691d6598377dcda93d6f3e824e7af2d2b8"", ""steps"": 300}, {""ase_converged"": false, ""converged"": false, ""end_geometry_sha256"": ""9657482f59d6233872366a9bb6fdfdc408d836a44ecf428184fca60a914ecbb5"", ""failure_class"": ""force_threshold"", ""max_force_eV_A"": 43.264952378635996, ""name"": ""fire_small_step"", ""start_geometry_sha256"": ""b82e69348f1ab1cb55d891590e77fa691d6598377dcda93d6f3e824e7af2d2b8"", ""steps"": 450}]",9657482f59d6233872366a9bb6fdfdc408d836a44ecf428184fca60a914ecbb5,,,,,,,,,,,,,,,,,,,,,,,,,,,,,,,,,,,,,,,,,,,,,,,,True,validation_required,0,0,739be232254ed6616aba,False,Unconverged clean relaxation: max_force=43.265 eV/A after 975 cumulative recovery steps
"('MetalFreeCarbon', 'mixed_pyridinic_graphitic', 0.02, 'none', 'carbon_black', 'P')",MetalFreeCarbon,False,esen-sm-conserving-all-oc25:relax-v3:pyrolysis-v2,False,36.456365140252764,975,150,0.08,recovery_exhausted,force_threshold,fire_small_step,"[{""ase_converged"": false, ""converged"": false, ""end_geometry_sha256"": ""9240b7095dbae405b48c995f3331f5d4b13bf218390ff8f9e0a327c438ca2e21"", ""failure_class"": ""force_threshold"", ""max_force_eV_A"": 267.45664461005254, ""name"": ""bfgs_standard"", ""start_geometry_sha256"": ""cc5e9e2df9b3a5d747e8f670d37ca7f0332d84d1489d70c76a6eb9eca4dfaca7"", ""steps"": 150}, {""ase_converged"": false, ""converged"": false, ""end_geometry_sha256"": ""5302bb88aedde0ebffed47a99d55444d642cc702a8cda2108b6e1440e82ff70a"", ""failure_class"": ""force_threshold"", ""max_force_eV_A"": 51.320723070679705, ""name"": ""fire_precondition"", ""qualifying"": false, ""start_geometry_sha256"": ""cc5e9e2df9b3a5d747e8f670d37ca7f0332d84d1489d70c76a6eb9eca4dfaca7"", ""steps"": 75}, {""ase_converged"": false, ""converged"": false, ""end_geometry_sha256"": ""819fd0f2739ffec8e8a3266e5bdd1c0cb8813265fd4daccefc1720c4c62ab7c1"", ""failure_class"": ""force_threshold"", ""max_force_eV_A"": 544.7622095281811, ""name"": ""bfgs_after_fire"", ""start_geometry_sha256"": ""5302bb88aedde0ebffed47a99d55444d642cc702a8cda2108b6e1440e82ff70a"", ""steps"": 300}, {""ase_converged"": false, ""converged"": false, ""end_geometry_sha256"": ""6e16eff434713adc8ffaa10934c556b5d3fff5ac29318563d2ae60ce5315df02"", ""failure_class"": ""force_threshold"", ""max_force_eV_A"": 36.456365140252764, ""name"": ""fire_small_step"", ""start_geometry_sha256"": ""5302bb88aedde0ebffed47a99d55444d642cc702a8cda2108b6e1440e82ff70a"", ""steps"": 450}]",6e16eff434713adc8ffaa10934c556b5d3fff5ac29318563d2ae60ce5315df02,,,,,,,,,,,,,,,,,,,,,,,,,,,,,,,,,,,,,,,,,,,,,,,,True,validation_required,1,1,931f8cd93ee8d1c46da5,False,Unconverged clean relaxation: max_force=36.4564 eV/A after 975 cumulative recovery steps
"('MetalFreeCarbon', 'mixed_pyridinic_graphitic', 0.04, 'divacancy', 'CNT', 'P')",MetalFreeCarbon,False,esen-sm-conserving-all-oc25:relax-v3:pyrolysis-v2,False,23.308326758879225,975,150,0.08,recovery_exhausted,force_threshold,fire_precondition,"[{""ase_converged"": false, ""converged"": false, ""end_geometry_sha256"": ""26f061c00d3e103f27f40c0a44281a4ddfa810cf8b3f6796cd45b789908f91d1"", ""failure_class"": ""force_threshold"", ""max_force_eV_A"": 53.306509149614236, ""name"": ""bfgs_standard"", ""start_geometry_sha256"": ""c51c45890f138770e816b9c9740720d01b5a66b8aaa009321c51021b007351d1"", ""steps"": 150}, {""ase_converged"": false, ""converged"": false, ""end_geometry_sha256"": ""7de2dd851fb1adc1b0dd8204ed93be483f1d33715d15d467b59680ced87a1e3c"", ""failure_class"": ""force_threshold"", ""max_force_eV_A"": 23.308326758879225, ""name"": ""fire_precondition"", ""qualifying"": false, ""start_geometry_sha256"": ""c51c45890f138770e816b9c9740720d01b5a66b8aaa009321c51021b007351d1"", ""steps"": 75}, {""ase_converged"": false, ""converged"": false, ""end_geometry_sha256"": ""35ebba3634a140a3f116cb7f61e47b2b207b160e6e0182441478b7673090d7fd"", ""failure_class"": ""force_threshold"", ""max_force_eV_A"": 891.7389416562745, ""name"": ""bfgs_after_fire"", ""start_geometry_sha256"": ""7de2dd851fb1adc1b0dd8204ed93be483f1d33715d15d467b59680ced87a1e3c"", ""steps"": 300}, {""ase_converged"": false, ""converged"": false, ""end_geometry_sha256"": ""e807f7d5db2893366d97e7a9e6c5db5b3d42ce86b0dab5bbc6ec3efc9892853d"", ""failure_class"": ""force_threshold"", ""max_force_eV_A"": 191.34800877102003, ""name"": ""fire_small_step"", ""start_geometry_sha256"": ""7de2dd851fb1adc1b0dd8204ed93be483f1d33715d15d467b59680ced87a1e3c"", ""steps"": 450}]",7de2dd851fb1adc1b0dd8204ed93be483f1d33715d15d467b59680ced87a1e3c,,,,,,,,,,,,,,,,,,,,,,,,,,,,,,,,,,,,,,,,,,,,,,,,True,validation_required,2,2,bac049d0465c20775b87,False,Unconverged clean relaxation: max_force=23.3083 eV/A after 975 cumulative recovery steps
