genome,material_class,valid,screening_protocol,relax_clean_converged,relax_clean_max_force_eV_A,relax_clean_steps,relax_clean_step_limit,relax_clean_fmax_eV_A,relax_clean_termination,relax_clean_failure_class,relax_clean_selected_attempt,relax_clean_attempts_json,relax_clean_geometry_sha256,e_clean,relax_oh_converged,relax_oh_max_force_eV_A,relax_oh_steps,relax_oh_step_limit,relax_oh_fmax_eV_A,relax_oh_termination,relax_oh_failure_class,relax_oh_selected_attempt,relax_oh_attempts_json,relax_oh_geometry_sha256,dG_OH_eV,relax_o_converged,relax_o_max_force_eV_A,relax_o_steps,relax_o_step_limit,relax_o_fmax_eV_A,relax_o_termination,relax_o_failure_class,relax_o_selected_attempt,relax_o_attempts_json,relax_o_geometry_sha256,dG_O_eV,relax_ooh_converged,relax_ooh_max_force_eV_A,relax_ooh_steps,relax_ooh_step_limit,relax_ooh_fmax_eV_A,relax_ooh_termination,relax_ooh_failure_class,relax_ooh_selected_attempt,relax_ooh_attempts_json,relax_ooh_geometry_sha256,dG_OOH_eV,orr_overpotential_V,rate_determining_step,fenton_stability,cost_penalty,fc_viable,binding_strength,model_confidence,needs_dft_validation,candidate_disposition,worker_id,gpu_id,candidate_id,cache_hit,error
"('SolidCatalyst', 'In', 'Mordenite', 'bcc111', -0.0368421052631579, ('Sc', 'Y'), 1, 0)",SolidCatalyst,True,esen-sm-conserving-all-oc25:relax-v3:orr-che-v2,True,0.06580343047067967,61,150,0.08,converged,,bfgs_standard,"[{""ase_converged"": true, ""converged"": true, ""end_geometry_sha256"": ""e594a11cf565cda09c27660dd469cd05bcd67394327d3a103c0d1237cd094f36"", ""failure_class"": null, ""max_force_eV_A"": 0.06580343047067967, ""name"": ""bfgs_standard"", ""start_geometry_sha256"": ""69506cd023839cab9bcf63ad65a6db16799dc98034b533da601becac7b4c11ed"", ""steps"": 61}]",e594a11cf565cda09c27660dd469cd05bcd67394327d3a103c0d1237cd094f36,-92.11808513017859,True,0.07727621346844822,59.0,100.0,0.08,converged,,bfgs_standard,"[{""ase_converged"": true, ""converged"": true, ""end_geometry_sha256"": ""75cd4a4f535c1f74cc3941fa70c817fbdee320d0c78c17edc38044bb17f6c6cd"", ""failure_class"": null, ""max_force_eV_A"": 0.07727621346844822, ""name"": ""bfgs_standard"", ""start_geometry_sha256"": ""d7ea545cb3124af01a72ddcf0765872c2b431354ad25b1b5d3a94edd2d041403"", ""steps"": 59}]",75cd4a4f535c1f74cc3941fa70c817fbdee320d0c78c17edc38044bb17f6c6cd,0.2310090686380863,True,0.05554416997842886,81.0,100.0,0.08,converged,,bfgs_standard,"[{""ase_converged"": true, ""converged"": true, ""end_geometry_sha256"": ""750a23b368f988c031b1d41268570b216f951ec1ec5e2f9ad99299bea6089c0e"", ""failure_class"": null, ""max_force_eV_A"": 0.05554416997842886, ""name"": ""bfgs_standard"", ""start_geometry_sha256"": ""b3bb5c893d5eba64a4b30caab01bd29e33c02ef168bda3bfd3f9fbb808f56cf2"", ""steps"": 81}]",750a23b368f988c031b1d41268570b216f951ec1ec5e2f9ad99299bea6089c0e,0.504248059541019,True,0.07363441677238033,78.0,100.0,0.08,converged,,bfgs_standard,"[{""ase_converged"": true, ""converged"": true, ""end_geometry_sha256"": ""3a172a34982a82c38f335d5ffb42504c074a905165d441abb4b253f60d82ee36"", ""failure_class"": null, ""max_force_eV_A"": 0.07363441677238033, ""name"": ""bfgs_standard"", ""start_geometry_sha256"": ""588271a533df11fe7bb14788ea790014d4222a065f44a26b5fccc9b32a20ec85"", ""steps"": 78}]",3a172a34982a82c38f335d5ffb42504c074a905165d441abb4b253f60d82ee36,3.478203724324735,0.9979909313619137,step_4_H2O,10.0,-0.49408224708524573,True,0.7352571281791054,0.9675000000349999,False,quantitative_screening,1,1,c9c9e545e2801a09e244,False,
"('SolidCatalyst', 'Sb', 'ZrO2', 'bcc100', 0.08947368421052632, ('La', 'Y'), 1, 0)",SolidCatalyst,True,esen-sm-conserving-all-oc25:relax-v3:orr-che-v2,True,0.07995519429398362,147,150,0.08,converged,,bfgs_standard,"[{""ase_converged"": true, ""converged"": true, ""end_geometry_sha256"": ""c646dec572993df243109716ee590edd69b1cd661e9e01dccf589e9ac60cc08a"", ""failure_class"": null, ""max_force_eV_A"": 0.07995519429398362, ""name"": ""bfgs_standard"", ""start_geometry_sha256"": ""4b40678ebda6ec5749970a07893d7c4755dd2429210c1dbe78a27429ce1f92a6"", ""steps"": 147}]",c646dec572993df243109716ee590edd69b1cd661e9e01dccf589e9ac60cc08a,-145.8956163960316,True,0.07869477650528794,201.0,100.0,0.08,converged,,bfgs_after_fire,"[{""ase_converged"": false, ""converged"": false, ""end_geometry_sha256"": ""0d347c38f636514d317273c9db42237695a84eed656e541ec06f59da23107ff8"", ""failure_class"": ""force_threshold"", ""max_force_eV_A"": 0.18655202083547748, ""name"": ""bfgs_standard"", ""start_geometry_sha256"": ""555872c8e22c717ce05217b6b0685073a8a3470b3b31c3c55c4f8c885d17de18"", ""steps"": 100}, {""ase_converged"": false, ""converged"": false, ""end_geometry_sha256"": ""f8f3de6b563e4d3910f9e8a057bf279d661352c94b07ef78ecf319577af40538"", ""failure_class"": ""force_threshold"", ""max_force_eV_A"": 0.9358610794160593, ""name"": ""fire_precondition"", ""qualifying"": false, ""start_geometry_sha256"": ""555872c8e22c717ce05217b6b0685073a8a3470b3b31c3c55c4f8c885d17de18"", ""steps"": 50}, {""ase_converged"": true, ""converged"": true, ""end_geometry_sha256"": ""f2b3f973453eb8b513201152a1ed7253269fd28cf75469b3a72d752bbd423b5d"", ""failure_class"": null, ""max_force_eV_A"": 0.07869477650528794, ""name"": ""bfgs_after_fire"", ""start_geometry_sha256"": ""f8f3de6b563e4d3910f9e8a057bf279d661352c94b07ef78ecf319577af40538"", ""steps"": 51}]",f2b3f973453eb8b513201152a1ed7253269fd28cf75469b3a72d752bbd423b5d,1.311337533146143,True,0.07998836390623378,37.0,100.0,0.08,converged,,bfgs_standard,"[{""ase_converged"": true, ""converged"": true, ""end_geometry_sha256"": ""4862b4582b3c0e383fcce4d86ac8058e2f989deb7a74406a4312ccd9d0327770"", ""failure_class"": null, ""max_force_eV_A"": 0.07998836390623378, ""name"": ""bfgs_standard"", ""start_geometry_sha256"": ""fae21c3a3a68435d022c1f8d64842ad9ca9ee94b24f83d4ef7b030f49544efac"", ""steps"": 37}]",4862b4582b3c0e383fcce4d86ac8058e2f989deb7a74406a4312ccd9d0327770,0.9350275166332758,True,0.0760124897500021,213.0,100.0,0.08,converged,,bfgs_after_fire,"[{""ase_converged"": false, ""converged"": false, ""end_geometry_sha256"": ""4d8a73c1cdab4b146e176d5b22e2b40d600bed7f70c1d90ac91679a1b8764c29"", ""failure_class"": ""force_threshold"", ""max_force_eV_A"": 0.18256509553580552, ""name"": ""bfgs_standard"", ""start_geometry_sha256"": ""64a4a5d3b6f9ee7d0dfa6ff78381b2592ef6f778f7cf537fdb199d789c16851e"", ""steps"": 100}, {""ase_converged"": false, ""converged"": false, ""end_geometry_sha256"": ""ceb7871a046f6fd719cfecb71acb02b4b1541447c33017d0d2d488870786dc2c"", ""failure_class"": ""force_threshold"", ""max_force_eV_A"": 1.014011223270846, ""name"": ""fire_precondition"", ""qualifying"": false, ""start_geometry_sha256"": ""64a4a5d3b6f9ee7d0dfa6ff78381b2592ef6f778f7cf537fdb199d789c16851e"", ""steps"": 50}, {""ase_converged"": true, ""converged"": true, ""end_geometry_sha256"": ""c4553f948e90e1f1922da2bff2c6556b89e369bee79fbaebfac1b5da36e048bd"", ""failure_class"": null, ""max_force_eV_A"": 0.0760124897500021, ""name"": ""bfgs_after_fire"", ""start_geometry_sha256"": ""ceb7871a046f6fd719cfecb71acb02b4b1541447c33017d0d2d488870786dc2c"", ""steps"": 63}]",c4553f948e90e1f1922da2bff2c6556b89e369bee79fbaebfac1b5da36e048bd,1.3281108841300044,1.6053100165128673,step_3_OH,10.0,-0.3929276382877549,True,2.2463650497794188,0.9127014328916923,False,quantitative_screening,2,2,64be186f3917476007f8,False,
"('SolidCatalyst', 'Bi', 'MoO3', 'bcc100', 0.01578947368421052, ('Sc', 'Y'), 1, 0)",SolidCatalyst,True,esen-sm-conserving-all-oc25:relax-v3:orr-che-v2,True,0.061890032449983055,30,150,0.08,converged,,bfgs_standard,"[{""ase_converged"": true, ""converged"": true, ""end_geometry_sha256"": ""37cc3cb7c029aec0ec908c21d70fcf62956820900a98cdb605383dc8f3dc9766"", ""failure_class"": null, ""max_force_eV_A"": 0.061890032449983055, ""name"": ""bfgs_standard"", ""start_geometry_sha256"": ""99ad85afee146d7687e83a8551291a7caf956cd60f805c7057722e186fcf4361"", ""steps"": 30}]",37cc3cb7c029aec0ec908c21d70fcf62956820900a98cdb605383dc8f3dc9766,-137.87188951744966,True,0.05651872251722776,15.0,100.0,0.08,converged,,bfgs_standard,"[{""ase_converged"": true, ""converged"": true, ""end_geometry_sha256"": ""77c376b7bea7138ac8680e4f8de17747979e7578671e32d8b1c096c7a6865d8d"", ""failure_class"": null, ""max_force_eV_A"": 0.05651872251722776, ""name"": ""bfgs_standard"", ""start_geometry_sha256"": ""fecd8507a6bc722c10971325467a4853da75c1c29c535040ce5ca2f2895f1786"", ""steps"": 15}]",77c376b7bea7138ac8680e4f8de17747979e7578671e32d8b1c096c7a6865d8d,1.3091228629648686,True,0.0794891785186516,29.0,100.0,0.08,converged,,bfgs_standard,"[{""ase_converged"": true, ""converged"": true, ""end_geometry_sha256"": ""9b73905a106aeea81b09e2031fca045a57d282bf4b5e42399d89c395b27d961d"", ""failure_class"": null, ""max_force_eV_A"": 0.0794891785186516, ""name"": ""bfgs_standard"", ""start_geometry_sha256"": ""e83dee13441bd30a1d6ec79a40d8534f0c3182f97b950a9ef09c9607c9ac702a"", ""steps"": 29}]",9b73905a106aeea81b09e2031fca045a57d282bf4b5e42399d89c395b27d961d,1.969611562043432,True,0.07972639533554614,44.0,100.0,0.08,converged,,bfgs_standard,"[{""ase_converged"": true, ""converged"": true, ""end_geometry_sha256"": ""3bdfd6763848331c2ed31a4040160a72c707881761665eb543ad93e190f03277"", ""failure_class"": null, ""max_force_eV_A"": 0.07972639533554614, ""name"": ""bfgs_standard"", ""start_geometry_sha256"": ""11ece7cd19f909e52773e32daca1674f5203e62ff0dd2a888755af8c88ff8960"", ""steps"": 44}]",3bdfd6763848331c2ed31a4040160a72c707881761665eb543ad93e190f03277,3.91931814998383,0.5685113009214366,step_3_OH,10.0,-1.4906489282053084,True,3.2787344250083006,0.9675000000349999,False,quantitative_screening,0,0,c5ff7c76b01a7881f4ba,False,
"('SolidCatalyst', 'Bi', 'NiP', 'fcc111', -0.026315789473684223, ('Y', 'Li'), 1, 0)",SolidCatalyst,True,esen-sm-conserving-all-oc25:relax-v3:orr-che-v2,True,0.06784708461286686,113,150,0.08,converged,,bfgs_standard,"[{""ase_converged"": true, ""converged"": true, ""end_geometry_sha256"": ""2841410e1e4888aa221f0e122bf8da6d36a0aacdf12572425919d00a1cb037cf"", ""failure_class"": null, ""max_force_eV_A"": 0.06784708461286686, ""name"": ""bfgs_standard"", ""start_geometry_sha256"": ""998ee17edb6eb1bedded094fd5c29f58f66e2cfbd2c06aea3dbe8575821ab7b3"", ""steps"": 113}]",2841410e1e4888aa221f0e122bf8da6d36a0aacdf12572425919d00a1cb037cf,-135.03507952189145,True,0.06219711469926253,42.0,100.0,0.08,converged,,bfgs_standard,"[{""ase_converged"": true, ""converged"": true, ""end_geometry_sha256"": ""9dec180c8545fb48b86451b311217dd404c1da6b23aa3548f6e006adcf346cff"", ""failure_class"": null, ""max_force_eV_A"": 0.06219711469926253, ""name"": ""bfgs_standard"", ""start_geometry_sha256"": ""1a3d5d8b65e6357edfe5a9c3971e6352c37282c7bfd1a201f9c16837ecf8fde3"", ""steps"": 42}]",9dec180c8545fb48b86451b311217dd404c1da6b23aa3548f6e006adcf346cff,0.9811533118784144,True,0.07822812832728414,26.0,100.0,0.08,converged,,bfgs_standard,"[{""ase_converged"": true, ""converged"": true, ""end_geometry_sha256"": ""5e5cb19c23ec98dd52a010c728f5be5bab2d2bf97e6a8475a039c35283292d23"", ""failure_class"": null, ""max_force_eV_A"": 0.07822812832728414, ""name"": ""bfgs_standard"", ""start_geometry_sha256"": ""bf56f7f1bdce4561fb40c86ea62e94c4552f906ee53503e734c8f23ca682bebb"", ""steps"": 26}]",5e5cb19c23ec98dd52a010c728f5be5bab2d2bf97e6a8475a039c35283292d23,2.0545567639171827,True,0.06926287104537138,45.0,100.0,0.08,converged,,bfgs_standard,"[{""ase_converged"": true, ""converged"": true, ""end_geometry_sha256"": ""b76d136352b8146c1fe973a533a1e71dab23888673e9f493d4658d79137da6c4"", ""failure_class"": null, ""max_force_eV_A"": 0.06926287104537138, ""name"": ""bfgs_standard"", ""start_geometry_sha256"": ""3954e9e70e5403968197a6475bdc42b54e625ca1c06df6c241302895a122acfb"", ""steps"": 45}]",b76d136352b8146c1fe973a533a1e71dab23888673e9f493d4658d79137da6c4,4.153449486196017,0.4624494861960171,step_1_OOH,10.0,-1.5182440516441253,True,3.0357100757955973,0.9127014328916923,False,quantitative_screening,0,0,70ae1388a6ffefcf1643,False,
"('SAC', 'In', 'N2B2', 'N-CNT', 'H2O')",SAC,False,esen-sm-conserving-all-oc25:relax-v3:orr-che-v2,True,0.07748467221929452,46,150,0.08,converged,,bfgs_standard,"[{""ase_converged"": true, ""converged"": true, ""end_geometry_sha256"": ""0736f233ffa59f78562d428d7dc27868dc17bcbb9a7eca86c7a0620e0d6a78d3"", ""failure_class"": null, ""max_force_eV_A"": 0.07748467221929452, ""name"": ""bfgs_standard"", ""start_geometry_sha256"": ""df7830f0205d8824703f02f1289282f57387edd2f1a87d64c586e4d15c27bfd5"", ""steps"": 46}]",0736f233ffa59f78562d428d7dc27868dc17bcbb9a7eca86c7a0620e0d6a78d3,-133.72188125072202,False,,0.0,100.0,0.08,invalid_initial_geometry,atomic_overlap,none,[],7bf5013822afcd20413ae5e3480967772e8a71ef9a10a096b104a432a1220ee3,,,,,,,,,,,,,,,,,,,,,,,,,,,,,,,True,validation_required,1,1,2cde4d2dce1f57d7da2d,False,Invalid oh initial geometry: atomic_overlap
"('SAC', 'Sb', 'N4', 'N-mesoporous_carbon', 'none')",SAC,True,esen-sm-conserving-all-oc25:relax-v3:orr-che-v2,True,0.06811390048980578,87,150,0.08,converged,,bfgs_standard,"[{""ase_converged"": true, ""converged"": true, ""end_geometry_sha256"": ""ca9728bc8f26a884037e7f5bb715361cdba707093488e66cca15cbccd907f8bf"", ""failure_class"": null, ""max_force_eV_A"": 0.06811390048980578, ""name"": ""bfgs_standard"", ""start_geometry_sha256"": ""e4ec93cec0761d30b0b411320ff46d9dd0e426e82471c15cea80ccf628a15cc7"", ""steps"": 87}]",ca9728bc8f26a884037e7f5bb715361cdba707093488e66cca15cbccd907f8bf,-130.41778439726968,True,0.06381980884343857,62.0,100.0,0.08,converged,,bfgs_standard,"[{""ase_converged"": true, ""converged"": true, ""end_geometry_sha256"": ""fd8a53cb5c947b82cf164d22db4c09db9847e981d5ed4f8a4f81bc518ac9c8d0"", ""failure_class"": null, ""max_force_eV_A"": 0.06381980884343857, ""name"": ""bfgs_standard"", ""start_geometry_sha256"": ""960c9268d1b3fd7583b3d66dd5a82871f20738e924c7a5ed54792e45b113dd8d"", ""steps"": 62}]",fd8a53cb5c947b82cf164d22db4c09db9847e981d5ed4f8a4f81bc518ac9c8d0,0.8159092094004154,True,0.07970238064736512,60.0,100.0,0.08,converged,,bfgs_standard,"[{""ase_converged"": true, ""converged"": true, ""end_geometry_sha256"": ""1a388843304ae5144b787bb037965e17e068c2b0801f2d0c93ec90840f1a5b70"", ""failure_class"": null, ""max_force_eV_A"": 0.07970238064736512, ""name"": ""bfgs_standard"", ""start_geometry_sha256"": ""e7893caca7eb1d8ba7e235e23da09de8c09231e2536c46eb4e0d133f2ee15b56"", ""steps"": 60}]",1a388843304ae5144b787bb037965e17e068c2b0801f2d0c93ec90840f1a5b70,0.1285380490124261,True,0.06340362803432174,59.0,100.0,0.08,converged,,bfgs_standard,"[{""ase_converged"": true, ""converged"": true, ""end_geometry_sha256"": ""9cbab2fed5fe5b2aca26904a7272d6f471b898a2c07e5af6edcb7f0594546c0c"", ""failure_class"": null, ""max_force_eV_A"": 0.06340362803432174, ""name"": ""bfgs_standard"", ""start_geometry_sha256"": ""791f9010361cbb98fa2335530c285cb5789032255049a9e0a70ae62d0a4e0c3c"", ""steps"": 59}]",9cbab2fed5fe5b2aca26904a7272d6f471b898a2c07e5af6edcb7f0594546c0c,3.9396213993430176,1.9163711603879894,step_3_OH,10.0,-2.0,True,0.9444472584128416,0.610000000035,False,quantitative_screening,1,1,f7ee8e654f767a7f896c,False,
"('SAC', 'Bi', 'N3B', 'Phosphorene', 'Cl')",SAC,True,esen-sm-conserving-all-oc25:relax-v3:orr-che-v2,True,0.07730054791331135,63,150,0.08,converged,,bfgs_standard,"[{""ase_converged"": true, ""converged"": true, ""end_geometry_sha256"": ""82b540c0c6d3250309f9a9a5596194f27efd39ed52deaf05f6510c86ce95c495"", ""failure_class"": null, ""max_force_eV_A"": 0.07730054791331135, ""name"": ""bfgs_standard"", ""start_geometry_sha256"": ""fe96b8ac68aaf31b3ba3a4a1559187dc73e90d41598e6c78e9efb8ab0069d0d7"", ""steps"": 63}]",82b540c0c6d3250309f9a9a5596194f27efd39ed52deaf05f6510c86ce95c495,-129.65620895465938,True,0.07721423142295791,64.0,100.0,0.08,converged,,bfgs_standard,"[{""ase_converged"": true, ""converged"": true, ""end_geometry_sha256"": ""8871536a21e47c558c604eedcd6eff83af75655c93d0ae2a212f127917a5fd3e"", ""failure_class"": null, ""max_force_eV_A"": 0.07721423142295791, ""name"": ""bfgs_standard"", ""start_geometry_sha256"": ""c74a850e198a568254c41a978acc30840973c0a7a94c38c325eaddedd82a2f73"", ""steps"": 64}]",8871536a21e47c558c604eedcd6eff83af75655c93d0ae2a212f127917a5fd3e,0.12851244464516637,True,0.06590378850877168,47.0,100.0,0.08,converged,,bfgs_standard,"[{""ase_converged"": true, ""converged"": true, ""end_geometry_sha256"": ""4e6a9f5db4d8dea2cd53520dc6e4055336b1dc8a9642db1a7c817efb736d10cc"", ""failure_class"": null, ""max_force_eV_A"": 0.06590378850877168, ""name"": ""bfgs_standard"", ""start_geometry_sha256"": ""177e1662d60a9311127c13f9bd71aa598214f9b595dc1ccc7b0abbde1536398a"", ""steps"": 47}]",4e6a9f5db4d8dea2cd53520dc6e4055336b1dc8a9642db1a7c817efb736d10cc,2.152787841111425,True,0.06991929622360964,51.0,100.0,0.08,converged,,bfgs_standard,"[{""ase_converged"": true, ""converged"": true, ""end_geometry_sha256"": ""aa8250f579f31bceb9eb9db4e6c21e356ca2b00b4f25f93c2961b1c708e58e5f"", ""failure_class"": null, ""max_force_eV_A"": 0.06991929622360964, ""name"": ""bfgs_standard"", ""start_geometry_sha256"": ""afe9e711ed4fc1cad905dfff9170c51a22151411325dfbeeebd87bfa0654d1bf"", ""steps"": 51}]",aa8250f579f31bceb9eb9db4e6c21e356ca2b00b4f25f93c2961b1c708e58e5f,1.0811631187796626,2.3006247223317624,step_2_O,10.0,-2.0,True,2.281300285756591,0.610000000035,False,quantitative_screening,0,0,1056eb99a29b2ddd46c7,False,
"('SAC', 'Bi', 'S4', 'N-mesoporous_carbon', 'CO')",SAC,False,esen-sm-conserving-all-oc25:relax-v3:orr-che-v2,True,0.06865107576282417,85,150,0.08,converged,,bfgs_standard,"[{""ase_converged"": true, ""converged"": true, ""end_geometry_sha256"": ""3594ad7e2358ff167e9fa1c7a3af1f6d4c493b0a355a1f98f9c6e01da33aa745"", ""failure_class"": null, ""max_force_eV_A"": 0.06865107576282417, ""name"": ""bfgs_standard"", ""start_geometry_sha256"": ""54bb15749c7827771e148b5146b6d7cd4258356c780f9f037000c7c59535c436"", ""steps"": 85}]",3594ad7e2358ff167e9fa1c7a3af1f6d4c493b0a355a1f98f9c6e01da33aa745,-135.06285414239457,False,,0.0,100.0,0.08,invalid_initial_geometry,atomic_overlap,none,[],f859678b0cea87e143cc65eb129dffed1590b6fd874e2351ff5be89e575c973b,,,,,,,,,,,,,,,,,,,,,,,,,,,,,,,True,validation_required,0,0,b22696e869393b1bdf91,False,Invalid oh initial geometry: atomic_overlap
"('DAC', 'In', 'Ga', 'N6', 'BN_sheet')",DAC,False,esen-sm-conserving-all-oc25:relax-v3:orr-che-v2,False,14.600057940143872,975,150,0.08,recovery_exhausted,force_threshold,fire_precondition,"[{""ase_converged"": false, ""converged"": false, ""end_geometry_sha256"": ""0b362ee7d79db53058bc7657e891ff229485789539f1c6e1b0028f474df074b7"", ""failure_class"": ""force_threshold"", ""max_force_eV_A"": 635.0465148668405, ""name"": ""bfgs_standard"", ""start_geometry_sha256"": ""7cb2878e53b9deb8e76cfc245ac2a7d7b2341a719735f8cb46ebdabfea6f510a"", ""steps"": 150}, {""ase_converged"": false, ""converged"": false, ""end_geometry_sha256"": ""8a6ce3593ea1f8851dadc25aba1dea2a5cfc36e6121410b195e80f0bb73054f7"", ""failure_class"": ""force_threshold"", ""max_force_eV_A"": 14.600057940143872, ""name"": ""fire_precondition"", ""qualifying"": false, ""start_geometry_sha256"": ""7cb2878e53b9deb8e76cfc245ac2a7d7b2341a719735f8cb46ebdabfea6f510a"", ""steps"": 75}, {""ase_converged"": false, ""converged"": false, ""end_geometry_sha256"": ""1e104269ce44280d196222a56227a11a4892772d207aa1b10d6d5efbd708eb91"", ""failure_class"": ""force_threshold"", ""max_force_eV_A"": 15954.994841741001, ""name"": ""bfgs_after_fire"", ""start_geometry_sha256"": ""8a6ce3593ea1f8851dadc25aba1dea2a5cfc36e6121410b195e80f0bb73054f7"", ""steps"": 300}, {""ase_converged"": false, ""converged"": false, ""end_geometry_sha256"": ""939d583ff7c75796306276655da2d1be5388fc0e19bf6fe53dfe442da645d67e"", ""failure_class"": ""force_threshold"", ""max_force_eV_A"": 23.583291273862557, ""name"": ""fire_small_step"", ""start_geometry_sha256"": ""8a6ce3593ea1f8851dadc25aba1dea2a5cfc36e6121410b195e80f0bb73054f7"", ""steps"": 450}]",8a6ce3593ea1f8851dadc25aba1dea2a5cfc36e6121410b195e80f0bb73054f7,,,,,,,,,,,,,,,,,,,,,,,,,,,,,,,,,,,,,,,,,,True,validation_required,1,1,1b785cd9d2ecfb7ef1b0,False,Unconverged clean relaxation: max_force=14.6001 eV/A after 975 cumulative recovery steps
"('DAC', 'Sb', 'Ti', 'N4C2', 'N-carbon_black')",DAC,False,esen-sm-conserving-all-oc25:relax-v3:orr-che-v2,False,11.15943019334011,975,150,0.08,recovery_exhausted,force_threshold,fire_small_step,"[{""ase_converged"": false, ""converged"": false, ""end_geometry_sha256"": ""e4e01183db0f07dcb55c59a17d4d930fd510f02f0c5af5393c49570c9086a75a"", ""failure_class"": ""force_threshold"", ""max_force_eV_A"": 15.605790303768554, ""name"": ""bfgs_standard"", ""start_geometry_sha256"": ""fc192f19a31b5a41c58ced884be09de5ad63616b5e95259c69b5dd396962f45f"", ""steps"": 150}, {""ase_converged"": false, ""converged"": false, ""end_geometry_sha256"": ""083ffb1221b9718380fa8da9a5453702f64ba0e45dffd75a5c3e043e35d27a18"", ""failure_class"": ""force_threshold"", ""max_force_eV_A"": 36.54673138747937, ""name"": ""fire_precondition"", ""qualifying"": false, ""start_geometry_sha256"": ""fc192f19a31b5a41c58ced884be09de5ad63616b5e95259c69b5dd396962f45f"", ""steps"": 75}, {""ase_converged"": false, ""converged"": false, ""end_geometry_sha256"": ""563cf7b1513df9ea0e33af5e82c4134708230ae5552870e0dbc0120cf178a603"", ""failure_class"": ""force_threshold"", ""max_force_eV_A"": 883.7314945787979, ""name"": ""bfgs_after_fire"", ""start_geometry_sha256"": ""083ffb1221b9718380fa8da9a5453702f64ba0e45dffd75a5c3e043e35d27a18"", ""steps"": 300}, {""ase_converged"": false, ""converged"": false, ""end_geometry_sha256"": ""05dc2c7e17b7eba4d9245d13b56a9a887e1b9b4aa637a8642a3c6aed7e99858f"", ""failure_class"": ""force_threshold"", ""max_force_eV_A"": 11.15943019334011, ""name"": ""fire_small_step"", ""start_geometry_sha256"": ""e4e01183db0f07dcb55c59a17d4d930fd510f02f0c5af5393c49570c9086a75a"", ""steps"": 450}]",05dc2c7e17b7eba4d9245d13b56a9a887e1b9b4aa637a8642a3c6aed7e99858f,,,,,,,,,,,,,,,,,,,,,,,,,,,,,,,,,,,,,,,,,,True,validation_required,2,2,7a05c715205583be522c,False,Unconverged clean relaxation: max_force=11.1594 eV/A after 975 cumulative recovery steps
"('DAC', 'Bi', 'Cu', 'N3SN3', 'BN_sheet')",DAC,False,esen-sm-conserving-all-oc25:relax-v3:orr-che-v2,False,24.21839915210106,975,150,0.08,recovery_exhausted,force_threshold,fire_small_step,"[{""ase_converged"": false, ""converged"": false, ""end_geometry_sha256"": ""b4d4e44ccd3e4fae042d58c2b38db53ee1b31326aa796f7a2b5814f57ffa9174"", ""failure_class"": ""force_threshold"", ""max_force_eV_A"": 471.7482451577725, ""name"": ""bfgs_standard"", ""start_geometry_sha256"": ""fcb004d65dcff1040f0341b6b4dc54dc20f68d887dc5ca7d4e0b58353f268931"", ""steps"": 150}, {""ase_converged"": false, ""converged"": false, ""end_geometry_sha256"": ""018d612275a06513142d7eb91722f8b67897bb6de4d867d79a8f111002de2cac"", ""failure_class"": ""force_threshold"", ""max_force_eV_A"": 32.985817347133754, ""name"": ""fire_precondition"", ""qualifying"": false, ""start_geometry_sha256"": ""fcb004d65dcff1040f0341b6b4dc54dc20f68d887dc5ca7d4e0b58353f268931"", ""steps"": 75}, {""ase_converged"": false, ""converged"": false, ""end_geometry_sha256"": ""873be6beaec9b0a6cd304b06288c9998ca05de4b4187a4a317f657fe757dc0a3"", ""failure_class"": ""force_threshold"", ""max_force_eV_A"": 258.04703260342836, ""name"": ""bfgs_after_fire"", ""start_geometry_sha256"": ""018d612275a06513142d7eb91722f8b67897bb6de4d867d79a8f111002de2cac"", ""steps"": 300}, {""ase_converged"": false, ""converged"": false, ""end_geometry_sha256"": ""7e911821b5b0519407cf5d0054dbf4b35eb16f4d0f34aaff3fbf4db58ba64d7d"", ""failure_class"": ""force_threshold"", ""max_force_eV_A"": 24.21839915210106, ""name"": ""fire_small_step"", ""start_geometry_sha256"": ""018d612275a06513142d7eb91722f8b67897bb6de4d867d79a8f111002de2cac"", ""steps"": 450}]",7e911821b5b0519407cf5d0054dbf4b35eb16f4d0f34aaff3fbf4db58ba64d7d,,,,,,,,,,,,,,,,,,,,,,,,,,,,,,,,,,,,,,,,,,True,validation_required,0,0,ca9e9eb21f482d6ab34f,False,Unconverged clean relaxation: max_force=24.2184 eV/A after 975 cumulative recovery steps
"('DAC', 'Bi', 'Gd', 'N3BN3', 'N-porous_carbon')",DAC,False,esen-sm-conserving-all-oc25:relax-v3:orr-che-v2,True,0.0777452500132761,137,150,0.08,converged,,bfgs_standard,"[{""ase_converged"": true, ""converged"": true, ""end_geometry_sha256"": ""28b3f6f7fc8a3a350449be6dab309c63bbffbac76b44a677e24a6b5cf86463b7"", ""failure_class"": null, ""max_force_eV_A"": 0.0777452500132761, ""name"": ""bfgs_standard"", ""start_geometry_sha256"": ""df5fac45d12f6f74903752d9494f722f7ccb3a98c1c6ccca8544b4951863fb07"", ""steps"": 137}]",28b3f6f7fc8a3a350449be6dab309c63bbffbac76b44a677e24a6b5cf86463b7,-131.49463397709303,False,,0.0,100.0,0.08,invalid_initial_geometry,atomic_overlap,none,[],4ddde35c3e2cf757adb58d67f2f44bd800a7633f887bc63d868ee280d3d245a4,,,,,,,,,,,,,,,,,,,,,,,,,,,,,,,True,validation_required,0,0,4696d75d3ebff60ad8d3,False,Invalid oh initial geometry: atomic_overlap
"('MOF', 'Mg', 'DOBDC', 'N2P2', 10.0)",MOF,True,esen-sm-conserving-all-oc25:relax-v3:orr-che-v2,True,0.05991529577959362,93,150,0.08,converged,,bfgs_standard,"[{""ase_converged"": true, ""converged"": true, ""end_geometry_sha256"": ""5d6ea65ff6ca5e04096e58c4138a5cc4b7373a2d6960f05db3cc7b5c0937ea93"", ""failure_class"": null, ""max_force_eV_A"": 0.05991529577959362, ""name"": ""bfgs_standard"", ""start_geometry_sha256"": ""f1cea60927d43a3a1a4155e536ad4f90784475b498c3d1788b7493f0c1ef9668"", ""steps"": 93}]",5d6ea65ff6ca5e04096e58c4138a5cc4b7373a2d6960f05db3cc7b5c0937ea93,-121.7564751862443,True,0.05645827353664751,79.0,100.0,0.08,converged,,bfgs_standard,"[{""ase_converged"": true, ""converged"": true, ""end_geometry_sha256"": ""104878a6949b8e93a997ea75549efccf93c9babedcb4bad74721150f4261fd73"", ""failure_class"": null, ""max_force_eV_A"": 0.05645827353664751, ""name"": ""bfgs_standard"", ""start_geometry_sha256"": ""234d00908b7ca00c9b7bb04cabf17a8f8fcca6fabf2925a4ff57f79f7ed068d5"", ""steps"": 79}]",104878a6949b8e93a997ea75549efccf93c9babedcb4bad74721150f4261fd73,0.6151374007761479,True,0.06525176651840812,38.0,100.0,0.08,converged,,bfgs_standard,"[{""ase_converged"": true, ""converged"": true, ""end_geometry_sha256"": ""e15a36a6c626c252d5e86f9db849d688b0128f6f0158bbdb35d04207e9e9ed04"", ""failure_class"": null, ""max_force_eV_A"": 0.06525176651840812, ""name"": ""bfgs_standard"", ""start_geometry_sha256"": ""559df424ea5700f26ebba427361d455a258dd0a957a77148b5e2006d8a8ce826"", ""steps"": 38}]",e15a36a6c626c252d5e86f9db849d688b0128f6f0158bbdb35d04207e9e9ed04,2.8848466046154533,True,0.07327038563531811,284.0,100.0,0.08,converged,,bfgs_after_fire,"[{""ase_converged"": false, ""converged"": false, ""end_geometry_sha256"": ""ddc392f47e8996d8244ed7fd2a2fcbff14db311aa3dc7f6b208c54ba7e25933c"", ""failure_class"": ""force_threshold"", ""max_force_eV_A"": 1.3846203770246717, ""name"": ""bfgs_standard"", ""start_geometry_sha256"": ""857579054cc71dcb00a0fbf2302fbd265d0f2e756c9b782a936c841517ee787d"", ""steps"": 100}, {""ase_converged"": false, ""converged"": false, ""end_geometry_sha256"": ""1057bc3286f07cd3dbe8ed87d6221fa2ac66e44c7f0cb320865366fff558f41c"", ""failure_class"": ""force_threshold"", ""max_force_eV_A"": 0.7816710158439865, ""name"": ""fire_precondition"", ""qualifying"": false, ""start_geometry_sha256"": ""857579054cc71dcb00a0fbf2302fbd265d0f2e756c9b782a936c841517ee787d"", ""steps"": 50}, {""ase_converged"": true, ""converged"": true, ""end_geometry_sha256"": ""4d19bafd9da4ea3b6538abee3a45f5bf60337c9870633449a3afc3d8268cd485"", ""failure_class"": null, ""max_force_eV_A"": 0.07327038563531811, ""name"": ""bfgs_after_fire"", ""start_geometry_sha256"": ""1057bc3286f07cd3dbe8ed87d6221fa2ac66e44c7f0cb320865366fff558f41c"", ""steps"": 134}]",4d19bafd9da4ea3b6538abee3a45f5bf60337c9870633449a3afc3d8268cd485,0.13885731548071265,3.0,step_2_O,10.0,0.0,True,3.4999840053916014,0.34000000003499997,True,quantitative_screening,2,2,c35ed52341b687b41fa4,False,
"('MOF', 'Ca', 'BTB', 'N2O2', 20.0)",MOF,True,esen-sm-conserving-all-oc25:relax-v3:orr-che-v2,True,0.07851002633698996,555,150,0.08,converged,,fire_small_step,"[{""ase_converged"": false, ""converged"": false, ""end_geometry_sha256"": ""390a975fb127981ef1ec1169e003597afe03c28c9cefc5a954161278b6a4b075"", ""failure_class"": ""force_threshold"", ""max_force_eV_A"": 3.172970842939281, ""name"": ""bfgs_standard"", ""start_geometry_sha256"": ""9e24a461e0009e040360eb46dc92e6961d362606fef12f2daee5c19537493b09"", ""steps"": 150}, {""ase_converged"": false, ""converged"": false, ""end_geometry_sha256"": ""92be9983bdf79034fb1d2be939475cfa8830d85df4b8d18b665b001523b7f141"", ""failure_class"": ""force_threshold"", ""max_force_eV_A"": 1.1592711986781337, ""name"": ""fire_precondition"", ""qualifying"": false, ""start_geometry_sha256"": ""9e24a461e0009e040360eb46dc92e6961d362606fef12f2daee5c19537493b09"", ""steps"": 75}, {""ase_converged"": false, ""converged"": false, ""end_geometry_sha256"": ""7d022b7f5833aec264e1d6c3b2ff7a3bcc2002e35e2a955acbbc8fcd222d2cd9"", ""failure_class"": ""force_threshold"", ""max_force_eV_A"": 0.24216977899789907, ""name"": ""bfgs_after_fire"", ""start_geometry_sha256"": ""92be9983bdf79034fb1d2be939475cfa8830d85df4b8d18b665b001523b7f141"", ""steps"": 300}, {""ase_converged"": true, ""converged"": true, ""end_geometry_sha256"": ""6c0af25dcf9cd72d680b60a90d74de80bbd0657af5d4d630a929d260e6a61347"", ""failure_class"": null, ""max_force_eV_A"": 0.07851002633698996, ""name"": ""fire_small_step"", ""start_geometry_sha256"": ""7d022b7f5833aec264e1d6c3b2ff7a3bcc2002e35e2a955acbbc8fcd222d2cd9"", ""steps"": 30}]",6c0af25dcf9cd72d680b60a90d74de80bbd0657af5d4d630a929d260e6a61347,-173.78878099366744,True,0.07592566882250253,331.0,100.0,0.08,converged,,bfgs_after_fire,"[{""ase_converged"": false, ""converged"": false, ""end_geometry_sha256"": ""a079def159d1bb5eab2f1234139f0ce874af4202ca41ed8c408d90bb19ab6985"", ""failure_class"": ""force_threshold"", ""max_force_eV_A"": 0.3755066327936191, ""name"": ""bfgs_standard"", ""start_geometry_sha256"": ""819a5a16b0feac8d6d9dc65a357b73247528ecf440e0c77b7b03519b81d15502"", ""steps"": 100}, {""ase_converged"": true, ""converged"": true, ""end_geometry_sha256"": ""ff68a105f981f6c8d57f75d3ab5fde442ccf4f271d724f680dcadac59f489e33"", ""failure_class"": null, ""max_force_eV_A"": 0.24904372683996664, ""name"": ""fire_precondition"", ""qualifying"": false, ""start_geometry_sha256"": ""819a5a16b0feac8d6d9dc65a357b73247528ecf440e0c77b7b03519b81d15502"", ""steps"": 38}, {""ase_converged"": true, ""converged"": true, ""end_geometry_sha256"": ""e8b3fe84e434d4e21cee7385cfca6375afed877efbc69ff53a98312e223716e0"", ""failure_class"": null, ""max_force_eV_A"": 0.07592566882250253, ""name"": ""bfgs_after_fire"", ""start_geometry_sha256"": ""ff68a105f981f6c8d57f75d3ab5fde442ccf4f271d724f680dcadac59f489e33"", ""steps"": 193}]",e8b3fe84e434d4e21cee7385cfca6375afed877efbc69ff53a98312e223716e0,-3.9854966972768304,True,0.07943776837551994,80.0,100.0,0.08,converged,,bfgs_standard,"[{""ase_converged"": true, ""converged"": true, ""end_geometry_sha256"": ""60cc3c62e0f7efae7cefd236aee5bb5fcb38d700af7cb10d3b4c0e21cf2a6da5"", ""failure_class"": null, ""max_force_eV_A"": 0.07943776837551994, ""name"": ""bfgs_standard"", ""start_geometry_sha256"": ""eaff4a969aa368c04b401da9c925b7b050145ad7618059001841b253cb5bf246"", ""steps"": 80}]",60cc3c62e0f7efae7cefd236aee5bb5fcb38d700af7cb10d3b4c0e21cf2a6da5,-2.0957880847156014,True,0.07542352903476758,293.0,100.0,0.08,converged,,bfgs_after_fire,"[{""ase_converged"": false, ""converged"": false, ""end_geometry_sha256"": ""0c86e42c3fc2eb782daa4632d42e9e334fd1d1781280beeb4a8424cf4b426262"", ""failure_class"": ""force_threshold"", ""max_force_eV_A"": 0.14061537862630327, ""name"": ""bfgs_standard"", ""start_geometry_sha256"": ""ade5f7f7546ac29badc35cdce49bce561971a976dd8ef00676734076072c51b3"", ""steps"": 100}, {""ase_converged"": false, ""converged"": false, ""end_geometry_sha256"": ""77c81ee94aeb739ce7b9be4a5d6a1fec1d8032412a8f7ffc4ed85f50fdb80271"", ""failure_class"": ""force_threshold"", ""max_force_eV_A"": 0.6764682379901542, ""name"": ""fire_precondition"", ""qualifying"": false, ""start_geometry_sha256"": ""ade5f7f7546ac29badc35cdce49bce561971a976dd8ef00676734076072c51b3"", ""steps"": 50}, {""ase_converged"": true, ""converged"": true, ""end_geometry_sha256"": ""72bfa4572e28fa381df68f94c6586c2fb8a977e21b59156e50e2929470030f6c"", ""failure_class"": null, ""max_force_eV_A"": 0.07542352903476758, ""name"": ""bfgs_after_fire"", ""start_geometry_sha256"": ""77c81ee94aeb739ce7b9be4a5d6a1fec1d8032412a8f7ffc4ed85f50fdb80271"", ""steps"": 143}]",72bfa4572e28fa381df68f94c6586c2fb8a977e21b59156e50e2929470030f6c,-5.374006797373291,3.0,step_4_H2O,10.0,0.0,True,6.081284781992432,0.34000000003499997,True,quantitative_screening,1,1,1a2f52289e2544c7ec62,False,
"('MOF', 'Ba', 'Porphyrin', 'N2Se2', 40.0)",MOF,True,esen-sm-conserving-all-oc25:relax-v3:orr-che-v2,True,0.07601134744385743,421,150,0.08,converged,,bfgs_after_fire,"[{""ase_converged"": false, ""converged"": false, ""end_geometry_sha256"": ""cf82ca918ca78947517e80b8187a4a2a580f3428bf492e9c13785124596204f9"", ""failure_class"": ""force_threshold"", ""max_force_eV_A"": 0.17284430583245228, ""name"": ""bfgs_standard"", ""start_geometry_sha256"": ""88a2014cdaf234edb151d458b429061d00e1bdf9f4dd85cc1e2b2626e59782c2"", ""steps"": 150}, {""ase_converged"": false, ""converged"": false, ""end_geometry_sha256"": ""f8c31bc9394a8f8262a5d11b5953dfbf0a5fea8b5a569b2fc242f00c10521956"", ""failure_class"": ""force_threshold"", ""max_force_eV_A"": 4.74841325737467, ""name"": ""fire_precondition"", ""qualifying"": false, ""start_geometry_sha256"": ""88a2014cdaf234edb151d458b429061d00e1bdf9f4dd85cc1e2b2626e59782c2"", ""steps"": 75}, {""ase_converged"": true, ""converged"": true, ""end_geometry_sha256"": ""798fae17a4747460944be6db4db892a7ef84684dc8e229ae1eab807ad983393a"", ""failure_class"": null, ""max_force_eV_A"": 0.07601134744385743, ""name"": ""bfgs_after_fire"", ""start_geometry_sha256"": ""f8c31bc9394a8f8262a5d11b5953dfbf0a5fea8b5a569b2fc242f00c10521956"", ""steps"": 196}]",798fae17a4747460944be6db4db892a7ef84684dc8e229ae1eab807ad983393a,-162.39885521431367,True,0.07542385991031123,230.0,100.0,0.08,converged,,bfgs_after_fire,"[{""ase_converged"": false, ""converged"": false, ""end_geometry_sha256"": ""9e76e85265567b081a93bd6768d64a9191b0a257032577bcd9ba4805fb83add4"", ""failure_class"": ""force_threshold"", ""max_force_eV_A"": 0.21498277661083315, ""name"": ""bfgs_standard"", ""start_geometry_sha256"": ""6888453b08283745fedd9087ffe3cfa051859824f845b3f7bdf00f0f4d04dda5"", ""steps"": 100}, {""ase_converged"": true, ""converged"": true, ""end_geometry_sha256"": ""0124f64d582feca13fc7a947884d38fab645cde4da58df3a23e5faca28daf4d5"", ""failure_class"": null, ""max_force_eV_A"": 0.21761314126049247, ""name"": ""fire_precondition"", ""qualifying"": false, ""start_geometry_sha256"": ""6888453b08283745fedd9087ffe3cfa051859824f845b3f7bdf00f0f4d04dda5"", ""steps"": 39}, {""ase_converged"": true, ""converged"": true, ""end_geometry_sha256"": ""9236e4fd961771719485d1999b15b3e888800c6a1304894168da84f82cfc7f6f"", ""failure_class"": null, ""max_force_eV_A"": 0.07542385991031123, ""name"": ""bfgs_after_fire"", ""start_geometry_sha256"": ""0124f64d582feca13fc7a947884d38fab645cde4da58df3a23e5faca28daf4d5"", ""steps"": 91}]",9236e4fd961771719485d1999b15b3e888800c6a1304894168da84f82cfc7f6f,-1.9507371757924556,True,0.07928961594334295,66.0,100.0,0.08,converged,,bfgs_standard,"[{""ase_converged"": true, ""converged"": true, ""end_geometry_sha256"": ""ffe3539a1230c27869dc20733d42ae8ff6a7203ff1929f50d57c1eb2121b0386"", ""failure_class"": null, ""max_force_eV_A"": 0.07928961594334295, ""name"": ""bfgs_standard"", ""start_geometry_sha256"": ""dc12b9b6fe058f5d74866c98199419b4f390f8230d5f126a5c29bd0e3762ddd3"", ""steps"": 66}]",ffe3539a1230c27869dc20733d42ae8ff6a7203ff1929f50d57c1eb2121b0386,-1.710007750242945,True,0.07574904723609227,71.0,100.0,0.08,converged,,bfgs_standard,"[{""ase_converged"": true, ""converged"": true, ""end_geometry_sha256"": ""60bddea2646dd8b0511def22de6994ccf44bf8cc4bd1b08a1007d17db53060e9"", ""failure_class"": null, ""max_force_eV_A"": 0.07574904723609227, ""name"": ""bfgs_standard"", ""start_geometry_sha256"": ""548d9b1e09a11cef0be74fc54f4ce8aab59bd19cafa3cccdd81599e26b4ea64b"", ""steps"": 71}]",60bddea2646dd8b0511def22de6994ccf44bf8cc4bd1b08a1007d17db53060e9,-3.4199662700295415,3.0,step_4_H2O,10.0,0.0,True,3.6607449260354006,0.34000000003499997,True,quantitative_screening,0,0,da14fbfe8049ad8730f2,False,
"('MOF', 'Ba', 'TCPP', 'O4', 20.0)",MOF,True,esen-sm-conserving-all-oc25:relax-v3:orr-che-v2,True,0.06847697094973498,470,150,0.08,converged,,bfgs_after_fire,"[{""ase_converged"": false, ""converged"": false, ""end_geometry_sha256"": ""89f23a6a64b9261c8c68a0960c026ea0836c5651babdfff5880bff563acd61c7"", ""failure_class"": ""force_threshold"", ""max_force_eV_A"": 0.17071809207997213, ""name"": ""bfgs_standard"", ""start_geometry_sha256"": ""7bcf53ba4fff089f7fc8c425e999c78bfc6f1dbb4199047afda855c0de330818"", ""steps"": 150}, {""ase_converged"": true, ""converged"": true, ""end_geometry_sha256"": ""39ee1948f68247a3331de76e8d5ee7e3f148bf6fdd43b4dc3ca277462a7349b8"", ""failure_class"": null, ""max_force_eV_A"": 0.21313874796707757, ""name"": ""fire_precondition"", ""qualifying"": false, ""start_geometry_sha256"": ""7bcf53ba4fff089f7fc8c425e999c78bfc6f1dbb4199047afda855c0de330818"", ""steps"": 27}, {""ase_converged"": true, ""converged"": true, ""end_geometry_sha256"": ""222893b0cbf77d06a77547906046814405f8d512799131ff0b2b0e01047449d0"", ""failure_class"": null, ""max_force_eV_A"": 0.06847697094973498, ""name"": ""bfgs_after_fire"", ""start_geometry_sha256"": ""39ee1948f68247a3331de76e8d5ee7e3f148bf6fdd43b4dc3ca277462a7349b8"", ""steps"": 293}]",222893b0cbf77d06a77547906046814405f8d512799131ff0b2b0e01047449d0,-113.87012351504613,True,0.07845616521119171,48.0,100.0,0.08,converged,,bfgs_standard,"[{""ase_converged"": true, ""converged"": true, ""end_geometry_sha256"": ""780890013e03b43bc1b085925cb1cdef33b1f722dff5e20490d1b001256060cc"", ""failure_class"": null, ""max_force_eV_A"": 0.07845616521119171, ""name"": ""bfgs_standard"", ""start_geometry_sha256"": ""e1c12da08c5302912fbc0001a5e924f9ca5a6fd7a98d9617c8be176826860dd9"", ""steps"": 48}]",780890013e03b43bc1b085925cb1cdef33b1f722dff5e20490d1b001256060cc,0.6877248908579208,True,0.07584837762041721,60.0,100.0,0.08,converged,,bfgs_standard,"[{""ase_converged"": true, ""converged"": true, ""end_geometry_sha256"": ""93b7e5b0bf805158238d808e4615d2b304753e49baedd9cb5c216b43105f150d"", ""failure_class"": null, ""max_force_eV_A"": 0.07584837762041721, ""name"": ""bfgs_standard"", ""start_geometry_sha256"": ""37e74b9d1da2cf9946d1c9b26458d73596daf05865116037c43a0affe2dadd10"", ""steps"": 60}]",93b7e5b0bf805158238d808e4615d2b304753e49baedd9cb5c216b43105f150d,-2.1457987658679594,True,0.0799769133566414,56.0,100.0,0.08,converged,,bfgs_standard,"[{""ase_converged"": true, ""converged"": true, ""end_geometry_sha256"": ""48b6dae35ad419c8335de3535db7eec91189e3fd6564550e32768353bbe574f4"", ""failure_class"": null, ""max_force_eV_A"": 0.0799769133566414, ""name"": ""bfgs_standard"", ""start_geometry_sha256"": ""042e927672bf5dba512586b41e7f3dc2318101b847112f19f733fc5ee9f76512"", ""steps"": 56}]",48b6dae35ad419c8335de3535db7eec91189e3fd6564550e32768353bbe574f4,3.8380722507834326,3.0,step_3_OH,10.0,0.0,True,2.8335236567258804,0.34000000003499997,True,quantitative_screening,2,2,7171db27007ce3e67440,False,
"('COF', 'Ca', 'Squaraine', 'N2P2', 16.0)",COF,True,esen-sm-conserving-all-oc25:relax-v3:orr-che-v2,True,0.07096900410358313,506,150,0.08,converged,,bfgs_after_fire,"[{""ase_converged"": false, ""converged"": false, ""end_geometry_sha256"": ""8e8448a910554ec716ec5cd72d6ac4ff04f6880241fa23d522e54e66c08ed6a6"", ""failure_class"": ""force_threshold"", ""max_force_eV_A"": 0.12896554550146772, ""name"": ""bfgs_standard"", ""start_geometry_sha256"": ""3b076b190f639febd519a946dc6a9e771b1c932ee6aac5e31fd1760b593057ca"", ""steps"": 150}, {""ase_converged"": false, ""converged"": false, ""end_geometry_sha256"": ""7fa55b97f774c44136355f489fda12cd6dab2bc3616fc16b58021994b26c4fed"", ""failure_class"": ""force_threshold"", ""max_force_eV_A"": 4.3399665215824, ""name"": ""fire_precondition"", ""qualifying"": false, ""start_geometry_sha256"": ""3b076b190f639febd519a946dc6a9e771b1c932ee6aac5e31fd1760b593057ca"", ""steps"": 75}, {""ase_converged"": true, ""converged"": true, ""end_geometry_sha256"": ""0470dec4df2b68c67002f8b6e7ef0dfabef083c4d5f19d99599dea0d0ed66256"", ""failure_class"": null, ""max_force_eV_A"": 0.07096900410358313, ""name"": ""bfgs_after_fire"", ""start_geometry_sha256"": ""7fa55b97f774c44136355f489fda12cd6dab2bc3616fc16b58021994b26c4fed"", ""steps"": 281}]",0470dec4df2b68c67002f8b6e7ef0dfabef083c4d5f19d99599dea0d0ed66256,-118.05881935912838,True,0.0631171591686257,94.0,100.0,0.08,converged,,bfgs_standard,"[{""ase_converged"": true, ""converged"": true, ""end_geometry_sha256"": ""836b3e8d8b01898961936bac2cdc81079bf2db31f2820630e3ff542badd320a4"", ""failure_class"": null, ""max_force_eV_A"": 0.0631171591686257, ""name"": ""bfgs_standard"", ""start_geometry_sha256"": ""81e04ead1fc98cfe248fee3d7107b633350357fd82263c363d4c36080e1341ab"", ""steps"": 94}]",836b3e8d8b01898961936bac2cdc81079bf2db31f2820630e3ff542badd320a4,0.2546470786630965,True,0.06849592852674824,43.0,100.0,0.08,converged,,bfgs_standard,"[{""ase_converged"": true, ""converged"": true, ""end_geometry_sha256"": ""328b3ef3d10981b654d7910ece3ffff3573144be63c680c0498063de3e2d9571"", ""failure_class"": null, ""max_force_eV_A"": 0.06849592852674824, ""name"": ""bfgs_standard"", ""start_geometry_sha256"": ""8e7d9c394acabc12dc941bd79e9648fc3ebdb8f47dab5143f878a729af4905ff"", ""steps"": 43}]",328b3ef3d10981b654d7910ece3ffff3573144be63c680c0498063de3e2d9571,0.11044207885860331,True,0.07807210884946532,93.0,100.0,0.08,converged,,bfgs_standard,"[{""ase_converged"": true, ""converged"": true, ""end_geometry_sha256"": ""f8d823c04af75b983503ce31b20afd1da7eec6bcedfbff8f856449ff4e91f2d5"", ""failure_class"": null, ""max_force_eV_A"": 0.07807210884946532, ""name"": ""bfgs_standard"", ""start_geometry_sha256"": ""d1adc916b0ffda8a20d506244464568221e2e8c5920efb830fb2bc0d7f829056"", ""steps"": 93}]",f8d823c04af75b983503ce31b20afd1da7eec6bcedfbff8f856449ff4e91f2d5,3.424332569539536,1.3732049998044933,step_3_OH,10.0,0.0,True,0.3650891575216998,0.307500000035,True,quantitative_screening,0,0,d74415972570bb3a6fba,False,
"('COF', 'Sr', 'Amide', 'N2P2', 16.0)",COF,True,esen-sm-conserving-all-oc25:relax-v3:orr-che-v2,True,0.0698658812997263,101,150,0.08,converged,,bfgs_standard,"[{""ase_converged"": true, ""converged"": true, ""end_geometry_sha256"": ""1c7497ce4343e94242d8c53258ac3ccc4892a5f398e9f2d4670d1cd9b388343f"", ""failure_class"": null, ""max_force_eV_A"": 0.0698658812997263, ""name"": ""bfgs_standard"", ""start_geometry_sha256"": ""9c847dc25cb3e52f73b7131d3ee54b243bd443eb96ca616065d1080a5f630957"", ""steps"": 101}]",1c7497ce4343e94242d8c53258ac3ccc4892a5f398e9f2d4670d1cd9b388343f,-125.19433146009732,True,0.06973358201150703,31.0,100.0,0.08,converged,,bfgs_standard,"[{""ase_converged"": true, ""converged"": true, ""end_geometry_sha256"": ""c1f93a3f75b4e93e285e030efa5dfc3900dc0997bd6f3ef66de59608f0c880f5"", ""failure_class"": null, ""max_force_eV_A"": 0.06973358201150703, ""name"": ""bfgs_standard"", ""start_geometry_sha256"": ""350313132cf43a63a36742c5a4c3167b5da4065025ed76e1c0d697aeefb63c8d"", ""steps"": 31}]",c1f93a3f75b4e93e285e030efa5dfc3900dc0997bd6f3ef66de59608f0c880f5,-0.3729023312032223,True,0.07139889006491738,25.0,100.0,0.08,converged,,bfgs_standard,"[{""ase_converged"": true, ""converged"": true, ""end_geometry_sha256"": ""29416bd88852633f90ccb8e7b906fe8d08940f56ce5d989b031e747e93cc76c0"", ""failure_class"": null, ""max_force_eV_A"": 0.07139889006491738, ""name"": ""bfgs_standard"", ""start_geometry_sha256"": ""045346f0bffca194917d0eca5bcaf8e6b7c5eb0a89588377d01303e551ec20bf"", ""steps"": 25}]",29416bd88852633f90ccb8e7b906fe8d08940f56ce5d989b031e747e93cc76c0,2.0554360516369377,True,0.07822210102797685,34.0,100.0,0.08,converged,,bfgs_standard,"[{""ase_converged"": true, ""converged"": true, ""end_geometry_sha256"": ""adc93662d7005285bb694c1dc388286782a5acc9ef85b030df688fc5e174f767"", ""failure_class"": null, ""max_force_eV_A"": 0.07822210102797685, ""name"": ""bfgs_standard"", ""start_geometry_sha256"": ""e1ae00e3263086757848ed330b42241636f2e7a3ddb3405451c0c6984787782c"", ""steps"": 34}]",adc93662d7005285bb694c1dc388286782a5acc9ef85b030df688fc5e174f767,2.810849140584472,1.6019023312032223,step_4_H2O,10.0,0.0,True,2.42833838284016,0.307500000035,True,quantitative_screening,2,2,0792da1f6df3572aaadc,False,
"('COF', 'Pb', 'Triazine', 'N2P2', 16.0)",COF,True,esen-sm-conserving-all-oc25:relax-v3:orr-che-v2,True,0.07255621987281298,378,150,0.08,converged,,bfgs_after_fire,"[{""ase_converged"": false, ""converged"": false, ""end_geometry_sha256"": ""b8f1d0d4bc5cfff0f77c1b1465ad60e0253c9c1e53bf90ddc70f4ff838c1d847"", ""failure_class"": ""force_threshold"", ""max_force_eV_A"": 0.39390301216443674, ""name"": ""bfgs_standard"", ""start_geometry_sha256"": ""4ae5f4f2caea023790b2d586e0d0a0f1b6c58d7bb887ce1a87af88f829d2a9c7"", ""steps"": 150}, {""ase_converged"": false, ""converged"": false, ""end_geometry_sha256"": ""a6fc54bf7bf26ccbfff37633fa2253403afb533e95253c820be1387089f597e2"", ""failure_class"": ""force_threshold"", ""max_force_eV_A"": 4.692656225300975, ""name"": ""fire_precondition"", ""qualifying"": false, ""start_geometry_sha256"": ""4ae5f4f2caea023790b2d586e0d0a0f1b6c58d7bb887ce1a87af88f829d2a9c7"", ""steps"": 75}, {""ase_converged"": true, ""converged"": true, ""end_geometry_sha256"": ""3fc40d21cab149dddf78946bcdb927bc273dc03911630c7cffebc1cc0bf0cf56"", ""failure_class"": null, ""max_force_eV_A"": 0.07255621987281298, ""name"": ""bfgs_after_fire"", ""start_geometry_sha256"": ""a6fc54bf7bf26ccbfff37633fa2253403afb533e95253c820be1387089f597e2"", ""steps"": 153}]",3fc40d21cab149dddf78946bcdb927bc273dc03911630c7cffebc1cc0bf0cf56,-118.39844383245264,True,0.0744281700213296,60.0,100.0,0.08,converged,,bfgs_standard,"[{""ase_converged"": true, ""converged"": true, ""end_geometry_sha256"": ""144c944f0bb0b85449e1c8608f99113337b74db4fb4ea6a84fa928e3d80e5e06"", ""failure_class"": null, ""max_force_eV_A"": 0.0744281700213296, ""name"": ""bfgs_standard"", ""start_geometry_sha256"": ""abbbed351adf5bd27120a17f742f7161b63ab37318d4f2aef0020fd431ac83d7"", ""steps"": 60}]",144c944f0bb0b85449e1c8608f99113337b74db4fb4ea6a84fa928e3d80e5e06,0.3324983741343021,True,0.07938625918693056,44.0,100.0,0.08,converged,,bfgs_standard,"[{""ase_converged"": true, ""converged"": true, ""end_geometry_sha256"": ""d096d9548a33695d288e1b5655692a6092c3fc303b796efbfb06c6baf56ad523"", ""failure_class"": null, ""max_force_eV_A"": 0.07938625918693056, ""name"": ""bfgs_standard"", ""start_geometry_sha256"": ""0201598ff876c948806062036aeb4c87a611ce72f8190e7a9e5075f731395f3e"", ""steps"": 44}]",d096d9548a33695d288e1b5655692a6092c3fc303b796efbfb06c6baf56ad523,0.22098056152463313,True,0.07775168499763467,85.0,100.0,0.08,converged,,bfgs_standard,"[{""ase_converged"": true, ""converged"": true, ""end_geometry_sha256"": ""31675324ecfca8ae199ce704afd600448d858c23428b5d838ae00f08fe870f17"", ""failure_class"": null, ""max_force_eV_A"": 0.07775168499763467, ""name"": ""bfgs_standard"", ""start_geometry_sha256"": ""e13d7f7315cbdd28f30b8f26473bbc1d719a2c75a0d597cb585243d344f5b3d1"", ""steps"": 85}]",31675324ecfca8ae199ce704afd600448d858c23428b5d838ae00f08fe870f17,-0.16845374256372095,1.6184343040883542,step_2_O,10.0,0.0,True,0.5534789356589352,0.307500000035,True,quantitative_screening,1,1,796e59a498f8b666feaa,False,
"('COF', 'Pb', 'Dioxin', 'N4', 4.0)",COF,True,esen-sm-conserving-all-oc25:relax-v3:orr-che-v2,True,0.07707838107020618,32,150,0.08,converged,,bfgs_standard,"[{""ase_converged"": true, ""converged"": true, ""end_geometry_sha256"": ""45bd51ea737868da44631e2be21d1f48f0e085908a633566d935814957c697f3"", ""failure_class"": null, ""max_force_eV_A"": 0.07707838107020618, ""name"": ""bfgs_standard"", ""start_geometry_sha256"": ""c969b36715a821bb668b10ca82d2dcaeb3addec9de4792ffd98fa9a4ba0211d4"", ""steps"": 32}]",45bd51ea737868da44631e2be21d1f48f0e085908a633566d935814957c697f3,-131.47573027019263,True,0.06208822408172054,22.0,100.0,0.08,converged,,bfgs_standard,"[{""ase_converged"": true, ""converged"": true, ""end_geometry_sha256"": ""809b63b155ab9cfb2a948adaf0605668b4936abfd6b6ec6a2cef9d702a5f2b0d"", ""failure_class"": null, ""max_force_eV_A"": 0.06208822408172054, ""name"": ""bfgs_standard"", ""start_geometry_sha256"": ""50eb2b44109135839441a72c087a7e22a7d129b8549691355a57ea09d986d7c5"", ""steps"": 22}]",809b63b155ab9cfb2a948adaf0605668b4936abfd6b6ec6a2cef9d702a5f2b0d,2.4581535483896735,True,0.0710697125546861,22.0,100.0,0.08,converged,,bfgs_standard,"[{""ase_converged"": true, ""converged"": true, ""end_geometry_sha256"": ""e4cae89515f14da34741ba88a23730fb3ef072d3bb5cd8de1e0b74f727b39eca"", ""failure_class"": null, ""max_force_eV_A"": 0.0710697125546861, ""name"": ""bfgs_standard"", ""start_geometry_sha256"": ""ce542c8b81e0e932db3fbbfb3f4d1dcf9b9bf447fdbb86bc16c2b1c53d853f3e"", ""steps"": 22}]",e4cae89515f14da34741ba88a23730fb3ef072d3bb5cd8de1e0b74f727b39eca,5.442069447785619,True,0.07285132395818311,36.0,100.0,0.08,converged,,bfgs_standard,"[{""ase_converged"": true, ""converged"": true, ""end_geometry_sha256"": ""26fa1de8c9f83ad40d9782599d76ffcc1a10d8304d61169fd92946841be16857"", ""failure_class"": null, ""max_force_eV_A"": 0.07285132395818311, ""name"": ""bfgs_standard"", ""start_geometry_sha256"": ""2aba654455ac54d058c969a516db3cbfac7624d7eb8989547c7bbb462be7bae6"", ""steps"": 36}]",26fa1de8c9f83ad40d9782599d76ffcc1a10d8304d61169fd92946841be16857,5.026557873189454,1.6445115745961658,step_2_O,10.0,0.0,True,7.900222996175293,0.307500000035,True,quantitative_screening,2,2,d3ce72158b8747d62484,False,
"('Perovskite', 'Pb', 'Ni', 'Rh', 0.2, 'none')",Perovskite,True,esen-sm-conserving-all-oc25:relax-v3:orr-che-v2,True,0.072429665803356,31,150,0.08,converged,,bfgs_standard,"[{""ase_converged"": true, ""converged"": true, ""end_geometry_sha256"": ""fb88105107d58a7e0c632a3051cbff6513f192dfde9e964556d6d216af021d6e"", ""failure_class"": null, ""max_force_eV_A"": 0.072429665803356, ""name"": ""bfgs_standard"", ""start_geometry_sha256"": ""f707a0bfed18be87cb8b6bbcb666f7d76e3cc3d4bc16e747f2e00559ab661eb2"", ""steps"": 31}]",fb88105107d58a7e0c632a3051cbff6513f192dfde9e964556d6d216af021d6e,-322.1818115632212,True,0.06791574725160722,279.0,100.0,0.08,converged,,bfgs_after_fire,"[{""ase_converged"": false, ""converged"": false, ""end_geometry_sha256"": ""2aec21fa0fb3fdcb502e72197a5a0ac00c2ac80f089e0f1d1dfeb71fd04ddafa"", ""failure_class"": ""force_threshold"", ""max_force_eV_A"": 0.17390625934190493, ""name"": ""bfgs_standard"", ""start_geometry_sha256"": ""5dccbe62bfb406bef47acffee13ca25798d200943706500a0ded968623c0b561"", ""steps"": 100}, {""ase_converged"": false, ""converged"": false, ""end_geometry_sha256"": ""7408e79497612b8fb21f842746a63e627bf0f981296caf90ef544ea0e1e90c65"", ""failure_class"": ""force_threshold"", ""max_force_eV_A"": 0.6926243790540635, ""name"": ""fire_precondition"", ""qualifying"": false, ""start_geometry_sha256"": ""5dccbe62bfb406bef47acffee13ca25798d200943706500a0ded968623c0b561"", ""steps"": 50}, {""ase_converged"": true, ""converged"": true, ""end_geometry_sha256"": ""862c5efb95715d6036e0260faac7ffb3d9c7b00f560bd7c5320d59fa3c30c516"", ""failure_class"": null, ""max_force_eV_A"": 0.06791574725160722, ""name"": ""bfgs_after_fire"", ""start_geometry_sha256"": ""7408e79497612b8fb21f842746a63e627bf0f981296caf90ef544ea0e1e90c65"", ""steps"": 129}]",862c5efb95715d6036e0260faac7ffb3d9c7b00f560bd7c5320d59fa3c30c516,-1.2063638542593094,True,0.07685470536360693,78.0,100.0,0.08,converged,,bfgs_standard,"[{""ase_converged"": true, ""converged"": true, ""end_geometry_sha256"": ""fb4911e83ceb99c3b4798916174da324ec67343f86ec64b954973e3a046d0440"", ""failure_class"": null, ""max_force_eV_A"": 0.07685470536360693, ""name"": ""bfgs_standard"", ""start_geometry_sha256"": ""eb7093dd8e0c5f6aa87bed066c6c7d0101f49e7a4d54bb1165add45e7a9a7fb1"", ""steps"": 78}]",fb4911e83ceb99c3b4798916174da324ec67343f86ec64b954973e3a046d0440,0.2334584362804641,True,0.0768469490176388,77.0,100.0,0.08,converged,,bfgs_standard,"[{""ase_converged"": true, ""converged"": true, ""end_geometry_sha256"": ""2f55fb29597b103ce0ba5041f3c25232ad844d9e4f1246ec61946ef2c5bf98d5"", ""failure_class"": null, ""max_force_eV_A"": 0.0768469490176388, ""name"": ""bfgs_standard"", ""start_geometry_sha256"": ""c78fcb34f0b050f491a66c3930624b58447c8d24ab0723b8f5a905fb4dc5f916"", ""steps"": 77}]",2f55fb29597b103ce0ba5041f3c25232ad844d9e4f1246ec61946ef2c5bf98d5,2.483735512196936,2.4353638542593092,step_4_H2O,10.0,-1.9530617855065868,True,1.4398222905397735,0.6527014328916925,False,quantitative_screening,2,2,7d2d793c0a04ca84516e,False,
"('Perovskite', 'Pb', 'Ir', 'Rh', 0.2, 'none')",Perovskite,False,esen-sm-conserving-all-oc25:relax-v3:orr-che-v2,True,0.0790096634353305,32,150,0.08,converged,,bfgs_standard,"[{""ase_converged"": true, ""converged"": true, ""end_geometry_sha256"": ""e62433e08dd7f4ccff42d4dc512de7d71cd7c333d5c014f6f94cf5cf0ad3bb5b"", ""failure_class"": null, ""max_force_eV_A"": 0.0790096634353305, ""name"": ""bfgs_standard"", ""start_geometry_sha256"": ""fc02a18d01126ede40f02a17820f12726b0ec612631b6ba27b660eb9a810fe53"", ""steps"": 32}]",e62433e08dd7f4ccff42d4dc512de7d71cd7c333d5c014f6f94cf5cf0ad3bb5b,-355.4866083001611,True,0.07330275425313924,83.0,100.0,0.08,converged,,bfgs_standard,"[{""ase_converged"": true, ""converged"": true, ""end_geometry_sha256"": ""35bb26aede360326308b8cec26bf794f233f134abe3dbd962fae0132997454db"", ""failure_class"": null, ""max_force_eV_A"": 0.07330275425313924, ""name"": ""bfgs_standard"", ""start_geometry_sha256"": ""b8ef7cd12471bc76bb7dabecadbc2977bad4b724419553a6e41f77d078faa10f"", ""steps"": 83}]",35bb26aede360326308b8cec26bf794f233f134abe3dbd962fae0132997454db,-0.6861230705678463,True,0.07540169443139753,263.0,100.0,0.08,converged,,bfgs_after_fire,"[{""ase_converged"": false, ""converged"": false, ""end_geometry_sha256"": ""44b42026981444b9ec5003d2351a22cc31e64630bed6fc55445473123f112525"", ""failure_class"": ""force_threshold"", ""max_force_eV_A"": 0.16790056253831148, ""name"": ""bfgs_standard"", ""start_geometry_sha256"": ""32c84678090f465ac37f856e951042541b9c99bb68db3ba87398254df49317a1"", ""steps"": 100}, {""ase_converged"": true, ""converged"": true, ""end_geometry_sha256"": ""12bf18a7e4efd1da53b6f4bd2563fed5a2d6ee4d46567914cee7026910bab4d6"", ""failure_class"": null, ""max_force_eV_A"": 0.21548704790816353, ""name"": ""fire_precondition"", ""qualifying"": false, ""start_geometry_sha256"": ""32c84678090f465ac37f856e951042541b9c99bb68db3ba87398254df49317a1"", ""steps"": 36}, {""ase_converged"": true, ""converged"": true, ""end_geometry_sha256"": ""194d0ba0671cc16c0bf7e862fb369c9abeb6386f7c1e98d78e52c54d944c2de5"", ""failure_class"": null, ""max_force_eV_A"": 0.07540169443139753, ""name"": ""bfgs_after_fire"", ""start_geometry_sha256"": ""12bf18a7e4efd1da53b6f4bd2563fed5a2d6ee4d46567914cee7026910bab4d6"", ""steps"": 127}]",194d0ba0671cc16c0bf7e862fb369c9abeb6386f7c1e98d78e52c54d944c2de5,0.46046344116333343,False,25.868357992267004,650.0,100.0,0.08,recovery_exhausted,force_threshold,fire_small_step,"[{""ase_converged"": false, ""converged"": false, ""end_geometry_sha256"": ""0db9e895d224d444024c635ab43204b160f74e0c28d83c5bf3e936ff1fc678a9"", ""failure_class"": ""force_threshold"", ""max_force_eV_A"": 43.01073578019222, ""name"": ""bfgs_standard"", ""start_geometry_sha256"": ""0122d7280c2c72c94ad282cfbf4a179ac63f9d4399dd87ba89d6424c13816d68"", ""steps"": 100}, {""ase_converged"": false, ""converged"": false, ""end_geometry_sha256"": ""62f1945631a5941f51457b79666972a582a858a88fac9c16c345cc3590e8b073"", ""failure_class"": ""force_threshold"", ""max_force_eV_A"": 32.19271491005532, ""name"": ""fire_precondition"", ""qualifying"": false, ""start_geometry_sha256"": ""0122d7280c2c72c94ad282cfbf4a179ac63f9d4399dd87ba89d6424c13816d68"", ""steps"": 50}, {""ase_converged"": false, ""converged"": false, ""end_geometry_sha256"": ""854bd6dc97891258a242fe73bb7cf2cff4a0708ab12f598da2a39851ee74c765"", ""failure_class"": ""force_threshold"", ""max_force_eV_A"": 146.14655774723548, ""name"": ""bfgs_after_fire"", ""start_geometry_sha256"": ""62f1945631a5941f51457b79666972a582a858a88fac9c16c345cc3590e8b073"", ""steps"": 200}, {""ase_converged"": false, ""converged"": false, ""end_geometry_sha256"": ""c13198bcca7e2db4bbf5a7415e3bd977700103310b969a143d9358b4eadb5dde"", ""failure_class"": ""force_threshold"", ""max_force_eV_A"": 25.868357992267004, ""name"": ""fire_small_step"", ""start_geometry_sha256"": ""62f1945631a5941f51457b79666972a582a858a88fac9c16c345cc3590e8b073"", ""steps"": 300}]",c13198bcca7e2db4bbf5a7415e3bd977700103310b969a143d9358b4eadb5dde,,,,,,,,,True,validation_required,0,0,90ff985e16e8cf27c65b,False,Unconverged ooh relaxation: max_force=25.8684 eV/A after 650 cumulative recovery steps
"('Perovskite', 'Ag', 'Ni', 'Rh', 0.2, 'none')",Perovskite,False,esen-sm-conserving-all-oc25:relax-v3:orr-che-v2,True,0.07675860549054171,136,150,0.08,converged,,bfgs_standard,"[{""ase_converged"": true, ""converged"": true, ""end_geometry_sha256"": ""ff0a3f9940c96585e44d06344ad49ed4999dc2a9a2960524ac32770f246a787c"", ""failure_class"": null, ""max_force_eV_A"": 0.07675860549054171, ""name"": ""bfgs_standard"", ""start_geometry_sha256"": ""eb365a2b6481c32dfb22a06b72a9190f7d29ba9c4ff68fd40913b5dfa11309a1"", ""steps"": 136}]",ff0a3f9940c96585e44d06344ad49ed4999dc2a9a2960524ac32770f246a787c,-287.0712662291404,True,0.0726559102241511,79.0,100.0,0.08,converged,,bfgs_standard,"[{""ase_converged"": true, ""converged"": true, ""end_geometry_sha256"": ""2a98e602e6b177aa4bf4c6ec9ddadae9f3d5ae1b2e8229c94a230415416eb5ee"", ""failure_class"": null, ""max_force_eV_A"": 0.0726559102241511, ""name"": ""bfgs_standard"", ""start_geometry_sha256"": ""396a97b95ae72d62ee2da97d6351c755d7283dd8a711224a69df9864a5a275a6"", ""steps"": 79}]",2a98e602e6b177aa4bf4c6ec9ddadae9f3d5ae1b2e8229c94a230415416eb5ee,1.294799628406763,True,0.07785113992526523,80.0,100.0,0.08,converged,,bfgs_standard,"[{""ase_converged"": true, ""converged"": true, ""end_geometry_sha256"": ""f49b5698fe575040620fdafa7ed882d01d75f5536d6b1a07be2204f29d4cd2ec"", ""failure_class"": null, ""max_force_eV_A"": 0.07785113992526523, ""name"": ""bfgs_standard"", ""start_geometry_sha256"": ""60104a7b6062e92888d68b5774de569d86721c81fc54f02e2f9473e49cd7db87"", ""steps"": 80}]",f49b5698fe575040620fdafa7ed882d01d75f5536d6b1a07be2204f29d4cd2ec,2.5706814892590364,False,18.91882395205785,650.0,100.0,0.08,recovery_exhausted,force_threshold,fire_precondition,"[{""ase_converged"": false, ""converged"": false, ""end_geometry_sha256"": ""f64e9d2202c7acfb142b5c42189a727d8846b51c0adf329aa3921204f00bf33d"", ""failure_class"": ""force_threshold"", ""max_force_eV_A"": 24.439991769260633, ""name"": ""bfgs_standard"", ""start_geometry_sha256"": ""9e38f863c77f0808385a8f57732e9ed1f238e7b8f16429b4646aa363dfb55b13"", ""steps"": 100}, {""ase_converged"": false, ""converged"": false, ""end_geometry_sha256"": ""a8e8dc1fb8a34f312fc3ca32e2024686374b6fb864caf86680b0732deb9d8fd5"", ""failure_class"": ""force_threshold"", ""max_force_eV_A"": 18.91882395205785, ""name"": ""fire_precondition"", ""qualifying"": false, ""start_geometry_sha256"": ""9e38f863c77f0808385a8f57732e9ed1f238e7b8f16429b4646aa363dfb55b13"", ""steps"": 50}, {""ase_converged"": false, ""converged"": false, ""end_geometry_sha256"": ""0926aba1676e07c47e86ef3c8dc11762ace42d15a43cd05c76fb65044b4ccd8c"", ""failure_class"": ""force_threshold"", ""max_force_eV_A"": 482.8708450901832, ""name"": ""bfgs_after_fire"", ""start_geometry_sha256"": ""a8e8dc1fb8a34f312fc3ca32e2024686374b6fb864caf86680b0732deb9d8fd5"", ""steps"": 200}, {""ase_converged"": false, ""converged"": false, ""end_geometry_sha256"": ""8de27dfb1abddb9b7d0049de0e2170468e2e7bc4036fd20a25984cc0f9747bb2"", ""failure_class"": ""force_threshold"", ""max_force_eV_A"": 22.102576273688772, ""name"": ""fire_small_step"", ""start_geometry_sha256"": ""a8e8dc1fb8a34f312fc3ca32e2024686374b6fb864caf86680b0732deb9d8fd5"", ""steps"": 300}]",a8e8dc1fb8a34f312fc3ca32e2024686374b6fb864caf86680b0732deb9d8fd5,,,,,,,,,True,validation_required,1,1,1f9f0b37b7f43fbcb2c0,False,Unconverged ooh relaxation: max_force=18.9188 eV/A after 650 cumulative recovery steps
"('Perovskite', 'Ag', 'Rh', 'Ti', 0.0, 'none')",Perovskite,True,esen-sm-conserving-all-oc25:relax-v3:orr-che-v2,True,0.049890015014582435,27,150,0.08,converged,,bfgs_standard,"[{""ase_converged"": true, ""converged"": true, ""end_geometry_sha256"": ""ef7182bcc094243f99ba47d0d3fd2b9addd8c1edd66bfce98984cc1b58e49edc"", ""failure_class"": null, ""max_force_eV_A"": 0.049890015014582435, ""name"": ""bfgs_standard"", ""start_geometry_sha256"": ""ffd4af5bd39e22071e6a20a17fc78eef2272a5f126659b5c22bbbc88c67fa75e"", ""steps"": 27}]",ef7182bcc094243f99ba47d0d3fd2b9addd8c1edd66bfce98984cc1b58e49edc,-302.1048217558714,True,0.06362691704371969,259.0,100.0,0.08,converged,,bfgs_after_fire,"[{""ase_converged"": false, ""converged"": false, ""end_geometry_sha256"": ""ed702b07056496484c3a47dd795bc0da93422422d53ba062cfb738c21a19c492"", ""failure_class"": ""force_threshold"", ""max_force_eV_A"": 0.35632826669767576, ""name"": ""bfgs_standard"", ""start_geometry_sha256"": ""af5791687bbc788ae86afd0563241555f9ea45a93fdd2659605624c7cab23874"", ""steps"": 100}, {""ase_converged"": false, ""converged"": false, ""end_geometry_sha256"": ""20cc8ec899e983eba297d8fc5e8353c85c2db6c758fe6629e90e6c701b12010d"", ""failure_class"": ""force_threshold"", ""max_force_eV_A"": 0.4915785510942744, ""name"": ""fire_precondition"", ""qualifying"": false, ""start_geometry_sha256"": ""af5791687bbc788ae86afd0563241555f9ea45a93fdd2659605624c7cab23874"", ""steps"": 50}, {""ase_converged"": true, ""converged"": true, ""end_geometry_sha256"": ""b57d1e47caf8b482d84924bb12f3c12faeae11aed717d0d1a2f7e9784f6d6809"", ""failure_class"": null, ""max_force_eV_A"": 0.06362691704371969, ""name"": ""bfgs_after_fire"", ""start_geometry_sha256"": ""20cc8ec899e983eba297d8fc5e8353c85c2db6c758fe6629e90e6c701b12010d"", ""steps"": 109}]",b57d1e47caf8b482d84924bb12f3c12faeae11aed717d0d1a2f7e9784f6d6809,-4.479278740733863,True,0.07730110252082512,82.0,100.0,0.08,converged,,bfgs_standard,"[{""ase_converged"": true, ""converged"": true, ""end_geometry_sha256"": ""4b2e6c594d8b0b2d4e3c3158eb95aa8f1a9473ce71be6547833645d5d3d01632"", ""failure_class"": null, ""max_force_eV_A"": 0.07730110252082512, ""name"": ""bfgs_standard"", ""start_geometry_sha256"": ""617c6d7afe733e91e8660344726fee637659db5d8c40f0e69e04f9f15d93b00b"", ""steps"": 82}]",4b2e6c594d8b0b2d4e3c3158eb95aa8f1a9473ce71be6547833645d5d3d01632,-2.9889117114245574,True,0.07666284741331951,281.0,100.0,0.08,converged,,bfgs_after_fire,"[{""ase_converged"": false, ""converged"": false, ""end_geometry_sha256"": ""8e60ce83f1adb7f2749653cdc25126ecaf552a748e21f42fa3376bbb10410934"", ""failure_class"": ""force_threshold"", ""max_force_eV_A"": 0.1635097140584543, ""name"": ""bfgs_standard"", ""start_geometry_sha256"": ""aebbb61a3efcbb30391ab0fae69aee6dcc1b98e408a175580c2659a239489c60"", ""steps"": 100}, {""ase_converged"": false, ""converged"": false, ""end_geometry_sha256"": ""81698a5728af2fced6bc15ff9b854011dfadaec1ad2039117828f7886a215547"", ""failure_class"": ""force_threshold"", ""max_force_eV_A"": 1.4511942047956952, ""name"": ""fire_precondition"", ""qualifying"": false, ""start_geometry_sha256"": ""aebbb61a3efcbb30391ab0fae69aee6dcc1b98e408a175580c2659a239489c60"", ""steps"": 50}, {""ase_converged"": true, ""converged"": true, ""end_geometry_sha256"": ""602aa43741f975c1104cbaac44e50830cf87cb131007ae455bec57fb415daef3"", ""failure_class"": null, ""max_force_eV_A"": 0.07666284741331951, ""name"": ""bfgs_after_fire"", ""start_geometry_sha256"": ""81698a5728af2fced6bc15ff9b854011dfadaec1ad2039117828f7886a215547"", ""steps"": 131}]",602aa43741f975c1104cbaac44e50830cf87cb131007ae455bec57fb415daef3,-0.9250245586037316,3.0,step_4_H2O,10.0,-2.0,True,7.46819045215842,0.707500000035,False,quantitative_screening,2,2,ccad1126b8fde41615b5,False,
"('MAXPhase', 'Co', 'Ga', 'N', 2, 'V', 'edge_1120')",MAXPhase,True,esen-sm-conserving-all-oc25:relax-v3:orr-che-v2,True,0.062150042400713666,21,150,0.08,converged,,bfgs_standard,"[{""ase_converged"": true, ""converged"": true, ""end_geometry_sha256"": ""eec018186a95b7d5a1890dbb35bd2b4cb2a13deabca6c6aa4a2691d136bc0c63"", ""failure_class"": null, ""max_force_eV_A"": 0.062150042400713666, ""name"": ""bfgs_standard"", ""start_geometry_sha256"": ""095381328275ae2c9547d2eea7161b97c8ffe80494c5340ed3834cfe26781a6a"", ""steps"": 21}]",eec018186a95b7d5a1890dbb35bd2b4cb2a13deabca6c6aa4a2691d136bc0c63,57.2837452281706,True,0.06391397080562364,42.0,100.0,0.08,converged,,bfgs_standard,"[{""ase_converged"": true, ""converged"": true, ""end_geometry_sha256"": ""e08e65999203fff96d80b9f0b23847bcbfacf5e018636b95aae16bfb040bcb2d"", ""failure_class"": null, ""max_force_eV_A"": 0.06391397080562364, ""name"": ""bfgs_standard"", ""start_geometry_sha256"": ""c545afb71b2dd97412df9e5939accff2bf7e35cbcbb7bd92820b8ba909c7c6b1"", ""steps"": 42}]",e08e65999203fff96d80b9f0b23847bcbfacf5e018636b95aae16bfb040bcb2d,1.7331083442270756,True,0.0654027618256901,20.0,100.0,0.08,converged,,bfgs_standard,"[{""ase_converged"": true, ""converged"": true, ""end_geometry_sha256"": ""a10a2d2556f523a8e5b7fc5cf35228ff4e7ae36503074852a02499dca8edcedc"", ""failure_class"": null, ""max_force_eV_A"": 0.0654027618256901, ""name"": ""bfgs_standard"", ""start_geometry_sha256"": ""c74fb515e8deca9f0dccd4ffc79d8f1994a7b15d91d3f59b07492cbb6df6b35c"", ""steps"": 20}]",a10a2d2556f523a8e5b7fc5cf35228ff4e7ae36503074852a02499dca8edcedc,2.4213742382824455,True,0.04496312596063828,80.0,100.0,0.08,converged,,bfgs_standard,"[{""ase_converged"": true, ""converged"": true, ""end_geometry_sha256"": ""1075299eb3270997dd26111f7ec2563f19fc63134d1c0841f10608a92e0fdd82"", ""failure_class"": null, ""max_force_eV_A"": 0.04496312596063828, ""name"": ""bfgs_standard"", ""start_geometry_sha256"": ""ba618c4cba90d827c7e1c144d5bce95d5580f806267fa73e29db6532f78ca8b3"", ""steps"": 80}]",1075299eb3270997dd26111f7ec2563f19fc63134d1c0841f10608a92e0fdd82,3.7390913471579585,0.5407341059446302,step_3_OH,8.0,0.0,True,4.154482582509521,0.707500000035,False,quantitative_screening,0,0,c8ca0d76c1f0adf3f8c3,False,
"('MAXPhase', 'Co', 'Bi', 'C', 1, 'Mo', 'edge_1010')",MAXPhase,True,esen-sm-conserving-all-oc25:relax-v3:orr-che-v2,True,0.0,0,150,0.08,converged,,bfgs_standard,"[{""ase_converged"": true, ""converged"": true, ""end_geometry_sha256"": ""cc5eb07887abeb0b156f830243e07893389f2d9374ed69e2dda72456a9132173"", ""failure_class"": null, ""max_force_eV_A"": 0.0, ""name"": ""bfgs_standard"", ""start_geometry_sha256"": ""cc5eb07887abeb0b156f830243e07893389f2d9374ed69e2dda72456a9132173"", ""steps"": 0}]",cc5eb07887abeb0b156f830243e07893389f2d9374ed69e2dda72456a9132173,-95.6293088743616,True,0.06872376579522833,54.0,100.0,0.08,converged,,bfgs_standard,"[{""ase_converged"": true, ""converged"": true, ""end_geometry_sha256"": ""b95c5807884f97a5060eb7c6241b193b44d2bc0e5335796cd8ce9cb8904a19a6"", ""failure_class"": null, ""max_force_eV_A"": 0.06872376579522833, ""name"": ""bfgs_standard"", ""start_geometry_sha256"": ""3ab0be51a1424eb99f786fdc1d2dfb57c2f67fe814f9c9d9c2bd770a734b9898"", ""steps"": 54}]",b95c5807884f97a5060eb7c6241b193b44d2bc0e5335796cd8ce9cb8904a19a6,0.7546041633188583,True,0.040515750895419145,42.0,100.0,0.08,converged,,bfgs_standard,"[{""ase_converged"": true, ""converged"": true, ""end_geometry_sha256"": ""419dfcb412bb583e2587815b7e79fed2c78455e7e6e5556d9cb9798824d1b1dc"", ""failure_class"": null, ""max_force_eV_A"": 0.040515750895419145, ""name"": ""bfgs_standard"", ""start_geometry_sha256"": ""a0e1adc7035ca537c9632d54641e98db2552dba4cdbde8c189adaca81f44bd8f"", ""steps"": 42}]",419dfcb412bb583e2587815b7e79fed2c78455e7e6e5556d9cb9798824d1b1dc,0.4266060955822361,True,0.07848391479679331,363.0,100.0,0.08,converged,,fire_small_step,"[{""ase_converged"": false, ""converged"": false, ""end_geometry_sha256"": ""fea0cbed90307b976b6e7de0896a1bc595137784dc0cb3ee94c5df42f5ec57d1"", ""failure_class"": ""force_threshold"", ""max_force_eV_A"": 0.15475188817445817, ""name"": ""bfgs_standard"", ""start_geometry_sha256"": ""d12d1cc57521177e0e76d0e22e1cf0b2c36d03b04701d6a8f0c6cae481c7b2c4"", ""steps"": 100}, {""ase_converged"": false, ""converged"": false, ""end_geometry_sha256"": ""7cf6568859212fda4ccbf633832fd0b69f7bab3ccf05b3f3eea7fad548b928f5"", ""failure_class"": ""force_threshold"", ""max_force_eV_A"": 19.028420043889373, ""name"": ""fire_precondition"", ""qualifying"": false, ""start_geometry_sha256"": ""d12d1cc57521177e0e76d0e22e1cf0b2c36d03b04701d6a8f0c6cae481c7b2c4"", ""steps"": 50}, {""ase_converged"": false, ""converged"": false, ""end_geometry_sha256"": ""bcda559b64084aada934cfba9fa2ca02534af43832d0cc6e5ed98f4a4a726e14"", ""failure_class"": ""force_threshold"", ""max_force_eV_A"": 55.55522743263788, ""name"": ""bfgs_after_fire"", ""start_geometry_sha256"": ""7cf6568859212fda4ccbf633832fd0b69f7bab3ccf05b3f3eea7fad548b928f5"", ""steps"": 200}, {""ase_converged"": true, ""converged"": true, ""end_geometry_sha256"": ""064553419744c1e8ef6acb962fd6e35ac744fdc98d90a3de75934ff5eca311d2"", ""failure_class"": null, ""max_force_eV_A"": 0.07848391479679331, ""name"": ""fire_small_step"", ""start_geometry_sha256"": ""fea0cbed90307b976b6e7de0896a1bc595137784dc0cb3ee94c5df42f5ec57d1"", ""steps"": 13}]",064553419744c1e8ef6acb962fd6e35ac744fdc98d90a3de75934ff5eca311d2,-0.5965371623635398,2.252143257945776,step_2_O,9.0,-2.0,True,1.1812102589010944,0.707500000035,False,quantitative_screening,2,2,95592d4ad417e39ce390,False,
"('MAXPhase', 'Ni', 'S', 'C', 3, 'Sc', 'edge_1010')",MAXPhase,True,esen-sm-conserving-all-oc25:relax-v3:orr-che-v2,True,0.06604523416270278,107,150,0.08,converged,,bfgs_standard,"[{""ase_converged"": true, ""converged"": true, ""end_geometry_sha256"": ""acf09822a6b83e3568646766f373f362482dba12cca402d85efc2c2330e5c3dc"", ""failure_class"": null, ""max_force_eV_A"": 0.06604523416270278, ""name"": ""bfgs_standard"", ""start_geometry_sha256"": ""3c08c793203992ab885c4c4d38b65fca433c884d5567fd697169938363e1b849"", ""steps"": 107}]",acf09822a6b83e3568646766f373f362482dba12cca402d85efc2c2330e5c3dc,-184.99337359444212,True,0.07158746804843988,45.0,100.0,0.08,converged,,bfgs_standard,"[{""ase_converged"": true, ""converged"": true, ""end_geometry_sha256"": ""26ae65accb2c3ae035f630117c8a6160678739afb32de7b67c7591fa036694b4"", ""failure_class"": null, ""max_force_eV_A"": 0.07158746804843988, ""name"": ""bfgs_standard"", ""start_geometry_sha256"": ""41c92e3509c53ae549e637c44c4936e79f6e55366955ad7887f8d482bd812bba"", ""steps"": 45}]",26ae65accb2c3ae035f630117c8a6160678739afb32de7b67c7591fa036694b4,-0.24826258167624476,True,0.07361520983596424,22.0,100.0,0.08,converged,,bfgs_standard,"[{""ase_converged"": true, ""converged"": true, ""end_geometry_sha256"": ""3d46335b037cbde2aad6173f2985c1401c9792d325fa94d6bafa898e2057544a"", ""failure_class"": null, ""max_force_eV_A"": 0.07361520983596424, ""name"": ""bfgs_standard"", ""start_geometry_sha256"": ""c97a6727ace3d7abfefeb63fd2817e8b0e24d9d1b7d7aaa4febe82b22d5dca7e"", ""steps"": 22}]",3d46335b037cbde2aad6173f2985c1401c9792d325fa94d6bafa898e2057544a,-0.17679508849978093,True,0.07650173687879888,282.0,100.0,0.08,converged,,bfgs_after_fire,"[{""ase_converged"": false, ""converged"": false, ""end_geometry_sha256"": ""2d015fe3f03467bef98a19c4b392369cd9637fa1d74ccf084407ec68a0541726"", ""failure_class"": ""force_threshold"", ""max_force_eV_A"": 16.798936734574234, ""name"": ""bfgs_standard"", ""start_geometry_sha256"": ""3484d58e36735ab03539d0978756db3d13bff683a7378b86ebe6fc36e4ff09c3"", ""steps"": 100}, {""ase_converged"": false, ""converged"": false, ""end_geometry_sha256"": ""d9e03280c4d236865254d49e096a26971a390946a0592b9726559e54a8267e3b"", ""failure_class"": ""force_threshold"", ""max_force_eV_A"": 9.709027788443645, ""name"": ""fire_precondition"", ""qualifying"": false, ""start_geometry_sha256"": ""3484d58e36735ab03539d0978756db3d13bff683a7378b86ebe6fc36e4ff09c3"", ""steps"": 50}, {""ase_converged"": true, ""converged"": true, ""end_geometry_sha256"": ""44a6c9d31c73dd1780d9a3755483c57e3d14458216561cc281ce681268ae6f35"", ""failure_class"": null, ""max_force_eV_A"": 0.07650173687879888, ""name"": ""bfgs_after_fire"", ""start_geometry_sha256"": ""d9e03280c4d236865254d49e096a26971a390946a0592b9726559e54a8267e3b"", ""steps"": 132}]",44a6c9d31c73dd1780d9a3755483c57e3d14458216561cc281ce681268ae6f35,9.281835030019288,3.0,step_1_OOH,10.0,0.0,True,0.4250576701760257,0.5199556092414295,False,quantitative_screening,1,1,11018ad08a98449616bc,False,
"('MAXPhase', 'Ni', 'Ge', 'N', 1, 'Fe', 'basal_0001')",MAXPhase,True,esen-sm-conserving-all-oc25:relax-v3:orr-che-v2,True,0.014493463283866841,27,150,0.08,converged,,bfgs_standard,"[{""ase_converged"": true, ""converged"": true, ""end_geometry_sha256"": ""832ca44459f364d7df8bf45bd21f5537b6367176f5775dc98c4cd2098568189e"", ""failure_class"": null, ""max_force_eV_A"": 0.014493463283866841, ""name"": ""bfgs_standard"", ""start_geometry_sha256"": ""739f7f3343e3a76d07d178ef9a0f4d2ea9dc519d5e0e8ce1d398cc08ada303f7"", ""steps"": 27}]",832ca44459f364d7df8bf45bd21f5537b6367176f5775dc98c4cd2098568189e,-129.22005881890456,True,0.06447425670730104,42.0,100.0,0.08,converged,,bfgs_standard,"[{""ase_converged"": true, ""converged"": true, ""end_geometry_sha256"": ""6580b8ea116da59ae899c1a014514d502d6861cf8373fe922c7998cd1b688634"", ""failure_class"": null, ""max_force_eV_A"": 0.06447425670730104, ""name"": ""bfgs_standard"", ""start_geometry_sha256"": ""bacb14af706d5fb44fb0fd3f094d897afeca33e89f9ce0a73f43de00fa717b2b"", ""steps"": 42}]",6580b8ea116da59ae899c1a014514d502d6861cf8373fe922c7998cd1b688634,3.399417700916529,True,0.06734840159631823,33.0,100.0,0.08,converged,,bfgs_standard,"[{""ase_converged"": true, ""converged"": true, ""end_geometry_sha256"": ""314ec341d3586bf18da40fe099d5ff69a70acefe31f42422e735a96c9fdbceb3"", ""failure_class"": null, ""max_force_eV_A"": 0.06734840159631823, ""name"": ""bfgs_standard"", ""start_geometry_sha256"": ""8b6d8b4c29df2148f34c458f257737576ebc9949d071699f323acaa3e60c90c2"", ""steps"": 33}]",314ec341d3586bf18da40fe099d5ff69a70acefe31f42422e735a96c9fdbceb3,-3.1269656054675545,True,0.028462465689102663,53.0,100.0,0.08,converged,,bfgs_standard,"[{""ase_converged"": true, ""converged"": true, ""end_geometry_sha256"": ""3fd830746b69db036e6a8ec6870edc6cf154ddefe8587fa668edf27130a4309d"", ""failure_class"": null, ""max_force_eV_A"": 0.028462465689102663, ""name"": ""bfgs_standard"", ""start_geometry_sha256"": ""8d4f5eef650784ed00ddfcf9c4c6e112e9248339a03c15723dfc521aea9c8d1e"", ""steps"": 53}]",3fd830746b69db036e6a8ec6870edc6cf154ddefe8587fa668edf27130a4309d,5.486546944081788,3.0,step_3_OH,7.0,0.0,True,6.5263833063840835,0.707500000035,False,quantitative_screening,0,0,442ff6a8b383783419b7,False,
"('HEA', ('Zn', 'Ta', 'Re', 'Al', 'Sn', 'Y'), 'hcp', '110', 800)",HEA,False,esen-sm-conserving-all-oc25:relax-v3:orr-che-v2,True,0.06160672958357993,253,150,0.08,converged,,bfgs_after_fire,"[{""ase_converged"": false, ""converged"": false, ""end_geometry_sha256"": ""d49a8ff14945ed3a480b65a9f7ceb24a3fc8bf0119c585ba8583a87ea9252202"", ""failure_class"": ""force_threshold"", ""max_force_eV_A"": 0.09678251433662101, ""name"": ""bfgs_standard"", ""start_geometry_sha256"": ""a7041a10d9bafa8a1156518f86b59b8e6971952b1e450d79abe3a6122bfd6877"", ""steps"": 150}, {""ase_converged"": true, ""converged"": true, ""end_geometry_sha256"": ""f4986a6b189a1c7aa878f0df0916b5fa6f62a19702a95ce79782463a35f1c21d"", ""failure_class"": null, ""max_force_eV_A"": 0.24580916163504976, ""name"": ""fire_precondition"", ""qualifying"": false, ""start_geometry_sha256"": ""a7041a10d9bafa8a1156518f86b59b8e6971952b1e450d79abe3a6122bfd6877"", ""steps"": 60}, {""ase_converged"": true, ""converged"": true, ""end_geometry_sha256"": ""2870d50d9d0298389e3f5929b567e35ef15f804dd835c2e4ebdab5032a32bcd3"", ""failure_class"": null, ""max_force_eV_A"": 0.06160672958357993, ""name"": ""bfgs_after_fire"", ""start_geometry_sha256"": ""f4986a6b189a1c7aa878f0df0916b5fa6f62a19702a95ce79782463a35f1c21d"", ""steps"": 43}]",2870d50d9d0298389e3f5929b567e35ef15f804dd835c2e4ebdab5032a32bcd3,-70.78725730922541,True,0.07034123097434002,88.0,100.0,0.08,converged,,bfgs_standard,"[{""ase_converged"": true, ""converged"": true, ""end_geometry_sha256"": ""d93ea269ad32e03b2fcec407230d745c4d94a8f986e61047450bd09d35f2564c"", ""failure_class"": null, ""max_force_eV_A"": 0.07034123097434002, ""name"": ""bfgs_standard"", ""start_geometry_sha256"": ""c382e328601fe02ec3522ee3f870926a3f4ea53ce065a704ff60266c99178172"", ""steps"": 88}]",d93ea269ad32e03b2fcec407230d745c4d94a8f986e61047450bd09d35f2564c,-1.6456605766713477,True,0.07505159842037683,309.0,100.0,0.08,converged,,bfgs_after_fire,"[{""ase_converged"": false, ""converged"": false, ""end_geometry_sha256"": ""acf72fec203f6c262a2018e35c100b2d347186c6dfae77a4594a76112f1f2649"", ""failure_class"": ""force_threshold"", ""max_force_eV_A"": 0.3543318856969115, ""name"": ""bfgs_standard"", ""start_geometry_sha256"": ""a6f2d97990f9904a604bfd78eb25655ddd10e68c0910ec3ae5f9db7436153f37"", ""steps"": 100}, {""ase_converged"": false, ""converged"": false, ""end_geometry_sha256"": ""dbf2676c80bd3c81abcf89c2c89abc510893eb7291d1dc3d6984f8234993cd18"", ""failure_class"": ""force_threshold"", ""max_force_eV_A"": 0.3439173204692404, ""name"": ""fire_precondition"", ""qualifying"": false, ""start_geometry_sha256"": ""a6f2d97990f9904a604bfd78eb25655ddd10e68c0910ec3ae5f9db7436153f37"", ""steps"": 50}, {""ase_converged"": true, ""converged"": true, ""end_geometry_sha256"": ""ae54b602a67feccd099ab0c80249f6299b7c01359ffd9889110f1192f7d2af24"", ""failure_class"": null, ""max_force_eV_A"": 0.07505159842037683, ""name"": ""bfgs_after_fire"", ""start_geometry_sha256"": ""dbf2676c80bd3c81abcf89c2c89abc510893eb7291d1dc3d6984f8234993cd18"", ""steps"": 159}]",ae54b602a67feccd099ab0c80249f6299b7c01359ffd9889110f1192f7d2af24,-2.540400110930187,False,0.10191961854203294,650.0,100.0,0.08,recovery_exhausted,force_threshold,bfgs_standard,"[{""ase_converged"": false, ""converged"": false, ""end_geometry_sha256"": ""8d9af04ff0a436698ae1630bad568080965abf73a746a17666b29dc8189c7c97"", ""failure_class"": ""force_threshold"", ""max_force_eV_A"": 0.10191961854203294, ""name"": ""bfgs_standard"", ""start_geometry_sha256"": ""bb50f7158e85cfdf79b1da7829ec0b8d75dd2bbba0856dc8b7678d548bedbc29"", ""steps"": 100}, {""ase_converged"": false, ""converged"": false, ""end_geometry_sha256"": ""cb999bb55c83fdc6fcd810be2331ea018cd9c974755ae32eb675b30c1284a674"", ""failure_class"": ""force_threshold"", ""max_force_eV_A"": 3.0498805924806036, ""name"": ""fire_precondition"", ""qualifying"": false, ""start_geometry_sha256"": ""bb50f7158e85cfdf79b1da7829ec0b8d75dd2bbba0856dc8b7678d548bedbc29"", ""steps"": 50}, {""ase_converged"": false, ""converged"": false, ""end_geometry_sha256"": ""6b34ef05a06fffe5973e186a14969e80c31758983da93f57978c9aecd7fafc83"", ""failure_class"": ""force_threshold"", ""max_force_eV_A"": 0.9146873742609372, ""name"": ""bfgs_after_fire"", ""start_geometry_sha256"": ""cb999bb55c83fdc6fcd810be2331ea018cd9c974755ae32eb675b30c1284a674"", ""steps"": 200}, {""ase_converged"": false, ""converged"": false, ""end_geometry_sha256"": ""dfff337a3539491010db1fcce1417c4b0d955100140f603508af8a21997caeca"", ""failure_class"": ""force_threshold"", ""max_force_eV_A"": 0.10208457621811495, ""name"": ""fire_small_step"", ""start_geometry_sha256"": ""8d9af04ff0a436698ae1630bad568080965abf73a746a17666b29dc8189c7c97"", ""steps"": 300}]",8d9af04ff0a436698ae1630bad568080965abf73a746a17666b29dc8189c7c97,,,,,,,,,True,validation_required,0,0,2f0a0307dff77bfa329b,False,Unconverged ooh relaxation: max_force=0.10192 eV/A after 650 cumulative recovery steps
"('HEA', ('Nb', 'Mo', 'Ag', 'Si', 'Bi', 'Y'), 'hcp', '110', 800)",HEA,True,esen-sm-conserving-all-oc25:relax-v3:orr-che-v2,True,0.05814289071065378,43,150,0.08,converged,,bfgs_standard,"[{""ase_converged"": true, ""converged"": true, ""end_geometry_sha256"": ""609ef22a204824f10d695a1dc6c53768d5d87497cde693f33916bec6cab15ae6"", ""failure_class"": null, ""max_force_eV_A"": 0.05814289071065378, ""name"": ""bfgs_standard"", ""start_geometry_sha256"": ""902c375f87a0df64d6ab82f734c708ba1f7258a0a2e490a14b58db7aef4e7ee3"", ""steps"": 43}]",609ef22a204824f10d695a1dc6c53768d5d87497cde693f33916bec6cab15ae6,-312.27387262539514,True,0.07319196950354087,77.0,100.0,0.08,converged,,bfgs_standard,"[{""ase_converged"": true, ""converged"": true, ""end_geometry_sha256"": ""7382a4ec152a00f21e20d5dd366d0ad48eb69ccb701478b850be87881c329989"", ""failure_class"": null, ""max_force_eV_A"": 0.07319196950354087, ""name"": ""bfgs_standard"", ""start_geometry_sha256"": ""842695bd201052f153641bb3b5af843e30139e7e41fd105c118241b716176d5c"", ""steps"": 77}]",7382a4ec152a00f21e20d5dd366d0ad48eb69ccb701478b850be87881c329989,-1.2599336479604244,True,0.059040455315035684,372.0,100.0,0.08,converged,,fire_small_step,"[{""ase_converged"": false, ""converged"": false, ""end_geometry_sha256"": ""e1ed89e1aa3f90daca64923ff89e6ad2b85b6cf21333fcf4212e9c111f090c67"", ""failure_class"": ""force_threshold"", ""max_force_eV_A"": 1.463499962256089, ""name"": ""bfgs_standard"", ""start_geometry_sha256"": ""d9baf40800ba4fea8a7494efda456686af43f75ba8b22f33f1f5827b437490e2"", ""steps"": 100}, {""ase_converged"": false, ""converged"": false, ""end_geometry_sha256"": ""2ba82d0a9701a11939fa1b46902edfba46bc8647ba5f948f274a62f031c13ed6"", ""failure_class"": ""force_threshold"", ""max_force_eV_A"": 1.1218293412714655, ""name"": ""fire_precondition"", ""qualifying"": false, ""start_geometry_sha256"": ""d9baf40800ba4fea8a7494efda456686af43f75ba8b22f33f1f5827b437490e2"", ""steps"": 50}, {""ase_converged"": false, ""converged"": false, ""end_geometry_sha256"": ""dd2b9f0226fe134c69fd3b063b2b96ad319bcfdfedf22d5c1d57705eb8086f57"", ""failure_class"": ""force_threshold"", ""max_force_eV_A"": 0.1761540815812855, ""name"": ""bfgs_after_fire"", ""start_geometry_sha256"": ""2ba82d0a9701a11939fa1b46902edfba46bc8647ba5f948f274a62f031c13ed6"", ""steps"": 200}, {""ase_converged"": true, ""converged"": true, ""end_geometry_sha256"": ""a2e75a0e18fd8477e9c255997554e8347fb5e09912d6bb223e59d8a48799af0c"", ""failure_class"": null, ""max_force_eV_A"": 0.059040455315035684, ""name"": ""fire_small_step"", ""start_geometry_sha256"": ""dd2b9f0226fe134c69fd3b063b2b96ad319bcfdfedf22d5c1d57705eb8086f57"", ""steps"": 22}]",a2e75a0e18fd8477e9c255997554e8347fb5e09912d6bb223e59d8a48799af0c,-2.4713831774890673,True,0.07940622258197648,96.0,100.0,0.08,converged,,bfgs_standard,"[{""ase_converged"": true, ""converged"": true, ""end_geometry_sha256"": ""ecd66fd30c55f791d987dcbe4950cdac3f9ab064269b0a0378b077465fb46715"", ""failure_class"": null, ""max_force_eV_A"": 0.07940622258197648, ""name"": ""bfgs_standard"", ""start_geometry_sha256"": ""7ca289ee6c9fda21f7291effdbdd6c70abccdd0a6f70568822b6e511b10ef931"", ""steps"": 96}]",ecd66fd30c55f791d987dcbe4950cdac3f9ab064269b0a0378b077465fb46715,2.33900589793918,2.4889336479604243,step_4_H2O,10.0,-0.2909581532358343,True,3.7313168254494915,0.902500000035,False,quantitative_screening,2,2,0ff4b79f0ad148c3c6c9,False,
"('HEA', ('Mo', 'W', 'Pt', 'Al', 'Ga', 'Sc'), 'hcp', '110', 800)",HEA,True,esen-sm-conserving-all-oc25:relax-v3:orr-che-v2,True,0.07454719758000164,48,150,0.08,converged,,bfgs_standard,"[{""ase_converged"": true, ""converged"": true, ""end_geometry_sha256"": ""fc733bcfad4e47657047b202f9b39ef40563ded2bb5830b82a8bf0a91e3330c0"", ""failure_class"": null, ""max_force_eV_A"": 0.07454719758000164, ""name"": ""bfgs_standard"", ""start_geometry_sha256"": ""a07d362b5beb374cb7d58b8a40b0a7820349466af1584085cb6a0eb91c70d8d2"", ""steps"": 48}]",fc733bcfad4e47657047b202f9b39ef40563ded2bb5830b82a8bf0a91e3330c0,-329.2251698248264,True,0.06410558236724251,191.0,100.0,0.08,converged,,bfgs_after_fire,"[{""ase_converged"": false, ""converged"": false, ""end_geometry_sha256"": ""335494d703e62580359d759ed3432a147466da5063623731ffc74689ba791032"", ""failure_class"": ""force_threshold"", ""max_force_eV_A"": 0.730711870126159, ""name"": ""bfgs_standard"", ""start_geometry_sha256"": ""363b037e9e87d69fd4afaa29427d3ed206b5556326b5e2e662e836bb87571a08"", ""steps"": 100}, {""ase_converged"": true, ""converged"": true, ""end_geometry_sha256"": ""fee7bcae336e8d41343a7e51fa211e81d9d2dda623085f1ee737e54c0c5c6e15"", ""failure_class"": null, ""max_force_eV_A"": 0.19352399558831407, ""name"": ""fire_precondition"", ""qualifying"": false, ""start_geometry_sha256"": ""363b037e9e87d69fd4afaa29427d3ed206b5556326b5e2e662e836bb87571a08"", ""steps"": 26}, {""ase_converged"": true, ""converged"": true, ""end_geometry_sha256"": ""3c71cd87314b2557b90efd70653ea6171c87c84aa47c156b6ba97bc99bcd71d6"", ""failure_class"": null, ""max_force_eV_A"": 0.06410558236724251, ""name"": ""bfgs_after_fire"", ""start_geometry_sha256"": ""fee7bcae336e8d41343a7e51fa211e81d9d2dda623085f1ee737e54c0c5c6e15"", ""steps"": 65}]",3c71cd87314b2557b90efd70653ea6171c87c84aa47c156b6ba97bc99bcd71d6,-1.2534505699574379,True,0.07191947270805649,36.0,100.0,0.08,converged,,bfgs_standard,"[{""ase_converged"": true, ""converged"": true, ""end_geometry_sha256"": ""1f086326fa2a50332f794348b88a5b5b7d13442ff13fb8abddddb7d8aa6e9686"", ""failure_class"": null, ""max_force_eV_A"": 0.07191947270805649, ""name"": ""bfgs_standard"", ""start_geometry_sha256"": ""80c682c054646d2eb68605d3ea52fd2093a2dbfad1cd144c450ec7bb2eae8dba"", ""steps"": 36}]",1f086326fa2a50332f794348b88a5b5b7d13442ff13fb8abddddb7d8aa6e9686,-0.6844855181872525,True,0.07665523629296479,443.0,100.0,0.08,converged,,fire_small_step,"[{""ase_converged"": false, ""converged"": false, ""end_geometry_sha256"": ""1f273b7fb4cadf6e5d7cd171527ad7c9243899a0c49b8f06763e3617ab4a0140"", ""failure_class"": ""force_threshold"", ""max_force_eV_A"": 0.9515600692831553, ""name"": ""bfgs_standard"", ""start_geometry_sha256"": ""fc1bc3e6c7177daaf2903742387014913130befdaf3f0cff957948ecff61b38a"", ""steps"": 100}, {""ase_converged"": false, ""converged"": false, ""end_geometry_sha256"": ""29f0955626983a00ee1b05574f972b617075946d6bc721ceb3e1a811830393e2"", ""failure_class"": ""force_threshold"", ""max_force_eV_A"": 0.7097209571051043, ""name"": ""fire_precondition"", ""qualifying"": false, ""start_geometry_sha256"": ""fc1bc3e6c7177daaf2903742387014913130befdaf3f0cff957948ecff61b38a"", ""steps"": 50}, {""ase_converged"": false, ""converged"": false, ""end_geometry_sha256"": ""359bd43abd8f8c53f3423570ddec40fef45a8a29c0a8b648b0c5ba210d58a5a3"", ""failure_class"": ""force_threshold"", ""max_force_eV_A"": 1.3939889704150552, ""name"": ""bfgs_after_fire"", ""start_geometry_sha256"": ""29f0955626983a00ee1b05574f972b617075946d6bc721ceb3e1a811830393e2"", ""steps"": 200}, {""ase_converged"": true, ""converged"": true, ""end_geometry_sha256"": ""b7896822e1a03c3dc6748a971842f71805354a90a0e245a7313805a1b5e33630"", ""failure_class"": null, ""max_force_eV_A"": 0.07665523629296479, ""name"": ""fire_small_step"", ""start_geometry_sha256"": ""29f0955626983a00ee1b05574f972b617075946d6bc721ceb3e1a811830393e2"", ""steps"": 93}]",b7896822e1a03c3dc6748a971842f71805354a90a0e245a7313805a1b5e33630,-2.6761041179299037,3.0,step_2_O,10.0,-0.19612087320699834,True,1.9379360881446903,0.902500000035,False,quantitative_screening,1,1,1d7ac089cba3b7b25472,False,
"('HEA', ('Rh', 'Pd', 'W', 'Re', 'Au', 'Sc'), 'fcc', '111', 800)",HEA,True,esen-sm-conserving-all-oc25:relax-v3:orr-che-v2,True,0.06951188016429181,14,150,0.08,converged,,bfgs_standard,"[{""ase_converged"": true, ""converged"": true, ""end_geometry_sha256"": ""8b4437d77c7fcc6d51b779562749be4ba2a1787995bf81047e940366752d78a3"", ""failure_class"": null, ""max_force_eV_A"": 0.06951188016429181, ""name"": ""bfgs_standard"", ""start_geometry_sha256"": ""21d5b33db62b7ee1c34ee6b1a6f9d2431aebcf820da15bd600dba152d2329749"", ""steps"": 14}]",8b4437d77c7fcc6d51b779562749be4ba2a1787995bf81047e940366752d78a3,-255.03462561820123,True,0.0672226720018007,70.0,100.0,0.08,converged,,bfgs_standard,"[{""ase_converged"": true, ""converged"": true, ""end_geometry_sha256"": ""6b777256ae702b751c55a0a7c3f0fed559a42c0f281d6f93ee9d0dfe9036402d"", ""failure_class"": null, ""max_force_eV_A"": 0.0672226720018007, ""name"": ""bfgs_standard"", ""start_geometry_sha256"": ""28b98965e74b6d2917601e9d315a455403d3efc700bc376606a0fc153a90d357"", ""steps"": 70}]",6b777256ae702b751c55a0a7c3f0fed559a42c0f281d6f93ee9d0dfe9036402d,1.597942176014185,True,0.07630242766860211,43.0,100.0,0.08,converged,,bfgs_standard,"[{""ase_converged"": true, ""converged"": true, ""end_geometry_sha256"": ""ec0bf34251524c5f3dc13030673ed7a41b44fe9e0f1c0838b9280014a444b456"", ""failure_class"": null, ""max_force_eV_A"": 0.07630242766860211, ""name"": ""bfgs_standard"", ""start_geometry_sha256"": ""502054d90e89771979e91e821670abfb8d780098441c0e18c8b357410f58b466"", ""steps"": 43}]",ec0bf34251524c5f3dc13030673ed7a41b44fe9e0f1c0838b9280014a444b456,1.7515515454113235,True,0.07994212492851999,195.0,100.0,0.08,converged,,bfgs_after_fire,"[{""ase_converged"": false, ""converged"": false, ""end_geometry_sha256"": ""bad57807e9ea0d7176e98af262618d756f01dc358a14ccd5696c8f6de441d0e7"", ""failure_class"": ""force_threshold"", ""max_force_eV_A"": 0.2120752828218338, ""name"": ""bfgs_standard"", ""start_geometry_sha256"": ""23ee9d60c20d71fbee35e908c074ecb1d779bbb0e298cbb9a7d633c9cf144e31"", ""steps"": 100}, {""ase_converged"": false, ""converged"": false, ""end_geometry_sha256"": ""7324ebe8557e9c75fa41a3afea29f34c900453f08ab24323538a117b96ea8d0c"", ""failure_class"": ""force_threshold"", ""max_force_eV_A"": 1.4763016793209962, ""name"": ""fire_precondition"", ""qualifying"": false, ""start_geometry_sha256"": ""23ee9d60c20d71fbee35e908c074ecb1d779bbb0e298cbb9a7d633c9cf144e31"", ""steps"": 50}, {""ase_converged"": true, ""converged"": true, ""end_geometry_sha256"": ""25d3e364b840d0d3c860e7cea63362bbf4c8c349eb0e1b50583eb3f5095a94bd"", ""failure_class"": null, ""max_force_eV_A"": 0.07994212492851999, ""name"": ""bfgs_after_fire"", ""start_geometry_sha256"": ""7324ebe8557e9c75fa41a3afea29f34c900453f08ab24323538a117b96ea8d0c"", ""steps"": 45}]",25d3e364b840d0d3c860e7cea63362bbf4c8c349eb0e1b50583eb3f5095a94bd,2.147033165395235,1.0753906306028616,step_3_OH,10.0,-2.0,True,3.3494937214255085,0.902500000035,False,quantitative_screening,2,2,8b426486780a4cf988e5,False,
"('Spinel', 'Li', 'Mn', 'La', 'nanoparticle', 'N-graphene')",Spinel,False,esen-sm-conserving-all-oc25:relax-v3:orr-che-v2,True,0.07398478770733218,89,150,0.08,converged,,bfgs_standard,"[{""ase_converged"": true, ""converged"": true, ""end_geometry_sha256"": ""25e1a476950ff6b07aa8a6892663f51962385729abf7d0aa97cda381b681002b"", ""failure_class"": null, ""max_force_eV_A"": 0.07398478770733218, ""name"": ""bfgs_standard"", ""start_geometry_sha256"": ""80ce818fc825eae817a46dcf4a555c4c05675ed0737ec084559c534b9b967540"", ""steps"": 89}]",25e1a476950ff6b07aa8a6892663f51962385729abf7d0aa97cda381b681002b,-374.1207122686231,False,,0.0,100.0,0.08,invalid_initial_geometry,atomic_overlap,none,[],d58906d769dea2f4e4fba825323f2201dc1b1899b306374562fa561eb354a3e4,,,,,,,,,,,,,,,,,,,,,,,,,,,,,,,True,validation_required,1,1,2cd48a909bb59c90c05e,False,Invalid oh initial geometry: atomic_overlap
"('Spinel', 'Li', 'Cr', 'Nb', 'nanoparticle', 'N-graphene')",Spinel,True,esen-sm-conserving-all-oc25:relax-v3:orr-che-v2,True,0.07515277718476643,93,150,0.08,converged,,bfgs_standard,"[{""ase_converged"": true, ""converged"": true, ""end_geometry_sha256"": ""f996fcaf01707f98dc62356973dcce2a3bb510a84aefee32ebe47abd83e1da0f"", ""failure_class"": null, ""max_force_eV_A"": 0.07515277718476643, ""name"": ""bfgs_standard"", ""start_geometry_sha256"": ""9f130aba59c026471417b7afca1506a0a4ca47f08e84148e9f0f86f5a67c1d7d"", ""steps"": 93}]",f996fcaf01707f98dc62356973dcce2a3bb510a84aefee32ebe47abd83e1da0f,-398.69836691754125,True,0.07994349021510425,88.0,100.0,0.08,converged,,bfgs_standard,"[{""ase_converged"": true, ""converged"": true, ""end_geometry_sha256"": ""6008986062c1b6eb5123dfb7d3c3044017941d30d0b90e3fc71dd6baad193430"", ""failure_class"": null, ""max_force_eV_A"": 0.07994349021510425, ""name"": ""bfgs_standard"", ""start_geometry_sha256"": ""91c6e0b5b563ae1dc1f269dd386e3e9695c89de743d2d9c1e91db17d93afa078"", ""steps"": 88}]",6008986062c1b6eb5123dfb7d3c3044017941d30d0b90e3fc71dd6baad193430,-1.1572943900526138,True,0.07826853233200491,71.0,100.0,0.08,converged,,bfgs_standard,"[{""ase_converged"": true, ""converged"": true, ""end_geometry_sha256"": ""cdcac6c95d3a20cede4d2b4ee4782c46b596612fb77d862e96b04ad9729a3f64"", ""failure_class"": null, ""max_force_eV_A"": 0.07826853233200491, ""name"": ""bfgs_standard"", ""start_geometry_sha256"": ""a1d4bce1e0be085229d30f4935477dbb1f83886a56683f2c1037df5ff32034a6"", ""steps"": 71}]",cdcac6c95d3a20cede4d2b4ee4782c46b596612fb77d862e96b04ad9729a3f64,-1.2739420168102604,True,0.07199822935976931,93.0,100.0,0.08,converged,,bfgs_standard,"[{""ase_converged"": true, ""converged"": true, ""end_geometry_sha256"": ""15798228c2c9f093b33068174949e9c4e0db932aa37b9b9ebec24e2823c3cbb8"", ""failure_class"": null, ""max_force_eV_A"": 0.07199822935976931, ""name"": ""bfgs_standard"", ""start_geometry_sha256"": ""c9a223375f3a1ac8c16ee2453679d02368f1a3863da191dcda80bb9b526e033b"", ""steps"": 93}]",15798228c2c9f093b33068174949e9c4e0db932aa37b9b9ebec24e2823c3cbb8,-1.0678193464876038,2.3862943900526137,step_4_H2O,9.0,0.0,True,2.4312364068628742,0.6852014328916924,False,quantitative_screening,1,1,6ad6e5f2e89f61920d9c,False,
"('Spinel', 'Li', 'Ti', 'W', 'nanoparticle', 'N-graphene')",Spinel,True,esen-sm-conserving-all-oc25:relax-v3:orr-che-v2,True,0.07043516657662681,388,150,0.08,converged,,bfgs_after_fire,"[{""ase_converged"": false, ""converged"": false, ""end_geometry_sha256"": ""1dbb3cf32fccb295d43da412128cbaf835d32e4d51bafeb1a580490daac77912"", ""failure_class"": ""force_threshold"", ""max_force_eV_A"": 0.14318291473881786, ""name"": ""bfgs_standard"", ""start_geometry_sha256"": ""b6a943095877f9d5a1713501fadd84456d0061b88acecf964dee8e17fd6bc08d"", ""steps"": 150}, {""ase_converged"": false, ""converged"": false, ""end_geometry_sha256"": ""a15703b3bfbd06728e660db7dbeb38fbaa406892dd69f5b24a80410b93f0ba7c"", ""failure_class"": ""force_threshold"", ""max_force_eV_A"": 0.6627885547235878, ""name"": ""fire_precondition"", ""qualifying"": false, ""start_geometry_sha256"": ""b6a943095877f9d5a1713501fadd84456d0061b88acecf964dee8e17fd6bc08d"", ""steps"": 75}, {""ase_converged"": true, ""converged"": true, ""end_geometry_sha256"": ""1d61e4093cbb60554e31ef28cc82cc14c4bcdc87690e7d8483a440bbebebe29c"", ""failure_class"": null, ""max_force_eV_A"": 0.07043516657662681, ""name"": ""bfgs_after_fire"", ""start_geometry_sha256"": ""a15703b3bfbd06728e660db7dbeb38fbaa406892dd69f5b24a80410b93f0ba7c"", ""steps"": 163}]",1d61e4093cbb60554e31ef28cc82cc14c4bcdc87690e7d8483a440bbebebe29c,-422.8522112529782,True,0.07722004288478976,61.0,100.0,0.08,converged,,bfgs_standard,"[{""ase_converged"": true, ""converged"": true, ""end_geometry_sha256"": ""e0275497dd0b026848509184812a2f6201c14fcd08376d208080c4e918f4bb96"", ""failure_class"": null, ""max_force_eV_A"": 0.07722004288478976, ""name"": ""bfgs_standard"", ""start_geometry_sha256"": ""f4005668619f9cae5c7ea3f07fbe83ef7226ea7ae32fa54563c714e035547bbb"", ""steps"": 61}]",e0275497dd0b026848509184812a2f6201c14fcd08376d208080c4e918f4bb96,-0.7312623833119869,True,0.07985104747123666,272.0,100.0,0.08,converged,,bfgs_after_fire,"[{""ase_converged"": false, ""converged"": false, ""end_geometry_sha256"": ""fe8f900c64e02ee2f1298f73b55c2c9dc896e9efac84d325e17f50e99ca0bb7f"", ""failure_class"": ""force_threshold"", ""max_force_eV_A"": 0.2294734426224894, ""name"": ""bfgs_standard"", ""start_geometry_sha256"": ""e2638ea35b23cc27ee71e127649e7d1f99a41327d11eedf71628c43cd6d8974c"", ""steps"": 100}, {""ase_converged"": false, ""converged"": false, ""end_geometry_sha256"": ""24bb26ccbfdea3744b56ea63397189c690c928a374396e3bbbb6139faad00af3"", ""failure_class"": ""force_threshold"", ""max_force_eV_A"": 0.6901396428152713, ""name"": ""fire_precondition"", ""qualifying"": false, ""start_geometry_sha256"": ""e2638ea35b23cc27ee71e127649e7d1f99a41327d11eedf71628c43cd6d8974c"", ""steps"": 50}, {""ase_converged"": true, ""converged"": true, ""end_geometry_sha256"": ""a5f2d0c8e0b2917663bda461503cdba79fe63caaccbad11b89a8bcbd59af755f"", ""failure_class"": null, ""max_force_eV_A"": 0.07985104747123666, ""name"": ""bfgs_after_fire"", ""start_geometry_sha256"": ""24bb26ccbfdea3744b56ea63397189c690c928a374396e3bbbb6139faad00af3"", ""steps"": 122}]",a5f2d0c8e0b2917663bda461503cdba79fe63caaccbad11b89a8bcbd59af755f,-3.035046660155083,True,0.0703828798468397,69.0,100.0,0.08,converged,,bfgs_standard,"[{""ase_converged"": true, ""converged"": true, ""end_geometry_sha256"": ""06aa343029085c8654bd2c928560309c1bf6998a8ce43793edef8dddc2717dfc"", ""failure_class"": null, ""max_force_eV_A"": 0.0703828798468397, ""name"": ""bfgs_standard"", ""start_geometry_sha256"": ""dd4628209a92981989b1111fc9608ff84b8afdd86740d81f7f4e9aedd341332b"", ""steps"": 69}]",06aa343029085c8654bd2c928560309c1bf6998a8ce43793edef8dddc2717dfc,-4.005619575083281,3.0,step_3_OH,10.0,0.0,True,3.7663090434670696,0.6852014328916924,False,quantitative_screening,0,0,acad11ba4bcf2170e4d2,False,
"('Spinel', 'Li', 'V', 'Zr', 'nanoparticle', 'N-graphene')",Spinel,True,esen-sm-conserving-all-oc25:relax-v3:orr-che-v2,True,0.06735763328595094,124,150,0.08,converged,,bfgs_standard,"[{""ase_converged"": true, ""converged"": true, ""end_geometry_sha256"": ""b7c3de24f391b679bba93092e83ba010b02e9cf8cce346acde80a14b722173ec"", ""failure_class"": null, ""max_force_eV_A"": 0.06735763328595094, ""name"": ""bfgs_standard"", ""start_geometry_sha256"": ""05504c5d22211f38f035302d949ebd72499427b13d2742bd4d6539dc13c0f475"", ""steps"": 124}]",b7c3de24f391b679bba93092e83ba010b02e9cf8cce346acde80a14b722173ec,-416.51462099857144,True,0.05119515413303906,54.0,100.0,0.08,converged,,bfgs_standard,"[{""ase_converged"": true, ""converged"": true, ""end_geometry_sha256"": ""b297a89c27defd123cee3171ea40076cc0070bbb4ca2f32d6f144da688264328"", ""failure_class"": null, ""max_force_eV_A"": 0.05119515413303906, ""name"": ""bfgs_standard"", ""start_geometry_sha256"": ""d769bd1f2b22e3d711c71a31d52f7c5391d6c2926343a8897d67636a593bb5f9"", ""steps"": 54}]",b297a89c27defd123cee3171ea40076cc0070bbb4ca2f32d6f144da688264328,-1.147534546703157,True,0.07801152513061195,65.0,100.0,0.08,converged,,bfgs_standard,"[{""ase_converged"": true, ""converged"": true, ""end_geometry_sha256"": ""bf808e107e46c2bf14007333f2f2ca5d6de61984f2a1c8779f85bc3b2c43cf7f"", ""failure_class"": null, ""max_force_eV_A"": 0.07801152513061195, ""name"": ""bfgs_standard"", ""start_geometry_sha256"": ""ae9184ed2f450b537c5bbddb7070038cec5b4e5535fc0e9512fe05f4934755bb"", ""steps"": 65}]",bf808e107e46c2bf14007333f2f2ca5d6de61984f2a1c8779f85bc3b2c43cf7f,-1.7040053240955124,True,0.07768685706049717,258.0,100.0,0.08,converged,,bfgs_after_fire,"[{""ase_converged"": false, ""converged"": false, ""end_geometry_sha256"": ""f2ab4398fecbda3cf1a0c3f30f9609989871c8d13d644769886f79a88d9aa5bd"", ""failure_class"": ""force_threshold"", ""max_force_eV_A"": 0.09967132452970062, ""name"": ""bfgs_standard"", ""start_geometry_sha256"": ""51935793c869c6b6f23e013855049a7f815a13862b96453bfb5a1357ded33cc5"", ""steps"": 100}, {""ase_converged"": false, ""converged"": false, ""end_geometry_sha256"": ""40a7e588574c2cb1c0eff1709262a8243fe0d6b44eaf34049c0a33f2d90ed9f3"", ""failure_class"": ""force_threshold"", ""max_force_eV_A"": 1.0042537663418494, ""name"": ""fire_precondition"", ""qualifying"": false, ""start_geometry_sha256"": ""51935793c869c6b6f23e013855049a7f815a13862b96453bfb5a1357ded33cc5"", ""steps"": 50}, {""ase_converged"": true, ""converged"": true, ""end_geometry_sha256"": ""3eb1af7d5eb1d4945d6abc49bc0fff63c90bf6bf5c5bf24993916043819e75e5"", ""failure_class"": null, ""max_force_eV_A"": 0.07768685706049717, ""name"": ""bfgs_after_fire"", ""start_geometry_sha256"": ""40a7e588574c2cb1c0eff1709262a8243fe0d6b44eaf34049c0a33f2d90ed9f3"", ""steps"": 108}]",3eb1af7d5eb1d4945d6abc49bc0fff63c90bf6bf5c5bf24993916043819e75e5,-2.9471822276711714,2.472176903575659,step_2_O,9.0,0.0,True,2.8515398707986694,0.6852014328916924,False,quantitative_screening,2,2,1080465e0b445301245b,False,
"('MXene', 'W', 'CN', 3, 'O', 'Ni')",MXene,True,esen-sm-conserving-all-oc25:relax-v3:orr-che-v2,True,0.06887951146471931,73,150,0.08,converged,,bfgs_standard,"[{""ase_converged"": true, ""converged"": true, ""end_geometry_sha256"": ""52d996368ff2a0eb2286b00d6c14f88f0ebe3a01c396751e32736be7c0dcb728"", ""failure_class"": null, ""max_force_eV_A"": 0.06887951146471931, ""name"": ""bfgs_standard"", ""start_geometry_sha256"": ""1046501679eff101e0f874a61e027d3078476c32a93f2511abfc74a9142b0b44"", ""steps"": 73}]",52d996368ff2a0eb2286b00d6c14f88f0ebe3a01c396751e32736be7c0dcb728,-463.454596466475,True,0.07488345812228804,75.0,100.0,0.08,converged,,bfgs_standard,"[{""ase_converged"": true, ""converged"": true, ""end_geometry_sha256"": ""14bea488275d592223c68819a8148bd9f3b4ebc6a2d9c66400ffb4fe7cbc7f9b"", ""failure_class"": null, ""max_force_eV_A"": 0.07488345812228804, ""name"": ""bfgs_standard"", ""start_geometry_sha256"": ""8c76b896fad7b5a4a996190ce10b18762a56ab22ee09327c83bdeb4197ed1b6d"", ""steps"": 75}]",14bea488275d592223c68819a8148bd9f3b4ebc6a2d9c66400ffb4fe7cbc7f9b,-0.6631948326528072,True,0.05534387071255526,28.0,100.0,0.08,converged,,bfgs_standard,"[{""ase_converged"": true, ""converged"": true, ""end_geometry_sha256"": ""c88e9d7e5821603c1e1e1cd17684ad8c6b2369365efeec7b0c46d087b7214580"", ""failure_class"": null, ""max_force_eV_A"": 0.05534387071255526, ""name"": ""bfgs_standard"", ""start_geometry_sha256"": ""0110343f6727645b1b1c6df1598e23b9d70d323d541700ce1b65a631d4723aa7"", ""steps"": 28}]",c88e9d7e5821603c1e1e1cd17684ad8c6b2369365efeec7b0c46d087b7214580,2.3767480023206167,True,0.06437775311159029,89.0,100.0,0.08,converged,,bfgs_standard,"[{""ase_converged"": true, ""converged"": true, ""end_geometry_sha256"": ""439a4ec74c6f8e806159bf1bc07abf496a523ccb6dfb49c4e45adf5c647654ed"", ""failure_class"": null, ""max_force_eV_A"": 0.06437775311159029, ""name"": ""bfgs_standard"", ""start_geometry_sha256"": ""f6e5a76b04e98634339efd3ad967874020327b18b4b0512da681535d46a9dba0"", ""steps"": 89}]",439a4ec74c6f8e806159bf1bc07abf496a523ccb6dfb49c4e45adf5c647654ed,-2.819239188730571,3.0,step_2_O,10.0,0.0,True,3.0399428349734237,0.675000000035,False,quantitative_screening,1,1,d6eac766e9924a6cbb00,False,
"('MXene', 'Mn', 'C', 2, 'bare', 'Pd')",MXene,True,esen-sm-conserving-all-oc25:relax-v3:orr-che-v2,True,0.07158155626597917,93,150,0.08,converged,,bfgs_standard,"[{""ase_converged"": true, ""converged"": true, ""end_geometry_sha256"": ""a24b13bc4942883ba94aece94af796281e2c2f481e3a290f6d7e0d03e84ac827"", ""failure_class"": null, ""max_force_eV_A"": 0.07158155626597917, ""name"": ""bfgs_standard"", ""start_geometry_sha256"": ""8e87dc5b6975f5038a74ea166dadbb2c4be6ff987795f5535060078a18572260"", ""steps"": 93}]",a24b13bc4942883ba94aece94af796281e2c2f481e3a290f6d7e0d03e84ac827,-292.3422258401521,True,0.07944721994491943,65.0,100.0,0.08,converged,,bfgs_standard,"[{""ase_converged"": true, ""converged"": true, ""end_geometry_sha256"": ""4561489ea790f7d1b5303f98c374841b0bb04693499bd60279ddd36efd94d056"", ""failure_class"": null, ""max_force_eV_A"": 0.07944721994491943, ""name"": ""bfgs_standard"", ""start_geometry_sha256"": ""42a811adf1e74aa9dde1fad19222fe5778c8215d6f6957792a6a43e86b2bc21e"", ""steps"": 65}]",4561489ea790f7d1b5303f98c374841b0bb04693499bd60279ddd36efd94d056,-1.9056169365346431,True,0.07739595855324723,54.0,100.0,0.08,converged,,bfgs_standard,"[{""ase_converged"": true, ""converged"": true, ""end_geometry_sha256"": ""1f3e34729163dda43375b61f71e08105782af036744a174a6f0f1d0f6d9a30d4"", ""failure_class"": null, ""max_force_eV_A"": 0.07739595855324723, ""name"": ""bfgs_standard"", ""start_geometry_sha256"": ""91fddc864982131b6e0725f576f172a98921ee9a80e1982fef052fd60f673f80"", ""steps"": 54}]",1f3e34729163dda43375b61f71e08105782af036744a174a6f0f1d0f6d9a30d4,-2.582264982908989,True,0.0770502597108344,258.0,100.0,0.08,converged,,bfgs_after_fire,"[{""ase_converged"": false, ""converged"": false, ""end_geometry_sha256"": ""d7196e47ecdf7c8984e4dd890ae105edd3cebddd9ca6450848a7325866971e91"", ""failure_class"": ""force_threshold"", ""max_force_eV_A"": 0.2817841423613438, ""name"": ""bfgs_standard"", ""start_geometry_sha256"": ""4675a3fdb362eaf74b8dd4a5a445e91a6a793421f2e84e63b5d2dbc5188346b3"", ""steps"": 100}, {""ase_converged"": false, ""converged"": false, ""end_geometry_sha256"": ""8cdf651542d09d2f2573989d3c85b456208171b2b12b3730bd778db48acada12"", ""failure_class"": ""force_threshold"", ""max_force_eV_A"": 0.6280787928504293, ""name"": ""fire_precondition"", ""qualifying"": false, ""start_geometry_sha256"": ""4675a3fdb362eaf74b8dd4a5a445e91a6a793421f2e84e63b5d2dbc5188346b3"", ""steps"": 50}, {""ase_converged"": true, ""converged"": true, ""end_geometry_sha256"": ""bd95bae1ca7ea85f4438cd8b659cac3bbbab6a569c54a8380c02222794549b83"", ""failure_class"": null, ""max_force_eV_A"": 0.0770502597108344, ""name"": ""bfgs_after_fire"", ""start_geometry_sha256"": ""8cdf651542d09d2f2573989d3c85b456208171b2b12b3730bd778db48acada12"", ""steps"": 108}]",bd95bae1ca7ea85f4438cd8b659cac3bbbab6a569c54a8380c02222794549b83,-4.685095359384981,3.0,step_2_O,9.0,-0.846185135655471,True,4.487881919443632,0.675000000035,False,quantitative_screening,2,2,393f40bb9e817fa96e69,False,
"('MXene', 'Mn', 'N', 2, 'mixed_OH_F', 'Ni')",MXene,True,esen-sm-conserving-all-oc25:relax-v3:orr-che-v2,True,0.07456106233317929,508,150,0.08,converged,,bfgs_after_fire,"[{""ase_converged"": false, ""converged"": false, ""end_geometry_sha256"": ""ecfc66bfe227bbc66a2bf82f700ffb62d42a76d91b823230c273e1cfcbeb1a61"", ""failure_class"": ""force_threshold"", ""max_force_eV_A"": 0.1381280188265318, ""name"": ""bfgs_standard"", ""start_geometry_sha256"": ""217c175a8eac368d143ed5018888954555b585cef7227d617bf41dc05e52fd6e"", ""steps"": 150}, {""ase_converged"": false, ""converged"": false, ""end_geometry_sha256"": ""f24075ad772f0ed59b7587d0923305659f800574d4f25fe5c82835f07b4e0007"", ""failure_class"": ""force_threshold"", ""max_force_eV_A"": 2.570989908811984, ""name"": ""fire_precondition"", ""qualifying"": false, ""start_geometry_sha256"": ""217c175a8eac368d143ed5018888954555b585cef7227d617bf41dc05e52fd6e"", ""steps"": 75}, {""ase_converged"": true, ""converged"": true, ""end_geometry_sha256"": ""3467728cd6004fb42f387b64dc7cce16937bba949ebd0945b45ba1224d5a1c66"", ""failure_class"": null, ""max_force_eV_A"": 0.07456106233317929, ""name"": ""bfgs_after_fire"", ""start_geometry_sha256"": ""f24075ad772f0ed59b7587d0923305659f800574d4f25fe5c82835f07b4e0007"", ""steps"": 283}]",3467728cd6004fb42f387b64dc7cce16937bba949ebd0945b45ba1224d5a1c66,-315.77366758387745,True,0.05649051221318436,83.0,100.0,0.08,converged,,bfgs_standard,"[{""ase_converged"": true, ""converged"": true, ""end_geometry_sha256"": ""eaef0b16dcad5e7cbe2d902b76deb3564388a40afdcf553e4580841a8d91a0b7"", ""failure_class"": null, ""max_force_eV_A"": 0.05649051221318436, ""name"": ""bfgs_standard"", ""start_geometry_sha256"": ""f05e0fb8631b78e38b914ed92e57f7d4c487d17c04a2052d91e1ee1d158a7bd8"", ""steps"": 83}]",eaef0b16dcad5e7cbe2d902b76deb3564388a40afdcf553e4580841a8d91a0b7,-3.746559319347143,True,0.0760821335087335,95.0,100.0,0.08,converged,,bfgs_standard,"[{""ase_converged"": true, ""converged"": true, ""end_geometry_sha256"": ""26b747f3fab2423e976aaa4b3448985682389418a414ca810a2da4ff9fea07da"", ""failure_class"": null, ""max_force_eV_A"": 0.0760821335087335, ""name"": ""bfgs_standard"", ""start_geometry_sha256"": ""5c53fd6b989ebe5c6155c84783b7f60de05089a0543911c0a319b7a5bc125b47"", ""steps"": 95}]",26b747f3fab2423e976aaa4b3448985682389418a414ca810a2da4ff9fea07da,-2.905316435545708,True,0.0767446014959653,230.0,100.0,0.08,converged,,bfgs_after_fire,"[{""ase_converged"": false, ""converged"": false, ""end_geometry_sha256"": ""a0bf4327d44bb8b69589b8e9940b9d383d202b3a73c9d233f43ac7e9dde8d797"", ""failure_class"": ""force_threshold"", ""max_force_eV_A"": 0.8673752966990876, ""name"": ""bfgs_standard"", ""start_geometry_sha256"": ""de148353f65a8434a90e9d5ccb56b6232dd3125289efbc148cc8656715f2b842"", ""steps"": 100}, {""ase_converged"": false, ""converged"": false, ""end_geometry_sha256"": ""137a95067a151acf3040a7a8fc837fc78010480b7a3a16a704421b2539f97743"", ""failure_class"": ""force_threshold"", ""max_force_eV_A"": 1.1472737674197788, ""name"": ""fire_precondition"", ""qualifying"": false, ""start_geometry_sha256"": ""de148353f65a8434a90e9d5ccb56b6232dd3125289efbc148cc8656715f2b842"", ""steps"": 50}, {""ase_converged"": true, ""converged"": true, ""end_geometry_sha256"": ""92c296364b79fddf987389a8805d2ad4f7dd83e4dd34784b374672ecfaca9172"", ""failure_class"": null, ""max_force_eV_A"": 0.0767446014959653, ""name"": ""bfgs_after_fire"", ""start_geometry_sha256"": ""137a95067a151acf3040a7a8fc837fc78010480b7a3a16a704421b2539f97743"", ""steps"": 80}]",92c296364b79fddf987389a8805d2ad4f7dd83e4dd34784b374672ecfaca9172,-5.949095298349825,3.0,step_4_H2O,9.0,0.0,True,6.651875754892851,0.675000000035,False,quantitative_screening,1,1,334336c4f22e8fd33436,False,
"('MXene', 'Mn', 'CN', 1, 'O', 'Mn')",MXene,True,esen-sm-conserving-all-oc25:relax-v3:orr-che-v2,True,0.05234502955889171,49,150,0.08,converged,,bfgs_standard,"[{""ase_converged"": true, ""converged"": true, ""end_geometry_sha256"": ""c195932b57152de3b5496297051ac72a9d0dcf02ef9fedd70254fb5023d8d871"", ""failure_class"": null, ""max_force_eV_A"": 0.05234502955889171, ""name"": ""bfgs_standard"", ""start_geometry_sha256"": ""fbe58f975e446323439452bcccb1b6025e8945b15a936e0420691e8502036fc6"", ""steps"": 49}]",c195932b57152de3b5496297051ac72a9d0dcf02ef9fedd70254fb5023d8d871,-208.40528434575498,True,0.056006462815710374,96.0,100.0,0.08,converged,,bfgs_standard,"[{""ase_converged"": true, ""converged"": true, ""end_geometry_sha256"": ""bdb12dbf4e417f6c54726004bbde7409e72f09df3388ad66ae16706a0b7f0820"", ""failure_class"": null, ""max_force_eV_A"": 0.056006462815710374, ""name"": ""bfgs_standard"", ""start_geometry_sha256"": ""e1cac07db62d113a320713f46f38543c2d809a9c67666f1232e0b1a8049ee3d0"", ""steps"": 96}]",bdb12dbf4e417f6c54726004bbde7409e72f09df3388ad66ae16706a0b7f0820,-0.7088472221791744,True,0.0737890957489396,46.0,100.0,0.08,converged,,bfgs_standard,"[{""ase_converged"": true, ""converged"": true, ""end_geometry_sha256"": ""e14e88c0f6063d63711d8ab23a81e69f36ca56fed3c71c532784610490fe41b5"", ""failure_class"": null, ""max_force_eV_A"": 0.0737890957489396, ""name"": ""bfgs_standard"", ""start_geometry_sha256"": ""7c13cf106904838e3219926beee234bb6f6526c49964e1489389227365213c13"", ""steps"": 46}]",e14e88c0f6063d63711d8ab23a81e69f36ca56fed3c71c532784610490fe41b5,-4.489468657225367,True,0.06325413751380289,257.0,100.0,0.08,converged,,bfgs_after_fire,"[{""ase_converged"": false, ""converged"": false, ""end_geometry_sha256"": ""0f2fc3dff87c04a6b02df9789e5553cae3691d696cae1e569001714aa719dcb4"", ""failure_class"": ""force_threshold"", ""max_force_eV_A"": 0.6695733153066336, ""name"": ""bfgs_standard"", ""start_geometry_sha256"": ""17a36cd64f4c7bd78233072a8cd58dccc0fd91989a96e4df7fc63bab92b0be04"", ""steps"": 100}, {""ase_converged"": false, ""converged"": false, ""end_geometry_sha256"": ""6df5e0c814b930c44132669db0885adb859d7dd564ec8d93474756df53729de0"", ""failure_class"": ""force_threshold"", ""max_force_eV_A"": 0.9983804174637685, ""name"": ""fire_precondition"", ""qualifying"": false, ""start_geometry_sha256"": ""17a36cd64f4c7bd78233072a8cd58dccc0fd91989a96e4df7fc63bab92b0be04"", ""steps"": 50}, {""ase_converged"": true, ""converged"": true, ""end_geometry_sha256"": ""41de479dce26721e69326a51437518dc1774e45a771f985c70461c540bd0ce13"", ""failure_class"": null, ""max_force_eV_A"": 0.06325413751380289, ""name"": ""bfgs_after_fire"", ""start_geometry_sha256"": ""6df5e0c814b930c44132669db0885adb859d7dd564ec8d93474756df53729de0"", ""steps"": 107}]",41de479dce26721e69326a51437518dc1774e45a771f985c70461c540bd0ce13,-1.5840898051857915,3.0,step_3_OH,8.0,0.0,True,5.198315879404541,0.675000000035,False,quantitative_screening,0,0,5911100896f953350b70,False,
"('SAA', 'Ag', 'Co', '100', 1000)",SAA,True,esen-sm-conserving-all-oc25:relax-v3:orr-che-v2,True,0.0,0,150,0.08,converged,,bfgs_standard,"[{""ase_converged"": true, ""converged"": true, ""end_geometry_sha256"": ""a162d792314bd8543ea844fd7b96f8e74835ac37db5d2e409810fac75abee8fe"", ""failure_class"": null, ""max_force_eV_A"": 0.0, ""name"": ""bfgs_standard"", ""start_geometry_sha256"": ""a162d792314bd8543ea844fd7b96f8e74835ac37db5d2e409810fac75abee8fe"", ""steps"": 0}]",a162d792314bd8543ea844fd7b96f8e74835ac37db5d2e409810fac75abee8fe,112.09030804284433,True,0.0255809966116636,12.0,100.0,0.08,converged,,bfgs_standard,"[{""ase_converged"": true, ""converged"": true, ""end_geometry_sha256"": ""26849d62956be6f55131fd2e1a75e6c2c673ce2dc5e9c3cf3ea5d5cf58bc0d69"", ""failure_class"": null, ""max_force_eV_A"": 0.0255809966116636, ""name"": ""bfgs_standard"", ""start_geometry_sha256"": ""a19c0497774b720015ec4a93e665bdccbe516fd629662f73c699f245f6f9279f"", ""steps"": 12}]",26849d62956be6f55131fd2e1a75e6c2c673ce2dc5e9c3cf3ea5d5cf58bc0d69,1.7524412299692347,True,0.019424293407831552,8.0,100.0,0.08,converged,,bfgs_standard,"[{""ase_converged"": true, ""converged"": true, ""end_geometry_sha256"": ""81dbbe03070cbfac582ced0028f0fa5b3e86df0d552fcc8d8a445593377fc761"", ""failure_class"": null, ""max_force_eV_A"": 0.019424293407831552, ""name"": ""bfgs_standard"", ""start_geometry_sha256"": ""7ec03148df185036476834e2d3fbe33cbbb83d5925a6e9f079b39cba899b13d9"", ""steps"": 8}]",81dbbe03070cbfac582ced0028f0fa5b3e86df0d552fcc8d8a445593377fc761,2.477770722657417,True,0.027038310001226605,32.0,100.0,0.08,converged,,bfgs_standard,"[{""ase_converged"": true, ""converged"": true, ""end_geometry_sha256"": ""f7ea809785b012ac4e9e8eeaa9b22f40440e1f588b3e9832a8103918b57fdb94"", ""failure_class"": null, ""max_force_eV_A"": 0.027038310001226605, ""name"": ""bfgs_standard"", ""start_geometry_sha256"": ""111a18661525d236f61bfb3f4d4abd25383302b8087518454aa5de1ef26b9b6d"", ""steps"": 32}]",f7ea809785b012ac4e9e8eeaa9b22f40440e1f588b3e9832a8103918b57fdb94,4.167344520986056,0.5036705073118177,step_3_OH,9.0,-1.7269987279362624,True,4.230211952626652,0.902500000035,False,quantitative_screening,2,2,5a5eaa6056120a8cec15,False,
"('SAA', 'Ag', 'Ag', '110', 100)",SAA,True,esen-sm-conserving-all-oc25:relax-v3:orr-che-v2,True,0.04994000505807892,15,150,0.08,converged,,bfgs_standard,"[{""ase_converged"": true, ""converged"": true, ""end_geometry_sha256"": ""621477b5ab38119d409d308290317399854f4ff7b147b69f92d27cf46aeab41d"", ""failure_class"": null, ""max_force_eV_A"": 0.04994000505807892, ""name"": ""bfgs_standard"", ""start_geometry_sha256"": ""e77894f5822379b815a8debf9da9d00253aa3b1cef21e14577078047e6bab050"", ""steps"": 15}]",621477b5ab38119d409d308290317399854f4ff7b147b69f92d27cf46aeab41d,-137.8215382047654,True,0.054911893208816294,8.0,100.0,0.08,converged,,bfgs_standard,"[{""ase_converged"": true, ""converged"": true, ""end_geometry_sha256"": ""a2229a1ab045c749469b4a6bc035b668f00967ccd5ac771fff6d179762dc69da"", ""failure_class"": null, ""max_force_eV_A"": 0.054911893208816294, ""name"": ""bfgs_standard"", ""start_geometry_sha256"": ""5a26a3c255be6495c3d30f7615812942df49bd464200f6e2a2523c738e856b6b"", ""steps"": 8}]",a2229a1ab045c749469b4a6bc035b668f00967ccd5ac771fff6d179762dc69da,1.6587255622446537,True,0.0789242044694239,14.0,100.0,0.08,converged,,bfgs_standard,"[{""ase_converged"": true, ""converged"": true, ""end_geometry_sha256"": ""1050df8e2c47fba52eeabcf5929a23ca50a4c474a93091ef0b6a58c36f3d0d74"", ""failure_class"": null, ""max_force_eV_A"": 0.0789242044694239, ""name"": ""bfgs_standard"", ""start_geometry_sha256"": ""60fa2dc77f52eac247b08a0792f210d954d1b7c4c68cd68258b66fb6c97005e8"", ""steps"": 14}]",1050df8e2c47fba52eeabcf5929a23ca50a4c474a93091ef0b6a58c36f3d0d74,3.5277537472546134,True,0.07347674635541868,9.0,100.0,0.08,converged,,bfgs_standard,"[{""ase_converged"": true, ""converged"": true, ""end_geometry_sha256"": ""a038865ad7f75609f40e7481a55ec4efbafd76c37d6115d9d6f95bb7f5924f73"", ""failure_class"": null, ""max_force_eV_A"": 0.07347674635541868, ""name"": ""bfgs_standard"", ""start_geometry_sha256"": ""e9601079d393da9319079e8f73ce6d3f1628fd838b4a7d6b1d4f18009525f7b7"", ""steps"": 9}]",a038865ad7f75609f40e7481a55ec4efbafd76c37d6115d9d6f95bb7f5924f73,4.441754768788819,0.750754768788819,step_1_OOH,10.0,-2.0,True,5.186479309499267,0.902500000035,False,quantitative_screening,2,2,817386fdaa98d4fcaa4a,False,
"('SAA', 'Ag', 'Sn', '110', 10000)",SAA,True,esen-sm-conserving-all-oc25:relax-v3:orr-che-v2,True,0.07298386575859143,72,150,0.08,converged,,bfgs_standard,"[{""ase_converged"": true, ""converged"": true, ""end_geometry_sha256"": ""37c0b9052dbd688b8a0ed2abde97f2cf3b31589a013fa41e964042791fe30f3b"", ""failure_class"": null, ""max_force_eV_A"": 0.07298386575859143, ""name"": ""bfgs_standard"", ""start_geometry_sha256"": ""bf5f72445ec719c4fce2a70bb4d86cb6500cf19efbdcb121c9a2c5fc077f26fa"", ""steps"": 72}]",37c0b9052dbd688b8a0ed2abde97f2cf3b31589a013fa41e964042791fe30f3b,-70.94332358510249,True,0.07822913462894274,81.0,100.0,0.08,converged,,bfgs_standard,"[{""ase_converged"": true, ""converged"": true, ""end_geometry_sha256"": ""e7f0aa820b22e07945107d5db225e2c9d189d580ab35392a80e45a00f84c946b"", ""failure_class"": null, ""max_force_eV_A"": 0.07822913462894274, ""name"": ""bfgs_standard"", ""start_geometry_sha256"": ""02780df83fb79b3bd6dec3144db06623788a9d5fd11059286099ad90521156b5"", ""steps"": 81}]",e7f0aa820b22e07945107d5db225e2c9d189d580ab35392a80e45a00f84c946b,-2.8211080406606195,True,0.07172854913976087,8.0,100.0,0.08,converged,,bfgs_standard,"[{""ase_converged"": true, ""converged"": true, ""end_geometry_sha256"": ""5e9a5fbe09039d97c69a0f7efcd74cffcc3329433b45d9056a32baf628da4e24"", ""failure_class"": null, ""max_force_eV_A"": 0.07172854913976087, ""name"": ""bfgs_standard"", ""start_geometry_sha256"": ""96b05a87a9670e313468c14150e0b6acec580bc5622a55531a6da40561e09066"", ""steps"": 8}]",5e9a5fbe09039d97c69a0f7efcd74cffcc3329433b45d9056a32baf628da4e24,-2.647723280638453,True,0.0762863001588898,64.0,100.0,0.08,converged,,bfgs_standard,"[{""ase_converged"": true, ""converged"": true, ""end_geometry_sha256"": ""4d0d83052925256c6018e135c98e39b896616bdfb1973fcb95e4949584ae642c"", ""failure_class"": null, ""max_force_eV_A"": 0.0762863001588898, ""name"": ""bfgs_standard"", ""start_geometry_sha256"": ""4e90b8ca1f7460bbec07bdb73d652cb32c4c9a33c6d4bb8121655691c1330808"", ""steps"": 64}]",4d0d83052925256c6018e135c98e39b896616bdfb1973fcb95e4949584ae642c,-5.917009879648681,3.0,step_2_O,10.0,-2.0,True,5.4688313212990725,0.902500000035,False,quantitative_screening,2,2,62c8d57f7d7e8f07464b,False,
"('SAA', 'Ag', 'In', '211', 500)",SAA,True,esen-sm-conserving-all-oc25:relax-v3:orr-che-v2,True,0.07261217954663922,11,150,0.08,converged,,bfgs_standard,"[{""ase_converged"": true, ""converged"": true, ""end_geometry_sha256"": ""8a90f1206ccc6ceb799c301b762de3c00e2bdd312ce5116c0e2f23edc710eea0"", ""failure_class"": null, ""max_force_eV_A"": 0.07261217954663922, ""name"": ""bfgs_standard"", ""start_geometry_sha256"": ""95625c0fd61ceb298bdd2d24463fbde1f8e0d8aea98462b7de416fd017310a68"", ""steps"": 11}]",8a90f1206ccc6ceb799c301b762de3c00e2bdd312ce5116c0e2f23edc710eea0,-83.16384296857348,True,0.046274335225538456,32.0,100.0,0.08,converged,,bfgs_standard,"[{""ase_converged"": true, ""converged"": true, ""end_geometry_sha256"": ""a8dfd14da1c367ec1b04b8101dc6ffc8a8161f7e0f2c964a5a38d3698a898612"", ""failure_class"": null, ""max_force_eV_A"": 0.046274335225538456, ""name"": ""bfgs_standard"", ""start_geometry_sha256"": ""3d5cb6f9f09e5ad1e875b131766a68f27016f1e2ddbe92e35a0169eaba45a3ec"", ""steps"": 32}]",a8dfd14da1c367ec1b04b8101dc6ffc8a8161f7e0f2c964a5a38d3698a898612,0.5931239749491357,True,0.06763628085766547,71.0,100.0,0.08,converged,,bfgs_standard,"[{""ase_converged"": true, ""converged"": true, ""end_geometry_sha256"": ""aa5144c3b161171077c5ac2b9fb4bbe65c09e6edc778bbd3965b786a368ea9b0"", ""failure_class"": null, ""max_force_eV_A"": 0.06763628085766547, ""name"": ""bfgs_standard"", ""start_geometry_sha256"": ""a685ec1f7557c2d044411d5ca69baace85a5b01f5079055f2f6dad5d4b186032"", ""steps"": 71}]",aa5144c3b161171077c5ac2b9fb4bbe65c09e6edc778bbd3965b786a368ea9b0,0.5511805184185683,True,0.07400426586280211,10.0,100.0,0.08,converged,,bfgs_standard,"[{""ase_converged"": true, ""converged"": true, ""end_geometry_sha256"": ""643cfc01099a18fe70afcbc4dd4f777b5205517a2664f46f0aa010edf19a09b8"", ""failure_class"": null, ""max_force_eV_A"": 0.07400426586280211, ""name"": ""bfgs_standard"", ""start_geometry_sha256"": ""c2461eaba52de7443ab8b08c13c94351ed21be4879416510ef6a39e447b048a0"", ""steps"": 10}]",643cfc01099a18fe70afcbc4dd4f777b5205517a2664f46f0aa010edf19a09b8,3.8428778827190717,1.2709434565305675,step_3_OH,10.0,-2.0,True,1.144304493367704,0.902500000035,False,quantitative_screening,0,0,a95dfa0a999df60e7399,False,
"('MetalFreeCarbon', 'mixed_pyridinic_graphitic', 0.06, 'edge_zigzag', 'carbon_black', 'P')",MetalFreeCarbon,False,esen-sm-conserving-all-oc25:relax-v3:orr-che-v2,False,22.453075857855605,975,150,0.08,recovery_exhausted,force_threshold,fire_small_step,"[{""ase_converged"": false, ""converged"": false, ""end_geometry_sha256"": ""b1ead7f8f7d7cce94e94cab06eda95ed24c4e300c1d92a7d71a88e1eb72d31ca"", ""failure_class"": ""force_threshold"", ""max_force_eV_A"": 145.24197619771985, ""name"": ""bfgs_standard"", ""start_geometry_sha256"": ""891370369bc3cf0f771414a45ef0799afe3d9413a3c43f58db25e32f22f5270c"", ""steps"": 150}, {""ase_converged"": false, ""converged"": false, ""end_geometry_sha256"": ""d8ff1ff9c5c583f696f6b16a09982096e27e65b1d6420ca573457a2196dac233"", ""failure_class"": ""force_threshold"", ""max_force_eV_A"": 25.47817720721749, ""name"": ""fire_precondition"", ""qualifying"": false, ""start_geometry_sha256"": ""891370369bc3cf0f771414a45ef0799afe3d9413a3c43f58db25e32f22f5270c"", ""steps"": 75}, {""ase_converged"": false, ""converged"": false, ""end_geometry_sha256"": ""00ce30d56e628ffb3ca801942eb400d9deff3676bb7aeef2d1136fd9c4886b52"", ""failure_class"": ""force_threshold"", ""max_force_eV_A"": 4589.790988241386, ""name"": ""bfgs_after_fire"", ""start_geometry_sha256"": ""d8ff1ff9c5c583f696f6b16a09982096e27e65b1d6420ca573457a2196dac233"", ""steps"": 300}, {""ase_converged"": false, ""converged"": false, ""end_geometry_sha256"": ""9633f885539b618137f78aafcc664ef70fb50da7711f15ea8b815852de8e1346"", ""failure_class"": ""force_threshold"", ""max_force_eV_A"": 22.453075857855605, ""name"": ""fire_small_step"", ""start_geometry_sha256"": ""d8ff1ff9c5c583f696f6b16a09982096e27e65b1d6420ca573457a2196dac233"", ""steps"": 450}]",9633f885539b618137f78aafcc664ef70fb50da7711f15ea8b815852de8e1346,,,,,,,,,,,,,,,,,,,,,,,,,,,,,,,,,,,,,,,,,,True,validation_required,2,2,35350d00669269b6c7b6,False,Unconverged clean relaxation: max_force=22.4531 eV/A after 975 cumulative recovery steps
"('MetalFreeCarbon', 'mixed_pyridinic_graphitic', 0.08, 'pentagon_heptagon', 'CNT', 'P')",MetalFreeCarbon,True,esen-sm-conserving-all-oc25:relax-v3:orr-che-v2,True,0.07497272768226845,256,150,0.08,converged,,bfgs_after_fire,"[{""ase_converged"": false, ""converged"": false, ""end_geometry_sha256"": ""71868169d06ffaad164a0c34136733303293c6effba6b4a76737cbf1e8d26a58"", ""failure_class"": ""force_threshold"", ""max_force_eV_A"": 0.08700496030630941, ""name"": ""bfgs_standard"", ""start_geometry_sha256"": ""0946b9c1ee3199b2b83f38539348f0baaf42091bf531a738b2f98815c47968af"", ""steps"": 150}, {""ase_converged"": false, ""converged"": false, ""end_geometry_sha256"": ""faf442389a69eaecbc7795fc74f9e7275654dea70d84c6ef91f192abed16179c"", ""failure_class"": ""force_threshold"", ""max_force_eV_A"": 4.232252572229598, ""name"": ""fire_precondition"", ""qualifying"": false, ""start_geometry_sha256"": ""0946b9c1ee3199b2b83f38539348f0baaf42091bf531a738b2f98815c47968af"", ""steps"": 75}, {""ase_converged"": true, ""converged"": true, ""end_geometry_sha256"": ""9f5f9a7de116679c7b0907306e7338b59a18d76dc12f22803755818557e48ba9"", ""failure_class"": null, ""max_force_eV_A"": 0.07497272768226845, ""name"": ""bfgs_after_fire"", ""start_geometry_sha256"": ""faf442389a69eaecbc7795fc74f9e7275654dea70d84c6ef91f192abed16179c"", ""steps"": 31}]",9f5f9a7de116679c7b0907306e7338b59a18d76dc12f22803755818557e48ba9,-154.91285588362996,True,0.07656050156585015,238.0,100.0,0.08,converged,,bfgs_after_fire,"[{""ase_converged"": false, ""converged"": false, ""end_geometry_sha256"": ""06605486a5d26980648114a1d6133127ba70bf0a6494c5f2f0c8ff4bc939ad97"", ""failure_class"": ""force_threshold"", ""max_force_eV_A"": 0.20596301163753528, ""name"": ""bfgs_standard"", ""start_geometry_sha256"": ""8fdb8dd8a0596309ce582ca9c9f19ec3533a38b287459890a5b6430b69826810"", ""steps"": 100}, {""ase_converged"": false, ""converged"": false, ""end_geometry_sha256"": ""d1c0071ca8b7c5c147cef82426d49c6d9eec45c1ce6d186a2f03416e2748b6e5"", ""failure_class"": ""force_threshold"", ""max_force_eV_A"": 1.8034327168397453, ""name"": ""fire_precondition"", ""qualifying"": false, ""start_geometry_sha256"": ""8fdb8dd8a0596309ce582ca9c9f19ec3533a38b287459890a5b6430b69826810"", ""steps"": 50}, {""ase_converged"": true, ""converged"": true, ""end_geometry_sha256"": ""18523bb9e5e5d48a2e0f437a9456fd3030868c300125f4906afe4ab3efb9a5e8"", ""failure_class"": null, ""max_force_eV_A"": 0.07656050156585015, ""name"": ""bfgs_after_fire"", ""start_geometry_sha256"": ""d1c0071ca8b7c5c147cef82426d49c6d9eec45c1ce6d186a2f03416e2748b6e5"", ""steps"": 88}]",18523bb9e5e5d48a2e0f437a9456fd3030868c300125f4906afe4ab3efb9a5e8,-2.444395718425512,True,0.07582530046591417,64.0,100.0,0.08,converged,,bfgs_standard,"[{""ase_converged"": true, ""converged"": true, ""end_geometry_sha256"": ""5afa027296600015da8079468ac529fd212c446657583c85d73c7396767e4ba8"", ""failure_class"": null, ""max_force_eV_A"": 0.07582530046591417, ""name"": ""bfgs_standard"", ""start_geometry_sha256"": ""faf94d6c4489cce43b9d8575e9c84f173b223155edb73a88e0fcfc87cfdb488f"", ""steps"": 64}]",5afa027296600015da8079468ac529fd212c446657583c85d73c7396767e4ba8,1.8516086705029047,True,0.07835040825348956,313.0,100.0,0.08,converged,,bfgs_after_fire,"[{""ase_converged"": false, ""converged"": false, ""end_geometry_sha256"": ""0fac23692a5061883733da756c66f319e7165678ffb607e24f76bc6c723f595c"", ""failure_class"": ""force_threshold"", ""max_force_eV_A"": 0.9896293906942687, ""name"": ""bfgs_standard"", ""start_geometry_sha256"": ""1284c7f9320a0c2b1513fcb4a6055ed218490c2a0e6517ba8136c82107f6c269"", ""steps"": 100}, {""ase_converged"": true, ""converged"": true, ""end_geometry_sha256"": ""cb0160ca673f6459ec38ab5de46ce097f12e263a996ab62624a59f98096fbf08"", ""failure_class"": null, ""max_force_eV_A"": 0.20208192736230812, ""name"": ""fire_precondition"", ""qualifying"": false, ""start_geometry_sha256"": ""1284c7f9320a0c2b1513fcb4a6055ed218490c2a0e6517ba8136c82107f6c269"", ""steps"": 28}, {""ase_converged"": true, ""converged"": true, ""end_geometry_sha256"": ""01cdf346460feeb493820b02b6a79849a3798a533d488fa9b88c80dc653c47b6"", ""failure_class"": null, ""max_force_eV_A"": 0.07835040825348956, ""name"": ""bfgs_after_fire"", ""start_geometry_sha256"": ""cb0160ca673f6459ec38ab5de46ce097f12e263a996ab62624a59f98096fbf08"", ""steps"": 185}]",01cdf346460feeb493820b02b6a79849a3798a533d488fa9b88c80dc653c47b6,-2.6740293994545903,3.0,step_2_O,10.0,0.0,True,4.2960043889284165,0.27249999999999996,True,quantitative_screening,0,0,b134ea95c677c97eb9d8,False,
"('MetalFreeCarbon', 'mixed_pyridinic_graphitic', 0.15, 'none', 'carbon_black', 'P')",MetalFreeCarbon,True,esen-sm-conserving-all-oc25:relax-v3:orr-che-v2,True,0.0735564674419987,129,150,0.08,converged,,bfgs_standard,"[{""ase_converged"": true, ""converged"": true, ""end_geometry_sha256"": ""f4168a1ab296d9aaf1a896890746cd924fb399adebb9c56acd6daf0d402944ff"", ""failure_class"": null, ""max_force_eV_A"": 0.0735564674419987, ""name"": ""bfgs_standard"", ""start_geometry_sha256"": ""8700654bc256f570f0f149257307128334a6c92a0152d2df94449989d6a01b2b"", ""steps"": 129}]",f4168a1ab296d9aaf1a896890746cd924fb399adebb9c56acd6daf0d402944ff,-156.91655296809788,True,0.07825766786307094,51.0,100.0,0.08,converged,,bfgs_standard,"[{""ase_converged"": true, ""converged"": true, ""end_geometry_sha256"": ""be96ae72e73d836bed3a0e35509fcf0d1048d69d012f82c1c138d1a7339ecda5"", ""failure_class"": null, ""max_force_eV_A"": 0.07825766786307094, ""name"": ""bfgs_standard"", ""start_geometry_sha256"": ""dec54a80bced717bebb00c2ac4f5e8f7468d0ca8e91e7d80c91352c4023d46c0"", ""steps"": 51}]",be96ae72e73d836bed3a0e35509fcf0d1048d69d012f82c1c138d1a7339ecda5,-0.6108767364919185,True,0.06343654186467962,70.0,100.0,0.08,converged,,bfgs_standard,"[{""ase_converged"": true, ""converged"": true, ""end_geometry_sha256"": ""88cd3b363906ab6e1e784c8f6fef811398be4fc2b956dbe040c51ddc1e2d6a9e"", ""failure_class"": null, ""max_force_eV_A"": 0.06343654186467962, ""name"": ""bfgs_standard"", ""start_geometry_sha256"": ""ca482d65b2d6ada637b7aee49f333bf353db3103f2eace3f4a104e3f86391884"", ""steps"": 70}]",88cd3b363906ab6e1e784c8f6fef811398be4fc2b956dbe040c51ddc1e2d6a9e,0.965740597993139,True,0.07931633611438249,26.0,100.0,0.08,converged,,bfgs_standard,"[{""ase_converged"": true, ""converged"": true, ""end_geometry_sha256"": ""0af71979bcd2d0716906b7754689fa3a284bfe8a3dcac7bfb866e8425df05fd0"", ""failure_class"": null, ""max_force_eV_A"": 0.07931633611438249, ""name"": ""bfgs_standard"", ""start_geometry_sha256"": ""b4ea4804a848033aececcefa738afc9e2c37534031f169eb2c938f85ec71aa56"", ""steps"": 26}]",0af71979bcd2d0716906b7754689fa3a284bfe8a3dcac7bfb866e8425df05fd0,5.163251350820069,1.8398767364919186,step_4_H2O,10.0,0.0,True,1.5766173344850576,0.27249999999999996,True,quantitative_screening,1,1,6eb269dc297415a292a4,False,
"('MetalFreeCarbon', 'mixed_pyridinic_graphitic', 0.15, 'edge_armchair', 'porous_carbon', 'B')",MetalFreeCarbon,True,esen-sm-conserving-all-oc25:relax-v3:orr-che-v2,True,0.07821474717667758,112,150,0.08,converged,,bfgs_standard,"[{""ase_converged"": true, ""converged"": true, ""end_geometry_sha256"": ""e4219d6de131ee35b21ec93e6efd12bc80880a925224e5bb801a4b014af2516b"", ""failure_class"": null, ""max_force_eV_A"": 0.07821474717667758, ""name"": ""bfgs_standard"", ""start_geometry_sha256"": ""918cf8e62aa6e51b05af63fcf403e2648929e4c3fce48f6b39ec248dd9dda167"", ""steps"": 112}]",e4219d6de131ee35b21ec93e6efd12bc80880a925224e5bb801a4b014af2516b,-159.1720855210053,True,0.07737222681833174,67.0,100.0,0.08,converged,,bfgs_standard,"[{""ase_converged"": true, ""converged"": true, ""end_geometry_sha256"": ""c6b4deac26eb94585a241cb24d70bd2c808f27928d9e288bc028530f088b266a"", ""failure_class"": null, ""max_force_eV_A"": 0.07737222681833174, ""name"": ""bfgs_standard"", ""start_geometry_sha256"": ""e0aae81861b4e6ee5140bb54a45281820e800c67066d29fa744ab45c4361f686"", ""steps"": 67}]",c6b4deac26eb94585a241cb24d70bd2c808f27928d9e288bc028530f088b266a,2.454894366413355,True,0.07543709366936785,67.0,100.0,0.08,converged,,bfgs_standard,"[{""ase_converged"": true, ""converged"": true, ""end_geometry_sha256"": ""e6070d0c0608f26ce7c8cd469ef764b3967ac3e4ff85c0cb2134a3d629a615d6"", ""failure_class"": null, ""max_force_eV_A"": 0.07543709366936785, ""name"": ""bfgs_standard"", ""start_geometry_sha256"": ""84cf00da7af1e8e7c5165000a204ffd6452c0dfd69505eb9be7acd5300a7323d"", ""steps"": 67}]",e6070d0c0608f26ce7c8cd469ef764b3967ac3e4ff85c0cb2134a3d629a615d6,0.9414657719433344,True,0.06653124391293357,93.0,100.0,0.08,converged,,bfgs_standard,"[{""ase_converged"": true, ""converged"": true, ""end_geometry_sha256"": ""91251c02235f07dd17b6ce63a8af6cc29d15d4337096550a849fe6c949ce36f4"", ""failure_class"": null, ""max_force_eV_A"": 0.06653124391293357, ""name"": ""bfgs_standard"", ""start_geometry_sha256"": ""596720c69fe46807dc22f9da0e9f329aeb2fdaf7ff0351e6fbb08b86ddc6d918"", ""steps"": 93}]",91251c02235f07dd17b6ce63a8af6cc29d15d4337096550a849fe6c949ce36f4,4.710637997090821,2.742428594470021,step_3_OH,10.0,0.0,True,3.3963601383566893,0.27249999999999996,True,quantitative_screening,1,1,53c8736717f23ac98326,False,
