genome,material_class,valid,screening_protocol,relax_clean_converged,relax_clean_max_force_eV_A,relax_clean_steps,relax_clean_step_limit,relax_clean_fmax_eV_A,relax_clean_termination,relax_clean_failure_class,relax_clean_selected_attempt,relax_clean_attempts_json,relax_clean_geometry_sha256,e_clean,relax_oh_converged,relax_oh_max_force_eV_A,relax_oh_steps,relax_oh_step_limit,relax_oh_fmax_eV_A,relax_oh_termination,relax_oh_failure_class,relax_oh_selected_attempt,relax_oh_attempts_json,relax_oh_geometry_sha256,dG_OH_eV,relax_o_converged,relax_o_max_force_eV_A,relax_o_steps,relax_o_step_limit,relax_o_fmax_eV_A,relax_o_termination,relax_o_failure_class,relax_o_selected_attempt,relax_o_attempts_json,relax_o_geometry_sha256,dG_O_eV,relax_ooh_converged,relax_ooh_max_force_eV_A,relax_ooh_steps,relax_ooh_step_limit,relax_ooh_fmax_eV_A,relax_ooh_termination,relax_ooh_failure_class,relax_ooh_selected_attempt,relax_ooh_attempts_json,relax_ooh_geometry_sha256,dG_OOH_eV,orr_overpotential_V,rate_determining_step,fenton_stability,cost_penalty,fc_viable,binding_strength,model_confidence,needs_dft_validation,candidate_disposition,worker_id,gpu_id,candidate_id,cache_hit,error
"('SolidCatalyst', 'Sm', 'BaO', 'bcc211', 0.06842105263157894, ('Sc', 'Y'), 1, 0)",SolidCatalyst,True,esen-sm-conserving-all-oc25:relax-v3:orr-che-v2,True,0.05877138174031773,54,150,0.08,converged,,bfgs_standard,"[{""ase_converged"": true, ""converged"": true, ""end_geometry_sha256"": ""0033c218d74852750e7240acb6ebf662ee4d2c549d9e3f12b0213fa74fdcdc54"", ""failure_class"": null, ""max_force_eV_A"": 0.05877138174031773, ""name"": ""bfgs_standard"", ""start_geometry_sha256"": ""a4482c4c569cf6debc8e1385be74198274cdc2fb0d05455db58e09befc06dcc7"", ""steps"": 54}]",0033c218d74852750e7240acb6ebf662ee4d2c549d9e3f12b0213fa74fdcdc54,-218.51618524806815,True,0.07301946857516994,94.0,100.0,0.08,converged,,bfgs_standard,"[{""ase_converged"": true, ""converged"": true, ""end_geometry_sha256"": ""ada4570a566a81840a9141d8ac4fdf4245149df4af720cd25d49162735e197b2"", ""failure_class"": null, ""max_force_eV_A"": 0.07301946857516994, ""name"": ""bfgs_standard"", ""start_geometry_sha256"": ""c72516663da20653efcfdc5057512017fab40ae745293b6181860c2922ccb840"", ""steps"": 94}]",ada4570a566a81840a9141d8ac4fdf4245149df4af720cd25d49162735e197b2,-2.558355507701635,True,0.0630874271720675,81.0,100.0,0.08,converged,,bfgs_standard,"[{""ase_converged"": true, ""converged"": true, ""end_geometry_sha256"": ""4537d55cd2d0dec9e879f75e88aa77844bf5b2162054e6056af1c21d4652dcbc"", ""failure_class"": null, ""max_force_eV_A"": 0.0630874271720675, ""name"": ""bfgs_standard"", ""start_geometry_sha256"": ""59c9703acabf17e15f9a2ac1e84e5f104b4b28c8bb84d53b6ed649c6afd1fcb9"", ""steps"": 81}]",4537d55cd2d0dec9e879f75e88aa77844bf5b2162054e6056af1c21d4652dcbc,-2.2101870410144295,True,0.07677004652104925,86.0,100.0,0.08,converged,,bfgs_standard,"[{""ase_converged"": true, ""converged"": true, ""end_geometry_sha256"": ""b9dfade7811c8582c0d7b4bd8b1b772d0e972609a7c8f3c0a1544d7cb982a896"", ""failure_class"": null, ""max_force_eV_A"": 0.07677004652104925, ""name"": ""bfgs_standard"", ""start_geometry_sha256"": ""6af7c8360394f7cecb4e9941fa13b670b49e764e8b13b766efd497fff6d46dda"", ""steps"": 86}]",b9dfade7811c8582c0d7b4bd8b1b772d0e972609a7c8f3c0a1544d7cb982a896,-4.059944678843018,3.0,step_4_H2O,10.0,0.0,True,4.768542548716065,0.9127014328916923,False,quantitative_screening,1,1,5f448979068c7ff5a858,False,
"('SolidCatalyst', 'Gd', 'CNT', 'bcc211', -0.015789473684210534, ('La', 'Y'), 1, 0)",SolidCatalyst,False,esen-sm-conserving-all-oc25:relax-v3:orr-che-v2,True,0.0795457009451989,548,150,0.08,converged,,fire_small_step,"[{""ase_converged"": false, ""converged"": false, ""end_geometry_sha256"": ""9579bb56985f37acc086d133af10e1b72038370ddeb394f66baa5da1c79c78be"", ""failure_class"": ""force_threshold"", ""max_force_eV_A"": 0.46279213895648397, ""name"": ""bfgs_standard"", ""start_geometry_sha256"": ""53bffea8b9fbf79db38b46d4cac1601f670ebc90352a1c19f54f0dcb85735aea"", ""steps"": 150}, {""ase_converged"": false, ""converged"": false, ""end_geometry_sha256"": ""0f0e9e75301b607e00f3192d2dab425a1f23557e30dc3904cc30e18d736f8675"", ""failure_class"": ""force_threshold"", ""max_force_eV_A"": 2.1767356217244433, ""name"": ""fire_precondition"", ""qualifying"": false, ""start_geometry_sha256"": ""53bffea8b9fbf79db38b46d4cac1601f670ebc90352a1c19f54f0dcb85735aea"", ""steps"": 75}, {""ase_converged"": false, ""converged"": false, ""end_geometry_sha256"": ""c68c2c128b9fccbdedc78c2ad373f534471369d2e75b793e273f6324d0fdf557"", ""failure_class"": ""force_threshold"", ""max_force_eV_A"": 0.26213976857493015, ""name"": ""bfgs_after_fire"", ""start_geometry_sha256"": ""0f0e9e75301b607e00f3192d2dab425a1f23557e30dc3904cc30e18d736f8675"", ""steps"": 300}, {""ase_converged"": true, ""converged"": true, ""end_geometry_sha256"": ""3936e290d7ddd0c1600f42a2ad7c5d15654a20d8a7d51dcbe1707fc57c9c599c"", ""failure_class"": null, ""max_force_eV_A"": 0.0795457009451989, ""name"": ""fire_small_step"", ""start_geometry_sha256"": ""c68c2c128b9fccbdedc78c2ad373f534471369d2e75b793e273f6324d0fdf557"", ""steps"": 23}]",3936e290d7ddd0c1600f42a2ad7c5d15654a20d8a7d51dcbe1707fc57c9c599c,-364.00054212507143,True,0.07726340926150103,405.0,100.0,0.08,converged,,fire_small_step,"[{""ase_converged"": false, ""converged"": false, ""end_geometry_sha256"": ""d746170c4b31d9f2a9a49bda40a7c524c221cedd0f96d82b9af1464a288ed113"", ""failure_class"": ""force_threshold"", ""max_force_eV_A"": 0.21816853133854097, ""name"": ""bfgs_standard"", ""start_geometry_sha256"": ""d6c07044ca38df0480837c8cf4247151360cf0b1e6f387177420ec6ec35bb3ec"", ""steps"": 100}, {""ase_converged"": false, ""converged"": false, ""end_geometry_sha256"": ""308e4c904b204aa6d8f4a70530f1bc6f5e482158cb48d827e137f9ab09664c84"", ""failure_class"": ""force_threshold"", ""max_force_eV_A"": 0.44617238918275626, ""name"": ""fire_precondition"", ""qualifying"": false, ""start_geometry_sha256"": ""d6c07044ca38df0480837c8cf4247151360cf0b1e6f387177420ec6ec35bb3ec"", ""steps"": 50}, {""ase_converged"": false, ""converged"": false, ""end_geometry_sha256"": ""41eee3de56fcb23abf0c3576fb9142cd1c4d3cec4aab8651ca84b67016f1084c"", ""failure_class"": ""force_threshold"", ""max_force_eV_A"": 0.3533980541451595, ""name"": ""bfgs_after_fire"", ""start_geometry_sha256"": ""308e4c904b204aa6d8f4a70530f1bc6f5e482158cb48d827e137f9ab09664c84"", ""steps"": 200}, {""ase_converged"": true, ""converged"": true, ""end_geometry_sha256"": ""3271bdf2076e32b3d79c0f23928af96ec21aeaf39f2da7cc794955a7b98bc65f"", ""failure_class"": null, ""max_force_eV_A"": 0.07726340926150103, ""name"": ""fire_small_step"", ""start_geometry_sha256"": ""d746170c4b31d9f2a9a49bda40a7c524c221cedd0f96d82b9af1464a288ed113"", ""steps"": 55}]",3271bdf2076e32b3d79c0f23928af96ec21aeaf39f2da7cc794955a7b98bc65f,-14.628532585948763,False,0.27207457453269585,650.0,100.0,0.08,recovery_exhausted,force_threshold,fire_small_step,"[{""ase_converged"": false, ""converged"": false, ""end_geometry_sha256"": ""c8d7baac582448eace3d58a365bb7e1a2cd9d21e4318ce0131430ebddc178d41"", ""failure_class"": ""force_threshold"", ""max_force_eV_A"": 1.095580325024141, ""name"": ""bfgs_standard"", ""start_geometry_sha256"": ""980b796e316811f22c82ce55ccacd30c102d16790c75b4f71a2df1dd15b6c6ca"", ""steps"": 100}, {""ase_converged"": false, ""converged"": false, ""end_geometry_sha256"": ""b70d2b3c65f6ceb1200d20d2364eb0d871a06491dc5af598cbbd94227a983856"", ""failure_class"": ""force_threshold"", ""max_force_eV_A"": 0.7034438486974627, ""name"": ""fire_precondition"", ""qualifying"": false, ""start_geometry_sha256"": ""980b796e316811f22c82ce55ccacd30c102d16790c75b4f71a2df1dd15b6c6ca"", ""steps"": 50}, {""ase_converged"": false, ""converged"": false, ""end_geometry_sha256"": ""68b07d64e45adec5c9802e11f5d126de8b3d72881865b8f8043c17e7a95f2366"", ""failure_class"": ""force_threshold"", ""max_force_eV_A"": 0.4976924580668745, ""name"": ""bfgs_after_fire"", ""start_geometry_sha256"": ""b70d2b3c65f6ceb1200d20d2364eb0d871a06491dc5af598cbbd94227a983856"", ""steps"": 200}, {""ase_converged"": false, ""converged"": false, ""end_geometry_sha256"": ""b67488c1507150ed31baaf794e8bb46b9280ed22aa3d12ab842359942cf46952"", ""failure_class"": ""force_threshold"", ""max_force_eV_A"": 0.27207457453269585, ""name"": ""fire_small_step"", ""start_geometry_sha256"": ""68b07d64e45adec5c9802e11f5d126de8b3d72881865b8f8043c17e7a95f2366"", ""steps"": 300}]",b67488c1507150ed31baaf794e8bb46b9280ed22aa3d12ab842359942cf46952,,,,,,,,,,,,,,,,,,,,True,validation_required,0,0,3eb1925f7ca2bb7dccde,False,Unconverged o relaxation: max_force=0.272075 eV/A after 650 cumulative recovery steps
"('SolidCatalyst', 'Al', 'TiN', 'bcc211', -0.08947368421052632, ('Sc', 'Y'), 1, 0)",SolidCatalyst,False,esen-sm-conserving-all-oc25:relax-v3:orr-che-v2,True,0.07496764985594805,64,150,0.08,converged,,bfgs_standard,"[{""ase_converged"": true, ""converged"": true, ""end_geometry_sha256"": ""e4163490cc1c2d7766639e8b633976b83b2ab83bc0bf39fa44c62701664289df"", ""failure_class"": null, ""max_force_eV_A"": 0.07496764985594805, ""name"": ""bfgs_standard"", ""start_geometry_sha256"": ""0f9afd821a633ab95b9dc2a82e0cfcdb85ec368fb4539c459d1c5a0beb4c4feb"", ""steps"": 64}]",e4163490cc1c2d7766639e8b633976b83b2ab83bc0bf39fa44c62701664289df,-131.5206168810661,True,0.07958318643485007,41.0,100.0,0.08,converged,,bfgs_standard,"[{""ase_converged"": true, ""converged"": true, ""end_geometry_sha256"": ""db24624358c2ef5ceb1b5f59ad2d3d6caffc06bb3ee5cbdcc4ca3051cdab2f65"", ""failure_class"": null, ""max_force_eV_A"": 0.07958318643485007, ""name"": ""bfgs_standard"", ""start_geometry_sha256"": ""28c92ad7cdad2d672a5ce23bb73f1750d6949df609ff7db588b7276b279ddf35"", ""steps"": 41}]",db24624358c2ef5ceb1b5f59ad2d3d6caffc06bb3ee5cbdcc4ca3051cdab2f65,-0.9397460792958736,True,0.0784900203189854,32.0,100.0,0.08,converged,,bfgs_standard,"[{""ase_converged"": true, ""converged"": true, ""end_geometry_sha256"": ""ed051b72d82bce9dfaa5df0453284d8db1051070faf114dd99d3d87de72a6c29"", ""failure_class"": null, ""max_force_eV_A"": 0.0784900203189854, ""name"": ""bfgs_standard"", ""start_geometry_sha256"": ""16ec26deae69c47f71d453bb7bc49471d56f8c3acc5d49aca62da94378bf5aa9"", ""steps"": 32}]",ed051b72d82bce9dfaa5df0453284d8db1051070faf114dd99d3d87de72a6c29,-0.5522614352405035,False,22.975363365073793,650.0,100.0,0.08,recovery_exhausted,force_threshold,fire_small_step,"[{""ase_converged"": false, ""converged"": false, ""end_geometry_sha256"": ""233c74a0f2d03cffbac20ec29c2df21796aaf70bba4bf205d5c39b48c577322c"", ""failure_class"": ""force_threshold"", ""max_force_eV_A"": 68.64105232892882, ""name"": ""bfgs_standard"", ""start_geometry_sha256"": ""a1b321aa26f934f9e51d5e2587079d66786d19f4ba57f1f6da0d561d4f1daa79"", ""steps"": 100}, {""ase_converged"": false, ""converged"": false, ""end_geometry_sha256"": ""faa31139f395069770263dcad0468db845203517f8047c39426eab2c0853c6e9"", ""failure_class"": ""force_threshold"", ""max_force_eV_A"": 27.832401583344407, ""name"": ""fire_precondition"", ""qualifying"": false, ""start_geometry_sha256"": ""a1b321aa26f934f9e51d5e2587079d66786d19f4ba57f1f6da0d561d4f1daa79"", ""steps"": 50}, {""ase_converged"": false, ""converged"": false, ""end_geometry_sha256"": ""a6c3dab8351e7f8000dafe29838ad15521628dc9016bc644801bf0c81379cc19"", ""failure_class"": ""force_threshold"", ""max_force_eV_A"": 714.2082706541361, ""name"": ""bfgs_after_fire"", ""start_geometry_sha256"": ""faa31139f395069770263dcad0468db845203517f8047c39426eab2c0853c6e9"", ""steps"": 200}, {""ase_converged"": false, ""converged"": false, ""end_geometry_sha256"": ""96b772fffa68235b223295706f3f3cff0c11a02a78c52a07362bbbdf9420486f"", ""failure_class"": ""force_threshold"", ""max_force_eV_A"": 22.975363365073793, ""name"": ""fire_small_step"", ""start_geometry_sha256"": ""faa31139f395069770263dcad0468db845203517f8047c39426eab2c0853c6e9"", ""steps"": 300}]",96b772fffa68235b223295706f3f3cff0c11a02a78c52a07362bbbdf9420486f,,,,,,,,,True,validation_required,2,2,b1b222dd43748da21c79,False,Unconverged ooh relaxation: max_force=22.9754 eV/A after 650 cumulative recovery steps
"('SolidCatalyst', 'Ga', 'HfB2', 'bcc111', 0.0368421052631579, ('La', 'Y'), 1, 0)",SolidCatalyst,True,esen-sm-conserving-all-oc25:relax-v3:orr-che-v2,True,0.07748286758667242,28,150,0.08,converged,,bfgs_standard,"[{""ase_converged"": true, ""converged"": true, ""end_geometry_sha256"": ""c43666d003794945d001a77537578679b192544baf1d73b0fc56b01ed9ce5161"", ""failure_class"": null, ""max_force_eV_A"": 0.07748286758667242, ""name"": ""bfgs_standard"", ""start_geometry_sha256"": ""94df907967f2cee30ff4fd3baca414e30ddd7294834d7cd04878421010aa72ee"", ""steps"": 28}]",c43666d003794945d001a77537578679b192544baf1d73b0fc56b01ed9ce5161,-96.38937008615298,True,0.03925239395294385,24.0,100.0,0.08,converged,,bfgs_standard,"[{""ase_converged"": true, ""converged"": true, ""end_geometry_sha256"": ""dce86d153cd0d03dbc2622c8c0e419c42d2c1a4dd84007828c01aa3879a8acdb"", ""failure_class"": null, ""max_force_eV_A"": 0.03925239395294385, ""name"": ""bfgs_standard"", ""start_geometry_sha256"": ""f91a20b38da095f90f2e197a3f977bf8f2047603fa5038c52059f713bf84777c"", ""steps"": 24}]",dce86d153cd0d03dbc2622c8c0e419c42d2c1a4dd84007828c01aa3879a8acdb,-0.9166204307973527,True,0.06988798669650306,25.0,100.0,0.08,converged,,bfgs_standard,"[{""ase_converged"": true, ""converged"": true, ""end_geometry_sha256"": ""e33b9817be2c96d9e1eaf7a6ad6f8c618aad441a48e0f450d05278dd9c4b225f"", ""failure_class"": null, ""max_force_eV_A"": 0.06988798669650306, ""name"": ""bfgs_standard"", ""start_geometry_sha256"": ""e1600967262a9ab3fba980e5df43724c4b46d4e89f26c23edb3572c9cabe91e5"", ""steps"": 25}]",e33b9817be2c96d9e1eaf7a6ad6f8c618aad441a48e0f450d05278dd9c4b225f,-0.11675366088747623,True,0.07492967016213145,174.0,100.0,0.08,converged,,bfgs_after_fire,"[{""ase_converged"": false, ""converged"": false, ""end_geometry_sha256"": ""c9a561ce2e7a7554a2ecf6e3d3753e343c7d6eb06954f215deba2499e423015b"", ""failure_class"": ""force_threshold"", ""max_force_eV_A"": 0.12145414496157714, ""name"": ""bfgs_standard"", ""start_geometry_sha256"": ""c012cea221caa6c2ea9e32c7a1f5d2f068b4fb6e9701a5e4399c001162de5d32"", ""steps"": 100}, {""ase_converged"": true, ""converged"": true, ""end_geometry_sha256"": ""374ec858927db3cc3ad573480e1cc78720f8d38594fce945360139d7cb9dfb35"", ""failure_class"": null, ""max_force_eV_A"": 0.24154704692846052, ""name"": ""fire_precondition"", ""qualifying"": false, ""start_geometry_sha256"": ""c012cea221caa6c2ea9e32c7a1f5d2f068b4fb6e9701a5e4399c001162de5d32"", ""steps"": 33}, {""ase_converged"": true, ""converged"": true, ""end_geometry_sha256"": ""2917a55730d2c1242f3c5169a75b8b81ed4e6050110b01d04a8cd37f5136c15b"", ""failure_class"": null, ""max_force_eV_A"": 0.07492967016213145, ""name"": ""bfgs_after_fire"", ""start_geometry_sha256"": ""374ec858927db3cc3ad573480e1cc78720f8d38594fce945360139d7cb9dfb35"", ""steps"": 41}]",2917a55730d2c1242f3c5169a75b8b81ed4e6050110b01d04a8cd37f5136c15b,2.3085407719015967,2.1456204307973525,step_4_H2O,10.0,0.0,True,1.0333740916848289,0.9127014328916923,False,quantitative_screening,1,1,e58385f38371da8b9211,False,
"('SAC', 'Sm', 'N3C', 'BN_sheet', 'OH')",SAC,True,esen-sm-conserving-all-oc25:relax-v3:orr-che-v2,True,0.07642233516991506,131,150,0.08,converged,,bfgs_standard,"[{""ase_converged"": true, ""converged"": true, ""end_geometry_sha256"": ""cf64cfd686fc24058d82f180dc05313a52c5691dd8b94e503c5b94690534dc4a"", ""failure_class"": null, ""max_force_eV_A"": 0.07642233516991506, ""name"": ""bfgs_standard"", ""start_geometry_sha256"": ""6ce28e8ec6db4831e9af920a15ab22b517cec3d4290cc5039ee71d430a28fbbc"", ""steps"": 131}]",cf64cfd686fc24058d82f180dc05313a52c5691dd8b94e503c5b94690534dc4a,-135.9320876937824,True,0.07419976340179292,45.0,100.0,0.08,converged,,bfgs_standard,"[{""ase_converged"": true, ""converged"": true, ""end_geometry_sha256"": ""2c533979cba254ff804b2a905087044b44a4d65e788eaae240f0e5b9ed3bcc86"", ""failure_class"": null, ""max_force_eV_A"": 0.07419976340179292, ""name"": ""bfgs_standard"", ""start_geometry_sha256"": ""97817db7cbb030378d690a4eaba97df72614bbfb9cad70d2697cc6fad82b05c1"", ""steps"": 45}]",2c533979cba254ff804b2a905087044b44a4d65e788eaae240f0e5b9ed3bcc86,1.9652255202829838,True,0.07687721501708569,44.0,100.0,0.08,converged,,bfgs_standard,"[{""ase_converged"": true, ""converged"": true, ""end_geometry_sha256"": ""2e0bf523c51250f5bb7eb140ac5c694ba5ce228556f508c8fe138fe4f29542f2"", ""failure_class"": null, ""max_force_eV_A"": 0.07687721501708569, ""name"": ""bfgs_standard"", ""start_geometry_sha256"": ""e94a4e74239c9d975ad7abd5f3cf9ad4ef5bf442a2f6e18471ef6c063ee06540"", ""steps"": 44}]",2e0bf523c51250f5bb7eb140ac5c694ba5ce228556f508c8fe138fe4f29542f2,2.991986192017797,True,0.06971189208656502,33.0,100.0,0.08,converged,,bfgs_standard,"[{""ase_converged"": true, ""converged"": true, ""end_geometry_sha256"": ""fac904fc96a951875a78031464660b5b8e26ea3002eafbe151db2146acacf6d5"", ""failure_class"": null, ""max_force_eV_A"": 0.06971189208656502, ""name"": ""bfgs_standard"", ""start_geometry_sha256"": ""5fd3a9a67b7b17f75f77319b7e118ef8fc4eeb6ae2fc62f0a46e47854b66952e"", ""steps"": 33}]",fac904fc96a951875a78031464660b5b8e26ea3002eafbe151db2146acacf6d5,4.66036648601294,0.9693664860129401,step_1_OOH,10.0,-0.3036217660172025,True,4.957211712300781,0.470000000035,True,quantitative_screening,1,1,9f7e59d071c506ab3643,False,
"('SAC', 'Gd', 'N3P', 'N-graphene', 'CO')",SAC,False,esen-sm-conserving-all-oc25:relax-v3:orr-che-v2,True,0.05897341689988461,45,150,0.08,converged,,bfgs_standard,"[{""ase_converged"": true, ""converged"": true, ""end_geometry_sha256"": ""de7507c4f06617717fb52e5cee78cd5f0c50a723b18118fd509574a430959b3c"", ""failure_class"": null, ""max_force_eV_A"": 0.05897341689988461, ""name"": ""bfgs_standard"", ""start_geometry_sha256"": ""7010ec3d4cead5ac300bfe210844db1a68043edbbb89338a434b9a4043d24c90"", ""steps"": 45}]",de7507c4f06617717fb52e5cee78cd5f0c50a723b18118fd509574a430959b3c,-133.23666730694634,True,0.0745952641913732,80.0,100.0,0.08,converged,,bfgs_standard,"[{""ase_converged"": true, ""converged"": true, ""end_geometry_sha256"": ""a254b5d3628e5075dbebf51b985982231ee1ac56db30e1e511e3d47a046519c5"", ""failure_class"": null, ""max_force_eV_A"": 0.0745952641913732, ""name"": ""bfgs_standard"", ""start_geometry_sha256"": ""ea6f5d47b17efb0f9a9649146b366a48b08b73edd8d274f49397c983fa97b616"", ""steps"": 80}]",a254b5d3628e5075dbebf51b985982231ee1ac56db30e1e511e3d47a046519c5,-2.330863652080297,False,0.411690341278756,650.0,100.0,0.08,recovery_exhausted,force_threshold,fire_small_step,"[{""ase_converged"": false, ""converged"": false, ""end_geometry_sha256"": ""85eebb806a6164966b229cc31f2651cb7f4d521d0501eff4b389b8e561db0662"", ""failure_class"": ""force_threshold"", ""max_force_eV_A"": 2.408598987907422, ""name"": ""bfgs_standard"", ""start_geometry_sha256"": ""87375565e06c4b1f1cd1816cd97bdc228f11e3f5ff5c6798f1d50f0c2119eb3d"", ""steps"": 100}, {""ase_converged"": false, ""converged"": false, ""end_geometry_sha256"": ""92c64d459038375b52489ba5ac863160dd3ef82048f23ac6ce9de5ceffec9169"", ""failure_class"": ""force_threshold"", ""max_force_eV_A"": 20.74006211662342, ""name"": ""fire_precondition"", ""qualifying"": false, ""start_geometry_sha256"": ""87375565e06c4b1f1cd1816cd97bdc228f11e3f5ff5c6798f1d50f0c2119eb3d"", ""steps"": 50}, {""ase_converged"": false, ""converged"": false, ""end_geometry_sha256"": ""1c3c8e23e687cacb2dc9dd6de77d577ff727c7b63d5ffdac6047ae6108924474"", ""failure_class"": ""force_threshold"", ""max_force_eV_A"": 50.434572281297264, ""name"": ""bfgs_after_fire"", ""start_geometry_sha256"": ""92c64d459038375b52489ba5ac863160dd3ef82048f23ac6ce9de5ceffec9169"", ""steps"": 200}, {""ase_converged"": false, ""converged"": false, ""end_geometry_sha256"": ""0ac27cd30a9ea6ec83c6babb7a75bf07b357e929425b2e072404ed079030a698"", ""failure_class"": ""force_threshold"", ""max_force_eV_A"": 0.411690341278756, ""name"": ""fire_small_step"", ""start_geometry_sha256"": ""85eebb806a6164966b229cc31f2651cb7f4d521d0501eff4b389b8e561db0662"", ""steps"": 300}]",0ac27cd30a9ea6ec83c6babb7a75bf07b357e929425b2e072404ed079030a698,,,,,,,,,,,,,,,,,,,,True,validation_required,2,2,af23c1a2eb484e757275,False,Unconverged o relaxation: max_force=0.41169 eV/A after 650 cumulative recovery steps
"('SAC', 'Al', 'N3O', 'N-graphdiyne', 'imidazole')",SAC,False,esen-sm-conserving-all-oc25:relax-v3:orr-che-v2,True,0.07177800705066466,57,150,0.08,converged,,bfgs_standard,"[{""ase_converged"": true, ""converged"": true, ""end_geometry_sha256"": ""6bf4c1c810ad6639c8a7b283befbe3b983acda05e46e6cefd9224e084a26810c"", ""failure_class"": null, ""max_force_eV_A"": 0.07177800705066466, ""name"": ""bfgs_standard"", ""start_geometry_sha256"": ""431be2a726bbeaee7b0e3e93cfa6b36b53aff4defe86a4e97b2b5a40c71a1cde"", ""steps"": 57}]",6bf4c1c810ad6639c8a7b283befbe3b983acda05e46e6cefd9224e084a26810c,-135.5395980971853,False,24.858128552213465,650.0,100.0,0.08,recovery_exhausted,force_threshold,fire_precondition,"[{""ase_converged"": false, ""converged"": false, ""end_geometry_sha256"": ""d963e8e5dc723b60d5af76386e36b4171573581889ef2ee02bfcc05991287f85"", ""failure_class"": ""force_threshold"", ""max_force_eV_A"": 27.35018251966615, ""name"": ""bfgs_standard"", ""start_geometry_sha256"": ""bbfc533b36f37a2966f4aea1a6c404bae98b572f31ba19b3cf119611bfb43818"", ""steps"": 100}, {""ase_converged"": false, ""converged"": false, ""end_geometry_sha256"": ""c3874f0e7fcae8d5b972a25ed600935542fc0813c796d9437de4cca26965aeec"", ""failure_class"": ""force_threshold"", ""max_force_eV_A"": 24.858128552213465, ""name"": ""fire_precondition"", ""qualifying"": false, ""start_geometry_sha256"": ""bbfc533b36f37a2966f4aea1a6c404bae98b572f31ba19b3cf119611bfb43818"", ""steps"": 50}, {""ase_converged"": false, ""converged"": false, ""end_geometry_sha256"": ""1ab3d172dc0a506dd5a4deed5fd7f7b024aecee33957f24a31356f581730fa7f"", ""failure_class"": ""force_threshold"", ""max_force_eV_A"": 107.10492202327036, ""name"": ""bfgs_after_fire"", ""start_geometry_sha256"": ""c3874f0e7fcae8d5b972a25ed600935542fc0813c796d9437de4cca26965aeec"", ""steps"": 200}, {""ase_converged"": false, ""converged"": false, ""end_geometry_sha256"": ""bd2fd0ee9049cf03fdaa2bee0dc5f88aab38d193f869ac3e6edc667d68fc39f4"", ""failure_class"": ""force_threshold"", ""max_force_eV_A"": 38.708742716434955, ""name"": ""fire_small_step"", ""start_geometry_sha256"": ""c3874f0e7fcae8d5b972a25ed600935542fc0813c796d9437de4cca26965aeec"", ""steps"": 300}]",c3874f0e7fcae8d5b972a25ed600935542fc0813c796d9437de4cca26965aeec,,,,,,,,,,,,,,,,,,,,,,,,,,,,,,,True,validation_required,1,1,9c4dad560351869d44b3,False,Unconverged oh relaxation: max_force=24.8581 eV/A after 650 cumulative recovery steps
"('SAC', 'Ga', 'N2P2', 'MoS2_sheet', 'O2')",SAC,True,esen-sm-conserving-all-oc25:relax-v3:orr-che-v2,True,0.05692008435375916,108,150,0.08,converged,,bfgs_standard,"[{""ase_converged"": true, ""converged"": true, ""end_geometry_sha256"": ""68717c8786a191901bfa209d7f7e44cda45985752c3165a8063c75a3b5857da5"", ""failure_class"": null, ""max_force_eV_A"": 0.05692008435375916, ""name"": ""bfgs_standard"", ""start_geometry_sha256"": ""6f2f1e7687ba528399e3fb94bd67d192f21cd508fdf88814eb0869b2c079a995"", ""steps"": 108}]",68717c8786a191901bfa209d7f7e44cda45985752c3165a8063c75a3b5857da5,-133.37827415003005,True,0.07742113678541444,77.0,100.0,0.08,converged,,bfgs_standard,"[{""ase_converged"": true, ""converged"": true, ""end_geometry_sha256"": ""0e789d29fbadb60ddb525e7881ab9e1a38f9de004cb7b0b9aa37e3947de1fb9d"", ""failure_class"": null, ""max_force_eV_A"": 0.07742113678541444, ""name"": ""bfgs_standard"", ""start_geometry_sha256"": ""aa30e62b497478a3c1a4a413d929638671e8330dba4c60c34efc7c1d4786e363"", ""steps"": 77}]",0e789d29fbadb60ddb525e7881ab9e1a38f9de004cb7b0b9aa37e3947de1fb9d,1.308684888035059,True,0.07136095861821745,67.0,100.0,0.08,converged,,bfgs_standard,"[{""ase_converged"": true, ""converged"": true, ""end_geometry_sha256"": ""2b5b3bf4a86f771183b6c21a9ed62af4abd4c207cb2ca099a571721830678d35"", ""failure_class"": null, ""max_force_eV_A"": 0.07136095861821745, ""name"": ""bfgs_standard"", ""start_geometry_sha256"": ""2108968f985cea73e710d3d4ab5fb27c7d97f35769605e7b91c14f2b3963b351"", ""steps"": 67}]",2b5b3bf4a86f771183b6c21a9ed62af4abd4c207cb2ca099a571721830678d35,1.765782035142187,True,0.06709987393272032,71.0,100.0,0.08,converged,,bfgs_standard,"[{""ase_converged"": true, ""converged"": true, ""end_geometry_sha256"": ""1ecb3d8c80c53de854029f8cea45e76f5d4f70aaa6152ed2ef2b2783e0ed0275"", ""failure_class"": null, ""max_force_eV_A"": 0.06709987393272032, ""name"": ""bfgs_standard"", ""start_geometry_sha256"": ""ba42fba7ebdb8ea1b24f1e562bf7dcfddb8b24cf3bd32878f157b71d8c544dca"", ""steps"": 71}]",1ecb3d8c80c53de854029f8cea45e76f5d4f70aaa6152ed2ef2b2783e0ed0275,4.129656504094605,0.7719028528928722,step_3_OH,10.0,0.0,True,3.074466923177246,0.610000000035,False,quantitative_screening,2,2,5905cff04cf1cba95dde,False,
"('DAC', 'Sm', 'Cr', 'N4S2', 'BN_sheet')",DAC,False,esen-sm-conserving-all-oc25:relax-v3:orr-che-v2,False,6.333770980718931,975,150,0.08,recovery_exhausted,force_threshold,fire_small_step,"[{""ase_converged"": false, ""converged"": false, ""end_geometry_sha256"": ""bc140881af88681775b81191483d86850ebd942fe1a5d1b2524ad21fe54d9539"", ""failure_class"": ""force_threshold"", ""max_force_eV_A"": 108.15194598127817, ""name"": ""bfgs_standard"", ""start_geometry_sha256"": ""6883850f1e44d6753461c3c20d414db7e93a72e7074c3a467d98ae50dcb308f3"", ""steps"": 150}, {""ase_converged"": false, ""converged"": false, ""end_geometry_sha256"": ""b01b89adda89bf39454234d66e31bbb18c46089b60a2c3b45a59a3c603721a39"", ""failure_class"": ""force_threshold"", ""max_force_eV_A"": 41.845639784127805, ""name"": ""fire_precondition"", ""qualifying"": false, ""start_geometry_sha256"": ""6883850f1e44d6753461c3c20d414db7e93a72e7074c3a467d98ae50dcb308f3"", ""steps"": 75}, {""ase_converged"": false, ""converged"": false, ""end_geometry_sha256"": ""fe0ddc5fd15f355fc8d3e2e334e007d875d1d7be2e8edc02f1475c153a928a2b"", ""failure_class"": ""force_threshold"", ""max_force_eV_A"": 1671.7460736022529, ""name"": ""bfgs_after_fire"", ""start_geometry_sha256"": ""b01b89adda89bf39454234d66e31bbb18c46089b60a2c3b45a59a3c603721a39"", ""steps"": 300}, {""ase_converged"": false, ""converged"": false, ""end_geometry_sha256"": ""ecf6c62f23cc9d64bd162092716c46a5ec95ec5b842769bb5f423d0a5ba2ca8d"", ""failure_class"": ""force_threshold"", ""max_force_eV_A"": 6.333770980718931, ""name"": ""fire_small_step"", ""start_geometry_sha256"": ""b01b89adda89bf39454234d66e31bbb18c46089b60a2c3b45a59a3c603721a39"", ""steps"": 450}]",ecf6c62f23cc9d64bd162092716c46a5ec95ec5b842769bb5f423d0a5ba2ca8d,,,,,,,,,,,,,,,,,,,,,,,,,,,,,,,,,,,,,,,,,,True,validation_required,1,1,0638af6ebf68a0fb2be8,False,Unconverged clean relaxation: max_force=6.33377 eV/A after 975 cumulative recovery steps
"('DAC', 'Gd', 'Y', 'N4P2', 'N-carbon_black')",DAC,False,esen-sm-conserving-all-oc25:relax-v3:orr-che-v2,True,0.0554575320703203,69,150,0.08,converged,,bfgs_standard,"[{""ase_converged"": true, ""converged"": true, ""end_geometry_sha256"": ""58ddbbe52424983380331c68d3aac3d27bdb13334dfd6b19f64afe08ba784f07"", ""failure_class"": null, ""max_force_eV_A"": 0.0554575320703203, ""name"": ""bfgs_standard"", ""start_geometry_sha256"": ""cc5106a989bf698b77d10e16a1c26f2586c1feb7b476b5aeef5cfa37c8863d2f"", ""steps"": 69}]",58ddbbe52424983380331c68d3aac3d27bdb13334dfd6b19f64afe08ba784f07,-125.44944623019342,False,,0.0,100.0,0.08,invalid_initial_geometry,atomic_overlap,none,[],9c39a419700fa8910cfed1fa63f625e32680d4cc9486aafcced67d177e302de4,,,,,,,,,,,,,,,,,,,,,,,,,,,,,,,True,validation_required,2,2,b938dbfb94e6cc3d27ee,False,Invalid oh initial geometry: atomic_overlap
"('DAC', 'Al', 'Ag', 'N2S2N2', 'BN_sheet')",DAC,False,esen-sm-conserving-all-oc25:relax-v3:orr-che-v2,False,7.801665815851997,975,150,0.08,recovery_exhausted,force_threshold,fire_small_step,"[{""ase_converged"": false, ""converged"": false, ""end_geometry_sha256"": ""dd7b77a7a441f4443641ac3e053496ed9a8d99d03de9fb41135de29fff0e814d"", ""failure_class"": ""force_threshold"", ""max_force_eV_A"": 117.99475283887682, ""name"": ""bfgs_standard"", ""start_geometry_sha256"": ""6edc9b099664c6c329bc9fc781a37cb4471959d39ea388ac8ae115e5d460adbd"", ""steps"": 150}, {""ase_converged"": false, ""converged"": false, ""end_geometry_sha256"": ""b3f86735e9d3f114be9f6da31228014d80b43f44f603003264831982882d9153"", ""failure_class"": ""force_threshold"", ""max_force_eV_A"": 35.02979818666781, ""name"": ""fire_precondition"", ""qualifying"": false, ""start_geometry_sha256"": ""6edc9b099664c6c329bc9fc781a37cb4471959d39ea388ac8ae115e5d460adbd"", ""steps"": 75}, {""ase_converged"": false, ""converged"": false, ""end_geometry_sha256"": ""78796602388ec0af4484e3ab637a03bbd7b9475cb538e4123fa502f67732717c"", ""failure_class"": ""force_threshold"", ""max_force_eV_A"": 2133.5286278720614, ""name"": ""bfgs_after_fire"", ""start_geometry_sha256"": ""b3f86735e9d3f114be9f6da31228014d80b43f44f603003264831982882d9153"", ""steps"": 300}, {""ase_converged"": false, ""converged"": false, ""end_geometry_sha256"": ""c97a674d08d18e2e538be8107a1e73a3caa0e41b017af3a46de448188370f97d"", ""failure_class"": ""force_threshold"", ""max_force_eV_A"": 7.801665815851997, ""name"": ""fire_small_step"", ""start_geometry_sha256"": ""b3f86735e9d3f114be9f6da31228014d80b43f44f603003264831982882d9153"", ""steps"": 450}]",c97a674d08d18e2e538be8107a1e73a3caa0e41b017af3a46de448188370f97d,,,,,,,,,,,,,,,,,,,,,,,,,,,,,,,,,,,,,,,,,,True,validation_required,0,0,ac651bbb6303113ad78f,False,Unconverged clean relaxation: max_force=7.80167 eV/A after 975 cumulative recovery steps
"('DAC', 'Ga', 'Au', 'C4N4', 'N-carbon_black')",DAC,False,esen-sm-conserving-all-oc25:relax-v3:orr-che-v2,False,13.140519485478343,975,150,0.08,recovery_exhausted,force_threshold,fire_small_step,"[{""ase_converged"": false, ""converged"": false, ""end_geometry_sha256"": ""ae9425ec2aabca52202a19e78d78868f7623e8ae4e6541afa9d327ead3abaf8f"", ""failure_class"": ""force_threshold"", ""max_force_eV_A"": 25.116555999384165, ""name"": ""bfgs_standard"", ""start_geometry_sha256"": ""577b327c4bc322dafaf69e8b852c8ca4cb7385ca912da9a70194e08a91f06b29"", ""steps"": 150}, {""ase_converged"": false, ""converged"": false, ""end_geometry_sha256"": ""a3d4b0b96d8eb480f8350c230d7cf2f9326d192a81e647d8c8a142dbe2430a51"", ""failure_class"": ""force_threshold"", ""max_force_eV_A"": 20.482135483554394, ""name"": ""fire_precondition"", ""qualifying"": false, ""start_geometry_sha256"": ""577b327c4bc322dafaf69e8b852c8ca4cb7385ca912da9a70194e08a91f06b29"", ""steps"": 75}, {""ase_converged"": false, ""converged"": false, ""end_geometry_sha256"": ""1a286d0b462852c70e2d71a73eb84e05939f3a4f39f32f7383207bcfc05f4256"", ""failure_class"": ""force_threshold"", ""max_force_eV_A"": 138.37655295336336, ""name"": ""bfgs_after_fire"", ""start_geometry_sha256"": ""a3d4b0b96d8eb480f8350c230d7cf2f9326d192a81e647d8c8a142dbe2430a51"", ""steps"": 300}, {""ase_converged"": false, ""converged"": false, ""end_geometry_sha256"": ""448c54aa3425ba71b3437a19bb2a6637c90da558526c1ed973943acbbbdddc32"", ""failure_class"": ""force_threshold"", ""max_force_eV_A"": 13.140519485478343, ""name"": ""fire_small_step"", ""start_geometry_sha256"": ""a3d4b0b96d8eb480f8350c230d7cf2f9326d192a81e647d8c8a142dbe2430a51"", ""steps"": 450}]",448c54aa3425ba71b3437a19bb2a6637c90da558526c1ed973943acbbbdddc32,,,,,,,,,,,,,,,,,,,,,,,,,,,,,,,,,,,,,,,,,,True,validation_required,2,2,118bd6498fd251f297b3,False,Unconverged clean relaxation: max_force=13.1405 eV/A after 975 cumulative recovery steps
"('MOF', 'Ga', 'HHTP', 'O6', 30.0)",MOF,True,esen-sm-conserving-all-oc25:relax-v3:orr-che-v2,True,0.07768997114531606,919,150,0.08,converged,,fire_small_step,"[{""ase_converged"": false, ""converged"": false, ""end_geometry_sha256"": ""50d74034e8410f1f8e919b33909ec35af06d4c16806b2a25bb7db33c49c0ce47"", ""failure_class"": ""force_threshold"", ""max_force_eV_A"": 1.82813872597657, ""name"": ""bfgs_standard"", ""start_geometry_sha256"": ""f089c36e2cfa9e16f0da5975d05d2f6c61d133760dbeff30714e8682c1ffcfc8"", ""steps"": 150}, {""ase_converged"": false, ""converged"": false, ""end_geometry_sha256"": ""d46355cd4e05e51f1412ccea5d0971a51f1b2ae59a9cfb1fdccde8859e5aedb4"", ""failure_class"": ""force_threshold"", ""max_force_eV_A"": 2.17577660005465, ""name"": ""fire_precondition"", ""qualifying"": false, ""start_geometry_sha256"": ""f089c36e2cfa9e16f0da5975d05d2f6c61d133760dbeff30714e8682c1ffcfc8"", ""steps"": 75}, {""ase_converged"": false, ""converged"": false, ""end_geometry_sha256"": ""a2708275c9a69c9952a66e3f8fccd936b895c8aa012b46ed6c40e214bec89e71"", ""failure_class"": ""force_threshold"", ""max_force_eV_A"": 0.4385043767611649, ""name"": ""bfgs_after_fire"", ""start_geometry_sha256"": ""d46355cd4e05e51f1412ccea5d0971a51f1b2ae59a9cfb1fdccde8859e5aedb4"", ""steps"": 300}, {""ase_converged"": true, ""converged"": true, ""end_geometry_sha256"": ""ccde6bf026ae3675a490f54c819c7f92e965d5a408a4f73cde0d6dc7fb093dad"", ""failure_class"": null, ""max_force_eV_A"": 0.07768997114531606, ""name"": ""fire_small_step"", ""start_geometry_sha256"": ""a2708275c9a69c9952a66e3f8fccd936b895c8aa012b46ed6c40e214bec89e71"", ""steps"": 394}]",ccde6bf026ae3675a490f54c819c7f92e965d5a408a4f73cde0d6dc7fb093dad,-183.50384469901783,True,0.07868303555190244,282.0,100.0,0.08,converged,,bfgs_after_fire,"[{""ase_converged"": false, ""converged"": false, ""end_geometry_sha256"": ""92cc59b8e359bfc0ff6283f59df3b4cdaf1315ae8882558b8a21724610c3521e"", ""failure_class"": ""force_threshold"", ""max_force_eV_A"": 0.11927894707349262, ""name"": ""bfgs_standard"", ""start_geometry_sha256"": ""eb55f18d9c15a5dcb96657b702cecc513dac45c09e093a0368f934da01371f87"", ""steps"": 100}, {""ase_converged"": false, ""converged"": false, ""end_geometry_sha256"": ""cd85d90187ab9e853e62ef88cc6f5dd7df35068f70bc02335bce4b8d923f59f8"", ""failure_class"": ""force_threshold"", ""max_force_eV_A"": 0.2876336893231087, ""name"": ""fire_precondition"", ""qualifying"": false, ""start_geometry_sha256"": ""eb55f18d9c15a5dcb96657b702cecc513dac45c09e093a0368f934da01371f87"", ""steps"": 50}, {""ase_converged"": true, ""converged"": true, ""end_geometry_sha256"": ""53f7998a0b5ac2b1426d8ec0973ccc6f143d97d3486a88cb79279d1e575de2c0"", ""failure_class"": null, ""max_force_eV_A"": 0.07868303555190244, ""name"": ""bfgs_after_fire"", ""start_geometry_sha256"": ""cd85d90187ab9e853e62ef88cc6f5dd7df35068f70bc02335bce4b8d923f59f8"", ""steps"": 132}]",53f7998a0b5ac2b1426d8ec0973ccc6f143d97d3486a88cb79279d1e575de2c0,-3.342331108897924,True,0.06740137890413665,88.0,100.0,0.08,converged,,bfgs_standard,"[{""ase_converged"": true, ""converged"": true, ""end_geometry_sha256"": ""7c79a260fa4ac9bf9ab995039a54ea04f1cd83307517dd81fa059c327aa4ece3"", ""failure_class"": null, ""max_force_eV_A"": 0.06740137890413665, ""name"": ""bfgs_standard"", ""start_geometry_sha256"": ""683f3612557a51bbb8ad83295435559beffc8361757b5e36b6fbc6bc8c15c7d5"", ""steps"": 88}]",7c79a260fa4ac9bf9ab995039a54ea04f1cd83307517dd81fa059c327aa4ece3,-1.9067049853503668,True,0.07745397438549859,244.0,100.0,0.08,converged,,bfgs_after_fire,"[{""ase_converged"": false, ""converged"": false, ""end_geometry_sha256"": ""743b91a0f0ded12b98c11dbfa21fc86eea9db4e5b6d6a4ba2928ec8254395d9e"", ""failure_class"": ""force_threshold"", ""max_force_eV_A"": 0.16921590736518072, ""name"": ""bfgs_standard"", ""start_geometry_sha256"": ""cf8c7573f3a5369d4e1313f55bbefa2a970018e7e1f8d41a370cf3dd6de42734"", ""steps"": 100}, {""ase_converged"": true, ""converged"": true, ""end_geometry_sha256"": ""1e969e6e0b8642e7e8259ee0c2c454fe157ac64df5380c6e20c7d7c4c680c2eb"", ""failure_class"": null, ""max_force_eV_A"": 0.21377849956633982, ""name"": ""fire_precondition"", ""qualifying"": false, ""start_geometry_sha256"": ""cf8c7573f3a5369d4e1313f55bbefa2a970018e7e1f8d41a370cf3dd6de42734"", ""steps"": 37}, {""ase_converged"": true, ""converged"": true, ""end_geometry_sha256"": ""59634c17da70a1addf11527517ff443bdf469e28eb048894606506f43f643a51"", ""failure_class"": null, ""max_force_eV_A"": 0.07745397438549859, ""name"": ""bfgs_after_fire"", ""start_geometry_sha256"": ""1e969e6e0b8642e7e8259ee0c2c454fe157ac64df5380c6e20c7d7c4c680c2eb"", ""steps"": 107}]",59634c17da70a1addf11527517ff443bdf469e28eb048894606506f43f643a51,-4.831099082529541,3.0,step_4_H2O,10.0,0.0,True,5.249036094248291,0.480000000035,True,quantitative_screening,0,0,6f434d1831f86de257d7,False,
"('MOF', 'Sn', 'BTC', 'N3S', 10.0)",MOF,True,esen-sm-conserving-all-oc25:relax-v3:orr-che-v2,True,0.07979089217487906,51,150,0.08,converged,,bfgs_standard,"[{""ase_converged"": true, ""converged"": true, ""end_geometry_sha256"": ""97db446449f8152e63873cdacf9e0ab02cf6156e30a40f84c222926de1321116"", ""failure_class"": null, ""max_force_eV_A"": 0.07979089217487906, ""name"": ""bfgs_standard"", ""start_geometry_sha256"": ""62e5d7139d8b587b2d6e6fca21627733173bafc7bc31bc81e21aab3ce9c10106"", ""steps"": 51}]",97db446449f8152e63873cdacf9e0ab02cf6156e30a40f84c222926de1321116,-125.51277798027783,True,0.06989363110720175,76.0,100.0,0.08,converged,,bfgs_standard,"[{""ase_converged"": true, ""converged"": true, ""end_geometry_sha256"": ""5b67700039717c7b5983130d20e2a04a6b1f658d852d7bfe7b2e73002a20af70"", ""failure_class"": null, ""max_force_eV_A"": 0.06989363110720175, ""name"": ""bfgs_standard"", ""start_geometry_sha256"": ""68bd25ea06ce26fe1fb535c0f9c820776cc94a0cc80339a2b33bca8b9e197bd1"", ""steps"": 76}]",5b67700039717c7b5983130d20e2a04a6b1f658d852d7bfe7b2e73002a20af70,0.6155570174753666,True,0.07548021210577463,14.0,100.0,0.08,converged,,bfgs_standard,"[{""ase_converged"": true, ""converged"": true, ""end_geometry_sha256"": ""c1a6734a068dc387aba85d00427a38f16a49a7ac44868dbf5b72f4f02622b1a0"", ""failure_class"": null, ""max_force_eV_A"": 0.07548021210577463, ""name"": ""bfgs_standard"", ""start_geometry_sha256"": ""9e0bf476a2d9d9595774d9723ddef655b67de431059e16571c0203ce0d366a5b"", ""steps"": 14}]",c1a6734a068dc387aba85d00427a38f16a49a7ac44868dbf5b72f4f02622b1a0,2.443176902085546,True,0.07579136394060693,79.0,100.0,0.08,converged,,bfgs_standard,"[{""ase_converged"": true, ""converged"": true, ""end_geometry_sha256"": ""050491360189ab22c3a3bcf6df3b081d5fb538fe5c99e68392dbd8c400cef332"", ""failure_class"": null, ""max_force_eV_A"": 0.07579136394060693, ""name"": ""bfgs_standard"", ""start_geometry_sha256"": ""b5cba08260e0ee2000977c9e2fa97ad0bbefe5eb0985ffed004ef53d7f2b6993"", ""steps"": 79}]",050491360189ab22c3a3bcf6df3b081d5fb538fe5c99e68392dbd8c400cef332,4.046086977422242,0.6134429825246335,step_4_H2O,10.0,-1.2765443279648143,True,3.058733919560913,0.480000000035,True,quantitative_screening,2,2,373147b7566d93ab499f,False,
"('MOF', 'Sb', 'BPDC', 'N4', 18.0)",MOF,True,esen-sm-conserving-all-oc25:relax-v3:orr-che-v2,True,0.06697170617233356,121,150,0.08,converged,,bfgs_standard,"[{""ase_converged"": true, ""converged"": true, ""end_geometry_sha256"": ""6f808d8fbc4e0b07f909d67defbe6ade73e291d5555fe93df319332b08083eda"", ""failure_class"": null, ""max_force_eV_A"": 0.06697170617233356, ""name"": ""bfgs_standard"", ""start_geometry_sha256"": ""7d62eadbd94eed47c94768006ea78cc2be3bc884d36d601096c96995cc474b97"", ""steps"": 121}]",6f808d8fbc4e0b07f909d67defbe6ade73e291d5555fe93df319332b08083eda,-120.45527781722936,True,0.07548644758659673,35.0,100.0,0.08,converged,,bfgs_standard,"[{""ase_converged"": true, ""converged"": true, ""end_geometry_sha256"": ""92136af3c725a1c007319fe080c781bb66b31bcb211be4daee613524770e0448"", ""failure_class"": null, ""max_force_eV_A"": 0.07548644758659673, ""name"": ""bfgs_standard"", ""start_geometry_sha256"": ""dbb98b2f1d1a7c7cd68bc9d5ec0cefcceda95c97b0b299e82609b9fad61ea7fa"", ""steps"": 35}]",92136af3c725a1c007319fe080c781bb66b31bcb211be4daee613524770e0448,0.7030409003794194,True,0.07472889931253139,45.0,100.0,0.08,converged,,bfgs_standard,"[{""ase_converged"": true, ""converged"": true, ""end_geometry_sha256"": ""d987cc5b00214783c55942f4f4cc99cb9fc2c377bbdc1013c41cf66ef08ec1b8"", ""failure_class"": null, ""max_force_eV_A"": 0.07472889931253139, ""name"": ""bfgs_standard"", ""start_geometry_sha256"": ""bec951121e18c674e006ee12d72b8674f5bce95b0ad0c799ac38295c60c826dc"", ""steps"": 45}]",d987cc5b00214783c55942f4f4cc99cb9fc2c377bbdc1013c41cf66ef08ec1b8,2.158194459229711,True,0.06320902287049951,307.0,100.0,0.08,converged,,bfgs_after_fire,"[{""ase_converged"": false, ""converged"": false, ""end_geometry_sha256"": ""87b17be78091ed431bebf27b849b39d3455c55d49bdf92195391611aa91b94fb"", ""failure_class"": ""force_threshold"", ""max_force_eV_A"": 2.596172649203428, ""name"": ""bfgs_standard"", ""start_geometry_sha256"": ""70880b8c75668ca54b91df4e88f856610d6160744d96e33e9204fd3627fbae33"", ""steps"": 100}, {""ase_converged"": true, ""converged"": true, ""end_geometry_sha256"": ""42a9954c5c32ed139a9f43424b11fe7cf82d450b8157df42e7d2bb0ac2cff955"", ""failure_class"": null, ""max_force_eV_A"": 0.19909395406063046, ""name"": ""fire_precondition"", ""qualifying"": false, ""start_geometry_sha256"": ""70880b8c75668ca54b91df4e88f856610d6160744d96e33e9204fd3627fbae33"", ""steps"": 22}, {""ase_converged"": true, ""converged"": true, ""end_geometry_sha256"": ""338d5b8fda5e66da2739e480b55d60120e21203c5e729b7f23198b8c7112c7fa"", ""failure_class"": null, ""max_force_eV_A"": 0.06320902287049951, ""name"": ""bfgs_after_fire"", ""start_geometry_sha256"": ""42a9954c5c32ed139a9f43424b11fe7cf82d450b8157df42e7d2bb0ac2cff955"", ""steps"": 185}]",338d5b8fda5e66da2739e480b55d60120e21203c5e729b7f23198b8c7112c7fa,-0.5457835689187014,3.0,step_2_O,10.0,-2.0,True,2.8612353596091307,0.480000000035,True,quantitative_screening,1,1,199967839a03e8d0af91,False,
"('MOF', 'Bi', 'Triazolate', 'N6', 40.0)",MOF,True,esen-sm-conserving-all-oc25:relax-v3:orr-che-v2,True,0.07808016540580745,89,150,0.08,converged,,bfgs_standard,"[{""ase_converged"": true, ""converged"": true, ""end_geometry_sha256"": ""c7e8d111a29412df1175d695544f09a9a6ffc3b0fb115208fec493dc6972c393"", ""failure_class"": null, ""max_force_eV_A"": 0.07808016540580745, ""name"": ""bfgs_standard"", ""start_geometry_sha256"": ""a6d21f03a323255e1a2b85765af593643fa0108527c6dd23e68bbf403fd53f69"", ""steps"": 89}]",c7e8d111a29412df1175d695544f09a9a6ffc3b0fb115208fec493dc6972c393,-137.77901052071405,True,0.07668414091253309,189.0,100.0,0.08,converged,,bfgs_after_fire,"[{""ase_converged"": false, ""converged"": false, ""end_geometry_sha256"": ""cd2495105f1281121bda09b961f6489ed346f7e2da3993d4e62db13e6f8df857"", ""failure_class"": ""force_threshold"", ""max_force_eV_A"": 0.34129682009175405, ""name"": ""bfgs_standard"", ""start_geometry_sha256"": ""3f334289903fa308033d11f1abb39d79710d1e5e0fa567d0dde7b6a5a133c3cd"", ""steps"": 100}, {""ase_converged"": false, ""converged"": false, ""end_geometry_sha256"": ""80a689c6912299adbaceccd7d8138a832d40bf39cad22c9e449e93e2c8c45fa0"", ""failure_class"": ""force_threshold"", ""max_force_eV_A"": 1.3151042981543115, ""name"": ""fire_precondition"", ""qualifying"": false, ""start_geometry_sha256"": ""3f334289903fa308033d11f1abb39d79710d1e5e0fa567d0dde7b6a5a133c3cd"", ""steps"": 50}, {""ase_converged"": true, ""converged"": true, ""end_geometry_sha256"": ""2c015f8bae88e37e6d1dbd21c65344d7b25ccffc0ca9c2d9d5ffc79091ce3656"", ""failure_class"": null, ""max_force_eV_A"": 0.07668414091253309, ""name"": ""bfgs_after_fire"", ""start_geometry_sha256"": ""80a689c6912299adbaceccd7d8138a832d40bf39cad22c9e449e93e2c8c45fa0"", ""steps"": 39}]",2c015f8bae88e37e6d1dbd21c65344d7b25ccffc0ca9c2d9d5ffc79091ce3656,-0.6896755073964596,True,0.06646443088730832,77.0,100.0,0.08,converged,,bfgs_standard,"[{""ase_converged"": true, ""converged"": true, ""end_geometry_sha256"": ""e4fb8234b6d7b614eeb01956040187eaeace643b329d22d529438f216bcfb26b"", ""failure_class"": null, ""max_force_eV_A"": 0.06646443088730832, ""name"": ""bfgs_standard"", ""start_geometry_sha256"": ""0d600ecb1f0a169b9654b0eabf5e175de90d2b8c2848ba13988e8f2e52030017"", ""steps"": 77}]",e4fb8234b6d7b614eeb01956040187eaeace643b329d22d529438f216bcfb26b,-3.5426941744983163,True,0.07597030488776599,90.0,100.0,0.08,converged,,bfgs_standard,"[{""ase_converged"": true, ""converged"": true, ""end_geometry_sha256"": ""3d07ae1563089e13e39f3b0a3a02f09f0e17d6a120a682509067144e4c8b464c"", ""failure_class"": null, ""max_force_eV_A"": 0.07597030488776599, ""name"": ""bfgs_standard"", ""start_geometry_sha256"": ""dfff49db903af7958acf1b98b03fa1f794887cd815dce0b702a4851e311bd99b"", ""steps"": 90}]",3d07ae1563089e13e39f3b0a3a02f09f0e17d6a120a682509067144e4c8b464c,-3.895283271372315,3.0,step_3_OH,10.0,-2.0,True,4.232369681894776,0.480000000035,True,quantitative_screening,2,2,d7875f80a3b5205aee56,False,
"('COF', 'In', 'Squaraine', 'N2P2', 16.0)",COF,True,esen-sm-conserving-all-oc25:relax-v3:orr-che-v2,True,0.07901730497609417,361,150,0.08,converged,,bfgs_after_fire,"[{""ase_converged"": false, ""converged"": false, ""end_geometry_sha256"": ""25f3786673b21d36dadc75965769c944080e50b2a66c72748f04127dc5f32c05"", ""failure_class"": ""force_threshold"", ""max_force_eV_A"": 0.2802759492695548, ""name"": ""bfgs_standard"", ""start_geometry_sha256"": ""4aa4195c3d6a593f09db29419dfde9172d32712bf135f30d80fde380dd108c06"", ""steps"": 150}, {""ase_converged"": false, ""converged"": false, ""end_geometry_sha256"": ""c33ecd83b2b660d60eca04c6a0d2d96770860d81e190fae24089fe5c527fc411"", ""failure_class"": ""force_threshold"", ""max_force_eV_A"": 7.072100496573012, ""name"": ""fire_precondition"", ""qualifying"": false, ""start_geometry_sha256"": ""4aa4195c3d6a593f09db29419dfde9172d32712bf135f30d80fde380dd108c06"", ""steps"": 75}, {""ase_converged"": true, ""converged"": true, ""end_geometry_sha256"": ""c3e1a5d6c97b4037eeef0fdf26b63cf255c344414f554caae99cb6a2aa386bd6"", ""failure_class"": null, ""max_force_eV_A"": 0.07901730497609417, ""name"": ""bfgs_after_fire"", ""start_geometry_sha256"": ""c33ecd83b2b660d60eca04c6a0d2d96770860d81e190fae24089fe5c527fc411"", ""steps"": 136}]",c3e1a5d6c97b4037eeef0fdf26b63cf255c344414f554caae99cb6a2aa386bd6,-111.42631333862559,True,0.07482506879595249,202.0,100.0,0.08,converged,,bfgs_after_fire,"[{""ase_converged"": false, ""converged"": false, ""end_geometry_sha256"": ""ff866aaef66167721e4f73cd0c1cbdafe313a8c4b02c8815e657ce387dcdeb50"", ""failure_class"": ""force_threshold"", ""max_force_eV_A"": 0.27153180594640197, ""name"": ""bfgs_standard"", ""start_geometry_sha256"": ""b156c29704d7b68f7c347c665fa4b65a20b5c6e2b5f7dc6dc748c14a2e8822f4"", ""steps"": 100}, {""ase_converged"": true, ""converged"": true, ""end_geometry_sha256"": ""20c0abf0f8cbfd4e0886b7eb899b12af2e23004b19ff7823fa823a2870890d0e"", ""failure_class"": null, ""max_force_eV_A"": 0.24131363201143027, ""name"": ""fire_precondition"", ""qualifying"": false, ""start_geometry_sha256"": ""b156c29704d7b68f7c347c665fa4b65a20b5c6e2b5f7dc6dc748c14a2e8822f4"", ""steps"": 50}, {""ase_converged"": true, ""converged"": true, ""end_geometry_sha256"": ""cd71009b8ccb102fd083025db0def6cc3b59233a4e77208205706b334a2b4ec6"", ""failure_class"": null, ""max_force_eV_A"": 0.07482506879595249, ""name"": ""bfgs_after_fire"", ""start_geometry_sha256"": ""20c0abf0f8cbfd4e0886b7eb899b12af2e23004b19ff7823fa823a2870890d0e"", ""steps"": 52}]",cd71009b8ccb102fd083025db0def6cc3b59233a4e77208205706b334a2b4ec6,0.2078931953012943,True,0.06074305663518418,297.0,100.0,0.08,converged,,bfgs_after_fire,"[{""ase_converged"": false, ""converged"": false, ""end_geometry_sha256"": ""ec933a132f8903525bf2ee4cf0d3ee77cc178701e25dbce3f0d2f9ea40fed05c"", ""failure_class"": ""force_threshold"", ""max_force_eV_A"": 0.24842125954192745, ""name"": ""bfgs_standard"", ""start_geometry_sha256"": ""c7cc5806ef061aebdcd35cde77ddaa7007c02de185d18312ea1697a0d47273a1"", ""steps"": 100}, {""ase_converged"": true, ""converged"": true, ""end_geometry_sha256"": ""a51b93f23f8b268e11318b07df0b0ee3222f6c9a6a48b67757afe48160fc7e59"", ""failure_class"": null, ""max_force_eV_A"": 0.21775664392239052, ""name"": ""fire_precondition"", ""qualifying"": false, ""start_geometry_sha256"": ""c7cc5806ef061aebdcd35cde77ddaa7007c02de185d18312ea1697a0d47273a1"", ""steps"": 32}, {""ase_converged"": true, ""converged"": true, ""end_geometry_sha256"": ""5516b3843db1f56e3b21366d8ae8d51318d18fa2b70b41a8e235bc923ea2b7ff"", ""failure_class"": null, ""max_force_eV_A"": 0.06074305663518418, ""name"": ""bfgs_after_fire"", ""start_geometry_sha256"": ""a51b93f23f8b268e11318b07df0b0ee3222f6c9a6a48b67757afe48160fc7e59"", ""steps"": 165}]",5516b3843db1f56e3b21366d8ae8d51318d18fa2b70b41a8e235bc923ea2b7ff,0.11965648010373471,True,0.05907288614722762,250.0,100.0,0.08,converged,,bfgs_after_fire,"[{""ase_converged"": false, ""converged"": false, ""end_geometry_sha256"": ""7320eabd1f47067a4e064fcebeafbef5ff22834feed961db4996068f319b9a88"", ""failure_class"": ""force_threshold"", ""max_force_eV_A"": 0.23842536585010812, ""name"": ""bfgs_standard"", ""start_geometry_sha256"": ""bfb1560211eadccff854f604a641aa729da0d1bc440451ef4622f752832a397c"", ""steps"": 100}, {""ase_converged"": true, ""converged"": true, ""end_geometry_sha256"": ""7db05d6f681bff77bb327084d6b91a2bf53879acae7915fbb5dfbf6647f50d6e"", ""failure_class"": null, ""max_force_eV_A"": 0.22543644817263422, ""name"": ""fire_precondition"", ""qualifying"": false, ""start_geometry_sha256"": ""bfb1560211eadccff854f604a641aa729da0d1bc440451ef4622f752832a397c"", ""steps"": 34}, {""ase_converged"": true, ""converged"": true, ""end_geometry_sha256"": ""e6707744c0f918037216f780d957a1852b24ed4ba2509606fdc7ab6177482ccc"", ""failure_class"": null, ""max_force_eV_A"": 0.05907288614722762, ""name"": ""bfgs_after_fire"", ""start_geometry_sha256"": ""7db05d6f681bff77bb327084d6b91a2bf53879acae7915fbb5dfbf6647f50d6e"", ""steps"": 116}]",e6707744c0f918037216f780d957a1852b24ed4ba2509606fdc7ab6177482ccc,1.63117546886206,1.3172367151975597,step_3_OH,10.0,-2.0,True,0.327549675405029,0.447500000035,True,quantitative_screening,1,1,15203cc5be87f2cb35db,False,
"('COF', 'Sn', 'Amide', 'N2P2', 16.0)",COF,True,esen-sm-conserving-all-oc25:relax-v3:orr-che-v2,True,0.05543176536565049,462,150,0.08,converged,,bfgs_after_fire,"[{""ase_converged"": false, ""converged"": false, ""end_geometry_sha256"": ""36e1d4f950b575dd3f7fba6cdf0a538e2ada617aac99b8324aa37dbe43a83816"", ""failure_class"": ""force_threshold"", ""max_force_eV_A"": 0.13089581761537536, ""name"": ""bfgs_standard"", ""start_geometry_sha256"": ""d426ffda05a3bdcc194e553bed331f1ce09acea787db3d44fe87a22d52592d67"", ""steps"": 150}, {""ase_converged"": false, ""converged"": false, ""end_geometry_sha256"": ""60b5bb1b114883790b7cd659a88137db5e7d6ee418e984a6338d164742b0ecb1"", ""failure_class"": ""force_threshold"", ""max_force_eV_A"": 3.9304679689560897, ""name"": ""fire_precondition"", ""qualifying"": false, ""start_geometry_sha256"": ""d426ffda05a3bdcc194e553bed331f1ce09acea787db3d44fe87a22d52592d67"", ""steps"": 75}, {""ase_converged"": true, ""converged"": true, ""end_geometry_sha256"": ""0db56cb52ea110b4b4a81584bf679165cde9f41190b237c30236cd78ad62fa98"", ""failure_class"": null, ""max_force_eV_A"": 0.05543176536565049, ""name"": ""bfgs_after_fire"", ""start_geometry_sha256"": ""60b5bb1b114883790b7cd659a88137db5e7d6ee418e984a6338d164742b0ecb1"", ""steps"": 237}]",0db56cb52ea110b4b4a81584bf679165cde9f41190b237c30236cd78ad62fa98,-119.52055429019953,True,0.07485592997800344,76.0,100.0,0.08,converged,,bfgs_standard,"[{""ase_converged"": true, ""converged"": true, ""end_geometry_sha256"": ""d0162eb45bf3444b58648b9872da0c484f75beedf5dfd787a14fba4d480355d5"", ""failure_class"": null, ""max_force_eV_A"": 0.07485592997800344, ""name"": ""bfgs_standard"", ""start_geometry_sha256"": ""6218ae11e58167a4bd06ba00586a34487cd3660530e2418dab79bbd3850db39e"", ""steps"": 76}]",d0162eb45bf3444b58648b9872da0c484f75beedf5dfd787a14fba4d480355d5,0.19503861919045445,True,0.07559428745506726,34.0,100.0,0.08,converged,,bfgs_standard,"[{""ase_converged"": true, ""converged"": true, ""end_geometry_sha256"": ""95a5e335261452a20dd7898bd2eef561d1efcd22c870b8d83b6df402991b50e2"", ""failure_class"": null, ""max_force_eV_A"": 0.07559428745506726, ""name"": ""bfgs_standard"", ""start_geometry_sha256"": ""14a9937fdd0eacde8dbd0092bd94688825615b016c1a6bc2cbe4beab86f94346"", ""steps"": 34}]",95a5e335261452a20dd7898bd2eef561d1efcd22c870b8d83b6df402991b50e2,1.008838570863012,True,0.07519269725386857,290.0,100.0,0.08,converged,,bfgs_after_fire,"[{""ase_converged"": false, ""converged"": false, ""end_geometry_sha256"": ""0fa5a7e160c3796b09a2c91179e9baf258dde3693aad4ba2c1e78a515979133b"", ""failure_class"": ""force_threshold"", ""max_force_eV_A"": 0.19377897535405272, ""name"": ""bfgs_standard"", ""start_geometry_sha256"": ""124c1d2e2e61d1b2c5dc174053630575e8f29d8936e559aa5892fb53a9071fab"", ""steps"": 100}, {""ase_converged"": false, ""converged"": false, ""end_geometry_sha256"": ""2a2d494b0c6897e0896f86fa0ff446e666793e30c762bbc54bb792bbaad8dee1"", ""failure_class"": ""force_threshold"", ""max_force_eV_A"": 0.3153909683737602, ""name"": ""fire_precondition"", ""qualifying"": false, ""start_geometry_sha256"": ""124c1d2e2e61d1b2c5dc174053630575e8f29d8936e559aa5892fb53a9071fab"", ""steps"": 50}, {""ase_converged"": true, ""converged"": true, ""end_geometry_sha256"": ""f71b9b306ea6c236b01733ebd16121a7ca6028d1918508223d23618f6593dbda"", ""failure_class"": null, ""max_force_eV_A"": 0.07519269725386857, ""name"": ""bfgs_after_fire"", ""start_geometry_sha256"": ""2a2d494b0c6897e0896f86fa0ff446e666793e30c762bbc54bb792bbaad8dee1"", ""steps"": 140}]",f71b9b306ea6c236b01733ebd16121a7ca6028d1918508223d23618f6593dbda,1.3344044193625484,1.0339613808095456,step_4_H2O,10.0,-1.2765443279648143,True,1.2038771900534666,0.447500000035,True,quantitative_screening,2,2,791343880d4217d147bf,False,
"('COF', 'Bi', 'Triazine', 'N2P2', 16.0)",COF,True,esen-sm-conserving-all-oc25:relax-v3:orr-che-v2,True,0.07915711775436887,343,150,0.08,converged,,bfgs_after_fire,"[{""ase_converged"": false, ""converged"": false, ""end_geometry_sha256"": ""3bfbe05ade85b6874a1dd76856c87d9835be5bab5ec6fc33f9f312d65dda3f6f"", ""failure_class"": ""force_threshold"", ""max_force_eV_A"": 0.302922995271901, ""name"": ""bfgs_standard"", ""start_geometry_sha256"": ""5567ef66227711c66fa1db95271b82164bffc6bd8cce08caf28cfdd9a802ce40"", ""steps"": 150}, {""ase_converged"": false, ""converged"": false, ""end_geometry_sha256"": ""d34f68a4a2e20819547ea7c97fec1b55a6c9a88c6231763e43ff2832d5c8a50f"", ""failure_class"": ""force_threshold"", ""max_force_eV_A"": 4.611764534825232, ""name"": ""fire_precondition"", ""qualifying"": false, ""start_geometry_sha256"": ""5567ef66227711c66fa1db95271b82164bffc6bd8cce08caf28cfdd9a802ce40"", ""steps"": 75}, {""ase_converged"": true, ""converged"": true, ""end_geometry_sha256"": ""6c38f0c90f18e6ee8f6c6a61ad4c332bc8779f7a9ba4ad8f162e86a58b6117ab"", ""failure_class"": null, ""max_force_eV_A"": 0.07915711775436887, ""name"": ""bfgs_after_fire"", ""start_geometry_sha256"": ""d34f68a4a2e20819547ea7c97fec1b55a6c9a88c6231763e43ff2832d5c8a50f"", ""steps"": 118}]",6c38f0c90f18e6ee8f6c6a61ad4c332bc8779f7a9ba4ad8f162e86a58b6117ab,-118.46050322746359,True,0.07049605454668044,272.0,100.0,0.08,converged,,bfgs_after_fire,"[{""ase_converged"": false, ""converged"": false, ""end_geometry_sha256"": ""bd5704a0ca9d2f07be4f1ada48fd5bbbc4bfece057e0aeabc515c69f15603f4c"", ""failure_class"": ""force_threshold"", ""max_force_eV_A"": 0.2582142015793898, ""name"": ""bfgs_standard"", ""start_geometry_sha256"": ""92838b6a8d81cc755852f00b46ce97aa3fb4098127bc6a0812d625347f02b549"", ""steps"": 100}, {""ase_converged"": true, ""converged"": true, ""end_geometry_sha256"": ""38555c4c967360eaf2dbff74a470cbe493438ae8ff6009505f30b90594906137"", ""failure_class"": null, ""max_force_eV_A"": 0.23455545426410304, ""name"": ""fire_precondition"", ""qualifying"": false, ""start_geometry_sha256"": ""92838b6a8d81cc755852f00b46ce97aa3fb4098127bc6a0812d625347f02b549"", ""steps"": 22}, {""ase_converged"": true, ""converged"": true, ""end_geometry_sha256"": ""c43b7a639eb3213352121c302ea12c9e705f20f14b2039e4290317abf7f15dff"", ""failure_class"": null, ""max_force_eV_A"": 0.07049605454668044, ""name"": ""bfgs_after_fire"", ""start_geometry_sha256"": ""38555c4c967360eaf2dbff74a470cbe493438ae8ff6009505f30b90594906137"", ""steps"": 150}]",c43b7a639eb3213352121c302ea12c9e705f20f14b2039e4290317abf7f15dff,-0.6698333595693111,True,0.07033542766671239,84.0,100.0,0.08,converged,,bfgs_standard,"[{""ase_converged"": true, ""converged"": true, ""end_geometry_sha256"": ""4be8c96f383a2beab25f621c18ae5a285b6597453a652110e69fd171805ddf53"", ""failure_class"": null, ""max_force_eV_A"": 0.07033542766671239, ""name"": ""bfgs_standard"", ""start_geometry_sha256"": ""16d23afb591cda5614223b47befb01ec882dd1c4bdcaefdc3bad72ee4da3971f"", ""steps"": 84}]",4be8c96f383a2beab25f621c18ae5a285b6597453a652110e69fd171805ddf53,2.3005999691784416,True,0.07298477976742589,85.0,100.0,0.08,converged,,bfgs_standard,"[{""ase_converged"": true, ""converged"": true, ""end_geometry_sha256"": ""d9c0fbb22bd36857e375e8bd4ad14c7d754c907ff90702b526162ccf06ba9161"", ""failure_class"": null, ""max_force_eV_A"": 0.07298477976742589, ""name"": ""bfgs_standard"", ""start_geometry_sha256"": ""8e7413bb78d4bd0febb5d377cee97e0e272b016b7ea491531e4743ab3130c3eb"", ""steps"": 85}]",d9c0fbb22bd36857e375e8bd4ad14c7d754c907ff90702b526162ccf06ba9161,4.100136230885987,1.8988333595693112,step_4_H2O,10.0,-2.0,True,2.9704333287477525,0.447500000035,True,quantitative_screening,0,0,0d29a61390ddfa567fa0,False,
"('COF', 'Mg', 'Olefin', 'N2P2', 16.0)",COF,True,esen-sm-conserving-all-oc25:relax-v3:orr-che-v2,True,0.07950582174076383,363,150,0.08,converged,,bfgs_after_fire,"[{""ase_converged"": false, ""converged"": false, ""end_geometry_sha256"": ""1077d7c960d67a64d44b25e00b53859a4c191bc30b1841eb9f8d692953652fac"", ""failure_class"": ""force_threshold"", ""max_force_eV_A"": 0.1977044036589515, ""name"": ""bfgs_standard"", ""start_geometry_sha256"": ""c787266193714be0bcf346725820a524c93376a854e61295480181c7ac8fb33c"", ""steps"": 150}, {""ase_converged"": false, ""converged"": false, ""end_geometry_sha256"": ""031abeb6270c56bf921e95646e1be02c23078bc9e3a18221a8b90ad75f749fc7"", ""failure_class"": ""force_threshold"", ""max_force_eV_A"": 5.892833348467675, ""name"": ""fire_precondition"", ""qualifying"": false, ""start_geometry_sha256"": ""c787266193714be0bcf346725820a524c93376a854e61295480181c7ac8fb33c"", ""steps"": 75}, {""ase_converged"": true, ""converged"": true, ""end_geometry_sha256"": ""b47666955800f48107287d770ea36e8e875a9c9d337d8fd6fbca47cb542a19e1"", ""failure_class"": null, ""max_force_eV_A"": 0.07950582174076383, ""name"": ""bfgs_after_fire"", ""start_geometry_sha256"": ""031abeb6270c56bf921e95646e1be02c23078bc9e3a18221a8b90ad75f749fc7"", ""steps"": 138}]",b47666955800f48107287d770ea36e8e875a9c9d337d8fd6fbca47cb542a19e1,-119.40237658690535,True,0.07630784710947348,50.0,100.0,0.08,converged,,bfgs_standard,"[{""ase_converged"": true, ""converged"": true, ""end_geometry_sha256"": ""3cdc8f2a0eaf0046100ac8f98f6ceeaa717db5637a8bb818460a302a033d0e3b"", ""failure_class"": null, ""max_force_eV_A"": 0.07630784710947348, ""name"": ""bfgs_standard"", ""start_geometry_sha256"": ""dc48717a8f77fe0399f82cb81fc7caa275cea2cf1c2edd1aa039eda91c3a0413"", ""steps"": 50}]",3cdc8f2a0eaf0046100ac8f98f6ceeaa717db5637a8bb818460a302a033d0e3b,-0.13799971088767055,True,0.07531982118788474,68.0,100.0,0.08,converged,,bfgs_standard,"[{""ase_converged"": true, ""converged"": true, ""end_geometry_sha256"": ""01e1b575017ec25cead2d323ec20c6885bb527015ac2fd14f3c41cb91e42f975"", ""failure_class"": null, ""max_force_eV_A"": 0.07531982118788474, ""name"": ""bfgs_standard"", ""start_geometry_sha256"": ""f459e80079906cc2a97b917c46765b137924397ad90deb7bd41019b40612431a"", ""steps"": 68}]",01e1b575017ec25cead2d323ec20c6885bb527015ac2fd14f3c41cb91e42f975,1.620340264588598,True,0.07008956856784856,100.0,100.0,0.08,converged,,bfgs_standard,"[{""ase_converged"": true, ""converged"": true, ""end_geometry_sha256"": ""995ab08428f0a22727a66809bff5a36041669d63a37381377c411efafbe032b7"", ""failure_class"": null, ""max_force_eV_A"": 0.07008956856784856, ""name"": ""bfgs_standard"", ""start_geometry_sha256"": ""996716ea1428e14f5724b1a1b0ba19e0c3ececaec1c9a58788a0de89fd502ef8"", ""steps"": 100}]",995ab08428f0a22727a66809bff5a36041669d63a37381377c411efafbe032b7,3.027664135396484,1.3669997108876706,step_4_H2O,10.0,0.0,True,1.7583399754762685,0.307500000035,True,quantitative_screening,2,2,de76ec66eaa37dcb9bba,False,
"('Perovskite', 'Li', 'Ni', 'Rh', 0.2, 'none')",Perovskite,False,esen-sm-conserving-all-oc25:relax-v3:orr-che-v2,True,0.07257847609432308,367,150,0.08,converged,,bfgs_after_fire,"[{""ase_converged"": false, ""converged"": false, ""end_geometry_sha256"": ""1c8a9e550725cfb12d4c23587a3c9e12666a7311dafd2989498a990f6b227301"", ""failure_class"": ""force_threshold"", ""max_force_eV_A"": 0.17473585844929138, ""name"": ""bfgs_standard"", ""start_geometry_sha256"": ""a1d1d275165370cedab9cb81b641a57b4719a0eb9d72f83402c61d4efaca9d2b"", ""steps"": 150}, {""ase_converged"": true, ""converged"": true, ""end_geometry_sha256"": ""85e5b085687f27c25273bb921531550bededcd96e804958d05d150ef6b4b1085"", ""failure_class"": null, ""max_force_eV_A"": 0.24173275650889894, ""name"": ""fire_precondition"", ""qualifying"": false, ""start_geometry_sha256"": ""a1d1d275165370cedab9cb81b641a57b4719a0eb9d72f83402c61d4efaca9d2b"", ""steps"": 54}, {""ase_converged"": true, ""converged"": true, ""end_geometry_sha256"": ""a655d7465976ed9a9f722f9ecf4bcf7fb5d35c30261071f8e77a5e514ce6022f"", ""failure_class"": null, ""max_force_eV_A"": 0.07257847609432308, ""name"": ""bfgs_after_fire"", ""start_geometry_sha256"": ""85e5b085687f27c25273bb921531550bededcd96e804958d05d150ef6b4b1085"", ""steps"": 163}]",a655d7465976ed9a9f722f9ecf4bcf7fb5d35c30261071f8e77a5e514ce6022f,-306.51452321125623,True,0.07239269542746861,220.0,100.0,0.08,converged,,bfgs_after_fire,"[{""ase_converged"": false, ""converged"": false, ""end_geometry_sha256"": ""148ebe763ca3f539480dd5f5d5119099ec41174d32044401e41842f1f3b77d8e"", ""failure_class"": ""force_threshold"", ""max_force_eV_A"": 0.28446825444078416, ""name"": ""bfgs_standard"", ""start_geometry_sha256"": ""e417aa45070f5f1775e2c579ec9626b6a44c2e08a725bab8dd39c2b6c85ed475"", ""steps"": 100}, {""ase_converged"": true, ""converged"": true, ""end_geometry_sha256"": ""8577ba85713ba3f9c699dba9b12c1bda952593fc898859bb318dda20d5e0a8d1"", ""failure_class"": null, ""max_force_eV_A"": 0.2044657400161268, ""name"": ""fire_precondition"", ""qualifying"": false, ""start_geometry_sha256"": ""e417aa45070f5f1775e2c579ec9626b6a44c2e08a725bab8dd39c2b6c85ed475"", ""steps"": 24}, {""ase_converged"": true, ""converged"": true, ""end_geometry_sha256"": ""1cf855b1fec6ad866b5c754ccea9a6f1646bf43c49d97e521ae1f5edd33278d2"", ""failure_class"": null, ""max_force_eV_A"": 0.07239269542746861, ""name"": ""bfgs_after_fire"", ""start_geometry_sha256"": ""8577ba85713ba3f9c699dba9b12c1bda952593fc898859bb318dda20d5e0a8d1"", ""steps"": 96}]",1cf855b1fec6ad866b5c754ccea9a6f1646bf43c49d97e521ae1f5edd33278d2,1.1784246589242844,True,0.07918273130055542,74.0,100.0,0.08,converged,,bfgs_standard,"[{""ase_converged"": true, ""converged"": true, ""end_geometry_sha256"": ""fa384d5779d443d5d549ce7d707be5900279e5c057c43ebc7a08b1f15a561de6"", ""failure_class"": null, ""max_force_eV_A"": 0.07918273130055542, ""name"": ""bfgs_standard"", ""start_geometry_sha256"": ""02fd766c82fcb0fd60b3146b7320e058228590460b236db269825c78bc59c422"", ""steps"": 74}]",fa384d5779d443d5d549ce7d707be5900279e5c057c43ebc7a08b1f15a561de6,2.8547505505382764,False,21.18414282325313,650.0,100.0,0.08,recovery_exhausted,force_threshold,fire_precondition,"[{""ase_converged"": false, ""converged"": false, ""end_geometry_sha256"": ""9bb2717a674ff422b592509adb575a54e29808408f1346282f6544bb05d8d1a8"", ""failure_class"": ""force_threshold"", ""max_force_eV_A"": 65.13222204651656, ""name"": ""bfgs_standard"", ""start_geometry_sha256"": ""7bf7fd1a1fae3d50043bee68284a068e180f2f46c8336ce56d96364990178fbc"", ""steps"": 100}, {""ase_converged"": false, ""converged"": false, ""end_geometry_sha256"": ""cf4e5616b88c970c0532d32e6b4ad383c0bd8d2233679a8ef8d728b3905bd4b9"", ""failure_class"": ""force_threshold"", ""max_force_eV_A"": 21.18414282325313, ""name"": ""fire_precondition"", ""qualifying"": false, ""start_geometry_sha256"": ""7bf7fd1a1fae3d50043bee68284a068e180f2f46c8336ce56d96364990178fbc"", ""steps"": 50}, {""ase_converged"": false, ""converged"": false, ""end_geometry_sha256"": ""44d5ba1d8d1cd275204033181fb4f03ac1fcaecf24907c617bdd7f5b1f07aa23"", ""failure_class"": ""force_threshold"", ""max_force_eV_A"": 2456.6669770558747, ""name"": ""bfgs_after_fire"", ""start_geometry_sha256"": ""cf4e5616b88c970c0532d32e6b4ad383c0bd8d2233679a8ef8d728b3905bd4b9"", ""steps"": 200}, {""ase_converged"": false, ""converged"": false, ""end_geometry_sha256"": ""9dde944a62bbbbe570865739046281e4f5d8fab3b216a95b4d557ddc4f67faa6"", ""failure_class"": ""force_threshold"", ""max_force_eV_A"": 21.838563925104385, ""name"": ""fire_small_step"", ""start_geometry_sha256"": ""cf4e5616b88c970c0532d32e6b4ad383c0bd8d2233679a8ef8d728b3905bd4b9"", ""steps"": 300}]",cf4e5616b88c970c0532d32e6b4ad383c0bd8d2233679a8ef8d728b3905bd4b9,,,,,,,,,True,validation_required,1,1,250a0f2fbdd8307ae156,False,Unconverged ooh relaxation: max_force=21.1841 eV/A after 650 cumulative recovery steps
"('Perovskite', 'Li', 'Ir', 'Rh', 0.2, 'none')",Perovskite,True,esen-sm-conserving-all-oc25:relax-v3:orr-che-v2,True,0.07144946088825914,113,150,0.08,converged,,bfgs_standard,"[{""ase_converged"": true, ""converged"": true, ""end_geometry_sha256"": ""c58d8d33d111c73ada24d0e11b5dae04b7583731eae46e3cc13848b629e7a981"", ""failure_class"": null, ""max_force_eV_A"": 0.07144946088825914, ""name"": ""bfgs_standard"", ""start_geometry_sha256"": ""6480fdf3124760966a3b0a9901a7e6e62070234523feba7ea7340f3d5e7f57f9"", ""steps"": 113}]",c58d8d33d111c73ada24d0e11b5dae04b7583731eae46e3cc13848b629e7a981,-348.26116870307885,True,0.06924272114844207,89.0,100.0,0.08,converged,,bfgs_standard,"[{""ase_converged"": true, ""converged"": true, ""end_geometry_sha256"": ""5341645ba29d0114151dfe657bf013d0866580d205134aa5876610f6c35cbc91"", ""failure_class"": null, ""max_force_eV_A"": 0.06924272114844207, ""name"": ""bfgs_standard"", ""start_geometry_sha256"": ""b6a425af018aa2fcb7298646290a512206bfc0827120b351a06ec8e72ae27cfc"", ""steps"": 89}]",5341645ba29d0114151dfe657bf013d0866580d205134aa5876610f6c35cbc91,1.6713445807992844,True,0.07996277954935781,50.0,100.0,0.08,converged,,bfgs_standard,"[{""ase_converged"": true, ""converged"": true, ""end_geometry_sha256"": ""bf0365414ae0cfc7e04e958f380f4e95490133d9517dc07b598eaff285b104ec"", ""failure_class"": null, ""max_force_eV_A"": 0.07996277954935781, ""name"": ""bfgs_standard"", ""start_geometry_sha256"": ""052139798cdb25cf40f7734268a70bef8295c70f169833442795cd49122ed0b9"", ""steps"": 50}]",bf0365414ae0cfc7e04e958f380f4e95490133d9517dc07b598eaff285b104ec,2.86015597656361,True,0.07771282210054553,256.0,100.0,0.08,converged,,bfgs_after_fire,"[{""ase_converged"": false, ""converged"": false, ""end_geometry_sha256"": ""5fefda21693b7fe96ba416ee1cf0f2b55d73227895e96080e0225e4a94af980e"", ""failure_class"": ""force_threshold"", ""max_force_eV_A"": 0.10629438341618189, ""name"": ""bfgs_standard"", ""start_geometry_sha256"": ""760b63782629fd32c14f0a0f812a423e4957d67856be5a8fb89a7b7f817088f0"", ""steps"": 100}, {""ase_converged"": false, ""converged"": false, ""end_geometry_sha256"": ""5768a50835ceb1138aaefeabcccd7046d84a9789f47ae90b93d75f392200d175"", ""failure_class"": ""force_threshold"", ""max_force_eV_A"": 0.5226920945857187, ""name"": ""fire_precondition"", ""qualifying"": false, ""start_geometry_sha256"": ""760b63782629fd32c14f0a0f812a423e4957d67856be5a8fb89a7b7f817088f0"", ""steps"": 50}, {""ase_converged"": true, ""converged"": true, ""end_geometry_sha256"": ""48d164be9f59db6d4a57940d9957fe7ef23034bdfd948fed8e75b383b39b7028"", ""failure_class"": null, ""max_force_eV_A"": 0.07771282210054553, ""name"": ""bfgs_after_fire"", ""start_geometry_sha256"": ""5768a50835ceb1138aaefeabcccd7046d84a9789f47ae90b93d75f392200d175"", ""steps"": 106}]",48d164be9f59db6d4a57940d9957fe7ef23034bdfd948fed8e75b383b39b7028,4.422265480458655,0.7312654804586556,step_1_OOH,10.0,-2.0,True,4.531500557362895,0.6527014328916925,False,quantitative_screening,2,2,3e4a54397da933445231,False,
"('Perovskite', 'Bi', 'Ni', 'Rh', 0.2, 'none')",Perovskite,True,esen-sm-conserving-all-oc25:relax-v3:orr-che-v2,True,0.06254447547896758,33,150,0.08,converged,,bfgs_standard,"[{""ase_converged"": true, ""converged"": true, ""end_geometry_sha256"": ""85c6468847c8aaa1b109de3f8c332e6013ef4a0eecd6821ebe63e8218216acac"", ""failure_class"": null, ""max_force_eV_A"": 0.06254447547896758, ""name"": ""bfgs_standard"", ""start_geometry_sha256"": ""7cb9cb69a35090d035f1151e4b29bc6e776ce4f9457066d41821f33fc3e663b2"", ""steps"": 33}]",85c6468847c8aaa1b109de3f8c332e6013ef4a0eecd6821ebe63e8218216acac,-331.5465289572832,True,0.07966882955724376,201.0,100.0,0.08,converged,,bfgs_after_fire,"[{""ase_converged"": false, ""converged"": false, ""end_geometry_sha256"": ""14905bee31bf85556b00b96c85c817b3ccf1ed6419b6be3a4406da6ca6599d3b"", ""failure_class"": ""force_threshold"", ""max_force_eV_A"": 0.11811247586791164, ""name"": ""bfgs_standard"", ""start_geometry_sha256"": ""6780e63d92ce516cc15f4f9667bd08fdd7263c50d88d2d5cf40c2c17274b619b"", ""steps"": 100}, {""ase_converged"": false, ""converged"": false, ""end_geometry_sha256"": ""7ba2e83709825353022ff6bb9cf03ddc71a2eb5dafb3f04156d7f64ef4f97683"", ""failure_class"": ""force_threshold"", ""max_force_eV_A"": 0.9281423179672453, ""name"": ""fire_precondition"", ""qualifying"": false, ""start_geometry_sha256"": ""6780e63d92ce516cc15f4f9667bd08fdd7263c50d88d2d5cf40c2c17274b619b"", ""steps"": 50}, {""ase_converged"": true, ""converged"": true, ""end_geometry_sha256"": ""d36d788917357cb722309281b6dfaca93857c4676849142b76a680545a62418b"", ""failure_class"": null, ""max_force_eV_A"": 0.07966882955724376, ""name"": ""bfgs_after_fire"", ""start_geometry_sha256"": ""7ba2e83709825353022ff6bb9cf03ddc71a2eb5dafb3f04156d7f64ef4f97683"", ""steps"": 51}]",d36d788917357cb722309281b6dfaca93857c4676849142b76a680545a62418b,-0.11051577076315883,True,0.0626288244082577,74.0,100.0,0.08,converged,,bfgs_standard,"[{""ase_converged"": true, ""converged"": true, ""end_geometry_sha256"": ""653d0282104a2509f336240c0cf2acad9b92a69b8bdf5bb89d474c22a41a2ffb"", ""failure_class"": null, ""max_force_eV_A"": 0.0626288244082577, ""name"": ""bfgs_standard"", ""start_geometry_sha256"": ""3fdecf599e69b482b554864f4c6d99b1b9fc0f65ffa75f53c1581038eab55cad"", ""steps"": 74}]",653d0282104a2509f336240c0cf2acad9b92a69b8bdf5bb89d474c22a41a2ffb,1.1184548504650345,True,0.07946875967488361,266.0,100.0,0.08,converged,,bfgs_after_fire,"[{""ase_converged"": false, ""converged"": false, ""end_geometry_sha256"": ""6d8cb01c3311a34e5c588ad21ddb027c631a3e30c64f610d72b2fdc0f33d95e8"", ""failure_class"": ""force_threshold"", ""max_force_eV_A"": 0.13474540985320094, ""name"": ""bfgs_standard"", ""start_geometry_sha256"": ""7e25ba351ed3f1de839f4664db6c6e312e96da5007ce373ff96ecbdc843a6a3e"", ""steps"": 100}, {""ase_converged"": false, ""converged"": false, ""end_geometry_sha256"": ""57ebec5736b10400f57c15dca2c9b92f420f313a5f6ac8ebf35b3ea083a89dd3"", ""failure_class"": ""force_threshold"", ""max_force_eV_A"": 0.44258170817581927, ""name"": ""fire_precondition"", ""qualifying"": false, ""start_geometry_sha256"": ""7e25ba351ed3f1de839f4664db6c6e312e96da5007ce373ff96ecbdc843a6a3e"", ""steps"": 50}, {""ase_converged"": true, ""converged"": true, ""end_geometry_sha256"": ""079e0aa5c66eb24cf122829d9f003892dd0ee7773768967b97f9fe997547366b"", ""failure_class"": null, ""max_force_eV_A"": 0.07946875967488361, ""name"": ""bfgs_after_fire"", ""start_geometry_sha256"": ""57ebec5736b10400f57c15dca2c9b92f420f313a5f6ac8ebf35b3ea083a89dd3"", ""steps"": 116}]",079e0aa5c66eb24cf122829d9f003892dd0ee7773768967b97f9fe997547366b,2.4098314747214067,1.3395157707631589,step_4_H2O,10.0,-2.0,True,1.2289706212281932,0.707500000035,False,quantitative_screening,0,0,7502150841e0c2376ab8,False,
"('Perovskite', 'Bi', 'Ir', 'Rh', 0.2, 'none')",Perovskite,True,esen-sm-conserving-all-oc25:relax-v3:orr-che-v2,True,0.06517318887371122,27,150,0.08,converged,,bfgs_standard,"[{""ase_converged"": true, ""converged"": true, ""end_geometry_sha256"": ""1483f60d84a8c196ff63b6cce25eed58b6de8018a3a5f20cc8a8f5e130252159"", ""failure_class"": null, ""max_force_eV_A"": 0.06517318887371122, ""name"": ""bfgs_standard"", ""start_geometry_sha256"": ""af7a9412525b3ca33c7159bec164a8860e433f54fe9a67364647dbc46a18e6ad"", ""steps"": 27}]",1483f60d84a8c196ff63b6cce25eed58b6de8018a3a5f20cc8a8f5e130252159,-351.038331690927,True,0.06794339289477164,226.0,100.0,0.08,converged,,bfgs_after_fire,"[{""ase_converged"": false, ""converged"": false, ""end_geometry_sha256"": ""549e8eb5004760af70aa8c16d0d20e4e69b15366c2785c10ba445d4755f701b7"", ""failure_class"": ""force_threshold"", ""max_force_eV_A"": 0.21781592277479514, ""name"": ""bfgs_standard"", ""start_geometry_sha256"": ""491fe835cd8b47d1a27c4b8f5382a9544791779b1555ba2df82744a28e099d39"", ""steps"": 100}, {""ase_converged"": false, ""converged"": false, ""end_geometry_sha256"": ""48cdf3271d9e5889fca73d9eadde15c4a0e848fca95cdcf97337f29573f658b0"", ""failure_class"": ""force_threshold"", ""max_force_eV_A"": 0.7233091594880343, ""name"": ""fire_precondition"", ""qualifying"": false, ""start_geometry_sha256"": ""491fe835cd8b47d1a27c4b8f5382a9544791779b1555ba2df82744a28e099d39"", ""steps"": 50}, {""ase_converged"": true, ""converged"": true, ""end_geometry_sha256"": ""de5385ce7505c7497b8f3afaf18a9f8d5cb65fee4cc7b5224a789f16ec8b3278"", ""failure_class"": null, ""max_force_eV_A"": 0.06794339289477164, ""name"": ""bfgs_after_fire"", ""start_geometry_sha256"": ""48cdf3271d9e5889fca73d9eadde15c4a0e848fca95cdcf97337f29573f658b0"", ""steps"": 76}]",de5385ce7505c7497b8f3afaf18a9f8d5cb65fee4cc7b5224a789f16ec8b3278,-4.7253305290639975,True,0.07389722244914498,93.0,100.0,0.08,converged,,bfgs_standard,"[{""ase_converged"": true, ""converged"": true, ""end_geometry_sha256"": ""90eb21c85bf76456259778af4a7caf7d9d0856c1613e2ef51215c2a886278503"", ""failure_class"": null, ""max_force_eV_A"": 0.07389722244914498, ""name"": ""bfgs_standard"", ""start_geometry_sha256"": ""650c69531f29d1e204a32bb209dac834bc3a8c1bdbd49aa3aafee2dff3494853"", ""steps"": 93}]",90eb21c85bf76456259778af4a7caf7d9d0856c1613e2ef51215c2a886278503,-3.965607725828911,True,0.055812603827660824,93.0,100.0,0.08,converged,,bfgs_standard,"[{""ase_converged"": true, ""converged"": true, ""end_geometry_sha256"": ""8de3224fd033f6cc49a8e4ab53577a355f95ffd02ad4c736b1b0ea2e4a7fde56"", ""failure_class"": null, ""max_force_eV_A"": 0.055812603827660824, ""name"": ""bfgs_standard"", ""start_geometry_sha256"": ""3c32d4d1a6b713606e762a97f1b2393d11fb85dd1f7d7e7a834bdec88139a174"", ""steps"": 93}]",8de3224fd033f6cc49a8e4ab53577a355f95ffd02ad4c736b1b0ea2e4a7fde56,-3.1722550883890586,3.0,step_4_H2O,10.0,-2.0,True,8.69093825489291,0.707500000035,False,quantitative_screening,2,2,0b4d02a9fd663c375ae2,False,
"('MAXPhase', 'Mn', 'Sn', 'C', 2, 'V', 'edge_1120')",MAXPhase,False,esen-sm-conserving-all-oc25:relax-v3:orr-che-v2,True,0.06938457896676205,50,150,0.08,converged,,bfgs_standard,"[{""ase_converged"": true, ""converged"": true, ""end_geometry_sha256"": ""27c62571017f1157e7fa5eea288d50e457cbdf14ee4045707ae2828411528d67"", ""failure_class"": null, ""max_force_eV_A"": 0.06938457896676205, ""name"": ""bfgs_standard"", ""start_geometry_sha256"": ""2b9163944ea637d73f364295f98bf061dfb04fc9e6052c955b20a8bc13f0b6f6"", ""steps"": 50}]",27c62571017f1157e7fa5eea288d50e457cbdf14ee4045707ae2828411528d67,-224.84635202715913,False,,0.0,100.0,0.08,invalid_initial_geometry,atomic_overlap,none,[],5f888f784f33b39bf02ce25c8db12e831c5570451f44e1e8e545d32a20e60ab5,,,,,,,,,,,,,,,,,,,,,,,,,,,,,,,True,validation_required,1,1,d9d91c2606369f3ad874,False,Invalid oh initial geometry: atomic_overlap
"('MAXPhase', 'Fe', 'Si', 'N', 1, 'Mo', 'edge_1010')",MAXPhase,False,esen-sm-conserving-all-oc25:relax-v3:orr-che-v2,True,0.0,0,150,0.08,converged,,bfgs_standard,"[{""ase_converged"": true, ""converged"": true, ""end_geometry_sha256"": ""bb23bdfcc1b779d80b2046ae5b7b9732801d076c17ccc6e4a3423817c5e33a16"", ""failure_class"": null, ""max_force_eV_A"": 0.0, ""name"": ""bfgs_standard"", ""start_geometry_sha256"": ""bb23bdfcc1b779d80b2046ae5b7b9732801d076c17ccc6e4a3423817c5e33a16"", ""steps"": 0}]",bb23bdfcc1b779d80b2046ae5b7b9732801d076c17ccc6e4a3423817c5e33a16,-128.68097616095875,True,0.05531204966276977,35.0,100.0,0.08,converged,,bfgs_standard,"[{""ase_converged"": true, ""converged"": true, ""end_geometry_sha256"": ""f84203c25bcbdc7be74bd09a366255bb86b821347f2024b15b1e6adff78baa94"", ""failure_class"": null, ""max_force_eV_A"": 0.05531204966276977, ""name"": ""bfgs_standard"", ""start_geometry_sha256"": ""296078e7c9f6da8ed94a9b631b69b74b3a978b916eebd524a0a03bfb59f241be"", ""steps"": 35}]",f84203c25bcbdc7be74bd09a366255bb86b821347f2024b15b1e6adff78baa94,5.289846244007348,True,0.02230192090467202,10.0,100.0,0.08,converged,,bfgs_standard,"[{""ase_converged"": true, ""converged"": true, ""end_geometry_sha256"": ""fdf46bebc0cf20c9c72ca8f638f31b31af8b0dd1b87ca146bb1ecb451db7953f"", ""failure_class"": null, ""max_force_eV_A"": 0.02230192090467202, ""name"": ""bfgs_standard"", ""start_geometry_sha256"": ""e5f96dfc99b5808554a03095dcf7c02b3a199358cc874fba0c87bea6c5d4a030"", ""steps"": 10}]",fdf46bebc0cf20c9c72ca8f638f31b31af8b0dd1b87ca146bb1ecb451db7953f,5.669558442384008,True,0.017113096715058094,220.0,100.0,0.08,converged,,bfgs_after_fire,"[{""ase_converged"": false, ""converged"": false, ""end_geometry_sha256"": ""83197b3b7090c335eda5079f8e7748657c81d448b9bc3514a2bb88341a591d53"", ""failure_class"": ""force_threshold"", ""max_force_eV_A"": 22.975656947596164, ""name"": ""bfgs_standard"", ""start_geometry_sha256"": ""0d5ab47f1372bb0bebd47ef1f4e6b657023e951e324c1c3088339d1c1d9a4f25"", ""steps"": 100}, {""ase_converged"": false, ""converged"": false, ""end_geometry_sha256"": ""dd1c0e57d732d1c13a6d623c909a9b7dadf68adc8bed294602c2eef8588a34d3"", ""failure_class"": ""force_threshold"", ""max_force_eV_A"": 3.6337209887230357, ""name"": ""fire_precondition"", ""qualifying"": false, ""start_geometry_sha256"": ""0d5ab47f1372bb0bebd47ef1f4e6b657023e951e324c1c3088339d1c1d9a4f25"", ""steps"": 50}, {""ase_converged"": true, ""converged"": true, ""end_geometry_sha256"": ""68167ffcfe541f784270afe21769fa7b2053c6f2eeb8123569a9ad52cdf62f30"", ""failure_class"": null, ""max_force_eV_A"": 0.017113096715058094, ""name"": ""bfgs_after_fire"", ""start_geometry_sha256"": ""dd1c0e57d732d1c13a6d623c909a9b7dadf68adc8bed294602c2eef8588a34d3"", ""steps"": 70}]",68167ffcfe541f784270afe21769fa7b2053c6f2eeb8123569a9ad52cdf62f30,18.570064018666745,14.879064018666746,step_1_OOH,7.0,0.0,True,10.959404686391355,,True,validation_required,0,0,41130f23cc929c5924e5,False,Unphysical dG_OOH_eV=18.57 eV
"('MAXPhase', 'Fe', 'Ge', 'N', 3, 'Sc', 'edge_1010')",MAXPhase,True,esen-sm-conserving-all-oc25:relax-v3:orr-che-v2,True,0.07089263668238803,75,150,0.08,converged,,bfgs_standard,"[{""ase_converged"": true, ""converged"": true, ""end_geometry_sha256"": ""e0b485137487f067061e1d9182f4896b3592fbc9769ef17bc4b899920230651c"", ""failure_class"": null, ""max_force_eV_A"": 0.07089263668238803, ""name"": ""bfgs_standard"", ""start_geometry_sha256"": ""e62a23ae7dc340c2001013d2f7e3a3a2ccc11e38da82319b55c6e1b1fc31d52a"", ""steps"": 75}]",e0b485137487f067061e1d9182f4896b3592fbc9769ef17bc4b899920230651c,-282.899498605468,True,0.07469950957827291,45.0,100.0,0.08,converged,,bfgs_standard,"[{""ase_converged"": true, ""converged"": true, ""end_geometry_sha256"": ""6e1ab653cfbd5b60b798ce3515633c5462a8dbe079adffe92a2cc7b429dafe8b"", ""failure_class"": null, ""max_force_eV_A"": 0.07469950957827291, ""name"": ""bfgs_standard"", ""start_geometry_sha256"": ""c003289cab6a1de06848b63fd2b9a93ffe42d55c58ee26d53c1c57f680d41dea"", ""steps"": 45}]",6e1ab653cfbd5b60b798ce3515633c5462a8dbe079adffe92a2cc7b429dafe8b,-0.17639678463345493,True,0.06660334092525731,37.0,100.0,0.08,converged,,bfgs_standard,"[{""ase_converged"": true, ""converged"": true, ""end_geometry_sha256"": ""c8f379b910bd941afe86f9eaa176540f3c2192bcaf539a3fbb1ec5455fca2805"", ""failure_class"": null, ""max_force_eV_A"": 0.06660334092525731, ""name"": ""bfgs_standard"", ""start_geometry_sha256"": ""289f37f2eebcec20cb244090425341eeb3c67d71adefea6a3d7c2d5686fce47a"", ""steps"": 37}]",c8f379b910bd941afe86f9eaa176540f3c2192bcaf539a3fbb1ec5455fca2805,-0.5558981530368576,True,0.07139258602282086,201.0,100.0,0.08,converged,,bfgs_after_fire,"[{""ase_converged"": false, ""converged"": false, ""end_geometry_sha256"": ""8c2b8ce04b91aa41fc676dc029e3e5c5b559199701bf5573edc618a02de9230c"", ""failure_class"": ""force_threshold"", ""max_force_eV_A"": 0.14377464248343083, ""name"": ""bfgs_standard"", ""start_geometry_sha256"": ""5a25d88f3ef36236192f7e45cbbeb38775cee17ea8eee0ca7b124df7d14ee9b8"", ""steps"": 100}, {""ase_converged"": false, ""converged"": false, ""end_geometry_sha256"": ""b8efb05354537c7d909d12d4aef36745ba3419f66ba4cbaea774eedf42965401"", ""failure_class"": ""force_threshold"", ""max_force_eV_A"": 2.202574550652477, ""name"": ""fire_precondition"", ""qualifying"": false, ""start_geometry_sha256"": ""5a25d88f3ef36236192f7e45cbbeb38775cee17ea8eee0ca7b124df7d14ee9b8"", ""steps"": 50}, {""ase_converged"": true, ""converged"": true, ""end_geometry_sha256"": ""3cabdd78edd917a7f0f138c60c13b22e51db804f1a409ec739aa1c870570c960"", ""failure_class"": null, ""max_force_eV_A"": 0.07139258602282086, ""name"": ""bfgs_after_fire"", ""start_geometry_sha256"": ""b8efb05354537c7d909d12d4aef36745ba3419f66ba4cbaea774eedf42965401"", ""steps"": 51}]",3cabdd78edd917a7f0f138c60c13b22e51db804f1a409ec739aa1c870570c960,0.4749073490500202,1.6085013684034029,step_3_OH,7.0,0.0,True,0.7322949376703125,0.707500000035,False,quantitative_screening,1,1,24905c6c5e655a6cc9b5,False,
"('MAXPhase', 'Co', 'Al', 'C', 2, 'Ni', 'basal_0001')",MAXPhase,True,esen-sm-conserving-all-oc25:relax-v3:orr-che-v2,True,0.07260871396993124,28,150,0.08,converged,,bfgs_standard,"[{""ase_converged"": true, ""converged"": true, ""end_geometry_sha256"": ""36bc6aa193b0931b8b3ef03db5da473112ba0a5b2ed2ffe4a10ad9880ea96390"", ""failure_class"": null, ""max_force_eV_A"": 0.07260871396993124, ""name"": ""bfgs_standard"", ""start_geometry_sha256"": ""45beda093cecdc293b455d78fa87453d6f9ec1da64df157c889496be09ee2758"", ""steps"": 28}]",36bc6aa193b0931b8b3ef03db5da473112ba0a5b2ed2ffe4a10ad9880ea96390,-177.98955714280186,True,0.07854485712519285,32.0,100.0,0.08,converged,,bfgs_standard,"[{""ase_converged"": true, ""converged"": true, ""end_geometry_sha256"": ""f867bf16891b18224faed426ca1ea5e2bff803a38625a6ed522b4b439fefe871"", ""failure_class"": null, ""max_force_eV_A"": 0.07854485712519285, ""name"": ""bfgs_standard"", ""start_geometry_sha256"": ""5cbc612a18d39a0ea728bcdd396ca2886eb76d6e81996590109f77211ef3988f"", ""steps"": 32}]",f867bf16891b18224faed426ca1ea5e2bff803a38625a6ed522b4b439fefe871,0.10874587550759313,True,0.07160843620413572,37.0,100.0,0.08,converged,,bfgs_standard,"[{""ase_converged"": true, ""converged"": true, ""end_geometry_sha256"": ""f8fdea79457d124a9251e6484725fb739c9ccd2700100b6054e06c9854de705e"", ""failure_class"": null, ""max_force_eV_A"": 0.07160843620413572, ""name"": ""bfgs_standard"", ""start_geometry_sha256"": ""7b371239884c19db3571dd537ba8f57bde1472533e5107fedde2f3b0291305e6"", ""steps"": 37}]",f8fdea79457d124a9251e6484725fb739c9ccd2700100b6054e06c9854de705e,-0.08319910690188052,True,0.06325905990130272,60.0,100.0,0.08,converged,,bfgs_standard,"[{""ase_converged"": true, ""converged"": true, ""end_geometry_sha256"": ""f2688453d26495ef830c38ec1f31a2597e8084495e8303cc8b4bbcf9d876a78b"", ""failure_class"": null, ""max_force_eV_A"": 0.06325905990130272, ""name"": ""bfgs_standard"", ""start_geometry_sha256"": ""8d5e41e82f242b09c7c8ca42c323707ed263f0f2b95d0a5dd9ef9c80902c950a"", ""steps"": 60}]",f2688453d26495ef830c38ec1f31a2597e8084495e8303cc8b4bbcf9d876a78b,0.9754876598715817,1.4209449824094738,step_3_OH,9.0,0.0,True,0.19194498240947366,0.707500000035,False,quantitative_screening,2,2,3def15c30d9a9b799254,False,
"('HEA', ('Co', 'Pd', 'Hf', 'W', 'Re', 'La'), 'hcp', '110', 800)",HEA,True,esen-sm-conserving-all-oc25:relax-v3:orr-che-v2,True,0.07795456199917739,102,150,0.08,converged,,bfgs_standard,"[{""ase_converged"": true, ""converged"": true, ""end_geometry_sha256"": ""a5d5bbfd1873ffdf156e034a31e7ad05fdbefe15b695739ae0d9cf6b03af537e"", ""failure_class"": null, ""max_force_eV_A"": 0.07795456199917739, ""name"": ""bfgs_standard"", ""start_geometry_sha256"": ""e82a056ab90daa196b669b4b39f50074c0a2718f84b168911b07452eb1df094d"", ""steps"": 102}]",a5d5bbfd1873ffdf156e034a31e7ad05fdbefe15b695739ae0d9cf6b03af537e,-237.95159147708333,True,0.07719604496791975,314.0,100.0,0.08,converged,,bfgs_after_fire,"[{""ase_converged"": false, ""converged"": false, ""end_geometry_sha256"": ""dc7e00c9d2673044e981155d52532feee55dd684bd7f5ce95fd5fdcc4f8e5cb5"", ""failure_class"": ""force_threshold"", ""max_force_eV_A"": 0.31489653624385283, ""name"": ""bfgs_standard"", ""start_geometry_sha256"": ""33198d433af3a881bb663eb23fb96e2af895825e3474b71cb3e806ef4b19f2ea"", ""steps"": 100}, {""ase_converged"": false, ""converged"": false, ""end_geometry_sha256"": ""7d907e66690619ea9fd7b542f153f484f3d035b6465aadae4486ce1bbaa5abb1"", ""failure_class"": ""force_threshold"", ""max_force_eV_A"": 0.9539179282481907, ""name"": ""fire_precondition"", ""qualifying"": false, ""start_geometry_sha256"": ""33198d433af3a881bb663eb23fb96e2af895825e3474b71cb3e806ef4b19f2ea"", ""steps"": 50}, {""ase_converged"": true, ""converged"": true, ""end_geometry_sha256"": ""0213ceedc4f4a9ac00d9a7904763f75fb9c7d2f85c0b396c4bfe22101c2fd8a5"", ""failure_class"": null, ""max_force_eV_A"": 0.07719604496791975, ""name"": ""bfgs_after_fire"", ""start_geometry_sha256"": ""7d907e66690619ea9fd7b542f153f484f3d035b6465aadae4486ce1bbaa5abb1"", ""steps"": 164}]",0213ceedc4f4a9ac00d9a7904763f75fb9c7d2f85c0b396c4bfe22101c2fd8a5,-2.4065935586392877,True,0.06701782802183792,74.0,100.0,0.08,converged,,bfgs_standard,"[{""ase_converged"": true, ""converged"": true, ""end_geometry_sha256"": ""e279a1d4286cd0ace1c52b0e730a69b168277350294d156873ad4c631f30070a"", ""failure_class"": null, ""max_force_eV_A"": 0.06701782802183792, ""name"": ""bfgs_standard"", ""start_geometry_sha256"": ""cba0d12fe55dcdaa775629fc2c441bc3e9944665e3109a7c083bc99c9fd8db0d"", ""steps"": 74}]",e279a1d4286cd0ace1c52b0e730a69b168277350294d156873ad4c631f30070a,-1.1268452040851364,True,0.06417596114034016,210.0,100.0,0.08,converged,,bfgs_after_fire,"[{""ase_converged"": false, ""converged"": false, ""end_geometry_sha256"": ""8e0f5fd47d664ae7c3ce8a19f714268c24a9fa80672a98e524b62e232cc519b4"", ""failure_class"": ""force_threshold"", ""max_force_eV_A"": 0.20101299213707052, ""name"": ""bfgs_standard"", ""start_geometry_sha256"": ""91fa722fe1754e6d74eb03514d9ab369027e36f2369a89dc87577127c62974cd"", ""steps"": 100}, {""ase_converged"": false, ""converged"": false, ""end_geometry_sha256"": ""388e5e25cabbc3e3db3ed18c2c0b7c285f3945055bc17562fa13a8dda435125e"", ""failure_class"": ""force_threshold"", ""max_force_eV_A"": 0.9066387112075227, ""name"": ""fire_precondition"", ""qualifying"": false, ""start_geometry_sha256"": ""91fa722fe1754e6d74eb03514d9ab369027e36f2369a89dc87577127c62974cd"", ""steps"": 50}, {""ase_converged"": true, ""converged"": true, ""end_geometry_sha256"": ""531a02a1523beca28f4ac657cad6a0b483de905ce52e5df6285b59c596f9388d"", ""failure_class"": null, ""max_force_eV_A"": 0.06417596114034016, ""name"": ""bfgs_after_fire"", ""start_geometry_sha256"": ""388e5e25cabbc3e3db3ed18c2c0b7c285f3945055bc17562fa13a8dda435125e"", ""steps"": 60}]",531a02a1523beca28f4ac657cad6a0b483de905ce52e5df6285b59c596f9388d,-1.4568999305367436,3.0,step_4_H2O,9.0,-2.0,True,3.5334387627244244,0.8739350657946708,False,quantitative_screening,0,0,fdd36943bdfb670f8e0a,False,
"('HEA', ('Ni', 'Zr', 'Pt', 'Si', 'Ga', 'La'), 'hcp', '110', 800)",HEA,False,esen-sm-conserving-all-oc25:relax-v3:orr-che-v2,True,0.07619163189368679,44,150,0.08,converged,,bfgs_standard,"[{""ase_converged"": true, ""converged"": true, ""end_geometry_sha256"": ""7da484e72402b430ac57e184e64b3ebd77d5716784ee5c0854b3500724ba4fe0"", ""failure_class"": null, ""max_force_eV_A"": 0.07619163189368679, ""name"": ""bfgs_standard"", ""start_geometry_sha256"": ""053b882877d9c33ecf5a569f8b71a01fcc276781b7fd4b6eb8e23f89d5a39f39"", ""steps"": 44}]",7da484e72402b430ac57e184e64b3ebd77d5716784ee5c0854b3500724ba4fe0,-204.39106889480993,True,0.07995773712044428,63.0,100.0,0.08,converged,,bfgs_standard,"[{""ase_converged"": true, ""converged"": true, ""end_geometry_sha256"": ""7d88fa4d68978b6928529b97fa4bcf75fab160afebd7fe1907e80bbb6168177b"", ""failure_class"": null, ""max_force_eV_A"": 0.07995773712044428, ""name"": ""bfgs_standard"", ""start_geometry_sha256"": ""3d7682f9f8144e079bf945a8e6dc57eb339fc2584d1a5f38bd629b8d5bbea203"", ""steps"": 63}]",7d88fa4d68978b6928529b97fa4bcf75fab160afebd7fe1907e80bbb6168177b,2.8679416801035122,False,0.1767085064578766,650.0,100.0,0.08,recovery_exhausted,force_threshold,fire_small_step,"[{""ase_converged"": false, ""converged"": false, ""end_geometry_sha256"": ""2d4e227639f5aa8d13be959d496c49fd9624f3511c115e17c6581de689e8c9c7"", ""failure_class"": ""force_threshold"", ""max_force_eV_A"": 0.17861408069335677, ""name"": ""bfgs_standard"", ""start_geometry_sha256"": ""ec15aacfabb869daedce5bef6deb5e74164ff349d061ea9fa0af65af31974547"", ""steps"": 100}, {""ase_converged"": false, ""converged"": false, ""end_geometry_sha256"": ""4649084c8ce7c787c1744c6d751debbbdc730e960704d5dbffddab6bdab5451d"", ""failure_class"": ""force_threshold"", ""max_force_eV_A"": 0.540051388987546, ""name"": ""fire_precondition"", ""qualifying"": false, ""start_geometry_sha256"": ""ec15aacfabb869daedce5bef6deb5e74164ff349d061ea9fa0af65af31974547"", ""steps"": 50}, {""ase_converged"": false, ""converged"": false, ""end_geometry_sha256"": ""d4a0b0e3368889210941aed0a363dda1f2764cf7c2df2d7fe14d0db66ec82e03"", ""failure_class"": ""force_threshold"", ""max_force_eV_A"": 0.17755046550137088, ""name"": ""bfgs_after_fire"", ""start_geometry_sha256"": ""4649084c8ce7c787c1744c6d751debbbdc730e960704d5dbffddab6bdab5451d"", ""steps"": 200}, {""ase_converged"": false, ""converged"": false, ""end_geometry_sha256"": ""6416baef628c095fbbdc187c4add910e924de69472dc57da46dc1ba88aa57cbc"", ""failure_class"": ""force_threshold"", ""max_force_eV_A"": 0.1767085064578766, ""name"": ""fire_small_step"", ""start_geometry_sha256"": ""d4a0b0e3368889210941aed0a363dda1f2764cf7c2df2d7fe14d0db66ec82e03"", ""steps"": 300}]",6416baef628c095fbbdc187c4add910e924de69472dc57da46dc1ba88aa57cbc,,,,,,,,,,,,,,,,,,,,True,validation_required,1,1,2e947b34281ce041b1d0,False,Unconverged o relaxation: max_force=0.176709 eV/A after 650 cumulative recovery steps
"('HEA', ('Cu', 'Zn', 'Ag', 'W', 'Pt', 'Al'), 'hcp', '110', 800)",HEA,True,esen-sm-conserving-all-oc25:relax-v3:orr-che-v2,True,0.06988827636594691,36,150,0.08,converged,,bfgs_standard,"[{""ase_converged"": true, ""converged"": true, ""end_geometry_sha256"": ""0dc916d9907828dbc6273f748cc20936995ee193b0b3f6958fa6662898526384"", ""failure_class"": null, ""max_force_eV_A"": 0.06988827636594691, ""name"": ""bfgs_standard"", ""start_geometry_sha256"": ""cfdbce2b31431e8add967cc3bdc00f5f70487200fb1d251abeeb595fb064362e"", ""steps"": 36}]",0dc916d9907828dbc6273f748cc20936995ee193b0b3f6958fa6662898526384,-193.5281950151755,True,0.07069642968367894,276.0,100.0,0.08,converged,,bfgs_after_fire,"[{""ase_converged"": false, ""converged"": false, ""end_geometry_sha256"": ""d85b4ddbea52e07e9048ea23fc407409e2dd1561846b670ab77dd5e94c29fea6"", ""failure_class"": ""force_threshold"", ""max_force_eV_A"": 0.7274994634260286, ""name"": ""bfgs_standard"", ""start_geometry_sha256"": ""23486bb339e96ae95347b4f3a5181a958c886145592910f240f667c58c88b440"", ""steps"": 100}, {""ase_converged"": false, ""converged"": false, ""end_geometry_sha256"": ""d17f2b45f28b4180fc11eb228ae80e31a06c498de0155cf16dec4c783202e7a5"", ""failure_class"": ""force_threshold"", ""max_force_eV_A"": 0.545073707166321, ""name"": ""fire_precondition"", ""qualifying"": false, ""start_geometry_sha256"": ""23486bb339e96ae95347b4f3a5181a958c886145592910f240f667c58c88b440"", ""steps"": 50}, {""ase_converged"": true, ""converged"": true, ""end_geometry_sha256"": ""5086153632b6e127d0c5ee3c0bc66b9353ef72e2fc852aa4a995382548052331"", ""failure_class"": null, ""max_force_eV_A"": 0.07069642968367894, ""name"": ""bfgs_after_fire"", ""start_geometry_sha256"": ""d17f2b45f28b4180fc11eb228ae80e31a06c498de0155cf16dec4c783202e7a5"", ""steps"": 126}]",5086153632b6e127d0c5ee3c0bc66b9353ef72e2fc852aa4a995382548052331,2.658622565418482,True,0.07169285434223782,84.0,100.0,0.08,converged,,bfgs_standard,"[{""ase_converged"": true, ""converged"": true, ""end_geometry_sha256"": ""32e0ef98e174b66a9bb0574befb4f8409f787ea49213872d6ab3262971d6422d"", ""failure_class"": null, ""max_force_eV_A"": 0.07169285434223782, ""name"": ""bfgs_standard"", ""start_geometry_sha256"": ""d126059fd3c2a34f65afdf4c1be726d89da283362aecb68e18c90e53b3a8b33f"", ""steps"": 84}]",32e0ef98e174b66a9bb0574befb4f8409f787ea49213872d6ab3262971d6422d,-2.7595034472644295,True,0.07629280003884556,70.0,100.0,0.08,converged,,bfgs_standard,"[{""ase_converged"": true, ""converged"": true, ""end_geometry_sha256"": ""c21d5185200fe4c21b1fff50374a92f051f63c21befba02a34e30a19751c5f93"", ""failure_class"": null, ""max_force_eV_A"": 0.07629280003884556, ""name"": ""bfgs_standard"", ""start_geometry_sha256"": ""2ac775066241236a8fb6d500c1ca099dc31680a05f7d46531a0db4f96e34e0e0"", ""steps"": 70}]",c21d5185200fe4c21b1fff50374a92f051f63c21befba02a34e30a19751c5f93,3.364350746572021,3.0,step_3_OH,8.0,-0.26346986455135135,True,5.418126012682912,0.902500000035,False,quantitative_screening,2,2,5853660d55871fee97c1,False,
"('HEA', ('Cu', 'Ta', 'Si', 'Ge', 'Sn', 'Bi'), 'hcp', '110', 800)",HEA,True,esen-sm-conserving-all-oc25:relax-v3:orr-che-v2,True,0.07421768698317836,50,150,0.08,converged,,bfgs_standard,"[{""ase_converged"": true, ""converged"": true, ""end_geometry_sha256"": ""ce97adec96541aa7140cfc75ebe371cffc5356d47e777136fb7e8f3bd96b55a0"", ""failure_class"": null, ""max_force_eV_A"": 0.07421768698317836, ""name"": ""bfgs_standard"", ""start_geometry_sha256"": ""363cbcdc94b90cba659a8cc2c8998b76c92c36f5ba6ec40ed9db0f6c5515f709"", ""steps"": 50}]",ce97adec96541aa7140cfc75ebe371cffc5356d47e777136fb7e8f3bd96b55a0,-196.72019304996485,True,0.07733674460954316,97.0,100.0,0.08,converged,,bfgs_standard,"[{""ase_converged"": true, ""converged"": true, ""end_geometry_sha256"": ""d984f8cdb5d7d06181ca3747d0eb46d48527cbe236f477e2f05e39e07433b78e"", ""failure_class"": null, ""max_force_eV_A"": 0.07733674460954316, ""name"": ""bfgs_standard"", ""start_geometry_sha256"": ""f64d200fbac26295d29dc6cdc9d4297828ae7483b91b64950fb391ba511d8000"", ""steps"": 97}]",d984f8cdb5d7d06181ca3747d0eb46d48527cbe236f477e2f05e39e07433b78e,3.043533148914576,True,0.06333381923719154,262.0,100.0,0.08,converged,,bfgs_after_fire,"[{""ase_converged"": false, ""converged"": false, ""end_geometry_sha256"": ""2f2984006ce5fa34b75d81f15d51e78659d7fa95379c190a2888e6e3a5895286"", ""failure_class"": ""force_threshold"", ""max_force_eV_A"": 0.13356036920772976, ""name"": ""bfgs_standard"", ""start_geometry_sha256"": ""5a1b59ce8c53ad0434bedc44a6813d0b773e1071af8b97b990f6ad299f461243"", ""steps"": 100}, {""ase_converged"": false, ""converged"": false, ""end_geometry_sha256"": ""78949b7d752150b430001f4b264d58da2486c81158608f9622dced950e26e875"", ""failure_class"": ""force_threshold"", ""max_force_eV_A"": 1.4275761724766751, ""name"": ""fire_precondition"", ""qualifying"": false, ""start_geometry_sha256"": ""5a1b59ce8c53ad0434bedc44a6813d0b773e1071af8b97b990f6ad299f461243"", ""steps"": 50}, {""ase_converged"": true, ""converged"": true, ""end_geometry_sha256"": ""589eb30be9c7cdfde737d60270bb0ed5dba248bc99ab90aac8b521e43d52e505"", ""failure_class"": null, ""max_force_eV_A"": 0.06333381923719154, ""name"": ""bfgs_after_fire"", ""start_geometry_sha256"": ""78949b7d752150b430001f4b264d58da2486c81158608f9622dced950e26e875"", ""steps"": 112}]",589eb30be9c7cdfde737d60270bb0ed5dba248bc99ab90aac8b521e43d52e505,-2.2443590991199267,True,0.0795039202458563,52.0,100.0,0.08,converged,,bfgs_standard,"[{""ase_converged"": true, ""converged"": true, ""end_geometry_sha256"": ""518d88e2d809e76ab1f193321be318a71bae6aac60374f3ddfdc514b6451d51e"", ""failure_class"": null, ""max_force_eV_A"": 0.0795039202458563, ""name"": ""bfgs_standard"", ""start_geometry_sha256"": ""35b3fde1ef68f93cf00c2c9fd45e88cf45167661c3a120adad82c23c1b97d2d7"", ""steps"": 52}]",518d88e2d809e76ab1f193321be318a71bae6aac60374f3ddfdc514b6451d51e,5.498090218007512,3.0,step_3_OH,8.0,-0.009886854522599187,True,5.2878922480345025,0.902500000035,False,quantitative_screening,2,2,23d53fe81601eb9c1459,False,
"('Spinel', 'Mg', 'Mn', 'La', 'nanoparticle', 'N-graphene')",Spinel,True,esen-sm-conserving-all-oc25:relax-v3:orr-che-v2,True,0.07939821477677025,118,150,0.08,converged,,bfgs_standard,"[{""ase_converged"": true, ""converged"": true, ""end_geometry_sha256"": ""38fbeffb000ebc104cac7ac46c1eda7b95bea73d9f47636282e9c9102ed6326a"", ""failure_class"": null, ""max_force_eV_A"": 0.07939821477677025, ""name"": ""bfgs_standard"", ""start_geometry_sha256"": ""3e510bcc94c2b8063f35481f3bf589e7894c2ff06231520a54e07db7dba8e994"", ""steps"": 118}]",38fbeffb000ebc104cac7ac46c1eda7b95bea73d9f47636282e9c9102ed6326a,-369.0488474495733,True,0.06448532167947864,53.0,100.0,0.08,converged,,bfgs_standard,"[{""ase_converged"": true, ""converged"": true, ""end_geometry_sha256"": ""e326a70d9a19bd39ebeeec41a738185e7e1ac314860d68fc1b60b259aacbc0af"", ""failure_class"": null, ""max_force_eV_A"": 0.06448532167947864, ""name"": ""bfgs_standard"", ""start_geometry_sha256"": ""1ebe92c6356196d86d5d116010fb61bba7f38ea192d4cdc3bfc6910761b218fc"", ""steps"": 53}]",e326a70d9a19bd39ebeeec41a738185e7e1ac314860d68fc1b60b259aacbc0af,-0.508375798612833,True,0.07420343765947308,44.0,100.0,0.08,converged,,bfgs_standard,"[{""ase_converged"": true, ""converged"": true, ""end_geometry_sha256"": ""28322692371344c0b5adcfa2b54ce43615e28c2060522a9ed3190f1b825365d3"", ""failure_class"": null, ""max_force_eV_A"": 0.07420343765947308, ""name"": ""bfgs_standard"", ""start_geometry_sha256"": ""4d5814b5771f8abf97a4e5285b55dcb001ff7507fa498fa357a5815bd87c8265"", ""steps"": 44}]",28322692371344c0b5adcfa2b54ce43615e28c2060522a9ed3190f1b825365d3,-0.39996856525537156,True,0.07631636678416917,61.0,100.0,0.08,converged,,bfgs_standard,"[{""ase_converged"": true, ""converged"": true, ""end_geometry_sha256"": ""5fd4666791fc733ec3d37e082f637236595afbc8bedba9c86452a305e7beceb3"", ""failure_class"": null, ""max_force_eV_A"": 0.07631636678416917, ""name"": ""bfgs_standard"", ""start_geometry_sha256"": ""9515a103cb1bda9e899e73597ab5aded4f2160fb291a2099d76960462f2c395a"", ""steps"": 61}]",5fd4666791fc733ec3d37e082f637236595afbc8bedba9c86452a305e7beceb3,-0.2931264311075459,1.737375798612833,step_4_H2O,9.0,0.0,True,0.9083443638682045,0.6389825313502686,False,quantitative_screening,1,1,de0580a5cd5d87f720a4,False,
"('Spinel', 'Mg', 'Cr', 'Nb', 'nanoparticle', 'N-graphene')",Spinel,True,esen-sm-conserving-all-oc25:relax-v3:orr-che-v2,True,0.0749382960680254,140,150,0.08,converged,,bfgs_standard,"[{""ase_converged"": true, ""converged"": true, ""end_geometry_sha256"": ""1ac19d6cfc0ecdb20d33b30568c92ce7c3caad8bf360bf4cb92ad035bbb52da6"", ""failure_class"": null, ""max_force_eV_A"": 0.0749382960680254, ""name"": ""bfgs_standard"", ""start_geometry_sha256"": ""4d4b33a759213c74cacd572f1389c2d1004abeb1bc473fc61329db573fda3861"", ""steps"": 140}]",1ac19d6cfc0ecdb20d33b30568c92ce7c3caad8bf360bf4cb92ad035bbb52da6,-394.380160609236,True,0.0745489573685733,40.0,100.0,0.08,converged,,bfgs_standard,"[{""ase_converged"": true, ""converged"": true, ""end_geometry_sha256"": ""5fb0ea91dd097f7c184dcbd4f9b9d87a9290a4fa2d6d8cc1b5004756be761f30"", ""failure_class"": null, ""max_force_eV_A"": 0.0745489573685733, ""name"": ""bfgs_standard"", ""start_geometry_sha256"": ""199ba9318c3cd89a40a2eaad92b3628501199aa79133c8933c7aae5efe8d8e39"", ""steps"": 40}]",5fb0ea91dd097f7c184dcbd4f9b9d87a9290a4fa2d6d8cc1b5004756be761f30,0.8849833633005051,True,0.07152514380034662,68.0,100.0,0.08,converged,,bfgs_standard,"[{""ase_converged"": true, ""converged"": true, ""end_geometry_sha256"": ""cfd0443b1152b0e71eb48a989b01d12996aadb5ce36162312d19242ec475e3af"", ""failure_class"": null, ""max_force_eV_A"": 0.07152514380034662, ""name"": ""bfgs_standard"", ""start_geometry_sha256"": ""7a2c12e494f188d06664c1c7acb689fe9cb68c3fcf8c0cfe0d586b2aef7cb9d9"", ""steps"": 68}]",cfd0443b1152b0e71eb48a989b01d12996aadb5ce36162312d19242ec475e3af,-0.762948118895374,True,0.07686340431263342,255.0,100.0,0.08,converged,,bfgs_after_fire,"[{""ase_converged"": false, ""converged"": false, ""end_geometry_sha256"": ""ce14eb89aa56bec14b415a348196cfeb8d109d199deab661d062db16a05b5690"", ""failure_class"": ""force_threshold"", ""max_force_eV_A"": 0.1046077634526274, ""name"": ""bfgs_standard"", ""start_geometry_sha256"": ""55f49c93e61afe4ca5d7603e1742938c9f790112859d42dd95f519e43e979794"", ""steps"": 100}, {""ase_converged"": false, ""converged"": false, ""end_geometry_sha256"": ""50bf55180683f73dc5cfdcc39f90313867705f9def7d22b1d05afb778b41e487"", ""failure_class"": ""force_threshold"", ""max_force_eV_A"": 2.052829369100642, ""name"": ""fire_precondition"", ""qualifying"": false, ""start_geometry_sha256"": ""55f49c93e61afe4ca5d7603e1742938c9f790112859d42dd95f519e43e979794"", ""steps"": 50}, {""ase_converged"": true, ""converged"": true, ""end_geometry_sha256"": ""d258659f0938d37b291a5d21d765fe7a156eb3ac84cd627ca27d85c2e0f83b08"", ""failure_class"": null, ""max_force_eV_A"": 0.07686340431263342, ""name"": ""bfgs_after_fire"", ""start_geometry_sha256"": ""50bf55180683f73dc5cfdcc39f90313867705f9def7d22b1d05afb778b41e487"", ""steps"": 105}]",d258659f0938d37b291a5d21d765fe7a156eb3ac84cd627ca27d85c2e0f83b08,-1.998396922648035,2.876931482195879,step_3_OH,9.0,0.0,True,1.647931482195879,0.6852014328916924,False,quantitative_screening,0,0,7882f12a2dcaccee8bd3,False,
"('Spinel', 'Mg', 'Ti', 'W', 'nanoparticle', 'N-graphene')",Spinel,True,esen-sm-conserving-all-oc25:relax-v3:orr-che-v2,True,0.07381197117696271,319,150,0.08,converged,,bfgs_after_fire,"[{""ase_converged"": false, ""converged"": false, ""end_geometry_sha256"": ""53146a90640cc6c302f3fa331e771b2da843dbad5448ae5298ce986766dcc04c"", ""failure_class"": ""force_threshold"", ""max_force_eV_A"": 0.13915643608813455, ""name"": ""bfgs_standard"", ""start_geometry_sha256"": ""bcaf66d7f8fa1f96fdf31980d43dc175aa3af0b1dff01d389c9e6e57ef619a56"", ""steps"": 150}, {""ase_converged"": false, ""converged"": false, ""end_geometry_sha256"": ""908b106662a5043c190d48f7ac5ad9235ec35927391ad37b5703a1a980802578"", ""failure_class"": ""force_threshold"", ""max_force_eV_A"": 1.1386307257919615, ""name"": ""fire_precondition"", ""qualifying"": false, ""start_geometry_sha256"": ""bcaf66d7f8fa1f96fdf31980d43dc175aa3af0b1dff01d389c9e6e57ef619a56"", ""steps"": 75}, {""ase_converged"": true, ""converged"": true, ""end_geometry_sha256"": ""c9b92764b776d2eee6b82b2b5b74307eda1158a7cfc7c4e830cf187ff18192f2"", ""failure_class"": null, ""max_force_eV_A"": 0.07381197117696271, ""name"": ""bfgs_after_fire"", ""start_geometry_sha256"": ""908b106662a5043c190d48f7ac5ad9235ec35927391ad37b5703a1a980802578"", ""steps"": 94}]",c9b92764b776d2eee6b82b2b5b74307eda1158a7cfc7c4e830cf187ff18192f2,-407.1741135896352,True,0.07854889002549792,58.0,100.0,0.08,converged,,bfgs_standard,"[{""ase_converged"": true, ""converged"": true, ""end_geometry_sha256"": ""8cf59495dd17567358546cb82211782e22cd34551652e991001b0363a5a169db"", ""failure_class"": null, ""max_force_eV_A"": 0.07854889002549792, ""name"": ""bfgs_standard"", ""start_geometry_sha256"": ""f98683fb4fec3e4e8845fc83645145d94e4a7ffc71857c2f53005dcb5558c882"", ""steps"": 58}]",8cf59495dd17567358546cb82211782e22cd34551652e991001b0363a5a169db,-1.9057084892690181,True,0.07502090415254319,60.0,100.0,0.08,converged,,bfgs_standard,"[{""ase_converged"": true, ""converged"": true, ""end_geometry_sha256"": ""8aaa680af92425378f933efec491be49b0ee47243f9df96257d2d7c3525afa52"", ""failure_class"": null, ""max_force_eV_A"": 0.07502090415254319, ""name"": ""bfgs_standard"", ""start_geometry_sha256"": ""8d479c2cb8f298026cc3e4af8ca41234595708e941971a6738d95c99bf044b02"", ""steps"": 60}]",8aaa680af92425378f933efec491be49b0ee47243f9df96257d2d7c3525afa52,-3.744927489012391,True,0.0799050255697013,39.0,100.0,0.08,converged,,bfgs_standard,"[{""ase_converged"": true, ""converged"": true, ""end_geometry_sha256"": ""7e824e3df0e51dfcdce4c3085b486298016d7fe08599dab10f480ada18be3f71"", ""failure_class"": null, ""max_force_eV_A"": 0.0799050255697013, ""name"": ""bfgs_standard"", ""start_geometry_sha256"": ""f2344fe1fbffae7445b8c73f53de8d542271f0cd699e2b20829332e9845a4e30"", ""steps"": 39}]",7e824e3df0e51dfcdce4c3085b486298016d7fe08599dab10f480ada18be3f71,-5.001686622202364,3.0,step_4_H2O,10.0,0.0,True,5.650635978281409,0.6852014328916924,False,quantitative_screening,1,1,c472091cb5dab116bacd,False,
"('Spinel', 'Mg', 'Ni', 'None', 'nanoparticle', 'N-graphene')",Spinel,True,esen-sm-conserving-all-oc25:relax-v3:orr-che-v2,True,0.07456427728570623,148,150,0.08,converged,,bfgs_standard,"[{""ase_converged"": true, ""converged"": true, ""end_geometry_sha256"": ""7660951edffe5a6700a0a7904863c664672600a49ad1695bcf31e74bd1ca9155"", ""failure_class"": null, ""max_force_eV_A"": 0.07456427728570623, ""name"": ""bfgs_standard"", ""start_geometry_sha256"": ""6c589d8ca6b7f58b6aac22c5363308b077395dd78ea46981cd46916411a19fec"", ""steps"": 148}]",7660951edffe5a6700a0a7904863c664672600a49ad1695bcf31e74bd1ca9155,-291.85866394214366,True,0.07506680598152757,43.0,100.0,0.08,converged,,bfgs_standard,"[{""ase_converged"": true, ""converged"": true, ""end_geometry_sha256"": ""050a33059906b206dd8bfd4b8fcc31ae1b60cebfd06b0bde961825587e4b4979"", ""failure_class"": null, ""max_force_eV_A"": 0.07506680598152757, ""name"": ""bfgs_standard"", ""start_geometry_sha256"": ""2e5e91c22aa81fca1c526d203064c406bfb6427acc9d52a33a6be22e5974f8b1"", ""steps"": 43}]",050a33059906b206dd8bfd4b8fcc31ae1b60cebfd06b0bde961825587e4b4979,2.05360013499856,True,0.06870912636508518,35.0,100.0,0.08,converged,,bfgs_standard,"[{""ase_converged"": true, ""converged"": true, ""end_geometry_sha256"": ""6c8e681ce1537f37bbc807de8c684b92c0974899f9a23c02ea42cefae7853361"", ""failure_class"": null, ""max_force_eV_A"": 0.06870912636508518, ""name"": ""bfgs_standard"", ""start_geometry_sha256"": ""bab90d040b0c68d3796645eb6557137b841549543a5565c6067097e05dd97c4b"", ""steps"": 35}]",6c8e681ce1537f37bbc807de8c684b92c0974899f9a23c02ea42cefae7853361,3.0507001049816926,True,0.06886848555739368,63.0,100.0,0.08,converged,,bfgs_standard,"[{""ase_converged"": true, ""converged"": true, ""end_geometry_sha256"": ""6a8af53bc99d22bf0469a7a2ad5d2d222c07eebf4bf276e65c8356afabee6caa"", ""failure_class"": null, ""max_force_eV_A"": 0.06886848555739368, ""name"": ""bfgs_standard"", ""start_geometry_sha256"": ""fabd2537e067c8c6eb38cb12336706b1f7b8967d00d0bb72bdff86b7c3d63fbf"", ""steps"": 63}]",6a8af53bc99d22bf0469a7a2ad5d2d222c07eebf4bf276e65c8356afabee6caa,3.7213339313864457,0.558366173595247,step_2_O,10.0,0.0,True,5.104300239980253,0.661108834270667,False,quantitative_screening,2,2,e6a81883a6361f667ea4,False,
"('MXene', 'Hf', 'N', 3, 'bare', 'Ni')",MXene,True,esen-sm-conserving-all-oc25:relax-v3:orr-che-v2,True,0.06632974861022248,69,150,0.08,converged,,bfgs_standard,"[{""ase_converged"": true, ""converged"": true, ""end_geometry_sha256"": ""b642e4ecc5dd4104e07de3a7d5d2e24a9c91e9ad5a785dea3d88488c31c9c3f5"", ""failure_class"": null, ""max_force_eV_A"": 0.06632974861022248, ""name"": ""bfgs_standard"", ""start_geometry_sha256"": ""79aa9d3b0242a90f8cd7bf2fe8ffdbc07ba616eff0e61c72c73ae80535ac70c0"", ""steps"": 69}]",b642e4ecc5dd4104e07de3a7d5d2e24a9c91e9ad5a785dea3d88488c31c9c3f5,-365.55284723961586,True,0.04922140743627014,64.0,100.0,0.08,converged,,bfgs_standard,"[{""ase_converged"": true, ""converged"": true, ""end_geometry_sha256"": ""79b1beaf77072db908e683fb92a9a862cc4c98b7075e3affeb7a5e330d2923d0"", ""failure_class"": null, ""max_force_eV_A"": 0.04922140743627014, ""name"": ""bfgs_standard"", ""start_geometry_sha256"": ""e81811336254cd62937706702f7f473baf5d0b6b0a5cc066ad63965b5f7d97d6"", ""steps"": 64}]",79b1beaf77072db908e683fb92a9a862cc4c98b7075e3affeb7a5e330d2923d0,-1.9291002129018875,True,0.07595051025086219,39.0,100.0,0.08,converged,,bfgs_standard,"[{""ase_converged"": true, ""converged"": true, ""end_geometry_sha256"": ""dd4e99631fc47cf2ab7a681af02d3893edf4f8257391de826f47bee6bc5d1adb"", ""failure_class"": null, ""max_force_eV_A"": 0.07595051025086219, ""name"": ""bfgs_standard"", ""start_geometry_sha256"": ""bef5aacb7912f5927d050189cd8503905d6327ec917443db6113465626e56ac4"", ""steps"": 39}]",dd4e99631fc47cf2ab7a681af02d3893edf4f8257391de826f47bee6bc5d1adb,-3.1119624011219367,True,0.07753572422115099,65.0,100.0,0.08,converged,,bfgs_standard,"[{""ase_converged"": true, ""converged"": true, ""end_geometry_sha256"": ""5a17be23a930b733dd78e54b091874055817ff2007db6a766d52ec4883b402d1"", ""failure_class"": null, ""max_force_eV_A"": 0.07753572422115099, ""name"": ""bfgs_standard"", ""start_geometry_sha256"": ""0cf31b1879a80d02e6bee76f9e86c0a0ac9431e5371adf3c564bfd5b108466ed"", ""steps"": 65}]",5a17be23a930b733dd78e54b091874055817ff2007db6a766d52ec4883b402d1,-3.774271537363611,3.0,step_4_H2O,10.0,0.0,True,5.041062614023824,0.675000000035,False,quantitative_screening,0,0,b2a346cd3fd72f596bd2,False,
"('MXene', 'Hf', 'CN', 3, 'mixed_OH_O', 'Pd')",MXene,True,esen-sm-conserving-all-oc25:relax-v3:orr-che-v2,True,0.07550802277605799,72,150,0.08,converged,,bfgs_standard,"[{""ase_converged"": true, ""converged"": true, ""end_geometry_sha256"": ""4c1373f9239e009c6b3c749398d90261a8a40d7c307fea91d4d1f85a33ca3bf5"", ""failure_class"": null, ""max_force_eV_A"": 0.07550802277605799, ""name"": ""bfgs_standard"", ""start_geometry_sha256"": ""9bd58b2a8188cfcdec659d90ce64e086325892b55e6f1a2922ff118a683390d9"", ""steps"": 72}]",4c1373f9239e009c6b3c749398d90261a8a40d7c307fea91d4d1f85a33ca3bf5,-414.14680172089686,True,0.07502640137945009,38.0,100.0,0.08,converged,,bfgs_standard,"[{""ase_converged"": true, ""converged"": true, ""end_geometry_sha256"": ""fb269c74bfe0cedaa12dc714c2b7549574a3ee3a3ae045099aaa4b2608ae08a8"", ""failure_class"": null, ""max_force_eV_A"": 0.07502640137945009, ""name"": ""bfgs_standard"", ""start_geometry_sha256"": ""bcf2bc16bcf31b255082ffbddf4112b2f9b763a5add9ae06aa6b96b7adf53bd7"", ""steps"": 38}]",fb269c74bfe0cedaa12dc714c2b7549574a3ee3a3ae045099aaa4b2608ae08a8,-1.4576551292837234,True,0.07771043185151182,31.0,100.0,0.08,converged,,bfgs_standard,"[{""ase_converged"": true, ""converged"": true, ""end_geometry_sha256"": ""04cdd572e51b65ea716b4daf36d8a492824186acd10a441ce4758cc78e4e87cd"", ""failure_class"": null, ""max_force_eV_A"": 0.07771043185151182, ""name"": ""bfgs_standard"", ""start_geometry_sha256"": ""495d4785e46499f4b48fadda3f7154708f68d9bb1ac79f3665829c0599f73a20"", ""steps"": 31}]",04cdd572e51b65ea716b4daf36d8a492824186acd10a441ce4758cc78e4e87cd,-2.332623564451901,True,0.06064905950007203,266.0,100.0,0.08,converged,,bfgs_after_fire,"[{""ase_converged"": false, ""converged"": false, ""end_geometry_sha256"": ""724875fba29078f3aa1a64c218d62f9429c87dbff4b53a9997fcd3c43385550c"", ""failure_class"": ""force_threshold"", ""max_force_eV_A"": 0.16949638083579904, ""name"": ""bfgs_standard"", ""start_geometry_sha256"": ""cb7f130786697a00a0e0d452883c5388ad64f8d38b9b558df3e14ddacdd65e82"", ""steps"": 100}, {""ase_converged"": false, ""converged"": false, ""end_geometry_sha256"": ""eb85fde151bd3d18b22689efe4365c9cb403ee2a895dcb66d649817983ffe617"", ""failure_class"": ""force_threshold"", ""max_force_eV_A"": 2.0648965173862406, ""name"": ""fire_precondition"", ""qualifying"": false, ""start_geometry_sha256"": ""cb7f130786697a00a0e0d452883c5388ad64f8d38b9b558df3e14ddacdd65e82"", ""steps"": 50}, {""ase_converged"": true, ""converged"": true, ""end_geometry_sha256"": ""6d002dd176c09c7aef30ce1be4cec7d94cde56a66ea88c820307016d44cbdd28"", ""failure_class"": null, ""max_force_eV_A"": 0.06064905950007203, ""name"": ""bfgs_after_fire"", ""start_geometry_sha256"": ""eb85fde151bd3d18b22689efe4365c9cb403ee2a895dcb66d649817983ffe617"", ""steps"": 116}]",6d002dd176c09c7aef30ce1be4cec7d94cde56a66ea88c820307016d44cbdd28,-2.7315660014748824,2.6866551292837233,step_4_H2O,10.0,-2.0,True,3.7902786937356243,0.675000000035,False,quantitative_screening,2,2,710b30678568eb0dcf7b,False,
"('MXene', 'W', 'C', 3, 'S', 'Ni')",MXene,True,esen-sm-conserving-all-oc25:relax-v3:orr-che-v2,True,0.0727968933993692,91,150,0.08,converged,,bfgs_standard,"[{""ase_converged"": true, ""converged"": true, ""end_geometry_sha256"": ""830e740de1d6fb934b6d02116a856a500c66bc54bda22c9a92ae50dfe2899852"", ""failure_class"": null, ""max_force_eV_A"": 0.0727968933993692, ""name"": ""bfgs_standard"", ""start_geometry_sha256"": ""b4d3b68e79724ad2f3a04b63f3339ee904f8497cf55477d158695f2ac91624f1"", ""steps"": 91}]",830e740de1d6fb934b6d02116a856a500c66bc54bda22c9a92ae50dfe2899852,-436.66889446017643,True,0.07521561834562769,61.0,100.0,0.08,converged,,bfgs_standard,"[{""ase_converged"": true, ""converged"": true, ""end_geometry_sha256"": ""4a0b2f943755522454d1ca11a5a772657edb88fcead12d2b6c2d591330e542a1"", ""failure_class"": null, ""max_force_eV_A"": 0.07521561834562769, ""name"": ""bfgs_standard"", ""start_geometry_sha256"": ""adf1fb3d02e03301155949ce306f3514f9858f172ed88606dccf98ed4c75d712"", ""steps"": 61}]",4a0b2f943755522454d1ca11a5a772657edb88fcead12d2b6c2d591330e542a1,-1.1400815819204422,True,0.06285082390181108,46.0,100.0,0.08,converged,,bfgs_standard,"[{""ase_converged"": true, ""converged"": true, ""end_geometry_sha256"": ""1448ac015307ccd60556aad7ece85bf1420c5f2641826fc1bae18e9afc903769"", ""failure_class"": null, ""max_force_eV_A"": 0.06285082390181108, ""name"": ""bfgs_standard"", ""start_geometry_sha256"": ""75c55eb1228d1f4f12077f292581bfc5427fdc0b6465b7a9a1abba3e3afee0a4"", ""steps"": 46}]",1448ac015307ccd60556aad7ece85bf1420c5f2641826fc1bae18e9afc903769,-1.9803095690905728,True,0.0714898142201815,256.0,100.0,0.08,converged,,bfgs_after_fire,"[{""ase_converged"": false, ""converged"": false, ""end_geometry_sha256"": ""f2dc684312b5671d51de5b13b1a58bffd8b818c1821625f7662f260dd43d7df0"", ""failure_class"": ""force_threshold"", ""max_force_eV_A"": 0.13624979493762499, ""name"": ""bfgs_standard"", ""start_geometry_sha256"": ""6b0d292b8b3ebdb63326cf392a9530547fdbdfa2665fc3a17e4a64991005bad6"", ""steps"": 100}, {""ase_converged"": false, ""converged"": false, ""end_geometry_sha256"": ""4fc5f584fc8780433caf5fb407d44ec30c9e8d27f71ac44f24c00ef5927cc113"", ""failure_class"": ""force_threshold"", ""max_force_eV_A"": 1.2341499922316148, ""name"": ""fire_precondition"", ""qualifying"": false, ""start_geometry_sha256"": ""6b0d292b8b3ebdb63326cf392a9530547fdbdfa2665fc3a17e4a64991005bad6"", ""steps"": 50}, {""ase_converged"": true, ""converged"": true, ""end_geometry_sha256"": ""403f9766f6376d45befb138e0a056d311bcfb6b4ca6a8ed45e40115aa39d938b"", ""failure_class"": null, ""max_force_eV_A"": 0.0714898142201815, ""name"": ""bfgs_after_fire"", ""start_geometry_sha256"": ""4fc5f584fc8780433caf5fb407d44ec30c9e8d27f71ac44f24c00ef5927cc113"", ""steps"": 106}]",403f9766f6376d45befb138e0a056d311bcfb6b4ca6a8ed45e40115aa39d938b,-2.724869300424964,2.369081581920442,step_4_H2O,10.0,0.0,True,3.120391151011015,0.675000000035,False,quantitative_screening,1,1,146225f8c758fbe1a251,False,
"('MXene', 'W', 'N', 3, 'F', 'Pd')",MXene,True,esen-sm-conserving-all-oc25:relax-v3:orr-che-v2,True,0.06686815259229231,84,150,0.08,converged,,bfgs_standard,"[{""ase_converged"": true, ""converged"": true, ""end_geometry_sha256"": ""9b70da36c3d1a012f787d8f83f0e192bf3f71f4812cf5b6149f5a7e93ed49239"", ""failure_class"": null, ""max_force_eV_A"": 0.06686815259229231, ""name"": ""bfgs_standard"", ""start_geometry_sha256"": ""24acd03d78d0ccf2def85fdeb50a0874abe6b5b42261fe98c8b74a434371d111"", ""steps"": 84}]",9b70da36c3d1a012f787d8f83f0e192bf3f71f4812cf5b6149f5a7e93ed49239,-440.6385777904135,True,0.07930926807402103,24.0,100.0,0.08,converged,,bfgs_standard,"[{""ase_converged"": true, ""converged"": true, ""end_geometry_sha256"": ""9adc572e8e1622e6f552854cae593b62d5f2560f61d2dd878c2c1a2cee60a341"", ""failure_class"": null, ""max_force_eV_A"": 0.07930926807402103, ""name"": ""bfgs_standard"", ""start_geometry_sha256"": ""6ae06968b38602301c3d7926adc35005893f6d2338fc3aa8b19cf1b375279492"", ""steps"": 24}]",9adc572e8e1622e6f552854cae593b62d5f2560f61d2dd878c2c1a2cee60a341,-0.4197942589223385,True,0.07677645044535196,60.0,100.0,0.08,converged,,bfgs_standard,"[{""ase_converged"": true, ""converged"": true, ""end_geometry_sha256"": ""91aff65393ef6a610cc8ac6be704edf7edcbb83dc05ed8a5361eb90acb8b9f63"", ""failure_class"": null, ""max_force_eV_A"": 0.07677645044535196, ""name"": ""bfgs_standard"", ""start_geometry_sha256"": ""135407b1f6c1c211a498545c6e68270531c00a0a54c854eeb4243809f46fc6bb"", ""steps"": 60}]",91aff65393ef6a610cc8ac6be704edf7edcbb83dc05ed8a5361eb90acb8b9f63,-1.0463877551257859,True,0.06823841174523812,77.0,100.0,0.08,converged,,bfgs_standard,"[{""ase_converged"": true, ""converged"": true, ""end_geometry_sha256"": ""048adb083591d27ad0926ea6a5ce1e270f1723caf8e541be632c57fb4d3b321f"", ""failure_class"": null, ""max_force_eV_A"": 0.06823841174523812, ""name"": ""bfgs_standard"", ""start_geometry_sha256"": ""b594a8502b685c2861fc4478e2e4c2fa16a90f2ccf165929d0037bf038b0b5e3"", ""steps"": 77}]",048adb083591d27ad0926ea6a5ce1e270f1723caf8e541be632c57fb4d3b321f,-1.9724030986428511,2.155015343517065,step_2_O,10.0,-2.0,True,1.4661820140481243,0.675000000035,False,quantitative_screening,0,0,d0901c256c562afa6400,False,
"('SAA', 'Au', 'Fe', '110', 1000)",SAA,False,esen-sm-conserving-all-oc25:relax-v3:orr-che-v2,True,0.07959308540159513,53,150,0.08,converged,,bfgs_standard,"[{""ase_converged"": true, ""converged"": true, ""end_geometry_sha256"": ""a997bd1eb86d02e42a8b549779fef87b6b69eb4a4f254c3420df9bee75b476e7"", ""failure_class"": null, ""max_force_eV_A"": 0.07959308540159513, ""name"": ""bfgs_standard"", ""start_geometry_sha256"": ""4ea604db129e39fbf38091c2db072ab2eb39887cf623157455422d8ed031a526"", ""steps"": 53}]",a997bd1eb86d02e42a8b549779fef87b6b69eb4a4f254c3420df9bee75b476e7,-251.05502869972383,True,0.0797566572247859,95.0,100.0,0.08,converged,,bfgs_standard,"[{""ase_converged"": true, ""converged"": true, ""end_geometry_sha256"": ""04e46db15716bbd0de4c47f4d21ea827b41f878ab47cbf57d495005ea068a0a4"", ""failure_class"": null, ""max_force_eV_A"": 0.0797566572247859, ""name"": ""bfgs_standard"", ""start_geometry_sha256"": ""6e4168239e971e5b23b0d07a39bf19c8c317760e427fe1a4ad102b48263f6677"", ""steps"": 95}]",04e46db15716bbd0de4c47f4d21ea827b41f878ab47cbf57d495005ea068a0a4,-2.0268627975881097,True,0.061437755022417766,96.0,100.0,0.08,converged,,bfgs_standard,"[{""ase_converged"": true, ""converged"": true, ""end_geometry_sha256"": ""16058478f969358c3397bdc78e53af66bc102c152112cf02049d8ef344134c25"", ""failure_class"": null, ""max_force_eV_A"": 0.061437755022417766, ""name"": ""bfgs_standard"", ""start_geometry_sha256"": ""7f4ddeb6978eb9701c8e8b42779820e1e44b34e21b8e6ae1f4daa9b9bece2a7c"", ""steps"": 96}]",16058478f969358c3397bdc78e53af66bc102c152112cf02049d8ef344134c25,-2.403351389616696,False,37.244939221602074,650.0,100.0,0.08,recovery_exhausted,force_threshold,fire_precondition,"[{""ase_converged"": false, ""converged"": false, ""end_geometry_sha256"": ""47819349ebdf3d31193ec3848e26e1cda39fd3f3e7d4b142bf12c858b5adceb1"", ""failure_class"": ""force_threshold"", ""max_force_eV_A"": 52.40988299486627, ""name"": ""bfgs_standard"", ""start_geometry_sha256"": ""254b18c04f9099360846f92ac489a1976286e0ad09026d5c3913ba5923fa7f6e"", ""steps"": 100}, {""ase_converged"": false, ""converged"": false, ""end_geometry_sha256"": ""db9958fe6b4444dd6521f531020f9985c2ca6e2ef08b6ec97919d4b49ed995d5"", ""failure_class"": ""force_threshold"", ""max_force_eV_A"": 37.244939221602074, ""name"": ""fire_precondition"", ""qualifying"": false, ""start_geometry_sha256"": ""254b18c04f9099360846f92ac489a1976286e0ad09026d5c3913ba5923fa7f6e"", ""steps"": 50}, {""ase_converged"": false, ""converged"": false, ""end_geometry_sha256"": ""47265f405b5c86f250bc6023b588fc6dbab925dc48a7dbb40260c0cebeb934a8"", ""failure_class"": ""force_threshold"", ""max_force_eV_A"": 71.48031323782143, ""name"": ""bfgs_after_fire"", ""start_geometry_sha256"": ""db9958fe6b4444dd6521f531020f9985c2ca6e2ef08b6ec97919d4b49ed995d5"", ""steps"": 200}, {""ase_converged"": false, ""converged"": false, ""end_geometry_sha256"": ""2bc6329ebb020ed4c62d59fed9535797627c45cf2f681454d01ed31073b3d834"", ""failure_class"": ""force_threshold"", ""max_force_eV_A"": 51.03979546780751, ""name"": ""fire_small_step"", ""start_geometry_sha256"": ""db9958fe6b4444dd6521f531020f9985c2ca6e2ef08b6ec97919d4b49ed995d5"", ""steps"": 300}]",db9958fe6b4444dd6521f531020f9985c2ca6e2ef08b6ec97919d4b49ed995d5,,,,,,,,,True,validation_required,0,0,b58bc8d3bd7048649914,False,Unconverged ooh relaxation: max_force=37.2449 eV/A after 650 cumulative recovery steps
"('SAA', 'Au', 'Au', '211', 100)",SAA,True,esen-sm-conserving-all-oc25:relax-v3:orr-che-v2,True,0.010808332738488597,9,150,0.08,converged,,bfgs_standard,"[{""ase_converged"": true, ""converged"": true, ""end_geometry_sha256"": ""6ac75810e00862dfa7ed0f52744249e507e3d97c79958789c8ebd347fb6f5056"", ""failure_class"": null, ""max_force_eV_A"": 0.010808332738488597, ""name"": ""bfgs_standard"", ""start_geometry_sha256"": ""63217a72df14802c3a395c1026f10995effd04b80830367b8924277acc931719"", ""steps"": 9}]",6ac75810e00862dfa7ed0f52744249e507e3d97c79958789c8ebd347fb6f5056,-211.9849280296056,True,0.07821740299417924,36.0,100.0,0.08,converged,,bfgs_standard,"[{""ase_converged"": true, ""converged"": true, ""end_geometry_sha256"": ""38ed8e6442087dfae0dbdac9a74323cc51968211c5202dfb48d6101f530221e3"", ""failure_class"": null, ""max_force_eV_A"": 0.07821740299417924, ""name"": ""bfgs_standard"", ""start_geometry_sha256"": ""d668c3f73405cafb4e48d27878026c95f2ae585d7e399f6cef34c9cde0809a95"", ""steps"": 36}]",38ed8e6442087dfae0dbdac9a74323cc51968211c5202dfb48d6101f530221e3,1.702800574451685,True,0.07803747141680739,16.0,100.0,0.08,converged,,bfgs_standard,"[{""ase_converged"": true, ""converged"": true, ""end_geometry_sha256"": ""16eb33fa7c8de75e8f216726c4a13427fb149e287b77ada8ecc6b55661b89971"", ""failure_class"": null, ""max_force_eV_A"": 0.07803747141680739, ""name"": ""bfgs_standard"", ""start_geometry_sha256"": ""0092348e22fd1d15cc6808a2c5c9053a0bbcd375be6314b4bb4dc20f69fddf02"", ""steps"": 16}]",16eb33fa7c8de75e8f216726c4a13427fb149e287b77ada8ecc6b55661b89971,3.234213746339086,True,0.07015796078267078,69.0,100.0,0.08,converged,,bfgs_standard,"[{""ase_converged"": true, ""converged"": true, ""end_geometry_sha256"": ""1151c1ffd57605af9cbdf2108e6a6fdfe42c642a55581878a12f395e9d46e745"", ""failure_class"": null, ""max_force_eV_A"": 0.07015796078267078, ""name"": ""bfgs_standard"", ""start_geometry_sha256"": ""3a38f7745eff9d563309b1cf73596b96b333e69d9c806e9f5a773e3db14f5a09"", ""steps"": 69}]",1151c1ffd57605af9cbdf2108e6a6fdfe42c642a55581878a12f395e9d46e745,4.5999979481100794,0.9089979481100796,step_1_OOH,10.0,-2.0,True,4.937014320790771,0.902500000035,False,quantitative_screening,2,2,21afd3c91fa265aaa24a,False,
"('SAA', 'Au', 'In', '211', 10000)",SAA,True,esen-sm-conserving-all-oc25:relax-v3:orr-che-v2,True,0.04536043815879425,12,150,0.08,converged,,bfgs_standard,"[{""ase_converged"": true, ""converged"": true, ""end_geometry_sha256"": ""d50f27bbb4c15b647c6a9f65691f2c2d67950457ad3e9d12024b60f37702da91"", ""failure_class"": null, ""max_force_eV_A"": 0.04536043815879425, ""name"": ""bfgs_standard"", ""start_geometry_sha256"": ""af78dfe13532d376aeeff0788eff97c10165e2aa4f886811eecc42be0419e962"", ""steps"": 12}]",d50f27bbb4c15b647c6a9f65691f2c2d67950457ad3e9d12024b60f37702da91,-37.99371308941346,True,0.07772498210735522,82.0,100.0,0.08,converged,,bfgs_standard,"[{""ase_converged"": true, ""converged"": true, ""end_geometry_sha256"": ""0d133b49c3e41ae19991c7b25efa59aa7fdf938654a6237ab132f03ca4cdf0de"", ""failure_class"": null, ""max_force_eV_A"": 0.07772498210735522, ""name"": ""bfgs_standard"", ""start_geometry_sha256"": ""b478f572ec1dc434c3a1d951b301ea081ceeba6b0ff8674df7206a9515b7090c"", ""steps"": 82}]",0d133b49c3e41ae19991c7b25efa59aa7fdf938654a6237ab132f03ca4cdf0de,0.10959846034646031,True,0.05122971166116916,81.0,100.0,0.08,converged,,bfgs_standard,"[{""ase_converged"": true, ""converged"": true, ""end_geometry_sha256"": ""268ab9d7c384971f00b6e4993a948c0b1e211625950ab6ca874567fa6b36aa25"", ""failure_class"": null, ""max_force_eV_A"": 0.05122971166116916, ""name"": ""bfgs_standard"", ""start_geometry_sha256"": ""2bf22d57a996d497dc47e0f945adc631074eda2828e213a4534b67a2d79b0d6a"", ""steps"": 81}]",268ab9d7c384971f00b6e4993a948c0b1e211625950ab6ca874567fa6b36aa25,0.26484564617276546,True,0.04535423888217863,56.0,100.0,0.08,converged,,bfgs_standard,"[{""ase_converged"": true, ""converged"": true, ""end_geometry_sha256"": ""2150b8d38e9a0638f541883d5c34d3b58cebad922c2ad9dfb3ea7e5933422962"", ""failure_class"": null, ""max_force_eV_A"": 0.04535423888217863, ""name"": ""bfgs_standard"", ""start_geometry_sha256"": ""218c45458af3125b6119e76a8b800c4c892291dcebcfe57f1c03614ed8837442"", ""steps"": 56}]",2150b8d38e9a0638f541883d5c34d3b58cebad922c2ad9dfb3ea7e5933422962,3.6047956451773677,1.1194015396535397,step_4_H2O,10.0,-2.0,True,0.3744441065192258,0.902500000035,False,quantitative_screening,1,1,0c86e92cdb262442042b,False,
"('SAA', 'Ag', 'Cu', '111', 2000)",SAA,True,esen-sm-conserving-all-oc25:relax-v3:orr-che-v2,True,0.0718836915537532,10,150,0.08,converged,,bfgs_standard,"[{""ase_converged"": true, ""converged"": true, ""end_geometry_sha256"": ""ff5d4ad148732a115d82c294e591bd0886132e5571439ddf165ba2f6c9d4ec2d"", ""failure_class"": null, ""max_force_eV_A"": 0.0718836915537532, ""name"": ""bfgs_standard"", ""start_geometry_sha256"": ""a40b06c8b994ecc6f8b1c140c4af1472b8a6e00b53f5b22125a53ff89ef16c51"", ""steps"": 10}]",ff5d4ad148732a115d82c294e591bd0886132e5571439ddf165ba2f6c9d4ec2d,-56.27873572255109,True,0.05593550305186259,26.0,100.0,0.08,converged,,bfgs_standard,"[{""ase_converged"": true, ""converged"": true, ""end_geometry_sha256"": ""b9dfdd22020bf539f99248aa324e4d3c5a9d2a01230535f100ffb59b166a577b"", ""failure_class"": null, ""max_force_eV_A"": 0.05593550305186259, ""name"": ""bfgs_standard"", ""start_geometry_sha256"": ""7c41a269421f92346ff6740304dd9e31ffc644be761d2138cbb707ef68648f91"", ""steps"": 26}]",b9dfdd22020bf539f99248aa324e4d3c5a9d2a01230535f100ffb59b166a577b,0.37279063716530797,True,0.06729370194586318,33.0,100.0,0.08,converged,,bfgs_standard,"[{""ase_converged"": true, ""converged"": true, ""end_geometry_sha256"": ""d0a9ef818af6b6db6d79ac879f5f55c0c2dad00699fb323cdb8e81c2eb6dddcc"", ""failure_class"": null, ""max_force_eV_A"": 0.06729370194586318, ""name"": ""bfgs_standard"", ""start_geometry_sha256"": ""41de97bb598f1211a4c2d7065ebcf6dc89454db745bb3e6dda6815fe1a4d45d8"", ""steps"": 33}]",d0a9ef818af6b6db6d79ac879f5f55c0c2dad00699fb323cdb8e81c2eb6dddcc,0.8890337117016351,True,0.06471687170516394,214.0,100.0,0.08,converged,,bfgs_after_fire,"[{""ase_converged"": false, ""converged"": false, ""end_geometry_sha256"": ""0e01df3320dc2342fe32ab13f2a66f9d59c4e4490eafd960332cdbeea2ca3b72"", ""failure_class"": ""force_threshold"", ""max_force_eV_A"": 0.10251870796033685, ""name"": ""bfgs_standard"", ""start_geometry_sha256"": ""802b082d84fe911e2cbac630e7cdc626434ab98bc5788c59834be7640f46841a"", ""steps"": 100}, {""ase_converged"": false, ""converged"": false, ""end_geometry_sha256"": ""e7e84a69109ea3af6ca6607480047ba93ca63a5dc515bb86b7731a1b60b4bde7"", ""failure_class"": ""force_threshold"", ""max_force_eV_A"": 1.0565813624242, ""name"": ""fire_precondition"", ""qualifying"": false, ""start_geometry_sha256"": ""802b082d84fe911e2cbac630e7cdc626434ab98bc5788c59834be7640f46841a"", ""steps"": 50}, {""ase_converged"": true, ""converged"": true, ""end_geometry_sha256"": ""7680946d736ddf3c8ae1ddcefaedcefcc74699a388d06fe6ee5b9c47bd856ad8"", ""failure_class"": null, ""max_force_eV_A"": 0.06471687170516394, ""name"": ""bfgs_after_fire"", ""start_geometry_sha256"": ""e7e84a69109ea3af6ca6607480047ba93ca63a5dc515bb86b7731a1b60b4bde7"", ""steps"": 64}]",7680946d736ddf3c8ae1ddcefaedcefcc74699a388d06fe6ee5b9c47bd856ad8,1.432843635976318,0.8562093628346921,step_4_H2O,8.0,-1.3467874862246565,True,1.2618243488669432,0.902500000035,False,quantitative_screening,2,2,be2d6e48b96a8c9d95fb,False,
"('MetalFreeCarbon', 'oxidized', 0.15, 'edge_zigzag', 'carbon_black', 'P')",MetalFreeCarbon,True,esen-sm-conserving-all-oc25:relax-v3:orr-che-v2,True,0.07471713384447363,61,150,0.08,converged,,bfgs_standard,"[{""ase_converged"": true, ""converged"": true, ""end_geometry_sha256"": ""e72deef9b73c0baa05b02dfd59a9c78d3014fc6e3aef57f186292282a3cb7135"", ""failure_class"": null, ""max_force_eV_A"": 0.07471713384447363, ""name"": ""bfgs_standard"", ""start_geometry_sha256"": ""52f4986116adee253ec5ae8d411964e2c47a625f05543674c20aff483c1d9357"", ""steps"": 61}]",e72deef9b73c0baa05b02dfd59a9c78d3014fc6e3aef57f186292282a3cb7135,-135.801754429546,True,0.07999875931966706,48.0,100.0,0.08,converged,,bfgs_standard,"[{""ase_converged"": true, ""converged"": true, ""end_geometry_sha256"": ""a8a8d91306590e6cc2e5ca38a5fd213afa73e57613db993dd7583efc736ffbdc"", ""failure_class"": null, ""max_force_eV_A"": 0.07999875931966706, ""name"": ""bfgs_standard"", ""start_geometry_sha256"": ""bf4ddc24b628ddc8a29c86497398718be97223154b6112aa2e6aedb3b64b0dfd"", ""steps"": 48}]",a8a8d91306590e6cc2e5ca38a5fd213afa73e57613db993dd7583efc736ffbdc,-0.8335964058339596,True,0.06129280419333041,23.0,100.0,0.08,converged,,bfgs_standard,"[{""ase_converged"": true, ""converged"": true, ""end_geometry_sha256"": ""353c234518c418aa478d7679919b81f5513b19fadcc244438c78a5380ca2fbef"", ""failure_class"": null, ""max_force_eV_A"": 0.06129280419333041, ""name"": ""bfgs_standard"", ""start_geometry_sha256"": ""8ec30afe9d55094823cfc1b5fac2c9f4e67d371556888aed6841a924548f4ddd"", ""steps"": 23}]",353c234518c418aa478d7679919b81f5513b19fadcc244438c78a5380ca2fbef,-1.1728463999927008,True,0.07671354560880876,46.0,100.0,0.08,converged,,bfgs_standard,"[{""ase_converged"": true, ""converged"": true, ""end_geometry_sha256"": ""08e949808c0b94040f89ebcbf9d823538d60514779449d214e2076e747393031"", ""failure_class"": null, ""max_force_eV_A"": 0.07671354560880876, ""name"": ""bfgs_standard"", ""start_geometry_sha256"": ""26c9294ee2d4b0e787d521ec9b5606eea0719ef782dbf54175ad860c8fe7be28"", ""steps"": 46}]",08e949808c0b94040f89ebcbf9d823538d60514779449d214e2076e747393031,4.057008217275147,2.0625964058339594,step_4_H2O,10.0,0.0,True,2.0064428058266603,0.27249999999999996,True,quantitative_screening,1,1,0e69928b7555e34b6224,False,
"('MetalFreeCarbon', 'oxidized', 0.2, 'pentagon_heptagon', 'CNT', 'P')",MetalFreeCarbon,False,esen-sm-conserving-all-oc25:relax-v3:orr-che-v2,False,14.717789977661207,975,150,0.08,recovery_exhausted,force_threshold,fire_small_step,"[{""ase_converged"": false, ""converged"": false, ""end_geometry_sha256"": ""c5437eb3969904297c4d917274e1574f52846d8333c37d34edc5f7f4ec291a89"", ""failure_class"": ""force_threshold"", ""max_force_eV_A"": 68.60231171664785, ""name"": ""bfgs_standard"", ""start_geometry_sha256"": ""247e9914eafdc8e811b081579b5d7f2268084f3c1f71df29f40265224b05ed82"", ""steps"": 150}, {""ase_converged"": false, ""converged"": false, ""end_geometry_sha256"": ""8949969b7365ab0a24c6a4d9193a36bc8f5fb19951bab0ed6e8af8ddf85ce379"", ""failure_class"": ""force_threshold"", ""max_force_eV_A"": 119.19778816116009, ""name"": ""fire_precondition"", ""qualifying"": false, ""start_geometry_sha256"": ""247e9914eafdc8e811b081579b5d7f2268084f3c1f71df29f40265224b05ed82"", ""steps"": 75}, {""ase_converged"": false, ""converged"": false, ""end_geometry_sha256"": ""18cb917beab50c08d8e4e3f4ffee1faddf415abee5a25e4f59160933813c8c21"", ""failure_class"": ""force_threshold"", ""max_force_eV_A"": 627.9301817565992, ""name"": ""bfgs_after_fire"", ""start_geometry_sha256"": ""8949969b7365ab0a24c6a4d9193a36bc8f5fb19951bab0ed6e8af8ddf85ce379"", ""steps"": 300}, {""ase_converged"": false, ""converged"": false, ""end_geometry_sha256"": ""8e29d328e77139f952a49e294a7d844901926cce106c737287a6ab6f83a6ae11"", ""failure_class"": ""force_threshold"", ""max_force_eV_A"": 14.717789977661207, ""name"": ""fire_small_step"", ""start_geometry_sha256"": ""c5437eb3969904297c4d917274e1574f52846d8333c37d34edc5f7f4ec291a89"", ""steps"": 450}]",8e29d328e77139f952a49e294a7d844901926cce106c737287a6ab6f83a6ae11,,,,,,,,,,,,,,,,,,,,,,,,,,,,,,,,,,,,,,,,,,True,validation_required,2,2,739be232254ed6616aba,False,Unconverged clean relaxation: max_force=14.7178 eV/A after 975 cumulative recovery steps
"('MetalFreeCarbon', 'mixed_pyridinic_graphitic', 0.02, 'none', 'carbon_black', 'P')",MetalFreeCarbon,False,esen-sm-conserving-all-oc25:relax-v3:orr-che-v2,False,21.56743958773658,975,150,0.08,recovery_exhausted,force_threshold,fire_small_step,"[{""ase_converged"": false, ""converged"": false, ""end_geometry_sha256"": ""e8e4413cbe056b2cc1b68a4111c9ff9def4c8c9eb77a0174830c05f796b62cba"", ""failure_class"": ""force_threshold"", ""max_force_eV_A"": 29.235637336256698, ""name"": ""bfgs_standard"", ""start_geometry_sha256"": ""cc5e9e2df9b3a5d747e8f670d37ca7f0332d84d1489d70c76a6eb9eca4dfaca7"", ""steps"": 150}, {""ase_converged"": false, ""converged"": false, ""end_geometry_sha256"": ""25fdee2cda68e696b37544476f60be95a74e9084037256ba82e037b5649942dc"", ""failure_class"": ""force_threshold"", ""max_force_eV_A"": 51.202334878078524, ""name"": ""fire_precondition"", ""qualifying"": false, ""start_geometry_sha256"": ""cc5e9e2df9b3a5d747e8f670d37ca7f0332d84d1489d70c76a6eb9eca4dfaca7"", ""steps"": 75}, {""ase_converged"": false, ""converged"": false, ""end_geometry_sha256"": ""0f47d74d2cffbcb18cd766d2d2bb620510c543c7a3bc38fb788ee613f5f046f6"", ""failure_class"": ""force_threshold"", ""max_force_eV_A"": 601.765063491585, ""name"": ""bfgs_after_fire"", ""start_geometry_sha256"": ""25fdee2cda68e696b37544476f60be95a74e9084037256ba82e037b5649942dc"", ""steps"": 300}, {""ase_converged"": false, ""converged"": false, ""end_geometry_sha256"": ""299846de56aa4f206691ed28c47803ad796d52862ac8914591d4ba70830a3f91"", ""failure_class"": ""force_threshold"", ""max_force_eV_A"": 21.56743958773658, ""name"": ""fire_small_step"", ""start_geometry_sha256"": ""e8e4413cbe056b2cc1b68a4111c9ff9def4c8c9eb77a0174830c05f796b62cba"", ""steps"": 450}]",299846de56aa4f206691ed28c47803ad796d52862ac8914591d4ba70830a3f91,,,,,,,,,,,,,,,,,,,,,,,,,,,,,,,,,,,,,,,,,,True,validation_required,1,1,931f8cd93ee8d1c46da5,False,Unconverged clean relaxation: max_force=21.5674 eV/A after 975 cumulative recovery steps
"('MetalFreeCarbon', 'mixed_pyridinic_graphitic', 0.04, 'divacancy', 'CNT', 'P')",MetalFreeCarbon,False,esen-sm-conserving-all-oc25:relax-v3:orr-che-v2,False,23.304425538397474,975,150,0.08,recovery_exhausted,force_threshold,fire_precondition,"[{""ase_converged"": false, ""converged"": false, ""end_geometry_sha256"": ""8179c6704c6c123b759f47daec3f3804e75078f1f56230b4ff5ddaf7002e464f"", ""failure_class"": ""force_threshold"", ""max_force_eV_A"": 55.94105547872809, ""name"": ""bfgs_standard"", ""start_geometry_sha256"": ""c51c45890f138770e816b9c9740720d01b5a66b8aaa009321c51021b007351d1"", ""steps"": 150}, {""ase_converged"": false, ""converged"": false, ""end_geometry_sha256"": ""a54c839b8c474b9776dfbe2d42c227bebbf5c1d08d6251d533009d81f5bcc117"", ""failure_class"": ""force_threshold"", ""max_force_eV_A"": 23.304425538397474, ""name"": ""fire_precondition"", ""qualifying"": false, ""start_geometry_sha256"": ""c51c45890f138770e816b9c9740720d01b5a66b8aaa009321c51021b007351d1"", ""steps"": 75}, {""ase_converged"": false, ""converged"": false, ""end_geometry_sha256"": ""7220380428cd09f5def43f0f6ca2cbfd7ab9522c0af48a2a61220f625b00c7b6"", ""failure_class"": ""force_threshold"", ""max_force_eV_A"": 757.6743924713732, ""name"": ""bfgs_after_fire"", ""start_geometry_sha256"": ""a54c839b8c474b9776dfbe2d42c227bebbf5c1d08d6251d533009d81f5bcc117"", ""steps"": 300}, {""ase_converged"": false, ""converged"": false, ""end_geometry_sha256"": ""f44c2daa1a248603c5aba6b8bdac61759d25ec7d93cf8b9a313dd5d036533a6c"", ""failure_class"": ""force_threshold"", ""max_force_eV_A"": 173.85527575674806, ""name"": ""fire_small_step"", ""start_geometry_sha256"": ""a54c839b8c474b9776dfbe2d42c227bebbf5c1d08d6251d533009d81f5bcc117"", ""steps"": 450}]",a54c839b8c474b9776dfbe2d42c227bebbf5c1d08d6251d533009d81f5bcc117,,,,,,,,,,,,,,,,,,,,,,,,,,,,,,,,,,,,,,,,,,True,validation_required,0,0,bac049d0465c20775b87,False,Unconverged clean relaxation: max_force=23.3044 eV/A after 975 cumulative recovery steps
