genome,material_class,valid,screening_protocol,relax_clean_converged,relax_clean_max_force_eV_A,relax_clean_steps,relax_clean_step_limit,relax_clean_fmax_eV_A,relax_clean_termination,relax_clean_failure_class,relax_clean_selected_attempt,relax_clean_attempts_json,relax_clean_geometry_sha256,e_clean,relax_oh_converged,relax_oh_max_force_eV_A,relax_oh_steps,relax_oh_step_limit,relax_oh_fmax_eV_A,relax_oh_termination,relax_oh_failure_class,relax_oh_selected_attempt,relax_oh_attempts_json,relax_oh_geometry_sha256,dG_OH_eV,relax_o_converged,relax_o_max_force_eV_A,relax_o_steps,relax_o_step_limit,relax_o_fmax_eV_A,relax_o_termination,relax_o_failure_class,relax_o_selected_attempt,relax_o_attempts_json,relax_o_geometry_sha256,dG_O_eV,relax_ooh_converged,relax_ooh_max_force_eV_A,relax_ooh_steps,relax_ooh_step_limit,relax_ooh_fmax_eV_A,relax_ooh_termination,relax_ooh_failure_class,relax_ooh_selected_attempt,relax_ooh_attempts_json,relax_ooh_geometry_sha256,dG_OOH_eV,orr_overpotential_V,rate_determining_step,fenton_stability,cost_penalty,fc_viable,binding_strength,model_confidence,needs_dft_validation,candidate_disposition,worker_id,gpu_id,candidate_id,cache_hit,error
"('SolidCatalyst', 'Ti', 'CeO2', 'bcc211', -0.05789473684210527, ('Zr', 'Pt'), 1, 1)",SolidCatalyst,True,esen-sm-conserving-all-oc25:relax-v4:orr-che-v3,True,0.07762925765503839,105,150,0.08,converged,,bfgs_standard,"[{""ase_converged"": true, ""converged"": true, ""end_geometry_sha256"": ""1a183b1bb63085b3c51d57d3649c4e0a37c06815592b621a3a1890ab3e2455d2"", ""failure_class"": null, ""max_force_eV_A"": 0.07762925765503839, ""name"": ""bfgs_standard"", ""start_geometry_sha256"": ""517e7d335120441a451a348266049c709c92d40b2fd9aa322c5ba220d74a0503"", ""steps"": 105}]",1a183b1bb63085b3c51d57d3649c4e0a37c06815592b621a3a1890ab3e2455d2,-120.15497049720165,True,0.05486463925914375,55.0,100.0,0.08,converged,,bfgs_standard,"[{""ase_converged"": true, ""converged"": true, ""end_geometry_sha256"": ""b061c1c80f73002966600b4447e031d01d3d85e0ff2c7c076f9468d34eb199b3"", ""failure_class"": null, ""max_force_eV_A"": 0.05486463925914375, ""name"": ""bfgs_standard"", ""start_geometry_sha256"": ""eb68660db45bb61fe91e4852994f05f67c0591ec828c0a3055410400b69febdc"", ""steps"": 55}]",b061c1c80f73002966600b4447e031d01d3d85e0ff2c7c076f9468d34eb199b3,-0.8808900688588619,True,0.07863994498398048,61.0,100.0,0.08,converged,,bfgs_standard,"[{""ase_converged"": true, ""converged"": true, ""end_geometry_sha256"": ""7be4c4dcea93e59d5652b9fac3abc71eade7975b287a97528a5899962732d57c"", ""failure_class"": null, ""max_force_eV_A"": 0.07863994498398048, ""name"": ""bfgs_standard"", ""start_geometry_sha256"": ""fe200d656032485865e7f9e4fa331550cd53902d984aa0db99e1ed95e6d92f07"", ""steps"": 61}]",7be4c4dcea93e59d5652b9fac3abc71eade7975b287a97528a5899962732d57c,-1.3906374804675259,True,0.07697142734864999,285.0,100.0,0.08,converged,,bfgs_after_fire,"[{""ase_converged"": false, ""converged"": false, ""end_geometry_sha256"": ""38b79aaa19acc5f0460ded1d462a7600e0d488feca97ef7e173171b40f787b24"", ""failure_class"": ""force_threshold"", ""max_force_eV_A"": 0.25917555088286776, ""name"": ""bfgs_standard"", ""start_geometry_sha256"": ""ef1ef8fc356f25fcd61ef68ccad094190e03b612d8612aaeacb405f65a41d77b"", ""steps"": 100}, {""ase_converged"": false, ""converged"": false, ""end_geometry_sha256"": ""1c569d7ddfc5ae654d24633e2452933d07ea0e9e0b12883e0cc4f7fd724c9265"", ""failure_class"": ""force_threshold"", ""max_force_eV_A"": 15.763192701253844, ""name"": ""fire_precondition"", ""qualifying"": false, ""start_geometry_sha256"": ""ef1ef8fc356f25fcd61ef68ccad094190e03b612d8612aaeacb405f65a41d77b"", ""steps"": 50}, {""ase_converged"": true, ""converged"": true, ""end_geometry_sha256"": ""6ae04199cbd76704997c55ae00d4bcae2c7b6d53c10415d213ec875c382cd85a"", ""failure_class"": null, ""max_force_eV_A"": 0.07697142734864999, ""name"": ""bfgs_after_fire"", ""start_geometry_sha256"": ""1c569d7ddfc5ae654d24633e2452933d07ea0e9e0b12883e0cc4f7fd724c9265"", ""steps"": 135}]",6ae04199cbd76704997c55ae00d4bcae2c7b6d53c10415d213ec875c382cd85a,2.44532914012668,2.1098900688588618,step_4_H2O,10.0,0.0,True,2.271527549326388,0.9675000000349999,False,quantitative_screening,2,2,6c2d202e1843c4573e1e,False,
"('SolidCatalyst', 'Ti', 'Carbon', 'fcc100', -0.026315789473684223, ('S', 'Ag'), 4, 0)",SolidCatalyst,True,esen-sm-conserving-all-oc25:relax-v4:orr-che-v3,True,0.0797776579568026,84,150,0.08,converged,,bfgs_standard,"[{""ase_converged"": true, ""converged"": true, ""end_geometry_sha256"": ""d339267198c1fd440d0b30589547476e6ee57881250b50919bee683c3a77ef5c"", ""failure_class"": null, ""max_force_eV_A"": 0.0797776579568026, ""name"": ""bfgs_standard"", ""start_geometry_sha256"": ""3229bca2ca1ef425d91188721da724a84e916078f6b128d71273ae2bb9a4cf86"", ""steps"": 84}]",d339267198c1fd440d0b30589547476e6ee57881250b50919bee683c3a77ef5c,-108.87631761420704,True,0.07598371250792164,70.0,100.0,0.08,converged,,bfgs_standard,"[{""ase_converged"": true, ""converged"": true, ""end_geometry_sha256"": ""68c65250195da398b8e2e62fadb0cf31b10b1a495b3bf6201f3a6c418fd94875"", ""failure_class"": null, ""max_force_eV_A"": 0.07598371250792164, ""name"": ""bfgs_standard"", ""start_geometry_sha256"": ""422d09b38ac1556057bdf67e25620cbe8a60976bee3af1c22786557b326c1e69"", ""steps"": 70}]",68c65250195da398b8e2e62fadb0cf31b10b1a495b3bf6201f3a6c418fd94875,-3.081695732921248,True,0.06411494363968859,73.0,100.0,0.08,converged,,bfgs_standard,"[{""ase_converged"": true, ""converged"": true, ""end_geometry_sha256"": ""d86133542ff31da7cdc16d4d57a69f8accf3d2ecf553aca67e16d1a3fbfc7a84"", ""failure_class"": null, ""max_force_eV_A"": 0.06411494363968859, ""name"": ""bfgs_standard"", ""start_geometry_sha256"": ""32c0023f62299f8b6277de4da25d8d08a7f06d0fdf8c58fe1518f174e9928282"", ""steps"": 73}]",d86133542ff31da7cdc16d4d57a69f8accf3d2ecf553aca67e16d1a3fbfc7a84,-2.6840334765612193,True,0.07744937083819298,340.0,100.0,0.08,converged,,bfgs_after_fire,"[{""ase_converged"": false, ""converged"": false, ""end_geometry_sha256"": ""8daa53002f8c2f7a3ce19159e30e8801533404bde580eb4a7cc7f69e25a413ce"", ""failure_class"": ""force_threshold"", ""max_force_eV_A"": 2.134519061954389, ""name"": ""bfgs_standard"", ""start_geometry_sha256"": ""0ca0e5eab68a35ee3174f49c3a7d62d7ed1d44b7187f4323144d382c015c9a90"", ""steps"": 100}, {""ase_converged"": false, ""converged"": false, ""end_geometry_sha256"": ""354e231b7fadbacb49a850e437dc6e66f5777da92e981690aa7e01b9373adcae"", ""failure_class"": ""force_threshold"", ""max_force_eV_A"": 2.4293030755006315, ""name"": ""fire_precondition"", ""qualifying"": false, ""start_geometry_sha256"": ""0ca0e5eab68a35ee3174f49c3a7d62d7ed1d44b7187f4323144d382c015c9a90"", ""steps"": 50}, {""ase_converged"": true, ""converged"": true, ""end_geometry_sha256"": ""e5c5021530c3861b1a30f3b1ecd1011d33b13616e25b0c4823f981dbb43ffc06"", ""failure_class"": null, ""max_force_eV_A"": 0.07744937083819298, ""name"": ""bfgs_after_fire"", ""start_geometry_sha256"": ""354e231b7fadbacb49a850e437dc6e66f5777da92e981690aa7e01b9373adcae"", ""steps"": 190}]",e5c5021530c3861b1a30f3b1ecd1011d33b13616e25b0c4823f981dbb43ffc06,0.7055067524315384,3.0,step_4_H2O,10.0,0.0,True,5.765729209482467,0.7799556092414295,False,quantitative_screening,1,1,d8aea6b4cd6447528166,False,
"('SolidCatalyst', 'Ti', 'WC', 'fcc110', -0.1, ('Pr', 'Se'), 1, 1)",SolidCatalyst,True,esen-sm-conserving-all-oc25:relax-v4:orr-che-v3,True,0.07657108127384411,88,150,0.08,converged,,bfgs_standard,"[{""ase_converged"": true, ""converged"": true, ""end_geometry_sha256"": ""b645c1641854e7833fb32c3e87568dd38e40fd962481322dc5f1cf338e5283e2"", ""failure_class"": null, ""max_force_eV_A"": 0.07657108127384411, ""name"": ""bfgs_standard"", ""start_geometry_sha256"": ""ada250c76dba66742b63a11ce271764d3b3a18edfa512d9c8c8d0b5f46fad5aa"", ""steps"": 88}]",b645c1641854e7833fb32c3e87568dd38e40fd962481322dc5f1cf338e5283e2,-110.05862318460305,True,0.06866193978777169,31.0,100.0,0.08,converged,,bfgs_standard,"[{""ase_converged"": true, ""converged"": true, ""end_geometry_sha256"": ""9bbae2226bcaa3c7447eb1eeaeaace11836d6e25e45c041f18704769290f9248"", ""failure_class"": null, ""max_force_eV_A"": 0.06866193978777169, ""name"": ""bfgs_standard"", ""start_geometry_sha256"": ""2670fe6fb2204384e33470f4fbdc6d42c20c71314229d3862c0dde8b2b71f7d4"", ""steps"": 31}]",9bbae2226bcaa3c7447eb1eeaeaace11836d6e25e45c041f18704769290f9248,-0.25476091846823695,True,0.0662407720512186,22.0,100.0,0.08,converged,,bfgs_standard,"[{""ase_converged"": true, ""converged"": true, ""end_geometry_sha256"": ""dab554c241b07a26019a78c87d0d36d8badbcbbc55650bef4afc23d443978f33"", ""failure_class"": null, ""max_force_eV_A"": 0.0662407720512186, ""name"": ""bfgs_standard"", ""start_geometry_sha256"": ""8aee687de9384ccc97e0fc12afd68083d6463fd84f31ecc86e3f0b03c9748f61"", ""steps"": 22}]",dab554c241b07a26019a78c87d0d36d8badbcbbc55650bef4afc23d443978f33,-0.07812222167852027,True,0.05432710926958974,351.0,100.0,0.08,converged,,fire_small_step,"[{""ase_converged"": false, ""converged"": false, ""end_geometry_sha256"": ""700bc94f7e5c0f1ee48a2c517511cc94fe97b1d0bdae3db7d6ed9f7f74c54d3f"", ""failure_class"": ""force_threshold"", ""max_force_eV_A"": 0.4718936819138923, ""name"": ""bfgs_standard"", ""start_geometry_sha256"": ""c4d599f3c9f45124bc1dd3d2ef725a3a944243c6e84eb1f71e5a91ec1d03da8a"", ""steps"": 100}, {""ase_converged"": false, ""converged"": false, ""end_geometry_sha256"": ""d9f2eb4f7eddea0db54886b04fbc1a62fbf9a58553933a1b14368f76ce42644b"", ""failure_class"": ""force_threshold"", ""max_force_eV_A"": 15.662420645781058, ""name"": ""fire_precondition"", ""qualifying"": false, ""start_geometry_sha256"": ""c4d599f3c9f45124bc1dd3d2ef725a3a944243c6e84eb1f71e5a91ec1d03da8a"", ""steps"": 50}, {""ase_converged"": false, ""converged"": false, ""end_geometry_sha256"": ""1468a00bfdd700e1d77f7b1dd12583f0b6305276f00c8f57a86329dae277eecf"", ""failure_class"": ""force_threshold"", ""max_force_eV_A"": 0.16944190233873982, ""name"": ""bfgs_after_fire"", ""start_geometry_sha256"": ""d9f2eb4f7eddea0db54886b04fbc1a62fbf9a58553933a1b14368f76ce42644b"", ""steps"": 200}, {""ase_converged"": true, ""converged"": true, ""end_geometry_sha256"": ""45aa3b1fc8bacb1e11832f5763b9ceea57e9af41936bcb7eee5699df844766b1"", ""failure_class"": null, ""max_force_eV_A"": 0.05432710926958974, ""name"": ""fire_small_step"", ""start_geometry_sha256"": ""1468a00bfdd700e1d77f7b1dd12583f0b6305276f00c8f57a86329dae277eecf"", ""steps"": 1}]",45aa3b1fc8bacb1e11832f5763b9ceea57e9af41936bcb7eee5699df844766b1,2.43861527293918,1.483760918468237,step_4_H2O,10.0,0.0,True,0.33288314014675724,0.8664825313502684,False,quantitative_screening,0,0,11ca95e9308f57fbde1f,False,
"('SolidCatalyst', 'Ti', 'TiC', 'hcp1010', -0.04736842105263159, ('Mn', 'Cu'), 2, 0)",SolidCatalyst,True,esen-sm-conserving-all-oc25:relax-v4:orr-che-v3,True,0.07868197278258453,83,150,0.08,converged,,bfgs_standard,"[{""ase_converged"": true, ""converged"": true, ""end_geometry_sha256"": ""2ea04ef97a26ffb04eb455b39dd6ff4c164d562bc67287deec8c664122171771"", ""failure_class"": null, ""max_force_eV_A"": 0.07868197278258453, ""name"": ""bfgs_standard"", ""start_geometry_sha256"": ""6e26b064ef552fe464076f9d6ba410155939c2f13b2f003bba960ae93958c484"", ""steps"": 83}]",2ea04ef97a26ffb04eb455b39dd6ff4c164d562bc67287deec8c664122171771,-133.71937508891972,True,0.07371402721875688,95.0,100.0,0.08,converged,,bfgs_standard,"[{""ase_converged"": true, ""converged"": true, ""end_geometry_sha256"": ""5e5be028213b27dd92926acdd6380ff6e5987c46552d44a5a8b16ffb822d8e68"", ""failure_class"": null, ""max_force_eV_A"": 0.07371402721875688, ""name"": ""bfgs_standard"", ""start_geometry_sha256"": ""e0588a72d5ed1ee70a7de25b89e8b3990c3881e97dd060d09058147690d22baf"", ""steps"": 95}]",5e5be028213b27dd92926acdd6380ff6e5987c46552d44a5a8b16ffb822d8e68,-2.4533387993276117,True,0.06722495348465986,62.0,100.0,0.08,converged,,bfgs_standard,"[{""ase_converged"": true, ""converged"": true, ""end_geometry_sha256"": ""5bab899ca0042e4bd4f6e5ff9bc91faf26abb909349494b63053518527911f10"", ""failure_class"": null, ""max_force_eV_A"": 0.06722495348465986, ""name"": ""bfgs_standard"", ""start_geometry_sha256"": ""08dcc44999f6682ae23c9788c4e537e9eb5fdb243e932be78dd39626baaa1b0b"", ""steps"": 62}]",5bab899ca0042e4bd4f6e5ff9bc91faf26abb909349494b63053518527911f10,-1.9337283007800827,True,0.07215588686586918,84.0,100.0,0.08,converged,,bfgs_standard,"[{""ase_converged"": true, ""converged"": true, ""end_geometry_sha256"": ""f2a4b2b0909bf681d5216494b30de5a688c328c650e2198c5f746cd4c58a407b"", ""failure_class"": null, ""max_force_eV_A"": 0.07215588686586918, ""name"": ""bfgs_standard"", ""start_geometry_sha256"": ""61ea741a0d291dc51e5a2aee34aaed0070a0c0b4317c8c8f0125ba13de3aacfe"", ""steps"": 84}]",f2a4b2b0909bf681d5216494b30de5a688c328c650e2198c5f746cd4c58a407b,-3.7499070659279505,3.0,step_4_H2O,7.0,0.0,True,4.387067100107695,0.9675000000349999,False,quantitative_screening,0,0,11dfa7b0182c55622439,False,
"('SolidCatalyst', 'V', 'Al2O3', 'bcc111', -0.06842105263157895, ('Se', 'Mg'), 4, 0)",SolidCatalyst,False,esen-sm-conserving-all-oc25:relax-v4:orr-che-v3,True,0.057700926440690414,9,150,0.08,converged,,bfgs_standard,"[{""ase_converged"": true, ""converged"": true, ""end_geometry_sha256"": ""7c8dfb188f50db1789ec862fce27c2eab2e4a630080b1b2ab0b27b6c94254811"", ""failure_class"": null, ""max_force_eV_A"": 0.057700926440690414, ""name"": ""bfgs_standard"", ""start_geometry_sha256"": ""3665e8358fe67823e68c5e1be90436a0946a95923ae777d06dbbd077d99266ac"", ""steps"": 9}]",7c8dfb188f50db1789ec862fce27c2eab2e4a630080b1b2ab0b27b6c94254811,-117.16143412851625,True,0.07958876201163133,327.0,100.0,0.08,converged,,bfgs_after_fire,"[{""ase_converged"": false, ""converged"": false, ""end_geometry_sha256"": ""6e5fb8f2122552514e4ff33d40fe849d22b0deb4528e1c5c62c6a742d469dc82"", ""failure_class"": ""force_threshold"", ""max_force_eV_A"": 0.12669564345469622, ""name"": ""bfgs_standard"", ""start_geometry_sha256"": ""b41d2cf2969f74b6231c48870cd2d5a602fbee4c7ab55ceceb3b9737bfed0603"", ""steps"": 100}, {""ase_converged"": false, ""converged"": false, ""end_geometry_sha256"": ""3badd94b3c883e76b51210b156e7b8f689f02b5d31c9f3e783d1b1a0bd38edd3"", ""failure_class"": ""force_threshold"", ""max_force_eV_A"": 3.1724385883412425, ""name"": ""fire_precondition"", ""qualifying"": false, ""start_geometry_sha256"": ""b41d2cf2969f74b6231c48870cd2d5a602fbee4c7ab55ceceb3b9737bfed0603"", ""steps"": 50}, {""ase_converged"": true, ""converged"": true, ""end_geometry_sha256"": ""7aef6ac671afb5a8e7af600de271652bd0be39f351930d1684c4cf9ad49b8efd"", ""failure_class"": null, ""max_force_eV_A"": 0.07958876201163133, ""name"": ""bfgs_after_fire"", ""start_geometry_sha256"": ""3badd94b3c883e76b51210b156e7b8f689f02b5d31c9f3e783d1b1a0bd38edd3"", ""steps"": 177}]",7aef6ac671afb5a8e7af600de271652bd0be39f351930d1684c4cf9ad49b8efd,-18.265304741710423,True,0.07118618738683422,257.0,100.0,0.08,converged,,bfgs_after_fire,"[{""ase_converged"": false, ""converged"": false, ""end_geometry_sha256"": ""0b2144e9baab401192e8a7e8289921b6dd55044c87565f0730a262d0217a1873"", ""failure_class"": ""force_threshold"", ""max_force_eV_A"": 0.5666254830415307, ""name"": ""bfgs_standard"", ""start_geometry_sha256"": ""4ce46bda8465824d875e142513a2c683e093841040a59ff8c0078b5bb0c6ea5a"", ""steps"": 100}, {""ase_converged"": false, ""converged"": false, ""end_geometry_sha256"": ""604b2a6678d7f365428ba8022075e4fadcd87337126ee8e8efa33d0dac86d215"", ""failure_class"": ""force_threshold"", ""max_force_eV_A"": 4.0833658524736185, ""name"": ""fire_precondition"", ""qualifying"": false, ""start_geometry_sha256"": ""4ce46bda8465824d875e142513a2c683e093841040a59ff8c0078b5bb0c6ea5a"", ""steps"": 50}, {""ase_converged"": true, ""converged"": true, ""end_geometry_sha256"": ""0dee87ade33db424758e16b089a2a9c636a749f3f0fc75bb3962595c3cb2197f"", ""failure_class"": null, ""max_force_eV_A"": 0.07118618738683422, ""name"": ""bfgs_after_fire"", ""start_geometry_sha256"": ""604b2a6678d7f365428ba8022075e4fadcd87337126ee8e8efa33d0dac86d215"", ""steps"": 107}]",0dee87ade33db424758e16b089a2a9c636a749f3f0fc75bb3962595c3cb2197f,-18.391064726561332,False,4.524176803949193,650.0,100.0,0.08,recovery_exhausted,force_threshold,fire_small_step,"[{""ase_converged"": false, ""converged"": false, ""end_geometry_sha256"": ""9162e10c853bdaad758837c05851fee6256e0a27387cf913f4455ec4010191e2"", ""failure_class"": ""force_threshold"", ""max_force_eV_A"": 21.97482811757618, ""name"": ""bfgs_standard"", ""start_geometry_sha256"": ""379df4c27099f6367194eacc4ab60313dd89950a3e018e82449d0f6db0176181"", ""steps"": 100}, {""ase_converged"": false, ""converged"": false, ""end_geometry_sha256"": ""95ea3de37febbc1645ba7d875d1d1555ce356fe0104ecee9ecc832e087116b1a"", ""failure_class"": ""force_threshold"", ""max_force_eV_A"": 5.288593736646202, ""name"": ""fire_precondition"", ""qualifying"": false, ""start_geometry_sha256"": ""379df4c27099f6367194eacc4ab60313dd89950a3e018e82449d0f6db0176181"", ""steps"": 50}, {""ase_converged"": false, ""converged"": false, ""end_geometry_sha256"": ""dbfbce92343a2e5888c472faf6c7ffcc4681e175e74d1f0bbb9f17245e81fb9f"", ""failure_class"": ""force_threshold"", ""max_force_eV_A"": 6.259708883523829, ""name"": ""bfgs_after_fire"", ""start_geometry_sha256"": ""95ea3de37febbc1645ba7d875d1d1555ce356fe0104ecee9ecc832e087116b1a"", ""steps"": 200}, {""ase_converged"": false, ""converged"": false, ""end_geometry_sha256"": ""782e77025ea138e03ee1b34bdd8584aee0dcbaa7a770db9776131b2d33eb26ec"", ""failure_class"": ""force_threshold"", ""max_force_eV_A"": 4.524176803949193, ""name"": ""fire_small_step"", ""start_geometry_sha256"": ""95ea3de37febbc1645ba7d875d1d1555ce356fe0104ecee9ecc832e087116b1a"", ""steps"": 300}]",782e77025ea138e03ee1b34bdd8584aee0dcbaa7a770db9776131b2d33eb26ec,,,,,,,,,True,validation_required,2,2,cb9c711ba7a3ecde40e6,False,Unconverged ooh relaxation: max_force=4.52418 eV/A after 650 cumulative recovery steps
"('SolidCatalyst', 'V', 'Y2O3', 'bcc111', 0.07894736842105263, ('B', 'Pt'), 1, 1)",SolidCatalyst,True,esen-sm-conserving-all-oc25:relax-v4:orr-che-v3,True,0.06480326580610812,62,150,0.08,converged,,bfgs_standard,"[{""ase_converged"": true, ""converged"": true, ""end_geometry_sha256"": ""b9b610fbccec7f34ffdd2ecd5ee9d30603bd5f268f6b9951b789e39cf38ecf8b"", ""failure_class"": null, ""max_force_eV_A"": 0.06480326580610812, ""name"": ""bfgs_standard"", ""start_geometry_sha256"": ""0c84f84b5cb304b374aaf4694034ad9933af55899585eea1afd8c8e0d1dd39c2"", ""steps"": 62}]",b9b610fbccec7f34ffdd2ecd5ee9d30603bd5f268f6b9951b789e39cf38ecf8b,-252.60324470891624,True,0.07726368920039381,43.0,100.0,0.08,converged,,bfgs_standard,"[{""ase_converged"": true, ""converged"": true, ""end_geometry_sha256"": ""1d936a2743ac06ea60379e25f9b960b05cdbb961fc1b50267e7271104a92ab6b"", ""failure_class"": null, ""max_force_eV_A"": 0.07726368920039381, ""name"": ""bfgs_standard"", ""start_geometry_sha256"": ""f158cdcc345f32c0f77dfab23fa4d2ce0dd7002aee68530d30e37d8f57b9c9aa"", ""steps"": 43}]",1d936a2743ac06ea60379e25f9b960b05cdbb961fc1b50267e7271104a92ab6b,-0.3459855888783932,True,0.07418069651496383,56.0,100.0,0.08,converged,,bfgs_standard,"[{""ase_converged"": true, ""converged"": true, ""end_geometry_sha256"": ""070faae2018dd968762f81e5bf93bb14b0bec6d051c290e4b73230d915a8d4ab"", ""failure_class"": null, ""max_force_eV_A"": 0.07418069651496383, ""name"": ""bfgs_standard"", ""start_geometry_sha256"": ""c069345b9ea486c6e344eaf358f02ca7e1c22a706d504d05712b61a850bf15ed"", ""steps"": 56}]",070faae2018dd968762f81e5bf93bb14b0bec6d051c290e4b73230d915a8d4ab,-2.1806002490222705,True,0.06806553438273416,90.0,100.0,0.08,converged,,bfgs_standard,"[{""ase_converged"": true, ""converged"": true, ""end_geometry_sha256"": ""ced8364063394c42e840878af5930c9bed64f169dfbf8a2aa4645803602e6cc2"", ""failure_class"": null, ""max_force_eV_A"": 0.06806553438273416, ""name"": ""bfgs_standard"", ""start_geometry_sha256"": ""a76d90384003def31678b1e6a2bd4b24e8897924b6a2ca6e6c6e1274fe9a66fe"", ""steps"": 90}]",ced8364063394c42e840878af5930c9bed64f169dfbf8a2aa4645803602e6cc2,-4.78490309864285,3.0,step_2_O,9.0,-1.4812324997442374,True,2.526585837900664,0.7799556092414295,False,quantitative_screening,1,1,c9e3f807b7fdb1725b7e,False,
"('SolidCatalyst', 'V', 'Si3N4', 'fcc111', 0.1, ('Te', 'Ag'), 4, 0)",SolidCatalyst,True,esen-sm-conserving-all-oc25:relax-v4:orr-che-v3,True,0.0754246531536299,41,150,0.08,converged,,bfgs_standard,"[{""ase_converged"": true, ""converged"": true, ""end_geometry_sha256"": ""f2e3b4ef4b8169df88656b08811008c4206c163e52b77de444708ec305389c59"", ""failure_class"": null, ""max_force_eV_A"": 0.0754246531536299, ""name"": ""bfgs_standard"", ""start_geometry_sha256"": ""bc723a8e5892de9d72dc30fc834c9173160fb961f47823e191fadf013f23c03b"", ""steps"": 41}]",f2e3b4ef4b8169df88656b08811008c4206c163e52b77de444708ec305389c59,-229.74268321850798,True,0.06813286939924403,92.0,100.0,0.08,converged,,bfgs_standard,"[{""ase_converged"": true, ""converged"": true, ""end_geometry_sha256"": ""664c32feea4969b11c9571ff618fc0e27923b7dfa77b514754310486c375ab70"", ""failure_class"": null, ""max_force_eV_A"": 0.06813286939924403, ""name"": ""bfgs_standard"", ""start_geometry_sha256"": ""1046c51bf7034ce834ba1622bc679f2be4d7904e631a9676f65168efa6b9f375"", ""steps"": 92}]",664c32feea4969b11c9571ff618fc0e27923b7dfa77b514754310486c375ab70,-2.7481843803822423,True,0.06554667921122068,70.0,100.0,0.08,converged,,bfgs_standard,"[{""ase_converged"": true, ""converged"": true, ""end_geometry_sha256"": ""d1a1b4c6a8a0abd966659ebedc6ada6b489d3fa9623c96211a945aee70f8cd9d"", ""failure_class"": null, ""max_force_eV_A"": 0.06554667921122068, ""name"": ""bfgs_standard"", ""start_geometry_sha256"": ""fb48d42f2680b86d65beed1ba5f7149eb5fa3f0c810c2642bea8aa3aa95aeb90"", ""steps"": 70}]",d1a1b4c6a8a0abd966659ebedc6ada6b489d3fa9623c96211a945aee70f8cd9d,-2.157666289061333,True,0.05933595832547843,287.0,100.0,0.08,converged,,bfgs_after_fire,"[{""ase_converged"": false, ""converged"": false, ""end_geometry_sha256"": ""167ae8cf61d76fd1525f1e7a6be6e44b56dde01f19fa5ea56aa944f5ca3f8111"", ""failure_class"": ""force_threshold"", ""max_force_eV_A"": 0.6691655343090314, ""name"": ""bfgs_standard"", ""start_geometry_sha256"": ""11964b9397d0f0a6c8df98a4bc5af7d4b35afff7465059cce448d0e9536b92c9"", ""steps"": 100}, {""ase_converged"": false, ""converged"": false, ""end_geometry_sha256"": ""53a7c0a56a18c3240d1d4222648f3be1969f8804d807e4ea47e16b6886b83229"", ""failure_class"": ""force_threshold"", ""max_force_eV_A"": 24.049317436090856, ""name"": ""fire_precondition"", ""qualifying"": false, ""start_geometry_sha256"": ""11964b9397d0f0a6c8df98a4bc5af7d4b35afff7465059cce448d0e9536b92c9"", ""steps"": 50}, {""ase_converged"": true, ""converged"": true, ""end_geometry_sha256"": ""ab281b826a1957720c8ac78f90dc180c433fb00e33eb9edcf181747aa97aef65"", ""failure_class"": null, ""max_force_eV_A"": 0.05933595832547843, ""name"": ""bfgs_after_fire"", ""start_geometry_sha256"": ""53a7c0a56a18c3240d1d4222648f3be1969f8804d807e4ea47e16b6886b83229"", ""steps"": 137}]",ab281b826a1957720c8ac78f90dc180c433fb00e33eb9edcf181747aa97aef65,1.6791700825095495,3.0,step_4_H2O,9.0,-2.0,True,4.905850669443575,0.9127014328916923,False,quantitative_screening,0,0,f57567881b14b97f8cfa,False,
"('SolidCatalyst', 'V', 'MoS2', 'fcc100', 0.0368421052631579, ('V', 'Se'), 1, 1)",SolidCatalyst,True,esen-sm-conserving-all-oc25:relax-v4:orr-che-v3,True,0.0656296158694219,9,150,0.08,converged,,bfgs_standard,"[{""ase_converged"": true, ""converged"": true, ""end_geometry_sha256"": ""fdf4edff120668f876e4b73d0255a543fc8532b96f41c058aed6775591d18fe6"", ""failure_class"": null, ""max_force_eV_A"": 0.0656296158694219, ""name"": ""bfgs_standard"", ""start_geometry_sha256"": ""1526be226fe7da07aa8ac1b2604d775251f2b490a6e271578d2ca44ddac159b2"", ""steps"": 9}]",fdf4edff120668f876e4b73d0255a543fc8532b96f41c058aed6775591d18fe6,-235.22284399224418,True,0.07944623821415321,30.0,100.0,0.08,converged,,bfgs_standard,"[{""ase_converged"": true, ""converged"": true, ""end_geometry_sha256"": ""3e923cafaedab2d0ca6235718b93d712ab33ceb495f8c217b16fab2a9a8c0c41"", ""failure_class"": null, ""max_force_eV_A"": 0.07944623821415321, ""name"": ""bfgs_standard"", ""start_geometry_sha256"": ""54a8509badae699ca57b0fa2696c569dead80b6c918298d296e0ecb499e45fee"", ""steps"": 30}]",3e923cafaedab2d0ca6235718b93d712ab33ceb495f8c217b16fab2a9a8c0c41,-2.883407769054174,True,0.07905862309310889,52.0,100.0,0.08,converged,,bfgs_standard,"[{""ase_converged"": true, ""converged"": true, ""end_geometry_sha256"": ""ab03a615d2d731036d7416072a446d714dc5373ce021a3dc0285470298ee9b8d"", ""failure_class"": null, ""max_force_eV_A"": 0.07905862309310889, ""name"": ""bfgs_standard"", ""start_geometry_sha256"": ""c79af4166db2d4d3ce544c9927efd274ecac7e3db46a0b7bb3758a816234eb26"", ""steps"": 52}]",ab03a615d2d731036d7416072a446d714dc5373ce021a3dc0285470298ee9b8d,-2.0010653369128955,True,0.07030658732144095,39.0,100.0,0.08,converged,,bfgs_standard,"[{""ase_converged"": true, ""converged"": true, ""end_geometry_sha256"": ""6cfe381ae2c01ad1ca276d39723c63b92b11214d02fbd1c5dc207a4b58ad5d07"", ""failure_class"": null, ""max_force_eV_A"": 0.07030658732144095, ""name"": ""bfgs_standard"", ""start_geometry_sha256"": ""62d5d39c4e79d90879dc1af13823fd29922b89f28001acbd2bcded25fd251ad8"", ""steps"": 39}]",6cfe381ae2c01ad1ca276d39723c63b92b11214d02fbd1c5dc207a4b58ad5d07,-3.897085715830351,3.0,step_4_H2O,8.0,-0.09511166904582113,True,4.88447310596707,0.9127014328916923,False,quantitative_screening,1,1,9d3803a88c561ec068f8,False,
"('SolidCatalyst', 'V', 'FeP', 'hcp0001', 0.07894736842105263, ('Sm', 'Cu'), 2, 0)",SolidCatalyst,True,esen-sm-conserving-all-oc25:relax-v4:orr-che-v3,True,0.07969299958846464,114,150,0.08,converged,,bfgs_standard,"[{""ase_converged"": true, ""converged"": true, ""end_geometry_sha256"": ""38854d5ff21cde44c8d25f0c962d38df26d24529ae9783a2847fd46895be1c3c"", ""failure_class"": null, ""max_force_eV_A"": 0.07969299958846464, ""name"": ""bfgs_standard"", ""start_geometry_sha256"": ""6f93f7dbff6bbf68895bb22767b4294cd94638ece689ab34629c9bc99fe7f973"", ""steps"": 114}]",38854d5ff21cde44c8d25f0c962d38df26d24529ae9783a2847fd46895be1c3c,-266.1815458656779,True,0.06795900642642232,239.0,100.0,0.08,converged,,bfgs_after_fire,"[{""ase_converged"": false, ""converged"": false, ""end_geometry_sha256"": ""5fd03c81fc8d50f5071be7a28e68736440c808c1fc7bcf77b02546e78d105147"", ""failure_class"": ""force_threshold"", ""max_force_eV_A"": 0.10689169975483587, ""name"": ""bfgs_standard"", ""start_geometry_sha256"": ""29017666cd8e474bb45353c9fb3a7aa26ff65584517a556dbb5ebe5a70d2fcde"", ""steps"": 100}, {""ase_converged"": false, ""converged"": false, ""end_geometry_sha256"": ""c8032f711b659ea1f11b630b03cdb692b4550f6adade8b778f2409231a0affc3"", ""failure_class"": ""force_threshold"", ""max_force_eV_A"": 0.6443894601830081, ""name"": ""fire_precondition"", ""qualifying"": false, ""start_geometry_sha256"": ""29017666cd8e474bb45353c9fb3a7aa26ff65584517a556dbb5ebe5a70d2fcde"", ""steps"": 50}, {""ase_converged"": true, ""converged"": true, ""end_geometry_sha256"": ""736f4953bb6d8b43ce393c93a28e84923743be7e9ec1d89dba333157d7991306"", ""failure_class"": null, ""max_force_eV_A"": 0.06795900642642232, ""name"": ""bfgs_after_fire"", ""start_geometry_sha256"": ""c8032f711b659ea1f11b630b03cdb692b4550f6adade8b778f2409231a0affc3"", ""steps"": 89}]",736f4953bb6d8b43ce393c93a28e84923743be7e9ec1d89dba333157d7991306,-1.66136568531394,True,0.07762679941314879,356.0,100.0,0.08,converged,,fire_small_step,"[{""ase_converged"": false, ""converged"": false, ""end_geometry_sha256"": ""03348e72e9691a8ba033f65079c3f2fa85128b549fedbec33972a2fe62493f0b"", ""failure_class"": ""force_threshold"", ""max_force_eV_A"": 0.09824361528165361, ""name"": ""bfgs_standard"", ""start_geometry_sha256"": ""45caa019def6ea99ac0785ab8d96becc9b12bb8e6eb68ffda29fb39963962bb9"", ""steps"": 100}, {""ase_converged"": false, ""converged"": false, ""end_geometry_sha256"": ""81a13946827430ef2c852c46797a7f4c249c7c3957d6a1c513701e4c8bb7a35b"", ""failure_class"": ""force_threshold"", ""max_force_eV_A"": 2.021005068957006, ""name"": ""fire_precondition"", ""qualifying"": false, ""start_geometry_sha256"": ""45caa019def6ea99ac0785ab8d96becc9b12bb8e6eb68ffda29fb39963962bb9"", ""steps"": 50}, {""ase_converged"": false, ""converged"": false, ""end_geometry_sha256"": ""32a774cb272a324c256e4d33ae6f2de259045a8b0387c0c31c1dbdcf5b0579e7"", ""failure_class"": ""force_threshold"", ""max_force_eV_A"": 0.33163274196419695, ""name"": ""bfgs_after_fire"", ""start_geometry_sha256"": ""81a13946827430ef2c852c46797a7f4c249c7c3957d6a1c513701e4c8bb7a35b"", ""steps"": 200}, {""ase_converged"": true, ""converged"": true, ""end_geometry_sha256"": ""f9ceebf61a7f236f8aaa0210860da95bda339bd80fc919bf2aa214aaa968d25a"", ""failure_class"": null, ""max_force_eV_A"": 0.07762679941314879, ""name"": ""fire_small_step"", ""start_geometry_sha256"": ""03348e72e9691a8ba033f65079c3f2fa85128b549fedbec33972a2fe62493f0b"", ""steps"": 6}]",f9ceebf61a7f236f8aaa0210860da95bda339bd80fc919bf2aa214aaa968d25a,-2.5119639270007292,True,0.07053472921021857,242.0,100.0,0.08,converged,,bfgs_after_fire,"[{""ase_converged"": false, ""converged"": false, ""end_geometry_sha256"": ""9e0ca78f37ab3958d4b689226fa447f3cf6097d0339b520658071c6e4f810b42"", ""failure_class"": ""force_threshold"", ""max_force_eV_A"": 0.20099385493073862, ""name"": ""bfgs_standard"", ""start_geometry_sha256"": ""db9d928cd51a033566974d7dfb827adb084df2577514f158210bb156051fd594"", ""steps"": 100}, {""ase_converged"": false, ""converged"": false, ""end_geometry_sha256"": ""ff5031b2d0d7ea2a4ad58f2cfd39792bd161a241e001e0438acc138f02ad0684"", ""failure_class"": ""force_threshold"", ""max_force_eV_A"": 0.7249471937720956, ""name"": ""fire_precondition"", ""qualifying"": false, ""start_geometry_sha256"": ""db9d928cd51a033566974d7dfb827adb084df2577514f158210bb156051fd594"", ""steps"": 50}, {""ase_converged"": true, ""converged"": true, ""end_geometry_sha256"": ""9bd0207f0dc3d9a319c22691efa5b2d91225fc30c0437c667117f51ac48b664e"", ""failure_class"": null, ""max_force_eV_A"": 0.07053472921021857, ""name"": ""bfgs_after_fire"", ""start_geometry_sha256"": ""ff5031b2d0d7ea2a4ad58f2cfd39792bd161a241e001e0438acc138f02ad0684"", ""steps"": 92}]",9bd0207f0dc3d9a319c22691efa5b2d91225fc30c0437c667117f51ac48b664e,-3.552237083017851,2.89036568531394,step_4_H2O,7.0,0.0,True,4.173329612314669,0.9127014328916923,False,quantitative_screening,1,1,ed41ec4ecb9ec54c5748,False,
"('SolidCatalyst', 'Cr', 'V2O5', 'bcc100', 0.05789473684210525, ('Pt', 'Mg'), 4, 0)",SolidCatalyst,False,esen-sm-conserving-all-oc25:relax-v4:orr-che-v3,True,0.0694779803645838,84,150,0.08,converged,,bfgs_standard,"[{""ase_converged"": true, ""converged"": true, ""end_geometry_sha256"": ""c77642812c12c75c0ffe210856c54057c1be5daa36f396e104e66932eacb800e"", ""failure_class"": null, ""max_force_eV_A"": 0.0694779803645838, ""name"": ""bfgs_standard"", ""start_geometry_sha256"": ""71d0af495ad62dafc775d82aa2c95387dcb50e5d7ce3d66ef3c50b1a7b3b106d"", ""steps"": 84}]",c77642812c12c75c0ffe210856c54057c1be5daa36f396e104e66932eacb800e,-225.82455965355115,True,0.07690622724101419,279.0,100.0,0.08,converged,,bfgs_after_fire,"[{""ase_converged"": false, ""converged"": false, ""end_geometry_sha256"": ""20fbc003c93951023c07aab6d59c75adac4080afcc9f217e8d9cc1b98ca4ff01"", ""failure_class"": ""force_threshold"", ""max_force_eV_A"": 0.12118036468084106, ""name"": ""bfgs_standard"", ""start_geometry_sha256"": ""2782f262c8a5255ad5ef8f9c62020dfab7239b590399b3887a1409dae43db0e7"", ""steps"": 100}, {""ase_converged"": false, ""converged"": false, ""end_geometry_sha256"": ""381f491b7c01b819051229ed472a1cd7cba19afc49aa201f28c963ea85dd1665"", ""failure_class"": ""force_threshold"", ""max_force_eV_A"": 0.9345993333543732, ""name"": ""fire_precondition"", ""qualifying"": false, ""start_geometry_sha256"": ""2782f262c8a5255ad5ef8f9c62020dfab7239b590399b3887a1409dae43db0e7"", ""steps"": 50}, {""ase_converged"": true, ""converged"": true, ""end_geometry_sha256"": ""ba07be693f86f18227f6793dc588784dc010ea957e3ce5241d09ffae8a2b0022"", ""failure_class"": null, ""max_force_eV_A"": 0.07690622724101419, ""name"": ""bfgs_after_fire"", ""start_geometry_sha256"": ""381f491b7c01b819051229ed472a1cd7cba19afc49aa201f28c963ea85dd1665"", ""steps"": 129}]",ba07be693f86f18227f6793dc588784dc010ea957e3ce5241d09ffae8a2b0022,0.16310864940279995,True,0.07921951671112304,287.0,100.0,0.08,converged,,bfgs_after_fire,"[{""ase_converged"": false, ""converged"": false, ""end_geometry_sha256"": ""81946d86ed0f65aa493fe260d536453ce09d67ee3e9a0f9dd349982e2ebf009f"", ""failure_class"": ""force_threshold"", ""max_force_eV_A"": 0.299007561326339, ""name"": ""bfgs_standard"", ""start_geometry_sha256"": ""b832331dfd877082846fd7c3ae3d2997713cbf6e4d78a780484b5f8d94bd3b1e"", ""steps"": 100}, {""ase_converged"": false, ""converged"": false, ""end_geometry_sha256"": ""2715da91c8bbdc2b31410c8458508137db3652c19d3069099d2b87169a9d5e90"", ""failure_class"": ""force_threshold"", ""max_force_eV_A"": 0.7370644506903319, ""name"": ""fire_precondition"", ""qualifying"": false, ""start_geometry_sha256"": ""b832331dfd877082846fd7c3ae3d2997713cbf6e4d78a780484b5f8d94bd3b1e"", ""steps"": 50}, {""ase_converged"": true, ""converged"": true, ""end_geometry_sha256"": ""100068e89019ece9811c4b74382c4c91e9d7c562b43ca532cf1208959a1b7e34"", ""failure_class"": null, ""max_force_eV_A"": 0.07921951671112304, ""name"": ""bfgs_after_fire"", ""start_geometry_sha256"": ""2715da91c8bbdc2b31410c8458508137db3652c19d3069099d2b87169a9d5e90"", ""steps"": 137}]",100068e89019ece9811c4b74382c4c91e9d7c562b43ca532cf1208959a1b7e34,-1.2645464770496708,False,,0.0,100.0,0.08,invalid_initial_geometry,atomic_overlap,none,[],8630c7dde2f48e53072a469386e3c8b16924ce98e112a74c5af20f35f08c6b7b,,,,,,,,,True,validation_required,0,0,74c145fae4fd9624949c,False,Invalid ooh initial geometry: atomic_overlap
"('SAC', 'Sc', 'N3C', 'N-graphdiyne', 'none')",SAC,True,esen-sm-conserving-all-oc25:relax-v4:orr-che-v3,True,0.07385424058889888,65,150,0.08,converged,,bfgs_standard,"[{""ase_converged"": true, ""converged"": true, ""end_geometry_sha256"": ""c7b052bc1b555ec19dd472bea98f41ed3ecfaabd96740d8f4a38686684de73d3"", ""failure_class"": null, ""max_force_eV_A"": 0.07385424058889888, ""name"": ""bfgs_standard"", ""start_geometry_sha256"": ""6b6fcb7c5a9ec8ff628fea27ed89e03ca5a889be832708dcb335df9c8952481c"", ""steps"": 65}]",c7b052bc1b555ec19dd472bea98f41ed3ecfaabd96740d8f4a38686684de73d3,-134.77981821043394,True,0.07957805808828365,42.0,100.0,0.08,converged,,bfgs_standard,"[{""ase_converged"": true, ""converged"": true, ""end_geometry_sha256"": ""efcb58a365bda2b0717b973ef9762e52aab26d1abadf0dd504116a9b1f3c5494"", ""failure_class"": null, ""max_force_eV_A"": 0.07957805808828365, ""name"": ""bfgs_standard"", ""start_geometry_sha256"": ""1f4953cd291dd9c67ed84a92f33fbb2b899793935f73db5e95c1a7e80f57358c"", ""steps"": 42}]",efcb58a365bda2b0717b973ef9762e52aab26d1abadf0dd504116a9b1f3c5494,-1.7688506220281124,True,0.07752565212733001,45.0,100.0,0.08,converged,,bfgs_standard,"[{""ase_converged"": true, ""converged"": true, ""end_geometry_sha256"": ""0c91f319e54a1aaf7c4699bb9a55f6107be793286cfc9a76ed4a9f204228b2fc"", ""failure_class"": null, ""max_force_eV_A"": 0.07752565212733001, ""name"": ""bfgs_standard"", ""start_geometry_sha256"": ""4a92c73af6ffc6912ec0eeb13f63d5aadb94ecc4e6e811c7929da918df214cf2"", ""steps"": 45}]",0c91f319e54a1aaf7c4699bb9a55f6107be793286cfc9a76ed4a9f204228b2fc,-0.2796023719012702,True,0.07717317782130192,69.0,100.0,0.08,converged,,bfgs_standard,"[{""ase_converged"": true, ""converged"": true, ""end_geometry_sha256"": ""016e3c21bacee37974355b314340694f51214727217a0b1bc5fdfcb0a2dfef1b"", ""failure_class"": null, ""max_force_eV_A"": 0.07717317782130192, ""name"": ""bfgs_standard"", ""start_geometry_sha256"": ""e6cb30c8bc1e8479c3c4e7bd848052aacb36c33d6c2755cac901552d435ff8e0"", ""steps"": 69}]",016e3c21bacee37974355b314340694f51214727217a0b1bc5fdfcb0a2dfef1b,1.4922556385397945,2.9978506220281123,step_4_H2O,10.0,0.0,True,2.0484529939293825,0.610000000035,False,quantitative_screening,2,2,8d28ad08b48733b9b908,False,
"('SAC', 'Sc', 'N3O', 'N-graphene', 'OH')",SAC,True,esen-sm-conserving-all-oc25:relax-v4:orr-che-v3,True,0.06524206409089317,68,150,0.08,converged,,bfgs_standard,"[{""ase_converged"": true, ""converged"": true, ""end_geometry_sha256"": ""3d65d4f594e0f18f70436518b83fb5920751380d98c11458a13eec58acd8cf40"", ""failure_class"": null, ""max_force_eV_A"": 0.06524206409089317, ""name"": ""bfgs_standard"", ""start_geometry_sha256"": ""309548e8b365b49e9d1d19581cee72dff5055a5299775b2b90a738d41727a0c3"", ""steps"": 68}]",3d65d4f594e0f18f70436518b83fb5920751380d98c11458a13eec58acd8cf40,-139.1997648014891,True,0.07108236976355806,72.0,100.0,0.08,converged,,bfgs_standard,"[{""ase_converged"": true, ""converged"": true, ""end_geometry_sha256"": ""4204971382ab328d43765e55724cadf6ad207842a6a471a08b26f8f92fccb928"", ""failure_class"": null, ""max_force_eV_A"": 0.07108236976355806, ""name"": ""bfgs_standard"", ""start_geometry_sha256"": ""9558a37aadd93b4790b155805a74d2c9a1793338ddf6b4d0b829b521a6e710a2"", ""steps"": 72}]",4204971382ab328d43765e55724cadf6ad207842a6a471a08b26f8f92fccb928,-0.3439118240773678,True,0.0763065850068373,184.0,100.0,0.08,converged,,bfgs_after_fire,"[{""ase_converged"": false, ""converged"": false, ""end_geometry_sha256"": ""2d3f6ca6fdaab395814e3b615b781b01e261f1dbab7c5a15bb347530d1c92892"", ""failure_class"": ""force_threshold"", ""max_force_eV_A"": 0.14305375092427403, ""name"": ""bfgs_standard"", ""start_geometry_sha256"": ""b2b8441e83f59029b854f8725d825c3c72d9ac3ccc3521c83012a9a0b393fadb"", ""steps"": 100}, {""ase_converged"": false, ""converged"": false, ""end_geometry_sha256"": ""bf4aea108dc1be06f7e036d5e49e24aa2c11c869965a1eb97750fd53cfd365d0"", ""failure_class"": ""force_threshold"", ""max_force_eV_A"": 0.30836633981150063, ""name"": ""fire_precondition"", ""qualifying"": false, ""start_geometry_sha256"": ""b2b8441e83f59029b854f8725d825c3c72d9ac3ccc3521c83012a9a0b393fadb"", ""steps"": 50}, {""ase_converged"": true, ""converged"": true, ""end_geometry_sha256"": ""f4e300d85e2c377a041538ba15df42eaeb419269d4cb269d4ccd8d21195f93e2"", ""failure_class"": null, ""max_force_eV_A"": 0.0763065850068373, ""name"": ""bfgs_after_fire"", ""start_geometry_sha256"": ""bf4aea108dc1be06f7e036d5e49e24aa2c11c869965a1eb97750fd53cfd365d0"", ""steps"": 34}]",f4e300d85e2c377a041538ba15df42eaeb419269d4cb269d4ccd8d21195f93e2,3.231933987885717,True,0.07060738547147827,75.0,100.0,0.08,converged,,bfgs_standard,"[{""ase_converged"": true, ""converged"": true, ""end_geometry_sha256"": ""6486e57e2306e4177e911315a8bd6d585866aae9894f95ff755c1d99bc2197e1"", ""failure_class"": null, ""max_force_eV_A"": 0.07060738547147827, ""name"": ""bfgs_standard"", ""start_geometry_sha256"": ""fa6a16e4c3662cd6b20de841a393702974388d63c0908b76a332b886a48b475a"", ""steps"": 75}]",6486e57e2306e4177e911315a8bd6d585866aae9894f95ff755c1d99bc2197e1,3.0462994083762203,1.5729118240773678,step_4_H2O,10.0,0.0,True,3.575845811963085,0.610000000035,False,quantitative_screening,1,1,2e8f63467112bcdb4a6e,False,
"('SAC', 'Sc', 'N2Se2', 'N-graphene', 'OH')",SAC,True,esen-sm-conserving-all-oc25:relax-v4:orr-che-v3,True,0.06598695947745907,55,150,0.08,converged,,bfgs_standard,"[{""ase_converged"": true, ""converged"": true, ""end_geometry_sha256"": ""c80426ea020b03ca5b537767ba040e46dd503fc66f34018fd4c080a28487242b"", ""failure_class"": null, ""max_force_eV_A"": 0.06598695947745907, ""name"": ""bfgs_standard"", ""start_geometry_sha256"": ""db0651b4e34de2986f126736b3a233c260c5ef01a27535f4cb043af9443fe95a"", ""steps"": 55}]",c80426ea020b03ca5b537767ba040e46dd503fc66f34018fd4c080a28487242b,-141.9847008410063,True,0.07517855618604649,195.0,100.0,0.08,converged,,bfgs_after_fire,"[{""ase_converged"": false, ""converged"": false, ""end_geometry_sha256"": ""68a6144a25290d33d8d13ef8d527a2307f54a3b9e5b6f2ce5ca999b7164c9cae"", ""failure_class"": ""force_threshold"", ""max_force_eV_A"": 0.15583609392248848, ""name"": ""bfgs_standard"", ""start_geometry_sha256"": ""1699a942bcc73deb25daf44541b98c2c9b9f917fd7eda08dc8b4b72fb78faf6d"", ""steps"": 100}, {""ase_converged"": true, ""converged"": true, ""end_geometry_sha256"": ""3585535e18ea6772c9aa6f6e1bd63112e8e16bb282304caee02f11d21916753e"", ""failure_class"": null, ""max_force_eV_A"": 0.23063787807532476, ""name"": ""fire_precondition"", ""qualifying"": false, ""start_geometry_sha256"": ""1699a942bcc73deb25daf44541b98c2c9b9f917fd7eda08dc8b4b72fb78faf6d"", ""steps"": 45}, {""ase_converged"": true, ""converged"": true, ""end_geometry_sha256"": ""a151167a8bac781fc524e8106761ee9ab1de1cf336f00011513a8a04d2fa0e7c"", ""failure_class"": null, ""max_force_eV_A"": 0.07517855618604649, ""name"": ""bfgs_after_fire"", ""start_geometry_sha256"": ""3585535e18ea6772c9aa6f6e1bd63112e8e16bb282304caee02f11d21916753e"", ""steps"": 50}]",a151167a8bac781fc524e8106761ee9ab1de1cf336f00011513a8a04d2fa0e7c,2.2068884994089606,True,0.07367228736214525,51.0,100.0,0.08,converged,,bfgs_standard,"[{""ase_converged"": true, ""converged"": true, ""end_geometry_sha256"": ""7121422c27aad7eeb2b25003469c849ecf7cdd4aa628730673ea6052ad98cfd7"", ""failure_class"": null, ""max_force_eV_A"": 0.07367228736214525, ""name"": ""bfgs_standard"", ""start_geometry_sha256"": ""1ac651f649814879a18de1e908da6176c6fdfc2122ce2fc8661ebb1a7a60d341"", ""steps"": 51}]",7121422c27aad7eeb2b25003469c849ecf7cdd4aa628730673ea6052ad98cfd7,3.1661833889782462,True,0.07204713719896698,28.0,100.0,0.08,converged,,bfgs_standard,"[{""ase_converged"": true, ""converged"": true, ""end_geometry_sha256"": ""2d2c4f0250f5a26cb77b40f4ff3b8467833fc4e05a1a156b2fbf9976cf8933be"", ""failure_class"": null, ""max_force_eV_A"": 0.07204713719896698, ""name"": ""bfgs_standard"", ""start_geometry_sha256"": ""163487f4eab69530959e783f5a2cd6f6c7afba7b3417a63410d3c04c4c07e8f6"", ""steps"": 28}]",2d2c4f0250f5a26cb77b40f4ff3b8467833fc4e05a1a156b2fbf9976cf8933be,5.05712408870459,1.3661240887045905,step_1_OOH,10.0,0.0,True,5.373071888387207,0.610000000035,False,quantitative_screening,2,2,6dfaf1a04d9611b09a12,False,
"('SAC', 'Sc', 'O4', 'N-graphdiyne', 'O2')",SAC,True,esen-sm-conserving-all-oc25:relax-v4:orr-che-v3,True,0.077675882656543,70,150,0.08,converged,,bfgs_standard,"[{""ase_converged"": true, ""converged"": true, ""end_geometry_sha256"": ""c3ca9fdd1039317ee6aa9239e4ea922d825fad1b21876baec0bf65c594d49ac5"", ""failure_class"": null, ""max_force_eV_A"": 0.077675882656543, ""name"": ""bfgs_standard"", ""start_geometry_sha256"": ""19a56f1bcfadbf5094a6512b7293a3acbcdd1bae195fe862b21f9da15b9ee8f5"", ""steps"": 70}]",c3ca9fdd1039317ee6aa9239e4ea922d825fad1b21876baec0bf65c594d49ac5,-136.40807156445297,True,0.07825858605190156,37.0,100.0,0.08,converged,,bfgs_standard,"[{""ase_converged"": true, ""converged"": true, ""end_geometry_sha256"": ""42e0417f96041b60fddee0b5410f7ab38492e13b638baad544805be434e3eec0"", ""failure_class"": null, ""max_force_eV_A"": 0.07825858605190156, ""name"": ""bfgs_standard"", ""start_geometry_sha256"": ""195ec0047c3e7c5e37c091ea8e810e2497c991de0792de05f9ff6d5169db5c6c"", ""steps"": 37}]",42e0417f96041b60fddee0b5410f7ab38492e13b638baad544805be434e3eec0,1.110395493656397,True,0.07856605115238474,34.0,100.0,0.08,converged,,bfgs_standard,"[{""ase_converged"": true, ""converged"": true, ""end_geometry_sha256"": ""3785b421ed255bcee92392353c699072757721e6389eca89e347225862037c56"", ""failure_class"": null, ""max_force_eV_A"": 0.07856605115238474, ""name"": ""bfgs_standard"", ""start_geometry_sha256"": ""ef4315df04f1abd068772750da8b67e97407e56ac41d89a81284b75a2dc7fe2a"", ""steps"": 34}]",3785b421ed255bcee92392353c699072757721e6389eca89e347225862037c56,3.944080985337499,True,0.06542803171000305,59.0,100.0,0.08,converged,,bfgs_standard,"[{""ase_converged"": true, ""converged"": true, ""end_geometry_sha256"": ""3e6595a9835c026b03de2bec4ad3a6ecedd646c06d226f3cc5a46c38b472797b"", ""failure_class"": null, ""max_force_eV_A"": 0.06542803171000305, ""name"": ""bfgs_standard"", ""start_geometry_sha256"": ""6a6199223ab3f38e76b1859caab1438064c73b73c83f493b4ab9683ce1bc67d3"", ""steps"": 59}]",3e6595a9835c026b03de2bec4ad3a6ecedd646c06d226f3cc5a46c38b472797b,4.220312784612183,0.9527682007253162,step_2_O,10.0,0.0,True,5.054476478993896,0.610000000035,False,quantitative_screening,0,0,c405f8e1b24de3fba889,False,
"('SAC', 'Ti', 'N4', 'BN_sheet', 'O2')",SAC,True,esen-sm-conserving-all-oc25:relax-v4:orr-che-v3,True,0.07854264424017149,36,150,0.08,converged,,bfgs_standard,"[{""ase_converged"": true, ""converged"": true, ""end_geometry_sha256"": ""b1848096c25528991a83599f99b36f1f2d7d87de15de4b6cf4b2bafb683eec96"", ""failure_class"": null, ""max_force_eV_A"": 0.07854264424017149, ""name"": ""bfgs_standard"", ""start_geometry_sha256"": ""f58847cd4483dedf3c90de0e0792aa1173349bf190a3e1ac7b5fef0e43469517"", ""steps"": 36}]",b1848096c25528991a83599f99b36f1f2d7d87de15de4b6cf4b2bafb683eec96,-144.47042680390322,True,0.06666410846399794,32.0,100.0,0.08,converged,,bfgs_standard,"[{""ase_converged"": true, ""converged"": true, ""end_geometry_sha256"": ""9cadd1ebdc1b52211f166547aaab261fbc7c6667c8f70f36ec6cc9eaa570abab"", ""failure_class"": null, ""max_force_eV_A"": 0.06666410846399794, ""name"": ""bfgs_standard"", ""start_geometry_sha256"": ""ce9b3e8e71225f27fbdbfdf4bfeb416d1383ce6235044a93ed182792a9e5d0a5"", ""steps"": 32}]",9cadd1ebdc1b52211f166547aaab261fbc7c6667c8f70f36ec6cc9eaa570abab,2.3677830125391486,True,0.07750503008671057,56.0,100.0,0.08,converged,,bfgs_standard,"[{""ase_converged"": true, ""converged"": true, ""end_geometry_sha256"": ""884e5d6e161ccfe16021d2565c9f83b074646e5fb3dd243a522535f91966a8c1"", ""failure_class"": null, ""max_force_eV_A"": 0.07750503008671057, ""name"": ""bfgs_standard"", ""start_geometry_sha256"": ""40e12d5ef22a9a80c698d5e5e3cf0def772221893069d6b64a8373a10f43e7ae"", ""steps"": 56}]",884e5d6e161ccfe16021d2565c9f83b074646e5fb3dd243a522535f91966a8c1,3.1665397055447135,True,0.0665251271655729,30.0,100.0,0.08,converged,,bfgs_standard,"[{""ase_converged"": true, ""converged"": true, ""end_geometry_sha256"": ""a490d4c10753dcb9019cce713f90e2b3ee850cca370a82503b7afee3be6f2f02"", ""failure_class"": null, ""max_force_eV_A"": 0.0665251271655729, ""name"": ""bfgs_standard"", ""start_geometry_sha256"": ""79ff6185368b7349ef4aeccc58c52a9c53c3717f1687f24e57656c299d425707"", ""steps"": 30}]",a490d4c10753dcb9019cce713f90e2b3ee850cca370a82503b7afee3be6f2f02,5.044805119931702,1.3538051199317023,step_1_OOH,10.0,0.0,True,5.534322718083862,0.610000000035,False,quantitative_screening,0,0,20ed887bde7f98bfd00e,False,
"('SAC', 'Ti', 'N3S', 'BN_sheet', 'Cl')",SAC,True,esen-sm-conserving-all-oc25:relax-v4:orr-che-v3,True,0.07188690470859042,44,150,0.08,converged,,bfgs_standard,"[{""ase_converged"": true, ""converged"": true, ""end_geometry_sha256"": ""23463c418a1a7e77a32439732fb525a1b0bb5b831bf05f600c073d350982be20"", ""failure_class"": null, ""max_force_eV_A"": 0.07188690470859042, ""name"": ""bfgs_standard"", ""start_geometry_sha256"": ""d7d2e228320b6c0b20d92872c3c449ec8f73e02ae103cd08f9a846ff048123d2"", ""steps"": 44}]",23463c418a1a7e77a32439732fb525a1b0bb5b831bf05f600c073d350982be20,-136.6419156857924,True,0.07720285547281953,50.0,100.0,0.08,converged,,bfgs_standard,"[{""ase_converged"": true, ""converged"": true, ""end_geometry_sha256"": ""d7941be677009384144e2bebc23f0234a93f62cda0e9ff1a5b4c73e88d4ba324"", ""failure_class"": null, ""max_force_eV_A"": 0.07720285547281953, ""name"": ""bfgs_standard"", ""start_geometry_sha256"": ""042a26e9fcf0ea56c79ef8a1502c005b37e7ccf21f79d6f0a30032a3a854a03b"", ""steps"": 50}]",d7941be677009384144e2bebc23f0234a93f62cda0e9ff1a5b4c73e88d4ba324,1.3498622949421406,True,0.07107848668075621,22.0,100.0,0.08,converged,,bfgs_standard,"[{""ase_converged"": true, ""converged"": true, ""end_geometry_sha256"": ""3024b1c1465a3c585b3778ed22005855079afaad2d18bf46fd8df690cbdfde2a"", ""failure_class"": null, ""max_force_eV_A"": 0.07107848668075621, ""name"": ""bfgs_standard"", ""start_geometry_sha256"": ""9f0dfbc456956d3bab2a45f8b7f2ebe99e56a996564e45df45b84e4d5417d7f7"", ""steps"": 22}]",3024b1c1465a3c585b3778ed22005855079afaad2d18bf46fd8df690cbdfde2a,1.7572682417929208,True,0.05725936046365726,50.0,100.0,0.08,converged,,bfgs_standard,"[{""ase_converged"": true, ""converged"": true, ""end_geometry_sha256"": ""8d153e0688cc47c988be83371b0e78abe8cc5c86c5a94e7a8ed4f8e53920a375"", ""failure_class"": null, ""max_force_eV_A"": 0.05725936046365726, ""name"": ""bfgs_standard"", ""start_geometry_sha256"": ""de3425b31206e467bd7721414e25ed3eafd67602ead8b8597bb18f41d8058a9b"", ""steps"": 50}]",8d153e0688cc47c988be83371b0e78abe8cc5c86c5a94e7a8ed4f8e53920a375,4.611533607542519,0.9205336075425192,step_1_OOH,10.0,0.0,True,3.1071305367350615,0.610000000035,False,quantitative_screening,1,1,c33df849e16864170fcb,False,
"('SAC', 'Ti', 'N2P2', 'N-graphdiyne', 'NH3')",SAC,True,esen-sm-conserving-all-oc25:relax-v4:orr-che-v3,True,0.07693192372919914,135,150,0.08,converged,,bfgs_standard,"[{""ase_converged"": true, ""converged"": true, ""end_geometry_sha256"": ""53a9e03910c47a1a8c45561bcfa384b4f460243b9144ec33562018ef6707c4fd"", ""failure_class"": null, ""max_force_eV_A"": 0.07693192372919914, ""name"": ""bfgs_standard"", ""start_geometry_sha256"": ""566fb57e3a411fd649d031fffab8e15abea8c1a3d09a8bba6e6a81701bca6b60"", ""steps"": 135}]",53a9e03910c47a1a8c45561bcfa384b4f460243b9144ec33562018ef6707c4fd,-137.54274684890285,True,0.07801875687041568,83.0,100.0,0.08,converged,,bfgs_standard,"[{""ase_converged"": true, ""converged"": true, ""end_geometry_sha256"": ""98a2bc267b7d5ce01061a833f997810839c7306701fa5b0458ac93848eccd09e"", ""failure_class"": null, ""max_force_eV_A"": 0.07801875687041568, ""name"": ""bfgs_standard"", ""start_geometry_sha256"": ""c466af7c23209deeb6663807ae1e46b5500b76009cbb0fff014c67c9644a41d2"", ""steps"": 83}]",98a2bc267b7d5ce01061a833f997810839c7306701fa5b0458ac93848eccd09e,-1.3147453640401363,True,0.06677354292411253,43.0,100.0,0.08,converged,,bfgs_standard,"[{""ase_converged"": true, ""converged"": true, ""end_geometry_sha256"": ""5e98099f2102e4e1f73c1dc9d913d7855e4a35eeff13ae8b993e3e87082569ec"", ""failure_class"": null, ""max_force_eV_A"": 0.06677354292411253, ""name"": ""bfgs_standard"", ""start_geometry_sha256"": ""a1a00ad3dbc6dfd01036747234624b19e69bf39befffff139deae07f0b67ffcf"", ""steps"": 43}]",5e98099f2102e4e1f73c1dc9d913d7855e4a35eeff13ae8b993e3e87082569ec,1.4347385533154047,True,0.06918589849356582,82.0,100.0,0.08,converged,,bfgs_standard,"[{""ase_converged"": true, ""converged"": true, ""end_geometry_sha256"": ""ed58bdc8342091983b70ff7022496c18c21289492215766cf5db71216f3cefe4"", ""failure_class"": null, ""max_force_eV_A"": 0.06918589849356582, ""name"": ""bfgs_standard"", ""start_geometry_sha256"": ""d91a2cde9440aaa8238c39faee49ea64a667107247e5dbdb1403a4af74be2c18"", ""steps"": 82}]",ed58bdc8342091983b70ff7022496c18c21289492215766cf5db71216f3cefe4,1.9911221966147457,2.543745364040136,step_4_H2O,10.0,0.0,True,2.749483917355541,0.610000000035,False,quantitative_screening,2,2,9f83b535c3aa4cec915e,False,
"('SAC', 'Ti', 'N2B2', 'N-graphdiyne', 'CO')",SAC,True,esen-sm-conserving-all-oc25:relax-v4:orr-che-v3,True,0.07975051135959718,50,150,0.08,converged,,bfgs_standard,"[{""ase_converged"": true, ""converged"": true, ""end_geometry_sha256"": ""f9c6b64c380ff535f44dab2fe0e058cfb66fde2bc550899d263b5e67a703ae78"", ""failure_class"": null, ""max_force_eV_A"": 0.07975051135959718, ""name"": ""bfgs_standard"", ""start_geometry_sha256"": ""de84b22f55e139c0b40e3b8fb7e5a307a4e4b4c79fb22a8235a2da150b9be9f4"", ""steps"": 50}]",f9c6b64c380ff535f44dab2fe0e058cfb66fde2bc550899d263b5e67a703ae78,-144.5403239069004,True,0.076175148830438,150.0,100.0,0.08,converged,,bfgs_after_fire,"[{""ase_converged"": false, ""converged"": false, ""end_geometry_sha256"": ""05468e0cbe3055de5701ad589e9858075c357f14f5d19eadf8726907e95d53ac"", ""failure_class"": ""force_threshold"", ""max_force_eV_A"": 0.11452540587519656, ""name"": ""bfgs_standard"", ""start_geometry_sha256"": ""dfd1e92828f1581f6808e6ed28859ad6393e1881504a2777d774cd68d341f2bd"", ""steps"": 100}, {""ase_converged"": true, ""converged"": true, ""end_geometry_sha256"": ""23652203406f0e0b3d193fd5fb70d3579b169dae8025d8df9240b3cf8c68144b"", ""failure_class"": null, ""max_force_eV_A"": 0.2465644930984896, ""name"": ""fire_precondition"", ""qualifying"": false, ""start_geometry_sha256"": ""dfd1e92828f1581f6808e6ed28859ad6393e1881504a2777d774cd68d341f2bd"", ""steps"": 36}, {""ase_converged"": true, ""converged"": true, ""end_geometry_sha256"": ""523e860705b9528441c0fe713f895b9b08db6b58a1828fe9c04e76c1dcf89c37"", ""failure_class"": null, ""max_force_eV_A"": 0.076175148830438, ""name"": ""bfgs_after_fire"", ""start_geometry_sha256"": ""23652203406f0e0b3d193fd5fb70d3579b169dae8025d8df9240b3cf8c68144b"", ""steps"": 14}]",523e860705b9528441c0fe713f895b9b08db6b58a1828fe9c04e76c1dcf89c37,2.388945641666651,True,0.07054911546800316,23.0,100.0,0.08,converged,,bfgs_standard,"[{""ase_converged"": true, ""converged"": true, ""end_geometry_sha256"": ""7042fe9a07a28dc33ae73a13b38ff4d4b4572349a480ab2b81257a6e3901af0c"", ""failure_class"": null, ""max_force_eV_A"": 0.07054911546800316, ""name"": ""bfgs_standard"", ""start_geometry_sha256"": ""a2dd7c6a772b2f22b160d05c77050a09bc962bb1db7fc66d093e0bc0ee99c40e"", ""steps"": 23}]",7042fe9a07a28dc33ae73a13b38ff4d4b4572349a480ab2b81257a6e3901af0c,5.197070277482275,True,0.0792146042934773,68.0,100.0,0.08,converged,,bfgs_standard,"[{""ase_converged"": true, ""converged"": true, ""end_geometry_sha256"": ""0f7dfa56dec45e0e45375e47f940a70b217d8017ebde8b1fd9a027e4eef7b9b6"", ""failure_class"": null, ""max_force_eV_A"": 0.0792146042934773, ""name"": ""bfgs_standard"", ""start_geometry_sha256"": ""1efde081e9564da1bb4274d1dfa05b4695d144798d87fa823d458d8a66815a1f"", ""steps"": 68}]",0f7dfa56dec45e0e45375e47f940a70b217d8017ebde8b1fd9a027e4eef7b9b6,4.89793653339148,1.5281337440907947,step_2_O,10.0,0.0,True,7.586015919148926,0.610000000035,False,quantitative_screening,0,0,cd214b5e4dc19f37fbda,False,
"('SAC', 'Ti', 'C4', 'BN_sheet', 'CO')",SAC,True,esen-sm-conserving-all-oc25:relax-v4:orr-che-v3,True,0.07609539991218245,40,150,0.08,converged,,bfgs_standard,"[{""ase_converged"": true, ""converged"": true, ""end_geometry_sha256"": ""d2174b10a4a81d264f5aab7962cf02ca9f4996642179b1fbe73edff965758d1d"", ""failure_class"": null, ""max_force_eV_A"": 0.07609539991218245, ""name"": ""bfgs_standard"", ""start_geometry_sha256"": ""16684bd29948e8ad40e5103f5e8a345818e8b31e00fa77583c6e6569e95f8ec9"", ""steps"": 40}]",d2174b10a4a81d264f5aab7962cf02ca9f4996642179b1fbe73edff965758d1d,-144.47946295745814,True,0.0670374545938095,47.0,100.0,0.08,converged,,bfgs_standard,"[{""ase_converged"": true, ""converged"": true, ""end_geometry_sha256"": ""d5eb7a6e33558bdeb9b26bb70656759616b3609df99092202097c8a69dedc843"", ""failure_class"": null, ""max_force_eV_A"": 0.0670374545938095, ""name"": ""bfgs_standard"", ""start_geometry_sha256"": ""329b5a920ccfc2199d3ff56410c360d69303d17faab6f15da4224d1026b38e8b"", ""steps"": 47}]",d5eb7a6e33558bdeb9b26bb70656759616b3609df99092202097c8a69dedc843,2.382286104112864,True,0.07301791252281685,55.0,100.0,0.08,converged,,bfgs_standard,"[{""ase_converged"": true, ""converged"": true, ""end_geometry_sha256"": ""bd9d5fc4574f260e0822317cc14014aa8c1fd1845f048c4e69f7603c2b3aa703"", ""failure_class"": null, ""max_force_eV_A"": 0.07301791252281685, ""name"": ""bfgs_standard"", ""start_geometry_sha256"": ""4a6d704ed2100e3720795b58f08ca6541f867a1da8b293e5ee940e9ff22ce6c0"", ""steps"": 55}]",bd9d5fc4574f260e0822317cc14014aa8c1fd1845f048c4e69f7603c2b3aa703,3.173841602355245,True,0.06797006382901874,30.0,100.0,0.08,converged,,bfgs_standard,"[{""ase_converged"": true, ""converged"": true, ""end_geometry_sha256"": ""a6ebbb268d81a7944468c55e7ed714a28aea347f827c1b84fe50f364ceebee6c"", ""failure_class"": null, ""max_force_eV_A"": 0.06797006382901874, ""name"": ""bfgs_standard"", ""start_geometry_sha256"": ""b61bd6c235eeef41aa90f2538df40a6d8d519d6651c806512960646129cddac1"", ""steps"": 30}]",a6ebbb268d81a7944468c55e7ed714a28aea347f827c1b84fe50f364ceebee6c,5.05405060499907,1.3630506049990698,step_1_OOH,10.0,0.0,True,5.556127706468109,0.610000000035,False,quantitative_screening,1,1,62898656cd070ec5e3dc,False,
"('SAC', 'V', 'N3S', 'N-graphene', 'H2O')",SAC,True,esen-sm-conserving-all-oc25:relax-v4:orr-che-v3,True,0.07985433263843401,108,150,0.08,converged,,bfgs_standard,"[{""ase_converged"": true, ""converged"": true, ""end_geometry_sha256"": ""fb25b031051530143b1fc069ebb2b6c3ce231b34a349a0fdc9e9625fdbe9eea3"", ""failure_class"": null, ""max_force_eV_A"": 0.07985433263843401, ""name"": ""bfgs_standard"", ""start_geometry_sha256"": ""4cfb8b928fdc716b1a794b2dd19d5f0ce7ffa63cdf72695f3ea9653bb1b3f537"", ""steps"": 108}]",fb25b031051530143b1fc069ebb2b6c3ce231b34a349a0fdc9e9625fdbe9eea3,-139.94752096158894,True,0.07630444830978259,75.0,100.0,0.08,converged,,bfgs_standard,"[{""ase_converged"": true, ""converged"": true, ""end_geometry_sha256"": ""417f36cf66bbb5117eebd257800d082739a5c122a428ec4409bdd16e43370ce4"", ""failure_class"": null, ""max_force_eV_A"": 0.07630444830978259, ""name"": ""bfgs_standard"", ""start_geometry_sha256"": ""611d4827674707f876f9b49fd08ba0ab07c5ff74c40101bdb38f65d676843bda"", ""steps"": 75}]",417f36cf66bbb5117eebd257800d082739a5c122a428ec4409bdd16e43370ce4,0.5370574618875981,True,0.07629296161507518,67.0,100.0,0.08,converged,,bfgs_standard,"[{""ase_converged"": true, ""converged"": true, ""end_geometry_sha256"": ""76d782c6fbfbfea843d1f2c615e93a8a38b8b08b52b1beaeaa0ef81012a57482"", ""failure_class"": null, ""max_force_eV_A"": 0.07629296161507518, ""name"": ""bfgs_standard"", ""start_geometry_sha256"": ""556a9bdadeb961c9c2eee3a6192e123db758cc8467542f17b98f74245c128450"", ""steps"": 67}]",76d782c6fbfbfea843d1f2c615e93a8a38b8b08b52b1beaeaa0ef81012a57482,-0.3370099894702399,True,0.07728401410934771,47.0,100.0,0.08,converged,,bfgs_standard,"[{""ase_converged"": true, ""converged"": true, ""end_geometry_sha256"": ""ccdcfa6f149169ecc8fd94e661f250281a9938594626414110c2e631bde4c4e0"", ""failure_class"": null, ""max_force_eV_A"": 0.07728401410934771, ""name"": ""bfgs_standard"", ""start_geometry_sha256"": ""eaecbcf8af47cbeb772777d869c60e738baa43d5b644eaa22c42641bc1ae5c0a"", ""steps"": 47}]",ccdcfa6f149169ecc8fd94e661f250281a9938594626414110c2e631bde4c4e0,4.019519518315796,2.103067451357838,step_3_OH,9.0,0.0,True,0.8740674513578379,0.610000000035,False,quantitative_screening,0,0,3b3597c8a294ab30a02d,False,
"('DAC', 'Sc', 'V', 'N2S2N2', 'MoS2_sheet')",DAC,False,esen-sm-conserving-all-oc25:relax-v4:orr-che-v3,True,0.07776754287458099,453,150,0.08,converged,,bfgs_after_fire,"[{""ase_converged"": false, ""converged"": false, ""end_geometry_sha256"": ""a48c4d5b858cd695b41f4b11be2bba7404362a85b08e1110bed51dab0540a774"", ""failure_class"": ""force_threshold"", ""max_force_eV_A"": 0.1443526687267265, ""name"": ""bfgs_standard"", ""start_geometry_sha256"": ""ae4b07f170543c2547d13a305c721353cff4b378e5401514865e1e984f507c5f"", ""steps"": 150}, {""ase_converged"": false, ""converged"": false, ""end_geometry_sha256"": ""c2dedf6fd2efd76483793e6ee40f45feb2267ee980da5d9ec1d7cf7d05542286"", ""failure_class"": ""force_threshold"", ""max_force_eV_A"": 0.8849629485414106, ""name"": ""fire_precondition"", ""qualifying"": false, ""start_geometry_sha256"": ""ae4b07f170543c2547d13a305c721353cff4b378e5401514865e1e984f507c5f"", ""steps"": 75}, {""ase_converged"": true, ""converged"": true, ""end_geometry_sha256"": ""9003b0d98916e5c61b40131d1325cc1a1769f625d73b68e43300aa5ff9810216"", ""failure_class"": null, ""max_force_eV_A"": 0.07776754287458099, ""name"": ""bfgs_after_fire"", ""start_geometry_sha256"": ""c2dedf6fd2efd76483793e6ee40f45feb2267ee980da5d9ec1d7cf7d05542286"", ""steps"": 228}]",9003b0d98916e5c61b40131d1325cc1a1769f625d73b68e43300aa5ff9810216,-152.46643381834178,True,0.06670458849898912,37.0,100.0,0.08,converged,,bfgs_standard,"[{""ase_converged"": true, ""converged"": true, ""end_geometry_sha256"": ""20702de5760d563a9ea0ce5dc4ef0dfbb8ee2d57854cf44b6684ef509ca0fb78"", ""failure_class"": null, ""max_force_eV_A"": 0.06670458849898912, ""name"": ""bfgs_standard"", ""start_geometry_sha256"": ""c050040a514a451968b4c34a09eaeb4c4c303c395aeae5dee3a6e536c46065cc"", ""steps"": 37}]",20702de5760d563a9ea0ce5dc4ef0dfbb8ee2d57854cf44b6684ef509ca0fb78,-3.431784806102514,True,0.07766441761346625,58.0,100.0,0.08,converged,,bfgs_standard,"[{""ase_converged"": true, ""converged"": true, ""end_geometry_sha256"": ""a4ccfa07fe855fb709f1d7e6e76dd3cb6b5faab422424a7b848e4d2191107a68"", ""failure_class"": null, ""max_force_eV_A"": 0.07766441761346625, ""name"": ""bfgs_standard"", ""start_geometry_sha256"": ""33ec09ec3f583626dfd48ce05d2f83dd3ae0a8f95b658cb2d986c6f600980e80"", ""steps"": 58}]",a4ccfa07fe855fb709f1d7e6e76dd3cb6b5faab422424a7b848e4d2191107a68,-5.444159590452906,True,0.07838663898329486,319.0,100.0,0.08,converged,,bfgs_after_fire,"[{""ase_converged"": false, ""converged"": false, ""end_geometry_sha256"": ""4b8e1a630e94e8c8db7b78135b16cb412f7b8219eddcfebc5f28c51ca0ad78ac"", ""failure_class"": ""force_threshold"", ""max_force_eV_A"": 3.6108739188990286, ""name"": ""bfgs_standard"", ""start_geometry_sha256"": ""2044934cc3187795d5580d254fecfd792757684eff43c0d491a6161df72a630d"", ""steps"": 100}, {""ase_converged"": false, ""converged"": false, ""end_geometry_sha256"": ""a4e45790df83215932caf9559a656f0b20be458365f9ef15bc462475beba3ce9"", ""failure_class"": ""force_threshold"", ""max_force_eV_A"": 0.6300457263449742, ""name"": ""fire_precondition"", ""qualifying"": false, ""start_geometry_sha256"": ""2044934cc3187795d5580d254fecfd792757684eff43c0d491a6161df72a630d"", ""steps"": 50}, {""ase_converged"": true, ""converged"": true, ""end_geometry_sha256"": ""9687f26aae3694cd70b57cf0413ee7abfdd6e1e9e1fee5d2a42c5bd107b05768"", ""failure_class"": null, ""max_force_eV_A"": 0.07838663898329486, ""name"": ""bfgs_after_fire"", ""start_geometry_sha256"": ""a4e45790df83215932caf9559a656f0b20be458365f9ef15bc462475beba3ce9"", ""steps"": 169}]",9687f26aae3694cd70b57cf0413ee7abfdd6e1e9e1fee5d2a42c5bd107b05768,-12.83041720539331,8.615257614940404,step_2_O,9.0,0.0,True,8.87594439655542,,True,validation_required,1,1,4e0a7959d3099f43a512,False,Unphysical dG_OOH_eV=-12.83 eV
"('DAC', 'Sc', 'Pd', 'C4N4', 'N-graphene')",DAC,True,esen-sm-conserving-all-oc25:relax-v4:orr-che-v3,True,0.05244999868612937,134,150,0.08,converged,,bfgs_standard,"[{""ase_converged"": true, ""converged"": true, ""end_geometry_sha256"": ""094c4494faa4235104fc77ae5d3cbd21af264915de47c44b230f3a95cc3c7a9f"", ""failure_class"": null, ""max_force_eV_A"": 0.05244999868612937, ""name"": ""bfgs_standard"", ""start_geometry_sha256"": ""ab14f63b32f584f5da577cd334c45d008ce24f555f379529ab6dbb644552fbc9"", ""steps"": 134}]",094c4494faa4235104fc77ae5d3cbd21af264915de47c44b230f3a95cc3c7a9f,-132.0626718858674,True,0.07750656698786865,78.0,100.0,0.08,converged,,bfgs_standard,"[{""ase_converged"": true, ""converged"": true, ""end_geometry_sha256"": ""98509b7168c269de8bee45214e69cb376298336c167e905d399a16b33aba1656"", ""failure_class"": null, ""max_force_eV_A"": 0.07750656698786865, ""name"": ""bfgs_standard"", ""start_geometry_sha256"": ""1ba0f4e832620ccd254ca03247fc9707dfa096be8626e87096aa1f3a886961da"", ""steps"": 78}]",98509b7168c269de8bee45214e69cb376298336c167e905d399a16b33aba1656,-0.9491273735463619,True,0.06829863770171773,56.0,100.0,0.08,converged,,bfgs_standard,"[{""ase_converged"": true, ""converged"": true, ""end_geometry_sha256"": ""9c05b1b41792f08fd77d04ef640e1d8877877b7c74da7308817d4c135e13edfc"", ""failure_class"": null, ""max_force_eV_A"": 0.06829863770171773, ""name"": ""bfgs_standard"", ""start_geometry_sha256"": ""685c92cdcce89728cdfa380cc9103e809b10854d776e9485862ce2635cf81b56"", ""steps"": 56}]",9c05b1b41792f08fd77d04ef640e1d8877877b7c74da7308817d4c135e13edfc,-0.8308611743152106,True,0.07759377421086494,74.0,100.0,0.08,converged,,bfgs_standard,"[{""ase_converged"": true, ""converged"": true, ""end_geometry_sha256"": ""c9ecaa91f19e5dc25166a029e9811aba6b6bd39766b02185d65b8c008c5b3bfe"", ""failure_class"": null, ""max_force_eV_A"": 0.07759377421086494, ""name"": ""bfgs_standard"", ""start_geometry_sha256"": ""4bc3aed7d0e4d281d215ead6e2f6d0b716d899679dc700515e60c3c4ef92040c"", ""steps"": 74}]",c9ecaa91f19e5dc25166a029e9811aba6b6bd39766b02185d65b8c008c5b3bfe,2.335373352468017,2.1781273735463618,step_4_H2O,10.0,-2.0,True,1.7799885478615725,0.5775000000349999,False,quantitative_screening,2,2,1485a18e90b0673fde15,False,
"('DAC', 'Sc', 'La', 'N4N4', 'N-mesoporous_carbon')",DAC,True,esen-sm-conserving-all-oc25:relax-v4:orr-che-v3,True,0.0697849914904077,83,150,0.08,converged,,bfgs_standard,"[{""ase_converged"": true, ""converged"": true, ""end_geometry_sha256"": ""f0dc4bf4095ee0f42228bd7381d0b79ea059908e580b954ce4bd1695d11202ae"", ""failure_class"": null, ""max_force_eV_A"": 0.0697849914904077, ""name"": ""bfgs_standard"", ""start_geometry_sha256"": ""18e2a995d4e694e5edd7cc68dcf1e29730c476548d23d6f96a85f6576d33ec55"", ""steps"": 83}]",f0dc4bf4095ee0f42228bd7381d0b79ea059908e580b954ce4bd1695d11202ae,-172.1988379182847,True,0.053855293708766405,58.0,100.0,0.08,converged,,bfgs_standard,"[{""ase_converged"": true, ""converged"": true, ""end_geometry_sha256"": ""5d71221bc8235418d81ece3c3cafd585ce0bd8ae4ea5199399667fa13a1b325d"", ""failure_class"": null, ""max_force_eV_A"": 0.053855293708766405, ""name"": ""bfgs_standard"", ""start_geometry_sha256"": ""60b35be42a8223f6aa050c72f4a3412aac5ccd6bb7e856080c7588660ef6259d"", ""steps"": 58}]",5d71221bc8235418d81ece3c3cafd585ce0bd8ae4ea5199399667fa13a1b325d,-2.20661920055747,True,0.065345962929365,50.0,100.0,0.08,converged,,bfgs_standard,"[{""ase_converged"": true, ""converged"": true, ""end_geometry_sha256"": ""c113e48ad11ae89cce5f48483e3c6426892f7554dfebb7cc227d2bf4ce481075"", ""failure_class"": null, ""max_force_eV_A"": 0.065345962929365, ""name"": ""bfgs_standard"", ""start_geometry_sha256"": ""a592b546a5f749d01dd214ba49e4f1624cc47b6a32cd6a487710f2d44b09f2f3"", ""steps"": 50}]",c113e48ad11ae89cce5f48483e3c6426892f7554dfebb7cc227d2bf4ce481075,-1.289560162276026,True,0.07370039910635842,62.0,100.0,0.08,converged,,bfgs_standard,"[{""ase_converged"": true, ""converged"": true, ""end_geometry_sha256"": ""5ac31a886e5c2836f822c1113bb3c821a3bbb5b4e45e120d4f257e77965397b5"", ""failure_class"": null, ""max_force_eV_A"": 0.07370039910635842, ""name"": ""bfgs_standard"", ""start_geometry_sha256"": ""5feb294bc76273c0a9d0f156b4806387f69f5ab316af9c3d6f4c96d8c9cad35a"", ""steps"": 62}]",5ac31a886e5c2836f822c1113bb3c821a3bbb5b4e45e120d4f257e77965397b5,1.0066403850913082,3.0,step_4_H2O,10.0,0.0,True,3.4961793628334963,0.498608834270667,True,quantitative_screening,0,0,5ae470fb0498f0781b8b,False,
"('DAC', 'Sc', 'Nd', 'N4C2', 'N-graphdiyne')",DAC,True,esen-sm-conserving-all-oc25:relax-v4:orr-che-v3,True,0.07256206179633248,142,150,0.08,converged,,bfgs_standard,"[{""ase_converged"": true, ""converged"": true, ""end_geometry_sha256"": ""a12e55f2b14e6eeaceddf38b64bd5e052bf2b1c0e9d035375a2a6755ca03700d"", ""failure_class"": null, ""max_force_eV_A"": 0.07256206179633248, ""name"": ""bfgs_standard"", ""start_geometry_sha256"": ""ed4adfe256ba69bb69b0445492331e38df1a7023c66e9665e9410732561850cf"", ""steps"": 142}]",a12e55f2b14e6eeaceddf38b64bd5e052bf2b1c0e9d035375a2a6755ca03700d,-149.8154344844163,True,0.07192067792445858,99.0,100.0,0.08,converged,,bfgs_standard,"[{""ase_converged"": true, ""converged"": true, ""end_geometry_sha256"": ""aa2bde2886df943e359305bb801b4a0b84529fd84e5c17298dad9cf6cb5ef8f2"", ""failure_class"": null, ""max_force_eV_A"": 0.07192067792445858, ""name"": ""bfgs_standard"", ""start_geometry_sha256"": ""052d5a128ce3df1534c2e88e269e0607e7fe8ebdf0cce290565acc5a50ea3769"", ""steps"": 99}]",aa2bde2886df943e359305bb801b4a0b84529fd84e5c17298dad9cf6cb5ef8f2,-1.4964868400990963,True,0.07306356707365856,60.0,100.0,0.08,converged,,bfgs_standard,"[{""ase_converged"": true, ""converged"": true, ""end_geometry_sha256"": ""30774e12ec9163b90d3725467d952f033a9e7c04def6de87d41fef4d7f9894a2"", ""failure_class"": null, ""max_force_eV_A"": 0.07306356707365856, ""name"": ""bfgs_standard"", ""start_geometry_sha256"": ""50e364a6e87182d7fa0474bd3919d400a87a5d305a6465c646efe86b8229828a"", ""steps"": 60}]",30774e12ec9163b90d3725467d952f033a9e7c04def6de87d41fef4d7f9894a2,0.5220355160534418,True,0.0733003242819713,417.0,100.0,0.08,converged,,fire_small_step,"[{""ase_converged"": false, ""converged"": false, ""end_geometry_sha256"": ""28a4fd998c9ed191c7420370c49315c23409856d6ffc239eeccd1c68c1120db9"", ""failure_class"": ""force_threshold"", ""max_force_eV_A"": 0.30777628576424615, ""name"": ""bfgs_standard"", ""start_geometry_sha256"": ""b104e1cf15c754873bf70a780b3f9d0c3f52c255af1f56582c79ae50a3fa0a12"", ""steps"": 100}, {""ase_converged"": true, ""converged"": true, ""end_geometry_sha256"": ""6596d9cbcc112fe7e070f61a26876fc1c93453f518bf4b73b70432d83d77ce4b"", ""failure_class"": null, ""max_force_eV_A"": 0.2195707901293299, ""name"": ""fire_precondition"", ""qualifying"": false, ""start_geometry_sha256"": ""b104e1cf15c754873bf70a780b3f9d0c3f52c255af1f56582c79ae50a3fa0a12"", ""steps"": 36}, {""ase_converged"": false, ""converged"": false, ""end_geometry_sha256"": ""9f6d7a82631c91c94d5e4c0b3827649db7fbc4dac03ff9560cf362b7e5cbba3c"", ""failure_class"": ""force_threshold"", ""max_force_eV_A"": 0.3188244462222232, ""name"": ""bfgs_after_fire"", ""start_geometry_sha256"": ""6596d9cbcc112fe7e070f61a26876fc1c93453f518bf4b73b70432d83d77ce4b"", ""steps"": 200}, {""ase_converged"": true, ""converged"": true, ""end_geometry_sha256"": ""44c0b994988f56191217bdb926869d80896c7c4590e634d3755e535f8f3bdad8"", ""failure_class"": null, ""max_force_eV_A"": 0.0733003242819713, ""name"": ""fire_small_step"", ""start_geometry_sha256"": ""6596d9cbcc112fe7e070f61a26876fc1c93453f518bf4b73b70432d83d77ce4b"", ""steps"": 81}]",44c0b994988f56191217bdb926869d80896c7c4590e634d3755e535f8f3bdad8,2.532491157948974,2.725486840099096,step_4_H2O,10.0,0.0,True,2.018522356152538,0.498608834270667,True,quantitative_screening,2,2,1e0fe06bd4c421254fcc,False,
"('DAC', 'Ti', 'Ti', 'N6C2', 'MoS2_sheet')",DAC,True,esen-sm-conserving-all-oc25:relax-v4:orr-che-v3,True,0.07938137374454456,336,150,0.08,converged,,bfgs_after_fire,"[{""ase_converged"": false, ""converged"": false, ""end_geometry_sha256"": ""457e0704d2dd02b9528a865b622c4f0fd764bfda45d99aab9df6dfefe6079702"", ""failure_class"": ""force_threshold"", ""max_force_eV_A"": 1.23123222185016, ""name"": ""bfgs_standard"", ""start_geometry_sha256"": ""9b4982134faeae58c43fb9f856c960138af90818ea25d3de02af32c9051f4852"", ""steps"": 150}, {""ase_converged"": false, ""converged"": false, ""end_geometry_sha256"": ""b8b0818f04a773bb4432fe850f912454f6ec851dbbce01efa044177944b9bcce"", ""failure_class"": ""force_threshold"", ""max_force_eV_A"": 0.9654044983468296, ""name"": ""fire_precondition"", ""qualifying"": false, ""start_geometry_sha256"": ""9b4982134faeae58c43fb9f856c960138af90818ea25d3de02af32c9051f4852"", ""steps"": 75}, {""ase_converged"": true, ""converged"": true, ""end_geometry_sha256"": ""933f3a0617fd4a4dcfd684038bc88e452dc115253dd38a12d1290e64101337f6"", ""failure_class"": null, ""max_force_eV_A"": 0.07938137374454456, ""name"": ""bfgs_after_fire"", ""start_geometry_sha256"": ""b8b0818f04a773bb4432fe850f912454f6ec851dbbce01efa044177944b9bcce"", ""steps"": 111}]",933f3a0617fd4a4dcfd684038bc88e452dc115253dd38a12d1290e64101337f6,-140.15577171197003,True,0.06330551379413492,24.0,100.0,0.08,converged,,bfgs_standard,"[{""ase_converged"": true, ""converged"": true, ""end_geometry_sha256"": ""840c268db92d269452acf30e3e0883e8600f652f251177c800e0c9c6f6d0ae29"", ""failure_class"": null, ""max_force_eV_A"": 0.06330551379413492, ""name"": ""bfgs_standard"", ""start_geometry_sha256"": ""324e66495d16ee2d96a3e9701b00bd51ac97eaf219f7ab2372b95e82e55068be"", ""steps"": 24}]",840c268db92d269452acf30e3e0883e8600f652f251177c800e0c9c6f6d0ae29,-1.2605487678945064,True,0.06839495114075335,47.0,100.0,0.08,converged,,bfgs_standard,"[{""ase_converged"": true, ""converged"": true, ""end_geometry_sha256"": ""94ee29a6588987080216e3e951e4d4d8187578ea2373022886f994ef41b23086"", ""failure_class"": null, ""max_force_eV_A"": 0.06839495114075335, ""name"": ""bfgs_standard"", ""start_geometry_sha256"": ""f06123b76e54692f5692493f58d15f2b3dd74ecd135dbad8cdb96e0d04da0eaa"", ""steps"": 47}]",94ee29a6588987080216e3e951e4d4d8187578ea2373022886f994ef41b23086,-0.6840706698596442,True,0.07615423895927913,38.0,100.0,0.08,converged,,bfgs_standard,"[{""ase_converged"": true, ""converged"": true, ""end_geometry_sha256"": ""13341487a83fb0722d2a30b9ceedaff36dd7e18f75957d166e4f87b1e2ac5e51"", ""failure_class"": null, ""max_force_eV_A"": 0.07615423895927913, ""name"": ""bfgs_standard"", ""start_geometry_sha256"": ""3bdf3840bb33f50b8ecda07b28456d0828f4b3c90427a085693a4b3a0aee3945"", ""steps"": 38}]",13341487a83fb0722d2a30b9ceedaff36dd7e18f75957d166e4f87b1e2ac5e51,2.0006031498312984,2.4895487678945063,step_4_H2O,10.0,0.0,True,1.9446194377541506,0.5775000000349999,False,quantitative_screening,0,0,03d40b1a60acfff4c41a,False,
"('DAC', 'Ti', 'Zn', 'C4N4', 'N-graphdiyne')",DAC,True,esen-sm-conserving-all-oc25:relax-v4:orr-che-v3,True,0.06997059052697614,94,150,0.08,converged,,bfgs_standard,"[{""ase_converged"": true, ""converged"": true, ""end_geometry_sha256"": ""011a34117e361ea560303011365ffaefe2bcad64f98473a43b7efc62c34e227a"", ""failure_class"": null, ""max_force_eV_A"": 0.06997059052697614, ""name"": ""bfgs_standard"", ""start_geometry_sha256"": ""6f006c8ac65431ab3ce73f8ad42a0b714e7409fafe14b445f884c2b72037d526"", ""steps"": 94}]",011a34117e361ea560303011365ffaefe2bcad64f98473a43b7efc62c34e227a,-130.91851559473662,True,0.07920750131083558,344.0,100.0,0.08,converged,,fire_small_step,"[{""ase_converged"": false, ""converged"": false, ""end_geometry_sha256"": ""24a37148eb1b44b4e9c2518302d4fa1093ca28b5e8498f1b5b8ca5cf85b94bee"", ""failure_class"": ""force_threshold"", ""max_force_eV_A"": 0.23381582284795344, ""name"": ""bfgs_standard"", ""start_geometry_sha256"": ""a38898ca60d43b048a150c4789cd6929a81a7e01588d805552f106603479ce0f"", ""steps"": 100}, {""ase_converged"": true, ""converged"": true, ""end_geometry_sha256"": ""c40bee5a6e1b1337c4078ec878ba1c6d940b0dbf14a4a0860532776a96161af8"", ""failure_class"": null, ""max_force_eV_A"": 0.21845981124567007, ""name"": ""fire_precondition"", ""qualifying"": false, ""start_geometry_sha256"": ""a38898ca60d43b048a150c4789cd6929a81a7e01588d805552f106603479ce0f"", ""steps"": 26}, {""ase_converged"": false, ""converged"": false, ""end_geometry_sha256"": ""9d0a881b296f8746b069e0fe9985798f2a051a2dcc03e3b202bfecc26d1cbd79"", ""failure_class"": ""force_threshold"", ""max_force_eV_A"": 0.1917964767765418, ""name"": ""bfgs_after_fire"", ""start_geometry_sha256"": ""c40bee5a6e1b1337c4078ec878ba1c6d940b0dbf14a4a0860532776a96161af8"", ""steps"": 200}, {""ase_converged"": true, ""converged"": true, ""end_geometry_sha256"": ""8ff6b18d59e3b6341a3b73e0ad02b72e361d1cbf09dbb73f5c4060a9b550fca4"", ""failure_class"": null, ""max_force_eV_A"": 0.07920750131083558, ""name"": ""fire_small_step"", ""start_geometry_sha256"": ""9d0a881b296f8746b069e0fe9985798f2a051a2dcc03e3b202bfecc26d1cbd79"", ""steps"": 18}]",8ff6b18d59e3b6341a3b73e0ad02b72e361d1cbf09dbb73f5c4060a9b550fca4,-3.045209584087133,True,0.07999512720866117,277.0,100.0,0.08,converged,,bfgs_after_fire,"[{""ase_converged"": false, ""converged"": false, ""end_geometry_sha256"": ""bcf739d54201212c5ecc76943217118f86a58ef964699049186abc4424bfa7d3"", ""failure_class"": ""force_threshold"", ""max_force_eV_A"": 0.9799512071452289, ""name"": ""bfgs_standard"", ""start_geometry_sha256"": ""55a203354db503972b1538fbd6fa5b72241f7f396a379d61576a1cac4898be8e"", ""steps"": 100}, {""ase_converged"": true, ""converged"": true, ""end_geometry_sha256"": ""54c578b3f6cb8f9980834e6abae329cead2d0fa52552cfdbcde797da4ebaedf4"", ""failure_class"": null, ""max_force_eV_A"": 0.24991525450308658, ""name"": ""fire_precondition"", ""qualifying"": false, ""start_geometry_sha256"": ""55a203354db503972b1538fbd6fa5b72241f7f396a379d61576a1cac4898be8e"", ""steps"": 33}, {""ase_converged"": true, ""converged"": true, ""end_geometry_sha256"": ""cac047ddd9507aab4ce403201a1dad171867071ba3a996b5b87106698b20d245"", ""failure_class"": null, ""max_force_eV_A"": 0.07999512720866117, ""name"": ""bfgs_after_fire"", ""start_geometry_sha256"": ""54c578b3f6cb8f9980834e6abae329cead2d0fa52552cfdbcde797da4ebaedf4"", ""steps"": 144}]",cac047ddd9507aab4ce403201a1dad171867071ba3a996b5b87106698b20d245,-3.027815424650904,True,0.060593384958828385,257.0,100.0,0.08,converged,,bfgs_after_fire,"[{""ase_converged"": false, ""converged"": false, ""end_geometry_sha256"": ""df4c6c450d045d511bf1b19940d9c6e3cf17cb64723d01421f8d88eaae363c04"", ""failure_class"": ""force_threshold"", ""max_force_eV_A"": 0.21219309971188788, ""name"": ""bfgs_standard"", ""start_geometry_sha256"": ""215d0049c69d2adf0924d4caf78d0a1091c7998294fc737f78d22ba0f086c092"", ""steps"": 100}, {""ase_converged"": true, ""converged"": true, ""end_geometry_sha256"": ""08109f0b8d41d26a609cae83962d9e778a7f79e640437557e7d66b2c59b3be7d"", ""failure_class"": null, ""max_force_eV_A"": 0.2468459619449751, ""name"": ""fire_precondition"", ""qualifying"": false, ""start_geometry_sha256"": ""215d0049c69d2adf0924d4caf78d0a1091c7998294fc737f78d22ba0f086c092"", ""steps"": 41}, {""ase_converged"": true, ""converged"": true, ""end_geometry_sha256"": ""288061f40fd8a76d78699a35901d557d4875dd05d246d7af702a7f2d60d9d610"", ""failure_class"": null, ""max_force_eV_A"": 0.060593384958828385, ""name"": ""bfgs_after_fire"", ""start_geometry_sha256"": ""08109f0b8d41d26a609cae83962d9e778a7f79e640437557e7d66b2c59b3be7d"", ""steps"": 116}]",288061f40fd8a76d78699a35901d557d4875dd05d246d7af702a7f2d60d9d610,2.5101713642478023,3.0,step_4_H2O,10.0,0.0,True,6.073025008738037,0.5775000000349999,False,quantitative_screening,1,1,84e6d731cee136c55622,False,
"('DAC', 'Ti', 'Au', 'N6', 'N-mesoporous_carbon')",DAC,True,esen-sm-conserving-all-oc25:relax-v4:orr-che-v3,True,0.06202634017354475,70,150,0.08,converged,,bfgs_standard,"[{""ase_converged"": true, ""converged"": true, ""end_geometry_sha256"": ""8f61e02fef0b1f1793d0e39814a0ca8d5eb6a871510986eb2b37d802d2a97bca"", ""failure_class"": null, ""max_force_eV_A"": 0.06202634017354475, ""name"": ""bfgs_standard"", ""start_geometry_sha256"": ""169c70c67a7e4fa2de470480440bb34534655cce6baee140a733f43be3ce2d97"", ""steps"": 70}]",8f61e02fef0b1f1793d0e39814a0ca8d5eb6a871510986eb2b37d802d2a97bca,-153.64366774552414,True,0.07533059454611223,81.0,100.0,0.08,converged,,bfgs_standard,"[{""ase_converged"": true, ""converged"": true, ""end_geometry_sha256"": ""7ee950ed4404d6ec8d1cfc895fd3b55c44a6fda6e0097c3a22ba7f158c92b9fd"", ""failure_class"": null, ""max_force_eV_A"": 0.07533059454611223, ""name"": ""bfgs_standard"", ""start_geometry_sha256"": ""3e601d505a328a8f8ea305f0513806d10538d47bdde56d713f155aa3ac21c63d"", ""steps"": 81}]",7ee950ed4404d6ec8d1cfc895fd3b55c44a6fda6e0097c3a22ba7f158c92b9fd,-0.7408129547536373,True,0.07124658276562708,68.0,100.0,0.08,converged,,bfgs_standard,"[{""ase_converged"": true, ""converged"": true, ""end_geometry_sha256"": ""879ac7db6692d1d62886dc5bbde0282bdfa9ad74148a913bd84716fe61dfac85"", ""failure_class"": null, ""max_force_eV_A"": 0.07124658276562708, ""name"": ""bfgs_standard"", ""start_geometry_sha256"": ""74d7f7c178757e26fdb8729a334455c8ed7f5edd9d6bd4dbfa5835279eaa11ea"", ""steps"": 68}]",879ac7db6692d1d62886dc5bbde0282bdfa9ad74148a913bd84716fe61dfac85,-0.04020508453249576,True,0.07984796941199254,78.0,100.0,0.08,converged,,bfgs_standard,"[{""ase_converged"": true, ""converged"": true, ""end_geometry_sha256"": ""dd8a3e5cc247579b0815d95d75e9146e5d80dd1540261a8eac1bcd8e1172a264"", ""failure_class"": null, ""max_force_eV_A"": 0.07984796941199254, ""name"": ""bfgs_standard"", ""start_geometry_sha256"": ""96d87b3ed55806a1ecb145ffa69f487f3a429879629644a1d993a1af9672115d"", ""steps"": 78}]",dd8a3e5cc247579b0815d95d75e9146e5d80dd1540261a8eac1bcd8e1172a264,2.8214821323752437,1.9698129547536374,step_4_H2O,10.0,-0.6458915608525988,True,0.781018039286133,0.5775000000349999,False,quantitative_screening,0,0,3ccfc0ddc1c9460d33f1,False,
"('DAC', 'Ti', 'Ga', 'N4S2', 'N-graphene')",DAC,True,esen-sm-conserving-all-oc25:relax-v4:orr-che-v3,True,0.05721030167253692,346,150,0.08,converged,,bfgs_after_fire,"[{""ase_converged"": false, ""converged"": false, ""end_geometry_sha256"": ""5aaa7e44b31ce6c1180ca20f2b7a86766d3ace2bca01500889dbb9d3bfcacde3"", ""failure_class"": ""force_threshold"", ""max_force_eV_A"": 0.5476307031159038, ""name"": ""bfgs_standard"", ""start_geometry_sha256"": ""651d477b2f52fce69849024bde26b8e8de9f4b00739f2423564901da129173e7"", ""steps"": 150}, {""ase_converged"": false, ""converged"": false, ""end_geometry_sha256"": ""45b35f2a0af9548b4cbb4e2373f29b997f235aab66d3ac6b33f67e679ebc1fa0"", ""failure_class"": ""force_threshold"", ""max_force_eV_A"": 0.6593846087636037, ""name"": ""fire_precondition"", ""qualifying"": false, ""start_geometry_sha256"": ""651d477b2f52fce69849024bde26b8e8de9f4b00739f2423564901da129173e7"", ""steps"": 75}, {""ase_converged"": true, ""converged"": true, ""end_geometry_sha256"": ""317369ceeb67914ea37580c6795809dacb9cdb9e5950a4224164bbe1bfc5a174"", ""failure_class"": null, ""max_force_eV_A"": 0.05721030167253692, ""name"": ""bfgs_after_fire"", ""start_geometry_sha256"": ""45b35f2a0af9548b4cbb4e2373f29b997f235aab66d3ac6b33f67e679ebc1fa0"", ""steps"": 121}]",317369ceeb67914ea37580c6795809dacb9cdb9e5950a4224164bbe1bfc5a174,-130.7716106293655,True,0.06192990468304222,53.0,100.0,0.08,converged,,bfgs_standard,"[{""ase_converged"": true, ""converged"": true, ""end_geometry_sha256"": ""eecde8511da9e97bde33b1f64a8712d955d56294dc84260138ae53e1a93dcb99"", ""failure_class"": null, ""max_force_eV_A"": 0.06192990468304222, ""name"": ""bfgs_standard"", ""start_geometry_sha256"": ""47dae1d28d6cccc96f8f0e1ce04bcd9a436097ac6bcb55e100c3c3a7b00bad59"", ""steps"": 53}]",eecde8511da9e97bde33b1f64a8712d955d56294dc84260138ae53e1a93dcb99,-0.9489995811879635,True,0.07411040572587803,99.0,100.0,0.08,converged,,bfgs_standard,"[{""ase_converged"": true, ""converged"": true, ""end_geometry_sha256"": ""9a20523184e624f8f2b73f54c5dcd8ff004c30c47c395712a87c1fe504348ae9"", ""failure_class"": null, ""max_force_eV_A"": 0.07411040572587803, ""name"": ""bfgs_standard"", ""start_geometry_sha256"": ""975d02340ffb4ef1df75a23afbce862cd02fb15f8b652f1026e9b8dbdfe8e990"", ""steps"": 99}]",9a20523184e624f8f2b73f54c5dcd8ff004c30c47c395712a87c1fe504348ae9,-1.253887259215113,True,0.07348063483355471,59.0,100.0,0.08,converged,,bfgs_standard,"[{""ase_converged"": true, ""converged"": true, ""end_geometry_sha256"": ""fa6d55fea56b712eb072b0a92a4a04b910032feafd1a9c81bbdeb1985416a584"", ""failure_class"": null, ""max_force_eV_A"": 0.07348063483355471, ""name"": ""bfgs_standard"", ""start_geometry_sha256"": ""7be99e00c976bf92204e7505663345125050fa092d34b062fceb843c325f2ad6"", ""steps"": 59}]",fa6d55fea56b712eb072b0a92a4a04b910032feafd1a9c81bbdeb1985416a584,2.6002697452902828,2.1779995811879633,step_4_H2O,10.0,0.0,True,2.2028868404030764,0.5775000000349999,False,quantitative_screening,2,2,f164ab8685ff57ef0d6c,False,
"('DAC', 'Ti', 'Sb', 'N3SN3', 'Phosphorene')",DAC,True,esen-sm-conserving-all-oc25:relax-v4:orr-che-v3,True,0.07873249422851974,318,150,0.08,converged,,bfgs_after_fire,"[{""ase_converged"": false, ""converged"": false, ""end_geometry_sha256"": ""b7a9c0b506f85659f8dd9cec77b628e87154fe16df5dac32dfa79e1835405ee6"", ""failure_class"": ""force_threshold"", ""max_force_eV_A"": 0.1167738688670605, ""name"": ""bfgs_standard"", ""start_geometry_sha256"": ""c4a85a0fd52aa561afa3bb42e9e5dfe18b12b20e9f5d3f18d3b6aae8b857263f"", ""steps"": 150}, {""ase_converged"": false, ""converged"": false, ""end_geometry_sha256"": ""5f8b0fd94dc4c353a6bb0f62c11438638fad86f4cb13ab3da667a5666770ef45"", ""failure_class"": ""force_threshold"", ""max_force_eV_A"": 1.7013051992443007, ""name"": ""fire_precondition"", ""qualifying"": false, ""start_geometry_sha256"": ""c4a85a0fd52aa561afa3bb42e9e5dfe18b12b20e9f5d3f18d3b6aae8b857263f"", ""steps"": 75}, {""ase_converged"": true, ""converged"": true, ""end_geometry_sha256"": ""20a34098b23b020751ba6f3bbdfe8be4b261a66ac22581e233d5605d67482f0e"", ""failure_class"": null, ""max_force_eV_A"": 0.07873249422851974, ""name"": ""bfgs_after_fire"", ""start_geometry_sha256"": ""5f8b0fd94dc4c353a6bb0f62c11438638fad86f4cb13ab3da667a5666770ef45"", ""steps"": 93}]",20a34098b23b020751ba6f3bbdfe8be4b261a66ac22581e233d5605d67482f0e,-145.2479392150498,True,0.07908520042598247,45.0,100.0,0.08,converged,,bfgs_standard,"[{""ase_converged"": true, ""converged"": true, ""end_geometry_sha256"": ""21397862636a36e1d8a9fafc20cc6c5eb278c4882a81c65b618e849bd4b2d009"", ""failure_class"": null, ""max_force_eV_A"": 0.07908520042598247, ""name"": ""bfgs_standard"", ""start_geometry_sha256"": ""e7f131e1c83fbccecb7fb67f1dd8bafde54b82c0a69b4234b11c6a91717cd887"", ""steps"": 45}]",21397862636a36e1d8a9fafc20cc6c5eb278c4882a81c65b618e849bd4b2d009,-1.4975501869618892,True,0.06799455916458061,48.0,100.0,0.08,converged,,bfgs_standard,"[{""ase_converged"": true, ""converged"": true, ""end_geometry_sha256"": ""1420c3b3118b3d28cfd51c474de7cce4ba5ad8ac45740dfd1ffa37ef3708044d"", ""failure_class"": null, ""max_force_eV_A"": 0.06799455916458061, ""name"": ""bfgs_standard"", ""start_geometry_sha256"": ""7cf577a63e0aab34bcbc060d9960dd403d662371c6058162cb565b9b40ac5a25"", ""steps"": 48}]",1420c3b3118b3d28cfd51c474de7cce4ba5ad8ac45740dfd1ffa37ef3708044d,-1.0827422969043219,True,0.07612602181322038,81.0,100.0,0.08,converged,,bfgs_standard,"[{""ase_converged"": true, ""converged"": true, ""end_geometry_sha256"": ""9ea6043f1bbaf300b7dff4e15608edaa44d73086ca729f3f67b4bf9273e4a102"", ""failure_class"": null, ""max_force_eV_A"": 0.07612602181322038, ""name"": ""bfgs_standard"", ""start_geometry_sha256"": ""b1dfb900e22f7bf56b5b9737be649ee03550c56c67213057857c88951f20c505"", ""steps"": 81}]",9ea6043f1bbaf300b7dff4e15608edaa44d73086ca729f3f67b4bf9273e4a102,-0.6211267009377444,2.726550186961889,step_4_H2O,10.0,0.0,True,2.580292483866211,0.5775000000349999,False,quantitative_screening,0,0,95fea7db433ce9686594,False,
"('DAC', 'V', 'Cu', 'N4O2', 'N-carbon_black')",DAC,True,esen-sm-conserving-all-oc25:relax-v4:orr-che-v3,True,0.07988419479568779,101,150,0.08,converged,,bfgs_standard,"[{""ase_converged"": true, ""converged"": true, ""end_geometry_sha256"": ""6a4d3c9845c8b6554fd2e1dfbc8e2470a6c4e1a8dca5d8d384b55b8e7d0a45cf"", ""failure_class"": null, ""max_force_eV_A"": 0.07988419479568779, ""name"": ""bfgs_standard"", ""start_geometry_sha256"": ""958adfb9c326d01f6fa5c4ca2a50f87f92e27b3e0ffd2cf50905c410daa11df4"", ""steps"": 101}]",6a4d3c9845c8b6554fd2e1dfbc8e2470a6c4e1a8dca5d8d384b55b8e7d0a45cf,-134.8785381857843,True,0.0757424047124883,245.0,100.0,0.08,converged,,bfgs_after_fire,"[{""ase_converged"": false, ""converged"": false, ""end_geometry_sha256"": ""fe3062072d426fb49e14935138fbeb0a0388c089d6c3d1c507831fb0d409a2d5"", ""failure_class"": ""force_threshold"", ""max_force_eV_A"": 2.7155214368024065, ""name"": ""bfgs_standard"", ""start_geometry_sha256"": ""d49366a5da88b3f8c4f84259eadac89fec1866cf9e6334cbfe190f7369285da0"", ""steps"": 100}, {""ase_converged"": true, ""converged"": true, ""end_geometry_sha256"": ""0f98c92c31442152f1f1218c596a64a60debf5d31fed213e73107c228faa83f3"", ""failure_class"": null, ""max_force_eV_A"": 0.24351234772884683, ""name"": ""fire_precondition"", ""qualifying"": false, ""start_geometry_sha256"": ""d49366a5da88b3f8c4f84259eadac89fec1866cf9e6334cbfe190f7369285da0"", ""steps"": 26}, {""ase_converged"": true, ""converged"": true, ""end_geometry_sha256"": ""704675a2aa89172aaab2ef01c98ce69ae2dce8a4dff8c424e1b0425f3c7a47f7"", ""failure_class"": null, ""max_force_eV_A"": 0.0757424047124883, ""name"": ""bfgs_after_fire"", ""start_geometry_sha256"": ""0f98c92c31442152f1f1218c596a64a60debf5d31fed213e73107c228faa83f3"", ""steps"": 119}]",704675a2aa89172aaab2ef01c98ce69ae2dce8a4dff8c424e1b0425f3c7a47f7,-0.8008009766042232,True,0.0778530033066603,54.0,100.0,0.08,converged,,bfgs_standard,"[{""ase_converged"": true, ""converged"": true, ""end_geometry_sha256"": ""98932884f926f8f7ceedef540a1c75ac3b53d8be847381d280e71b6a3c3642c6"", ""failure_class"": null, ""max_force_eV_A"": 0.0778530033066603, ""name"": ""bfgs_standard"", ""start_geometry_sha256"": ""6ec38955de3ca730c38a7ee1ebee5a8eb6f20ee26057d5b4fbc5432a0d5690d4"", ""steps"": 54}]",98932884f926f8f7ceedef540a1c75ac3b53d8be847381d280e71b6a3c3642c6,-0.03498276397585513,True,0.060436940554823425,288.0,100.0,0.08,converged,,bfgs_after_fire,"[{""ase_converged"": false, ""converged"": false, ""end_geometry_sha256"": ""70f5f7d22e0bfa5923eb19680d544aed25bb68f9643b322c09e45989ae1c2858"", ""failure_class"": ""force_threshold"", ""max_force_eV_A"": 0.10061202418756156, ""name"": ""bfgs_standard"", ""start_geometry_sha256"": ""4618d4bcb9878a3b7173d8857ee76f02c2748b25152540cc91391e8860382bf9"", ""steps"": 100}, {""ase_converged"": true, ""converged"": true, ""end_geometry_sha256"": ""7119fe6901b0f2038cbe2bf2a1698b61135a4ce24c4e9fe806cadc86c6b1257a"", ""failure_class"": null, ""max_force_eV_A"": 0.24306768476241544, ""name"": ""fire_precondition"", ""qualifying"": false, ""start_geometry_sha256"": ""4618d4bcb9878a3b7173d8857ee76f02c2748b25152540cc91391e8860382bf9"", ""steps"": 27}, {""ase_converged"": true, ""converged"": true, ""end_geometry_sha256"": ""607f504ff6515bf2d16935d66268f1ddf2ce238958474ad31cb63ad554c81bcf"", ""failure_class"": null, ""max_force_eV_A"": 0.060436940554823425, ""name"": ""bfgs_after_fire"", ""start_geometry_sha256"": ""7119fe6901b0f2038cbe2bf2a1698b61135a4ce24c4e9fe806cadc86c6b1257a"", ""steps"": 161}]",607f504ff6515bf2d16935d66268f1ddf2ce238958474ad31cb63ad554c81bcf,-0.5289688602089846,2.029800976604223,step_4_H2O,7.0,0.0,True,0.8357837405800783,0.5775000000349999,False,quantitative_screening,2,2,99bfe71ebae88ebab9a0,False,
"('MOF', 'Ti', 'BTC', 'O4', 25.0)",MOF,True,esen-sm-conserving-all-oc25:relax-v4:orr-che-v3,True,0.07978049868719016,496,150,0.08,converged,,bfgs_after_fire,"[{""ase_converged"": false, ""converged"": false, ""end_geometry_sha256"": ""6ab7e484b0f49c29e18a3e7f8a604b1fd9dfd9e3f56d380a1dd1979714139949"", ""failure_class"": ""force_threshold"", ""max_force_eV_A"": 0.7400986624817038, ""name"": ""bfgs_standard"", ""start_geometry_sha256"": ""9a3361f4b9d656f91ba1e74ae0b16faea54c775ab67b1df4434df0d8162bb87a"", ""steps"": 150}, {""ase_converged"": false, ""converged"": false, ""end_geometry_sha256"": ""a22575e67c6183f617b8493527b5736b271cab0bb5001e321dee4a87eeb63362"", ""failure_class"": ""force_threshold"", ""max_force_eV_A"": 0.3757341258932298, ""name"": ""fire_precondition"", ""qualifying"": false, ""start_geometry_sha256"": ""9a3361f4b9d656f91ba1e74ae0b16faea54c775ab67b1df4434df0d8162bb87a"", ""steps"": 75}, {""ase_converged"": true, ""converged"": true, ""end_geometry_sha256"": ""86c75f3786d1f21fb9d1a7f0b72f4ac2cf455ad54a8656a2a1c469d7064f67b1"", ""failure_class"": null, ""max_force_eV_A"": 0.07978049868719016, ""name"": ""bfgs_after_fire"", ""start_geometry_sha256"": ""a22575e67c6183f617b8493527b5736b271cab0bb5001e321dee4a87eeb63362"", ""steps"": 271}]",86c75f3786d1f21fb9d1a7f0b72f4ac2cf455ad54a8656a2a1c469d7064f67b1,-187.9999976899723,True,0.07196044542777662,283.0,100.0,0.08,converged,,bfgs_after_fire,"[{""ase_converged"": false, ""converged"": false, ""end_geometry_sha256"": ""874575b7156c77b577e5f80d9a7d28a9421133a17e5f445e3719743f68533a03"", ""failure_class"": ""force_threshold"", ""max_force_eV_A"": 0.1578530064241945, ""name"": ""bfgs_standard"", ""start_geometry_sha256"": ""372673e0c1f3808a905f9c1ad58b068b96ba77cf7b96e8612a33ea1115c36227"", ""steps"": 100}, {""ase_converged"": false, ""converged"": false, ""end_geometry_sha256"": ""2b75e57bb8f32892875ad55e6ace5e538c3206ce0f7f514bada727f9df07cd89"", ""failure_class"": ""force_threshold"", ""max_force_eV_A"": 0.3635257358148102, ""name"": ""fire_precondition"", ""qualifying"": false, ""start_geometry_sha256"": ""372673e0c1f3808a905f9c1ad58b068b96ba77cf7b96e8612a33ea1115c36227"", ""steps"": 50}, {""ase_converged"": true, ""converged"": true, ""end_geometry_sha256"": ""f897f4ae2b2dd02a130375d9a1efe41d556654796803bf35a0813714be7f1e83"", ""failure_class"": null, ""max_force_eV_A"": 0.07196044542777662, ""name"": ""bfgs_after_fire"", ""start_geometry_sha256"": ""2b75e57bb8f32892875ad55e6ace5e538c3206ce0f7f514bada727f9df07cd89"", ""steps"": 133}]",f897f4ae2b2dd02a130375d9a1efe41d556654796803bf35a0813714be7f1e83,-3.461994347423315,True,0.0742308534532039,100.0,100.0,0.08,converged,,bfgs_standard,"[{""ase_converged"": true, ""converged"": true, ""end_geometry_sha256"": ""808a2606a7381793ebe154b9f877fdd1b68a88667c6a52a9b0475670ef5a375f"", ""failure_class"": null, ""max_force_eV_A"": 0.0742308534532039, ""name"": ""bfgs_standard"", ""start_geometry_sha256"": ""92860dd1dd9c26d147e61430abbcdd96a3523c2e979fe06fe7cfc0aeca55614c"", ""steps"": 100}]",808a2606a7381793ebe154b9f877fdd1b68a88667c6a52a9b0475670ef5a375f,-1.8333140246570074,True,0.06914103149735143,282.0,100.0,0.08,converged,,bfgs_after_fire,"[{""ase_converged"": false, ""converged"": false, ""end_geometry_sha256"": ""5ccf2913dc05a1b39dd7d0b3cef3ad9f6349980bcafc7e2d67b1289928f1597a"", ""failure_class"": ""force_threshold"", ""max_force_eV_A"": 0.1198881721907204, ""name"": ""bfgs_standard"", ""start_geometry_sha256"": ""8f91c1e605bb6512f47f68da3484102aa35d5e36725089ae710ae4ae06c96176"", ""steps"": 100}, {""ase_converged"": false, ""converged"": false, ""end_geometry_sha256"": ""c1cf203cc2f9adcade9e9d02bdde06a2e8efe0d5dc91ed84e4be620e964493a6"", ""failure_class"": ""force_threshold"", ""max_force_eV_A"": 0.5898874625358055, ""name"": ""fire_precondition"", ""qualifying"": false, ""start_geometry_sha256"": ""8f91c1e605bb6512f47f68da3484102aa35d5e36725089ae710ae4ae06c96176"", ""steps"": 50}, {""ase_converged"": true, ""converged"": true, ""end_geometry_sha256"": ""9421956cca0cfc254d2d174e0d081dc44e7b91110cb45e5f7fa35fa48293cf1c"", ""failure_class"": null, ""max_force_eV_A"": 0.06914103149735143, ""name"": ""bfgs_after_fire"", ""start_geometry_sha256"": ""c1cf203cc2f9adcade9e9d02bdde06a2e8efe0d5dc91ed84e4be620e964493a6"", ""steps"": 132}]",9421956cca0cfc254d2d174e0d081dc44e7b91110cb45e5f7fa35fa48293cf1c,-4.101835776865478,3.0,step_4_H2O,10.0,0.0,True,5.2953083720803225,0.480000000035,True,quantitative_screening,0,0,91aaa427dac2daa30a48,False,
"('MOF', 'Ti', 'Imidazolate', 'N4O2', 4.0)",MOF,True,esen-sm-conserving-all-oc25:relax-v4:orr-che-v3,True,0.07553103401761914,31,150,0.08,converged,,bfgs_standard,"[{""ase_converged"": true, ""converged"": true, ""end_geometry_sha256"": ""92851940d02e78724b241697e75144ae637a42da53393f35cf8094b5ad174052"", ""failure_class"": null, ""max_force_eV_A"": 0.07553103401761914, ""name"": ""bfgs_standard"", ""start_geometry_sha256"": ""3fd816d7ba9b3b99c73f94f14c199fb08b0ba7ffcd4c472e254345157f13eb90"", ""steps"": 31}]",92851940d02e78724b241697e75144ae637a42da53393f35cf8094b5ad174052,-137.59659449745843,True,0.055978817042530424,42.0,100.0,0.08,converged,,bfgs_standard,"[{""ase_converged"": true, ""converged"": true, ""end_geometry_sha256"": ""9efdd2918227dc948509d0ac938bb865a3a4a8fe662df55055273efc87f414e7"", ""failure_class"": null, ""max_force_eV_A"": 0.055978817042530424, ""name"": ""bfgs_standard"", ""start_geometry_sha256"": ""9ab441658188fda6dd67fd28414258b008a5ec89045fef9d9919312e1353afde"", ""steps"": 42}]",9efdd2918227dc948509d0ac938bb865a3a4a8fe662df55055273efc87f414e7,-1.6162483070790767,True,0.07830352943889261,37.0,100.0,0.08,converged,,bfgs_standard,"[{""ase_converged"": true, ""converged"": true, ""end_geometry_sha256"": ""c12ebf820160960fefd72d0e02b63b7af829ba4ef5446c2c4cd41aebbb6c782f"", ""failure_class"": null, ""max_force_eV_A"": 0.07830352943889261, ""name"": ""bfgs_standard"", ""start_geometry_sha256"": ""e5aef12eb2b7900d1738d7199892b51c74ac3173a6fc2fb864f908d74dab5103"", ""steps"": 37}]",c12ebf820160960fefd72d0e02b63b7af829ba4ef5446c2c4cd41aebbb6c782f,-1.193212472647425,True,0.07768913205478603,65.0,100.0,0.08,converged,,bfgs_standard,"[{""ase_converged"": true, ""converged"": true, ""end_geometry_sha256"": ""17e77d02f3ce3e1dfe3e1e9d5265da0df5de9387eeb920d54ba404d6b7f53252"", ""failure_class"": null, ""max_force_eV_A"": 0.07768913205478603, ""name"": ""bfgs_standard"", ""start_geometry_sha256"": ""ea51bf49fe0b2306a5e49da4f6674016da5807db8aac1dcd21849098e773d4ee"", ""steps"": 65}]",17e77d02f3ce3e1dfe3e1e9d5265da0df5de9387eeb920d54ba404d6b7f53252,1.9085902675986324,2.8452483070790766,step_4_H2O,10.0,0.0,True,2.8094607797265017,0.480000000035,True,quantitative_screening,1,1,aa079adec44f3e1a6c1c,False,
"('MOF', 'Ti', 'Fumarate', 'S4', 16.0)",MOF,True,esen-sm-conserving-all-oc25:relax-v4:orr-che-v3,True,0.07270499631168874,122,150,0.08,converged,,bfgs_standard,"[{""ase_converged"": true, ""converged"": true, ""end_geometry_sha256"": ""4f19bd73d1ad441e3cee1334bb0702dec145de794c56262a01ec7614f1b22075"", ""failure_class"": null, ""max_force_eV_A"": 0.07270499631168874, ""name"": ""bfgs_standard"", ""start_geometry_sha256"": ""4262110da8fbe78e3ae7ec49955d761b072dc9f01df1acbf805219282cd450a8"", ""steps"": 122}]",4f19bd73d1ad441e3cee1334bb0702dec145de794c56262a01ec7614f1b22075,-126.22913653302186,True,0.06545956919423697,294.0,100.0,0.08,converged,,bfgs_after_fire,"[{""ase_converged"": false, ""converged"": false, ""end_geometry_sha256"": ""91723f1b6012c78f804b142b291a763443730ae03d058ac6345806907a70b4d4"", ""failure_class"": ""force_threshold"", ""max_force_eV_A"": 0.08564545532955017, ""name"": ""bfgs_standard"", ""start_geometry_sha256"": ""2298dcbf7aa8e571073912ad55145f36feb183b1c0c30237577b3bc1489b340c"", ""steps"": 100}, {""ase_converged"": false, ""converged"": false, ""end_geometry_sha256"": ""1eedc8d21d1a7540071d14330e4f92a84d0a96dd784a806b1bc7f993593fb8dd"", ""failure_class"": ""force_threshold"", ""max_force_eV_A"": 1.435204263110729, ""name"": ""fire_precondition"", ""qualifying"": false, ""start_geometry_sha256"": ""2298dcbf7aa8e571073912ad55145f36feb183b1c0c30237577b3bc1489b340c"", ""steps"": 50}, {""ase_converged"": true, ""converged"": true, ""end_geometry_sha256"": ""909d6e3d7a60c24ad885607fb496fc3fd25b1ea2564ef3aac10e00a6a3c8b823"", ""failure_class"": null, ""max_force_eV_A"": 0.06545956919423697, ""name"": ""bfgs_after_fire"", ""start_geometry_sha256"": ""1eedc8d21d1a7540071d14330e4f92a84d0a96dd784a806b1bc7f993593fb8dd"", ""steps"": 144}]",909d6e3d7a60c24ad885607fb496fc3fd25b1ea2564ef3aac10e00a6a3c8b823,-2.854182896465063,True,0.07895605679903502,253.0,100.0,0.08,converged,,bfgs_after_fire,"[{""ase_converged"": false, ""converged"": false, ""end_geometry_sha256"": ""dc6a8f0f533eee5f898990f8d0ccc67d9334dd5c1df604628e51093c5f482974"", ""failure_class"": ""force_threshold"", ""max_force_eV_A"": 0.2095817730449247, ""name"": ""bfgs_standard"", ""start_geometry_sha256"": ""cfdbf3df0a07871963e1f138244f98e19e05a2cb5d26ecfc011975b6e693c7ce"", ""steps"": 100}, {""ase_converged"": false, ""converged"": false, ""end_geometry_sha256"": ""11cef5ae9db772bc30dffd53314c2a626db95c4c8bcc4a06efe9d18b29c4e139"", ""failure_class"": ""force_threshold"", ""max_force_eV_A"": 0.3572195339968405, ""name"": ""fire_precondition"", ""qualifying"": false, ""start_geometry_sha256"": ""cfdbf3df0a07871963e1f138244f98e19e05a2cb5d26ecfc011975b6e693c7ce"", ""steps"": 50}, {""ase_converged"": true, ""converged"": true, ""end_geometry_sha256"": ""4674745d4ccf36732471d9c31386e1560672e4c32cbe79d582430fbd93a2d9da"", ""failure_class"": null, ""max_force_eV_A"": 0.07895605679903502, ""name"": ""bfgs_after_fire"", ""start_geometry_sha256"": ""11cef5ae9db772bc30dffd53314c2a626db95c4c8bcc4a06efe9d18b29c4e139"", ""steps"": 103}]",4674745d4ccf36732471d9c31386e1560672e4c32cbe79d582430fbd93a2d9da,0.17805854156613704,True,0.07831644770239868,289.0,100.0,0.08,converged,,bfgs_after_fire,"[{""ase_converged"": false, ""converged"": false, ""end_geometry_sha256"": ""0e412170e667bcf2829888dbce5b842ce10e3a549afe94253d605bd4fe086b05"", ""failure_class"": ""force_threshold"", ""max_force_eV_A"": 0.43921754726289974, ""name"": ""bfgs_standard"", ""start_geometry_sha256"": ""2e15820c8864a6abbd5d703e9433798d318669e94054a96a20e7a899895bfe1d"", ""steps"": 100}, {""ase_converged"": true, ""converged"": true, ""end_geometry_sha256"": ""ea1fa7e835f59940e1a3c996b0df2ed8094151452656b7f9bbe9ba5deacb5b9d"", ""failure_class"": null, ""max_force_eV_A"": 0.18070809925850492, ""name"": ""fire_precondition"", ""qualifying"": false, ""start_geometry_sha256"": ""2e15820c8864a6abbd5d703e9433798d318669e94054a96a20e7a899895bfe1d"", ""steps"": 35}, {""ase_converged"": true, ""converged"": true, ""end_geometry_sha256"": ""1ab1afaf0ef5e6fc1dd7eca4036ec152d3ecf250a7eb65798558f7f19359dfeb"", ""failure_class"": null, ""max_force_eV_A"": 0.07831644770239868, ""name"": ""bfgs_after_fire"", ""start_geometry_sha256"": ""ea1fa7e835f59940e1a3c996b0df2ed8094151452656b7f9bbe9ba5deacb5b9d"", ""steps"": 154}]",1ab1afaf0ef5e6fc1dd7eca4036ec152d3ecf250a7eb65798558f7f19359dfeb,3.257614563405517,3.0,step_4_H2O,10.0,0.0,True,3.0322414380311997,0.480000000035,True,quantitative_screening,1,1,1964edb3a856cb885aa7,False,
"('MOF', 'Ti', 'DOBDC', 'P4', 12.0)",MOF,True,esen-sm-conserving-all-oc25:relax-v4:orr-che-v3,True,0.07860146654955943,53,150,0.08,converged,,bfgs_standard,"[{""ase_converged"": true, ""converged"": true, ""end_geometry_sha256"": ""fa319ff9bdaa7e28543a429d44013d34aac0b2c4da62137a592bc9ab492985eb"", ""failure_class"": null, ""max_force_eV_A"": 0.07860146654955943, ""name"": ""bfgs_standard"", ""start_geometry_sha256"": ""4d6cc5a6881f44d01af80822e84a252b037a390bd4800f5bb046099753f7dc9e"", ""steps"": 53}]",fa319ff9bdaa7e28543a429d44013d34aac0b2c4da62137a592bc9ab492985eb,-135.85342986397893,True,0.07300434720739864,44.0,100.0,0.08,converged,,bfgs_standard,"[{""ase_converged"": true, ""converged"": true, ""end_geometry_sha256"": ""8f055b215991220024fea45c545bde95fab5016c7b11d0803b2906a5ebc34fc6"", ""failure_class"": null, ""max_force_eV_A"": 0.07300434720739864, ""name"": ""bfgs_standard"", ""start_geometry_sha256"": ""04b9a63bd42168f6a8e1d8a0072bb1f96256527e9e800ecc8349ffd377cf02f7"", ""steps"": 44}]",8f055b215991220024fea45c545bde95fab5016c7b11d0803b2906a5ebc34fc6,-1.7112413991987705,True,0.0633601701108717,48.0,100.0,0.08,converged,,bfgs_standard,"[{""ase_converged"": true, ""converged"": true, ""end_geometry_sha256"": ""ead032eaada52011caba654b4c168ed4deda02872e7074012a342968b4e14fec"", ""failure_class"": null, ""max_force_eV_A"": 0.0633601701108717, ""name"": ""bfgs_standard"", ""start_geometry_sha256"": ""599702857b787710f40712a944bd9ab2ccd6d478a362336e73dea5c0bcbafa2f"", ""steps"": 48}]",ead032eaada52011caba654b4c168ed4deda02872e7074012a342968b4e14fec,-1.4395362071692908,True,0.06835931291034879,80.0,100.0,0.08,converged,,bfgs_standard,"[{""ase_converged"": true, ""converged"": true, ""end_geometry_sha256"": ""3fb28124e060b06554ae86bb59db7ae78a57bf4ba1adb404f6de700b97d31a72"", ""failure_class"": null, ""max_force_eV_A"": 0.06835931291034879, ""name"": ""bfgs_standard"", ""start_geometry_sha256"": ""bc55d68bac9b7e0d96792b389c8a772ce71c0f19e1329e36bd4dbce55f2ab607"", ""steps"": 80}]",3fb28124e060b06554ae86bb59db7ae78a57bf4ba1adb404f6de700b97d31a72,1.4952049955725704,2.9402413991987704,step_4_H2O,10.0,0.0,True,3.1507776063680613,0.480000000035,True,quantitative_screening,2,2,68e97bff5be52f47feb7,False,
"('MOF', 'V', 'BTC', 'N2S2', 20.0)",MOF,True,esen-sm-conserving-all-oc25:relax-v4:orr-che-v3,True,0.07423040542631568,782,150,0.08,converged,,fire_small_step,"[{""ase_converged"": false, ""converged"": false, ""end_geometry_sha256"": ""cc5b417f59793634382ad62555215b346f7415847f79bd7631f14b62f3e39f82"", ""failure_class"": ""force_threshold"", ""max_force_eV_A"": 0.4676908549402425, ""name"": ""bfgs_standard"", ""start_geometry_sha256"": ""3c5c38760edc95fa1e5ca0036761ca2266339dc1269fe523b7a83bf72f4bf9a8"", ""steps"": 150}, {""ase_converged"": false, ""converged"": false, ""end_geometry_sha256"": ""0ed8fb1d200049c617bf35f5188c19d4c38397c31d63934b3b6576f87e7f5d46"", ""failure_class"": ""force_threshold"", ""max_force_eV_A"": 7.631849468700662, ""name"": ""fire_precondition"", ""qualifying"": false, ""start_geometry_sha256"": ""3c5c38760edc95fa1e5ca0036761ca2266339dc1269fe523b7a83bf72f4bf9a8"", ""steps"": 75}, {""ase_converged"": false, ""converged"": false, ""end_geometry_sha256"": ""b46b0b3d008e1ef7ce6989956d68259deae22000a30e1bed06a141cc4a79a4ef"", ""failure_class"": ""force_threshold"", ""max_force_eV_A"": 1.4616579461408068, ""name"": ""bfgs_after_fire"", ""start_geometry_sha256"": ""0ed8fb1d200049c617bf35f5188c19d4c38397c31d63934b3b6576f87e7f5d46"", ""steps"": 300}, {""ase_converged"": true, ""converged"": true, ""end_geometry_sha256"": ""7758150f596e32bd1d9e251697ab132c5f8914801d5ef6125d56fdced9aa836a"", ""failure_class"": null, ""max_force_eV_A"": 0.07423040542631568, ""name"": ""fire_small_step"", ""start_geometry_sha256"": ""cc5b417f59793634382ad62555215b346f7415847f79bd7631f14b62f3e39f82"", ""steps"": 257}]",7758150f596e32bd1d9e251697ab132c5f8914801d5ef6125d56fdced9aa836a,-172.96978423585122,True,0.07115477603320759,279.0,100.0,0.08,converged,,bfgs_after_fire,"[{""ase_converged"": false, ""converged"": false, ""end_geometry_sha256"": ""c6fdc5b19d52bcde2e21fb66fb8fabda6687db62189333cdf1b0c723e547278d"", ""failure_class"": ""force_threshold"", ""max_force_eV_A"": 0.18982627214089054, ""name"": ""bfgs_standard"", ""start_geometry_sha256"": ""fe185e936fefce700822c6c4bd2370c22f425bd4845e997d4f5733c8611c2906"", ""steps"": 100}, {""ase_converged"": false, ""converged"": false, ""end_geometry_sha256"": ""cb579dc0a0391abe7431769bf375e0df31440fc1b78056226c140ec457df736e"", ""failure_class"": ""force_threshold"", ""max_force_eV_A"": 0.36988568344413464, ""name"": ""fire_precondition"", ""qualifying"": false, ""start_geometry_sha256"": ""fe185e936fefce700822c6c4bd2370c22f425bd4845e997d4f5733c8611c2906"", ""steps"": 50}, {""ase_converged"": true, ""converged"": true, ""end_geometry_sha256"": ""64799c23836f2ad39c662ef6133e2f862eeea26cd5be817824c82945e2b381c7"", ""failure_class"": null, ""max_force_eV_A"": 0.07115477603320759, ""name"": ""bfgs_after_fire"", ""start_geometry_sha256"": ""cb579dc0a0391abe7431769bf375e0df31440fc1b78056226c140ec457df736e"", ""steps"": 129}]",64799c23836f2ad39c662ef6133e2f862eeea26cd5be817824c82945e2b381c7,-2.8498346184194085,True,0.07423648165461717,291.0,100.0,0.08,converged,,bfgs_after_fire,"[{""ase_converged"": false, ""converged"": false, ""end_geometry_sha256"": ""6d2414a6dfb4819974584ddfe8750de1a56902114cd74281977deaa9e2f7c9ef"", ""failure_class"": ""force_threshold"", ""max_force_eV_A"": 0.1716952292972122, ""name"": ""bfgs_standard"", ""start_geometry_sha256"": ""2370c8ce760840f694941ec2ecda148d4e38b8cb4c446dfb78725a6593e55725"", ""steps"": 100}, {""ase_converged"": false, ""converged"": false, ""end_geometry_sha256"": ""53cecdb8474f5322413ed7301fd8c529fe88e51eb94c584a288d1083758566a1"", ""failure_class"": ""force_threshold"", ""max_force_eV_A"": 0.8540282741991606, ""name"": ""fire_precondition"", ""qualifying"": false, ""start_geometry_sha256"": ""2370c8ce760840f694941ec2ecda148d4e38b8cb4c446dfb78725a6593e55725"", ""steps"": 50}, {""ase_converged"": true, ""converged"": true, ""end_geometry_sha256"": ""9967d18b4221039a8fc1c16e9e3f922b8290524b83e1ee03e6cfeb184a9dcf6c"", ""failure_class"": null, ""max_force_eV_A"": 0.07423648165461717, ""name"": ""bfgs_after_fire"", ""start_geometry_sha256"": ""53cecdb8474f5322413ed7301fd8c529fe88e51eb94c584a288d1083758566a1"", ""steps"": 141}]",9967d18b4221039a8fc1c16e9e3f922b8290524b83e1ee03e6cfeb184a9dcf6c,-5.862797819823023,True,0.0700423153810422,341.0,100.0,0.08,converged,,bfgs_after_fire,"[{""ase_converged"": false, ""converged"": false, ""end_geometry_sha256"": ""4222da70a4f7e155a1e214c25e56d2718407b8384542a9b64817bf1221fdb20c"", ""failure_class"": ""force_threshold"", ""max_force_eV_A"": 0.3405799321621966, ""name"": ""bfgs_standard"", ""start_geometry_sha256"": ""a49c553b4964046df27d25c19a200816e19e236839c3716b3e7a49f5f15e43e6"", ""steps"": 100}, {""ase_converged"": false, ""converged"": false, ""end_geometry_sha256"": ""6d4e57182cd3e4b424d83b669d0ae416ed65a5bec79a33044a54df1debbe3079"", ""failure_class"": ""force_threshold"", ""max_force_eV_A"": 0.8590267059516041, ""name"": ""fire_precondition"", ""qualifying"": false, ""start_geometry_sha256"": ""a49c553b4964046df27d25c19a200816e19e236839c3716b3e7a49f5f15e43e6"", ""steps"": 50}, {""ase_converged"": true, ""converged"": true, ""end_geometry_sha256"": ""3cbd99c98f8344756da50a1bf677831bfd5487bacdb0335cd289c4de1f67d691"", ""failure_class"": null, ""max_force_eV_A"": 0.0700423153810422, ""name"": ""bfgs_after_fire"", ""start_geometry_sha256"": ""6d4e57182cd3e4b424d83b669d0ae416ed65a5bec79a33044a54df1debbe3079"", ""steps"": 191}]",3cbd99c98f8344756da50a1bf677831bfd5487bacdb0335cd289c4de1f67d691,-7.5581765666604,3.0,step_3_OH,9.0,0.0,True,8.712632438242432,0.480000000035,True,quantitative_screening,2,2,ca89defcfb8612a31fe8,False,
"('MOF', 'V', 'BPDC', 'N4', 8.0)",MOF,True,esen-sm-conserving-all-oc25:relax-v4:orr-che-v3,True,0.07216123952617824,58,150,0.08,converged,,bfgs_standard,"[{""ase_converged"": true, ""converged"": true, ""end_geometry_sha256"": ""af8af64cf71f177aaa1884fbc21acc1bbae49882974d4ec95e17ea1130abdeed"", ""failure_class"": null, ""max_force_eV_A"": 0.07216123952617824, ""name"": ""bfgs_standard"", ""start_geometry_sha256"": ""49bf23254f7a29c688cb5b763353425237b8a28bcc85ddf1adf1baf171397b2b"", ""steps"": 58}]",af8af64cf71f177aaa1884fbc21acc1bbae49882974d4ec95e17ea1130abdeed,-136.1022465599493,True,0.06608432282705608,54.0,100.0,0.08,converged,,bfgs_standard,"[{""ase_converged"": true, ""converged"": true, ""end_geometry_sha256"": ""b939e146a40022c795249fca6e2ae6ff48ff878ecad3edc7ea76565b460a5c47"", ""failure_class"": null, ""max_force_eV_A"": 0.06608432282705608, ""name"": ""bfgs_standard"", ""start_geometry_sha256"": ""2e18c33d293ac2e72cf012b9638b0b870bc3a2a72067cae193b4ccc352e0e106"", ""steps"": 54}]",b939e146a40022c795249fca6e2ae6ff48ff878ecad3edc7ea76565b460a5c47,-1.2704340194165706,True,0.07286141689722192,51.0,100.0,0.08,converged,,bfgs_standard,"[{""ase_converged"": true, ""converged"": true, ""end_geometry_sha256"": ""38afe60fb7dc42977bf581549914b9ef745566dd235c697c9995160959468a4e"", ""failure_class"": null, ""max_force_eV_A"": 0.07286141689722192, ""name"": ""bfgs_standard"", ""start_geometry_sha256"": ""a9dc27f2616fd14dc9f620d6613510893dbaee4a0a2507325093060afa7bebff"", ""steps"": 51}]",38afe60fb7dc42977bf581549914b9ef745566dd235c697c9995160959468a4e,-1.4741267196834051,True,0.060692744626683774,87.0,100.0,0.08,converged,,bfgs_standard,"[{""ase_converged"": true, ""converged"": true, ""end_geometry_sha256"": ""21af3f742065e441776beeb26df26eca50d492faa7065854253da77d941801ad"", ""failure_class"": null, ""max_force_eV_A"": 0.060692744626683774, ""name"": ""bfgs_standard"", ""start_geometry_sha256"": ""59c84edb3dc50f8e8f1f3571f3c8eb096d249a1d593ea2d1e58654db3f49c40c"", ""steps"": 87}]",21af3f742065e441776beeb26df26eca50d492faa7065854253da77d941801ad,-0.7414811149239504,2.4994340194165705,step_4_H2O,9.0,0.0,True,2.7445607390999758,0.480000000035,True,quantitative_screening,1,1,57913b16c81bbfe52b94,False,
"('MOF', 'V', 'Fumarate', 'N2P2', 12.0)",MOF,True,esen-sm-conserving-all-oc25:relax-v4:orr-che-v3,True,0.07750816941101935,124,150,0.08,converged,,bfgs_standard,"[{""ase_converged"": true, ""converged"": true, ""end_geometry_sha256"": ""6acb0a319d88724f7a80eb7c1d23573c64acd24a683863c48f8a5d5cdb0186d8"", ""failure_class"": null, ""max_force_eV_A"": 0.07750816941101935, ""name"": ""bfgs_standard"", ""start_geometry_sha256"": ""0ee5203ca92cf3ffb7a9b36dd486e28e1095da4a9ca2ef9ba8d09be70319c988"", ""steps"": 124}]",6acb0a319d88724f7a80eb7c1d23573c64acd24a683863c48f8a5d5cdb0186d8,-126.25997968321238,True,0.07806736978764683,57.0,100.0,0.08,converged,,bfgs_standard,"[{""ase_converged"": true, ""converged"": true, ""end_geometry_sha256"": ""bb63ff193b48fb06ee92e40f458357a04192073746dfd59e9fa355de4df7724c"", ""failure_class"": null, ""max_force_eV_A"": 0.07806736978764683, ""name"": ""bfgs_standard"", ""start_geometry_sha256"": ""137ea3fe3129f003a8acf1a6121f68d4743ae73d9bd532b114ef152ab7ff5df5"", ""steps"": 57}]",bb63ff193b48fb06ee92e40f458357a04192073746dfd59e9fa355de4df7724c,0.16623145595192906,True,0.07841412482998636,75.0,100.0,0.08,converged,,bfgs_standard,"[{""ase_converged"": true, ""converged"": true, ""end_geometry_sha256"": ""a92328f0178531c4c12ba94326aece7f0f6466c44d7d60361c914b67632e92be"", ""failure_class"": null, ""max_force_eV_A"": 0.07841412482998636, ""name"": ""bfgs_standard"", ""start_geometry_sha256"": ""87dac09c303a26d82057f559bfb7be0bbb9fc5d59b3e67e2c5d697c9abe01675"", ""steps"": 75}]",a92328f0178531c4c12ba94326aece7f0f6466c44d7d60361c914b67632e92be,-0.7748838298022711,True,0.06117872543392926,83.0,100.0,0.08,converged,,bfgs_standard,"[{""ase_converged"": true, ""converged"": true, ""end_geometry_sha256"": ""19b716245075980866043d346a27e927ceb8511e76fb3f394a500b6e55b27627"", ""failure_class"": null, ""max_force_eV_A"": 0.06117872543392926, ""name"": ""bfgs_standard"", ""start_geometry_sha256"": ""50ff32b8a509891f4d4494cb5ab836d48a790a5f362876f4778662a8980a4dff"", ""steps"": 83}]",19b716245075980866043d346a27e927ceb8511e76fb3f394a500b6e55b27627,3.1151685222983394,2.1701152857542003,step_3_OH,9.0,0.0,True,0.9411152857542002,0.480000000035,True,quantitative_screening,0,0,0171d9370fdc198d31ff,False,
"('MOF', 'V', 'HITP', 'N3S', 30.0)",MOF,False,esen-sm-conserving-all-oc25:relax-v4:orr-che-v3,False,0.12091597614952955,975,150,0.08,recovery_exhausted,force_threshold,fire_small_step,"[{""ase_converged"": false, ""converged"": false, ""end_geometry_sha256"": ""dda0248c6348c103c1ab7c3dd5a1572c46e27d3be1cf695f16b5a8d8a868de7c"", ""failure_class"": ""force_threshold"", ""max_force_eV_A"": 0.13914774099130764, ""name"": ""bfgs_standard"", ""start_geometry_sha256"": ""72ea5417569084c32bb6f362c2e201cb13176f1ab52c1315228655502ce6c625"", ""steps"": 150}, {""ase_converged"": false, ""converged"": false, ""end_geometry_sha256"": ""4b26fe2336a489da819b03cc73919e5dac2869fc2ab777c6d14d555cb8953dd2"", ""failure_class"": ""force_threshold"", ""max_force_eV_A"": 2.6082792616882364, ""name"": ""fire_precondition"", ""qualifying"": false, ""start_geometry_sha256"": ""72ea5417569084c32bb6f362c2e201cb13176f1ab52c1315228655502ce6c625"", ""steps"": 75}, {""ase_converged"": false, ""converged"": false, ""end_geometry_sha256"": ""43d7a9d96d3af013dc062a7d154d27d552451032a8462a735a1b23c2b9e770d6"", ""failure_class"": ""force_threshold"", ""max_force_eV_A"": 0.19473879535500546, ""name"": ""bfgs_after_fire"", ""start_geometry_sha256"": ""4b26fe2336a489da819b03cc73919e5dac2869fc2ab777c6d14d555cb8953dd2"", ""steps"": 300}, {""ase_converged"": false, ""converged"": false, ""end_geometry_sha256"": ""cb7919cef7633ced6ada1ad186727c3d87430719d9e7c5a4220bd8d6d90e7d09"", ""failure_class"": ""force_threshold"", ""max_force_eV_A"": 0.12091597614952955, ""name"": ""fire_small_step"", ""start_geometry_sha256"": ""dda0248c6348c103c1ab7c3dd5a1572c46e27d3be1cf695f16b5a8d8a868de7c"", ""steps"": 450}]",cb7919cef7633ced6ada1ad186727c3d87430719d9e7c5a4220bd8d6d90e7d09,,,,,,,,,,,,,,,,,,,,,,,,,,,,,,,,,,,,,,,,,,True,validation_required,1,1,edee2fb159d79c7449c6,False,Unconverged clean relaxation: max_force=0.120916 eV/A after 975 cumulative recovery steps
"('MOF', 'V', 'BTB', 'S4', 20.0)",MOF,True,esen-sm-conserving-all-oc25:relax-v4:orr-che-v3,True,0.07678263733351752,674,150,0.08,converged,,fire_small_step,"[{""ase_converged"": false, ""converged"": false, ""end_geometry_sha256"": ""403c3d04bbd567fef3448c9ee050a852b59eed769d55000ca81174640da4f673"", ""failure_class"": ""force_threshold"", ""max_force_eV_A"": 0.787101446475891, ""name"": ""bfgs_standard"", ""start_geometry_sha256"": ""e936902541de8b835ceade0c2cfe8b7280d32613622e1868344d0bdcc3fabba2"", ""steps"": 150}, {""ase_converged"": false, ""converged"": false, ""end_geometry_sha256"": ""1a024c668360ec7ccd76db08488df4d8663ea4ab225fa65c4b11fb8b812c1982"", ""failure_class"": ""force_threshold"", ""max_force_eV_A"": 0.9103655933253997, ""name"": ""fire_precondition"", ""qualifying"": false, ""start_geometry_sha256"": ""e936902541de8b835ceade0c2cfe8b7280d32613622e1868344d0bdcc3fabba2"", ""steps"": 75}, {""ase_converged"": false, ""converged"": false, ""end_geometry_sha256"": ""a01cbc146d5022b8c3071fe5b4b259f7cb503fa867db278ee477a15514c5690f"", ""failure_class"": ""force_threshold"", ""max_force_eV_A"": 0.3296353621572146, ""name"": ""bfgs_after_fire"", ""start_geometry_sha256"": ""1a024c668360ec7ccd76db08488df4d8663ea4ab225fa65c4b11fb8b812c1982"", ""steps"": 300}, {""ase_converged"": true, ""converged"": true, ""end_geometry_sha256"": ""45731cc770f79d67fc9929fc898fdb0b732683580958d0268027fd929ab737ff"", ""failure_class"": null, ""max_force_eV_A"": 0.07678263733351752, ""name"": ""fire_small_step"", ""start_geometry_sha256"": ""a01cbc146d5022b8c3071fe5b4b259f7cb503fa867db278ee477a15514c5690f"", ""steps"": 149}]",45731cc770f79d67fc9929fc898fdb0b732683580958d0268027fd929ab737ff,-192.72562936672725,True,0.06578295540204689,92.0,100.0,0.08,converged,,bfgs_standard,"[{""ase_converged"": true, ""converged"": true, ""end_geometry_sha256"": ""6cb75d31247c04190608624be8831ebb519eef3a2a367e2a310a92df70e3ffd9"", ""failure_class"": null, ""max_force_eV_A"": 0.06578295540204689, ""name"": ""bfgs_standard"", ""start_geometry_sha256"": ""b728b4c19dcdbc2912d8283427b2007db95b6ab9f199bb5a4fc11de1b533265f"", ""steps"": 92}]",6cb75d31247c04190608624be8831ebb519eef3a2a367e2a310a92df70e3ffd9,-3.310390648692846,True,0.0793579667624579,63.0,100.0,0.08,converged,,bfgs_standard,"[{""ase_converged"": true, ""converged"": true, ""end_geometry_sha256"": ""6de5adc65f4e92e5af46f2fe2803f1df909a3959709546ebf1af44977e2b6f2f"", ""failure_class"": null, ""max_force_eV_A"": 0.0793579667624579, ""name"": ""bfgs_standard"", ""start_geometry_sha256"": ""fc7a9586c433b4a670f7a7f507d83bacf907c6237d37dcd077cc18f49de3cf5a"", ""steps"": 63}]",6de5adc65f4e92e5af46f2fe2803f1df909a3959709546ebf1af44977e2b6f2f,-2.758778654783961,True,0.0792269057776107,294.0,100.0,0.08,converged,,bfgs_after_fire,"[{""ase_converged"": false, ""converged"": false, ""end_geometry_sha256"": ""913d98375b52b30f257bb4265a48a377b882b984a41f94c6ace50899f8430d0d"", ""failure_class"": ""force_threshold"", ""max_force_eV_A"": 0.1149977798428525, ""name"": ""bfgs_standard"", ""start_geometry_sha256"": ""3749a880f8a005f12f73d058fb43bf36b1701680df0c7bec9add7a425d1daef9"", ""steps"": 100}, {""ase_converged"": false, ""converged"": false, ""end_geometry_sha256"": ""5078de4c786b3a2d72a90c127ecf1805ae04dbd42add15d37f069ea289d4de61"", ""failure_class"": ""force_threshold"", ""max_force_eV_A"": 0.49743654682895155, ""name"": ""fire_precondition"", ""qualifying"": false, ""start_geometry_sha256"": ""3749a880f8a005f12f73d058fb43bf36b1701680df0c7bec9add7a425d1daef9"", ""steps"": 50}, {""ase_converged"": true, ""converged"": true, ""end_geometry_sha256"": ""e7a9ca005b524078333439cf3b7e8834039ae1c46c3c8167acc5016f7b8cc645"", ""failure_class"": null, ""max_force_eV_A"": 0.0792269057776107, ""name"": ""bfgs_after_fire"", ""start_geometry_sha256"": ""5078de4c786b3a2d72a90c127ecf1805ae04dbd42add15d37f069ea289d4de61"", ""steps"": 144}]",e7a9ca005b524078333439cf3b7e8834039ae1c46c3c8167acc5016f7b8cc645,-5.251497794687744,3.0,step_4_H2O,9.0,0.0,True,6.069169303476807,0.480000000035,True,quantitative_screening,0,0,8408ecfc801e14d7614e,False,
"('MOF', 'Cr', 'NDC', 'N2Se2', 4.0)",MOF,True,esen-sm-conserving-all-oc25:relax-v4:orr-che-v3,True,0.07685005443195454,42,150,0.08,converged,,bfgs_standard,"[{""ase_converged"": true, ""converged"": true, ""end_geometry_sha256"": ""fcd889d17ba3acba62e03772f5a546a6da1314cb87fa9950e7badb04c17e76ad"", ""failure_class"": null, ""max_force_eV_A"": 0.07685005443195454, ""name"": ""bfgs_standard"", ""start_geometry_sha256"": ""79860151072a980546df014237640c0965d616b0b8e1dfdcb46bb87cf4f3f60d"", ""steps"": 42}]",fcd889d17ba3acba62e03772f5a546a6da1314cb87fa9950e7badb04c17e76ad,-135.28461896152965,True,0.07976450266664828,73.0,100.0,0.08,converged,,bfgs_standard,"[{""ase_converged"": true, ""converged"": true, ""end_geometry_sha256"": ""1e26efc096ff34ac919acc5d4bd740782bdecab947e20f12ea784e3003e39f51"", ""failure_class"": null, ""max_force_eV_A"": 0.07976450266664828, ""name"": ""bfgs_standard"", ""start_geometry_sha256"": ""78358e88eabb17db239f12d649a3d8397389c1dfee6082e7efb31e0c04c7e0d4"", ""steps"": 73}]",1e26efc096ff34ac919acc5d4bd740782bdecab947e20f12ea784e3003e39f51,-1.3003460739552974,True,0.07460169420147736,50.0,100.0,0.08,converged,,bfgs_standard,"[{""ase_converged"": true, ""converged"": true, ""end_geometry_sha256"": ""be3fdeb7db6182af7be4a9254ffbdac1eca4c3d88fd053486ff8a19ad7c932fc"", ""failure_class"": null, ""max_force_eV_A"": 0.07460169420147736, ""name"": ""bfgs_standard"", ""start_geometry_sha256"": ""d4449c1da637c55024da2e08f8e01ca4eb449aff28f751db6b6c3fcf16eb361c"", ""steps"": 50}]",be3fdeb7db6182af7be4a9254ffbdac1eca4c3d88fd053486ff8a19ad7c932fc,-1.7183631293475592,True,0.07724803097363919,77.0,100.0,0.08,converged,,bfgs_standard,"[{""ase_converged"": true, ""converged"": true, ""end_geometry_sha256"": ""ed700f369ed3cfd565cd47ca67797abfd624bd32c9830b24589d8b06f2ae778a"", ""failure_class"": null, ""max_force_eV_A"": 0.07724803097363919, ""name"": ""bfgs_standard"", ""start_geometry_sha256"": ""59b9d6c43b5ea2bd1089b0397f4c0f0f89a0b2adf1ed8300b957ac9b071e3bd8"", ""steps"": 77}]",ed700f369ed3cfd565cd47ca67797abfd624bd32c9830b24589d8b06f2ae778a,-0.6220558181405031,2.5293460739552973,step_4_H2O,9.0,0.0,True,3.0187092033028566,0.480000000035,True,quantitative_screening,1,1,c64e06d6f8275efbeca9,False,
"('COF', 'Ti', 'Imine', 'P4', 8.0)",COF,True,esen-sm-conserving-all-oc25:relax-v4:orr-che-v3,True,0.05581408482013991,38,150,0.08,converged,,bfgs_standard,"[{""ase_converged"": true, ""converged"": true, ""end_geometry_sha256"": ""1381ee02bbabe57345535bbf3f264966778a99065d30e8b9f4875901fba49188"", ""failure_class"": null, ""max_force_eV_A"": 0.05581408482013991, ""name"": ""bfgs_standard"", ""start_geometry_sha256"": ""5d4b5fd625dad05a6ad2df8236a696892344270d3b7f0d0f42013b8038840dc4"", ""steps"": 38}]",1381ee02bbabe57345535bbf3f264966778a99065d30e8b9f4875901fba49188,-137.60057918717095,True,0.03121435472469813,42.0,100.0,0.08,converged,,bfgs_standard,"[{""ase_converged"": true, ""converged"": true, ""end_geometry_sha256"": ""ac1ff40a76be8eeab9e03ee5020165777553432b100cf92c9fc7f157ad2abcdc"", ""failure_class"": null, ""max_force_eV_A"": 0.03121435472469813, ""name"": ""bfgs_standard"", ""start_geometry_sha256"": ""4fb1fafd2a6ee3c27cbc13b2faf47a5c80f63861520f3fb742f2d6d2db822f4f"", ""steps"": 42}]",ac1ff40a76be8eeab9e03ee5020165777553432b100cf92c9fc7f157ad2abcdc,-1.614759353250265,True,0.07476605164658479,36.0,100.0,0.08,converged,,bfgs_standard,"[{""ase_converged"": true, ""converged"": true, ""end_geometry_sha256"": ""cc19c9424e0850f0a4799d95137c4cd6fa9365a0177cba4839270d4489735763"", ""failure_class"": null, ""max_force_eV_A"": 0.07476605164658479, ""name"": ""bfgs_standard"", ""start_geometry_sha256"": ""7f5779a0c3bdd0edca941d75afc7d6d64950d56bc516c3e11cbb5c16e70f79d2"", ""steps"": 36}]",cc19c9424e0850f0a4799d95137c4cd6fa9365a0177cba4839270d4489735763,-1.1908361546695196,True,0.07731384474450363,64.0,100.0,0.08,converged,,bfgs_standard,"[{""ase_converged"": true, ""converged"": true, ""end_geometry_sha256"": ""5edf87599aa072a183a0d40a50a42e6cff0536c47088fcfd5115bdc394e2404f"", ""failure_class"": null, ""max_force_eV_A"": 0.07731384474450363, ""name"": ""bfgs_standard"", ""start_geometry_sha256"": ""312271f60981dd4cba9ba45493aa4a599f57b82d82491a30bbe8d54c6a7e7b7c"", ""steps"": 64}]",5edf87599aa072a183a0d40a50a42e6cff0536c47088fcfd5115bdc394e2404f,1.9138726696372066,2.843759353250265,step_4_H2O,10.0,0.0,True,2.8055955079197847,0.447500000035,True,quantitative_screening,1,1,1495f6b4aface25c2ffd,False,
"('COF', 'Ti', 'Azine', 'S4', 6.0)",COF,True,esen-sm-conserving-all-oc25:relax-v4:orr-che-v3,True,0.07957082228798018,37,150,0.08,converged,,bfgs_standard,"[{""ase_converged"": true, ""converged"": true, ""end_geometry_sha256"": ""3c52f63d11f60f739daa111bd919ac4317e72b1ef4d53fa38479be05761a0d9e"", ""failure_class"": null, ""max_force_eV_A"": 0.07957082228798018, ""name"": ""bfgs_standard"", ""start_geometry_sha256"": ""c2cb72ea60b526a1831053181a60ed99df67193ad889c9e4e17d40b39ddef9c3"", ""steps"": 37}]",3c52f63d11f60f739daa111bd919ac4317e72b1ef4d53fa38479be05761a0d9e,-137.60014097382256,True,0.06861974744732835,41.0,100.0,0.08,converged,,bfgs_standard,"[{""ase_converged"": true, ""converged"": true, ""end_geometry_sha256"": ""853cced7e981167fbfe1fffe709023e4be34bb4800561c3cce86a79bceeeedaa"", ""failure_class"": null, ""max_force_eV_A"": 0.06861974744732835, ""name"": ""bfgs_standard"", ""start_geometry_sha256"": ""eb463825e3e4854898ce8777adca71fd50e792a72a5d9823c46d7360a02cbfdd"", ""steps"": 41}]",853cced7e981167fbfe1fffe709023e4be34bb4800561c3cce86a79bceeeedaa,-1.6149636183679104,True,0.07812765754998074,36.0,100.0,0.08,converged,,bfgs_standard,"[{""ase_converged"": true, ""converged"": true, ""end_geometry_sha256"": ""4f4015c088e0702f1f2ae4a0a71598ee47d276fe9f1a6d9f45ed3f6863a12d79"", ""failure_class"": null, ""max_force_eV_A"": 0.07812765754998074, ""name"": ""bfgs_standard"", ""start_geometry_sha256"": ""4011ef88c2f879a5f29b391fe256ead789955e161c1bb515004976b3e97f3fd8"", ""steps"": 36}]",4f4015c088e0702f1f2ae4a0a71598ee47d276fe9f1a6d9f45ed3f6863a12d79,-1.1905830733478033,True,0.06910641751383992,65.0,100.0,0.08,converged,,bfgs_standard,"[{""ase_converged"": true, ""converged"": true, ""end_geometry_sha256"": ""b2a3e92a7d87df98d2052caa218a24c03e093170fae1f5125fd190a8902ac82e"", ""failure_class"": null, ""max_force_eV_A"": 0.06910641751383992, ""name"": ""bfgs_standard"", ""start_geometry_sha256"": ""8c12244af5589de7f471f85e715c92d106320dd51d1e6211ff470e074438e3c0"", ""steps"": 65}]",b2a3e92a7d87df98d2052caa218a24c03e093170fae1f5125fd190a8902ac82e,1.91273064464331,2.8439636183679102,step_4_H2O,10.0,0.0,True,2.8055466917157137,0.447500000035,True,quantitative_screening,2,2,5c15d1499cf3d87c8697,False,
"('COF', 'Ti', 'Beta_ketoenamine', 'N3P', 20.0)",COF,False,esen-sm-conserving-all-oc25:relax-v4:orr-che-v3,False,0.1710426998732738,975,150,0.08,recovery_exhausted,force_threshold,bfgs_after_fire,"[{""ase_converged"": false, ""converged"": false, ""end_geometry_sha256"": ""114a9766304827673a4f40230eed627ade140b609d4fe480472906e1a9da1cd6"", ""failure_class"": ""force_threshold"", ""max_force_eV_A"": 0.47497136513176363, ""name"": ""bfgs_standard"", ""start_geometry_sha256"": ""40b216810b985d9aaa5feb6243ff03dc717839979df5cdf37693d2593d22ecd9"", ""steps"": 150}, {""ase_converged"": false, ""converged"": false, ""end_geometry_sha256"": ""b925c9bb76cc87ebb61632e64e1d2ae2134ee7a9fbd5f806f37a2cd46c4bd0dd"", ""failure_class"": ""force_threshold"", ""max_force_eV_A"": 3.3852559275044647, ""name"": ""fire_precondition"", ""qualifying"": false, ""start_geometry_sha256"": ""40b216810b985d9aaa5feb6243ff03dc717839979df5cdf37693d2593d22ecd9"", ""steps"": 75}, {""ase_converged"": false, ""converged"": false, ""end_geometry_sha256"": ""01d8234e08a65cf8391facd3a7d846bc6c11710079cc75893cbb4e2bead808ac"", ""failure_class"": ""force_threshold"", ""max_force_eV_A"": 0.1710426998732738, ""name"": ""bfgs_after_fire"", ""start_geometry_sha256"": ""b925c9bb76cc87ebb61632e64e1d2ae2134ee7a9fbd5f806f37a2cd46c4bd0dd"", ""steps"": 300}, {""ase_converged"": false, ""converged"": false, ""end_geometry_sha256"": ""64990b84e04b14b7060b695aeb4ee1bea2c68b2911fb2708018823cbc2238906"", ""failure_class"": ""force_threshold"", ""max_force_eV_A"": 0.17146875187697108, ""name"": ""fire_small_step"", ""start_geometry_sha256"": ""01d8234e08a65cf8391facd3a7d846bc6c11710079cc75893cbb4e2bead808ac"", ""steps"": 450}]",01d8234e08a65cf8391facd3a7d846bc6c11710079cc75893cbb4e2bead808ac,,,,,,,,,,,,,,,,,,,,,,,,,,,,,,,,,,,,,,,,,,True,validation_required,1,1,591674b039f35ba9486d,False,Unconverged clean relaxation: max_force=0.171043 eV/A after 975 cumulative recovery steps
"('COF', 'Ti', 'Dioxin', 'N3S', 30.0)",COF,False,esen-sm-conserving-all-oc25:relax-v4:orr-che-v3,True,0.0724592402281828,458,150,0.08,converged,,bfgs_after_fire,"[{""ase_converged"": false, ""converged"": false, ""end_geometry_sha256"": ""297136eba4472ed51ded9a4a9aa976d14d25b758ad95064887761e3c95354e72"", ""failure_class"": ""force_threshold"", ""max_force_eV_A"": 0.3253041733662553, ""name"": ""bfgs_standard"", ""start_geometry_sha256"": ""1bef99f76754f1fd1578a5e58c861dedfed7e0ea9dc24b9273dac0e101e5b2ed"", ""steps"": 150}, {""ase_converged"": false, ""converged"": false, ""end_geometry_sha256"": ""4ecf5cbb565176770ee785676fe7b9acb8f13403c966f4405032e095f4c05e74"", ""failure_class"": ""force_threshold"", ""max_force_eV_A"": 1.2017413056156225, ""name"": ""fire_precondition"", ""qualifying"": false, ""start_geometry_sha256"": ""1bef99f76754f1fd1578a5e58c861dedfed7e0ea9dc24b9273dac0e101e5b2ed"", ""steps"": 75}, {""ase_converged"": true, ""converged"": true, ""end_geometry_sha256"": ""50779a2ae7c71a0995ccd020623f564b74b2d6143422ece19cc50dca44a60baa"", ""failure_class"": null, ""max_force_eV_A"": 0.0724592402281828, ""name"": ""bfgs_after_fire"", ""start_geometry_sha256"": ""4ecf5cbb565176770ee785676fe7b9acb8f13403c966f4405032e095f4c05e74"", ""steps"": 233}]",50779a2ae7c71a0995ccd020623f564b74b2d6143422ece19cc50dca44a60baa,-139.6862446210768,True,0.04161685529993208,322.0,100.0,0.08,converged,,bfgs_after_fire,"[{""ase_converged"": false, ""converged"": false, ""end_geometry_sha256"": ""297de300024b776b42b3a0b17d8ef3c269d0a37766409fee6aba97a72c4b0c3d"", ""failure_class"": ""force_threshold"", ""max_force_eV_A"": 0.7527893298885364, ""name"": ""bfgs_standard"", ""start_geometry_sha256"": ""6a125c7d5801343be6e7417315549ce360e96a5d964d00829b4b1441cc1e88a8"", ""steps"": 100}, {""ase_converged"": true, ""converged"": true, ""end_geometry_sha256"": ""6b5aad26644d36c659d83f314ae8a86b9432b0f4b0181d8b08cf7b1d3f9e2473"", ""failure_class"": null, ""max_force_eV_A"": 0.24449347907607513, ""name"": ""fire_precondition"", ""qualifying"": false, ""start_geometry_sha256"": ""6a125c7d5801343be6e7417315549ce360e96a5d964d00829b4b1441cc1e88a8"", ""steps"": 47}, {""ase_converged"": true, ""converged"": true, ""end_geometry_sha256"": ""d029002def824b255a77f83114663f0d7d809a2e044c53202f58378310740d78"", ""failure_class"": null, ""max_force_eV_A"": 0.04161685529993208, ""name"": ""bfgs_after_fire"", ""start_geometry_sha256"": ""6b5aad26644d36c659d83f314ae8a86b9432b0f4b0181d8b08cf7b1d3f9e2473"", ""steps"": 175}]",d029002def824b255a77f83114663f0d7d809a2e044c53202f58378310740d78,-6.760876593440772,True,0.06338603047431332,317.0,100.0,0.08,converged,,bfgs_after_fire,"[{""ase_converged"": false, ""converged"": false, ""end_geometry_sha256"": ""9230ef9da4a0b83e095757e83255edd2e2c1979d3b329f76262ce8a9ff3a47e1"", ""failure_class"": ""force_threshold"", ""max_force_eV_A"": 0.1565119027594166, ""name"": ""bfgs_standard"", ""start_geometry_sha256"": ""ca3e743ab69a37de9e9cf58b5fd46999c95ee0f6a4a0ac186b00f6593bb0491e"", ""steps"": 100}, {""ase_converged"": false, ""converged"": false, ""end_geometry_sha256"": ""6f93cdf2ae2731bc7c6dc8b1ca7d20f96ff18aced16526479392aa3a9ed835e5"", ""failure_class"": ""force_threshold"", ""max_force_eV_A"": 1.0657567620038926, ""name"": ""fire_precondition"", ""qualifying"": false, ""start_geometry_sha256"": ""ca3e743ab69a37de9e9cf58b5fd46999c95ee0f6a4a0ac186b00f6593bb0491e"", ""steps"": 50}, {""ase_converged"": true, ""converged"": true, ""end_geometry_sha256"": ""48eead0ffb5018f401feeabe95fbc80ee1b35f87177c70666004fc51323c78fa"", ""failure_class"": null, ""max_force_eV_A"": 0.06338603047431332, ""name"": ""bfgs_after_fire"", ""start_geometry_sha256"": ""6f93cdf2ae2731bc7c6dc8b1ca7d20f96ff18aced16526479392aa3a9ed835e5"", ""steps"": 167}]",48eead0ffb5018f401feeabe95fbc80ee1b35f87177c70666004fc51323c78fa,-8.647017323225732,True,0.07353139411351109,368.0,100.0,0.08,converged,,fire_small_step,"[{""ase_converged"": false, ""converged"": false, ""end_geometry_sha256"": ""96714a2eab6d4b0e545edaeb78209a815d45ea326654d14db137df9b9e2eae6b"", ""failure_class"": ""force_threshold"", ""max_force_eV_A"": 0.5629986360542981, ""name"": ""bfgs_standard"", ""start_geometry_sha256"": ""0946e581f01c8aded7adef16e25bc1c81908febd5aaa99a44f636cbbf8186225"", ""steps"": 100}, {""ase_converged"": false, ""converged"": false, ""end_geometry_sha256"": ""7d2508667b38011e0a909bd696849c2f9a0f9c9725f8e11cd12b1bb513f268a6"", ""failure_class"": ""force_threshold"", ""max_force_eV_A"": 1.1162849134363577, ""name"": ""fire_precondition"", ""qualifying"": false, ""start_geometry_sha256"": ""0946e581f01c8aded7adef16e25bc1c81908febd5aaa99a44f636cbbf8186225"", ""steps"": 50}, {""ase_converged"": false, ""converged"": false, ""end_geometry_sha256"": ""25d7641babf67c5dc8996765a16204ec05844488813f914a83e212bd27975fc5"", ""failure_class"": ""force_threshold"", ""max_force_eV_A"": 0.20378953777200082, ""name"": ""bfgs_after_fire"", ""start_geometry_sha256"": ""7d2508667b38011e0a909bd696849c2f9a0f9c9725f8e11cd12b1bb513f268a6"", ""steps"": 200}, {""ase_converged"": true, ""converged"": true, ""end_geometry_sha256"": ""10a9ac609ca64a337598cc1d39e157a16080e4e54491afa2676f809162bfad83"", ""failure_class"": null, ""max_force_eV_A"": 0.07353139411351109, ""name"": ""fire_small_step"", ""start_geometry_sha256"": ""25d7641babf67c5dc8996765a16204ec05844488813f914a83e212bd27975fc5"", ""steps"": 18}]",10a9ac609ca64a337598cc1d39e157a16080e4e54491afa2676f809162bfad83,-17.04834299236536,9.630325669139626,step_2_O,10.0,0.0,True,15.407893916666504,,True,validation_required,0,0,1f3cc34b86965e166513,False,Unphysical dG_OOH_eV=-17.05 eV
"('COF', 'V', 'Triazine', 'N2S2', 20.0)",COF,False,esen-sm-conserving-all-oc25:relax-v4:orr-che-v3,True,0.07876814324634464,461,150,0.08,converged,,bfgs_after_fire,"[{""ase_converged"": false, ""converged"": false, ""end_geometry_sha256"": ""dca559afd140cff2b52809ba3d37d6b90bead3a2fa8484154f6ac5ca6d6892e3"", ""failure_class"": ""force_threshold"", ""max_force_eV_A"": 0.6544770854963474, ""name"": ""bfgs_standard"", ""start_geometry_sha256"": ""53c1fe76c2d49084d53222c6fd68cd94117d088bf9fd6636e0144d7c40b9fcab"", ""steps"": 150}, {""ase_converged"": false, ""converged"": false, ""end_geometry_sha256"": ""3cc545b50ad9897158cde2006995666c2b5d643b77370b185061bf9cf186c1f8"", ""failure_class"": ""force_threshold"", ""max_force_eV_A"": 0.5277409244091509, ""name"": ""fire_precondition"", ""qualifying"": false, ""start_geometry_sha256"": ""53c1fe76c2d49084d53222c6fd68cd94117d088bf9fd6636e0144d7c40b9fcab"", ""steps"": 75}, {""ase_converged"": true, ""converged"": true, ""end_geometry_sha256"": ""0038a54a2997b6c034beadb979c78cacdf1d67dc0abb5ca0f799755bc2f080ed"", ""failure_class"": null, ""max_force_eV_A"": 0.07876814324634464, ""name"": ""bfgs_after_fire"", ""start_geometry_sha256"": ""3cc545b50ad9897158cde2006995666c2b5d643b77370b185061bf9cf186c1f8"", ""steps"": 236}]",0038a54a2997b6c034beadb979c78cacdf1d67dc0abb5ca0f799755bc2f080ed,-122.26481480465634,False,,0.0,100.0,0.08,invalid_initial_geometry,atomic_overlap,none,[],db8cafc26a0a504953bf7c2d05caba064d2219597a53452c83eb48f6b4bc03e2,,,,,,,,,,,,,,,,,,,,,,,,,,,,,,,True,validation_required,2,2,2ed855f1041c52614c82,False,Invalid oh initial geometry: atomic_overlap
"('COF', 'V', 'Phenazine', 'P4', 8.0)",COF,True,esen-sm-conserving-all-oc25:relax-v4:orr-che-v3,True,0.07447104471536597,62,150,0.08,converged,,bfgs_standard,"[{""ase_converged"": true, ""converged"": true, ""end_geometry_sha256"": ""84c129c28b71c99b0872170e18021f0ea273b1e1ec5fa8751305d34a456806db"", ""failure_class"": null, ""max_force_eV_A"": 0.07447104471536597, ""name"": ""bfgs_standard"", ""start_geometry_sha256"": ""5535b5d9f00aa88e371aa07acdd482777897fcf5a8d54bc9de31e704b4aad2e0"", ""steps"": 62}]",84c129c28b71c99b0872170e18021f0ea273b1e1ec5fa8751305d34a456806db,-133.69101332344812,True,0.07926978951529369,55.0,100.0,0.08,converged,,bfgs_standard,"[{""ase_converged"": true, ""converged"": true, ""end_geometry_sha256"": ""031d41192f59b7b02e4ff71de4c96bc586f52b744a83397568d39242ac14a1e0"", ""failure_class"": null, ""max_force_eV_A"": 0.07926978951529369, ""name"": ""bfgs_standard"", ""start_geometry_sha256"": ""2c44f6e22a862e7965157f5bece21ffb6f54f54397760bbf427cdd97aa80dc90"", ""steps"": 55}]",031d41192f59b7b02e4ff71de4c96bc586f52b744a83397568d39242ac14a1e0,-0.8211080406606197,True,0.07964865983220311,52.0,100.0,0.08,converged,,bfgs_standard,"[{""ase_converged"": true, ""converged"": true, ""end_geometry_sha256"": ""5ef910a42a96c6bad93da0e4df23d9e7f32dfbd1669d4d23a75a3d1ec1ed04dd"", ""failure_class"": null, ""max_force_eV_A"": 0.07964865983220311, ""name"": ""bfgs_standard"", ""start_geometry_sha256"": ""4c0b13467e24884f7e00b5f79c1fdf8e658b9836e64742aad5afeeb6e14c2ca3"", ""steps"": 52}]",5ef910a42a96c6bad93da0e4df23d9e7f32dfbd1669d4d23a75a3d1ec1ed04dd,-1.4313743941485846,True,0.06894473678406597,89.0,100.0,0.08,converged,,bfgs_standard,"[{""ase_converged"": true, ""converged"": true, ""end_geometry_sha256"": ""2a87d03ea6097de3a9336be83743b4a6ff5bcd5ec9a3ef7f71035cf8e1e93a2a"", ""failure_class"": null, ""max_force_eV_A"": 0.06894473678406597, ""name"": ""bfgs_standard"", ""start_geometry_sha256"": ""570a6ee8d84366eeece8f4e8aa700b548e99ca134d668301aafab1b99f4333b4"", ""steps"": 89}]",2a87d03ea6097de3a9336be83743b4a6ff5bcd5ec9a3ef7f71035cf8e1e93a2a,-1.2465827956795659,2.0501080406606196,step_4_H2O,9.0,0.0,True,2.2524824348092043,0.447500000035,True,quantitative_screening,2,2,b84cc0c42d5a45a9c29f,False,
"('COF', 'V', 'Beta_ketoenamine', 'S4', 6.0)",COF,True,esen-sm-conserving-all-oc25:relax-v4:orr-che-v3,True,0.07877648988000298,25,150,0.08,converged,,bfgs_standard,"[{""ase_converged"": true, ""converged"": true, ""end_geometry_sha256"": ""0425fb20bfe77a021e956aa0249ad2dcce41448a5a753b6b98989c6e7fa659a9"", ""failure_class"": null, ""max_force_eV_A"": 0.07877648988000298, ""name"": ""bfgs_standard"", ""start_geometry_sha256"": ""a25bf4bdcbba70258b79d04b2ea968eb425251de80ef6b3b2dfb0c109da97ee0"", ""steps"": 25}]",0425fb20bfe77a021e956aa0249ad2dcce41448a5a753b6b98989c6e7fa659a9,-135.62274888882197,True,0.076971323837595,51.0,100.0,0.08,converged,,bfgs_standard,"[{""ase_converged"": true, ""converged"": true, ""end_geometry_sha256"": ""da81467a0558c33bcf4a5c8f1d7c2fb5a8c39af9ceaf6bb7c41af1c262c32945"", ""failure_class"": null, ""max_force_eV_A"": 0.076971323837595, ""name"": ""bfgs_standard"", ""start_geometry_sha256"": ""b9f12f1343c7608e301a5fe1e6e77e0643b446a0c5031daa14a86a72631742f6"", ""steps"": 51}]",da81467a0558c33bcf4a5c8f1d7c2fb5a8c39af9ceaf6bb7c41af1c262c32945,-1.7414217565953731,True,0.07590055974636384,34.0,100.0,0.08,converged,,bfgs_standard,"[{""ase_converged"": true, ""converged"": true, ""end_geometry_sha256"": ""9b64fd40c3cd8e5790279fdc0621709c5955ab5aa40d39501db6880a1ea119f6"", ""failure_class"": null, ""max_force_eV_A"": 0.07590055974636384, ""name"": ""bfgs_standard"", ""start_geometry_sha256"": ""dd17eb1b9127439332cef2af3f6e5a77fac6c4e566ffe8ee332f2c55f4df8439"", ""steps"": 34}]",9b64fd40c3cd8e5790279fdc0621709c5955ab5aa40d39501db6880a1ea119f6,-1.9458749525248968,True,0.07446685968342102,58.0,100.0,0.08,converged,,bfgs_standard,"[{""ase_converged"": true, ""converged"": true, ""end_geometry_sha256"": ""57f214972436357bb73f764cd352a5bb2b44bf7948364b6597d6536e56d1684b"", ""failure_class"": null, ""max_force_eV_A"": 0.07446685968342102, ""name"": ""bfgs_standard"", ""start_geometry_sha256"": ""0fe0a5874d6963d3719739d87f1233540607e02133e2b52a843048d32ab80ac2"", ""steps"": 58}]",57f214972436357bb73f764cd352a5bb2b44bf7948364b6597d6536e56d1684b,-1.2965736880898442,2.970421756595373,step_4_H2O,9.0,0.0,True,3.68729670912027,0.447500000035,True,quantitative_screening,1,1,2ec402a6b9e6de7b5948,False,
"('COF', 'V', 'Imide', 'N3P', 20.0)",COF,True,esen-sm-conserving-all-oc25:relax-v4:orr-che-v3,True,0.06857151940731858,498,150,0.08,converged,,bfgs_after_fire,"[{""ase_converged"": false, ""converged"": false, ""end_geometry_sha256"": ""0c4321620802ca2cfb711d951acb1a9fb0f0522571aaa73a4379e7f023f19a98"", ""failure_class"": ""force_threshold"", ""max_force_eV_A"": 0.9917523099214232, ""name"": ""bfgs_standard"", ""start_geometry_sha256"": ""14509f210550fdfd1de115098336a1ff99cec9cd934483a8e2ab023c5bbb28fc"", ""steps"": 150}, {""ase_converged"": false, ""converged"": false, ""end_geometry_sha256"": ""9c0baea4273efb698d5749fbbc5338bf7ff69ed07a506fce4fa5862151c0524f"", ""failure_class"": ""force_threshold"", ""max_force_eV_A"": 0.9950615854884975, ""name"": ""fire_precondition"", ""qualifying"": false, ""start_geometry_sha256"": ""14509f210550fdfd1de115098336a1ff99cec9cd934483a8e2ab023c5bbb28fc"", ""steps"": 75}, {""ase_converged"": true, ""converged"": true, ""end_geometry_sha256"": ""04d78851344b78ecb394313b1ff177c2411609267140470174bc658588dcdc97"", ""failure_class"": null, ""max_force_eV_A"": 0.06857151940731858, ""name"": ""bfgs_after_fire"", ""start_geometry_sha256"": ""9c0baea4273efb698d5749fbbc5338bf7ff69ed07a506fce4fa5862151c0524f"", ""steps"": 273}]",04d78851344b78ecb394313b1ff177c2411609267140470174bc658588dcdc97,-126.80887118405434,True,0.06913961342692196,48.0,100.0,0.08,converged,,bfgs_standard,"[{""ase_converged"": true, ""converged"": true, ""end_geometry_sha256"": ""9a1d0e2f5ee1f98711f0101981a307b01cd82e504767199c3425c5255b8c9904"", ""failure_class"": null, ""max_force_eV_A"": 0.06913961342692196, ""name"": ""bfgs_standard"", ""start_geometry_sha256"": ""e1e8678ad3fd784cfbcb7ce293896793aeea1fa219c2b1bf592a8c3e1678df97"", ""steps"": 48}]",9a1d0e2f5ee1f98711f0101981a307b01cd82e504767199c3425c5255b8c9904,-0.5631763313710689,True,0.06996218075680063,42.0,100.0,0.08,converged,,bfgs_standard,"[{""ase_converged"": true, ""converged"": true, ""end_geometry_sha256"": ""0ec38b1c1678efeaefdf5e578ab43bf72c1764130704e87e8adeb6035d293099"", ""failure_class"": null, ""max_force_eV_A"": 0.06996218075680063, ""name"": ""bfgs_standard"", ""start_geometry_sha256"": ""d2736e334f23418e5473a488ae73d669f45399c2b3271ac36b57f96637ebbaca"", ""steps"": 42}]",0ec38b1c1678efeaefdf5e578ab43bf72c1764130704e87e8adeb6035d293099,-0.8016329638659918,True,0.05788546618547233,49.0,100.0,0.08,converged,,bfgs_standard,"[{""ase_converged"": true, ""converged"": true, ""end_geometry_sha256"": ""6be6a521012ee58b907ea6813536492ac3b715f0698d8b729d30b2f473be62bd"", ""failure_class"": null, ""max_force_eV_A"": 0.05788546618547233, ""name"": ""bfgs_standard"", ""start_geometry_sha256"": ""de9b0fe04372ef325e55464cd49aa88db1afec20b57b8d24649fcb9a1ffe760f"", ""steps"": 49}]",6be6a521012ee58b907ea6813536492ac3b715f0698d8b729d30b2f473be62bd,-1.3087935939431157,1.792176331371069,step_4_H2O,9.0,0.0,True,1.3648092952370607,0.447500000035,True,quantitative_screening,2,2,aedb74bdf6b4cb0c479b,False,
"('COF', 'Cr', 'Imine', 'N3S', 30.0)",COF,False,esen-sm-conserving-all-oc25:relax-v4:orr-che-v3,False,0.24194168124002027,975,150,0.08,recovery_exhausted,force_threshold,fire_small_step,"[{""ase_converged"": false, ""converged"": false, ""end_geometry_sha256"": ""24dda68facdb90a6046dd15d31410b170af8dc1ccd693f1d4747b5f73d3b2884"", ""failure_class"": ""force_threshold"", ""max_force_eV_A"": 0.6720270956919027, ""name"": ""bfgs_standard"", ""start_geometry_sha256"": ""604da4f4633b4549ed6e84aaf8b5eb9b08b3c083866660a926ec18ed7790f5a2"", ""steps"": 150}, {""ase_converged"": false, ""converged"": false, ""end_geometry_sha256"": ""1e9f80d2c69536b00b1c52821487d13b637f527fb58094966194948fcb2c0d4f"", ""failure_class"": ""force_threshold"", ""max_force_eV_A"": 0.9804853252488822, ""name"": ""fire_precondition"", ""qualifying"": false, ""start_geometry_sha256"": ""604da4f4633b4549ed6e84aaf8b5eb9b08b3c083866660a926ec18ed7790f5a2"", ""steps"": 75}, {""ase_converged"": false, ""converged"": false, ""end_geometry_sha256"": ""10c875a0ec03ff07cec8c4ba1d7a9fd39d3a73c60b9e7a7222e1c961475200a2"", ""failure_class"": ""force_threshold"", ""max_force_eV_A"": 1.2541519810891417, ""name"": ""bfgs_after_fire"", ""start_geometry_sha256"": ""1e9f80d2c69536b00b1c52821487d13b637f527fb58094966194948fcb2c0d4f"", ""steps"": 300}, {""ase_converged"": false, ""converged"": false, ""end_geometry_sha256"": ""8dcd95f35f6268511f7749e9f047be4af57afe5ff8021fbbc12e092aa1b556ac"", ""failure_class"": ""force_threshold"", ""max_force_eV_A"": 0.24194168124002027, ""name"": ""fire_small_step"", ""start_geometry_sha256"": ""24dda68facdb90a6046dd15d31410b170af8dc1ccd693f1d4747b5f73d3b2884"", ""steps"": 450}]",8dcd95f35f6268511f7749e9f047be4af57afe5ff8021fbbc12e092aa1b556ac,,,,,,,,,,,,,,,,,,,,,,,,,,,,,,,,,,,,,,,,,,True,validation_required,1,1,caf4432e730f1054812e,False,Unconverged clean relaxation: max_force=0.241942 eV/A after 975 cumulative recovery steps
"('COF', 'Cr', 'Olefin', 'N2S2', 20.0)",COF,True,esen-sm-conserving-all-oc25:relax-v4:orr-che-v3,True,0.07478205282342568,128,150,0.08,converged,,bfgs_standard,"[{""ase_converged"": true, ""converged"": true, ""end_geometry_sha256"": ""3b3d2f2ce57d1efd8ac2c7e109b8b17db7775b8a2cc2b8d9f0c78da8c1c0e404"", ""failure_class"": null, ""max_force_eV_A"": 0.07478205282342568, ""name"": ""bfgs_standard"", ""start_geometry_sha256"": ""25aa3a0ef0916c9b3808f7531b6b744e6dee881e7aae5b2effde07ecbf24d03a"", ""steps"": 128}]",3b3d2f2ce57d1efd8ac2c7e109b8b17db7775b8a2cc2b8d9f0c78da8c1c0e404,-118.86633105819573,True,0.06946052599301475,35.0,100.0,0.08,converged,,bfgs_standard,"[{""ase_converged"": true, ""converged"": true, ""end_geometry_sha256"": ""735dd36edc41573b77ec5fd802c3c978fd489c278a8355c39e7d10d276160a05"", ""failure_class"": null, ""max_force_eV_A"": 0.06946052599301475, ""name"": ""bfgs_standard"", ""start_geometry_sha256"": ""fb544a9570c65723784d84b3555dee5eb955f46c3d96374bab8b97f0c4762f14"", ""steps"": 35}]",735dd36edc41573b77ec5fd802c3c978fd489c278a8355c39e7d10d276160a05,-0.33802908405661586,True,0.07548301718510007,269.0,100.0,0.08,converged,,bfgs_after_fire,"[{""ase_converged"": false, ""converged"": false, ""end_geometry_sha256"": ""1a85048bb0cfe3131388b199fd6f02e6b3cefeb51b5d4e94e5d7d8ae69bc65bf"", ""failure_class"": ""force_threshold"", ""max_force_eV_A"": 0.20520421926863933, ""name"": ""bfgs_standard"", ""start_geometry_sha256"": ""a9ffe9c9c6faf41e79b2049179cd24995cb80627c220e7ab03aad18a3daa9b9f"", ""steps"": 100}, {""ase_converged"": true, ""converged"": true, ""end_geometry_sha256"": ""a3e917f2872978ef2b1abc44bd0415c54bcfd7e7a018a9ea804b95ca92094b4a"", ""failure_class"": null, ""max_force_eV_A"": 0.23762981644053677, ""name"": ""fire_precondition"", ""qualifying"": false, ""start_geometry_sha256"": ""a9ffe9c9c6faf41e79b2049179cd24995cb80627c220e7ab03aad18a3daa9b9f"", ""steps"": 36}, {""ase_converged"": true, ""converged"": true, ""end_geometry_sha256"": ""34e4f817f7a023ccb29e89cd3acbdee5236b055995b9cc8aa7b8b9d64d3bc36d"", ""failure_class"": null, ""max_force_eV_A"": 0.07548301718510007, ""name"": ""bfgs_after_fire"", ""start_geometry_sha256"": ""a3e917f2872978ef2b1abc44bd0415c54bcfd7e7a018a9ea804b95ca92094b4a"", ""steps"": 133}]",34e4f817f7a023ccb29e89cd3acbdee5236b055995b9cc8aa7b8b9d64d3bc36d,-0.5595007769763434,True,0.07796784669179792,274.0,100.0,0.08,converged,,bfgs_after_fire,"[{""ase_converged"": false, ""converged"": false, ""end_geometry_sha256"": ""9d63e2edae7722845dd26f9d44475128c8e136e8c9d520a560aebe491d6b74a0"", ""failure_class"": ""force_threshold"", ""max_force_eV_A"": 0.10090201989316049, ""name"": ""bfgs_standard"", ""start_geometry_sha256"": ""8a1d371d3b91b23d6b765133b165d5ca778069b74c973c08442115b1a9e7d575"", ""steps"": 100}, {""ase_converged"": true, ""converged"": true, ""end_geometry_sha256"": ""2b4faccfe33495d50c8ef0a2d816e3c5c2a232e78902c0cda8465b8450526c1c"", ""failure_class"": null, ""max_force_eV_A"": 0.15679228979928117, ""name"": ""fire_precondition"", ""qualifying"": false, ""start_geometry_sha256"": ""8a1d371d3b91b23d6b765133b165d5ca778069b74c973c08442115b1a9e7d575"", ""steps"": 30}, {""ase_converged"": true, ""converged"": true, ""end_geometry_sha256"": ""ded6aeb42b01dfdcc338a5f833af8931b98592421d857db8a3aab290f41f08d1"", ""failure_class"": null, ""max_force_eV_A"": 0.07796784669179792, ""name"": ""bfgs_after_fire"", ""start_geometry_sha256"": ""2b4faccfe33495d50c8ef0a2d816e3c5c2a232e78902c0cda8465b8450526c1c"", ""steps"": 144}]",ded6aeb42b01dfdcc338a5f833af8931b98592421d857db8a3aab290f41f08d1,2.403418014943603,1.567029084056616,step_4_H2O,9.0,0.0,True,0.8975298610329592,0.447500000035,True,quantitative_screening,2,2,efdaebc8e03038389b05,False,
"('Perovskite', 'La', 'Ti', 'Al', 0.5, 'B_vacancy')",Perovskite,True,esen-sm-conserving-all-oc25:relax-v4:orr-che-v3,True,0.05988268613271458,23,150,0.08,converged,,bfgs_standard,"[{""ase_converged"": true, ""converged"": true, ""end_geometry_sha256"": ""979cce0496d74531f9867f1ca2435b485bec067a0c2a2229740f0ad1c2ead267"", ""failure_class"": null, ""max_force_eV_A"": 0.05988268613271458, ""name"": ""bfgs_standard"", ""start_geometry_sha256"": ""a08f1ebc91b82f4238a3595b11af46d159baa73cdc2dd2485b3925a343c1cafa"", ""steps"": 23}]",979cce0496d74531f9867f1ca2435b485bec067a0c2a2229740f0ad1c2ead267,-470.74762507656624,True,0.0773031707480369,221.0,100.0,0.08,converged,,bfgs_after_fire,"[{""ase_converged"": false, ""converged"": false, ""end_geometry_sha256"": ""3f4aee15a3e62b420d59e36785a0b73f2d88ce41798d8902ae4c10c842d7e933"", ""failure_class"": ""force_threshold"", ""max_force_eV_A"": 0.125566175758957, ""name"": ""bfgs_standard"", ""start_geometry_sha256"": ""276b5e4a73ec2ca1bc20e9a268726b4d3262acf577951fa369f570121179792b"", ""steps"": 100}, {""ase_converged"": false, ""converged"": false, ""end_geometry_sha256"": ""a9861c64bb568fd46c9f723bafa0c54efb2d2d00dc26df6ab65c26230d9ece56"", ""failure_class"": ""force_threshold"", ""max_force_eV_A"": 0.6689932168495154, ""name"": ""fire_precondition"", ""qualifying"": false, ""start_geometry_sha256"": ""276b5e4a73ec2ca1bc20e9a268726b4d3262acf577951fa369f570121179792b"", ""steps"": 50}, {""ase_converged"": true, ""converged"": true, ""end_geometry_sha256"": ""f4ba100a689490c9313571dd408337096a0b72b574dd221678ec50360c5d097f"", ""failure_class"": null, ""max_force_eV_A"": 0.0773031707480369, ""name"": ""bfgs_after_fire"", ""start_geometry_sha256"": ""a9861c64bb568fd46c9f723bafa0c54efb2d2d00dc26df6ab65c26230d9ece56"", ""steps"": 71}]",f4ba100a689490c9313571dd408337096a0b72b574dd221678ec50360c5d097f,-1.65405291065568,True,0.07869833172679346,63.0,100.0,0.08,converged,,bfgs_standard,"[{""ase_converged"": true, ""converged"": true, ""end_geometry_sha256"": ""16e5889f9506a31db73e8e2c55d368ee112170f9a61f0d8c60aeb95bb1f3f03d"", ""failure_class"": null, ""max_force_eV_A"": 0.07869833172679346, ""name"": ""bfgs_standard"", ""start_geometry_sha256"": ""a8df3175cf928a1212ca0b8d5fc20b952c617d3195b0756dec7accbb75b31027"", ""steps"": 63}]",16e5889f9506a31db73e8e2c55d368ee112170f9a61f0d8c60aeb95bb1f3f03d,-0.6345492236315884,True,0.06729882512752224,97.0,100.0,0.08,converged,,bfgs_standard,"[{""ase_converged"": true, ""converged"": true, ""end_geometry_sha256"": ""057ca8a338680556657845d150c6c74aed9bef5dcefcc95e09b40105630e3b04"", ""failure_class"": null, ""max_force_eV_A"": 0.06729882512752224, ""name"": ""bfgs_standard"", ""start_geometry_sha256"": ""c12e8c4a92f5ae3947261f401772317f15726638c1539ceb2a1391b4f8dc9e0f"", ""steps"": 97}]",057ca8a338680556657845d150c6c74aed9bef5dcefcc95e09b40105630e3b04,2.375901649892362,2.88305291065568,step_4_H2O,10.0,0.0,True,2.2886021342872684,0.6527014328916925,False,quantitative_screening,0,0,964eb1ba6ad938c83b56,False,
"('Perovskite', 'La', 'Fe', 'In', 0.25, 'none')",Perovskite,True,esen-sm-conserving-all-oc25:relax-v4:orr-che-v3,True,0.05592410762000923,20,150,0.08,converged,,bfgs_standard,"[{""ase_converged"": true, ""converged"": true, ""end_geometry_sha256"": ""7f2aaf58e2a1b7e47d9eca512f23d2ed78b8e75490ef680129f022fcc12bfe54"", ""failure_class"": null, ""max_force_eV_A"": 0.05592410762000923, ""name"": ""bfgs_standard"", ""start_geometry_sha256"": ""2372a6bcc7f045af4a24a5a6875bef2b5f6d16f748597ebe77d6c396474903a6"", ""steps"": 20}]",7f2aaf58e2a1b7e47d9eca512f23d2ed78b8e75490ef680129f022fcc12bfe54,-430.4693144348018,True,0.07142865291819525,79.0,100.0,0.08,converged,,bfgs_standard,"[{""ase_converged"": true, ""converged"": true, ""end_geometry_sha256"": ""1e049e95f56841a21db3e297a1561b9e0bdc4f76d52497b8b2538d2fdd7e17f5"", ""failure_class"": null, ""max_force_eV_A"": 0.07142865291819525, ""name"": ""bfgs_standard"", ""start_geometry_sha256"": ""723be3319e0e26ee70ad81f21fd0055e10215a03d06d8ce5945e85ca79abe2c2"", ""steps"": 79}]",1e049e95f56841a21db3e297a1561b9e0bdc4f76d52497b8b2538d2fdd7e17f5,-1.831651863902864,True,0.06896007242567122,87.0,100.0,0.08,converged,,bfgs_standard,"[{""ase_converged"": true, ""converged"": true, ""end_geometry_sha256"": ""a7d468292730e4d6ed5776fd5b72454769e0cf7ee40ea29fa662814fcc35b91e"", ""failure_class"": null, ""max_force_eV_A"": 0.06896007242567122, ""name"": ""bfgs_standard"", ""start_geometry_sha256"": ""ec6722894cdba3366070f0398758923b22480786eca4bc23028427bd144f5e88"", ""steps"": 87}]",a7d468292730e4d6ed5776fd5b72454769e0cf7ee40ea29fa662814fcc35b91e,1.0916699536144485,True,0.06824921172740883,84.0,100.0,0.08,converged,,bfgs_standard,"[{""ase_converged"": true, ""converged"": true, ""end_geometry_sha256"": ""12585ea7f1dc939a716d671f7dc5930576c18b4dae388bc1740421d3e6ff3838"", ""failure_class"": null, ""max_force_eV_A"": 0.06824921172740883, ""name"": ""bfgs_standard"", ""start_geometry_sha256"": ""1bd7e00c33a5b5d6387fe4b4d433317480f7e482865e2ecf9fe0940ef29d6f8b"", ""steps"": 84}]",12585ea7f1dc939a716d671f7dc5930576c18b4dae388bc1740421d3e6ff3838,1.3751368030904905,3.0,step_4_H2O,7.0,0.0,True,2.9233218175173126,0.6527014328916925,False,quantitative_screening,1,1,dc8d4c92f3a66f1497e5,False,
"('Perovskite', 'La', 'Cu', 'Zn', 0.15, 'B_vacancy')",Perovskite,True,esen-sm-conserving-all-oc25:relax-v4:orr-che-v3,True,0.06528215929751832,29,150,0.08,converged,,bfgs_standard,"[{""ase_converged"": true, ""converged"": true, ""end_geometry_sha256"": ""fdbac836b3c1c3a9b15211cd034eb887e81ba0f030d3978173bd4a8435b45b99"", ""failure_class"": null, ""max_force_eV_A"": 0.06528215929751832, ""name"": ""bfgs_standard"", ""start_geometry_sha256"": ""2cca8951f432bb20b0ac8a1510954ec9891990b7507385cb463e949dbf267ec4"", ""steps"": 29}]",fdbac836b3c1c3a9b15211cd034eb887e81ba0f030d3978173bd4a8435b45b99,-368.4169027824583,True,0.07347700467563043,82.0,100.0,0.08,converged,,bfgs_standard,"[{""ase_converged"": true, ""converged"": true, ""end_geometry_sha256"": ""1323255e31ab4ae354bd56519a475450692321965e977871f3667c934402111c"", ""failure_class"": null, ""max_force_eV_A"": 0.07347700467563043, ""name"": ""bfgs_standard"", ""start_geometry_sha256"": ""e9417e36b07a47ff02e6cdb9131dec48d6b7985b7815b3b94bf891f388ec4ee8"", ""steps"": 82}]",1323255e31ab4ae354bd56519a475450692321965e977871f3667c934402111c,-0.5411483620107742,True,0.07557146222984579,72.0,100.0,0.08,converged,,bfgs_standard,"[{""ase_converged"": true, ""converged"": true, ""end_geometry_sha256"": ""c0a3066f8e7fd9dae064a9ff1d9ec621be1997e4e5181c5b9ed23a4630a7f489"", ""failure_class"": null, ""max_force_eV_A"": 0.07557146222984579, ""name"": ""bfgs_standard"", ""start_geometry_sha256"": ""f6a1b8b8f825f998624cbb2134801c670d562e463ca940af36f81cd0213e3d15"", ""steps"": 72}]",c0a3066f8e7fd9dae064a9ff1d9ec621be1997e4e5181c5b9ed23a4630a7f489,0.8830746777355423,True,0.07928608189296267,56.0,100.0,0.08,converged,,bfgs_standard,"[{""ase_converged"": true, ""converged"": true, ""end_geometry_sha256"": ""6b1e90da19f14e299350068d22671b50d4dac99aea18198af590a79058e89c6c"", ""failure_class"": null, ""max_force_eV_A"": 0.07928608189296267, ""name"": ""bfgs_standard"", ""start_geometry_sha256"": ""2e207046773ae6b6c4096635a32620df08c52e34d4ca98476a210c3b75cdd1b9"", ""steps"": 56}]",6b1e90da19f14e299350068d22671b50d4dac99aea18198af590a79058e89c6c,2.3537582859396116,1.7701483620107743,step_4_H2O,8.0,0.0,True,1.4242230397463165,0.6527014328916925,False,quantitative_screening,0,0,8c00eb6348f7cc937649,False,
"('Perovskite', 'La', 'Zn', 'Mn', 0.15, 'none')",Perovskite,True,esen-sm-conserving-all-oc25:relax-v4:orr-che-v3,True,0.044853737212174505,62,150,0.08,converged,,bfgs_standard,"[{""ase_converged"": true, ""converged"": true, ""end_geometry_sha256"": ""6824f27541e6a021abb5c39a112cad495fa9360945d19885753bf48e50fab5c7"", ""failure_class"": null, ""max_force_eV_A"": 0.044853737212174505, ""name"": ""bfgs_standard"", ""start_geometry_sha256"": ""103dd045d7952a0f7fe6406833244226c261eb8e2332dad28551fb9d97cdbd87"", ""steps"": 62}]",6824f27541e6a021abb5c39a112cad495fa9360945d19885753bf48e50fab5c7,-379.23932013870206,True,0.07917234629942257,250.0,100.0,0.08,converged,,bfgs_after_fire,"[{""ase_converged"": false, ""converged"": false, ""end_geometry_sha256"": ""acfe22ef975fe1ef58c9a3c910b0b95cbd50d8402b78860e53fb502f02fcc927"", ""failure_class"": ""force_threshold"", ""max_force_eV_A"": 0.4574995726901187, ""name"": ""bfgs_standard"", ""start_geometry_sha256"": ""f27731c2d01df782d2fd1f10570d78f9bbc82e17409d4887f2f4709ddbb8ebf9"", ""steps"": 100}, {""ase_converged"": false, ""converged"": false, ""end_geometry_sha256"": ""c6ef7206ca3753bc8b9edbcb323844c1261629df5cde2a63144cb6b695751c3b"", ""failure_class"": ""force_threshold"", ""max_force_eV_A"": 1.0807316622478838, ""name"": ""fire_precondition"", ""qualifying"": false, ""start_geometry_sha256"": ""f27731c2d01df782d2fd1f10570d78f9bbc82e17409d4887f2f4709ddbb8ebf9"", ""steps"": 50}, {""ase_converged"": true, ""converged"": true, ""end_geometry_sha256"": ""61948ea6b0d189f79ee8a57bc48fc67a1d00485892411c215d72c764defca4cf"", ""failure_class"": null, ""max_force_eV_A"": 0.07917234629942257, ""name"": ""bfgs_after_fire"", ""start_geometry_sha256"": ""c6ef7206ca3753bc8b9edbcb323844c1261629df5cde2a63144cb6b695751c3b"", ""steps"": 100}]",61948ea6b0d189f79ee8a57bc48fc67a1d00485892411c215d72c764defca4cf,-1.327768502086401,True,0.07270195593137654,99.0,100.0,0.08,converged,,bfgs_standard,"[{""ase_converged"": true, ""converged"": true, ""end_geometry_sha256"": ""e0f60f51668841c08c77ec4640a2f701aba0af06672fc8fe9bf46775de41dfce"", ""failure_class"": null, ""max_force_eV_A"": 0.07270195593137654, ""name"": ""bfgs_standard"", ""start_geometry_sha256"": ""7f58e2107156b8d1da42bda1076ed80af7c468e600de821b8cbc16d41ec1561a"", ""steps"": 99}]",e0f60f51668841c08c77ec4640a2f701aba0af06672fc8fe9bf46775de41dfce,0.17755023315552093,True,0.07686205058219892,82.0,100.0,0.08,converged,,bfgs_standard,"[{""ase_converged"": true, ""converged"": true, ""end_geometry_sha256"": ""da19d416f3ea2e59360dc925394e08a60659c341e9620484ce7c642505eb25da"", ""failure_class"": null, ""max_force_eV_A"": 0.07686205058219892, ""name"": ""bfgs_standard"", ""start_geometry_sha256"": ""a568f59857532646dd65ef10976fbc0b31f69efaa2c542a0e67f243ac30893e0"", ""steps"": 82}]",da19d416f3ea2e59360dc925394e08a60659c341e9620484ce7c642505eb25da,3.1527113422751176,2.556768502086401,step_4_H2O,9.0,0.0,True,1.505318735241922,0.6527014328916925,False,quantitative_screening,1,1,a956107d35caef7af6ee,False,
"('Perovskite', 'La', 'Mo', 'Nb', 0.05, 'none')",Perovskite,True,esen-sm-conserving-all-oc25:relax-v4:orr-che-v3,True,0.061773862375993256,25,150,0.08,converged,,bfgs_standard,"[{""ase_converged"": true, ""converged"": true, ""end_geometry_sha256"": ""42549b34c0866ef449a9841a40f8bc326cecbdaf9a0bb8bfdc9f1a2e7e6eb418"", ""failure_class"": null, ""max_force_eV_A"": 0.061773862375993256, ""name"": ""bfgs_standard"", ""start_geometry_sha256"": ""102956ae47576651c39dcdbba4d8fbc4465ef76f2c238a7fadddfc7dd32207cb"", ""steps"": 25}]",42549b34c0866ef449a9841a40f8bc326cecbdaf9a0bb8bfdc9f1a2e7e6eb418,-493.6816421438243,True,0.07731951495618544,79.0,100.0,0.08,converged,,bfgs_standard,"[{""ase_converged"": true, ""converged"": true, ""end_geometry_sha256"": ""a1e9e394ae169f7cf7b8f4101be53d88a3eed0746d63a3dd6b07ee05d3028f82"", ""failure_class"": null, ""max_force_eV_A"": 0.07731951495618544, ""name"": ""bfgs_standard"", ""start_geometry_sha256"": ""d29f2a9cfc3b2472e86fb4e633259df73f913dedf5b31f10cf58f6bf2c360ecd"", ""steps"": 79}]",a1e9e394ae169f7cf7b8f4101be53d88a3eed0746d63a3dd6b07ee05d3028f82,-3.6113015983998205,True,0.06195141419186404,80.0,100.0,0.08,converged,,bfgs_standard,"[{""ase_converged"": true, ""converged"": true, ""end_geometry_sha256"": ""fd65ab9cd032e9831c4b51cf323cd2a3388cb07fc005de5c6667f9add3d9dba0"", ""failure_class"": null, ""max_force_eV_A"": 0.06195141419186404, ""name"": ""bfgs_standard"", ""start_geometry_sha256"": ""09638ff4f0c95b54d1fea71ed999edf98f48680c2530ed59794e4dd93df520b0"", ""steps"": 80}]",fd65ab9cd032e9831c4b51cf323cd2a3388cb07fc005de5c6667f9add3d9dba0,-2.466755949705864,True,0.060460143206415476,256.0,100.0,0.08,converged,,bfgs_after_fire,"[{""ase_converged"": false, ""converged"": false, ""end_geometry_sha256"": ""c9c65191730349ad8ca7acd15479437cdf2b2d4e5d40032e682f3f422c51a9a1"", ""failure_class"": ""force_threshold"", ""max_force_eV_A"": 0.1303416237295868, ""name"": ""bfgs_standard"", ""start_geometry_sha256"": ""9ddc7ced0eed099f929b231caaca601329502902ea54069e9a1373d70b03ae41"", ""steps"": 100}, {""ase_converged"": false, ""converged"": false, ""end_geometry_sha256"": ""dae4e37abf6aaa0c7eeca0e883c66ae279a414b4c1a9a9ae8fd8590d820caa60"", ""failure_class"": ""force_threshold"", ""max_force_eV_A"": 1.2695369317056469, ""name"": ""fire_precondition"", ""qualifying"": false, ""start_geometry_sha256"": ""9ddc7ced0eed099f929b231caaca601329502902ea54069e9a1373d70b03ae41"", ""steps"": 50}, {""ase_converged"": true, ""converged"": true, ""end_geometry_sha256"": ""12d1dad001678631fe9cd84e9f4798f60ab85d1b8b4a4253c5d68d7e32e40aa1"", ""failure_class"": null, ""max_force_eV_A"": 0.060460143206415476, ""name"": ""bfgs_after_fire"", ""start_geometry_sha256"": ""dae4e37abf6aaa0c7eeca0e883c66ae279a414b4c1a9a9ae8fd8590d820caa60"", ""steps"": 106}]",12d1dad001678631fe9cd84e9f4798f60ab85d1b8b4a4253c5d68d7e32e40aa1,-5.926413108408532,3.0,step_4_H2O,10.0,-0.01914943417459658,True,6.078057548105685,0.6527014328916925,False,quantitative_screening,2,2,b18a6aa6546c9491bd06,False,
"('Perovskite', 'La', 'Rh', 'Al', 0.5, 'B_vacancy')",Perovskite,True,esen-sm-conserving-all-oc25:relax-v4:orr-che-v3,True,0.06537163323057191,49,150,0.08,converged,,bfgs_standard,"[{""ase_converged"": true, ""converged"": true, ""end_geometry_sha256"": ""66d33b3dd5b9264c6b1b3ddc7d6983646287dacff2b925fc8edb0d7f93c18098"", ""failure_class"": null, ""max_force_eV_A"": 0.06537163323057191, ""name"": ""bfgs_standard"", ""start_geometry_sha256"": ""cd352c8938859699025a09abd24d561839ab3a408577e78091d2e2af628c772b"", ""steps"": 49}]",66d33b3dd5b9264c6b1b3ddc7d6983646287dacff2b925fc8edb0d7f93c18098,-431.4796715453186,True,0.06820199296868286,83.0,100.0,0.08,converged,,bfgs_standard,"[{""ase_converged"": true, ""converged"": true, ""end_geometry_sha256"": ""8e1b8a9135b6d2975574775ef29e953b4b5c5517977ccd30f8ae06caf27caa17"", ""failure_class"": null, ""max_force_eV_A"": 0.06820199296868286, ""name"": ""bfgs_standard"", ""start_geometry_sha256"": ""e8f1aeb48a2db59bcd6b821b8402b072101be4579079695183f9898a8fdd3897"", ""steps"": 83}]",8e1b8a9135b6d2975574775ef29e953b4b5c5517977ccd30f8ae06caf27caa17,-0.17847841724759067,True,0.0626067451052988,65.0,100.0,0.08,converged,,bfgs_standard,"[{""ase_converged"": true, ""converged"": true, ""end_geometry_sha256"": ""894e56fd064ad9c21f813a904c9be0a6e41fea89e23afa4a39d1d8e317e7f1b0"", ""failure_class"": null, ""max_force_eV_A"": 0.0626067451052988, ""name"": ""bfgs_standard"", ""start_geometry_sha256"": ""fc121a411a0b6c3cdf4596879ebead63b842418db31861f8f543e2b19164de13"", ""steps"": 65}]",894e56fd064ad9c21f813a904c9be0a6e41fea89e23afa4a39d1d8e317e7f1b0,2.352312958985542,True,0.0763091497260237,67.0,100.0,0.08,converged,,bfgs_standard,"[{""ase_converged"": true, ""converged"": true, ""end_geometry_sha256"": ""921d98701709957cb56f1905bf7c12f5aa8d9a7b775b8d89c4765a631331dbd7"", ""failure_class"": null, ""max_force_eV_A"": 0.0763091497260237, ""name"": ""bfgs_standard"", ""start_geometry_sha256"": ""f7e3efb2fc2c116c2922c1cd8604866a07b8f411bcf4571f1aa768e351dd8bed"", ""steps"": 67}]",921d98701709957cb56f1905bf7c12f5aa8d9a7b775b8d89c4765a631331dbd7,3.1030516132711545,1.4074784172475907,step_4_H2O,10.0,0.0,True,2.530791376233133,0.6527014328916925,False,quantitative_screening,0,0,b688cbf2a25bbac19686,False,
"('Perovskite', 'La', 'W', 'In', 0.25, 'none')",Perovskite,True,esen-sm-conserving-all-oc25:relax-v4:orr-che-v3,True,0.07738984179069364,380,150,0.08,converged,,bfgs_after_fire,"[{""ase_converged"": false, ""converged"": false, ""end_geometry_sha256"": ""610366defff9062198c2016bab1bfa4b7614d277593a62388aaba99f89aca31a"", ""failure_class"": ""force_threshold"", ""max_force_eV_A"": 0.1135133901626004, ""name"": ""bfgs_standard"", ""start_geometry_sha256"": ""f486beb413079c20978d67b4e22500eab8a3d1864bf81c4db1cc6002c30ebc5a"", ""steps"": 150}, {""ase_converged"": false, ""converged"": false, ""end_geometry_sha256"": ""f28fb7a050f55873bb6aaf1fcf9e686de285f440f0537e74873ea4d7af382d47"", ""failure_class"": ""force_threshold"", ""max_force_eV_A"": 0.3469629748188817, ""name"": ""fire_precondition"", ""qualifying"": false, ""start_geometry_sha256"": ""f486beb413079c20978d67b4e22500eab8a3d1864bf81c4db1cc6002c30ebc5a"", ""steps"": 75}, {""ase_converged"": true, ""converged"": true, ""end_geometry_sha256"": ""49f277fcbecad2c67da98662a58b160f3f65f6fcf1a6178e71f1e043a2510bec"", ""failure_class"": null, ""max_force_eV_A"": 0.07738984179069364, ""name"": ""bfgs_after_fire"", ""start_geometry_sha256"": ""f28fb7a050f55873bb6aaf1fcf9e686de285f440f0537e74873ea4d7af382d47"", ""steps"": 155}]",49f277fcbecad2c67da98662a58b160f3f65f6fcf1a6178e71f1e043a2510bec,-477.64548210707187,True,0.06889281522361256,327.0,100.0,0.08,converged,,bfgs_after_fire,"[{""ase_converged"": false, ""converged"": false, ""end_geometry_sha256"": ""557a73798fa2758a4e1f76c9200009c158dd35154c4d502c16904cd694491711"", ""failure_class"": ""force_threshold"", ""max_force_eV_A"": 0.127847198260997, ""name"": ""bfgs_standard"", ""start_geometry_sha256"": ""bfb82f0c47c06daf6c949621dd5e0c4ee56d58003e14bc5750b8f0375a193514"", ""steps"": 100}, {""ase_converged"": true, ""converged"": true, ""end_geometry_sha256"": ""20162497e8c3a4fed15d4bbe00f6e6e04d6bffa49a93b5aa6d8a52aeb4ee1ba1"", ""failure_class"": null, ""max_force_eV_A"": 0.20683149511945653, ""name"": ""fire_precondition"", ""qualifying"": false, ""start_geometry_sha256"": ""bfb82f0c47c06daf6c949621dd5e0c4ee56d58003e14bc5750b8f0375a193514"", ""steps"": 37}, {""ase_converged"": true, ""converged"": true, ""end_geometry_sha256"": ""3bcbd33e9ee4f55f7fdb689cf2cc63c12f6f3a56629274b68266b1166815227a"", ""failure_class"": null, ""max_force_eV_A"": 0.06889281522361256, ""name"": ""bfgs_after_fire"", ""start_geometry_sha256"": ""20162497e8c3a4fed15d4bbe00f6e6e04d6bffa49a93b5aa6d8a52aeb4ee1ba1"", ""steps"": 190}]",3bcbd33e9ee4f55f7fdb689cf2cc63c12f6f3a56629274b68266b1166815227a,-1.0497209404408931,True,0.07740956793937043,83.0,100.0,0.08,converged,,bfgs_standard,"[{""ase_converged"": true, ""converged"": true, ""end_geometry_sha256"": ""130a31193ad7419b6006055ca1b5a7f31aa208cc5a2022a964f1192997c45cc5"", ""failure_class"": null, ""max_force_eV_A"": 0.07740956793937043, ""name"": ""bfgs_standard"", ""start_geometry_sha256"": ""e8275a047f7e93f4a55ccb45b7352960ed461dcbf7b4e7be637faea5b2f35bda"", ""steps"": 83}]",130a31193ad7419b6006055ca1b5a7f31aa208cc5a2022a964f1192997c45cc5,-0.6585665576159634,True,0.07974534383901297,43.0,100.0,0.08,converged,,bfgs_standard,"[{""ase_converged"": true, ""converged"": true, ""end_geometry_sha256"": ""58cfbb642818320cd7bd4d66c745e4e75297eb5de69ff5e3c60739b3e4797875"", ""failure_class"": null, ""max_force_eV_A"": 0.07974534383901297, ""name"": ""bfgs_standard"", ""start_geometry_sha256"": ""eec03b6e81d119ceaa5f3eca7083f14bec9b507ab58f47278b8bc247089d86f7"", ""steps"": 43}]",58cfbb642818320cd7bd4d66c745e4e75297eb5de69ff5e3c60739b3e4797875,-1.3603349223733199,2.278720940440893,step_4_H2O,10.0,-1.2760569141956046,True,1.7082874980568565,0.6527014328916925,False,quantitative_screening,0,0,37d4089b1449c2fa8668,False,
"('Perovskite', 'La', 'Pt', 'Zn', 0.15, 'B_vacancy')",Perovskite,True,esen-sm-conserving-all-oc25:relax-v4:orr-che-v3,True,0.07131551222739932,31,150,0.08,converged,,bfgs_standard,"[{""ase_converged"": true, ""converged"": true, ""end_geometry_sha256"": ""c109618cda228ea0beb376f2e83ba16c4ea837719fca04e31c2e0671d959bdff"", ""failure_class"": null, ""max_force_eV_A"": 0.07131551222739932, ""name"": ""bfgs_standard"", ""start_geometry_sha256"": ""a8174a8c3211b56525403c8b8f9be6995314561fa563b00c94f545ee62002744"", ""steps"": 31}]",c109618cda228ea0beb376f2e83ba16c4ea837719fca04e31c2e0671d959bdff,-389.15238563634847,True,0.06237158748271595,241.0,100.0,0.08,converged,,bfgs_after_fire,"[{""ase_converged"": false, ""converged"": false, ""end_geometry_sha256"": ""0791bec03037b4009eb3f8d0e5bf6728c74fdd07030f6a55041321041633793a"", ""failure_class"": ""force_threshold"", ""max_force_eV_A"": 0.10903396855949508, ""name"": ""bfgs_standard"", ""start_geometry_sha256"": ""c2db24bbb725f724a8412091c4c396ea2844bebe8bf421d603c4d54136362876"", ""steps"": 100}, {""ase_converged"": false, ""converged"": false, ""end_geometry_sha256"": ""5443284e54f34a49c78e99f42794064c6635691765de88283502048f4ff9ede5"", ""failure_class"": ""force_threshold"", ""max_force_eV_A"": 0.6127540909565581, ""name"": ""fire_precondition"", ""qualifying"": false, ""start_geometry_sha256"": ""c2db24bbb725f724a8412091c4c396ea2844bebe8bf421d603c4d54136362876"", ""steps"": 50}, {""ase_converged"": true, ""converged"": true, ""end_geometry_sha256"": ""ec7c5e6a5d8fc149d8c05d1e56b50343c993bef009f50a79ecccb2fe9166378b"", ""failure_class"": null, ""max_force_eV_A"": 0.06237158748271595, ""name"": ""bfgs_after_fire"", ""start_geometry_sha256"": ""5443284e54f34a49c78e99f42794064c6635691765de88283502048f4ff9ede5"", ""steps"": 91}]",ec7c5e6a5d8fc149d8c05d1e56b50343c993bef009f50a79ecccb2fe9166378b,-1.414464650005159,True,0.059703323286062114,288.0,100.0,0.08,converged,,bfgs_after_fire,"[{""ase_converged"": false, ""converged"": false, ""end_geometry_sha256"": ""0dd80084a40930d3ad4117310d59e545b9db869a6e2d32f01dd83841daa3c2c5"", ""failure_class"": ""force_threshold"", ""max_force_eV_A"": 0.13683088280636063, ""name"": ""bfgs_standard"", ""start_geometry_sha256"": ""4730935d79a394c5d675fc4bf14686776d805b1395c7c73a43590f9880de76bc"", ""steps"": 100}, {""ase_converged"": false, ""converged"": false, ""end_geometry_sha256"": ""5645921d7f2bafbb07bfbd1e21d7e3110cb2915c4ca9a857fb0bbb0a3c9fca15"", ""failure_class"": ""force_threshold"", ""max_force_eV_A"": 0.40331756851309924, ""name"": ""fire_precondition"", ""qualifying"": false, ""start_geometry_sha256"": ""4730935d79a394c5d675fc4bf14686776d805b1395c7c73a43590f9880de76bc"", ""steps"": 50}, {""ase_converged"": true, ""converged"": true, ""end_geometry_sha256"": ""eaddf06a31e90183960575a8511bc6a51d5cce0f86cc68eacd23a42a0fc97644"", ""failure_class"": null, ""max_force_eV_A"": 0.059703323286062114, ""name"": ""bfgs_after_fire"", ""start_geometry_sha256"": ""5645921d7f2bafbb07bfbd1e21d7e3110cb2915c4ca9a857fb0bbb0a3c9fca15"", ""steps"": 138}]",eaddf06a31e90183960575a8511bc6a51d5cce0f86cc68eacd23a42a0fc97644,0.01575342491266625,True,0.07859079529832161,292.0,100.0,0.08,converged,,bfgs_after_fire,"[{""ase_converged"": false, ""converged"": false, ""end_geometry_sha256"": ""c571a0451c6dd532da55cf32607d39d386586f4cc0a72b721123e775fb9707b9"", ""failure_class"": ""force_threshold"", ""max_force_eV_A"": 0.37783751452400727, ""name"": ""bfgs_standard"", ""start_geometry_sha256"": ""7e120216b1fa45cb9d927f607e3b40a2c22783de0fb3403a4333d6c157061011"", ""steps"": 100}, {""ase_converged"": false, ""converged"": false, ""end_geometry_sha256"": ""e32db96abffab9d41c26aabedaca2bdd048722059cb755f4c4ba175b5b81f1ce"", ""failure_class"": ""force_threshold"", ""max_force_eV_A"": 0.4205893450156009, ""name"": ""fire_precondition"", ""qualifying"": false, ""start_geometry_sha256"": ""7e120216b1fa45cb9d927f607e3b40a2c22783de0fb3403a4333d6c157061011"", ""steps"": 50}, {""ase_converged"": true, ""converged"": true, ""end_geometry_sha256"": ""96c080ffb2513c072f2664b68f8ccaff39f6582a2dc385a384cc48a8d21aecd9"", ""failure_class"": null, ""max_force_eV_A"": 0.07859079529832161, ""name"": ""bfgs_after_fire"", ""start_geometry_sha256"": ""e32db96abffab9d41c26aabedaca2bdd048722059cb755f4c4ba175b5b81f1ce"", ""steps"": 142}]",96c080ffb2513c072f2664b68f8ccaff39f6582a2dc385a384cc48a8d21aecd9,1.0451091036200273,2.643464650005159,step_4_H2O,10.0,-1.2432448990821499,True,1.4302180749178253,0.6527014328916925,False,quantitative_screening,1,1,a97f026107966b46c2c5,False,
"('Perovskite', 'La', 'Al', 'Mn', 0.15, 'none')",Perovskite,True,esen-sm-conserving-all-oc25:relax-v4:orr-che-v3,True,0.0466969396089273,22,150,0.08,converged,,bfgs_standard,"[{""ase_converged"": true, ""converged"": true, ""end_geometry_sha256"": ""d3cb7d0668b02381d0b6171b1a800ddcea5508f09a3fe17301e6c8daf62f009a"", ""failure_class"": null, ""max_force_eV_A"": 0.0466969396089273, ""name"": ""bfgs_standard"", ""start_geometry_sha256"": ""beb6a0c1cccd8652a882603147d40a05cb2abc548e0d3a8f7e7d0ad80478fd09"", ""steps"": 22}]",d3cb7d0668b02381d0b6171b1a800ddcea5508f09a3fe17301e6c8daf62f009a,-456.9386394221185,True,0.06755762503067006,92.0,100.0,0.08,converged,,bfgs_standard,"[{""ase_converged"": true, ""converged"": true, ""end_geometry_sha256"": ""75b9b245b518fbbcaaf56c87d9dffbee46e304fbfb284881fd88d00b8c498a5d"", ""failure_class"": null, ""max_force_eV_A"": 0.06755762503067006, ""name"": ""bfgs_standard"", ""start_geometry_sha256"": ""95e648bba857e41d5f8a5fe6407fa1a8ff77e7bfa1fded6972ca2ec88595cb7f"", ""steps"": 92}]",75b9b245b518fbbcaaf56c87d9dffbee46e304fbfb284881fd88d00b8c498a5d,0.4762190009653568,True,0.0758506497257095,38.0,100.0,0.08,converged,,bfgs_standard,"[{""ase_converged"": true, ""converged"": true, ""end_geometry_sha256"": ""28bc80210710ac538ae16b1a7bf9379a231c7b640915b5daad5e36b983e96c31"", ""failure_class"": null, ""max_force_eV_A"": 0.0758506497257095, ""name"": ""bfgs_standard"", ""start_geometry_sha256"": ""72fe067bc81674be4420adc824b05ae0a04bf68262a4d23cabbcd8a933895b98"", ""steps"": 38}]",28bc80210710ac538ae16b1a7bf9379a231c7b640915b5daad5e36b983e96c31,4.6919583447277295,True,0.06490597988919788,39.0,100.0,0.08,converged,,bfgs_standard,"[{""ase_converged"": true, ""converged"": true, ""end_geometry_sha256"": ""1a4017c52f8d2698d7a4a4cba2735a828ddc274864cd2661747f690a0739952f"", ""failure_class"": null, ""max_force_eV_A"": 0.06490597988919788, ""name"": ""bfgs_standard"", ""start_geometry_sha256"": ""d341cb0c48964c7a08b5fde428eb8bb3b49118bccbc128360cb7a11f52d148ff"", ""steps"": 39}]",1a4017c52f8d2698d7a4a4cba2735a828ddc274864cd2661747f690a0739952f,5.41285080760715,1.72185080760715,step_1_OOH,9.0,0.0,True,5.168177345693087,0.6527014328916925,False,quantitative_screening,2,2,cd59df10167a0b183a17,False,
"('Perovskite', 'La', 'Sn', 'Nb', 0.05, 'none')",Perovskite,True,esen-sm-conserving-all-oc25:relax-v4:orr-che-v3,True,0.07013281948593789,40,150,0.08,converged,,bfgs_standard,"[{""ase_converged"": true, ""converged"": true, ""end_geometry_sha256"": ""8aa5d176063a06dbc90f6187d5854ab8aee5e1cde4098274d229c3c2754b005a"", ""failure_class"": null, ""max_force_eV_A"": 0.07013281948593789, ""name"": ""bfgs_standard"", ""start_geometry_sha256"": ""1d692a2c96f3301ecc1e9c3d1a83d79c086caf4b8e2a81885a79eeb57ad36020"", ""steps"": 40}]",8aa5d176063a06dbc90f6187d5854ab8aee5e1cde4098274d229c3c2754b005a,-414.0951393966489,True,0.07092674369475754,64.0,100.0,0.08,converged,,bfgs_standard,"[{""ase_converged"": true, ""converged"": true, ""end_geometry_sha256"": ""6f9dc8874f0c75fda229ac12e5fc84e8884fbe68518c65ebd5e0d588d3cea2b9"", ""failure_class"": null, ""max_force_eV_A"": 0.07092674369475754, ""name"": ""bfgs_standard"", ""start_geometry_sha256"": ""6d169f13bc42790d0214d3d63a42f064f1c31b99572cebdb6af4ba4c76514e27"", ""steps"": 64}]",6f9dc8874f0c75fda229ac12e5fc84e8884fbe68518c65ebd5e0d588d3cea2b9,0.7831991340219975,True,0.06773676047752966,270.0,100.0,0.08,converged,,bfgs_after_fire,"[{""ase_converged"": false, ""converged"": false, ""end_geometry_sha256"": ""307a57f847a15c08e8cbe06247fafa1913cd304bf8cb007d9bb427a1ecd52404"", ""failure_class"": ""force_threshold"", ""max_force_eV_A"": 0.5927274319723982, ""name"": ""bfgs_standard"", ""start_geometry_sha256"": ""cdfa156b503a6e259ec73829c4112c5cd3d83bda240b55c2be1a69fb8db0ce7c"", ""steps"": 100}, {""ase_converged"": false, ""converged"": false, ""end_geometry_sha256"": ""90cf14440c5b43dee6aa7a726d50f17fda1ae9fdef13f3ea6f3f5ce10d5d91d7"", ""failure_class"": ""force_threshold"", ""max_force_eV_A"": 1.1682780783193354, ""name"": ""fire_precondition"", ""qualifying"": false, ""start_geometry_sha256"": ""cdfa156b503a6e259ec73829c4112c5cd3d83bda240b55c2be1a69fb8db0ce7c"", ""steps"": 50}, {""ase_converged"": true, ""converged"": true, ""end_geometry_sha256"": ""090a6c97f17d092743d6de6e6dc07b767c49baf33cd5c08cae33f967e0f0d535"", ""failure_class"": null, ""max_force_eV_A"": 0.06773676047752966, ""name"": ""bfgs_after_fire"", ""start_geometry_sha256"": ""90cf14440c5b43dee6aa7a726d50f17fda1ae9fdef13f3ea6f3f5ce10d5d91d7"", ""steps"": 120}]",090a6c97f17d092743d6de6e6dc07b767c49baf33cd5c08cae33f967e0f0d535,0.32860843017694846,True,0.07636491924465706,251.0,100.0,0.08,converged,,bfgs_after_fire,"[{""ase_converged"": false, ""converged"": false, ""end_geometry_sha256"": ""638f9b0d84626996a115e179dfb5802dd1a5a34884744cc47261229b7fd6b9aa"", ""failure_class"": ""force_threshold"", ""max_force_eV_A"": 0.17636315164763675, ""name"": ""bfgs_standard"", ""start_geometry_sha256"": ""2abbdfd1b4c5b48800eae2bffd17aa0e838cc37c89ba5364fc1fdd58ad00750e"", ""steps"": 100}, {""ase_converged"": false, ""converged"": false, ""end_geometry_sha256"": ""12835a3e2adb4ee63769b30a2f6b1a96b3f2ec39b651f018cd6c3b5024692adb"", ""failure_class"": ""force_threshold"", ""max_force_eV_A"": 0.5752536449317226, ""name"": ""fire_precondition"", ""qualifying"": false, ""start_geometry_sha256"": ""2abbdfd1b4c5b48800eae2bffd17aa0e838cc37c89ba5364fc1fdd58ad00750e"", ""steps"": 50}, {""ase_converged"": true, ""converged"": true, ""end_geometry_sha256"": ""361ab06b0f0505fca3733275e220a557a9f3dfedbbc1990c41622f47f6eadf00"", ""failure_class"": null, ""max_force_eV_A"": 0.07636491924465706, ""name"": ""bfgs_after_fire"", ""start_geometry_sha256"": ""12835a3e2adb4ee63769b30a2f6b1a96b3f2ec39b651f018cd6c3b5024692adb"", ""steps"": 101}]",361ab06b0f0505fca3733275e220a557a9f3dfedbbc1990c41622f47f6eadf00,3.691678474843477,1.683590703845049,step_3_OH,10.0,0.0,True,1.111807564198946,0.6527014328916925,False,quantitative_screening,2,2,05306d57bbdea1f644ba,False,
"('MAXPhase', 'Ti', 'Al', 'C', 2, 'Sc', 'edge_1010')",MAXPhase,False,esen-sm-conserving-all-oc25:relax-v4:orr-che-v3,True,0.07653795332998897,97,150,0.08,converged,,bfgs_standard,"[{""ase_converged"": true, ""converged"": true, ""end_geometry_sha256"": ""6391666939c5facbfaae068c1736701f63ef0f3b84626857b39c545c7e5b6299"", ""failure_class"": null, ""max_force_eV_A"": 0.07653795332998897, ""name"": ""bfgs_standard"", ""start_geometry_sha256"": ""4ce3fda684dc5286478b4342c0e4157623306e0c0de27f0d227928b063d3874b"", ""steps"": 97}]",6391666939c5facbfaae068c1736701f63ef0f3b84626857b39c545c7e5b6299,-207.8656980744846,True,0.07768218937922942,373.0,100.0,0.08,converged,,fire_small_step,"[{""ase_converged"": false, ""converged"": false, ""end_geometry_sha256"": ""ac5349b89c255e2fe5f1fc910047c9e31ac75b13937df5088f1f0687f1b03309"", ""failure_class"": ""force_threshold"", ""max_force_eV_A"": 0.30800718720185977, ""name"": ""bfgs_standard"", ""start_geometry_sha256"": ""7dc7b97edc30804740c61f0b98152c5524b3219c4ac7d8b01073a04b5600f92f"", ""steps"": 100}, {""ase_converged"": false, ""converged"": false, ""end_geometry_sha256"": ""2da41c3f023c8e079c85fedf4b11ffd67284887512663000ceb0d5f4d7656b94"", ""failure_class"": ""force_threshold"", ""max_force_eV_A"": 0.4626136538813693, ""name"": ""fire_precondition"", ""qualifying"": false, ""start_geometry_sha256"": ""7dc7b97edc30804740c61f0b98152c5524b3219c4ac7d8b01073a04b5600f92f"", ""steps"": 50}, {""ase_converged"": false, ""converged"": false, ""end_geometry_sha256"": ""8d484318428d054e7aed142b896ae783b8cfc05d4c4da9533ce8c06d1b4c7ba9"", ""failure_class"": ""force_threshold"", ""max_force_eV_A"": 1.4262952204014465, ""name"": ""bfgs_after_fire"", ""start_geometry_sha256"": ""2da41c3f023c8e079c85fedf4b11ffd67284887512663000ceb0d5f4d7656b94"", ""steps"": 200}, {""ase_converged"": true, ""converged"": true, ""end_geometry_sha256"": ""410a150cda3f74ff8d0aa5bfb206c0dfbb8edc3aca2be9cfd34042dbe086007c"", ""failure_class"": null, ""max_force_eV_A"": 0.07768218937922942, ""name"": ""fire_small_step"", ""start_geometry_sha256"": ""ac5349b89c255e2fe5f1fc910047c9e31ac75b13937df5088f1f0687f1b03309"", ""steps"": 23}]",410a150cda3f74ff8d0aa5bfb206c0dfbb8edc3aca2be9cfd34042dbe086007c,-4.745323357433081,True,0.06779294809705752,50.0,100.0,0.08,converged,,bfgs_standard,"[{""ase_converged"": true, ""converged"": true, ""end_geometry_sha256"": ""646a0aeade57ffc3fff862b08ab0ec09dc763042c32efc2c79e047dc88cef5da"", ""failure_class"": null, ""max_force_eV_A"": 0.06779294809705752, ""name"": ""bfgs_standard"", ""start_geometry_sha256"": ""ae5647eb54eff3e93c23d4b154d779c90d38f927ea9760fe5e78ad3c66413f30"", ""steps"": 50}]",646a0aeade57ffc3fff862b08ab0ec09dc763042c32efc2c79e047dc88cef5da,-2.999493681639458,False,0.18641462496214437,650.0,100.0,0.08,recovery_exhausted,force_threshold,bfgs_after_fire,"[{""ase_converged"": false, ""converged"": false, ""end_geometry_sha256"": ""86654294c1a396a41f6e9e9fe446b8ea322269f581715a8180d273ac62ceebaa"", ""failure_class"": ""force_threshold"", ""max_force_eV_A"": 0.5198960378857599, ""name"": ""bfgs_standard"", ""start_geometry_sha256"": ""64da7fa1ab6efc09448dfc8647274f7f45874cf52658af738b08f9bac43ebbb8"", ""steps"": 100}, {""ase_converged"": false, ""converged"": false, ""end_geometry_sha256"": ""71c08c467ad342d7855d6184552570883a6d1afe8247b75888b1871085d2c7e2"", ""failure_class"": ""force_threshold"", ""max_force_eV_A"": 7.558199000352466, ""name"": ""fire_precondition"", ""qualifying"": false, ""start_geometry_sha256"": ""64da7fa1ab6efc09448dfc8647274f7f45874cf52658af738b08f9bac43ebbb8"", ""steps"": 50}, {""ase_converged"": false, ""converged"": false, ""end_geometry_sha256"": ""c6c506c8f1d74b70b20d70e164affaa39d5fa56a3a9a5e4f85f36cac490f93ea"", ""failure_class"": ""force_threshold"", ""max_force_eV_A"": 0.18641462496214437, ""name"": ""bfgs_after_fire"", ""start_geometry_sha256"": ""71c08c467ad342d7855d6184552570883a6d1afe8247b75888b1871085d2c7e2"", ""steps"": 200}, {""ase_converged"": false, ""converged"": false, ""end_geometry_sha256"": ""d4f04d64b98e8d3a953282927a4c10d61373e96a479c64aca26090ac60363775"", ""failure_class"": ""force_threshold"", ""max_force_eV_A"": 0.4843294069501173, ""name"": ""fire_small_step"", ""start_geometry_sha256"": ""c6c506c8f1d74b70b20d70e164affaa39d5fa56a3a9a5e4f85f36cac490f93ea"", ""steps"": 300}]",c6c506c8f1d74b70b20d70e164affaa39d5fa56a3a9a5e4f85f36cac490f93ea,,,,,,,,,True,validation_required,0,0,e9a9e07e87dc75395092,False,Unconverged ooh relaxation: max_force=0.186415 eV/A after 650 cumulative recovery steps
"('MAXPhase', 'Ti', 'Si', 'N', 1, 'Co', 'edge_1010')",MAXPhase,False,esen-sm-conserving-all-oc25:relax-v4:orr-che-v3,True,0.0,0,150,0.08,converged,,bfgs_standard,"[{""ase_converged"": true, ""converged"": true, ""end_geometry_sha256"": ""fc0b07b88a1dcc66d1db4f5683ac1a50fd251d1b271914c9f1c26dd93293902e"", ""failure_class"": null, ""max_force_eV_A"": 0.0, ""name"": ""bfgs_standard"", ""start_geometry_sha256"": ""fc0b07b88a1dcc66d1db4f5683ac1a50fd251d1b271914c9f1c26dd93293902e"", ""steps"": 0}]",fc0b07b88a1dcc66d1db4f5683ac1a50fd251d1b271914c9f1c26dd93293902e,-128.00666233226562,True,0.03857099105358264,21.0,100.0,0.08,converged,,bfgs_standard,"[{""ase_converged"": true, ""converged"": true, ""end_geometry_sha256"": ""bebf11a25106c97ebcb3af26e2e3ccc8c928c6ca9756a2b8dbaebeb65308d3e3"", ""failure_class"": null, ""max_force_eV_A"": 0.03857099105358264, ""name"": ""bfgs_standard"", ""start_geometry_sha256"": ""2dad1113b911412e20a7ea4456df68d29db1d8710f0e202c53d5d57cb24f0f77"", ""steps"": 21}]",bebf11a25106c97ebcb3af26e2e3ccc8c928c6ca9756a2b8dbaebeb65308d3e3,4.110683264881372,True,0.07390902960457305,23.0,100.0,0.08,converged,,bfgs_standard,"[{""ase_converged"": true, ""converged"": true, ""end_geometry_sha256"": ""d6489bfb1fd0abb11289f07dfff545d00e781bc73c1dda88b52a1476d5f55e28"", ""failure_class"": null, ""max_force_eV_A"": 0.07390902960457305, ""name"": ""bfgs_standard"", ""start_geometry_sha256"": ""fa61743d8ea0cc5cbfd5ae3639447b833aa852e3ec6e626b4421dfc886c6a5fa"", ""steps"": 23}]",d6489bfb1fd0abb11289f07dfff545d00e781bc73c1dda88b52a1476d5f55e28,-2.795987211912867,True,0.05855036242022475,39.0,100.0,0.08,converged,,bfgs_standard,"[{""ase_converged"": true, ""converged"": true, ""end_geometry_sha256"": ""ffd1ca0e5b6d88e801abe721cce0927f00f2069e1c1684bc7eb557cbd643271b"", ""failure_class"": null, ""max_force_eV_A"": 0.05855036242022475, ""name"": ""bfgs_standard"", ""start_geometry_sha256"": ""3402d193ca7bc116a19a385a40fc4d04e7f55c1307d9c972048f654ac26cdcdd"", ""steps"": 39}]",ffd1ca0e5b6d88e801abe721cce0927f00f2069e1c1684bc7eb557cbd643271b,13.66108841747046,9.97008841747046,step_1_OOH,9.0,0.0,True,6.906670476794239,,True,validation_required,1,1,24373518f30bc065ea21,False,Unphysical dG_OOH_eV=13.66 eV
"('MAXPhase', 'Ti', 'P', 'C', 3, 'Fe', 'edge_1010')",MAXPhase,True,esen-sm-conserving-all-oc25:relax-v4:orr-che-v3,True,0.07832181323644528,136,150,0.08,converged,,bfgs_standard,"[{""ase_converged"": true, ""converged"": true, ""end_geometry_sha256"": ""e51f91fd296b6d4d49b00ce8e6732c4456926ca0009f6b4eb4f1a5732ce9f718"", ""failure_class"": null, ""max_force_eV_A"": 0.07832181323644528, ""name"": ""bfgs_standard"", ""start_geometry_sha256"": ""5348b25e75275e457290c604ac6be93f49a81643520f21a87550697cdb4a4df0"", ""steps"": 136}]",e51f91fd296b6d4d49b00ce8e6732c4456926ca0009f6b4eb4f1a5732ce9f718,-294.99029537841113,True,0.06763028847106449,64.0,100.0,0.08,converged,,bfgs_standard,"[{""ase_converged"": true, ""converged"": true, ""end_geometry_sha256"": ""a1f1c924c63eca9d698691b33d7f4622def237a64cef10b785bf857b1bd0d2f1"", ""failure_class"": null, ""max_force_eV_A"": 0.06763028847106449, ""name"": ""bfgs_standard"", ""start_geometry_sha256"": ""eb0a1c5c6ccb85cccccecf3d80ad55da5e3537e628e3c37ee899d59f33486c09"", ""steps"": 64}]",a1f1c924c63eca9d698691b33d7f4622def237a64cef10b785bf857b1bd0d2f1,-2.33592623218894,True,0.06488923149044581,56.0,100.0,0.08,converged,,bfgs_standard,"[{""ase_converged"": true, ""converged"": true, ""end_geometry_sha256"": ""6ff10ece0fd5cb2a6187a29b9d22013783ed9d43e58712f01993c6ae9e68d10e"", ""failure_class"": null, ""max_force_eV_A"": 0.06488923149044581, ""name"": ""bfgs_standard"", ""start_geometry_sha256"": ""0f501141c46890fa1636f425b3aacbdb0aac30e9b9a48eea35405b5838a1f1ab"", ""steps"": 56}]",6ff10ece0fd5cb2a6187a29b9d22013783ed9d43e58712f01993c6ae9e68d10e,-1.6943674914540245,True,0.07800882429578657,302.0,100.0,0.08,converged,,bfgs_after_fire,"[{""ase_converged"": false, ""converged"": false, ""end_geometry_sha256"": ""e9bbfda3c100c52f253f79a150f632ba108c68db6870269e86f923d76ac4bb21"", ""failure_class"": ""force_threshold"", ""max_force_eV_A"": 1.5009775506296565, ""name"": ""bfgs_standard"", ""start_geometry_sha256"": ""7be9a097526a153d5be4c71762201873d5b4a76d83007027d6329ca0a2c03d7a"", ""steps"": 100}, {""ase_converged"": false, ""converged"": false, ""end_geometry_sha256"": ""40d7de5c0e01d3103e2e09a3074b86f6d3baba0ab8435ccfd6fbeadf4ce95afe"", ""failure_class"": ""force_threshold"", ""max_force_eV_A"": 10.985798722827154, ""name"": ""fire_precondition"", ""qualifying"": false, ""start_geometry_sha256"": ""7be9a097526a153d5be4c71762201873d5b4a76d83007027d6329ca0a2c03d7a"", ""steps"": 50}, {""ase_converged"": true, ""converged"": true, ""end_geometry_sha256"": ""a2b0da87b7d280552688691020da9b809a5c5809ba3b8c1d0686274890f87ca6"", ""failure_class"": null, ""max_force_eV_A"": 0.07800882429578657, ""name"": ""bfgs_after_fire"", ""start_geometry_sha256"": ""40d7de5c0e01d3103e2e09a3074b86f6d3baba0ab8435ccfd6fbeadf4ce95afe"", ""steps"": 152}]",a2b0da87b7d280552688691020da9b809a5c5809ba3b8c1d0686274890f87ca6,2.2538237079978307,3.0,step_4_H2O,7.0,0.0,True,4.030293723642965,0.5199556092414295,False,quantitative_screening,2,2,9127ac221973dab357ce,False,
"('MAXPhase', 'Ti', 'P', 'N', 2, 'Hf', 'basal_0001')",MAXPhase,True,esen-sm-conserving-all-oc25:relax-v4:orr-che-v3,True,0.07732985020150335,41,150,0.08,converged,,bfgs_standard,"[{""ase_converged"": true, ""converged"": true, ""end_geometry_sha256"": ""a3baf2a18b6a3ed349bb3679c418904367dba6ff439762e5d2f8ece6a18a66a4"", ""failure_class"": null, ""max_force_eV_A"": 0.07732985020150335, ""name"": ""bfgs_standard"", ""start_geometry_sha256"": ""ade5c109783e8cbd2dad94cf6e6e9f5b645a3185024a20be35ad3945461816e4"", ""steps"": 41}]",a3baf2a18b6a3ed349bb3679c418904367dba6ff439762e5d2f8ece6a18a66a4,-217.32582340313434,True,0.06155634577549796,75.0,100.0,0.08,converged,,bfgs_standard,"[{""ase_converged"": true, ""converged"": true, ""end_geometry_sha256"": ""a079f934394b0fa2121742d5ce3a0c46897e55c21d0dab9978ecc5bbd8574cdf"", ""failure_class"": null, ""max_force_eV_A"": 0.06155634577549796, ""name"": ""bfgs_standard"", ""start_geometry_sha256"": ""935d88308b158eb873a530826df8ee9f160e1fb8da28130ee998ba02ca2b5ecf"", ""steps"": 75}]",a079f934394b0fa2121742d5ce3a0c46897e55c21d0dab9978ecc5bbd8574cdf,-3.5297242973744867,True,0.06598195095374984,24.0,100.0,0.08,converged,,bfgs_standard,"[{""ase_converged"": true, ""converged"": true, ""end_geometry_sha256"": ""dcb67faa318877a3548c0a82f983fbcfd984ae1ef5ef9c1532b43a8f0a25c899"", ""failure_class"": null, ""max_force_eV_A"": 0.06598195095374984, ""name"": ""bfgs_standard"", ""start_geometry_sha256"": ""82f61c9345d76590fbba051de44dc67fc970e320d738d8af2c29520e285c7e92"", ""steps"": 24}]",dcb67faa318877a3548c0a82f983fbcfd984ae1ef5ef9c1532b43a8f0a25c899,-3.351922117918755,True,0.07568929901335592,67.0,100.0,0.08,converged,,bfgs_standard,"[{""ase_converged"": true, ""converged"": true, ""end_geometry_sha256"": ""aaba7e0adb9beae1def20bcdafbffdeea17831cb5161b1b5e0aab4c5cedeb838"", ""failure_class"": null, ""max_force_eV_A"": 0.07568929901335592, ""name"": ""bfgs_standard"", ""start_geometry_sha256"": ""81ddea9a3ac444bccd67e5cf2a66b5de87d525971301712b4a7d88f062715236"", ""steps"": 67}]",aaba7e0adb9beae1def20bcdafbffdeea17831cb5161b1b5e0aab4c5cedeb838,-5.1149201884866,3.0,step_4_H2O,10.0,0.0,True,6.8816464152932415,0.5199556092414295,False,quantitative_screening,1,1,a7d40b5d8c2f3d1c6962,False,
"('MAXPhase', 'Ti', 'S', 'N', 2, 'None', 'edge_1010')",MAXPhase,True,esen-sm-conserving-all-oc25:relax-v4:orr-che-v3,True,0.07954586250457203,50,150,0.08,converged,,bfgs_standard,"[{""ase_converged"": true, ""converged"": true, ""end_geometry_sha256"": ""ebf89f69c0505dfe3bc70db7cd1e01b8cd47931b323ebdd76363cff99132f1f8"", ""failure_class"": null, ""max_force_eV_A"": 0.07954586250457203, ""name"": ""bfgs_standard"", ""start_geometry_sha256"": ""bd87ea57a105f34a66d48264c998b12684aa04c8f10ff8a04232fe69e7206d7d"", ""steps"": 50}]",ebf89f69c0505dfe3bc70db7cd1e01b8cd47931b323ebdd76363cff99132f1f8,-212.72331216778406,True,0.0751541118977873,59.0,100.0,0.08,converged,,bfgs_standard,"[{""ase_converged"": true, ""converged"": true, ""end_geometry_sha256"": ""00f199f2c8764bdac1f60e446e066ec67e1f5dfc71b8f33c09c43ca826b375a9"", ""failure_class"": null, ""max_force_eV_A"": 0.0751541118977873, ""name"": ""bfgs_standard"", ""start_geometry_sha256"": ""a70db8d9854d7da1d5814d2c13e83027be88a965c62d06381e079926fb1f85f4"", ""steps"": 59}]",00f199f2c8764bdac1f60e446e066ec67e1f5dfc71b8f33c09c43ca826b375a9,-2.5070192192494867,True,0.0647543150533747,213.0,100.0,0.08,converged,,bfgs_after_fire,"[{""ase_converged"": false, ""converged"": false, ""end_geometry_sha256"": ""9334426c6c9c522e4b36d64344db811f097a1124030c6fc21bb80d6b50d6d6f0"", ""failure_class"": ""force_threshold"", ""max_force_eV_A"": 0.1594579113626406, ""name"": ""bfgs_standard"", ""start_geometry_sha256"": ""cb64bb20d24b3bf865643b4c31e9157d84ff4f27448b599d3638aa99c0fa8bd0"", ""steps"": 100}, {""ase_converged"": true, ""converged"": true, ""end_geometry_sha256"": ""53803ba5bae7ef8883c1bdbff2896ce8b3bde3f9ec23b7204fd45daf60d48d46"", ""failure_class"": null, ""max_force_eV_A"": 0.24081209546702304, ""name"": ""fire_precondition"", ""qualifying"": false, ""start_geometry_sha256"": ""cb64bb20d24b3bf865643b4c31e9157d84ff4f27448b599d3638aa99c0fa8bd0"", ""steps"": 28}, {""ase_converged"": true, ""converged"": true, ""end_geometry_sha256"": ""e2bbc2db2f1fe48d615306efe89ec1b51611ac312ff7f23e0201dd4cf044f9f2"", ""failure_class"": null, ""max_force_eV_A"": 0.0647543150533747, ""name"": ""bfgs_after_fire"", ""start_geometry_sha256"": ""53803ba5bae7ef8883c1bdbff2896ce8b3bde3f9ec23b7204fd45daf60d48d46"", ""steps"": 85}]",e2bbc2db2f1fe48d615306efe89ec1b51611ac312ff7f23e0201dd4cf044f9f2,-3.305584990233208,True,0.07320327669413455,234.0,100.0,0.08,converged,,bfgs_after_fire,"[{""ase_converged"": false, ""converged"": false, ""end_geometry_sha256"": ""e08e04b3475a204bd03935702c615928e879fd968898d17ede0545db270cf1e0"", ""failure_class"": ""force_threshold"", ""max_force_eV_A"": 0.4656536475936779, ""name"": ""bfgs_standard"", ""start_geometry_sha256"": ""006c261c109afd1b75969f4cace06b727853d1fb14c98ec6fdb40c4003ac6c87"", ""steps"": 100}, {""ase_converged"": false, ""converged"": false, ""end_geometry_sha256"": ""d6d4e388e4781b72e652d1388e1aa2c0b303376bf3bda5afcded49c84c4c42bb"", ""failure_class"": ""force_threshold"", ""max_force_eV_A"": 1.349912390135767, ""name"": ""fire_precondition"", ""qualifying"": false, ""start_geometry_sha256"": ""006c261c109afd1b75969f4cace06b727853d1fb14c98ec6fdb40c4003ac6c87"", ""steps"": 50}, {""ase_converged"": true, ""converged"": true, ""end_geometry_sha256"": ""bd9bdc95a959b197cfc9d74a163a6803dbb58442d4d0ff743340d299dfccf078"", ""failure_class"": null, ""max_force_eV_A"": 0.07320327669413455, ""name"": ""bfgs_after_fire"", ""start_geometry_sha256"": ""d6d4e388e4781b72e652d1388e1aa2c0b303376bf3bda5afcded49c84c4c42bb"", ""steps"": 84}]",bd9bdc95a959b197cfc9d74a163a6803dbb58442d4d0ff743340d299dfccf078,-4.0609612956643355,3.0,step_4_H2O,10.0,0.0,True,5.812604209482695,0.4681797181667672,True,quantitative_screening,1,1,ce0b72eca809ec37b9ef,False,
"('MAXPhase', 'Ti', 'Ga', 'N', 1, 'Ni', 'edge_1010')",MAXPhase,False,esen-sm-conserving-all-oc25:relax-v4:orr-che-v3,True,0.0,0,150,0.08,converged,,bfgs_standard,"[{""ase_converged"": true, ""converged"": true, ""end_geometry_sha256"": ""5f168f382a39d80846090ebdaf56dec278eb9109dd759117e03cf0df59970f76"", ""failure_class"": null, ""max_force_eV_A"": 0.0, ""name"": ""bfgs_standard"", ""start_geometry_sha256"": ""5f168f382a39d80846090ebdaf56dec278eb9109dd759117e03cf0df59970f76"", ""steps"": 0}]",5f168f382a39d80846090ebdaf56dec278eb9109dd759117e03cf0df59970f76,-123.40452961892348,True,0.03966455549961493,24.0,100.0,0.08,converged,,bfgs_standard,"[{""ase_converged"": true, ""converged"": true, ""end_geometry_sha256"": ""17375d239a10de48550152f95f7da0a9a6bb1d827e25c3e74fa15fcdcbdbafe1"", ""failure_class"": null, ""max_force_eV_A"": 0.03966455549961493, ""name"": ""bfgs_standard"", ""start_geometry_sha256"": ""b53b56ec6477f4e8b506b975719a2fb689629b46ae5cff6a3f9a76d7449ea711"", ""steps"": 24}]",17375d239a10de48550152f95f7da0a9a6bb1d827e25c3e74fa15fcdcbdbafe1,4.220176520496606,True,0.031983192945480576,42.0,100.0,0.08,converged,,bfgs_standard,"[{""ase_converged"": true, ""converged"": true, ""end_geometry_sha256"": ""f6e887ca33948faf9188c1f8a9a8cb83ed9d35715b4619f339e35fbb20f261e9"", ""failure_class"": null, ""max_force_eV_A"": 0.031983192945480576, ""name"": ""bfgs_standard"", ""start_geometry_sha256"": ""529464fbd47630f9ca9866d459ce3d7cc4996a00ba4afc301898456eeefc0d56"", ""steps"": 42}]",f6e887ca33948faf9188c1f8a9a8cb83ed9d35715b4619f339e35fbb20f261e9,-2.4455996386706795,True,0.07021206090339756,74.0,100.0,0.08,converged,,bfgs_standard,"[{""ase_converged"": true, ""converged"": true, ""end_geometry_sha256"": ""f5753f1665e5948fbce0a273e584fa9d4250cca9351fba927885cb6c4671fd40"", ""failure_class"": null, ""max_force_eV_A"": 0.07021206090339756, ""name"": ""bfgs_standard"", ""start_geometry_sha256"": ""ef615a179d82aefd085477179add4d603f318b333cab017881432bc99c78b2cd"", ""steps"": 74}]",f5753f1665e5948fbce0a273e584fa9d4250cca9351fba927885cb6c4671fd40,12.203095863759522,8.512095863759523,step_1_OOH,10.0,0.0,True,6.665776159167286,,True,validation_required,2,2,bacce2f31e46ed143fca,False,Unphysical dG_OOH_eV=12.20 eV
"('MAXPhase', 'Ti', 'In', 'C', 1, 'V', 'edge_1010')",MAXPhase,False,esen-sm-conserving-all-oc25:relax-v4:orr-che-v3,True,0.0,0,150,0.08,converged,,bfgs_standard,"[{""ase_converged"": true, ""converged"": true, ""end_geometry_sha256"": ""b204ba8a82712d7edaed0d1cf75a8c55eb793f9ca92faf14f03ced6cd199edb5"", ""failure_class"": null, ""max_force_eV_A"": 0.0, ""name"": ""bfgs_standard"", ""start_geometry_sha256"": ""b204ba8a82712d7edaed0d1cf75a8c55eb793f9ca92faf14f03ced6cd199edb5"", ""steps"": 0}]",b204ba8a82712d7edaed0d1cf75a8c55eb793f9ca92faf14f03ced6cd199edb5,-121.92961677325269,True,0.05138328371787744,26.0,100.0,0.08,converged,,bfgs_standard,"[{""ase_converged"": true, ""converged"": true, ""end_geometry_sha256"": ""2cf47a5da983a74eb67b4e8eb93a743019a658636d1797f7fdea334703dc0468"", ""failure_class"": null, ""max_force_eV_A"": 0.05138328371787744, ""name"": ""bfgs_standard"", ""start_geometry_sha256"": ""6eae892e5871914de1969de5ebe8db31fa18fec66098b1a38d8a866b4bef4f10"", ""steps"": 26}]",2cf47a5da983a74eb67b4e8eb93a743019a658636d1797f7fdea334703dc0468,4.294559302479028,True,0.05627055216722152,3.0,100.0,0.08,converged,,bfgs_standard,"[{""ase_converged"": true, ""converged"": true, ""end_geometry_sha256"": ""0c9e99c4d0fe4b3111ad96a37461744d9923241a94072a3044bc868da031562f"", ""failure_class"": null, ""max_force_eV_A"": 0.05627055216722152, ""name"": ""bfgs_standard"", ""start_geometry_sha256"": ""615e4b70ecef55137e731bf71e61e5860554b7e8fe07b3d7ad8601a07364cfc7"", ""steps"": 3}]",0c9e99c4d0fe4b3111ad96a37461744d9923241a94072a3044bc868da031562f,5.460135377198461,True,0.035180502575734,37.0,100.0,0.08,converged,,bfgs_standard,"[{""ase_converged"": true, ""converged"": true, ""end_geometry_sha256"": ""8f70a9e8775853cceb5d8422ec93e30fe456a4019f605f9316fdea06e2716595"", ""failure_class"": null, ""max_force_eV_A"": 0.035180502575734, ""name"": ""bfgs_standard"", ""start_geometry_sha256"": ""f5812a1091aa85e238731c74c3d858a7a93a9030d6dff55855ee9e5eb906a925"", ""steps"": 37}]",8f70a9e8775853cceb5d8422ec93e30fe456a4019f605f9316fdea06e2716595,12.595159004628663,8.904159004628664,step_1_OOH,9.0,0.0,True,9.754694679677488,,True,validation_required,2,2,a5f433528f5ceddd558f,False,Unphysical dG_OOH_eV=12.60 eV
"('MAXPhase', 'Ti', 'In', 'N', 3, 'Ti', 'basal_0001')",MAXPhase,True,esen-sm-conserving-all-oc25:relax-v4:orr-che-v3,True,0.07325094994160439,32,150,0.08,converged,,bfgs_standard,"[{""ase_converged"": true, ""converged"": true, ""end_geometry_sha256"": ""f28e573e55e5f1c5cb9592ea5b302d8fb9b30357290788dfd4c9dfb9d2067adf"", ""failure_class"": null, ""max_force_eV_A"": 0.07325094994160439, ""name"": ""bfgs_standard"", ""start_geometry_sha256"": ""79a8f7df61ece2a49cc22aaceb513c377d16db059d33840478b458ba3eb9afbd"", ""steps"": 32}]",f28e573e55e5f1c5cb9592ea5b302d8fb9b30357290788dfd4c9dfb9d2067adf,-295.5354886036703,True,0.07973601679234689,45.0,100.0,0.08,converged,,bfgs_standard,"[{""ase_converged"": true, ""converged"": true, ""end_geometry_sha256"": ""d3ee5df3bb69c3a84393df8a09c4bf4e19a73da156329593660d311426e6f507"", ""failure_class"": null, ""max_force_eV_A"": 0.07973601679234689, ""name"": ""bfgs_standard"", ""start_geometry_sha256"": ""cfd55498b75715dbe821614623a1b4439bacf169654b256659ec5df481c2909b"", ""steps"": 45}]",d3ee5df3bb69c3a84393df8a09c4bf4e19a73da156329593660d311426e6f507,-3.121864495128393,True,0.07137180293112715,27.0,100.0,0.08,converged,,bfgs_standard,"[{""ase_converged"": true, ""converged"": true, ""end_geometry_sha256"": ""ff4b1e88c5ed141ce338cceeae57e6019421fab817b98eaab42bbf12eac28411"", ""failure_class"": null, ""max_force_eV_A"": 0.07137180293112715, ""name"": ""bfgs_standard"", ""start_geometry_sha256"": ""eb041dfccfbcfb8e7a1479f3bc8b6078a3f468dba3f386f9adfcf467d27f8450"", ""steps"": 27}]",ff4b1e88c5ed141ce338cceeae57e6019421fab817b98eaab42bbf12eac28411,-3.070530974119813,True,0.07135097644907999,59.0,100.0,0.08,converged,,bfgs_standard,"[{""ase_converged"": true, ""converged"": true, ""end_geometry_sha256"": ""ef5f1b2d34a5b74b836c651f639584d257d9f97ca850534b98ab955dc49f1d03"", ""failure_class"": null, ""max_force_eV_A"": 0.07135097644907999, ""name"": ""bfgs_standard"", ""start_geometry_sha256"": ""0f5d5162b254ba931e766bd5471ab0310b5287b59faed2cdfdd331e0373a7324"", ""steps"": 59}]",ef5f1b2d34a5b74b836c651f639584d257d9f97ca850534b98ab955dc49f1d03,-4.821848441660315,3.0,step_4_H2O,10.0,0.0,True,6.192395469248206,0.707500000035,False,quantitative_screening,2,2,ed425056972af5358dc3,False,
"('MAXPhase', 'Ti', 'Sn', 'C', 1, 'Sc', 'edge_1120')",MAXPhase,True,esen-sm-conserving-all-oc25:relax-v4:orr-che-v3,True,0.0,0,150,0.08,converged,,bfgs_standard,"[{""ase_converged"": true, ""converged"": true, ""end_geometry_sha256"": ""38c3af2a7cb7ef1d924dd584068d1ebe57fae0f4a6c764cbed79f60d6ae2ebf3"", ""failure_class"": null, ""max_force_eV_A"": 0.0, ""name"": ""bfgs_standard"", ""start_geometry_sha256"": ""38c3af2a7cb7ef1d924dd584068d1ebe57fae0f4a6c764cbed79f60d6ae2ebf3"", ""steps"": 0}]",38c3af2a7cb7ef1d924dd584068d1ebe57fae0f4a6c764cbed79f60d6ae2ebf3,-49.04229410067677,True,0.07970802564184887,31.0,100.0,0.08,converged,,bfgs_standard,"[{""ase_converged"": true, ""converged"": true, ""end_geometry_sha256"": ""1a530b712a5c2c67df85931144a392c4458fc94624816ce0a3e0e8112207da64"", ""failure_class"": null, ""max_force_eV_A"": 0.07970802564184887, ""name"": ""bfgs_standard"", ""start_geometry_sha256"": ""e7a5a36e3f7f8e7b9e8fc6e0b9d737d000da284f7a69910bb3d9fc4f294b6ee2"", ""steps"": 31}]",1a530b712a5c2c67df85931144a392c4458fc94624816ce0a3e0e8112207da64,1.3433988715708256,True,0.03537772499880239,12.0,100.0,0.08,converged,,bfgs_standard,"[{""ase_converged"": true, ""converged"": true, ""end_geometry_sha256"": ""559fcad877c6d5ac6b1caca9480071af454315af7ab3219d2e94b09424162b9c"", ""failure_class"": null, ""max_force_eV_A"": 0.03537772499880239, ""name"": ""bfgs_standard"", ""start_geometry_sha256"": ""525974253e8d68c674c63ebb979b0eb2dc90f447ee3c3d8757f9e1f3dc1ad418"", ""steps"": 12}]",559fcad877c6d5ac6b1caca9480071af454315af7ab3219d2e94b09424162b9c,2.1553219921886955,True,0.07923674636185624,37.0,100.0,0.08,converged,,bfgs_standard,"[{""ase_converged"": true, ""converged"": true, ""end_geometry_sha256"": ""95f550e756356548c7f62a2fa391ae462f0bc4415a526cb914b4e2d143e8d57a"", ""failure_class"": null, ""max_force_eV_A"": 0.07923674636185624, ""name"": ""bfgs_standard"", ""start_geometry_sha256"": ""a8914c39f466b16864565663bc2a94f2eae94473b55077fc2365fc380cf3ce53"", ""steps"": 37}]",95f550e756356548c7f62a2fa391ae462f0bc4415a526cb914b4e2d143e8d57a,-0.4300141826271975,3.0,step_2_O,10.0,0.0,True,3.4987208637595213,0.707500000035,False,quantitative_screening,1,1,fe0f69159b3d0129f346,False,
"('MAXPhase', 'Ti', 'Pb', 'C', 2, 'Zr', 'basal_0001')",MAXPhase,True,esen-sm-conserving-all-oc25:relax-v4:orr-che-v3,True,0.07089328636596805,33,150,0.08,converged,,bfgs_standard,"[{""ase_converged"": true, ""converged"": true, ""end_geometry_sha256"": ""44c30863bfa86b496a04b443037bc9c37b06e67828ae222fe7a5c5c701e1a52e"", ""failure_class"": null, ""max_force_eV_A"": 0.07089328636596805, ""name"": ""bfgs_standard"", ""start_geometry_sha256"": ""413a12ede180f197457bcff4b3dc8741e27dcab3c94a649d29d2459b82feff36"", ""steps"": 33}]",44c30863bfa86b496a04b443037bc9c37b06e67828ae222fe7a5c5c701e1a52e,-208.82531171141477,True,0.07716515991801091,79.0,100.0,0.08,converged,,bfgs_standard,"[{""ase_converged"": true, ""converged"": true, ""end_geometry_sha256"": ""02bdc3886fe8bdd0232053932692b612bdf136b00256c09d578eb5c3f0c35ef1"", ""failure_class"": null, ""max_force_eV_A"": 0.07716515991801091, ""name"": ""bfgs_standard"", ""start_geometry_sha256"": ""6bd51428cf6e483484a91fcb2c7c446f9023006bbfaf403fd52d39657286a7d0"", ""steps"": 79}]",02bdc3886fe8bdd0232053932692b612bdf136b00256c09d578eb5c3f0c35ef1,-4.090313134044409,True,0.06989360482308489,62.0,100.0,0.08,converged,,bfgs_standard,"[{""ase_converged"": true, ""converged"": true, ""end_geometry_sha256"": ""1916d05523113e7fc55d16a82664bc84cb1b29d30986a9c6a88f76c4523d69f0"", ""failure_class"": null, ""max_force_eV_A"": 0.06989360482308489, ""name"": ""bfgs_standard"", ""start_geometry_sha256"": ""799cb28dc786c00ce02fdec050e038d9214c8054dea19cdc8c86df3fd87fdbca"", ""steps"": 62}]",1916d05523113e7fc55d16a82664bc84cb1b29d30986a9c6a88f76c4523d69f0,-3.491509520262505,True,0.0798702900590121,97.0,100.0,0.08,converged,,bfgs_standard,"[{""ase_converged"": true, ""converged"": true, ""end_geometry_sha256"": ""b9983df5b03d77800b12e92a21affcf9997003ef984c7f9551b701152e2cfafd"", ""failure_class"": null, ""max_force_eV_A"": 0.0798702900590121, ""name"": ""bfgs_standard"", ""start_geometry_sha256"": ""766c39a518584360f252f33374511c5453a8d6dabd05ed751f7d5fbe7ae1f6a8"", ""steps"": 97}]",b9983df5b03d77800b12e92a21affcf9997003ef984c7f9551b701152e2cfafd,-6.820261527597928,3.0,step_4_H2O,10.0,0.0,True,7.581822654306914,0.6527014328916925,False,quantitative_screening,1,1,e89970baed814e454747,False,
"('HEA', ('Ti', 'Zr', 'Pd', 'Sc'), 'amorphous', '111', 900)",HEA,False,esen-sm-conserving-all-oc25:relax-v4:orr-che-v3,True,0.056556683721339145,95,150,0.08,converged,,bfgs_standard,"[{""ase_converged"": true, ""converged"": true, ""end_geometry_sha256"": ""91b4fd2cd87b1ef254ba10d5ca1afc8debd0879a8c37a0c1d7b72f682b1f316c"", ""failure_class"": null, ""max_force_eV_A"": 0.056556683721339145, ""name"": ""bfgs_standard"", ""start_geometry_sha256"": ""ca1fb9c86dbb7d1315b566c9a97137d4664571fe3e32e9c7ec026797839168f8"", ""steps"": 95}]",91b4fd2cd87b1ef254ba10d5ca1afc8debd0879a8c37a0c1d7b72f682b1f316c,-155.9507859510847,False,,0.0,100.0,0.08,invalid_initial_geometry,atomic_overlap,none,[],8f0e94806eb1fa171cc4b4ccc901f8f41addc57703bbf6edeaa584b9f6dcb5f5,,,,,,,,,,,,,,,,,,,,,,,,,,,,,,,True,validation_required,2,2,41214e7c23310f8496d6,False,Invalid oh initial geometry: atomic_overlap
"('HEA', ('Fe', 'Ni', 'Ta', 'W'), 'amorphous', '100', 1100)",HEA,False,esen-sm-conserving-all-oc25:relax-v4:orr-che-v3,True,0.06789777164219524,58,150,0.08,converged,,bfgs_standard,"[{""ase_converged"": true, ""converged"": true, ""end_geometry_sha256"": ""5cd8fdec69de3083a0953edb62712176e641a1f457562d87903191cee361495d"", ""failure_class"": null, ""max_force_eV_A"": 0.06789777164219524, ""name"": ""bfgs_standard"", ""start_geometry_sha256"": ""1809442c7e40fa9f997603f919b157734dfb07cdd88a51b990cbfcab225ec0cb"", ""steps"": 58}]",5cd8fdec69de3083a0953edb62712176e641a1f457562d87903191cee361495d,-200.33815429268117,True,0.07512507984938736,48.0,100.0,0.08,converged,,bfgs_standard,"[{""ase_converged"": true, ""converged"": true, ""end_geometry_sha256"": ""4f26334181d13cf9fa070381c88a3ad3e9508f2ca180207919d0d1430625af9e"", ""failure_class"": null, ""max_force_eV_A"": 0.07512507984938736, ""name"": ""bfgs_standard"", ""start_geometry_sha256"": ""8e4173670d999c9f14c5c9f0434e6f9a4d06a26245a1e211f0c2b7ee2ea46061"", ""steps"": 48}]",4f26334181d13cf9fa070381c88a3ad3e9508f2ca180207919d0d1430625af9e,0.5091398383677006,True,0.07850531523479422,82.0,100.0,0.08,converged,,bfgs_standard,"[{""ase_converged"": true, ""converged"": true, ""end_geometry_sha256"": ""b8039dfb4036cccfe19da976cc17a240c828284f0619e067cf65baee0c325f43"", ""failure_class"": null, ""max_force_eV_A"": 0.07850531523479422, ""name"": ""bfgs_standard"", ""start_geometry_sha256"": ""6b682d0b8558f9d68c493ba975cd3061141e107a51aa862662cff56487e5c8ba"", ""steps"": 82}]",b8039dfb4036cccfe19da976cc17a240c828284f0619e067cf65baee0c325f43,-1.882527434080864,False,17.94267207504121,650.0,100.0,0.08,recovery_exhausted,force_threshold,fire_precondition,"[{""ase_converged"": false, ""converged"": false, ""end_geometry_sha256"": ""b756c1cfa05547a23678ed74886854667e25daed732d7e2b92a811f2d4f76836"", ""failure_class"": ""force_threshold"", ""max_force_eV_A"": 24.36089828900973, ""name"": ""bfgs_standard"", ""start_geometry_sha256"": ""dbd1586df09501ef1057acfa71d6d1eaa724015fba8a960d13d6020298e0fb72"", ""steps"": 100}, {""ase_converged"": false, ""converged"": false, ""end_geometry_sha256"": ""d6342cfb0e3c290dc412b3b9468a995f504aa638c1d04f7ebc7c29556f73b5a9"", ""failure_class"": ""force_threshold"", ""max_force_eV_A"": 17.94267207504121, ""name"": ""fire_precondition"", ""qualifying"": false, ""start_geometry_sha256"": ""dbd1586df09501ef1057acfa71d6d1eaa724015fba8a960d13d6020298e0fb72"", ""steps"": 50}, {""ase_converged"": false, ""converged"": false, ""end_geometry_sha256"": ""10bde48bccf72c563fcc197f0607102c0b5b2f71ce7259d425258bc5c605f69f"", ""failure_class"": ""force_threshold"", ""max_force_eV_A"": 793.8999235998093, ""name"": ""bfgs_after_fire"", ""start_geometry_sha256"": ""d6342cfb0e3c290dc412b3b9468a995f504aa638c1d04f7ebc7c29556f73b5a9"", ""steps"": 200}, {""ase_converged"": false, ""converged"": false, ""end_geometry_sha256"": ""12e86f1cb7b5de01132ad3f4a6469010d633bbabed45e9ca17ee2df1f644851b"", ""failure_class"": ""force_threshold"", ""max_force_eV_A"": 60.49384772753947, ""name"": ""fire_small_step"", ""start_geometry_sha256"": ""d6342cfb0e3c290dc412b3b9468a995f504aa638c1d04f7ebc7c29556f73b5a9"", ""steps"": 300}]",d6342cfb0e3c290dc412b3b9468a995f504aa638c1d04f7ebc7c29556f73b5a9,,,,,,,,,True,validation_required,0,0,ed046ace8aa48de6e3eb,False,Unconverged ooh relaxation: max_force=17.9427 eV/A after 650 cumulative recovery steps
"('HEA', ('Cu', 'Zr', 'Al', 'Si'), 'bcc', '110', 900)",HEA,True,esen-sm-conserving-all-oc25:relax-v4:orr-che-v3,True,0.07387452593294934,120,150,0.08,converged,,bfgs_standard,"[{""ase_converged"": true, ""converged"": true, ""end_geometry_sha256"": ""0ba558980b2af38ed83af98399952067224d81851b78fee1f146c76a88dfdb05"", ""failure_class"": null, ""max_force_eV_A"": 0.07387452593294934, ""name"": ""bfgs_standard"", ""start_geometry_sha256"": ""50b9dfe1e6ac7e608804d0120b4e867091efe9948e4f495e117b1e00d39f3a5f"", ""steps"": 120}]",0ba558980b2af38ed83af98399952067224d81851b78fee1f146c76a88dfdb05,-213.70338323217274,True,0.06562994039795901,291.0,100.0,0.08,converged,,bfgs_after_fire,"[{""ase_converged"": false, ""converged"": false, ""end_geometry_sha256"": ""fa6dea568ff6d65d99a3d2181ecbcbec06243212967f82934fdf8b0f8a66802f"", ""failure_class"": ""force_threshold"", ""max_force_eV_A"": 0.17966247210761363, ""name"": ""bfgs_standard"", ""start_geometry_sha256"": ""206f6074a58ae2c36cd1d670b969238e7ac6bfbe1d25ae59943c5bc20a9efb57"", ""steps"": 100}, {""ase_converged"": true, ""converged"": true, ""end_geometry_sha256"": ""eb4503b09ed64a82ce339bb398e56b61211ecdf323dbd6d17e8630c9cbadca84"", ""failure_class"": null, ""max_force_eV_A"": 0.22710212402117105, ""name"": ""fire_precondition"", ""qualifying"": false, ""start_geometry_sha256"": ""206f6074a58ae2c36cd1d670b969238e7ac6bfbe1d25ae59943c5bc20a9efb57"", ""steps"": 31}, {""ase_converged"": true, ""converged"": true, ""end_geometry_sha256"": ""c96644e72fbec073cb22eaf32d06db3a76ea92f19bca4e007b2f6f3dfc21f9cf"", ""failure_class"": null, ""max_force_eV_A"": 0.06562994039795901, ""name"": ""bfgs_after_fire"", ""start_geometry_sha256"": ""eb4503b09ed64a82ce339bb398e56b61211ecdf323dbd6d17e8630c9cbadca84"", ""steps"": 160}]",c96644e72fbec073cb22eaf32d06db3a76ea92f19bca4e007b2f6f3dfc21f9cf,0.30203229442238805,True,0.05985537766868756,289.0,100.0,0.08,converged,,bfgs_after_fire,"[{""ase_converged"": false, ""converged"": false, ""end_geometry_sha256"": ""be8ce25502b8d222a66378539050c575fd6b6aa274a7862a0bae6396f5ccc8cd"", ""failure_class"": ""force_threshold"", ""max_force_eV_A"": 0.2696477952008632, ""name"": ""bfgs_standard"", ""start_geometry_sha256"": ""0d851a8871a4eb190f927b24d594ad4bd49592a4c2bbe2a4b19fa501dad7f45e"", ""steps"": 100}, {""ase_converged"": false, ""converged"": false, ""end_geometry_sha256"": ""7102461fd93af0ad80015d3b622050c422a50541923ef6f89f46e9a9e62a4bbe"", ""failure_class"": ""force_threshold"", ""max_force_eV_A"": 0.4597373413192445, ""name"": ""fire_precondition"", ""qualifying"": false, ""start_geometry_sha256"": ""0d851a8871a4eb190f927b24d594ad4bd49592a4c2bbe2a4b19fa501dad7f45e"", ""steps"": 50}, {""ase_converged"": true, ""converged"": true, ""end_geometry_sha256"": ""e677a713982d2df0bd2ff9db87898b85439e9c2d3e94a87d433cd097418b7efb"", ""failure_class"": null, ""max_force_eV_A"": 0.05985537766868756, ""name"": ""bfgs_after_fire"", ""start_geometry_sha256"": ""7102461fd93af0ad80015d3b622050c422a50541923ef6f89f46e9a9e62a4bbe"", ""steps"": 139}]",e677a713982d2df0bd2ff9db87898b85439e9c2d3e94a87d433cd097418b7efb,-1.7263689868152106,True,0.0719047164974357,249.0,100.0,0.08,converged,,bfgs_after_fire,"[{""ase_converged"": false, ""converged"": false, ""end_geometry_sha256"": ""1245c182d26f0b6bbd84839f90b35e9ad7a31de97525cfcd8613cdd0f7b1b145"", ""failure_class"": ""force_threshold"", ""max_force_eV_A"": 0.17550530942765777, ""name"": ""bfgs_standard"", ""start_geometry_sha256"": ""d298fdab5bb0a90866e226e9e83af54922814961d5cac1a934d5c6904040798c"", ""steps"": 100}, {""ase_converged"": false, ""converged"": false, ""end_geometry_sha256"": ""731cfb9d2b32ccf725309ef484e979af2a2a38310275a597a32c3e80af538595"", ""failure_class"": ""force_threshold"", ""max_force_eV_A"": 0.3131215997033219, ""name"": ""fire_precondition"", ""qualifying"": false, ""start_geometry_sha256"": ""d298fdab5bb0a90866e226e9e83af54922814961d5cac1a934d5c6904040798c"", ""steps"": 50}, {""ase_converged"": true, ""converged"": true, ""end_geometry_sha256"": ""308a2c2489c2a74440cf67faf99f1c3e79a13fe0cc0679a51b60426464b1c4fa"", ""failure_class"": null, ""max_force_eV_A"": 0.0719047164974357, ""name"": ""bfgs_after_fire"", ""start_geometry_sha256"": ""731cfb9d2b32ccf725309ef484e979af2a2a38310275a597a32c3e80af538595"", ""steps"": 99}]",308a2c2489c2a74440cf67faf99f1c3e79a13fe0cc0679a51b60426464b1c4fa,4.3025526508688685,3.0,step_3_OH,8.0,0.0,True,2.0284012812375987,0.902500000035,False,quantitative_screening,2,2,e4da6b7cf807a7ca2cef,False,
"('HEA', ('Zn', 'Pd', 'Hf', 'Pt'), 'fcc', '110', 1100)",HEA,False,esen-sm-conserving-all-oc25:relax-v4:orr-che-v3,True,0.07767970149232577,55,150,0.08,converged,,bfgs_standard,"[{""ase_converged"": true, ""converged"": true, ""end_geometry_sha256"": ""bb8105a026ab89b17253359acf8e2aa2c7b3e6f48105f26000acabd085142778"", ""failure_class"": null, ""max_force_eV_A"": 0.07767970149232577, ""name"": ""bfgs_standard"", ""start_geometry_sha256"": ""09a443f1cc7f128bc74a96effa7bf8def4ab50aeda4f0c51623ab5a256fa27e0"", ""steps"": 55}]",bb8105a026ab89b17253359acf8e2aa2c7b3e6f48105f26000acabd085142778,-30.39275111264105,True,0.06160412394402096,51.0,100.0,0.08,converged,,bfgs_standard,"[{""ase_converged"": true, ""converged"": true, ""end_geometry_sha256"": ""1ade77b2f00e5ef0ec66d964f6763a6524062050ad9a73c05da5e13b681728c2"", ""failure_class"": null, ""max_force_eV_A"": 0.06160412394402096, ""name"": ""bfgs_standard"", ""start_geometry_sha256"": ""12b3548ee9ee9cd68e66fc8c00056367da62cf3162008ba880f88f521eb79cc2"", ""steps"": 51}]",1ade77b2f00e5ef0ec66d964f6763a6524062050ad9a73c05da5e13b681728c2,0.44194013133645055,True,0.07790613021910998,26.0,100.0,0.08,converged,,bfgs_standard,"[{""ase_converged"": true, ""converged"": true, ""end_geometry_sha256"": ""7ee514b76d1ef434158536556590cf8cc32d0b23e12960ace1626e7a28752341"", ""failure_class"": null, ""max_force_eV_A"": 0.07790613021910998, ""name"": ""bfgs_standard"", ""start_geometry_sha256"": ""1d1995fd50f4235dfc30af8088887f11e554280cc06f7279f4900e9bc75226a8"", ""steps"": 26}]",7ee514b76d1ef434158536556590cf8cc32d0b23e12960ace1626e7a28752341,1.1426762707531488,False,,0.0,100.0,0.08,invalid_initial_geometry,atomic_overlap,none,[],aa4349ce3c599b3fe47c1f40cb3e4bac02251e880916ff7119a62b438395b586,,,,,,,,,True,validation_required,1,1,f76418bd19c8301bcc74,False,Invalid ooh initial geometry: atomic_overlap
"('HEA', ('Ir', 'Bi', 'La', 'Ce'), 'bcc', '211', 1100)",HEA,True,esen-sm-conserving-all-oc25:relax-v4:orr-che-v3,True,0.07374672366896128,145,150,0.08,converged,,bfgs_standard,"[{""ase_converged"": true, ""converged"": true, ""end_geometry_sha256"": ""e42628d9ab2475ddb88d99f5133103247c898c3cbed0a4390b660d8b17a9e335"", ""failure_class"": null, ""max_force_eV_A"": 0.07374672366896128, ""name"": ""bfgs_standard"", ""start_geometry_sha256"": ""f700a8f8e637f448e7f57da69c774112254e641b3c351bcbef9effea4fe7e368"", ""steps"": 145}]",e42628d9ab2475ddb88d99f5133103247c898c3cbed0a4390b660d8b17a9e335,-396.39746447231494,True,0.07795454298552514,313.0,100.0,0.08,converged,,bfgs_after_fire,"[{""ase_converged"": false, ""converged"": false, ""end_geometry_sha256"": ""e3ee1f1dceee47c088b0509e2ec19a8149626ec0c9fd5bcf9293a29e340da02c"", ""failure_class"": ""force_threshold"", ""max_force_eV_A"": 0.2704201873803494, ""name"": ""bfgs_standard"", ""start_geometry_sha256"": ""421397943fdaf680c9779246903abcbe7121a9a82fd2c6207f276dcff918f3dd"", ""steps"": 100}, {""ase_converged"": false, ""converged"": false, ""end_geometry_sha256"": ""f38d0703528f1c9b5581b77d63c33896a8602472ff352005184c89220a80a6a0"", ""failure_class"": ""force_threshold"", ""max_force_eV_A"": 0.5361345466788969, ""name"": ""fire_precondition"", ""qualifying"": false, ""start_geometry_sha256"": ""421397943fdaf680c9779246903abcbe7121a9a82fd2c6207f276dcff918f3dd"", ""steps"": 50}, {""ase_converged"": true, ""converged"": true, ""end_geometry_sha256"": ""2bb509f1b62170c1c23ddb14d94149ad8704c3e0c08f9852c62b35b0129bd293"", ""failure_class"": null, ""max_force_eV_A"": 0.07795454298552514, ""name"": ""bfgs_after_fire"", ""start_geometry_sha256"": ""f38d0703528f1c9b5581b77d63c33896a8602472ff352005184c89220a80a6a0"", ""steps"": 163}]",2bb509f1b62170c1c23ddb14d94149ad8704c3e0c08f9852c62b35b0129bd293,-3.7508470390737623,True,0.07410426851750265,234.0,100.0,0.08,converged,,bfgs_after_fire,"[{""ase_converged"": false, ""converged"": false, ""end_geometry_sha256"": ""d766f427763bcb7e91217ad725b1c59396488716c62d042933f06d9ec68e04f0"", ""failure_class"": ""force_threshold"", ""max_force_eV_A"": 0.2791624611487601, ""name"": ""bfgs_standard"", ""start_geometry_sha256"": ""00fd2fcc8e5d5e3ba6bca0e511c974a9eb749ea0cf1ee3ffc3f6be2bda06b286"", ""steps"": 100}, {""ase_converged"": false, ""converged"": false, ""end_geometry_sha256"": ""5bfec880c3d7518e1462ea5092ed1c59740590d6fae1896adb0e3e5531d15c39"", ""failure_class"": ""force_threshold"", ""max_force_eV_A"": 0.2934011500486257, ""name"": ""fire_precondition"", ""qualifying"": false, ""start_geometry_sha256"": ""00fd2fcc8e5d5e3ba6bca0e511c974a9eb749ea0cf1ee3ffc3f6be2bda06b286"", ""steps"": 50}, {""ase_converged"": true, ""converged"": true, ""end_geometry_sha256"": ""c153f82879858934300dd59a6e9999cdc441c16cebb6157b32d0fe978a6e757d"", ""failure_class"": null, ""max_force_eV_A"": 0.07410426851750265, ""name"": ""bfgs_after_fire"", ""start_geometry_sha256"": ""5bfec880c3d7518e1462ea5092ed1c59740590d6fae1896adb0e3e5531d15c39"", ""steps"": 84}]",c153f82879858934300dd59a6e9999cdc441c16cebb6157b32d0fe978a6e757d,-1.7384844653309208,True,0.07582716896389716,260.0,100.0,0.08,converged,,bfgs_after_fire,"[{""ase_converged"": false, ""converged"": false, ""end_geometry_sha256"": ""584918a17a7347eda354b79ddae613d52184904aae22d17c60b0423cd7568eca"", ""failure_class"": ""force_threshold"", ""max_force_eV_A"": 0.0881138815187858, ""name"": ""bfgs_standard"", ""start_geometry_sha256"": ""b2f1fe397e8706d52714f53f96650905f8f0a7740062b19afbf118f45ebfbde1"", ""steps"": 100}, {""ase_converged"": false, ""converged"": false, ""end_geometry_sha256"": ""5902030c98f76e16412910dc9369342b458f32c178f6a0e7549d25d55fb00003"", ""failure_class"": ""force_threshold"", ""max_force_eV_A"": 0.37450100917975426, ""name"": ""fire_precondition"", ""qualifying"": false, ""start_geometry_sha256"": ""b2f1fe397e8706d52714f53f96650905f8f0a7740062b19afbf118f45ebfbde1"", ""steps"": 50}, {""ase_converged"": true, ""converged"": true, ""end_geometry_sha256"": ""a6152f74b46521758c0d2cf538dee1b19b45345aa7e10d42c4728577e49b3f1b"", ""failure_class"": null, ""max_force_eV_A"": 0.07582716896389716, ""name"": ""bfgs_after_fire"", ""start_geometry_sha256"": ""5902030c98f76e16412910dc9369342b458f32c178f6a0e7549d25d55fb00003"", ""steps"": 110}]",a6152f74b46521758c0d2cf538dee1b19b45345aa7e10d42c4728577e49b3f1b,-5.358664084970975,3.0,step_4_H2O,10.0,-2.0,True,5.489331504404683,0.823608834270667,False,quantitative_screening,1,1,59f8b5cf7c565acb96bb,False,
"('HEA', ('Ti', 'Cr', 'Re', 'Ga', 'Sb'), 'amorphous', '111', 900)",HEA,True,esen-sm-conserving-all-oc25:relax-v4:orr-che-v3,True,0.0794625030788161,119,150,0.08,converged,,bfgs_standard,"[{""ase_converged"": true, ""converged"": true, ""end_geometry_sha256"": ""4e0f2ace8d3082d7a6ac14703214cc3d5a4ff7c142e468094232b5d5d312261c"", ""failure_class"": null, ""max_force_eV_A"": 0.0794625030788161, ""name"": ""bfgs_standard"", ""start_geometry_sha256"": ""c0719334cef30127f4b70381f1a067513431d194a54115dafbf1d75ce824bbd0"", ""steps"": 119}]",4e0f2ace8d3082d7a6ac14703214cc3d5a4ff7c142e468094232b5d5d312261c,-158.60562932277725,True,0.07475294522212275,86.0,100.0,0.08,converged,,bfgs_standard,"[{""ase_converged"": true, ""converged"": true, ""end_geometry_sha256"": ""5dfa56c6010ef26ae5ed121370695c4cbb1926eb5809599321ffd1d7603fa0e3"", ""failure_class"": null, ""max_force_eV_A"": 0.07475294522212275, ""name"": ""bfgs_standard"", ""start_geometry_sha256"": ""118076e57edb6ca036844771f4a3fe6ea26624af57684ff081270fc350f63d51"", ""steps"": 86}]",5dfa56c6010ef26ae5ed121370695c4cbb1926eb5809599321ffd1d7603fa0e3,-1.1869356010854244,True,0.06456005167999257,45.0,100.0,0.08,converged,,bfgs_standard,"[{""ase_converged"": true, ""converged"": true, ""end_geometry_sha256"": ""ff3bf067820d16c623fa23e21bea799e4a163345566e03f131bf199ad1a25a77"", ""failure_class"": null, ""max_force_eV_A"": 0.06456005167999257, ""name"": ""bfgs_standard"", ""start_geometry_sha256"": ""b539cb230d987d0c19f5a533bc3fe0e2d26980c60a32f65e05c923ef1dfbd450"", ""steps"": 45}]",ff3bf067820d16c623fa23e21bea799e4a163345566e03f131bf199ad1a25a77,-0.7930575244129521,True,0.06991699043576786,71.0,100.0,0.08,converged,,bfgs_standard,"[{""ase_converged"": true, ""converged"": true, ""end_geometry_sha256"": ""6b72544cec95478c65c3b5e04792ff5e2f0cd3a3862fcb8ca9dc7e14959820f6"", ""failure_class"": null, ""max_force_eV_A"": 0.06991699043576786, ""name"": ""bfgs_standard"", ""start_geometry_sha256"": ""4bc161f8b200324f81fbecd54cc67ee5d45443eeb4a0df006d631281c98ab3f0"", ""steps"": 71}]",6b72544cec95478c65c3b5e04792ff5e2f0cd3a3862fcb8ca9dc7e14959820f6,-3.5511460795998255,3.0,step_2_O,9.0,-0.7257878975150309,True,1.9799931254983765,0.902500000035,False,quantitative_screening,0,0,4c3041ed80be43682e8d,False,
"('HEA', ('Ti', 'Cu', 'Ta', 'Al', 'La'), 'amorphous', '100', 1100)",HEA,True,esen-sm-conserving-all-oc25:relax-v4:orr-che-v3,True,0.06872313221291572,96,150,0.08,converged,,bfgs_standard,"[{""ase_converged"": true, ""converged"": true, ""end_geometry_sha256"": ""aaa74addd3dd41c85fe612cc91431cce45c0098b80c155967d70212808bdeaeb"", ""failure_class"": null, ""max_force_eV_A"": 0.06872313221291572, ""name"": ""bfgs_standard"", ""start_geometry_sha256"": ""99c47ee5cdb5641308e293d5f7cd0172799ff409f740c1f8034d613a8765948c"", ""steps"": 96}]",aaa74addd3dd41c85fe612cc91431cce45c0098b80c155967d70212808bdeaeb,-151.21067388754489,True,0.07698524680255625,59.0,100.0,0.08,converged,,bfgs_standard,"[{""ase_converged"": true, ""converged"": true, ""end_geometry_sha256"": ""d0e4e5e396b285df1646007108fe264f7c8727553a3cb9b1aa407594546ab0c8"", ""failure_class"": null, ""max_force_eV_A"": 0.07698524680255625, ""name"": ""bfgs_standard"", ""start_geometry_sha256"": ""68f16b38d14e0aa2552064137064e8de5953b93f0dd71de19033b4e7ae5755ca"", ""steps"": 59}]",d0e4e5e396b285df1646007108fe264f7c8727553a3cb9b1aa407594546ab0c8,-0.588043389171305,True,0.07355321682732664,61.0,100.0,0.08,converged,,bfgs_standard,"[{""ase_converged"": true, ""converged"": true, ""end_geometry_sha256"": ""ad57dd483100eb218677acfb123ad7d24aafcd8b79b89ec2410c4cb085b6deca"", ""failure_class"": null, ""max_force_eV_A"": 0.07355321682732664, ""name"": ""bfgs_standard"", ""start_geometry_sha256"": ""088b28cb2ace4796f6ea2f04f27920f023087a945163b8c07826c55240cb188c"", ""steps"": 61}]",ad57dd483100eb218677acfb123ad7d24aafcd8b79b89ec2410c4cb085b6deca,-1.4707613818347702,True,0.07829085273409297,264.0,100.0,0.08,converged,,bfgs_after_fire,"[{""ase_converged"": false, ""converged"": false, ""end_geometry_sha256"": ""c1fda65d447663ec59b8f18541858f00eff9fc846d5fc6c253d9e803fb599a77"", ""failure_class"": ""force_threshold"", ""max_force_eV_A"": 1.2005620844543405, ""name"": ""bfgs_standard"", ""start_geometry_sha256"": ""41fb9ba0e03070eea5f203b5605148a7f4c39ed510c02604c2b49675b58a3391"", ""steps"": 100}, {""ase_converged"": false, ""converged"": false, ""end_geometry_sha256"": ""aceb8c4caad9cc765e7fe970608a9bf41b9222122e133dad36333da8aa5cd6eb"", ""failure_class"": ""force_threshold"", ""max_force_eV_A"": 7.002911185469915, ""name"": ""fire_precondition"", ""qualifying"": false, ""start_geometry_sha256"": ""41fb9ba0e03070eea5f203b5605148a7f4c39ed510c02604c2b49675b58a3391"", ""steps"": 50}, {""ase_converged"": true, ""converged"": true, ""end_geometry_sha256"": ""9ef02c78d5ff3024a5c2959d83011cf7df5a1f658ceefd12090114b6aecf50a6"", ""failure_class"": null, ""max_force_eV_A"": 0.07829085273409297, ""name"": ""bfgs_after_fire"", ""start_geometry_sha256"": ""aceb8c4caad9cc765e7fe970608a9bf41b9222122e133dad36333da8aa5cd6eb"", ""steps"": 114}]",9ef02c78d5ff3024a5c2959d83011cf7df5a1f658ceefd12090114b6aecf50a6,0.016847084462617817,2.1117179926634653,step_3_OH,8.0,0.0,True,2.0588047710060753,0.8685081580424162,False,quantitative_screening,2,2,d788d8b08d70a0224ec1,False,
"('HEA', ('Ti', 'Rh', 'Ag', 'W', 'Si'), 'bcc', '110', 900)",HEA,False,esen-sm-conserving-all-oc25:relax-v4:orr-che-v3,True,0.06183990546232535,47,150,0.08,converged,,bfgs_standard,"[{""ase_converged"": true, ""converged"": true, ""end_geometry_sha256"": ""f702b4efecbd78f146deb33f60285c6d14455f9e7d0d7ae07b594559f824dfb9"", ""failure_class"": null, ""max_force_eV_A"": 0.06183990546232535, ""name"": ""bfgs_standard"", ""start_geometry_sha256"": ""78f8113dc4984e244141849b38078e6114bc3c29237cd9bfade54cd5dbdd9579"", ""steps"": 47}]",f702b4efecbd78f146deb33f60285c6d14455f9e7d0d7ae07b594559f824dfb9,-265.0058359126836,True,0.06759406457964492,235.0,100.0,0.08,converged,,bfgs_after_fire,"[{""ase_converged"": false, ""converged"": false, ""end_geometry_sha256"": ""526fcfa5fb0df12ee786a435a9a6797be5e32ae6ab7b926a012a15f2eb6e667a"", ""failure_class"": ""force_threshold"", ""max_force_eV_A"": 0.16174478444032403, ""name"": ""bfgs_standard"", ""start_geometry_sha256"": ""7ebd29650b69b935256bd5095fa0eee18ab73c175c9d8cc15e7d3750cfe2aed1"", ""steps"": 100}, {""ase_converged"": false, ""converged"": false, ""end_geometry_sha256"": ""14dd09bb8d7b9936e4fe73567ae7a4d39f0f50e4989363c0333bef08f1b99cba"", ""failure_class"": ""force_threshold"", ""max_force_eV_A"": 1.0177791765323012, ""name"": ""fire_precondition"", ""qualifying"": false, ""start_geometry_sha256"": ""7ebd29650b69b935256bd5095fa0eee18ab73c175c9d8cc15e7d3750cfe2aed1"", ""steps"": 50}, {""ase_converged"": true, ""converged"": true, ""end_geometry_sha256"": ""ce441ad2fc53e1361d2893e7ff708ead995b500c1665199a759f901d9a0fe99b"", ""failure_class"": null, ""max_force_eV_A"": 0.06759406457964492, ""name"": ""bfgs_after_fire"", ""start_geometry_sha256"": ""14dd09bb8d7b9936e4fe73567ae7a4d39f0f50e4989363c0333bef08f1b99cba"", ""steps"": 85}]",ce441ad2fc53e1361d2893e7ff708ead995b500c1665199a759f901d9a0fe99b,-2.0223619316518304,True,0.06733396401438141,36.0,100.0,0.08,converged,,bfgs_standard,"[{""ase_converged"": true, ""converged"": true, ""end_geometry_sha256"": ""d80bdcd5e7feff0d12ecea591bd6c027f47c5c870820d7afe195d07af3f097a4"", ""failure_class"": null, ""max_force_eV_A"": 0.06733396401438141, ""name"": ""bfgs_standard"", ""start_geometry_sha256"": ""c6e44ed897017afdba373712a85ad46d3c4392c2370330bfc2c391700f70832f"", ""steps"": 36}]",d80bdcd5e7feff0d12ecea591bd6c027f47c5c870820d7afe195d07af3f097a4,-1.152108275145317,False,26.935728968771745,650.0,100.0,0.08,recovery_exhausted,force_threshold,fire_small_step,"[{""ase_converged"": false, ""converged"": false, ""end_geometry_sha256"": ""9ad2e0064c167cbc9f4d8ae1798ebdd1cfebbb7e2af0b4b30d63faf95b05391b"", ""failure_class"": ""force_threshold"", ""max_force_eV_A"": 38.68189387433324, ""name"": ""bfgs_standard"", ""start_geometry_sha256"": ""e75f91fb6ac04f93603f13a3efc1ba9d15370e8549d47ab099759a9072a83c67"", ""steps"": 100}, {""ase_converged"": false, ""converged"": false, ""end_geometry_sha256"": ""f95b1d06006d597f7f71e2ceabeefc941dc23507602aeb222e0a7c895f7fbbd3"", ""failure_class"": ""force_threshold"", ""max_force_eV_A"": 55.976744766117505, ""name"": ""fire_precondition"", ""qualifying"": false, ""start_geometry_sha256"": ""e75f91fb6ac04f93603f13a3efc1ba9d15370e8549d47ab099759a9072a83c67"", ""steps"": 50}, {""ase_converged"": false, ""converged"": false, ""end_geometry_sha256"": ""c510ca1d66dfe4a2d2c2d5f1f130e40d19c0058e4a56ea54f7581d6bd98d9829"", ""failure_class"": ""force_threshold"", ""max_force_eV_A"": 1689.4015121093323, ""name"": ""bfgs_after_fire"", ""start_geometry_sha256"": ""f95b1d06006d597f7f71e2ceabeefc941dc23507602aeb222e0a7c895f7fbbd3"", ""steps"": 200}, {""ase_converged"": false, ""converged"": false, ""end_geometry_sha256"": ""7fa3137e626011faa8bfb85b2c128610bfc7e4c46c88991fe2612c9197256ee2"", ""failure_class"": ""force_threshold"", ""max_force_eV_A"": 26.935728968771745, ""name"": ""fire_small_step"", ""start_geometry_sha256"": ""9ad2e0064c167cbc9f4d8ae1798ebdd1cfebbb7e2af0b4b30d63faf95b05391b"", ""steps"": 300}]",7fa3137e626011faa8bfb85b2c128610bfc7e4c46c88991fe2612c9197256ee2,,,,,,,,,True,validation_required,0,0,1b78c143aaac4d2d08b2,False,Unconverged ooh relaxation: max_force=26.9357 eV/A after 650 cumulative recovery steps
"('HEA', ('Ti', 'Hf', 'Al', 'Sb', 'Bi'), 'fcc', '110', 1100)",HEA,True,esen-sm-conserving-all-oc25:relax-v4:orr-che-v3,True,0.07785021807210853,69,150,0.08,converged,,bfgs_standard,"[{""ase_converged"": true, ""converged"": true, ""end_geometry_sha256"": ""32f8b9e154a41ed2cb5964c3ddcb334b4789089dfb47a1315d49e9190dcbb4da"", ""failure_class"": null, ""max_force_eV_A"": 0.07785021807210853, ""name"": ""bfgs_standard"", ""start_geometry_sha256"": ""443b012a1224bda9df32124743576a5692203ca0ba2aea618eabfa94bc13c0dd"", ""steps"": 69}]",32f8b9e154a41ed2cb5964c3ddcb334b4789089dfb47a1315d49e9190dcbb4da,-256.9268105247043,True,0.06565463937400946,62.0,100.0,0.08,converged,,bfgs_standard,"[{""ase_converged"": true, ""converged"": true, ""end_geometry_sha256"": ""df0bfc2dfc83f90cd1f7eba76d9d2b2e2750b07311c4909f1cd2256a729635a3"", ""failure_class"": null, ""max_force_eV_A"": 0.06565463937400946, ""name"": ""bfgs_standard"", ""start_geometry_sha256"": ""3955242ffa7b90da9905883f73c6ba363df886070023a6ae7f4ad4992ee11d61"", ""steps"": 62}]",df0bfc2dfc83f90cd1f7eba76d9d2b2e2750b07311c4909f1cd2256a729635a3,-3.25719088062644,True,0.06510597826723076,38.0,100.0,0.08,converged,,bfgs_standard,"[{""ase_converged"": true, ""converged"": true, ""end_geometry_sha256"": ""7ae09e026b799e4c6427d4fbba373d0dcbc21132bacc3fbb9e9d3ea3e9efbc05"", ""failure_class"": null, ""max_force_eV_A"": 0.06510597826723076, ""name"": ""bfgs_standard"", ""start_geometry_sha256"": ""5bc27d98959a9a3df5ee9faf7e6e2a9f2122b4d78678a97577f79946475fe431"", ""steps"": 38}]",7ae09e026b799e4c6427d4fbba373d0dcbc21132bacc3fbb9e9d3ea3e9efbc05,-2.6120653979480517,True,0.07771864726932345,56.0,100.0,0.08,converged,,bfgs_standard,"[{""ase_converged"": true, ""converged"": true, ""end_geometry_sha256"": ""e1e3297fb99fa23fff52d7481016b6e927b19b9ebcbbb7d336e2cfef65ff8799"", ""failure_class"": null, ""max_force_eV_A"": 0.07771864726932345, ""name"": ""bfgs_standard"", ""start_geometry_sha256"": ""4246ae33574048dada4a851e3f9d72e8e66a695bf3851b6e1bb5166e2b88b516"", ""steps"": 56}]",e1e3297fb99fa23fff52d7481016b6e927b19b9ebcbbb7d336e2cfef65ff8799,-3.9186997905373824,3.0,step_4_H2O,10.0,0.0,True,5.8692562785744915,0.902500000035,False,quantitative_screening,1,1,45bc24a4e2f987a2fac3,False,
"('HEA', ('V', 'Fe', 'Mo', 'Hf', 'Bi'), 'bcc', '211', 1100)",HEA,True,esen-sm-conserving-all-oc25:relax-v4:orr-che-v3,True,0.06557671270302234,17,150,0.08,converged,,bfgs_standard,"[{""ase_converged"": true, ""converged"": true, ""end_geometry_sha256"": ""aa30838cf4e75c9aac3036789d21e1309184e57ec09b61c1f81b06b4997a15b1"", ""failure_class"": null, ""max_force_eV_A"": 0.06557671270302234, ""name"": ""bfgs_standard"", ""start_geometry_sha256"": ""545689650fa81f318a5c534268f7ff305580e33eac4d4f0cdbfaaf60a4499fc0"", ""steps"": 17}]",aa30838cf4e75c9aac3036789d21e1309184e57ec09b61c1f81b06b4997a15b1,-303.7208999005752,True,0.0703415105965953,71.0,100.0,0.08,converged,,bfgs_standard,"[{""ase_converged"": true, ""converged"": true, ""end_geometry_sha256"": ""cf7932589d8dd0f8fdd86c31ad58803332309527539869fb181cba5d67913004"", ""failure_class"": null, ""max_force_eV_A"": 0.0703415105965953, ""name"": ""bfgs_standard"", ""start_geometry_sha256"": ""d6bb0f7f15b8f2fc4d37356682186ffff51253b369dec0087446bd5cf4267394"", ""steps"": 71}]",cf7932589d8dd0f8fdd86c31ad58803332309527539869fb181cba5d67913004,-2.46280497059226,True,0.07164212850077079,50.0,100.0,0.08,converged,,bfgs_standard,"[{""ase_converged"": true, ""converged"": true, ""end_geometry_sha256"": ""e4cbc3cc01dc0472c1bde340e12a259f3fb6d33531e338466d34afa3313e0be0"", ""failure_class"": null, ""max_force_eV_A"": 0.07164212850077079, ""name"": ""bfgs_standard"", ""start_geometry_sha256"": ""2ea0d91dbdde45c47b60bb31e947f45c4673cab2c7bf3b3921cdd36632ff91b6"", ""steps"": 50}]",e4cbc3cc01dc0472c1bde340e12a259f3fb6d33531e338466d34afa3313e0be0,-2.5671664111316455,True,0.03518820380436473,230.0,100.0,0.08,converged,,bfgs_after_fire,"[{""ase_converged"": false, ""converged"": false, ""end_geometry_sha256"": ""c7298d4e417afc435198784bc8e8f5134ae630d411202721971f20ca68a30a64"", ""failure_class"": ""force_threshold"", ""max_force_eV_A"": 0.0928504659097951, ""name"": ""bfgs_standard"", ""start_geometry_sha256"": ""506641c556a51073f4336cbac5fb206d6b9799d0e1dad29b1e513f88ff2defb1"", ""steps"": 100}, {""ase_converged"": false, ""converged"": false, ""end_geometry_sha256"": ""bbe4c7b5a41554e0b8bc25b388242e38657d35040dcdbcdf9cbbda06c4ca0b98"", ""failure_class"": ""force_threshold"", ""max_force_eV_A"": 6.739955286330008, ""name"": ""fire_precondition"", ""qualifying"": false, ""start_geometry_sha256"": ""506641c556a51073f4336cbac5fb206d6b9799d0e1dad29b1e513f88ff2defb1"", ""steps"": 50}, {""ase_converged"": true, ""converged"": true, ""end_geometry_sha256"": ""5ce87856ecf6cf07cef8416dea4ee8dfbdf4e6b82a2f4894fcf8746c0796ec06"", ""failure_class"": null, ""max_force_eV_A"": 0.03518820380436473, ""name"": ""bfgs_after_fire"", ""start_geometry_sha256"": ""bbe4c7b5a41554e0b8bc25b388242e38657d35040dcdbcdf9cbbda06c4ca0b98"", ""steps"": 80}]",5ce87856ecf6cf07cef8416dea4ee8dfbdf4e6b82a2f4894fcf8746c0796ec06,8.887902687489962,3.0,step_1_OOH,6.0,0.0,True,5.029971381723906,0.902500000035,False,quantitative_screening,1,1,7f8b5b9b1ac31c425a24,False,
"('Spinel', 'Co', 'Co', 'La', 'nanoparticle', 'graphene_oxide')",Spinel,True,esen-sm-conserving-all-oc25:relax-v4:orr-che-v3,True,0.07688331769743413,331,150,0.08,converged,,bfgs_after_fire,"[{""ase_converged"": false, ""converged"": false, ""end_geometry_sha256"": ""4b0b206db9c7b0f728782a863aea4fda60d342f9261aae85ca6d6e5d5f6d6a56"", ""failure_class"": ""force_threshold"", ""max_force_eV_A"": 0.14742176718638425, ""name"": ""bfgs_standard"", ""start_geometry_sha256"": ""02d2c6c85182151d8de0cf959f4670d043d24895a19383bb5278abdb90e226c4"", ""steps"": 150}, {""ase_converged"": false, ""converged"": false, ""end_geometry_sha256"": ""1e06a5ae9b3e6a7dba6eab692730ebb76cdd5e15b7201944c933a533a82cda9f"", ""failure_class"": ""force_threshold"", ""max_force_eV_A"": 0.6180687516365249, ""name"": ""fire_precondition"", ""qualifying"": false, ""start_geometry_sha256"": ""02d2c6c85182151d8de0cf959f4670d043d24895a19383bb5278abdb90e226c4"", ""steps"": 75}, {""ase_converged"": true, ""converged"": true, ""end_geometry_sha256"": ""0e6e0635edbd53114d373737e879e120b3761493d85897d03810a956e3171630"", ""failure_class"": null, ""max_force_eV_A"": 0.07688331769743413, ""name"": ""bfgs_after_fire"", ""start_geometry_sha256"": ""1e06a5ae9b3e6a7dba6eab692730ebb76cdd5e15b7201944c933a533a82cda9f"", ""steps"": 106}]",0e6e0635edbd53114d373737e879e120b3761493d85897d03810a956e3171630,-328.62250181311083,True,0.06407627182643805,73.0,100.0,0.08,converged,,bfgs_standard,"[{""ase_converged"": true, ""converged"": true, ""end_geometry_sha256"": ""e5928dab65f66d6ed61bfdc922f9bd9a6f89b400e3fe9976d10e7168158e22ad"", ""failure_class"": null, ""max_force_eV_A"": 0.06407627182643805, ""name"": ""bfgs_standard"", ""start_geometry_sha256"": ""78c7c1c91179456534cb5990592b8a28c0bb731c37f0ee168d00e90f98c56ada"", ""steps"": 73}]",e5928dab65f66d6ed61bfdc922f9bd9a6f89b400e3fe9976d10e7168158e22ad,0.36973172679549177,True,0.06060868381294667,59.0,100.0,0.08,converged,,bfgs_standard,"[{""ase_converged"": true, ""converged"": true, ""end_geometry_sha256"": ""effc80c581f9818746564d7a82a69dd9c12f0eeff0965e47ac20cdbdf81a09c9"", ""failure_class"": null, ""max_force_eV_A"": 0.06060868381294667, ""name"": ""bfgs_standard"", ""start_geometry_sha256"": ""fc329ea39ea63ef38e6a15782421da932ae0d1b38b79790226d099ac5766d2c0"", ""steps"": 59}]",effc80c581f9818746564d7a82a69dd9c12f0eeff0965e47ac20cdbdf81a09c9,1.4631299145519485,True,0.07257641634418548,281.0,100.0,0.08,converged,,bfgs_after_fire,"[{""ase_converged"": false, ""converged"": false, ""end_geometry_sha256"": ""f816ab320b851bb180725ecdf0fb8da3929afc42b3187312dc461a5b982b9a31"", ""failure_class"": ""force_threshold"", ""max_force_eV_A"": 1.0882695423590525, ""name"": ""bfgs_standard"", ""start_geometry_sha256"": ""8586f5650a5691a52ca7b5a3791e1615b2d9edd5ba44fb2c49719130ede3e168"", ""steps"": 100}, {""ase_converged"": false, ""converged"": false, ""end_geometry_sha256"": ""62b69ba89c20102b6d51e6822c7a43a19963ea3e1740b4ad2436d485b75b0ada"", ""failure_class"": ""force_threshold"", ""max_force_eV_A"": 0.3480633534551555, ""name"": ""fire_precondition"", ""qualifying"": false, ""start_geometry_sha256"": ""8586f5650a5691a52ca7b5a3791e1615b2d9edd5ba44fb2c49719130ede3e168"", ""steps"": 50}, {""ase_converged"": true, ""converged"": true, ""end_geometry_sha256"": ""b7ca3936d8f3231ce40e37824ebeb06c9476cb0805f9131d659485b21abe10c1"", ""failure_class"": null, ""max_force_eV_A"": 0.07257641634418548, ""name"": ""bfgs_after_fire"", ""start_geometry_sha256"": ""62b69ba89c20102b6d51e6822c7a43a19963ea3e1740b4ad2436d485b75b0ada"", ""steps"": 131}]",b7ca3936d8f3231ce40e37824ebeb06c9476cb0805f9131d659485b21abe10c1,-0.03409438282253843,2.726224297374487,step_2_O,8.0,0.0,True,1.8328616413474403,0.6852014328916924,False,quantitative_screening,2,2,425dbae9c7aeafb4fc9b,False,
"('Spinel', 'Co', 'Co', 'Zr', 'mesoporous', 'graphene_oxide')",Spinel,True,esen-sm-conserving-all-oc25:relax-v4:orr-che-v3,True,0.0781881884395137,118,150,0.08,converged,,bfgs_standard,"[{""ase_converged"": true, ""converged"": true, ""end_geometry_sha256"": ""4b45ca70cfa6f4577bb5b41c4a19c312a18aa5317bb03d31b2dac81ab99f5ca2"", ""failure_class"": null, ""max_force_eV_A"": 0.0781881884395137, ""name"": ""bfgs_standard"", ""start_geometry_sha256"": ""c42c369d49095a2e5bfc4c4119523c49d3734d4277e13c7a93cdf8e42c7bb67c"", ""steps"": 118}]",4b45ca70cfa6f4577bb5b41c4a19c312a18aa5317bb03d31b2dac81ab99f5ca2,-336.27555667815204,True,0.07427498702782233,70.0,100.0,0.08,converged,,bfgs_standard,"[{""ase_converged"": true, ""converged"": true, ""end_geometry_sha256"": ""10573ca1a304b3c348a9598bc9e4397c28ac8fbcda64c06c0170fed1e868a76d"", ""failure_class"": null, ""max_force_eV_A"": 0.07427498702782233, ""name"": ""bfgs_standard"", ""start_geometry_sha256"": ""d0aed0421dee9f14757b418bdd71b6a3f6d0aaf4d6a7247ed8bc5cf617a06304"", ""steps"": 70}]",10573ca1a304b3c348a9598bc9e4397c28ac8fbcda64c06c0170fed1e868a76d,0.28303128734219624,True,0.07510036832738733,266.0,100.0,0.08,converged,,bfgs_after_fire,"[{""ase_converged"": false, ""converged"": false, ""end_geometry_sha256"": ""92db6ced8f92af41a454df7ba08729d110a5d9825df95dec2b55ab1eecf568e4"", ""failure_class"": ""force_threshold"", ""max_force_eV_A"": 0.1963406523533033, ""name"": ""bfgs_standard"", ""start_geometry_sha256"": ""a109d88465777c9bb5f67bb063ce81cb88b0734642cc3508af2a84091d80732d"", ""steps"": 100}, {""ase_converged"": true, ""converged"": true, ""end_geometry_sha256"": ""17466be1bdd843171f712d5575184b29d612ee8236c6a7ee97a72e3f7e04c340"", ""failure_class"": null, ""max_force_eV_A"": 0.22218452112436066, ""name"": ""fire_precondition"", ""qualifying"": false, ""start_geometry_sha256"": ""a109d88465777c9bb5f67bb063ce81cb88b0734642cc3508af2a84091d80732d"", ""steps"": 44}, {""ase_converged"": true, ""converged"": true, ""end_geometry_sha256"": ""0a997ffb0fa1a948a8b63e9d5f6761c3d34072d5793d2d447262ac206ffe8c5b"", ""failure_class"": null, ""max_force_eV_A"": 0.07510036832738733, ""name"": ""bfgs_after_fire"", ""start_geometry_sha256"": ""17466be1bdd843171f712d5575184b29d612ee8236c6a7ee97a72e3f7e04c340"", ""steps"": 122}]",0a997ffb0fa1a948a8b63e9d5f6761c3d34072d5793d2d447262ac206ffe8c5b,1.5011357434093135,True,0.06257676995281804,305.0,100.0,0.08,converged,,bfgs_after_fire,"[{""ase_converged"": false, ""converged"": false, ""end_geometry_sha256"": ""76ca07ec08e9e4a29d3bd0e2ad2d6182e481ee2f9c3e4e9c44fbdc5bb1347865"", ""failure_class"": ""force_threshold"", ""max_force_eV_A"": 0.6337288789302057, ""name"": ""bfgs_standard"", ""start_geometry_sha256"": ""c275942c2c92f177b9371b2a085b3a9e2e71bc19024b6461356c5c8296a47974"", ""steps"": 100}, {""ase_converged"": true, ""converged"": true, ""end_geometry_sha256"": ""8532326440193209c5f369f5afbbf34a133f061855363505a5d7c59d88e24a0c"", ""failure_class"": null, ""max_force_eV_A"": 0.2062199253574821, ""name"": ""fire_precondition"", ""qualifying"": false, ""start_geometry_sha256"": ""c275942c2c92f177b9371b2a085b3a9e2e71bc19024b6461356c5c8296a47974"", ""steps"": 44}, {""ase_converged"": true, ""converged"": true, ""end_geometry_sha256"": ""c5aaeb67e37d85570c9ecc48e6fdd5334f00296d022dfa584bff7685c7538923"", ""failure_class"": null, ""max_force_eV_A"": 0.06257676995281804, ""name"": ""bfgs_after_fire"", ""start_geometry_sha256"": ""8532326440193209c5f369f5afbbf34a133f061855363505a5d7c59d88e24a0c"", ""steps"": 161}]",c5aaeb67e37d85570c9ecc48e6fdd5334f00296d022dfa584bff7685c7538923,-0.27937941700228275,3.0,step_2_O,8.0,0.0,True,1.7841670307515098,0.740000000035,False,quantitative_screening,1,1,8a83e500a603e321eacf,False,
"('Spinel', 'Co', 'Mn', 'Y', 'nanoparticle', 'graphene_oxide')",Spinel,True,esen-sm-conserving-all-oc25:relax-v4:orr-che-v3,True,0.06861024362119093,112,150,0.08,converged,,bfgs_standard,"[{""ase_converged"": true, ""converged"": true, ""end_geometry_sha256"": ""d3113b058b265d971bee18e932d1dbbc815dbf091bc1357a6e405e01925049e2"", ""failure_class"": null, ""max_force_eV_A"": 0.06861024362119093, ""name"": ""bfgs_standard"", ""start_geometry_sha256"": ""24ab01336e0257f2da77fd193af916a9de49e893ce28e00052ac7ce370d77e51"", ""steps"": 112}]",d3113b058b265d971bee18e932d1dbbc815dbf091bc1357a6e405e01925049e2,-390.11780123089306,True,0.06585467346084496,33.0,100.0,0.08,converged,,bfgs_standard,"[{""ase_converged"": true, ""converged"": true, ""end_geometry_sha256"": ""3d56a982af6c79f729d3e7377a1bcb66f19d168260ba1c8d84e6693db28b11df"", ""failure_class"": null, ""max_force_eV_A"": 0.06585467346084496, ""name"": ""bfgs_standard"", ""start_geometry_sha256"": ""040f018bff74d46fa4dd17faca9c40ce4d0a78637900f78a4119703fa5a3bd2a"", ""steps"": 33}]",3d56a982af6c79f729d3e7377a1bcb66f19d168260ba1c8d84e6693db28b11df,1.263807120472136,True,0.07752674548573585,211.0,100.0,0.08,converged,,bfgs_after_fire,"[{""ase_converged"": false, ""converged"": false, ""end_geometry_sha256"": ""32fe982f3da212ab28bebf3e25edfcdfe879dfe3cad9d14bd193ecdc8c5831d9"", ""failure_class"": ""force_threshold"", ""max_force_eV_A"": 0.1583456044809031, ""name"": ""bfgs_standard"", ""start_geometry_sha256"": ""80cb7181e571369a1f0588610b637e953fb0c987b5d27861c8c6585dc7077cc2"", ""steps"": 100}, {""ase_converged"": false, ""converged"": false, ""end_geometry_sha256"": ""826748aa8d79395c79ad68f195cfa8d621e24b9eb0f5cda58f7acd8eecf0e11f"", ""failure_class"": ""force_threshold"", ""max_force_eV_A"": 0.6316081071665272, ""name"": ""fire_precondition"", ""qualifying"": false, ""start_geometry_sha256"": ""80cb7181e571369a1f0588610b637e953fb0c987b5d27861c8c6585dc7077cc2"", ""steps"": 50}, {""ase_converged"": true, ""converged"": true, ""end_geometry_sha256"": ""9f6d18e9a246cc1df6eda3b0a277e75fc29dac6284476c432a4994faa3f3f668"", ""failure_class"": null, ""max_force_eV_A"": 0.07752674548573585, ""name"": ""bfgs_after_fire"", ""start_geometry_sha256"": ""826748aa8d79395c79ad68f195cfa8d621e24b9eb0f5cda58f7acd8eecf0e11f"", ""steps"": 61}]",9f6d18e9a246cc1df6eda3b0a277e75fc29dac6284476c432a4994faa3f3f668,-0.5607043139636765,True,0.06785991541143366,49.0,100.0,0.08,converged,,bfgs_standard,"[{""ase_converged"": true, ""converged"": true, ""end_geometry_sha256"": ""eb0fa0629d6657cea110211b9a9065b510fd9e1d703a30b32208d155b5e226c0"", ""failure_class"": null, ""max_force_eV_A"": 0.06785991541143366, ""name"": ""bfgs_standard"", ""start_geometry_sha256"": ""059104942e322f900b7fa041aa7c2c67fea71b9c6a1000cb4b016ab397a43262"", ""steps"": 49}]",eb0fa0629d6657cea110211b9a9065b510fd9e1d703a30b32208d155b5e226c0,4.566655586659884,3.0,step_3_OH,8.0,0.0,True,1.8245114344358124,0.740000000035,False,quantitative_screening,0,0,f98ced4df6099acf373a,False,
"('Spinel', 'Co', 'Mn', 'Nb', 'nanorod', 'N-CNT')",Spinel,True,esen-sm-conserving-all-oc25:relax-v4:orr-che-v3,True,0.07442769047790437,381,150,0.08,converged,,bfgs_after_fire,"[{""ase_converged"": false, ""converged"": false, ""end_geometry_sha256"": ""04b88f71a340e19c42d137eb279e7034f6756f596ef83fb87295a4e64671d46b"", ""failure_class"": ""force_threshold"", ""max_force_eV_A"": 0.3858861486306875, ""name"": ""bfgs_standard"", ""start_geometry_sha256"": ""56e06f936835a587773ae08973aa91ee7a7d28c26985c571dc29e46af73020b2"", ""steps"": 150}, {""ase_converged"": false, ""converged"": false, ""end_geometry_sha256"": ""5a98643fe1f63760e7e261fbf0509b0f1b8dccf26c3f35e87c384e9e4aab5cb4"", ""failure_class"": ""force_threshold"", ""max_force_eV_A"": 1.675154044117699, ""name"": ""fire_precondition"", ""qualifying"": false, ""start_geometry_sha256"": ""56e06f936835a587773ae08973aa91ee7a7d28c26985c571dc29e46af73020b2"", ""steps"": 75}, {""ase_converged"": true, ""converged"": true, ""end_geometry_sha256"": ""e87c784e1721dbb4dfb7b9b4f8085132b2f71e7b652425800517068c9c7e4245"", ""failure_class"": null, ""max_force_eV_A"": 0.07442769047790437, ""name"": ""bfgs_after_fire"", ""start_geometry_sha256"": ""5a98643fe1f63760e7e261fbf0509b0f1b8dccf26c3f35e87c384e9e4aab5cb4"", ""steps"": 156}]",e87c784e1721dbb4dfb7b9b4f8085132b2f71e7b652425800517068c9c7e4245,-383.0790356783362,True,0.07449302348527874,45.0,100.0,0.08,converged,,bfgs_standard,"[{""ase_converged"": true, ""converged"": true, ""end_geometry_sha256"": ""8de9894a4fa95efcb7d53ebe0760d8f8e4d406496471c3bb5938a46d5b02feba"", ""failure_class"": null, ""max_force_eV_A"": 0.07449302348527874, ""name"": ""bfgs_standard"", ""start_geometry_sha256"": ""0d01a46aeed858fa414a8b1d29ab812e01abad63c62a6cfd85b9398d94414bd5"", ""steps"": 45}]",8de9894a4fa95efcb7d53ebe0760d8f8e4d406496471c3bb5938a46d5b02feba,0.3009527350962162,True,0.07762357660465805,54.0,100.0,0.08,converged,,bfgs_standard,"[{""ase_converged"": true, ""converged"": true, ""end_geometry_sha256"": ""d97106bddd7bd3c42834e9f62b7d23bca52b6ef2a9678862b2c57f6b732faa01"", ""failure_class"": null, ""max_force_eV_A"": 0.07762357660465805, ""name"": ""bfgs_standard"", ""start_geometry_sha256"": ""58f0327dc81aa2d2d4b5ec1906ffa3be349e4d118ee55d9775576963517e4ce4"", ""steps"": 54}]",d97106bddd7bd3c42834e9f62b7d23bca52b6ef2a9678862b2c57f6b732faa01,1.1441220410167923,True,0.07780799619374586,49.0,100.0,0.08,converged,,bfgs_standard,"[{""ase_converged"": true, ""converged"": true, ""end_geometry_sha256"": ""4e225be947eb48db7a908839e4e97e66a255fa95aee28f1a0e19dc695ecbc0b7"", ""failure_class"": null, ""max_force_eV_A"": 0.07780799619374586, ""name"": ""bfgs_standard"", ""start_geometry_sha256"": ""eb640d725b76ea1119442df36b96604ab41d67f35ee93a100a1a863d4288f959"", ""steps"": 49}]",4e225be947eb48db7a908839e4e97e66a255fa95aee28f1a0e19dc695ecbc0b7,3.4203237995505082,0.9280472649037839,step_4_H2O,8.0,0.0,True,1.4450747761130085,0.740000000035,False,quantitative_screening,2,2,8a20eaf2e74ae341d0ed,False,
"('Spinel', 'Co', 'Mn', 'None', 'mesoporous', 'graphene_oxide')",Spinel,True,esen-sm-conserving-all-oc25:relax-v4:orr-che-v3,True,0.07275433803272935,108,150,0.08,converged,,bfgs_standard,"[{""ase_converged"": true, ""converged"": true, ""end_geometry_sha256"": ""cb23895d12b0f574688571c1046178a9f8e25d9bfd8cf49deea31eedf21c4a7d"", ""failure_class"": null, ""max_force_eV_A"": 0.07275433803272935, ""name"": ""bfgs_standard"", ""start_geometry_sha256"": ""47740ecf21600b7f587247e57b73680e359d4173d931130439414fd407df4de1"", ""steps"": 108}]",cb23895d12b0f574688571c1046178a9f8e25d9bfd8cf49deea31eedf21c4a7d,-379.12623362262923,True,0.07264611402190867,36.0,100.0,0.08,converged,,bfgs_standard,"[{""ase_converged"": true, ""converged"": true, ""end_geometry_sha256"": ""50ae40aaedd1e8d7bc1c9bdf8faf04a86e9ec8c23c824343a457074d5d38788f"", ""failure_class"": null, ""max_force_eV_A"": 0.07264611402190867, ""name"": ""bfgs_standard"", ""start_geometry_sha256"": ""fb084a9ac5bd420968a3246cda4a51d2b4e3f6a155da1c680b4fa9058049a5ee"", ""steps"": 36}]",50ae40aaedd1e8d7bc1c9bdf8faf04a86e9ec8c23c824343a457074d5d38788f,-0.1313783501089188,True,0.06520554428060873,23.0,100.0,0.08,converged,,bfgs_standard,"[{""ase_converged"": true, ""converged"": true, ""end_geometry_sha256"": ""52e33df74b718fd7b07b6c6848abcf2a149a017e05bc6275b0c06d0dbb25e63f"", ""failure_class"": null, ""max_force_eV_A"": 0.06520554428060873, ""name"": ""bfgs_standard"", ""start_geometry_sha256"": ""893a707953cdcb071e917a4540e09a4f1998d32ebd6e7a2bbe44fc41e3630357"", ""steps"": 23}]",52e33df74b718fd7b07b6c6848abcf2a149a017e05bc6275b0c06d0dbb25e63f,-0.09637745544316871,True,0.07353451285309684,68.0,100.0,0.08,converged,,bfgs_standard,"[{""ase_converged"": true, ""converged"": true, ""end_geometry_sha256"": ""38b38b057f66b1774109711630257f575d5fe1ee605126eae6e2595e9fcf5cac"", ""failure_class"": null, ""max_force_eV_A"": 0.07353451285309684, ""name"": ""bfgs_standard"", ""start_geometry_sha256"": ""d22eb3fd93019d84299beed12156b91a279a29a64d65ed4e80870889abf9a810"", ""steps"": 68}]",38b38b057f66b1774109711630257f575d5fe1ee605126eae6e2595e9fcf5cac,0.03026528209439691,1.3603783501089188,step_4_H2O,8.0,0.0,True,0.22775580555208752,0.740000000035,False,quantitative_screening,0,0,14e2392aa715d4c14a49,False,
"('Spinel', 'Co', 'Fe', 'Nb', 'nanoparticle', 'graphene_oxide')",Spinel,True,esen-sm-conserving-all-oc25:relax-v4:orr-che-v3,True,0.07291409308656638,96,150,0.08,converged,,bfgs_standard,"[{""ase_converged"": true, ""converged"": true, ""end_geometry_sha256"": ""88d1117231a62cd84a6ae5f1ec4c9cbf4eaeb2f847a70755cf65a2b7688fcef7"", ""failure_class"": null, ""max_force_eV_A"": 0.07291409308656638, ""name"": ""bfgs_standard"", ""start_geometry_sha256"": ""3dfdfc7de1be84e06a9cd01eab81ce6acb978472b1f1f8c5a316b0a41ce6ecbb"", ""steps"": 96}]",88d1117231a62cd84a6ae5f1ec4c9cbf4eaeb2f847a70755cf65a2b7688fcef7,-368.46238217339663,True,0.0771617865884915,66.0,100.0,0.08,converged,,bfgs_standard,"[{""ase_converged"": true, ""converged"": true, ""end_geometry_sha256"": ""d1e051614a824cd1440af2004ae0fab757304702cf3347f5c02e8718c3da230a"", ""failure_class"": null, ""max_force_eV_A"": 0.0771617865884915, ""name"": ""bfgs_standard"", ""start_geometry_sha256"": ""a1c34cca40a6a39b695d779459da0962728d45d90fe7803295a893b28b59a0a2"", ""steps"": 66}]",d1e051614a824cd1440af2004ae0fab757304702cf3347f5c02e8718c3da230a,0.1180265571176437,True,0.07800311108892041,255.0,100.0,0.08,converged,,bfgs_after_fire,"[{""ase_converged"": false, ""converged"": false, ""end_geometry_sha256"": ""22708f2c8e1be4a837e6730add2b191908f0a0d8e5e3706957fdc6f872bae523"", ""failure_class"": ""force_threshold"", ""max_force_eV_A"": 0.19761420603254906, ""name"": ""bfgs_standard"", ""start_geometry_sha256"": ""0ff05c43fdad3cf10e84e1316d666d714809079663ee1014e77504ad7722c6eb"", ""steps"": 100}, {""ase_converged"": false, ""converged"": false, ""end_geometry_sha256"": ""443dc3e40832d63fbb848ae21aae47e1b304d02cfa518668500e0983d9501016"", ""failure_class"": ""force_threshold"", ""max_force_eV_A"": 0.8890185211391356, ""name"": ""fire_precondition"", ""qualifying"": false, ""start_geometry_sha256"": ""0ff05c43fdad3cf10e84e1316d666d714809079663ee1014e77504ad7722c6eb"", ""steps"": 50}, {""ase_converged"": true, ""converged"": true, ""end_geometry_sha256"": ""6203b13879ec4fa207a1fb27682bd7f24d41300cd812017d1dfaddece0b213ad"", ""failure_class"": null, ""max_force_eV_A"": 0.07800311108892041, ""name"": ""bfgs_after_fire"", ""start_geometry_sha256"": ""443dc3e40832d63fbb848ae21aae47e1b304d02cfa518668500e0983d9501016"", ""steps"": 105}]",6203b13879ec4fa207a1fb27682bd7f24d41300cd812017d1dfaddece0b213ad,-0.9124155871570359,True,0.0696463156157242,244.0,100.0,0.08,converged,,bfgs_after_fire,"[{""ase_converged"": false, ""converged"": false, ""end_geometry_sha256"": ""0257281b99316e32c3b726e48c31ea3b5ed523818a553c00551ea4bee63eb189"", ""failure_class"": ""force_threshold"", ""max_force_eV_A"": 0.1417469062035679, ""name"": ""bfgs_standard"", ""start_geometry_sha256"": ""02f41e3f50d1af5f02e377755a653200c21437e147ba7be9eda43c0b2ef35e2e"", ""steps"": 100}, {""ase_converged"": false, ""converged"": false, ""end_geometry_sha256"": ""b6080320fff59a39297b8ca91fd3ecc25a99c1550ec2071fc9e7c9a590d8c2e4"", ""failure_class"": ""force_threshold"", ""max_force_eV_A"": 0.5080837983989029, ""name"": ""fire_precondition"", ""qualifying"": false, ""start_geometry_sha256"": ""02f41e3f50d1af5f02e377755a653200c21437e147ba7be9eda43c0b2ef35e2e"", ""steps"": 50}, {""ase_converged"": true, ""converged"": true, ""end_geometry_sha256"": ""0337da465fbdc0d09859df8fa75ced404fcf59fbf36a75e0f255b863bfb468f8"", ""failure_class"": null, ""max_force_eV_A"": 0.0696463156157242, ""name"": ""bfgs_after_fire"", ""start_geometry_sha256"": ""b6080320fff59a39297b8ca91fd3ecc25a99c1550ec2071fc9e7c9a590d8c2e4"", ""steps"": 94}]",0337da465fbdc0d09859df8fa75ced404fcf59fbf36a75e0f255b863bfb468f8,1.665585945546602,2.2594421442746797,step_3_OH,6.0,0.0,True,1.0304421442746796,0.740000000035,False,quantitative_screening,1,1,6258b0094841cca7dffe,False,
"('Spinel', 'Co', 'Cr', 'Ce', 'mesoporous', 'graphene_oxide')",Spinel,True,esen-sm-conserving-all-oc25:relax-v4:orr-che-v3,True,0.07027144509918085,426,150,0.08,converged,,bfgs_after_fire,"[{""ase_converged"": false, ""converged"": false, ""end_geometry_sha256"": ""d84516ad2aa26650063e72a1425f002fe2ad5fda00a28ca3f0024104a5366361"", ""failure_class"": ""force_threshold"", ""max_force_eV_A"": 0.08711551251020792, ""name"": ""bfgs_standard"", ""start_geometry_sha256"": ""53851ddef3ce21fe8d668ff472538a962f5088fde9a7a2a8eb299feb9c398d39"", ""steps"": 150}, {""ase_converged"": false, ""converged"": false, ""end_geometry_sha256"": ""1946f396dfa6ed3d00e155bcd4c99e761cc46f80198f1e0c7d713b72a07ce083"", ""failure_class"": ""force_threshold"", ""max_force_eV_A"": 1.1063436098117518, ""name"": ""fire_precondition"", ""qualifying"": false, ""start_geometry_sha256"": ""53851ddef3ce21fe8d668ff472538a962f5088fde9a7a2a8eb299feb9c398d39"", ""steps"": 75}, {""ase_converged"": true, ""converged"": true, ""end_geometry_sha256"": ""854f86754dd7d3b07f55c8281311a363f25cd2c09d7cd5f09a836a123d637fac"", ""failure_class"": null, ""max_force_eV_A"": 0.07027144509918085, ""name"": ""bfgs_after_fire"", ""start_geometry_sha256"": ""1946f396dfa6ed3d00e155bcd4c99e761cc46f80198f1e0c7d713b72a07ce083"", ""steps"": 201}]",854f86754dd7d3b07f55c8281311a363f25cd2c09d7cd5f09a836a123d637fac,-408.9683909315723,True,0.06878118034185558,62.0,100.0,0.08,converged,,bfgs_standard,"[{""ase_converged"": true, ""converged"": true, ""end_geometry_sha256"": ""29f666c839d859ae7c95997cdc5fcfd4d445684bd9abc575ff57fa0ce68b009a"", ""failure_class"": null, ""max_force_eV_A"": 0.06878118034185558, ""name"": ""bfgs_standard"", ""start_geometry_sha256"": ""e741d8fc6b49d0a2d43cc4bd94250cc0fe0032ae6939171c59201a8634cf2b59"", ""steps"": 62}]",29f666c839d859ae7c95997cdc5fcfd4d445684bd9abc575ff57fa0ce68b009a,0.695363822132349,True,0.059450655280907656,48.0,100.0,0.08,converged,,bfgs_standard,"[{""ase_converged"": true, ""converged"": true, ""end_geometry_sha256"": ""2726846c8b58880fd4f9b9ac60b9ec9088abd3c7aec6ba2e04cd20db682cff79"", ""failure_class"": null, ""max_force_eV_A"": 0.059450655280907656, ""name"": ""bfgs_standard"", ""start_geometry_sha256"": ""8357de9971206e2dd76122d9108eb56edb9aa901227f63908075ec692dde36d4"", ""steps"": 48}]",2726846c8b58880fd4f9b9ac60b9ec9088abd3c7aec6ba2e04cd20db682cff79,0.9654659397899856,True,0.07503540240865705,232.0,100.0,0.08,converged,,bfgs_after_fire,"[{""ase_converged"": false, ""converged"": false, ""end_geometry_sha256"": ""4620c9fe87df1f0ee316b8e762210f39a65e1f6715931a8c17b4f63296458045"", ""failure_class"": ""force_threshold"", ""max_force_eV_A"": 0.303823726300985, ""name"": ""bfgs_standard"", ""start_geometry_sha256"": ""371cc8292dac755fa05e7381b6a7d0acdef41f126f15ed52e97fcb667cba8610"", ""steps"": 100}, {""ase_converged"": false, ""converged"": false, ""end_geometry_sha256"": ""54f0e9590388aec170cc2945840c637c6f926678dff73715dcc21cc21e49ee7d"", ""failure_class"": ""force_threshold"", ""max_force_eV_A"": 1.0168001548766754, ""name"": ""fire_precondition"", ""qualifying"": false, ""start_geometry_sha256"": ""371cc8292dac755fa05e7381b6a7d0acdef41f126f15ed52e97fcb667cba8610"", ""steps"": 50}, {""ase_converged"": true, ""converged"": true, ""end_geometry_sha256"": ""c06a6677cc6969d16601c0f98b295e3d78ac6b6d3475bbe13add9b4353be69c6"", ""failure_class"": null, ""max_force_eV_A"": 0.07503540240865705, ""name"": ""bfgs_after_fire"", ""start_geometry_sha256"": ""54f0e9590388aec170cc2945840c637c6f926678dff73715dcc21cc21e49ee7d"", ""steps"": 82}]",c06a6677cc6969d16601c0f98b295e3d78ac6b6d3475bbe13add9b4353be69c6,-0.13284163624050718,2.327307576030493,step_2_O,8.0,0.0,True,1.6608297619223347,0.6852014328916924,False,quantitative_screening,0,0,044aa0ee77935be71719,False,
"('Spinel', 'Co', 'Cr', 'Mo', 'nanoparticle', 'graphene_oxide')",Spinel,True,esen-sm-conserving-all-oc25:relax-v4:orr-che-v3,True,0.07489351047480547,348,150,0.08,converged,,bfgs_after_fire,"[{""ase_converged"": false, ""converged"": false, ""end_geometry_sha256"": ""a266ccbeda7f077e35b6e02d99c89118c2534734c158dc0b767434209c39cfdc"", ""failure_class"": ""force_threshold"", ""max_force_eV_A"": 0.177804953359792, ""name"": ""bfgs_standard"", ""start_geometry_sha256"": ""b35927a90c0e0f5da69341fc7f38c47902f781ab90750bf1196f850c1e035884"", ""steps"": 150}, {""ase_converged"": false, ""converged"": false, ""end_geometry_sha256"": ""4dc3f8c6b4072c7b2433df91c287b592bca78c84988a7692fcde3bbd963586b0"", ""failure_class"": ""force_threshold"", ""max_force_eV_A"": 1.279987725408556, ""name"": ""fire_precondition"", ""qualifying"": false, ""start_geometry_sha256"": ""b35927a90c0e0f5da69341fc7f38c47902f781ab90750bf1196f850c1e035884"", ""steps"": 75}, {""ase_converged"": true, ""converged"": true, ""end_geometry_sha256"": ""1f8eea2d08e14b8ebed74a597bf0c97b07ac6deb85c9edcfe4126e9f2c643667"", ""failure_class"": null, ""max_force_eV_A"": 0.07489351047480547, ""name"": ""bfgs_after_fire"", ""start_geometry_sha256"": ""4dc3f8c6b4072c7b2433df91c287b592bca78c84988a7692fcde3bbd963586b0"", ""steps"": 123}]",1f8eea2d08e14b8ebed74a597bf0c97b07ac6deb85c9edcfe4126e9f2c643667,-416.5414929624545,True,0.0787062382865668,80.0,100.0,0.08,converged,,bfgs_standard,"[{""ase_converged"": true, ""converged"": true, ""end_geometry_sha256"": ""d3efaaaf80154923c5aab69b5a5796f15b7423725325fbf4b41e6144e3a65436"", ""failure_class"": null, ""max_force_eV_A"": 0.0787062382865668, ""name"": ""bfgs_standard"", ""start_geometry_sha256"": ""027550a9f6182341a68581a133d4997a707fa65baab74089920c35bab391d38a"", ""steps"": 80}]",d3efaaaf80154923c5aab69b5a5796f15b7423725325fbf4b41e6144e3a65436,-0.9130884979665279,True,0.077187851536786,50.0,100.0,0.08,converged,,bfgs_standard,"[{""ase_converged"": true, ""converged"": true, ""end_geometry_sha256"": ""e2f48474835cf9f7023d664fc13f7e9edf973b4f59075ceefa0b5ae2f29be4bc"", ""failure_class"": null, ""max_force_eV_A"": 0.077187851536786, ""name"": ""bfgs_standard"", ""start_geometry_sha256"": ""b9732edac5f430635efdb155012915a1db52202f2d14fc287368d34b030ca5af"", ""steps"": 50}]",e2f48474835cf9f7023d664fc13f7e9edf973b4f59075ceefa0b5ae2f29be4bc,-1.0922261111437954,True,0.06293214059620951,264.0,100.0,0.08,converged,,bfgs_after_fire,"[{""ase_converged"": false, ""converged"": false, ""end_geometry_sha256"": ""88fc130f89c2c1fac531e37bf11511f2fd8586a6d09acfdd8a858487244b24c3"", ""failure_class"": ""force_threshold"", ""max_force_eV_A"": 0.40184194792539774, ""name"": ""bfgs_standard"", ""start_geometry_sha256"": ""b251a7dd213089229c36cf18cba53794a8c85ce09d9aa1956e1b8fd0eceda5fa"", ""steps"": 100}, {""ase_converged"": false, ""converged"": false, ""end_geometry_sha256"": ""d69a389f73019e4c835e4f068a47952bd5c0f1c57289d74c7adca567cc509906"", ""failure_class"": ""force_threshold"", ""max_force_eV_A"": 2.5975408624841685, ""name"": ""fire_precondition"", ""qualifying"": false, ""start_geometry_sha256"": ""b251a7dd213089229c36cf18cba53794a8c85ce09d9aa1956e1b8fd0eceda5fa"", ""steps"": 50}, {""ase_converged"": true, ""converged"": true, ""end_geometry_sha256"": ""8b12386265209067d5c6db80841d4e443c7a432a5f8f39ddefb25b4445f35bf6"", ""failure_class"": null, ""max_force_eV_A"": 0.06293214059620951, ""name"": ""bfgs_after_fire"", ""start_geometry_sha256"": ""d69a389f73019e4c835e4f068a47952bd5c0f1c57289d74c7adca567cc509906"", ""steps"": 114}]",8b12386265209067d5c6db80841d4e443c7a432a5f8f39ddefb25b4445f35bf6,-1.1796408191322962,2.142088497966528,step_4_H2O,8.0,0.0,True,2.0053146091103233,0.740000000035,False,quantitative_screening,2,2,c98516d9b167c931537c,False,
"('Spinel', 'Co', 'Cr', 'W', 'nanorod', 'N-CNT')",Spinel,True,esen-sm-conserving-all-oc25:relax-v4:orr-che-v3,True,0.07733390943914994,144,150,0.08,converged,,bfgs_standard,"[{""ase_converged"": true, ""converged"": true, ""end_geometry_sha256"": ""5326ed3f067913b8f448f6e533de81f12d1d68dd5f84bfad8430871b98bb5fc7"", ""failure_class"": null, ""max_force_eV_A"": 0.07733390943914994, ""name"": ""bfgs_standard"", ""start_geometry_sha256"": ""943a6916a303d53a1195c8a0c8968284a7c3aaf95d17ce71755f52431505a154"", ""steps"": 144}]",5326ed3f067913b8f448f6e533de81f12d1d68dd5f84bfad8430871b98bb5fc7,-408.2690349836626,True,0.07964728139156171,43.0,100.0,0.08,converged,,bfgs_standard,"[{""ase_converged"": true, ""converged"": true, ""end_geometry_sha256"": ""ecbe1e9e34485c1522b83bd4c5c02f4459db561ba67a9b0345744070d980e2b3"", ""failure_class"": null, ""max_force_eV_A"": 0.07964728139156171, ""name"": ""bfgs_standard"", ""start_geometry_sha256"": ""b990c6e3ed94f3eee127ab6aa500ebd53e2ec2819d0c772db881ad17f407a2d7"", ""steps"": 43}]",ecbe1e9e34485c1522b83bd4c5c02f4459db561ba67a9b0345744070d980e2b3,0.8274038459360031,True,0.07781353987498511,68.0,100.0,0.08,converged,,bfgs_standard,"[{""ase_converged"": true, ""converged"": true, ""end_geometry_sha256"": ""4884c27d0c7933c261fc0209ff1d731b6fa1f3fa93bdc5fe74a458c8da535e71"", ""failure_class"": null, ""max_force_eV_A"": 0.07781353987498511, ""name"": ""bfgs_standard"", ""start_geometry_sha256"": ""5ac6ca62fde5dcd8ecd8beb4373b02d791a73ef5db28763ce3e43fd7943114e7"", ""steps"": 68}]",4884c27d0c7933c261fc0209ff1d731b6fa1f3fa93bdc5fe74a458c8da535e71,0.7275418408214229,True,0.060417592039904135,243.0,100.0,0.08,converged,,bfgs_after_fire,"[{""ase_converged"": false, ""converged"": false, ""end_geometry_sha256"": ""686c07ddc29ae03bc4cd82260562b2dbcbd7586aec9a1019257efdaa050614ad"", ""failure_class"": ""force_threshold"", ""max_force_eV_A"": 0.1084883391795341, ""name"": ""bfgs_standard"", ""start_geometry_sha256"": ""a194eb5d45d362c100586d42e51cbc914a88d372f3d6f8850efac77101229320"", ""steps"": 100}, {""ase_converged"": false, ""converged"": false, ""end_geometry_sha256"": ""f364d51ba6c6ac24fb3f83c3e6ddd1ae88ec8227356e3895c0033bc20a9a118d"", ""failure_class"": ""force_threshold"", ""max_force_eV_A"": 2.6817779511839897, ""name"": ""fire_precondition"", ""qualifying"": false, ""start_geometry_sha256"": ""a194eb5d45d362c100586d42e51cbc914a88d372f3d6f8850efac77101229320"", ""steps"": 50}, {""ase_converged"": true, ""converged"": true, ""end_geometry_sha256"": ""e6bed0be391fe87b1e89b9cb192c3dbc9856a6062bd900897e23736eba434bad"", ""failure_class"": null, ""max_force_eV_A"": 0.060417592039904135, ""name"": ""bfgs_after_fire"", ""start_geometry_sha256"": ""f364d51ba6c6ac24fb3f83c3e6ddd1ae88ec8227356e3895c0033bc20a9a118d"", ""steps"": 93}]",e6bed0be391fe87b1e89b9cb192c3dbc9856a6062bd900897e23736eba434bad,1.5284590229391233,1.3288620051145803,step_3_OH,8.0,0.0,True,1.554945686757426,0.740000000035,False,quantitative_screening,1,1,77f21ce8a38a665d38ac,False,
"('Spinel', 'Co', 'Al', 'La', 'mesoporous', 'graphene_oxide')",Spinel,True,esen-sm-conserving-all-oc25:relax-v4:orr-che-v3,True,0.07639594472674356,599,150,0.08,converged,,fire_small_step,"[{""ase_converged"": false, ""converged"": false, ""end_geometry_sha256"": ""95faab90e20761c0873b8081b70afa3624030edde488a982bfb9160e85c355cb"", ""failure_class"": ""force_threshold"", ""max_force_eV_A"": 0.1320193852231549, ""name"": ""bfgs_standard"", ""start_geometry_sha256"": ""a3fe152e5b3e5bb227316894af82d299c88a2ff646c2a37b9d98cc65b17c741a"", ""steps"": 150}, {""ase_converged"": false, ""converged"": false, ""end_geometry_sha256"": ""876bb95fbb505d765aa237b638cccfdcde40cdeeebcca07fc9ab0e1ae04f9a5e"", ""failure_class"": ""force_threshold"", ""max_force_eV_A"": 0.9852036342198536, ""name"": ""fire_precondition"", ""qualifying"": false, ""start_geometry_sha256"": ""a3fe152e5b3e5bb227316894af82d299c88a2ff646c2a37b9d98cc65b17c741a"", ""steps"": 75}, {""ase_converged"": false, ""converged"": false, ""end_geometry_sha256"": ""a42a5a78e25a83ed2ab4dd76d493c93e438916c397c0dac100197f2916576a8b"", ""failure_class"": ""force_threshold"", ""max_force_eV_A"": 0.19444117072037193, ""name"": ""bfgs_after_fire"", ""start_geometry_sha256"": ""876bb95fbb505d765aa237b638cccfdcde40cdeeebcca07fc9ab0e1ae04f9a5e"", ""steps"": 300}, {""ase_converged"": true, ""converged"": true, ""end_geometry_sha256"": ""7bc5593c7653c51d95a7e498546164f281f2d02cd19cbf4178a612db6bd15564"", ""failure_class"": null, ""max_force_eV_A"": 0.07639594472674356, ""name"": ""fire_small_step"", ""start_geometry_sha256"": ""95faab90e20761c0873b8081b70afa3624030edde488a982bfb9160e85c355cb"", ""steps"": 74}]",7bc5593c7653c51d95a7e498546164f281f2d02cd19cbf4178a612db6bd15564,-344.21737598256044,True,0.06944793778439126,40.0,100.0,0.08,converged,,bfgs_standard,"[{""ase_converged"": true, ""converged"": true, ""end_geometry_sha256"": ""39c2c905c7f5fe0249b4e8de3a9777b92e1b0aba9bfa9294a41b0e2463be5da9"", ""failure_class"": null, ""max_force_eV_A"": 0.06944793778439126, ""name"": ""bfgs_standard"", ""start_geometry_sha256"": ""98a89ea368d8695c29af5d179da21795df7aec2f6c9c188a8cd2f69c9e321b25"", ""steps"": 40}]",39c2c905c7f5fe0249b4e8de3a9777b92e1b0aba9bfa9294a41b0e2463be5da9,-0.1306516502797604,True,0.07792262624297781,33.0,100.0,0.08,converged,,bfgs_standard,"[{""ase_converged"": true, ""converged"": true, ""end_geometry_sha256"": ""04016f2ae940abd48de8d77b567c537776aa670f4daba2e29fc0383bb2da0e9d"", ""failure_class"": null, ""max_force_eV_A"": 0.07792262624297781, ""name"": ""bfgs_standard"", ""start_geometry_sha256"": ""746a6fb300e54e34390cb34863fa643dc9f40fccf934ce89620b808a6f621e44"", ""steps"": 33}]",04016f2ae940abd48de8d77b567c537776aa670f4daba2e29fc0383bb2da0e9d,3.1448115475475538,True,0.07699937140407631,25.0,100.0,0.08,converged,,bfgs_standard,"[{""ase_converged"": true, ""converged"": true, ""end_geometry_sha256"": ""08370dbe868ffdac7887a344424edbedc492b6f4c3cd0c29a3ff4ef09a6c413b"", ""failure_class"": null, ""max_force_eV_A"": 0.07699937140407631, ""name"": ""bfgs_standard"", ""start_geometry_sha256"": ""b78b345cf751fc36d1695f2544f6edbfd0da82e6f5b9e0ce19e1eed6e82d59f1"", ""steps"": 25}]",08370dbe868ffdac7887a344424edbedc492b6f4c3cd0c29a3ff4ef09a6c413b,3.4580420956015336,1.3596516502797604,step_4_H2O,9.0,0.0,True,3.2754631978273143,0.6852014328916924,False,quantitative_screening,0,0,1457a84d6f2efc2f9427,False,
"('MXene', 'Ti', 'C', 1, 'O', 'Cu')",MXene,True,esen-sm-conserving-all-oc25:relax-v4:orr-che-v3,True,0.04746666807810253,14,150,0.08,converged,,bfgs_standard,"[{""ase_converged"": true, ""converged"": true, ""end_geometry_sha256"": ""9177b0af5e822d271063ac51333e77da7a5285bd5126105a24eafaf37c074356"", ""failure_class"": null, ""max_force_eV_A"": 0.04746666807810253, ""name"": ""bfgs_standard"", ""start_geometry_sha256"": ""2d2d2736acd9006a7a7f03d14663f322797966e67b069ba9ccd3cc4df5457ce7"", ""steps"": 14}]",9177b0af5e822d271063ac51333e77da7a5285bd5126105a24eafaf37c074356,-136.94216909277733,True,0.07890437594498671,33.0,100.0,0.08,converged,,bfgs_standard,"[{""ase_converged"": true, ""converged"": true, ""end_geometry_sha256"": ""0a9c7229b16e41881c1d84f1078fcec49863c492b832abed6129c86af5d541c4"", ""failure_class"": null, ""max_force_eV_A"": 0.07890437594498671, ""name"": ""bfgs_standard"", ""start_geometry_sha256"": ""9148eba5182044474243f735bd83f79662b5bb79b32acbac78ca0eadae9e7920"", ""steps"": 33}]",0a9c7229b16e41881c1d84f1078fcec49863c492b832abed6129c86af5d541c4,-1.8048250053822994,True,0.0792227463678831,5.0,100.0,0.08,converged,,bfgs_standard,"[{""ase_converged"": true, ""converged"": true, ""end_geometry_sha256"": ""d421b15bc505930a56081a5aafcde42adf174e20430eee0fbe966d1d63747b26"", ""failure_class"": null, ""max_force_eV_A"": 0.0792227463678831, ""name"": ""bfgs_standard"", ""start_geometry_sha256"": ""52cc87a9ab0bc0dcfb95db3c43edbe7a16d7e602189ef0a87daba8e40a0d169e"", ""steps"": 5}]",d421b15bc505930a56081a5aafcde42adf174e20430eee0fbe966d1d63747b26,-0.9301768176257574,True,0.07724056376705046,218.0,100.0,0.08,converged,,bfgs_after_fire,"[{""ase_converged"": false, ""converged"": false, ""end_geometry_sha256"": ""d85e8d2e807547350e049d3f45c5e84b117ade482076d8d425e575139cda6353"", ""failure_class"": ""force_threshold"", ""max_force_eV_A"": 15.516685821376623, ""name"": ""bfgs_standard"", ""start_geometry_sha256"": ""bb114c7c540a19839486ac4e8966048c6a35a70955328d0301061b08be767417"", ""steps"": 100}, {""ase_converged"": false, ""converged"": false, ""end_geometry_sha256"": ""24fc4113cb985103061765cc46392b7ae2e0f562d938a2953e3d31920d54df62"", ""failure_class"": ""force_threshold"", ""max_force_eV_A"": 1.3695152698939725, ""name"": ""fire_precondition"", ""qualifying"": false, ""start_geometry_sha256"": ""bb114c7c540a19839486ac4e8966048c6a35a70955328d0301061b08be767417"", ""steps"": 50}, {""ase_converged"": true, ""converged"": true, ""end_geometry_sha256"": ""614b202aa34fca19859c9877a14f16befde68bc0ffc01c8cc5129164fc0a1c36"", ""failure_class"": null, ""max_force_eV_A"": 0.07724056376705046, ""name"": ""bfgs_after_fire"", ""start_geometry_sha256"": ""24fc4113cb985103061765cc46392b7ae2e0f562d938a2953e3d31920d54df62"", ""steps"": 68}]",614b202aa34fca19859c9877a14f16befde68bc0ffc01c8cc5129164fc0a1c36,7.708711098134522,3.0,step_1_OOH,8.0,0.0,True,2.735001823008057,0.675000000035,False,quantitative_screening,2,2,8e494598c90422d9d0e1,False,
"('MXene', 'Ti', 'C', 2, 'OH', 'Cu')",MXene,True,esen-sm-conserving-all-oc25:relax-v4:orr-che-v3,True,0.07255257603547657,95,150,0.08,converged,,bfgs_standard,"[{""ase_converged"": true, ""converged"": true, ""end_geometry_sha256"": ""c1451b551d2420b00aa13264b9bbdaee28255ab2ee5d54379335c1fc401758a7"", ""failure_class"": null, ""max_force_eV_A"": 0.07255257603547657, ""name"": ""bfgs_standard"", ""start_geometry_sha256"": ""a732eba61eccab82a0a18f16eca13c5443cae9287d21a4e8d53493536711357d"", ""steps"": 95}]",c1451b551d2420b00aa13264b9bbdaee28255ab2ee5d54379335c1fc401758a7,-225.62965073292577,True,0.07937482714889879,79.0,100.0,0.08,converged,,bfgs_standard,"[{""ase_converged"": true, ""converged"": true, ""end_geometry_sha256"": ""d72425d4d4c7f213b3936325dae192068de0aa781118c15d8aeb2bb4b34a1535"", ""failure_class"": null, ""max_force_eV_A"": 0.07937482714889879, ""name"": ""bfgs_standard"", ""start_geometry_sha256"": ""31018cdca5c0aa7516c2630a11cf10ae7a179d578d9a25b29bbd1850abde2f02"", ""steps"": 79}]",d72425d4d4c7f213b3936325dae192068de0aa781118c15d8aeb2bb4b34a1535,-3.4619562004506585,True,0.07740000845990079,32.0,100.0,0.08,converged,,bfgs_standard,"[{""ase_converged"": true, ""converged"": true, ""end_geometry_sha256"": ""75fb938ebbecf35c69263e90633ef61fe8ff909ae56e954562bc5cad7fcd2917"", ""failure_class"": null, ""max_force_eV_A"": 0.07740000845990079, ""name"": ""bfgs_standard"", ""start_geometry_sha256"": ""475072f9c367334f2e8b0463ae45d91808f8d732338b8cafb2d6ec79fdee712f"", ""steps"": 32}]",75fb938ebbecf35c69263e90633ef61fe8ff909ae56e954562bc5cad7fcd2917,-3.1825228564441455,True,0.05996693117051985,96.0,100.0,0.08,converged,,bfgs_standard,"[{""ase_converged"": true, ""converged"": true, ""end_geometry_sha256"": ""770cbdaf81ade7a099f4fbe2f6f9afe1cf1fdf4f269cd7898fb88639366f78b8"", ""failure_class"": null, ""max_force_eV_A"": 0.05996693117051985, ""name"": ""bfgs_standard"", ""start_geometry_sha256"": ""1092373930982f025157e976804cc93faeafa5bbf246ffa962888be99c7e56f6"", ""steps"": 96}]",770cbdaf81ade7a099f4fbe2f6f9afe1cf1fdf4f269cd7898fb88639366f78b8,-4.841929008066678,3.0,step_4_H2O,8.0,0.0,True,6.644479056894804,0.675000000035,False,quantitative_screening,1,1,9da75bf6a54e5585caaa,False,
"('MXene', 'Ti', 'C', 2, 'S', 'Pt')",MXene,True,esen-sm-conserving-all-oc25:relax-v4:orr-che-v3,True,0.0731796186035698,24,150,0.08,converged,,bfgs_standard,"[{""ase_converged"": true, ""converged"": true, ""end_geometry_sha256"": ""167c1e19a5eb8a5beb676e1bf4ee72b972e00b53e45852f764f06e96cc4f3085"", ""failure_class"": null, ""max_force_eV_A"": 0.0731796186035698, ""name"": ""bfgs_standard"", ""start_geometry_sha256"": ""e4e1e3f16b3268afc6674c62cd66f4a4d1530b5399a9141ab50c57b6ba7bd7b5"", ""steps"": 24}]",167c1e19a5eb8a5beb676e1bf4ee72b972e00b53e45852f764f06e96cc4f3085,-220.25658440931164,True,0.07952927231190562,33.0,100.0,0.08,converged,,bfgs_standard,"[{""ase_converged"": true, ""converged"": true, ""end_geometry_sha256"": ""3591b3f38b702a77f9b1686a44fcbe6522978c60e91e72cedbbcd827d9048371"", ""failure_class"": null, ""max_force_eV_A"": 0.07952927231190562, ""name"": ""bfgs_standard"", ""start_geometry_sha256"": ""201e253bda5e3b1fa4c4d0aa522705184ff8bdd1285b614c021143adf3683db5"", ""steps"": 33}]",3591b3f38b702a77f9b1686a44fcbe6522978c60e91e72cedbbcd827d9048371,-2.034897026866674,True,0.05199970744426758,27.0,100.0,0.08,converged,,bfgs_standard,"[{""ase_converged"": true, ""converged"": true, ""end_geometry_sha256"": ""1997e73a2a8fdb6f8cf978ae21b81e56b208bbc6668c5bd97f323a23601f06fc"", ""failure_class"": null, ""max_force_eV_A"": 0.05199970744426758, ""name"": ""bfgs_standard"", ""start_geometry_sha256"": ""376e0a75b00f57fc3d4940b2a9c4940b1322e506aad18055141a39762bec5d66"", ""steps"": 27}]",1997e73a2a8fdb6f8cf978ae21b81e56b208bbc6668c5bd97f323a23601f06fc,-2.7505884997546923,True,0.07085036158200929,49.0,100.0,0.08,converged,,bfgs_standard,"[{""ase_converged"": true, ""converged"": true, ""end_geometry_sha256"": ""d9c3094a3f02c3c1cbf211b28003cd70805a576e31b5ab72cddb992a95344789"", ""failure_class"": null, ""max_force_eV_A"": 0.07085036158200929, ""name"": ""bfgs_standard"", ""start_geometry_sha256"": ""626f02e1bd61ad24bcc3ba94e776e487e16727d97173b9318015c51e1c4b9fa3"", ""steps"": 49}]",d9c3094a3f02c3c1cbf211b28003cd70805a576e31b5ab72cddb992a95344789,-3.8115640178323043,3.0,step_4_H2O,10.0,-0.5489815478445421,True,4.7854855266213665,0.675000000035,False,quantitative_screening,2,2,44d6ba096932f3ec80be,False,
"('MXene', 'Ti', 'C', 2, 'mixed_OH_F', 'Fe')",MXene,True,esen-sm-conserving-all-oc25:relax-v4:orr-che-v3,True,0.07594656250245313,122,150,0.08,converged,,bfgs_standard,"[{""ase_converged"": true, ""converged"": true, ""end_geometry_sha256"": ""dcbaf38e568921964ccb6d20525298344775572554b4054db2df3a87ae22b3b7"", ""failure_class"": null, ""max_force_eV_A"": 0.07594656250245313, ""name"": ""bfgs_standard"", ""start_geometry_sha256"": ""243e93e3511fb5c7b442bfc347334dbc7c54da8b66b2731d56f5e3ac4e9b5c2e"", ""steps"": 122}]",dcbaf38e568921964ccb6d20525298344775572554b4054db2df3a87ae22b3b7,-234.70884358846905,True,0.07191564631849594,56.0,100.0,0.08,converged,,bfgs_standard,"[{""ase_converged"": true, ""converged"": true, ""end_geometry_sha256"": ""3cd69d631ab2cdd11a9985c262a321cef1911462d4d03da504a19f1ec366e57e"", ""failure_class"": null, ""max_force_eV_A"": 0.07191564631849594, ""name"": ""bfgs_standard"", ""start_geometry_sha256"": ""608402c7ca1f2651de3b52c734047fd459d3255bd9b3cbc0b8e514dbe004fd39"", ""steps"": 56}]",3cd69d631ab2cdd11a9985c262a321cef1911462d4d03da504a19f1ec366e57e,-2.435104546397924,True,0.06673598845186415,23.0,100.0,0.08,converged,,bfgs_standard,"[{""ase_converged"": true, ""converged"": true, ""end_geometry_sha256"": ""c302e61b3bce2115946f6d54275bda7d5a55ce082ee760d164e8039ac319ea02"", ""failure_class"": null, ""max_force_eV_A"": 0.06673598845186415, ""name"": ""bfgs_standard"", ""start_geometry_sha256"": ""fbf5dfa8acd8e233697309003d6fcad8ac800db05f76fef6fe7c92f1db658103"", ""steps"": 23}]",c302e61b3bce2115946f6d54275bda7d5a55ce082ee760d164e8039ac319ea02,-1.7753153674304165,True,0.07156358829014972,326.0,100.0,0.08,converged,,bfgs_after_fire,"[{""ase_converged"": false, ""converged"": false, ""end_geometry_sha256"": ""67719c90bf68850fb3834b50c244c4ec80507808da2a830f20b304cf5f00406b"", ""failure_class"": ""force_threshold"", ""max_force_eV_A"": 0.36920261438183016, ""name"": ""bfgs_standard"", ""start_geometry_sha256"": ""9e7b38b9ba8841d9e27cac08afea3372f014ff0929b854e0d48043444d9311ab"", ""steps"": 100}, {""ase_converged"": false, ""converged"": false, ""end_geometry_sha256"": ""53faba8c655c978d80d706be0e3e1ab16074f35f7930bd1a784e15f5d2ff30b7"", ""failure_class"": ""force_threshold"", ""max_force_eV_A"": 2.3808896841290252, ""name"": ""fire_precondition"", ""qualifying"": false, ""start_geometry_sha256"": ""9e7b38b9ba8841d9e27cac08afea3372f014ff0929b854e0d48043444d9311ab"", ""steps"": 50}, {""ase_converged"": true, ""converged"": true, ""end_geometry_sha256"": ""97b0d84f9c83524e3dc01d34b5a6f645160e7d1ac27a5e56af49996ad68ee182"", ""failure_class"": null, ""max_force_eV_A"": 0.07156358829014972, ""name"": ""bfgs_after_fire"", ""start_geometry_sha256"": ""53faba8c655c978d80d706be0e3e1ab16074f35f7930bd1a784e15f5d2ff30b7"", ""steps"": 176}]",97b0d84f9c83524e3dc01d34b5a6f645160e7d1ac27a5e56af49996ad68ee182,1.3236975178122838,3.0,step_4_H2O,7.0,0.0,True,4.210419913828341,0.675000000035,False,quantitative_screening,2,2,30fb3c280c774e1c07b1,False,
"('MXene', 'Ti', 'C', 3, 'Cl', 'Pd')",MXene,False,esen-sm-conserving-all-oc25:relax-v4:orr-che-v3,True,0.07304079675152553,56,150,0.08,converged,,bfgs_standard,"[{""ase_converged"": true, ""converged"": true, ""end_geometry_sha256"": ""14cf9090bfb0a48b110ac6d48019d8cc06d0249d2c13afc69f96de2f31977557"", ""failure_class"": null, ""max_force_eV_A"": 0.07304079675152553, ""name"": ""bfgs_standard"", ""start_geometry_sha256"": ""03c656fe2e8f5d36860970fa8210b4eeaba5708ffabea25f21c6113bd596510e"", ""steps"": 56}]",14cf9090bfb0a48b110ac6d48019d8cc06d0249d2c13afc69f96de2f31977557,-300.3170757013375,True,0.07170205358235655,69.0,100.0,0.08,converged,,bfgs_standard,"[{""ase_converged"": true, ""converged"": true, ""end_geometry_sha256"": ""ba72d538e84bfb7faaa692556e5b56423659e374c1acd6bbacf565c8e2aaef05"", ""failure_class"": null, ""max_force_eV_A"": 0.07170205358235655, ""name"": ""bfgs_standard"", ""start_geometry_sha256"": ""3999dd45601abc9e1ab6eaca5741a34513f92ece13e992d5557b69c544084786"", ""steps"": 69}]",ba72d538e84bfb7faaa692556e5b56423659e374c1acd6bbacf565c8e2aaef05,-2.628822502940893,True,0.062414537808391284,70.0,100.0,0.08,converged,,bfgs_standard,"[{""ase_converged"": true, ""converged"": true, ""end_geometry_sha256"": ""c4da0bfd4865df3ed0cd7e346aa407dd34ecff58f46a66d38d272553142d54f4"", ""failure_class"": null, ""max_force_eV_A"": 0.062414537808391284, ""name"": ""bfgs_standard"", ""start_geometry_sha256"": ""0b5ed0e5c4a2b5bd9c7621d3ff072833953cd7528a5369f6b13fd4ef50c48a5c"", ""steps"": 70}]",c4da0bfd4865df3ed0cd7e346aa407dd34ecff58f46a66d38d272553142d54f4,-2.0385714404284068,False,,0.0,100.0,0.08,invalid_initial_geometry,atomic_overlap,none,[],08ba718f423a3196bdefeafef6c068e006a8b9ee5d84b2b10372b7cc874d49a1,,,,,,,,,True,validation_required,0,0,3e35904b185b08fa45e5,False,Invalid ooh initial geometry: atomic_overlap
"('MXene', 'Ti', 'C', 3, 'bare', 'None')",MXene,True,esen-sm-conserving-all-oc25:relax-v4:orr-che-v3,True,0.06907187738941828,32,150,0.08,converged,,bfgs_standard,"[{""ase_converged"": true, ""converged"": true, ""end_geometry_sha256"": ""d9e9027956f2e3c5aa6d71ab94f4050ab5bd26afce08bb46ff1cc8c74edf5206"", ""failure_class"": null, ""max_force_eV_A"": 0.06907187738941828, ""name"": ""bfgs_standard"", ""start_geometry_sha256"": ""a4f504ec4fb135a6bc2a0dd1778b1ef4a42f9a5e784702f67c0588d32e60b672"", ""steps"": 32}]",d9e9027956f2e3c5aa6d71ab94f4050ab5bd26afce08bb46ff1cc8c74edf5206,-293.31850442586534,True,0.06507215680583439,26.0,100.0,0.08,converged,,bfgs_standard,"[{""ase_converged"": true, ""converged"": true, ""end_geometry_sha256"": ""708648a78b7431885d5aeaff92a73ab3b40aeba4c97c62d4c1faabe9e54e57ab"", ""failure_class"": null, ""max_force_eV_A"": 0.06507215680583439, ""name"": ""bfgs_standard"", ""start_geometry_sha256"": ""2cd780793ed972a9d1e31400e5cbc1f9ee08685c9fa9408c18fc6f209cbfff00"", ""steps"": 26}]",708648a78b7431885d5aeaff92a73ab3b40aeba4c97c62d4c1faabe9e54e57ab,-2.1312066887319085,True,0.06699383060917956,31.0,100.0,0.08,converged,,bfgs_standard,"[{""ase_converged"": true, ""converged"": true, ""end_geometry_sha256"": ""802b2281ee44fc680051d7ac452f411d19e25b561bb130252057fa8f144fae49"", ""failure_class"": null, ""max_force_eV_A"": 0.06699383060917956, ""name"": ""bfgs_standard"", ""start_geometry_sha256"": ""07c8e140b217be678021ed0deb0e8423876cca38b010086d4f874e2876d18cef"", ""steps"": 31}]",802b2281ee44fc680051d7ac452f411d19e25b561bb130252057fa8f144fae49,-2.814763151854188,True,0.07223409866489428,282.0,100.0,0.08,converged,,bfgs_after_fire,"[{""ase_converged"": false, ""converged"": false, ""end_geometry_sha256"": ""779d52d072e2a382208f0d0a9fa919787b6e242ed127e87624d2527ff2c7b48b"", ""failure_class"": ""force_threshold"", ""max_force_eV_A"": 0.2588557821991696, ""name"": ""bfgs_standard"", ""start_geometry_sha256"": ""18ec233c6e05a5bf9bef25d03bec3e75faf43e1d54c0378e0c6fec6676d1508e"", ""steps"": 100}, {""ase_converged"": false, ""converged"": false, ""end_geometry_sha256"": ""cc39dcc54a7f60a924fbfed82726332afa38a638ad25bd61e095846e935948a3"", ""failure_class"": ""force_threshold"", ""max_force_eV_A"": 1.0514679505552171, ""name"": ""fire_precondition"", ""qualifying"": false, ""start_geometry_sha256"": ""18ec233c6e05a5bf9bef25d03bec3e75faf43e1d54c0378e0c6fec6676d1508e"", ""steps"": 50}, {""ase_converged"": true, ""converged"": true, ""end_geometry_sha256"": ""17c7e261aabc5a7746c9c82f7ef77ece285db4e40bad3ac33926ee7b60089f7b"", ""failure_class"": null, ""max_force_eV_A"": 0.07223409866489428, ""name"": ""bfgs_after_fire"", ""start_geometry_sha256"": ""cc39dcc54a7f60a924fbfed82726332afa38a638ad25bd61e095846e935948a3"", ""steps"": 132}]",17c7e261aabc5a7746c9c82f7ef77ece285db4e40bad3ac33926ee7b60089f7b,-7.76500563770535,3.0,step_2_O,10.0,0.0,True,4.945969840586097,0.675000000035,False,quantitative_screening,1,1,144708a909da0f7e7f70,False,
"('MXene', 'Ti', 'N', 1, 'mixed_OH_F', 'None')",MXene,True,esen-sm-conserving-all-oc25:relax-v4:orr-che-v3,True,0.0744946561926998,25,150,0.08,converged,,bfgs_standard,"[{""ase_converged"": true, ""converged"": true, ""end_geometry_sha256"": ""a1e4a7dfd726d0f13465db97639c12360dce38723751457d0cd45be1db1892ae"", ""failure_class"": null, ""max_force_eV_A"": 0.0744946561926998, ""name"": ""bfgs_standard"", ""start_geometry_sha256"": ""211a92aafec9f1797ae78247c9349d656f1988e15751c9fdce63353847ef4037"", ""steps"": 25}]",a1e4a7dfd726d0f13465db97639c12360dce38723751457d0cd45be1db1892ae,-152.585849086481,True,0.07345036635603598,26.0,100.0,0.08,converged,,bfgs_standard,"[{""ase_converged"": true, ""converged"": true, ""end_geometry_sha256"": ""ca7c75113c1a9205a03afa4d1901c893a07979ad51cc824408d49a75db3d3bce"", ""failure_class"": null, ""max_force_eV_A"": 0.07345036635603598, ""name"": ""bfgs_standard"", ""start_geometry_sha256"": ""140bbc4e8990b2be76ee173a5b545774b2b3ca5f2996ea36658cffdab37183d5"", ""steps"": 26}]",ca7c75113c1a9205a03afa4d1901c893a07979ad51cc824408d49a75db3d3bce,-1.744077858775854,True,0.07861272715804017,8.0,100.0,0.08,converged,,bfgs_standard,"[{""ase_converged"": true, ""converged"": true, ""end_geometry_sha256"": ""054d178d3e0195570a93170eadc3db8fdd00e54329075dc5f31bd48a384f687a"", ""failure_class"": null, ""max_force_eV_A"": 0.07861272715804017, ""name"": ""bfgs_standard"", ""start_geometry_sha256"": ""80c3f01d713fbf9222bc3252121763dc063f1f6af4e523b3385db1ba8b536af5"", ""steps"": 8}]",054d178d3e0195570a93170eadc3db8fdd00e54329075dc5f31bd48a384f687a,-0.9347144000232184,True,0.05590174377384315,35.0,100.0,0.08,converged,,bfgs_standard,"[{""ase_converged"": true, ""converged"": true, ""end_geometry_sha256"": ""16767c34703d3b953043df417b30aa97e1abd125b8c42546784f9fe24d29cc7f"", ""failure_class"": null, ""max_force_eV_A"": 0.05590174377384315, ""name"": ""bfgs_standard"", ""start_geometry_sha256"": ""97b8c4d46bec1c49782e4fa97e62ea14a768477d8761e07907e4a812c7ee51a7"", ""steps"": 35}]",16767c34703d3b953043df417b30aa97e1abd125b8c42546784f9fe24d29cc7f,-3.926073600351807,3.0,step_2_O,10.0,0.0,True,2.6787922587990725,0.675000000035,False,quantitative_screening,0,0,fb359e4f0ebedc20878b,False,
"('MXene', 'Ti', 'N', 2, 'Cl', 'Co')",MXene,False,esen-sm-conserving-all-oc25:relax-v4:orr-che-v3,True,0.07063703749021176,36,150,0.08,converged,,bfgs_standard,"[{""ase_converged"": true, ""converged"": true, ""end_geometry_sha256"": ""df66bae0ad79c078becabd6735283f817563ef1521ce881976468dd5c821cea2"", ""failure_class"": null, ""max_force_eV_A"": 0.07063703749021176, ""name"": ""bfgs_standard"", ""start_geometry_sha256"": ""14d80375db94cdb30886e531f6169730e635f3ef20490bf608c9b28810b8776c"", ""steps"": 36}]",df66bae0ad79c078becabd6735283f817563ef1521ce881976468dd5c821cea2,-220.417486881664,True,0.06866269898391303,92.0,100.0,0.08,converged,,bfgs_standard,"[{""ase_converged"": true, ""converged"": true, ""end_geometry_sha256"": ""ac7f234ef4caee4deac93c6f71cef7e5a874d27cb348ac75d965ea6022d0c4af"", ""failure_class"": null, ""max_force_eV_A"": 0.06866269898391303, ""name"": ""bfgs_standard"", ""start_geometry_sha256"": ""2c16d9dec71126f0c68365467a214928c050744c126b8db5c0967984ad4db284"", ""steps"": 92}]",ac7f234ef4caee4deac93c6f71cef7e5a874d27cb348ac75d965ea6022d0c4af,-3.2994424675405023,True,0.07502872228416585,44.0,100.0,0.08,converged,,bfgs_standard,"[{""ase_converged"": true, ""converged"": true, ""end_geometry_sha256"": ""b8d72df673e650fe9df35adeca59acb38681251fbf5169ffb7ae6c00a1c5f99f"", ""failure_class"": null, ""max_force_eV_A"": 0.07502872228416585, ""name"": ""bfgs_standard"", ""start_geometry_sha256"": ""18acbececae30c2b17ae0cd845e5671642d115a81c037eef04d6eb7d415fd223"", ""steps"": 44}]",b8d72df673e650fe9df35adeca59acb38681251fbf5169ffb7ae6c00a1c5f99f,-2.9778300158679736,False,0.4043227535997777,650.0,100.0,0.08,recovery_exhausted,force_threshold,bfgs_after_fire,"[{""ase_converged"": false, ""converged"": false, ""end_geometry_sha256"": ""e67bbf6d4971ab68936c73287df427d0e4cc503e466c24ada85f4eb633d0a9f9"", ""failure_class"": ""force_threshold"", ""max_force_eV_A"": 0.81771255326792, ""name"": ""bfgs_standard"", ""start_geometry_sha256"": ""d0b018915b0cc0c077eec23d1eecb8b4f86481b863bcb795aca65b79e6602747"", ""steps"": 100}, {""ase_converged"": false, ""converged"": false, ""end_geometry_sha256"": ""c8bd838f82c297a4b5c49aba5896bc82a01744045e95d0ab5452a0ffe5859779"", ""failure_class"": ""force_threshold"", ""max_force_eV_A"": 1.9093359882046552, ""name"": ""fire_precondition"", ""qualifying"": false, ""start_geometry_sha256"": ""d0b018915b0cc0c077eec23d1eecb8b4f86481b863bcb795aca65b79e6602747"", ""steps"": 50}, {""ase_converged"": false, ""converged"": false, ""end_geometry_sha256"": ""4216ba58d5884c83fe9a6f448e075a58c7b440d2cbc1569ea34651bbfb3a5735"", ""failure_class"": ""force_threshold"", ""max_force_eV_A"": 0.4043227535997777, ""name"": ""bfgs_after_fire"", ""start_geometry_sha256"": ""c8bd838f82c297a4b5c49aba5896bc82a01744045e95d0ab5452a0ffe5859779"", ""steps"": 200}, {""ase_converged"": false, ""converged"": false, ""end_geometry_sha256"": ""df0687c1e99ef70c6b28e96f3614b2f715ede199d049a72662940e24bda71ac4"", ""failure_class"": ""force_threshold"", ""max_force_eV_A"": 0.40434533065153366, ""name"": ""fire_small_step"", ""start_geometry_sha256"": ""4216ba58d5884c83fe9a6f448e075a58c7b440d2cbc1569ea34651bbfb3a5735"", ""steps"": 300}]",4216ba58d5884c83fe9a6f448e075a58c7b440d2cbc1569ea34651bbfb3a5735,,,,,,,,,True,validation_required,0,0,02f756c8bb15408062f8,False,Unconverged ooh relaxation: max_force=0.404323 eV/A after 650 cumulative recovery steps
"('MXene', 'Ti', 'N', 2, 'S', 'Pt')",MXene,True,esen-sm-conserving-all-oc25:relax-v4:orr-che-v3,True,0.061691030258806526,40,150,0.08,converged,,bfgs_standard,"[{""ase_converged"": true, ""converged"": true, ""end_geometry_sha256"": ""b3642d3c2997549610518c3f89d8fe514aad310e00f3268977c84f2df00e0f65"", ""failure_class"": null, ""max_force_eV_A"": 0.061691030258806526, ""name"": ""bfgs_standard"", ""start_geometry_sha256"": ""e38c638d3bede48123e99a553c8b2fc7460ebea51a6d8d586949b6b27aec3abf"", ""steps"": 40}]",b3642d3c2997549610518c3f89d8fe514aad310e00f3268977c84f2df00e0f65,-224.37427511738997,True,0.0760700376475531,55.0,100.0,0.08,converged,,bfgs_standard,"[{""ase_converged"": true, ""converged"": true, ""end_geometry_sha256"": ""16fed07e4d69eda9af28f9c77bf62514810945458ea9ac647c40bf7121050972"", ""failure_class"": null, ""max_force_eV_A"": 0.0760700376475531, ""name"": ""bfgs_standard"", ""start_geometry_sha256"": ""f7184ec5042d91746b72e70676a444841ad7dfc4702ca9d1f2da39239db536ae"", ""steps"": 55}]",16fed07e4d69eda9af28f9c77bf62514810945458ea9ac647c40bf7121050972,-3.191913781017065,True,0.051010973305279726,27.0,100.0,0.08,converged,,bfgs_standard,"[{""ase_converged"": true, ""converged"": true, ""end_geometry_sha256"": ""a938279afc529195f8300cf02d0d32c45b0451e5e923587ec14db3aac7cb0f55"", ""failure_class"": null, ""max_force_eV_A"": 0.051010973305279726, ""name"": ""bfgs_standard"", ""start_geometry_sha256"": ""cf5edcc0e35e8a28550f61813d9e169e480efae129f4dff7237aeb4bc01f1b93"", ""steps"": 27}]",a938279afc529195f8300cf02d0d32c45b0451e5e923587ec14db3aac7cb0f55,-2.9321070544421923,True,0.059943111405292016,42.0,100.0,0.08,converged,,bfgs_standard,"[{""ase_converged"": true, ""converged"": true, ""end_geometry_sha256"": ""f56777e86f8de6574f1ec4a8856af13a663f364e4f8328e63cf9a0c947dffba6"", ""failure_class"": null, ""max_force_eV_A"": 0.059943111405292016, ""name"": ""bfgs_standard"", ""start_geometry_sha256"": ""f1a3a0d9be5ca6c55d156d0f582569684ceb0a57f920d89c4d6534b9abd8d05d"", ""steps"": 42}]",f56777e86f8de6574f1ec4a8856af13a663f364e4f8328e63cf9a0c947dffba6,-4.081148673594023,3.0,step_4_H2O,10.0,-0.5489815478445421,True,6.124020835459257,0.675000000035,False,quantitative_screening,1,1,95761f0e2248be0db914,False,
"('MXene', 'Ti', 'N', 3, 'F', 'Co')",MXene,True,esen-sm-conserving-all-oc25:relax-v4:orr-che-v3,True,0.06441777418013227,44,150,0.08,converged,,bfgs_standard,"[{""ase_converged"": true, ""converged"": true, ""end_geometry_sha256"": ""5cb0ff4fdaf80ca3e96a4e5063e730ee1d88487c56a95aff8ba41993f0f2142f"", ""failure_class"": null, ""max_force_eV_A"": 0.06441777418013227, ""name"": ""bfgs_standard"", ""start_geometry_sha256"": ""8c1b339a491ccce53c09e41cd0dfa68ddbc8b5befac4fea0776724558d9f08e9"", ""steps"": 44}]",5cb0ff4fdaf80ca3e96a4e5063e730ee1d88487c56a95aff8ba41993f0f2142f,-305.335501274112,True,0.06664319407189012,40.0,100.0,0.08,converged,,bfgs_standard,"[{""ase_converged"": true, ""converged"": true, ""end_geometry_sha256"": ""ac3ddff14e203dde9829eef6e037e2d203c75605b6c39ca663ebf0373b0fa6ce"", ""failure_class"": null, ""max_force_eV_A"": 0.06664319407189012, ""name"": ""bfgs_standard"", ""start_geometry_sha256"": ""3f35f78d0348cea7c50988b486c8f54b45f7a59c83d426293ff1c96e174a641c"", ""steps"": 40}]",ac3ddff14e203dde9829eef6e037e2d203c75605b6c39ca663ebf0373b0fa6ce,-1.602558312267065,True,0.07296316366609924,26.0,100.0,0.08,converged,,bfgs_standard,"[{""ase_converged"": true, ""converged"": true, ""end_geometry_sha256"": ""8930cd33a223583578868d645260dc6dcb0ded9380a095bc70161a5530eacd5f"", ""failure_class"": null, ""max_force_eV_A"": 0.07296316366609924, ""name"": ""bfgs_standard"", ""start_geometry_sha256"": ""52ab3dd75b603e5a83263954fd2a57dfee7c25e6afb1f243cf23801ce19bbe4c"", ""steps"": 26}]",8930cd33a223583578868d645260dc6dcb0ded9380a095bc70161a5530eacd5f,-2.0021868579089324,True,0.06493033682727854,283.0,100.0,0.08,converged,,bfgs_after_fire,"[{""ase_converged"": false, ""converged"": false, ""end_geometry_sha256"": ""c2f610d66b5728ffd1066b8c36fe9dd60beccbbc72e1cd9e49c2bea2747475a3"", ""failure_class"": ""force_threshold"", ""max_force_eV_A"": 0.7217008485614615, ""name"": ""bfgs_standard"", ""start_geometry_sha256"": ""8976bdc2c23567959e6ced4e347af940f32d969fa188a6126125c729aefa1b5c"", ""steps"": 100}, {""ase_converged"": false, ""converged"": false, ""end_geometry_sha256"": ""61c31e8668bdb87497c1b218664bc63b4df7d9f36b9f17a146701f0781b4cc74"", ""failure_class"": ""force_threshold"", ""max_force_eV_A"": 14.056295232753909, ""name"": ""fire_precondition"", ""qualifying"": false, ""start_geometry_sha256"": ""8976bdc2c23567959e6ced4e347af940f32d969fa188a6126125c729aefa1b5c"", ""steps"": 50}, {""ase_converged"": true, ""converged"": true, ""end_geometry_sha256"": ""50a1da7cf30d16285e4e0f3e1f14ca21b8f603aa6ccaa9eeb818659e848738c7"", ""failure_class"": null, ""max_force_eV_A"": 0.06493033682727854, ""name"": ""bfgs_after_fire"", ""start_geometry_sha256"": ""61c31e8668bdb87497c1b218664bc63b4df7d9f36b9f17a146701f0781b4cc74"", ""steps"": 133}]",50a1da7cf30d16285e4e0f3e1f14ca21b8f603aa6ccaa9eeb818659e848738c7,3.975697945058321,2.831558312267065,step_4_H2O,9.0,0.0,True,3.604745170175997,0.675000000035,False,quantitative_screening,2,2,3a1148c0fc94094fa9de,False,
"('SAA', 'Pt', 'Cu', '111', 2000)",SAA,True,esen-sm-conserving-all-oc25:relax-v4:orr-che-v3,True,0.06754083350957112,6,150,0.08,converged,,bfgs_standard,"[{""ase_converged"": true, ""converged"": true, ""end_geometry_sha256"": ""cc5815b07ef21dc570ef364a21938163b0a84a289d3b66fb93966cb68d8609dc"", ""failure_class"": null, ""max_force_eV_A"": 0.06754083350957112, ""name"": ""bfgs_standard"", ""start_geometry_sha256"": ""f4e4e133680391aee41fbbaa251364e5e0d60f95d3450f4bc2cac0f4a5680453"", ""steps"": 6}]",cc5815b07ef21dc570ef364a21938163b0a84a289d3b66fb93966cb68d8609dc,-60.510242365392486,True,0.07048454885014889,50.0,100.0,0.08,converged,,bfgs_standard,"[{""ase_converged"": true, ""converged"": true, ""end_geometry_sha256"": ""0db9a0a9fb62d439eeabcc2c1030229c8125f893f77efadfcfdfb5034f243db4"", ""failure_class"": null, ""max_force_eV_A"": 0.07048454885014889, ""name"": ""bfgs_standard"", ""start_geometry_sha256"": ""bb2c013e906eb93d5bfd52be69cd81158ec53fac3a741c708bcbc9b48defcdca"", ""steps"": 50}]",0db9a0a9fb62d439eeabcc2c1030229c8125f893f77efadfcfdfb5034f243db4,2.4970355655252936,True,0.07472750127909715,49.0,100.0,0.08,converged,,bfgs_standard,"[{""ase_converged"": true, ""converged"": true, ""end_geometry_sha256"": ""1a03b18b1e2b760c7675fd6ad9dfe86a08f4767848a4796e049cce13f79eb2ba"", ""failure_class"": null, ""max_force_eV_A"": 0.07472750127909715, ""name"": ""bfgs_standard"", ""start_geometry_sha256"": ""0a3f2e18194bec5b5dc06514b8760ad3d0b83281d9fe669e238f58ff41c7b43a"", ""steps"": 49}]",1a03b18b1e2b760c7675fd6ad9dfe86a08f4767848a4796e049cce13f79eb2ba,2.6486298210918937,True,0.07925741984718426,201.0,100.0,0.08,converged,,bfgs_after_fire,"[{""ase_converged"": false, ""converged"": false, ""end_geometry_sha256"": ""1bbb0769385353f8ef8b2348a55358c89037e3060c032c33e62f392645610436"", ""failure_class"": ""force_threshold"", ""max_force_eV_A"": 0.11178476479817583, ""name"": ""bfgs_standard"", ""start_geometry_sha256"": ""bae79c130d496250c796c52153ea3624cce2d4ec1e03d92359708acd4ca31998"", ""steps"": 100}, {""ase_converged"": false, ""converged"": false, ""end_geometry_sha256"": ""8a6c3b4db5f98cb964d4f4d7b97530a11e67c1a1118d0066067f48879c6cacb0"", ""failure_class"": ""force_threshold"", ""max_force_eV_A"": 1.7159768352628402, ""name"": ""fire_precondition"", ""qualifying"": false, ""start_geometry_sha256"": ""bae79c130d496250c796c52153ea3624cce2d4ec1e03d92359708acd4ca31998"", ""steps"": 50}, {""ase_converged"": true, ""converged"": true, ""end_geometry_sha256"": ""96d7854f8819a7e428ca4f7772f09caa9f91f81888a968c1b54f2e88f3cc7689"", ""failure_class"": null, ""max_force_eV_A"": 0.07925741984718426, ""name"": ""bfgs_after_fire"", ""start_geometry_sha256"": ""8a6c3b4db5f98cb964d4f4d7b97530a11e67c1a1118d0066067f48879c6cacb0"", ""steps"": 51}]",96d7854f8819a7e428ca4f7772f09caa9f91f81888a968c1b54f2e88f3cc7689,2.3945457443594966,1.4830840767323972,step_2_O,8.0,-2.0,True,5.145665386617187,0.902500000035,False,quantitative_screening,1,1,e7503ec11e29cc53ccc0,False,
"('SAA', 'Pt', 'Cu', '211', 500)",SAA,True,esen-sm-conserving-all-oc25:relax-v4:orr-che-v3,True,0.053566218100912395,6,150,0.08,converged,,bfgs_standard,"[{""ase_converged"": true, ""converged"": true, ""end_geometry_sha256"": ""63ea71591e6d2ea99ab8e4b173598e3c1f4f9b943871f4a3bd90be7bc8f66825"", ""failure_class"": null, ""max_force_eV_A"": 0.053566218100912395, ""name"": ""bfgs_standard"", ""start_geometry_sha256"": ""50252d4fb1c6ca107fc2307beab159b45e6777287a4e09adcb38d46606707d79"", ""steps"": 6}]",63ea71591e6d2ea99ab8e4b173598e3c1f4f9b943871f4a3bd90be7bc8f66825,-131.88208223544854,True,0.07556559583737253,28.0,100.0,0.08,converged,,bfgs_standard,"[{""ase_converged"": true, ""converged"": true, ""end_geometry_sha256"": ""a328ac0b3dfa833a8c38b338e003dc5758a0f7dc02f1cbcab60795b47c04e5c2"", ""failure_class"": null, ""max_force_eV_A"": 0.07556559583737253, ""name"": ""bfgs_standard"", ""start_geometry_sha256"": ""eed7f66d235565f5a788eee28419d7e5eb7fd8b87dc253a26c93ecb96ecb9a6c"", ""steps"": 28}]",a328ac0b3dfa833a8c38b338e003dc5758a0f7dc02f1cbcab60795b47c04e5c2,0.4823234702646732,True,0.06390084607086854,52.0,100.0,0.08,converged,,bfgs_standard,"[{""ase_converged"": true, ""converged"": true, ""end_geometry_sha256"": ""f8be2efe31e19820a3e0819e22e19ff55e37b09152b78cc4be6ab3734eb6caeb"", ""failure_class"": null, ""max_force_eV_A"": 0.06390084607086854, ""name"": ""bfgs_standard"", ""start_geometry_sha256"": ""1137ca4a69b9183acb62a022836badf4f6c68debd02496dd4006cc39e18cbac5"", ""steps"": 52}]",f8be2efe31e19820a3e0819e22e19ff55e37b09152b78cc4be6ab3734eb6caeb,1.108586228638891,True,0.07292042131870988,100.0,100.0,0.08,converged,,bfgs_standard,"[{""ase_converged"": true, ""converged"": true, ""end_geometry_sha256"": ""5c3ca97d7a0180c327c5b433286b54ab06c123e13a6cf37c7746be23796ba248"", ""failure_class"": null, ""max_force_eV_A"": 0.07292042131870988, ""name"": ""bfgs_standard"", ""start_geometry_sha256"": ""51ba14ce3c4012f13782be33f093eb6f5a95268140164d6f1c2aca96210db302"", ""steps"": 100}]",5c3ca97d7a0180c327c5b433286b54ab06c123e13a6cf37c7746be23796ba248,1.8114447101950395,0.7466765297353268,step_4_H2O,8.0,-2.0,True,1.5909096989035643,0.902500000035,False,quantitative_screening,2,2,7011bae6eb8893ad0c13,False,
"('SAA', 'Pt', 'Ni', '111', 10000)",SAA,True,esen-sm-conserving-all-oc25:relax-v4:orr-che-v3,True,0.07754847465623964,3,150,0.08,converged,,bfgs_standard,"[{""ase_converged"": true, ""converged"": true, ""end_geometry_sha256"": ""95705f8ccf825104c8f98af25f0efbc9bd133751a414c3fc5c787d6ef745144b"", ""failure_class"": null, ""max_force_eV_A"": 0.07754847465623964, ""name"": ""bfgs_standard"", ""start_geometry_sha256"": ""f77096427c4d7ac061d4ee92633213abe3124e32c8e95d23e03635918b8c3ee1"", ""steps"": 3}]",95705f8ccf825104c8f98af25f0efbc9bd133751a414c3fc5c787d6ef745144b,-81.75492699181045,True,0.07934376829958105,90.0,100.0,0.08,converged,,bfgs_standard,"[{""ase_converged"": true, ""converged"": true, ""end_geometry_sha256"": ""1488bcb93ebec2ebd6906684a91db79e9492fe1bf9150aed79f6fc0ebea73113"", ""failure_class"": null, ""max_force_eV_A"": 0.07934376829958105, ""name"": ""bfgs_standard"", ""start_geometry_sha256"": ""df2d20bc128b1775464b8d90e252e521bc4d4768afd9bce6e170589a434f3e09"", ""steps"": 90}]",1488bcb93ebec2ebd6906684a91db79e9492fe1bf9150aed79f6fc0ebea73113,2.2560990478098395,True,0.07943105986412653,85.0,100.0,0.08,converged,,bfgs_standard,"[{""ase_converged"": true, ""converged"": true, ""end_geometry_sha256"": ""58b9f4b97e16710d2e6773df14e8d65e5caf8d889e90a8c9e724d628be76b973"", ""failure_class"": null, ""max_force_eV_A"": 0.07943105986412653, ""name"": ""bfgs_standard"", ""start_geometry_sha256"": ""29b51b73d4f12664cf6747000d82b0ca0fd6434f937865e04b8d3d251a4d98d9"", ""steps"": 85}]",58b9f4b97e16710d2e6773df14e8d65e5caf8d889e90a8c9e724d628be76b973,0.6490391857922113,True,0.0780359326290966,40.0,100.0,0.08,converged,,bfgs_standard,"[{""ase_converged"": true, ""converged"": true, ""end_geometry_sha256"": ""eb944a3127db2c5b84c86f63d802ef51781480cd5bf5ecc202601262e9c58021"", ""failure_class"": null, ""max_force_eV_A"": 0.0780359326290966, ""name"": ""bfgs_standard"", ""start_geometry_sha256"": ""29039cac7a6ee035063ddfdc5469f248ab36f131fca009a95a470adb82d43ab4"", ""steps"": 40}]",eb944a3127db2c5b84c86f63d802ef51781480cd5bf5ecc202601262e9c58021,2.9910978779196773,2.8360598620176285,step_3_OH,10.0,-2.0,True,2.9051382336020506,0.902500000035,False,quantitative_screening,1,1,1589a22bfc542202d1f5,False,
"('SAA', 'Pt', 'Ni', '100', 1000)",SAA,True,esen-sm-conserving-all-oc25:relax-v4:orr-che-v3,True,0.04057692382124044,5,150,0.08,converged,,bfgs_standard,"[{""ase_converged"": true, ""converged"": true, ""end_geometry_sha256"": ""fdd6fe04993121a9fb0600a070c2c09f414080d2e448367f96b5217440739f21"", ""failure_class"": null, ""max_force_eV_A"": 0.04057692382124044, ""name"": ""bfgs_standard"", ""start_geometry_sha256"": ""0d2afdb68280991134f2d14f65de5c07aad8244c1550cb1cb1c652b4149db4dc"", ""steps"": 5}]",fdd6fe04993121a9fb0600a070c2c09f414080d2e448367f96b5217440739f21,-177.805983630552,True,0.06497985146242213,15.0,100.0,0.08,converged,,bfgs_standard,"[{""ase_converged"": true, ""converged"": true, ""end_geometry_sha256"": ""bb186ba0dde918991afbf9fa77973f9e00bbbead39763bd8862fce43dc6c1f2b"", ""failure_class"": null, ""max_force_eV_A"": 0.06497985146242213, ""name"": ""bfgs_standard"", ""start_geometry_sha256"": ""170e3a263d53fe8270a023045d8b9e393d33707f20ee5f748b8224073adcd6ab"", ""steps"": 15}]",bb186ba0dde918991afbf9fa77973f9e00bbbead39763bd8862fce43dc6c1f2b,0.01549226298928258,True,0.04048263510909791,15.0,100.0,0.08,converged,,bfgs_standard,"[{""ase_converged"": true, ""converged"": true, ""end_geometry_sha256"": ""e9869f1c94f14750a2d5f9ac1d2f73346b2d84269f8a30fdb2a469f10956c178"", ""failure_class"": null, ""max_force_eV_A"": 0.04048263510909791, ""name"": ""bfgs_standard"", ""start_geometry_sha256"": ""987f4b82733606eeac7dbfbb4e3608e1ed2532ac94a79179adb812efd9611100"", ""steps"": 15}]",e9869f1c94f14750a2d5f9ac1d2f73346b2d84269f8a30fdb2a469f10956c178,-0.029981695860620758,True,0.05193220848259017,67.0,100.0,0.08,converged,,bfgs_standard,"[{""ase_converged"": true, ""converged"": true, ""end_geometry_sha256"": ""90c6d3a362610a741ed682b9ca9a8c62f110fbf13ae918d0d3e481bb2495f570"", ""failure_class"": null, ""max_force_eV_A"": 0.05193220848259017, ""name"": ""bfgs_standard"", ""start_geometry_sha256"": ""34c4fec56d8fd86e2d8ffeda98e80e6d7ef06de7430731eab22969d28902c9c4"", ""steps"": 67}]",90c6d3a362610a741ed682b9ca9a8c62f110fbf13ae918d0d3e481bb2495f570,0.3526644214987791,1.2744739588499034,step_3_OH,10.0,-2.0,True,0.04547395884990334,0.902500000035,False,quantitative_screening,0,0,8291ceab0105995e67e7,False,
"('SAA', 'Pt', 'Ni', '211', 2000)",SAA,True,esen-sm-conserving-all-oc25:relax-v4:orr-che-v3,True,0.07582218499245856,9,150,0.08,converged,,bfgs_standard,"[{""ase_converged"": true, ""converged"": true, ""end_geometry_sha256"": ""72e4938e82da53d9b751de4092a3c53e11e9f99fe77b8b806a3b2dc04e7963f4"", ""failure_class"": null, ""max_force_eV_A"": 0.07582218499245856, ""name"": ""bfgs_standard"", ""start_geometry_sha256"": ""4874c2d9af930dd9ed3f3f74a4bf737c876161ca545a174bd86d274235bb227b"", ""steps"": 9}]",72e4938e82da53d9b751de4092a3c53e11e9f99fe77b8b806a3b2dc04e7963f4,-81.6211715463301,True,0.06725763547619788,163.0,100.0,0.08,converged,,bfgs_after_fire,"[{""ase_converged"": false, ""converged"": false, ""end_geometry_sha256"": ""61a78b44e2d51ce34ba5e16c80d5be697851a64a13cdc9d487755fe2f13accb6"", ""failure_class"": ""force_threshold"", ""max_force_eV_A"": 2.1554353123455607, ""name"": ""bfgs_standard"", ""start_geometry_sha256"": ""2a4a0e1934a68b9c11a4453e067364a3723fd13d179b791f439b1af7840878ae"", ""steps"": 100}, {""ase_converged"": false, ""converged"": false, ""end_geometry_sha256"": ""987c09c1c9708d87f92ce561f73a649b8937e8bb779bd2ae50b29aa8d5655a9c"", ""failure_class"": ""force_threshold"", ""max_force_eV_A"": 0.9508201480902574, ""name"": ""fire_precondition"", ""qualifying"": false, ""start_geometry_sha256"": ""2a4a0e1934a68b9c11a4453e067364a3723fd13d179b791f439b1af7840878ae"", ""steps"": 50}, {""ase_converged"": true, ""converged"": true, ""end_geometry_sha256"": ""c44a05beaae56eddb1469d6728dfee610a71317fea9dec3c34efb50cf432c581"", ""failure_class"": null, ""max_force_eV_A"": 0.06725763547619788, ""name"": ""bfgs_after_fire"", ""start_geometry_sha256"": ""987c09c1c9708d87f92ce561f73a649b8937e8bb779bd2ae50b29aa8d5655a9c"", ""steps"": 13}]",c44a05beaae56eddb1469d6728dfee610a71317fea9dec3c34efb50cf432c581,0.23244768634438512,True,0.07339240037444786,24.0,100.0,0.08,converged,,bfgs_standard,"[{""ase_converged"": true, ""converged"": true, ""end_geometry_sha256"": ""fe2e66c295f04d61774f867a87a8633665560db22bda2d910eee2b5665b52cfc"", ""failure_class"": null, ""max_force_eV_A"": 0.07339240037444786, ""name"": ""bfgs_standard"", ""start_geometry_sha256"": ""a16d5872cf49ca56294ad4061146ca754c489be9ed7e636e5686f927b2783761"", ""steps"": 24}]",fe2e66c295f04d61774f867a87a8633665560db22bda2d910eee2b5665b52cfc,3.0721809037029777,True,0.07854730482822339,199.0,100.0,0.08,converged,,bfgs_after_fire,"[{""ase_converged"": false, ""converged"": false, ""end_geometry_sha256"": ""b55b67322d0747183540f94d488113f8299e96f9704bd3c8c54c0d85922e54c0"", ""failure_class"": ""force_threshold"", ""max_force_eV_A"": 0.346534042190654, ""name"": ""bfgs_standard"", ""start_geometry_sha256"": ""d63128ab75e514803d53488b1c47208ba4ba6abebf96d0f57cde5f2641737e59"", ""steps"": 100}, {""ase_converged"": false, ""converged"": false, ""end_geometry_sha256"": ""7cf449a18fefd2fef5d34de4ecb9f31968225c048a0b583c8957ee79f219e6e7"", ""failure_class"": ""force_threshold"", ""max_force_eV_A"": 1.1603815685458165, ""name"": ""fire_precondition"", ""qualifying"": false, ""start_geometry_sha256"": ""d63128ab75e514803d53488b1c47208ba4ba6abebf96d0f57cde5f2641737e59"", ""steps"": 50}, {""ase_converged"": true, ""converged"": true, ""end_geometry_sha256"": ""82ffd3f0821c865c886e25c6c21201688f2bb28538d6ee1041667061a9987229"", ""failure_class"": null, ""max_force_eV_A"": 0.07854730482822339, ""name"": ""bfgs_after_fire"", ""start_geometry_sha256"": ""7cf449a18fefd2fef5d34de4ecb9f31968225c048a0b583c8957ee79f219e6e7"", ""steps"": 49}]",82ffd3f0821c865c886e25c6c21201688f2bb28538d6ee1041667061a9987229,0.8798994526267088,3.0,step_2_O,10.0,-2.0,True,3.3046285900473626,0.902500000035,False,quantitative_screening,2,2,0b4e7111f26736463d60,False,
"('SAA', 'Pt', 'Co', '100', 500)",SAA,True,esen-sm-conserving-all-oc25:relax-v4:orr-che-v3,True,0.0,0,150,0.08,converged,,bfgs_standard,"[{""ase_converged"": true, ""converged"": true, ""end_geometry_sha256"": ""3f0cab85eaf0e0bca36c321b5817e3adce58f3c70279510c665011ae656f2607"", ""failure_class"": null, ""max_force_eV_A"": 0.0, ""name"": ""bfgs_standard"", ""start_geometry_sha256"": ""3f0cab85eaf0e0bca36c321b5817e3adce58f3c70279510c665011ae656f2607"", ""steps"": 0}]",3f0cab85eaf0e0bca36c321b5817e3adce58f3c70279510c665011ae656f2607,110.37882045441575,True,0.07297881823572476,12.0,100.0,0.08,converged,,bfgs_standard,"[{""ase_converged"": true, ""converged"": true, ""end_geometry_sha256"": ""df28a498ec65fe38d7ddfd8b45d813495e9aebf5e7bb2cabf9c8a2e51ca530c9"", ""failure_class"": null, ""max_force_eV_A"": 0.07297881823572476, ""name"": ""bfgs_standard"", ""start_geometry_sha256"": ""23b8fe0edff2674db3190ab30646aed8b7a96fea6a5fa3ef3d76e0be29c2c5e0"", ""steps"": 12}]",df28a498ec65fe38d7ddfd8b45d813495e9aebf5e7bb2cabf9c8a2e51ca530c9,1.758239569813013,True,0.04499694464335676,13.0,100.0,0.08,converged,,bfgs_standard,"[{""ase_converged"": true, ""converged"": true, ""end_geometry_sha256"": ""3f46e39afed647061e0cf8048a69ea3238d7f8ea406df219f7920c7445d47181"", ""failure_class"": null, ""max_force_eV_A"": 0.04499694464335676, ""name"": ""bfgs_standard"", ""start_geometry_sha256"": ""f0fefdd0787ab4a0ac3fc6061c4c2077c1109d1845b3b60d7943a61dcd93119c"", ""steps"": 13}]",3f46e39afed647061e0cf8048a69ea3238d7f8ea406df219f7920c7445d47181,2.6759213574230705,True,0.06882351272203745,45.0,100.0,0.08,converged,,bfgs_standard,"[{""ase_converged"": true, ""converged"": true, ""end_geometry_sha256"": ""a4d090bcd0c7466fb73ef27ac0f05923d8d3b44223d54ee3b5f7c381997b9d6b"", ""failure_class"": null, ""max_force_eV_A"": 0.06882351272203745, ""name"": ""bfgs_standard"", ""start_geometry_sha256"": ""89d8df493cf6d18fdcaa1c3c0cb634732ce237bdf5c5f3535421832d84df05f2"", ""steps"": 45}]",a4d090bcd0c7466fb73ef27ac0f05923d8d3b44223d54ee3b5f7c381997b9d6b,4.080399940907959,0.3893999409079596,step_1_OOH,9.0,-2.0,True,4.434160927236084,0.902500000035,False,quantitative_screening,0,0,c77b56fa00cdc515e3b7,False,
"('SAA', 'Pt', 'Fe', '111', 100)",SAA,False,esen-sm-conserving-all-oc25:relax-v4:orr-che-v3,True,0.060340640384009124,299,150,0.08,converged,,bfgs_after_fire,"[{""ase_converged"": false, ""converged"": false, ""end_geometry_sha256"": ""e6223bbaa25f2b61007d490d1ef2b7e2c10da577cd27820554698251b6221a85"", ""failure_class"": ""force_threshold"", ""max_force_eV_A"": 0.554534740745018, ""name"": ""bfgs_standard"", ""start_geometry_sha256"": ""6685c5109072c4c180b6bcd2f6e186e11404f11b17c569e6627dd32f913a543a"", ""steps"": 150}, {""ase_converged"": false, ""converged"": false, ""end_geometry_sha256"": ""c44e62e7e1cbf0e71c5c71d9f3e7d6cfa18627b90b5f4725ece09ef3a6c9e225"", ""failure_class"": ""force_threshold"", ""max_force_eV_A"": 2.6983000903577596, ""name"": ""fire_precondition"", ""qualifying"": false, ""start_geometry_sha256"": ""6685c5109072c4c180b6bcd2f6e186e11404f11b17c569e6627dd32f913a543a"", ""steps"": 75}, {""ase_converged"": true, ""converged"": true, ""end_geometry_sha256"": ""35f0cdf4d4c5349b44a9ad1f3ee8edd85b6d798be74cfb95c1846964c98c9a94"", ""failure_class"": null, ""max_force_eV_A"": 0.060340640384009124, ""name"": ""bfgs_after_fire"", ""start_geometry_sha256"": ""c44e62e7e1cbf0e71c5c71d9f3e7d6cfa18627b90b5f4725ece09ef3a6c9e225"", ""steps"": 74}]",35f0cdf4d4c5349b44a9ad1f3ee8edd85b6d798be74cfb95c1846964c98c9a94,-330.23455961335094,True,0.07649241387399716,278.0,100.0,0.08,converged,,bfgs_after_fire,"[{""ase_converged"": false, ""converged"": false, ""end_geometry_sha256"": ""1fdafe4663a4c8ce73833dc4da8fd29664746299c69aa83406641c99f47dbf0b"", ""failure_class"": ""force_threshold"", ""max_force_eV_A"": 0.15473035440527486, ""name"": ""bfgs_standard"", ""start_geometry_sha256"": ""f977725125af96ffa1d2c60127ed25ab07839cb6e8d6234ea47b38d844af67cb"", ""steps"": 100}, {""ase_converged"": false, ""converged"": false, ""end_geometry_sha256"": ""52eda6eef82c9307499482e67bd53c5cd8060db36fd35ca26daa8dea1f7c79f8"", ""failure_class"": ""force_threshold"", ""max_force_eV_A"": 0.6929410911168998, ""name"": ""fire_precondition"", ""qualifying"": false, ""start_geometry_sha256"": ""f977725125af96ffa1d2c60127ed25ab07839cb6e8d6234ea47b38d844af67cb"", ""steps"": 50}, {""ase_converged"": true, ""converged"": true, ""end_geometry_sha256"": ""db94caf16f6bb0b3b98144b081a1be997420f2f1a1ab6473212c05eb04b84ec3"", ""failure_class"": null, ""max_force_eV_A"": 0.07649241387399716, ""name"": ""bfgs_after_fire"", ""start_geometry_sha256"": ""52eda6eef82c9307499482e67bd53c5cd8060db36fd35ca26daa8dea1f7c79f8"", ""steps"": 128}]",db94caf16f6bb0b3b98144b081a1be997420f2f1a1ab6473212c05eb04b84ec3,-0.01936357960099261,True,0.0708784010826284,64.0,100.0,0.08,converged,,bfgs_standard,"[{""ase_converged"": true, ""converged"": true, ""end_geometry_sha256"": ""fc6b7de80567538cd6e9273ac4cf523c46fe0e8c59cc69347340423209782f16"", ""failure_class"": null, ""max_force_eV_A"": 0.0708784010826284, ""name"": ""bfgs_standard"", ""start_geometry_sha256"": ""187e1b1f1c32f47d19ddc6c9c6901e20b3e501460398b83d0ba6ecf85b64b9dd"", ""steps"": 64}]",fc6b7de80567538cd6e9273ac4cf523c46fe0e8c59cc69347340423209782f16,2.117480195313724,False,2.368104758491537,650.0,100.0,0.08,recovery_exhausted,force_threshold,fire_small_step,"[{""ase_converged"": false, ""converged"": false, ""end_geometry_sha256"": ""b09f3f137872b325e17443bec55a5a2b1ea7a462c7472fdbce54fa7a4abcb6f1"", ""failure_class"": ""force_threshold"", ""max_force_eV_A"": 2.426457966939557, ""name"": ""bfgs_standard"", ""start_geometry_sha256"": ""69f0b3663340d91b5c7c8bddad4581aded25230d9f17ace853e4f468959fb602"", ""steps"": 100}, {""ase_converged"": false, ""converged"": false, ""end_geometry_sha256"": ""0a7f8c39ce00937d35bfbf42d501c19bda9999e533735315aa52688a8a18d297"", ""failure_class"": ""force_threshold"", ""max_force_eV_A"": 18.438918735919003, ""name"": ""fire_precondition"", ""qualifying"": false, ""start_geometry_sha256"": ""69f0b3663340d91b5c7c8bddad4581aded25230d9f17ace853e4f468959fb602"", ""steps"": 50}, {""ase_converged"": false, ""converged"": false, ""end_geometry_sha256"": ""5596887103919db3fff94df91e5a267dd9494232d299c73b3fb67c416052b5a0"", ""failure_class"": ""force_threshold"", ""max_force_eV_A"": 485.86944353590775, ""name"": ""bfgs_after_fire"", ""start_geometry_sha256"": ""0a7f8c39ce00937d35bfbf42d501c19bda9999e533735315aa52688a8a18d297"", ""steps"": 200}, {""ase_converged"": false, ""converged"": false, ""end_geometry_sha256"": ""2660b1534e57722288af78fa210b4d5e603baa5a76b5c8334f9f8be5d3f3f165"", ""failure_class"": ""force_threshold"", ""max_force_eV_A"": 2.368104758491537, ""name"": ""fire_small_step"", ""start_geometry_sha256"": ""b09f3f137872b325e17443bec55a5a2b1ea7a462c7472fdbce54fa7a4abcb6f1"", ""steps"": 300}]",2660b1534e57722288af78fa210b4d5e603baa5a76b5c8334f9f8be5d3f3f165,,,,,,,,,True,validation_required,1,1,6b06cd28e98e7b44b4a4,False,Unconverged ooh relaxation: max_force=2.3681 eV/A after 650 cumulative recovery steps
"('SAA', 'Pt', 'Fe', '100', 5000)",SAA,True,esen-sm-conserving-all-oc25:relax-v4:orr-che-v3,True,0.0438331645352397,99,150,0.08,converged,,bfgs_standard,"[{""ase_converged"": true, ""converged"": true, ""end_geometry_sha256"": ""f5df646784f2cf355c34dad3182f2be864ae72fd370dd23ac96d200940050537"", ""failure_class"": null, ""max_force_eV_A"": 0.0438331645352397, ""name"": ""bfgs_standard"", ""start_geometry_sha256"": ""f997c70b4da5090b0024617f14b2ed868cc4dc322628bd4e582551a56b1b0486"", ""steps"": 99}]",f5df646784f2cf355c34dad3182f2be864ae72fd370dd23ac96d200940050537,-75.29496846513209,True,0.06442035796979168,20.0,100.0,0.08,converged,,bfgs_standard,"[{""ase_converged"": true, ""converged"": true, ""end_geometry_sha256"": ""bd0809ac38cd78ec39344471554ace6fdcf88ce872f0d311a5bfd18cb5b9fbda"", ""failure_class"": null, ""max_force_eV_A"": 0.06442035796979168, ""name"": ""bfgs_standard"", ""start_geometry_sha256"": ""c2268c1a3b6235ebb552414aeacf3affe78547477a87be8027d96c576835ebb5"", ""steps"": 20}]",bd0809ac38cd78ec39344471554ace6fdcf88ce872f0d311a5bfd18cb5b9fbda,1.620342078357935,True,0.06246209603982143,39.0,100.0,0.08,converged,,bfgs_standard,"[{""ase_converged"": true, ""converged"": true, ""end_geometry_sha256"": ""232407f5aad5f1c99f557f9c309decb7add975028658514b2d2575e4e261fac2"", ""failure_class"": null, ""max_force_eV_A"": 0.06246209603982143, ""name"": ""bfgs_standard"", ""start_geometry_sha256"": ""cc20a30c945bbd0834d5e76057901cca9092a28f61fddc694b29596783622865"", ""steps"": 39}]",232407f5aad5f1c99f557f9c309decb7add975028658514b2d2575e4e261fac2,-0.024430357664819977,True,0.07300422382746095,48.0,100.0,0.08,converged,,bfgs_standard,"[{""ase_converged"": true, ""converged"": true, ""end_geometry_sha256"": ""bc7138fc383c47a6258713cb0d4ddf146d468f82ecd735cbb0b5dc971e4e8873"", ""failure_class"": null, ""max_force_eV_A"": 0.07300422382746095, ""name"": ""bfgs_standard"", ""start_geometry_sha256"": ""05b046bb76e820f0e78b0324d847002d46bbaf97691f44f632c98876d36720d5"", ""steps"": 48}]",bc7138fc383c47a6258713cb0d4ddf146d468f82ecd735cbb0b5dc971e4e8873,1.4870886310935054,2.873772436022755,step_3_OH,7.0,0.0,True,1.644772436022755,0.902500000035,False,quantitative_screening,0,0,8a71c4df99474793d7b7,False,
"('SAA', 'Pt', 'Fe', '110', 500)",SAA,False,esen-sm-conserving-all-oc25:relax-v4:orr-che-v3,True,0.07178613080973023,54,150,0.08,converged,,bfgs_standard,"[{""ase_converged"": true, ""converged"": true, ""end_geometry_sha256"": ""c153e637e113e7890ba21f2d213883e26242c684a65235e2b7941e1c00e1c422"", ""failure_class"": null, ""max_force_eV_A"": 0.07178613080973023, ""name"": ""bfgs_standard"", ""start_geometry_sha256"": ""12c14952110c0996123f4661bd2b99083cb9ab28ee2abc3647fc7e4ea734966d"", ""steps"": 54}]",c153e637e113e7890ba21f2d213883e26242c684a65235e2b7941e1c00e1c422,-255.68019516298818,True,0.07666411798924967,55.0,100.0,0.08,converged,,bfgs_standard,"[{""ase_converged"": true, ""converged"": true, ""end_geometry_sha256"": ""1f76be0f33c2621b037902c7d2c081701e9ec90758b99f3ddf9f75b12b7b7079"", ""failure_class"": null, ""max_force_eV_A"": 0.07666411798924967, ""name"": ""bfgs_standard"", ""start_geometry_sha256"": ""9717ced402b9ea70c8ddff8a94213fcdda391b6611cea090cfd95bdc2686adef"", ""steps"": 55}]",1f76be0f33c2621b037902c7d2c081701e9ec90758b99f3ddf9f75b12b7b7079,-1.1767680023610592,True,0.06979811958508716,83.0,100.0,0.08,converged,,bfgs_standard,"[{""ase_converged"": true, ""converged"": true, ""end_geometry_sha256"": ""9a552b327dcaed635d94a9fb1440732d5ed68addb5182e634232524e0557c058"", ""failure_class"": null, ""max_force_eV_A"": 0.06979811958508716, ""name"": ""bfgs_standard"", ""start_geometry_sha256"": ""fe4e244a4ec2c82e8d71827a87e29a3145852ad761ac144e96ee9257c0fbcc78"", ""steps"": 83}]",9a552b327dcaed635d94a9fb1440732d5ed68addb5182e634232524e0557c058,-0.9215484492481003,False,17.103291192022326,650.0,100.0,0.08,recovery_exhausted,force_threshold,fire_small_step,"[{""ase_converged"": false, ""converged"": false, ""end_geometry_sha256"": ""03d404d33c2509005613782eae987d63d4ddcd1943cc57568f6e35f4b5b55c57"", ""failure_class"": ""force_threshold"", ""max_force_eV_A"": 233.32745975469751, ""name"": ""bfgs_standard"", ""start_geometry_sha256"": ""a63f23561050521f964ca982f766696c38667ad5414bb29a23ea94879bdfdc16"", ""steps"": 100}, {""ase_converged"": false, ""converged"": false, ""end_geometry_sha256"": ""c228738ef77697f4d1361e9e185e84e0bd473c99ee8beb73546cf9fa2276b7b1"", ""failure_class"": ""force_threshold"", ""max_force_eV_A"": 21.61827669965872, ""name"": ""fire_precondition"", ""qualifying"": false, ""start_geometry_sha256"": ""a63f23561050521f964ca982f766696c38667ad5414bb29a23ea94879bdfdc16"", ""steps"": 50}, {""ase_converged"": false, ""converged"": false, ""end_geometry_sha256"": ""d179d22a8ac337853ed1f806cff27d6d75e9b5ce941085e01aee11642077bc95"", ""failure_class"": ""force_threshold"", ""max_force_eV_A"": 1107.5598758481324, ""name"": ""bfgs_after_fire"", ""start_geometry_sha256"": ""c228738ef77697f4d1361e9e185e84e0bd473c99ee8beb73546cf9fa2276b7b1"", ""steps"": 200}, {""ase_converged"": false, ""converged"": false, ""end_geometry_sha256"": ""144359dd54a6f2d18b71d7c4c390361530abfd80e24468b0b52239d68bca5e35"", ""failure_class"": ""force_threshold"", ""max_force_eV_A"": 17.103291192022326, ""name"": ""fire_small_step"", ""start_geometry_sha256"": ""c228738ef77697f4d1361e9e185e84e0bd473c99ee8beb73546cf9fa2276b7b1"", ""steps"": 300}]",144359dd54a6f2d18b71d7c4c390361530abfd80e24468b0b52239d68bca5e35,,,,,,,,,True,validation_required,0,0,df5bad03b57ce320e1d2,False,Unconverged ooh relaxation: max_force=17.1033 eV/A after 650 cumulative recovery steps
"('SAA', 'Pt', 'Ag', '111', 1000)",SAA,True,esen-sm-conserving-all-oc25:relax-v4:orr-che-v3,True,0.029296178540733655,16,150,0.08,converged,,bfgs_standard,"[{""ase_converged"": true, ""converged"": true, ""end_geometry_sha256"": ""4f715e6673ad167a8542c04efa18311149b1260028df5e428f6e0d8f057db4c9"", ""failure_class"": null, ""max_force_eV_A"": 0.029296178540733655, ""name"": ""bfgs_standard"", ""start_geometry_sha256"": ""1228f8e716f58fe70efb9b239e1c66c1a2c6141083d6b9664d10a361ec9af2a5"", ""steps"": 16}]",4f715e6673ad167a8542c04efa18311149b1260028df5e428f6e0d8f057db4c9,-98.07772178374435,True,0.07695890596044182,41.0,100.0,0.08,converged,,bfgs_standard,"[{""ase_converged"": true, ""converged"": true, ""end_geometry_sha256"": ""a6e7e511820e7f9d9f34375719f24eb33f22533ba745abc827c019b96d5bff9e"", ""failure_class"": null, ""max_force_eV_A"": 0.07695890596044182, ""name"": ""bfgs_standard"", ""start_geometry_sha256"": ""c88f7b5fd862b2b95d451c491addf569c3400dbb477ec0bb7cf8feb5e41e60d8"", ""steps"": 41}]",a6e7e511820e7f9d9f34375719f24eb33f22533ba745abc827c019b96d5bff9e,0.9782417441904261,True,0.07347132164328457,40.0,100.0,0.08,converged,,bfgs_standard,"[{""ase_converged"": true, ""converged"": true, ""end_geometry_sha256"": ""df03248b051f6bececf5f818f66f954583151649827450af322629e4b2a265ce"", ""failure_class"": null, ""max_force_eV_A"": 0.07347132164328457, ""name"": ""bfgs_standard"", ""start_geometry_sha256"": ""b4890d75a070a76f5486539d1a96c0ab552ac964d18772c2b202bbeca55b189f"", ""steps"": 40}]",df03248b051f6bececf5f818f66f954583151649827450af322629e4b2a265ce,1.8313540585338821,True,0.07233112722035813,80.0,100.0,0.08,converged,,bfgs_standard,"[{""ase_converged"": true, ""converged"": true, ""end_geometry_sha256"": ""70058c679ab07d81eb05b5241103e68bdae219f4b6ad2b48c73673e692d1c4f0"", ""failure_class"": null, ""max_force_eV_A"": 0.07233112722035813, ""name"": ""bfgs_standard"", ""start_geometry_sha256"": ""2147c350e36382454dcda291eccce86efada0fccb53f38473c34a43a59208d1d"", ""steps"": 80}]",70058c679ab07d81eb05b5241103e68bdae219f4b6ad2b48c73673e692d1c4f0,3.351026009023136,0.37588768565654407,step_3_OH,10.0,-2.0,True,2.809595802724308,0.902500000035,False,quantitative_screening,2,2,7a83fee91102006b288b,False,
"('MetalFreeCarbon', 'pyridinic', 0.01, 'none', 'graphdiyne', 'none')",MetalFreeCarbon,True,esen-sm-conserving-all-oc25:relax-v4:orr-che-v3,True,0.06961464725788695,45,150,0.08,converged,,bfgs_standard,"[{""ase_converged"": true, ""converged"": true, ""end_geometry_sha256"": ""8faf58a098ba9b3310d08414b7afa706615af6c58473be8ce8b9c12eb56ad06f"", ""failure_class"": null, ""max_force_eV_A"": 0.06961464725788695, ""name"": ""bfgs_standard"", ""start_geometry_sha256"": ""4bf824f2685a1979cd6adeb72384bbbd9f35faf96ce317b719d5df7cf52371bc"", ""steps"": 45}]",8faf58a098ba9b3310d08414b7afa706615af6c58473be8ce8b9c12eb56ad06f,-135.64145092520755,True,0.07342311980016125,39.0,100.0,0.08,converged,,bfgs_standard,"[{""ase_converged"": true, ""converged"": true, ""end_geometry_sha256"": ""1c0f790aeae36f4f1ce0fe195a97e921ca493fc1efd50ac630b409d281c02094"", ""failure_class"": null, ""max_force_eV_A"": 0.07342311980016125, ""name"": ""bfgs_standard"", ""start_geometry_sha256"": ""f65604457ee568fac48bd38df0399208ef8376ccc5576f7a4cacbc8faa5a148d"", ""steps"": 39}]",1c0f790aeae36f4f1ce0fe195a97e921ca493fc1efd50ac630b409d281c02094,3.00588923946023,True,0.07130610430870492,83.0,100.0,0.08,converged,,bfgs_standard,"[{""ase_converged"": true, ""converged"": true, ""end_geometry_sha256"": ""21ff6cdaf7a3268bedb46f5776af7b2437e7ae88c009466013669035d213d825"", ""failure_class"": null, ""max_force_eV_A"": 0.07130610430870492, ""name"": ""bfgs_standard"", ""start_geometry_sha256"": ""c285570be49b2b195f6585f12d86014fc4c90e8c21398a399fb8cd537ca48ee2"", ""steps"": 83}]",21ff6cdaf7a3268bedb46f5776af7b2437e7ae88c009466013669035d213d825,3.701121247559789,True,0.07079701995191641,33.0,100.0,0.08,converged,,bfgs_standard,"[{""ase_converged"": true, ""converged"": true, ""end_geometry_sha256"": ""2d2ee2ec2808ef61b39935378d23b6549ff03ceb2799c54d09de5d8f66507770"", ""failure_class"": null, ""max_force_eV_A"": 0.07079701995191641, ""name"": ""bfgs_standard"", ""start_geometry_sha256"": ""880d70d701b01752c2142f224e79fb5c569f8abdbd1c31af5f95b35f6bd176fd"", ""steps"": 33}]",2d2ee2ec2808ef61b39935378d23b6549ff03ceb2799c54d09de5d8f66507770,5.386606644093995,1.6956066440939948,step_1_OOH,10.0,0.0,True,6.707010487020019,0.27249999999999996,True,quantitative_screening,2,2,854298d24a0c776ef4dc,False,
"('MetalFreeCarbon', 'pyridinic', 0.01, 'divacancy', 'carbon_black', 'none')",MetalFreeCarbon,True,esen-sm-conserving-all-oc25:relax-v4:orr-che-v3,True,0.07929133612362535,47,150,0.08,converged,,bfgs_standard,"[{""ase_converged"": true, ""converged"": true, ""end_geometry_sha256"": ""ddf3d9455dd8a79007d50d346f1147ca1ca911bfa172ae72e10ba02af700caa2"", ""failure_class"": null, ""max_force_eV_A"": 0.07929133612362535, ""name"": ""bfgs_standard"", ""start_geometry_sha256"": ""1417efc3b5955d5d1b31f91add31d60f74bfaf8c3ba5bec6384283fa8ca74263"", ""steps"": 47}]",ddf3d9455dd8a79007d50d346f1147ca1ca911bfa172ae72e10ba02af700caa2,-135.64005355391544,True,0.07194234565939084,39.0,100.0,0.08,converged,,bfgs_standard,"[{""ase_converged"": true, ""converged"": true, ""end_geometry_sha256"": ""b147a67c610408ccf513ffd5824ffbf41b912ce4d89e59d2dd3193fdf1fadbf7"", ""failure_class"": null, ""max_force_eV_A"": 0.07194234565939084, ""name"": ""bfgs_standard"", ""start_geometry_sha256"": ""c2ffac9beec7cf9546abe33c390bf62d43f4108dcec816b6286fcdb7bb5f9bad"", ""steps"": 39}]",b147a67c610408ccf513ffd5824ffbf41b912ce4d89e59d2dd3193fdf1fadbf7,3.0037608768045905,True,0.07619608611944163,84.0,100.0,0.08,converged,,bfgs_standard,"[{""ase_converged"": true, ""converged"": true, ""end_geometry_sha256"": ""bedb866497afe19d9881886b2c063902c78b7a46554ec9a67d255df207d7fc21"", ""failure_class"": null, ""max_force_eV_A"": 0.07619608611944163, ""name"": ""bfgs_standard"", ""start_geometry_sha256"": ""1e85d9b40f973806610ab6f78140932e10f4ea51d8b7566d4adcc942b2ee1683"", ""steps"": 84}]",bedb866497afe19d9881886b2c063902c78b7a46554ec9a67d255df207d7fc21,3.6970698006451164,True,0.0740636522737853,33.0,100.0,0.08,converged,,bfgs_standard,"[{""ase_converged"": true, ""converged"": true, ""end_geometry_sha256"": ""b0b7a61d53b7e1e069caedda4deb365b5ec2181d4fde9f825f69105e41dcddbe"", ""failure_class"": null, ""max_force_eV_A"": 0.0740636522737853, ""name"": ""bfgs_standard"", ""start_geometry_sha256"": ""f097c1237406bfcbf8483754cb963537a4eecd1df32d1c3a5d23bada631a2849"", ""steps"": 33}]",b0b7a61d53b7e1e069caedda4deb365b5ec2181d4fde9f825f69105e41dcddbe,5.385681341588501,1.6946813415885016,step_1_OOH,10.0,0.0,True,6.700830677449707,0.27249999999999996,True,quantitative_screening,2,2,868e6ba41fa4baacd392,False,
"('MetalFreeCarbon', 'pyridinic', 0.01, 'edge_armchair', 'CNT', 'S')",MetalFreeCarbon,True,esen-sm-conserving-all-oc25:relax-v4:orr-che-v3,True,0.07494932130289052,93,150,0.08,converged,,bfgs_standard,"[{""ase_converged"": true, ""converged"": true, ""end_geometry_sha256"": ""5f9b724b5d261dedda19aa156be7c2e266be1ded1eee8ebe9ec91a05059374d6"", ""failure_class"": null, ""max_force_eV_A"": 0.07494932130289052, ""name"": ""bfgs_standard"", ""start_geometry_sha256"": ""45a193d404bbc8905ad286471a5522b20a7fce0427b93b9870c5e6fe16fe8c14"", ""steps"": 93}]",5f9b724b5d261dedda19aa156be7c2e266be1ded1eee8ebe9ec91a05059374d6,-137.19691764372016,True,0.06954285013695832,64.0,100.0,0.08,converged,,bfgs_standard,"[{""ase_converged"": true, ""converged"": true, ""end_geometry_sha256"": ""21aecb9485226c5b1a0777ddb116348d09d75a3ddfee8db8184c7aa4d134cdba"", ""failure_class"": null, ""max_force_eV_A"": 0.06954285013695832, ""name"": ""bfgs_standard"", ""start_geometry_sha256"": ""7ba3b4f2d6ea72c3a5bf093c9f9d94ae4ff6c8870e548b2d5e2d4301a8626b10"", ""steps"": 64}]",21aecb9485226c5b1a0777ddb116348d09d75a3ddfee8db8184c7aa4d134cdba,1.6685593749582768,True,0.06633695377261345,28.0,100.0,0.08,converged,,bfgs_standard,"[{""ase_converged"": true, ""converged"": true, ""end_geometry_sha256"": ""a3145e46d2c61469294b9840b57c5dc95867fc9d54ddd3e64bd26024793e9601"", ""failure_class"": null, ""max_force_eV_A"": 0.06633695377261345, ""name"": ""bfgs_standard"", ""start_geometry_sha256"": ""de8adb893c2d943e2a08c78f4cffd6ccf9f427ffce0129e0eb3ef7bc67f6999e"", ""steps"": 28}]",a3145e46d2c61469294b9840b57c5dc95867fc9d54ddd3e64bd26024793e9601,2.2016214497387443,True,0.07761982562406465,30.0,100.0,0.08,converged,,bfgs_standard,"[{""ase_converged"": true, ""converged"": true, ""end_geometry_sha256"": ""116c0d0be844f4df5d76b03bea182b37fb75209bceac4954c8ade45b7bbc4c71"", ""failure_class"": null, ""max_force_eV_A"": 0.07761982562406465, ""name"": ""bfgs_standard"", ""start_geometry_sha256"": ""a7810d08fefcd42fe713e2725041cc5b657e53193e302fa8ae47ca23e875d1c4"", ""steps"": 30}]",116c0d0be844f4df5d76b03bea182b37fb75209bceac4954c8ade45b7bbc4c71,5.305799435079102,1.6147994350791022,step_1_OOH,10.0,0.0,True,3.8701808246970213,0.27249999999999996,True,quantitative_screening,2,2,29cf3c64f4766f1d1191,False,
"('MetalFreeCarbon', 'pyridinic', 0.01, 'edge_armchair', 'carbon_black', 'B')",MetalFreeCarbon,True,esen-sm-conserving-all-oc25:relax-v4:orr-che-v3,True,0.07711180383249218,76,150,0.08,converged,,bfgs_standard,"[{""ase_converged"": true, ""converged"": true, ""end_geometry_sha256"": ""16a33af460b874039d31a2d96041df90aeea3a334a9fcef04479e92ce4b096fe"", ""failure_class"": null, ""max_force_eV_A"": 0.07711180383249218, ""name"": ""bfgs_standard"", ""start_geometry_sha256"": ""fe1069d030ea74ee2906cd03046c9c765eef5c634f9f2f5b67e74fe913321763"", ""steps"": 76}]",16a33af460b874039d31a2d96041df90aeea3a334a9fcef04479e92ce4b096fe,-143.64826371338742,True,0.07162302917313174,44.0,100.0,0.08,converged,,bfgs_standard,"[{""ase_converged"": true, ""converged"": true, ""end_geometry_sha256"": ""5dfc4edfe30ea1debbdecbb99813e098a107fdd33f2d3c94dbb0b5bb01ba2f9b"", ""failure_class"": null, ""max_force_eV_A"": 0.07162302917313174, ""name"": ""bfgs_standard"", ""start_geometry_sha256"": ""3f812777cfc4d8db2996feef6ea271dd709f4a32e30373988e9a87268fe278d4"", ""steps"": 44}]",5dfc4edfe30ea1debbdecbb99813e098a107fdd33f2d3c94dbb0b5bb01ba2f9b,2.9710040713846686,True,0.06915076785529181,38.0,100.0,0.08,converged,,bfgs_standard,"[{""ase_converged"": true, ""converged"": true, ""end_geometry_sha256"": ""c5a89e171e6e583679cf7b0a9f678dcaea392af88b27c67fe45b002d248bf540"", ""failure_class"": null, ""max_force_eV_A"": 0.06915076785529181, ""name"": ""bfgs_standard"", ""start_geometry_sha256"": ""9f39e603bca512b56e2321890cfb61af857fc9eb6bf34a9a51dcf1db475eaf08"", ""steps"": 38}]",c5a89e171e6e583679cf7b0a9f678dcaea392af88b27c67fe45b002d248bf540,2.521144545823339,True,0.07802540767516607,25.0,100.0,0.08,converged,,bfgs_standard,"[{""ase_converged"": true, ""converged"": true, ""end_geometry_sha256"": ""e28627033457b7ee123dd1215b1f4b77f389c164af3ed7e7e671275584372633"", ""failure_class"": null, ""max_force_eV_A"": 0.07802540767516607, ""name"": ""bfgs_standard"", ""start_geometry_sha256"": ""dec0816f41872243b813fd0508f4bf0ce24b10ea32be29c5dea553e4d29483a7"", ""steps"": 25}]",e28627033457b7ee123dd1215b1f4b77f389c164af3ed7e7e671275584372633,5.365234087407593,1.6788595255613297,step_3_OH,10.0,0.0,True,5.492148617208008,0.27249999999999996,True,quantitative_screening,0,0,6b78dd31df3eaead1066,False,
"('MetalFreeCarbon', 'pyridinic', 0.02, 'none', 'porous_carbon', 'S')",MetalFreeCarbon,True,esen-sm-conserving-all-oc25:relax-v4:orr-che-v3,True,0.06179917701234608,80,150,0.08,converged,,bfgs_standard,"[{""ase_converged"": true, ""converged"": true, ""end_geometry_sha256"": ""7c02d7369d5ccdc76bee127ae0827aa57e6f3d50605791831b35d3ee6ac58b52"", ""failure_class"": null, ""max_force_eV_A"": 0.06179917701234608, ""name"": ""bfgs_standard"", ""start_geometry_sha256"": ""8c558185035a36df791a749b9fc38ddc046c54530286ae8b502e5e722a0a1390"", ""steps"": 80}]",7c02d7369d5ccdc76bee127ae0827aa57e6f3d50605791831b35d3ee6ac58b52,-138.61295966074422,True,0.05929796556261485,83.0,100.0,0.08,converged,,bfgs_standard,"[{""ase_converged"": true, ""converged"": true, ""end_geometry_sha256"": ""ca18b589dc3975b905a94b241a04b54d0c086db7498848a89ea119dfb1673f97"", ""failure_class"": null, ""max_force_eV_A"": 0.05929796556261485, ""name"": ""bfgs_standard"", ""start_geometry_sha256"": ""b9c6bb13823babf6b59ffe3468174c0e6df2b6883b1f1625ba658d7134c7e118"", ""steps"": 83}]",ca18b589dc3975b905a94b241a04b54d0c086db7498848a89ea119dfb1673f97,1.5180624152719975,True,0.04176299662152554,57.0,100.0,0.08,converged,,bfgs_standard,"[{""ase_converged"": true, ""converged"": true, ""end_geometry_sha256"": ""c34aa71be2732c315ad0004e63a951d47e10efa5fb8dc07bc0f2584a565daab6"", ""failure_class"": null, ""max_force_eV_A"": 0.04176299662152554, ""name"": ""bfgs_standard"", ""start_geometry_sha256"": ""9a15a38290ee4aa53b1a41b1c3db9e37962dfb1693ce0b348d2fd58d03777698"", ""steps"": 57}]",c34aa71be2732c315ad0004e63a951d47e10efa5fb8dc07bc0f2584a565daab6,1.1266755230724848,True,0.07188306073408239,30.0,100.0,0.08,converged,,bfgs_standard,"[{""ase_converged"": true, ""converged"": true, ""end_geometry_sha256"": ""d57b02acbbfa0d1f6e39c0fba4ec01ec6da44cc0974cad5e245812bae404f11b"", ""failure_class"": null, ""max_force_eV_A"": 0.07188306073408239, ""name"": ""bfgs_standard"", ""start_geometry_sha256"": ""d4623846e9c9ef42f90163f6e6d7799e5ab7b0b6b9fcc42c5ab70cc91fd56b75"", ""steps"": 30}]",d57b02acbbfa0d1f6e39c0fba4ec01ec6da44cc0974cad5e245812bae404f11b,5.390217255055909,1.6992172550559088,step_1_OOH,10.0,0.0,True,2.6447379383444822,0.27249999999999996,True,quantitative_screening,2,2,e0b18e37c79a82993b1d,False,
"('MetalFreeCarbon', 'pyridinic', 0.02, 'Stone_Wales', 'graphene_nanoribbon', 'none')",MetalFreeCarbon,False,esen-sm-conserving-all-oc25:relax-v4:orr-che-v3,True,0.06977459808497584,143,150,0.08,converged,,bfgs_standard,"[{""ase_converged"": true, ""converged"": true, ""end_geometry_sha256"": ""a21d5b5266271489e936ca066a4769c6e3bb2617612fa48d8e0dea7a44e9dca8"", ""failure_class"": null, ""max_force_eV_A"": 0.06977459808497584, ""name"": ""bfgs_standard"", ""start_geometry_sha256"": ""f7751cbef52227818373f668dda175d54e0d0c04b075b48347ff0629af0e816c"", ""steps"": 143}]",a21d5b5266271489e936ca066a4769c6e3bb2617612fa48d8e0dea7a44e9dca8,-115.85927995617931,False,,0.0,100.0,0.08,invalid_initial_geometry,atomic_overlap,none,[],26f03473bc20423debe112fccaab068c839421fa02b6390b753455b18a84976d,,,,,,,,,,,,,,,,,,,,,,,,,,,,,,,True,validation_required,0,0,4716fd9ed07390131a9a,False,Invalid oh initial geometry: atomic_overlap
"('MetalFreeCarbon', 'pyridinic', 0.02, 'edge_armchair', 'CNT', 'none')",MetalFreeCarbon,True,esen-sm-conserving-all-oc25:relax-v4:orr-che-v3,True,0.07540157481320942,46,150,0.08,converged,,bfgs_standard,"[{""ase_converged"": true, ""converged"": true, ""end_geometry_sha256"": ""02aecb67000face6273ea1951fa55c839b82ffc07b130e6b7a5dd3e3389bc8a3"", ""failure_class"": null, ""max_force_eV_A"": 0.07540157481320942, ""name"": ""bfgs_standard"", ""start_geometry_sha256"": ""4b44d090f34b9255136656112adda1210a71e8cb727a68c7be1fa5a26b409fd9"", ""steps"": 46}]",02aecb67000face6273ea1951fa55c839b82ffc07b130e6b7a5dd3e3389bc8a3,-134.10160481577626,True,0.07669039001465591,37.0,100.0,0.08,converged,,bfgs_standard,"[{""ase_converged"": true, ""converged"": true, ""end_geometry_sha256"": ""5d83be2cec095bffa3357a98d31228292df181582f3f8497cee3dfbde400ec49"", ""failure_class"": null, ""max_force_eV_A"": 0.07669039001465591, ""name"": ""bfgs_standard"", ""start_geometry_sha256"": ""af0a9cbc5f08adacd1d5872b21bc493f113806832c09d415337a54ce1a0418d0"", ""steps"": 37}]",5d83be2cec095bffa3357a98d31228292df181582f3f8497cee3dfbde400ec49,2.805703463703394,True,0.07462213629402027,38.0,100.0,0.08,converged,,bfgs_standard,"[{""ase_converged"": true, ""converged"": true, ""end_geometry_sha256"": ""ba6784b81977bec258c85548ebfa3255b8df1297a9436f7e9fba35c2e32af632"", ""failure_class"": null, ""max_force_eV_A"": 0.07462213629402027, ""name"": ""bfgs_standard"", ""start_geometry_sha256"": ""06990e55e39d6b3a9993ce85884a08f45a93de7db03fef705590be62c932079b"", ""steps"": 38}]",ba6784b81977bec258c85548ebfa3255b8df1297a9436f7e9fba35c2e32af632,2.31032887771726,True,0.07431923417583748,22.0,100.0,0.08,converged,,bfgs_standard,"[{""ase_converged"": true, ""converged"": true, ""end_geometry_sha256"": ""c6c2d91c2e7ac5277b833112792718c7b0b0eac0be09a7e13cac23d1061ce705"", ""failure_class"": null, ""max_force_eV_A"": 0.07431923417583748, ""name"": ""bfgs_standard"", ""start_geometry_sha256"": ""dde1cac817596fa79fc53873ec8f498fc390b7479d763103185ffdd04430e47f"", ""steps"": 22}]",c6c2d91c2e7ac5277b833112792718c7b0b0eac0be09a7e13cac23d1061ce705,5.262367199361329,1.7243745859861344,step_3_OH,10.0,0.0,True,5.116032341420654,0.27249999999999996,True,quantitative_screening,1,1,9f90de345fe176b9dbeb,False,
"('MetalFreeCarbon', 'pyridinic', 0.02, 'pentagon_heptagon', 'carbon_black', 'S')",MetalFreeCarbon,True,esen-sm-conserving-all-oc25:relax-v4:orr-che-v3,True,0.06410185057973941,80,150,0.08,converged,,bfgs_standard,"[{""ase_converged"": true, ""converged"": true, ""end_geometry_sha256"": ""abc32ce929a496877603670bdff4abcc908b8fbca2dacbf38cae4347ce1793d9"", ""failure_class"": null, ""max_force_eV_A"": 0.06410185057973941, ""name"": ""bfgs_standard"", ""start_geometry_sha256"": ""a99085c8ad32897919ab0fe8638408fb17bb5d10c52ca91c1bb611f7e03c79ba"", ""steps"": 80}]",abc32ce929a496877603670bdff4abcc908b8fbca2dacbf38cae4347ce1793d9,-138.61217812464193,True,0.07585540647079815,284.0,100.0,0.08,converged,,bfgs_after_fire,"[{""ase_converged"": false, ""converged"": false, ""end_geometry_sha256"": ""ee1453c6d8a2918c5ec56d68ced6e1c307134f44f711f1f077fe664a293fa106"", ""failure_class"": ""force_threshold"", ""max_force_eV_A"": 0.3517747532193052, ""name"": ""bfgs_standard"", ""start_geometry_sha256"": ""b846e47b30de46e538aff93a7733a5d42542c8288fcadd91c1f726ffc22ec917"", ""steps"": 100}, {""ase_converged"": false, ""converged"": false, ""end_geometry_sha256"": ""c0b52ad80ee0f829bc5fe810a971b027d8627dd5775200748c330835cc37d8b0"", ""failure_class"": ""force_threshold"", ""max_force_eV_A"": 0.9456567174380303, ""name"": ""fire_precondition"", ""qualifying"": false, ""start_geometry_sha256"": ""b846e47b30de46e538aff93a7733a5d42542c8288fcadd91c1f726ffc22ec917"", ""steps"": 50}, {""ase_converged"": true, ""converged"": true, ""end_geometry_sha256"": ""3e4c0415a218cfd4dbd5d83c197aac9e4adc29d1f4c77489c0de66037c818222"", ""failure_class"": null, ""max_force_eV_A"": 0.07585540647079815, ""name"": ""bfgs_after_fire"", ""start_geometry_sha256"": ""c0b52ad80ee0f829bc5fe810a971b027d8627dd5775200748c330835cc37d8b0"", ""steps"": 134}]",3e4c0415a218cfd4dbd5d83c197aac9e4adc29d1f4c77489c0de66037c818222,0.9031193877756596,True,0.07346177433978295,50.0,100.0,0.08,converged,,bfgs_standard,"[{""ase_converged"": true, ""converged"": true, ""end_geometry_sha256"": ""f197ea1ac477ad2c43900af39c7662780f53980468bbb944952406deefca9ec3"", ""failure_class"": null, ""max_force_eV_A"": 0.07346177433978295, ""name"": ""bfgs_standard"", ""start_geometry_sha256"": ""d3b3fc0fee2b4de0c9911b91a4e9bdc0cdd91fa5116af94d9118f49c95fbca36"", ""steps"": 50}]",f197ea1ac477ad2c43900af39c7662780f53980468bbb944952406deefca9ec3,1.1338509686291254,True,0.0746135070245358,30.0,100.0,0.08,converged,,bfgs_standard,"[{""ase_converged"": true, ""converged"": true, ""end_geometry_sha256"": ""f4e01fa6b033f7a693560c984cf46ead8cc91b166441b32025e002ba3eb05eed"", ""failure_class"": null, ""max_force_eV_A"": 0.0746135070245358, ""name"": ""bfgs_standard"", ""start_geometry_sha256"": ""a058c99cced4eb0f3735cf7fae0e412f55733d3107517910aed268a66a7abfa7"", ""steps"": 30}]",f4e01fa6b033f7a693560c984cf46ead8cc91b166441b32025e002ba3eb05eed,5.389800976216797,1.6988009762167975,step_1_OOH,10.0,0.0,True,2.036970356404785,0.27249999999999996,True,quantitative_screening,0,0,d15a3a78b71481695535,False,
"('MetalFreeCarbon', 'pyridinic', 0.04, 'none', 'CNT', 'B')",MetalFreeCarbon,True,esen-sm-conserving-all-oc25:relax-v4:orr-che-v3,True,0.07396031026820186,108,150,0.08,converged,,bfgs_standard,"[{""ase_converged"": true, ""converged"": true, ""end_geometry_sha256"": ""83e1709cd3ad982b10425fec4b47c3843b18b3cb32b103949a7d5bfefb3874cb"", ""failure_class"": null, ""max_force_eV_A"": 0.07396031026820186, ""name"": ""bfgs_standard"", ""start_geometry_sha256"": ""b2701fdf4461b91ca818f126e959bd5911a18ccc90fd86e0234371841da301f8"", ""steps"": 108}]",83e1709cd3ad982b10425fec4b47c3843b18b3cb32b103949a7d5bfefb3874cb,-141.90296635387983,True,0.0730354348999908,27.0,100.0,0.08,converged,,bfgs_standard,"[{""ase_converged"": true, ""converged"": true, ""end_geometry_sha256"": ""898260f59e69abbb4a8d265403e9976998c33f13a22a4156bb74a7589e113817"", ""failure_class"": null, ""max_force_eV_A"": 0.0730354348999908, ""name"": ""bfgs_standard"", ""start_geometry_sha256"": ""e489824b56b7d5f71741ad277c2b768a8e32a3f45aec6fcb5e35800132693a1a"", ""steps"": 27}]",898260f59e69abbb4a8d265403e9976998c33f13a22a4156bb74a7589e113817,2.607070746570826,True,0.07896061255615779,308.0,100.0,0.08,converged,,bfgs_after_fire,"[{""ase_converged"": false, ""converged"": false, ""end_geometry_sha256"": ""45d0c722103d78f4ce6dafba5c8a289eb51f8a0672e015a9bfbafd4698601bc8"", ""failure_class"": ""force_threshold"", ""max_force_eV_A"": 0.277274511585767, ""name"": ""bfgs_standard"", ""start_geometry_sha256"": ""d7335229123163d4415c2f554ca46a6e37a797e4aba21d54b9184a6f3994b860"", ""steps"": 100}, {""ase_converged"": true, ""converged"": true, ""end_geometry_sha256"": ""c5cadc655672881a5c051d1e4f124c136d930b34f23c638d7af35ab144253d0f"", ""failure_class"": null, ""max_force_eV_A"": 0.23763986018492095, ""name"": ""fire_precondition"", ""qualifying"": false, ""start_geometry_sha256"": ""d7335229123163d4415c2f554ca46a6e37a797e4aba21d54b9184a6f3994b860"", ""steps"": 45}, {""ase_converged"": true, ""converged"": true, ""end_geometry_sha256"": ""f9abb801a89750f5fef47a3d5cd86b54d7809e7e2abc65407042699e23597e19"", ""failure_class"": null, ""max_force_eV_A"": 0.07896061255615779, ""name"": ""bfgs_after_fire"", ""start_geometry_sha256"": ""c5cadc655672881a5c051d1e4f124c136d930b34f23c638d7af35ab144253d0f"", ""steps"": 163}]",f9abb801a89750f5fef47a3d5cd86b54d7809e7e2abc65407042699e23597e19,0.2420024044811761,True,0.07849814402103905,28.0,100.0,0.08,converged,,bfgs_standard,"[{""ase_converged"": true, ""converged"": true, ""end_geometry_sha256"": ""804497fdc1d69aed324a260d46514cc814334012007841fd3d805f5c730da24f"", ""failure_class"": null, ""max_force_eV_A"": 0.07849814402103905, ""name"": ""bfgs_standard"", ""start_geometry_sha256"": ""d475c66c80cae38b15a66b97d0fb1d645d8f42e3758c477256ea3382cecebe51"", ""steps"": 28}]",804497fdc1d69aed324a260d46514cc814334012007841fd3d805f5c730da24f,5.122557590901856,3.0,step_3_OH,10.0,0.0,True,2.8490731510520018,0.27249999999999996,True,quantitative_screening,1,1,cbf7ce857cffee1e0ef9,False,
"('MetalFreeCarbon', 'pyridinic', 0.04, 'divacancy', 'graphene', 'S')",MetalFreeCarbon,True,esen-sm-conserving-all-oc25:relax-v4:orr-che-v3,True,0.06038755584823968,80,150,0.08,converged,,bfgs_standard,"[{""ase_converged"": true, ""converged"": true, ""end_geometry_sha256"": ""22575beaaf5a94da68b72a20bd2cd74da137b2cffdddcef2df084c9a5d8c2968"", ""failure_class"": null, ""max_force_eV_A"": 0.06038755584823968, ""name"": ""bfgs_standard"", ""start_geometry_sha256"": ""87b64c80100f44376f3dffa773a11cccd704a8e23ea052973dcc69346ef187ce"", ""steps"": 80}]",22575beaaf5a94da68b72a20bd2cd74da137b2cffdddcef2df084c9a5d8c2968,-138.61479071543172,True,0.07185536167098924,290.0,100.0,0.08,converged,,bfgs_after_fire,"[{""ase_converged"": false, ""converged"": false, ""end_geometry_sha256"": ""c899a912e37640951ae50b24d2c7516f4244f001b877961d3b01bb29024ff65f"", ""failure_class"": ""force_threshold"", ""max_force_eV_A"": 0.17314126655367118, ""name"": ""bfgs_standard"", ""start_geometry_sha256"": ""b898f5ca96700ef86f5c7bd69f147b0a11848085e8a14689d5d8987dd2fe9927"", ""steps"": 100}, {""ase_converged"": false, ""converged"": false, ""end_geometry_sha256"": ""98fcada09f27f60ac38703c1763ec838eb087f7e76ced40f686045f5b5604a18"", ""failure_class"": ""force_threshold"", ""max_force_eV_A"": 0.4224659787701409, ""name"": ""fire_precondition"", ""qualifying"": false, ""start_geometry_sha256"": ""b898f5ca96700ef86f5c7bd69f147b0a11848085e8a14689d5d8987dd2fe9927"", ""steps"": 50}, {""ase_converged"": true, ""converged"": true, ""end_geometry_sha256"": ""dcc3d7e292d8cf0fdda4f0e179950e55ac33cea7f739b14f8134ceb81cc7d4c6"", ""failure_class"": null, ""max_force_eV_A"": 0.07185536167098924, ""name"": ""bfgs_after_fire"", ""start_geometry_sha256"": ""98fcada09f27f60ac38703c1763ec838eb087f7e76ced40f686045f5b5604a18"", ""steps"": 140}]",dcc3d7e292d8cf0fdda4f0e179950e55ac33cea7f739b14f8134ceb81cc7d4c6,0.9023101951181889,True,0.06661408275701289,54.0,100.0,0.08,converged,,bfgs_standard,"[{""ase_converged"": true, ""converged"": true, ""end_geometry_sha256"": ""d50a6d8d0620189f9cf50f6fc62f4425e156db3b2edd485640cbd430a5cac111"", ""failure_class"": null, ""max_force_eV_A"": 0.06661408275701289, ""name"": ""bfgs_standard"", ""start_geometry_sha256"": ""d824f576d8d0bf970804bd00ba032c2a0f65a1bfac6ad03051563bdbcb3239c0"", ""steps"": 54}]",d50a6d8d0620189f9cf50f6fc62f4425e156db3b2edd485640cbd430a5cac111,1.1305150158703363,True,0.07955353168210333,29.0,100.0,0.08,converged,,bfgs_standard,"[{""ase_converged"": true, ""converged"": true, ""end_geometry_sha256"": ""fb1806deaf8f9739c523d5dc23a9ad049b5554699ce47f665b9692448e444c61"", ""failure_class"": null, ""max_force_eV_A"": 0.07955353168210333, ""name"": ""bfgs_standard"", ""start_geometry_sha256"": ""37723892558abbac4aae5fa2e12ac0bd634cb9edfea2d23382e761ce9871a907"", ""steps"": 29}]",fb1806deaf8f9739c523d5dc23a9ad049b5554699ce47f665b9692448e444c61,5.39673180431128,1.70573180431128,step_1_OOH,10.0,0.0,True,2.032825210988525,0.27249999999999996,True,quantitative_screening,2,2,7b0ee736cd64b0417109,False,
