genome,material_class,valid,screening_protocol,relax_clean_converged,relax_clean_max_force_eV_A,relax_clean_steps,relax_clean_step_limit,relax_clean_fmax_eV_A,relax_clean_termination,relax_clean_failure_class,relax_clean_selected_attempt,relax_clean_attempts_json,relax_clean_geometry_sha256,e_clean,relax_oh_converged,relax_oh_max_force_eV_A,relax_oh_steps,relax_oh_step_limit,relax_oh_fmax_eV_A,relax_oh_termination,relax_oh_failure_class,relax_oh_selected_attempt,relax_oh_attempts_json,relax_oh_geometry_sha256,dG_OH_eV,relax_o_converged,relax_o_max_force_eV_A,relax_o_steps,relax_o_step_limit,relax_o_fmax_eV_A,relax_o_termination,relax_o_failure_class,relax_o_selected_attempt,relax_o_attempts_json,relax_o_geometry_sha256,dG_O_eV,relax_ooh_converged,relax_ooh_max_force_eV_A,relax_ooh_steps,relax_ooh_step_limit,relax_ooh_fmax_eV_A,relax_ooh_termination,relax_ooh_failure_class,relax_ooh_selected_attempt,relax_ooh_attempts_json,relax_ooh_geometry_sha256,dG_OOH_eV,orr_overpotential_V,rate_determining_step,fenton_stability,cost_penalty,fc_viable,binding_strength,model_confidence,needs_dft_validation,candidate_disposition,worker_id,gpu_id,candidate_id,cache_hit,error
"('SolidCatalyst', 'Ag', 'MoO3', 'fcc110', 0.1, ('Zr', 'Pt'), 1, 1)",SolidCatalyst,True,esen-sm-conserving-all-oc25:relax-v4:orr-che-v3,True,0.059221697611717077,13,150,0.08,converged,,bfgs_standard,"[{""ase_converged"": true, ""converged"": true, ""end_geometry_sha256"": ""53a641e13fc8dab5ffe707ea480246fc296146507b1fdfad8cdce4798758950c"", ""failure_class"": null, ""max_force_eV_A"": 0.059221697611717077, ""name"": ""bfgs_standard"", ""start_geometry_sha256"": ""01232a8714d81cf6381dc1cab87cb982cc04661c460d70e3ce43bd74d82d4de4"", ""steps"": 13}]",53a641e13fc8dab5ffe707ea480246fc296146507b1fdfad8cdce4798758950c,-97.58148824339733,True,0.07558593019019307,44.0,100.0,0.08,converged,,bfgs_standard,"[{""ase_converged"": true, ""converged"": true, ""end_geometry_sha256"": ""c676383bb25b35758736114a381e5c20880485fb02e7aeb26fe0a85c07eb91e2"", ""failure_class"": null, ""max_force_eV_A"": 0.07558593019019307, ""name"": ""bfgs_standard"", ""start_geometry_sha256"": ""5517b7bff1971b13f3a5046998534e26d8b742ba5df1b06c6f0b2d666a5db0c2"", ""steps"": 44}]",c676383bb25b35758736114a381e5c20880485fb02e7aeb26fe0a85c07eb91e2,-1.9427327488362789,True,0.0730578940471643,32.0,100.0,0.08,converged,,bfgs_standard,"[{""ase_converged"": true, ""converged"": true, ""end_geometry_sha256"": ""fecc140bceef962082453464678ac2215bfa5c189cd17197b70f79b9cae126ac"", ""failure_class"": null, ""max_force_eV_A"": 0.0730578940471643, ""name"": ""bfgs_standard"", ""start_geometry_sha256"": ""5350687deec1e66054b4200a54ae686b7f2b899c75f97b9d96effc132daaa00e"", ""steps"": 32}]",fecc140bceef962082453464678ac2215bfa5c189cd17197b70f79b9cae126ac,-2.162020050734278,True,0.07446273388536781,50.0,100.0,0.08,converged,,bfgs_standard,"[{""ase_converged"": true, ""converged"": true, ""end_geometry_sha256"": ""d52195aa653592f0b43edfcf9c45b9dd7a2dc3878f7b1bfbd1280921a14062b6"", ""failure_class"": null, ""max_force_eV_A"": 0.07446273388536781, ""name"": ""bfgs_standard"", ""start_geometry_sha256"": ""bd273d1dd4a1630771c21be85eab9df638cf26725f364094cf37b3f9020e3772"", ""steps"": 50}]",d52195aa653592f0b43edfcf9c45b9dd7a2dc3878f7b1bfbd1280921a14062b6,-3.3895266547799645,3.0,step_4_H2O,10.0,-2.0,True,4.104752799570557,0.9675000000349999,False,quantitative_screening,0,0,4e11cc5cbe4f2cd1c039,False,
"('SolidCatalyst', 'Ag', 'AlN', 'bcc211', -0.07894736842105264, ('S', 'Ag'), 4, 0)",SolidCatalyst,True,esen-sm-conserving-all-oc25:relax-v4:orr-che-v3,True,0.0788683769810081,66,150,0.08,converged,,bfgs_standard,"[{""ase_converged"": true, ""converged"": true, ""end_geometry_sha256"": ""cb9fe714a8ed5ea3e1aba48211443e1009d5759730806b2e28a9e164601f5655"", ""failure_class"": null, ""max_force_eV_A"": 0.0788683769810081, ""name"": ""bfgs_standard"", ""start_geometry_sha256"": ""7e5978eadfd8244dad75f7a6e3091b1dd00e7a2de2896e1b2d360e21a5e0465b"", ""steps"": 66}]",cb9fe714a8ed5ea3e1aba48211443e1009d5759730806b2e28a9e164601f5655,-93.07911923275515,True,0.07280033718277526,193.0,100.0,0.08,converged,,bfgs_after_fire,"[{""ase_converged"": false, ""converged"": false, ""end_geometry_sha256"": ""9d9215760a2d802a0ebf389a1c6eab012a34f7a3cc3bf1b45e14e7f718aea7db"", ""failure_class"": ""force_threshold"", ""max_force_eV_A"": 0.24633292364948145, ""name"": ""bfgs_standard"", ""start_geometry_sha256"": ""81594f441ce843a79aa74960537787db575bfea435baf8d9eb47c08b2dbbd9f1"", ""steps"": 100}, {""ase_converged"": false, ""converged"": false, ""end_geometry_sha256"": ""2d18fd0cff86a98ad922ddf6e66bbfffa27000443e8405dea4ead40a67d9c21f"", ""failure_class"": ""force_threshold"", ""max_force_eV_A"": 0.3756491301277655, ""name"": ""fire_precondition"", ""qualifying"": false, ""start_geometry_sha256"": ""81594f441ce843a79aa74960537787db575bfea435baf8d9eb47c08b2dbbd9f1"", ""steps"": 50}, {""ase_converged"": true, ""converged"": true, ""end_geometry_sha256"": ""d76482dcb827e5174acfaf5b364f40c67114462e1d98b609ce2f697c3c5b34ca"", ""failure_class"": null, ""max_force_eV_A"": 0.07280033718277526, ""name"": ""bfgs_after_fire"", ""start_geometry_sha256"": ""2d18fd0cff86a98ad922ddf6e66bbfffa27000443e8405dea4ead40a67d9c21f"", ""steps"": 43}]",d76482dcb827e5174acfaf5b364f40c67114462e1d98b609ce2f697c3c5b34ca,2.757097783237696,True,0.0784390326999753,235.0,100.0,0.08,converged,,bfgs_after_fire,"[{""ase_converged"": false, ""converged"": false, ""end_geometry_sha256"": ""6f4b3644b5c7d35fe50c35d214abde8ac35b74fe7918678ebbbadf849138704b"", ""failure_class"": ""force_threshold"", ""max_force_eV_A"": 0.2903703782247608, ""name"": ""bfgs_standard"", ""start_geometry_sha256"": ""9742a60c29ecbc6778f58d5c64c1fd7524560c123e1efc8f9be1373b96a2a585"", ""steps"": 100}, {""ase_converged"": true, ""converged"": true, ""end_geometry_sha256"": ""e1113b96be886efeb33ebc3875b4539fda4f16dd19c0996c8edc41dea81c1ef1"", ""failure_class"": null, ""max_force_eV_A"": 0.24765595908168198, ""name"": ""fire_precondition"", ""qualifying"": false, ""start_geometry_sha256"": ""9742a60c29ecbc6778f58d5c64c1fd7524560c123e1efc8f9be1373b96a2a585"", ""steps"": 21}, {""ase_converged"": true, ""converged"": true, ""end_geometry_sha256"": ""f41e44d31f307d74369dc5cd002cb5209295c298428ca274279ca27d2e3ebbfc"", ""failure_class"": null, ""max_force_eV_A"": 0.0784390326999753, ""name"": ""bfgs_after_fire"", ""start_geometry_sha256"": ""e1113b96be886efeb33ebc3875b4539fda4f16dd19c0996c8edc41dea81c1ef1"", ""steps"": 114}]",f41e44d31f307d74369dc5cd002cb5209295c298428ca274279ca27d2e3ebbfc,1.4963978894054641,True,0.07041093162487141,256.0,100.0,0.08,converged,,bfgs_after_fire,"[{""ase_converged"": false, ""converged"": false, ""end_geometry_sha256"": ""4fd4a4bc4b095b88110c6090d40d23d4c6afc3223f03a9959c0e093d6100ade6"", ""failure_class"": ""force_threshold"", ""max_force_eV_A"": 0.0965256689069747, ""name"": ""bfgs_standard"", ""start_geometry_sha256"": ""a9928a93abe1a818ded6de6927ccb4f10a837f80992e4838b95d88b4b06dba8b"", ""steps"": 100}, {""ase_converged"": false, ""converged"": false, ""end_geometry_sha256"": ""39a8306c98c8b4f1f3c0eb3e05afb4b6f3e2933ccf0e21ab8c84f0b25973434c"", ""failure_class"": ""force_threshold"", ""max_force_eV_A"": 0.7774248597896553, ""name"": ""fire_precondition"", ""qualifying"": false, ""start_geometry_sha256"": ""a9928a93abe1a818ded6de6927ccb4f10a837f80992e4838b95d88b4b06dba8b"", ""steps"": 50}, {""ase_converged"": true, ""converged"": true, ""end_geometry_sha256"": ""e2c9393bafe4014d17e71760802c9601efc48fd89af0ea6522dac440faa1cb8b"", ""failure_class"": null, ""max_force_eV_A"": 0.07041093162487141, ""name"": ""bfgs_after_fire"", ""start_geometry_sha256"": ""39a8306c98c8b4f1f3c0eb3e05afb4b6f3e2933ccf0e21ab8c84f0b25973434c"", ""steps"": 106}]",e2c9393bafe4014d17e71760802c9601efc48fd89af0ea6522dac440faa1cb8b,1.9066559776663814,2.489699893832232,step_3_OH,10.0,-1.8038729525775496,True,4.25349567264316,0.7799556092414295,False,quantitative_screening,2,2,b3502aa1b7f4909d4cf0,False,
"('SolidCatalyst', 'Ag', 'WS2', 'bcc211', 0.05789473684210525, ('Pr', 'Se'), 1, 1)",SolidCatalyst,True,esen-sm-conserving-all-oc25:relax-v4:orr-che-v3,True,0.07675362087305068,17,150,0.08,converged,,bfgs_standard,"[{""ase_converged"": true, ""converged"": true, ""end_geometry_sha256"": ""8200333c70ee59d75396210a735fe2445f063424eaf7b10d48e8d02934235884"", ""failure_class"": null, ""max_force_eV_A"": 0.07675362087305068, ""name"": ""bfgs_standard"", ""start_geometry_sha256"": ""938755c97adc8c86effd86d4bc68f4b7dfe919e785f1a3d69dcbeeb063abc2fa"", ""steps"": 17}]",8200333c70ee59d75396210a735fe2445f063424eaf7b10d48e8d02934235884,-95.18136580350603,True,0.07999621625910144,43.0,100.0,0.08,converged,,bfgs_standard,"[{""ase_converged"": true, ""converged"": true, ""end_geometry_sha256"": ""d9cc6d4ba672f8e70ac4feb3da57b1993d7c5bf737156cdde8a434e1a4f73fd5"", ""failure_class"": null, ""max_force_eV_A"": 0.07999621625910144, ""name"": ""bfgs_standard"", ""start_geometry_sha256"": ""e6c2a3751a86346220754702264904bcef8f02c8d630ba6620655679d5dea37c"", ""steps"": 43}]",d9cc6d4ba672f8e70ac4feb3da57b1993d7c5bf737156cdde8a434e1a4f73fd5,0.6564682151377201,True,0.07752554736012987,39.0,100.0,0.08,converged,,bfgs_standard,"[{""ase_converged"": true, ""converged"": true, ""end_geometry_sha256"": ""5886e50df2755a3241912284a02674b75a73c16e5d37414e196e2cd32ce74423"", ""failure_class"": null, ""max_force_eV_A"": 0.07752554736012987, ""name"": ""bfgs_standard"", ""start_geometry_sha256"": ""f24c76356e413c9311608a2b66515a1ca88bc454b1a8feca27c9a5571c71587d"", ""steps"": 39}]",5886e50df2755a3241912284a02674b75a73c16e5d37414e196e2cd32ce74423,0.981994546204809,True,0.0692348709159836,42.0,100.0,0.08,converged,,bfgs_standard,"[{""ase_converged"": true, ""converged"": true, ""end_geometry_sha256"": ""c8dcedbf542642685331e32a0fe8102d4cabef594c50be8c33707a55660c4fba"", ""failure_class"": null, ""max_force_eV_A"": 0.0692348709159836, ""name"": ""bfgs_standard"", ""start_geometry_sha256"": ""7c9f72bdaa28ee2d5b84bd044acdfba19765ca5d6a49de846fabbf14b1d94453"", ""steps"": 42}]",c8dcedbf542642685331e32a0fe8102d4cabef594c50be8c33707a55660c4fba,1.5017551884054603,0.9034736689329113,step_3_OH,10.0,-2.0,True,1.638462761342529,0.8664825313502684,False,quantitative_screening,1,1,496f5deab95f6c95b24e,False,
"('SolidCatalyst', 'Ag', 'ZSM5', 'bcc110', -0.1, ('Mn', 'Cu'), 2, 0)",SolidCatalyst,True,esen-sm-conserving-all-oc25:relax-v4:orr-che-v3,True,0.07865049099430226,31,150,0.08,converged,,bfgs_standard,"[{""ase_converged"": true, ""converged"": true, ""end_geometry_sha256"": ""fdd93ecd48eb3545353a402953c45216a05f392a78f89593b7534d4eb8b0361e"", ""failure_class"": null, ""max_force_eV_A"": 0.07865049099430226, ""name"": ""bfgs_standard"", ""start_geometry_sha256"": ""cd2aadb1cf2e75dbc74de8f7a066a5a447b2b7679044423808371a6c67791bd8"", ""steps"": 31}]",fdd93ecd48eb3545353a402953c45216a05f392a78f89593b7534d4eb8b0361e,-92.3633358871282,True,0.06950094748364187,73.0,100.0,0.08,converged,,bfgs_standard,"[{""ase_converged"": true, ""converged"": true, ""end_geometry_sha256"": ""1d99876828c1dcd62aca19d2940125fa2e299e1c07334398a5f53d9e876e1b51"", ""failure_class"": null, ""max_force_eV_A"": 0.06950094748364187, ""name"": ""bfgs_standard"", ""start_geometry_sha256"": ""7cee99e0a0427556a45b5965f39fcc49dfcfe18adeefef1bbccdb7a1834b6b6e"", ""steps"": 73}]",1d99876828c1dcd62aca19d2940125fa2e299e1c07334398a5f53d9e876e1b51,0.32803637042638795,True,0.06284928189584213,18.0,100.0,0.08,converged,,bfgs_standard,"[{""ase_converged"": true, ""converged"": true, ""end_geometry_sha256"": ""341c69aeb01b97e27d513f192637b8220c4e8ec31bef8a2d975bf38192960b0c"", ""failure_class"": null, ""max_force_eV_A"": 0.06284928189584213, ""name"": ""bfgs_standard"", ""start_geometry_sha256"": ""ddeb3568a04eb765622b4a2227327626b12bad315da9fb72b0282feb371a8ba3"", ""steps"": 18}]",341c69aeb01b97e27d513f192637b8220c4e8ec31bef8a2d975bf38192960b0c,3.513630426675056,True,0.07068398556001089,20.0,100.0,0.08,converged,,bfgs_standard,"[{""ase_converged"": true, ""converged"": true, ""end_geometry_sha256"": ""908e94263ea7ad3b04b4093d1a871e325288dd8d2bec37fe273cf6c9bf62cf13"", ""failure_class"": null, ""max_force_eV_A"": 0.07068398556001089, ""name"": ""bfgs_standard"", ""start_geometry_sha256"": ""0b8eb8e23177721ec2b33f31e13d7e664157d1fe67890062208a85e30e39cc6b"", ""steps"": 20}]",908e94263ea7ad3b04b4093d1a871e325288dd8d2bec37fe273cf6c9bf62cf13,4.340380261838455,0.9009636295736121,step_4_H2O,7.0,0.0,True,3.841666797101444,0.9675000000349999,False,quantitative_screening,0,0,dba45fa38ad13fea6fbf,False,
"('SolidCatalyst', 'Hf', 'La2O3', 'fcc100', 0.08947368421052632, ('Se', 'Mg'), 4, 0)",SolidCatalyst,True,esen-sm-conserving-all-oc25:relax-v4:orr-che-v3,True,0.0774558735996616,105,150,0.08,converged,,bfgs_standard,"[{""ase_converged"": true, ""converged"": true, ""end_geometry_sha256"": ""798a43bf1f0535a016ea4311ae4a24eec6a2d319af7dca5ce901d111474eb9af"", ""failure_class"": null, ""max_force_eV_A"": 0.0774558735996616, ""name"": ""bfgs_standard"", ""start_geometry_sha256"": ""af7e908ab87794871e95bcd70d6cb4882823fd92b8e254d0d869acce6dafcf9b"", ""steps"": 105}]",798a43bf1f0535a016ea4311ae4a24eec6a2d319af7dca5ce901d111474eb9af,-186.64847332290395,True,0.06759616241104703,75.0,100.0,0.08,converged,,bfgs_standard,"[{""ase_converged"": true, ""converged"": true, ""end_geometry_sha256"": ""c0da2e994b0e7b5336a037870d52a0092afd0b5b0448f42e29e95c842b59a06d"", ""failure_class"": null, ""max_force_eV_A"": 0.06759616241104703, ""name"": ""bfgs_standard"", ""start_geometry_sha256"": ""ad78d67cf8af62a24eda43692d2de325a5839e629d3e4a4bedf62bcb9b68c1ca"", ""steps"": 75}]",c0da2e994b0e7b5336a037870d52a0092afd0b5b0448f42e29e95c842b59a06d,-1.2615815971791744,True,0.06970321513188274,51.0,100.0,0.08,converged,,bfgs_standard,"[{""ase_converged"": true, ""converged"": true, ""end_geometry_sha256"": ""116a3c416ee62f1ac574a97c97ce36d04d3c0283b1af0029f15c24d3a72afbb7"", ""failure_class"": null, ""max_force_eV_A"": 0.06970321513188274, ""name"": ""bfgs_standard"", ""start_geometry_sha256"": ""afff93214666689b8fb6815f264d776c741048583ba0863c4768bd1456d6521f"", ""steps"": 51}]",116a3c416ee62f1ac574a97c97ce36d04d3c0283b1af0029f15c24d3a72afbb7,-2.755749785155083,True,0.07854278472047543,221.0,100.0,0.08,converged,,bfgs_after_fire,"[{""ase_converged"": false, ""converged"": false, ""end_geometry_sha256"": ""ea2228d674c0297f3e1be6140d615002da6c04c0305d4b5a9699af9b8b8e8b34"", ""failure_class"": ""force_threshold"", ""max_force_eV_A"": 0.09269484936317558, ""name"": ""bfgs_standard"", ""start_geometry_sha256"": ""2ef1e832aa8c993246c278731850b34b9b9cbb75d0ee7b349564ecc9d7d89e25"", ""steps"": 100}, {""ase_converged"": false, ""converged"": false, ""end_geometry_sha256"": ""1226206ea43fde1bf8ac708f5150ab13789f7edf854edcc0cc5064b737cc2d4e"", ""failure_class"": ""force_threshold"", ""max_force_eV_A"": 1.5939034938038625, ""name"": ""fire_precondition"", ""qualifying"": false, ""start_geometry_sha256"": ""2ef1e832aa8c993246c278731850b34b9b9cbb75d0ee7b349564ecc9d7d89e25"", ""steps"": 50}, {""ase_converged"": true, ""converged"": true, ""end_geometry_sha256"": ""c45da63462810b665b833fcb7054a834de0e40166759df55e777d1b6d18578d5"", ""failure_class"": null, ""max_force_eV_A"": 0.07854278472047543, ""name"": ""bfgs_after_fire"", ""start_geometry_sha256"": ""1226206ea43fde1bf8ac708f5150ab13789f7edf854edcc0cc5064b737cc2d4e"", ""steps"": 71}]",c45da63462810b665b833fcb7054a834de0e40166759df55e777d1b6d18578d5,-4.9302659526467565,3.0,step_2_O,10.0,0.0,True,4.017331382334257,0.8664825313502684,False,quantitative_screening,1,1,65a382e4606d48d30de5,False,
"('SolidCatalyst', 'Hf', 'LaAlO3', 'fcc110', 0.02631578947368421, ('B', 'Pt'), 1, 1)",SolidCatalyst,True,esen-sm-conserving-all-oc25:relax-v4:orr-che-v3,True,0.06640884235852375,99,150,0.08,converged,,bfgs_standard,"[{""ase_converged"": true, ""converged"": true, ""end_geometry_sha256"": ""e9515c25bc859844aace856fa999a31e56f83643b863bc3f6272d74d505d09ef"", ""failure_class"": null, ""max_force_eV_A"": 0.06640884235852375, ""name"": ""bfgs_standard"", ""start_geometry_sha256"": ""d324ee1f70856d0b7275cef5e2f59f63c70cda36fe302203f2e45167ab7d5190"", ""steps"": 99}]",e9515c25bc859844aace856fa999a31e56f83643b863bc3f6272d74d505d09ef,-173.49504780773486,True,0.07741803830475363,74.0,100.0,0.08,converged,,bfgs_standard,"[{""ase_converged"": true, ""converged"": true, ""end_geometry_sha256"": ""955a52f5e0dbb1f8e228939e50050fd83fc406a40521bd522268a2c3122e1090"", ""failure_class"": null, ""max_force_eV_A"": 0.07741803830475363, ""name"": ""bfgs_standard"", ""start_geometry_sha256"": ""91eefbd45e37e4e5ca186069eca15d896b2a1a3f170f6a4810fdb035fbf27962"", ""steps"": 74}]",955a52f5e0dbb1f8e228939e50050fd83fc406a40521bd522268a2c3122e1090,-2.347488579601049,True,0.07373499291917965,50.0,100.0,0.08,converged,,bfgs_standard,"[{""ase_converged"": true, ""converged"": true, ""end_geometry_sha256"": ""14ac641f22103f4d91b462ec0e3e42c354bd219327a6f7595faa13272505ae8b"", ""failure_class"": null, ""max_force_eV_A"": 0.07373499291917965, ""name"": ""bfgs_standard"", ""start_geometry_sha256"": ""6e4a21621314abf9d1abf035078708cda60b126f5160aadaeb657a15436dc062"", ""steps"": 50}]",14ac641f22103f4d91b462ec0e3e42c354bd219327a6f7595faa13272505ae8b,-2.5853243701160205,True,0.06866595669246162,85.0,100.0,0.08,converged,,bfgs_standard,"[{""ase_converged"": true, ""converged"": true, ""end_geometry_sha256"": ""495f8ae168ceac5a58e114fa08c8140ea0fd93e6c7ca8bb913d21cac73109ac9"", ""failure_class"": null, ""max_force_eV_A"": 0.06866595669246162, ""name"": ""bfgs_standard"", ""start_geometry_sha256"": ""984498d88a61c12616281f89a43bd806adf2052c15e4d108314e7a1de056e37e"", ""steps"": 85}]",495f8ae168ceac5a58e114fa08c8140ea0fd93e6c7ca8bb913d21cac73109ac9,-5.035826255381075,3.0,step_2_O,10.0,-2.0,True,4.93281294971707,0.7799556092414295,False,quantitative_screening,0,0,f7c10d5becf15530b7a4,False,
"('SolidCatalyst', 'Hf', 'CNT', 'hcp1010', 0.06842105263157894, ('Mo', 'Ta'), 2, 0)",SolidCatalyst,True,esen-sm-conserving-all-oc25:relax-v4:orr-che-v3,True,0.06367103947168379,88,150,0.08,converged,,bfgs_standard,"[{""ase_converged"": true, ""converged"": true, ""end_geometry_sha256"": ""20532b893928a0db0ed950f2648cdff164ae1972517f0a9a2e25eb1ff7b7d569"", ""failure_class"": null, ""max_force_eV_A"": 0.06367103947168379, ""name"": ""bfgs_standard"", ""start_geometry_sha256"": ""4fd6c428d10ab4f3fd0847bc80cc8273c5315038d8a2a9ab14b42b093563c1fc"", ""steps"": 88}]",20532b893928a0db0ed950f2648cdff164ae1972517f0a9a2e25eb1ff7b7d569,-210.59783367360149,True,0.07254814115340769,76.0,100.0,0.08,converged,,bfgs_standard,"[{""ase_converged"": true, ""converged"": true, ""end_geometry_sha256"": ""72b6c4340d646e3c6183290cd6beae5831d0fab74ff18fe5f831597e098528cb"", ""failure_class"": null, ""max_force_eV_A"": 0.07254814115340769, ""name"": ""bfgs_standard"", ""start_geometry_sha256"": ""4acf2843bc66bea678140488be22f7ca03ba407f5a6bec424108d1009eb30cb1"", ""steps"": 76}]",72b6c4340d646e3c6183290cd6beae5831d0fab74ff18fe5f831597e098528cb,-2.020706353038606,True,0.07666904815938788,100.0,100.0,0.08,converged,,bfgs_standard,"[{""ase_converged"": true, ""converged"": true, ""end_geometry_sha256"": ""2decb1d2723b297ed84800e6abfd99a2a78b880a1f0c45b3ed1e7dfb1c9dc8f7"", ""failure_class"": null, ""max_force_eV_A"": 0.07666904815938788, ""name"": ""bfgs_standard"", ""start_geometry_sha256"": ""15d292381a16a6cb9b4e3b900744b684f2cd7c35c78e67e55e6c2c56897e45e7"", ""steps"": 100}]",2decb1d2723b297ed84800e6abfd99a2a78b880a1f0c45b3ed1e7dfb1c9dc8f7,-1.8981753222644577,True,0.07442644765372866,100.0,100.0,0.08,converged,,bfgs_standard,"[{""ase_converged"": true, ""converged"": true, ""end_geometry_sha256"": ""282aedd924e4560af4957fbf848f9894c6fd426ff27685639536f1aeb246331e"", ""failure_class"": null, ""max_force_eV_A"": 0.07442644765372866, ""name"": ""bfgs_standard"", ""start_geometry_sha256"": ""cc5a493a4de78d498b734315402363c5798c438d72d10456020497feea552fac"", ""steps"": 100}]",282aedd924e4560af4957fbf848f9894c6fd426ff27685639536f1aeb246331e,-4.960020591318688,3.0,step_2_O,10.0,-1.4284450023791542,True,3.918881675303064,0.9675000000349999,False,quantitative_screening,1,1,29bc218b1290696a6afa,False,
"('SolidCatalyst', 'Hf', 'ZrB2', 'bcc111', 0.04736842105263156, ('Te', 'Ag'), 4, 0)",SolidCatalyst,True,esen-sm-conserving-all-oc25:relax-v4:orr-che-v3,True,0.07946099898160987,122,150,0.08,converged,,bfgs_standard,"[{""ase_converged"": true, ""converged"": true, ""end_geometry_sha256"": ""7f35f91b07f9da2126326bfb029b2b8127db45e617c9030f55e71685c13850bf"", ""failure_class"": null, ""max_force_eV_A"": 0.07946099898160987, ""name"": ""bfgs_standard"", ""start_geometry_sha256"": ""81b89817bcfc5e2d001afa7f6e51be4d923aa5e1a5bc0c3f37c9c6f16ba574aa"", ""steps"": 122}]",7f35f91b07f9da2126326bfb029b2b8127db45e617c9030f55e71685c13850bf,-150.8488427408342,True,0.07044182390159007,40.0,100.0,0.08,converged,,bfgs_standard,"[{""ase_converged"": true, ""converged"": true, ""end_geometry_sha256"": ""9888f9739c723feb7d28d1624a6ad2c8c20887646541f2cd7e05f517ea0a75ab"", ""failure_class"": null, ""max_force_eV_A"": 0.07044182390159007, ""name"": ""bfgs_standard"", ""start_geometry_sha256"": ""17329509a730cbb04de799e36a9dd65e60f0ae038a1fbd2702cf8c619e9b4d36"", ""steps"": 40}]",9888f9739c723feb7d28d1624a6ad2c8c20887646541f2cd7e05f517ea0a75ab,-0.5362245415151119,True,0.06251353194364971,43.0,100.0,0.08,converged,,bfgs_standard,"[{""ase_converged"": true, ""converged"": true, ""end_geometry_sha256"": ""5a50f9b2ebcf370f9a77ffe8fa459d495734971c5dd0e841c4c93dfb1734ec3b"", ""failure_class"": null, ""max_force_eV_A"": 0.06251353194364971, ""name"": ""bfgs_standard"", ""start_geometry_sha256"": ""a3e958470fd7432df4e9576d93579621e9fb50fbc14d357d71fd575dba920fbc"", ""steps"": 43}]",5a50f9b2ebcf370f9a77ffe8fa459d495734971c5dd0e841c4c93dfb1734ec3b,-2.469555937498833,True,0.07067979241091635,85.0,100.0,0.08,converged,,bfgs_standard,"[{""ase_converged"": true, ""converged"": true, ""end_geometry_sha256"": ""a63e10a8ab4633c25a89db1ac0f880d44061ce03084388d56c74637dab3eeab2"", ""failure_class"": null, ""max_force_eV_A"": 0.07067979241091635, ""name"": ""bfgs_standard"", ""start_geometry_sha256"": ""e4f7c4dd735637f320775883073a9eddec002a0018776244b02aad9462e85bd5"", ""steps"": 85}]",a63e10a8ab4633c25a89db1ac0f880d44061ce03084388d56c74637dab3eeab2,-5.177412559092069,3.0,step_2_O,10.0,-2.0,True,3.0057804790139446,0.9127014328916923,False,quantitative_screening,0,0,f01d73abddd95fb0fb26,False,
"('SolidCatalyst', 'Ta', 'CeO2', 'fcc311', 0.02631578947368421, ('Sm', 'Cu'), 2, 0)",SolidCatalyst,True,esen-sm-conserving-all-oc25:relax-v4:orr-che-v3,True,0.05998788046342089,137,150,0.08,converged,,bfgs_standard,"[{""ase_converged"": true, ""converged"": true, ""end_geometry_sha256"": ""b124aec2270a22d13dfdf080e03712df833a2c650faaf923e221021468caa601"", ""failure_class"": null, ""max_force_eV_A"": 0.05998788046342089, ""name"": ""bfgs_standard"", ""start_geometry_sha256"": ""429a307d1e3ff8ee673f19d2c9706298e741b0e1c6be0576f82b1d6cdbc6932c"", ""steps"": 137}]",b124aec2270a22d13dfdf080e03712df833a2c650faaf923e221021468caa601,-250.04753543983196,True,0.06840425106571942,61.0,100.0,0.08,converged,,bfgs_standard,"[{""ase_converged"": true, ""converged"": true, ""end_geometry_sha256"": ""7d5f40b84371e2f34d40712a3b96a899104b8cca1542447729c0e152ef10026d"", ""failure_class"": null, ""max_force_eV_A"": 0.06840425106571942, ""name"": ""bfgs_standard"", ""start_geometry_sha256"": ""87a8d622758c1d8bd59c55417cf64bbda16e1a20ba850945c498bc3ec275a8eb"", ""steps"": 61}]",7d5f40b84371e2f34d40712a3b96a899104b8cca1542447729c0e152ef10026d,-0.46536272510886195,True,0.06469499594800118,66.0,100.0,0.08,converged,,bfgs_standard,"[{""ase_converged"": true, ""converged"": true, ""end_geometry_sha256"": ""6847518631c9f7b1e0e10d0c64c3f48f2c6cc5afa677f5e6bed7bfad4ac92308"", ""failure_class"": null, ""max_force_eV_A"": 0.06469499594800118, ""name"": ""bfgs_standard"", ""start_geometry_sha256"": ""b2ec2147d9bcf028929d58db8f4ca3db6f86f27dd7b0cfa1e8c2d54e730e9003"", ""steps"": 66}]",6847518631c9f7b1e0e10d0c64c3f48f2c6cc5afa677f5e6bed7bfad4ac92308,-0.08390530273320777,True,0.07774265468983874,216.0,100.0,0.08,converged,,bfgs_after_fire,"[{""ase_converged"": false, ""converged"": false, ""end_geometry_sha256"": ""fdc68db2aca1800de523d7e1bde517c5ad7bdf86928370e1a8febd7ab242b681"", ""failure_class"": ""force_threshold"", ""max_force_eV_A"": 0.10573527109219513, ""name"": ""bfgs_standard"", ""start_geometry_sha256"": ""9b4baaa11dd7bc4f0d371c24aa441d2346eb63892d94abea29b9a4e658be8525"", ""steps"": 100}, {""ase_converged"": false, ""converged"": false, ""end_geometry_sha256"": ""222eccb7ac95eb00b2da3817bdf686ff471f14ebc6698eddb1d3eef840a8d59e"", ""failure_class"": ""force_threshold"", ""max_force_eV_A"": 1.3619031162579398, ""name"": ""fire_precondition"", ""qualifying"": false, ""start_geometry_sha256"": ""9b4baaa11dd7bc4f0d371c24aa441d2346eb63892d94abea29b9a4e658be8525"", ""steps"": 50}, {""ase_converged"": true, ""converged"": true, ""end_geometry_sha256"": ""8e376a78b608762aa23fb940fa223c9c61e0ca840bfc8e861429490d1c31da12"", ""failure_class"": null, ""max_force_eV_A"": 0.07774265468983874, ""name"": ""bfgs_after_fire"", ""start_geometry_sha256"": ""222eccb7ac95eb00b2da3817bdf686ff471f14ebc6698eddb1d3eef840a8d59e"", ""steps"": 66}]",8e376a78b608762aa23fb940fa223c9c61e0ca840bfc8e861429490d1c31da12,-0.5997758403420128,1.7448705376088052,step_2_O,8.0,-0.048419757973984456,True,0.5492680278420697,0.9127014328916923,False,quantitative_screening,2,2,49d50fd09bb86cf76dad,False,
"('SolidCatalyst', 'Ta', 'CeZrO2', 'fcc100', 0.005263157894736831, ('Pt', 'Mg'), 4, 0)",SolidCatalyst,True,esen-sm-conserving-all-oc25:relax-v4:orr-che-v3,True,0.06407945371486111,54,150,0.08,converged,,bfgs_standard,"[{""ase_converged"": true, ""converged"": true, ""end_geometry_sha256"": ""ce74c6d48d045fb083f6aeb5d50422322c35440fc2ecfc78ed07a04baf582a6c"", ""failure_class"": null, ""max_force_eV_A"": 0.06407945371486111, ""name"": ""bfgs_standard"", ""start_geometry_sha256"": ""6418fca78fd3955aaebde050fc6a8852f32cc117ac6b5a4bdfb0799ab09b6c27"", ""steps"": 54}]",ce74c6d48d045fb083f6aeb5d50422322c35440fc2ecfc78ed07a04baf582a6c,-224.8549518130867,True,0.06635995452901557,47.0,100.0,0.08,converged,,bfgs_standard,"[{""ase_converged"": true, ""converged"": true, ""end_geometry_sha256"": ""7bf2d89df7ed68e37024a038727c8156eb533349eff4d7a28fc7380c906c41a7"", ""failure_class"": null, ""max_force_eV_A"": 0.06635995452901557, ""name"": ""bfgs_standard"", ""start_geometry_sha256"": ""2c7d2cec6299883957a6a29e5088610f7952f002e3e5931cb999be94ec4ef30a"", ""steps"": 47}]",7bf2d89df7ed68e37024a038727c8156eb533349eff4d7a28fc7380c906c41a7,-2.5517274712026117,True,0.07607304956297561,54.0,100.0,0.08,converged,,bfgs_standard,"[{""ase_converged"": true, ""converged"": true, ""end_geometry_sha256"": ""dba697886c48bea6b2a981129765e6f1e6864c9425bccc3a41f294c2f0a127df"", ""failure_class"": null, ""max_force_eV_A"": 0.07607304956297561, ""name"": ""bfgs_standard"", ""start_geometry_sha256"": ""f3607b41c3c4b25d37b86209dbaa75e2306b9ee1ff55ff4f7fea640917505987"", ""steps"": 54}]",dba697886c48bea6b2a981129765e6f1e6864c9425bccc3a41f294c2f0a127df,-1.8667574755847134,True,0.07807388579547424,64.0,100.0,0.08,converged,,bfgs_standard,"[{""ase_converged"": true, ""converged"": true, ""end_geometry_sha256"": ""3b0ab386c5e764b12501acc8040c6a4a67b9769a588190877dbcb1b02f51c019"", ""failure_class"": null, ""max_force_eV_A"": 0.07807388579547424, ""name"": ""bfgs_standard"", ""start_geometry_sha256"": ""2382ea7d94430a73a1cdacdf09263095db0765220930a3b64b0b29eccac1f69f"", ""steps"": 64}]",3b0ab386c5e764b12501acc8040c6a4a67b9769a588190877dbcb1b02f51c019,-0.15502791553738218,3.0,step_4_H2O,10.0,-0.4217627193159874,True,4.418484946787325,0.9127014328916923,False,quantitative_screening,0,0,c6c8a7f3c8d99f1212a4,False,
"('SAC', 'Pd', 'N2Se2', 'N-mesoporous_carbon', 'O2')",SAC,True,esen-sm-conserving-all-oc25:relax-v4:orr-che-v3,True,0.06847625248526994,97,150,0.08,converged,,bfgs_standard,"[{""ase_converged"": true, ""converged"": true, ""end_geometry_sha256"": ""b507a2e2dbe63e1a644e82ff001b75c92c79f1e567f8024ad415204820ce2bd8"", ""failure_class"": null, ""max_force_eV_A"": 0.06847625248526994, ""name"": ""bfgs_standard"", ""start_geometry_sha256"": ""2dc132ff89e0650efa0dbdd9c55cd0a0a44744d3639fc64189cc7ac3fc3205cd"", ""steps"": 97}]",b507a2e2dbe63e1a644e82ff001b75c92c79f1e567f8024ad415204820ce2bd8,-134.52480016165342,True,0.07079656267392506,52.0,100.0,0.08,converged,,bfgs_standard,"[{""ase_converged"": true, ""converged"": true, ""end_geometry_sha256"": ""40f1e73cc0a7685f428e2da82602750a3b5f2c949d80cc55b1760f785d499d92"", ""failure_class"": null, ""max_force_eV_A"": 0.07079656267392506, ""name"": ""bfgs_standard"", ""start_geometry_sha256"": ""32de20d87acb300822d6bbebc6c139040f1f85ad35c38a353cc93762be435aa0"", ""steps"": 52}]",40f1e73cc0a7685f428e2da82602750a3b5f2c949d80cc55b1760f785d499d92,2.460110488086939,True,0.07326012224663579,34.0,100.0,0.08,converged,,bfgs_standard,"[{""ase_converged"": true, ""converged"": true, ""end_geometry_sha256"": ""e287f703cea5def928d6e6bb63a250240f7a038260e8836d5d194e345722e81d"", ""failure_class"": null, ""max_force_eV_A"": 0.07326012224663579, ""name"": ""bfgs_standard"", ""start_geometry_sha256"": ""7ff0e569680ce1abf7a72c77194eb7ee76fec5c9b550caf14cb34308204f5f13"", ""steps"": 34}]",e287f703cea5def928d6e6bb63a250240f7a038260e8836d5d194e345722e81d,2.375767625123266,True,0.07929782381649275,34.0,100.0,0.08,converged,,bfgs_standard,"[{""ase_converged"": true, ""converged"": true, ""end_geometry_sha256"": ""d76321a20cd9b0e615bcd0bc9ff57558f654f3348810c17793e51ab7d5cd39ac"", ""failure_class"": null, ""max_force_eV_A"": 0.07929782381649275, ""name"": ""bfgs_standard"", ""start_geometry_sha256"": ""b78935a3887309d2b07403e1613a791be9f8418cba63beea9babb6a40a10de73"", ""steps"": 34}]",d76321a20cd9b0e615bcd0bc9ff57558f654f3348810c17793e51ab7d5cd39ac,5.272458504140381,1.5814585041403815,step_1_OOH,10.0,-2.0,True,4.835878113210205,0.610000000035,False,quantitative_screening,1,1,9088c7d66d2cdbded186,False,
"('SAC', 'Ag', 'N3C', 'N-carbon_black', 'Cl')",SAC,True,esen-sm-conserving-all-oc25:relax-v4:orr-che-v3,True,0.06931702043942567,52,150,0.08,converged,,bfgs_standard,"[{""ase_converged"": true, ""converged"": true, ""end_geometry_sha256"": ""7184cbb0777b288453f6eb52279260d58673377ce2f0006bee7ed794079fe91c"", ""failure_class"": null, ""max_force_eV_A"": 0.06931702043942567, ""name"": ""bfgs_standard"", ""start_geometry_sha256"": ""7af633c81a0865e8d8fa58bf8e6c6d3202757645a57adb0b19d6e74ed0a21593"", ""steps"": 52}]",7184cbb0777b288453f6eb52279260d58673377ce2f0006bee7ed794079fe91c,-130.45305620405583,True,0.07796434207937311,58.0,100.0,0.08,converged,,bfgs_standard,"[{""ase_converged"": true, ""converged"": true, ""end_geometry_sha256"": ""e9f85ccc220fc315a0717e2f858f563476d8388fe66fb11f2e8cac17d212e629"", ""failure_class"": null, ""max_force_eV_A"": 0.07796434207937311, ""name"": ""bfgs_standard"", ""start_geometry_sha256"": ""7a81d1e3d319ead0a11d30bc73c55337ea08c2ab73318332822b807c7c6c2a30"", ""steps"": 58}]",e9f85ccc220fc315a0717e2f858f563476d8388fe66fb11f2e8cac17d212e629,1.8479207183420658,True,0.06489221005186405,54.0,100.0,0.08,converged,,bfgs_standard,"[{""ase_converged"": true, ""converged"": true, ""end_geometry_sha256"": ""01a25b02d463f10d7c41f6b7c50337a1450a3587dc38966a3f977e50dacbc48d"", ""failure_class"": null, ""max_force_eV_A"": 0.06489221005186405, ""name"": ""bfgs_standard"", ""start_geometry_sha256"": ""bbdc3d4f5dd121699b055f86f8dec3651b32d87be60ade9cc8d1e4a2d48d3e85"", ""steps"": 54}]",01a25b02d463f10d7c41f6b7c50337a1450a3587dc38966a3f977e50dacbc48d,1.6124090321362055,True,0.0781355798014559,56.0,100.0,0.08,converged,,bfgs_standard,"[{""ase_converged"": true, ""converged"": true, ""end_geometry_sha256"": ""12b0ed3e2bc1ac21fa2ff59149bc1bd8a46cc3186f0f6b44bb5380f02d71f016"", ""failure_class"": null, ""max_force_eV_A"": 0.0781355798014559, ""name"": ""bfgs_standard"", ""start_geometry_sha256"": ""3dc8dfa727c20df86df29e93d84770bd5bd749db05be97a18d88460d553ea0a6"", ""steps"": 56}]",12b0ed3e2bc1ac21fa2ff59149bc1bd8a46cc3186f0f6b44bb5380f02d71f016,4.66605324596167,1.4645116862058605,step_3_OH,10.0,-2.0,True,3.4603297504782713,0.610000000035,False,quantitative_screening,0,0,338f777d43a5f0547bc9,False,
"('SAC', 'Ag', 'N3P', 'N-carbon_black', 'NH3')",SAC,True,esen-sm-conserving-all-oc25:relax-v4:orr-che-v3,True,0.0729573992268505,71,150,0.08,converged,,bfgs_standard,"[{""ase_converged"": true, ""converged"": true, ""end_geometry_sha256"": ""9f79a8f5b6a4e5e6c6bc44e1bd879e93f56d7fe412da83fdd1dba9bed3d2390f"", ""failure_class"": null, ""max_force_eV_A"": 0.0729573992268505, ""name"": ""bfgs_standard"", ""start_geometry_sha256"": ""092b21a94859fa3ba121cfe84591248995e780ff786e30b3182d094528983c0b"", ""steps"": 71}]",9f79a8f5b6a4e5e6c6bc44e1bd879e93f56d7fe412da83fdd1dba9bed3d2390f,-130.56734267398494,True,0.07899918829186145,43.0,100.0,0.08,converged,,bfgs_standard,"[{""ase_converged"": true, ""converged"": true, ""end_geometry_sha256"": ""1b3f2c8a549fd7fe58b89a7ba67ba4034bf88884f81b9da836e045015c411262"", ""failure_class"": null, ""max_force_eV_A"": 0.07899918829186145, ""name"": ""bfgs_standard"", ""start_geometry_sha256"": ""441d7ad97f456b3f2ef26cf27599a36b650be08562d219af5863036ba4f0a5b3"", ""steps"": 43}]",1b3f2c8a549fd7fe58b89a7ba67ba4034bf88884f81b9da836e045015c411262,1.089425387531519,True,0.0775300748751848,30.0,100.0,0.08,converged,,bfgs_standard,"[{""ase_converged"": true, ""converged"": true, ""end_geometry_sha256"": ""57c8f84e70e7453e99dde89ae136def80a46ae8488859ea7475d56a84015b301"", ""failure_class"": null, ""max_force_eV_A"": 0.0775300748751848, ""name"": ""bfgs_standard"", ""start_geometry_sha256"": ""fb23cef022772d094c17a962804bc22f41b11b72ae82da32b653fba6c0d56a62"", ""steps"": 30}]",57c8f84e70e7453e99dde89ae136def80a46ae8488859ea7475d56a84015b301,3.658346570283178,True,0.0781687621282553,44.0,100.0,0.08,converged,,bfgs_standard,"[{""ase_converged"": true, ""converged"": true, ""end_geometry_sha256"": ""fc80563c0baff3897dcecd9ce45332832852127ac29cf883928ee040b95f1eee"", ""failure_class"": null, ""max_force_eV_A"": 0.0781687621282553, ""name"": ""bfgs_standard"", ""start_geometry_sha256"": ""88816aa6e4919ace0439e618d072529e0d7f7c4ae7c375f6e7125319d0177115"", ""steps"": 44}]",fc80563c0baff3897dcecd9ce45332832852127ac29cf883928ee040b95f1eee,4.167068432271485,0.7202781380116932,step_2_O,10.0,-2.0,True,4.747771957814697,0.610000000035,False,quantitative_screening,1,1,c1fc033c7fea34e89887,False,
"('SAC', 'Ag', 'N2S2', 'N-mesoporous_carbon', 'NH3')",SAC,True,esen-sm-conserving-all-oc25:relax-v4:orr-che-v3,True,0.07419098759703174,387,150,0.08,converged,,bfgs_after_fire,"[{""ase_converged"": false, ""converged"": false, ""end_geometry_sha256"": ""8e292830703f8b9b495d9ecbf783a5a271f01c443581dffee454602381a8ff2b"", ""failure_class"": ""force_threshold"", ""max_force_eV_A"": 0.3570573036895489, ""name"": ""bfgs_standard"", ""start_geometry_sha256"": ""37bdaaa24819d968926ad39619422a53fb0162eb6215c5faf03b2f0648a69f24"", ""steps"": 150}, {""ase_converged"": false, ""converged"": false, ""end_geometry_sha256"": ""12716cddfec555d3cff6de8ebb24755b19895b872d6a11c837a40f4f1a0b32d5"", ""failure_class"": ""force_threshold"", ""max_force_eV_A"": 0.8850853316933193, ""name"": ""fire_precondition"", ""qualifying"": false, ""start_geometry_sha256"": ""37bdaaa24819d968926ad39619422a53fb0162eb6215c5faf03b2f0648a69f24"", ""steps"": 75}, {""ase_converged"": true, ""converged"": true, ""end_geometry_sha256"": ""b159c59bce61344f119c38a4611a8d0232a6464deb61294c892d5eb47fa1e98c"", ""failure_class"": null, ""max_force_eV_A"": 0.07419098759703174, ""name"": ""bfgs_after_fire"", ""start_geometry_sha256"": ""12716cddfec555d3cff6de8ebb24755b19895b872d6a11c837a40f4f1a0b32d5"", ""steps"": 162}]",b159c59bce61344f119c38a4611a8d0232a6464deb61294c892d5eb47fa1e98c,-128.3796500679329,True,0.07132116287453787,45.0,100.0,0.08,converged,,bfgs_standard,"[{""ase_converged"": true, ""converged"": true, ""end_geometry_sha256"": ""11477210622e59b9fb673cc438e4a7f7bfe137b6a2c3417c146f25f62874fe29"", ""failure_class"": null, ""max_force_eV_A"": 0.07132116287453787, ""name"": ""bfgs_standard"", ""start_geometry_sha256"": ""e47991350d612d2d1d53b01696e684e3398d1ef36f29befc57d2d338fd2ecc59"", ""steps"": 45}]",11477210622e59b9fb673cc438e4a7f7bfe137b6a2c3417c146f25f62874fe29,2.1371677543222907,True,0.07744578890768627,19.0,100.0,0.08,converged,,bfgs_standard,"[{""ase_converged"": true, ""converged"": true, ""end_geometry_sha256"": ""e4c7175e662b1bffd0f6f7fd517f946e857b6670357de8b35f95ed4186e86434"", ""failure_class"": null, ""max_force_eV_A"": 0.07744578890768627, ""name"": ""bfgs_standard"", ""start_geometry_sha256"": ""2486adfe73a54bf75f00dec12930d3b7bee843d1622e5e3df9d80e1bbd9a0e1a"", ""steps"": 19}]",e4c7175e662b1bffd0f6f7fd517f946e857b6670357de8b35f95ed4186e86434,4.789516366273168,True,0.07669429136345805,175.0,100.0,0.08,converged,,bfgs_after_fire,"[{""ase_converged"": false, ""converged"": false, ""end_geometry_sha256"": ""407b617773c6ce26f491145f6fdd4eeca8bb1c347f92b0e47f63a2e7ede19938"", ""failure_class"": ""force_threshold"", ""max_force_eV_A"": 0.08230342119930524, ""name"": ""bfgs_standard"", ""start_geometry_sha256"": ""951055b6d4ec2d044d934bddc6d5140340ef8901945ae909702cd0cce218ca51"", ""steps"": 100}, {""ase_converged"": true, ""converged"": true, ""end_geometry_sha256"": ""183195efcf597d33b2505d474b3a4700a1b6d4b3b8b419ccae50a340f42e7ce8"", ""failure_class"": null, ""max_force_eV_A"": 0.2468361347506849, ""name"": ""fire_precondition"", ""qualifying"": false, ""start_geometry_sha256"": ""951055b6d4ec2d044d934bddc6d5140340ef8901945ae909702cd0cce218ca51"", ""steps"": 25}, {""ase_converged"": true, ""converged"": true, ""end_geometry_sha256"": ""da0a9e0467cc3f97839d10e600edeeece968dc821654ca9c09a490288eab18eb"", ""failure_class"": null, ""max_force_eV_A"": 0.07669429136345805, ""name"": ""bfgs_after_fire"", ""start_geometry_sha256"": ""183195efcf597d33b2505d474b3a4700a1b6d4b3b8b419ccae50a340f42e7ce8"", ""steps"": 50}]",da0a9e0467cc3f97839d10e600edeeece968dc821654ca9c09a490288eab18eb,4.876311729848389,1.1853117298483893,step_1_OOH,10.0,-2.0,True,6.926684120595459,0.610000000035,False,quantitative_screening,2,2,f0f3b8055ed77c7a9cd6,False,
"('SAC', 'Ag', 'N2P2', 'Phosphorene', 'CO')",SAC,True,esen-sm-conserving-all-oc25:relax-v4:orr-che-v3,True,0.06491399755338802,100,150,0.08,converged,,bfgs_standard,"[{""ase_converged"": true, ""converged"": true, ""end_geometry_sha256"": ""5b50e73ed2c28ec298fc7eba34f328404dafdc5f423bab880adfc0bf64975ea0"", ""failure_class"": null, ""max_force_eV_A"": 0.06491399755338802, ""name"": ""bfgs_standard"", ""start_geometry_sha256"": ""3799c65a4a4c8e58656b74f6cdacad0dcb5d330183c85bc6e21b2984080b8573"", ""steps"": 100}]",5b50e73ed2c28ec298fc7eba34f328404dafdc5f423bab880adfc0bf64975ea0,-126.09273158588789,True,0.07760606574947328,227.0,100.0,0.08,converged,,bfgs_after_fire,"[{""ase_converged"": false, ""converged"": false, ""end_geometry_sha256"": ""e9a2695d038e90f23b380bae23ee89db35db85a30233e15408638d306c015f98"", ""failure_class"": ""force_threshold"", ""max_force_eV_A"": 0.12371117089949925, ""name"": ""bfgs_standard"", ""start_geometry_sha256"": ""fc2be28994af51f93705727284db867e09cc52759a8709a5e14653d75815899e"", ""steps"": 100}, {""ase_converged"": true, ""converged"": true, ""end_geometry_sha256"": ""cf8bd140a130a1ae227454b5bcc886df1bf202ee2fb56ec5e64c367a0e268579"", ""failure_class"": null, ""max_force_eV_A"": 0.22066091104623436, ""name"": ""fire_precondition"", ""qualifying"": false, ""start_geometry_sha256"": ""fc2be28994af51f93705727284db867e09cc52759a8709a5e14653d75815899e"", ""steps"": 31}, {""ase_converged"": true, ""converged"": true, ""end_geometry_sha256"": ""4374b3f4a8de49eb25576889c9804b06d91466a9d34e4a3ca58db4184b4000ea"", ""failure_class"": null, ""max_force_eV_A"": 0.07760606574947328, ""name"": ""bfgs_after_fire"", ""start_geometry_sha256"": ""cf8bd140a130a1ae227454b5bcc886df1bf202ee2fb56ec5e64c367a0e268579"", ""steps"": 96}]",4374b3f4a8de49eb25576889c9804b06d91466a9d34e4a3ca58db4184b4000ea,0.8324282790720463,True,0.06905373869218183,32.0,100.0,0.08,converged,,bfgs_standard,"[{""ase_converged"": true, ""converged"": true, ""end_geometry_sha256"": ""b161d6355a8500e99f81533393745bcfc5657680f36176012d08aea9b98a7afe"", ""failure_class"": null, ""max_force_eV_A"": 0.06905373869218183, ""name"": ""bfgs_standard"", ""start_geometry_sha256"": ""1d0854db165711f3fe4c4ba5de3e59ac2d4d7fa18134eb93f27163c0b6113106"", ""steps"": 32}]",b161d6355a8500e99f81533393745bcfc5657680f36176012d08aea9b98a7afe,0.7893385060131586,True,0.07963451831458526,231.0,100.0,0.08,converged,,bfgs_after_fire,"[{""ase_converged"": false, ""converged"": false, ""end_geometry_sha256"": ""ec5d76e0310725c9f48da86000442de009d78053a46eaab08255a084a5f11668"", ""failure_class"": ""force_threshold"", ""max_force_eV_A"": 0.11863300926840205, ""name"": ""bfgs_standard"", ""start_geometry_sha256"": ""b1fff9397872b49e7fba97bdb2297bf78f0397a8ed2b25be9def98843276002c"", ""steps"": 100}, {""ase_converged"": true, ""converged"": true, ""end_geometry_sha256"": ""b2e272f6dfb5fbccc3c8f9e3550d9d8700b1782993d60b5d08be4ca4ce3bf9ef"", ""failure_class"": null, ""max_force_eV_A"": 0.22661229204887912, ""name"": ""fire_precondition"", ""qualifying"": false, ""start_geometry_sha256"": ""b1fff9397872b49e7fba97bdb2297bf78f0397a8ed2b25be9def98843276002c"", ""steps"": 24}, {""ase_converged"": true, ""converged"": true, ""end_geometry_sha256"": ""afe991ef2c112fbb1d03cbbfec9309e4779ff725df27c0074f18cae58a0e9490"", ""failure_class"": null, ""max_force_eV_A"": 0.07963451831458526, ""name"": ""bfgs_after_fire"", ""start_geometry_sha256"": ""b2e272f6dfb5fbccc3c8f9e3550d9d8700b1782993d60b5d08be4ca4ce3bf9ef"", ""steps"": 107}]",afe991ef2c112fbb1d03cbbfec9309e4779ff725df27c0074f18cae58a0e9490,4.30628819316626,1.2720897730588878,step_3_OH,10.0,-2.0,True,1.6217667850852049,0.610000000035,False,quantitative_screening,0,0,45603bc6a9463d920cf7,False,
"('SAC', 'Ag', 'N2B2', 'Phosphorene', 'CO')",SAC,True,esen-sm-conserving-all-oc25:relax-v4:orr-che-v3,True,0.07278266348268059,334,150,0.08,converged,,bfgs_after_fire,"[{""ase_converged"": false, ""converged"": false, ""end_geometry_sha256"": ""feb01042c0f3d279ecedf865871cba673cdc195b54ee58e9c6da6e0bd5fdf6ef"", ""failure_class"": ""force_threshold"", ""max_force_eV_A"": 0.25273716681977965, ""name"": ""bfgs_standard"", ""start_geometry_sha256"": ""303ca604666e344bbfb9ea84626ba8c553472a1dde27c4f7449eeee467f6096f"", ""steps"": 150}, {""ase_converged"": false, ""converged"": false, ""end_geometry_sha256"": ""aa0e0df447d0fd749ee84a78b9dd5671487e22dddb9600f1a4643975b43d1144"", ""failure_class"": ""force_threshold"", ""max_force_eV_A"": 0.4806953907187331, ""name"": ""fire_precondition"", ""qualifying"": false, ""start_geometry_sha256"": ""303ca604666e344bbfb9ea84626ba8c553472a1dde27c4f7449eeee467f6096f"", ""steps"": 75}, {""ase_converged"": true, ""converged"": true, ""end_geometry_sha256"": ""0893f491d01a90b56cd11d4474ee1da0439a90ad6ada051a7966fc1f129984b2"", ""failure_class"": null, ""max_force_eV_A"": 0.07278266348268059, ""name"": ""bfgs_after_fire"", ""start_geometry_sha256"": ""aa0e0df447d0fd749ee84a78b9dd5671487e22dddb9600f1a4643975b43d1144"", ""steps"": 109}]",0893f491d01a90b56cd11d4474ee1da0439a90ad6ada051a7966fc1f129984b2,-132.85245735086787,True,0.07755976830881472,58.0,100.0,0.08,converged,,bfgs_standard,"[{""ase_converged"": true, ""converged"": true, ""end_geometry_sha256"": ""1bbac994bbd969465e58fa4e293a033d010e57ba79641c08657776bda0aecccc"", ""failure_class"": null, ""max_force_eV_A"": 0.07755976830881472, ""name"": ""bfgs_standard"", ""start_geometry_sha256"": ""fc2fb098f715f2daa07fda9f363e96d1fbfed5a37ee1661b166bfea256eb20ca"", ""steps"": 58}]",1bbac994bbd969465e58fa4e293a033d010e57ba79641c08657776bda0aecccc,1.278834166675806,True,0.07148728823349226,233.0,100.0,0.08,converged,,bfgs_after_fire,"[{""ase_converged"": false, ""converged"": false, ""end_geometry_sha256"": ""ae1755e7c012892671309bac084a877738439273f1996d0eb5356723f12816f6"", ""failure_class"": ""force_threshold"", ""max_force_eV_A"": 0.11021333427280026, ""name"": ""bfgs_standard"", ""start_geometry_sha256"": ""2f10b6a49edeaa011d8b25020799acb69f3a9883364bbee7bbbd20b009c3b651"", ""steps"": 100}, {""ase_converged"": true, ""converged"": true, ""end_geometry_sha256"": ""83774cad78ab1fb19e51ebb9a7facbbb22732ce44df3f39e2661864e99c1685f"", ""failure_class"": null, ""max_force_eV_A"": 0.203273004208801, ""name"": ""fire_precondition"", ""qualifying"": false, ""start_geometry_sha256"": ""2f10b6a49edeaa011d8b25020799acb69f3a9883364bbee7bbbd20b009c3b651"", ""steps"": 27}, {""ase_converged"": true, ""converged"": true, ""end_geometry_sha256"": ""d7997eb79370dbda14fcdaeacfa5185b76a55040812ce336320879da384937a7"", ""failure_class"": null, ""max_force_eV_A"": 0.07148728823349226, ""name"": ""bfgs_after_fire"", ""start_geometry_sha256"": ""83774cad78ab1fb19e51ebb9a7facbbb22732ce44df3f39e2661864e99c1685f"", ""steps"": 106}]",d7997eb79370dbda14fcdaeacfa5185b76a55040812ce336320879da384937a7,2.8380521900951896,True,0.06405735682844116,55.0,100.0,0.08,converged,,bfgs_standard,"[{""ase_converged"": true, ""converged"": true, ""end_geometry_sha256"": ""a3c0d6db716fb5a8a755c10221a1474b6107c63f1f1510dea8e71c7d6a4c5015"", ""failure_class"": null, ""max_force_eV_A"": 0.06405735682844116, ""name"": ""bfgs_standard"", ""start_geometry_sha256"": ""d00f2a39418d5a0191e48764b743a989d2c7f4e01aeccb534ebce9e28a6cdc4f"", ""steps"": 55}]",a3c0d6db716fb5a8a755c10221a1474b6107c63f1f1510dea8e71c7d6a4c5015,4.23520893901587,0.5442089390158698,step_1_OOH,10.0,-2.0,True,4.116886356770996,0.610000000035,False,quantitative_screening,1,1,1656045d38b72e3faab1,False,
"('SAC', 'Ag', 'N3Se', 'N-carbon_black', 'H2O')",SAC,True,esen-sm-conserving-all-oc25:relax-v4:orr-che-v3,True,0.05491203988222471,136,150,0.08,converged,,bfgs_standard,"[{""ase_converged"": true, ""converged"": true, ""end_geometry_sha256"": ""df656ffc912a4abe35eac58e095cbb48ed9ae1dd70e5ad16dc4062d59267ef6e"", ""failure_class"": null, ""max_force_eV_A"": 0.05491203988222471, ""name"": ""bfgs_standard"", ""start_geometry_sha256"": ""ea5b05ca4fa5c0c8008ca10e629de60888e4567b6356ae25de2cafdf0a5c7ae3"", ""steps"": 136}]",df656ffc912a4abe35eac58e095cbb48ed9ae1dd70e5ad16dc4062d59267ef6e,-133.17966024495453,True,0.06934953379592307,219.0,100.0,0.08,converged,,bfgs_after_fire,"[{""ase_converged"": false, ""converged"": false, ""end_geometry_sha256"": ""a9254d0a77bdf29d9cd8f6d5e687919dfe077bda666629e2ebb0035affc61a1e"", ""failure_class"": ""force_threshold"", ""max_force_eV_A"": 0.09785879679356208, ""name"": ""bfgs_standard"", ""start_geometry_sha256"": ""452da3eb3a284e900e134d434471724583230009cc9a1763f2d9cfede66d6dc4"", ""steps"": 100}, {""ase_converged"": true, ""converged"": true, ""end_geometry_sha256"": ""87f0081d557f27073a20c7db3dcca34a89609bc626285dbee28ff58ce4bbece0"", ""failure_class"": null, ""max_force_eV_A"": 0.22950107158658595, ""name"": ""fire_precondition"", ""qualifying"": false, ""start_geometry_sha256"": ""452da3eb3a284e900e134d434471724583230009cc9a1763f2d9cfede66d6dc4"", ""steps"": 31}, {""ase_converged"": true, ""converged"": true, ""end_geometry_sha256"": ""8589aecc72c7ff11eec67956230afa634b822a7b22ea7a6a3eed1e630e1d919d"", ""failure_class"": null, ""max_force_eV_A"": 0.06934953379592307, ""name"": ""bfgs_after_fire"", ""start_geometry_sha256"": ""87f0081d557f27073a20c7db3dcca34a89609bc626285dbee28ff58ce4bbece0"", ""steps"": 88}]",8589aecc72c7ff11eec67956230afa634b822a7b22ea7a6a3eed1e630e1d919d,1.577746691852808,True,0.07844521001098097,56.0,100.0,0.08,converged,,bfgs_standard,"[{""ase_converged"": true, ""converged"": true, ""end_geometry_sha256"": ""1307aa37c0350d0868e407d1c86a701b09d02d8f78c7ed552f966e37188b8be5"", ""failure_class"": null, ""max_force_eV_A"": 0.07844521001098097, ""name"": ""bfgs_standard"", ""start_geometry_sha256"": ""a915b12484e8193247960da5aa1976d96c38a91013f9e9287f88d43b1bdaaea8"", ""steps"": 56}]",1307aa37c0350d0868e407d1c86a701b09d02d8f78c7ed552f966e37188b8be5,4.4587701924145255,True,0.07970358730277201,200.0,100.0,0.08,converged,,bfgs_after_fire,"[{""ase_converged"": false, ""converged"": false, ""end_geometry_sha256"": ""c530dc4ad08cfa4207b0716c35b9569c521c4c5e2c95aafd5c705c309e478433"", ""failure_class"": ""force_threshold"", ""max_force_eV_A"": 0.11737933199135399, ""name"": ""bfgs_standard"", ""start_geometry_sha256"": ""6bb3714c3b1dd3f7aa4c9bfe5b045b1c3079894c630a9b150377a7e3c2240017"", ""steps"": 100}, {""ase_converged"": true, ""converged"": true, ""end_geometry_sha256"": ""cd2d4ef4fd8fcc30d59d5b8515c962d7fd12bebc9e7598be6db451b007923873"", ""failure_class"": null, ""max_force_eV_A"": 0.22898242733074597, ""name"": ""fire_precondition"", ""qualifying"": false, ""start_geometry_sha256"": ""6bb3714c3b1dd3f7aa4c9bfe5b045b1c3079894c630a9b150377a7e3c2240017"", ""steps"": 42}, {""ase_converged"": true, ""converged"": true, ""end_geometry_sha256"": ""052ad8299870d49c43bb530cd8ffce23f2264c538d249e85be52cb3d9994641d"", ""failure_class"": null, ""max_force_eV_A"": 0.07970358730277201, ""name"": ""bfgs_after_fire"", ""start_geometry_sha256"": ""cd2d4ef4fd8fcc30d59d5b8515c962d7fd12bebc9e7598be6db451b007923873"", ""steps"": 58}]",052ad8299870d49c43bb530cd8ffce23f2264c538d249e85be52cb3d9994641d,3.8616713985800777,1.826098793834448,step_2_O,10.0,-2.0,True,6.036516884267334,0.610000000035,False,quantitative_screening,2,2,fb08c6be54ff45b06e5b,False,
"('SAC', 'Hf', 'N3S', 'N-mesoporous_carbon', 'H2O')",SAC,True,esen-sm-conserving-all-oc25:relax-v4:orr-che-v3,True,0.0697473994606173,131,150,0.08,converged,,bfgs_standard,"[{""ase_converged"": true, ""converged"": true, ""end_geometry_sha256"": ""f7cdc58a3d37d6da9a232edd7954ab7443c82c7278d418162e9634c7049bc2d4"", ""failure_class"": null, ""max_force_eV_A"": 0.0697473994606173, ""name"": ""bfgs_standard"", ""start_geometry_sha256"": ""232a7b84e2e2f7a68aa20943796b4f08ab3b0b51360d34a93ded32c7d5bcd600"", ""steps"": 131}]",f7cdc58a3d37d6da9a232edd7954ab7443c82c7278d418162e9634c7049bc2d4,-140.9801209354753,True,0.07673063471588658,297.0,100.0,0.08,converged,,bfgs_after_fire,"[{""ase_converged"": false, ""converged"": false, ""end_geometry_sha256"": ""35b7662c88366fac34b01aaae7d22a22ca8ee31f56c9e392f7f9b3c7a6df1e70"", ""failure_class"": ""force_threshold"", ""max_force_eV_A"": 0.24403934056440021, ""name"": ""bfgs_standard"", ""start_geometry_sha256"": ""f3dd476c06165af223d0760c19616e58e3d428d1cb96d39cdf10f3c89d1f81f7"", ""steps"": 100}, {""ase_converged"": true, ""converged"": true, ""end_geometry_sha256"": ""b144e792780d3e00d9893cac4257626b0a306145d00ee6ae475eca38d2326196"", ""failure_class"": null, ""max_force_eV_A"": 0.2407392177721352, ""name"": ""fire_precondition"", ""qualifying"": false, ""start_geometry_sha256"": ""f3dd476c06165af223d0760c19616e58e3d428d1cb96d39cdf10f3c89d1f81f7"", ""steps"": 26}, {""ase_converged"": true, ""converged"": true, ""end_geometry_sha256"": ""d8c7283665c889c6b6cda1e045910b3b5544e102dc92f3e3fe617e9d5e1a73c1"", ""failure_class"": null, ""max_force_eV_A"": 0.07673063471588658, ""name"": ""bfgs_after_fire"", ""start_geometry_sha256"": ""b144e792780d3e00d9893cac4257626b0a306145d00ee6ae475eca38d2326196"", ""steps"": 171}]",d8c7283665c889c6b6cda1e045910b3b5544e102dc92f3e3fe617e9d5e1a73c1,-1.5896958683431148,True,0.0770171856939542,62.0,100.0,0.08,converged,,bfgs_standard,"[{""ase_converged"": true, ""converged"": true, ""end_geometry_sha256"": ""8e8eecff4b5eac65e5acfda4ffdf4c939ff2bf1ece47f1cf3d61a6ed5a9136b0"", ""failure_class"": null, ""max_force_eV_A"": 0.0770171856939542, ""name"": ""bfgs_standard"", ""start_geometry_sha256"": ""333f3af26620e2de5a96d2af6f7bd8940511f6d586369142663fe0aa00417191"", ""steps"": 62}]",8e8eecff4b5eac65e5acfda4ffdf4c939ff2bf1ece47f1cf3d61a6ed5a9136b0,-1.2884479396045172,True,0.0783342788393566,164.0,100.0,0.08,converged,,bfgs_after_fire,"[{""ase_converged"": false, ""converged"": false, ""end_geometry_sha256"": ""02b9b6efc3d15a487b00ef8c40ef0eb687fb6c8062f96c72c6b2f21c390f1593"", ""failure_class"": ""force_threshold"", ""max_force_eV_A"": 0.9594016530028727, ""name"": ""bfgs_standard"", ""start_geometry_sha256"": ""e838011afb151f128f3a2c817ec7215a43609898258bc9ac471454d66856f4d2"", ""steps"": 100}, {""ase_converged"": true, ""converged"": true, ""end_geometry_sha256"": ""b1c153baeac25000c5c21f2402dbd65361cd3c9feb5757a36508c5b8ddfeeb72"", ""failure_class"": null, ""max_force_eV_A"": 0.22115644891144323, ""name"": ""fire_precondition"", ""qualifying"": false, ""start_geometry_sha256"": ""e838011afb151f128f3a2c817ec7215a43609898258bc9ac471454d66856f4d2"", ""steps"": 26}, {""ase_converged"": true, ""converged"": true, ""end_geometry_sha256"": ""1d8218e446c55f977ad59abc5c82f3710848f7515f4ec2485863f3c083f3738f"", ""failure_class"": null, ""max_force_eV_A"": 0.0783342788393566, ""name"": ""bfgs_after_fire"", ""start_geometry_sha256"": ""b1c153baeac25000c5c21f2402dbd65361cd3c9feb5757a36508c5b8ddfeeb72"", ""steps"": 38}]",1d8218e446c55f977ad59abc5c82f3710848f7515f4ec2485863f3c083f3738f,4.237235020101075,2.8186958683431147,step_4_H2O,10.0,-1.045757490560675,True,2.878143807947632,0.610000000035,False,quantitative_screening,0,0,1d45393feefe7f5fd247,False,
"('SAC', 'Hf', 'N4_pyridine', 'Phosphorene', 'pyridine')",SAC,True,esen-sm-conserving-all-oc25:relax-v4:orr-che-v3,True,0.06974943179624889,65,150,0.08,converged,,bfgs_standard,"[{""ase_converged"": true, ""converged"": true, ""end_geometry_sha256"": ""030ddcfe2e41e4d7bfa7c7f60f2183bb091e007759d372cd5202d13b50c36060"", ""failure_class"": null, ""max_force_eV_A"": 0.06974943179624889, ""name"": ""bfgs_standard"", ""start_geometry_sha256"": ""65a6609ad8f9ef86594fc02feabea70e9d8886088d9cd25cfee8b965a460157f"", ""steps"": 65}]",030ddcfe2e41e4d7bfa7c7f60f2183bb091e007759d372cd5202d13b50c36060,-143.92228683962236,True,0.06497371296876342,251.0,100.0,0.08,converged,,bfgs_after_fire,"[{""ase_converged"": false, ""converged"": false, ""end_geometry_sha256"": ""196faf32c151975ef99feed1bd0cd1b051fb803c2c5b75be09eacb8df4b49b2a"", ""failure_class"": ""force_threshold"", ""max_force_eV_A"": 0.17832755006536044, ""name"": ""bfgs_standard"", ""start_geometry_sha256"": ""d7e31b530104ff42aae6a0634399d858f6104005849b003c64e01693f50af7de"", ""steps"": 100}, {""ase_converged"": true, ""converged"": true, ""end_geometry_sha256"": ""9261006586f33c7b104abdd819b6ed7847fe3dece6c1cbe4f2c2626d777102b8"", ""failure_class"": null, ""max_force_eV_A"": 0.24976350861621344, ""name"": ""fire_precondition"", ""qualifying"": false, ""start_geometry_sha256"": ""d7e31b530104ff42aae6a0634399d858f6104005849b003c64e01693f50af7de"", ""steps"": 34}, {""ase_converged"": true, ""converged"": true, ""end_geometry_sha256"": ""4387fe9848917605085d1b47f6a74c941b4270347184e14e34609ca9f019bcfe"", ""failure_class"": null, ""max_force_eV_A"": 0.06497371296876342, ""name"": ""bfgs_after_fire"", ""start_geometry_sha256"": ""9261006586f33c7b104abdd819b6ed7847fe3dece6c1cbe4f2c2626d777102b8"", ""steps"": 117}]",4387fe9848917605085d1b47f6a74c941b4270347184e14e34609ca9f019bcfe,0.4649272586405277,True,0.07776964697063708,263.0,100.0,0.08,converged,,bfgs_after_fire,"[{""ase_converged"": false, ""converged"": false, ""end_geometry_sha256"": ""68112b7a312c938b0681185f7dc0cc3907eb677cd6dd80c84a58f22925542ae5"", ""failure_class"": ""force_threshold"", ""max_force_eV_A"": 0.1476732422604548, ""name"": ""bfgs_standard"", ""start_geometry_sha256"": ""fe4f9c4ae5b88add47fab04a6e9a29bbe0194a7f4c24a050f69a767aa8022409"", ""steps"": 100}, {""ase_converged"": true, ""converged"": true, ""end_geometry_sha256"": ""37bd443df6faf4454588ebcde64d20a1cbba0cc5db53ed3d0f558201e908ed77"", ""failure_class"": null, ""max_force_eV_A"": 0.23670791851275347, ""name"": ""fire_precondition"", ""qualifying"": false, ""start_geometry_sha256"": ""fe4f9c4ae5b88add47fab04a6e9a29bbe0194a7f4c24a050f69a767aa8022409"", ""steps"": 23}, {""ase_converged"": true, ""converged"": true, ""end_geometry_sha256"": ""2b8c376b70e29340082be900c84896463772a11c65c14fa1360b038b844cfe6e"", ""failure_class"": null, ""max_force_eV_A"": 0.07776964697063708, ""name"": ""bfgs_after_fire"", ""start_geometry_sha256"": ""37bd443df6faf4454588ebcde64d20a1cbba0cc5db53ed3d0f558201e908ed77"", ""steps"": 140}]",2b8c376b70e29340082be900c84896463772a11c65c14fa1360b038b844cfe6e,-0.8786307208239996,True,0.07672889031877103,66.0,100.0,0.08,converged,,bfgs_standard,"[{""ase_converged"": true, ""converged"": true, ""end_geometry_sha256"": ""9c6c63d52bbadeea4e7f9ebd1fc3d2897acd4564f2cd3a6a3103bf353e31c15a"", ""failure_class"": null, ""max_force_eV_A"": 0.07672889031877103, ""name"": ""bfgs_standard"", ""start_geometry_sha256"": ""0af53afdfe0295a4474e958e6765475fe7e2266caa6955a946d269ccfbe1a016"", ""steps"": 66}]",9c6c63d52bbadeea4e7f9ebd1fc3d2897acd4564f2cd3a6a3103bf353e31c15a,4.760171483457093,2.5725579794645275,step_3_OH,10.0,-1.045757490560675,True,1.3435579794645274,0.610000000035,False,quantitative_screening,1,1,5f53806492c19aa515e9,False,
"('SAC', 'Hf', 'N2B2', 'N-carbon_black', 'imidazole')",SAC,True,esen-sm-conserving-all-oc25:relax-v4:orr-che-v3,True,0.07734507053369552,56,150,0.08,converged,,bfgs_standard,"[{""ase_converged"": true, ""converged"": true, ""end_geometry_sha256"": ""15de579d3a7a0d33d46ce1dc189be5dd34a493db76b3868e9309008de75f6e9e"", ""failure_class"": null, ""max_force_eV_A"": 0.07734507053369552, ""name"": ""bfgs_standard"", ""start_geometry_sha256"": ""bc2dc5b6aa1c31dd01fb9ca6dbbd2422b175d780c79ebb559ca20fb2cd768f22"", ""steps"": 56}]",15de579d3a7a0d33d46ce1dc189be5dd34a493db76b3868e9309008de75f6e9e,-146.2335365505349,True,0.0756622470520724,225.0,100.0,0.08,converged,,bfgs_after_fire,"[{""ase_converged"": false, ""converged"": false, ""end_geometry_sha256"": ""e5383c926b1a18fe75b2cce5f69393b87ec619390f83f4cdbd00bf589816c190"", ""failure_class"": ""force_threshold"", ""max_force_eV_A"": 0.343181920949112, ""name"": ""bfgs_standard"", ""start_geometry_sha256"": ""b0494fbde5969a5675bf7bfbf8bf8af3573389ede8491059041e78367a2139d9"", ""steps"": 100}, {""ase_converged"": true, ""converged"": true, ""end_geometry_sha256"": ""e5268f6221df9838ccb2b699953437179dc055e9b7942d94dea7ecb20ea929f2"", ""failure_class"": null, ""max_force_eV_A"": 0.23483262922811432, ""name"": ""fire_precondition"", ""qualifying"": false, ""start_geometry_sha256"": ""b0494fbde5969a5675bf7bfbf8bf8af3573389ede8491059041e78367a2139d9"", ""steps"": 39}, {""ase_converged"": true, ""converged"": true, ""end_geometry_sha256"": ""0b2ed69e6bee15f1ba0808b5f5fd209d9c62e711c81c5053e182ffd493027104"", ""failure_class"": null, ""max_force_eV_A"": 0.0756622470520724, ""name"": ""bfgs_after_fire"", ""start_geometry_sha256"": ""e5268f6221df9838ccb2b699953437179dc055e9b7942d94dea7ecb20ea929f2"", ""steps"": 86}]",0b2ed69e6bee15f1ba0808b5f5fd209d9c62e711c81c5053e182ffd493027104,0.8024323607981205,True,0.07402972982218486,52.0,100.0,0.08,converged,,bfgs_standard,"[{""ase_converged"": true, ""converged"": true, ""end_geometry_sha256"": ""7ea478a2c431f3d6f455b4a9be87ee315620060d008c19b6677601c0ee2ef11d"", ""failure_class"": null, ""max_force_eV_A"": 0.07402972982218486, ""name"": ""bfgs_standard"", ""start_geometry_sha256"": ""11ab9f0bd5de488ee462cb26a452d9a365bb540d83f9d62029992820b14ec3bf"", ""steps"": 52}]",7ea478a2c431f3d6f455b4a9be87ee315620060d008c19b6677601c0ee2ef11d,3.43722621276975,True,0.07359246302694317,28.0,100.0,0.08,converged,,bfgs_standard,"[{""ase_converged"": true, ""converged"": true, ""end_geometry_sha256"": ""9b0e609aa9bd12bb7b79acce1e8b5e3befe246aee3ab11e321f205a7cd451255"", ""failure_class"": null, ""max_force_eV_A"": 0.07359246302694317, ""name"": ""bfgs_standard"", ""start_geometry_sha256"": ""6b8b99c3cbc2f54326fcb3fa34ccfc02303f85162c91ed20bd77219a56cd8688"", ""steps"": 28}]",9b0e609aa9bd12bb7b79acce1e8b5e3befe246aee3ab11e321f205a7cd451255,5.046740482747559,1.3557404827475592,step_1_OOH,10.0,-1.045757490560675,True,4.239658573567871,0.610000000035,False,quantitative_screening,2,2,0a3a95bb81a0bc4c8a46,False,
"('DAC', 'Pd', 'Ce', 'N4S2', 'MoS2_sheet')",DAC,True,esen-sm-conserving-all-oc25:relax-v4:orr-che-v3,True,0.07597238053094366,90,150,0.08,converged,,bfgs_standard,"[{""ase_converged"": true, ""converged"": true, ""end_geometry_sha256"": ""b84160a16cbe02d4a45f6e3e35c615ad1dc420844d9557897c14606d274f8005"", ""failure_class"": null, ""max_force_eV_A"": 0.07597238053094366, ""name"": ""bfgs_standard"", ""start_geometry_sha256"": ""773c7f4eeae510875597d1b17c600818eaebc217872982388879065e28a2936f"", ""steps"": 90}]",b84160a16cbe02d4a45f6e3e35c615ad1dc420844d9557897c14606d274f8005,-135.9840830843497,True,0.06515950877195968,96.0,100.0,0.08,converged,,bfgs_standard,"[{""ase_converged"": true, ""converged"": true, ""end_geometry_sha256"": ""d2156d1caa628b6b5ba478b66342247f6ed9ecd10b4158ef45dfd81741ba1bb6"", ""failure_class"": null, ""max_force_eV_A"": 0.06515950877195968, ""name"": ""bfgs_standard"", ""start_geometry_sha256"": ""5d5feed10cf836e24cbccc4706c2d921140ba47229e129917cd7cc2b3e26ae10"", ""steps"": 96}]",d2156d1caa628b6b5ba478b66342247f6ed9ecd10b4158ef45dfd81741ba1bb6,-2.4043461655080316,True,0.07384407188519668,84.0,100.0,0.08,converged,,bfgs_standard,"[{""ase_converged"": true, ""converged"": true, ""end_geometry_sha256"": ""df939f5cd515574dbffd8506b1b1807efff646b2f86b0ac7bf531b22c6791a35"", ""failure_class"": null, ""max_force_eV_A"": 0.07384407188519668, ""name"": ""bfgs_standard"", ""start_geometry_sha256"": ""49bdb38ab7f5d8ec69cc7f16097b2647028a9cbb55c6839d4d5360b0c2afbc2b"", ""steps"": 84}]",df939f5cd515574dbffd8506b1b1807efff646b2f86b0ac7bf531b22c6791a35,-1.0877595774829352,True,0.07174830088010191,233.0,100.0,0.08,converged,,bfgs_after_fire,"[{""ase_converged"": false, ""converged"": false, ""end_geometry_sha256"": ""43517af4e48383a62e20f3e51e21439fc398828a06be8858a265ec660760e609"", ""failure_class"": ""force_threshold"", ""max_force_eV_A"": 0.3828388824421348, ""name"": ""bfgs_standard"", ""start_geometry_sha256"": ""6b770f7ea653f8edd9f77f4bfa720df58fad900f5c41763b108b7b1f61e3bb15"", ""steps"": 100}, {""ase_converged"": false, ""converged"": false, ""end_geometry_sha256"": ""af9d9164eb0c75e70ba49818c143cb1ba3b9e9837727e24f10b25dfaef7c606f"", ""failure_class"": ""force_threshold"", ""max_force_eV_A"": 1.1106617232784677, ""name"": ""fire_precondition"", ""qualifying"": false, ""start_geometry_sha256"": ""6b770f7ea653f8edd9f77f4bfa720df58fad900f5c41763b108b7b1f61e3bb15"", ""steps"": 50}, {""ase_converged"": true, ""converged"": true, ""end_geometry_sha256"": ""4767888111ea128e7640ff6ac807c8a9256c089c346ce70881b5b639a2504bb1"", ""failure_class"": null, ""max_force_eV_A"": 0.07174830088010191, ""name"": ""bfgs_after_fire"", ""start_geometry_sha256"": ""af9d9164eb0c75e70ba49818c143cb1ba3b9e9837727e24f10b25dfaef7c606f"", ""steps"": 83}]",4767888111ea128e7640ff6ac807c8a9256c089c346ce70881b5b639a2504bb1,-0.9863410487770998,3.0,step_4_H2O,10.0,-2.0,True,3.492105742990967,0.498608834270667,True,quantitative_screening,0,0,8e45ae43bf022da1440c,False,
"('DAC', 'Ag', 'V', 'N4P2', 'N-graphene')",DAC,True,esen-sm-conserving-all-oc25:relax-v4:orr-che-v3,True,0.06763843027143214,134,150,0.08,converged,,bfgs_standard,"[{""ase_converged"": true, ""converged"": true, ""end_geometry_sha256"": ""7345818dfdef98eff419bd96522f5c222026419e3f780c254a6620f21e6aafef"", ""failure_class"": null, ""max_force_eV_A"": 0.06763843027143214, ""name"": ""bfgs_standard"", ""start_geometry_sha256"": ""742b48ffbc2a01f90dbc93f48af25bf8fd6118cdda07f91b9bdfd814e5e1c494"", ""steps"": 134}]",7345818dfdef98eff419bd96522f5c222026419e3f780c254a6620f21e6aafef,-134.9207374142071,True,0.07394632421007863,81.0,100.0,0.08,converged,,bfgs_standard,"[{""ase_converged"": true, ""converged"": true, ""end_geometry_sha256"": ""543c6768f67880077caaba41f8e70df9dc175cd87a762fdf9ccf8917d388c646"", ""failure_class"": null, ""max_force_eV_A"": 0.07394632421007863, ""name"": ""bfgs_standard"", ""start_geometry_sha256"": ""37b8878646318f62e6c1daa53dd98dfa074be6f8bcb813288d1959d0e6dc616a"", ""steps"": 81}]",543c6768f67880077caaba41f8e70df9dc175cd87a762fdf9ccf8917d388c646,-0.8791663025319576,True,0.059369926784579446,66.0,100.0,0.08,converged,,bfgs_standard,"[{""ase_converged"": true, ""converged"": true, ""end_geometry_sha256"": ""1d2928e4955bcfb0c5dcc21203c816a68c0d248fbaa0c5daeb6991fc33874d72"", ""failure_class"": null, ""max_force_eV_A"": 0.059369926784579446, ""name"": ""bfgs_standard"", ""start_geometry_sha256"": ""886fe4576f049bd8c7a3ca085993e8c774b085c69679af6bb75a92816dd54155"", ""steps"": 66}]",1d2928e4955bcfb0c5dcc21203c816a68c0d248fbaa0c5daeb6991fc33874d72,-1.235067450255152,True,0.07666462823142212,258.0,100.0,0.08,converged,,bfgs_after_fire,"[{""ase_converged"": false, ""converged"": false, ""end_geometry_sha256"": ""9a1686b18f552b88ae85a7a11c1264c11029400f7a8009581d47f183dc4bcca7"", ""failure_class"": ""force_threshold"", ""max_force_eV_A"": 0.17915008372388558, ""name"": ""bfgs_standard"", ""start_geometry_sha256"": ""c1dc60c16c0ee4a95ece8e55bc1ae46dfd91cc50754e525a1f98000f8780ce78"", ""steps"": 100}, {""ase_converged"": true, ""converged"": true, ""end_geometry_sha256"": ""d264d3e0ea26b5289f0d0a7495261946257c53df7354c7d03746fdeb81f24d1b"", ""failure_class"": null, ""max_force_eV_A"": 0.23718007109638564, ""name"": ""fire_precondition"", ""qualifying"": false, ""start_geometry_sha256"": ""c1dc60c16c0ee4a95ece8e55bc1ae46dfd91cc50754e525a1f98000f8780ce78"", ""steps"": 41}, {""ase_converged"": true, ""converged"": true, ""end_geometry_sha256"": ""1499ed0ab97602ff0b1bcf618d595c20ff475410ee03377de8edd51fdaf16ab3"", ""failure_class"": null, ""max_force_eV_A"": 0.07666462823142212, ""name"": ""bfgs_after_fire"", ""start_geometry_sha256"": ""d264d3e0ea26b5289f0d0a7495261946257c53df7354c7d03746fdeb81f24d1b"", ""steps"": 117}]",1499ed0ab97602ff0b1bcf618d595c20ff475410ee03377de8edd51fdaf16ab3,0.09639115184545874,2.1081663025319575,step_4_H2O,9.0,-1.0457574905606752,True,2.1142337527871096,0.5775000000349999,False,quantitative_screening,1,1,c6a1d3c78a63ff68faf9,False,
"('DAC', 'Ag', 'Zr', 'N8', 'N-mesoporous_carbon')",DAC,False,esen-sm-conserving-all-oc25:relax-v4:orr-che-v3,True,0.07243947304508544,72,150,0.08,converged,,bfgs_standard,"[{""ase_converged"": true, ""converged"": true, ""end_geometry_sha256"": ""9453f2d7b5435caf797ace47e540f44341921349a6834a002ce943003a86c682"", ""failure_class"": null, ""max_force_eV_A"": 0.07243947304508544, ""name"": ""bfgs_standard"", ""start_geometry_sha256"": ""48ccb57e69256745b27bf0fff16ce16e7edeb07026e79a6f65d9ff83cb015f3a"", ""steps"": 72}]",9453f2d7b5435caf797ace47e540f44341921349a6834a002ce943003a86c682,-168.71306778183117,False,9.428533156503415,650.0,100.0,0.08,recovery_exhausted,force_threshold,fire_precondition,"[{""ase_converged"": false, ""converged"": false, ""end_geometry_sha256"": ""1e05c1f7e57e757a4b6aa9fc04b1385caca2f621bdd6a8297ba52d569102a379"", ""failure_class"": ""force_threshold"", ""max_force_eV_A"": 50.61927806954559, ""name"": ""bfgs_standard"", ""start_geometry_sha256"": ""c1384350842aa194f55bd6421d40c01df80b2ef4d1129ecc1d5fe62f643f10fc"", ""steps"": 100}, {""ase_converged"": false, ""converged"": false, ""end_geometry_sha256"": ""bdd37f4dc3bf014c028a6c155fca2b29976949cd6f28b8e17b80c79b039ce5d0"", ""failure_class"": ""force_threshold"", ""max_force_eV_A"": 9.428533156503415, ""name"": ""fire_precondition"", ""qualifying"": false, ""start_geometry_sha256"": ""c1384350842aa194f55bd6421d40c01df80b2ef4d1129ecc1d5fe62f643f10fc"", ""steps"": 50}, {""ase_converged"": false, ""converged"": false, ""end_geometry_sha256"": ""eb3bfe5e0a3c1572e81701a1d96388dc8f3a448b5dcff099baf59ef3efea1da4"", ""failure_class"": ""force_threshold"", ""max_force_eV_A"": 198.5396586270226, ""name"": ""bfgs_after_fire"", ""start_geometry_sha256"": ""bdd37f4dc3bf014c028a6c155fca2b29976949cd6f28b8e17b80c79b039ce5d0"", ""steps"": 200}, {""ase_converged"": false, ""converged"": false, ""end_geometry_sha256"": ""9398754fa68e6cf19d77afc4c21979964477ad8d17832b034dad4fafc1bf6767"", ""failure_class"": ""force_threshold"", ""max_force_eV_A"": 9.540597840036247, ""name"": ""fire_small_step"", ""start_geometry_sha256"": ""bdd37f4dc3bf014c028a6c155fca2b29976949cd6f28b8e17b80c79b039ce5d0"", ""steps"": 300}]",bdd37f4dc3bf014c028a6c155fca2b29976949cd6f28b8e17b80c79b039ce5d0,,,,,,,,,,,,,,,,,,,,,,,,,,,,,,,True,validation_required,2,2,6d871a01216e986b87ba,False,Unconverged oh relaxation: max_force=9.42853 eV/A after 650 cumulative recovery steps
"('DAC', 'Ag', 'Mo', 'C4N4', 'N-graphdiyne')",DAC,True,esen-sm-conserving-all-oc25:relax-v4:orr-che-v3,True,0.07140662148845138,105,150,0.08,converged,,bfgs_standard,"[{""ase_converged"": true, ""converged"": true, ""end_geometry_sha256"": ""0ece06418ac3824f7cd972afa704119140a795cda71caad63333b3230494fa10"", ""failure_class"": null, ""max_force_eV_A"": 0.07140662148845138, ""name"": ""bfgs_standard"", ""start_geometry_sha256"": ""3b1a11d4334e244b075d5de884e78bde9d95c63f6d2fca54e92855ee587b01fe"", ""steps"": 105}]",0ece06418ac3824f7cd972afa704119140a795cda71caad63333b3230494fa10,-135.2942623312021,True,0.07592533398960162,246.0,100.0,0.08,converged,,bfgs_after_fire,"[{""ase_converged"": false, ""converged"": false, ""end_geometry_sha256"": ""1ceac57e144b61e4faffc0746fb30824f945c82c50f66f69c5314280d88b7a1d"", ""failure_class"": ""force_threshold"", ""max_force_eV_A"": 0.2487760057466077, ""name"": ""bfgs_standard"", ""start_geometry_sha256"": ""64fa8faeda69891f51f2d0ec1aa0888d6b54f33e07d93ab3ef7836ba3b5c5ef9"", ""steps"": 100}, {""ase_converged"": true, ""converged"": true, ""end_geometry_sha256"": ""81ec4b86a6a7f52ad998f22a65d855420281a3bb5dedaa8d58faa7b7c6c21372"", ""failure_class"": null, ""max_force_eV_A"": 0.23109086312290072, ""name"": ""fire_precondition"", ""qualifying"": false, ""start_geometry_sha256"": ""64fa8faeda69891f51f2d0ec1aa0888d6b54f33e07d93ab3ef7836ba3b5c5ef9"", ""steps"": 43}, {""ase_converged"": true, ""converged"": true, ""end_geometry_sha256"": ""2e3d4e31a3d02afa8701eeb13fc14a851926a0be2ef5d025b025252d69729688"", ""failure_class"": null, ""max_force_eV_A"": 0.07592533398960162, ""name"": ""bfgs_after_fire"", ""start_geometry_sha256"": ""81ec4b86a6a7f52ad998f22a65d855420281a3bb5dedaa8d58faa7b7c6c21372"", ""steps"": 103}]",2e3d4e31a3d02afa8701eeb13fc14a851926a0be2ef5d025b025252d69729688,-0.8915335510671138,True,0.07947197479828064,91.0,100.0,0.08,converged,,bfgs_standard,"[{""ase_converged"": true, ""converged"": true, ""end_geometry_sha256"": ""a79ca2a6f86b49ed21722164e9194cfc99b49ede00d6f284b935d047718d900b"", ""failure_class"": null, ""max_force_eV_A"": 0.07947197479828064, ""name"": ""bfgs_standard"", ""start_geometry_sha256"": ""f311690c2cc6a5018accaf635f8bee5ce83851e31d133214f3c2a2ef1e2e8914"", ""steps"": 91}]",a79ca2a6f86b49ed21722164e9194cfc99b49ede00d6f284b935d047718d900b,-1.4828277461230719,True,0.07475117517630031,252.0,100.0,0.08,converged,,bfgs_after_fire,"[{""ase_converged"": false, ""converged"": false, ""end_geometry_sha256"": ""ff384cb1fb1039915b20a805365c72a8d02611681b27e6f0812fdc4d842a332f"", ""failure_class"": ""force_threshold"", ""max_force_eV_A"": 0.1679503614408462, ""name"": ""bfgs_standard"", ""start_geometry_sha256"": ""0792a08eb64660d59327e25439e38ca1fbf8871cc982d67d79bd1e2dd4ba4bbc"", ""steps"": 100}, {""ase_converged"": false, ""converged"": false, ""end_geometry_sha256"": ""07f68f824ca4483847c2a95fa5115ba01a7e281e70b7ba162856f010c8214c89"", ""failure_class"": ""force_threshold"", ""max_force_eV_A"": 2.1704492843231393, ""name"": ""fire_precondition"", ""qualifying"": false, ""start_geometry_sha256"": ""0792a08eb64660d59327e25439e38ca1fbf8871cc982d67d79bd1e2dd4ba4bbc"", ""steps"": 50}, {""ase_converged"": true, ""converged"": true, ""end_geometry_sha256"": ""3f7f88d18154c688babf333f48e7934e421ba2bdda09ac7b336a4c25840774b2"", ""failure_class"": null, ""max_force_eV_A"": 0.07475117517630031, ""name"": ""bfgs_after_fire"", ""start_geometry_sha256"": ""07f68f824ca4483847c2a95fa5115ba01a7e281e70b7ba162856f010c8214c89"", ""steps"": 102}]",3f7f88d18154c688babf333f48e7934e421ba2bdda09ac7b336a4c25840774b2,-1.6263995662331547,2.1205335510671137,step_4_H2O,10.0,-2.0,True,2.3743612971901857,0.5775000000349999,False,quantitative_screening,0,0,dd2f6ccdf321350d1d26,False,
"('DAC', 'Ag', 'La', 'N4C2', 'MoS2_sheet')",DAC,True,esen-sm-conserving-all-oc25:relax-v4:orr-che-v3,True,0.06856860719756881,349,150,0.08,converged,,bfgs_after_fire,"[{""ase_converged"": false, ""converged"": false, ""end_geometry_sha256"": ""1e2eec61bf03ba82ae6036a897c84f79b481eebdf7298a57006ba32fcc002304"", ""failure_class"": ""force_threshold"", ""max_force_eV_A"": 0.32295205062607063, ""name"": ""bfgs_standard"", ""start_geometry_sha256"": ""0c871c8c6a40e8cd9557cdb69a417253c2863f14ec0bb261f25bf41d0840238c"", ""steps"": 150}, {""ase_converged"": false, ""converged"": false, ""end_geometry_sha256"": ""92b2f5d605cdd5dca79ea31ff781e789178812252bc75092d00666d693c43e61"", ""failure_class"": ""force_threshold"", ""max_force_eV_A"": 1.1164861962076285, ""name"": ""fire_precondition"", ""qualifying"": false, ""start_geometry_sha256"": ""0c871c8c6a40e8cd9557cdb69a417253c2863f14ec0bb261f25bf41d0840238c"", ""steps"": 75}, {""ase_converged"": true, ""converged"": true, ""end_geometry_sha256"": ""b860fc27caa3248cdb10df1c89f7228a1bfec06ea2a5bdde1fad9a63ee2643ab"", ""failure_class"": null, ""max_force_eV_A"": 0.06856860719756881, ""name"": ""bfgs_after_fire"", ""start_geometry_sha256"": ""92b2f5d605cdd5dca79ea31ff781e789178812252bc75092d00666d693c43e61"", ""steps"": 124}]",b860fc27caa3248cdb10df1c89f7228a1bfec06ea2a5bdde1fad9a63ee2643ab,-146.17453093329945,True,0.07225937348983028,360.0,100.0,0.08,converged,,fire_small_step,"[{""ase_converged"": false, ""converged"": false, ""end_geometry_sha256"": ""d6101554165ca25f202c0d24d2e5b72a79faa2559ac372f634311e010eb44462"", ""failure_class"": ""force_threshold"", ""max_force_eV_A"": 0.20557186659361745, ""name"": ""bfgs_standard"", ""start_geometry_sha256"": ""7665dac90e0df67e1e622e35ffcd3b2afe021fa69c68add72a9ba9e118ad9b2d"", ""steps"": 100}, {""ase_converged"": false, ""converged"": false, ""end_geometry_sha256"": ""8d1d65b4cecea2b6c47c9fb0592c6de008208045354fc20fc575ace63cd0c6ce"", ""failure_class"": ""force_threshold"", ""max_force_eV_A"": 0.8805673271596723, ""name"": ""fire_precondition"", ""qualifying"": false, ""start_geometry_sha256"": ""7665dac90e0df67e1e622e35ffcd3b2afe021fa69c68add72a9ba9e118ad9b2d"", ""steps"": 50}, {""ase_converged"": false, ""converged"": false, ""end_geometry_sha256"": ""131ec15fce65a94a1f69c80f3d171cb225166caf747c07bb2ca2911702d655e7"", ""failure_class"": ""force_threshold"", ""max_force_eV_A"": 0.13706944356977577, ""name"": ""bfgs_after_fire"", ""start_geometry_sha256"": ""8d1d65b4cecea2b6c47c9fb0592c6de008208045354fc20fc575ace63cd0c6ce"", ""steps"": 200}, {""ase_converged"": true, ""converged"": true, ""end_geometry_sha256"": ""7e857a223707d0a6b82b4105777da917ec1912e0a3ea82227ae22a112279905d"", ""failure_class"": null, ""max_force_eV_A"": 0.07225937348983028, ""name"": ""fire_small_step"", ""start_geometry_sha256"": ""131ec15fce65a94a1f69c80f3d171cb225166caf747c07bb2ca2911702d655e7"", ""steps"": 10}]",7e857a223707d0a6b82b4105777da917ec1912e0a3ea82227ae22a112279905d,-1.632867035716772,True,0.06358803371876123,96.0,100.0,0.08,converged,,bfgs_standard,"[{""ase_converged"": true, ""converged"": true, ""end_geometry_sha256"": ""001216ff0d6142cb061cb24a702e8704c128baf623bc9ff81e5399cf93767143"", ""failure_class"": null, ""max_force_eV_A"": 0.06358803371876123, ""name"": ""bfgs_standard"", ""start_geometry_sha256"": ""9723ae8df8a0de9ee99d69728366a84b862f8b975d290dd0240998c25a5a221c"", ""steps"": 96}]",001216ff0d6142cb061cb24a702e8704c128baf623bc9ff81e5399cf93767143,-1.748948179930445,True,0.049473741657158336,350.0,100.0,0.08,converged,,bfgs_after_fire,"[{""ase_converged"": false, ""converged"": false, ""end_geometry_sha256"": ""6cc3debd1bddb914a90a09b906105d08d5bc6b05335111c7b44d086e1b594687"", ""failure_class"": ""force_threshold"", ""max_force_eV_A"": 2.1042837614081202, ""name"": ""bfgs_standard"", ""start_geometry_sha256"": ""8f88217753d6e5ecf7ca80f2b1b6b88ffce946a37a6993f20161cdaf276683e0"", ""steps"": 100}, {""ase_converged"": false, ""converged"": false, ""end_geometry_sha256"": ""98ade1d35f56acc7bd1709dd71bd01c7fb700b70c1549116667b7308c6dfe4bc"", ""failure_class"": ""force_threshold"", ""max_force_eV_A"": 2.5312943159352845, ""name"": ""fire_precondition"", ""qualifying"": false, ""start_geometry_sha256"": ""8f88217753d6e5ecf7ca80f2b1b6b88ffce946a37a6993f20161cdaf276683e0"", ""steps"": 50}, {""ase_converged"": true, ""converged"": true, ""end_geometry_sha256"": ""c284c36f3a999e9e0b1af9c519f336f7356cef8562acfe9ad4b1b94c29cb8fde"", ""failure_class"": null, ""max_force_eV_A"": 0.049473741657158336, ""name"": ""bfgs_after_fire"", ""start_geometry_sha256"": ""98ade1d35f56acc7bd1709dd71bd01c7fb700b70c1549116667b7308c6dfe4bc"", ""steps"": 200}]",c284c36f3a999e9e0b1af9c519f336f7356cef8562acfe9ad4b1b94c29cb8fde,-2.330764342844483,2.861867035716772,step_4_H2O,10.0,-1.5338741295818008,True,3.381815215647217,0.498608834270667,True,quantitative_screening,1,1,7a804c540ca0d7e6d182,False,
"('DAC', 'Ag', 'In', 'N4P2', 'N-graphdiyne')",DAC,True,esen-sm-conserving-all-oc25:relax-v4:orr-che-v3,True,0.07474602539774207,72,150,0.08,converged,,bfgs_standard,"[{""ase_converged"": true, ""converged"": true, ""end_geometry_sha256"": ""6aa3a48bfa02de1272c8750d66f6dc560fd41d1f1aded6395e995cbe8f012d34"", ""failure_class"": null, ""max_force_eV_A"": 0.07474602539774207, ""name"": ""bfgs_standard"", ""start_geometry_sha256"": ""657ef1646687e981f76a1e655b8c9656813fc34158d49c93b27bba4a7ac10412"", ""steps"": 72}]",6aa3a48bfa02de1272c8750d66f6dc560fd41d1f1aded6395e995cbe8f012d34,-127.71937130680172,True,0.07302264406277251,84.0,100.0,0.08,converged,,bfgs_standard,"[{""ase_converged"": true, ""converged"": true, ""end_geometry_sha256"": ""c6b9c021141fe094c99db4409aee5db8f1af1b6d9e2b6d62e684ac336cf18126"", ""failure_class"": null, ""max_force_eV_A"": 0.07302264406277251, ""name"": ""bfgs_standard"", ""start_geometry_sha256"": ""644e1cf60b3db2b76f743dcfb2aae1cb521099b0d16603808036c8b431ca07ec"", ""steps"": 84}]",c6b9c021141fe094c99db4409aee5db8f1af1b6d9e2b6d62e684ac336cf18126,0.42587596431374547,True,0.07234298914301938,46.0,100.0,0.08,converged,,bfgs_standard,"[{""ase_converged"": true, ""converged"": true, ""end_geometry_sha256"": ""71389ea90911a051299680ea0f01b3c6e59dd7c34caebe9ba835764592a129a6"", ""failure_class"": null, ""max_force_eV_A"": 0.07234298914301938, ""name"": ""bfgs_standard"", ""start_geometry_sha256"": ""2a0138835984fba0203371c0517d98a382bc461609c93a73003945e3ce6633a2"", ""steps"": 46}]",71389ea90911a051299680ea0f01b3c6e59dd7c34caebe9ba835764592a129a6,1.4719785816967523,True,0.07629828501541924,42.0,100.0,0.08,converged,,bfgs_standard,"[{""ase_converged"": true, ""converged"": true, ""end_geometry_sha256"": ""fc196ade1a55350be7b0379af1ab05bccb35a419f9c4bad11969798bf6f15a6e"", ""failure_class"": null, ""max_force_eV_A"": 0.07629828501541924, ""name"": ""bfgs_standard"", ""start_geometry_sha256"": ""1951546c991035e01a5df65f324a862660300d5d563ebb159c131e4c948ce4a8"", ""steps"": 42}]",fc196ade1a55350be7b0379af1ab05bccb35a419f9c4bad11969798bf6f15a6e,3.8603658184409175,0.8031240356862546,step_4_H2O,10.0,-2.0,True,1.8978545460104979,0.5775000000349999,False,quantitative_screening,2,2,6476c5ef643f3d0db698,False,
"('DAC', 'Ag', 'Bi', 'N4S2', 'N-CNT')",DAC,True,esen-sm-conserving-all-oc25:relax-v4:orr-che-v3,True,0.07587943203242394,345,150,0.08,converged,,bfgs_after_fire,"[{""ase_converged"": false, ""converged"": false, ""end_geometry_sha256"": ""60c4286fc379467717f35178b0fb696a0d0387d8e001f64f154b7d6fb52e7a08"", ""failure_class"": ""force_threshold"", ""max_force_eV_A"": 0.17099993054692458, ""name"": ""bfgs_standard"", ""start_geometry_sha256"": ""3317e84d24a93ae8fc09cda7b89610a0978784eaedaed9756a7fe773049c5921"", ""steps"": 150}, {""ase_converged"": false, ""converged"": false, ""end_geometry_sha256"": ""a94e79a6ed67022da3fd878c90286fd5c294f93bb649d1c083302f59f8d94e6b"", ""failure_class"": ""force_threshold"", ""max_force_eV_A"": 1.9210611091445944, ""name"": ""fire_precondition"", ""qualifying"": false, ""start_geometry_sha256"": ""3317e84d24a93ae8fc09cda7b89610a0978784eaedaed9756a7fe773049c5921"", ""steps"": 75}, {""ase_converged"": true, ""converged"": true, ""end_geometry_sha256"": ""830bd6eeaa80445c0c89e76f85c6e9ecb50466297b70bf8e524ac71bdaaa8bda"", ""failure_class"": null, ""max_force_eV_A"": 0.07587943203242394, ""name"": ""bfgs_after_fire"", ""start_geometry_sha256"": ""a94e79a6ed67022da3fd878c90286fd5c294f93bb649d1c083302f59f8d94e6b"", ""steps"": 120}]",830bd6eeaa80445c0c89e76f85c6e9ecb50466297b70bf8e524ac71bdaaa8bda,-129.55338523698745,True,0.06756657739435765,100.0,100.0,0.08,converged,,bfgs_standard,"[{""ase_converged"": true, ""converged"": true, ""end_geometry_sha256"": ""c2de7ab3106433beab2bf941022007c408cdd5b855ed2c093980e0a02a3570dd"", ""failure_class"": null, ""max_force_eV_A"": 0.06756657739435765, ""name"": ""bfgs_standard"", ""start_geometry_sha256"": ""048cd06165a0138d9a79fbaa747139dc6d5a1dd917d92ccc4215f838d052b983"", ""steps"": 100}]",c2de7ab3106433beab2bf941022007c408cdd5b855ed2c093980e0a02a3570dd,0.359886469990015,True,0.07468386885533318,72.0,100.0,0.08,converged,,bfgs_standard,"[{""ase_converged"": true, ""converged"": true, ""end_geometry_sha256"": ""e8e18b0bb3e0ac6b7ffb746229ad8a0a99d223853c6bfc8e491085fd075d2ca7"", ""failure_class"": null, ""max_force_eV_A"": 0.07468386885533318, ""name"": ""bfgs_standard"", ""start_geometry_sha256"": ""a9ba329ff3d3cee8124b6e7c86f1c015a40dea046d74d50086923ec03f0a4ed5"", ""steps"": 72}]",e8e18b0bb3e0ac6b7ffb746229ad8a0a99d223853c6bfc8e491085fd075d2ca7,0.03652612045407651,True,0.06957692459681535,77.0,100.0,0.08,converged,,bfgs_standard,"[{""ase_converged"": true, ""converged"": true, ""end_geometry_sha256"": ""4e949abbe0f3be461ac2e683904df5e4ede42b4bff06ce40eff7aa0a1b724a9e"", ""failure_class"": null, ""max_force_eV_A"": 0.06957692459681535, ""name"": ""bfgs_standard"", ""start_geometry_sha256"": ""714c8ac351cae480ae9c72999876fb7d5eddc80a6adc84cd3036ae35bd1fb6bb"", ""steps"": 77}]",4e949abbe0f3be461ac2e683904df5e4ede42b4bff06ce40eff7aa0a1b724a9e,3.783627460896972,1.5523603495359386,step_3_OH,10.0,-2.0,True,0.3964125904440915,0.5775000000349999,False,quantitative_screening,2,2,f86624287f4c415c4e88,False,
"('DAC', 'Hf', 'Zn', 'N2S2N2', 'N-mesoporous_carbon')",DAC,True,esen-sm-conserving-all-oc25:relax-v4:orr-che-v3,True,0.07869223250429964,347,150,0.08,converged,,bfgs_after_fire,"[{""ase_converged"": false, ""converged"": false, ""end_geometry_sha256"": ""fc23a2b1ceffa89e60c219f290bc9a1cbc349a899b32989dc9e8f98cdc6ee18c"", ""failure_class"": ""force_threshold"", ""max_force_eV_A"": 0.5311736916133033, ""name"": ""bfgs_standard"", ""start_geometry_sha256"": ""399664ad465072ee7b6767ff600f2619cc9ff1fd98182cab643c510b16b4fdcb"", ""steps"": 150}, {""ase_converged"": false, ""converged"": false, ""end_geometry_sha256"": ""2fcc4e0f779d0185ae570198e352269c048058d7054e2fe8de9ebf029f841b89"", ""failure_class"": ""force_threshold"", ""max_force_eV_A"": 0.5570633286138101, ""name"": ""fire_precondition"", ""qualifying"": false, ""start_geometry_sha256"": ""399664ad465072ee7b6767ff600f2619cc9ff1fd98182cab643c510b16b4fdcb"", ""steps"": 75}, {""ase_converged"": true, ""converged"": true, ""end_geometry_sha256"": ""c5db26d5627948b8f0fdbea920605c0ad6e99443a9adccef44b940d144f5a540"", ""failure_class"": null, ""max_force_eV_A"": 0.07869223250429964, ""name"": ""bfgs_after_fire"", ""start_geometry_sha256"": ""2fcc4e0f779d0185ae570198e352269c048058d7054e2fe8de9ebf029f841b89"", ""steps"": 122}]",c5db26d5627948b8f0fdbea920605c0ad6e99443a9adccef44b940d144f5a540,-134.33438615730117,True,0.065307238050011,74.0,100.0,0.08,converged,,bfgs_standard,"[{""ase_converged"": true, ""converged"": true, ""end_geometry_sha256"": ""af8ff4fec30a79b9ab5fa04690a59a3c5084b9f4be2bf22fd4d664f67dec8dfc"", ""failure_class"": null, ""max_force_eV_A"": 0.065307238050011, ""name"": ""bfgs_standard"", ""start_geometry_sha256"": ""448e8220a78ad35453c40b01d4c94b578b42e0c063895819a0ea8845bbe7c8c7"", ""steps"": 74}]",af8ff4fec30a79b9ab5fa04690a59a3c5084b9f4be2bf22fd4d664f67dec8dfc,-0.5907351349294185,True,0.06975537799337249,79.0,100.0,0.08,converged,,bfgs_standard,"[{""ase_converged"": true, ""converged"": true, ""end_geometry_sha256"": ""9f511bbccf1a7bdaf0425822683c99c848d89d41d44bed28c5e63524ad63622a"", ""failure_class"": null, ""max_force_eV_A"": 0.06975537799337249, ""name"": ""bfgs_standard"", ""start_geometry_sha256"": ""17e1bfc99dba464830d8c5021e6178aab1c40a8ee508722130e58e7db816ba19"", ""steps"": 79}]",9f511bbccf1a7bdaf0425822683c99c848d89d41d44bed28c5e63524ad63622a,-0.8083320491015875,True,0.07264034455504785,57.0,100.0,0.08,converged,,bfgs_standard,"[{""ase_converged"": true, ""converged"": true, ""end_geometry_sha256"": ""0b623d667b57cd8dad4af118edefb40bfe206b6dcba973686bc67c0cff9cea28"", ""failure_class"": null, ""max_force_eV_A"": 0.07264034455504785, ""name"": ""bfgs_standard"", ""start_geometry_sha256"": ""b84eb07fe3de4db940dc7300ec4e277f5830fb16c263a5d6697671f90e1ba2f8"", ""steps"": 57}]",0b623d667b57cd8dad4af118edefb40bfe206b6dcba973686bc67c0cff9cea28,2.6373295292258296,1.8197351349294186,step_4_H2O,10.0,0.0,True,1.399067184031006,0.5775000000349999,False,quantitative_screening,0,0,1bd7a0d416b22958c7b9,False,
"('DAC', 'Hf', 'Re', 'N6', 'Phosphorene')",DAC,True,esen-sm-conserving-all-oc25:relax-v4:orr-che-v3,True,0.07627255163024556,393,150,0.08,converged,,bfgs_after_fire,"[{""ase_converged"": false, ""converged"": false, ""end_geometry_sha256"": ""10a250f14e9fca721ebce91f681c65c870ced630f4a1f2cf95f040e070e80c31"", ""failure_class"": ""force_threshold"", ""max_force_eV_A"": 0.10708153063345742, ""name"": ""bfgs_standard"", ""start_geometry_sha256"": ""bc6a36555c56df5befdaf99458ad07c78a97cf51317839609d2e98773fd05206"", ""steps"": 150}, {""ase_converged"": false, ""converged"": false, ""end_geometry_sha256"": ""40cace3d0f7756cc50b6bcb0e23cb42991500f78f17aacd8cd1794bdcd63d6b8"", ""failure_class"": ""force_threshold"", ""max_force_eV_A"": 1.6996328491968573, ""name"": ""fire_precondition"", ""qualifying"": false, ""start_geometry_sha256"": ""bc6a36555c56df5befdaf99458ad07c78a97cf51317839609d2e98773fd05206"", ""steps"": 75}, {""ase_converged"": true, ""converged"": true, ""end_geometry_sha256"": ""6309cf160f8db781c7705229352000eea057d4b1eb95b95460cb8cc306be5067"", ""failure_class"": null, ""max_force_eV_A"": 0.07627255163024556, ""name"": ""bfgs_after_fire"", ""start_geometry_sha256"": ""40cace3d0f7756cc50b6bcb0e23cb42991500f78f17aacd8cd1794bdcd63d6b8"", ""steps"": 168}]",6309cf160f8db781c7705229352000eea057d4b1eb95b95460cb8cc306be5067,-157.19384249909893,True,0.07637381939673847,100.0,100.0,0.08,converged,,bfgs_standard,"[{""ase_converged"": true, ""converged"": true, ""end_geometry_sha256"": ""b3d158f8c4ba20536e069cec70cdb4be252bd3ebb45c1865ef9f191e2250622b"", ""failure_class"": null, ""max_force_eV_A"": 0.07637381939673847, ""name"": ""bfgs_standard"", ""start_geometry_sha256"": ""2fb659ae480977584a7bd2594653672d617c3fa03491f5eca36afd0625fd6a71"", ""steps"": 100}]",b3d158f8c4ba20536e069cec70cdb4be252bd3ebb45c1865ef9f191e2250622b,-1.1200811241567135,True,0.07795598431888488,285.0,100.0,0.08,converged,,bfgs_after_fire,"[{""ase_converged"": false, ""converged"": false, ""end_geometry_sha256"": ""b53fd9d6e60c88dd4d1d41e3f85daf3f72581aad3736562b13891dca7d066afe"", ""failure_class"": ""force_threshold"", ""max_force_eV_A"": 0.218833871381038, ""name"": ""bfgs_standard"", ""start_geometry_sha256"": ""4ce492b126e02860fd45a950a005e20c491fe4c88dacb9c6a2f2e88026f1fe13"", ""steps"": 100}, {""ase_converged"": false, ""converged"": false, ""end_geometry_sha256"": ""59d3ac669d436466a61e0504ceabc2ce24a399c42d6f5da94f07a37d0b7593df"", ""failure_class"": ""force_threshold"", ""max_force_eV_A"": 0.33759336766676123, ""name"": ""fire_precondition"", ""qualifying"": false, ""start_geometry_sha256"": ""4ce492b126e02860fd45a950a005e20c491fe4c88dacb9c6a2f2e88026f1fe13"", ""steps"": 50}, {""ase_converged"": true, ""converged"": true, ""end_geometry_sha256"": ""85e2508c8cfc8599b116d26a8e4e2cdfe6e9124f3c9687c10d0bbac8815fd019"", ""failure_class"": null, ""max_force_eV_A"": 0.07795598431888488, ""name"": ""bfgs_after_fire"", ""start_geometry_sha256"": ""59d3ac669d436466a61e0504ceabc2ce24a399c42d6f5da94f07a37d0b7593df"", ""steps"": 135}]",85e2508c8cfc8599b116d26a8e4e2cdfe6e9124f3c9687c10d0bbac8815fd019,-1.7660437457263434,True,0.0642037334871499,85.0,100.0,0.08,converged,,bfgs_standard,"[{""ase_converged"": true, ""converged"": true, ""end_geometry_sha256"": ""2fbf453f1639c7017bebd2ca39b114c211e47d6f2df195e0b999c8185e0f37a7"", ""failure_class"": null, ""max_force_eV_A"": 0.0642037334871499, ""name"": ""bfgs_standard"", ""start_geometry_sha256"": ""2672e8cad027ae4e7202c668cda9cab884d3d4fd0a464b888cf1c441a00bc743"", ""steps"": 85}]",2fbf453f1639c7017bebd2ca39b114c211e47d6f2df195e0b999c8185e0f37a7,2.547268341481689,2.3490811241567133,step_4_H2O,10.0,-2.0,True,2.886124869883057,0.5775000000349999,False,quantitative_screening,2,2,962aebd1ebc1a9853858,False,
"('DAC', 'Hf', 'Ga', 'N4N4', 'N-carbon_black')",DAC,True,esen-sm-conserving-all-oc25:relax-v4:orr-che-v3,True,0.0672723558860557,66,150,0.08,converged,,bfgs_standard,"[{""ase_converged"": true, ""converged"": true, ""end_geometry_sha256"": ""2aace5a14f7fc06c9271d33473ebc1a4f96da97205a475cbd09aa0fabe150e9a"", ""failure_class"": null, ""max_force_eV_A"": 0.0672723558860557, ""name"": ""bfgs_standard"", ""start_geometry_sha256"": ""b9d0caf49c5696c08190c6b4a3ae2fbc7c6a86bec467680314c036f15be98ce5"", ""steps"": 66}]",2aace5a14f7fc06c9271d33473ebc1a4f96da97205a475cbd09aa0fabe150e9a,-170.1817999417836,True,0.07863675091613155,46.0,100.0,0.08,converged,,bfgs_standard,"[{""ase_converged"": true, ""converged"": true, ""end_geometry_sha256"": ""d2b0fc6685e39df87b9863d8f82a6287347bd23ccece5aad680c7b2661cddda2"", ""failure_class"": null, ""max_force_eV_A"": 0.07863675091613155, ""name"": ""bfgs_standard"", ""start_geometry_sha256"": ""81514e73fd5c71f478bf7b0ddb7978206f0a5233b874c1aadff692e00682ba3f"", ""steps"": 46}]",d2b0fc6685e39df87b9863d8f82a6287347bd23ccece5aad680c7b2661cddda2,-2.3501068924367425,True,0.07843940546066719,48.0,100.0,0.08,converged,,bfgs_standard,"[{""ase_converged"": true, ""converged"": true, ""end_geometry_sha256"": ""8f897e2f88baaf894b87823854819958c9c0e2ece12933c0e6251d1646432b11"", ""failure_class"": null, ""max_force_eV_A"": 0.07843940546066719, ""name"": ""bfgs_standard"", ""start_geometry_sha256"": ""e1f6657a34243f28d0d085e0e204fc7f7f4690e23b3bfcbeb9e7cd074d60f485"", ""steps"": 48}]",8f897e2f88baaf894b87823854819958c9c0e2ece12933c0e6251d1646432b11,-3.1015487544238534,True,0.06596381326779782,60.0,100.0,0.08,converged,,bfgs_standard,"[{""ase_converged"": true, ""converged"": true, ""end_geometry_sha256"": ""bc06923ce07bea3cdc5a3ac7e1564ccb3c4d04726b1a76a35e2efb9578b88e2c"", ""failure_class"": null, ""max_force_eV_A"": 0.06596381326779782, ""name"": ""bfgs_standard"", ""start_geometry_sha256"": ""7ba7cbb38a6cf92c3bc31f266109d9ebae8e67b7df40bf82abcfdb30bb5d7e36"", ""steps"": 60}]",bc06923ce07bea3cdc5a3ac7e1564ccb3c4d04726b1a76a35e2efb9578b88e2c,-2.7411289706826176,3.0,step_4_H2O,10.0,-0.24412514432750854,True,5.451655646860596,0.5775000000349999,False,quantitative_screening,1,1,14c433a759ebbd7a8615,False,
"('MOF', 'Hf', 'Porphyrin', 'N3S', 20.0)",MOF,False,esen-sm-conserving-all-oc25:relax-v4:orr-che-v3,False,0.23771168048981223,928,150,0.08,recovery_exhausted,,fire_precondition,"[{""ase_converged"": false, ""converged"": false, ""end_geometry_sha256"": ""56b9fa3ae62828411ad858470f419cbc335d477c5b41b2b1448d7c9eb63c7fdd"", ""failure_class"": ""force_threshold"", ""max_force_eV_A"": 0.5433392882677216, ""name"": ""bfgs_standard"", ""start_geometry_sha256"": ""4ac66de6202967219bcf81ee82ddb9fc98c4308aa485d2bd46c7dcf012f1b265"", ""steps"": 150}, {""ase_converged"": true, ""converged"": true, ""end_geometry_sha256"": ""2638a1cd75c6e849a9a4fde024fef64c1cf2f4118d6af2ff2d542bafc86b5cc1"", ""failure_class"": null, ""max_force_eV_A"": 0.23771168048981223, ""name"": ""fire_precondition"", ""qualifying"": false, ""start_geometry_sha256"": ""4ac66de6202967219bcf81ee82ddb9fc98c4308aa485d2bd46c7dcf012f1b265"", ""steps"": 28}, {""ase_converged"": false, ""converged"": false, ""end_geometry_sha256"": ""fdba916dff213f6aa6b3eb72236203190381dda8c61533bbdaabe1373b355ff7"", ""failure_class"": ""force_threshold"", ""max_force_eV_A"": 1.6041199536927477, ""name"": ""bfgs_after_fire"", ""start_geometry_sha256"": ""2638a1cd75c6e849a9a4fde024fef64c1cf2f4118d6af2ff2d542bafc86b5cc1"", ""steps"": 300}, {""ase_converged"": false, ""converged"": false, ""end_geometry_sha256"": ""61d82d46546d73466de4cd73e4b8157ccd5f2e0dd4a7b4e62e1cdb6bfac116a7"", ""failure_class"": ""force_threshold"", ""max_force_eV_A"": 0.4306783023707046, ""name"": ""fire_small_step"", ""start_geometry_sha256"": ""2638a1cd75c6e849a9a4fde024fef64c1cf2f4118d6af2ff2d542bafc86b5cc1"", ""steps"": 450}]",2638a1cd75c6e849a9a4fde024fef64c1cf2f4118d6af2ff2d542bafc86b5cc1,,,,,,,,,,,,,,,,,,,,,,,,,,,,,,,,,,,,,,,,,,True,validation_required,0,0,3700bdd2d12742b4e78a,False,Unconverged clean relaxation: max_force=0.237712 eV/A after 928 cumulative recovery steps
"('MOF', 'Hf', 'Triazolate', 'N4O2', 25.0)",MOF,True,esen-sm-conserving-all-oc25:relax-v4:orr-che-v3,True,0.05866114699317528,257,150,0.08,converged,,bfgs_after_fire,"[{""ase_converged"": false, ""converged"": false, ""end_geometry_sha256"": ""0bca4a3d408843d8e27b7aaf21bcd84d0259eb9b3e6df2db3beec42e807dc53b"", ""failure_class"": ""force_threshold"", ""max_force_eV_A"": 1.3719345884306533, ""name"": ""bfgs_standard"", ""start_geometry_sha256"": ""3dcc7ba95075c735ae54359b67bbdce3f667e08260e7205da8b9fbfd518be5bf"", ""steps"": 150}, {""ase_converged"": true, ""converged"": true, ""end_geometry_sha256"": ""be5ce36898b6598f6b6a4ec7c96a2f45d1655011028deb4318feef21140a2e39"", ""failure_class"": null, ""max_force_eV_A"": 0.1695984681421144, ""name"": ""fire_precondition"", ""qualifying"": false, ""start_geometry_sha256"": ""3dcc7ba95075c735ae54359b67bbdce3f667e08260e7205da8b9fbfd518be5bf"", ""steps"": 26}, {""ase_converged"": true, ""converged"": true, ""end_geometry_sha256"": ""10866dc74254afdb5de4968f264355a2058c4d48df0f306cee02f82a426ce90a"", ""failure_class"": null, ""max_force_eV_A"": 0.05866114699317528, ""name"": ""bfgs_after_fire"", ""start_geometry_sha256"": ""be5ce36898b6598f6b6a4ec7c96a2f45d1655011028deb4318feef21140a2e39"", ""steps"": 81}]",10866dc74254afdb5de4968f264355a2058c4d48df0f306cee02f82a426ce90a,-134.95425587919107,True,0.07652490489729642,14.0,100.0,0.08,converged,,bfgs_standard,"[{""ase_converged"": true, ""converged"": true, ""end_geometry_sha256"": ""84b7fb83376de587e34d0a6a3667c7a127f07af2e8a231c28df138ba3048de5c"", ""failure_class"": null, ""max_force_eV_A"": 0.07652490489729642, ""name"": ""bfgs_standard"", ""start_geometry_sha256"": ""39f5ab4bb28caeee01c7c4d5995d69b5dde246a529519d082f03334274a312ec"", ""steps"": 14}]",84b7fb83376de587e34d0a6a3667c7a127f07af2e8a231c28df138ba3048de5c,0.739602389484644,True,0.07577380197034334,222.0,100.0,0.08,converged,,bfgs_after_fire,"[{""ase_converged"": false, ""converged"": false, ""end_geometry_sha256"": ""e5b57b6a344e9575b7eba08446563ad53aed7ff04a70aea0ad0dac87c375753f"", ""failure_class"": ""force_threshold"", ""max_force_eV_A"": 0.4841641193666128, ""name"": ""bfgs_standard"", ""start_geometry_sha256"": ""2d8c3ba7534d8eacd2ba07850bfec03ae19bd0efe1f56b0eb4f21cca87c8cbee"", ""steps"": 100}, {""ase_converged"": false, ""converged"": false, ""end_geometry_sha256"": ""242fe986cba623452b2e5249cd677a5eed0b5aea1846d18cdc59f5ae49944208"", ""failure_class"": ""force_threshold"", ""max_force_eV_A"": 0.8605730358050784, ""name"": ""fire_precondition"", ""qualifying"": false, ""start_geometry_sha256"": ""2d8c3ba7534d8eacd2ba07850bfec03ae19bd0efe1f56b0eb4f21cca87c8cbee"", ""steps"": 50}, {""ase_converged"": true, ""converged"": true, ""end_geometry_sha256"": ""d423e95deefdc61dd4d9490beba38147e1e099d7aa887b374b67de14ef2d99a0"", ""failure_class"": null, ""max_force_eV_A"": 0.07577380197034334, ""name"": ""bfgs_after_fire"", ""start_geometry_sha256"": ""242fe986cba623452b2e5249cd677a5eed0b5aea1846d18cdc59f5ae49944208"", ""steps"": 72}]",d423e95deefdc61dd4d9490beba38147e1e099d7aa887b374b67de14ef2d99a0,-5.9550200335681405,True,0.07865808723317054,79.0,100.0,0.08,converged,,bfgs_standard,"[{""ase_converged"": true, ""converged"": true, ""end_geometry_sha256"": ""16286da464261454aec093ede14ca7f2b55c31d920e5d9a1d8f5d964fe766de1"", ""failure_class"": null, ""max_force_eV_A"": 0.07865808723317054, ""name"": ""bfgs_standard"", ""start_geometry_sha256"": ""4837dbaeab87e712ec6fde0d1a5cdfd8891fdc575b932fd1fb75babe497f1748"", ""steps"": 79}]",16286da464261454aec093ede14ca7f2b55c31d920e5d9a1d8f5d964fe766de1,4.056036423146729,3.0,step_3_OH,10.0,-1.045757490560675,True,6.694622423052785,0.480000000035,True,quantitative_screening,1,1,83cb2c2e4af6008c2594,False,
"('MOF', 'Hf', 'DOBDC', 'N6', 12.0)",MOF,True,esen-sm-conserving-all-oc25:relax-v4:orr-che-v3,True,0.06766230896919212,78,150,0.08,converged,,bfgs_standard,"[{""ase_converged"": true, ""converged"": true, ""end_geometry_sha256"": ""0d9dc8a06f1faee325ec454756643bc386b6646286158eb1a9b38e4cc99c52f8"", ""failure_class"": null, ""max_force_eV_A"": 0.06766230896919212, ""name"": ""bfgs_standard"", ""start_geometry_sha256"": ""a8ebceb9164fcc745a79dcb0899d5afb59d5d58751397109c5ad869a5a42fa02"", ""steps"": 78}]",0d9dc8a06f1faee325ec454756643bc386b6646286158eb1a9b38e4cc99c52f8,-150.94243310818769,True,0.07997826452849206,19.0,100.0,0.08,converged,,bfgs_standard,"[{""ase_converged"": true, ""converged"": true, ""end_geometry_sha256"": ""0ddcdcb3367a366b172883d3fd015695a3c972a04fa6e69c449b288be5102c33"", ""failure_class"": null, ""max_force_eV_A"": 0.07997826452849206, ""name"": ""bfgs_standard"", ""start_geometry_sha256"": ""aa7c7354b99d81a1bc44e3eee66cebe17be93fd4835fc458951b17944a02561e"", ""steps"": 19}]",0ddcdcb3367a366b172883d3fd015695a3c972a04fa6e69c449b288be5102c33,-2.8678588245809076,True,0.0694037671069868,19.0,100.0,0.08,converged,,bfgs_standard,"[{""ase_converged"": true, ""converged"": true, ""end_geometry_sha256"": ""67a48e42d41095570c66b45b3e3d3ef23ad01be3df9417b45f4f6f8372288860"", ""failure_class"": null, ""max_force_eV_A"": 0.0694037671069868, ""name"": ""bfgs_standard"", ""start_geometry_sha256"": ""0cdfbb5436bf78cd100480f9651bf3cdcb744743281dfa79cfc9e677442133b5"", ""steps"": 19}]",67a48e42d41095570c66b45b3e3d3ef23ad01be3df9417b45f4f6f8372288860,-2.051226460188624,True,0.06375663226060183,11.0,100.0,0.08,converged,,bfgs_standard,"[{""ase_converged"": true, ""converged"": true, ""end_geometry_sha256"": ""1d36aaa1d0b1dd2bd4a62a2ba82a9f54fe8bacd0e9acd7d305ff704485c98cc4"", ""failure_class"": null, ""max_force_eV_A"": 0.06375663226060183, ""name"": ""bfgs_standard"", ""start_geometry_sha256"": ""43929cef9a5790c8e90759139c59937276bb1b4f8d6a523a8fdfd426361aa98f"", ""steps"": 11}]",1d36aaa1d0b1dd2bd4a62a2ba82a9f54fe8bacd0e9acd7d305ff704485c98cc4,0.8159312710166013,3.0,step_4_H2O,10.0,-1.045757490560675,True,4.919085284769531,0.480000000035,True,quantitative_screening,2,2,d1acbf72a8a6284ae912,False,
"('MOF', 'Hf', 'HHTP', 'N4', 6.0)",MOF,True,esen-sm-conserving-all-oc25:relax-v4:orr-che-v3,True,0.06846671234705747,91,150,0.08,converged,,bfgs_standard,"[{""ase_converged"": true, ""converged"": true, ""end_geometry_sha256"": ""d81a0dce96976952864b7b8a5b1d8d1463c9a996f403b34e59c2c90857600d55"", ""failure_class"": null, ""max_force_eV_A"": 0.06846671234705747, ""name"": ""bfgs_standard"", ""start_geometry_sha256"": ""bac4e88efa3186b58a3dd2382b45d6d9557db162c20894d28a5837d70fb5e628"", ""steps"": 91}]",d81a0dce96976952864b7b8a5b1d8d1463c9a996f403b34e59c2c90857600d55,-135.06466535269337,True,0.07686822556962698,17.0,100.0,0.08,converged,,bfgs_standard,"[{""ase_converged"": true, ""converged"": true, ""end_geometry_sha256"": ""9db043701ff0da71282f25265fb1bcea504ff1d23aa7fdc10b3d73edfc73afec"", ""failure_class"": null, ""max_force_eV_A"": 0.07686822556962698, ""name"": ""bfgs_standard"", ""start_geometry_sha256"": ""c319106768f8c05b619b30cb83b21328f2053009182d314fea100675425fa381"", ""steps"": 17}]",9db043701ff0da71282f25265fb1bcea504ff1d23aa7fdc10b3d73edfc73afec,-2.488822219222784,True,0.0688121151786044,17.0,100.0,0.08,converged,,bfgs_standard,"[{""ase_converged"": true, ""converged"": true, ""end_geometry_sha256"": ""86eb46d3bc080fe0fa9e89d4ce7fbda38e9f5d24a339231732f12c8827943d92"", ""failure_class"": null, ""max_force_eV_A"": 0.0688121151786044, ""name"": ""bfgs_standard"", ""start_geometry_sha256"": ""8eebff9ce8bd770c840566fa721501461db74d1fcd032f8bba70d4ceab9ef889"", ""steps"": 17}]",86eb46d3bc080fe0fa9e89d4ce7fbda38e9f5d24a339231732f12c8827943d92,-1.6195520989596808,True,0.07261774886409827,37.0,100.0,0.08,converged,,bfgs_standard,"[{""ase_converged"": true, ""converged"": true, ""end_geometry_sha256"": ""3f06fcc3ddaef9ff5037ea2106c8fc170c3bb05320eff42f9cf8a7ea80fea058"", ""failure_class"": null, ""max_force_eV_A"": 0.07261774886409827, ""name"": ""bfgs_standard"", ""start_geometry_sha256"": ""8233b1fe8734b9701f6bcefb608b1131ddf7f19844f1c28a41af0c91fa60bdaf"", ""steps"": 37}]",3f06fcc3ddaef9ff5037ea2106c8fc170c3bb05320eff42f9cf8a7ea80fea058,0.808366726338867,3.0,step_4_H2O,10.0,-1.045757490560675,True,4.108374318182465,0.480000000035,True,quantitative_screening,1,1,d1ee9d6090fa881749e5,False,
"('MOF', 'Ta', 'Porphyrin', 'N2O2', 16.0)",MOF,True,esen-sm-conserving-all-oc25:relax-v4:orr-che-v3,True,0.07549111423038705,148,150,0.08,converged,,bfgs_standard,"[{""ase_converged"": true, ""converged"": true, ""end_geometry_sha256"": ""c626c27bf5c9c69f2a5144d40ef28ea59a6a4b7e8b91dc287f9fd96923555e22"", ""failure_class"": null, ""max_force_eV_A"": 0.07549111423038705, ""name"": ""bfgs_standard"", ""start_geometry_sha256"": ""798bd9fe933920717d626b83ba8e91d71a6f7b1cc0025e67fc34aa8440425d2f"", ""steps"": 148}]",c626c27bf5c9c69f2a5144d40ef28ea59a6a4b7e8b91dc287f9fd96923555e22,-131.71576790674303,True,0.07008014331260125,39.0,100.0,0.08,converged,,bfgs_standard,"[{""ase_converged"": true, ""converged"": true, ""end_geometry_sha256"": ""3d61b753fd51c6c454d319e9632bffdfc4946ba9df010ef188bd6935b710956d"", ""failure_class"": null, ""max_force_eV_A"": 0.07008014331260125, ""name"": ""bfgs_standard"", ""start_geometry_sha256"": ""bee3baaee312350c84329f7af6e4bf8a13d4f90e8abc755d7c34e050623c6eb0"", ""steps"": 39}]",3d61b753fd51c6c454d319e9632bffdfc4946ba9df010ef188bd6935b710956d,0.22410661235451695,True,0.07206447198294902,50.0,100.0,0.08,converged,,bfgs_standard,"[{""ase_converged"": true, ""converged"": true, ""end_geometry_sha256"": ""28378e3b975298712ebd0816bb69c65e686e09955f3fe11315ab34b32f5bca02"", ""failure_class"": null, ""max_force_eV_A"": 0.07206447198294902, ""name"": ""bfgs_standard"", ""start_geometry_sha256"": ""171db267e323e3fc8340af6f9001938e0fa4ab9af379106211240040b990a9f4"", ""steps"": 50}]",28378e3b975298712ebd0816bb69c65e686e09955f3fe11315ab34b32f5bca02,1.6514543659985101,True,0.07863827454491162,95.0,100.0,0.08,converged,,bfgs_standard,"[{""ase_converged"": true, ""converged"": true, ""end_geometry_sha256"": ""b16958a9b8a7176ae8e546de7cd398a6d7a7a4ab5b6acb8a3100c6c5d8317e7e"", ""failure_class"": null, ""max_force_eV_A"": 0.07863827454491162, ""name"": ""bfgs_standard"", ""start_geometry_sha256"": ""7e1e8e7c21207c45afd00a8ab23c78c006a1c1b3495d78151db72091293a3edc"", ""steps"": 95}]",b16958a9b8a7176ae8e546de7cd398a6d7a7a4ab5b6acb8a3100c6c5d8317e7e,3.4679564937949214,1.004893387645483,step_4_H2O,10.0,-1.3979400086720375,True,1.8755609783530272,0.480000000035,True,quantitative_screening,2,2,d81702be3ec10f5a83f2,False,
"('MOF', 'Ta', 'Pyrazole', 'N4', 40.0)",MOF,True,esen-sm-conserving-all-oc25:relax-v4:orr-che-v3,True,0.07592428695006692,646,150,0.08,converged,,fire_small_step,"[{""ase_converged"": false, ""converged"": false, ""end_geometry_sha256"": ""6943d929806c03ad6a7414f8c836aad1ac72e4a355504bb2b2294891d3b6980a"", ""failure_class"": ""force_threshold"", ""max_force_eV_A"": 0.26234444432726695, ""name"": ""bfgs_standard"", ""start_geometry_sha256"": ""a5ab72fbb19f42e0365c06e20935c8066e298b4117f1467287e92f35c272261d"", ""steps"": 150}, {""ase_converged"": false, ""converged"": false, ""end_geometry_sha256"": ""32d9d0c957e9e72f6d44f6449b9d4a0828339d42c32d6f46f1febbcf91c9eb23"", ""failure_class"": ""force_threshold"", ""max_force_eV_A"": 0.8928209101441144, ""name"": ""fire_precondition"", ""qualifying"": false, ""start_geometry_sha256"": ""a5ab72fbb19f42e0365c06e20935c8066e298b4117f1467287e92f35c272261d"", ""steps"": 75}, {""ase_converged"": false, ""converged"": false, ""end_geometry_sha256"": ""9fe15bbd331268a5182fa09c8ef78953cc1932a43af48a671bac30f559f6b391"", ""failure_class"": ""force_threshold"", ""max_force_eV_A"": 0.2249733267462431, ""name"": ""bfgs_after_fire"", ""start_geometry_sha256"": ""32d9d0c957e9e72f6d44f6449b9d4a0828339d42c32d6f46f1febbcf91c9eb23"", ""steps"": 300}, {""ase_converged"": true, ""converged"": true, ""end_geometry_sha256"": ""53b1656755ca9a2e1c60dc32fc84314d2c82a986ee75177ba7e047cdf29f1986"", ""failure_class"": null, ""max_force_eV_A"": 0.07592428695006692, ""name"": ""fire_small_step"", ""start_geometry_sha256"": ""9fe15bbd331268a5182fa09c8ef78953cc1932a43af48a671bac30f559f6b391"", ""steps"": 121}]",53b1656755ca9a2e1c60dc32fc84314d2c82a986ee75177ba7e047cdf29f1986,-194.12820123074204,True,0.07393079070479089,203.0,100.0,0.08,converged,,bfgs_after_fire,"[{""ase_converged"": false, ""converged"": false, ""end_geometry_sha256"": ""4d2b33dfba304198eab70c156b7bf38d8b2f04d6c17cd3f4f0c1905c32c617db"", ""failure_class"": ""force_threshold"", ""max_force_eV_A"": 0.15146085454981056, ""name"": ""bfgs_standard"", ""start_geometry_sha256"": ""6f999d51c0dfcb8141862f4cb8f333fa2b65741f22c839d5b66f2db127514367"", ""steps"": 100}, {""ase_converged"": false, ""converged"": false, ""end_geometry_sha256"": ""5c49c29851ed9fcef7e9e64bae1134910bdac169d8c6f7867f8f3a3d3f17f70e"", ""failure_class"": ""force_threshold"", ""max_force_eV_A"": 0.4238296202892389, ""name"": ""fire_precondition"", ""qualifying"": false, ""start_geometry_sha256"": ""6f999d51c0dfcb8141862f4cb8f333fa2b65741f22c839d5b66f2db127514367"", ""steps"": 50}, {""ase_converged"": true, ""converged"": true, ""end_geometry_sha256"": ""717fba87410337fc8794615b89090d3383edcaaf6509f237ab279bdbeb3e7026"", ""failure_class"": null, ""max_force_eV_A"": 0.07393079070479089, ""name"": ""bfgs_after_fire"", ""start_geometry_sha256"": ""5c49c29851ed9fcef7e9e64bae1134910bdac169d8c6f7867f8f3a3d3f17f70e"", ""steps"": 53}]",717fba87410337fc8794615b89090d3383edcaaf6509f237ab279bdbeb3e7026,-2.53917330250144,True,0.07467618036783878,59.0,100.0,0.08,converged,,bfgs_standard,"[{""ase_converged"": true, ""converged"": true, ""end_geometry_sha256"": ""7fa82051bd462b31a9789ccf24869a9a577aee473c79e0b17cb85860e4b5b6b5"", ""failure_class"": null, ""max_force_eV_A"": 0.07467618036783878, ""name"": ""bfgs_standard"", ""start_geometry_sha256"": ""2eaf6786ab0a8b72a836fe28d659ace6b15908118a47e13ccca9d096ead847f8"", ""steps"": 59}]",7fa82051bd462b31a9789ccf24869a9a577aee473c79e0b17cb85860e4b5b6b5,-2.5619517199695077,True,0.0696119723739742,290.0,100.0,0.08,converged,,bfgs_after_fire,"[{""ase_converged"": false, ""converged"": false, ""end_geometry_sha256"": ""b75e7053db01b76b549e5e2b7d1fff3d4f1e8598f5400a55b4272c96e58946d3"", ""failure_class"": ""force_threshold"", ""max_force_eV_A"": 0.13032229335771556, ""name"": ""bfgs_standard"", ""start_geometry_sha256"": ""7df2a9b31756e26bf4f7c2760ae30fc7d70eae314a8d4d528c8527a63c7528c5"", ""steps"": 100}, {""ase_converged"": false, ""converged"": false, ""end_geometry_sha256"": ""b8b00466f2ee2d4c70fd2abf989672635fae8d1b6a3037af054c3f5f7c0ee75d"", ""failure_class"": ""force_threshold"", ""max_force_eV_A"": 2.8368033940004143, ""name"": ""fire_precondition"", ""qualifying"": false, ""start_geometry_sha256"": ""7df2a9b31756e26bf4f7c2760ae30fc7d70eae314a8d4d528c8527a63c7528c5"", ""steps"": 50}, {""ase_converged"": true, ""converged"": true, ""end_geometry_sha256"": ""17898db4c2f34d6717d0debc36d338f21b54028fb25a76571a5fe3125d32f780"", ""failure_class"": null, ""max_force_eV_A"": 0.0696119723739742, ""name"": ""bfgs_after_fire"", ""start_geometry_sha256"": ""b8b00466f2ee2d4c70fd2abf989672635fae8d1b6a3037af054c3f5f7c0ee75d"", ""steps"": 140}]",17898db4c2f34d6717d0debc36d338f21b54028fb25a76571a5fe3125d32f780,-6.160559226572509,3.0,step_2_O,10.0,-1.3979400086720375,True,5.1011250224709475,0.480000000035,True,quantitative_screening,0,0,faae23267bc1678a74ee,False,
"('MOF', 'Ta', 'DOBDC', 'O6', 8.0)",MOF,True,esen-sm-conserving-all-oc25:relax-v4:orr-che-v3,True,0.07433610501166013,59,150,0.08,converged,,bfgs_standard,"[{""ase_converged"": true, ""converged"": true, ""end_geometry_sha256"": ""a84b3ae2583883b51ba129479e4033bbc89188fc17ea9d4c0babf776e0393738"", ""failure_class"": null, ""max_force_eV_A"": 0.07433610501166013, ""name"": ""bfgs_standard"", ""start_geometry_sha256"": ""3f3ccffcd17a807ebcf4ccfee95232b7c86a2f029a2ad680052ccff59c065591"", ""steps"": 59}]",a84b3ae2583883b51ba129479e4033bbc89188fc17ea9d4c0babf776e0393738,-138.2055302008858,True,0.06646655162417449,12.0,100.0,0.08,converged,,bfgs_standard,"[{""ase_converged"": true, ""converged"": true, ""end_geometry_sha256"": ""172fcaca7be10ee20fdb0c9bf9529a5d1ce7e92ab8f328a7de069b48da1eabf3"", ""failure_class"": null, ""max_force_eV_A"": 0.06646655162417449, ""name"": ""bfgs_standard"", ""start_geometry_sha256"": ""417ce94a4d5ea3f6d7275c5f3271cd8b584657531cb49aee66cc231a8c4fbb38"", ""steps"": 12}]",172fcaca7be10ee20fdb0c9bf9529a5d1ce7e92ab8f328a7de069b48da1eabf3,-2.0935936395823953,True,0.06234022071561047,24.0,100.0,0.08,converged,,bfgs_standard,"[{""ase_converged"": true, ""converged"": true, ""end_geometry_sha256"": ""124927f50df59424cfd8507934d30d8f9bcd7b9f04997c2e70b02b117d0f56a8"", ""failure_class"": null, ""max_force_eV_A"": 0.06234022071561047, ""name"": ""bfgs_standard"", ""start_geometry_sha256"": ""3ff459dd1690c74ac436c0006667fe58c4f3ce6550f54e30668f2ebe47ba4c86"", ""steps"": 24}]",124927f50df59424cfd8507934d30d8f9bcd7b9f04997c2e70b02b117d0f56a8,-2.0859941773116555,True,0.0648414808820597,19.0,100.0,0.08,converged,,bfgs_standard,"[{""ase_converged"": true, ""converged"": true, ""end_geometry_sha256"": ""f45f580f9fc6039e50ad7eb46d2e16eb666471a9738cfa755d3b07630c9f333a"", ""failure_class"": null, ""max_force_eV_A"": 0.0648414808820597, ""name"": ""bfgs_standard"", ""start_geometry_sha256"": ""f3b62db5f16cee0f7ee94ef5bc58175d7491efd32260fbc45f62a3b69a8020cb"", ""steps"": 19}]",f45f580f9fc6039e50ad7eb46d2e16eb666471a9738cfa755d3b07630c9f333a,1.4166361793875728,3.0,step_4_H2O,10.0,-1.3979400086720375,True,4.179587816894051,0.480000000035,True,quantitative_screening,1,1,164b9c818a227a0ff8df,False,
"('MOF', 'Ta', 'BTB', 'N3P', 20.0)",MOF,True,esen-sm-conserving-all-oc25:relax-v4:orr-che-v3,True,0.07563210529556905,611,150,0.08,converged,,fire_small_step,"[{""ase_converged"": false, ""converged"": false, ""end_geometry_sha256"": ""c6d6caafbf4f0b39d6c1552c8b40083d12c6f9e0bafd10fd700373211ebc4cd2"", ""failure_class"": ""force_threshold"", ""max_force_eV_A"": 0.2888150673231643, ""name"": ""bfgs_standard"", ""start_geometry_sha256"": ""db9fef3c6fc3c05ba5d6bb2d4169fc134e3f34c0503b3bc5b2090e2591f6c535"", ""steps"": 150}, {""ase_converged"": false, ""converged"": false, ""end_geometry_sha256"": ""f15dd4605904be592931996e32a079e618f3dd59dc48aedee889cab67f85bed2"", ""failure_class"": ""force_threshold"", ""max_force_eV_A"": 7.963219825359556, ""name"": ""fire_precondition"", ""qualifying"": false, ""start_geometry_sha256"": ""db9fef3c6fc3c05ba5d6bb2d4169fc134e3f34c0503b3bc5b2090e2591f6c535"", ""steps"": 75}, {""ase_converged"": false, ""converged"": false, ""end_geometry_sha256"": ""248bed17595a53d776bd1cfd7dc18f4429b72a0a4823713993af095e4417089b"", ""failure_class"": ""force_threshold"", ""max_force_eV_A"": 0.22720424793055377, ""name"": ""bfgs_after_fire"", ""start_geometry_sha256"": ""f15dd4605904be592931996e32a079e618f3dd59dc48aedee889cab67f85bed2"", ""steps"": 300}, {""ase_converged"": true, ""converged"": true, ""end_geometry_sha256"": ""74298df0b00d451147930b7a31f64307dac111f41abd2d95618f97f3572a0a4f"", ""failure_class"": null, ""max_force_eV_A"": 0.07563210529556905, ""name"": ""fire_small_step"", ""start_geometry_sha256"": ""248bed17595a53d776bd1cfd7dc18f4429b72a0a4823713993af095e4417089b"", ""steps"": 86}]",74298df0b00d451147930b7a31f64307dac111f41abd2d95618f97f3572a0a4f,-192.90635674863262,True,0.07431620835829694,258.0,100.0,0.08,converged,,bfgs_after_fire,"[{""ase_converged"": false, ""converged"": false, ""end_geometry_sha256"": ""645bfebcd7dfc9d0d3de5aa9db39b62db0bf644b57d7bece30c95fa25710391e"", ""failure_class"": ""force_threshold"", ""max_force_eV_A"": 1.5889933052254375, ""name"": ""bfgs_standard"", ""start_geometry_sha256"": ""c9931343ad738aa9d73d209c15052f6c5c945a833e8455931d38599fc1677e26"", ""steps"": 100}, {""ase_converged"": false, ""converged"": false, ""end_geometry_sha256"": ""3bd1b5ecf10bcfce47c59b7ba1985d042f2ee1ca18f4c3766748a1c182a882e2"", ""failure_class"": ""force_threshold"", ""max_force_eV_A"": 0.37480185090111034, ""name"": ""fire_precondition"", ""qualifying"": false, ""start_geometry_sha256"": ""c9931343ad738aa9d73d209c15052f6c5c945a833e8455931d38599fc1677e26"", ""steps"": 50}, {""ase_converged"": true, ""converged"": true, ""end_geometry_sha256"": ""479396098ad3695f8b2563e5811fbf273e2a1e4c953ddaae747a9f2d90ec2923"", ""failure_class"": null, ""max_force_eV_A"": 0.07431620835829694, ""name"": ""bfgs_after_fire"", ""start_geometry_sha256"": ""3bd1b5ecf10bcfce47c59b7ba1985d042f2ee1ca18f4c3766748a1c182a882e2"", ""steps"": 108}]",479396098ad3695f8b2563e5811fbf273e2a1e4c953ddaae747a9f2d90ec2923,-2.0882684563100335,True,0.07619293898532126,209.0,100.0,0.08,converged,,bfgs_after_fire,"[{""ase_converged"": false, ""converged"": false, ""end_geometry_sha256"": ""4167e831cc3dc15bc8abfb24cac31b20068e8cf50dae2e5e4ef625c691c0006a"", ""failure_class"": ""force_threshold"", ""max_force_eV_A"": 0.25000702084377635, ""name"": ""bfgs_standard"", ""start_geometry_sha256"": ""16e952763b86abcd9629f5d83e770249de35310ffabf9b714a0cb2d790f0138a"", ""steps"": 100}, {""ase_converged"": true, ""converged"": true, ""end_geometry_sha256"": ""95b0217552fb93855b69f8736dc25eaa1522194f436391ccf647b845db683482"", ""failure_class"": null, ""max_force_eV_A"": 0.19276221296438123, ""name"": ""fire_precondition"", ""qualifying"": false, ""start_geometry_sha256"": ""16e952763b86abcd9629f5d83e770249de35310ffabf9b714a0cb2d790f0138a"", ""steps"": 42}, {""ase_converged"": true, ""converged"": true, ""end_geometry_sha256"": ""be7753d44e2d7100f5bd3fbdd19f4a17e1d56d05a17d5914ebc8317ca9aee7c4"", ""failure_class"": null, ""max_force_eV_A"": 0.07619293898532126, ""name"": ""bfgs_after_fire"", ""start_geometry_sha256"": ""95b0217552fb93855b69f8736dc25eaa1522194f436391ccf647b845db683482"", ""steps"": 67}]",be7753d44e2d7100f5bd3fbdd19f4a17e1d56d05a17d5914ebc8317ca9aee7c4,-2.2213259570300545,True,0.06556195104156821,277.0,100.0,0.08,converged,,bfgs_after_fire,"[{""ase_converged"": false, ""converged"": false, ""end_geometry_sha256"": ""e27e1276703edda35a4da02790aec5cd6db1c584b0085f37003d2a97457d1cb3"", ""failure_class"": ""force_threshold"", ""max_force_eV_A"": 0.20105310107045882, ""name"": ""bfgs_standard"", ""start_geometry_sha256"": ""0d02c8b98c9b725de3868c3fc695321293a746f6e8d7f6329fbfb6688f670f49"", ""steps"": 100}, {""ase_converged"": false, ""converged"": false, ""end_geometry_sha256"": ""992b7f464248ce53be7aa4da2bbf7b329f5da64e4e934be6ff7983ee9f499dc6"", ""failure_class"": ""force_threshold"", ""max_force_eV_A"": 1.0713811334935135, ""name"": ""fire_precondition"", ""qualifying"": false, ""start_geometry_sha256"": ""0d02c8b98c9b725de3868c3fc695321293a746f6e8d7f6329fbfb6688f670f49"", ""steps"": 50}, {""ase_converged"": true, ""converged"": true, ""end_geometry_sha256"": ""bc38b74b4482451bb72632fa61c393b498a8b9ab88d763b25248d53ab0272fa9"", ""failure_class"": null, ""max_force_eV_A"": 0.06556195104156821, ""name"": ""bfgs_after_fire"", ""start_geometry_sha256"": ""992b7f464248ce53be7aa4da2bbf7b329f5da64e4e934be6ff7983ee9f499dc6"", ""steps"": 127}]",bc38b74b4482451bb72632fa61c393b498a8b9ab88d763b25248d53ab0272fa9,-6.289328147470947,3.0,step_2_O,10.0,-1.3979400086720375,True,4.309594413340088,0.480000000035,True,quantitative_screening,1,1,a87a03ac8ae785b96931,False,
"('MOF', 'W', 'BDC', 'N6', 16.0)",MOF,True,esen-sm-conserving-all-oc25:relax-v4:orr-che-v3,True,0.07031699214544114,126,150,0.08,converged,,bfgs_standard,"[{""ase_converged"": true, ""converged"": true, ""end_geometry_sha256"": ""e24e25fb2186e617911690124daa07056636b7537cfb9ca960bb84c330593a7c"", ""failure_class"": null, ""max_force_eV_A"": 0.07031699214544114, ""name"": ""bfgs_standard"", ""start_geometry_sha256"": ""d0ea67ea62a4f7eb225e82242779bd29e7f3f5d4650ec0833a4ddbb4d96f3420"", ""steps"": 126}]",e24e25fb2186e617911690124daa07056636b7537cfb9ca960bb84c330593a7c,-152.72095219541632,True,0.07582253046027519,57.0,100.0,0.08,converged,,bfgs_standard,"[{""ase_converged"": true, ""converged"": true, ""end_geometry_sha256"": ""50388d83794186ff308c90cd69998fa9e5569c6c773070e567b4870475d29011"", ""failure_class"": null, ""max_force_eV_A"": 0.07582253046027519, ""name"": ""bfgs_standard"", ""start_geometry_sha256"": ""be4b8a89701eb18ff46037daa0c0859dd8df067a904b1075517b3a65bd9ee83c"", ""steps"": 57}]",50388d83794186ff308c90cd69998fa9e5569c6c773070e567b4870475d29011,-0.9250618790090084,True,0.07784553700086984,77.0,100.0,0.08,converged,,bfgs_standard,"[{""ase_converged"": true, ""converged"": true, ""end_geometry_sha256"": ""239bdc0474e9d4858f0ac95611e9a9d77cc3601e339b58cd0d0ff80e8206174e"", ""failure_class"": null, ""max_force_eV_A"": 0.07784553700086984, ""name"": ""bfgs_standard"", ""start_geometry_sha256"": ""aca4a0192c51b15f0154d9e6aec44be7050e77d2ec3ef48ea706f897709dc5ee"", ""steps"": 77}]",239bdc0474e9d4858f0ac95611e9a9d77cc3601e339b58cd0d0ff80e8206174e,1.6861352093517816,True,0.07958337654852422,79.0,100.0,0.08,converged,,bfgs_standard,"[{""ase_converged"": true, ""converged"": true, ""end_geometry_sha256"": ""72ff5b42456e18f48a31f13072f795f0b99fac51ed4b05386a4bf3cd83d1d9d1"", ""failure_class"": null, ""max_force_eV_A"": 0.07958337654852422, ""name"": ""bfgs_standard"", ""start_geometry_sha256"": ""186c9450922c13478873ae62e6abe3bb88f6857410cdb5468b76c994c8ee2e06"", ""steps"": 79}]",72ff5b42456e18f48a31f13072f795f0b99fac51ed4b05386a4bf3cd83d1d9d1,2.4362678036093746,2.1540618790090083,step_4_H2O,10.0,-1.806179973983887,True,2.61119708836079,0.480000000035,True,quantitative_screening,2,2,4cd79edf69f1b049296e,False,
"('MOF', 'W', 'BPDC', 'N2Se2', 25.0)",MOF,True,esen-sm-conserving-all-oc25:relax-v4:orr-che-v3,True,0.07541523826038998,922,150,0.08,converged,,fire_small_step,"[{""ase_converged"": false, ""converged"": false, ""end_geometry_sha256"": ""22c3e2ef84ae37c6f3ad024f2f18ec561999e60be1c2de8ba8f7a26052730991"", ""failure_class"": ""force_threshold"", ""max_force_eV_A"": 0.9957064016512344, ""name"": ""bfgs_standard"", ""start_geometry_sha256"": ""ee3ccc5eab96f7b795dd7265463c24904aba3535dd0f66238cfae5080a68729b"", ""steps"": 150}, {""ase_converged"": false, ""converged"": false, ""end_geometry_sha256"": ""b11e1381706d9d938807332a48408ea64a5ce279e48095737a468b8689766713"", ""failure_class"": ""force_threshold"", ""max_force_eV_A"": 0.5243988011604693, ""name"": ""fire_precondition"", ""qualifying"": false, ""start_geometry_sha256"": ""ee3ccc5eab96f7b795dd7265463c24904aba3535dd0f66238cfae5080a68729b"", ""steps"": 75}, {""ase_converged"": false, ""converged"": false, ""end_geometry_sha256"": ""1bce7298b37602f581a830ad750fb19ed1102c72ea733ca9dc4fe12257879ff1"", ""failure_class"": ""force_threshold"", ""max_force_eV_A"": 0.38791285817931787, ""name"": ""bfgs_after_fire"", ""start_geometry_sha256"": ""b11e1381706d9d938807332a48408ea64a5ce279e48095737a468b8689766713"", ""steps"": 300}, {""ase_converged"": true, ""converged"": true, ""end_geometry_sha256"": ""c403741c336b701f0b1ea43506e9989246ac0024c5860ae484c25fedb42964ee"", ""failure_class"": null, ""max_force_eV_A"": 0.07541523826038998, ""name"": ""fire_small_step"", ""start_geometry_sha256"": ""1bce7298b37602f581a830ad750fb19ed1102c72ea733ca9dc4fe12257879ff1"", ""steps"": 397}]",c403741c336b701f0b1ea43506e9989246ac0024c5860ae484c25fedb42964ee,-196.16373850772197,True,0.07831899701113929,287.0,100.0,0.08,converged,,bfgs_after_fire,"[{""ase_converged"": false, ""converged"": false, ""end_geometry_sha256"": ""45c0a10c795ae1b6b700141e04c9bf6927864328707f6f51d1d12d79c1e24945"", ""failure_class"": ""force_threshold"", ""max_force_eV_A"": 0.08368408377377823, ""name"": ""bfgs_standard"", ""start_geometry_sha256"": ""0d61860ef8f0dfeb5475c961807d8edb6d1d5c792d90d726421d0c19a530cb59"", ""steps"": 100}, {""ase_converged"": false, ""converged"": false, ""end_geometry_sha256"": ""a37969a61df1ca5dc1b8931e1ed1df09620eb878f5c36ebf58a4950a00537bc7"", ""failure_class"": ""force_threshold"", ""max_force_eV_A"": 0.5253874900759332, ""name"": ""fire_precondition"", ""qualifying"": false, ""start_geometry_sha256"": ""0d61860ef8f0dfeb5475c961807d8edb6d1d5c792d90d726421d0c19a530cb59"", ""steps"": 50}, {""ase_converged"": true, ""converged"": true, ""end_geometry_sha256"": ""35ced88041849d757252ed3e63dfa744118f1d5b00719593cb6bf6ca193be11c"", ""failure_class"": null, ""max_force_eV_A"": 0.07831899701113929, ""name"": ""bfgs_after_fire"", ""start_geometry_sha256"": ""a37969a61df1ca5dc1b8931e1ed1df09620eb878f5c36ebf58a4950a00537bc7"", ""steps"": 137}]",35ced88041849d757252ed3e63dfa744118f1d5b00719593cb6bf6ca193be11c,-3.580421624034643,True,0.07348546665546853,84.0,100.0,0.08,converged,,bfgs_standard,"[{""ase_converged"": true, ""converged"": true, ""end_geometry_sha256"": ""7ad61dba0c6e39242ed0cbc9b25e8db772f92dde663ec19fec506d177ca39cd0"", ""failure_class"": null, ""max_force_eV_A"": 0.07348546665546853, ""name"": ""bfgs_standard"", ""start_geometry_sha256"": ""817dd908481d8904cd105898da1a2097ce95b3ee62f8776a6ebbf5e86b8ba04b"", ""steps"": 84}]",7ad61dba0c6e39242ed0cbc9b25e8db772f92dde663ec19fec506d177ca39cd0,-2.332741820067164,True,0.07790935158562697,299.0,100.0,0.08,converged,,bfgs_after_fire,"[{""ase_converged"": false, ""converged"": false, ""end_geometry_sha256"": ""2d3fb6b0c6afe7a1dd32667aa2a605e720145c6086a53118cd90bdc900d4597c"", ""failure_class"": ""force_threshold"", ""max_force_eV_A"": 0.19464102205264497, ""name"": ""bfgs_standard"", ""start_geometry_sha256"": ""3bfa7df1f09a58c0411f493ee4a0d6168cb0e74e6ba98dadb0b0a708f3a3617e"", ""steps"": 100}, {""ase_converged"": false, ""converged"": false, ""end_geometry_sha256"": ""f5231880931ea35527e35d2bf766db661b297c3b7fae6a056f426440af8ad826"", ""failure_class"": ""force_threshold"", ""max_force_eV_A"": 2.2258939338358203, ""name"": ""fire_precondition"", ""qualifying"": false, ""start_geometry_sha256"": ""3bfa7df1f09a58c0411f493ee4a0d6168cb0e74e6ba98dadb0b0a708f3a3617e"", ""steps"": 50}, {""ase_converged"": true, ""converged"": true, ""end_geometry_sha256"": ""466aee49042f8981dc6c9e6f6194836f99a834b8c3388ade0173d97f4f4ae528"", ""failure_class"": null, ""max_force_eV_A"": 0.07790935158562697, ""name"": ""bfgs_after_fire"", ""start_geometry_sha256"": ""f5231880931ea35527e35d2bf766db661b297c3b7fae6a056f426440af8ad826"", ""steps"": 149}]",466aee49042f8981dc6c9e6f6194836f99a834b8c3388ade0173d97f4f4ae528,-4.716719199717041,3.0,step_4_H2O,10.0,-1.806179973983887,True,5.913163444101807,0.480000000035,True,quantitative_screening,2,2,26aaad62ce75cc029eef,False,
"('COF', 'Hf', 'Hydrazone', 'P4', 8.0)",COF,True,esen-sm-conserving-all-oc25:relax-v4:orr-che-v3,True,0.06348360753455735,38,150,0.08,converged,,bfgs_standard,"[{""ase_converged"": true, ""converged"": true, ""end_geometry_sha256"": ""d5f655843b5508fb8d7e5eb1dde220be5b0286499e15d765a797014d95fad207"", ""failure_class"": null, ""max_force_eV_A"": 0.06348360753455735, ""name"": ""bfgs_standard"", ""start_geometry_sha256"": ""82206ef4aa1e59917003b7893b73fc963a5a577db6875a1a40c7424a86c12e16"", ""steps"": 38}]",d5f655843b5508fb8d7e5eb1dde220be5b0286499e15d765a797014d95fad207,-139.33416062620034,True,0.07374219199599205,198.0,100.0,0.08,converged,,bfgs_after_fire,"[{""ase_converged"": false, ""converged"": false, ""end_geometry_sha256"": ""09e0bd13c5dc4bfa0f15735141caa88100b27b24b0844eb2f0e7a483b171720e"", ""failure_class"": ""force_threshold"", ""max_force_eV_A"": 0.16616371317638873, ""name"": ""bfgs_standard"", ""start_geometry_sha256"": ""ca05c7f039afe5fd4d5f424a9c950af73e06e724870cb634edfd57eee83a0dd3"", ""steps"": 100}, {""ase_converged"": false, ""converged"": false, ""end_geometry_sha256"": ""5e34af345bc067160de3ce5ccfd3e76980fc57f7be574f9f9a158ccd0cc9403c"", ""failure_class"": ""force_threshold"", ""max_force_eV_A"": 1.0172936527079708, ""name"": ""fire_precondition"", ""qualifying"": false, ""start_geometry_sha256"": ""ca05c7f039afe5fd4d5f424a9c950af73e06e724870cb634edfd57eee83a0dd3"", ""steps"": 50}, {""ase_converged"": true, ""converged"": true, ""end_geometry_sha256"": ""95371b1a8dc24a581ac7f09e5f334c736a73b8f2e4f42dc0d9f1e09728cc3ce8"", ""failure_class"": null, ""max_force_eV_A"": 0.07374219199599205, ""name"": ""bfgs_after_fire"", ""start_geometry_sha256"": ""5e34af345bc067160de3ce5ccfd3e76980fc57f7be574f9f9a158ccd0cc9403c"", ""steps"": 48}]",95371b1a8dc24a581ac7f09e5f334c736a73b8f2e4f42dc0d9f1e09728cc3ce8,-2.0544053290784356,True,0.058662286268103776,46.0,100.0,0.08,converged,,bfgs_standard,"[{""ase_converged"": true, ""converged"": true, ""end_geometry_sha256"": ""a980381ff41de3a73af40129e3a6c3dd155fd423c2f14fdff51c0d7dc44cc771"", ""failure_class"": null, ""max_force_eV_A"": 0.058662286268103776, ""name"": ""bfgs_standard"", ""start_geometry_sha256"": ""de4f0c8a789076cda9bb1cb16f65661708e97fbcfdebe0084bd740c057ed1f07"", ""steps"": 46}]",a980381ff41de3a73af40129e3a6c3dd155fd423c2f14fdff51c0d7dc44cc771,-1.0583276383578741,True,0.07992715512427041,47.0,100.0,0.08,converged,,bfgs_standard,"[{""ase_converged"": true, ""converged"": true, ""end_geometry_sha256"": ""2222ee5da7faea1ba1800a409a4a0719a8b87cd79c1182041fd8ec8e71bf64bb"", ""failure_class"": null, ""max_force_eV_A"": 0.07992715512427041, ""name"": ""bfgs_standard"", ""start_geometry_sha256"": ""0439e94f7b5059536ae4b9f174821bf58cb546544195653f634701ad6deab973"", ""steps"": 47}]",2222ee5da7faea1ba1800a409a4a0719a8b87cd79c1182041fd8ec8e71bf64bb,5.211831520497803,3.0,step_4_H2O,10.0,-1.045757490560675,True,3.11273296743631,0.447500000035,True,quantitative_screening,0,0,5b9ac458205175eaa87c,False,
"('COF', 'Hf', 'Imide', 'S4', 6.0)",COF,True,esen-sm-conserving-all-oc25:relax-v4:orr-che-v3,True,0.0738271944804447,48,150,0.08,converged,,bfgs_standard,"[{""ase_converged"": true, ""converged"": true, ""end_geometry_sha256"": ""f41d968179d2c596007f726c8b6df85aff578f59b612e61275af9bd4d5e422d6"", ""failure_class"": null, ""max_force_eV_A"": 0.0738271944804447, ""name"": ""bfgs_standard"", ""start_geometry_sha256"": ""d0b57e615dff1b54828f3bbe8c58c5fd6c2025995ddeeab42e1798c3825c1e50"", ""steps"": 48}]",f41d968179d2c596007f726c8b6df85aff578f59b612e61275af9bd4d5e422d6,-139.33753377225747,True,0.07517252153914981,11.0,100.0,0.08,converged,,bfgs_standard,"[{""ase_converged"": true, ""converged"": true, ""end_geometry_sha256"": ""78ed40cf845db423fa3c577b8b0f3bb2fb0e438c74fe74763c0ba1b1b3278845"", ""failure_class"": null, ""max_force_eV_A"": 0.07517252153914981, ""name"": ""bfgs_standard"", ""start_geometry_sha256"": ""51db68fc44a069c92f826795101c72ee6147b5b783fe586ffae5acf9e893bef4"", ""steps"": 11}]",78ed40cf845db423fa3c577b8b0f3bb2fb0e438c74fe74763c0ba1b1b3278845,-2.056902555078268,True,0.05338467865196236,10.0,100.0,0.08,converged,,bfgs_standard,"[{""ase_converged"": true, ""converged"": true, ""end_geometry_sha256"": ""5846eddaf6380c96a797f10555656dbf56e7685a21c6c03f34047a680e6a0b85"", ""failure_class"": null, ""max_force_eV_A"": 0.05338467865196236, ""name"": ""bfgs_standard"", ""start_geometry_sha256"": ""867b0ee101bcd866d7df431f5332d35f5de76bb69f3d00f1f39af821414cc863"", ""steps"": 10}]",5846eddaf6380c96a797f10555656dbf56e7685a21c6c03f34047a680e6a0b85,-1.0473100773990118,True,0.07554148423884072,10.0,100.0,0.08,converged,,bfgs_standard,"[{""ase_converged"": true, ""converged"": true, ""end_geometry_sha256"": ""1b90a1561cc09d34cda7c2761585a67946c713ef6b05eeb6bd3016b860752bcd"", ""failure_class"": null, ""max_force_eV_A"": 0.07554148423884072, ""name"": ""bfgs_standard"", ""start_geometry_sha256"": ""d140d20f63054f0b5c89d84c370a776add726189b079cb7cc691abff745fe503"", ""steps"": 10}]",1b90a1561cc09d34cda7c2761585a67946c713ef6b05eeb6bd3016b860752bcd,1.5783850654959712,3.0,step_4_H2O,10.0,-1.045757490560675,True,3.10421263247728,0.447500000035,True,quantitative_screening,1,1,43dc119ebbd9ff69d639,False,
"('COF', 'Ta', 'Boroxine', 'N3P', 20.0)",COF,False,esen-sm-conserving-all-oc25:relax-v4:orr-che-v3,True,0.07934768366498267,572,150,0.08,converged,,fire_small_step,"[{""ase_converged"": false, ""converged"": false, ""end_geometry_sha256"": ""6ff4009bc508777e95d5a347744dc098bb979cf3db80765b1d646a4a29cd6106"", ""failure_class"": ""force_threshold"", ""max_force_eV_A"": 0.30475060855999325, ""name"": ""bfgs_standard"", ""start_geometry_sha256"": ""7f233051a3d6098df96466e3943e19dfe1b7eacd1c6d0c5e18e8a510bcc0111a"", ""steps"": 150}, {""ase_converged"": false, ""converged"": false, ""end_geometry_sha256"": ""23fd6a2e8af1198cd4b603f8a09184371152ae2f886a16b57a62989e4698830e"", ""failure_class"": ""force_threshold"", ""max_force_eV_A"": 5.9778830397441975, ""name"": ""fire_precondition"", ""qualifying"": false, ""start_geometry_sha256"": ""7f233051a3d6098df96466e3943e19dfe1b7eacd1c6d0c5e18e8a510bcc0111a"", ""steps"": 75}, {""ase_converged"": false, ""converged"": false, ""end_geometry_sha256"": ""6732b748baa9ad0688ece8e2e79b90f4738d31377bca68fa67847effbeaff781"", ""failure_class"": ""force_threshold"", ""max_force_eV_A"": 0.34283641560732175, ""name"": ""bfgs_after_fire"", ""start_geometry_sha256"": ""23fd6a2e8af1198cd4b603f8a09184371152ae2f886a16b57a62989e4698830e"", ""steps"": 300}, {""ase_converged"": true, ""converged"": true, ""end_geometry_sha256"": ""fb6a15e697655d7ab20dd6b465a75d7fbb26f1ad287694ad1242bff1314b598d"", ""failure_class"": null, ""max_force_eV_A"": 0.07934768366498267, ""name"": ""fire_small_step"", ""start_geometry_sha256"": ""6ff4009bc508777e95d5a347744dc098bb979cf3db80765b1d646a4a29cd6106"", ""steps"": 47}]",fb6a15e697655d7ab20dd6b465a75d7fbb26f1ad287694ad1242bff1314b598d,-188.86306374936504,True,0.0791703932927037,297.0,100.0,0.08,converged,,bfgs_after_fire,"[{""ase_converged"": false, ""converged"": false, ""end_geometry_sha256"": ""627ceb7a967b69c5706c04193d8ecfa1e2b322887af308a577c9b4b7ab93ac8a"", ""failure_class"": ""force_threshold"", ""max_force_eV_A"": 0.15575895768341924, ""name"": ""bfgs_standard"", ""start_geometry_sha256"": ""24a2a191d45af00387ef69b58ed59eae93a1407715cc0865670e552db7a17318"", ""steps"": 100}, {""ase_converged"": true, ""converged"": true, ""end_geometry_sha256"": ""8467335043ad323f72f61db5ad4d78e3c7a9bdad9d2fc0c74fa2d05a017b9d25"", ""failure_class"": null, ""max_force_eV_A"": 0.23866946204583978, ""name"": ""fire_precondition"", ""qualifying"": false, ""start_geometry_sha256"": ""24a2a191d45af00387ef69b58ed59eae93a1407715cc0865670e552db7a17318"", ""steps"": 48}, {""ase_converged"": true, ""converged"": true, ""end_geometry_sha256"": ""011a4e3019c5455f780afced1a2b237414eb3bbc345fd9f400fa691f587cf696"", ""failure_class"": null, ""max_force_eV_A"": 0.0791703932927037, ""name"": ""bfgs_after_fire"", ""start_geometry_sha256"": ""8467335043ad323f72f61db5ad4d78e3c7a9bdad9d2fc0c74fa2d05a017b9d25"", ""steps"": 149}]",011a4e3019c5455f780afced1a2b237414eb3bbc345fd9f400fa691f587cf696,-3.5407525871694085,True,0.07500861861234769,71.0,100.0,0.08,converged,,bfgs_standard,"[{""ase_converged"": true, ""converged"": true, ""end_geometry_sha256"": ""621aa1cfe6937fce2745e838e7da21481a2104fa254381a8d258cf709d844a26"", ""failure_class"": null, ""max_force_eV_A"": 0.07500861861234769, ""name"": ""bfgs_standard"", ""start_geometry_sha256"": ""741487cefe4a29b180391160cc9761c22c0c9ba91ee10de528f253c0531d55aa"", ""steps"": 71}]",621aa1cfe6937fce2745e838e7da21481a2104fa254381a8d258cf709d844a26,-2.6004954211413827,False,0.13066455660094695,650.0,100.0,0.08,recovery_exhausted,force_threshold,fire_small_step,"[{""ase_converged"": false, ""converged"": false, ""end_geometry_sha256"": ""d9f820d82507a7a2c11fe33218acfe1c08a292a5d9f01e530680fd14e93db4b6"", ""failure_class"": ""force_threshold"", ""max_force_eV_A"": 0.13348164582314476, ""name"": ""bfgs_standard"", ""start_geometry_sha256"": ""fe409f82f665879fa289ce6a42fd4214968ec88f4683ce3fa12467022984f475"", ""steps"": 100}, {""ase_converged"": false, ""converged"": false, ""end_geometry_sha256"": ""3e636a76ce1110d61ae43be7e8e2be94df8c6e6e96eec16db22bc4f9522b4a1d"", ""failure_class"": ""force_threshold"", ""max_force_eV_A"": 1.4735257858253332, ""name"": ""fire_precondition"", ""qualifying"": false, ""start_geometry_sha256"": ""fe409f82f665879fa289ce6a42fd4214968ec88f4683ce3fa12467022984f475"", ""steps"": 50}, {""ase_converged"": false, ""converged"": false, ""end_geometry_sha256"": ""b0283cc4a10cd1dc8458cf91a445798765eb54e4aa74afe2629ce88443ce2f9b"", ""failure_class"": ""force_threshold"", ""max_force_eV_A"": 0.25148569503824386, ""name"": ""bfgs_after_fire"", ""start_geometry_sha256"": ""3e636a76ce1110d61ae43be7e8e2be94df8c6e6e96eec16db22bc4f9522b4a1d"", ""steps"": 200}, {""ase_converged"": false, ""converged"": false, ""end_geometry_sha256"": ""dcde4fe2d2841425bdd6ede44e69d3fae143aa43b3b589f42db566fb29a01e76"", ""failure_class"": ""force_threshold"", ""max_force_eV_A"": 0.13066455660094695, ""name"": ""fire_small_step"", ""start_geometry_sha256"": ""d9f820d82507a7a2c11fe33218acfe1c08a292a5d9f01e530680fd14e93db4b6"", ""steps"": 300}]",dcde4fe2d2841425bdd6ede44e69d3fae143aa43b3b589f42db566fb29a01e76,,,,,,,,,True,validation_required,0,0,c08b4313ce0608a73375,False,Unconverged ooh relaxation: max_force=0.130665 eV/A after 650 cumulative recovery steps
"('COF', 'Ta', 'Phenazine', 'N3S', 30.0)",COF,False,esen-sm-conserving-all-oc25:relax-v4:orr-che-v3,False,0.16946748755824623,975,150,0.08,recovery_exhausted,force_threshold,fire_small_step,"[{""ase_converged"": false, ""converged"": false, ""end_geometry_sha256"": ""9b7506b14ec379e5e508abe5f64d6debcc1486b3294b7d2bc0f04d7cc82d8fa4"", ""failure_class"": ""force_threshold"", ""max_force_eV_A"": 0.6300482700924557, ""name"": ""bfgs_standard"", ""start_geometry_sha256"": ""1a3daef2995e385ebf1bd8f5215e34749557eb29505621dba0436de28c15fa12"", ""steps"": 150}, {""ase_converged"": false, ""converged"": false, ""end_geometry_sha256"": ""70dfd31976900aec331e0b4ecd90bf34373fe0ff81c942af532fc6daa30f42c1"", ""failure_class"": ""force_threshold"", ""max_force_eV_A"": 1.0056441521506696, ""name"": ""fire_precondition"", ""qualifying"": false, ""start_geometry_sha256"": ""1a3daef2995e385ebf1bd8f5215e34749557eb29505621dba0436de28c15fa12"", ""steps"": 75}, {""ase_converged"": false, ""converged"": false, ""end_geometry_sha256"": ""9980be2aa4d458897092fbdecf5d136541441d71960831d8cf851fe262c600aa"", ""failure_class"": ""force_threshold"", ""max_force_eV_A"": 0.1695611327703703, ""name"": ""bfgs_after_fire"", ""start_geometry_sha256"": ""70dfd31976900aec331e0b4ecd90bf34373fe0ff81c942af532fc6daa30f42c1"", ""steps"": 300}, {""ase_converged"": false, ""converged"": false, ""end_geometry_sha256"": ""4b74a704885c2b4141380c5fe8b25c58957247179a40c3d6bd113207e6792387"", ""failure_class"": ""force_threshold"", ""max_force_eV_A"": 0.16946748755824623, ""name"": ""fire_small_step"", ""start_geometry_sha256"": ""9980be2aa4d458897092fbdecf5d136541441d71960831d8cf851fe262c600aa"", ""steps"": 450}]",4b74a704885c2b4141380c5fe8b25c58957247179a40c3d6bd113207e6792387,,,,,,,,,,,,,,,,,,,,,,,,,,,,,,,,,,,,,,,,,,True,validation_required,1,1,98105a334bd808e7fca3,False,Unconverged clean relaxation: max_force=0.169467 eV/A after 975 cumulative recovery steps
"('COF', 'Ta', 'Squaraine', 'N2S2', 20.0)",COF,True,esen-sm-conserving-all-oc25:relax-v4:orr-che-v3,True,0.07613265497165093,440,150,0.08,converged,,bfgs_after_fire,"[{""ase_converged"": false, ""converged"": false, ""end_geometry_sha256"": ""f647808482668d9e8943b99bddcf5ced9a45106ef8143359eefef37c8dde206c"", ""failure_class"": ""force_threshold"", ""max_force_eV_A"": 0.3687404866282865, ""name"": ""bfgs_standard"", ""start_geometry_sha256"": ""d9e4541baca8c0ee16f4f49a1083f32f612be60c8b2ea2be3107c93bcbd13fd8"", ""steps"": 150}, {""ase_converged"": true, ""converged"": true, ""end_geometry_sha256"": ""2b3ce2f4c477ee521bb08e71636f2bc1b47fb7e77e27eb6c34c2407fc268490a"", ""failure_class"": null, ""max_force_eV_A"": 0.24888415968919828, ""name"": ""fire_precondition"", ""qualifying"": false, ""start_geometry_sha256"": ""d9e4541baca8c0ee16f4f49a1083f32f612be60c8b2ea2be3107c93bcbd13fd8"", ""steps"": 25}, {""ase_converged"": true, ""converged"": true, ""end_geometry_sha256"": ""468deb9dbb49540f63c195cb322a9f2c6810a29fc4ecfc7c3691754bdf9329f1"", ""failure_class"": null, ""max_force_eV_A"": 0.07613265497165093, ""name"": ""bfgs_after_fire"", ""start_geometry_sha256"": ""2b3ce2f4c477ee521bb08e71636f2bc1b47fb7e77e27eb6c34c2407fc268490a"", ""steps"": 265}]",468deb9dbb49540f63c195cb322a9f2c6810a29fc4ecfc7c3691754bdf9329f1,-118.33362268416042,True,0.07646625205709892,404.0,100.0,0.08,converged,,fire_small_step,"[{""ase_converged"": false, ""converged"": false, ""end_geometry_sha256"": ""144eb796e4c7e825bcd9dd0e63870c55189afc0b0947abbb9c96f4e9dd046257"", ""failure_class"": ""force_threshold"", ""max_force_eV_A"": 3.047581015783298, ""name"": ""bfgs_standard"", ""start_geometry_sha256"": ""1315a8554d3280e5732f1077b3313f502ea6c9d2e8498e701242f1104904f57d"", ""steps"": 100}, {""ase_converged"": false, ""converged"": false, ""end_geometry_sha256"": ""43613c4f5539e9a8a114d2528c8546f4670ea7ad7d42a4fea333ab773ab2fa51"", ""failure_class"": ""force_threshold"", ""max_force_eV_A"": 1.2263972432791008, ""name"": ""fire_precondition"", ""qualifying"": false, ""start_geometry_sha256"": ""1315a8554d3280e5732f1077b3313f502ea6c9d2e8498e701242f1104904f57d"", ""steps"": 50}, {""ase_converged"": false, ""converged"": false, ""end_geometry_sha256"": ""650a788dbbe558be5d039c1427366676b374d3dd4c1e81023de6c347a3e8d505"", ""failure_class"": ""force_threshold"", ""max_force_eV_A"": 0.3917249095933663, ""name"": ""bfgs_after_fire"", ""start_geometry_sha256"": ""43613c4f5539e9a8a114d2528c8546f4670ea7ad7d42a4fea333ab773ab2fa51"", ""steps"": 200}, {""ase_converged"": true, ""converged"": true, ""end_geometry_sha256"": ""3e30382e13d45e287d0125f65d06dfca53fb7085be71d868dda479a6e043f523"", ""failure_class"": null, ""max_force_eV_A"": 0.07646625205709892, ""name"": ""fire_small_step"", ""start_geometry_sha256"": ""650a788dbbe558be5d039c1427366676b374d3dd4c1e81023de6c347a3e8d505"", ""steps"": 54}]",3e30382e13d45e287d0125f65d06dfca53fb7085be71d868dda479a6e043f523,-3.097310242503881,True,0.07165532465307697,303.0,100.0,0.08,converged,,bfgs_after_fire,"[{""ase_converged"": false, ""converged"": false, ""end_geometry_sha256"": ""9ab86e81305416fa8bea3307470b5e549360e27f6303f8bfc3d9df8fa4606828"", ""failure_class"": ""force_threshold"", ""max_force_eV_A"": 1.2869884211825253, ""name"": ""bfgs_standard"", ""start_geometry_sha256"": ""e3d0cca414a54e29183aa746ac48b95f1c258ce998e2f7a320d28293095539e8"", ""steps"": 100}, {""ase_converged"": true, ""converged"": true, ""end_geometry_sha256"": ""aa1cf7f5c591e07bd823646674d9d5622972a3443cab4d647b7de87e68873468"", ""failure_class"": null, ""max_force_eV_A"": 0.22233912690658286, ""name"": ""fire_precondition"", ""qualifying"": false, ""start_geometry_sha256"": ""e3d0cca414a54e29183aa746ac48b95f1c258ce998e2f7a320d28293095539e8"", ""steps"": 41}, {""ase_converged"": true, ""converged"": true, ""end_geometry_sha256"": ""236894b56b7f758c996585cba8cd6c88d73f0204e5b8c64b277511038b7b2456"", ""failure_class"": null, ""max_force_eV_A"": 0.07165532465307697, ""name"": ""bfgs_after_fire"", ""start_geometry_sha256"": ""aa1cf7f5c591e07bd823646674d9d5622972a3443cab4d647b7de87e68873468"", ""steps"": 162}]",236894b56b7f758c996585cba8cd6c88d73f0204e5b8c64b277511038b7b2456,-3.0463848941028084,True,0.07955382983903557,97.0,100.0,0.08,converged,,bfgs_standard,"[{""ase_converged"": true, ""converged"": true, ""end_geometry_sha256"": ""61ac43a8bfdbaf1aab5e469539b68fd23fbcc13387158574eb40f6951fc97147"", ""failure_class"": null, ""max_force_eV_A"": 0.07955382983903557, ""name"": ""bfgs_standard"", ""start_geometry_sha256"": ""66e758b4f391366d1afb37a18ea9f254f68344798b9bc9694ca5c33ed2f95314"", ""steps"": 97}]",61ac43a8bfdbaf1aab5e469539b68fd23fbcc13387158574eb40f6951fc97147,0.2636055454611814,3.0,step_4_H2O,10.0,-1.3979400086720375,True,6.14369513660669,0.447500000035,True,quantitative_screening,2,2,e55a73de500a89b949bd,False,
"('COF', 'Ta', 'Dioxin', 'P4', 8.0)",COF,True,esen-sm-conserving-all-oc25:relax-v4:orr-che-v3,True,0.047022457466118175,31,150,0.08,converged,,bfgs_standard,"[{""ase_converged"": true, ""converged"": true, ""end_geometry_sha256"": ""79f5e6423d7c9531e1060244debc73fb81efebd863b6b80d10d1899091fb976e"", ""failure_class"": null, ""max_force_eV_A"": 0.047022457466118175, ""name"": ""bfgs_standard"", ""start_geometry_sha256"": ""af2dba43013b7dea90167d76ee92351bded310369010526f4f4ad79b85d7870e"", ""steps"": 31}]",79f5e6423d7c9531e1060244debc73fb81efebd863b6b80d10d1899091fb976e,-139.61166478122655,True,0.07926702234840659,77.0,100.0,0.08,converged,,bfgs_standard,"[{""ase_converged"": true, ""converged"": true, ""end_geometry_sha256"": ""27c181749657e48e6d374fc029c6ac35836e52b898abdabc8430d374ca671d68"", ""failure_class"": null, ""max_force_eV_A"": 0.07926702234840659, ""name"": ""bfgs_standard"", ""start_geometry_sha256"": ""cba8ed9b30318f76a86c9b331cb24d071c6d4308d67a1539860970d766983a98"", ""steps"": 77}]",27c181749657e48e6d374fc029c6ac35836e52b898abdabc8430d374ca671d68,-2.2343489502370355,True,0.051986631007633094,180.0,100.0,0.08,converged,,bfgs_after_fire,"[{""ase_converged"": false, ""converged"": false, ""end_geometry_sha256"": ""b7dc11b65962f381ad4d293db14434b6d7d1e507e7bc1194e795c674ff1c265b"", ""failure_class"": ""force_threshold"", ""max_force_eV_A"": 0.21883705719456667, ""name"": ""bfgs_standard"", ""start_geometry_sha256"": ""a2318b8ab2c2be145f28f24c4c299f54f869ebcf4979ef11168a40089ee6d1b7"", ""steps"": 100}, {""ase_converged"": false, ""converged"": false, ""end_geometry_sha256"": ""c7e8600df3ef727888960538b226fc16772cce89dd5fb1f094c30562a7b5e73a"", ""failure_class"": ""force_threshold"", ""max_force_eV_A"": 0.5508594479721042, ""name"": ""fire_precondition"", ""qualifying"": false, ""start_geometry_sha256"": ""a2318b8ab2c2be145f28f24c4c299f54f869ebcf4979ef11168a40089ee6d1b7"", ""steps"": 50}, {""ase_converged"": true, ""converged"": true, ""end_geometry_sha256"": ""4a30ee1515512ff14b6effc1f0c86231625fe37b05676432ad6eefe2d44631eb"", ""failure_class"": null, ""max_force_eV_A"": 0.051986631007633094, ""name"": ""bfgs_after_fire"", ""start_geometry_sha256"": ""c7e8600df3ef727888960538b226fc16772cce89dd5fb1f094c30562a7b5e73a"", ""steps"": 30}]",4a30ee1515512ff14b6effc1f0c86231625fe37b05676432ad6eefe2d44631eb,-1.9687379233539068,True,0.07554231753823204,88.0,100.0,0.08,converged,,bfgs_standard,"[{""ase_converged"": true, ""converged"": true, ""end_geometry_sha256"": ""5c85ffa0e409c0a528a40867122a0fd4fe0b215f47b661860201636e7380f342"", ""failure_class"": null, ""max_force_eV_A"": 0.07554231753823204, ""name"": ""bfgs_standard"", ""start_geometry_sha256"": ""28b368f407b0d0c5cff258bd9662588166d6e022c23f72046c1f6298b46fe1e6"", ""steps"": 88}]",5c85ffa0e409c0a528a40867122a0fd4fe0b215f47b661860201636e7380f342,1.3513378605246578,3.0,step_4_H2O,10.0,-1.3979400086720375,True,4.203086873590943,0.447500000035,True,quantitative_screening,1,1,c3fea2253f74387a69e0,False,
"('COF', 'Ta', 'Amide', 'N2Se2', 12.0)",COF,True,esen-sm-conserving-all-oc25:relax-v4:orr-che-v3,True,0.04283494242817582,39,150,0.08,converged,,bfgs_standard,"[{""ase_converged"": true, ""converged"": true, ""end_geometry_sha256"": ""05a1b88a04e7b8a9740425e8d653d4b1d3a545fd5dbe3ac9130753001e479cc4"", ""failure_class"": null, ""max_force_eV_A"": 0.04283494242817582, ""name"": ""bfgs_standard"", ""start_geometry_sha256"": ""b9eefff26385dd70dd916fe65bf2fe287a44efd58edd553da1cd2e09a97d34c5"", ""steps"": 39}]",05a1b88a04e7b8a9740425e8d653d4b1d3a545fd5dbe3ac9130753001e479cc4,-139.61284924472753,True,0.0780450635402581,78.0,100.0,0.08,converged,,bfgs_standard,"[{""ase_converged"": true, ""converged"": true, ""end_geometry_sha256"": ""81ebfd1ddca6ab2571113f5774b70e5f5bfc3eebbb5500c4bd1c3df19f3a8b3a"", ""failure_class"": null, ""max_force_eV_A"": 0.0780450635402581, ""name"": ""bfgs_standard"", ""start_geometry_sha256"": ""52e3bb507063f8cf7908aafeea25f12d13e645dabbb3bcfed1f9de8a6aaf67fe"", ""steps"": 78}]",81ebfd1ddca6ab2571113f5774b70e5f5bfc3eebbb5500c4bd1c3df19f3a8b3a,-2.2376883004605768,True,0.02813975910890901,43.0,100.0,0.08,converged,,bfgs_standard,"[{""ase_converged"": true, ""converged"": true, ""end_geometry_sha256"": ""26385cf102697f353503ae265c924335780d6213294a81a20629b479a0326bf6"", ""failure_class"": null, ""max_force_eV_A"": 0.02813975910890901, ""name"": ""bfgs_standard"", ""start_geometry_sha256"": ""26597dfd158aecbbbd5b5c613cce52c209e9ad49364aa529df9a7bba562fc8ea"", ""steps"": 43}]",26385cf102697f353503ae265c924335780d6213294a81a20629b479a0326bf6,-1.9712179534137213,True,0.07812445047186563,90.0,100.0,0.08,converged,,bfgs_standard,"[{""ase_converged"": true, ""converged"": true, ""end_geometry_sha256"": ""5f26698654200c63e1f92df796c2b0f49681552c33b66c81d028753262157f64"", ""failure_class"": null, ""max_force_eV_A"": 0.07812445047186563, ""name"": ""bfgs_standard"", ""start_geometry_sha256"": ""898f42c073b596d47bed8c23b6f32473c8c15f5c67cdb0ffea316e0ff3afdd09"", ""steps"": 90}]",5f26698654200c63e1f92df796c2b0f49681552c33b66c81d028753262157f64,1.3501982197165523,3.0,step_4_H2O,10.0,-1.3979400086720375,True,4.208906253874298,0.447500000035,True,quantitative_screening,1,1,6acc285851681095301d,False,
"('COF', 'W', 'Boroxine', 'S4', 6.0)",COF,True,esen-sm-conserving-all-oc25:relax-v4:orr-che-v3,True,0.05955551899293251,58,150,0.08,converged,,bfgs_standard,"[{""ase_converged"": true, ""converged"": true, ""end_geometry_sha256"": ""bf6156d608330e2e314675c61bf1ea06c7fc9299222f112b918f95ed45430d7e"", ""failure_class"": null, ""max_force_eV_A"": 0.05955551899293251, ""name"": ""bfgs_standard"", ""start_geometry_sha256"": ""2308a538bec3ed028b295cd10d1cff61659199cb27361c1c97ea8a49d71daa8a"", ""steps"": 58}]",bf6156d608330e2e314675c61bf1ea06c7fc9299222f112b918f95ed45430d7e,-137.98579194018657,True,0.07932493987187998,78.0,100.0,0.08,converged,,bfgs_standard,"[{""ase_converged"": true, ""converged"": true, ""end_geometry_sha256"": ""ba196dc0f110a35db1740c3a555943263af93eea97b99f56c50ef00846cccb14"", ""failure_class"": null, ""max_force_eV_A"": 0.07932493987187998, ""name"": ""bfgs_standard"", ""start_geometry_sha256"": ""23bc42f2456ac2812f7ad8b573255c9a58fae19a80e13c6ba5bab9b838d269bd"", ""steps"": 78}]",ba196dc0f110a35db1740c3a555943263af93eea97b99f56c50ef00846cccb14,-1.6996222113072872,True,0.0577456830526823,55.0,100.0,0.08,converged,,bfgs_standard,"[{""ase_converged"": true, ""converged"": true, ""end_geometry_sha256"": ""155abfaf8242425afb15ee07eac0eb562afecaee057480086520df34b6c12103"", ""failure_class"": null, ""max_force_eV_A"": 0.0577456830526823, ""name"": ""bfgs_standard"", ""start_geometry_sha256"": ""516be7e57f54607530f8b11b620e725da04dccc3dd042af4f4b9babbedb50509"", ""steps"": 55}]",155abfaf8242425afb15ee07eac0eb562afecaee057480086520df34b6c12103,-2.07774063274264,True,0.06999667285436599,205.0,100.0,0.08,converged,,bfgs_after_fire,"[{""ase_converged"": false, ""converged"": false, ""end_geometry_sha256"": ""dab0b26b5194ca211df5d30485fcb3263b5ed0ddf366c8000834e3b641526315"", ""failure_class"": ""force_threshold"", ""max_force_eV_A"": 0.1938889825629642, ""name"": ""bfgs_standard"", ""start_geometry_sha256"": ""983c2f47d259d203a56283ce0bc0d67f54315c5c73154564477a184b41064ec8"", ""steps"": 100}, {""ase_converged"": true, ""converged"": true, ""end_geometry_sha256"": ""691aae9c6f50f3bd24d03628ca10207ba0cac2663bba0c9216e15adbe7d93ac2"", ""failure_class"": null, ""max_force_eV_A"": 0.2420706755566264, ""name"": ""fire_precondition"", ""qualifying"": false, ""start_geometry_sha256"": ""983c2f47d259d203a56283ce0bc0d67f54315c5c73154564477a184b41064ec8"", ""steps"": 38}, {""ase_converged"": true, ""converged"": true, ""end_geometry_sha256"": ""240b3e569e8afd5781caffec0294b7930ccac592d648ea1ae5e60f6cbab7fd1a"", ""failure_class"": null, ""max_force_eV_A"": 0.06999667285436599, ""name"": ""bfgs_after_fire"", ""start_geometry_sha256"": ""691aae9c6f50f3bd24d03628ca10207ba0cac2663bba0c9216e15adbe7d93ac2"", ""steps"": 67}]",240b3e569e8afd5781caffec0294b7930ccac592d648ea1ae5e60f6cbab7fd1a,-1.8846871748566594,2.928622211307287,step_4_H2O,10.0,-1.806179973983887,True,3.777362844049927,0.447500000035,True,quantitative_screening,0,0,f5978e5104a0e2b45a9f,False,
"('COF', 'W', 'Hydrazone', 'N3S', 30.0)",COF,False,esen-sm-conserving-all-oc25:relax-v4:orr-che-v3,False,0.2533142239846465,975,150,0.08,recovery_exhausted,force_threshold,bfgs_standard,"[{""ase_converged"": false, ""converged"": false, ""end_geometry_sha256"": ""050f90348a8cb1c42f7b260cced88acf9693dc03f1c0b305791882ea20d73b78"", ""failure_class"": ""force_threshold"", ""max_force_eV_A"": 0.2533142239846465, ""name"": ""bfgs_standard"", ""start_geometry_sha256"": ""25a83c7b8c1c8f69b7134a291906845c3a3d6a82b0e60e128b1ed68346616f4f"", ""steps"": 150}, {""ase_converged"": false, ""converged"": false, ""end_geometry_sha256"": ""c38e734cfb6ff33ddab12f484b82002ce2c3378a508459fd9c4654e563941459"", ""failure_class"": ""force_threshold"", ""max_force_eV_A"": 0.933367394445644, ""name"": ""fire_precondition"", ""qualifying"": false, ""start_geometry_sha256"": ""25a83c7b8c1c8f69b7134a291906845c3a3d6a82b0e60e128b1ed68346616f4f"", ""steps"": 75}, {""ase_converged"": false, ""converged"": false, ""end_geometry_sha256"": ""f73ac2848fc9def7c125d66cbf11c7ba2c5b715933179d09292bfe9a69ebd014"", ""failure_class"": ""force_threshold"", ""max_force_eV_A"": 0.7329303541856771, ""name"": ""bfgs_after_fire"", ""start_geometry_sha256"": ""c38e734cfb6ff33ddab12f484b82002ce2c3378a508459fd9c4654e563941459"", ""steps"": 300}, {""ase_converged"": false, ""converged"": false, ""end_geometry_sha256"": ""02927f27530d2c664b5f8cdaea4ff113a980172230856862e81e3823ef3154cf"", ""failure_class"": ""force_threshold"", ""max_force_eV_A"": 0.25331496148967025, ""name"": ""fire_small_step"", ""start_geometry_sha256"": ""050f90348a8cb1c42f7b260cced88acf9693dc03f1c0b305791882ea20d73b78"", ""steps"": 450}]",050f90348a8cb1c42f7b260cced88acf9693dc03f1c0b305791882ea20d73b78,,,,,,,,,,,,,,,,,,,,,,,,,,,,,,,,,,,,,,,,,,True,validation_required,1,1,d2778c0cd29b01c47dda,False,Unconverged clean relaxation: max_force=0.253314 eV/A after 975 cumulative recovery steps
"('COF', 'W', 'Amide', 'N2S2', 20.0)",COF,True,esen-sm-conserving-all-oc25:relax-v4:orr-che-v3,True,0.06781239439325347,464,150,0.08,converged,,bfgs_after_fire,"[{""ase_converged"": false, ""converged"": false, ""end_geometry_sha256"": ""ab6a7b5d937efd396b03fe1a7831ee66f9f3a0e6e3313d01470787260004c8a8"", ""failure_class"": ""force_threshold"", ""max_force_eV_A"": 0.4827312567171679, ""name"": ""bfgs_standard"", ""start_geometry_sha256"": ""4ecd721947c70374c0f43e60e171c9e3fc3a301f105c4c8acd71646dfa9739a3"", ""steps"": 150}, {""ase_converged"": false, ""converged"": false, ""end_geometry_sha256"": ""474fa35c6e58306219c7dcc35359918e69177b3506cf1c0f391303bdd8687e0d"", ""failure_class"": ""force_threshold"", ""max_force_eV_A"": 1.0023289569048999, ""name"": ""fire_precondition"", ""qualifying"": false, ""start_geometry_sha256"": ""4ecd721947c70374c0f43e60e171c9e3fc3a301f105c4c8acd71646dfa9739a3"", ""steps"": 75}, {""ase_converged"": true, ""converged"": true, ""end_geometry_sha256"": ""d97ea853bd2e1c952fc3ab0f8519cf84dbafdb0b8b7413a3ac23be8d3e96597a"", ""failure_class"": null, ""max_force_eV_A"": 0.06781239439325347, ""name"": ""bfgs_after_fire"", ""start_geometry_sha256"": ""474fa35c6e58306219c7dcc35359918e69177b3506cf1c0f391303bdd8687e0d"", ""steps"": 239}]",d97ea853bd2e1c952fc3ab0f8519cf84dbafdb0b8b7413a3ac23be8d3e96597a,-124.03111284183024,True,0.07541037190377171,66.0,100.0,0.08,converged,,bfgs_standard,"[{""ase_converged"": true, ""converged"": true, ""end_geometry_sha256"": ""a8241b99f316994c425c331309e51e33178f828f8b28dadc1c34efd229589cbd"", ""failure_class"": null, ""max_force_eV_A"": 0.07541037190377171, ""name"": ""bfgs_standard"", ""start_geometry_sha256"": ""abd334aaaf981d8422092077f20586bf61b0467df48a417068ff03b9606efd95"", ""steps"": 66}]",a8241b99f316994c425c331309e51e33178f828f8b28dadc1c34efd229589cbd,1.1048420096933842,True,0.07223188486326948,50.0,100.0,0.08,converged,,bfgs_standard,"[{""ase_converged"": true, ""converged"": true, ""end_geometry_sha256"": ""6248da7a912786ec63a7e567ee8eb0d4241a938d05ecd6c1f7e537b9d1519da2"", ""failure_class"": null, ""max_force_eV_A"": 0.07223188486326948, ""name"": ""bfgs_standard"", ""start_geometry_sha256"": ""e188e39f21df587a7169bac34c69498748a09698555ca3ca34da895fc127b3cb"", ""steps"": 50}]",6248da7a912786ec63a7e567ee8eb0d4241a938d05ecd6c1f7e537b9d1519da2,1.3554495938122308,True,0.07061019966033201,57.0,100.0,0.08,converged,,bfgs_standard,"[{""ase_converged"": true, ""converged"": true, ""end_geometry_sha256"": ""21942f3ed18c0993cfd3db965d78bfed71889b98812331bae6da4f580b631219"", ""failure_class"": null, ""max_force_eV_A"": 0.07061019966033201, ""name"": ""bfgs_standard"", ""start_geometry_sha256"": ""def4868f912859cc6a8eb5b3a08f45dd05d07d5b0541dc19ca6cc200e0887c65"", ""steps"": 57}]",21942f3ed18c0993cfd3db965d78bfed71889b98812331bae6da4f580b631219,4.024474571645264,0.9783924158811534,step_3_OH,10.0,-1.806179973983887,True,2.460291603505615,0.447500000035,True,quantitative_screening,0,0,6d32ba09d31438419beb,False,
"('Perovskite', 'Gd', 'Ti', 'Al', 0.5, 'B_vacancy')",Perovskite,False,esen-sm-conserving-all-oc25:relax-v4:orr-che-v3,True,0.07816047337436005,76,150,0.08,converged,,bfgs_standard,"[{""ase_converged"": true, ""converged"": true, ""end_geometry_sha256"": ""32e10b1ca1af602b39079bd2569c85669b3187cee52ada30f502b6f0a24732dd"", ""failure_class"": null, ""max_force_eV_A"": 0.07816047337436005, ""name"": ""bfgs_standard"", ""start_geometry_sha256"": ""8b6ef656d0f211b830334af1b271d7dd17829e5cf7a2ae613215c4027c490631"", ""steps"": 76}]",32e10b1ca1af602b39079bd2569c85669b3187cee52ada30f502b6f0a24732dd,-401.8050581986395,True,0.06651634493428171,59.0,100.0,0.08,converged,,bfgs_standard,"[{""ase_converged"": true, ""converged"": true, ""end_geometry_sha256"": ""42ca0f0ab0539a11ba57dca4597830c0b517313deed75eb3e1936555501af4fe"", ""failure_class"": null, ""max_force_eV_A"": 0.06651634493428171, ""name"": ""bfgs_standard"", ""start_geometry_sha256"": ""9f0cdd6fb6287e92aef0bffef3c13a498e3d24e34cfd6f9c7a462a8ae8cd8955"", ""steps"": 59}]",42ca0f0ab0539a11ba57dca4597830c0b517313deed75eb3e1936555501af4fe,-0.36701601490384067,True,0.07084072150776805,221.0,100.0,0.08,converged,,bfgs_after_fire,"[{""ase_converged"": false, ""converged"": false, ""end_geometry_sha256"": ""4297dab415a7cc5719d2437d7599e166f4b4fbecaaa30dd5045a8a52ed34a215"", ""failure_class"": ""force_threshold"", ""max_force_eV_A"": 0.10111354946707964, ""name"": ""bfgs_standard"", ""start_geometry_sha256"": ""52ff8646b78d7009b9e818b1f449f103f6ce6a6c1a69ebfecdf7e7ab61fed395"", ""steps"": 100}, {""ase_converged"": false, ""converged"": false, ""end_geometry_sha256"": ""4af2156c322cbd5c6b8c5ed56f595c9bc207541a9d6f11702aa086ccd4696909"", ""failure_class"": ""force_threshold"", ""max_force_eV_A"": 0.38197931254302087, ""name"": ""fire_precondition"", ""qualifying"": false, ""start_geometry_sha256"": ""52ff8646b78d7009b9e818b1f449f103f6ce6a6c1a69ebfecdf7e7ab61fed395"", ""steps"": 50}, {""ase_converged"": true, ""converged"": true, ""end_geometry_sha256"": ""dd287413f2356bf6219ff8bc504e513590a329bd2e484551edb9d813024a5ddc"", ""failure_class"": null, ""max_force_eV_A"": 0.07084072150776805, ""name"": ""bfgs_after_fire"", ""start_geometry_sha256"": ""4af2156c322cbd5c6b8c5ed56f595c9bc207541a9d6f11702aa086ccd4696909"", ""steps"": 71}]",dd287413f2356bf6219ff8bc504e513590a329bd2e484551edb9d813024a5ddc,0.23281756713989593,False,28.140769515874794,650.0,100.0,0.08,recovery_exhausted,force_threshold,fire_small_step,"[{""ase_converged"": false, ""converged"": false, ""end_geometry_sha256"": ""55a8c4bd307c3dfa296f45da49e2207a3ac8b12f0205ff88711b9dc920978946"", ""failure_class"": ""force_threshold"", ""max_force_eV_A"": 51.20737003188695, ""name"": ""bfgs_standard"", ""start_geometry_sha256"": ""882a08fe23545299b3d927e3ac9ec6bb10a7cbcefda60da7ce73f979da316c81"", ""steps"": 100}, {""ase_converged"": false, ""converged"": false, ""end_geometry_sha256"": ""88d784371bc1bfb6c3dca890bb74f89bab3a73cbd05e6fe69df3ac1140de74e2"", ""failure_class"": ""force_threshold"", ""max_force_eV_A"": 43.2872030628784, ""name"": ""fire_precondition"", ""qualifying"": false, ""start_geometry_sha256"": ""882a08fe23545299b3d927e3ac9ec6bb10a7cbcefda60da7ce73f979da316c81"", ""steps"": 50}, {""ase_converged"": false, ""converged"": false, ""end_geometry_sha256"": ""e92daf6982424111217f60a9de35a5dcf3d1372734b60770d726b109ca66054a"", ""failure_class"": ""force_threshold"", ""max_force_eV_A"": 770.3376903464824, ""name"": ""bfgs_after_fire"", ""start_geometry_sha256"": ""88d784371bc1bfb6c3dca890bb74f89bab3a73cbd05e6fe69df3ac1140de74e2"", ""steps"": 200}, {""ase_converged"": false, ""converged"": false, ""end_geometry_sha256"": ""b2d201f8a586c524b0466e6b53adcc8e6eaa71890848146c4fe34b9d1cdd32f6"", ""failure_class"": ""force_threshold"", ""max_force_eV_A"": 28.140769515874794, ""name"": ""fire_small_step"", ""start_geometry_sha256"": ""88d784371bc1bfb6c3dca890bb74f89bab3a73cbd05e6fe69df3ac1140de74e2"", ""steps"": 300}]",b2d201f8a586c524b0466e6b53adcc8e6eaa71890848146c4fe34b9d1cdd32f6,,,,,,,,,True,validation_required,2,2,af88c3313f39c8b2488d,False,Unconverged ooh relaxation: max_force=28.1408 eV/A after 650 cumulative recovery steps
"('Perovskite', 'Gd', 'Fe', 'In', 0.25, 'none')",Perovskite,True,esen-sm-conserving-all-oc25:relax-v4:orr-che-v3,True,0.07965877703610796,396,150,0.08,converged,,bfgs_after_fire,"[{""ase_converged"": false, ""converged"": false, ""end_geometry_sha256"": ""5b8cc24938b2fa23b162c09ed6072d4f0336ab5bdebf4a3561e7f335e51c0469"", ""failure_class"": ""force_threshold"", ""max_force_eV_A"": 0.1161484377373324, ""name"": ""bfgs_standard"", ""start_geometry_sha256"": ""4cd9347119a0b9afe5f33a63a7b9f28288330cd2142e5730544726cec6966a21"", ""steps"": 150}, {""ase_converged"": false, ""converged"": false, ""end_geometry_sha256"": ""5093e86c2f73bb7c0331abe6506fa8e680881b8a40b3ccc2b7d9ef07199c9108"", ""failure_class"": ""force_threshold"", ""max_force_eV_A"": 1.7571637636036794, ""name"": ""fire_precondition"", ""qualifying"": false, ""start_geometry_sha256"": ""4cd9347119a0b9afe5f33a63a7b9f28288330cd2142e5730544726cec6966a21"", ""steps"": 75}, {""ase_converged"": true, ""converged"": true, ""end_geometry_sha256"": ""ae7d7670016c65164a232b0393bf1124b1e338eb89886a12d7121bb44b86cca6"", ""failure_class"": null, ""max_force_eV_A"": 0.07965877703610796, ""name"": ""bfgs_after_fire"", ""start_geometry_sha256"": ""5093e86c2f73bb7c0331abe6506fa8e680881b8a40b3ccc2b7d9ef07199c9108"", ""steps"": 171}]",ae7d7670016c65164a232b0393bf1124b1e338eb89886a12d7121bb44b86cca6,-380.0361317121485,True,0.07555241381035138,267.0,100.0,0.08,converged,,bfgs_after_fire,"[{""ase_converged"": false, ""converged"": false, ""end_geometry_sha256"": ""0eb32ed53eed5590b8b69879f8fd022ded0b6edf17bd1b2f6e445efad9fc204c"", ""failure_class"": ""force_threshold"", ""max_force_eV_A"": 0.15714892676836906, ""name"": ""bfgs_standard"", ""start_geometry_sha256"": ""a5d164c90ccd43f53669386ce2d3d2f8263ed4262e5998bc5e48b57a30a68b5c"", ""steps"": 100}, {""ase_converged"": false, ""converged"": false, ""end_geometry_sha256"": ""b8456d52e925eea5b89cd58b20f3a8da0cb917eca5e4f8a94904ecd4b571c133"", ""failure_class"": ""force_threshold"", ""max_force_eV_A"": 0.6801847007550642, ""name"": ""fire_precondition"", ""qualifying"": false, ""start_geometry_sha256"": ""a5d164c90ccd43f53669386ce2d3d2f8263ed4262e5998bc5e48b57a30a68b5c"", ""steps"": 50}, {""ase_converged"": true, ""converged"": true, ""end_geometry_sha256"": ""0f47685568d54be8be62dd531fd65ca85ce3f7f32c00de06d11dc50340ae2b72"", ""failure_class"": null, ""max_force_eV_A"": 0.07555241381035138, ""name"": ""bfgs_after_fire"", ""start_geometry_sha256"": ""b8456d52e925eea5b89cd58b20f3a8da0cb917eca5e4f8a94904ecd4b571c133"", ""steps"": 117}]",0f47685568d54be8be62dd531fd65ca85ce3f7f32c00de06d11dc50340ae2b72,-1.1358529900014969,True,0.07784450870362634,47.0,100.0,0.08,converged,,bfgs_standard,"[{""ase_converged"": true, ""converged"": true, ""end_geometry_sha256"": ""150061bb1500c07b355eb2485e6c5bebbaa163fdfb75d1f6f9e3166a7769592c"", ""failure_class"": null, ""max_force_eV_A"": 0.07784450870362634, ""name"": ""bfgs_standard"", ""start_geometry_sha256"": ""0a1e3ec0960995d162f59db5445f6ed59a8554b8a29c3c562ee52dcb928b8f0d"", ""steps"": 47}]",150061bb1500c07b355eb2485e6c5bebbaa163fdfb75d1f6f9e3166a7769592c,3.207133210450329,True,0.07701067457170285,294.0,100.0,0.08,converged,,bfgs_after_fire,"[{""ase_converged"": false, ""converged"": false, ""end_geometry_sha256"": ""deba77fc04c83a37c721d48c30bbcba9063bc282d86fddb400a424a0cc2cf884"", ""failure_class"": ""force_threshold"", ""max_force_eV_A"": 0.24617535011217279, ""name"": ""bfgs_standard"", ""start_geometry_sha256"": ""fb2da0d33333a6c25c2f70f053d5f1b513248e00f730b0f58ed43403972341df"", ""steps"": 100}, {""ase_converged"": false, ""converged"": false, ""end_geometry_sha256"": ""82322a09f4ebdb4f7614495d02f876af312385d4ea3eb0aaa07e522111d721ea"", ""failure_class"": ""force_threshold"", ""max_force_eV_A"": 3.604417123439227, ""name"": ""fire_precondition"", ""qualifying"": false, ""start_geometry_sha256"": ""fb2da0d33333a6c25c2f70f053d5f1b513248e00f730b0f58ed43403972341df"", ""steps"": 50}, {""ase_converged"": true, ""converged"": true, ""end_geometry_sha256"": ""ee8b7c33a4d9ca0859afa81f35c77495341baff9c8736546bcea49f4460bcf8e"", ""failure_class"": null, ""max_force_eV_A"": 0.07701067457170285, ""name"": ""bfgs_after_fire"", ""start_geometry_sha256"": ""82322a09f4ebdb4f7614495d02f876af312385d4ea3eb0aaa07e522111d721ea"", ""steps"": 144}]",ee8b7c33a4d9ca0859afa81f35c77495341baff9c8736546bcea49f4460bcf8e,2.66122193187467,2.3648529900014967,step_4_H2O,7.0,0.0,True,4.342986200451826,0.6527014328916925,False,quantitative_screening,1,1,0290d3879875a23fcdb1,False,
"('Perovskite', 'Gd', 'Cu', 'Zn', 0.15, 'B_vacancy')",Perovskite,False,esen-sm-conserving-all-oc25:relax-v4:orr-che-v3,True,0.07812539413998458,466,150,0.08,converged,,bfgs_after_fire,"[{""ase_converged"": false, ""converged"": false, ""end_geometry_sha256"": ""1277cfdca595fff840851f2fba8f45df45d8f8b42c5c0ca292580ad24d20034c"", ""failure_class"": ""force_threshold"", ""max_force_eV_A"": 0.1784874255169593, ""name"": ""bfgs_standard"", ""start_geometry_sha256"": ""4864db41851bcd797a77834ec042a6808ea08e83de77509240585d44296eb295"", ""steps"": 150}, {""ase_converged"": false, ""converged"": false, ""end_geometry_sha256"": ""5ecbf5465b1dae328bb38aa5a7fac1f36a6929f46d2078dbe52c3ba13c7a593e"", ""failure_class"": ""force_threshold"", ""max_force_eV_A"": 1.377888816208699, ""name"": ""fire_precondition"", ""qualifying"": false, ""start_geometry_sha256"": ""4864db41851bcd797a77834ec042a6808ea08e83de77509240585d44296eb295"", ""steps"": 75}, {""ase_converged"": true, ""converged"": true, ""end_geometry_sha256"": ""8a6443593f54d3f4f6c2215db2a2cef48d00592fb26d7d50d2dc4aad2368d428"", ""failure_class"": null, ""max_force_eV_A"": 0.07812539413998458, ""name"": ""bfgs_after_fire"", ""start_geometry_sha256"": ""5ecbf5465b1dae328bb38aa5a7fac1f36a6929f46d2078dbe52c3ba13c7a593e"", ""steps"": 241}]",8a6443593f54d3f4f6c2215db2a2cef48d00592fb26d7d50d2dc4aad2368d428,-300.65242027800576,True,0.0735056000555633,241.0,100.0,0.08,converged,,bfgs_after_fire,"[{""ase_converged"": false, ""converged"": false, ""end_geometry_sha256"": ""58a9a460576894ab20e277ba1d2f42aafdbdabdd14f3f67833a371520f8c9abf"", ""failure_class"": ""force_threshold"", ""max_force_eV_A"": 0.48650091983218946, ""name"": ""bfgs_standard"", ""start_geometry_sha256"": ""9eb0949a6bd52bed8333de528459ca8dcfd823e7bda9e0e7945b5775b28ecb03"", ""steps"": 100}, {""ase_converged"": true, ""converged"": true, ""end_geometry_sha256"": ""bd0a2d1c63346dc027b5b03ed18bd3ab1c9465768871637efb5c0fb98991b189"", ""failure_class"": null, ""max_force_eV_A"": 0.23221442429860017, ""name"": ""fire_precondition"", ""qualifying"": false, ""start_geometry_sha256"": ""9eb0949a6bd52bed8333de528459ca8dcfd823e7bda9e0e7945b5775b28ecb03"", ""steps"": 44}, {""ase_converged"": true, ""converged"": true, ""end_geometry_sha256"": ""0d16117a9179a92d6ed04eb18a81753df9a35e5f38550f2ca0b796de9ca366f5"", ""failure_class"": null, ""max_force_eV_A"": 0.0735056000555633, ""name"": ""bfgs_after_fire"", ""start_geometry_sha256"": ""bd0a2d1c63346dc027b5b03ed18bd3ab1c9465768871637efb5c0fb98991b189"", ""steps"": 97}]",0d16117a9179a92d6ed04eb18a81753df9a35e5f38550f2ca0b796de9ca366f5,0.04312116160988805,True,0.073236790799797,260.0,100.0,0.08,converged,,bfgs_after_fire,"[{""ase_converged"": false, ""converged"": false, ""end_geometry_sha256"": ""a23c44a27e36391725a784f2a5d3207e92c0acaa037c182f07958b8ddcde9f76"", ""failure_class"": ""force_threshold"", ""max_force_eV_A"": 0.23257395267810313, ""name"": ""bfgs_standard"", ""start_geometry_sha256"": ""1595da2cbb7bbc38b2b3b7f85f0edebd7ea624078ccbb126b06066b15bb65884"", ""steps"": 100}, {""ase_converged"": false, ""converged"": false, ""end_geometry_sha256"": ""ae946d5ff276f2821b489fb1679d75c84b3bfd1e195769da72c4e4cefbe4d710"", ""failure_class"": ""force_threshold"", ""max_force_eV_A"": 0.8364336722588158, ""name"": ""fire_precondition"", ""qualifying"": false, ""start_geometry_sha256"": ""1595da2cbb7bbc38b2b3b7f85f0edebd7ea624078ccbb126b06066b15bb65884"", ""steps"": 50}, {""ase_converged"": true, ""converged"": true, ""end_geometry_sha256"": ""4c39acf739b3138226d42b3d351cf40cf3cb0eb64eeee719aa9310806eacd78e"", ""failure_class"": null, ""max_force_eV_A"": 0.073236790799797, ""name"": ""bfgs_after_fire"", ""start_geometry_sha256"": ""ae946d5ff276f2821b489fb1679d75c84b3bfd1e195769da72c4e4cefbe4d710"", ""steps"": 110}]",4c39acf739b3138226d42b3d351cf40cf3cb0eb64eeee719aa9310806eacd78e,-1.8721133105457077,False,0.08920481234634589,650.0,100.0,0.08,recovery_exhausted,force_threshold,fire_small_step,"[{""ase_converged"": false, ""converged"": false, ""end_geometry_sha256"": ""b09cdc7148d666b4e2b19d589e6efa8ed6277958277de7d7fb684b3dac8a5e58"", ""failure_class"": ""force_threshold"", ""max_force_eV_A"": 0.41109644222316594, ""name"": ""bfgs_standard"", ""start_geometry_sha256"": ""1d5c858a409bd8fb12d6309a6bfe2cda164e0ca16a6770d3830d7cafb90a31ec"", ""steps"": 100}, {""ase_converged"": false, ""converged"": false, ""end_geometry_sha256"": ""045b1ad0b5fc503e3a5a581e264bed038c889f4723cf9abd5dc97900455c5d47"", ""failure_class"": ""force_threshold"", ""max_force_eV_A"": 1.1361808727133056, ""name"": ""fire_precondition"", ""qualifying"": false, ""start_geometry_sha256"": ""1d5c858a409bd8fb12d6309a6bfe2cda164e0ca16a6770d3830d7cafb90a31ec"", ""steps"": 50}, {""ase_converged"": false, ""converged"": false, ""end_geometry_sha256"": ""2ff8cb50ee75b331675e359e34fee0ae18d0e341ba3a56b69f4311cc717fabcd"", ""failure_class"": ""force_threshold"", ""max_force_eV_A"": 0.08921052301475549, ""name"": ""bfgs_after_fire"", ""start_geometry_sha256"": ""045b1ad0b5fc503e3a5a581e264bed038c889f4723cf9abd5dc97900455c5d47"", ""steps"": 200}, {""ase_converged"": false, ""converged"": false, ""end_geometry_sha256"": ""6250a42b10f69f2359a619b21a8cbd5c455be0421091d40070835bb00b6309f9"", ""failure_class"": ""force_threshold"", ""max_force_eV_A"": 0.08920481234634589, ""name"": ""fire_small_step"", ""start_geometry_sha256"": ""2ff8cb50ee75b331675e359e34fee0ae18d0e341ba3a56b69f4311cc717fabcd"", ""steps"": 300}]",6250a42b10f69f2359a619b21a8cbd5c455be0421091d40070835bb00b6309f9,,,,,,,,,True,validation_required,0,0,3d20f26390eb996a5379,False,Unconverged ooh relaxation: max_force=0.0892048 eV/A after 650 cumulative recovery steps
"('Perovskite', 'Gd', 'Zn', 'Mn', 0.15, 'none')",Perovskite,True,esen-sm-conserving-all-oc25:relax-v4:orr-che-v3,True,0.0791059221219554,538,150,0.08,converged,,fire_small_step,"[{""ase_converged"": false, ""converged"": false, ""end_geometry_sha256"": ""d5c022022bd5605835f9115ed06e6fca83ebf1575a4734699001c81de5ec2581"", ""failure_class"": ""force_threshold"", ""max_force_eV_A"": 0.3378453557895093, ""name"": ""bfgs_standard"", ""start_geometry_sha256"": ""0247d54566555a43d30b78fa779793a377ae27c88823b6b845a1e42e7b8ddb82"", ""steps"": 150}, {""ase_converged"": false, ""converged"": false, ""end_geometry_sha256"": ""4ceaf3fa4322e2bc44b3ce90e53ec98418968b2fe1093767a5f621c3090d5036"", ""failure_class"": ""force_threshold"", ""max_force_eV_A"": 1.2121676166375484, ""name"": ""fire_precondition"", ""qualifying"": false, ""start_geometry_sha256"": ""0247d54566555a43d30b78fa779793a377ae27c88823b6b845a1e42e7b8ddb82"", ""steps"": 75}, {""ase_converged"": false, ""converged"": false, ""end_geometry_sha256"": ""40f3a43c9832b4fd6ac3699bdde44516c95040e2105eb700f2f5c3e20137c95f"", ""failure_class"": ""force_threshold"", ""max_force_eV_A"": 0.243597468180152, ""name"": ""bfgs_after_fire"", ""start_geometry_sha256"": ""4ceaf3fa4322e2bc44b3ce90e53ec98418968b2fe1093767a5f621c3090d5036"", ""steps"": 300}, {""ase_converged"": true, ""converged"": true, ""end_geometry_sha256"": ""4874a18850ca77432db4b6994391b2294647335d910eb1873b4d2e4e09a9f32d"", ""failure_class"": null, ""max_force_eV_A"": 0.0791059221219554, ""name"": ""fire_small_step"", ""start_geometry_sha256"": ""40f3a43c9832b4fd6ac3699bdde44516c95040e2105eb700f2f5c3e20137c95f"", ""steps"": 13}]",4874a18850ca77432db4b6994391b2294647335d910eb1873b4d2e4e09a9f32d,-295.8568538161953,True,0.07898651114436653,82.0,100.0,0.08,converged,,bfgs_standard,"[{""ase_converged"": true, ""converged"": true, ""end_geometry_sha256"": ""754344b65cf03a178bf1f7d49b014b5f287256ff3f9447ce6cbdb9779b75c360"", ""failure_class"": null, ""max_force_eV_A"": 0.07898651114436653, ""name"": ""bfgs_standard"", ""start_geometry_sha256"": ""c644fdf4a70f2ee1fd9ca0a0db5bb50fdfe78e6cf8c634dbd8398782a8685bfe"", ""steps"": 82}]",754344b65cf03a178bf1f7d49b014b5f287256ff3f9447ce6cbdb9779b75c360,1.3963850165903569,True,0.07667229672144903,42.0,100.0,0.08,converged,,bfgs_standard,"[{""ase_converged"": true, ""converged"": true, ""end_geometry_sha256"": ""d0a15aa2d342ade80542c72d87f549ae26ee93af52cdc7dd3f46480959a76d26"", ""failure_class"": null, ""max_force_eV_A"": 0.07667229672144903, ""name"": ""bfgs_standard"", ""start_geometry_sha256"": ""fe61dae142be41c82515ff3900e6a14be7f0a74ad19977351a6efb098b69f75c"", ""steps"": 42}]",d0a15aa2d342ade80542c72d87f549ae26ee93af52cdc7dd3f46480959a76d26,2.5252637036144483,True,0.07377799774230073,88.0,100.0,0.08,converged,,bfgs_standard,"[{""ase_converged"": true, ""converged"": true, ""end_geometry_sha256"": ""a974b2834fdbcba8f0a4004c744f720b5ea80af9c5540acc01cd45240f8b19b3"", ""failure_class"": null, ""max_force_eV_A"": 0.07377799774230073, ""name"": ""bfgs_standard"", ""start_geometry_sha256"": ""3837273fe0b77f86b89d06031cc3e92321ca39d30941828b3c401213e3a3c14f"", ""steps"": 88}]",a974b2834fdbcba8f0a4004c744f720b5ea80af9c5540acc01cd45240f8b19b3,3.81654496043918,0.1255449604391803,step_1_OOH,9.0,0.0,True,3.9216487202048054,0.6527014328916925,False,quantitative_screening,2,2,46aa11fb6311a1ce2249,False,
"('Perovskite', 'Gd', 'Mo', 'Nb', 0.05, 'none')",Perovskite,True,esen-sm-conserving-all-oc25:relax-v4:orr-che-v3,True,0.07724059825769525,389,150,0.08,converged,,bfgs_after_fire,"[{""ase_converged"": false, ""converged"": false, ""end_geometry_sha256"": ""abee89c5a34c600e30f32d7e95e9a80e3b5b1b7fbec43bfbd0e32e141386ee41"", ""failure_class"": ""force_threshold"", ""max_force_eV_A"": 0.314926851378057, ""name"": ""bfgs_standard"", ""start_geometry_sha256"": ""8dcfc75c5a7ec2bbbcf018c03398d343408b234f8d6c3791cd07cdcea4d42fa4"", ""steps"": 150}, {""ase_converged"": false, ""converged"": false, ""end_geometry_sha256"": ""839b88e4dc0803c3c89b2c782de3c55dd7b730d162cd25b5bfd3f8caa39bb45b"", ""failure_class"": ""force_threshold"", ""max_force_eV_A"": 0.6365737918526913, ""name"": ""fire_precondition"", ""qualifying"": false, ""start_geometry_sha256"": ""8dcfc75c5a7ec2bbbcf018c03398d343408b234f8d6c3791cd07cdcea4d42fa4"", ""steps"": 75}, {""ase_converged"": true, ""converged"": true, ""end_geometry_sha256"": ""ab7a4e3e4ffa3392168401c6c6113d9e3da1378caf4589d6b54c729648e4d84a"", ""failure_class"": null, ""max_force_eV_A"": 0.07724059825769525, ""name"": ""bfgs_after_fire"", ""start_geometry_sha256"": ""839b88e4dc0803c3c89b2c782de3c55dd7b730d162cd25b5bfd3f8caa39bb45b"", ""steps"": 164}]",ab7a4e3e4ffa3392168401c6c6113d9e3da1378caf4589d6b54c729648e4d84a,-497.7271123752725,True,0.06502548263984664,216.0,100.0,0.08,converged,,bfgs_after_fire,"[{""ase_converged"": false, ""converged"": false, ""end_geometry_sha256"": ""14365cf9ba58189f4a5461b9491db2b5fce2298fadb9209bcb8c55a0ac263dc8"", ""failure_class"": ""force_threshold"", ""max_force_eV_A"": 2.728043449269844, ""name"": ""bfgs_standard"", ""start_geometry_sha256"": ""e03b5db371e24e94beb914e2e01a050aca1fabbb355126f9a6b3631b7871fe40"", ""steps"": 100}, {""ase_converged"": true, ""converged"": true, ""end_geometry_sha256"": ""90465409e318f10f810ed4bfcd96d400b7e3c5cbcc646753d7181c27d19e2570"", ""failure_class"": null, ""max_force_eV_A"": 0.24235424466315547, ""name"": ""fire_precondition"", ""qualifying"": false, ""start_geometry_sha256"": ""e03b5db371e24e94beb914e2e01a050aca1fabbb355126f9a6b3631b7871fe40"", ""steps"": 50}, {""ase_converged"": true, ""converged"": true, ""end_geometry_sha256"": ""33b400b0ff6cc3ccaa613767671bfac1f5f6749bbbe0ba45459891433b3ce9fa"", ""failure_class"": null, ""max_force_eV_A"": 0.06502548263984664, ""name"": ""bfgs_after_fire"", ""start_geometry_sha256"": ""90465409e318f10f810ed4bfcd96d400b7e3c5cbcc646753d7181c27d19e2570"", ""steps"": 66}]",33b400b0ff6cc3ccaa613767671bfac1f5f6749bbbe0ba45459891433b3ce9fa,-0.016542610973176608,True,0.07206829945492732,78.0,100.0,0.08,converged,,bfgs_standard,"[{""ase_converged"": true, ""converged"": true, ""end_geometry_sha256"": ""0322e6dc9c1a891c1ebf1fb8ba22dea79a499f45d67ff1dc68c60548889956f9"", ""failure_class"": null, ""max_force_eV_A"": 0.07206829945492732, ""name"": ""bfgs_standard"", ""start_geometry_sha256"": ""b011cec8ae4a3674b0befd0c75f9796434fcd4f84fd07ba9cfbd8eea9ed4f60e"", ""steps"": 78}]",0322e6dc9c1a891c1ebf1fb8ba22dea79a499f45d67ff1dc68c60548889956f9,-3.2375784747302783,True,0.0682562673438293,81.0,100.0,0.08,converged,,bfgs_standard,"[{""ase_converged"": true, ""converged"": true, ""end_geometry_sha256"": ""4955b35d7744c7d981b83e108496ee9c83f9e7b8dece23b92a7e94488797fa31"", ""failure_class"": null, ""max_force_eV_A"": 0.0682562673438293, ""name"": ""bfgs_standard"", ""start_geometry_sha256"": ""7aee483734c548da76cd991101cba38d156a202c1aee7ed3e8dcb4a425491cb5"", ""steps"": 81}]",4955b35d7744c7d981b83e108496ee9c83f9e7b8dece23b92a7e94488797fa31,4.4850210651753954,3.0,step_3_OH,10.0,-0.5515980458600935,True,3.254121085703455,0.6527014328916925,False,quantitative_screening,1,1,f3182bce76e437f05da1,False,
"('Perovskite', 'Gd', 'Rh', 'Al', 0.5, 'B_vacancy')",Perovskite,True,esen-sm-conserving-all-oc25:relax-v4:orr-che-v3,True,0.07335876129568565,88,150,0.08,converged,,bfgs_standard,"[{""ase_converged"": true, ""converged"": true, ""end_geometry_sha256"": ""3018b2cd5e190ce79a05041624b3c6d252a4566d7d1955314a532ca1504c424f"", ""failure_class"": null, ""max_force_eV_A"": 0.07335876129568565, ""name"": ""bfgs_standard"", ""start_geometry_sha256"": ""c9dbcfdb9cfec3302aed8a4e9972991e1db9e98247581d24eb52a9c8f8d37e99"", ""steps"": 88}]",3018b2cd5e190ce79a05041624b3c6d252a4566d7d1955314a532ca1504c424f,-363.06525459351496,True,0.054488157497322304,272.0,100.0,0.08,converged,,bfgs_after_fire,"[{""ase_converged"": false, ""converged"": false, ""end_geometry_sha256"": ""f1a424387d47cc28daccefbdd81144ee661e417c32f212aff1399456e9dbb3f1"", ""failure_class"": ""force_threshold"", ""max_force_eV_A"": 0.1868990805922739, ""name"": ""bfgs_standard"", ""start_geometry_sha256"": ""f395fdd082f132edc9dfeaadf7532d777591b062dccd09c47af4575487a8f00f"", ""steps"": 100}, {""ase_converged"": false, ""converged"": false, ""end_geometry_sha256"": ""cc3627ac3d9c19a9a5fcbbea0194336785f92c4d11fec19ed460e94c086db033"", ""failure_class"": ""force_threshold"", ""max_force_eV_A"": 0.4547369257759195, ""name"": ""fire_precondition"", ""qualifying"": false, ""start_geometry_sha256"": ""f395fdd082f132edc9dfeaadf7532d777591b062dccd09c47af4575487a8f00f"", ""steps"": 50}, {""ase_converged"": true, ""converged"": true, ""end_geometry_sha256"": ""028074e973f9679aeaa37509fa34f26fd9d04a9f1adf6e0c654b57c7457dcf20"", ""failure_class"": null, ""max_force_eV_A"": 0.054488157497322304, ""name"": ""bfgs_after_fire"", ""start_geometry_sha256"": ""cc3627ac3d9c19a9a5fcbbea0194336785f92c4d11fec19ed460e94c086db033"", ""steps"": 122}]",028074e973f9679aeaa37509fa34f26fd9d04a9f1adf6e0c654b57c7457dcf20,-1.77678316578269,True,0.07703359105989065,252.0,100.0,0.08,converged,,bfgs_after_fire,"[{""ase_converged"": false, ""converged"": false, ""end_geometry_sha256"": ""4c731825c47341cd3d8e88db36999fd3ced80d53b9d801aa44fd969cafefd8c8"", ""failure_class"": ""force_threshold"", ""max_force_eV_A"": 0.45637308939424426, ""name"": ""bfgs_standard"", ""start_geometry_sha256"": ""eb5cd22c85ef8b3beb2e4f8acba6a4686c53e10ffb30b52b58212b5f73a6ecf4"", ""steps"": 100}, {""ase_converged"": false, ""converged"": false, ""end_geometry_sha256"": ""dca2302f321e76305dd3e75013a355522de63d2746387e1a2b78886a271bcf62"", ""failure_class"": ""force_threshold"", ""max_force_eV_A"": 0.9734116265243253, ""name"": ""fire_precondition"", ""qualifying"": false, ""start_geometry_sha256"": ""eb5cd22c85ef8b3beb2e4f8acba6a4686c53e10ffb30b52b58212b5f73a6ecf4"", ""steps"": 50}, {""ase_converged"": true, ""converged"": true, ""end_geometry_sha256"": ""96df4b2ea8b4bbbbf64365f0aae93575be86f55f0ce1d5f1b7e0b6a2c50a094f"", ""failure_class"": null, ""max_force_eV_A"": 0.07703359105989065, ""name"": ""bfgs_after_fire"", ""start_geometry_sha256"": ""dca2302f321e76305dd3e75013a355522de63d2746387e1a2b78886a271bcf62"", ""steps"": 102}]",96df4b2ea8b4bbbbf64365f0aae93575be86f55f0ce1d5f1b7e0b6a2c50a094f,-0.31210812255742654,True,0.0789188926297548,268.0,100.0,0.08,converged,,bfgs_after_fire,"[{""ase_converged"": false, ""converged"": false, ""end_geometry_sha256"": ""1cac3ac850b746bc14804d65cbf79ea18af257111930a4a146809d0bf43330d3"", ""failure_class"": ""force_threshold"", ""max_force_eV_A"": 0.310006900063342, ""name"": ""bfgs_standard"", ""start_geometry_sha256"": ""40f1e558fb05ee5da3357eb4c4bdb1915d2cecb07ee9270125758ef5b7857d71"", ""steps"": 100}, {""ase_converged"": false, ""converged"": false, ""end_geometry_sha256"": ""00c0881b5c52a7632d54bd0c270982695980e5833d1c2b9e0fedc4992fe0cc30"", ""failure_class"": ""force_threshold"", ""max_force_eV_A"": 1.0175266307062136, ""name"": ""fire_precondition"", ""qualifying"": false, ""start_geometry_sha256"": ""40f1e558fb05ee5da3357eb4c4bdb1915d2cecb07ee9270125758ef5b7857d71"", ""steps"": 50}, {""ase_converged"": true, ""converged"": true, ""end_geometry_sha256"": ""40788c044c0e58ab5edbcbacde1de6a2ce68a72231c651d8c299f866d78adad4"", ""failure_class"": null, ""max_force_eV_A"": 0.0789188926297548, ""name"": ""bfgs_after_fire"", ""start_geometry_sha256"": ""00c0881b5c52a7632d54bd0c270982695980e5833d1c2b9e0fedc4992fe0cc30"", ""steps"": 118}]",40788c044c0e58ab5edbcbacde1de6a2ce68a72231c651d8c299f866d78adad4,-0.3625092998147259,3.0,step_4_H2O,10.0,-0.19480565019298424,True,2.0888912883401165,0.6527014328916925,False,quantitative_screening,2,2,40487186ef1d13465f0f,False,
"('Perovskite', 'Gd', 'Pd', 'Ta', 0.5, 'none')",Perovskite,True,esen-sm-conserving-all-oc25:relax-v4:orr-che-v3,True,0.07949232668511355,88,150,0.08,converged,,bfgs_standard,"[{""ase_converged"": true, ""converged"": true, ""end_geometry_sha256"": ""4aa0bfe0617b1c6f78950106c8fd6be22dea7289e1727c39691fe279feebcea0"", ""failure_class"": null, ""max_force_eV_A"": 0.07949232668511355, ""name"": ""bfgs_standard"", ""start_geometry_sha256"": ""a60ddcd76fd6baad119d72028cf56488d92bde01aff098213c0410605f19610f"", ""steps"": 88}]",4aa0bfe0617b1c6f78950106c8fd6be22dea7289e1727c39691fe279feebcea0,-424.19264740325485,True,0.06829201751125621,292.0,100.0,0.08,converged,,bfgs_after_fire,"[{""ase_converged"": false, ""converged"": false, ""end_geometry_sha256"": ""b61a1f72fefbb27a32bf16b6a7e92b64a96e8454286e7e6c3be0e37246900c5d"", ""failure_class"": ""force_threshold"", ""max_force_eV_A"": 0.6364883152824156, ""name"": ""bfgs_standard"", ""start_geometry_sha256"": ""089db24089c198006070e763c9438712970358c5f60eaab02986ab8b8484a95b"", ""steps"": 100}, {""ase_converged"": false, ""converged"": false, ""end_geometry_sha256"": ""d0721e32f420b51a70b88ad38c7c9137c93b91fd178355860fb3f2456f9ef3ac"", ""failure_class"": ""force_threshold"", ""max_force_eV_A"": 0.9758326878353902, ""name"": ""fire_precondition"", ""qualifying"": false, ""start_geometry_sha256"": ""089db24089c198006070e763c9438712970358c5f60eaab02986ab8b8484a95b"", ""steps"": 50}, {""ase_converged"": true, ""converged"": true, ""end_geometry_sha256"": ""708291970fdcb32586c017e97a731d9ad49c440e51f5cbc7fce3439bbeb8869d"", ""failure_class"": null, ""max_force_eV_A"": 0.06829201751125621, ""name"": ""bfgs_after_fire"", ""start_geometry_sha256"": ""d0721e32f420b51a70b88ad38c7c9137c93b91fd178355860fb3f2456f9ef3ac"", ""steps"": 142}]",708291970fdcb32586c017e97a731d9ad49c440e51f5cbc7fce3439bbeb8869d,-1.1404687736928463,True,0.07314097384497686,49.0,100.0,0.08,converged,,bfgs_standard,"[{""ase_converged"": true, ""converged"": true, ""end_geometry_sha256"": ""4fffe218df07ffb26bd5946df871bc28fe18414ce21585516240b1c750ebb2b0"", ""failure_class"": null, ""max_force_eV_A"": 0.07314097384497686, ""name"": ""bfgs_standard"", ""start_geometry_sha256"": ""d05774cbe1b72d20b8177af2ec1c2de36fc298dc0756b16bae4645162f4b94e7"", ""steps"": 49}]",4fffe218df07ffb26bd5946df871bc28fe18414ce21585516240b1c750ebb2b0,2.1827305920422395,True,0.0681315959673901,258.0,100.0,0.08,converged,,bfgs_after_fire,"[{""ase_converged"": false, ""converged"": false, ""end_geometry_sha256"": ""f969f5b9bb1af5b6c677a0cb49ae264436f4d316444e87b40195b5dd9b0abd84"", ""failure_class"": ""force_threshold"", ""max_force_eV_A"": 0.11430149077913222, ""name"": ""bfgs_standard"", ""start_geometry_sha256"": ""5a3941f5c45e071120b0eedcbfc9966450e6b5da2c62730e7c6973c39d56be62"", ""steps"": 100}, {""ase_converged"": false, ""converged"": false, ""end_geometry_sha256"": ""da546711e601559d92f81908eecb7f9406419a1d1eec75dd0a5e9affead8d4cf"", ""failure_class"": ""force_threshold"", ""max_force_eV_A"": 1.5898292076759506, ""name"": ""fire_precondition"", ""qualifying"": false, ""start_geometry_sha256"": ""5a3941f5c45e071120b0eedcbfc9966450e6b5da2c62730e7c6973c39d56be62"", ""steps"": 50}, {""ase_converged"": true, ""converged"": true, ""end_geometry_sha256"": ""4f897ad41ee404300eda7068b2bf8b91d0eb11302f6c0292d3e42a6a563b9a37"", ""failure_class"": null, ""max_force_eV_A"": 0.0681315959673901, ""name"": ""bfgs_after_fire"", ""start_geometry_sha256"": ""da546711e601559d92f81908eecb7f9406419a1d1eec75dd0a5e9affead8d4cf"", ""steps"": 108}]",4f897ad41ee404300eda7068b2bf8b91d0eb11302f6c0292d3e42a6a563b9a37,4.006394813954863,2.369468773692846,step_4_H2O,10.0,-2.0,True,3.3231993657350856,0.6527014328916925,False,quantitative_screening,0,0,561a67d735767004b110,False,
"('Perovskite', 'Gd', 'W', 'In', 0.25, 'none')",Perovskite,True,esen-sm-conserving-all-oc25:relax-v4:orr-che-v3,True,0.06478028638950445,149,150,0.08,converged,,bfgs_standard,"[{""ase_converged"": true, ""converged"": true, ""end_geometry_sha256"": ""193e4d7797abd81025a23809dc6ffaef3396a0a5cb8c3348e2668f6d9aeac35f"", ""failure_class"": null, ""max_force_eV_A"": 0.06478028638950445, ""name"": ""bfgs_standard"", ""start_geometry_sha256"": ""66ef6e820a6d659aae5fbac745093d91da88e4fb4b7a65ea237546d3ca28a05a"", ""steps"": 149}]",193e4d7797abd81025a23809dc6ffaef3396a0a5cb8c3348e2668f6d9aeac35f,-478.6153536217843,True,0.07945660546084365,83.0,100.0,0.08,converged,,bfgs_standard,"[{""ase_converged"": true, ""converged"": true, ""end_geometry_sha256"": ""45348269d7989f537796261997dd14040cac2d9f412ee48c74c34822771a5d33"", ""failure_class"": null, ""max_force_eV_A"": 0.07945660546084365, ""name"": ""bfgs_standard"", ""start_geometry_sha256"": ""6acb0ca76356052ebb52eca843c30e5418aab5e9cfe1c37e0004ed74bdf45b17"", ""steps"": 83}]",45348269d7989f537796261997dd14040cac2d9f412ee48c74c34822771a5d33,-0.010164913982152968,True,0.07286736429977518,239.0,100.0,0.08,converged,,bfgs_after_fire,"[{""ase_converged"": false, ""converged"": false, ""end_geometry_sha256"": ""2a9af2af5bb6b68c53457e106543a1acb710bcf1f9cf286675b6347cda500c89"", ""failure_class"": ""force_threshold"", ""max_force_eV_A"": 0.14478655398206552, ""name"": ""bfgs_standard"", ""start_geometry_sha256"": ""ce7b93eb2a740bd39704ec13b653672bb2ecb1901febd7120c4786460e22cfc2"", ""steps"": 100}, {""ase_converged"": false, ""converged"": false, ""end_geometry_sha256"": ""95304cc0eb4b743523f30601ed19bef2138373e9eb7bb4134c53412acb4f15fc"", ""failure_class"": ""force_threshold"", ""max_force_eV_A"": 0.8665815849151601, ""name"": ""fire_precondition"", ""qualifying"": false, ""start_geometry_sha256"": ""ce7b93eb2a740bd39704ec13b653672bb2ecb1901febd7120c4786460e22cfc2"", ""steps"": 50}, {""ase_converged"": true, ""converged"": true, ""end_geometry_sha256"": ""6f9cd3ba1e55abe8d725a67226050cafdaddd0010d3dc75d8bdcfd697cbf8e43"", ""failure_class"": null, ""max_force_eV_A"": 0.07286736429977518, ""name"": ""bfgs_after_fire"", ""start_geometry_sha256"": ""95304cc0eb4b743523f30601ed19bef2138373e9eb7bb4134c53412acb4f15fc"", ""steps"": 89}]",6f9cd3ba1e55abe8d725a67226050cafdaddd0010d3dc75d8bdcfd697cbf8e43,1.7214550144970169,True,0.0717535674516928,219.0,100.0,0.08,converged,,bfgs_after_fire,"[{""ase_converged"": false, ""converged"": false, ""end_geometry_sha256"": ""9f3d46c89c938319717f63c5fecef51d74a2fcc538f24fcd053a84629acf71ff"", ""failure_class"": ""force_threshold"", ""max_force_eV_A"": 0.22446150078533864, ""name"": ""bfgs_standard"", ""start_geometry_sha256"": ""d3c4fd3f1db0600b3ac47de692b15a52feca26d0ee03a377dea3121eee24c643"", ""steps"": 100}, {""ase_converged"": false, ""converged"": false, ""end_geometry_sha256"": ""c9c9ba85bf1709e85ced336954d249482715f97bff971c65bb6071c185fd1fee"", ""failure_class"": ""force_threshold"", ""max_force_eV_A"": 1.3446117110752083, ""name"": ""fire_precondition"", ""qualifying"": false, ""start_geometry_sha256"": ""d3c4fd3f1db0600b3ac47de692b15a52feca26d0ee03a377dea3121eee24c643"", ""steps"": 50}, {""ase_converged"": true, ""converged"": true, ""end_geometry_sha256"": ""c789ab3820891c6b99a5458fbc04a153841f87b30d11555100a70a1df2dd929b"", ""failure_class"": null, ""max_force_eV_A"": 0.0717535674516928, ""name"": ""bfgs_after_fire"", ""start_geometry_sha256"": ""c9c9ba85bf1709e85ced336954d249482715f97bff971c65bb6071c185fd1fee"", ""steps"": 69}]",c789ab3820891c6b99a5458fbc04a153841f87b30d11555100a70a1df2dd929b,1.915632675588106,1.239164913982153,step_4_H2O,10.0,-1.8085055258811011,True,1.7316199284791698,0.6527014328916925,False,quantitative_screening,1,1,170abb978912bab4b4e0,False,
"('Perovskite', 'Gd', 'Al', 'Mn', 0.15, 'none')",Perovskite,True,esen-sm-conserving-all-oc25:relax-v4:orr-che-v3,True,0.07060121943509612,276,150,0.08,converged,,bfgs_after_fire,"[{""ase_converged"": false, ""converged"": false, ""end_geometry_sha256"": ""cc0b910d233fdc7577822e90dc71775e574de81f297a6637da6477e52b0a091e"", ""failure_class"": ""force_threshold"", ""max_force_eV_A"": 0.2441857783676893, ""name"": ""bfgs_standard"", ""start_geometry_sha256"": ""5cdd704ac101a29b5c5f1c19b42e7a716b14f4d889944c2ed6cccbc16f2680c5"", ""steps"": 150}, {""ase_converged"": false, ""converged"": false, ""end_geometry_sha256"": ""c2e3d2e34557f68ad7b54ba1a54b277bf887c9422bef2bc402395f5d63092b4a"", ""failure_class"": ""force_threshold"", ""max_force_eV_A"": 1.35011712207213, ""name"": ""fire_precondition"", ""qualifying"": false, ""start_geometry_sha256"": ""5cdd704ac101a29b5c5f1c19b42e7a716b14f4d889944c2ed6cccbc16f2680c5"", ""steps"": 75}, {""ase_converged"": true, ""converged"": true, ""end_geometry_sha256"": ""517fb1859a828c562805ab8ae2de4daacf65ce8514aedbc52f9d74c601290473"", ""failure_class"": null, ""max_force_eV_A"": 0.07060121943509612, ""name"": ""bfgs_after_fire"", ""start_geometry_sha256"": ""c2e3d2e34557f68ad7b54ba1a54b277bf887c9422bef2bc402395f5d63092b4a"", ""steps"": 51}]",517fb1859a828c562805ab8ae2de4daacf65ce8514aedbc52f9d74c601290473,-363.9697454110131,True,0.07180437742317122,87.0,100.0,0.08,converged,,bfgs_standard,"[{""ase_converged"": true, ""converged"": true, ""end_geometry_sha256"": ""d35bbe687379344b20deb3cfedb5cb406382c11832066a7cf68583fe7bde2201"", ""failure_class"": null, ""max_force_eV_A"": 0.07180437742317122, ""name"": ""bfgs_standard"", ""start_geometry_sha256"": ""13e9a42ebb7a42bf5daf03d7eed8a6e9bc8bc5f93915210c32ee8aa25c581417"", ""steps"": 87}]",d35bbe687379344b20deb3cfedb5cb406382c11832066a7cf68583fe7bde2201,-0.8744203422963619,True,0.07124940369127968,81.0,100.0,0.08,converged,,bfgs_standard,"[{""ase_converged"": true, ""converged"": true, ""end_geometry_sha256"": ""21f3db94241321e18b333ce8f55332b165312787f234cf07946c10a8b87783fe"", ""failure_class"": null, ""max_force_eV_A"": 0.07124940369127968, ""name"": ""bfgs_standard"", ""start_geometry_sha256"": ""1ee60e47f023eed45f9849398d39c34bc56e845f3c34a50cf092db9d8d873d40"", ""steps"": 81}]",21f3db94241321e18b333ce8f55332b165312787f234cf07946c10a8b87783fe,0.32356158569446974,True,0.061368648662972335,275.0,100.0,0.08,converged,,bfgs_after_fire,"[{""ase_converged"": false, ""converged"": false, ""end_geometry_sha256"": ""609cd564a3b5c31aa672b3b59c3179365e6e0ac3ad6745a36c2ea49a3cb1ff27"", ""failure_class"": ""force_threshold"", ""max_force_eV_A"": 0.0928089074720988, ""name"": ""bfgs_standard"", ""start_geometry_sha256"": ""4b71970675e3fb515242e28ec288a327880e7b24768d9d773074b6de4cb28cf1"", ""steps"": 100}, {""ase_converged"": false, ""converged"": false, ""end_geometry_sha256"": ""384dd2aeb0e24851b0d18ee8289eee659048f052fb3436235119ea88ebf77fe7"", ""failure_class"": ""force_threshold"", ""max_force_eV_A"": 0.7491245095626151, ""name"": ""fire_precondition"", ""qualifying"": false, ""start_geometry_sha256"": ""4b71970675e3fb515242e28ec288a327880e7b24768d9d773074b6de4cb28cf1"", ""steps"": 50}, {""ase_converged"": true, ""converged"": true, ""end_geometry_sha256"": ""8874259484ff1023fc229cfa71ab268b7612bc4101a76eee963a9d67efa3e7aa"", ""failure_class"": null, ""max_force_eV_A"": 0.061368648662972335, ""name"": ""bfgs_after_fire"", ""start_geometry_sha256"": ""384dd2aeb0e24851b0d18ee8289eee659048f052fb3436235119ea88ebf77fe7"", ""steps"": 125}]",8874259484ff1023fc229cfa71ab268b7612bc4101a76eee963a9d67efa3e7aa,2.5994619831442582,2.1034203422963618,step_4_H2O,9.0,0.0,True,1.1979819279908317,0.6527014328916925,False,quantitative_screening,2,2,fcaf92f2281e6ca72ff4,False,
"('Perovskite', 'Gd', 'Sn', 'Nb', 0.05, 'none')",Perovskite,True,esen-sm-conserving-all-oc25:relax-v4:orr-che-v3,True,0.07098000614553773,141,150,0.08,converged,,bfgs_standard,"[{""ase_converged"": true, ""converged"": true, ""end_geometry_sha256"": ""83f3876404d6f6b9777e59d99b22a1a577aba6a5f4bfe218a8c45dcc056e68e4"", ""failure_class"": null, ""max_force_eV_A"": 0.07098000614553773, ""name"": ""bfgs_standard"", ""start_geometry_sha256"": ""81e1927f65a9237e0a540d3628795d65eda4c6e2af766ffbf3f5173a85f82292"", ""steps"": 141}]",83f3876404d6f6b9777e59d99b22a1a577aba6a5f4bfe218a8c45dcc056e68e4,-341.1383761228482,True,0.07704151111081793,76.0,100.0,0.08,converged,,bfgs_standard,"[{""ase_converged"": true, ""converged"": true, ""end_geometry_sha256"": ""1d324154e98be4d84030a01943354aae10267bf439dfb52c6b98802bf3b1f427"", ""failure_class"": null, ""max_force_eV_A"": 0.07704151111081793, ""name"": ""bfgs_standard"", ""start_geometry_sha256"": ""718998f40e9cc36309af9c99651879dee10fc331c59d808b7453458f8a38b4b9"", ""steps"": 76}]",1d324154e98be4d84030a01943354aae10267bf439dfb52c6b98802bf3b1f427,0.8616483832895756,True,0.07426703740173651,34.0,100.0,0.08,converged,,bfgs_standard,"[{""ase_converged"": true, ""converged"": true, ""end_geometry_sha256"": ""47b21ea412aadf9397a537d747b229700c679fd5de0ed2eae3b6b343bce7212d"", ""failure_class"": null, ""max_force_eV_A"": 0.07426703740173651, ""name"": ""bfgs_standard"", ""start_geometry_sha256"": ""cfa29d1385a79e8ca6d8333854a99667929d675859c2f880bc8381cb4de980f0"", ""steps"": 34}]",47b21ea412aadf9397a537d747b229700c679fd5de0ed2eae3b6b343bce7212d,2.9525479443371614,True,0.07013497289174073,52.0,100.0,0.08,converged,,bfgs_standard,"[{""ase_converged"": true, ""converged"": true, ""end_geometry_sha256"": ""a7bbbdba1f49559b0af95a2f84978baad76fe530c4ed862f50c8c2ef7cd064ae"", ""failure_class"": null, ""max_force_eV_A"": 0.07013497289174073, ""name"": ""bfgs_standard"", ""start_geometry_sha256"": ""f98c0566324a32f506c041a47816edd9f4fee735e0858427df18905772694838"", ""steps"": 52}]",a7bbbdba1f49559b0af95a2f84978baad76fe530c4ed862f50c8c2ef7cd064ae,4.6600050434469935,0.9690050434469937,step_1_OOH,10.0,-0.3632336525467814,True,3.814196327626737,0.6527014328916925,False,quantitative_screening,0,0,9b656f2aad5ccc891472,False,
"('MAXPhase', 'Hf', 'Si', 'N', 1, 'Cr', 'basal_0001')",MAXPhase,True,esen-sm-conserving-all-oc25:relax-v4:orr-che-v3,True,0.03888975318097307,21,150,0.08,converged,,bfgs_standard,"[{""ase_converged"": true, ""converged"": true, ""end_geometry_sha256"": ""5a0578d6edb66b07793ebb8648cefd39b25ea396d57c6667143a012ae8174062"", ""failure_class"": null, ""max_force_eV_A"": 0.03888975318097307, ""name"": ""bfgs_standard"", ""start_geometry_sha256"": ""1535633ca25067c6d74231ae6c74d673c6a991a4108e0a5ff2341107727079cc"", ""steps"": 21}]",5a0578d6edb66b07793ebb8648cefd39b25ea396d57c6667143a012ae8174062,-163.63973347710257,True,0.032041358202270845,5.0,100.0,0.08,converged,,bfgs_standard,"[{""ase_converged"": true, ""converged"": true, ""end_geometry_sha256"": ""b5975a71795f0ea20cd9baa945a8ffb9a2513e08675a5a9d1c2e906b7eaab6bd"", ""failure_class"": null, ""max_force_eV_A"": 0.032041358202270845, ""name"": ""bfgs_standard"", ""start_geometry_sha256"": ""f283a526771be6afccfccc146ce07c03f5becd7aea5fbfd98d418a98b281d995"", ""steps"": 5}]",b5975a71795f0ea20cd9baa945a8ffb9a2513e08675a5a9d1c2e906b7eaab6bd,-0.9377576683461666,True,0.06658248556904518,40.0,100.0,0.08,converged,,bfgs_standard,"[{""ase_converged"": true, ""converged"": true, ""end_geometry_sha256"": ""3e78eadf075ed0986408aa0aefdb77d79c0a21142939e6232501902d7d58feaa"", ""failure_class"": null, ""max_force_eV_A"": 0.06658248556904518, ""name"": ""bfgs_standard"", ""start_geometry_sha256"": ""35f61a473953a79ff05066a5f6d70c9278dcdae7e82e27623e1d314b30389499"", ""steps"": 40}]",3e78eadf075ed0986408aa0aefdb77d79c0a21142939e6232501902d7d58feaa,-3.4388266436755623,True,0.07899170500851554,67.0,100.0,0.08,converged,,bfgs_standard,"[{""ase_converged"": true, ""converged"": true, ""end_geometry_sha256"": ""e331eda2e6e4e80f48350c0b34628f54321220d048426aeb55070ba6d598110a"", ""failure_class"": null, ""max_force_eV_A"": 0.07899170500851554, ""name"": ""bfgs_standard"", ""start_geometry_sha256"": ""ce74754c612c2215e094d5f866c042fdc9d53d316121fbcfcef256d0f3d24c44"", ""steps"": 67}]",e331eda2e6e4e80f48350c0b34628f54321220d048426aeb55070ba6d598110a,-5.493883658945556,3.0,step_3_OH,9.0,0.0,True,4.376584312021729,0.707500000035,False,quantitative_screening,1,1,6e13f028493fc214b39e,False,
"('MAXPhase', 'Hf', 'P', 'N', 3, 'Mo', 'basal_0001')",MAXPhase,True,esen-sm-conserving-all-oc25:relax-v4:orr-che-v3,True,0.06601449365620655,53,150,0.08,converged,,bfgs_standard,"[{""ase_converged"": true, ""converged"": true, ""end_geometry_sha256"": ""5e087208dd1168340bf000f219e284b3507d7fb426fe9c1ee53cd8be5526df5d"", ""failure_class"": null, ""max_force_eV_A"": 0.06601449365620655, ""name"": ""bfgs_standard"", ""start_geometry_sha256"": ""ca2c41d2c9b30c80b4666adde86586859d910970d58e38d534b312a166427951"", ""steps"": 53}]",5e087208dd1168340bf000f219e284b3507d7fb426fe9c1ee53cd8be5526df5d,-368.60740334601627,True,0.07944899929719537,62.0,100.0,0.08,converged,,bfgs_standard,"[{""ase_converged"": true, ""converged"": true, ""end_geometry_sha256"": ""43212197a2ae11b1fc0da5624a4243747a64d956838d0556cf88b0d090f28641"", ""failure_class"": null, ""max_force_eV_A"": 0.07944899929719537, ""name"": ""bfgs_standard"", ""start_geometry_sha256"": ""472bac4429643cd5c8dd411856ca5efdcb0685055cd974174f06b11b96013dba"", ""steps"": 62}]",43212197a2ae11b1fc0da5624a4243747a64d956838d0556cf88b0d090f28641,-1.9632760857045082,True,0.0744386785536174,42.0,100.0,0.08,converged,,bfgs_standard,"[{""ase_converged"": true, ""converged"": true, ""end_geometry_sha256"": ""86192e31fabadd1021de1a85ff4a2c57653bce56db7eafa1d9518ba85ad2a157"", ""failure_class"": null, ""max_force_eV_A"": 0.0744386785536174, ""name"": ""bfgs_standard"", ""start_geometry_sha256"": ""abde0925f653eaca074379ba6e00f172bb0d4e392947dddf37c759b639e20245"", ""steps"": 42}]",86192e31fabadd1021de1a85ff4a2c57653bce56db7eafa1d9518ba85ad2a157,-2.497500502318169,True,0.07464429083396437,96.0,100.0,0.08,converged,,bfgs_standard,"[{""ase_converged"": true, ""converged"": true, ""end_geometry_sha256"": ""8352f2bba34aaf1b991223ee2a313b4ef28fe3d945435cffd9c89fec929b9d47"", ""failure_class"": null, ""max_force_eV_A"": 0.07464429083396437, ""name"": ""bfgs_standard"", ""start_geometry_sha256"": ""d68a87db1f3bd1be034a598ccc785448d281f9ca46f26c48d3df9c3e22ac9951"", ""steps"": 96}]",8352f2bba34aaf1b991223ee2a313b4ef28fe3d945435cffd9c89fec929b9d47,-4.561590720713106,3.0,step_2_O,10.0,0.0,True,4.460776588022677,0.5199556092414295,False,quantitative_screening,1,1,3ec94d76ccc2d415a6c0,False,
"('MAXPhase', 'Hf', 'S', 'N', 2, 'Zr', 'edge_1120')",MAXPhase,False,esen-sm-conserving-all-oc25:relax-v4:orr-che-v3,True,0.05015048031774261,33,150,0.08,converged,,bfgs_standard,"[{""ase_converged"": true, ""converged"": true, ""end_geometry_sha256"": ""d57347b47ab2ff84828ec421b6ab21a953f6812c2b7d557fb8cda334014309b5"", ""failure_class"": null, ""max_force_eV_A"": 0.05015048031774261, ""name"": ""bfgs_standard"", ""start_geometry_sha256"": ""049c639b079b74d9bc1059fdca80caa59b3cce7c212f564055538453ff124d98"", ""steps"": 33}]",d57347b47ab2ff84828ec421b6ab21a953f6812c2b7d557fb8cda334014309b5,-90.56491420349874,False,,0.0,100.0,0.08,invalid_initial_geometry,atomic_overlap,none,[],d21dd125a06518027bcc0d157430d4b5962c1f6cbe6ed72f95c250168b6d7af9,,,,,,,,,,,,,,,,,,,,,,,,,,,,,,,True,validation_required,0,0,d57f85b10d2447091815,False,Invalid oh initial geometry: atomic_overlap
"('MAXPhase', 'Hf', 'S', 'N', 3, 'Ni', 'edge_1010')",MAXPhase,True,esen-sm-conserving-all-oc25:relax-v4:orr-che-v3,True,0.07359465689929612,77,150,0.08,converged,,bfgs_standard,"[{""ase_converged"": true, ""converged"": true, ""end_geometry_sha256"": ""e8291b42e009a832de59718d18dd039f3b8fb01b7d5b9611a4b08fc27fff2ecf"", ""failure_class"": null, ""max_force_eV_A"": 0.07359465689929612, ""name"": ""bfgs_standard"", ""start_geometry_sha256"": ""267a3dcaf4cf36ab34df30bf3ed4cf6abe99d86f8ab05e1ef5fd888644dfc64d"", ""steps"": 77}]",e8291b42e009a832de59718d18dd039f3b8fb01b7d5b9611a4b08fc27fff2ecf,-355.0584124314112,True,0.0787306086397512,29.0,100.0,0.08,converged,,bfgs_standard,"[{""ase_converged"": true, ""converged"": true, ""end_geometry_sha256"": ""9858a8aa86e2834cc64f6b97515f1a0c756468f7c96cf8b6782f48f3ea3d65d9"", ""failure_class"": null, ""max_force_eV_A"": 0.0787306086397512, ""name"": ""bfgs_standard"", ""start_geometry_sha256"": ""fe577eb932d772f2c07b77404a3c83bc827360b0b1714a7cf682332477c5b52e"", ""steps"": 29}]",9858a8aa86e2834cc64f6b97515f1a0c756468f7c96cf8b6782f48f3ea3d65d9,-2.105953392833471,True,0.07806759866329484,73.0,100.0,0.08,converged,,bfgs_standard,"[{""ase_converged"": true, ""converged"": true, ""end_geometry_sha256"": ""dc8cbc6ec26ff11749dc6f0604ac063cfecd0b373d7a8a34062680a4bd8711d0"", ""failure_class"": null, ""max_force_eV_A"": 0.07806759866329484, ""name"": ""bfgs_standard"", ""start_geometry_sha256"": ""c0972b9ec8104b0179b4d5b0d77f4af32f36fdbfcac81816ee7ba4e8c120c46e"", ""steps"": 73}]",dc8cbc6ec26ff11749dc6f0604ac063cfecd0b373d7a8a34062680a4bd8711d0,-2.046479307860218,True,0.06781227297336209,209.0,100.0,0.08,converged,,bfgs_after_fire,"[{""ase_converged"": false, ""converged"": false, ""end_geometry_sha256"": ""317b6e59ddbc0c7cea503352eed1995bbdb344f9125f3faf908b9e9eee723544"", ""failure_class"": ""force_threshold"", ""max_force_eV_A"": 0.17877828918092606, ""name"": ""bfgs_standard"", ""start_geometry_sha256"": ""4b2553bdab29da77c422802d36461e37be0868ca48a04c068905c27b9972599a"", ""steps"": 100}, {""ase_converged"": false, ""converged"": false, ""end_geometry_sha256"": ""20d50387f703c2b063b2b77f7c54f718f7e1a9f01f5537279e7fcd327bf22a65"", ""failure_class"": ""force_threshold"", ""max_force_eV_A"": 3.4257518305242463, ""name"": ""fire_precondition"", ""qualifying"": false, ""start_geometry_sha256"": ""4b2553bdab29da77c422802d36461e37be0868ca48a04c068905c27b9972599a"", ""steps"": 50}, {""ase_converged"": true, ""converged"": true, ""end_geometry_sha256"": ""282be263d45907fcd4ff29002800405f240e26ca9524f1d0940b6179c45e410b"", ""failure_class"": null, ""max_force_eV_A"": 0.06781227297336209, ""name"": ""bfgs_after_fire"", ""start_geometry_sha256"": ""20d50387f703c2b063b2b77f7c54f718f7e1a9f01f5537279e7fcd327bf22a65"", ""steps"": 59}]",282be263d45907fcd4ff29002800405f240e26ca9524f1d0940b6179c45e410b,7.67081971019504,3.0,step_1_OOH,10.0,0.0,True,4.152432700693689,0.5199556092414295,False,quantitative_screening,0,0,e29476d9c8324c1b1194,False,
"('MAXPhase', 'Hf', 'Ge', 'C', 1, 'Ta', 'basal_0001')",MAXPhase,True,esen-sm-conserving-all-oc25:relax-v4:orr-che-v3,True,0.03730142754646556,39,150,0.08,converged,,bfgs_standard,"[{""ase_converged"": true, ""converged"": true, ""end_geometry_sha256"": ""0102885afa01c887b75c8f058ae7916f9bb23f6d3a24ebf06dab810a6f06105c"", ""failure_class"": null, ""max_force_eV_A"": 0.03730142754646556, ""name"": ""bfgs_standard"", ""start_geometry_sha256"": ""67112e54f8094b5ed5fc1be898b49ae56d988f1e2041f032fb6e41636d93f2ae"", ""steps"": 39}]",0102885afa01c887b75c8f058ae7916f9bb23f6d3a24ebf06dab810a6f06105c,-164.6878046990916,True,0.05606786305050699,5.0,100.0,0.08,converged,,bfgs_standard,"[{""ase_converged"": true, ""converged"": true, ""end_geometry_sha256"": ""d14166b6eee9f52cc9ff36b191dc40896ba45341b0523553a7a626f2c6d046f5"", ""failure_class"": null, ""max_force_eV_A"": 0.05606786305050699, ""name"": ""bfgs_standard"", ""start_geometry_sha256"": ""550cb288225fe9a81ae02e39700bdf50214dd0dc4457ae7f6e3f5f23ac9de675"", ""steps"": 5}]",d14166b6eee9f52cc9ff36b191dc40896ba45341b0523553a7a626f2c6d046f5,-0.922891793102026,True,0.05344493787197549,34.0,100.0,0.08,converged,,bfgs_standard,"[{""ase_converged"": true, ""converged"": true, ""end_geometry_sha256"": ""f779609398fbe0e905dd7eb0a3f77911bb19940f208bcdd19a09020f336c3dd8"", ""failure_class"": null, ""max_force_eV_A"": 0.05344493787197549, ""name"": ""bfgs_standard"", ""start_geometry_sha256"": ""ac40342d686e28984bc5bb64097efb54d6f8ea48ba5045df1f41efbeafd298fa"", ""steps"": 34}]",f779609398fbe0e905dd7eb0a3f77911bb19940f208bcdd19a09020f336c3dd8,-2.988778197020289,True,0.06621045335890177,68.0,100.0,0.08,converged,,bfgs_standard,"[{""ase_converged"": true, ""converged"": true, ""end_geometry_sha256"": ""c53e3a15d604147d7ce3f0b0cc268ad843ac0480658e6aefd58ddef23d75a556"", ""failure_class"": null, ""max_force_eV_A"": 0.06621045335890177, ""name"": ""bfgs_standard"", ""start_geometry_sha256"": ""37e7a212cfbbe46a6586f3df621b4d56d00f1e896bc9bc08ed5d310cf7bf3edc"", ""steps"": 68}]",c53e3a15d604147d7ce3f0b0cc268ad843ac0480658e6aefd58ddef23d75a556,-5.426386405527587,3.0,step_2_O,10.0,-1.3638383270404502,True,3.9116699901223146,0.707500000035,False,quantitative_screening,1,1,0b4509c15a003aa53fb6,False,
"('MAXPhase', 'Hf', 'Ge', 'N', 3, 'Mo', 'edge_1120')",MAXPhase,True,esen-sm-conserving-all-oc25:relax-v4:orr-che-v3,True,0.07988297590572488,128,150,0.08,converged,,bfgs_standard,"[{""ase_converged"": true, ""converged"": true, ""end_geometry_sha256"": ""fb823913f62a75bcc17d3c0e672b0f0cab0fd8296ddeb124aa13d7dd7c91f0bc"", ""failure_class"": null, ""max_force_eV_A"": 0.07988297590572488, ""name"": ""bfgs_standard"", ""start_geometry_sha256"": ""51aeee928b1d7e3dca0e38e7da4d7d03d34ac02f7514eb2e5f2b06bd3c7e8d37"", ""steps"": 128}]",fb823913f62a75bcc17d3c0e672b0f0cab0fd8296ddeb124aa13d7dd7c91f0bc,-199.8074288901288,True,0.07906907914086668,63.0,100.0,0.08,converged,,bfgs_standard,"[{""ase_converged"": true, ""converged"": true, ""end_geometry_sha256"": ""1feeb45bb186a9eced0c579f0d2fee0e41fb6819af2c276ca75823851fd84c16"", ""failure_class"": null, ""max_force_eV_A"": 0.07906907914086668, ""name"": ""bfgs_standard"", ""start_geometry_sha256"": ""39da616ad2968c65757136ce7ef86f5e207571ef0a2d0486b17b354805968e30"", ""steps"": 63}]",1feeb45bb186a9eced0c579f0d2fee0e41fb6819af2c276ca75823851fd84c16,-2.386429009288549,True,0.07050339836354287,23.0,100.0,0.08,converged,,bfgs_standard,"[{""ase_converged"": true, ""converged"": true, ""end_geometry_sha256"": ""869a4fc03d6caeb5018bdc0f2aec8045af1b67e3617f7abb59256848acf5227c"", ""failure_class"": null, ""max_force_eV_A"": 0.07050339836354287, ""name"": ""bfgs_standard"", ""start_geometry_sha256"": ""354e1ecca3eaa755bb6a48db10ea49de48674818ebac4ab4b9e10789b706daf9"", ""steps"": 23}]",869a4fc03d6caeb5018bdc0f2aec8045af1b67e3617f7abb59256848acf5227c,-2.0810824267566455,True,0.0643782398842019,264.0,100.0,0.08,converged,,bfgs_after_fire,"[{""ase_converged"": false, ""converged"": false, ""end_geometry_sha256"": ""29f53b1ab13ff95a0fa7cdccde5e4bee45faac1a39bcb1b46b7e829b9dbc2b3f"", ""failure_class"": ""force_threshold"", ""max_force_eV_A"": 0.8068806171565912, ""name"": ""bfgs_standard"", ""start_geometry_sha256"": ""b72c0991efe6ec2ca061b9e7880e50b986b8238179562b7441f74b40932a8f02"", ""steps"": 100}, {""ase_converged"": false, ""converged"": false, ""end_geometry_sha256"": ""a114d75afdeb41a893dd769524889dd72dd0768cab19d0cef6b7b6f97ea3e95f"", ""failure_class"": ""force_threshold"", ""max_force_eV_A"": 5.281634801890438, ""name"": ""fire_precondition"", ""qualifying"": false, ""start_geometry_sha256"": ""b72c0991efe6ec2ca061b9e7880e50b986b8238179562b7441f74b40932a8f02"", ""steps"": 50}, {""ase_converged"": true, ""converged"": true, ""end_geometry_sha256"": ""a28b51efcc195aa242446773fb7960b8fd51ee4e60dc4eccfd00438d869a283f"", ""failure_class"": null, ""max_force_eV_A"": 0.0643782398842019, ""name"": ""bfgs_after_fire"", ""start_geometry_sha256"": ""a114d75afdeb41a893dd769524889dd72dd0768cab19d0cef6b7b6f97ea3e95f"", ""steps"": 114}]",a28b51efcc195aa242446773fb7960b8fd51ee4e60dc4eccfd00438d869a283f,4.267259071767363,3.0,step_4_H2O,10.0,-1.5117374934513543,True,4.467511436045195,0.707500000035,False,quantitative_screening,1,1,7120d8cc1318a9435576,False,
"('MAXPhase', 'Hf', 'In', 'C', 2, 'Ti', 'edge_1010')",MAXPhase,True,esen-sm-conserving-all-oc25:relax-v4:orr-che-v3,True,0.06078825917233525,103,150,0.08,converged,,bfgs_standard,"[{""ase_converged"": true, ""converged"": true, ""end_geometry_sha256"": ""54d589cd7bb8946b846deae6a960df66bf5c6f6f6dfb1980e5a591587bbdb67a"", ""failure_class"": null, ""max_force_eV_A"": 0.06078825917233525, ""name"": ""bfgs_standard"", ""start_geometry_sha256"": ""d0454033f1f0a7c71670cb6931435bd77da9210311d59b42a689d542a68f4bff"", ""steps"": 103}]",54d589cd7bb8946b846deae6a960df66bf5c6f6f6dfb1980e5a591587bbdb67a,-249.51229372865322,True,0.07196948554210891,57.0,100.0,0.08,converged,,bfgs_standard,"[{""ase_converged"": true, ""converged"": true, ""end_geometry_sha256"": ""7b50af0c856666743a1076b73095761fb1eb83c2e39561126f9271c7acba274f"", ""failure_class"": null, ""max_force_eV_A"": 0.07196948554210891, ""name"": ""bfgs_standard"", ""start_geometry_sha256"": ""fe595780ab376d110b7ff88047109a5b4f67c145f1f297b1d6a30a067a69642e"", ""steps"": 57}]",7b50af0c856666743a1076b73095761fb1eb83c2e39561126f9271c7acba274f,-2.5071946953237054,True,0.07950923420024733,54.0,100.0,0.08,converged,,bfgs_standard,"[{""ase_converged"": true, ""converged"": true, ""end_geometry_sha256"": ""8a3f1d88eb6e9d11fb23150e641a241033cff568e562552f86096276e31fb55f"", ""failure_class"": null, ""max_force_eV_A"": 0.07950923420024733, ""name"": ""bfgs_standard"", ""start_geometry_sha256"": ""bf85dec7274f9c77de7e7b278d47bab8a32d022d7b38ee55f654db89e107310f"", ""steps"": 54}]",8a3f1d88eb6e9d11fb23150e641a241033cff568e562552f86096276e31fb55f,-2.53859814330938,True,0.06369663213137082,268.0,100.0,0.08,converged,,bfgs_after_fire,"[{""ase_converged"": false, ""converged"": false, ""end_geometry_sha256"": ""de4d10e0ec8e1062b34343c1150f94537f74d8a6f39ac846bf5c8782f2b9683d"", ""failure_class"": ""force_threshold"", ""max_force_eV_A"": 0.2460440933767665, ""name"": ""bfgs_standard"", ""start_geometry_sha256"": ""9dc7416c3c5ec0fe233ca75893a010df7329f597dd8ef85b97ba75dabe55f442"", ""steps"": 100}, {""ase_converged"": false, ""converged"": false, ""end_geometry_sha256"": ""6ff2556f2bdf8b68a86e0d82e47caad44a9d24ab9a271678466d6e284b57dd71"", ""failure_class"": ""force_threshold"", ""max_force_eV_A"": 10.239043362813026, ""name"": ""fire_precondition"", ""qualifying"": false, ""start_geometry_sha256"": ""9dc7416c3c5ec0fe233ca75893a010df7329f597dd8ef85b97ba75dabe55f442"", ""steps"": 50}, {""ase_converged"": true, ""converged"": true, ""end_geometry_sha256"": ""d41ee25191f491e4c89d51f877e74e158e0c52716933ac04fcaaef67873a96a1"", ""failure_class"": null, ""max_force_eV_A"": 0.06369663213137082, ""name"": ""bfgs_after_fire"", ""start_geometry_sha256"": ""6ff2556f2bdf8b68a86e0d82e47caad44a9d24ab9a271678466d6e284b57dd71"", ""steps"": 118}]",d41ee25191f491e4c89d51f877e74e158e0c52716933ac04fcaaef67873a96a1,8.520127724111056,3.0,step_1_OOH,10.0,0.0,True,5.045792838633085,0.707500000035,False,quantitative_screening,2,2,1b61d7c6f8965beede6a,False,
"('MAXPhase', 'Hf', 'Sn', 'C', 2, 'W', 'edge_1120')",MAXPhase,True,esen-sm-conserving-all-oc25:relax-v4:orr-che-v3,True,0.07872137323992483,33,150,0.08,converged,,bfgs_standard,"[{""ase_converged"": true, ""converged"": true, ""end_geometry_sha256"": ""3a7b6aa1818ef2bc3899fe9c9b7f985b6d5d725461871ff9a861220c91aa137a"", ""failure_class"": null, ""max_force_eV_A"": 0.07872137323992483, ""name"": ""bfgs_standard"", ""start_geometry_sha256"": ""982e46e2c2dd896f493b8858d06fb0cc6bbea3f62ea462e2e4c9a11d47954099"", ""steps"": 33}]",3a7b6aa1818ef2bc3899fe9c9b7f985b6d5d725461871ff9a861220c91aa137a,-83.5956986658627,True,0.06505351274832279,30.0,100.0,0.08,converged,,bfgs_standard,"[{""ase_converged"": true, ""converged"": true, ""end_geometry_sha256"": ""929b749165a4f83b966cb9a43fabdec919f28ac19b429eaff6adc413b0580f2e"", ""failure_class"": null, ""max_force_eV_A"": 0.06505351274832279, ""name"": ""bfgs_standard"", ""start_geometry_sha256"": ""19f067c6ee621bc8056db9247a1ac5c5317fee2c05198665f97ce46f9d14a825"", ""steps"": 30}]",929b749165a4f83b966cb9a43fabdec919f28ac19b429eaff6adc413b0580f2e,1.4513090278208256,True,0.04377989734006697,18.0,100.0,0.08,converged,,bfgs_standard,"[{""ase_converged"": true, ""converged"": true, ""end_geometry_sha256"": ""736ba1f54fdb37968516d8b5dcd9e6f6ec34741d4f63874a6951168538a1c038"", ""failure_class"": null, ""max_force_eV_A"": 0.04377989734006697, ""name"": ""bfgs_standard"", ""start_geometry_sha256"": ""e6c4a4d98d008935dff78081475694cdff13c479065e31c2159d5d90abfcc9c2"", ""steps"": 18}]",736ba1f54fdb37968516d8b5dcd9e6f6ec34741d4f63874a6951168538a1c038,2.089739716798042,True,0.0483539364819438,46.0,100.0,0.08,converged,,bfgs_standard,"[{""ase_converged"": true, ""converged"": true, ""end_geometry_sha256"": ""7575074cc7ddb1b3fa646ca4f598175eea6f11177c4560ef2a6f2e616dfaeeb4"", ""failure_class"": null, ""max_force_eV_A"": 0.0483539364819438, ""name"": ""bfgs_standard"", ""start_geometry_sha256"": ""156ab548ace02096cc6102f92078c8970b1b5f95610c0a71f06252c501ea1fa2"", ""steps"": 46}]",7575074cc7ddb1b3fa646ca4f598175eea6f11177c4560ef2a6f2e616dfaeeb4,4.2631544575094935,0.5905693110227836,step_3_OH,10.0,-1.3761605975031255,True,3.541048744618868,0.707500000035,False,quantitative_screening,0,0,562fe447f08b61ef9c2e,False,
"('MAXPhase', 'Hf', 'Pb', 'C', 3, 'Cr', 'edge_1010')",MAXPhase,False,esen-sm-conserving-all-oc25:relax-v4:orr-che-v3,True,0.07919532907729283,45,150,0.08,converged,,bfgs_standard,"[{""ase_converged"": true, ""converged"": true, ""end_geometry_sha256"": ""3da9f534a72d6be91a632cc36bb2a37a10856534dcccb5e732067d2b06ac5b7f"", ""failure_class"": null, ""max_force_eV_A"": 0.07919532907729283, ""name"": ""bfgs_standard"", ""start_geometry_sha256"": ""c6edd2f3103833d2d4aab3159f168c3b7f474f36923b02640fc8fc822c5d0c12"", ""steps"": 45}]",3da9f534a72d6be91a632cc36bb2a37a10856534dcccb5e732067d2b06ac5b7f,-347.93978469635545,True,0.06952180957451935,43.0,100.0,0.08,converged,,bfgs_standard,"[{""ase_converged"": true, ""converged"": true, ""end_geometry_sha256"": ""40cf21b3ef7a01217befa77328182e35c42d21c8aee4125bf0816f44bdc57b0a"", ""failure_class"": null, ""max_force_eV_A"": 0.06952180957451935, ""name"": ""bfgs_standard"", ""start_geometry_sha256"": ""d9ccbbcc66d8c193f5deec5ec9456b0d7e1b821d31fe0af0a9cd2bfaec4aa8e9"", ""steps"": 43}]",40cf21b3ef7a01217befa77328182e35c42d21c8aee4125bf0816f44bdc57b0a,-2.3084527824819085,True,0.06252584081672152,35.0,100.0,0.08,converged,,bfgs_standard,"[{""ase_converged"": true, ""converged"": true, ""end_geometry_sha256"": ""494db7c7b3f29df20c4861f9dac549529a2783f5292daca9b230d39eaeaa081c"", ""failure_class"": null, ""max_force_eV_A"": 0.06252584081672152, ""name"": ""bfgs_standard"", ""start_geometry_sha256"": ""16b16af6996a322d50ba5ee4cd5f8b19ee16ec18ccb1c443368d2b36191a8c07"", ""steps"": 35}]",494db7c7b3f29df20c4861f9dac549529a2783f5292daca9b230d39eaeaa081c,-2.1505404345691455,False,,0.0,100.0,0.08,invalid_initial_geometry,atomic_overlap,none,[],432ecd964d5c85631c9f6cfa9b71699ef7d56ac495b72a93e476fe7a35feaa2e,,,,,,,,,True,validation_required,0,0,719f484d9596a77e6712,False,Invalid ooh initial geometry: atomic_overlap
"('MAXPhase', 'Hf', 'Bi', 'C', 3, 'Mn', 'edge_1120')",MAXPhase,True,esen-sm-conserving-all-oc25:relax-v4:orr-che-v3,True,0.06787268046179974,88,150,0.08,converged,,bfgs_standard,"[{""ase_converged"": true, ""converged"": true, ""end_geometry_sha256"": ""e4236a3c7f4d3b248ccd84dd4ad21a9815348d3eced27bc03286c28db829757f"", ""failure_class"": null, ""max_force_eV_A"": 0.06787268046179974, ""name"": ""bfgs_standard"", ""start_geometry_sha256"": ""b6655fec18ed765fd7e546402599539643ed5ec66cbf3ce9f713b41673b77c85"", ""steps"": 88}]",e4236a3c7f4d3b248ccd84dd4ad21a9815348d3eced27bc03286c28db829757f,-193.77748929945318,True,0.07914851369841064,41.0,100.0,0.08,converged,,bfgs_standard,"[{""ase_converged"": true, ""converged"": true, ""end_geometry_sha256"": ""390a6f54e89ff9453336881accf8c283b920ad3d7fb5f23edf9513be6b59f75c"", ""failure_class"": null, ""max_force_eV_A"": 0.07914851369841064, ""name"": ""bfgs_standard"", ""start_geometry_sha256"": ""1ac7c885c866583efbfa904ba0ec6b0611b4f076ff8b7d059b8c11e15ca16f77"", ""steps"": 41}]",390a6f54e89ff9453336881accf8c283b920ad3d7fb5f23edf9513be6b59f75c,0.5984647895395756,True,0.06066253752196118,31.0,100.0,0.08,converged,,bfgs_standard,"[{""ase_converged"": true, ""converged"": true, ""end_geometry_sha256"": ""4775c0d62dde8e9b8faf415dc0383b6c3c51015142a20e7947c2e2e8d8615e5a"", ""failure_class"": null, ""max_force_eV_A"": 0.06066253752196118, ""name"": ""bfgs_standard"", ""start_geometry_sha256"": ""14f956e23befdaa936a56c732125d574a2adcc0bcf7b70db7beef4bd2d9dbd5f"", ""steps"": 31}]",4775c0d62dde8e9b8faf415dc0383b6c3c51015142a20e7947c2e2e8d8615e5a,-0.1600771777332078,True,0.0737850833910136,59.0,100.0,0.08,converged,,bfgs_standard,"[{""ase_converged"": true, ""converged"": true, ""end_geometry_sha256"": ""cc64ab3eb596f6f78fd9e0276203633a48f8cbba27754b87c48113ac44e04f23"", ""failure_class"": null, ""max_force_eV_A"": 0.0737850833910136, ""name"": ""bfgs_standard"", ""start_geometry_sha256"": ""0feffa682d90c9e9161b9b6b507a6e5816569ccabb47d1a59cf6611ccf7653a8"", ""steps"": 59}]",cc64ab3eb596f6f78fd9e0276203633a48f8cbba27754b87c48113ac44e04f23,-3.64091353565457,3.0,step_2_O,9.0,-1.0947101019996974,True,0.7585419672727833,0.707500000035,False,quantitative_screening,0,0,ef88db64e27eb30da4cf,False,
"('HEA', ('V', 'Mo', 'Ag', 'Pt', 'Al', 'Ce'), 'amorphous', '111', 900)",HEA,True,esen-sm-conserving-all-oc25:relax-v4:orr-che-v3,True,0.07939296130852164,106,150,0.08,converged,,bfgs_standard,"[{""ase_converged"": true, ""converged"": true, ""end_geometry_sha256"": ""127574e365812bcae74474626888e4e61faef453b8d3da2677f1f61970630433"", ""failure_class"": null, ""max_force_eV_A"": 0.07939296130852164, ""name"": ""bfgs_standard"", ""start_geometry_sha256"": ""9fc3ab437093a075e1132bcfc3bc4ba2317369ecddad3e8bff3a842a6ad89eea"", ""steps"": 106}]",127574e365812bcae74474626888e4e61faef453b8d3da2677f1f61970630433,-205.32220743533395,True,0.07464465938852205,263.0,100.0,0.08,converged,,bfgs_after_fire,"[{""ase_converged"": false, ""converged"": false, ""end_geometry_sha256"": ""105c0d26f20c9a9db928b69c00f0db2d28481d7d66a3355e3246b17e5aeaabb4"", ""failure_class"": ""force_threshold"", ""max_force_eV_A"": 0.49934182135819954, ""name"": ""bfgs_standard"", ""start_geometry_sha256"": ""278a10f3f6f615e04cdfc3cee605c8dea88ad9a9ddc5f27a09012ae496a94a27"", ""steps"": 100}, {""ase_converged"": false, ""converged"": false, ""end_geometry_sha256"": ""5019b687f126aa27deb6cbff5a579b674c9365514d8558a44b54526bffe3edb4"", ""failure_class"": ""force_threshold"", ""max_force_eV_A"": 0.8852904703057667, ""name"": ""fire_precondition"", ""qualifying"": false, ""start_geometry_sha256"": ""278a10f3f6f615e04cdfc3cee605c8dea88ad9a9ddc5f27a09012ae496a94a27"", ""steps"": 50}, {""ase_converged"": true, ""converged"": true, ""end_geometry_sha256"": ""570bb3fe0ffe1b1b36a70169fb873d753049c4346f047de185ae757b0749e6b4"", ""failure_class"": null, ""max_force_eV_A"": 0.07464465938852205, ""name"": ""bfgs_after_fire"", ""start_geometry_sha256"": ""5019b687f126aa27deb6cbff5a579b674c9365514d8558a44b54526bffe3edb4"", ""steps"": 113}]",570bb3fe0ffe1b1b36a70169fb873d753049c4346f047de185ae757b0749e6b4,-1.7150499199330806,True,0.07656505313298587,69.0,100.0,0.08,converged,,bfgs_standard,"[{""ase_converged"": true, ""converged"": true, ""end_geometry_sha256"": ""9c72589b4d7e4d328e2226d743adf8f3201b9bf8f4ab7905095c20ff54dec254"", ""failure_class"": null, ""max_force_eV_A"": 0.07656505313298587, ""name"": ""bfgs_standard"", ""start_geometry_sha256"": ""99377b6e655f04390627455b274c295cab5a942c474ea02d8f17afcc266706c3"", ""steps"": 69}]",9c72589b4d7e4d328e2226d743adf8f3201b9bf8f4ab7905095c20ff54dec254,-1.6456042163073696,True,0.0700687062306308,81.0,100.0,0.08,converged,,bfgs_standard,"[{""ase_converged"": true, ""converged"": true, ""end_geometry_sha256"": ""97a0b6b83a492001bccefd99a922fd71e800022eb5e37c33017bbd04deadfca5"", ""failure_class"": null, ""max_force_eV_A"": 0.0700687062306308, ""name"": ""bfgs_standard"", ""start_geometry_sha256"": ""5fd1cbefac2efc08d105acc0cc71790eac40edd5717f8806e2d380751548a15b"", ""steps"": 81}]",97a0b6b83a492001bccefd99a922fd71e800022eb5e37c33017bbd04deadfca5,-1.4293504253030074,2.9440499199330805,step_4_H2O,9.0,-0.17646158655388566,True,3.3606541362404503,0.8739350657946708,False,quantitative_screening,1,1,68506b81dcf709a40ffe,False,
"('HEA', ('V', 'Pd', 'W', 'Re', 'Y', 'Sc'), 'amorphous', '100', 1100)",HEA,True,esen-sm-conserving-all-oc25:relax-v4:orr-che-v3,True,0.07140155724869068,84,150,0.08,converged,,bfgs_standard,"[{""ase_converged"": true, ""converged"": true, ""end_geometry_sha256"": ""6ac35ccac6c39007649414380c8b8b99889cd8033746977f1260f6a1f6c5b44a"", ""failure_class"": null, ""max_force_eV_A"": 0.07140155724869068, ""name"": ""bfgs_standard"", ""start_geometry_sha256"": ""f0e6eeb6cc3545d424b5216e384b21007dd5a80d464db523a8cbcbc3091a737b"", ""steps"": 84}]",6ac35ccac6c39007649414380c8b8b99889cd8033746977f1260f6a1f6c5b44a,-222.54421536951145,True,0.07403781955068672,71.0,100.0,0.08,converged,,bfgs_standard,"[{""ase_converged"": true, ""converged"": true, ""end_geometry_sha256"": ""12dc3a29fa6aee9cea2f05ce815d0aa2836ef3e369b528ae6a17691094970d92"", ""failure_class"": null, ""max_force_eV_A"": 0.07403781955068672, ""name"": ""bfgs_standard"", ""start_geometry_sha256"": ""04fa0c9b4d8ecf022d213342e2bc7ad026c03df4e18c41663057479d4880e7b2"", ""steps"": 71}]",12dc3a29fa6aee9cea2f05ce815d0aa2836ef3e369b528ae6a17691094970d92,-1.7164537285268306,True,0.07061199526046313,49.0,100.0,0.08,converged,,bfgs_standard,"[{""ase_converged"": true, ""converged"": true, ""end_geometry_sha256"": ""ac6b7be49dbb7042c86bd42e2754d29f9b0618f4cc22a2eba8e5a3b04b1c4f5a"", ""failure_class"": null, ""max_force_eV_A"": 0.07061199526046313, ""name"": ""bfgs_standard"", ""start_geometry_sha256"": ""a8e01cf7413ca0406408d06518b4d2918ecf2b898c67eb2e9a05fee054432599"", ""steps"": 49}]",ac6b7be49dbb7042c86bd42e2754d29f9b0618f4cc22a2eba8e5a3b04b1c4f5a,-1.3699007861315884,True,0.07773066512921172,76.0,100.0,0.08,converged,,bfgs_standard,"[{""ase_converged"": true, ""converged"": true, ""end_geometry_sha256"": ""4e76e6fa9bd66789acc2c9ea957515e5745b8bc96fd5259b2cc0ca277ea85f06"", ""failure_class"": null, ""max_force_eV_A"": 0.07773066512921172, ""name"": ""bfgs_standard"", ""start_geometry_sha256"": ""d3280d10e044595a17fc7af0f129c7b42025e875ca9e6642a1049da9effb16ea"", ""steps"": 76}]",4e76e6fa9bd66789acc2c9ea957515e5745b8bc96fd5259b2cc0ca277ea85f06,-2.92045455127957,2.9454537285268305,step_4_H2O,9.0,-1.9805942737247624,True,3.086354514658419,0.902500000035,False,quantitative_screening,2,2,2bdd21c3febdc4294124,False,
"('HEA', ('V', 'W', 'Pt', 'Ga', 'Sn', 'Sb'), 'bcc', '110', 900)",HEA,True,esen-sm-conserving-all-oc25:relax-v4:orr-che-v3,True,0.06239505338254215,33,150,0.08,converged,,bfgs_standard,"[{""ase_converged"": true, ""converged"": true, ""end_geometry_sha256"": ""2a390802c03af75fc62ef17331eaac044ad80a2a41a0c7be2a14d919ad786896"", ""failure_class"": null, ""max_force_eV_A"": 0.06239505338254215, ""name"": ""bfgs_standard"", ""start_geometry_sha256"": ""1d0da74db0e0d933233eee095ef0e3a801b71fd47d236fbc62df7251c165ade5"", ""steps"": 33}]",2a390802c03af75fc62ef17331eaac044ad80a2a41a0c7be2a14d919ad786896,-296.03553577213694,True,0.07241426798011336,60.0,100.0,0.08,converged,,bfgs_standard,"[{""ase_converged"": true, ""converged"": true, ""end_geometry_sha256"": ""2cbfe62412350561ac81d2017f4c7342f995a8641bce2a15f6e8841345d70900"", ""failure_class"": null, ""max_force_eV_A"": 0.07241426798011336, ""name"": ""bfgs_standard"", ""start_geometry_sha256"": ""d4a96d8498f67c0a3dcf493bd577407c0d50c58b3a9ba7a51b66ac6915bb2bd5"", ""steps"": 60}]",2cbfe62412350561ac81d2017f4c7342f995a8641bce2a15f6e8841345d70900,-1.288391289561987,True,0.07983622919255298,86.0,100.0,0.08,converged,,bfgs_standard,"[{""ase_converged"": true, ""converged"": true, ""end_geometry_sha256"": ""5692395b62b711a8a675698a1f2e66363e2d19d827af68af84cb792f47330c75"", ""failure_class"": null, ""max_force_eV_A"": 0.07983622919255298, ""name"": ""bfgs_standard"", ""start_geometry_sha256"": ""cfe51f23b345e3b353cd595bfefc9375cd01dad4b70c1a31dd9626de8615e00d"", ""steps"": 86}]",5692395b62b711a8a675698a1f2e66363e2d19d827af68af84cb792f47330c75,-2.375165068358208,True,0.06728481463959415,82.0,100.0,0.08,converged,,bfgs_standard,"[{""ase_converged"": true, ""converged"": true, ""end_geometry_sha256"": ""4f60f2ce438d4bcd38c4ed8f4d32d328d864bb57b0eb3ba18b81c50e99138274"", ""failure_class"": null, ""max_force_eV_A"": 0.06728481463959415, ""name"": ""bfgs_standard"", ""start_geometry_sha256"": ""c8301643251adce5d0619ed5dd6563505ca8af20d8c8e91918bb6808907ae7dc"", ""steps"": 82}]",4f60f2ce438d4bcd38c4ed8f4d32d328d864bb57b0eb3ba18b81c50e99138274,7.662238548696017,3.0,step_1_OOH,9.0,-1.7278091013246324,True,3.6635563579201946,0.902500000035,False,quantitative_screening,0,0,557f95c1f25843356dca,False,
"('HEA', ('V', 'Al', 'Ge', 'Sn', 'Bi', 'Sc'), 'fcc', '110', 1100)",HEA,True,esen-sm-conserving-all-oc25:relax-v4:orr-che-v3,True,0.07653281725366955,19,150,0.08,converged,,bfgs_standard,"[{""ase_converged"": true, ""converged"": true, ""end_geometry_sha256"": ""7728b33f6af1e0b45dffd7ffdd1d93604b6934b06833e270a4fff32653096bac"", ""failure_class"": null, ""max_force_eV_A"": 0.07653281725366955, ""name"": ""bfgs_standard"", ""start_geometry_sha256"": ""dbcff16f7f329178382faedf12c9be3efdc503aa117ff092d217409b84b03a99"", ""steps"": 19}]",7728b33f6af1e0b45dffd7ffdd1d93604b6934b06833e270a4fff32653096bac,-284.1220129394207,True,0.07857248029253695,22.0,100.0,0.08,converged,,bfgs_standard,"[{""ase_converged"": true, ""converged"": true, ""end_geometry_sha256"": ""70aca213d65ec393fdb1bef1a36a97fdadd5d01fff58abd4db5dfa47af77323b"", ""failure_class"": null, ""max_force_eV_A"": 0.07857248029253695, ""name"": ""bfgs_standard"", ""start_geometry_sha256"": ""a9a2a1c31f19c64a1361805fb4c2161652be143b81e150840d59cf1d31297b40"", ""steps"": 22}]",70aca213d65ec393fdb1bef1a36a97fdadd5d01fff58abd4db5dfa47af77323b,-1.5676309441030025,True,0.06846796109874341,30.0,100.0,0.08,converged,,bfgs_standard,"[{""ase_converged"": true, ""converged"": true, ""end_geometry_sha256"": ""b6076141742b454720b9a0b898104d7f4d7aef2be40a7c7719fcb29df3707b90"", ""failure_class"": null, ""max_force_eV_A"": 0.06846796109874341, ""name"": ""bfgs_standard"", ""start_geometry_sha256"": ""3d225c3aa9b48e8e9541084ccc9e6bec6c7d76b01685d602def6ea09b3bee475"", ""steps"": 30}]",b6076141742b454720b9a0b898104d7f4d7aef2be40a7c7719fcb29df3707b90,-2.303227507322995,True,0.04141946890237219,89.0,100.0,0.08,converged,,bfgs_standard,"[{""ase_converged"": true, ""converged"": true, ""end_geometry_sha256"": ""e365e3f2d172b5d41c629bca121f83e4c7880868ce5ed02b3a1ebd1432de6357"", ""failure_class"": null, ""max_force_eV_A"": 0.04141946890237219, ""name"": ""bfgs_standard"", ""start_geometry_sha256"": ""15ae7c13eca4eaf76b0156684a0a6a6742a7483e567bafc6f880c7931d95fbfe"", ""steps"": 89}]",e365e3f2d172b5d41c629bca121f83e4c7880868ce5ed02b3a1ebd1432de6357,0.6494421467184772,2.7966309441030024,step_4_H2O,9.0,0.0,True,3.870858451425997,0.902500000035,False,quantitative_screening,0,0,8ce3ddebc14e54fe2c99,False,
"('HEA', ('Cr', 'Mn', 'Zn', 'Zr', 'Ce', 'Sc'), 'bcc', '211', 1100)",HEA,True,esen-sm-conserving-all-oc25:relax-v4:orr-che-v3,True,0.07518643904118413,26,150,0.08,converged,,bfgs_standard,"[{""ase_converged"": true, ""converged"": true, ""end_geometry_sha256"": ""7ec14403762dfb518c2309bd903f7062f7e8bb1b9a82a5ea4cbaa1e11d627c7c"", ""failure_class"": null, ""max_force_eV_A"": 0.07518643904118413, ""name"": ""bfgs_standard"", ""start_geometry_sha256"": ""2e6d2d920e0393f9153686337832d1b3254936899399990cc14789052eb9df0f"", ""steps"": 26}]",7ec14403762dfb518c2309bd903f7062f7e8bb1b9a82a5ea4cbaa1e11d627c7c,-299.7552650983613,True,0.06626137017933065,81.0,100.0,0.08,converged,,bfgs_standard,"[{""ase_converged"": true, ""converged"": true, ""end_geometry_sha256"": ""177d03eec9fd7fa78aed87bd8f0ca1bc134d73b2c9bf253ed5232e191cb5e36b"", ""failure_class"": null, ""max_force_eV_A"": 0.06626137017933065, ""name"": ""bfgs_standard"", ""start_geometry_sha256"": ""edadf978a2df4121654878566e850f66d847c3682079459f2cc2b8047b8e4a71"", ""steps"": 81}]",177d03eec9fd7fa78aed87bd8f0ca1bc134d73b2c9bf253ed5232e191cb5e36b,-2.894785580486059,True,0.07625796804130322,21.0,100.0,0.08,converged,,bfgs_standard,"[{""ase_converged"": true, ""converged"": true, ""end_geometry_sha256"": ""534187653afa48c9dc5ea230e659965a2082f46adf1643748d150ff25d731c54"", ""failure_class"": null, ""max_force_eV_A"": 0.07625796804130322, ""name"": ""bfgs_standard"", ""start_geometry_sha256"": ""d38e6f38317eb571e0539a8c1f7b5d68e3e5730f240512390762f5009bab55c0"", ""steps"": 21}]",534187653afa48c9dc5ea230e659965a2082f46adf1643748d150ff25d731c54,-1.9529491297900925,True,0.04717176793670203,279.0,100.0,0.08,converged,,bfgs_after_fire,"[{""ase_converged"": false, ""converged"": false, ""end_geometry_sha256"": ""21ba63fcff8e936b037f211ffe6f0d24ae041480392062cd47b97431029fe5f8"", ""failure_class"": ""force_threshold"", ""max_force_eV_A"": 7.99098029728654, ""name"": ""bfgs_standard"", ""start_geometry_sha256"": ""4ef48023f0c9bb6114be9d8393699e8abb18d53eeaaeff48d3224d1fdb214b86"", ""steps"": 100}, {""ase_converged"": false, ""converged"": false, ""end_geometry_sha256"": ""c429e5c4cbd5b4dd4085c5b294437d5ec1d7aba5c8b3c8320b788d1c7797a150"", ""failure_class"": ""force_threshold"", ""max_force_eV_A"": 4.811849449112797, ""name"": ""fire_precondition"", ""qualifying"": false, ""start_geometry_sha256"": ""4ef48023f0c9bb6114be9d8393699e8abb18d53eeaaeff48d3224d1fdb214b86"", ""steps"": 50}, {""ase_converged"": true, ""converged"": true, ""end_geometry_sha256"": ""89adcbd2b149337ee9ac03313ca0f66011493860f0f8a229497dcbe1cb9dc8c7"", ""failure_class"": null, ""max_force_eV_A"": 0.04717176793670203, ""name"": ""bfgs_after_fire"", ""start_geometry_sha256"": ""c429e5c4cbd5b4dd4085c5b294437d5ec1d7aba5c8b3c8320b788d1c7797a150"", ""steps"": 129}]",89adcbd2b149337ee9ac03313ca0f66011493860f0f8a229497dcbe1cb9dc8c7,1.2288412556051957,3.0,step_4_H2O,8.0,0.0,True,4.847734710276152,0.8739350657946708,False,quantitative_screening,2,2,d0323af2c89a4c9118e4,False,
"('HEA', ('Cr', 'Mn', 'Rh', 'Ge', 'Sb', 'La'), 'amorphous', '111', 900)",HEA,True,esen-sm-conserving-all-oc25:relax-v4:orr-che-v3,True,0.07960862578715688,103,150,0.08,converged,,bfgs_standard,"[{""ase_converged"": true, ""converged"": true, ""end_geometry_sha256"": ""ce245d6fd680cd8f43c689ca99861a207269f5f168b0e2c6f8db719b660ed7e4"", ""failure_class"": null, ""max_force_eV_A"": 0.07960862578715688, ""name"": ""bfgs_standard"", ""start_geometry_sha256"": ""792624bf6e40f5dbf818a51a78c436564badb2c662ed38b2ed902fcbe418012f"", ""steps"": 103}]",ce245d6fd680cd8f43c689ca99861a207269f5f168b0e2c6f8db719b660ed7e4,-184.42339101388745,True,0.06651459114371808,63.0,100.0,0.08,converged,,bfgs_standard,"[{""ase_converged"": true, ""converged"": true, ""end_geometry_sha256"": ""bed465f9859d62a8924ab92d1cdfcefeacfa1e958df0b02c46bf86711db4b481"", ""failure_class"": null, ""max_force_eV_A"": 0.06651459114371808, ""name"": ""bfgs_standard"", ""start_geometry_sha256"": ""938c3efbc507ecd98ed7019ca45324e5b96a5f45294a1ef6cbc1c20b8b979584"", ""steps"": 63}]",bed465f9859d62a8924ab92d1cdfcefeacfa1e958df0b02c46bf86711db4b481,7.450965705066919,True,0.07985587382305401,55.0,100.0,0.08,converged,,bfgs_standard,"[{""ase_converged"": true, ""converged"": true, ""end_geometry_sha256"": ""5da2fe97cd24c4fa6d505142bb83acdc60492811a1cf290234debc69acadb092"", ""failure_class"": null, ""max_force_eV_A"": 0.07985587382305401, ""name"": ""bfgs_standard"", ""start_geometry_sha256"": ""14ef97b9d8ea052cdcfeeb68ca6883a72504ae95996e1455c8d33b1867292536"", ""steps"": 55}]",5da2fe97cd24c4fa6d505142bb83acdc60492811a1cf290234debc69acadb092,6.223658479005073,True,0.042098716884029955,240.0,100.0,0.08,converged,,bfgs_after_fire,"[{""ase_converged"": false, ""converged"": false, ""end_geometry_sha256"": ""ea883a19cb52ab9137522e340831bf9b54ab58f8a5e20f1774f159233cd2c28f"", ""failure_class"": ""force_threshold"", ""max_force_eV_A"": 2.715399388065774, ""name"": ""bfgs_standard"", ""start_geometry_sha256"": ""415a8f4522df2c18638a3d82476227c5dc52428eed363ec9d885215aee6496cc"", ""steps"": 100}, {""ase_converged"": false, ""converged"": false, ""end_geometry_sha256"": ""06316bda1a787ef5e2510ce5077ad1f8613328f752acf45ce5c2d1299ad3bc41"", ""failure_class"": ""force_threshold"", ""max_force_eV_A"": 7.178959390731911, ""name"": ""fire_precondition"", ""qualifying"": false, ""start_geometry_sha256"": ""415a8f4522df2c18638a3d82476227c5dc52428eed363ec9d885215aee6496cc"", ""steps"": 50}, {""ase_converged"": true, ""converged"": true, ""end_geometry_sha256"": ""bd23491a6cbf31a69acbbe72c227b6c81214c27c8cd90a3ad2a0621fb836881f"", ""failure_class"": null, ""max_force_eV_A"": 0.042098716884029955, ""name"": ""bfgs_after_fire"", ""start_geometry_sha256"": ""06316bda1a787ef5e2510ce5077ad1f8613328f752acf45ce5c2d1299ad3bc41"", ""steps"": 90}]",bd23491a6cbf31a69acbbe72c227b6c81214c27c8cd90a3ad2a0621fb836881f,6.2633451923728884,2.5723451923728886,step_1_OOH,8.0,-0.9818301204010242,True,13.674624184071991,0.8739350657946708,False,quantitative_screening,0,0,8f6f4daaa4e0a0c785c2,False,
"('HEA', ('Cr', 'Mn', 'W', 'Pt', 'Al', 'Ce'), 'fcc_bcc_dual', '111', 1100)",HEA,True,esen-sm-conserving-all-oc25:relax-v4:orr-che-v3,True,0.07950013766707885,354,150,0.08,converged,,bfgs_after_fire,"[{""ase_converged"": false, ""converged"": false, ""end_geometry_sha256"": ""1bf138c6c49bf5a22f8aea3bd45cdafeac91bcd9f6f331024ce7616c8fc2d5aa"", ""failure_class"": ""force_threshold"", ""max_force_eV_A"": 0.08187246130764114, ""name"": ""bfgs_standard"", ""start_geometry_sha256"": ""ee88e80a8f40d34903b69663b5662ca23474cf3414e3261dca8f731f3d9f0a39"", ""steps"": 150}, {""ase_converged"": false, ""converged"": false, ""end_geometry_sha256"": ""d6d41c69910076b5a917142d9cd013b9cd8747315d80be6502f2c13e84a08700"", ""failure_class"": ""force_threshold"", ""max_force_eV_A"": 5.3198346708601365, ""name"": ""fire_precondition"", ""qualifying"": false, ""start_geometry_sha256"": ""ee88e80a8f40d34903b69663b5662ca23474cf3414e3261dca8f731f3d9f0a39"", ""steps"": 75}, {""ase_converged"": true, ""converged"": true, ""end_geometry_sha256"": ""d4408861890de1990b701907f8baeb3f6310e1e988ccc247e6a043a12bf85d40"", ""failure_class"": null, ""max_force_eV_A"": 0.07950013766707885, ""name"": ""bfgs_after_fire"", ""start_geometry_sha256"": ""d6d41c69910076b5a917142d9cd013b9cd8747315d80be6502f2c13e84a08700"", ""steps"": 129}]",d4408861890de1990b701907f8baeb3f6310e1e988ccc247e6a043a12bf85d40,-184.87815404840745,True,0.07504819297963448,264.0,100.0,0.08,converged,,bfgs_after_fire,"[{""ase_converged"": false, ""converged"": false, ""end_geometry_sha256"": ""41860b8147a90e96314c1a0b31f27da465119306294d9ad541a935cf434c6e24"", ""failure_class"": ""force_threshold"", ""max_force_eV_A"": 0.3399270922599702, ""name"": ""bfgs_standard"", ""start_geometry_sha256"": ""1b68de24b3e207cdde5c71a2277f892801de5303ddba8f5152d883a4319cf490"", ""steps"": 100}, {""ase_converged"": false, ""converged"": false, ""end_geometry_sha256"": ""df0c9b86821e26a7d78cc0a7b24a67dbe071d485cf3b0c5328423e34f3afcf84"", ""failure_class"": ""force_threshold"", ""max_force_eV_A"": 0.7518576304313052, ""name"": ""fire_precondition"", ""qualifying"": false, ""start_geometry_sha256"": ""1b68de24b3e207cdde5c71a2277f892801de5303ddba8f5152d883a4319cf490"", ""steps"": 50}, {""ase_converged"": true, ""converged"": true, ""end_geometry_sha256"": ""10813c18b981de86cf5f9b0819e2e083f71f1a410175666868c111ae0c2d3ba3"", ""failure_class"": null, ""max_force_eV_A"": 0.07504819297963448, ""name"": ""bfgs_after_fire"", ""start_geometry_sha256"": ""df0c9b86821e26a7d78cc0a7b24a67dbe071d485cf3b0c5328423e34f3afcf84"", ""steps"": 114}]",10813c18b981de86cf5f9b0819e2e083f71f1a410175666868c111ae0c2d3ba3,-1.2408143852652256,True,0.06226704407309992,261.0,100.0,0.08,converged,,bfgs_after_fire,"[{""ase_converged"": false, ""converged"": false, ""end_geometry_sha256"": ""1e6b1c4ed86c95b75ead70f25f589f4c463edc1787d00740f552701c5dbda80a"", ""failure_class"": ""force_threshold"", ""max_force_eV_A"": 0.5990713901273976, ""name"": ""bfgs_standard"", ""start_geometry_sha256"": ""e3d770d0f6debc58eb89118deec96ada26f5b1509729249ab672f8aa84c96e84"", ""steps"": 100}, {""ase_converged"": true, ""converged"": true, ""end_geometry_sha256"": ""eab108084ee7d95cb1c39e3c9a30cbe2fef6943b70e40f639e26402f5bf480d8"", ""failure_class"": null, ""max_force_eV_A"": 0.2165640013562479, ""name"": ""fire_precondition"", ""qualifying"": false, ""start_geometry_sha256"": ""e3d770d0f6debc58eb89118deec96ada26f5b1509729249ab672f8aa84c96e84"", ""steps"": 38}, {""ase_converged"": true, ""converged"": true, ""end_geometry_sha256"": ""f433b040c16dae9d59df96f36860106147210355dd6cf1081bd8f1411abcc43c"", ""failure_class"": null, ""max_force_eV_A"": 0.06226704407309992, ""name"": ""bfgs_after_fire"", ""start_geometry_sha256"": ""eab108084ee7d95cb1c39e3c9a30cbe2fef6943b70e40f639e26402f5bf480d8"", ""steps"": 123}]",f433b040c16dae9d59df96f36860106147210355dd6cf1081bd8f1411abcc43c,-1.808835112303634,True,0.03922306832308906,255.0,100.0,0.08,converged,,bfgs_after_fire,"[{""ase_converged"": false, ""converged"": false, ""end_geometry_sha256"": ""88a34e3159a8efdb4f2732ee399a23ba1233ac2aa899a58cffa0b5dc5605f9f8"", ""failure_class"": ""force_threshold"", ""max_force_eV_A"": 0.32518774804616096, ""name"": ""bfgs_standard"", ""start_geometry_sha256"": ""e8ae39e42e872ffff3f8b8b322b12bd3c4a44c38f0ebd2546a1cd027ab51daee"", ""steps"": 100}, {""ase_converged"": false, ""converged"": false, ""end_geometry_sha256"": ""8b53e53fb72ebe12b6c0fea7fd11682f41db517e707e4ce852ba760514803367"", ""failure_class"": ""force_threshold"", ""max_force_eV_A"": 1.6882855070952465, ""name"": ""fire_precondition"", ""qualifying"": false, ""start_geometry_sha256"": ""e8ae39e42e872ffff3f8b8b322b12bd3c4a44c38f0ebd2546a1cd027ab51daee"", ""steps"": 50}, {""ase_converged"": true, ""converged"": true, ""end_geometry_sha256"": ""96838f413c64e21dc17079c77137601089334b554ff2606c462a281956df0f8c"", ""failure_class"": null, ""max_force_eV_A"": 0.03922306832308906, ""name"": ""bfgs_after_fire"", ""start_geometry_sha256"": ""8b53e53fb72ebe12b6c0fea7fd11682f41db517e707e4ce852ba760514803367"", ""steps"": 105}]",96838f413c64e21dc17079c77137601089334b554ff2606c462a281956df0f8c,4.52310318797813,2.4698143852652255,step_4_H2O,8.0,0.0,True,3.0496494975688595,0.8739350657946708,False,quantitative_screening,1,1,7e0e5836bd2accdb7f7f,False,
"('HEA', ('Cr', 'Fe', 'Zr', 'Mo', 'Pd', 'La'), 'amorphous', '100', 1100)",HEA,True,esen-sm-conserving-all-oc25:relax-v4:orr-che-v3,True,0.074066977534833,123,150,0.08,converged,,bfgs_standard,"[{""ase_converged"": true, ""converged"": true, ""end_geometry_sha256"": ""e4eb4ee4b82737aa2ca0cb49e65a5d3eb37b31d8cb388c4a4e84d42b854a2b23"", ""failure_class"": null, ""max_force_eV_A"": 0.074066977534833, ""name"": ""bfgs_standard"", ""start_geometry_sha256"": ""3eadf7b725a0476b0516163af6259d73cefa718965af9a91d2c07a66720c51ea"", ""steps"": 123}]",e4eb4ee4b82737aa2ca0cb49e65a5d3eb37b31d8cb388c4a4e84d42b854a2b23,-202.0185545407354,True,0.06579645993659526,47.0,100.0,0.08,converged,,bfgs_standard,"[{""ase_converged"": true, ""converged"": true, ""end_geometry_sha256"": ""db5f0415eaae834ecd2fa8a4e30fe1fc1c4277daabd860539e820ede77352f1a"", ""failure_class"": null, ""max_force_eV_A"": 0.06579645993659526, ""name"": ""bfgs_standard"", ""start_geometry_sha256"": ""c598e363b4077fa87b286760fbe107b67e555425648a7136ef200f8c9486c55b"", ""steps"": 47}]",db5f0415eaae834ecd2fa8a4e30fe1fc1c4277daabd860539e820ede77352f1a,-1.1017305229604244,True,0.07940303437206239,34.0,100.0,0.08,converged,,bfgs_standard,"[{""ase_converged"": true, ""converged"": true, ""end_geometry_sha256"": ""25b10657cc34036ca72b5f1e2bff1ffe3040bd76f2785de5985b498d927c4282"", ""failure_class"": null, ""max_force_eV_A"": 0.07940303437206239, ""name"": ""bfgs_standard"", ""start_geometry_sha256"": ""58e1856d7e3d052b665fcbee12923847441ab437e4e78e520f6bcf2a6845369c"", ""steps"": 34}]",25b10657cc34036ca72b5f1e2bff1ffe3040bd76f2785de5985b498d927c4282,-0.9784212939441452,True,0.07108582451281306,58.0,100.0,0.08,converged,,bfgs_standard,"[{""ase_converged"": true, ""converged"": true, ""end_geometry_sha256"": ""39c0e40e174d05800b5b04f84dc33cc3a9737c6567871489170af0135c063cd7"", ""failure_class"": null, ""max_force_eV_A"": 0.07108582451281306, ""name"": ""bfgs_standard"", ""start_geometry_sha256"": ""acb3fa268f9ff69fb1ea6095aa83110dc1c5c551e71c1b22f6c218bd11023b2c"", ""steps"": 58}]",39c0e40e174d05800b5b04f84dc33cc3a9737c6567871489170af0135c063cd7,-2.716589500009982,2.9671682060658364,step_2_O,6.0,0.0,True,2.0801518169045696,0.8739350657946708,False,quantitative_screening,2,2,3c93fba8b59bcc424213,False,
"('HEA', ('Cr', 'Co', 'Ni', 'Zr', 'Rh', 'Ge'), 'fcc', '110', 1100)",HEA,False,esen-sm-conserving-all-oc25:relax-v4:orr-che-v3,True,0.07079682994743235,28,150,0.08,converged,,bfgs_standard,"[{""ase_converged"": true, ""converged"": true, ""end_geometry_sha256"": ""80a0d57bc19ac03b01e28d74c1cfc7eb78ed0d02382e95687dbe0ea7b387fbe5"", ""failure_class"": null, ""max_force_eV_A"": 0.07079682994743235, ""name"": ""bfgs_standard"", ""start_geometry_sha256"": ""418730f02e051ac5b5ba43a6011800f06283ae8e0bf90e3f78e7f87cfefec025"", ""steps"": 28}]",80a0d57bc19ac03b01e28d74c1cfc7eb78ed0d02382e95687dbe0ea7b387fbe5,-304.569137799729,True,0.07865514496110891,91.0,100.0,0.08,converged,,bfgs_standard,"[{""ase_converged"": true, ""converged"": true, ""end_geometry_sha256"": ""87542b4b863267fc8cdd8e12a7bf791fbaefadd340194e9a57a2ca60613db9b0"", ""failure_class"": null, ""max_force_eV_A"": 0.07865514496110891, ""name"": ""bfgs_standard"", ""start_geometry_sha256"": ""2f2204f57fcd2f0e8f97dff7472792a385e15d84c3a2fa13bfd4c4f94fe97241"", ""steps"": 91}]",87542b4b863267fc8cdd8e12a7bf791fbaefadd340194e9a57a2ca60613db9b0,-0.09883373722434047,True,0.06673651964531893,39.0,100.0,0.08,converged,,bfgs_standard,"[{""ase_converged"": true, ""converged"": true, ""end_geometry_sha256"": ""8af729e4bf23a4562982f56dd64151f807838033695795d1e6a7efdb09c6c8d7"", ""failure_class"": null, ""max_force_eV_A"": 0.06673651964531893, ""name"": ""bfgs_standard"", ""start_geometry_sha256"": ""454996291d84af6d29c8112eb470ce4d99d79190befeb5c1b32883d3b4cd167c"", ""steps"": 39}]",8af729e4bf23a4562982f56dd64151f807838033695795d1e6a7efdb09c6c8d7,-1.6215015284717331,False,,0.0,100.0,0.08,invalid_initial_geometry,atomic_overlap,none,[],99f670d4bc590ff42fdd1cf484920262abe449c1844419b3b785cfb79121dccf,,,,,,,,,True,validation_required,0,0,f3e0d9212f69fc799ecb,False,Invalid ooh initial geometry: atomic_overlap
"('HEA', ('Cr', 'Co', 'Ru', 'Hf', 'Au', 'Ga'), 'bcc', '211', 1100)",HEA,True,esen-sm-conserving-all-oc25:relax-v4:orr-che-v3,True,0.07105343819259002,41,150,0.08,converged,,bfgs_standard,"[{""ase_converged"": true, ""converged"": true, ""end_geometry_sha256"": ""25b206200a7a8f998cb86c83e259b374e28032bf8e7dee397a9f030f33f97ec5"", ""failure_class"": null, ""max_force_eV_A"": 0.07105343819259002, ""name"": ""bfgs_standard"", ""start_geometry_sha256"": ""a17750632b69c6035738196bd7c24a914675bedee1aec20661ac71d0f814dd8b"", ""steps"": 41}]",25b206200a7a8f998cb86c83e259b374e28032bf8e7dee397a9f030f33f97ec5,-306.05239552169473,True,0.07201653793065867,38.0,100.0,0.08,converged,,bfgs_standard,"[{""ase_converged"": true, ""converged"": true, ""end_geometry_sha256"": ""e56660073ccfb9bd9788a346d02b357026e447b00ec2a17bcb6e731d01a9e09d"", ""failure_class"": null, ""max_force_eV_A"": 0.07201653793065867, ""name"": ""bfgs_standard"", ""start_geometry_sha256"": ""30f3d49d7e45de826ba35475fa81b0a8a4a0defc68756c8d7a1b3e0801ed42b5"", ""steps"": 38}]",e56660073ccfb9bd9788a346d02b357026e447b00ec2a17bcb6e731d01a9e09d,-0.9492468212544918,True,0.07179524150805427,38.0,100.0,0.08,converged,,bfgs_standard,"[{""ase_converged"": true, ""converged"": true, ""end_geometry_sha256"": ""8aa081fcb441502af077d45bfe8759601a34180d3ad93d0ba71ad615ec1d4430"", ""failure_class"": null, ""max_force_eV_A"": 0.07179524150805427, ""name"": ""bfgs_standard"", ""start_geometry_sha256"": ""63a3afd3aa56d758ae5b43069a0938535574d680378fb3fc960228703c28072e"", ""steps"": 38}]",8aa081fcb441502af077d45bfe8759601a34180d3ad93d0ba71ad615ec1d4430,-1.719631516188408,True,0.07701845575026395,95.0,100.0,0.08,converged,,bfgs_standard,"[{""ase_converged"": true, ""converged"": true, ""end_geometry_sha256"": ""3574cec028d8c3ba78f1b630e88c1e3e0e4bd97862735a9f979ebea914b2fbb3"", ""failure_class"": null, ""max_force_eV_A"": 0.07701845575026395, ""name"": ""bfgs_standard"", ""start_geometry_sha256"": ""571ce34bafea603dafd8529b5eaa0633638428fcb2b487309c9762b7a321637d"", ""steps"": 95}]",3574cec028d8c3ba78f1b630e88c1e3e0e4bd97862735a9f979ebea914b2fbb3,-3.0133996799588454,2.5227681637704373,step_2_O,8.0,-2.0,True,2.6688783374428997,0.902500000035,False,quantitative_screening,2,2,6517053538c9289c39af,False,
"('Spinel', 'Fe', 'Al', 'W', 'nanoparticle', 'graphene_oxide')",Spinel,True,esen-sm-conserving-all-oc25:relax-v4:orr-che-v3,True,0.07392746452067181,372,150,0.08,converged,,bfgs_after_fire,"[{""ase_converged"": false, ""converged"": false, ""end_geometry_sha256"": ""7fcc39c95fbe96e43586e83a1b81746daa07ba37f56b62fa8206ada92ce94e12"", ""failure_class"": ""force_threshold"", ""max_force_eV_A"": 0.18143044036282813, ""name"": ""bfgs_standard"", ""start_geometry_sha256"": ""e64a69295b50d642438a3053de31bb17da9cc25334b4301c5acb602db7c32dfd"", ""steps"": 150}, {""ase_converged"": false, ""converged"": false, ""end_geometry_sha256"": ""43cfa16788541eaa1de9202c6a6036f8c905398e5846af8b6f429388dc36ff84"", ""failure_class"": ""force_threshold"", ""max_force_eV_A"": 0.9035245156726284, ""name"": ""fire_precondition"", ""qualifying"": false, ""start_geometry_sha256"": ""e64a69295b50d642438a3053de31bb17da9cc25334b4301c5acb602db7c32dfd"", ""steps"": 75}, {""ase_converged"": true, ""converged"": true, ""end_geometry_sha256"": ""673e416c4ed9fa309987164d2069297faea5de93d8b3bd6623697171ee276ee7"", ""failure_class"": null, ""max_force_eV_A"": 0.07392746452067181, ""name"": ""bfgs_after_fire"", ""start_geometry_sha256"": ""43cfa16788541eaa1de9202c6a6036f8c905398e5846af8b6f429388dc36ff84"", ""steps"": 147}]",673e416c4ed9fa309987164d2069297faea5de93d8b3bd6623697171ee276ee7,-371.7099980693153,True,0.07138122260143545,69.0,100.0,0.08,converged,,bfgs_standard,"[{""ase_converged"": true, ""converged"": true, ""end_geometry_sha256"": ""e09482c3eaf6c13c5613ebd2b22eb1913bf70dafab698bb3ffa8603cdc38f597"", ""failure_class"": null, ""max_force_eV_A"": 0.07138122260143545, ""name"": ""bfgs_standard"", ""start_geometry_sha256"": ""d32f1c36a15ba4f7b15d94d633408dd0667c14e326d1e4f1cc9640a4a030c90e"", ""steps"": 69}]",e09482c3eaf6c13c5613ebd2b22eb1913bf70dafab698bb3ffa8603cdc38f597,-0.5200664375722408,True,0.07442705022013966,77.0,100.0,0.08,converged,,bfgs_standard,"[{""ase_converged"": true, ""converged"": true, ""end_geometry_sha256"": ""f739e3300ac5c0a8bb44cf65fcdfb76c831a236eb17f7fb178d7a69ca04e1cda"", ""failure_class"": null, ""max_force_eV_A"": 0.07442705022013966, ""name"": ""bfgs_standard"", ""start_geometry_sha256"": ""167688137ce159c0aac4f04899951958127f5be5b50b4fd30dd5e531375daae3"", ""steps"": 77}]",f739e3300ac5c0a8bb44cf65fcdfb76c831a236eb17f7fb178d7a69ca04e1cda,-0.6056004397570767,True,0.07499245962763243,49.0,100.0,0.08,converged,,bfgs_standard,"[{""ase_converged"": true, ""converged"": true, ""end_geometry_sha256"": ""afbbfbc91a75a430f819c7d281e563a99884a4e1fab901cc183845a2fc0b9742"", ""failure_class"": null, ""max_force_eV_A"": 0.07499245962763243, ""name"": ""bfgs_standard"", ""start_geometry_sha256"": ""35c4ff18f119da2d3e5a793edf21b1d2e0b8f134ed8de185b35283d8b1aaec0f"", ""steps"": 49}]",afbbfbc91a75a430f819c7d281e563a99884a4e1fab901cc183845a2fc0b9742,3.0018419727683385,1.749066437572241,step_4_H2O,7.0,0.0,True,1.1256668773293175,0.740000000035,False,quantitative_screening,0,0,eda4f3e139d6bcd4a65f,False,
"('Spinel', 'Fe', 'Ti', 'Y', 'mesoporous', 'graphene_oxide')",Spinel,False,esen-sm-conserving-all-oc25:relax-v4:orr-che-v3,True,0.05463305001553183,363,150,0.08,converged,,bfgs_after_fire,"[{""ase_converged"": false, ""converged"": false, ""end_geometry_sha256"": ""e57c64c8eda9236a1ed14649f6bc58172a86b04831207f16c038fc83ab07f93d"", ""failure_class"": ""force_threshold"", ""max_force_eV_A"": 0.5095494793067551, ""name"": ""bfgs_standard"", ""start_geometry_sha256"": ""3f81ce40a5add32472efbe3182ecd42917b5a906fa43c5e3f663575056bd7e80"", ""steps"": 150}, {""ase_converged"": false, ""converged"": false, ""end_geometry_sha256"": ""1d7c73dc26d0eded3c90b64b835982b71c96bba09832e64b4c5630e255a887fb"", ""failure_class"": ""force_threshold"", ""max_force_eV_A"": 1.065479771860945, ""name"": ""fire_precondition"", ""qualifying"": false, ""start_geometry_sha256"": ""3f81ce40a5add32472efbe3182ecd42917b5a906fa43c5e3f663575056bd7e80"", ""steps"": 75}, {""ase_converged"": true, ""converged"": true, ""end_geometry_sha256"": ""8035037899aad2db5727f0f9e3f618cb74bbfa047727c391b42a2f3022c1218b"", ""failure_class"": null, ""max_force_eV_A"": 0.05463305001553183, ""name"": ""bfgs_after_fire"", ""start_geometry_sha256"": ""1d7c73dc26d0eded3c90b64b835982b71c96bba09832e64b4c5630e255a887fb"", ""steps"": 138}]",8035037899aad2db5727f0f9e3f618cb74bbfa047727c391b42a2f3022c1218b,-428.0332888787049,False,21.24585245092041,650.0,100.0,0.08,recovery_exhausted,force_threshold,fire_precondition,"[{""ase_converged"": false, ""converged"": false, ""end_geometry_sha256"": ""d65d1752cfe9ad64884ca0f3e662f7a5090820c75362ef35d4e0a8e98b26a1fe"", ""failure_class"": ""force_threshold"", ""max_force_eV_A"": 139.46770713888046, ""name"": ""bfgs_standard"", ""start_geometry_sha256"": ""110991981a3972c19fba3581a48bb3d0dc0616d59add911bc1ceeb031a4d0ceb"", ""steps"": 100}, {""ase_converged"": false, ""converged"": false, ""end_geometry_sha256"": ""31e915660675afbe78d5da4629e57c8d2b190a90e83312751695c09cd3cb77e8"", ""failure_class"": ""force_threshold"", ""max_force_eV_A"": 21.24585245092041, ""name"": ""fire_precondition"", ""qualifying"": false, ""start_geometry_sha256"": ""110991981a3972c19fba3581a48bb3d0dc0616d59add911bc1ceeb031a4d0ceb"", ""steps"": 50}, {""ase_converged"": false, ""converged"": false, ""end_geometry_sha256"": ""ff5fdcba86519126928f5dffc6a5ac6319a8bb5d6ef3e749ec30c470e0b657a7"", ""failure_class"": ""force_threshold"", ""max_force_eV_A"": 32.808668149948595, ""name"": ""bfgs_after_fire"", ""start_geometry_sha256"": ""31e915660675afbe78d5da4629e57c8d2b190a90e83312751695c09cd3cb77e8"", ""steps"": 200}, {""ase_converged"": false, ""converged"": false, ""end_geometry_sha256"": ""c6ababa44dd6fcdd9de562b51dfa52fe4987cd7d35ce541e3c1f88a993162841"", ""failure_class"": ""force_threshold"", ""max_force_eV_A"": 43.37494193510539, ""name"": ""fire_small_step"", ""start_geometry_sha256"": ""31e915660675afbe78d5da4629e57c8d2b190a90e83312751695c09cd3cb77e8"", ""steps"": 300}]",31e915660675afbe78d5da4629e57c8d2b190a90e83312751695c09cd3cb77e8,,,,,,,,,,,,,,,,,,,,,,,,,,,,,,,True,validation_required,2,2,fe44f0ae1e8842b039eb,False,Unconverged oh relaxation: max_force=21.2459 eV/A after 650 cumulative recovery steps
"('Spinel', 'Fe', 'Ti', 'Zr', 'nanoparticle', 'graphene_oxide')",Spinel,True,esen-sm-conserving-all-oc25:relax-v4:orr-che-v3,True,0.07001355706178096,148,150,0.08,converged,,bfgs_standard,"[{""ase_converged"": true, ""converged"": true, ""end_geometry_sha256"": ""32492fbe7629c29417292be915f62de01df17bf14a2a1647a684a2f1544bfffd"", ""failure_class"": null, ""max_force_eV_A"": 0.07001355706178096, ""name"": ""bfgs_standard"", ""start_geometry_sha256"": ""a98b4c89c4e141176cd10e61af51d56a673ce79fa5626510a4cd8b3ed67d705a"", ""steps"": 148}]",32492fbe7629c29417292be915f62de01df17bf14a2a1647a684a2f1544bfffd,-443.80309762586927,True,0.07994466412266803,24.0,100.0,0.08,converged,,bfgs_standard,"[{""ase_converged"": true, ""converged"": true, ""end_geometry_sha256"": ""dbfdade89d2a9b8e66c3b5fd682fa4e77fe8c25cc3877cca47670456fc3fdaaf"", ""failure_class"": null, ""max_force_eV_A"": 0.07994466412266803, ""name"": ""bfgs_standard"", ""start_geometry_sha256"": ""933065e19f7d5044671583b8e8fcd4ab8324e9e35ed103a63cc0234d54ed7c98"", ""steps"": 24}]",dbfdade89d2a9b8e66c3b5fd682fa4e77fe8c25cc3877cca47670456fc3fdaaf,0.17006951823830602,True,0.07057782309907229,43.0,100.0,0.08,converged,,bfgs_standard,"[{""ase_converged"": true, ""converged"": true, ""end_geometry_sha256"": ""2359781310e8516e252ca8d226cbb0d6c80cbecc4416046fa42a215cb3ace931"", ""failure_class"": null, ""max_force_eV_A"": 0.07057782309907229, ""name"": ""bfgs_standard"", ""start_geometry_sha256"": ""c0c482bb9de811536e82cf658e05f65ad040d6919c52e1889f849ef241377a6d"", ""steps"": 43}]",2359781310e8516e252ca8d226cbb0d6c80cbecc4416046fa42a215cb3ace931,0.207222855836185,True,0.0717651559752084,294.0,100.0,0.08,converged,,bfgs_after_fire,"[{""ase_converged"": false, ""converged"": false, ""end_geometry_sha256"": ""2c10b832e84c94098ed814ec409fd2aa54192f4cda3869c576c8e1c0a15d5c96"", ""failure_class"": ""force_threshold"", ""max_force_eV_A"": 1.0344457177200301, ""name"": ""bfgs_standard"", ""start_geometry_sha256"": ""a07e6983174adfd4477fb11cc17caa68219f95dbd02fbb9c3c5786f99ab9b077"", ""steps"": 100}, {""ase_converged"": true, ""converged"": true, ""end_geometry_sha256"": ""6c3f7e9dc918bc6f08b3d1f27c78d17620595f5c2589e462f6d878a2878386b5"", ""failure_class"": null, ""max_force_eV_A"": 0.17708374649291903, ""name"": ""fire_precondition"", ""qualifying"": false, ""start_geometry_sha256"": ""a07e6983174adfd4477fb11cc17caa68219f95dbd02fbb9c3c5786f99ab9b077"", ""steps"": 50}, {""ase_converged"": true, ""converged"": true, ""end_geometry_sha256"": ""ba3cd5bb8399c2e0cee1ee5fd22626fc7b3889ba322f1dff9ee927d6bb3e7f94"", ""failure_class"": null, ""max_force_eV_A"": 0.0717651559752084, ""name"": ""bfgs_after_fire"", ""start_geometry_sha256"": ""6c3f7e9dc918bc6f08b3d1f27c78d17620595f5c2589e462f6d878a2878386b5"", ""steps"": 144}]",ba3cd5bb8399c2e0cee1ee5fd22626fc7b3889ba322f1dff9ee927d6bb3e7f94,-1.8961453929544314,3.0,step_2_O,7.0,0.0,True,0.377292374074491,0.740000000035,False,quantitative_screening,1,1,b5fccdaad73d68d2e948,False,
"('Spinel', 'Fe', 'Ti', 'None', 'nanorod', 'N-CNT')",Spinel,False,esen-sm-conserving-all-oc25:relax-v4:orr-che-v3,True,0.06694351224358902,365,150,0.08,converged,,bfgs_after_fire,"[{""ase_converged"": false, ""converged"": false, ""end_geometry_sha256"": ""b4b8eaaeb7451e4cf81b53cba816172d7803bd7230a2a469cbd6257408ab18c3"", ""failure_class"": ""force_threshold"", ""max_force_eV_A"": 0.08312838870585867, ""name"": ""bfgs_standard"", ""start_geometry_sha256"": ""c246b93ad1daec203d1a4bbcee565b081c746b942e7c2ec3bb8199b4275a2e20"", ""steps"": 150}, {""ase_converged"": false, ""converged"": false, ""end_geometry_sha256"": ""43819a6161e514f1036a8d9a3b074484ce75d85a526ede6e3ea9af27866f19fe"", ""failure_class"": ""force_threshold"", ""max_force_eV_A"": 2.7932819176215236, ""name"": ""fire_precondition"", ""qualifying"": false, ""start_geometry_sha256"": ""c246b93ad1daec203d1a4bbcee565b081c746b942e7c2ec3bb8199b4275a2e20"", ""steps"": 75}, {""ase_converged"": true, ""converged"": true, ""end_geometry_sha256"": ""22b6c1532a2f43a2a746e8d78280ffdcdff20ac3c393dd32ccb9e739bd22284a"", ""failure_class"": null, ""max_force_eV_A"": 0.06694351224358902, ""name"": ""bfgs_after_fire"", ""start_geometry_sha256"": ""43819a6161e514f1036a8d9a3b074484ce75d85a526ede6e3ea9af27866f19fe"", ""steps"": 140}]",22b6c1532a2f43a2a746e8d78280ffdcdff20ac3c393dd32ccb9e739bd22284a,-435.6352443455515,False,13.177707249784714,650.0,100.0,0.08,recovery_exhausted,force_threshold,fire_small_step,"[{""ase_converged"": false, ""converged"": false, ""end_geometry_sha256"": ""779b1ce1230b7eb78f7cbe17a5085a7acb93415ae2bbf08fecfacacf8c8da816"", ""failure_class"": ""force_threshold"", ""max_force_eV_A"": 28.024823608116186, ""name"": ""bfgs_standard"", ""start_geometry_sha256"": ""b912bd7b9be2b2931675fca3ef983b22f7e92330ecc968d8d0002bcf06a1b3d5"", ""steps"": 100}, {""ase_converged"": false, ""converged"": false, ""end_geometry_sha256"": ""46438e23925c2b0070088496aedd3c8df7fba415fbce6028d7a45d5579c007a1"", ""failure_class"": ""force_threshold"", ""max_force_eV_A"": 28.962131756983137, ""name"": ""fire_precondition"", ""qualifying"": false, ""start_geometry_sha256"": ""b912bd7b9be2b2931675fca3ef983b22f7e92330ecc968d8d0002bcf06a1b3d5"", ""steps"": 50}, {""ase_converged"": false, ""converged"": false, ""end_geometry_sha256"": ""923d9a4b0b7285bdae841be1a3186d709059051c2b651a133363cf2d0e0a9b83"", ""failure_class"": ""force_threshold"", ""max_force_eV_A"": 35.654327935185016, ""name"": ""bfgs_after_fire"", ""start_geometry_sha256"": ""46438e23925c2b0070088496aedd3c8df7fba415fbce6028d7a45d5579c007a1"", ""steps"": 200}, {""ase_converged"": false, ""converged"": false, ""end_geometry_sha256"": ""73129659827ab22359781e1df446ad2f148fe350a70d1c7b7fe506f025a15912"", ""failure_class"": ""force_threshold"", ""max_force_eV_A"": 13.177707249784714, ""name"": ""fire_small_step"", ""start_geometry_sha256"": ""779b1ce1230b7eb78f7cbe17a5085a7acb93415ae2bbf08fecfacacf8c8da816"", ""steps"": 300}]",73129659827ab22359781e1df446ad2f148fe350a70d1c7b7fe506f025a15912,,,,,,,,,,,,,,,,,,,,,,,,,,,,,,,True,validation_required,0,0,01f463d83722d8c4e89b,False,Unconverged oh relaxation: max_force=13.1777 eV/A after 650 cumulative recovery steps
"('Spinel', 'Fe', 'V', 'Nb', 'mesoporous', 'graphene_oxide')",Spinel,True,esen-sm-conserving-all-oc25:relax-v4:orr-che-v3,True,0.07579465175794184,337,150,0.08,converged,,bfgs_after_fire,"[{""ase_converged"": false, ""converged"": false, ""end_geometry_sha256"": ""f371a324c3627bff2ec6ac88d38f9ca8997616fc27e38f61a035ec4cb6bcf43a"", ""failure_class"": ""force_threshold"", ""max_force_eV_A"": 0.22835114737105744, ""name"": ""bfgs_standard"", ""start_geometry_sha256"": ""2d8740871b31c136b3e37f3983e7e1b44cf19ae5b3e9ead66887067b53486ebe"", ""steps"": 150}, {""ase_converged"": false, ""converged"": false, ""end_geometry_sha256"": ""a9185fd78b903215975709a1eaf456dcd079a3cca79177cce6fde8ac9e2be89f"", ""failure_class"": ""force_threshold"", ""max_force_eV_A"": 1.2000344158291816, ""name"": ""fire_precondition"", ""qualifying"": false, ""start_geometry_sha256"": ""2d8740871b31c136b3e37f3983e7e1b44cf19ae5b3e9ead66887067b53486ebe"", ""steps"": 75}, {""ase_converged"": true, ""converged"": true, ""end_geometry_sha256"": ""8f0fe52fee4113ba166d2e9c9733ffff4c630befb8203a913d541434dff70741"", ""failure_class"": null, ""max_force_eV_A"": 0.07579465175794184, ""name"": ""bfgs_after_fire"", ""start_geometry_sha256"": ""a9185fd78b903215975709a1eaf456dcd079a3cca79177cce6fde8ac9e2be89f"", ""steps"": 112}]",8f0fe52fee4113ba166d2e9c9733ffff4c630befb8203a913d541434dff70741,-428.7074517895659,True,0.07557130737197201,48.0,100.0,0.08,converged,,bfgs_standard,"[{""ase_converged"": true, ""converged"": true, ""end_geometry_sha256"": ""4b2be09acc96a0eb4b08d2773aa0da8ad74beef8179434892cfca81b7c0bd1cf"", ""failure_class"": null, ""max_force_eV_A"": 0.07557130737197201, ""name"": ""bfgs_standard"", ""start_geometry_sha256"": ""7adfb18b53606146bd883aaed080c6eaeb4e236a9a24ab12f8903d24ea270b3b"", ""steps"": 48}]",4b2be09acc96a0eb4b08d2773aa0da8ad74beef8179434892cfca81b7c0bd1cf,-0.747906384319067,True,0.07820141675113196,263.0,100.0,0.08,converged,,bfgs_after_fire,"[{""ase_converged"": false, ""converged"": false, ""end_geometry_sha256"": ""202b58b8b4a40d66aca8c25a9421ea1422e45db7f90dc79f25bb3b58107e02e4"", ""failure_class"": ""force_threshold"", ""max_force_eV_A"": 0.22308515465026268, ""name"": ""bfgs_standard"", ""start_geometry_sha256"": ""b1925e49c1a1684d710b1cf5155ceefe587d4ff594eb03ff1c94b3eba93e40c3"", ""steps"": 100}, {""ase_converged"": true, ""converged"": true, ""end_geometry_sha256"": ""c32fa9db77548cf2bfec62102e1f863005ae12a798b27467eb06925842e70a6e"", ""failure_class"": null, ""max_force_eV_A"": 0.24152368432637708, ""name"": ""fire_precondition"", ""qualifying"": false, ""start_geometry_sha256"": ""b1925e49c1a1684d710b1cf5155ceefe587d4ff594eb03ff1c94b3eba93e40c3"", ""steps"": 44}, {""ase_converged"": true, ""converged"": true, ""end_geometry_sha256"": ""96e5d4ca6a9cdb16e76a9bda36c6af9a029dd7b4ac2057efc40f6400d434bdbc"", ""failure_class"": null, ""max_force_eV_A"": 0.07820141675113196, ""name"": ""bfgs_after_fire"", ""start_geometry_sha256"": ""c32fa9db77548cf2bfec62102e1f863005ae12a798b27467eb06925842e70a6e"", ""steps"": 119}]",96e5d4ca6a9cdb16e76a9bda36c6af9a029dd7b4ac2057efc40f6400d434bdbc,-2.9589768283069384,True,0.0747372900237027,264.0,100.0,0.08,converged,,bfgs_after_fire,"[{""ase_converged"": false, ""converged"": false, ""end_geometry_sha256"": ""ef8dc9e280b730aafb619a6b2c83de5d5222bbe4c9c9c9d46d25b679f134156d"", ""failure_class"": ""force_threshold"", ""max_force_eV_A"": 0.4721070798879656, ""name"": ""bfgs_standard"", ""start_geometry_sha256"": ""7d9b0c257357cb19842a78ea9490b72e8712c4fcee5978619c78cbf5b82d895f"", ""steps"": 100}, {""ase_converged"": false, ""converged"": false, ""end_geometry_sha256"": ""da1f3ef76a631d599eb27a59497bd5f9d4af9cf7f466ff68ae983fe374ce495c"", ""failure_class"": ""force_threshold"", ""max_force_eV_A"": 0.5281113545104399, ""name"": ""fire_precondition"", ""qualifying"": false, ""start_geometry_sha256"": ""7d9b0c257357cb19842a78ea9490b72e8712c4fcee5978619c78cbf5b82d895f"", ""steps"": 50}, {""ase_converged"": true, ""converged"": true, ""end_geometry_sha256"": ""62535a75b86562a7c3d6fc5630e69633faf6fbcc227a5695b7a0a2a70f5cae25"", ""failure_class"": null, ""max_force_eV_A"": 0.0747372900237027, ""name"": ""bfgs_after_fire"", ""start_geometry_sha256"": ""da1f3ef76a631d599eb27a59497bd5f9d4af9cf7f466ff68ae983fe374ce495c"", ""steps"": 114}]",62535a75b86562a7c3d6fc5630e69633faf6fbcc227a5695b7a0a2a70f5cae25,-2.8843300834297816,3.0,step_3_OH,6.0,0.0,True,3.706883212626005,0.740000000035,False,quantitative_screening,2,2,c0f0a8498ad048cd6676,False,
"('Spinel', 'Fe', 'V', 'None', 'nanoparticle', 'graphene_oxide')",Spinel,True,esen-sm-conserving-all-oc25:relax-v4:orr-che-v3,True,0.07196042347405224,102,150,0.08,converged,,bfgs_standard,"[{""ase_converged"": true, ""converged"": true, ""end_geometry_sha256"": ""241e5de5825e4d621f27a073757cbb9fd959db7665999923ad38425cf659c796"", ""failure_class"": null, ""max_force_eV_A"": 0.07196042347405224, ""name"": ""bfgs_standard"", ""start_geometry_sha256"": ""a38c35fbf13292b95e52c85c3b563fc1cf44026d4190e9c24aae097a3093ea41"", ""steps"": 102}]",241e5de5825e4d621f27a073757cbb9fd959db7665999923ad38425cf659c796,-433.4951018599852,True,0.07568424131772214,243.0,100.0,0.08,converged,,bfgs_after_fire,"[{""ase_converged"": false, ""converged"": false, ""end_geometry_sha256"": ""9d8ae402c3895c2c70f11cfe02a169e1070a5baecf5d20f73164c5770c0b75b8"", ""failure_class"": ""force_threshold"", ""max_force_eV_A"": 0.2447026780002231, ""name"": ""bfgs_standard"", ""start_geometry_sha256"": ""717a0164e5c98dca6710e11fac656cd357a2bba803aabf916a1a4343086bed27"", ""steps"": 100}, {""ase_converged"": false, ""converged"": false, ""end_geometry_sha256"": ""d73029d3831b1ec5fed7486d462ae41549b84f7d903daec15acbdb90ceaee667"", ""failure_class"": ""force_threshold"", ""max_force_eV_A"": 0.5891958703015103, ""name"": ""fire_precondition"", ""qualifying"": false, ""start_geometry_sha256"": ""717a0164e5c98dca6710e11fac656cd357a2bba803aabf916a1a4343086bed27"", ""steps"": 50}, {""ase_converged"": true, ""converged"": true, ""end_geometry_sha256"": ""f0cf10082c68e649427a96c5f07427c150051d9f27cac0714ef27241487b19bc"", ""failure_class"": null, ""max_force_eV_A"": 0.07568424131772214, ""name"": ""bfgs_after_fire"", ""start_geometry_sha256"": ""d73029d3831b1ec5fed7486d462ae41549b84f7d903daec15acbdb90ceaee667"", ""steps"": 93}]",f0cf10082c68e649427a96c5f07427c150051d9f27cac0714ef27241487b19bc,-1.190251526683569,True,0.07578821946261767,48.0,100.0,0.08,converged,,bfgs_standard,"[{""ase_converged"": true, ""converged"": true, ""end_geometry_sha256"": ""4acc11fd7e3bbc45ac2972484d88acdbdb9d459d704f8f6d8a1cf51d2ca87b62"", ""failure_class"": null, ""max_force_eV_A"": 0.07578821946261767, ""name"": ""bfgs_standard"", ""start_geometry_sha256"": ""ecd8a6861c5063c7fd1e4751c37b32514be7e172dc26664dd12c7aa621140055"", ""steps"": 48}]",4acc11fd7e3bbc45ac2972484d88acdbdb9d459d704f8f6d8a1cf51d2ca87b62,-1.222014033049313,True,0.07810036045791549,290.0,100.0,0.08,converged,,bfgs_after_fire,"[{""ase_converged"": false, ""converged"": false, ""end_geometry_sha256"": ""054e9dc7781a7839072d6b540674fd991b27f8b028ef0854508a53f5da93122e"", ""failure_class"": ""force_threshold"", ""max_force_eV_A"": 0.18592648545748605, ""name"": ""bfgs_standard"", ""start_geometry_sha256"": ""7fb2f514d92f60079ecfdd1f791c6fbef838b367fb461c3166b28bb5349a891a"", ""steps"": 100}, {""ase_converged"": false, ""converged"": false, ""end_geometry_sha256"": ""289577666c37e9c70dacb8c244a560c42cb2b8d2c6a643ad3e565926235c0f04"", ""failure_class"": ""force_threshold"", ""max_force_eV_A"": 0.9032139524481493, ""name"": ""fire_precondition"", ""qualifying"": false, ""start_geometry_sha256"": ""7fb2f514d92f60079ecfdd1f791c6fbef838b367fb461c3166b28bb5349a891a"", ""steps"": 50}, {""ase_converged"": true, ""converged"": true, ""end_geometry_sha256"": ""842a44ce02476d8fe324439d9f84519cb5b5ecf993dd2b7ecba75514a03065e7"", ""failure_class"": null, ""max_force_eV_A"": 0.07810036045791549, ""name"": ""bfgs_after_fire"", ""start_geometry_sha256"": ""289577666c37e9c70dacb8c244a560c42cb2b8d2c6a643ad3e565926235c0f04"", ""steps"": 140}]",842a44ce02476d8fe324439d9f84519cb5b5ecf993dd2b7ecba75514a03065e7,-5.37678842693564,3.0,step_2_O,6.0,0.0,True,2.412265559732882,0.740000000035,False,quantitative_screening,1,1,e726b9d14f0f359d2ce2,False,
"('Spinel', 'Fe', 'Ni', 'Ce', 'nanorod', 'N-CNT')",Spinel,True,esen-sm-conserving-all-oc25:relax-v4:orr-che-v3,True,0.07776832461822931,97,150,0.08,converged,,bfgs_standard,"[{""ase_converged"": true, ""converged"": true, ""end_geometry_sha256"": ""4182501f8b4f13911a607936e0c340cf1c7b2f0cef53d57c0e659c0f5c7c29fd"", ""failure_class"": null, ""max_force_eV_A"": 0.07776832461822931, ""name"": ""bfgs_standard"", ""start_geometry_sha256"": ""80472769297f9cc90b4466cfa08d1c40856c74da4f86b106db35c5ff61296dd4"", ""steps"": 97}]",4182501f8b4f13911a607936e0c340cf1c7b2f0cef53d57c0e659c0f5c7c29fd,-316.40122479920683,True,0.07794702119906001,69.0,100.0,0.08,converged,,bfgs_standard,"[{""ase_converged"": true, ""converged"": true, ""end_geometry_sha256"": ""50c1a23dbfa7710193433ba84437e326fdc7c538079b71ae409a1284b4524ff9"", ""failure_class"": null, ""max_force_eV_A"": 0.07794702119906001, ""name"": ""bfgs_standard"", ""start_geometry_sha256"": ""0ff47c19840adc9defd59dce585f32bb9482917989a931f5a91af153c14fb808"", ""steps"": 69}]",50c1a23dbfa7710193433ba84437e326fdc7c538079b71ae409a1284b4524ff9,0.87940579906106,True,0.07105049310976672,73.0,100.0,0.08,converged,,bfgs_standard,"[{""ase_converged"": true, ""converged"": true, ""end_geometry_sha256"": ""51c50ba545655e3ef4ce45d31a28985d71395815cd14e6bc1e2ae5fff696d20b"", ""failure_class"": null, ""max_force_eV_A"": 0.07105049310976672, ""name"": ""bfgs_standard"", ""start_geometry_sha256"": ""96818d68037528b763d26356ea85cda975ed636ab44b5b98a1df04e9ae080da1"", ""steps"": 73}]",51c50ba545655e3ef4ce45d31a28985d71395815cd14e6bc1e2ae5fff696d20b,1.8791913159191929,True,0.07781857413720171,335.0,100.0,0.08,converged,,bfgs_after_fire,"[{""ase_converged"": false, ""converged"": false, ""end_geometry_sha256"": ""a7722cc97bd0a10d6d471a58faffeb5841cfba4950024fb83ce38183c5092af3"", ""failure_class"": ""force_threshold"", ""max_force_eV_A"": 0.633361294422927, ""name"": ""bfgs_standard"", ""start_geometry_sha256"": ""ab059385d498f9d33be41c757ea52230d01145cd807c9bacce210fb150eac41a"", ""steps"": 100}, {""ase_converged"": false, ""converged"": false, ""end_geometry_sha256"": ""7fe9736767824785c29f8480f81a29ec46135876c9962ca0517a1afbf3e76d9d"", ""failure_class"": ""force_threshold"", ""max_force_eV_A"": 0.3883543539075946, ""name"": ""fire_precondition"", ""qualifying"": false, ""start_geometry_sha256"": ""ab059385d498f9d33be41c757ea52230d01145cd807c9bacce210fb150eac41a"", ""steps"": 50}, {""ase_converged"": true, ""converged"": true, ""end_geometry_sha256"": ""dd8435f8a0d3718cee92df1da0a83026c36a1f02cdfa08b21e1c962e02938453"", ""failure_class"": null, ""max_force_eV_A"": 0.07781857413720171, ""name"": ""bfgs_after_fire"", ""start_geometry_sha256"": ""7fe9736767824785c29f8480f81a29ec46135876c9962ca0517a1afbf3e76d9d"", ""steps"": 185}]",dd8435f8a0d3718cee92df1da0a83026c36a1f02cdfa08b21e1c962e02938453,1.854531715810217,1.253659600108976,step_2_O,7.0,0.0,True,2.758597114980253,0.6852014328916924,False,quantitative_screening,0,0,2258b5432add07a91228,False,
"('Spinel', 'Fe', 'Ni', 'Mo', 'mesoporous', 'graphene_oxide')",Spinel,True,esen-sm-conserving-all-oc25:relax-v4:orr-che-v3,True,0.06634289436772678,120,150,0.08,converged,,bfgs_standard,"[{""ase_converged"": true, ""converged"": true, ""end_geometry_sha256"": ""58f6334914361ae9569053192b2f775f01c908b235e165a6c15462ad8bb46399"", ""failure_class"": null, ""max_force_eV_A"": 0.06634289436772678, ""name"": ""bfgs_standard"", ""start_geometry_sha256"": ""4877bf561c8efdef1bee3c6e58c763a28f5e5bd0eb926ddac36eb80222649721"", ""steps"": 120}]",58f6334914361ae9569053192b2f775f01c908b235e165a6c15462ad8bb46399,-319.35190243814054,True,0.07742067704428376,63.0,100.0,0.08,converged,,bfgs_standard,"[{""ase_converged"": true, ""converged"": true, ""end_geometry_sha256"": ""ebb13d3dcd7fb01e17733db22930515e604ff23f37e920236f5750be9af0442f"", ""failure_class"": null, ""max_force_eV_A"": 0.07742067704428376, ""name"": ""bfgs_standard"", ""start_geometry_sha256"": ""e427e1bd9b72658466c9c570696dd37c939d9d48032751072155d28ceed5c0dd"", ""steps"": 63}]",ebb13d3dcd7fb01e17733db22930515e604ff23f37e920236f5750be9af0442f,2.258464636951685,True,0.07253479564348109,32.0,100.0,0.08,converged,,bfgs_standard,"[{""ase_converged"": true, ""converged"": true, ""end_geometry_sha256"": ""3a1389919a5c795c969b5df4421c60284d485ceecd3c4ef8c18965fcfe635c91"", ""failure_class"": null, ""max_force_eV_A"": 0.07253479564348109, ""name"": ""bfgs_standard"", ""start_geometry_sha256"": ""ca4960fe722684c41508bb392c4e9d0daa9169f986dca86461be37cc431c7659"", ""steps"": 32}]",3a1389919a5c795c969b5df4421c60284d485ceecd3c4ef8c18965fcfe635c91,2.4991826184093133,True,0.07873254226642522,50.0,100.0,0.08,converged,,bfgs_standard,"[{""ase_converged"": true, ""converged"": true, ""end_geometry_sha256"": ""f79ef9dd058fc0cc1d9907b8049fa45520fd1d59d78119dae0ce4ddb142ce96e"", ""failure_class"": null, ""max_force_eV_A"": 0.07873254226642522, ""name"": ""bfgs_standard"", ""start_geometry_sha256"": ""786dc165e2cd9cb895614a8351d7357b571c6d3c507e7a8e6e24927cb7cb71ab"", ""steps"": 50}]",f79ef9dd058fc0cc1d9907b8049fa45520fd1d59d78119dae0ce4ddb142ce96e,4.000306557118925,0.988282018542372,step_3_OH,7.0,0.0,True,4.7576472553609985,0.740000000035,False,quantitative_screening,1,1,ba4276c05aafd2a0ed2a,False,
"('Spinel', 'Fe', 'Cu', 'La', 'nanorod', 'N-CNT')",Spinel,False,esen-sm-conserving-all-oc25:relax-v4:orr-che-v3,True,0.07656838909742036,92,150,0.08,converged,,bfgs_standard,"[{""ase_converged"": true, ""converged"": true, ""end_geometry_sha256"": ""e8168bb2637571f6c95df945ac59344aee87c7a0591427793bd08b546d4cba0b"", ""failure_class"": null, ""max_force_eV_A"": 0.07656838909742036, ""name"": ""bfgs_standard"", ""start_geometry_sha256"": ""561bbba795fbcfaebf66ff18b54e4348d1902b93987bacf018940f58053c2ae9"", ""steps"": 92}]",e8168bb2637571f6c95df945ac59344aee87c7a0591427793bd08b546d4cba0b,-286.3961830525487,False,2.218669273064603,650.0,100.0,0.08,recovery_exhausted,force_threshold,bfgs_standard,"[{""ase_converged"": false, ""converged"": false, ""end_geometry_sha256"": ""f86c84b97a96f7743fae03177cdf400e405a122d28422c70443b707bbbdd8a48"", ""failure_class"": ""force_threshold"", ""max_force_eV_A"": 2.218669273064603, ""name"": ""bfgs_standard"", ""start_geometry_sha256"": ""4b6c316dcd1975df40248de0ecb80bb8ed2af8628a3d46039f0e7578573f86e1"", ""steps"": 100}, {""ase_converged"": false, ""converged"": false, ""end_geometry_sha256"": ""08938b5959ba8fa02e147e6141852c9e3bfeebf9b563aa0d94de6a43c82bca2e"", ""failure_class"": ""force_threshold"", ""max_force_eV_A"": 19.91235899127765, ""name"": ""fire_precondition"", ""qualifying"": false, ""start_geometry_sha256"": ""4b6c316dcd1975df40248de0ecb80bb8ed2af8628a3d46039f0e7578573f86e1"", ""steps"": 50}, {""ase_converged"": false, ""converged"": false, ""end_geometry_sha256"": ""96ef3a03a1d14513a1eba976e559e8af2c36562a8c8da30946358fb0780b5280"", ""failure_class"": ""force_threshold"", ""max_force_eV_A"": 177.2226444233153, ""name"": ""bfgs_after_fire"", ""start_geometry_sha256"": ""08938b5959ba8fa02e147e6141852c9e3bfeebf9b563aa0d94de6a43c82bca2e"", ""steps"": 200}, {""ase_converged"": false, ""converged"": false, ""end_geometry_sha256"": ""f35a48a0abebb1a809906aa568976b2ee5abed406e1def1b58ca1139a50b7d09"", ""failure_class"": ""force_threshold"", ""max_force_eV_A"": 2.2195570965598246, ""name"": ""fire_small_step"", ""start_geometry_sha256"": ""f86c84b97a96f7743fae03177cdf400e405a122d28422c70443b707bbbdd8a48"", ""steps"": 300}]",f86c84b97a96f7743fae03177cdf400e405a122d28422c70443b707bbbdd8a48,,,,,,,,,,,,,,,,,,,,,,,,,,,,,,,True,validation_required,2,2,0f3fb0a61fd2157e34d0,False,Unconverged oh relaxation: max_force=2.21867 eV/A after 650 cumulative recovery steps
"('Spinel', 'Fe', 'Cu', 'W', 'mesoporous', 'graphene_oxide')",Spinel,True,esen-sm-conserving-all-oc25:relax-v4:orr-che-v3,True,0.07822157380177586,427,150,0.08,converged,,bfgs_after_fire,"[{""ase_converged"": false, ""converged"": false, ""end_geometry_sha256"": ""a707554ff649c9b24fb1b8cad0fc3398651b20226bc61b533c9f938df2e350fe"", ""failure_class"": ""force_threshold"", ""max_force_eV_A"": 0.12551687949733184, ""name"": ""bfgs_standard"", ""start_geometry_sha256"": ""d31d179840fbe9a453c0c724307ad1947cfe2a63e192740b4eaa64701ccb8d18"", ""steps"": 150}, {""ase_converged"": false, ""converged"": false, ""end_geometry_sha256"": ""838371a9d5eab6f01479c9427a921dd56bb9167e8621c000660a047e25613717"", ""failure_class"": ""force_threshold"", ""max_force_eV_A"": 1.1692117161871407, ""name"": ""fire_precondition"", ""qualifying"": false, ""start_geometry_sha256"": ""d31d179840fbe9a453c0c724307ad1947cfe2a63e192740b4eaa64701ccb8d18"", ""steps"": 75}, {""ase_converged"": true, ""converged"": true, ""end_geometry_sha256"": ""7b8d54b47b3d69258d663f5e40bd60e1197834cbc2f82d25b75e1577dde7195a"", ""failure_class"": null, ""max_force_eV_A"": 0.07822157380177586, ""name"": ""bfgs_after_fire"", ""start_geometry_sha256"": ""838371a9d5eab6f01479c9427a921dd56bb9167e8621c000660a047e25613717"", ""steps"": 202}]",7b8d54b47b3d69258d663f5e40bd60e1197834cbc2f82d25b75e1577dde7195a,-295.7912068285079,True,0.06681113885935717,57.0,100.0,0.08,converged,,bfgs_standard,"[{""ase_converged"": true, ""converged"": true, ""end_geometry_sha256"": ""2f407875622d95bd2f469b438f097b21436b3d6600008af4c705393c50202d18"", ""failure_class"": null, ""max_force_eV_A"": 0.06681113885935717, ""name"": ""bfgs_standard"", ""start_geometry_sha256"": ""fc4dfe6dbecb59bf29a8026ed60f67d2a7f50415e3b3fdefe97f273a5e3fc9d6"", ""steps"": 57}]",2f407875622d95bd2f469b438f097b21436b3d6600008af4c705393c50202d18,1.1350744391977787,True,0.06574039741693012,76.0,100.0,0.08,converged,,bfgs_standard,"[{""ase_converged"": true, ""converged"": true, ""end_geometry_sha256"": ""497bd120be993b8293d21dbef0ee3b9d225099e3556e2725b5cdb220a1614e0b"", ""failure_class"": null, ""max_force_eV_A"": 0.06574039741693012, ""name"": ""bfgs_standard"", ""start_geometry_sha256"": ""a60292b5aee08ddf4672dd9ed31aeebaa45a9cb9170a1eb534277eff13d37b8f"", ""steps"": 76}]",497bd120be993b8293d21dbef0ee3b9d225099e3556e2725b5cdb220a1614e0b,2.7251919873058545,True,0.07184227543552561,99.0,100.0,0.08,converged,,bfgs_standard,"[{""ase_converged"": true, ""converged"": true, ""end_geometry_sha256"": ""04f2b827687bcc6d60c8832d83a48ba3db0f7c5343c633f9748c873411df440f"", ""failure_class"": null, ""max_force_eV_A"": 0.07184227543552561, ""name"": ""bfgs_standard"", ""start_geometry_sha256"": ""e789e5d6128ec805e5c494f15f53c21b99080a1cebe2b44901dc6cfdc2df6f42"", ""steps"": 99}]",04f2b827687bcc6d60c8832d83a48ba3db0f7c5343c633f9748c873411df440f,4.268762062490019,0.5777620624900193,step_1_OOH,5.0,0.0,True,3.8602664265036335,0.740000000035,False,quantitative_screening,1,1,7449fd101259390092ac,False,
"('MXene', 'Nb', 'N', 1, 'S', 'Cu')",MXene,True,esen-sm-conserving-all-oc25:relax-v4:orr-che-v3,True,0.07367026365173227,17,150,0.08,converged,,bfgs_standard,"[{""ase_converged"": true, ""converged"": true, ""end_geometry_sha256"": ""31ed33c3be79ead9c71b7b319293b5688962d4664b81ee5911939c0454fb36c2"", ""failure_class"": null, ""max_force_eV_A"": 0.07367026365173227, ""name"": ""bfgs_standard"", ""start_geometry_sha256"": ""b92d98858b94bb33dd64b5f71e547ec66476bfcfa6209e8ec0410da070edad57"", ""steps"": 17}]",31ed33c3be79ead9c71b7b319293b5688962d4664b81ee5911939c0454fb36c2,-157.26227056534154,True,0.032225236594794426,72.0,100.0,0.08,converged,,bfgs_standard,"[{""ase_converged"": true, ""converged"": true, ""end_geometry_sha256"": ""e9ace11f9869e528bd2ae7a99114618c4084b78488ed5eefe8cfdc88a9dc9386"", ""failure_class"": null, ""max_force_eV_A"": 0.032225236594794426, ""name"": ""bfgs_standard"", ""start_geometry_sha256"": ""1b9b309adf8794c14a470b72a3da45cfb35a0cfd8a95501ed9e3e47e37afa902"", ""steps"": 72}]",e9ace11f9869e528bd2ae7a99114618c4084b78488ed5eefe8cfdc88a9dc9386,-1.90764254078269,True,0.04326494333975783,34.0,100.0,0.08,converged,,bfgs_standard,"[{""ase_converged"": true, ""converged"": true, ""end_geometry_sha256"": ""aa352b859279f33524896d919c765d3f526b4c40f0e5b1f4b29349c2f59f6d8d"", ""failure_class"": null, ""max_force_eV_A"": 0.04326494333975783, ""name"": ""bfgs_standard"", ""start_geometry_sha256"": ""5cc3bbb17a643ef7de98ae26d527d3c05d72f61565da90fb61f038f93ec81a1e"", ""steps"": 34}]",aa352b859279f33524896d919c765d3f526b4c40f0e5b1f4b29349c2f59f6d8d,-3.247567259520289,True,0.0718405982367556,60.0,100.0,0.08,converged,,bfgs_standard,"[{""ase_converged"": true, ""converged"": true, ""end_geometry_sha256"": ""734bf56f7b28191e5aad3f0d1ee46d2edb0560d3f44c0adce897286dca0751c8"", ""failure_class"": null, ""max_force_eV_A"": 0.0718405982367556, ""name"": ""bfgs_standard"", ""start_geometry_sha256"": ""4802148a8b298f5f0661cdde0dc3f5f9e668672546e8bd5eeee1626d55c86541"", ""steps"": 60}]",734bf56f7b28191e5aad3f0d1ee46d2edb0560d3f44c0adce897286dca0751c8,-1.1308618083596196,3.0,step_4_H2O,8.0,0.0,True,5.155209800302979,0.675000000035,False,quantitative_screening,0,0,ea7af16631afc39779a4,False,
"('MXene', 'Nb', 'N', 2, 'Cl', 'Cu')",MXene,True,esen-sm-conserving-all-oc25:relax-v4:orr-che-v3,True,0.07838537510921019,36,150,0.08,converged,,bfgs_standard,"[{""ase_converged"": true, ""converged"": true, ""end_geometry_sha256"": ""37546721c19f0e1815d785c4eaa5256b1c984afa71abc1b2b32fd7b28fc770a6"", ""failure_class"": null, ""max_force_eV_A"": 0.07838537510921019, ""name"": ""bfgs_standard"", ""start_geometry_sha256"": ""0ebfed183869365fa4bcc53b4c239524df746f25942e36cfaa1662175a094dd3"", ""steps"": 36}]",37546721c19f0e1815d785c4eaa5256b1c984afa71abc1b2b32fd7b28fc770a6,-258.32493292238877,True,0.07970890534995986,41.0,100.0,0.08,converged,,bfgs_standard,"[{""ase_converged"": true, ""converged"": true, ""end_geometry_sha256"": ""7b9c263530608e90a8caa2c0aa1d3bdf41349285098eb2d55f70188e48451783"", ""failure_class"": null, ""max_force_eV_A"": 0.07970890534995986, ""name"": ""bfgs_standard"", ""start_geometry_sha256"": ""dda57a7778d36c564b80d33d42f7cf9c04caa2f522581807b9cd45beaf772df5"", ""steps"": 41}]",7b9c263530608e90a8caa2c0aa1d3bdf41349285098eb2d55f70188e48451783,-1.18272799000144,True,0.03642810249848377,47.0,100.0,0.08,converged,,bfgs_standard,"[{""ase_converged"": true, ""converged"": true, ""end_geometry_sha256"": ""8fa0a72fe209b0672cca3479958c21edbdc54fa72c586a7f54df4d663bfd21b4"", ""failure_class"": null, ""max_force_eV_A"": 0.03642810249848377, ""name"": ""bfgs_standard"", ""start_geometry_sha256"": ""04ea802e1344438fa3c4600557e55c774c5c6e2a47e7b1dfe68f4b4176f5d185"", ""steps"": 47}]",8fa0a72fe209b0672cca3479958c21edbdc54fa72c586a7f54df4d663bfd21b4,-2.5734225146472705,True,0.06780702452232266,79.0,100.0,0.08,converged,,bfgs_standard,"[{""ase_converged"": true, ""converged"": true, ""end_geometry_sha256"": ""b2da8091fe803906873b2617a92c194ab4ccf06dc7e30dfc749d5fa66c606890"", ""failure_class"": null, ""max_force_eV_A"": 0.06780702452232266, ""name"": ""bfgs_standard"", ""start_geometry_sha256"": ""d556c0d2dd2cf72845150e3dfe9a4920a7c8e9c620a934901f728691f8b70442"", ""steps"": 79}]",b2da8091fe803906873b2617a92c194ab4ccf06dc7e30dfc749d5fa66c606890,-2.8636231914163455,2.6196945246458307,step_3_OH,8.0,0.0,True,3.7561505046487103,0.675000000035,False,quantitative_screening,0,0,1f380d464b9fe0d9acd2,False,
"('MXene', 'Nb', 'N', 2, 'bare', 'Pt')",MXene,True,esen-sm-conserving-all-oc25:relax-v4:orr-che-v3,True,0.07671279771902555,53,150,0.08,converged,,bfgs_standard,"[{""ase_converged"": true, ""converged"": true, ""end_geometry_sha256"": ""77c5478c877862b6291e957d570b3019ea6de28d5bba29366653b7306ae7a3ea"", ""failure_class"": null, ""max_force_eV_A"": 0.07671279771902555, ""name"": ""bfgs_standard"", ""start_geometry_sha256"": ""0db7ee3edbf33c535420497597c050ba40c748c244c3f50067122fe77b113306"", ""steps"": 53}]",77c5478c877862b6291e957d570b3019ea6de28d5bba29366653b7306ae7a3ea,-255.463521310089,True,0.051352438174248526,80.0,100.0,0.08,converged,,bfgs_standard,"[{""ase_converged"": true, ""converged"": true, ""end_geometry_sha256"": ""673d4974b44e7b8f9442332537bcdba3999f3367897a910a1390f83cea86bab3"", ""failure_class"": null, ""max_force_eV_A"": 0.051352438174248526, ""name"": ""bfgs_standard"", ""start_geometry_sha256"": ""4102e52a8c3edfad60c45eff44b307fa1dc8b1ee2cfbb18e1db3d0d2e9976c18"", ""steps"": 80}]",673d4974b44e7b8f9442332537bcdba3999f3367897a910a1390f83cea86bab3,-2.7250978325307367,True,0.07258873465574917,73.0,100.0,0.08,converged,,bfgs_standard,"[{""ase_converged"": true, ""converged"": true, ""end_geometry_sha256"": ""818ff9ef8098001540ca4e2cc51e0dd502967e85d3f2718d579fbfae807c5dc9"", ""failure_class"": null, ""max_force_eV_A"": 0.07258873465574917, ""name"": ""bfgs_standard"", ""start_geometry_sha256"": ""db9e06f17a85160209200019544b203888af974d5033b967f5cf5f4091b3a9b5"", ""steps"": 73}]",818ff9ef8098001540ca4e2cc51e0dd502967e85d3f2718d579fbfae807c5dc9,-3.9432535998523486,True,0.07512812327990838,217.0,100.0,0.08,converged,,bfgs_after_fire,"[{""ase_converged"": false, ""converged"": false, ""end_geometry_sha256"": ""cd3bfc789d152f4797029f97586bcc5e82023182bd99b4f626d9fdd7c2bd041c"", ""failure_class"": ""force_threshold"", ""max_force_eV_A"": 0.4220167345423009, ""name"": ""bfgs_standard"", ""start_geometry_sha256"": ""bde7931389c82b059a5d031c6c9d55c50bcebb2e0bb6d3b0715b23194a935100"", ""steps"": 100}, {""ase_converged"": false, ""converged"": false, ""end_geometry_sha256"": ""2f12298855485a53b832bfc4a06eb4e15836e9abbe0aa4769fb2df4e2ed89d53"", ""failure_class"": ""force_threshold"", ""max_force_eV_A"": 1.3516037098045282, ""name"": ""fire_precondition"", ""qualifying"": false, ""start_geometry_sha256"": ""bde7931389c82b059a5d031c6c9d55c50bcebb2e0bb6d3b0715b23194a935100"", ""steps"": 50}, {""ase_converged"": true, ""converged"": true, ""end_geometry_sha256"": ""f0b8e0a6982544b915571fe9c9ddb697dbed4f811001c3ca810952cf482e76dd"", ""failure_class"": null, ""max_force_eV_A"": 0.07512812327990838, ""name"": ""bfgs_after_fire"", ""start_geometry_sha256"": ""2f12298855485a53b832bfc4a06eb4e15836e9abbe0aa4769fb2df4e2ed89d53"", ""steps"": 67}]",f0b8e0a6982544b915571fe9c9ddb697dbed4f811001c3ca810952cf482e76dd,-5.192976523935819,3.0,step_4_H2O,10.0,-2.0,True,6.668351432383085,0.675000000035,False,quantitative_screening,0,0,f703f893f460e5491fdb,False,
"('MXene', 'Nb', 'N', 3, 'O', 'Fe')",MXene,True,esen-sm-conserving-all-oc25:relax-v4:orr-che-v3,True,0.06450773482669717,62,150,0.08,converged,,bfgs_standard,"[{""ase_converged"": true, ""converged"": true, ""end_geometry_sha256"": ""516dc6246103d1400d8347b9168f7777d88fd2a7aea687979a01ea367dbb52d2"", ""failure_class"": null, ""max_force_eV_A"": 0.06450773482669717, ""name"": ""bfgs_standard"", ""start_geometry_sha256"": ""b4a4ce2fc5a0c12091ae81c51d198e792d02a6b97c40353a6199cf0552ff5a4e"", ""steps"": 62}]",516dc6246103d1400d8347b9168f7777d88fd2a7aea687979a01ea367dbb52d2,-367.0868504183849,True,0.07993791587193091,57.0,100.0,0.08,converged,,bfgs_standard,"[{""ase_converged"": true, ""converged"": true, ""end_geometry_sha256"": ""e9b5983da26f7a6d3fc48c6c0a5109d4e951fce588cd2f338c1e5aee8fc3d314"", ""failure_class"": null, ""max_force_eV_A"": 0.07993791587193091, ""name"": ""bfgs_standard"", ""start_geometry_sha256"": ""5752672107145980a3b75f6a0bfe19c1d18543481be9ab6650881bee0dc8ed56"", ""steps"": 57}]",e9b5983da26f7a6d3fc48c6c0a5109d4e951fce588cd2f338c1e5aee8fc3d314,-1.661785302013102,True,0.07456520952648439,44.0,100.0,0.08,converged,,bfgs_standard,"[{""ase_converged"": true, ""converged"": true, ""end_geometry_sha256"": ""e88ee7403ed9fd95ab214abf308d21a6c1b3847a8feceeea185ac31334c39507"", ""failure_class"": null, ""max_force_eV_A"": 0.07456520952648439, ""name"": ""bfgs_standard"", ""start_geometry_sha256"": ""b12c32217e4eb2c9b9cc8395b43208e32b68c99b9092729588b5d57006fcaa27"", ""steps"": 44}]",e88ee7403ed9fd95ab214abf308d21a6c1b3847a8feceeea185ac31334c39507,-2.708012663572995,True,0.06883625226482407,248.0,100.0,0.08,converged,,bfgs_after_fire,"[{""ase_converged"": false, ""converged"": false, ""end_geometry_sha256"": ""257103a16750f40edc2f9f12abe91dfe0c9cd740fd655bacd6df71d644192be0"", ""failure_class"": ""force_threshold"", ""max_force_eV_A"": 0.23812215191043715, ""name"": ""bfgs_standard"", ""start_geometry_sha256"": ""ea1f8fc10143684d1b8b408aa9e3531aec3e0c717dd1afe95b4e224147e4f82f"", ""steps"": 100}, {""ase_converged"": true, ""converged"": true, ""end_geometry_sha256"": ""ab825713f172230007a468d2159e54c8a9bddf4e2ad42547091be356e9aff2bc"", ""failure_class"": null, ""max_force_eV_A"": 0.2297313950422071, ""name"": ""fire_precondition"", ""qualifying"": false, ""start_geometry_sha256"": ""ea1f8fc10143684d1b8b408aa9e3531aec3e0c717dd1afe95b4e224147e4f82f"", ""steps"": 38}, {""ase_converged"": true, ""converged"": true, ""end_geometry_sha256"": ""29c9587c82d796d85acaec3cd8c63740cd8b06cf6ef17eae59426e352745ec1d"", ""failure_class"": null, ""max_force_eV_A"": 0.06883625226482407, ""name"": ""bfgs_after_fire"", ""start_geometry_sha256"": ""ab825713f172230007a468d2159e54c8a9bddf4e2ad42547091be356e9aff2bc"", ""steps"": 110}]",29c9587c82d796d85acaec3cd8c63740cd8b06cf6ef17eae59426e352745ec1d,-4.313864280283418,2.890785302013102,step_4_H2O,7.0,0.0,True,4.369797965586097,0.675000000035,False,quantitative_screening,2,2,119e1cfcd4df3232fa91,False,
"('MXene', 'Nb', 'N', 3, 'mixed_OH_F', 'Pd')",MXene,True,esen-sm-conserving-all-oc25:relax-v4:orr-che-v3,True,0.06119149458785479,67,150,0.08,converged,,bfgs_standard,"[{""ase_converged"": true, ""converged"": true, ""end_geometry_sha256"": ""275d2466f16792b357abc15be8f9172fe7403a8a146b68e8afeaad08866da48d"", ""failure_class"": null, ""max_force_eV_A"": 0.06119149458785479, ""name"": ""bfgs_standard"", ""start_geometry_sha256"": ""57499b5697b4cf84907934d7809c70dc88bbadd386df92f0fff886669f551b95"", ""steps"": 67}]",275d2466f16792b357abc15be8f9172fe7403a8a146b68e8afeaad08866da48d,-375.7568813556821,True,0.07914576811056584,72.0,100.0,0.08,converged,,bfgs_standard,"[{""ase_converged"": true, ""converged"": true, ""end_geometry_sha256"": ""283a8e23ff4a077c3d335bf3a65f704ff3c2dd17cd7c9a25a75609bfc5d56719"", ""failure_class"": null, ""max_force_eV_A"": 0.07914576811056584, ""name"": ""bfgs_standard"", ""start_geometry_sha256"": ""65b46dd3517077ab0108125f0f2e6066bd43dcf91913a36d6d3aed8cbee54641"", ""steps"": 72}]",283a8e23ff4a077c3d335bf3a65f704ff3c2dd17cd7c9a25a75609bfc5d56719,-0.8982583855091957,True,0.0780053234340965,54.0,100.0,0.08,converged,,bfgs_standard,"[{""ase_converged"": true, ""converged"": true, ""end_geometry_sha256"": ""1510049e978ff299ceeb0c4703f6865cd5eca67aedb762146044f9428a1077ab"", ""failure_class"": null, ""max_force_eV_A"": 0.0780053234340965, ""name"": ""bfgs_standard"", ""start_geometry_sha256"": ""f270e62ff0ad21e90bd01a1877bdfb1174804ecf3213aaf6c69a3afa06dcf324"", ""steps"": 54}]",1510049e978ff299ceeb0c4703f6865cd5eca67aedb762146044f9428a1077ab,-1.3771601550280728,True,0.07446984128767647,223.0,100.0,0.08,converged,,bfgs_after_fire,"[{""ase_converged"": false, ""converged"": false, ""end_geometry_sha256"": ""8eb518563e26148856beeb336dedbc10cea2c592475f92ee88da94677e7dab64"", ""failure_class"": ""force_threshold"", ""max_force_eV_A"": 0.09262972653572561, ""name"": ""bfgs_standard"", ""start_geometry_sha256"": ""e7ef9f648ebfe1939115f498eef884f23f6f9ad166c70bdda04a4d93bbbf4e10"", ""steps"": 100}, {""ase_converged"": true, ""converged"": true, ""end_geometry_sha256"": ""0d4f6c4e1b95adccd09e1335b4a278c24950b185c0c0e83360400f581ea60709"", ""failure_class"": null, ""max_force_eV_A"": 0.24726456161294136, ""name"": ""fire_precondition"", ""qualifying"": false, ""start_geometry_sha256"": ""e7ef9f648ebfe1939115f498eef884f23f6f9ad166c70bdda04a4d93bbbf4e10"", ""steps"": 30}, {""ase_converged"": true, ""converged"": true, ""end_geometry_sha256"": ""36c8c3375c291d590f603b25a25289d8f6a489c066bb92adb780e88b4a27a5d7"", ""failure_class"": null, ""max_force_eV_A"": 0.07446984128767647, ""name"": ""bfgs_after_fire"", ""start_geometry_sha256"": ""0d4f6c4e1b95adccd09e1335b4a278c24950b185c0c0e83360400f581ea60709"", ""steps"": 93}]",36c8c3375c291d590f603b25a25289d8f6a489c066bb92adb780e88b4a27a5d7,-0.7920251384377728,2.1272583855091955,step_4_H2O,10.0,-2.0,True,2.2754185405372684,0.675000000035,False,quantitative_screening,1,1,7695c161824be73c8f5b,False,
"('MXene', 'Nb', 'CN', 1, 'F', 'None')",MXene,True,esen-sm-conserving-all-oc25:relax-v4:orr-che-v3,True,0.0659619757722012,18,150,0.08,converged,,bfgs_standard,"[{""ase_converged"": true, ""converged"": true, ""end_geometry_sha256"": ""89a910daf9870edaa491ccb27217170dba5e4ff584c23795f6bc8d970b40a817"", ""failure_class"": null, ""max_force_eV_A"": 0.0659619757722012, ""name"": ""bfgs_standard"", ""start_geometry_sha256"": ""be29255db29dcf83dbce7668949755114403b1fff3491c8ce432789c1a60d9d7"", ""steps"": 18}]",89a910daf9870edaa491ccb27217170dba5e4ff584c23795f6bc8d970b40a817,-171.16032967155775,True,0.0551515853106792,55.0,100.0,0.08,converged,,bfgs_standard,"[{""ase_converged"": true, ""converged"": true, ""end_geometry_sha256"": ""443ae356c13af0ef9a56dd11172f1952fc157cf85edbf2ebffd9255834072464"", ""failure_class"": null, ""max_force_eV_A"": 0.0551515853106792, ""name"": ""bfgs_standard"", ""start_geometry_sha256"": ""a654ab2fce77d6a10622d4bcfb0103e4f2c86ff7868cbdbaf8f0f4a41a0ce8ee"", ""steps"": 55}]",443ae356c13af0ef9a56dd11172f1952fc157cf85edbf2ebffd9255834072464,-2.5487710808217523,True,0.04573375826728628,56.0,100.0,0.08,converged,,bfgs_standard,"[{""ase_converged"": true, ""converged"": true, ""end_geometry_sha256"": ""7e32a4f35eb18872895194d4b70e53d0457113d914feb95e1e30f6c6b70cdf75"", ""failure_class"": null, ""max_force_eV_A"": 0.04573375826728628, ""name"": ""bfgs_standard"", ""start_geometry_sha256"": ""a8c7a1fa9fd50acafe3b375771b1ebe314db3cde25ebe0015191321419ee63a2"", ""steps"": 56}]",7e32a4f35eb18872895194d4b70e53d0457113d914feb95e1e30f6c6b70cdf75,-3.5444346301257577,True,0.07871233579814765,62.0,100.0,0.08,converged,,bfgs_standard,"[{""ase_converged"": true, ""converged"": true, ""end_geometry_sha256"": ""78584e2d756f0c51c1716c5467c89f0c8cdee1e68b5e7edb74d00b216c3e6276"", ""failure_class"": null, ""max_force_eV_A"": 0.07871233579814765, ""name"": ""bfgs_standard"", ""start_geometry_sha256"": ""3dc422127ccd47b90d066b28764bd8c0ada9a17e50c7c324eae3be5b550316ad"", ""steps"": 62}]",78584e2d756f0c51c1716c5467c89f0c8cdee1e68b5e7edb74d00b216c3e6276,-4.683592368662353,3.0,step_4_H2O,10.0,0.0,True,6.09320571094751,0.675000000035,False,quantitative_screening,0,0,23551b275eeb363e3a5c,False,
"('MXene', 'Nb', 'CN', 1, 'S', 'Ni')",MXene,True,esen-sm-conserving-all-oc25:relax-v4:orr-che-v3,True,0.061519634249735056,35,150,0.08,converged,,bfgs_standard,"[{""ase_converged"": true, ""converged"": true, ""end_geometry_sha256"": ""2144362019fa72a50b882a648cd238a76847064cb67ab73f6449fee4a09de026"", ""failure_class"": null, ""max_force_eV_A"": 0.061519634249735056, ""name"": ""bfgs_standard"", ""start_geometry_sha256"": ""78b2be8eee7aae4eaeee33be07daa43e8508adc05179063aa37516f5fda77323"", ""steps"": 35}]",2144362019fa72a50b882a648cd238a76847064cb67ab73f6449fee4a09de026,-167.455649628963,True,0.07250998949404086,57.0,100.0,0.08,converged,,bfgs_standard,"[{""ase_converged"": true, ""converged"": true, ""end_geometry_sha256"": ""3c6fd6e05381362eedf95cbe6643b7992fdf95ede4acfaaef849dea0bb6099f4"", ""failure_class"": null, ""max_force_eV_A"": 0.07250998949404086, ""name"": ""bfgs_standard"", ""start_geometry_sha256"": ""4b4988024aae81cbb5d600b65b7cded723053fcbb072521988b9347a77a6a5a0"", ""steps"": 57}]",3c6fd6e05381362eedf95cbe6643b7992fdf95ede4acfaaef849dea0bb6099f4,-2.6091539238393304,True,0.06320166301344397,33.0,100.0,0.08,converged,,bfgs_standard,"[{""ase_converged"": true, ""converged"": true, ""end_geometry_sha256"": ""ca2d890650d9516dc0c97300bc790525047c535c4a811ec787dd1cc2c97fdf6c"", ""failure_class"": null, ""max_force_eV_A"": 0.06320166301344397, ""name"": ""bfgs_standard"", ""start_geometry_sha256"": ""0899fcde71a4cc23335453675fee486a02f5ac140ca288faedb487c1062a38a4"", ""steps"": 33}]",ca2d890650d9516dc0c97300bc790525047c535c4a811ec787dd1cc2c97fdf6c,-3.0992861621081795,True,0.07070237399304387,198.0,100.0,0.08,converged,,bfgs_after_fire,"[{""ase_converged"": false, ""converged"": false, ""end_geometry_sha256"": ""c54f4d64dfe5d6f10baf786257246a7d45b9d196338026374ba8a3d1df2c77c4"", ""failure_class"": ""force_threshold"", ""max_force_eV_A"": 2.4590284435001157, ""name"": ""bfgs_standard"", ""start_geometry_sha256"": ""d9dc893d3d879a503109ecff0f917d7a778aec2ad516caf5571c3bc2aa189897"", ""steps"": 100}, {""ase_converged"": false, ""converged"": false, ""end_geometry_sha256"": ""6434c780ed692e2c2f90cdcdecf1045b6eef643c5d01ec1c20e0199675ded29c"", ""failure_class"": ""force_threshold"", ""max_force_eV_A"": 1.5193186360690192, ""name"": ""fire_precondition"", ""qualifying"": false, ""start_geometry_sha256"": ""d9dc893d3d879a503109ecff0f917d7a778aec2ad516caf5571c3bc2aa189897"", ""steps"": 50}, {""ase_converged"": true, ""converged"": true, ""end_geometry_sha256"": ""4f7417a066205c90eedb09a25a249425ca87ef340e8fc8c0591c06a0073ad13f"", ""failure_class"": null, ""max_force_eV_A"": 0.07070237399304387, ""name"": ""bfgs_after_fire"", ""start_geometry_sha256"": ""6434c780ed692e2c2f90cdcdecf1045b6eef643c5d01ec1c20e0199675ded29c"", ""steps"": 48}]",4f7417a066205c90eedb09a25a249425ca87ef340e8fc8c0591c06a0073ad13f,-4.378847648203369,3.0,step_4_H2O,10.0,0.0,True,5.70844008594751,0.675000000035,False,quantitative_screening,2,2,b1ff5eecccf666b16cc9,False,
"('MXene', 'Nb', 'CN', 2, 'O', 'None')",MXene,True,esen-sm-conserving-all-oc25:relax-v4:orr-che-v3,True,0.07903004335527233,73,150,0.08,converged,,bfgs_standard,"[{""ase_converged"": true, ""converged"": true, ""end_geometry_sha256"": ""07d4716949f68da7f255ced21bbd23e02f3aa08504bc2ab095ed8dde40f6de89"", ""failure_class"": null, ""max_force_eV_A"": 0.07903004335527233, ""name"": ""bfgs_standard"", ""start_geometry_sha256"": ""5a9435cf2e4937568717867e3552e1a5e21ab14e89d4835a31083f12d07c24b3"", ""steps"": 73}]",07d4716949f68da7f255ced21bbd23e02f3aa08504bc2ab095ed8dde40f6de89,-287.7572678743459,True,0.06477675497387263,94.0,100.0,0.08,converged,,bfgs_standard,"[{""ase_converged"": true, ""converged"": true, ""end_geometry_sha256"": ""e94f6d7b67f33e5f52f37f1cb9e6f41d3afb946973b4d063262aa391274bc223"", ""failure_class"": null, ""max_force_eV_A"": 0.06477675497387263, ""name"": ""bfgs_standard"", ""start_geometry_sha256"": ""c8e37056eb725061d6098e7d44a883f7eda43d451d75d8d6ead93130c0148f64"", ""steps"": 94}]",e94f6d7b67f33e5f52f37f1cb9e6f41d3afb946973b4d063262aa391274bc223,-1.4913865898549556,True,0.06568837064297643,46.0,100.0,0.08,converged,,bfgs_standard,"[{""ase_converged"": true, ""converged"": true, ""end_geometry_sha256"": ""cc8a2e1cdd5926044a0eec0308aeed73e67926a3523cd603bc03512a23a55654"", ""failure_class"": null, ""max_force_eV_A"": 0.06568837064297643, ""name"": ""bfgs_standard"", ""start_geometry_sha256"": ""7d5af5d590b371ca20af4f3013d5eb1588bab5d89caebad2a0b07bec58f3782c"", ""steps"": 46}]",cc8a2e1cdd5926044a0eec0308aeed73e67926a3523cd603bc03512a23a55654,-2.4722987048328173,True,0.07732783663113557,220.0,100.0,0.08,converged,,bfgs_after_fire,"[{""ase_converged"": false, ""converged"": false, ""end_geometry_sha256"": ""14eeebf9e1d36a7a411b48e1619f422235c71225c8aa7c29603a3dd1bab1d400"", ""failure_class"": ""force_threshold"", ""max_force_eV_A"": 0.14997670791093445, ""name"": ""bfgs_standard"", ""start_geometry_sha256"": ""3ed2f22b9788ba0a9da21ce4b89e5262ef3db56318a12ae06a6d0d59c626318c"", ""steps"": 100}, {""ase_converged"": true, ""converged"": true, ""end_geometry_sha256"": ""96ddb7b24acf6be8f22d690d9990083f37645c907f00ee41f88efbab3558d54a"", ""failure_class"": null, ""max_force_eV_A"": 0.2147862996936759, ""name"": ""fire_precondition"", ""qualifying"": false, ""start_geometry_sha256"": ""3ed2f22b9788ba0a9da21ce4b89e5262ef3db56318a12ae06a6d0d59c626318c"", ""steps"": 39}, {""ase_converged"": true, ""converged"": true, ""end_geometry_sha256"": ""660ea4c41be3d1fa1c821912a38f3cdd25f427b2f316f2be47d93a4f0fd14298"", ""failure_class"": null, ""max_force_eV_A"": 0.07732783663113557, ""name"": ""bfgs_after_fire"", ""start_geometry_sha256"": ""96ddb7b24acf6be8f22d690d9990083f37645c907f00ee41f88efbab3558d54a"", ""steps"": 81}]",660ea4c41be3d1fa1c821912a38f3cdd25f427b2f316f2be47d93a4f0fd14298,-2.666567374765898,2.7203865898549555,step_4_H2O,10.0,0.0,True,3.9636852946877728,0.675000000035,False,quantitative_screening,1,1,50c8f690c2cacee4f97c,False,
"('MXene', 'Nb', 'CN', 2, 'bare', 'Pt')",MXene,True,esen-sm-conserving-all-oc25:relax-v4:orr-che-v3,True,0.06902309662856947,81,150,0.08,converged,,bfgs_standard,"[{""ase_converged"": true, ""converged"": true, ""end_geometry_sha256"": ""4f94d494c5d6069d575a886f1471b20af6db9430befda03cbba87f1dae276ae0"", ""failure_class"": null, ""max_force_eV_A"": 0.06902309662856947, ""name"": ""bfgs_standard"", ""start_geometry_sha256"": ""2faa6a1625e9cd017effd1aaa209077bc5b734219c84d145468fd170da32a030"", ""steps"": 81}]",4f94d494c5d6069d575a886f1471b20af6db9430befda03cbba87f1dae276ae0,-274.9358598909718,True,0.07925720775715021,65.0,100.0,0.08,converged,,bfgs_standard,"[{""ase_converged"": true, ""converged"": true, ""end_geometry_sha256"": ""978472e5c8ecb9e4cf1ed1d17f44b86663540199944b28f3212f1a94fc1a3f89"", ""failure_class"": null, ""max_force_eV_A"": 0.07925720775715021, ""name"": ""bfgs_standard"", ""start_geometry_sha256"": ""ea70aa80d53f417d33df470f2513e05c25b36da910916cddc322e9b0e283add1"", ""steps"": 65}]",978472e5c8ecb9e4cf1ed1d17f44b86663540199944b28f3212f1a94fc1a3f89,-1.3273469780385494,True,0.07256046942447662,253.0,100.0,0.08,converged,,bfgs_after_fire,"[{""ase_converged"": false, ""converged"": false, ""end_geometry_sha256"": ""a708b7c47a556b0ba8ac3a78d49886a3e1bbd256a547fbdfc58ef91385cc697a"", ""failure_class"": ""force_threshold"", ""max_force_eV_A"": 0.49093441894190626, ""name"": ""bfgs_standard"", ""start_geometry_sha256"": ""b211372493408774bae90ec985dadf815c4365dcf5ec8e7516294cb05c60ebd8"", ""steps"": 100}, {""ase_converged"": false, ""converged"": false, ""end_geometry_sha256"": ""573c018dfc12b504be3de4878089edcfb2eaf592ffeae031f5d9e80936526e5d"", ""failure_class"": ""force_threshold"", ""max_force_eV_A"": 0.9972044917147451, ""name"": ""fire_precondition"", ""qualifying"": false, ""start_geometry_sha256"": ""b211372493408774bae90ec985dadf815c4365dcf5ec8e7516294cb05c60ebd8"", ""steps"": 50}, {""ase_converged"": true, ""converged"": true, ""end_geometry_sha256"": ""e3222a680af23dc5eb734d7df1a2c61310d62eb9bc1c0d3405989efe0e7d0d18"", ""failure_class"": null, ""max_force_eV_A"": 0.07256046942447662, ""name"": ""bfgs_after_fire"", ""start_geometry_sha256"": ""573c018dfc12b504be3de4878089edcfb2eaf592ffeae031f5d9e80936526e5d"", ""steps"": 103}]",e3222a680af23dc5eb734d7df1a2c61310d62eb9bc1c0d3405989efe0e7d0d18,-3.7618876330554736,True,0.06764219612958479,59.0,100.0,0.08,converged,,bfgs_standard,"[{""ase_converged"": true, ""converged"": true, ""end_geometry_sha256"": ""716c75cd72735c9b3026e21046e5893d7a4c630fb9c3f9b2ffc7ea3008f61bf0"", ""failure_class"": null, ""max_force_eV_A"": 0.06764219612958479, ""name"": ""bfgs_standard"", ""start_geometry_sha256"": ""fe38f8fad3e6ca49c56a69ac29ca2c1254f662fc417be712c7a3e57213b0b5cd"", ""steps"": 59}]",716c75cd72735c9b3026e21046e5893d7a4c630fb9c3f9b2ffc7ea3008f61bf0,-3.924654532969023,3.0,step_3_OH,10.0,-2.0,True,5.089234611094023,0.675000000035,False,quantitative_screening,0,0,d12a9021f6c031ac473c,False,
"('MXene', 'Nb', 'CN', 3, 'mixed_OH_O', 'Co')",MXene,True,esen-sm-conserving-all-oc25:relax-v4:orr-che-v3,True,0.06464988167667704,89,150,0.08,converged,,bfgs_standard,"[{""ase_converged"": true, ""converged"": true, ""end_geometry_sha256"": ""bcd53519255c4c1b74ba00f388e3f2c9037c3416bf2cb264732bb912788e3509"", ""failure_class"": null, ""max_force_eV_A"": 0.06464988167667704, ""name"": ""bfgs_standard"", ""start_geometry_sha256"": ""7988c74a367e6245c0d72103ea22bdfbaeb8485f132cdcea5ed41eff1670d44b"", ""steps"": 89}]",bcd53519255c4c1b74ba00f388e3f2c9037c3416bf2cb264732bb912788e3509,-407.719461487383,True,0.07306433622882172,64.0,100.0,0.08,converged,,bfgs_standard,"[{""ase_converged"": true, ""converged"": true, ""end_geometry_sha256"": ""2add69de68990347a10994539b0bbbfb9fccb910ace7eaa48ad8d1e152dd5242"", ""failure_class"": null, ""max_force_eV_A"": 0.07306433622882172, ""name"": ""bfgs_standard"", ""start_geometry_sha256"": ""30c1aca448405710fe9dbbd6242557911e9e7c0528a8f492e5e12fca92d2742c"", ""steps"": 64}]",2add69de68990347a10994539b0bbbfb9fccb910ace7eaa48ad8d1e152dd5242,-1.0294534538686275,True,0.05686864471417291,26.0,100.0,0.08,converged,,bfgs_standard,"[{""ase_converged"": true, ""converged"": true, ""end_geometry_sha256"": ""d9ed417448049eea041ef7597bd2b52b3b30e2b8474d5273a4b717fa7186563d"", ""failure_class"": null, ""max_force_eV_A"": 0.05686864471417291, ""name"": ""bfgs_standard"", ""start_geometry_sha256"": ""c70119bbf271db307f9e143329d5f6b92bd1d970d794656e933df2f5da94088e"", ""steps"": 26}]",d9ed417448049eea041ef7597bd2b52b3b30e2b8474d5273a4b717fa7186563d,-1.720704161375729,True,0.07329391985085962,42.0,100.0,0.08,converged,,bfgs_standard,"[{""ase_converged"": true, ""converged"": true, ""end_geometry_sha256"": ""28d32c451cc70f4fe6e97cf69782d8015cb23f438e235738d280607859d2bb8d"", ""failure_class"": null, ""max_force_eV_A"": 0.07329391985085962, ""name"": ""bfgs_standard"", ""start_geometry_sha256"": ""917ead4debe414eb9e55c2a9e1de108a08e88506d2326f2148f4e1f694e119f9"", ""steps"": 42}]",28d32c451cc70f4fe6e97cf69782d8015cb23f438e235738d280607859d2bb8d,-2.3967500224709193,2.2584534538686274,step_4_H2O,9.0,0.0,True,2.7501576152443565,0.675000000035,False,quantitative_screening,2,2,14a8834f5fbf1930784c,False,
"('SAA', 'Ir', 'Cu', '211', 100)",SAA,True,esen-sm-conserving-all-oc25:relax-v4:orr-che-v3,True,0.0708584504764773,5,150,0.08,converged,,bfgs_standard,"[{""ase_converged"": true, ""converged"": true, ""end_geometry_sha256"": ""5aa039fb3eaf09dd490c95cea5bdfea405aa618ef8488f9a384f8e6b0a138a76"", ""failure_class"": null, ""max_force_eV_A"": 0.0708584504764773, ""name"": ""bfgs_standard"", ""start_geometry_sha256"": ""d1e5c9457cb10978d1522238052b9a344d6db77c02fcd0310abb3aee10a39b0b"", ""steps"": 5}]",5aa039fb3eaf09dd490c95cea5bdfea405aa618ef8488f9a384f8e6b0a138a76,-233.1485746506823,True,0.07611126144896178,29.0,100.0,0.08,converged,,bfgs_standard,"[{""ase_converged"": true, ""converged"": true, ""end_geometry_sha256"": ""7f64d4cec22aa91e62c0ce7923e1ff4c11d9c5e4a4c96b80a0a5f812d32fa6ee"", ""failure_class"": null, ""max_force_eV_A"": 0.07611126144896178, ""name"": ""bfgs_standard"", ""start_geometry_sha256"": ""9fc0a6e935a9fab94af068bd7eb579ca639eb222315f263fc00e6e9e3ae1377d"", ""steps"": 29}]",7f64d4cec22aa91e62c0ce7923e1ff4c11d9c5e4a4c96b80a0a5f812d32fa6ee,0.5210092689096928,True,0.06453154036657481,27.0,100.0,0.08,converged,,bfgs_standard,"[{""ase_converged"": true, ""converged"": true, ""end_geometry_sha256"": ""a1ba2aaece99671d016184f13806553ad6e299dd2d6b8ff9a59ae4603658fb20"", ""failure_class"": null, ""max_force_eV_A"": 0.06453154036657481, ""name"": ""bfgs_standard"", ""start_geometry_sha256"": ""4fb3a5730c18baff5ef21fe1f2a2af083d0e8833a116a070b365a9f272990239"", ""steps"": 27}]",a1ba2aaece99671d016184f13806553ad6e299dd2d6b8ff9a59ae4603658fb20,1.1663579113781488,True,0.07718377242929249,78.0,100.0,0.08,converged,,bfgs_standard,"[{""ase_converged"": true, ""converged"": true, ""end_geometry_sha256"": ""cfeeb51e0fb3e838b489fcc8f5d194e9ccb2968eb68af5a496740407dc71cc0d"", ""failure_class"": null, ""max_force_eV_A"": 0.07718377242929249, ""name"": ""bfgs_standard"", ""start_geometry_sha256"": ""2e00aeb37cfeb9b39d97bbaf85531ff6b74da362d6dbd4413eb248fbc384f51d"", ""steps"": 78}]",cfeeb51e0fb3e838b489fcc8f5d194e9ccb2968eb68af5a496740407dc71cc0d,1.5165895923972164,0.8787683189809326,step_2_O,8.0,-2.0,True,1.6873671802878416,0.902500000035,False,quantitative_screening,2,2,6fc1c99b23b2fae8ea89,False,
"('SAA', 'Ir', 'Ni', '100', 5000)",SAA,True,esen-sm-conserving-all-oc25:relax-v4:orr-che-v3,True,0.07470645779672284,1,150,0.08,converged,,bfgs_standard,"[{""ase_converged"": true, ""converged"": true, ""end_geometry_sha256"": ""e71db8af6063abf6456a17d36e8da5a220244daa5018f436cee7499a5706607b"", ""failure_class"": null, ""max_force_eV_A"": 0.07470645779672284, ""name"": ""bfgs_standard"", ""start_geometry_sha256"": ""0a88c3208810ab15f61b9e63a823d04a3ac561b83d7f3e1694437b6718bb82dd"", ""steps"": 1}]",e71db8af6063abf6456a17d36e8da5a220244daa5018f436cee7499a5706607b,-81.96829582895592,True,0.07267897482875232,19.0,100.0,0.08,converged,,bfgs_standard,"[{""ase_converged"": true, ""converged"": true, ""end_geometry_sha256"": ""fc8360228e926f7820a66a36292d0f4f0bf9e9076a95b7c54e201f603fb22ff1"", ""failure_class"": null, ""max_force_eV_A"": 0.07267897482875232, ""name"": ""bfgs_standard"", ""start_geometry_sha256"": ""c05f1b02a5193d3b995766dfb2dae0f5d785e972c1b160e93a09d623a002c7b3"", ""steps"": 19}]",fc8360228e926f7820a66a36292d0f4f0bf9e9076a95b7c54e201f603fb22ff1,0.37412816539406774,True,0.07766325719058484,19.0,100.0,0.08,converged,,bfgs_standard,"[{""ase_converged"": true, ""converged"": true, ""end_geometry_sha256"": ""500b76520abe5fb7a7e7fff2b404fbb3354d7c57081672deb798990b52946f27"", ""failure_class"": null, ""max_force_eV_A"": 0.07766325719058484, ""name"": ""bfgs_standard"", ""start_geometry_sha256"": ""5b9064ed039244fddea2bc8572dd95f6f3fbd518cbda8ae0839ccdefc052ce1d"", ""steps"": 19}]",500b76520abe5fb7a7e7fff2b404fbb3354d7c57081672deb798990b52946f27,0.2110742695629632,True,0.06845887404545867,44.0,100.0,0.08,converged,,bfgs_standard,"[{""ase_converged"": true, ""converged"": true, ""end_geometry_sha256"": ""7d7eadf78cd9e755be59be39ad8b8e6cf018cb64db5359bb7eb0bd38272d1122"", ""failure_class"": null, ""max_force_eV_A"": 0.06845887404545867, ""name"": ""bfgs_standard"", ""start_geometry_sha256"": ""ed11bf5b742b8ea372c3983efcd5f1f98d41918579b5572c897b20a39903e8d5"", ""steps"": 44}]",7d7eadf78cd9e755be59be39ad8b8e6cf018cb64db5359bb7eb0bd38272d1122,0.5122022137045896,1.3920538958311046,step_3_OH,10.0,-2.0,True,0.585202434957031,0.902500000035,False,quantitative_screening,1,1,00af1d4333a1c62cd517,False,
"('SAA', 'Ir', 'Ni', '211', 1000)",SAA,True,esen-sm-conserving-all-oc25:relax-v4:orr-che-v3,True,0.07382386777708594,4,150,0.08,converged,,bfgs_standard,"[{""ase_converged"": true, ""converged"": true, ""end_geometry_sha256"": ""ff9f625e095dae9b901069ee90c10573dc5bf694a40873f43903b01ebd8e4cae"", ""failure_class"": null, ""max_force_eV_A"": 0.07382386777708594, ""name"": ""bfgs_standard"", ""start_geometry_sha256"": ""e0c75deb43c153460e0535df7cbe8fa5c56b95a93556641c299a664cbc2c99c9"", ""steps"": 4}]",ff9f625e095dae9b901069ee90c10573dc5bf694a40873f43903b01ebd8e4cae,-184.18714145008883,True,0.04602656920678696,163.0,100.0,0.08,converged,,bfgs_after_fire,"[{""ase_converged"": false, ""converged"": false, ""end_geometry_sha256"": ""fe577d4c8585f0fa7145b48af2042c0610f330bec0416970a47ba75ef18f1f8a"", ""failure_class"": ""force_threshold"", ""max_force_eV_A"": 0.2912877600969732, ""name"": ""bfgs_standard"", ""start_geometry_sha256"": ""d74bdd089dfacb3412e01218da3fb0b71d55c3914956c3b1685fd1a14bed8491"", ""steps"": 100}, {""ase_converged"": false, ""converged"": false, ""end_geometry_sha256"": ""19a6691303561da4738cb3111f5c78ed54cf865627ea723654eb3a590e803455"", ""failure_class"": ""force_threshold"", ""max_force_eV_A"": 1.0026227235821443, ""name"": ""fire_precondition"", ""qualifying"": false, ""start_geometry_sha256"": ""d74bdd089dfacb3412e01218da3fb0b71d55c3914956c3b1685fd1a14bed8491"", ""steps"": 50}, {""ase_converged"": true, ""converged"": true, ""end_geometry_sha256"": ""8607d528b036f17eeb65163a422f596f9b6c21a68672f0f84afb574e70da59cd"", ""failure_class"": null, ""max_force_eV_A"": 0.04602656920678696, ""name"": ""bfgs_after_fire"", ""start_geometry_sha256"": ""19a6691303561da4738cb3111f5c78ed54cf865627ea723654eb3a590e803455"", ""steps"": 13}]",8607d528b036f17eeb65163a422f596f9b6c21a68672f0f84afb574e70da59cd,0.20916444316506383,True,0.0675147424033757,28.0,100.0,0.08,converged,,bfgs_standard,"[{""ase_converged"": true, ""converged"": true, ""end_geometry_sha256"": ""4e74dbda4d7793b4501500242c6188069bcd92e2daffce241729bffbb49e2d2f"", ""failure_class"": null, ""max_force_eV_A"": 0.0675147424033757, ""name"": ""bfgs_standard"", ""start_geometry_sha256"": ""7e670818a37d247a8ce2c823a18ffd68d7c2ebc054c90f7f3bc10e625ba2fc64"", ""steps"": 28}]",4e74dbda4d7793b4501500242c6188069bcd92e2daffce241729bffbb49e2d2f,0.12254611328244565,True,0.06862873576997101,306.0,100.0,0.08,converged,,bfgs_after_fire,"[{""ase_converged"": false, ""converged"": false, ""end_geometry_sha256"": ""f742ebe3f2d0ebb95c32bcbfcc4378d22b58b6a5d3be6cff0055c4abf764d8ad"", ""failure_class"": ""force_threshold"", ""max_force_eV_A"": 0.3511060701846442, ""name"": ""bfgs_standard"", ""start_geometry_sha256"": ""de98d126b8c34d6fb31ee2b1d127e78a4db968d2532d26947c85d6b8e9f619d4"", ""steps"": 100}, {""ase_converged"": false, ""converged"": false, ""end_geometry_sha256"": ""5ce5cc4472066145020c73c80eaab1e0948fe232b2e1193360cd5228c83e04d0"", ""failure_class"": ""force_threshold"", ""max_force_eV_A"": 1.0656421917345273, ""name"": ""fire_precondition"", ""qualifying"": false, ""start_geometry_sha256"": ""de98d126b8c34d6fb31ee2b1d127e78a4db968d2532d26947c85d6b8e9f619d4"", ""steps"": 50}, {""ase_converged"": true, ""converged"": true, ""end_geometry_sha256"": ""bc6752615bdac419ddaef582a4a80b9b8b339c5e2b831f0662873819b78b160a"", ""failure_class"": null, ""max_force_eV_A"": 0.06862873576997101, ""name"": ""bfgs_after_fire"", ""start_geometry_sha256"": ""5ce5cc4472066145020c73c80eaab1e0948fe232b2e1193360cd5228c83e04d0"", ""steps"": 156}]",bc6752615bdac419ddaef582a4a80b9b8b339c5e2b831f0662873819b78b160a,0.1578483089804685,1.3156183298826183,step_3_OH,10.0,-2.0,True,0.33171055644750946,0.902500000035,False,quantitative_screening,0,0,72234c886a277fe2c616,False,
"('SAA', 'Ir', 'Ni', '211', 10000)",SAA,True,esen-sm-conserving-all-oc25:relax-v4:orr-che-v3,True,0.0787296493022101,5,150,0.08,converged,,bfgs_standard,"[{""ase_converged"": true, ""converged"": true, ""end_geometry_sha256"": ""6fff6d86d6a63d39d40d3d6d4e55e7749196d35c18d59724dee5c849d431c3cb"", ""failure_class"": null, ""max_force_eV_A"": 0.0787296493022101, ""name"": ""bfgs_standard"", ""start_geometry_sha256"": ""ea90787ba1e7ec72b9f583f447201dc40ae98bd423dabee3fdeefbcc81d1fd9c"", ""steps"": 5}]",6fff6d86d6a63d39d40d3d6d4e55e7749196d35c18d59724dee5c849d431c3cb,-83.92009402956322,True,0.07017035078831643,49.0,100.0,0.08,converged,,bfgs_standard,"[{""ase_converged"": true, ""converged"": true, ""end_geometry_sha256"": ""964ecdc04adf9be4fcb6757a713c59dc40b4dd2460a6bdbb4f275abd79b2a588"", ""failure_class"": null, ""max_force_eV_A"": 0.07017035078831643, ""name"": ""bfgs_standard"", ""start_geometry_sha256"": ""8e6613c49c1200e980641513bc227e5d619a17877002a9afc184905bc4ce9f1e"", ""steps"": 49}]",964ecdc04adf9be4fcb6757a713c59dc40b4dd2460a6bdbb4f275abd79b2a588,2.4964085246622565,True,0.06517942526871741,47.0,100.0,0.08,converged,,bfgs_standard,"[{""ase_converged"": true, ""converged"": true, ""end_geometry_sha256"": ""36ea7ba790f965be21f19b0ca03d18aa644ab86d870151b1a4a10be0d4030ce1"", ""failure_class"": null, ""max_force_eV_A"": 0.06517942526871741, ""name"": ""bfgs_standard"", ""start_geometry_sha256"": ""e946e64cbdde05674771f0ffd0f26a84db1bd74932ec4fc4771b784eb1d0525b"", ""steps"": 47}]",36ea7ba790f965be21f19b0ca03d18aa644ab86d870151b1a4a10be0d4030ce1,2.6810995705425773,True,0.07235677222187342,210.0,100.0,0.08,converged,,bfgs_after_fire,"[{""ase_converged"": false, ""converged"": false, ""end_geometry_sha256"": ""bd2aa2396e66e26b11a366c54a216ee3a2af87824377b0bb661f29c782bd11e6"", ""failure_class"": ""force_threshold"", ""max_force_eV_A"": 0.26781904531312767, ""name"": ""bfgs_standard"", ""start_geometry_sha256"": ""8e151469f7e287bebf53ebc14dbaac1897df95a0f02dbb92da906d2b899cdd68"", ""steps"": 100}, {""ase_converged"": false, ""converged"": false, ""end_geometry_sha256"": ""d5b507c55864cb46790e636c910635bba49e29492b02dc1e9f13c9c6c38060af"", ""failure_class"": ""force_threshold"", ""max_force_eV_A"": 1.4446629934445991, ""name"": ""fire_precondition"", ""qualifying"": false, ""start_geometry_sha256"": ""8e151469f7e287bebf53ebc14dbaac1897df95a0f02dbb92da906d2b899cdd68"", ""steps"": 50}, {""ase_converged"": true, ""converged"": true, ""end_geometry_sha256"": ""1b992662605c3c885e7a96164310e622e26cce3b116d403c0b3736da4d64e8d6"", ""failure_class"": null, ""max_force_eV_A"": 0.07235677222187342, ""name"": ""bfgs_after_fire"", ""start_geometry_sha256"": ""d5b507c55864cb46790e636c910635bba49e29492b02dc1e9f13c9c6c38060af"", ""steps"": 60}]",1b992662605c3c885e7a96164310e622e26cce3b116d403c0b3736da4d64e8d6,2.0180522903800044,1.892047280162573,step_2_O,10.0,-2.0,True,5.177508095204834,0.902500000035,False,quantitative_screening,1,1,274178bf3561ede52c7f,False,
"('SAA', 'Ir', 'Co', '110', 100)",SAA,False,esen-sm-conserving-all-oc25:relax-v4:orr-che-v3,True,0.06574013812670518,37,150,0.08,converged,,bfgs_standard,"[{""ase_converged"": true, ""converged"": true, ""end_geometry_sha256"": ""882a08d02c09e0f672e159bc67b75600c8138b04041e90db781ed19d9ca0cf5a"", ""failure_class"": null, ""max_force_eV_A"": 0.06574013812670518, ""name"": ""bfgs_standard"", ""start_geometry_sha256"": ""cc1356a9241235ee583c8ff733cf3d301c9fe9fc6b5d0b618ca7ca0c6058edbe"", ""steps"": 37}]",882a08d02c09e0f672e159bc67b75600c8138b04041e90db781ed19d9ca0cf5a,-373.17274959072574,True,0.0709744008803826,55.0,100.0,0.08,converged,,bfgs_standard,"[{""ase_converged"": true, ""converged"": true, ""end_geometry_sha256"": ""71ea7d524260f8a1b0d987f260001bce0fe21fb297ffa7c4e62ebed6a8c891c3"", ""failure_class"": null, ""max_force_eV_A"": 0.0709744008803826, ""name"": ""bfgs_standard"", ""start_geometry_sha256"": ""b552233e7c521d4349f2a229100f43023e5ba8211856b191021f158c6657c240"", ""steps"": 55}]",71ea7d524260f8a1b0d987f260001bce0fe21fb297ffa7c4e62ebed6a8c891c3,0.08561688914895055,True,0.056757540913113545,45.0,100.0,0.08,converged,,bfgs_standard,"[{""ase_converged"": true, ""converged"": true, ""end_geometry_sha256"": ""65436217f16d4a0ed4d310f2be79e115237105071eb8e57473cf3823274845b0"", ""failure_class"": null, ""max_force_eV_A"": 0.056757540913113545, ""name"": ""bfgs_standard"", ""start_geometry_sha256"": ""041dcf24193f1cb642b0eaffde9aad94cc2d1e458422c2a5609ee565a7041ce6"", ""steps"": 45}]",65436217f16d4a0ed4d310f2be79e115237105071eb8e57473cf3823274845b0,0.3963154919445266,False,9.014539275389279,650.0,100.0,0.08,recovery_exhausted,force_threshold,fire_small_step,"[{""ase_converged"": false, ""converged"": false, ""end_geometry_sha256"": ""b4dfe599ddd0bee152fb8d48886811b894280f499bff604cb77ccda8ceec2eac"", ""failure_class"": ""force_threshold"", ""max_force_eV_A"": 75.27093030218423, ""name"": ""bfgs_standard"", ""start_geometry_sha256"": ""0bc27f161099e883b777027663c696df08eec963c0379cb757063d966e23ab08"", ""steps"": 100}, {""ase_converged"": false, ""converged"": false, ""end_geometry_sha256"": ""ab7fdfae1e7ceeb0383c515b7030b820186fde2b1de1414833da8178b00f9d24"", ""failure_class"": ""force_threshold"", ""max_force_eV_A"": 24.017123518621386, ""name"": ""fire_precondition"", ""qualifying"": false, ""start_geometry_sha256"": ""0bc27f161099e883b777027663c696df08eec963c0379cb757063d966e23ab08"", ""steps"": 50}, {""ase_converged"": false, ""converged"": false, ""end_geometry_sha256"": ""f4720560c391d28d5228932aa2b5fe3b67c4d6ecac04eb620ed79acc15ea7494"", ""failure_class"": ""force_threshold"", ""max_force_eV_A"": 9.114244547106974, ""name"": ""bfgs_after_fire"", ""start_geometry_sha256"": ""ab7fdfae1e7ceeb0383c515b7030b820186fde2b1de1414833da8178b00f9d24"", ""steps"": 200}, {""ase_converged"": false, ""converged"": false, ""end_geometry_sha256"": ""0cd7888fe74182fe1950fa846236bcb4cffd76426e78ff757214b145e8d917a8"", ""failure_class"": ""force_threshold"", ""max_force_eV_A"": 9.014539275389279, ""name"": ""fire_small_step"", ""start_geometry_sha256"": ""f4720560c391d28d5228932aa2b5fe3b67c4d6ecac04eb620ed79acc15ea7494"", ""steps"": 300}]",0cd7888fe74182fe1950fa846236bcb4cffd76426e78ff757214b145e8d917a8,,,,,,,,,True,validation_required,2,2,5f76e36eb1563b3b18cc,False,Unconverged ooh relaxation: max_force=9.01454 eV/A after 650 cumulative recovery steps
"('SAA', 'Ir', 'Co', '211', 5000)",SAA,True,esen-sm-conserving-all-oc25:relax-v4:orr-che-v3,True,0.0688586422011349,56,150,0.08,converged,,bfgs_standard,"[{""ase_converged"": true, ""converged"": true, ""end_geometry_sha256"": ""7cc9685344c09c264db73dfdf0afd46e5ac688c9731ca6bb254d9a7854c083c6"", ""failure_class"": null, ""max_force_eV_A"": 0.0688586422011349, ""name"": ""bfgs_standard"", ""start_geometry_sha256"": ""1ce0b8f37107df72f91a66dced70a01b5abdf5e6b9493684ec0b7d2036eb8fc3"", ""steps"": 56}]",7cc9685344c09c264db73dfdf0afd46e5ac688c9731ca6bb254d9a7854c083c6,16.800638541438772,True,0.07878349390552371,45.0,100.0,0.08,converged,,bfgs_standard,"[{""ase_converged"": true, ""converged"": true, ""end_geometry_sha256"": ""08f6e1ccf11ddd81e4966c92752c628530c9138569d0d26d7502caaf88543e42"", ""failure_class"": null, ""max_force_eV_A"": 0.07878349390552371, ""name"": ""bfgs_standard"", ""start_geometry_sha256"": ""69d2eb09ac1a0cb2005649256376ebeabaa810874a9341cdb0fae43d966149c1"", ""steps"": 45}]",08f6e1ccf11ddd81e4966c92752c628530c9138569d0d26d7502caaf88543e42,0.7753141547739506,True,0.07012725670177154,30.0,100.0,0.08,converged,,bfgs_standard,"[{""ase_converged"": true, ""converged"": true, ""end_geometry_sha256"": ""4e59b4486f5aa5e5a13bca011f3838136d50b64080f7d725fb1ebe84b0598a51"", ""failure_class"": null, ""max_force_eV_A"": 0.07012725670177154, ""name"": ""bfgs_standard"", ""start_geometry_sha256"": ""1bf132098a298e18aa0503776eacb1e61a5f328c94c14fb4759309617b39fa15"", ""steps"": 30}]",4e59b4486f5aa5e5a13bca011f3838136d50b64080f7d725fb1ebe84b0598a51,0.5717572338879144,True,0.07631900036183159,88.0,100.0,0.08,converged,,bfgs_standard,"[{""ase_converged"": true, ""converged"": true, ""end_geometry_sha256"": ""c24514455098c5839d1827774552dbfe95b9b34a9fd34484263de6d75153ce4b"", ""failure_class"": null, ""max_force_eV_A"": 0.07631900036183159, ""name"": ""bfgs_standard"", ""start_geometry_sha256"": ""364766831372d2cf12ce52852858adf030e136e0345e5f957ec5968441b7efb3"", ""steps"": 88}]",c24514455098c5839d1827774552dbfe95b9b34a9fd34484263de6d75153ce4b,1.5506147846579585,1.4325569208860363,step_3_OH,9.0,-2.0,True,1.347071388661865,0.902500000035,False,quantitative_screening,1,1,5162eab9c672977b2d75,False,
"('SAA', 'Ir', 'Fe', '111', 1000)",SAA,False,esen-sm-conserving-all-oc25:relax-v4:orr-che-v3,True,0.07696087523211718,30,150,0.08,converged,,bfgs_standard,"[{""ase_converged"": true, ""converged"": true, ""end_geometry_sha256"": ""8ad8ad7992d616e71ea2c25895b6f15684ee9e096f3dde23d3c46983b09e47b8"", ""failure_class"": null, ""max_force_eV_A"": 0.07696087523211718, ""name"": ""bfgs_standard"", ""start_geometry_sha256"": ""8a17a3781a5dfa894b46d8d2744ad21c6339740b5d426eb05e5057fcd542d555"", ""steps"": 30}]",8ad8ad7992d616e71ea2c25895b6f15684ee9e096f3dde23d3c46983b09e47b8,-185.03043772221002,True,0.06622711116851954,373.0,100.0,0.08,converged,,fire_small_step,"[{""ase_converged"": false, ""converged"": false, ""end_geometry_sha256"": ""9754fa63474487de661928ed8c49a2250a762e7e9a1aff9a0b36bae219a41721"", ""failure_class"": ""force_threshold"", ""max_force_eV_A"": 0.5640669887732319, ""name"": ""bfgs_standard"", ""start_geometry_sha256"": ""886f95580f3ef41b79def3d31a8573d2254f9845c8f33c2e75cd62087905b2cc"", ""steps"": 100}, {""ase_converged"": false, ""converged"": false, ""end_geometry_sha256"": ""e96ae7b24bc9aeb03c7ef289b7a20f94285f4401fbbba03ff382abe0c2e93292"", ""failure_class"": ""force_threshold"", ""max_force_eV_A"": 1.7210156186475671, ""name"": ""fire_precondition"", ""qualifying"": false, ""start_geometry_sha256"": ""886f95580f3ef41b79def3d31a8573d2254f9845c8f33c2e75cd62087905b2cc"", ""steps"": 50}, {""ase_converged"": false, ""converged"": false, ""end_geometry_sha256"": ""756ac8601f7f7b65da5c27aa94b1134e73f6fc40a89383accbb2ce95ed517620"", ""failure_class"": ""force_threshold"", ""max_force_eV_A"": 0.1720483043089492, ""name"": ""bfgs_after_fire"", ""start_geometry_sha256"": ""e96ae7b24bc9aeb03c7ef289b7a20f94285f4401fbbba03ff382abe0c2e93292"", ""steps"": 200}, {""ase_converged"": true, ""converged"": true, ""end_geometry_sha256"": ""ee5a4c959b29d81b339ea847a08b4436e66c78170ec7cc14a02174df32ac99d2"", ""failure_class"": null, ""max_force_eV_A"": 0.06622711116851954, ""name"": ""fire_small_step"", ""start_geometry_sha256"": ""756ac8601f7f7b65da5c27aa94b1134e73f6fc40a89383accbb2ce95ed517620"", ""steps"": 23}]",ee5a4c959b29d81b339ea847a08b4436e66c78170ec7cc14a02174df32ac99d2,-4.127060112804232,True,0.05133213941937102,100.0,100.0,0.08,converged,,bfgs_standard,"[{""ase_converged"": true, ""converged"": true, ""end_geometry_sha256"": ""cae51de0d7ab4c76191106c399ca175ec01830f40457794eaee504b044881138"", ""failure_class"": null, ""max_force_eV_A"": 0.05133213941937102, ""name"": ""bfgs_standard"", ""start_geometry_sha256"": ""8f31ce5287d5769d8eacbb56a65284e4424f7e064bc28062d05361c96697300c"", ""steps"": 100}]",cae51de0d7ab4c76191106c399ca175ec01830f40457794eaee504b044881138,-3.7485094897449267,False,0.10511214971474206,650.0,100.0,0.08,recovery_exhausted,force_threshold,fire_small_step,"[{""ase_converged"": false, ""converged"": false, ""end_geometry_sha256"": ""b5a0fbf5c0230cc129b2d8d9f33d763cbd2462fab64c8ea0a82beb23996de12b"", ""failure_class"": ""force_threshold"", ""max_force_eV_A"": 1.8661039806192736, ""name"": ""bfgs_standard"", ""start_geometry_sha256"": ""f0f41d1287ac0b2f4a2922fc72ff2ea461ea66001c75d277fbb0a87ec733ffbf"", ""steps"": 100}, {""ase_converged"": false, ""converged"": false, ""end_geometry_sha256"": ""2d83d2f59a79f772fb7b660ab015677341a8b615b1e1dec5d5d3df4bd1a0d15d"", ""failure_class"": ""force_threshold"", ""max_force_eV_A"": 36.65594337251003, ""name"": ""fire_precondition"", ""qualifying"": false, ""start_geometry_sha256"": ""f0f41d1287ac0b2f4a2922fc72ff2ea461ea66001c75d277fbb0a87ec733ffbf"", ""steps"": 50}, {""ase_converged"": false, ""converged"": false, ""end_geometry_sha256"": ""caf42a554dd62bfe90d0e8db7b4c60c9f13cd4f9ec64fe6e07c1f95f1e70e1f1"", ""failure_class"": ""force_threshold"", ""max_force_eV_A"": 0.14112417946716535, ""name"": ""bfgs_after_fire"", ""start_geometry_sha256"": ""2d83d2f59a79f772fb7b660ab015677341a8b615b1e1dec5d5d3df4bd1a0d15d"", ""steps"": 200}, {""ase_converged"": false, ""converged"": false, ""end_geometry_sha256"": ""82a5832bd713fd98424114f20727bf660e692d3b27a70eb3f28a501872302011"", ""failure_class"": ""force_threshold"", ""max_force_eV_A"": 0.10511214971474206, ""name"": ""fire_small_step"", ""start_geometry_sha256"": ""caf42a554dd62bfe90d0e8db7b4c60c9f13cd4f9ec64fe6e07c1f95f1e70e1f1"", ""steps"": 300}]",82a5832bd713fd98424114f20727bf660e692d3b27a70eb3f28a501872302011,,,,,,,,,True,validation_required,0,0,fbe607bd0c6c4d74a4c1,False,Unconverged ooh relaxation: max_force=0.105112 eV/A after 650 cumulative recovery steps
"('SAA', 'Ir', 'Fe', '110', 2000)",SAA,True,esen-sm-conserving-all-oc25:relax-v4:orr-che-v3,True,0.05268805811479209,41,150,0.08,converged,,bfgs_standard,"[{""ase_converged"": true, ""converged"": true, ""end_geometry_sha256"": ""09cb216401b3929624cf9dff66be1e8de3fa6ba9547e7dbd77cfe49729dd338c"", ""failure_class"": null, ""max_force_eV_A"": 0.05268805811479209, ""name"": ""bfgs_standard"", ""start_geometry_sha256"": ""ba3ec5253ef7fa245e2c8110dcfff8274745dd5b92cb17e42c8eacc66dcef533"", ""steps"": 41}]",09cb216401b3929624cf9dff66be1e8de3fa6ba9547e7dbd77cfe49729dd338c,-114.66777638919163,True,0.05491212345964312,89.0,100.0,0.08,converged,,bfgs_standard,"[{""ase_converged"": true, ""converged"": true, ""end_geometry_sha256"": ""af9ef191f5c31021915c03f4e3fa792b83ac7f069718d266d4f4306445630346"", ""failure_class"": null, ""max_force_eV_A"": 0.05491212345964312, ""name"": ""bfgs_standard"", ""start_geometry_sha256"": ""80f0b38f1d76ae5922e7a210e0bf9da8d6a0b92cf8af163180846ed4c33cdff6"", ""steps"": 89}]",af9ef191f5c31021915c03f4e3fa792b83ac7f069718d266d4f4306445630346,-2.694650230258703,True,0.0758105380278565,207.0,100.0,0.08,converged,,bfgs_after_fire,"[{""ase_converged"": false, ""converged"": false, ""end_geometry_sha256"": ""fcd0b59a2b828d8530556616c603af0f31c57d5bd7de77a6c7890986a898b7d9"", ""failure_class"": ""force_threshold"", ""max_force_eV_A"": 0.31019140685672375, ""name"": ""bfgs_standard"", ""start_geometry_sha256"": ""f93b24a477d06af66bdf71c7d670ac41a36713c3dea0f67b7f1175656ad524e8"", ""steps"": 100}, {""ase_converged"": false, ""converged"": false, ""end_geometry_sha256"": ""9f2fdfb228bdac2b48916c213ee40cc6b34cc4afef8e5fdbcb46f1b877c8e903"", ""failure_class"": ""force_threshold"", ""max_force_eV_A"": 0.903698512498731, ""name"": ""fire_precondition"", ""qualifying"": false, ""start_geometry_sha256"": ""f93b24a477d06af66bdf71c7d670ac41a36713c3dea0f67b7f1175656ad524e8"", ""steps"": 50}, {""ase_converged"": true, ""converged"": true, ""end_geometry_sha256"": ""12491baf54465672c6fb21d5c53182927c4903b0bfaff626f1a0466893bbeb9d"", ""failure_class"": null, ""max_force_eV_A"": 0.0758105380278565, ""name"": ""bfgs_after_fire"", ""start_geometry_sha256"": ""9f2fdfb228bdac2b48916c213ee40cc6b34cc4afef8e5fdbcb46f1b877c8e903"", ""steps"": 57}]",12491baf54465672c6fb21d5c53182927c4903b0bfaff626f1a0466893bbeb9d,-2.3844633929431405,True,0.04988139360946464,203.0,100.0,0.08,converged,,bfgs_after_fire,"[{""ase_converged"": false, ""converged"": false, ""end_geometry_sha256"": ""cc343023c26cfffcfcc64896672d5a8dcab8af6259f2bd12b3ff2f59052ac8d5"", ""failure_class"": ""force_threshold"", ""max_force_eV_A"": 0.3917625351360194, ""name"": ""bfgs_standard"", ""start_geometry_sha256"": ""4774a143db86cd29721eac493c62d23af3c761d164e657f034aa4e128250f5ce"", ""steps"": 100}, {""ase_converged"": false, ""converged"": false, ""end_geometry_sha256"": ""4ec6f2ca5bea2b8139b0288300b52b83e14eab8e8dcf4e3dee87caa9ab2cef86"", ""failure_class"": ""force_threshold"", ""max_force_eV_A"": 16.302629078565754, ""name"": ""fire_precondition"", ""qualifying"": false, ""start_geometry_sha256"": ""4774a143db86cd29721eac493c62d23af3c761d164e657f034aa4e128250f5ce"", ""steps"": 50}, {""ase_converged"": true, ""converged"": true, ""end_geometry_sha256"": ""a4d587107531ebd1f20c8a818a0a24f932089cbf26a4457e18ea79c7c19eb4f1"", ""failure_class"": null, ""max_force_eV_A"": 0.04988139360946464, ""name"": ""bfgs_after_fire"", ""start_geometry_sha256"": ""4ec6f2ca5bea2b8139b0288300b52b83e14eab8e8dcf4e3dee87caa9ab2cef86"", ""steps"": 53}]",a4d587107531ebd1f20c8a818a0a24f932089cbf26a4457e18ea79c7c19eb4f1,8.223602722585206,3.0,step_1_OOH,7.0,-0.24949160514865332,True,5.0791136232018435,0.902500000035,False,quantitative_screening,1,1,24809c4c4b1bcfe5f1bd,False,
"('SAA', 'Ir', 'Ag', '111', 5000)",SAA,True,esen-sm-conserving-all-oc25:relax-v4:orr-che-v3,True,0.07442189425536123,12,150,0.08,converged,,bfgs_standard,"[{""ase_converged"": true, ""converged"": true, ""end_geometry_sha256"": ""1396394b860e1ab141d76314dfb3ac1a5a2f4d9620c53ae9af5373f25b478f5a"", ""failure_class"": null, ""max_force_eV_A"": 0.07442189425536123, ""name"": ""bfgs_standard"", ""start_geometry_sha256"": ""27398f33f108362b594ae196e51c931adfcdedcf327d91e51f0284b8750d14ca"", ""steps"": 12}]",1396394b860e1ab141d76314dfb3ac1a5a2f4d9620c53ae9af5373f25b478f5a,-46.42576104398029,True,0.055846578705633726,27.0,100.0,0.08,converged,,bfgs_standard,"[{""ase_converged"": true, ""converged"": true, ""end_geometry_sha256"": ""39c545104a6389bb9456dfa310ce91dd77f707df3983970571a5d38bffd64532"", ""failure_class"": null, ""max_force_eV_A"": 0.055846578705633726, ""name"": ""bfgs_standard"", ""start_geometry_sha256"": ""21c120eadc446e044c8562340801cfdfb698de3e48ddb28ba42cf416add5b7aa"", ""steps"": 27}]",39c545104a6389bb9456dfa310ce91dd77f707df3983970571a5d38bffd64532,4.4356245721876615,True,0.037410503574484305,16.0,100.0,0.08,converged,,bfgs_standard,"[{""ase_converged"": true, ""converged"": true, ""end_geometry_sha256"": ""3977fb7650cf360a41ff5ff0fdb4de043b7e2b2e7ae58938eae45d03218c2107"", ""failure_class"": null, ""max_force_eV_A"": 0.037410503574484305, ""name"": ""bfgs_standard"", ""start_geometry_sha256"": ""eebec91def64c5f16407dbf3f8007c1291220a3d2e6ccf6656578be5777bf782"", ""steps"": 16}]",3977fb7650cf360a41ff5ff0fdb4de043b7e2b2e7ae58938eae45d03218c2107,3.4117264516651664,True,0.07175925377633262,227.0,100.0,0.08,converged,,bfgs_after_fire,"[{""ase_converged"": false, ""converged"": false, ""end_geometry_sha256"": ""ee6df377d03d3a4dd5750a445403d0c31c82d46a68f44c9464ed6cda2effa835"", ""failure_class"": ""force_threshold"", ""max_force_eV_A"": 0.26860281225200505, ""name"": ""bfgs_standard"", ""start_geometry_sha256"": ""5d555e5f36786c83ab33d606a14573239603884d78c5d124a24a732f78900f65"", ""steps"": 100}, {""ase_converged"": false, ""converged"": false, ""end_geometry_sha256"": ""2898ebaa888fbc425e87ad05020568ee4a546858b1626345c2140d356ea8180a"", ""failure_class"": ""force_threshold"", ""max_force_eV_A"": 1.5147736474688687, ""name"": ""fire_precondition"", ""qualifying"": false, ""start_geometry_sha256"": ""5d555e5f36786c83ab33d606a14573239603884d78c5d124a24a732f78900f65"", ""steps"": 50}, {""ase_converged"": true, ""converged"": true, ""end_geometry_sha256"": ""a638623f4cd73847c13abea6ffca2d670f236a0964d64d32dfe4b8e82e8de39c"", ""failure_class"": null, ""max_force_eV_A"": 0.07175925377633262, ""name"": ""bfgs_after_fire"", ""start_geometry_sha256"": ""2898ebaa888fbc425e87ad05020568ee4a546858b1626345c2140d356ea8180a"", ""steps"": 77}]",a638623f4cd73847c13abea6ffca2d670f236a0964d64d32dfe4b8e82e8de39c,3.361411462724212,2.252898120522495,step_3_OH,10.0,-2.0,True,7.847351023852828,0.902500000035,False,quantitative_screening,2,2,d23fdb39438db0d1ef11,False,
"('SAA', 'Ir', 'Ag', '110', 10000)",SAA,True,esen-sm-conserving-all-oc25:relax-v4:orr-che-v3,True,0.07318148518912723,50,150,0.08,converged,,bfgs_standard,"[{""ase_converged"": true, ""converged"": true, ""end_geometry_sha256"": ""fead96c6cd29fe9875a2e60f3d79aaf5cb83ebdad31b392a23eab15c30278675"", ""failure_class"": null, ""max_force_eV_A"": 0.07318148518912723, ""name"": ""bfgs_standard"", ""start_geometry_sha256"": ""d122ec031181d279d204e1b59cb550d9b29192ef3bcd9e993b132d07f7097614"", ""steps"": 50}]",fead96c6cd29fe9875a2e60f3d79aaf5cb83ebdad31b392a23eab15c30278675,-47.35213881726519,True,0.07280605415650256,219.0,100.0,0.08,converged,,bfgs_after_fire,"[{""ase_converged"": false, ""converged"": false, ""end_geometry_sha256"": ""56b08c1353fa48af3f7e71282755715a70d068460ba65743d3bfa7508fc59e4d"", ""failure_class"": ""force_threshold"", ""max_force_eV_A"": 0.3772294601095277, ""name"": ""bfgs_standard"", ""start_geometry_sha256"": ""cba3a44772a364d565d6a6a207886792c690cec53a6825e92cb4b4b54a3f7ce1"", ""steps"": 100}, {""ase_converged"": true, ""converged"": true, ""end_geometry_sha256"": ""8d055a9a642751656b459f6f1661afa0860ac33fa33ad4ec8b678d78f709ef5c"", ""failure_class"": null, ""max_force_eV_A"": 0.20011502119041455, ""name"": ""fire_precondition"", ""qualifying"": false, ""start_geometry_sha256"": ""cba3a44772a364d565d6a6a207886792c690cec53a6825e92cb4b4b54a3f7ce1"", ""steps"": 44}, {""ase_converged"": true, ""converged"": true, ""end_geometry_sha256"": ""35b491f5ab8f51aed17ca771c9a3a74ed5c15a3e1ec2b5cd5c555ae0fb585fe2"", ""failure_class"": null, ""max_force_eV_A"": 0.07280605415650256, ""name"": ""bfgs_after_fire"", ""start_geometry_sha256"": ""8d055a9a642751656b459f6f1661afa0860ac33fa33ad4ec8b678d78f709ef5c"", ""steps"": 75}]",35b491f5ab8f51aed17ca771c9a3a74ed5c15a3e1ec2b5cd5c555ae0fb585fe2,-1.0725290153920721,True,0.06224266979692335,69.0,100.0,0.08,converged,,bfgs_standard,"[{""ase_converged"": true, ""converged"": true, ""end_geometry_sha256"": ""b1d30ff130a457aa161fde72ffa4fcce4499e93c549de96272af85b7511858c8"", ""failure_class"": null, ""max_force_eV_A"": 0.06224266979692335, ""name"": ""bfgs_standard"", ""start_geometry_sha256"": ""75eed8bb926eb3bc5254a45aa6eb5f2a1bd51de5632ad95e64a50f7d6be68a32"", ""steps"": 69}]",b1d30ff130a457aa161fde72ffa4fcce4499e93c549de96272af85b7511858c8,-2.1448207728564777,True,0.06305057286152017,272.0,100.0,0.08,converged,,bfgs_after_fire,"[{""ase_converged"": false, ""converged"": false, ""end_geometry_sha256"": ""0994529214e11294baa140964abbe4945a2212a1f8fafe89a9cf76a89d345300"", ""failure_class"": ""force_threshold"", ""max_force_eV_A"": 0.09415507295529449, ""name"": ""bfgs_standard"", ""start_geometry_sha256"": ""fd18157794d0ba79e774aa0d0cfd811efa67441454d5fe7c0c1c3e887aa3cd71"", ""steps"": 100}, {""ase_converged"": false, ""converged"": false, ""end_geometry_sha256"": ""36a1ad2cb53e661ff108f57cda6a1489843e4babbd8b5387fdc4c430e32bbb36"", ""failure_class"": ""force_threshold"", ""max_force_eV_A"": 7.384300049194133, ""name"": ""fire_precondition"", ""qualifying"": false, ""start_geometry_sha256"": ""fd18157794d0ba79e774aa0d0cfd811efa67441454d5fe7c0c1c3e887aa3cd71"", ""steps"": 50}, {""ase_converged"": true, ""converged"": true, ""end_geometry_sha256"": ""32a05bbc442c73be640c4b6de415511da47a2f4ce1c0b43580b8b90bc9a2631b"", ""failure_class"": null, ""max_force_eV_A"": 0.06305057286152017, ""name"": ""bfgs_after_fire"", ""start_geometry_sha256"": ""36a1ad2cb53e661ff108f57cda6a1489843e4babbd8b5387fdc4c430e32bbb36"", ""steps"": 122}]",32a05bbc442c73be640c4b6de415511da47a2f4ce1c0b43580b8b90bc9a2631b,-3.2607417598366775,2.3449209869802,step_2_O,10.0,-2.0,True,3.2173497882485496,0.902500000035,False,quantitative_screening,2,2,aab9de44ee81c78b0231,False,
"('MetalFreeCarbon', 'graphitic', 0.02, 'edge_zigzag', 'graphdiyne', 'none')",MetalFreeCarbon,True,esen-sm-conserving-all-oc25:relax-v4:orr-che-v3,True,0.07842746143576443,62,150,0.08,converged,,bfgs_standard,"[{""ase_converged"": true, ""converged"": true, ""end_geometry_sha256"": ""bd4e07030372e8decf8e804121010075dd51226e4e35933fa3330ff055d1d966"", ""failure_class"": null, ""max_force_eV_A"": 0.07842746143576443, ""name"": ""bfgs_standard"", ""start_geometry_sha256"": ""ff761f869371f1148aa28732b225ba935d0fb5e7c8e13caee9f7478633fbf4b8"", ""steps"": 62}]",bd4e07030372e8decf8e804121010075dd51226e4e35933fa3330ff055d1d966,-134.00289475565663,True,0.07485002928058307,64.0,100.0,0.08,converged,,bfgs_standard,"[{""ase_converged"": true, ""converged"": true, ""end_geometry_sha256"": ""83512a7199b1e1e0a84205d59102c5d270455bb85f5524e1242102219d31b830"", ""failure_class"": null, ""max_force_eV_A"": 0.07485002928058307, ""name"": ""bfgs_standard"", ""start_geometry_sha256"": ""f4271d268aa0e82b2f0bf8b5014877c20641f863bbd2bdceedfde4a1b1b32ec3"", ""steps"": 64}]",83512a7199b1e1e0a84205d59102c5d270455bb85f5524e1242102219d31b830,2.433745207935572,True,0.07293089040100406,62.0,100.0,0.08,converged,,bfgs_standard,"[{""ase_converged"": true, ""converged"": true, ""end_geometry_sha256"": ""e2c6725334134f2ba39f1c102c4588e5ad02f00289dbfb8222dc7aa8ba0148bc"", ""failure_class"": null, ""max_force_eV_A"": 0.07293089040100406, ""name"": ""bfgs_standard"", ""start_geometry_sha256"": ""3f3a4d89f47497b5273642c510881a67b515724243c1088b4abbaa62a0b88819"", ""steps"": 62}]",e2c6725334134f2ba39f1c102c4588e5ad02f00289dbfb8222dc7aa8ba0148bc,2.1451009877026115,True,0.06625735380028298,90.0,100.0,0.08,converged,,bfgs_standard,"[{""ase_converged"": true, ""converged"": true, ""end_geometry_sha256"": ""6bf63225be28f269784426b11151fbb6dc40c6b759a74557cd76efe85661b4bf"", ""failure_class"": null, ""max_force_eV_A"": 0.06625735380028298, ""name"": ""bfgs_standard"", ""start_geometry_sha256"": ""bc4c0a114b9e46672700cbd14c848af2e3e8aa9ce8004bd9d8f5eb508054ff0e"", ""steps"": 90}]",6bf63225be28f269784426b11151fbb6dc40c6b759a74557cd76efe85661b4bf,4.894521664083008,1.5176442202329605,step_3_OH,10.0,0.0,True,4.578846195638183,0.27249999999999996,True,quantitative_screening,1,1,b3be809a4bcab4ccd5c6,False,
"('MetalFreeCarbon', 'graphitic', 0.02, 'pentagon_heptagon', 'carbon_black', 'none')",MetalFreeCarbon,True,esen-sm-conserving-all-oc25:relax-v4:orr-che-v3,True,0.0781505165833023,56,150,0.08,converged,,bfgs_standard,"[{""ase_converged"": true, ""converged"": true, ""end_geometry_sha256"": ""a0c9c098602cd6684ad8da4fe835f9f976adfda3f81a9dbe95631381d7817d26"", ""failure_class"": null, ""max_force_eV_A"": 0.0781505165833023, ""name"": ""bfgs_standard"", ""start_geometry_sha256"": ""b1641e3ffc521828c5c7e1abf674f4383dca38cced4dd8b43fe2f9d3d9b4a98e"", ""steps"": 56}]",a0c9c098602cd6684ad8da4fe835f9f976adfda3f81a9dbe95631381d7817d26,-133.99811350947132,True,0.07389092460634104,65.0,100.0,0.08,converged,,bfgs_standard,"[{""ase_converged"": true, ""converged"": true, ""end_geometry_sha256"": ""7fadfd0c038124978f116b8f6762186aefb4f5008a28af87bbd3b1371dae9213"", ""failure_class"": null, ""max_force_eV_A"": 0.07389092460634104, ""name"": ""bfgs_standard"", ""start_geometry_sha256"": ""c3c279f3bdaa0fba144bce6b983a686ea37dc5fb7ff3c2a642755e344479833a"", ""steps"": 65}]",7fadfd0c038124978f116b8f6762186aefb4f5008a28af87bbd3b1371dae9213,2.4260304595530036,True,0.07832096119773284,54.0,100.0,0.08,converged,,bfgs_standard,"[{""ase_converged"": true, ""converged"": true, ""end_geometry_sha256"": ""c0bd386b4ae4cd40051df67af4cf3385b0d2a911d7dc52b12cbec8c2e49eb853"", ""failure_class"": null, ""max_force_eV_A"": 0.07832096119773284, ""name"": ""bfgs_standard"", ""start_geometry_sha256"": ""7baa56c38071de72f1e686209104c279aed575b020649ce0eeb8e9b0fd1500e8"", ""steps"": 54}]",c0bd386b4ae4cd40051df67af4cf3385b0d2a911d7dc52b12cbec8c2e49eb853,2.162039197236303,True,0.07653866450149008,34.0,100.0,0.08,converged,,bfgs_standard,"[{""ase_converged"": true, ""converged"": true, ""end_geometry_sha256"": ""93405b48dd5ae210d12fd2b036fcca2d4ed84e54af2ccebfc95b7df71cd44119"", ""failure_class"": null, ""max_force_eV_A"": 0.07653866450149008, ""name"": ""bfgs_standard"", ""start_geometry_sha256"": ""f622c4643124d445db038546f749679729288a047b1b96520d3314a546f3ba18"", ""steps"": 34}]",93405b48dd5ae210d12fd2b036fcca2d4ed84e54af2ccebfc95b7df71cd44119,5.156571815907959,1.4929912623167008,step_3_OH,10.0,0.0,True,4.5880696567893064,0.27249999999999996,True,quantitative_screening,1,1,066566fec568fd075489,False,
"('MetalFreeCarbon', 'graphitic', 0.04, 'Stone_Wales', 'CNT', 'S')",MetalFreeCarbon,False,esen-sm-conserving-all-oc25:relax-v4:orr-che-v3,False,0.25967950784532157,975,150,0.08,recovery_exhausted,force_threshold,fire_small_step,"[{""ase_converged"": false, ""converged"": false, ""end_geometry_sha256"": ""7ff3e529cb4e1ddda31ed7ff69af25e0d326ea66891c5e98e7c6d3625a200075"", ""failure_class"": ""force_threshold"", ""max_force_eV_A"": 25.780473131850687, ""name"": ""bfgs_standard"", ""start_geometry_sha256"": ""99cfe0e4134739337f16c57385289c40b8bc3cd89cbaa009a6209a164797b369"", ""steps"": 150}, {""ase_converged"": false, ""converged"": false, ""end_geometry_sha256"": ""d567e278235082bc1a8d5975e91fa68f08ac1c48b031789fc4cd7c3d106efe71"", ""failure_class"": ""force_threshold"", ""max_force_eV_A"": 6.826660907355641, ""name"": ""fire_precondition"", ""qualifying"": false, ""start_geometry_sha256"": ""99cfe0e4134739337f16c57385289c40b8bc3cd89cbaa009a6209a164797b369"", ""steps"": 75}, {""ase_converged"": false, ""converged"": false, ""end_geometry_sha256"": ""f74ecc978028c776debe746d2e3cd014be3cfbaf06b43051a4907de6a8acc339"", ""failure_class"": ""force_threshold"", ""max_force_eV_A"": 1007.83526419946, ""name"": ""bfgs_after_fire"", ""start_geometry_sha256"": ""d567e278235082bc1a8d5975e91fa68f08ac1c48b031789fc4cd7c3d106efe71"", ""steps"": 300}, {""ase_converged"": false, ""converged"": false, ""end_geometry_sha256"": ""8a49d9648c05df9bceaf3696f0e281dad7d0951752422441d86f36b8c1d3ae04"", ""failure_class"": ""force_threshold"", ""max_force_eV_A"": 0.25967950784532157, ""name"": ""fire_small_step"", ""start_geometry_sha256"": ""d567e278235082bc1a8d5975e91fa68f08ac1c48b031789fc4cd7c3d106efe71"", ""steps"": 450}]",8a49d9648c05df9bceaf3696f0e281dad7d0951752422441d86f36b8c1d3ae04,,,,,,,,,,,,,,,,,,,,,,,,,,,,,,,,,,,,,,,,,,True,validation_required,0,0,913359b904aa9c828c04,False,Unconverged clean relaxation: max_force=0.25968 eV/A after 975 cumulative recovery steps
"('MetalFreeCarbon', 'graphitic', 0.04, 'Stone_Wales', 'carbon_black', 'B')",MetalFreeCarbon,False,esen-sm-conserving-all-oc25:relax-v4:orr-che-v3,False,20.4007304890436,975,150,0.08,recovery_exhausted,force_threshold,fire_precondition,"[{""ase_converged"": false, ""converged"": false, ""end_geometry_sha256"": ""a5e0e176f68c4a79c45f164ae9c05848ce01b3a833483accc22f6174b32676f7"", ""failure_class"": ""force_threshold"", ""max_force_eV_A"": 52.658776465408586, ""name"": ""bfgs_standard"", ""start_geometry_sha256"": ""dcbaa460879fc6899fc95a41f98b0563a78b01d76fe41a271a6689dec6037452"", ""steps"": 150}, {""ase_converged"": false, ""converged"": false, ""end_geometry_sha256"": ""2a958656e09d050158b4d737077c1d568c7fa449b81025268b9900a3be9f3564"", ""failure_class"": ""force_threshold"", ""max_force_eV_A"": 20.4007304890436, ""name"": ""fire_precondition"", ""qualifying"": false, ""start_geometry_sha256"": ""dcbaa460879fc6899fc95a41f98b0563a78b01d76fe41a271a6689dec6037452"", ""steps"": 75}, {""ase_converged"": false, ""converged"": false, ""end_geometry_sha256"": ""94998db100a648c73b398a72f9f204762df3487937822cc4904cda8bce909596"", ""failure_class"": ""force_threshold"", ""max_force_eV_A"": 1934.7391882478837, ""name"": ""bfgs_after_fire"", ""start_geometry_sha256"": ""2a958656e09d050158b4d737077c1d568c7fa449b81025268b9900a3be9f3564"", ""steps"": 300}, {""ase_converged"": false, ""converged"": false, ""end_geometry_sha256"": ""02d7bf8626b5ed5dbba36f76f7cb27d17cca18450ac1a25d6ca15b5a704ae951"", ""failure_class"": ""force_threshold"", ""max_force_eV_A"": 41.173392882741, ""name"": ""fire_small_step"", ""start_geometry_sha256"": ""2a958656e09d050158b4d737077c1d568c7fa449b81025268b9900a3be9f3564"", ""steps"": 450}]",2a958656e09d050158b4d737077c1d568c7fa449b81025268b9900a3be9f3564,,,,,,,,,,,,,,,,,,,,,,,,,,,,,,,,,,,,,,,,,,True,validation_required,2,2,0202acb3a65d636e2e30,False,Unconverged clean relaxation: max_force=20.4007 eV/A after 975 cumulative recovery steps
"('MetalFreeCarbon', 'graphitic', 0.04, 'edge_zigzag', 'porous_carbon', 'S')",MetalFreeCarbon,True,esen-sm-conserving-all-oc25:relax-v4:orr-che-v3,True,0.07878752043274263,76,150,0.08,converged,,bfgs_standard,"[{""ase_converged"": true, ""converged"": true, ""end_geometry_sha256"": ""21b0d022bf6c7f3fcc6999d8a2e5dcc402eddc8d1c3be0ef1289491a27d565eb"", ""failure_class"": null, ""max_force_eV_A"": 0.07878752043274263, ""name"": ""bfgs_standard"", ""start_geometry_sha256"": ""99bf816aea7909f8f87c5360b4b117a1448c7566005e9c897946e14e5683cdf2"", ""steps"": 76}]",21b0d022bf6c7f3fcc6999d8a2e5dcc402eddc8d1c3be0ef1289491a27d565eb,-137.14420854108954,True,0.06975106796504692,37.0,100.0,0.08,converged,,bfgs_standard,"[{""ase_converged"": true, ""converged"": true, ""end_geometry_sha256"": ""02f2c865605423f45814e74f5c7c213e3e80335f1f2baddeb5425a6693a42ef7"", ""failure_class"": null, ""max_force_eV_A"": 0.06975106796504692, ""name"": ""bfgs_standard"", ""start_geometry_sha256"": ""a89c13f4fb3742d48c2ac81e2dd7f91cc83aea36ad3b5fe23b8d3b2f08f96fa4"", ""steps"": 37}]",02f2c865605423f45814e74f5c7c213e3e80335f1f2baddeb5425a6693a42ef7,2.7872551108896735,True,0.07888614043570796,25.0,100.0,0.08,converged,,bfgs_standard,"[{""ase_converged"": true, ""converged"": true, ""end_geometry_sha256"": ""0cca9ec8908c0a6fc670746230074f405a25a7b6d33423062879864a56228c36"", ""failure_class"": null, ""max_force_eV_A"": 0.07888614043570796, ""name"": ""bfgs_standard"", ""start_geometry_sha256"": ""685a4e3b06141daec0c3edb4a4a5928d835d3695f04e04425eb776cc260064da"", ""steps"": 25}]",0cca9ec8908c0a6fc670746230074f405a25a7b6d33423062879864a56228c36,2.3683728344738517,True,0.07734803139194463,30.0,100.0,0.08,converged,,bfgs_standard,"[{""ase_converged"": true, ""converged"": true, ""end_geometry_sha256"": ""4577176e44c663008663f2a5e4c1e0d40bad6e0b935564c7cf8b01dc359101e7"", ""failure_class"": null, ""max_force_eV_A"": 0.07734803139194463, ""name"": ""bfgs_standard"", ""start_geometry_sha256"": ""ce1bc5bcf88a29ebabbf75bd0d381066764a1b416670bdcce05ddd7837615154"", ""steps"": 30}]",4577176e44c663008663f2a5e4c1e0d40bad6e0b935564c7cf8b01dc359101e7,5.188120315968995,1.6478822764158219,step_3_OH,10.0,0.0,True,5.155627945363525,0.27249999999999996,True,quantitative_screening,1,1,4cb26ecde9ed6603ed87,False,
"('MetalFreeCarbon', 'graphitic', 0.04, 'edge_armchair', 'graphene_nanoribbon', 'none')",MetalFreeCarbon,True,esen-sm-conserving-all-oc25:relax-v4:orr-che-v3,True,0.06535606526518542,76,150,0.08,converged,,bfgs_standard,"[{""ase_converged"": true, ""converged"": true, ""end_geometry_sha256"": ""a6061f5666b84d14b6d1728e10242b68ec4ee15a93ecc4e3561a51540060d22a"", ""failure_class"": null, ""max_force_eV_A"": 0.06535606526518542, ""name"": ""bfgs_standard"", ""start_geometry_sha256"": ""2f7955d0cbe44e305edeb9a8caeb6ec3755b92e85694354007734457b01d6775"", ""steps"": 76}]",a6061f5666b84d14b6d1728e10242b68ec4ee15a93ecc4e3561a51540060d22a,-134.0129812920641,True,0.07995060319759312,58.0,100.0,0.08,converged,,bfgs_standard,"[{""ase_converged"": true, ""converged"": true, ""end_geometry_sha256"": ""3cef500f261d34193a02cd53376e56120cfb488ae8fa5f70765b9ceaf230443b"", ""failure_class"": null, ""max_force_eV_A"": 0.07995060319759312, ""name"": ""bfgs_standard"", ""start_geometry_sha256"": ""e1459e81db0d637b36b25aff7cd177c44742f6b01e12d112d4ae38b091accda3"", ""steps"": 58}]",3cef500f261d34193a02cd53376e56120cfb488ae8fa5f70765b9ceaf230443b,2.454154315143824,True,0.07348313853593062,46.0,100.0,0.08,converged,,bfgs_standard,"[{""ase_converged"": true, ""converged"": true, ""end_geometry_sha256"": ""5ea7c7d0aef0719781ad0ee1e3539ac7c4e254c7eee21d0ec1a1a1b81b644c75"", ""failure_class"": null, ""max_force_eV_A"": 0.07348313853593062, ""name"": ""bfgs_standard"", ""start_geometry_sha256"": ""a4dc5df3826bf6f6a3742fedf2e368fdaa6fdefae3d5e6b0ac302232f16e0ad6"", ""steps"": 46}]",5ea7c7d0aef0719781ad0ee1e3539ac7c4e254c7eee21d0ec1a1a1b81b644c75,2.1916989453136955,True,0.07821786152802433,90.0,100.0,0.08,converged,,bfgs_standard,"[{""ase_converged"": true, ""converged"": true, ""end_geometry_sha256"": ""9bcf3e4eb198dd59f6d06a04c2e64c490178df139db058425e39fbc086b252ee"", ""failure_class"": null, ""max_force_eV_A"": 0.07821786152802433, ""name"": ""bfgs_standard"", ""start_geometry_sha256"": ""0dcd15fef793c942f8de79b517738182475f1db88aac36de257541670cb2dd65"", ""steps"": 90}]",9bcf3e4eb198dd59f6d06a04c2e64c490178df139db058425e39fbc086b252ee,4.897119949758057,1.4914553698301285,step_3_OH,10.0,0.0,True,4.645853260457519,0.27249999999999996,True,quantitative_screening,1,1,72b012d8aafb5433119b,False,
"('MetalFreeCarbon', 'graphitic', 0.04, 'pentagon_heptagon', 'graphdiyne', 'F')",MetalFreeCarbon,True,esen-sm-conserving-all-oc25:relax-v4:orr-che-v3,True,0.07353794672496304,106,150,0.08,converged,,bfgs_standard,"[{""ase_converged"": true, ""converged"": true, ""end_geometry_sha256"": ""2fb8a5284168cd9c8dc2d6859f3fee72af8379ba92318361c809342cd97342b2"", ""failure_class"": null, ""max_force_eV_A"": 0.07353794672496304, ""name"": ""bfgs_standard"", ""start_geometry_sha256"": ""9e41369496a1bb6a1efdcac4e03b2f13ed5b95e36758c5f3127d5ec80c860929"", ""steps"": 106}]",2fb8a5284168cd9c8dc2d6859f3fee72af8379ba92318361c809342cd97342b2,-137.2719392477839,True,0.07750868605706505,32.0,100.0,0.08,converged,,bfgs_standard,"[{""ase_converged"": true, ""converged"": true, ""end_geometry_sha256"": ""5f13b1544b3e1e4359e9ec8aaf2d77bfc97b5d3b80aa3fe66c6f23a1f148e0fe"", ""failure_class"": null, ""max_force_eV_A"": 0.07750868605706505, ""name"": ""bfgs_standard"", ""start_geometry_sha256"": ""4a92de603f19db61bad028a77c6ba26aa18c8cda3fadaf03bad402853b749a09"", ""steps"": 32}]",5f13b1544b3e1e4359e9ec8aaf2d77bfc97b5d3b80aa3fe66c6f23a1f148e0fe,3.116998973041773,True,0.0628139350353741,40.0,100.0,0.08,converged,,bfgs_standard,"[{""ase_converged"": true, ""converged"": true, ""end_geometry_sha256"": ""cf371033bf5490aa0eb2982d7de3b09e003055b102e6e6182c4cd772d628d9eb"", ""failure_class"": null, ""max_force_eV_A"": 0.0628139350353741, ""name"": ""bfgs_standard"", ""start_geometry_sha256"": ""f6ddf05831752d24b21be1abb44de26288f6d995371b6a8cef05eb1f579c7bd9"", ""steps"": 40}]",cf371033bf5490aa0eb2982d7de3b09e003055b102e6e6182c4cd772d628d9eb,2.584633267670873,True,0.051946176713043204,35.0,100.0,0.08,converged,,bfgs_standard,"[{""ase_converged"": true, ""converged"": true, ""end_geometry_sha256"": ""8174478034b1d96517e1856495960826b494a4865686acbef168160cf4bf5377"", ""failure_class"": null, ""max_force_eV_A"": 0.051946176713043204, ""name"": ""bfgs_standard"", ""start_geometry_sha256"": ""29b36be2be2f500afd2ba75dfcd662e7ac45019387f1b1aa77fd2f3eb788f155"", ""steps"": 35}]",8174478034b1d96517e1856495960826b494a4865686acbef168160cf4bf5377,5.3841161236167,1.7613657053709,step_3_OH,10.0,0.0,True,5.701632240712646,0.27249999999999996,True,quantitative_screening,1,1,fca19b4e291dc76658e1,False,
"('MetalFreeCarbon', 'graphitic', 0.06, 'Stone_Wales', 'CNT', 'none')",MetalFreeCarbon,True,esen-sm-conserving-all-oc25:relax-v4:orr-che-v3,True,0.07018946865212838,91,150,0.08,converged,,bfgs_standard,"[{""ase_converged"": true, ""converged"": true, ""end_geometry_sha256"": ""1a2561a8c8d61eaf9a3842bf7603d41c89a0be726594fb45f8d8690eaeb20b5b"", ""failure_class"": null, ""max_force_eV_A"": 0.07018946865212838, ""name"": ""bfgs_standard"", ""start_geometry_sha256"": ""c5c11715796575550b37f7c95adc52b51f89998019762ca2d3c1adebeb5b9fbc"", ""steps"": 91}]",1a2561a8c8d61eaf9a3842bf7603d41c89a0be726594fb45f8d8690eaeb20b5b,-128.06413935780012,True,0.07551128210448255,50.0,100.0,0.08,converged,,bfgs_standard,"[{""ase_converged"": true, ""converged"": true, ""end_geometry_sha256"": ""eb314dc818cf44e72a04bfbcea53af1b73016db11254573b612d33cc00f7b925"", ""failure_class"": null, ""max_force_eV_A"": 0.07551128210448255, ""name"": ""bfgs_standard"", ""start_geometry_sha256"": ""91c837929add057b2811c2d60295786f6f90fc965fa4b95e3c4e7ea3d8f459e3"", ""steps"": 50}]",eb314dc818cf44e72a04bfbcea53af1b73016db11254573b612d33cc00f7b925,2.600843253284693,True,0.07605233538373538,76.0,100.0,0.08,converged,,bfgs_standard,"[{""ase_converged"": true, ""converged"": true, ""end_geometry_sha256"": ""205ef01cf0df83c4b03a36ae354446c05907e488105e098c7f49c2a94225ac0d"", ""failure_class"": null, ""max_force_eV_A"": 0.07605233538373538, ""name"": ""bfgs_standard"", ""start_geometry_sha256"": ""ce196cf4f7ae165bbfb5a1ed7f5c7fd63e55498f2f1099c31adb64cd83af6a8c"", ""steps"": 76}]",205ef01cf0df83c4b03a36ae354446c05907e488105e098c7f49c2a94225ac0d,1.4603995449841058,True,0.07226273483840186,72.0,100.0,0.08,converged,,bfgs_standard,"[{""ase_converged"": true, ""converged"": true, ""end_geometry_sha256"": ""d276b4768c997a155665c8e2e5d7a8123c4b49a0e7e96e45fa0c82baf7c4bd3a"", ""failure_class"": null, ""max_force_eV_A"": 0.07226273483840186, ""name"": ""bfgs_standard"", ""start_geometry_sha256"": ""6cff6ffca62ca4917060a32fcf1a5957de2b6d7663e0a3be91e471443546e264"", ""steps"": 72}]",d276b4768c997a155665c8e2e5d7a8123c4b49a0e7e96e45fa0c82baf7c4bd3a,5.0342106327414555,2.3694437083005875,step_3_OH,10.0,0.0,True,4.061242798268799,0.27249999999999996,True,quantitative_screening,1,1,c4994cece9772a008bdd,False,
"('MetalFreeCarbon', 'graphitic', 0.06, 'edge_zigzag', 'CNT', 'B')",MetalFreeCarbon,True,esen-sm-conserving-all-oc25:relax-v4:orr-che-v3,True,0.07659587708435986,136,150,0.08,converged,,bfgs_standard,"[{""ase_converged"": true, ""converged"": true, ""end_geometry_sha256"": ""2f3b606a4da23f42a0881066a973408ca1463124f10baa11cfcbe3d5ff52dad2"", ""failure_class"": null, ""max_force_eV_A"": 0.07659587708435986, ""name"": ""bfgs_standard"", ""start_geometry_sha256"": ""460d5281b7124ad2629366823a33616004fe1ad6ca69343bee90fba909b3958a"", ""steps"": 136}]",2f3b606a4da23f42a0881066a973408ca1463124f10baa11cfcbe3d5ff52dad2,-139.46423404068267,True,0.07666553150597559,72.0,100.0,0.08,converged,,bfgs_standard,"[{""ase_converged"": true, ""converged"": true, ""end_geometry_sha256"": ""40a1ea9941e31e27af41a99a2a43f770a7476d4630c5fb45315196293f8f7620"", ""failure_class"": null, ""max_force_eV_A"": 0.07666553150597559, ""name"": ""bfgs_standard"", ""start_geometry_sha256"": ""119b77d64ba805dde95799efa6112aebff4476a4f1b1429e13af890ab81e4d6f"", ""steps"": 72}]",40a1ea9941e31e27af41a99a2a43f770a7476d4630c5fb45315196293f8f7620,1.2533758307993412,True,0.07964299879867136,94.0,100.0,0.08,converged,,bfgs_standard,"[{""ase_converged"": true, ""converged"": true, ""end_geometry_sha256"": ""f30985a74b408755d6a97c85035926af61d4ea230ec13652612243bae2dad938"", ""failure_class"": null, ""max_force_eV_A"": 0.07964299879867136, ""name"": ""bfgs_standard"", ""start_geometry_sha256"": ""61ee49609fb9bf20f409e2ea21eb4ac7bb82e4e2782a28211b3053d0d4425943"", ""steps"": 94}]",f30985a74b408755d6a97c85035926af61d4ea230ec13652612243bae2dad938,1.2333096630871332,True,0.07104014845494175,62.0,100.0,0.08,converged,,bfgs_standard,"[{""ase_converged"": true, ""converged"": true, ""end_geometry_sha256"": ""7eb51d52932fb9e5fa36aeab0b9a9126f0bf41e9456f75e97f9a06dd3fb5ac8b"", ""failure_class"": null, ""max_force_eV_A"": 0.07104014845494175, ""name"": ""bfgs_standard"", ""start_geometry_sha256"": ""485b604a3ac0365231f7fcf3694a0853d5c6f7b0965ca3a2b74be532111ca0fc"", ""steps"": 62}]",7eb51d52932fb9e5fa36aeab0b9a9126f0bf41e9456f75e97f9a06dd3fb5ac8b,4.448531101644043,1.2490661677122081,step_3_OH,10.0,0.0,True,2.4866854938864744,0.27249999999999996,True,quantitative_screening,2,2,aaa2a73efcbe21f637ac,False,
"('MetalFreeCarbon', 'graphitic', 0.06, 'pentagon_heptagon', 'graphene', 'S')",MetalFreeCarbon,True,esen-sm-conserving-all-oc25:relax-v4:orr-che-v3,True,0.07841803362186847,79,150,0.08,converged,,bfgs_standard,"[{""ase_converged"": true, ""converged"": true, ""end_geometry_sha256"": ""b45d94e6d92036a92b14e6db10b0aa5d2624576fecfde44876f85235487089d0"", ""failure_class"": null, ""max_force_eV_A"": 0.07841803362186847, ""name"": ""bfgs_standard"", ""start_geometry_sha256"": ""37bd76cce47e0084f740e8be4a1557cc7feb49efba3df4634d55dd2f36661287"", ""steps"": 79}]",b45d94e6d92036a92b14e6db10b0aa5d2624576fecfde44876f85235487089d0,-137.1454158927741,True,0.07830178561783782,37.0,100.0,0.08,converged,,bfgs_standard,"[{""ase_converged"": true, ""converged"": true, ""end_geometry_sha256"": ""0f300cdcdf5c7b2519834d4f65c68739adf0d9aa7aead6a8609f5182c8f32d9f"", ""failure_class"": null, ""max_force_eV_A"": 0.07830178561783782, ""name"": ""bfgs_standard"", ""start_geometry_sha256"": ""5dca20d4889d902c32dd9a1ea3d3e116bd7d7b55d7e625e45552ca82b4b5b053"", ""steps"": 37}]",0f300cdcdf5c7b2519834d4f65c68739adf0d9aa7aead6a8609f5182c8f32d9f,2.7881563331186774,True,0.07845639350489284,25.0,100.0,0.08,converged,,bfgs_standard,"[{""ase_converged"": true, ""converged"": true, ""end_geometry_sha256"": ""730a69241f7309cadf973a5443ab3de099591973acc815f9b870f3f59c789835"", ""failure_class"": null, ""max_force_eV_A"": 0.07845639350489284, ""name"": ""bfgs_standard"", ""start_geometry_sha256"": ""366de8db3261b15405ccd5fa106d7277c9d85f13fd68bf11dcbf8a88fa0b60b9"", ""steps"": 25}]",730a69241f7309cadf973a5443ab3de099591973acc815f9b870f3f59c789835,2.373244202882055,True,0.07815904572833209,243.0,100.0,0.08,converged,,bfgs_after_fire,"[{""ase_converged"": false, ""converged"": false, ""end_geometry_sha256"": ""ce63320f211d7005efe300ac52fc21ba60bb690c3563a9385d32c1dacef957a5"", ""failure_class"": ""force_threshold"", ""max_force_eV_A"": 0.26622157879031977, ""name"": ""bfgs_standard"", ""start_geometry_sha256"": ""310bbed9a52b0ffed326a4ad078fa26780f992a05e670ff63500877fa7dc847f"", ""steps"": 100}, {""ase_converged"": true, ""converged"": true, ""end_geometry_sha256"": ""f3d1c603f46ff99349c9b83ed3e251599ab29588e2e5062c8bd6a6c5d6c70cd7"", ""failure_class"": null, ""max_force_eV_A"": 0.24976566904994188, ""name"": ""fire_precondition"", ""qualifying"": false, ""start_geometry_sha256"": ""310bbed9a52b0ffed326a4ad078fa26780f992a05e670ff63500877fa7dc847f"", ""steps"": 44}, {""ase_converged"": true, ""converged"": true, ""end_geometry_sha256"": ""a4571747abcb61adf248b57d7eac5bad4f59d47c6086baebfcfd875ee9aa62ff"", ""failure_class"": null, ""max_force_eV_A"": 0.07815904572833209, ""name"": ""bfgs_after_fire"", ""start_geometry_sha256"": ""f3d1c603f46ff99349c9b83ed3e251599ab29588e2e5062c8bd6a6c5d6c70cd7"", ""steps"": 99}]",a4571747abcb61adf248b57d7eac5bad4f59d47c6086baebfcfd875ee9aa62ff,4.7568621143698735,1.6439121302366226,step_3_OH,10.0,0.0,True,5.161400536000732,0.27249999999999996,True,quantitative_screening,0,0,38b642e4fb86c648eec3,False,
