genome,material_class,valid,screening_protocol,relax_clean_converged,relax_clean_max_force_eV_A,relax_clean_steps,relax_clean_step_limit,relax_clean_fmax_eV_A,relax_clean_termination,relax_clean_failure_class,relax_clean_selected_attempt,relax_clean_attempts_json,relax_clean_geometry_sha256,e_clean,relax_oh_converged,relax_oh_max_force_eV_A,relax_oh_steps,relax_oh_step_limit,relax_oh_fmax_eV_A,relax_oh_termination,relax_oh_failure_class,relax_oh_selected_attempt,relax_oh_attempts_json,relax_oh_geometry_sha256,dG_OH_eV,relax_o_converged,relax_o_max_force_eV_A,relax_o_steps,relax_o_step_limit,relax_o_fmax_eV_A,relax_o_termination,relax_o_failure_class,relax_o_selected_attempt,relax_o_attempts_json,relax_o_geometry_sha256,dG_O_eV,relax_ooh_converged,relax_ooh_max_force_eV_A,relax_ooh_steps,relax_ooh_step_limit,relax_ooh_fmax_eV_A,relax_ooh_termination,relax_ooh_failure_class,relax_ooh_selected_attempt,relax_ooh_attempts_json,relax_ooh_geometry_sha256,dG_OOH_eV,orr_overpotential_V,rate_determining_step,fenton_stability,cost_penalty,fc_viable,binding_strength,model_confidence,needs_dft_validation,candidate_disposition,worker_id,gpu_id,candidate_id,cache_hit,error
"('SolidCatalyst', 'Cr', 'SrTiO3', 'hcp0001', -0.026315789473684223, ('Ti', 'Rb'), 1, 0)",SolidCatalyst,True,esen-sm-conserving-all-oc25:relax-v4:orr-che-v3,True,0.06645461904053344,279,150,0.08,converged,,bfgs_after_fire,"[{""ase_converged"": false, ""converged"": false, ""end_geometry_sha256"": ""d6fdfa2c354bd1ce5d339cfac69983256436f43a53d590d44d19c2cd99ccc238"", ""failure_class"": ""force_threshold"", ""max_force_eV_A"": 0.4303481426271874, ""name"": ""bfgs_standard"", ""start_geometry_sha256"": ""1adb3bf71c90aff27acd64de80ec303f50edbc2ddc136ebb0635bd7b367210c2"", ""steps"": 150}, {""ase_converged"": false, ""converged"": false, ""end_geometry_sha256"": ""ebabecdc8fb2909a88db94b69d3fbac59a304d37101fb2360fc3d5095d89db7f"", ""failure_class"": ""force_threshold"", ""max_force_eV_A"": 1.263866119696391, ""name"": ""fire_precondition"", ""qualifying"": false, ""start_geometry_sha256"": ""1adb3bf71c90aff27acd64de80ec303f50edbc2ddc136ebb0635bd7b367210c2"", ""steps"": 75}, {""ase_converged"": true, ""converged"": true, ""end_geometry_sha256"": ""091ed899d33e6ee66359ec7ae8b4830b84f561bb06910247b5cd1c99a83a1873"", ""failure_class"": null, ""max_force_eV_A"": 0.06645461904053344, ""name"": ""bfgs_after_fire"", ""start_geometry_sha256"": ""ebabecdc8fb2909a88db94b69d3fbac59a304d37101fb2360fc3d5095d89db7f"", ""steps"": 54}]",091ed899d33e6ee66359ec7ae8b4830b84f561bb06910247b5cd1c99a83a1873,-300.5092107196117,True,0.07025328454479926,79.0,100.0,0.08,converged,,bfgs_standard,"[{""ase_converged"": true, ""converged"": true, ""end_geometry_sha256"": ""2aa8536598322d3b82cb9d70df17c3434868f0e78d786914d05bb6e71bd1d110"", ""failure_class"": null, ""max_force_eV_A"": 0.07025328454479926, ""name"": ""bfgs_standard"", ""start_geometry_sha256"": ""c2afb0abe235ffb291d6f9087600a7a3483afa6931cdd088400cafe4cb335b2a"", ""steps"": 79}]",2aa8536598322d3b82cb9d70df17c3434868f0e78d786914d05bb6e71bd1d110,-1.4930383537709144,True,0.07504466638019626,278.0,100.0,0.08,converged,,bfgs_after_fire,"[{""ase_converged"": false, ""converged"": false, ""end_geometry_sha256"": ""e0cfc3d9c4fc90683e0658c723b62073decd15233a2534282006a8cefd8ef809"", ""failure_class"": ""force_threshold"", ""max_force_eV_A"": 0.2224216783867455, ""name"": ""bfgs_standard"", ""start_geometry_sha256"": ""4b77832d3ce675220e8e88bde8c1fa1b469dbefeb3b8bb053dd856701fdb815c"", ""steps"": 100}, {""ase_converged"": false, ""converged"": false, ""end_geometry_sha256"": ""5c75c0b5ca2272d48298802c517702b489f54eaaa17cebf69636caa7d668f17c"", ""failure_class"": ""force_threshold"", ""max_force_eV_A"": 1.2837917179750038, ""name"": ""fire_precondition"", ""qualifying"": false, ""start_geometry_sha256"": ""4b77832d3ce675220e8e88bde8c1fa1b469dbefeb3b8bb053dd856701fdb815c"", ""steps"": 50}, {""ase_converged"": true, ""converged"": true, ""end_geometry_sha256"": ""b7e8bb22e0e8bde7c2f076a9748d4950a46c101275cea50cc4c903fae6cec10f"", ""failure_class"": null, ""max_force_eV_A"": 0.07504466638019626, ""name"": ""bfgs_after_fire"", ""start_geometry_sha256"": ""5c75c0b5ca2272d48298802c517702b489f54eaaa17cebf69636caa7d668f17c"", ""steps"": 128}]",b7e8bb22e0e8bde7c2f076a9748d4950a46c101275cea50cc4c903fae6cec10f,-2.8987265460193408,True,0.0742427276013057,235.0,100.0,0.08,converged,,bfgs_after_fire,"[{""ase_converged"": false, ""converged"": false, ""end_geometry_sha256"": ""5114e07051844d20f6e169648b3f2b79cafdc113c4b69155c472d0a9a77a30af"", ""failure_class"": ""force_threshold"", ""max_force_eV_A"": 0.5589102380723143, ""name"": ""bfgs_standard"", ""start_geometry_sha256"": ""7bd50fbce0e794396fac6cb5b2abd3f8a47c0a3a32369d89344164509e240c68"", ""steps"": 100}, {""ase_converged"": false, ""converged"": false, ""end_geometry_sha256"": ""43565ed9725482884ebf522975ffbab4cfad610268bd378de6862b6e08d08d9c"", ""failure_class"": ""force_threshold"", ""max_force_eV_A"": 1.6441395289668503, ""name"": ""fire_precondition"", ""qualifying"": false, ""start_geometry_sha256"": ""7bd50fbce0e794396fac6cb5b2abd3f8a47c0a3a32369d89344164509e240c68"", ""steps"": 50}, {""ase_converged"": true, ""converged"": true, ""end_geometry_sha256"": ""ec89eb0d9791d122281b3697fcd59bbe85559dc87cfdc152919ecb24beaea791"", ""failure_class"": null, ""max_force_eV_A"": 0.0742427276013057, ""name"": ""bfgs_after_fire"", ""start_geometry_sha256"": ""43565ed9725482884ebf522975ffbab4cfad610268bd378de6862b6e08d08d9c"", ""steps"": 85}]",ec89eb0d9791d122281b3697fcd59bbe85559dc87cfdc152919ecb24beaea791,-2.6189122691750777,2.7220383537709143,step_4_H2O,9.0,0.0,True,4.391764899790255,0.9127014328916923,False,quantitative_screening,1,1,405b6671308d7df34aea,False,
"('SolidCatalyst', 'Cr', 'Diamond', 'hcp1120', 0.08947368421052632, ('Rh', 'Sm'), 2, 1)",SolidCatalyst,False,esen-sm-conserving-all-oc25:relax-v4:orr-che-v3,True,0.07527016659220902,54,150,0.08,converged,,bfgs_standard,"[{""ase_converged"": true, ""converged"": true, ""end_geometry_sha256"": ""749756df6484ca4e26d147b04eb37963e731bd3d45f5190d14d8421b51bb521c"", ""failure_class"": null, ""max_force_eV_A"": 0.07527016659220902, ""name"": ""bfgs_standard"", ""start_geometry_sha256"": ""b50d6936a80dfeb7b60d4dd9783a2ddfd1f0c3a3c1eeea9f0e025fb9bc1ad9ab"", ""steps"": 54}]",749756df6484ca4e26d147b04eb37963e731bd3d45f5190d14d8421b51bb521c,-250.95340883927548,True,0.0785848822921423,85.0,100.0,0.08,converged,,bfgs_standard,"[{""ase_converged"": true, ""converged"": true, ""end_geometry_sha256"": ""3a920f9664795e50d73f6ea4249c553a9aac1843e92652b9bf4046d34f65cffd"", ""failure_class"": null, ""max_force_eV_A"": 0.0785848822921423, ""name"": ""bfgs_standard"", ""start_geometry_sha256"": ""7e44970190d4e813b453bdea5b45e40f7b8bb7f8f7b3edd8912981cd4b215fb1"", ""steps"": 85}]",3a920f9664795e50d73f6ea4249c553a9aac1843e92652b9bf4046d34f65cffd,-1.2309533928334713,False,0.18216920248710225,646.0,100.0,0.08,recovery_exhausted,,fire_precondition,"[{""ase_converged"": false, ""converged"": false, ""end_geometry_sha256"": ""fcbff4f188c7931ca0a428fc73706075c4e8f88402fae87e6c2f0a1f7e5a3b36"", ""failure_class"": ""force_threshold"", ""max_force_eV_A"": 0.2222913717500487, ""name"": ""bfgs_standard"", ""start_geometry_sha256"": ""7000c5c8ac9ec9630c7a047e2dd747385c48f2fb4535ad649a1c52f0a45082eb"", ""steps"": 100}, {""ase_converged"": true, ""converged"": true, ""end_geometry_sha256"": ""970aa92c559ff4ab89c21854408db60f88843c2bebefa81d6e3eb7c98bb7b9a8"", ""failure_class"": null, ""max_force_eV_A"": 0.18216920248710225, ""name"": ""fire_precondition"", ""qualifying"": false, ""start_geometry_sha256"": ""7000c5c8ac9ec9630c7a047e2dd747385c48f2fb4535ad649a1c52f0a45082eb"", ""steps"": 46}, {""ase_converged"": false, ""converged"": false, ""end_geometry_sha256"": ""9c84664fe01178641e56cea2fd5dc67e5bb054e72a3b77eef8bbe6fb5faf33d5"", ""failure_class"": ""force_threshold"", ""max_force_eV_A"": 0.4084215873170849, ""name"": ""bfgs_after_fire"", ""start_geometry_sha256"": ""970aa92c559ff4ab89c21854408db60f88843c2bebefa81d6e3eb7c98bb7b9a8"", ""steps"": 200}, {""ase_converged"": false, ""converged"": false, ""end_geometry_sha256"": ""20f4127d545057bf67ae62882d6ee9ce570a0e79e368457ba2db09905d82ca22"", ""failure_class"": ""force_threshold"", ""max_force_eV_A"": 0.18217109653057614, ""name"": ""fire_small_step"", ""start_geometry_sha256"": ""970aa92c559ff4ab89c21854408db60f88843c2bebefa81d6e3eb7c98bb7b9a8"", ""steps"": 300}]",970aa92c559ff4ab89c21854408db60f88843c2bebefa81d6e3eb7c98bb7b9a8,,,,,,,,,,,,,,,,,,,,True,validation_required,0,0,0846ef5e69d7a0cc1288,False,Unconverged o relaxation: max_force=0.182169 eV/A after 646 cumulative recovery steps
"('SolidCatalyst', 'Cr', 'TiN', 'bcc100', -0.04736842105263159, ('Zn', 'K'), 3, 0)",SolidCatalyst,False,esen-sm-conserving-all-oc25:relax-v4:orr-che-v3,True,0.05660416735377291,110,150,0.08,converged,,bfgs_standard,"[{""ase_converged"": true, ""converged"": true, ""end_geometry_sha256"": ""454691482d5e3008899734500c566006f3c0683471341ce8cf2984f4f3a04cd2"", ""failure_class"": null, ""max_force_eV_A"": 0.05660416735377291, ""name"": ""bfgs_standard"", ""start_geometry_sha256"": ""a4f3472eb78eadd87088e0223e93f13675b4b12ce40b0481b84b81a0a5c3ef8a"", ""steps"": 110}]",454691482d5e3008899734500c566006f3c0683471341ce8cf2984f4f3a04cd2,-147.33431575871242,False,0.42426868013929936,650.0,100.0,0.08,recovery_exhausted,force_threshold,fire_small_step,"[{""ase_converged"": false, ""converged"": false, ""end_geometry_sha256"": ""6ecbfbf6cbdb9c0a4df97a6a11f1044caa0e7980ba99ef2e93e993a55d7cef07"", ""failure_class"": ""force_threshold"", ""max_force_eV_A"": 1.3455092883317996, ""name"": ""bfgs_standard"", ""start_geometry_sha256"": ""afcce63225e3051544b3af3a422ba5f93b7fead5f3594b5a374cc000f1731e6c"", ""steps"": 100}, {""ase_converged"": false, ""converged"": false, ""end_geometry_sha256"": ""904813297277c6030be43374891e6b32d0482da18a2b288cf94867899cd84ca5"", ""failure_class"": ""force_threshold"", ""max_force_eV_A"": 4.931059846039462, ""name"": ""fire_precondition"", ""qualifying"": false, ""start_geometry_sha256"": ""afcce63225e3051544b3af3a422ba5f93b7fead5f3594b5a374cc000f1731e6c"", ""steps"": 50}, {""ase_converged"": false, ""converged"": false, ""end_geometry_sha256"": ""6bcd6d2dbd06a27c9e1a9e8f8d050075330e76a9ed4236570b4b200d23b2ff2d"", ""failure_class"": ""force_threshold"", ""max_force_eV_A"": 2.9342146356906533, ""name"": ""bfgs_after_fire"", ""start_geometry_sha256"": ""904813297277c6030be43374891e6b32d0482da18a2b288cf94867899cd84ca5"", ""steps"": 200}, {""ase_converged"": false, ""converged"": false, ""end_geometry_sha256"": ""717e826ea8213e06cd9aea1d02c0d9363e8998a0a1820a5ba7edcc2f214b3115"", ""failure_class"": ""force_threshold"", ""max_force_eV_A"": 0.42426868013929936, ""name"": ""fire_small_step"", ""start_geometry_sha256"": ""6ecbfbf6cbdb9c0a4df97a6a11f1044caa0e7980ba99ef2e93e993a55d7cef07"", ""steps"": 300}]",717e826ea8213e06cd9aea1d02c0d9363e8998a0a1820a5ba7edcc2f214b3115,,,,,,,,,,,,,,,,,,,,,,,,,,,,,,,True,validation_required,2,2,09bd7c1a49688923508b,False,Unconverged oh relaxation: max_force=0.424269 eV/A after 650 cumulative recovery steps
"('SolidCatalyst', 'Cr', 'SiC', 'fcc311', -0.026315789473684223, ('Sn', 'Te'), 3, 1)",SolidCatalyst,True,esen-sm-conserving-all-oc25:relax-v4:orr-che-v3,True,0.06596782177970045,119,150,0.08,converged,,bfgs_standard,"[{""ase_converged"": true, ""converged"": true, ""end_geometry_sha256"": ""5f9f507585f52de067e92891e706b1f00c43203230c32b8241408427d5fec590"", ""failure_class"": null, ""max_force_eV_A"": 0.06596782177970045, ""name"": ""bfgs_standard"", ""start_geometry_sha256"": ""fffe3aa70b7f1233cc08b8f34480415826aca13d590d83392d00b4befb9051c9"", ""steps"": 119}]",5f9f507585f52de067e92891e706b1f00c43203230c32b8241408427d5fec590,-158.23384841258246,True,0.07107691303858814,55.0,100.0,0.08,converged,,bfgs_standard,"[{""ase_converged"": true, ""converged"": true, ""end_geometry_sha256"": ""cad37be4f9fcfd4a657a6e919941b5b168eeecad84b30bbd367cdaaed628d633"", ""failure_class"": null, ""max_force_eV_A"": 0.07107691303858814, ""name"": ""bfgs_standard"", ""start_geometry_sha256"": ""a036bed93cd03706b526c9aee1f79d0e956a68823de401e814191777f18e5499"", ""steps"": 55}]",cad37be4f9fcfd4a657a6e919941b5b168eeecad84b30bbd367cdaaed628d633,-0.23761003956198695,True,0.06819269764060314,57.0,100.0,0.08,converged,,bfgs_standard,"[{""ase_converged"": true, ""converged"": true, ""end_geometry_sha256"": ""f32eb9f7ade1da63a4e51cebb23a9a231959603392847bb27e1d447574312b5d"", ""failure_class"": null, ""max_force_eV_A"": 0.06819269764060314, ""name"": ""bfgs_standard"", ""start_geometry_sha256"": ""6d5a332afd36e89f5497c79246e5bc515d48e4eb20e01e9162a0c9e95608a879"", ""steps"": 57}]",f32eb9f7ade1da63a4e51cebb23a9a231959603392847bb27e1d447574312b5d,0.4210080273449172,True,0.07360986928069413,259.0,100.0,0.08,converged,,bfgs_after_fire,"[{""ase_converged"": false, ""converged"": false, ""end_geometry_sha256"": ""56fe39cdb78db811c235793e8a1249071f5793c47a971303aa1257aaad3e1aa6"", ""failure_class"": ""force_threshold"", ""max_force_eV_A"": 0.2850022969466156, ""name"": ""bfgs_standard"", ""start_geometry_sha256"": ""ffe173b6462b2c681eeffe3361f0ce53d84b9be871cc151cae6f82f120eabb08"", ""steps"": 100}, {""ase_converged"": false, ""converged"": false, ""end_geometry_sha256"": ""5905652ef3fba7c09abc9e8bdd2e9f27bb2440d5b72b9ef11a7f9b321a6c0975"", ""failure_class"": ""force_threshold"", ""max_force_eV_A"": 12.381177516135757, ""name"": ""fire_precondition"", ""qualifying"": false, ""start_geometry_sha256"": ""ffe173b6462b2c681eeffe3361f0ce53d84b9be871cc151cae6f82f120eabb08"", ""steps"": 50}, {""ase_converged"": true, ""converged"": true, ""end_geometry_sha256"": ""f7059b6a3c27ad67cf2a9e2461053d1de985abe9a2bae5694be8de1b21454ec6"", ""failure_class"": null, ""max_force_eV_A"": 0.07360986928069413, ""name"": ""bfgs_after_fire"", ""start_geometry_sha256"": ""5905652ef3fba7c09abc9e8bdd2e9f27bb2440d5b72b9ef11a7f9b321a6c0975"", ""steps"": 109}]",f7059b6a3c27ad67cf2a9e2461053d1de985abe9a2bae5694be8de1b21454ec6,5.918961952626681,2.227961952626681,step_1_OOH,9.0,-2.0,True,0.6586180669069042,0.9127014328916923,False,quantitative_screening,0,0,0e41cf76a029bc5b68d3,False,
"('SolidCatalyst', 'Cr', 'MoS2', 'bcc211', 0.06842105263157894, ('Cs', 'Mo'), 4, 1)",SolidCatalyst,True,esen-sm-conserving-all-oc25:relax-v4:orr-che-v3,True,0.07810414993856428,90,150,0.08,converged,,bfgs_standard,"[{""ase_converged"": true, ""converged"": true, ""end_geometry_sha256"": ""e31acae5e5ee1f627e855e791b6a04cef7fb8055bbef4f5ab77c5bd070a5508e"", ""failure_class"": null, ""max_force_eV_A"": 0.07810414993856428, ""name"": ""bfgs_standard"", ""start_geometry_sha256"": ""e141b23cb5f4266016127341ed3ea5b8cb89126e59008bedd160e63de6b621be"", ""steps"": 90}]",e31acae5e5ee1f627e855e791b6a04cef7fb8055bbef4f5ab77c5bd070a5508e,-221.93125804014159,True,0.06365388287828619,77.0,100.0,0.08,converged,,bfgs_standard,"[{""ase_converged"": true, ""converged"": true, ""end_geometry_sha256"": ""63ba03737f4a9a610bf46ac6000b2568d4e6b7c8bb77bbc860eefe2b29ad505e"", ""failure_class"": null, ""max_force_eV_A"": 0.06365388287828619, ""name"": ""bfgs_standard"", ""start_geometry_sha256"": ""132089baf64d5e63ba4bd1aba984aa107a9172dd2c5a2c0b3a5146e5e1c76405"", ""steps"": 77}]",63ba03737f4a9a610bf46ac6000b2568d4e6b7c8bb77bbc860eefe2b29ad505e,-2.2571946953237054,True,0.06870104032342203,65.0,100.0,0.08,converged,,bfgs_standard,"[{""ase_converged"": true, ""converged"": true, ""end_geometry_sha256"": ""33ae4b474a6bccadbc952be724971598f5c3874c0da334c904e3b6650edd7e94"", ""failure_class"": null, ""max_force_eV_A"": 0.06870104032342203, ""name"": ""bfgs_standard"", ""start_geometry_sha256"": ""98865fec46c5c270b4f3c0b5217283aa399178e3ae3bb3bc7ff7880dc01bca5c"", ""steps"": 65}]",33ae4b474a6bccadbc952be724971598f5c3874c0da334c904e3b6650edd7e94,-1.9096117846668015,True,0.07502383381981574,81.0,100.0,0.08,converged,,bfgs_standard,"[{""ase_converged"": true, ""converged"": true, ""end_geometry_sha256"": ""5a2116230d183af70877a11efccf618108a94dd934c0e11125c3e99caf18382d"", ""failure_class"": null, ""max_force_eV_A"": 0.07502383381981574, ""name"": ""bfgs_standard"", ""start_geometry_sha256"": ""d9601717b001100f13ca80b831ef16729c43f598a6f0727e46bcd0809bd1362a"", ""steps"": 81}]",5a2116230d183af70877a11efccf618108a94dd934c0e11125c3e99caf18382d,-3.456839133799101,3.0,step_4_H2O,9.0,-0.29006488498053007,True,4.166806479990507,0.9127014328916923,False,quantitative_screening,2,2,2c0555e1fd8ae997b893,False,
"('SolidCatalyst', 'Cr', 'Beta', 'fcc211', -0.06842105263157895, ('Y', 'Pb'), 1, 0)",SolidCatalyst,True,esen-sm-conserving-all-oc25:relax-v4:orr-che-v3,True,0.06001697997630934,459,150,0.08,converged,,bfgs_after_fire,"[{""ase_converged"": false, ""converged"": false, ""end_geometry_sha256"": ""367e9543c28c9d452e3950149b96d4bdab77cde3a588bee129b1748fbf59d1b9"", ""failure_class"": ""force_threshold"", ""max_force_eV_A"": 0.390407343232088, ""name"": ""bfgs_standard"", ""start_geometry_sha256"": ""221c82c7064545b65c96b74d577fe7f9de149e072716b4d321994fce9f84e91b"", ""steps"": 150}, {""ase_converged"": false, ""converged"": false, ""end_geometry_sha256"": ""e5265014fe4ecf10c28cc335e0cee70ecbce29e57859029922ba939e05258e4b"", ""failure_class"": ""force_threshold"", ""max_force_eV_A"": 6.839597323079582, ""name"": ""fire_precondition"", ""qualifying"": false, ""start_geometry_sha256"": ""221c82c7064545b65c96b74d577fe7f9de149e072716b4d321994fce9f84e91b"", ""steps"": 75}, {""ase_converged"": true, ""converged"": true, ""end_geometry_sha256"": ""37f75c0f01e470ab29fa164ca3d7abf076309351c4ae85e032eb986414de542a"", ""failure_class"": null, ""max_force_eV_A"": 0.06001697997630934, ""name"": ""bfgs_after_fire"", ""start_geometry_sha256"": ""e5265014fe4ecf10c28cc335e0cee70ecbce29e57859029922ba939e05258e4b"", ""steps"": 234}]",37f75c0f01e470ab29fa164ca3d7abf076309351c4ae85e032eb986414de542a,-169.39589349433538,True,0.043838228515974,51.0,100.0,0.08,converged,,bfgs_standard,"[{""ase_converged"": true, ""converged"": true, ""end_geometry_sha256"": ""b01b800cf18d99acff851f942d3990dc021e0e7f5beeaab165eaa72580aa31c9"", ""failure_class"": null, ""max_force_eV_A"": 0.043838228515974, ""name"": ""bfgs_standard"", ""start_geometry_sha256"": ""d62e09d922f5fec6e1450535f2246240a01ce3bf6f72652143aed91969018b17"", ""steps"": 51}]",b01b800cf18d99acff851f942d3990dc021e0e7f5beeaab165eaa72580aa31c9,-0.42018145069479945,True,0.0734822006937092,69.0,100.0,0.08,converged,,bfgs_standard,"[{""ase_converged"": true, ""converged"": true, ""end_geometry_sha256"": ""51688bd91e66dcec522f11dcac796634975c6976f777f498548f87264908dfd6"", ""failure_class"": null, ""max_force_eV_A"": 0.0734822006937092, ""name"": ""bfgs_standard"", ""start_geometry_sha256"": ""ef0475b590cda94a87a1494148d25e0f8d065e661849bc6bb99bfb9115e8f4fa"", ""steps"": 69}]",51688bd91e66dcec522f11dcac796634975c6976f777f498548f87264908dfd6,-0.4857455126941453,True,0.07161901596552608,61.0,100.0,0.08,converged,,bfgs_standard,"[{""ase_converged"": true, ""converged"": true, ""end_geometry_sha256"": ""6468139a9dda93d4bc365157c2bff88e8ca23c26a177c61efafc497600e74764"", ""failure_class"": null, ""max_force_eV_A"": 0.07161901596552608, ""name"": ""bfgs_standard"", ""start_geometry_sha256"": ""7becde2146381fae64a30ba95bc7dd5eddd42ae6fbf4a4edfb697b4d38cb6a04"", ""steps"": 61}]",6468139a9dda93d4bc365157c2bff88e8ca23c26a177c61efafc497600e74764,-2.4284654155373824,3.0,step_2_O,9.0,0.0,True,0.9059269633889447,0.9127014328916923,False,quantitative_screening,1,1,d21aa87e2a26ef413137,False,
"('SolidCatalyst', 'Mn', 'ZrO2', 'bcc110', 0.04736842105263156, ('Gd', 'Mn'), 2, 1)",SolidCatalyst,True,esen-sm-conserving-all-oc25:relax-v4:orr-che-v3,True,0.07996900520530004,477,150,0.08,converged,,bfgs_after_fire,"[{""ase_converged"": false, ""converged"": false, ""end_geometry_sha256"": ""1ef35771ac2fe79d4f036a1a40b6b1b1951daf00130b37434da22b14c8afdba2"", ""failure_class"": ""force_threshold"", ""max_force_eV_A"": 0.1604142662430858, ""name"": ""bfgs_standard"", ""start_geometry_sha256"": ""63b7236af0ad8b4052e9f7a104b7df367c2bfedbb7caf876adecda33f6f8b7df"", ""steps"": 150}, {""ase_converged"": false, ""converged"": false, ""end_geometry_sha256"": ""aa38d13b238b3b59b6570de953a8d23e1f47516e2b886ea46889d5c8e78d3c83"", ""failure_class"": ""force_threshold"", ""max_force_eV_A"": 1.130955156057634, ""name"": ""fire_precondition"", ""qualifying"": false, ""start_geometry_sha256"": ""63b7236af0ad8b4052e9f7a104b7df367c2bfedbb7caf876adecda33f6f8b7df"", ""steps"": 75}, {""ase_converged"": true, ""converged"": true, ""end_geometry_sha256"": ""a8a707ed4f680e002bc69631dc1e7ed242a2b80e1da72d5250db953b5c6dbf5b"", ""failure_class"": null, ""max_force_eV_A"": 0.07996900520530004, ""name"": ""bfgs_after_fire"", ""start_geometry_sha256"": ""aa38d13b238b3b59b6570de953a8d23e1f47516e2b886ea46889d5c8e78d3c83"", ""steps"": 252}]",a8a707ed4f680e002bc69631dc1e7ed242a2b80e1da72d5250db953b5c6dbf5b,-356.2448315993796,True,0.07820400432888737,85.0,100.0,0.08,converged,,bfgs_standard,"[{""ase_converged"": true, ""converged"": true, ""end_geometry_sha256"": ""0acdd29ee80359736cb7f9db385d0b91b867a65c615559331122d74ce62596cc"", ""failure_class"": null, ""max_force_eV_A"": 0.07820400432888737, ""name"": ""bfgs_standard"", ""start_geometry_sha256"": ""ee844f851a9eea8ef8a7cb8d9f45caef5a0625db9fb8447c2b6b152e35686a6a"", ""steps"": 85}]",0acdd29ee80359736cb7f9db385d0b91b867a65c615559331122d74ce62596cc,-2.282394585460424,True,0.07750436492538451,47.0,100.0,0.08,converged,,bfgs_standard,"[{""ase_converged"": true, ""converged"": true, ""end_geometry_sha256"": ""88af8b8789107672dd294f69f2ded9b2cbc8d29a25f22b0fbd3a9aa0900319ee"", ""failure_class"": null, ""max_force_eV_A"": 0.07750436492538451, ""name"": ""bfgs_standard"", ""start_geometry_sha256"": ""09a7f84a29f5ed8850652f264a7cce87e102dbd993cdb07445ce9f0c4a28a1d4"", ""steps"": 47}]",88af8b8789107672dd294f69f2ded9b2cbc8d29a25f22b0fbd3a9aa0900319ee,-2.701863371580864,True,0.07419925287987608,99.0,100.0,0.08,converged,,bfgs_standard,"[{""ase_converged"": true, ""converged"": true, ""end_geometry_sha256"": ""82f66e7363705eba2a36fb26067b971e7e6103ccaac9d940b6cdbbcd859aa9e9"", ""failure_class"": null, ""max_force_eV_A"": 0.07419925287987608, ""name"": ""bfgs_standard"", ""start_geometry_sha256"": ""6dd35147063f6b8feca65dcca8d62947909cc06d02edb9628d9d6e173e0f2019"", ""steps"": 99}]",82f66e7363705eba2a36fb26067b971e7e6103ccaac9d940b6cdbbcd859aa9e9,-4.979231406748319,3.0,step_4_H2O,8.0,0.0,True,4.984257957041288,0.9127014328916923,False,quantitative_screening,2,2,d398b5e59c62b8a871b3,False,
"('SolidCatalyst', 'Mn', 'Y2O3', 'fcc111', -0.08947368421052632, ('In', 'Cs'), 3, 0)",SolidCatalyst,True,esen-sm-conserving-all-oc25:relax-v4:orr-che-v3,True,0.07937509752337996,142,150,0.08,converged,,bfgs_standard,"[{""ase_converged"": true, ""converged"": true, ""end_geometry_sha256"": ""81c1338e4badf37aae6ef313ffcbe671687da369211cc7d4a9c08b85642d9ee4"", ""failure_class"": null, ""max_force_eV_A"": 0.07937509752337996, ""name"": ""bfgs_standard"", ""start_geometry_sha256"": ""40757768184e78f8ff5ceef95d7a1119d1ed9e2f5f8d0918318041227bd7bc5c"", ""steps"": 142}]",81c1338e4badf37aae6ef313ffcbe671687da369211cc7d4a9c08b85642d9ee4,-264.0531582465991,True,0.06093743890841749,84.0,100.0,0.08,converged,,bfgs_standard,"[{""ase_converged"": true, ""converged"": true, ""end_geometry_sha256"": ""48f052a20e4ad2f86d4ca4123db0e10aaaf7237c22542e72e7ce717409cb6e64"", ""failure_class"": null, ""max_force_eV_A"": 0.06093743890841749, ""name"": ""bfgs_standard"", ""start_geometry_sha256"": ""1c3c758dfdc366e6f64ec0bd6aeca4ad4ad1ebe1ea02c88ce79e35968fa0fae8"", ""steps"": 84}]",48f052a20e4ad2f86d4ca4123db0e10aaaf7237c22542e72e7ce717409cb6e64,-0.07790010914206508,True,0.078240617369195,42.0,100.0,0.08,converged,,bfgs_standard,"[{""ase_converged"": true, ""converged"": true, ""end_geometry_sha256"": ""009552fd657cc5b75f504ea3d91283bf3447e1dfc039d5c1cfacb133e4526acc"", ""failure_class"": null, ""max_force_eV_A"": 0.078240617369195, ""name"": ""bfgs_standard"", ""start_geometry_sha256"": ""e35fc3fe610dae26f5decba9bdcda3e4f32e4faf78b7bcb8c1d9835483c0cfea"", ""steps"": 42}]",009552fd657cc5b75f504ea3d91283bf3447e1dfc039d5c1cfacb133e4526acc,0.07996407821771996,True,0.07059427381686896,89.0,100.0,0.08,converged,,bfgs_standard,"[{""ase_converged"": true, ""converged"": true, ""end_geometry_sha256"": ""f7b46fbe5b2d2b67ee49666e7429bfeaa996998d85b6cf81298742a275e84bfd"", ""failure_class"": null, ""max_force_eV_A"": 0.07059427381686896, ""name"": ""bfgs_standard"", ""start_geometry_sha256"": ""390dd213be1cb35c06e9de6ad51841a134dadb33a16161ba72c4a50197d26acc"", ""steps"": 89}]",f7b46fbe5b2d2b67ee49666e7429bfeaa996998d85b6cf81298742a275e84bfd,-2.354350496828581,3.0,step_2_O,9.0,-0.09814342087963457,True,0.15786418735978502,0.9127014328916923,False,quantitative_screening,0,0,049692f2530a5ebad9c8,False,
"('SolidCatalyst', 'Mn', 'WO3', 'hcp1010', -0.06842105263157895, ('Re', 'S'), 3, 1)",SolidCatalyst,True,esen-sm-conserving-all-oc25:relax-v4:orr-che-v3,True,0.07479252316350804,69,150,0.08,converged,,bfgs_standard,"[{""ase_converged"": true, ""converged"": true, ""end_geometry_sha256"": ""4ebf4f1ec67b3192792c5b9b477140bf01250b674ac99fe56d277ab644e3326e"", ""failure_class"": null, ""max_force_eV_A"": 0.07479252316350804, ""name"": ""bfgs_standard"", ""start_geometry_sha256"": ""bff41cafdc23efd05749f2eaafed5984a7cd3d730a41ed24af992e7c6a12411b"", ""steps"": 69}]",4ebf4f1ec67b3192792c5b9b477140bf01250b674ac99fe56d277ab644e3326e,-288.5948299811303,True,0.07592081544884922,28.0,100.0,0.08,converged,,bfgs_standard,"[{""ase_converged"": true, ""converged"": true, ""end_geometry_sha256"": ""f6089079e79d3ea04375c9c3977a0ebc096b4c18c06ccd3df22ac99c07f03227"", ""failure_class"": null, ""max_force_eV_A"": 0.07592081544884922, ""name"": ""bfgs_standard"", ""start_geometry_sha256"": ""7cb25dcf69833d5d2374284c1c0cbfd50184ea12870c26e4aaa2ab27e65d7c5c"", ""steps"": 28}]",f6089079e79d3ea04375c9c3977a0ebc096b4c18c06ccd3df22ac99c07f03227,-0.58317965015769,True,0.06687349662929232,20.0,100.0,0.08,converged,,bfgs_standard,"[{""ase_converged"": true, ""converged"": true, ""end_geometry_sha256"": ""e1814ccfac499e85f1169e472728ac46f4bcd80f5855d7f869d5975e7ae9b9d0"", ""failure_class"": null, ""max_force_eV_A"": 0.06687349662929232, ""name"": ""bfgs_standard"", ""start_geometry_sha256"": ""59981aac6785e8521ad01d99fb71bbd5ef6f13e4fb9f46810cc611b8ff4b2d32"", ""steps"": 20}]",e1814ccfac499e85f1169e472728ac46f4bcd80f5855d7f869d5975e7ae9b9d0,-0.5518294207751999,True,0.06855266976539295,45.0,100.0,0.08,converged,,bfgs_standard,"[{""ase_converged"": true, ""converged"": true, ""end_geometry_sha256"": ""411ee3ab6b889766d8519c08adf6c791655e8eeb3d6f6969f403f4dc19e0a931"", ""failure_class"": null, ""max_force_eV_A"": 0.06855266976539295, ""name"": ""bfgs_standard"", ""start_geometry_sha256"": ""7dc61f4f63b04be684770a78775a8161f9b02e56c5dad41274200e8acdf04f76"", ""steps"": 45}]",411ee3ab6b889766d8519c08adf6c791655e8eeb3d6f6969f403f4dc19e0a931,-0.843384315073515,1.8121796501576901,step_4_H2O,9.0,-0.4220735402310798,True,1.13500907093289,0.7799556092414295,False,quantitative_screening,0,0,5e001b3d86ce61fc7eb9,False,
"('SolidCatalyst', 'Mn', 'BaTiO3', 'fcc110', 0.02631578947368421, ('Pb', 'N'), 4, 1)",SolidCatalyst,False,esen-sm-conserving-all-oc25:relax-v4:orr-che-v3,True,0.0639221244196843,82,150,0.08,converged,,bfgs_standard,"[{""ase_converged"": true, ""converged"": true, ""end_geometry_sha256"": ""f5f92a286b75ebe835bd4220993cdc0982f2cddd8542c8797fae15bab4bc192a"", ""failure_class"": null, ""max_force_eV_A"": 0.0639221244196843, ""name"": ""bfgs_standard"", ""start_geometry_sha256"": ""dd5f683ee025a0431d37a6d71ac1c9b8a1166fda3148d723a7d0df6fcfc838ee"", ""steps"": 82}]",f5f92a286b75ebe835bd4220993cdc0982f2cddd8542c8797fae15bab4bc192a,-277.17643031108867,True,0.07629085662773082,81.0,100.0,0.08,converged,,bfgs_standard,"[{""ase_converged"": true, ""converged"": true, ""end_geometry_sha256"": ""798cb4f3cc9cfbc6304fe2ed1d0b078fce8f1c8178c04bc546d9ace7322464fb"", ""failure_class"": null, ""max_force_eV_A"": 0.07629085662773082, ""name"": ""bfgs_standard"", ""start_geometry_sha256"": ""0f62b3c799389473d8dde062bfe95ee7561659db3b59d93152f287376e92a796"", ""steps"": 81}]",798cb4f3cc9cfbc6304fe2ed1d0b078fce8f1c8178c04bc546d9ace7322464fb,-0.15407198414206508,True,0.07880802332750216,45.0,100.0,0.08,converged,,bfgs_standard,"[{""ase_converged"": true, ""converged"": true, ""end_geometry_sha256"": ""30b82a6f49e0857141548e20926aa0e760e876beabc772b8c7768d07f8ff7672"", ""failure_class"": null, ""max_force_eV_A"": 0.07880802332750216, ""name"": ""bfgs_standard"", ""start_geometry_sha256"": ""f488c01e6884be5d923888dc2ede775c2ab73dc0f144c5c65bf3b8e253ba57b7"", ""steps"": 45}]",30b82a6f49e0857141548e20926aa0e760e876beabc772b8c7768d07f8ff7672,-0.10892208740117652,False,17.47717254193578,650.0,100.0,0.08,recovery_exhausted,force_threshold,fire_precondition,"[{""ase_converged"": false, ""converged"": false, ""end_geometry_sha256"": ""8f9dde14b7d28119303dd7478d28706c9987a631062b96553568024bfe48c073"", ""failure_class"": ""force_threshold"", ""max_force_eV_A"": 101.89625242311297, ""name"": ""bfgs_standard"", ""start_geometry_sha256"": ""0e3770e78f19c0755f8761f419c9a799d2fe7cf18a0dce4065d99311fc442904"", ""steps"": 100}, {""ase_converged"": false, ""converged"": false, ""end_geometry_sha256"": ""afbcf1301d4ab474d3bac35ab54335905c9fbe92bdda600c15c2f718d1727e1e"", ""failure_class"": ""force_threshold"", ""max_force_eV_A"": 17.47717254193578, ""name"": ""fire_precondition"", ""qualifying"": false, ""start_geometry_sha256"": ""0e3770e78f19c0755f8761f419c9a799d2fe7cf18a0dce4065d99311fc442904"", ""steps"": 50}, {""ase_converged"": false, ""converged"": false, ""end_geometry_sha256"": ""b5082e8ba5290c9832d5f6a57c01468e809380e85f37bdbcfec3ea438a1fddc3"", ""failure_class"": ""force_threshold"", ""max_force_eV_A"": 29.278171472727568, ""name"": ""bfgs_after_fire"", ""start_geometry_sha256"": ""afbcf1301d4ab474d3bac35ab54335905c9fbe92bdda600c15c2f718d1727e1e"", ""steps"": 200}, {""ase_converged"": false, ""converged"": false, ""end_geometry_sha256"": ""4f6d7c950fa09180363916ae3d4678636d525a6dca7afb88a341c3792da2c470"", ""failure_class"": ""force_threshold"", ""max_force_eV_A"": 34.565980311018734, ""name"": ""fire_small_step"", ""start_geometry_sha256"": ""afbcf1301d4ab474d3bac35ab54335905c9fbe92bdda600c15c2f718d1727e1e"", ""steps"": 300}]",afbcf1301d4ab474d3bac35ab54335905c9fbe92bdda600c15c2f718d1727e1e,,,,,,,,,True,validation_required,1,1,5a54f67114bd5493cdb1,False,Unconverged ooh relaxation: max_force=17.4772 eV/A after 650 cumulative recovery steps
"('SAC', 'V', 'N2O2', 'N-graphdiyne', 'H2O')",SAC,True,esen-sm-conserving-all-oc25:relax-v4:orr-che-v3,True,0.0570295955902314,54,150,0.08,converged,,bfgs_standard,"[{""ase_converged"": true, ""converged"": true, ""end_geometry_sha256"": ""ba5a9575a21e1d6258b7f267cd4212be431d0993e003b9fe2cfe4f7938611034"", ""failure_class"": null, ""max_force_eV_A"": 0.0570295955902314, ""name"": ""bfgs_standard"", ""start_geometry_sha256"": ""b2e96d7379a099347ea98a0fde3489c218051dcbc40844404cf2b798e58d2257"", ""steps"": 54}]",ba5a9575a21e1d6258b7f267cd4212be431d0993e003b9fe2cfe4f7938611034,-138.41973909058592,True,0.07484412785170697,62.0,100.0,0.08,converged,,bfgs_standard,"[{""ase_converged"": true, ""converged"": true, ""end_geometry_sha256"": ""05efd1dbf28fbb46a298719cfa02a62b0a720ee7b390de66fe24f1b0424aa75c"", ""failure_class"": null, ""max_force_eV_A"": 0.07484412785170697, ""name"": ""bfgs_standard"", ""start_geometry_sha256"": ""da4aa030df05a8383d05096fee4963a5847229ea5d73d4f4a6d53f071c8c7095"", ""steps"": 62}]",05efd1dbf28fbb46a298719cfa02a62b0a720ee7b390de66fe24f1b0424aa75c,-0.9294092033803463,True,0.07700099438862099,85.0,100.0,0.08,converged,,bfgs_standard,"[{""ase_converged"": true, ""converged"": true, ""end_geometry_sha256"": ""0eb4fd6cfe8b6f363b902b6bad356f7332a0fbbf65bde38663c077018b2070ff"", ""failure_class"": null, ""max_force_eV_A"": 0.07700099438862099, ""name"": ""bfgs_standard"", ""start_geometry_sha256"": ""10e5b544b07faa8f5ddf5d2423e271a4aae74327239954aa844f5bb204601432"", ""steps"": 85}]",0eb4fd6cfe8b6f363b902b6bad356f7332a0fbbf65bde38663c077018b2070ff,-2.8059676520526375,True,0.07327420980237047,69.0,100.0,0.08,converged,,bfgs_standard,"[{""ase_converged"": true, ""converged"": true, ""end_geometry_sha256"": ""5c2b9b64b6994798ec7cebbd911284a4e0377e1819dcb0405c845bbd9b6229ad"", ""failure_class"": null, ""max_force_eV_A"": 0.07327420980237047, ""name"": ""bfgs_standard"", ""start_geometry_sha256"": ""d285f21f36ea6dcdc42d9f1eead670095e1d77c5fa106338604fb0b180ed148e"", ""steps"": 69}]",5c2b9b64b6994798ec7cebbd911284a4e0377e1819dcb0405c845bbd9b6229ad,2.548225830495361,3.0,step_3_OH,9.0,0.0,True,3.7353768554329836,0.610000000035,False,quantitative_screening,0,0,ef0b40330f2ed52b188d,False,
"('SAC', 'V', 'N4_pyrrole', 'BN_sheet', 'pyridine')",SAC,True,esen-sm-conserving-all-oc25:relax-v4:orr-che-v3,True,0.0688363240007514,50,150,0.08,converged,,bfgs_standard,"[{""ase_converged"": true, ""converged"": true, ""end_geometry_sha256"": ""41d7251630dc0b6375f0fc97210254beeedd9890ff565abd739b92a6396d1cc8"", ""failure_class"": null, ""max_force_eV_A"": 0.0688363240007514, ""name"": ""bfgs_standard"", ""start_geometry_sha256"": ""1554fb1a69e738bd257904239e6833a6e54c33aa8ed200e7873fa92149327c34"", ""steps"": 50}]",41d7251630dc0b6375f0fc97210254beeedd9890ff565abd739b92a6396d1cc8,-144.82623300278038,True,0.06648551870549763,30.0,100.0,0.08,converged,,bfgs_standard,"[{""ase_converged"": true, ""converged"": true, ""end_geometry_sha256"": ""a96d9f2c955ebf42251f1d704f4abf496dbab7b684a64d0f89adef7eb6e4f2f6"", ""failure_class"": null, ""max_force_eV_A"": 0.06648551870549763, ""name"": ""bfgs_standard"", ""start_geometry_sha256"": ""417db4ad532a8b618d9a5f11f67c8c58be83173c23fc08e9382ffee1784197ba"", ""steps"": 30}]",a96d9f2c955ebf42251f1d704f4abf496dbab7b684a64d0f89adef7eb6e4f2f6,1.6816045667231083,True,0.07060602377451922,35.0,100.0,0.08,converged,,bfgs_standard,"[{""ase_converged"": true, ""converged"": true, ""end_geometry_sha256"": ""f10f4c19483cd62d737112aa65c693fd6e2642bc360a5cdb159a907c979a2b95"", ""failure_class"": null, ""max_force_eV_A"": 0.07060602377451922, ""name"": ""bfgs_standard"", ""start_geometry_sha256"": ""72d8b06c638d5cd3b53f387aff0fb071ed26cfcd151e88fc07a71332357657a4"", ""steps"": 35}]",f10f4c19483cd62d737112aa65c693fd6e2642bc360a5cdb159a907c979a2b95,3.8998792536556754,True,0.07435930528361429,31.0,100.0,0.08,converged,,bfgs_standard,"[{""ase_converged"": true, ""converged"": true, ""end_geometry_sha256"": ""0b9ac05d36db3b84435cc75f73dfb5c1910c8f6de5e34d7ccd3af0ac6edc98fd"", ""failure_class"": null, ""max_force_eV_A"": 0.07435930528361429, ""name"": ""bfgs_standard"", ""start_geometry_sha256"": ""3e529275e0c125c81ee4775163abeedfa901767408772aaea864caef1c6170fb"", ""steps"": 31}]",0b9ac05d36db3b84435cc75f73dfb5c1910c8f6de5e34d7ccd3af0ac6edc98fd,4.698588202893738,1.0075882028937384,step_1_OOH,9.0,0.0,True,5.581483820378784,0.610000000035,False,quantitative_screening,2,2,45a99bca03a0b406b096,False,
"('SAC', 'V', 'N2Se2', 'BN_sheet', 'pyridine')",SAC,True,esen-sm-conserving-all-oc25:relax-v4:orr-che-v3,True,0.07206132670561223,49,150,0.08,converged,,bfgs_standard,"[{""ase_converged"": true, ""converged"": true, ""end_geometry_sha256"": ""ad3e385c331b4a9b641958d29c799d6d36796bb73d3dfc2abc2c83bf51dee8b9"", ""failure_class"": null, ""max_force_eV_A"": 0.07206132670561223, ""name"": ""bfgs_standard"", ""start_geometry_sha256"": ""c5b41a391cf48fb50f43b162db214813cdfe3d78a866d7da45bb5647fa4b764d"", ""steps"": 49}]",ad3e385c331b4a9b641958d29c799d6d36796bb73d3dfc2abc2c83bf51dee8b9,-144.825537058948,True,0.06510105488660177,30.0,100.0,0.08,converged,,bfgs_standard,"[{""ase_converged"": true, ""converged"": true, ""end_geometry_sha256"": ""848baf6128312ff03a8960613b33597b197122522b1a9c908d76d0727a0037e4"", ""failure_class"": null, ""max_force_eV_A"": 0.06510105488660177, ""name"": ""bfgs_standard"", ""start_geometry_sha256"": ""0b6ab43d2cd58603d142be5b6dff098b820d670d0ede4fcdd97b640065b774dd"", ""steps"": 30}]",848baf6128312ff03a8960613b33597b197122522b1a9c908d76d0727a0037e4,1.6804849530756474,True,0.06915714000704462,35.0,100.0,0.08,converged,,bfgs_standard,"[{""ase_converged"": true, ""converged"": true, ""end_geometry_sha256"": ""24c7d8a747fdf6bd0e57e42313620d851277b485860126c9706580f09577ec32"", ""failure_class"": null, ""max_force_eV_A"": 0.06915714000704462, ""name"": ""bfgs_standard"", ""start_geometry_sha256"": ""62c51df6fc0fbe046317ce7652efc4e3a1146a00e2c4bcfdc2a78ed397cf14a2"", ""steps"": 35}]",24c7d8a747fdf6bd0e57e42313620d851277b485860126c9706580f09577ec32,3.898934400826696,True,0.07421562599834904,31.0,100.0,0.08,converged,,bfgs_standard,"[{""ase_converged"": true, ""converged"": true, ""end_geometry_sha256"": ""c3f1f79c2ffad426d9ce373e032b9692255ea081fd737a54f50664ffd1846745"", ""failure_class"": null, ""max_force_eV_A"": 0.07421562599834904, ""name"": ""bfgs_standard"", ""start_geometry_sha256"": ""4154c4ac9ec7c978a37ee8018978cc5dbdf516df555c92a161efcc2921578c72"", ""steps"": 31}]",c3f1f79c2ffad426d9ce373e032b9692255ea081fd737a54f50664ffd1846745,4.697836469113831,1.0068364691138312,step_1_OOH,9.0,0.0,True,5.579419353902344,0.610000000035,False,quantitative_screening,2,2,a4e986eea2d1b2531354,False,
"('SAC', 'V', 'O4', 'N-graphdiyne', 'pyridine')",SAC,True,esen-sm-conserving-all-oc25:relax-v4:orr-che-v3,True,0.07822426256646077,82,150,0.08,converged,,bfgs_standard,"[{""ase_converged"": true, ""converged"": true, ""end_geometry_sha256"": ""769941d5827b33b028355209cce1c76643589b5024a5f8ce831946ce8826c1ca"", ""failure_class"": null, ""max_force_eV_A"": 0.07822426256646077, ""name"": ""bfgs_standard"", ""start_geometry_sha256"": ""7777873b31656efa9370fe6b310d538c37f9a37ec041db491f39e475534b8102"", ""steps"": 82}]",769941d5827b33b028355209cce1c76643589b5024a5f8ce831946ce8826c1ca,-138.55354228163208,True,0.06260469928954532,222.0,100.0,0.08,converged,,bfgs_after_fire,"[{""ase_converged"": false, ""converged"": false, ""end_geometry_sha256"": ""aa8988bc75da143c526e6721bf9cbabae8c2cbfb8dfbb9681ce71ffd2228f9e4"", ""failure_class"": ""force_threshold"", ""max_force_eV_A"": 0.10426492230658242, ""name"": ""bfgs_standard"", ""start_geometry_sha256"": ""dd24f6cc6a8441637c59e30c2f0e3cb8cbc1e4d210ca004e476656143f8f62d8"", ""steps"": 100}, {""ase_converged"": true, ""converged"": true, ""end_geometry_sha256"": ""9bc1e5785d2dc6a72e08e3f5c3793fe8b089f1f8d1490da6be4e7e99916fdeea"", ""failure_class"": null, ""max_force_eV_A"": 0.23772293404447506, ""name"": ""fire_precondition"", ""qualifying"": false, ""start_geometry_sha256"": ""dd24f6cc6a8441637c59e30c2f0e3cb8cbc1e4d210ca004e476656143f8f62d8"", ""steps"": 26}, {""ase_converged"": true, ""converged"": true, ""end_geometry_sha256"": ""e0b252e7f477a7c2b5de71fc069257d314d417a776a51d03e31a3e02fd65f826"", ""failure_class"": null, ""max_force_eV_A"": 0.06260469928954532, ""name"": ""bfgs_after_fire"", ""start_geometry_sha256"": ""9bc1e5785d2dc6a72e08e3f5c3793fe8b089f1f8d1490da6be4e7e99916fdeea"", ""steps"": 96}]",e0b252e7f477a7c2b5de71fc069257d314d417a776a51d03e31a3e02fd65f826,0.5491331245005131,True,0.06840016425358962,95.0,100.0,0.08,converged,,bfgs_standard,"[{""ase_converged"": true, ""converged"": true, ""end_geometry_sha256"": ""dd7bb2c7c717fae01044f1eab36bd9217ba61b689b3d853419a0aa79c9b5ac5c"", ""failure_class"": null, ""max_force_eV_A"": 0.06840016425358962, ""name"": ""bfgs_standard"", ""start_geometry_sha256"": ""655a5c96fa11b78b60da3510074a233e38ea33023521ade7339453c27fc5df59"", ""steps"": 95}]",dd7bb2c7c717fae01044f1eab36bd9217ba61b689b3d853419a0aa79c9b5ac5c,2.132587350159887,True,0.0735994092153773,53.0,100.0,0.08,converged,,bfgs_standard,"[{""ase_converged"": true, ""converged"": true, ""end_geometry_sha256"": ""83008da9a9a56d79e45798a3cc011099f58b8a9c1296449e6ca973486fd517a0"", ""failure_class"": null, ""max_force_eV_A"": 0.0735994092153773, ""name"": ""bfgs_standard"", ""start_geometry_sha256"": ""6ba850dc32fa8801855c9a4248cc6cee5a2b28fac966d87c25f0978ce69fc289"", ""steps"": 53}]",83008da9a9a56d79e45798a3cc011099f58b8a9c1296449e6ca973486fd517a0,5.3613237842917485,1.6703237842917487,step_1_OOH,9.0,0.0,True,2.6817204746604,0.610000000035,False,quantitative_screening,0,0,4331944167c59fde28ed,False,
"('SAC', 'V', 'C4', 'N-graphene', 'imidazole')",SAC,True,esen-sm-conserving-all-oc25:relax-v4:orr-che-v3,True,0.06205292725024321,50,150,0.08,converged,,bfgs_standard,"[{""ase_converged"": true, ""converged"": true, ""end_geometry_sha256"": ""cecd9b9ebdaf510cd52bac331aa9f2234bd107f9f3ee44ed6fad21ac935c3df6"", ""failure_class"": null, ""max_force_eV_A"": 0.06205292725024321, ""name"": ""bfgs_standard"", ""start_geometry_sha256"": ""e1887a9c0bd49b222b12e38c24eb51bc1416d268d3f5c00908ad0ff6152e2181"", ""steps"": 50}]",cecd9b9ebdaf510cd52bac331aa9f2234bd107f9f3ee44ed6fad21ac935c3df6,-144.75487210445004,True,0.07160756154391835,26.0,100.0,0.08,converged,,bfgs_standard,"[{""ase_converged"": true, ""converged"": true, ""end_geometry_sha256"": ""f620f0ce5fe530e9f26e5adc138dfea04f294522c830a418925d2491892b2d75"", ""failure_class"": null, ""max_force_eV_A"": 0.07160756154391835, ""name"": ""bfgs_standard"", ""start_geometry_sha256"": ""32922329ffd7727ff23620a6fdb9ea5e0f7bbfcb19f2bd8d747ffabf672124e3"", ""steps"": 26}]",f620f0ce5fe530e9f26e5adc138dfea04f294522c830a418925d2491892b2d75,2.4105373050272467,True,0.07544429283178748,57.0,100.0,0.08,converged,,bfgs_standard,"[{""ase_converged"": true, ""converged"": true, ""end_geometry_sha256"": ""601aa5b17673908cc186c39db5414777a66cce3045b37cc611a42691c02c54ca"", ""failure_class"": null, ""max_force_eV_A"": 0.07544429283178748, ""name"": ""bfgs_standard"", ""start_geometry_sha256"": ""275bd3952a7166bfc1c63ba0a6c8a901c718ec4ae1bdb0af27b0604fac3cbd3c"", ""steps"": 57}]",601aa5b17673908cc186c39db5414777a66cce3045b37cc611a42691c02c54ca,3.771611846238378,True,0.07809581759954325,62.0,100.0,0.08,converged,,bfgs_standard,"[{""ase_converged"": true, ""converged"": true, ""end_geometry_sha256"": ""6005284fad80a1bc2b69ae1525e189e75dc8cbfff2027dd9ca48bc01af5b0477"", ""failure_class"": null, ""max_force_eV_A"": 0.07809581759954325, ""name"": ""bfgs_standard"", ""start_geometry_sha256"": ""b5ffaaf0f4dfbef6243933cb33226965f7669905f1ee253e3a036aca52564a70"", ""steps"": 62}]",6005284fad80a1bc2b69ae1525e189e75dc8cbfff2027dd9ca48bc01af5b0477,4.941882799565796,1.2508827995657965,step_1_OOH,9.0,0.0,True,6.182149151265625,0.610000000035,False,quantitative_screening,2,2,519be34b92a465a59a42,False,
"('SAC', 'Cr', 'N4', 'N-graphene', 'imidazole')",SAC,True,esen-sm-conserving-all-oc25:relax-v4:orr-che-v3,True,0.07189604479650784,42,150,0.08,converged,,bfgs_standard,"[{""ase_converged"": true, ""converged"": true, ""end_geometry_sha256"": ""4bd2c052dfd4228da59fc349a6fd7e486f3878b360f9d2e403541d171bcd26d9"", ""failure_class"": null, ""max_force_eV_A"": 0.07189604479650784, ""name"": ""bfgs_standard"", ""start_geometry_sha256"": ""81bba2ac197931c1ec69bf60981c3da8c915581434664cc3b9f05615e321158a"", ""steps"": 42}]",4bd2c052dfd4228da59fc349a6fd7e486f3878b360f9d2e403541d171bcd26d9,-144.21810416744515,True,0.06834802160505693,24.0,100.0,0.08,converged,,bfgs_standard,"[{""ase_converged"": true, ""converged"": true, ""end_geometry_sha256"": ""63eb38ebac6185dcc9bd6582dde5c3042b23646c7298cc06f8243ec89e80757a"", ""failure_class"": null, ""max_force_eV_A"": 0.06834802160505693, ""name"": ""bfgs_standard"", ""start_geometry_sha256"": ""82e4f9656f1d34b4421a20284f8918ee6e0574d0377d0be13e9aeb9c1affdcff"", ""steps"": 24}]",63eb38ebac6185dcc9bd6582dde5c3042b23646c7298cc06f8243ec89e80757a,2.3498180533945563,True,0.06342622165377523,55.0,100.0,0.08,converged,,bfgs_standard,"[{""ase_converged"": true, ""converged"": true, ""end_geometry_sha256"": ""0fa5577111f3ae45b707e67469aadcf5bb2b6e21e1501e308b7621ec2f12bdfc"", ""failure_class"": null, ""max_force_eV_A"": 0.06342622165377523, ""name"": ""bfgs_standard"", ""start_geometry_sha256"": ""8ff93ed6e3936fc73cae8e620379359e62ebd8a9e5c3252fe6a51130b4ab5d51"", ""steps"": 55}]",0fa5577111f3ae45b707e67469aadcf5bb2b6e21e1501e308b7621ec2f12bdfc,4.277043259888891,True,0.0666902767053776,57.0,100.0,0.08,converged,,bfgs_standard,"[{""ase_converged"": true, ""converged"": true, ""end_geometry_sha256"": ""426501fac19bbe12a15303a96acf2ac0273dd861e92057e0d34fe2625931540a"", ""failure_class"": null, ""max_force_eV_A"": 0.0666902767053776, ""name"": ""bfgs_standard"", ""start_geometry_sha256"": ""5e87ce721dd89970866c321f13156f9b3b8772c362d930a6d8f7690e2205b602"", ""steps"": 57}]",426501fac19bbe12a15303a96acf2ac0273dd861e92057e0d34fe2625931540a,4.889419983327393,1.1984199833273932,step_1_OOH,9.0,0.0,True,6.626861313283447,0.610000000035,False,quantitative_screening,2,2,6094f6fd01aeb2cf21c3,False,
"('SAC', 'Cr', 'N3B', 'N-porous_carbon', 'none')",SAC,True,esen-sm-conserving-all-oc25:relax-v4:orr-che-v3,True,0.06302653034138588,73,150,0.08,converged,,bfgs_standard,"[{""ase_converged"": true, ""converged"": true, ""end_geometry_sha256"": ""c5cc221df1be77d10d56a361e714a9a692277aeb8ba45be7703f76a16f6bcb8a"", ""failure_class"": null, ""max_force_eV_A"": 0.06302653034138588, ""name"": ""bfgs_standard"", ""start_geometry_sha256"": ""fc1c83eab8ca6329b99eaafdb6b9bd4b7cbfc770d042dac8f78b7893c5789970"", ""steps"": 73}]",c5cc221df1be77d10d56a361e714a9a692277aeb8ba45be7703f76a16f6bcb8a,-133.1183670163465,True,0.07569828186237738,36.0,100.0,0.08,converged,,bfgs_standard,"[{""ase_converged"": true, ""converged"": true, ""end_geometry_sha256"": ""c8913c0477b1849338b3afdeca33ca196e6b66768934e319f641c5e268b22867"", ""failure_class"": null, ""max_force_eV_A"": 0.07569828186237738, ""name"": ""bfgs_standard"", ""start_geometry_sha256"": ""d3b0de51f90596d20271daaad9495281706a3e3ba9d6104c296ba912cd064e77"", ""steps"": 36}]",c8913c0477b1849338b3afdeca33ca196e6b66768934e319f641c5e268b22867,-1.0896519993245601,True,0.07592504556155162,82.0,100.0,0.08,converged,,bfgs_standard,"[{""ase_converged"": true, ""converged"": true, ""end_geometry_sha256"": ""8f5171afc6f75c076c68f452fb7e5ce5e2b89905f51a4b3fc1971326cb8ecfa1"", ""failure_class"": null, ""max_force_eV_A"": 0.07592504556155162, ""name"": ""bfgs_standard"", ""start_geometry_sha256"": ""f55f53c2908a4517a2c8b47e187f560d854529ce1584601dcb54d7b2daac8be9"", ""steps"": 82}]",8f5171afc6f75c076c68f452fb7e5ce5e2b89905f51a4b3fc1971326cb8ecfa1,-0.9810911051928961,True,0.0789133840525443,72.0,100.0,0.08,converged,,bfgs_standard,"[{""ase_converged"": true, ""converged"": true, ""end_geometry_sha256"": ""ab3009cbb7656743184b8d033d98366e93da6d7ff2d270d295a14f8bbe242cab"", ""failure_class"": null, ""max_force_eV_A"": 0.0789133840525443, ""name"": ""bfgs_standard"", ""start_geometry_sha256"": ""da9cf704d7909f9b8148215c7cf55f31d8e5ab98f8e3977681a4e9b4988ebffc"", ""steps"": 72}]",ab3009cbb7656743184b8d033d98366e93da6d7ff2d270d295a14f8bbe242cab,-0.0019350543618166516,2.31865199932456,step_4_H2O,9.0,0.0,True,2.0707431045174562,0.610000000035,False,quantitative_screening,1,1,b5725b217097ea06ca83,False,
"('SAC', 'Cr', 'N3P', 'N-porous_carbon', 'none')",SAC,True,esen-sm-conserving-all-oc25:relax-v4:orr-che-v3,True,0.06949305205503974,58,150,0.08,converged,,bfgs_standard,"[{""ase_converged"": true, ""converged"": true, ""end_geometry_sha256"": ""b86f6225eb46f38be9f0e65ba3b08038fc30143ad27d5093c772161a7ce1c911"", ""failure_class"": null, ""max_force_eV_A"": 0.06949305205503974, ""name"": ""bfgs_standard"", ""start_geometry_sha256"": ""5d4fcedfc09e887a2ec57e85c8b0adf1cbd96f516d3badd5a8d662ae56de1e97"", ""steps"": 58}]",b86f6225eb46f38be9f0e65ba3b08038fc30143ad27d5093c772161a7ce1c911,-131.6952567199088,True,0.06939510399089313,54.0,100.0,0.08,converged,,bfgs_standard,"[{""ase_converged"": true, ""converged"": true, ""end_geometry_sha256"": ""e802d5cad50bf48d08b6aa63f06f478a5bdb450b6a141320211b782beed00899"", ""failure_class"": null, ""max_force_eV_A"": 0.06939510399089313, ""name"": ""bfgs_standard"", ""start_geometry_sha256"": ""06a122a98a428766154fd79942cc83281b2e62ae7d282f158ab79b4c20b6dc50"", ""steps"": 54}]",e802d5cad50bf48d08b6aa63f06f478a5bdb450b6a141320211b782beed00899,-0.9707972382009029,True,0.06897458662257103,64.0,100.0,0.08,converged,,bfgs_standard,"[{""ase_converged"": true, ""converged"": true, ""end_geometry_sha256"": ""bbd923492f8f7d16b1d85cea74a9fa3f01aba6f104bd711fce7e8004b423de73"", ""failure_class"": null, ""max_force_eV_A"": 0.06897458662257103, ""name"": ""bfgs_standard"", ""start_geometry_sha256"": ""b621dc269eeed9a3195a5724303f9cda4cd85e8733e3d83a96e73ca6ff539254"", ""steps"": 64}]",bbd923492f8f7d16b1d85cea74a9fa3f01aba6f104bd711fce7e8004b423de73,-1.1208203665912115,True,0.06958608556168092,219.0,100.0,0.08,converged,,bfgs_after_fire,"[{""ase_converged"": false, ""converged"": false, ""end_geometry_sha256"": ""a086f3ebf4af16aac952715cc1c659e0a4c0ab79a946abaa62d3859a3d92e7ca"", ""failure_class"": ""force_threshold"", ""max_force_eV_A"": 9.01565692264129, ""name"": ""bfgs_standard"", ""start_geometry_sha256"": ""7d9a265f0cfbb44b75cf4c178402b32551e7d32b467ce2458be2a1bdd5c8a5cd"", ""steps"": 100}, {""ase_converged"": false, ""converged"": false, ""end_geometry_sha256"": ""92fd48410e06de51464a71e69f3ee87880f85952b5df34d4c8ae6d4a36cc31b0"", ""failure_class"": ""force_threshold"", ""max_force_eV_A"": 2.2454535471523167, ""name"": ""fire_precondition"", ""qualifying"": false, ""start_geometry_sha256"": ""7d9a265f0cfbb44b75cf4c178402b32551e7d32b467ce2458be2a1bdd5c8a5cd"", ""steps"": 50}, {""ase_converged"": true, ""converged"": true, ""end_geometry_sha256"": ""d75aacc0c1888707d90d39cc9ebba624680b210782adcc5888923b2a67b911fc"", ""failure_class"": null, ""max_force_eV_A"": 0.06958608556168092, ""name"": ""bfgs_after_fire"", ""start_geometry_sha256"": ""92fd48410e06de51464a71e69f3ee87880f85952b5df34d4c8ae6d4a36cc31b0"", ""steps"": 69}]",d75aacc0c1888707d90d39cc9ebba624680b210782adcc5888923b2a67b911fc,-1.1683016315102543,2.199797238200903,step_4_H2O,9.0,0.0,True,2.0916176047921144,0.610000000035,False,quantitative_screening,2,2,e71437594633788532ad,False,
"('SAC', 'Cr', 'N2S2', 'N-CNT', 'none')",SAC,True,esen-sm-conserving-all-oc25:relax-v4:orr-che-v3,True,0.07500949523863246,92,150,0.08,converged,,bfgs_standard,"[{""ase_converged"": true, ""converged"": true, ""end_geometry_sha256"": ""f117e789cf1e0406e91657a09a12ee28993dc3ebc46b98d658d40e9f1ef616c7"", ""failure_class"": null, ""max_force_eV_A"": 0.07500949523863246, ""name"": ""bfgs_standard"", ""start_geometry_sha256"": ""5ebc166a36b74ba026aa34128442c6b5420c52eb55a91cb4648e91d23d0d2dc0"", ""steps"": 92}]",f117e789cf1e0406e91657a09a12ee28993dc3ebc46b98d658d40e9f1ef616c7,-126.7101212008013,True,0.07519592690398225,82.0,100.0,0.08,converged,,bfgs_standard,"[{""ase_converged"": true, ""converged"": true, ""end_geometry_sha256"": ""206325f7b2bc72bb531d2eb79e1282184fc84e433f5630d244f9e825e7cf1e0c"", ""failure_class"": null, ""max_force_eV_A"": 0.07519592690398225, ""name"": ""bfgs_standard"", ""start_geometry_sha256"": ""7f8075894953e8e90c4c466f4aed303476bf06bf880cefa99e41263235fc9702"", ""steps"": 82}]",206325f7b2bc72bb531d2eb79e1282184fc84e433f5630d244f9e825e7cf1e0c,-0.14210003361105922,True,0.05634462020363627,44.0,100.0,0.08,converged,,bfgs_standard,"[{""ase_converged"": true, ""converged"": true, ""end_geometry_sha256"": ""fe375044b79379eceb266b02ce3ebfb2e2158330d3fc841f0aba4b45fe12303e"", ""failure_class"": null, ""max_force_eV_A"": 0.05634462020363627, ""name"": ""bfgs_standard"", ""start_geometry_sha256"": ""a83dc70615e60e242c35d211df31f8942bcf7d45548475ae97fb310a9d4c22a2"", ""steps"": 44}]",fe375044b79379eceb266b02ce3ebfb2e2158330d3fc841f0aba4b45fe12303e,-0.5418306224048102,True,0.07832422690117255,248.0,100.0,0.08,converged,,bfgs_after_fire,"[{""ase_converged"": false, ""converged"": false, ""end_geometry_sha256"": ""4c7e3ba008846c3c68c14259768e3a86b1d52cb7e40256f0ac465bb765aeec33"", ""failure_class"": ""force_threshold"", ""max_force_eV_A"": 0.1738828246004501, ""name"": ""bfgs_standard"", ""start_geometry_sha256"": ""96ec366706f0e43cbdad6230d3ac877abf0e1e3b0bc0dd574bbf526deee50871"", ""steps"": 100}, {""ase_converged"": false, ""converged"": false, ""end_geometry_sha256"": ""ade5bddd73297f0fc8c2ac0d8147e1fc9733304090f93ddc80facc95c0fb3533"", ""failure_class"": ""force_threshold"", ""max_force_eV_A"": 0.4093161096462667, ""name"": ""fire_precondition"", ""qualifying"": false, ""start_geometry_sha256"": ""96ec366706f0e43cbdad6230d3ac877abf0e1e3b0bc0dd574bbf526deee50871"", ""steps"": 50}, {""ase_converged"": true, ""converged"": true, ""end_geometry_sha256"": ""ceb3bc0c8552c2cdfbe77718c5f29e9679562740a4a4a153fb31a0eb7b21d9a7"", ""failure_class"": null, ""max_force_eV_A"": 0.07832422690117255, ""name"": ""bfgs_after_fire"", ""start_geometry_sha256"": ""ade5bddd73297f0fc8c2ac0d8147e1fc9733304090f93ddc80facc95c0fb3533"", ""steps"": 98}]",ceb3bc0c8552c2cdfbe77718c5f29e9679562740a4a4a153fb31a0eb7b21d9a7,-0.3792334094643557,1.628730588793751,step_3_OH,9.0,0.0,True,0.6839306560158693,0.610000000035,False,quantitative_screening,0,0,5818e3d299c1868edb40,False,
"('SAC', 'Cr', 'N3O', 'MoS2_sheet', 'none')",SAC,True,esen-sm-conserving-all-oc25:relax-v4:orr-che-v3,True,0.06682713896941919,119,150,0.08,converged,,bfgs_standard,"[{""ase_converged"": true, ""converged"": true, ""end_geometry_sha256"": ""02f3af18a1422d0eb0bc30ea2a3edb666c53e0d8f38e0a613ce1f3fd8c967f34"", ""failure_class"": null, ""max_force_eV_A"": 0.06682713896941919, ""name"": ""bfgs_standard"", ""start_geometry_sha256"": ""7278ca46d0017467834e7ac1067bdfb2f168b453af03c9d70a4e37217576544c"", ""steps"": 119}]",02f3af18a1422d0eb0bc30ea2a3edb666c53e0d8f38e0a613ce1f3fd8c967f34,-134.17123310494276,True,0.07467237906742513,57.0,100.0,0.08,converged,,bfgs_standard,"[{""ase_converged"": true, ""converged"": true, ""end_geometry_sha256"": ""4fa5ff9a11fae5d58afdb70abf09049116eedef400ae1b4505799cb3fe0a7558"", ""failure_class"": null, ""max_force_eV_A"": 0.07467237906742513, ""name"": ""bfgs_standard"", ""start_geometry_sha256"": ""00c95a1709746a7c13fffc743b9617a9582512ed9175e4ab0b21d32c2e2cef27"", ""steps"": 57}]",4fa5ff9a11fae5d58afdb70abf09049116eedef400ae1b4505799cb3fe0a7558,0.06080514445900914,True,0.06971081467599041,61.0,100.0,0.08,converged,,bfgs_standard,"[{""ase_converged"": true, ""converged"": true, ""end_geometry_sha256"": ""9d3aeef49c2277dd92ddecc50576875fb1f70e33e4b1e4b4dbda3821aa1e5915"", ""failure_class"": null, ""max_force_eV_A"": 0.06971081467599041, ""name"": ""bfgs_standard"", ""start_geometry_sha256"": ""9f8decd4b559453f53ec65dc64320baf5218a866feaf5124a1a183fbe55f885e"", ""steps"": 61}]",9d3aeef49c2277dd92ddecc50576875fb1f70e33e4b1e4b4dbda3821aa1e5915,-0.94531019851565,True,0.06884058513524655,242.0,100.0,0.08,converged,,bfgs_after_fire,"[{""ase_converged"": false, ""converged"": false, ""end_geometry_sha256"": ""3af02799746f7d06f5015a800350ffe48004dd7eecb21663e3cbba1420a475fb"", ""failure_class"": ""force_threshold"", ""max_force_eV_A"": 0.0896429281282497, ""name"": ""bfgs_standard"", ""start_geometry_sha256"": ""ee52c3b113565826c89e57aa440c77f2f4555941b1e011d2a218fe7ac19e23bf"", ""steps"": 100}, {""ase_converged"": true, ""converged"": true, ""end_geometry_sha256"": ""27e86324f2caa38af9e4ef796e745a681bf6554aa2dd39dab6f858ff983e2274"", ""failure_class"": null, ""max_force_eV_A"": 0.24214466070753027, ""name"": ""fire_precondition"", ""qualifying"": false, ""start_geometry_sha256"": ""ee52c3b113565826c89e57aa440c77f2f4555941b1e011d2a218fe7ac19e23bf"", ""steps"": 39}, {""ase_converged"": true, ""converged"": true, ""end_geometry_sha256"": ""c9a18db7fc1b7c76f13c7334532cbe1367539dc05aacf6b36e8f0d8a8cf8962d"", ""failure_class"": null, ""max_force_eV_A"": 0.06884058513524655, ""name"": ""bfgs_after_fire"", ""start_geometry_sha256"": ""27e86324f2caa38af9e4ef796e745a681bf6554aa2dd39dab6f858ff983e2274"", ""steps"": 103}]",c9a18db7fc1b7c76f13c7334532cbe1367539dc05aacf6b36e8f0d8a8cf8962d,-0.46830992847680686,2.2351153429746593,step_3_OH,9.0,0.0,True,1.0061153429746592,0.610000000035,False,quantitative_screening,1,1,cbe810de8208859f9103,False,
"('DAC', 'V', 'Rh', 'N4O2', 'Phosphorene')",DAC,True,esen-sm-conserving-all-oc25:relax-v4:orr-che-v3,True,0.07513396793949728,100,150,0.08,converged,,bfgs_standard,"[{""ase_converged"": true, ""converged"": true, ""end_geometry_sha256"": ""8dcba068d9aed7a5f527b1ad85072439dc291cc0236cfa45c2dd5f054da0c948"", ""failure_class"": null, ""max_force_eV_A"": 0.07513396793949728, ""name"": ""bfgs_standard"", ""start_geometry_sha256"": ""48459fee8575059ece72d61d57b62f8c43c961df1899c935c863a3a215e94bea"", ""steps"": 100}]",8dcba068d9aed7a5f527b1ad85072439dc291cc0236cfa45c2dd5f054da0c948,-136.07439518160717,True,0.07409216707322365,68.0,100.0,0.08,converged,,bfgs_standard,"[{""ase_converged"": true, ""converged"": true, ""end_geometry_sha256"": ""5aa56838540352bef7a82f7e70bfcfd0a0b8180a4ac46fb9eb9a30b63b272ef8"", ""failure_class"": null, ""max_force_eV_A"": 0.07409216707322365, ""name"": ""bfgs_standard"", ""start_geometry_sha256"": ""2558beaa8bc462ee1671abc5168e1c359701781760e341d0d22836176913e41b"", ""steps"": 68}]",5aa56838540352bef7a82f7e70bfcfd0a0b8180a4ac46fb9eb9a30b63b272ef8,-0.8538572166860103,True,0.07745987754740415,62.0,100.0,0.08,converged,,bfgs_standard,"[{""ase_converged"": true, ""converged"": true, ""end_geometry_sha256"": ""8c66a8ea51daadc2ad136b1869bf22e77b2d905ceecaf425c7af001b302f028f"", ""failure_class"": null, ""max_force_eV_A"": 0.07745987754740415, ""name"": ""bfgs_standard"", ""start_geometry_sha256"": ""c8e645f10a7141903fc4d546774d1bdb4148cecfbd599711414732a2ff413d97"", ""steps"": 62}]",8c66a8ea51daadc2ad136b1869bf22e77b2d905ceecaf425c7af001b302f028f,-0.8503437869250738,True,0.05678139658634948,91.0,100.0,0.08,converged,,bfgs_standard,"[{""ase_converged"": true, ""converged"": true, ""end_geometry_sha256"": ""66db21eb55f6f5d5e8d05201daf90cb63ced60b8cff348af66ce8406d0f187bd"", ""failure_class"": null, ""max_force_eV_A"": 0.05678139658634948, ""name"": ""bfgs_standard"", ""start_geometry_sha256"": ""3dcc25ad76304c3d6511242ba13c2c94c9cbac144ba377618ea71d27afb78cfb"", ""steps"": 91}]",66db21eb55f6f5d5e8d05201daf90cb63ced60b8cff348af66ce8406d0f187bd,2.2825159534812007,2.08285721668601,step_4_H2O,9.0,-2.0,True,1.7042010036110842,0.5775000000349999,False,quantitative_screening,2,2,a951359fed0c9a2bdbae,False,
"('DAC', 'V', 'Ir', 'N4P2', 'N-porous_carbon')",DAC,True,esen-sm-conserving-all-oc25:relax-v4:orr-che-v3,True,0.06612677781956686,342,150,0.08,converged,,bfgs_after_fire,"[{""ase_converged"": false, ""converged"": false, ""end_geometry_sha256"": ""ac1a68d11b4d2ca7ca282c0ca6acc8774c4fa2e1e8918d4c31aafde2f81de5d2"", ""failure_class"": ""force_threshold"", ""max_force_eV_A"": 0.29284055164045, ""name"": ""bfgs_standard"", ""start_geometry_sha256"": ""c0560ccdd895a27f69af6e6fe8db2e87ff9bcc99b1da906a64b8d6e2fdbbaa47"", ""steps"": 150}, {""ase_converged"": false, ""converged"": false, ""end_geometry_sha256"": ""9a19f33fd4401c6022126d71755491f948ffb1d06022e846cdd69d28228d5c85"", ""failure_class"": ""force_threshold"", ""max_force_eV_A"": 1.356759223006084, ""name"": ""fire_precondition"", ""qualifying"": false, ""start_geometry_sha256"": ""c0560ccdd895a27f69af6e6fe8db2e87ff9bcc99b1da906a64b8d6e2fdbbaa47"", ""steps"": 75}, {""ase_converged"": true, ""converged"": true, ""end_geometry_sha256"": ""dc4f08f8db02bfe09ba5bead6e9ae3339011331108f0f64dd28f3845aa5cca9f"", ""failure_class"": null, ""max_force_eV_A"": 0.06612677781956686, ""name"": ""bfgs_after_fire"", ""start_geometry_sha256"": ""9a19f33fd4401c6022126d71755491f948ffb1d06022e846cdd69d28228d5c85"", ""steps"": 117}]",dc4f08f8db02bfe09ba5bead6e9ae3339011331108f0f64dd28f3845aa5cca9f,-139.52314463247524,True,0.07074664734222898,61.0,100.0,0.08,converged,,bfgs_standard,"[{""ase_converged"": true, ""converged"": true, ""end_geometry_sha256"": ""af224b861696ae8ac423034d42b4445cebdc2e373c36c8fa9435e2397077bf51"", ""failure_class"": null, ""max_force_eV_A"": 0.07074664734222898, ""name"": ""bfgs_standard"", ""start_geometry_sha256"": ""87dd0ba70dbdab96b95b5a1c7d43949924f54b76d7f65ec912411f9f90c05c9d"", ""steps"": 61}]",af224b861696ae8ac423034d42b4445cebdc2e373c36c8fa9435e2397077bf51,0.09071618571877477,True,0.06810641219416703,65.0,100.0,0.08,converged,,bfgs_standard,"[{""ase_converged"": true, ""converged"": true, ""end_geometry_sha256"": ""be594c35a3f0f6a717bdf93edc5329adb08f01640a767dfde3ace8b2289ad1c9"", ""failure_class"": null, ""max_force_eV_A"": 0.06810641219416703, ""name"": ""bfgs_standard"", ""start_geometry_sha256"": ""94ca78af95cf3d5a1283fce3c24f45558cc7b6a894c6d6a98b9c46deb933cbfa"", ""steps"": 65}]",be594c35a3f0f6a717bdf93edc5329adb08f01640a767dfde3ace8b2289ad1c9,0.015149987488988617,True,0.07856690052322132,74.0,100.0,0.08,converged,,bfgs_standard,"[{""ase_converged"": true, ""converged"": true, ""end_geometry_sha256"": ""3de17ae8b7e3d7e63efb5090a2075a244395027993622c9e644bc3ba16b22f7a"", ""failure_class"": null, ""max_force_eV_A"": 0.07856690052322132, ""name"": ""bfgs_standard"", ""start_geometry_sha256"": ""766660c3087c17d149c704faf1268d7341d3da72f58e239faa6fbd96b3c1ad5b"", ""steps"": 74}]",3de17ae8b7e3d7e63efb5090a2075a244395027993622c9e644bc3ba16b22f7a,3.425956200063232,1.3045661982297863,step_3_OH,9.0,-2.0,True,0.10586617320776338,0.5775000000349999,False,quantitative_screening,0,0,8751e360b78baf786e79,False,
"('DAC', 'V', 'Ce', 'C4N4', 'N-carbon_black')",DAC,True,esen-sm-conserving-all-oc25:relax-v4:orr-che-v3,True,0.07357984859859569,144,150,0.08,converged,,bfgs_standard,"[{""ase_converged"": true, ""converged"": true, ""end_geometry_sha256"": ""8c6488a8d88a6c9a417799891d1ab20dc45aae580ade77b771ac90bf013ba0a8"", ""failure_class"": null, ""max_force_eV_A"": 0.07357984859859569, ""name"": ""bfgs_standard"", ""start_geometry_sha256"": ""7b2c3dbc88fecd5ed36711c600c94b3c0e6fd11b26cfb89276f0b18720c8c847"", ""steps"": 144}]",8c6488a8d88a6c9a417799891d1ab20dc45aae580ade77b771ac90bf013ba0a8,-138.27866856301176,True,0.06470082821482917,73.0,100.0,0.08,converged,,bfgs_standard,"[{""ase_converged"": true, ""converged"": true, ""end_geometry_sha256"": ""ea261b0f3121a2fc431f69b71686f2a54f2ed515fc58298fd2e346eefbb78722"", ""failure_class"": null, ""max_force_eV_A"": 0.06470082821482917, ""name"": ""bfgs_standard"", ""start_geometry_sha256"": ""44569cc182107eccacd95e3d1dab6102922373747b08a587add6ef6fd92fb61d"", ""steps"": 73}]",ea261b0f3121a2fc431f69b71686f2a54f2ed515fc58298fd2e346eefbb78722,-1.5413467262685299,True,0.07718809802495012,45.0,100.0,0.08,converged,,bfgs_standard,"[{""ase_converged"": true, ""converged"": true, ""end_geometry_sha256"": ""12f35e2cf7eb92524f8472b0d4bc3a90cae0358a009a0632e7e4dc097a27700f"", ""failure_class"": null, ""max_force_eV_A"": 0.07718809802495012, ""name"": ""bfgs_standard"", ""start_geometry_sha256"": ""a1942f46c3853163d6ab2839d7f859a7ca8b5a32878de1653556f7e02e4cabef"", ""steps"": 45}]",12f35e2cf7eb92524f8472b0d4bc3a90cae0358a009a0632e7e4dc097a27700f,-1.7746921412646735,True,0.07712488414315638,210.0,100.0,0.08,converged,,bfgs_after_fire,"[{""ase_converged"": false, ""converged"": false, ""end_geometry_sha256"": ""8dedefc0ecc79c3f895d4eaa699776e3af875f1cb406df2f5117032fb1ced1cf"", ""failure_class"": ""force_threshold"", ""max_force_eV_A"": 0.5897753377724435, ""name"": ""bfgs_standard"", ""start_geometry_sha256"": ""cbad0fc7b4a2f7daea395ac96f49cfd7e35d6c843b4a740aeb745299c4e97634"", ""steps"": 100}, {""ase_converged"": false, ""converged"": false, ""end_geometry_sha256"": ""e3e4e24735542746d4f767f4f5df25d6d1814b1e467445e126e59cc5a5928ed0"", ""failure_class"": ""force_threshold"", ""max_force_eV_A"": 0.3889325970255698, ""name"": ""fire_precondition"", ""qualifying"": false, ""start_geometry_sha256"": ""cbad0fc7b4a2f7daea395ac96f49cfd7e35d6c843b4a740aeb745299c4e97634"", ""steps"": 50}, {""ase_converged"": true, ""converged"": true, ""end_geometry_sha256"": ""fafd260ead28766871c036f53e74145a0d52373d5bf74cd9ade267b5afb5e569"", ""failure_class"": null, ""max_force_eV_A"": 0.07712488414315638, ""name"": ""bfgs_after_fire"", ""start_geometry_sha256"": ""e3e4e24735542746d4f767f4f5df25d6d1814b1e467445e126e59cc5a5928ed0"", ""steps"": 60}]",fafd260ead28766871c036f53e74145a0d52373d5bf74cd9ade267b5afb5e569,-2.27822976261377,2.7703467262685297,step_4_H2O,9.0,0.0,True,3.3160388675332033,0.498608834270667,True,quantitative_screening,1,1,3bfc6cb890b330ac5eb2,False,
"('DAC', 'V', 'Nd', 'N4N4', 'N-CNT')",DAC,True,esen-sm-conserving-all-oc25:relax-v4:orr-che-v3,True,0.0792158916931209,24,150,0.08,converged,,bfgs_standard,"[{""ase_converged"": true, ""converged"": true, ""end_geometry_sha256"": ""3958d5f5d160b88d0b589486ce1cf151d9e5e2c3e014f7eb056a14af6090aaf5"", ""failure_class"": null, ""max_force_eV_A"": 0.0792158916931209, ""name"": ""bfgs_standard"", ""start_geometry_sha256"": ""a920ee0823ac2c7f447e2771021e9209facff85f653cb70606f109ee28e16353"", ""steps"": 24}]",3958d5f5d160b88d0b589486ce1cf151d9e5e2c3e014f7eb056a14af6090aaf5,-167.6280810931461,True,0.07513537142983168,90.0,100.0,0.08,converged,,bfgs_standard,"[{""ase_converged"": true, ""converged"": true, ""end_geometry_sha256"": ""20f9f6d1fc6b874940bb5642d4571a4b47c80044ec128bedb8dd18294509f2a0"", ""failure_class"": null, ""max_force_eV_A"": 0.07513537142983168, ""name"": ""bfgs_standard"", ""start_geometry_sha256"": ""a7ca12fefe83771e6c7dbbbfaff308afe269f22f833d3ed4ff1a257453959274"", ""steps"": 90}]",20f9f6d1fc6b874940bb5642d4571a4b47c80044ec128bedb8dd18294509f2a0,-6.028713879436255,True,0.0628147137476127,96.0,100.0,0.08,converged,,bfgs_standard,"[{""ase_converged"": true, ""converged"": true, ""end_geometry_sha256"": ""2212629c9d42e65c7517f520b66d17ed77af3ea4b675e0039d6548a900577833"", ""failure_class"": null, ""max_force_eV_A"": 0.0628147137476127, ""name"": ""bfgs_standard"", ""start_geometry_sha256"": ""cc44f078f05d0b84b8f1b8ac79b8b9877c7e0bc420c3a04f19d16db57915db64"", ""steps"": 96}]",2212629c9d42e65c7517f520b66d17ed77af3ea4b675e0039d6548a900577833,-6.714745604246851,True,0.07100874365867348,66.0,100.0,0.08,converged,,bfgs_standard,"[{""ase_converged"": true, ""converged"": true, ""end_geometry_sha256"": ""d654344e590ee75c8d0a3c0ee1a033416dd9899dc37d6611a70fc39cef6caf3c"", ""failure_class"": null, ""max_force_eV_A"": 0.07100874365867348, ""name"": ""bfgs_standard"", ""start_geometry_sha256"": ""41447d1e3bdf7c5d5e5d398ec03128ebd2df572d130c9b9d7c1171b561c29db6"", ""steps"": 66}]",d654344e590ee75c8d0a3c0ee1a033416dd9899dc37d6611a70fc39cef6caf3c,-8.704845239222045,3.0,step_4_H2O,9.0,0.0,True,12.743459483683107,0.498608834270667,True,quantitative_screening,2,2,6ee226454dd70ed32df0,False,
"('DAC', 'V', 'In', 'C4N4', 'Phosphorene')",DAC,True,esen-sm-conserving-all-oc25:relax-v4:orr-che-v3,True,0.07804681482445812,93,150,0.08,converged,,bfgs_standard,"[{""ase_converged"": true, ""converged"": true, ""end_geometry_sha256"": ""771c6a0b8d403bdbaca978895cb69038782ba50f53d9ac52d33c8bc25e70252d"", ""failure_class"": null, ""max_force_eV_A"": 0.07804681482445812, ""name"": ""bfgs_standard"", ""start_geometry_sha256"": ""d5a7dfaedad5990925ad61a53f924b086dc8e16d3ad9ac857914fd0ee75758e4"", ""steps"": 93}]",771c6a0b8d403bdbaca978895cb69038782ba50f53d9ac52d33c8bc25e70252d,-129.08555506354662,True,0.07592258783227364,280.0,100.0,0.08,converged,,bfgs_after_fire,"[{""ase_converged"": false, ""converged"": false, ""end_geometry_sha256"": ""7012887dda63c9562f675e55b6c8ad08285df11f5fc9c6908bd007d71116e1d9"", ""failure_class"": ""force_threshold"", ""max_force_eV_A"": 0.25910959629442015, ""name"": ""bfgs_standard"", ""start_geometry_sha256"": ""6b945b26e4fffd38143d3f6532653d3aa729c4965b046a710e8e09da8ee1fcfa"", ""steps"": 100}, {""ase_converged"": true, ""converged"": true, ""end_geometry_sha256"": ""b50dfafc121a3fc693597bcef6852f1b87446f689954429bd0d1c833ce8f30b1"", ""failure_class"": null, ""max_force_eV_A"": 0.2447989683438016, ""name"": ""fire_precondition"", ""qualifying"": false, ""start_geometry_sha256"": ""6b945b26e4fffd38143d3f6532653d3aa729c4965b046a710e8e09da8ee1fcfa"", ""steps"": 24}, {""ase_converged"": true, ""converged"": true, ""end_geometry_sha256"": ""fdc80c93ce4b89728e5c0524587027d99f4dc9cda8314a8c2ad080f6046840e3"", ""failure_class"": null, ""max_force_eV_A"": 0.07592258783227364, ""name"": ""bfgs_after_fire"", ""start_geometry_sha256"": ""b50dfafc121a3fc693597bcef6852f1b87446f689954429bd0d1c833ce8f30b1"", ""steps"": 156}]",fdc80c93ce4b89728e5c0524587027d99f4dc9cda8314a8c2ad080f6046840e3,-1.6871988151967525,True,0.0740485551870304,45.0,100.0,0.08,converged,,bfgs_standard,"[{""ase_converged"": true, ""converged"": true, ""end_geometry_sha256"": ""6c117e42b6155bd3b08979f788daeae65f01fa314428ff1971e4dac1db576855"", ""failure_class"": null, ""max_force_eV_A"": 0.0740485551870304, ""name"": ""bfgs_standard"", ""start_geometry_sha256"": ""8eb37f3c206f7e861882d42cf3a049df2d56b9d42fcf3920ea942a83e9c4e535"", ""steps"": 45}]",6c117e42b6155bd3b08979f788daeae65f01fa314428ff1971e4dac1db576855,-0.9118367068469488,True,0.07003541885323246,283.0,100.0,0.08,converged,,bfgs_after_fire,"[{""ase_converged"": false, ""converged"": false, ""end_geometry_sha256"": ""b5d1443277da489819639bf0232e14a04eb47109f944f8cb3c5a31f5ca80e125"", ""failure_class"": ""force_threshold"", ""max_force_eV_A"": 0.13503396446626859, ""name"": ""bfgs_standard"", ""start_geometry_sha256"": ""6ba47b7cbf8f3b96eafe5a38d6121f6b3035d586c65b642b4c8717cf0c641fb0"", ""steps"": 100}, {""ase_converged"": false, ""converged"": false, ""end_geometry_sha256"": ""e0930f6d1d6d236bcca38ea4db346ec45cce68677410f2b29e18f06c7253f6f0"", ""failure_class"": ""force_threshold"", ""max_force_eV_A"": 0.7194846501873768, ""name"": ""fire_precondition"", ""qualifying"": false, ""start_geometry_sha256"": ""6ba47b7cbf8f3b96eafe5a38d6121f6b3035d586c65b642b4c8717cf0c641fb0"", ""steps"": 50}, {""ase_converged"": true, ""converged"": true, ""end_geometry_sha256"": ""50c7da7d19b68f1a3f46258b0ef970c8258c30e0682db0d1c1226b8b16068d00"", ""failure_class"": null, ""max_force_eV_A"": 0.07003541885323246, ""name"": ""bfgs_after_fire"", ""start_geometry_sha256"": ""e0930f6d1d6d236bcca38ea4db346ec45cce68677410f2b29e18f06c7253f6f0"", ""steps"": 133}]",50c7da7d19b68f1a3f46258b0ef970c8258c30e0682db0d1c1226b8b16068d00,-1.4411273494362797,2.9161988151967524,step_4_H2O,9.0,-0.5228787452803376,True,2.5990355220437014,0.5775000000349999,False,quantitative_screening,2,2,5ddb8a5420319bea25fe,False,
"('DAC', 'Cr', 'Sc', 'N4C2', 'BN_sheet')",DAC,True,esen-sm-conserving-all-oc25:relax-v4:orr-che-v3,True,0.07904426677610624,122,150,0.08,converged,,bfgs_standard,"[{""ase_converged"": true, ""converged"": true, ""end_geometry_sha256"": ""5923d29b1a1045af88ccdc9d02d8ba87e8e6b3402711d9a26870daff3697ea61"", ""failure_class"": null, ""max_force_eV_A"": 0.07904426677610624, ""name"": ""bfgs_standard"", ""start_geometry_sha256"": ""25a063efa2be149a4d0125b54eba9e63475dd2402b45703a5923a8cd0a3a5826"", ""steps"": 122}]",5923d29b1a1045af88ccdc9d02d8ba87e8e6b3402711d9a26870daff3697ea61,-157.28514650028967,True,0.07207870076058186,62.0,100.0,0.08,converged,,bfgs_standard,"[{""ase_converged"": true, ""converged"": true, ""end_geometry_sha256"": ""db2518ad269a22878847e2fbd809d30702cd5524ba84eb7b1ee9c73067378a8f"", ""failure_class"": null, ""max_force_eV_A"": 0.07207870076058186, ""name"": ""bfgs_standard"", ""start_geometry_sha256"": ""0c66a832d4000a53577e163a33d74ee97e76d364183b232ca83e33a74775bd8f"", ""steps"": 62}]",db2518ad269a22878847e2fbd809d30702cd5524ba84eb7b1ee9c73067378a8f,-0.8658449028432369,True,0.06873507241770693,65.0,100.0,0.08,converged,,bfgs_standard,"[{""ase_converged"": true, ""converged"": true, ""end_geometry_sha256"": ""7d2a1ff1153d2b495783612c0cf226fe89c94feb81bdfe67d5fa5862f4131b9e"", ""failure_class"": null, ""max_force_eV_A"": 0.06873507241770693, ""name"": ""bfgs_standard"", ""start_geometry_sha256"": ""33d57de90eb07359d6a2a48f2dc9f11ef3c7887f5db7602287664cb9ab7ef681"", ""steps"": 65}]",7d2a1ff1153d2b495783612c0cf226fe89c94feb81bdfe67d5fa5862f4131b9e,-1.0860567919909918,True,0.06499778502823363,61.0,100.0,0.08,converged,,bfgs_standard,"[{""ase_converged"": true, ""converged"": true, ""end_geometry_sha256"": ""d18f35af68fac7c37f92c07420395f4d8b2568d0e3009b1fbcb8a15a368d1464"", ""failure_class"": null, ""max_force_eV_A"": 0.06499778502823363, ""name"": ""bfgs_standard"", ""start_geometry_sha256"": ""71451b18303e3f8738c392243f9b36f5fedeb2615038f159a03105a0b8318cc9"", ""steps"": 61}]",d18f35af68fac7c37f92c07420395f4d8b2568d0e3009b1fbcb8a15a368d1464,2.3447384342551265,2.0948449028432368,step_4_H2O,9.0,0.0,True,1.9519016948342287,0.5775000000349999,False,quantitative_screening,0,0,45c31b78e659195b16fa,False,
"('DAC', 'Cr', 'Ni', 'N3SN3', 'N-carbon_black')",DAC,True,esen-sm-conserving-all-oc25:relax-v4:orr-che-v3,True,0.07115371190705047,101,150,0.08,converged,,bfgs_standard,"[{""ase_converged"": true, ""converged"": true, ""end_geometry_sha256"": ""44e20194504951efa03a88188bdf3273778db24029f7d63e3c1a6c0f9f430509"", ""failure_class"": null, ""max_force_eV_A"": 0.07115371190705047, ""name"": ""bfgs_standard"", ""start_geometry_sha256"": ""fd809085c15334060e64e0c1538342e382eafdd06d03b61debd1bc69299c6a93"", ""steps"": 101}]",44e20194504951efa03a88188bdf3273778db24029f7d63e3c1a6c0f9f430509,-150.94884702613274,True,0.0786325772621199,34.0,100.0,0.08,converged,,bfgs_standard,"[{""ase_converged"": true, ""converged"": true, ""end_geometry_sha256"": ""80d506c20a22c2b0fdf654a45ee6fdb97fdf779838eab43a7c74f2173908ac5e"", ""failure_class"": null, ""max_force_eV_A"": 0.0786325772621199, ""name"": ""bfgs_standard"", ""start_geometry_sha256"": ""c2babe8f380cacd50e9335d36c476788f1aab233d5798744ac0502ee93154f5e"", ""steps"": 34}]",80d506c20a22c2b0fdf654a45ee6fdb97fdf779838eab43a7c74f2173908ac5e,-1.8033181999623775,True,0.07799071743015266,29.0,100.0,0.08,converged,,bfgs_standard,"[{""ase_converged"": true, ""converged"": true, ""end_geometry_sha256"": ""0ddfd088ac950f4cd3cfe869d8a80bb11881ec063e5a6e236db15b6c579e3ded"", ""failure_class"": null, ""max_force_eV_A"": 0.07799071743015266, ""name"": ""bfgs_standard"", ""start_geometry_sha256"": ""91faac8e87585c7d2564c5cb44a86f0e998f3f972f4d64c65ad7889cf89ea528"", ""steps"": 29}]",0ddfd088ac950f4cd3cfe869d8a80bb11881ec063e5a6e236db15b6c579e3ded,-2.2741490237414803,True,0.06546818956153268,76.0,100.0,0.08,converged,,bfgs_standard,"[{""ase_converged"": true, ""converged"": true, ""end_geometry_sha256"": ""8e3a61ba07a681d59343036d224e09b9adfa7d4af60da148e29ac1be3162d47e"", ""failure_class"": null, ""max_force_eV_A"": 0.06546818956153268, ""name"": ""bfgs_standard"", ""start_geometry_sha256"": ""46f8d1c28f0ac54bafbc4ceb843b5f02daea7b47c5b30b7d32f768608b749881"", ""steps"": 76}]",8e3a61ba07a681d59343036d224e09b9adfa7d4af60da148e29ac1be3162d47e,-3.144048739969727,3.0,step_4_H2O,9.0,0.0,True,4.077467223703858,0.5775000000349999,False,quantitative_screening,1,1,a3d5bb8818eee8c37915,False,
"('DAC', 'Cr', 'Zr', 'N4S2', 'N-graphene')",DAC,True,esen-sm-conserving-all-oc25:relax-v4:orr-che-v3,True,0.07989012265338818,280,150,0.08,converged,,bfgs_after_fire,"[{""ase_converged"": false, ""converged"": false, ""end_geometry_sha256"": ""ad29b76e4769eda28f2b8f0dfe49001c259c036ecf545809dc7a66a43929f424"", ""failure_class"": ""force_threshold"", ""max_force_eV_A"": 0.20608656427499158, ""name"": ""bfgs_standard"", ""start_geometry_sha256"": ""6da8f9682480eee8361a4c98076b481449aff7c700df29c63e9791d6c3a1c14c"", ""steps"": 150}, {""ase_converged"": false, ""converged"": false, ""end_geometry_sha256"": ""91b39197604ca4e160b0e1dbfb4cdac4dcaf614b8fb18707c7437f1c5a286e99"", ""failure_class"": ""force_threshold"", ""max_force_eV_A"": 3.1266341410883554, ""name"": ""fire_precondition"", ""qualifying"": false, ""start_geometry_sha256"": ""6da8f9682480eee8361a4c98076b481449aff7c700df29c63e9791d6c3a1c14c"", ""steps"": 75}, {""ase_converged"": true, ""converged"": true, ""end_geometry_sha256"": ""c18e3814bff61c04bdf969adb4da0cc6ac03ffac22c2c14552160185329bd18a"", ""failure_class"": null, ""max_force_eV_A"": 0.07989012265338818, ""name"": ""bfgs_after_fire"", ""start_geometry_sha256"": ""91b39197604ca4e160b0e1dbfb4cdac4dcaf614b8fb18707c7437f1c5a286e99"", ""steps"": 55}]",c18e3814bff61c04bdf969adb4da0cc6ac03ffac22c2c14552160185329bd18a,-140.8588355631108,True,0.05403898179962828,270.0,100.0,0.08,converged,,bfgs_after_fire,"[{""ase_converged"": false, ""converged"": false, ""end_geometry_sha256"": ""060a10c5f2cc4aa8f9c4c0966df55ba149bfd6c6595d194ad6b77573e714b98e"", ""failure_class"": ""force_threshold"", ""max_force_eV_A"": 0.24135991774539686, ""name"": ""bfgs_standard"", ""start_geometry_sha256"": ""29af53f7873d6bad7bbf6d595f44472a6c8da9523c82166f558937f56719517e"", ""steps"": 100}, {""ase_converged"": true, ""converged"": true, ""end_geometry_sha256"": ""80972180128b4fdacce6e184c5db17f2a302f1065fd8b948e1c17ecd99209f53"", ""failure_class"": null, ""max_force_eV_A"": 0.24076411783412482, ""name"": ""fire_precondition"", ""qualifying"": false, ""start_geometry_sha256"": ""29af53f7873d6bad7bbf6d595f44472a6c8da9523c82166f558937f56719517e"", ""steps"": 33}, {""ase_converged"": true, ""converged"": true, ""end_geometry_sha256"": ""19ae6c14e9a3491fbcb33cd0f8243e0ca6ef755428ba9371ac18c901f298a315"", ""failure_class"": null, ""max_force_eV_A"": 0.05403898179962828, ""name"": ""bfgs_after_fire"", ""start_geometry_sha256"": ""80972180128b4fdacce6e184c5db17f2a302f1065fd8b948e1c17ecd99209f53"", ""steps"": 137}]",19ae6c14e9a3491fbcb33cd0f8243e0ca6ef755428ba9371ac18c901f298a315,-2.1180607651174066,True,0.07898460594648089,248.0,100.0,0.08,converged,,bfgs_after_fire,"[{""ase_converged"": false, ""converged"": false, ""end_geometry_sha256"": ""9b75a5334a3b83c71ff76b034b8a6c5f10d93c3abf05c5de5493a2354c2753ea"", ""failure_class"": ""force_threshold"", ""max_force_eV_A"": 0.4119965451358984, ""name"": ""bfgs_standard"", ""start_geometry_sha256"": ""fa480110f432327beee1a2c50ed18e59df2b1a5013ebb7f7dd16c8e8fc710a1e"", ""steps"": 100}, {""ase_converged"": true, ""converged"": true, ""end_geometry_sha256"": ""3539c0b0748e73d5f8a19636245f388f69fca68df6d6c55f536bbab648bfa3df"", ""failure_class"": null, ""max_force_eV_A"": 0.22980180981769352, ""name"": ""fire_precondition"", ""qualifying"": false, ""start_geometry_sha256"": ""fa480110f432327beee1a2c50ed18e59df2b1a5013ebb7f7dd16c8e8fc710a1e"", ""steps"": 41}, {""ase_converged"": true, ""converged"": true, ""end_geometry_sha256"": ""a9ee3fc73e0906371823b05fe92b1e3f8860916d7b2262ff7c00f4d72c299f74"", ""failure_class"": null, ""max_force_eV_A"": 0.07898460594648089, ""name"": ""bfgs_after_fire"", ""start_geometry_sha256"": ""3539c0b0748e73d5f8a19636245f388f69fca68df6d6c55f536bbab648bfa3df"", ""steps"": 107}]",a9ee3fc73e0906371823b05fe92b1e3f8860916d7b2262ff7c00f4d72c299f74,-2.382272326201197,True,0.07035450511292808,263.0,100.0,0.08,converged,,bfgs_after_fire,"[{""ase_converged"": false, ""converged"": false, ""end_geometry_sha256"": ""a2eb3dd9965bdc319744cad5bfe3154cdcaa122e2de8020d92dd4a9fa8eafdf0"", ""failure_class"": ""force_threshold"", ""max_force_eV_A"": 0.25434576986095997, ""name"": ""bfgs_standard"", ""start_geometry_sha256"": ""8ff3ea5c9b567408fbe460b5b12570ec517ddad7ef14b0b791f928df1f94a2e5"", ""steps"": 100}, {""ase_converged"": false, ""converged"": false, ""end_geometry_sha256"": ""a876b3fc53553535a0766120a9034a6fe8e7557e069c0c407bff187d6379f18c"", ""failure_class"": ""force_threshold"", ""max_force_eV_A"": 0.5963350977335119, ""name"": ""fire_precondition"", ""qualifying"": false, ""start_geometry_sha256"": ""8ff3ea5c9b567408fbe460b5b12570ec517ddad7ef14b0b791f928df1f94a2e5"", ""steps"": 50}, {""ase_converged"": true, ""converged"": true, ""end_geometry_sha256"": ""5296a6b852b5edc88596a92d1a28a6bd092f9be335ed53fdca32c2731da29280"", ""failure_class"": null, ""max_force_eV_A"": 0.07035450511292808, ""name"": ""bfgs_after_fire"", ""start_geometry_sha256"": ""a876b3fc53553535a0766120a9034a6fe8e7557e069c0c407bff187d6379f18c"", ""steps"": 113}]",5296a6b852b5edc88596a92d1a28a6bd092f9be335ed53fdca32c2731da29280,-3.417331744730469,3.0,step_4_H2O,9.0,0.0,True,4.500333091318604,0.5775000000349999,False,quantitative_screening,0,0,79111a16e41dda2ec5e5,False,
"('DAC', 'Cr', 'Nb', 'N3BN3', 'Phosphorene')",DAC,True,esen-sm-conserving-all-oc25:relax-v4:orr-che-v3,True,0.07867960076543073,149,150,0.08,converged,,bfgs_standard,"[{""ase_converged"": true, ""converged"": true, ""end_geometry_sha256"": ""83318a74259c85ab4331bffbdbf61e2115ce5866d62b5130c1c72c0a65ab9cb8"", ""failure_class"": null, ""max_force_eV_A"": 0.07867960076543073, ""name"": ""bfgs_standard"", ""start_geometry_sha256"": ""f9f78614f86f978b2d2861e5c541c5e940cdbf746840e44b7b2f46e50a0a0c80"", ""steps"": 149}]",83318a74259c85ab4331bffbdbf61e2115ce5866d62b5130c1c72c0a65ab9cb8,-139.48753657386533,True,0.07965024448592359,238.0,100.0,0.08,converged,,bfgs_after_fire,"[{""ase_converged"": false, ""converged"": false, ""end_geometry_sha256"": ""6fe5322042b3e93e1e1084e921007d6eb8ee4c16fbab99c4b2d9f6eff4dea80a"", ""failure_class"": ""force_threshold"", ""max_force_eV_A"": 0.18347545396260906, ""name"": ""bfgs_standard"", ""start_geometry_sha256"": ""8e7e14ce62904ff9ef8d234e2d11142e9aa9904982bf1ea4a424b3087fc4210c"", ""steps"": 100}, {""ase_converged"": false, ""converged"": false, ""end_geometry_sha256"": ""529bb45472ad3f13c67750883ca2624d141329acb9fb89f0b5353580e3d8be36"", ""failure_class"": ""force_threshold"", ""max_force_eV_A"": 0.32089958549197306, ""name"": ""fire_precondition"", ""qualifying"": false, ""start_geometry_sha256"": ""8e7e14ce62904ff9ef8d234e2d11142e9aa9904982bf1ea4a424b3087fc4210c"", ""steps"": 50}, {""ase_converged"": true, ""converged"": true, ""end_geometry_sha256"": ""96eb4d2fe6c78df1e8d9a82545a68a7545db4a765d28e04060d83e88e230f098"", ""failure_class"": null, ""max_force_eV_A"": 0.07965024448592359, ""name"": ""bfgs_after_fire"", ""start_geometry_sha256"": ""529bb45472ad3f13c67750883ca2624d141329acb9fb89f0b5353580e3d8be36"", ""steps"": 88}]",96eb4d2fe6c78df1e8d9a82545a68a7545db4a765d28e04060d83e88e230f098,-0.019198117107152968,True,0.07059226765666989,80.0,100.0,0.08,converged,,bfgs_standard,"[{""ase_converged"": true, ""converged"": true, ""end_geometry_sha256"": ""61975497b9657e079196d5690d6871d202f6c49fef6cff080ae4e3cd3db7ed63"", ""failure_class"": null, ""max_force_eV_A"": 0.07059226765666989, ""name"": ""bfgs_standard"", ""start_geometry_sha256"": ""d9a6ea92dece973dacb308510f047cf89abfa6362096410992b1d3c8db8d5b22"", ""steps"": 80}]",61975497b9657e079196d5690d6871d202f6c49fef6cff080ae4e3cd3db7ed63,-0.3324032656848395,True,0.07311199308228972,76.0,100.0,0.08,converged,,bfgs_standard,"[{""ase_converged"": true, ""converged"": true, ""end_geometry_sha256"": ""23be8b7797447f5300be4b201fea707bc68c67084b1544d4a9a97501e658395b"", ""failure_class"": null, ""max_force_eV_A"": 0.07311199308228972, ""name"": ""bfgs_standard"", ""start_geometry_sha256"": ""219505125247d58c9d01f50313f033db7e19bc4e3b3daf31e41548b087533e7a"", ""steps"": 76}]",23be8b7797447f5300be4b201fea707bc68c67084b1544d4a9a97501e658395b,-1.3150582805275883,2.2116550148427487,step_2_O,9.0,0.0,True,0.3516013827919925,0.5775000000349999,False,quantitative_screening,1,1,448705a2039abfe2af7f,False,
"('DAC', 'Cr', 'Hf', 'N4S2', 'N-mesoporous_carbon')",DAC,True,esen-sm-conserving-all-oc25:relax-v4:orr-che-v3,True,0.06887129859387049,367,150,0.08,converged,,bfgs_after_fire,"[{""ase_converged"": false, ""converged"": false, ""end_geometry_sha256"": ""588441e6a2255c959e3bf6489a58c2bca438e4870935ee66b6969a302941391c"", ""failure_class"": ""force_threshold"", ""max_force_eV_A"": 0.15975116967306582, ""name"": ""bfgs_standard"", ""start_geometry_sha256"": ""080c344ed21b42de878baca9e4ce12b1c540300389b91e15220354ce844b213f"", ""steps"": 150}, {""ase_converged"": false, ""converged"": false, ""end_geometry_sha256"": ""eacbf5ed4faee8a785fdb081185744ca0e90b86a8b2855695b34f7e7e2e250ac"", ""failure_class"": ""force_threshold"", ""max_force_eV_A"": 2.6551042386141557, ""name"": ""fire_precondition"", ""qualifying"": false, ""start_geometry_sha256"": ""080c344ed21b42de878baca9e4ce12b1c540300389b91e15220354ce844b213f"", ""steps"": 75}, {""ase_converged"": true, ""converged"": true, ""end_geometry_sha256"": ""1b2514225124b74956b00feb6e879d8d18bbac1b1ba821e40b6c1cc16c864063"", ""failure_class"": null, ""max_force_eV_A"": 0.06887129859387049, ""name"": ""bfgs_after_fire"", ""start_geometry_sha256"": ""eacbf5ed4faee8a785fdb081185744ca0e90b86a8b2855695b34f7e7e2e250ac"", ""steps"": 142}]",1b2514225124b74956b00feb6e879d8d18bbac1b1ba821e40b6c1cc16c864063,-142.34181340172483,True,0.0759434760467125,37.0,100.0,0.08,converged,,bfgs_standard,"[{""ase_converged"": true, ""converged"": true, ""end_geometry_sha256"": ""4f7b0d3a6cc74f1f19d21162c5a72b2ae44e9bd59bca2f49c79ff738e2440883"", ""failure_class"": null, ""max_force_eV_A"": 0.0759434760467125, ""name"": ""bfgs_standard"", ""start_geometry_sha256"": ""805ea85817cec39b3bbe01e8d683b4c159279a8702d71d5b7d2c840c1b542c68"", ""steps"": 37}]",4f7b0d3a6cc74f1f19d21162c5a72b2ae44e9bd59bca2f49c79ff738e2440883,-0.6812717293202877,True,0.06307625505031829,41.0,100.0,0.08,converged,,bfgs_standard,"[{""ase_converged"": true, ""converged"": true, ""end_geometry_sha256"": ""38d75fee246393773cd52dab19fad273c674791d2b3ca87a41a319e03e1bc561"", ""failure_class"": null, ""max_force_eV_A"": 0.06307625505031829, ""name"": ""bfgs_standard"", ""start_geometry_sha256"": ""a7961dff29bd73dbffd8541bcb5fb4c4c672efd071f2f483aa64484185981dd3"", ""steps"": 41}]",38d75fee246393773cd52dab19fad273c674791d2b3ca87a41a319e03e1bc561,-0.9691539637744391,True,0.07259157678379378,69.0,100.0,0.08,converged,,bfgs_standard,"[{""ase_converged"": true, ""converged"": true, ""end_geometry_sha256"": ""94f174f7ba809bc21599943a0333e1ec9766559c23c75c886b438cf14b8728fd"", ""failure_class"": null, ""max_force_eV_A"": 0.07259157678379378, ""name"": ""bfgs_standard"", ""start_geometry_sha256"": ""04fd27c949fb98bbef00c9c0629e1ba85da3f2de4682437fa87f3e00aac7c36b"", ""steps"": 69}]",94f174f7ba809bc21599943a0333e1ec9766559c23c75c886b438cf14b8728fd,-1.4809608951210942,1.9102717293202878,step_4_H2O,9.0,0.0,True,1.6504256930947268,0.5775000000349999,False,quantitative_screening,2,2,1cf5ffb5a8834764d7c7,False,
"('MOF', 'Cr', 'Triazolate', 'N2S2', 6.0)",MOF,True,esen-sm-conserving-all-oc25:relax-v4:orr-che-v3,True,0.07566806439617987,119,150,0.08,converged,,bfgs_standard,"[{""ase_converged"": true, ""converged"": true, ""end_geometry_sha256"": ""f54b7b52bbb7e9b10c0ede562d7272085d88b3d5a7317be1600fa1b01fe4580a"", ""failure_class"": null, ""max_force_eV_A"": 0.07566806439617987, ""name"": ""bfgs_standard"", ""start_geometry_sha256"": ""03645d8d30e1e7ec8bca03c1bc59d4e9635613ce179c7390a7ef410ff4320118"", ""steps"": 119}]",f54b7b52bbb7e9b10c0ede562d7272085d88b3d5a7317be1600fa1b01fe4580a,-127.6587350104279,True,0.0776828525319467,33.0,100.0,0.08,converged,,bfgs_standard,"[{""ase_converged"": true, ""converged"": true, ""end_geometry_sha256"": ""75cbd01afc4c2129271a62a9484962aff76f673f6bfd854bc4896f61ace97784"", ""failure_class"": null, ""max_force_eV_A"": 0.0776828525319467, ""name"": ""bfgs_standard"", ""start_geometry_sha256"": ""2f7fc9c7f2a847e22cb235981b7ca167f4bf4c03c51fcab924c6f5ad64c180fb"", ""steps"": 33}]",75cbd01afc4c2129271a62a9484962aff76f673f6bfd854bc4896f61ace97784,-0.659346756786108,True,0.07446590680346764,40.0,100.0,0.08,converged,,bfgs_standard,"[{""ase_converged"": true, ""converged"": true, ""end_geometry_sha256"": ""cca29f80a2aa7f6d38733cc8eb2cac690a96257c05bf234dd7c933033bcebb73"", ""failure_class"": null, ""max_force_eV_A"": 0.07446590680346764, ""name"": ""bfgs_standard"", ""start_geometry_sha256"": ""b018f34e024663167a362b2b25f9c3611ca8021cc85eeb7fe0584fec9090398f"", ""steps"": 40}]",cca29f80a2aa7f6d38733cc8eb2cac690a96257c05bf234dd7c933033bcebb73,-1.5029409758746588,True,0.07465950793375378,58.0,100.0,0.08,converged,,bfgs_standard,"[{""ase_converged"": true, ""converged"": true, ""end_geometry_sha256"": ""838facb0dab591a9502768d494e62b138842dd6aa465bfa05fa8dc9e525c038f"", ""failure_class"": null, ""max_force_eV_A"": 0.07465950793375378, ""name"": ""bfgs_standard"", ""start_geometry_sha256"": ""3fb78e7b946d55923db6fb7fa491bb46bf1ad9c66ab8626be6c37bb0b4ac46c9"", ""steps"": 58}]",838facb0dab591a9502768d494e62b138842dd6aa465bfa05fa8dc9e525c038f,-0.7260985866188967,2.072594219088551,step_3_OH,9.0,0.0,True,2.162287732660767,0.480000000035,True,quantitative_screening,1,1,3d3ba8b0162ebb96d920,False,
"('MOF', 'Cr', 'Fumarate', 'N3S', 8.0)",MOF,True,esen-sm-conserving-all-oc25:relax-v4:orr-che-v3,True,0.06963826026266653,52,150,0.08,converged,,bfgs_standard,"[{""ase_converged"": true, ""converged"": true, ""end_geometry_sha256"": ""3ed212e2be55a6b43b0b4c45711cb5cc1839c71111dffcc97a2a861cc091a910"", ""failure_class"": null, ""max_force_eV_A"": 0.06963826026266653, ""name"": ""bfgs_standard"", ""start_geometry_sha256"": ""c241a527857d323ddd80ad0d90a2673a4b7b4d42d6680a32f813796952bc3832"", ""steps"": 52}]",3ed212e2be55a6b43b0b4c45711cb5cc1839c71111dffcc97a2a861cc091a910,-129.02109971213739,True,0.07557984991996292,36.0,100.0,0.08,converged,,bfgs_standard,"[{""ase_converged"": true, ""converged"": true, ""end_geometry_sha256"": ""026c27b6e4257049dc39027ee6ce5f6e843a9f4d3c79c7ba74798ae8dfb0a641"", ""failure_class"": null, ""max_force_eV_A"": 0.07557984991996292, ""name"": ""bfgs_standard"", ""start_geometry_sha256"": ""6935c6c9594e6b9935999a46d8dbe364178100eb69d8028533a57dcae91bc16b"", ""steps"": 36}]",026c27b6e4257049dc39027ee6ce5f6e843a9f4d3c79c7ba74798ae8dfb0a641,-0.46675270542502406,True,0.06831361459558818,29.0,100.0,0.08,converged,,bfgs_standard,"[{""ase_converged"": true, ""converged"": true, ""end_geometry_sha256"": ""d6ffb732e4f42e5e11043c22abcb4f714bc93d833a5c1f9801cd7f90fe4dd4bd"", ""failure_class"": null, ""max_force_eV_A"": 0.06831361459558818, ""name"": ""bfgs_standard"", ""start_geometry_sha256"": ""3cced169ba7bd2427a45f45fbca59145d9d92d897405c786db1034d5e8cb9f87"", ""steps"": 29}]",d6ffb732e4f42e5e11043c22abcb4f714bc93d833a5c1f9801cd7f90fe4dd4bd,-0.6934707991778815,True,0.06340215593134979,234.0,100.0,0.08,converged,,bfgs_after_fire,"[{""ase_converged"": false, ""converged"": false, ""end_geometry_sha256"": ""6fbac8474f4a3eff76f270418ce4323b8741b20d9a11efc91fe403e66dd1cb13"", ""failure_class"": ""force_threshold"", ""max_force_eV_A"": 0.9223039909571785, ""name"": ""bfgs_standard"", ""start_geometry_sha256"": ""c1b63b6d33134d2d71c5066d06e3d233bcdc10aae2dc4c6405ea43926fd5f751"", ""steps"": 100}, {""ase_converged"": true, ""converged"": true, ""end_geometry_sha256"": ""01f0cd2a641b7223eaed3ed7c9196b39eec3fdd10454cbf2c867669484ffb45c"", ""failure_class"": null, ""max_force_eV_A"": 0.21521813310163176, ""name"": ""fire_precondition"", ""qualifying"": false, ""start_geometry_sha256"": ""c1b63b6d33134d2d71c5066d06e3d233bcdc10aae2dc4c6405ea43926fd5f751"", ""steps"": 32}, {""ase_converged"": true, ""converged"": true, ""end_geometry_sha256"": ""f6c3112a942d5069a59fa3bfd57ade3721ee39b35ba7723583bb063d531d4e0a"", ""failure_class"": null, ""max_force_eV_A"": 0.06340215593134979, ""name"": ""bfgs_after_fire"", ""start_geometry_sha256"": ""01f0cd2a641b7223eaed3ed7c9196b39eec3fdd10454cbf2c867669484ffb45c"", ""steps"": 102}]",f6c3112a942d5069a59fa3bfd57ade3721ee39b35ba7723583bb063d531d4e0a,-1.3011280789971318,1.8366572798192504,step_2_O,9.0,0.0,True,1.1602235046029055,0.480000000035,True,quantitative_screening,1,1,95941bd9cf82842be5b1,False,
"('MOF', 'Cr', 'TCPP', 'O4', 14.0)",MOF,True,esen-sm-conserving-all-oc25:relax-v4:orr-che-v3,True,0.06549383099793743,114,150,0.08,converged,,bfgs_standard,"[{""ase_converged"": true, ""converged"": true, ""end_geometry_sha256"": ""9a9c18aa2301faa2df610b89c68316999217317457ee074d86737866da9c1167"", ""failure_class"": null, ""max_force_eV_A"": 0.06549383099793743, ""name"": ""bfgs_standard"", ""start_geometry_sha256"": ""c4830e05dd139e735d1b50e62d60f7e94db9875a7b37163ca2f01828d0f53d93"", ""steps"": 114}]",9a9c18aa2301faa2df610b89c68316999217317457ee074d86737866da9c1167,-124.34903635029212,True,0.07437571410963886,94.0,100.0,0.08,converged,,bfgs_standard,"[{""ase_converged"": true, ""converged"": true, ""end_geometry_sha256"": ""ea72a684743909a8d0b13222330be2900d4982708a04b3deb8fa4afe2db57a05"", ""failure_class"": null, ""max_force_eV_A"": 0.07437571410963886, ""name"": ""bfgs_standard"", ""start_geometry_sha256"": ""da0ab04ce7a6ff782f1ab5184bc5960f26264b7f4e38f03383101a04819a8121"", ""steps"": 94}]",ea72a684743909a8d0b13222330be2900d4982708a04b3deb8fa4afe2db57a05,-0.34861582264304164,True,0.07628963429767333,40.0,100.0,0.08,converged,,bfgs_standard,"[{""ase_converged"": true, ""converged"": true, ""end_geometry_sha256"": ""07820ffd94c20cb23c3732889269016718c5b6e60661342fc2ed943cb741b6a5"", ""failure_class"": null, ""max_force_eV_A"": 0.07628963429767333, ""name"": ""bfgs_standard"", ""start_geometry_sha256"": ""2fc003141a353b7fbca7d419bf4eccbd37e0213de1eacb0055709ae7581d8ec9"", ""steps"": 40}]",07820ffd94c20cb23c3732889269016718c5b6e60661342fc2ed943cb741b6a5,2.6465958721935783,True,0.06317064711923145,276.0,100.0,0.08,converged,,bfgs_after_fire,"[{""ase_converged"": false, ""converged"": false, ""end_geometry_sha256"": ""17e46936ea81f1e1514367c8d4e268e17ca62bc939d7be1143935d1cfefff500"", ""failure_class"": ""force_threshold"", ""max_force_eV_A"": 0.2889555591343657, ""name"": ""bfgs_standard"", ""start_geometry_sha256"": ""478d50d791fc7023fc547ab7a794591cf82cdd9a392d1b45347c62a1f3452e3e"", ""steps"": 100}, {""ase_converged"": false, ""converged"": false, ""end_geometry_sha256"": ""5270a47566f5b2784ebc1abb6cdc50911042a65e545fd3c579d5b4e5202b460d"", ""failure_class"": ""force_threshold"", ""max_force_eV_A"": 0.2760765691708144, ""name"": ""fire_precondition"", ""qualifying"": false, ""start_geometry_sha256"": ""478d50d791fc7023fc547ab7a794591cf82cdd9a392d1b45347c62a1f3452e3e"", ""steps"": 50}, {""ase_converged"": true, ""converged"": true, ""end_geometry_sha256"": ""822a7462489a055a8af1644303c98a829ebd6b80ecacb89b7187d3c519aa275d"", ""failure_class"": null, ""max_force_eV_A"": 0.06317064711923145, ""name"": ""bfgs_after_fire"", ""start_geometry_sha256"": ""5270a47566f5b2784ebc1abb6cdc50911042a65e545fd3c579d5b4e5202b460d"", ""steps"": 126}]",822a7462489a055a8af1644303c98a829ebd6b80ecacb89b7187d3c519aa275d,2.705835770070556,1.5776158226430417,step_4_H2O,9.0,0.0,True,2.99521169483662,0.480000000035,True,quantitative_screening,2,2,cc43422ebb5c17c4b579,False,
"('MOF', 'Cr', 'TCPP', 'N2Se2', 30.0)",MOF,False,esen-sm-conserving-all-oc25:relax-v4:orr-che-v3,True,0.0783148961208425,579,150,0.08,converged,,fire_small_step,"[{""ase_converged"": false, ""converged"": false, ""end_geometry_sha256"": ""40f69ce17a6e4f34191a6fc1d4c4388265d1a9ae84839af631f0177b3df8c9e1"", ""failure_class"": ""force_threshold"", ""max_force_eV_A"": 1.039540917499431, ""name"": ""bfgs_standard"", ""start_geometry_sha256"": ""28a68bb297bffff72410bf700141d093c22b7f8bc8d0e69363bdbca323a09f12"", ""steps"": 150}, {""ase_converged"": false, ""converged"": false, ""end_geometry_sha256"": ""09c0d1841d8ba0ce70bdbfc6cd6300dd5a268b2b9b6510e5b2cef0e13a028019"", ""failure_class"": ""force_threshold"", ""max_force_eV_A"": 0.6586698138732426, ""name"": ""fire_precondition"", ""qualifying"": false, ""start_geometry_sha256"": ""28a68bb297bffff72410bf700141d093c22b7f8bc8d0e69363bdbca323a09f12"", ""steps"": 75}, {""ase_converged"": false, ""converged"": false, ""end_geometry_sha256"": ""ae784f9f7daff48d764ce23261c5b35f28f66ac760d84005be4a4a51d0ac4ea0"", ""failure_class"": ""force_threshold"", ""max_force_eV_A"": 0.3171846450006373, ""name"": ""bfgs_after_fire"", ""start_geometry_sha256"": ""09c0d1841d8ba0ce70bdbfc6cd6300dd5a268b2b9b6510e5b2cef0e13a028019"", ""steps"": 300}, {""ase_converged"": true, ""converged"": true, ""end_geometry_sha256"": ""f5eb54c746bebb07ca5a94b9c70e3daa97ff55f75c27c8143cc6edb97dfa47f8"", ""failure_class"": null, ""max_force_eV_A"": 0.0783148961208425, ""name"": ""fire_small_step"", ""start_geometry_sha256"": ""ae784f9f7daff48d764ce23261c5b35f28f66ac760d84005be4a4a51d0ac4ea0"", ""steps"": 54}]",f5eb54c746bebb07ca5a94b9c70e3daa97ff55f75c27c8143cc6edb97dfa47f8,-177.60794020684727,True,0.07339848393740925,341.0,100.0,0.08,converged,,bfgs_after_fire,"[{""ase_converged"": false, ""converged"": false, ""end_geometry_sha256"": ""d52bfb37ed3607c10e2571a50ac3920df50bcf7d04ef24b082269e222aa62111"", ""failure_class"": ""force_threshold"", ""max_force_eV_A"": 0.20610431413782654, ""name"": ""bfgs_standard"", ""start_geometry_sha256"": ""d52c763f6db69e90ed3bfbc6716c87dca58e98a06d064aa93a9eb84d3bc71fd4"", ""steps"": 100}, {""ase_converged"": false, ""converged"": false, ""end_geometry_sha256"": ""b9a3e7f55c9f899df39d419ad12a613902b7d5a08a6ed758e96fe40a2248b4e4"", ""failure_class"": ""force_threshold"", ""max_force_eV_A"": 0.35501897496940654, ""name"": ""fire_precondition"", ""qualifying"": false, ""start_geometry_sha256"": ""d52c763f6db69e90ed3bfbc6716c87dca58e98a06d064aa93a9eb84d3bc71fd4"", ""steps"": 50}, {""ase_converged"": true, ""converged"": true, ""end_geometry_sha256"": ""cfa23bdcb0e0b070fce8edc73af8a962c6e855989b4eb89dbb32d25ee06591a1"", ""failure_class"": null, ""max_force_eV_A"": 0.07339848393740925, ""name"": ""bfgs_after_fire"", ""start_geometry_sha256"": ""b9a3e7f55c9f899df39d419ad12a613902b7d5a08a6ed758e96fe40a2248b4e4"", ""steps"": 191}]",cfa23bdcb0e0b070fce8edc73af8a962c6e855989b4eb89dbb32d25ee06591a1,-9.635971245616675,True,0.0735723417708731,270.0,100.0,0.08,converged,,bfgs_after_fire,"[{""ase_converged"": false, ""converged"": false, ""end_geometry_sha256"": ""8e8b09719ef1343cde7a006182411a4474d0e85fec73de069a0344d1c16739ee"", ""failure_class"": ""force_threshold"", ""max_force_eV_A"": 0.2530108939635827, ""name"": ""bfgs_standard"", ""start_geometry_sha256"": ""941b10d4f37275c364f1ec700c50821f186bf79eedb1350f71660ae23eceb750"", ""steps"": 100}, {""ase_converged"": true, ""converged"": true, ""end_geometry_sha256"": ""425221b1f04f9d2fb98f4d952c58712fc7a6374aa6c6779356bf6b75969e5e86"", ""failure_class"": null, ""max_force_eV_A"": 0.24312334094847154, ""name"": ""fire_precondition"", ""qualifying"": false, ""start_geometry_sha256"": ""941b10d4f37275c364f1ec700c50821f186bf79eedb1350f71660ae23eceb750"", ""steps"": 36}, {""ase_converged"": true, ""converged"": true, ""end_geometry_sha256"": ""699aae4ce804fbf7e2507c3b34522739e7085abad4004c52ce7c2e06cda7a3ca"", ""failure_class"": null, ""max_force_eV_A"": 0.0735723417708731, ""name"": ""bfgs_after_fire"", ""start_geometry_sha256"": ""425221b1f04f9d2fb98f4d952c58712fc7a6374aa6c6779356bf6b75969e5e86"", ""steps"": 134}]",699aae4ce804fbf7e2507c3b34522739e7085abad4004c52ce7c2e06cda7a3ca,-9.989384733885522,True,0.07841523927733351,537.0,100.0,0.08,converged,,fire_small_step,"[{""ase_converged"": false, ""converged"": false, ""end_geometry_sha256"": ""6a786bba36c071f327af851a19eb599df073a95294590e4324235b34cac4e7d3"", ""failure_class"": ""force_threshold"", ""max_force_eV_A"": 0.47795756338584083, ""name"": ""bfgs_standard"", ""start_geometry_sha256"": ""f1d9477bf6437381f721607abec63315dfce3994de62e5845868210b80240696"", ""steps"": 100}, {""ase_converged"": false, ""converged"": false, ""end_geometry_sha256"": ""385431c7e92d79a6c12138d7cf115ec68590cc487413c9ba33de2035b13ca148"", ""failure_class"": ""force_threshold"", ""max_force_eV_A"": 0.6442382663353895, ""name"": ""fire_precondition"", ""qualifying"": false, ""start_geometry_sha256"": ""f1d9477bf6437381f721607abec63315dfce3994de62e5845868210b80240696"", ""steps"": 50}, {""ase_converged"": false, ""converged"": false, ""end_geometry_sha256"": ""ad946eb225e2385d4d71b718e8a14337652aa87277eaf395376d22d5fdd9d41e"", ""failure_class"": ""force_threshold"", ""max_force_eV_A"": 0.41066901473777623, ""name"": ""bfgs_after_fire"", ""start_geometry_sha256"": ""385431c7e92d79a6c12138d7cf115ec68590cc487413c9ba33de2035b13ca148"", ""steps"": 200}, {""ase_converged"": true, ""converged"": true, ""end_geometry_sha256"": ""b34e6189986fe97c252f964f4348a863aed986e9690355055a3bd86e6040886d"", ""failure_class"": null, ""max_force_eV_A"": 0.07841523927733351, ""name"": ""fire_small_step"", ""start_geometry_sha256"": ""ad946eb225e2385d4d71b718e8a14337652aa87277eaf395376d22d5fdd9d41e"", ""steps"": 187}]",b34e6189986fe97c252f964f4348a863aed986e9690355055a3bd86e6040886d,-13.23255400806665,10.864971245616676,step_4_H2O,9.0,0.0,True,19.625355979502196,,True,validation_required,0,0,2e0115dd2d5d28134dd1,False,Unphysical dG_OOH_eV=-13.23 eV
"('MOF', 'Cr', 'BTB', 'N2P2', 16.0)",MOF,True,esen-sm-conserving-all-oc25:relax-v4:orr-che-v3,True,0.07847820491325556,472,150,0.08,converged,,bfgs_after_fire,"[{""ase_converged"": false, ""converged"": false, ""end_geometry_sha256"": ""e04ca280895280c50b271ca50248f2f8ea7c0e63dcf128dbe85a995fa00f3245"", ""failure_class"": ""force_threshold"", ""max_force_eV_A"": 0.14308837919787776, ""name"": ""bfgs_standard"", ""start_geometry_sha256"": ""119acfbd8c904e23f4819237ba0b9bcb854a42bc3e9b0874abe81e15001d4db9"", ""steps"": 150}, {""ase_converged"": false, ""converged"": false, ""end_geometry_sha256"": ""3970105ae8ace34af530cb13059a78264ec4fc3e24fa83a2b1a6950ed53e9e6d"", ""failure_class"": ""force_threshold"", ""max_force_eV_A"": 3.0711707540183424, ""name"": ""fire_precondition"", ""qualifying"": false, ""start_geometry_sha256"": ""119acfbd8c904e23f4819237ba0b9bcb854a42bc3e9b0874abe81e15001d4db9"", ""steps"": 75}, {""ase_converged"": true, ""converged"": true, ""end_geometry_sha256"": ""40501abe6cbc258f93a2b7f5480f8a540545a3e373b0cf7dce6e3bf587bcd1d9"", ""failure_class"": null, ""max_force_eV_A"": 0.07847820491325556, ""name"": ""bfgs_after_fire"", ""start_geometry_sha256"": ""3970105ae8ace34af530cb13059a78264ec4fc3e24fa83a2b1a6950ed53e9e6d"", ""steps"": 247}]",40501abe6cbc258f93a2b7f5480f8a540545a3e373b0cf7dce6e3bf587bcd1d9,-123.8778487289361,True,0.06215095067093951,84.0,100.0,0.08,converged,,bfgs_standard,"[{""ase_converged"": true, ""converged"": true, ""end_geometry_sha256"": ""859d3db1197c64e19c1ef61fefec502f9863af0bc6efc23b419fe018064a22c5"", ""failure_class"": null, ""max_force_eV_A"": 0.06215095067093951, ""name"": ""bfgs_standard"", ""start_geometry_sha256"": ""c262104b774375db10dd6d828812388960fe99a206d362db23d04a0f7ef74898"", ""steps"": 84}]",859d3db1197c64e19c1ef61fefec502f9863af0bc6efc23b419fe018064a22c5,1.5316703940927983,True,0.07786658849015914,61.0,100.0,0.08,converged,,bfgs_standard,"[{""ase_converged"": true, ""converged"": true, ""end_geometry_sha256"": ""96563379e01d40478add5473cb312be0babb54aac13a0fb46cbf5172220b9eff"", ""failure_class"": null, ""max_force_eV_A"": 0.07786658849015914, ""name"": ""bfgs_standard"", ""start_geometry_sha256"": ""c6788d06fc638fb4745ab2fc75c2e286c8f9e551cf99b53588aa3c0ba9d12aff"", ""steps"": 61}]",96563379e01d40478add5473cb312be0babb54aac13a0fb46cbf5172220b9eff,1.4165867932140863,True,0.07452793762836682,250.0,100.0,0.08,converged,,bfgs_after_fire,"[{""ase_converged"": false, ""converged"": false, ""end_geometry_sha256"": ""3fb6939c67f89e7b21d0f41b9eaf77cc42ec7ebabf4ed19cb395c45fc86e643f"", ""failure_class"": ""force_threshold"", ""max_force_eV_A"": 0.24180032987655486, ""name"": ""bfgs_standard"", ""start_geometry_sha256"": ""e6418549da55149bd8b834f05a4adb9d4c614c72705fd8f4c55debdd67afb9bb"", ""steps"": 100}, {""ase_converged"": true, ""converged"": true, ""end_geometry_sha256"": ""c55d91705ec2269a8617c6cf23a477ce91f47d63b722dca68c45ef6d4bb3a515"", ""failure_class"": null, ""max_force_eV_A"": 0.24807431528319435, ""name"": ""fire_precondition"", ""qualifying"": false, ""start_geometry_sha256"": ""e6418549da55149bd8b834f05a4adb9d4c614c72705fd8f4c55debdd67afb9bb"", ""steps"": 40}, {""ase_converged"": true, ""converged"": true, ""end_geometry_sha256"": ""30d7c322f0317b6e203f9d26160857e73c3f72e417accf72f4f60ed4dfad420d"", ""failure_class"": null, ""max_force_eV_A"": 0.07452793762836682, ""name"": ""bfgs_after_fire"", ""start_geometry_sha256"": ""c55d91705ec2269a8617c6cf23a477ce91f47d63b722dca68c45ef6d4bb3a515"", ""steps"": 110}]",30d7c322f0317b6e203f9d26160857e73c3f72e417accf72f4f60ed4dfad420d,1.9895042881369625,1.344083600878712,step_3_OH,9.0,0.0,True,2.9482571873068846,0.480000000035,True,quantitative_screening,1,1,7de65276339c08e5f38c,False,
"('MOF', 'Mn', 'BTC', 'N3P', 25.0)",MOF,False,esen-sm-conserving-all-oc25:relax-v4:orr-che-v3,True,0.07125624634265895,522,150,0.08,converged,,bfgs_after_fire,"[{""ase_converged"": false, ""converged"": false, ""end_geometry_sha256"": ""03bed56bb1307101b90877b0c3aa8c298f310346b6e224a9778e6ae8ca4bebe3"", ""failure_class"": ""force_threshold"", ""max_force_eV_A"": 0.5621599746163191, ""name"": ""bfgs_standard"", ""start_geometry_sha256"": ""b4cf8452bb3856d28384cf6b7e728249298f1fcc6b070eddb0aa7d7d80fcd2d4"", ""steps"": 150}, {""ase_converged"": false, ""converged"": false, ""end_geometry_sha256"": ""e89e7ecbe5db966da86c9dd61398a3b07d6ca06a0d21fad035f121f17606b255"", ""failure_class"": ""force_threshold"", ""max_force_eV_A"": 1.9539579920649757, ""name"": ""fire_precondition"", ""qualifying"": false, ""start_geometry_sha256"": ""b4cf8452bb3856d28384cf6b7e728249298f1fcc6b070eddb0aa7d7d80fcd2d4"", ""steps"": 75}, {""ase_converged"": true, ""converged"": true, ""end_geometry_sha256"": ""999bc33481cb0232595872db228e186ba1cf18c842fe0b94ec5ece6a5a44aa68"", ""failure_class"": null, ""max_force_eV_A"": 0.07125624634265895, ""name"": ""bfgs_after_fire"", ""start_geometry_sha256"": ""e89e7ecbe5db966da86c9dd61398a3b07d6ca06a0d21fad035f121f17606b255"", ""steps"": 297}]",999bc33481cb0232595872db228e186ba1cf18c842fe0b94ec5ece6a5a44aa68,-180.27728525197747,True,0.07801057763571707,409.0,100.0,0.08,converged,,fire_small_step,"[{""ase_converged"": false, ""converged"": false, ""end_geometry_sha256"": ""976ea7b76c40cede09990189adefdb6c4d30ad945085b853167b4fc4b3d3c088"", ""failure_class"": ""force_threshold"", ""max_force_eV_A"": 0.602496956025637, ""name"": ""bfgs_standard"", ""start_geometry_sha256"": ""e00c94e37666351eb7492333e6ca165fd68847039c1b76c988abbe113df9397a"", ""steps"": 100}, {""ase_converged"": false, ""converged"": false, ""end_geometry_sha256"": ""3b228a0cc50f1080ada3387af5101c86e94b1e22a9d59c28e4b3a255b8816b52"", ""failure_class"": ""force_threshold"", ""max_force_eV_A"": 0.8885915873024242, ""name"": ""fire_precondition"", ""qualifying"": false, ""start_geometry_sha256"": ""e00c94e37666351eb7492333e6ca165fd68847039c1b76c988abbe113df9397a"", ""steps"": 50}, {""ase_converged"": false, ""converged"": false, ""end_geometry_sha256"": ""bcd155d24b6835e2b8f89c06dbad199019c149f18d44a472c72bd06ba9f52b12"", ""failure_class"": ""force_threshold"", ""max_force_eV_A"": 0.19950876135749698, ""name"": ""bfgs_after_fire"", ""start_geometry_sha256"": ""3b228a0cc50f1080ada3387af5101c86e94b1e22a9d59c28e4b3a255b8816b52"", ""steps"": 200}, {""ase_converged"": true, ""converged"": true, ""end_geometry_sha256"": ""9d4f1879a14e52fc5ef0e74f462bfa54a8fc49b1bda5f2e77d2539b2fb5bd87d"", ""failure_class"": null, ""max_force_eV_A"": 0.07801057763571707, ""name"": ""fire_small_step"", ""start_geometry_sha256"": ""bcd155d24b6835e2b8f89c06dbad199019c149f18d44a472c72bd06ba9f52b12"", ""steps"": 59}]",9d4f1879a14e52fc5ef0e74f462bfa54a8fc49b1bda5f2e77d2539b2fb5bd87d,-8.304046807140113,True,0.07899749925818722,52.0,100.0,0.08,converged,,bfgs_standard,"[{""ase_converged"": true, ""converged"": true, ""end_geometry_sha256"": ""476d95cccfb384a22a1ec00bcd80d1b8c5c77e1995430256c75c74fe68346152"", ""failure_class"": null, ""max_force_eV_A"": 0.07899749925818722, ""name"": ""bfgs_standard"", ""start_geometry_sha256"": ""7ee2a56cfef2ed8788ef7c7cc862e189aa1ac8ecb5c662033745b0bcfd0783de"", ""steps"": 52}]",476d95cccfb384a22a1ec00bcd80d1b8c5c77e1995430256c75c74fe68346152,-2.0790453784167733,False,0.3145557750727987,650.0,100.0,0.08,recovery_exhausted,force_threshold,fire_small_step,"[{""ase_converged"": false, ""converged"": false, ""end_geometry_sha256"": ""74fe623149713e02dc87c7e135d1bc30e91472830e7629b22087f510de6f8fc1"", ""failure_class"": ""force_threshold"", ""max_force_eV_A"": 0.3301225125514907, ""name"": ""bfgs_standard"", ""start_geometry_sha256"": ""6204e336b21f3fcc422e108c3f1dd7daa8b92dce4d3831f12f28a46d37b993d1"", ""steps"": 100}, {""ase_converged"": false, ""converged"": false, ""end_geometry_sha256"": ""9b9c30f1ff3e01b6d64cef55950635400788ebcc7d61ff853c7658d94af74f53"", ""failure_class"": ""force_threshold"", ""max_force_eV_A"": 1.2448279424696973, ""name"": ""fire_precondition"", ""qualifying"": false, ""start_geometry_sha256"": ""6204e336b21f3fcc422e108c3f1dd7daa8b92dce4d3831f12f28a46d37b993d1"", ""steps"": 50}, {""ase_converged"": false, ""converged"": false, ""end_geometry_sha256"": ""c27114a1307103101a5769f5437fb88841dd4eb4e5f0b0521fb1bbccb987426d"", ""failure_class"": ""force_threshold"", ""max_force_eV_A"": 1.2087297132518315, ""name"": ""bfgs_after_fire"", ""start_geometry_sha256"": ""9b9c30f1ff3e01b6d64cef55950635400788ebcc7d61ff853c7658d94af74f53"", ""steps"": 200}, {""ase_converged"": false, ""converged"": false, ""end_geometry_sha256"": ""656df67ab25c575bc7ac4752ea0e031bb545cc105c1874b8111cbf8d0fbc6a61"", ""failure_class"": ""force_threshold"", ""max_force_eV_A"": 0.3145557750727987, ""name"": ""fire_small_step"", ""start_geometry_sha256"": ""74fe623149713e02dc87c7e135d1bc30e91472830e7629b22087f510de6f8fc1"", ""steps"": 300}]",656df67ab25c575bc7ac4752ea0e031bb545cc105c1874b8111cbf8d0fbc6a61,,,,,,,,,True,validation_required,2,2,669f3c8cbc4ccdcfc562,False,Unconverged ooh relaxation: max_force=0.314556 eV/A after 650 cumulative recovery steps
"('MOF', 'Mn', 'NDC', 'S4', 30.0)",MOF,True,esen-sm-conserving-all-oc25:relax-v4:orr-che-v3,True,0.07982366093743994,651,150,0.08,converged,,fire_small_step,"[{""ase_converged"": false, ""converged"": false, ""end_geometry_sha256"": ""d224d14af9e9d4a9846315f6dad9cda3cdb5c98d03dae8b103a21a5fe16a0fdd"", ""failure_class"": ""force_threshold"", ""max_force_eV_A"": 0.5398072353985985, ""name"": ""bfgs_standard"", ""start_geometry_sha256"": ""4618af9764b6109bf00184c82efee3d5fcf84b4e9e818d9b96e5c3d240e4fb7c"", ""steps"": 150}, {""ase_converged"": false, ""converged"": false, ""end_geometry_sha256"": ""405f204fcfaf763552ff10ac99f3d1328187844b5312be86d6b63ac0908e8aec"", ""failure_class"": ""force_threshold"", ""max_force_eV_A"": 1.5184401670813337, ""name"": ""fire_precondition"", ""qualifying"": false, ""start_geometry_sha256"": ""4618af9764b6109bf00184c82efee3d5fcf84b4e9e818d9b96e5c3d240e4fb7c"", ""steps"": 75}, {""ase_converged"": false, ""converged"": false, ""end_geometry_sha256"": ""5899da94c1791241515af084d32ad6f5a2985b141e9ce95852569a59b63222b3"", ""failure_class"": ""force_threshold"", ""max_force_eV_A"": 0.5921937736922498, ""name"": ""bfgs_after_fire"", ""start_geometry_sha256"": ""405f204fcfaf763552ff10ac99f3d1328187844b5312be86d6b63ac0908e8aec"", ""steps"": 300}, {""ase_converged"": true, ""converged"": true, ""end_geometry_sha256"": ""87510bb1015c30d52b040c838467cf7e1f66d72f2e9710aa079f1f5f1726ec89"", ""failure_class"": null, ""max_force_eV_A"": 0.07982366093743994, ""name"": ""fire_small_step"", ""start_geometry_sha256"": ""d224d14af9e9d4a9846315f6dad9cda3cdb5c98d03dae8b103a21a5fe16a0fdd"", ""steps"": 126}]",87510bb1015c30d52b040c838467cf7e1f66d72f2e9710aa079f1f5f1726ec89,-191.78997713272068,True,0.07799842763047031,288.0,100.0,0.08,converged,,bfgs_after_fire,"[{""ase_converged"": false, ""converged"": false, ""end_geometry_sha256"": ""ce32d880500875e35a837673371eb36a1efc76ba675d7d57fc95e8286d07178f"", ""failure_class"": ""force_threshold"", ""max_force_eV_A"": 0.11969548889814009, ""name"": ""bfgs_standard"", ""start_geometry_sha256"": ""9dc674834eebdb5c3b3357466a47da7af281ce9c124f164e48a5c9b2fbb4c3eb"", ""steps"": 100}, {""ase_converged"": false, ""converged"": false, ""end_geometry_sha256"": ""c8da11c1c6cc1161e4235186950c1ef3182be0df538aa9af3233785d9a115d81"", ""failure_class"": ""force_threshold"", ""max_force_eV_A"": 0.30506826188777975, ""name"": ""fire_precondition"", ""qualifying"": false, ""start_geometry_sha256"": ""9dc674834eebdb5c3b3357466a47da7af281ce9c124f164e48a5c9b2fbb4c3eb"", ""steps"": 50}, {""ase_converged"": true, ""converged"": true, ""end_geometry_sha256"": ""3c524cd8549cc1483705adc0ea565a90dab6b867ca6170b2d504d6767b09fd78"", ""failure_class"": null, ""max_force_eV_A"": 0.07799842763047031, ""name"": ""bfgs_after_fire"", ""start_geometry_sha256"": ""c8da11c1c6cc1161e4235186950c1ef3182be0df538aa9af3233785d9a115d81"", ""steps"": 138}]",3c524cd8549cc1483705adc0ea565a90dab6b867ca6170b2d504d6767b09fd78,-3.1902467583119867,True,0.07689615734079686,74.0,100.0,0.08,converged,,bfgs_standard,"[{""ase_converged"": true, ""converged"": true, ""end_geometry_sha256"": ""c745d826b0d9976a362647c2f7e83eada82fbed171b9abc19379aead9f85f348"", ""failure_class"": null, ""max_force_eV_A"": 0.07689615734079686, ""name"": ""bfgs_standard"", ""start_geometry_sha256"": ""f31a79e8f4b01aee4435774acb433ddff58a33bfa22106fb9cb103cf05776276"", ""steps"": 74}]",c745d826b0d9976a362647c2f7e83eada82fbed171b9abc19379aead9f85f348,-2.5300112597644295,True,0.07783731834892987,402.0,100.0,0.08,converged,,fire_small_step,"[{""ase_converged"": false, ""converged"": false, ""end_geometry_sha256"": ""aaaddfa044ca6aade4468a2a041c310bca608ab70247f7552c267d109ef15d65"", ""failure_class"": ""force_threshold"", ""max_force_eV_A"": 0.3190265922300635, ""name"": ""bfgs_standard"", ""start_geometry_sha256"": ""61826dedd13f894077891753846d7cb71438a3019a6a36acceaa93c1242a95e4"", ""steps"": 100}, {""ase_converged"": false, ""converged"": false, ""end_geometry_sha256"": ""fe0588ed3d606a4899419e5856786ab9a00cee41e19f768e367e7d583173de7f"", ""failure_class"": ""force_threshold"", ""max_force_eV_A"": 1.7478478265012827, ""name"": ""fire_precondition"", ""qualifying"": false, ""start_geometry_sha256"": ""61826dedd13f894077891753846d7cb71438a3019a6a36acceaa93c1242a95e4"", ""steps"": 50}, {""ase_converged"": false, ""converged"": false, ""end_geometry_sha256"": ""e675320f9165d3f7966ca01279c531f0b81f3dac4122e7dd586341ab4692ee95"", ""failure_class"": ""force_threshold"", ""max_force_eV_A"": 0.22907333100420563, ""name"": ""bfgs_after_fire"", ""start_geometry_sha256"": ""fe0588ed3d606a4899419e5856786ab9a00cee41e19f768e367e7d583173de7f"", ""steps"": 200}, {""ase_converged"": true, ""converged"": true, ""end_geometry_sha256"": ""ea74ef27376e6f96871ce61d9d4ade62a9dbcd6328c24a4a6f90e16df248d7a7"", ""failure_class"": null, ""max_force_eV_A"": 0.07783731834892987, ""name"": ""fire_small_step"", ""start_geometry_sha256"": ""e675320f9165d3f7966ca01279c531f0b81f3dac4122e7dd586341ab4692ee95"", ""steps"": 52}]",ea74ef27376e6f96871ce61d9d4ade62a9dbcd6328c24a4a6f90e16df248d7a7,-6.246405173838134,3.0,step_2_O,9.0,0.0,True,5.720258018076416,0.480000000035,True,quantitative_screening,1,1,789240920a6e5ee6d9e1,False,
"('MOF', 'Mn', 'Pyrazole', 'S4', 6.0)",MOF,True,esen-sm-conserving-all-oc25:relax-v4:orr-che-v3,True,0.0785439669896112,57,150,0.08,converged,,bfgs_standard,"[{""ase_converged"": true, ""converged"": true, ""end_geometry_sha256"": ""8f55fc2150cd55ca177bfd802822d8c07b04cd41f0f5b95a96ffb2353d4a8577"", ""failure_class"": null, ""max_force_eV_A"": 0.0785439669896112, ""name"": ""bfgs_standard"", ""start_geometry_sha256"": ""9df7bd6fa99705b3c2d9b530179a730db0c2c8691666885825df4a18a46e68a3"", ""steps"": 57}]",8f55fc2150cd55ca177bfd802822d8c07b04cd41f0f5b95a96ffb2353d4a8577,-132.79804535870542,True,0.07913849847216031,55.0,100.0,0.08,converged,,bfgs_standard,"[{""ase_converged"": true, ""converged"": true, ""end_geometry_sha256"": ""f4813515dda1cc0f85cf7f774f97f74280b7401022e742cea7a57e552c43b0dc"", ""failure_class"": null, ""max_force_eV_A"": 0.07913849847216031, ""name"": ""bfgs_standard"", ""start_geometry_sha256"": ""a61cbcb9a6c2a9f5f3b1e684efb2218f163722bb06f0510e2067291fdeeef92f"", ""steps"": 55}]",f4813515dda1cc0f85cf7f774f97f74280b7401022e742cea7a57e552c43b0dc,0.034519496113061876,True,0.0697362727670057,40.0,100.0,0.08,converged,,bfgs_standard,"[{""ase_converged"": true, ""converged"": true, ""end_geometry_sha256"": ""a819085ab08f56f908cc024604605c4dd8424b8e15e85bdf598f43c2e4a2d381"", ""failure_class"": null, ""max_force_eV_A"": 0.0697362727670057, ""name"": ""bfgs_standard"", ""start_geometry_sha256"": ""86f931b9d23fe498254f6c16830089184f62cbc01774e1ceab3bb897cc1116dd"", ""steps"": 40}]",a819085ab08f56f908cc024604605c4dd8424b8e15e85bdf598f43c2e4a2d381,-0.5310805670916998,True,0.07966036395729152,285.0,100.0,0.08,converged,,bfgs_after_fire,"[{""ase_converged"": false, ""converged"": false, ""end_geometry_sha256"": ""44fc0d55d7f45f6cee45c4458191a4cdba4635e48771173ca9ac250cd421b785"", ""failure_class"": ""force_threshold"", ""max_force_eV_A"": 0.5670853048365957, ""name"": ""bfgs_standard"", ""start_geometry_sha256"": ""3b4aa1ba6f6f2e2686860f6937f9340ce36105ae0ec4a95e1768728bfdb08b17"", ""steps"": 100}, {""ase_converged"": true, ""converged"": true, ""end_geometry_sha256"": ""9b30f910d23b9ac8630d71977cf86523c03bc461b423f959e3908b3147590550"", ""failure_class"": null, ""max_force_eV_A"": 0.24669707672010266, ""name"": ""fire_precondition"", ""qualifying"": false, ""start_geometry_sha256"": ""3b4aa1ba6f6f2e2686860f6937f9340ce36105ae0ec4a95e1768728bfdb08b17"", ""steps"": 32}, {""ase_converged"": true, ""converged"": true, ""end_geometry_sha256"": ""8fd241acdf641b0c25a2134e8c24e9ca37f8efd258dae7f2586cd34b3ecedede"", ""failure_class"": null, ""max_force_eV_A"": 0.07966036395729152, ""name"": ""bfgs_after_fire"", ""start_geometry_sha256"": ""9b30f910d23b9ac8630d71977cf86523c03bc461b423f959e3908b3147590550"", ""steps"": 153}]",8fd241acdf641b0c25a2134e8c24e9ca37f8efd258dae7f2586cd34b3ecedede,-0.26648097187280295,1.7946000632047618,step_3_OH,9.0,0.0,True,0.5656000632047617,0.480000000035,True,quantitative_screening,0,0,b43e5ef1363f263a2611,False,
"('MOF', 'Mn', 'Imidazolate', 'O4', 16.0)",MOF,True,esen-sm-conserving-all-oc25:relax-v4:orr-che-v3,True,0.0725823184911749,40,150,0.08,converged,,bfgs_standard,"[{""ase_converged"": true, ""converged"": true, ""end_geometry_sha256"": ""01833da07336fbbf9d7c2df198d0e8f46003310643b71cf29a0fab64fd3b571b"", ""failure_class"": null, ""max_force_eV_A"": 0.0725823184911749, ""name"": ""bfgs_standard"", ""start_geometry_sha256"": ""69fc561ffce49c2b14d3d692803c5417663b2599e5f24ed03ae15d6e95021c53"", ""steps"": 40}]",01833da07336fbbf9d7c2df198d0e8f46003310643b71cf29a0fab64fd3b571b,-122.83892427985342,True,0.06747688302892618,97.0,100.0,0.08,converged,,bfgs_standard,"[{""ase_converged"": true, ""converged"": true, ""end_geometry_sha256"": ""18e7bf5ab2a77a95bb75bb9c1de9db34687571f5d55e3ffa70083795370947a2"", ""failure_class"": null, ""max_force_eV_A"": 0.06747688302892618, ""name"": ""bfgs_standard"", ""start_geometry_sha256"": ""bcfc2b84ce8f0e1d5bc95067bc22bc2422bbedbf3a163d4a80e513d6e7ae7215"", ""steps"": 97}]",18e7bf5ab2a77a95bb75bb9c1de9db34687571f5d55e3ffa70083795370947a2,1.4096859122812748,True,0.0797828700231086,45.0,100.0,0.08,converged,,bfgs_standard,"[{""ase_converged"": true, ""converged"": true, ""end_geometry_sha256"": ""7c173aa184fadf1ad5180e055e3542a9b05bfd4da0d077aa165d3100dfb35173"", ""failure_class"": null, ""max_force_eV_A"": 0.0797828700231086, ""name"": ""bfgs_standard"", ""start_geometry_sha256"": ""3d1676b3987c1e879bd097c765dd7d4e41756e21b44489d6042095f5530aec5b"", ""steps"": 45}]",7c173aa184fadf1ad5180e055e3542a9b05bfd4da0d077aa165d3100dfb35173,2.771940148621801,True,0.07388982774251336,83.0,100.0,0.08,converged,,bfgs_standard,"[{""ase_converged"": true, ""converged"": true, ""end_geometry_sha256"": ""8fcc65e8c9cbf9f82a79278a0b12c6775df9b20a525f7e5110e2076cf3cfa104"", ""failure_class"": null, ""max_force_eV_A"": 0.07388982774251336, ""name"": ""bfgs_standard"", ""start_geometry_sha256"": ""536b39c17cd3c3070aae80c98d62e93028848b82588f1f97caa3df6f730d2578"", ""steps"": 83}]",8fcc65e8c9cbf9f82a79278a0b12c6775df9b20a525f7e5110e2076cf3cfa104,4.095612953603272,0.4046129536032721,step_1_OOH,9.0,0.0,True,4.181626060903076,0.480000000035,True,quantitative_screening,2,2,ccd90970bc3389aec1f9,False,
"('MOF', 'Mn', 'Tetrazolate', 'N2Se2', 8.0)",MOF,True,esen-sm-conserving-all-oc25:relax-v4:orr-che-v3,True,0.045148386724471974,31,150,0.08,converged,,bfgs_standard,"[{""ase_converged"": true, ""converged"": true, ""end_geometry_sha256"": ""39cb5b58986c887af35c25ac9b8eb0dfc0b3568768d72b9d1e9c15cb6b13a0ae"", ""failure_class"": null, ""max_force_eV_A"": 0.045148386724471974, ""name"": ""bfgs_standard"", ""start_geometry_sha256"": ""e0171e796fa1789f9b5f1b70cb178b5ecb84a9593d2aec90bc04ee0bbae8a815"", ""steps"": 31}]",39cb5b58986c887af35c25ac9b8eb0dfc0b3568768d72b9d1e9c15cb6b13a0ae,-136.53033064457202,True,0.05849283442881182,58.0,100.0,0.08,converged,,bfgs_standard,"[{""ase_converged"": true, ""converged"": true, ""end_geometry_sha256"": ""df15a072d95f100c41daad68d89697f6a1b0f420e883af7ff96ef0d9bb749b7e"", ""failure_class"": null, ""max_force_eV_A"": 0.05849283442881182, ""name"": ""bfgs_standard"", ""start_geometry_sha256"": ""3251b7fff7da449ffce34827a7d7fe229c6a2a460fcb85c8958c03f45e1d819b"", ""steps"": 58}]",df15a072d95f100c41daad68d89697f6a1b0f420e883af7ff96ef0d9bb749b7e,-0.6671389912068844,True,0.05523570748085522,32.0,100.0,0.08,converged,,bfgs_standard,"[{""ase_converged"": true, ""converged"": true, ""end_geometry_sha256"": ""68da8ff5440981ebbb27c3466e5968642f94627b2a6251e906585d5494815cf1"", ""failure_class"": null, ""max_force_eV_A"": 0.05523570748085522, ""name"": ""bfgs_standard"", ""start_geometry_sha256"": ""8ed667797784331220b839a21ad97f8332838874c2e80929b23315c212f83e05"", ""steps"": 32}]",68da8ff5440981ebbb27c3466e5968642f94627b2a6251e906585d5494815cf1,-0.7977953784167731,True,0.0761124086310648,80.0,100.0,0.08,converged,,bfgs_standard,"[{""ase_converged"": true, ""converged"": true, ""end_geometry_sha256"": ""208010e7ac822b4b8551ad70b7a561f1706c474ea83b21f62d0897d557a8a1a4"", ""failure_class"": null, ""max_force_eV_A"": 0.0761124086310648, ""name"": ""bfgs_standard"", ""start_geometry_sha256"": ""42bd08bb89d260b6a26bf538434ef1dabee14b5b256570689a6c34f33a73a631"", ""steps"": 80}]",208010e7ac822b4b8551ad70b7a561f1706c474ea83b21f62d0897d557a8a1a4,2.116477201879028,1.8961389912068844,step_4_H2O,9.0,0.0,True,1.4649343696236574,0.480000000035,True,quantitative_screening,0,0,eba6f063e084d59999fc,False,
"('COF', 'Cr', 'Hydrazone', 'N2P2', 6.0)",COF,True,esen-sm-conserving-all-oc25:relax-v4:orr-che-v3,True,0.07732325926259212,62,150,0.08,converged,,bfgs_standard,"[{""ase_converged"": true, ""converged"": true, ""end_geometry_sha256"": ""5e0ad5a8bec615b2e4043474a83e0aa93ff4e9e12d2bb33e68b18c0b48b7d340"", ""failure_class"": null, ""max_force_eV_A"": 0.07732325926259212, ""name"": ""bfgs_standard"", ""start_geometry_sha256"": ""9de4f88713648a869f23829c5873901306fb3232ce1244ac64925e0db81d8ef0"", ""steps"": 62}]",5e0ad5a8bec615b2e4043474a83e0aa93ff4e9e12d2bb33e68b18c0b48b7d340,-130.32601698160963,True,0.06046364539182004,49.0,100.0,0.08,converged,,bfgs_standard,"[{""ase_converged"": true, ""converged"": true, ""end_geometry_sha256"": ""c58049cd75729cb0263dc88b2a572e3ec8e7f35a6937ab1572da82d81f53bd25"", ""failure_class"": null, ""max_force_eV_A"": 0.06046364539182004, ""name"": ""bfgs_standard"", ""start_geometry_sha256"": ""7f6736cb10d4a0c94a59f78b9dafe3538ce3eb97e811ed6fe7cf290c628d3a07"", ""steps"": 49}]",c58049cd75729cb0263dc88b2a572e3ec8e7f35a6937ab1572da82d81f53bd25,0.7096894408762455,True,0.07308358765903115,25.0,100.0,0.08,converged,,bfgs_standard,"[{""ase_converged"": true, ""converged"": true, ""end_geometry_sha256"": ""e2932acd6f9a11cca923ac1139c0aa7fefadea82fd471952855cde4832b03871"", ""failure_class"": null, ""max_force_eV_A"": 0.07308358765903115, ""name"": ""bfgs_standard"", ""start_geometry_sha256"": ""7fd301272c01ba7f7d076287adbc8b0d43acfaf523ca08441b82231ccd3ca427"", ""steps"": 25}]",e2932acd6f9a11cca923ac1139c0aa7fefadea82fd471952855cde4832b03871,0.4471830494701898,True,0.07604793442949942,73.0,100.0,0.08,converged,,bfgs_standard,"[{""ase_converged"": true, ""converged"": true, ""end_geometry_sha256"": ""32b97b4032ca5672430a1fa51ec63690caeb063fc5631dc635b326e5d03c65b2"", ""failure_class"": null, ""max_force_eV_A"": 0.07604793442949942, ""name"": ""bfgs_standard"", ""start_geometry_sha256"": ""025af749687cf53ee4373569c33df374c6931bb00a484f182b19cce078112b3d"", ""steps"": 73}]",32b97b4032ca5672430a1fa51ec63690caeb063fc5631dc635b326e5d03c65b2,0.2552883133292234,1.4915063914060558,step_3_OH,9.0,0.0,True,1.1568724903464354,0.447500000035,True,quantitative_screening,2,2,652528b8176ff2691e80,False,
"('COF', 'Cr', 'Beta_ketoenamine', 'N4O2', 18.0)",COF,False,esen-sm-conserving-all-oc25:relax-v4:orr-che-v3,False,0.5450086826125413,975,150,0.08,recovery_exhausted,force_threshold,fire_precondition,"[{""ase_converged"": false, ""converged"": false, ""end_geometry_sha256"": ""d006d94ad605c12869ae470db26515829209631b0711644b26c4059196c205a7"", ""failure_class"": ""force_threshold"", ""max_force_eV_A"": 0.565269010194703, ""name"": ""bfgs_standard"", ""start_geometry_sha256"": ""ef24b9c2958f13a0e7f01d1aaab7d9bf08fd85f7e1df6a4b6879d6e95dd0747d"", ""steps"": 150}, {""ase_converged"": false, ""converged"": false, ""end_geometry_sha256"": ""e144677e1c78d012cdc01546e895c7e1b996bbdc279cb26fb64ebf873724d1ca"", ""failure_class"": ""force_threshold"", ""max_force_eV_A"": 0.5450086826125413, ""name"": ""fire_precondition"", ""qualifying"": false, ""start_geometry_sha256"": ""ef24b9c2958f13a0e7f01d1aaab7d9bf08fd85f7e1df6a4b6879d6e95dd0747d"", ""steps"": 75}, {""ase_converged"": false, ""converged"": false, ""end_geometry_sha256"": ""28b35d4e88b15cda8d5e185d56a155a2d25175bf3682087cd166c2636869642b"", ""failure_class"": ""force_threshold"", ""max_force_eV_A"": 0.6277332865246121, ""name"": ""bfgs_after_fire"", ""start_geometry_sha256"": ""e144677e1c78d012cdc01546e895c7e1b996bbdc279cb26fb64ebf873724d1ca"", ""steps"": 300}, {""ase_converged"": false, ""converged"": false, ""end_geometry_sha256"": ""58ca406b774e58821b59c57a028d8da13d7e94ec36dcc964d316914c8df1a412"", ""failure_class"": ""force_threshold"", ""max_force_eV_A"": 1.4662077091821881, ""name"": ""fire_small_step"", ""start_geometry_sha256"": ""e144677e1c78d012cdc01546e895c7e1b996bbdc279cb26fb64ebf873724d1ca"", ""steps"": 450}]",e144677e1c78d012cdc01546e895c7e1b996bbdc279cb26fb64ebf873724d1ca,,,,,,,,,,,,,,,,,,,,,,,,,,,,,,,,,,,,,,,,,,True,validation_required,0,0,7e715581f19eaf697a64,False,Unconverged clean relaxation: max_force=0.545009 eV/A after 975 cumulative recovery steps
"('COF', 'Cr', 'Amide', 'N2O2', 25.0)",COF,True,esen-sm-conserving-all-oc25:relax-v4:orr-che-v3,True,0.07222371352743251,453,150,0.08,converged,,bfgs_after_fire,"[{""ase_converged"": false, ""converged"": false, ""end_geometry_sha256"": ""c58c585668fb5ced175e7ce2e931729952ee4a05d05c0ce0080d6ffd106aaa37"", ""failure_class"": ""force_threshold"", ""max_force_eV_A"": 0.127398964231639, ""name"": ""bfgs_standard"", ""start_geometry_sha256"": ""3755dfff1b706819c555e045ae5e296d56024c90ee0d650e6e4add256ec3a3d4"", ""steps"": 150}, {""ase_converged"": false, ""converged"": false, ""end_geometry_sha256"": ""52914263cc03584377d9103528856e6df477075093b2cf475a4f9de773fa5474"", ""failure_class"": ""force_threshold"", ""max_force_eV_A"": 1.1906583361017022, ""name"": ""fire_precondition"", ""qualifying"": false, ""start_geometry_sha256"": ""3755dfff1b706819c555e045ae5e296d56024c90ee0d650e6e4add256ec3a3d4"", ""steps"": 75}, {""ase_converged"": true, ""converged"": true, ""end_geometry_sha256"": ""88d0fe61d01d6edde447bbb71bef90a4f56697bbac87f4d5ee55d2575db67017"", ""failure_class"": null, ""max_force_eV_A"": 0.07222371352743251, ""name"": ""bfgs_after_fire"", ""start_geometry_sha256"": ""52914263cc03584377d9103528856e6df477075093b2cf475a4f9de773fa5474"", ""steps"": 228}]",88d0fe61d01d6edde447bbb71bef90a4f56697bbac87f4d5ee55d2575db67017,-166.7715121279739,True,0.0696176105919313,86.0,100.0,0.08,converged,,bfgs_standard,"[{""ase_converged"": true, ""converged"": true, ""end_geometry_sha256"": ""40eef7429f7dedf18af0403ab6b6c674f0d2d314330e09bd8a3e747b06c1fab1"", ""failure_class"": null, ""max_force_eV_A"": 0.0696176105919313, ""name"": ""bfgs_standard"", ""start_geometry_sha256"": ""046e4559cb167f68850f5f4cb8c7b5d7116bbe53eae04aeb616ea3e352910592"", ""steps"": 86}]",40eef7429f7dedf18af0403ab6b6c674f0d2d314330e09bd8a3e747b06c1fab1,-2.3727247093617914,True,0.07156611049145341,246.0,100.0,0.08,converged,,bfgs_after_fire,"[{""ase_converged"": false, ""converged"": false, ""end_geometry_sha256"": ""74cd738ae56b8f44125a11bbe6a55eb08b887852eeec916b9756e6ad64213ee9"", ""failure_class"": ""force_threshold"", ""max_force_eV_A"": 0.16829116456045629, ""name"": ""bfgs_standard"", ""start_geometry_sha256"": ""a4d6a4581aba246c226cb5c6c314f546142be3a20b32701a4655185458c0e5d3"", ""steps"": 100}, {""ase_converged"": true, ""converged"": true, ""end_geometry_sha256"": ""99de737eb398f3b0d6ad0196abccab9237e6bd8e7b1f994e5db7214b5325da4c"", ""failure_class"": null, ""max_force_eV_A"": 0.2487453021535629, ""name"": ""fire_precondition"", ""qualifying"": false, ""start_geometry_sha256"": ""a4d6a4581aba246c226cb5c6c314f546142be3a20b32701a4655185458c0e5d3"", ""steps"": 32}, {""ase_converged"": true, ""converged"": true, ""end_geometry_sha256"": ""bef6321b9eb1518487de9d16fd50fe2fd95c0d12d12259ab503741822dbb9ff0"", ""failure_class"": null, ""max_force_eV_A"": 0.07156611049145341, ""name"": ""bfgs_after_fire"", ""start_geometry_sha256"": ""99de737eb398f3b0d6ad0196abccab9237e6bd8e7b1f994e5db7214b5325da4c"", ""steps"": 114}]",bef6321b9eb1518487de9d16fd50fe2fd95c0d12d12259ab503741822dbb9ff0,-2.2996836535632577,True,0.06493985440452642,252.0,100.0,0.08,converged,,bfgs_after_fire,"[{""ase_converged"": false, ""converged"": false, ""end_geometry_sha256"": ""7016f96fa856577b1f97ba12a3739731246356da705df1120ea426126ad20fd9"", ""failure_class"": ""force_threshold"", ""max_force_eV_A"": 0.11248387846744289, ""name"": ""bfgs_standard"", ""start_geometry_sha256"": ""a3f24e60c4e3e15bc433d09d4ee119f7882a07c9a9bb4f6de136ac55c9605b4b"", ""steps"": 100}, {""ase_converged"": false, ""converged"": false, ""end_geometry_sha256"": ""125ce1826626ba2c4877b8fcc6cc2d65e8adfac04c7675ee3e067e3c387b3259"", ""failure_class"": ""force_threshold"", ""max_force_eV_A"": 1.0515769071223802, ""name"": ""fire_precondition"", ""qualifying"": false, ""start_geometry_sha256"": ""a3f24e60c4e3e15bc433d09d4ee119f7882a07c9a9bb4f6de136ac55c9605b4b"", ""steps"": 50}, {""ase_converged"": true, ""converged"": true, ""end_geometry_sha256"": ""ffaf727e9f3105d313695eb03d23ac23832c6109a013d258026ada8e8250e25b"", ""failure_class"": null, ""max_force_eV_A"": 0.06493985440452642, ""name"": ""bfgs_after_fire"", ""start_geometry_sha256"": ""125ce1826626ba2c4877b8fcc6cc2d65e8adfac04c7675ee3e067e3c387b3259"", ""steps"": 102}]",ffaf727e9f3105d313695eb03d23ac23832c6109a013d258026ada8e8250e25b,-4.745270301401611,3.0,step_2_O,9.0,0.0,True,4.672408362925049,0.447500000035,True,quantitative_screening,1,1,3eeaabfd7a4fe379edbd,False,
"('COF', 'Cr', 'Amide', 'S4', 40.0)",COF,False,esen-sm-conserving-all-oc25:relax-v4:orr-che-v3,True,0.06475355836578461,407,150,0.08,converged,,bfgs_after_fire,"[{""ase_converged"": false, ""converged"": false, ""end_geometry_sha256"": ""320e2acfd861838c617a1ed0187f3d90ea9b8a92c0d34f43fb08796bf21a3489"", ""failure_class"": ""force_threshold"", ""max_force_eV_A"": 0.4869284509632573, ""name"": ""bfgs_standard"", ""start_geometry_sha256"": ""b8f4fc11e5ffc1f80c93db0419d2a142e03ba3c29cf96d73c61f0c3a6b293dd5"", ""steps"": 150}, {""ase_converged"": false, ""converged"": false, ""end_geometry_sha256"": ""0bc4b1985fe0bcab69377b1a81c939860839a208e02a13363820dd354577bc70"", ""failure_class"": ""force_threshold"", ""max_force_eV_A"": 0.9244021096820014, ""name"": ""fire_precondition"", ""qualifying"": false, ""start_geometry_sha256"": ""b8f4fc11e5ffc1f80c93db0419d2a142e03ba3c29cf96d73c61f0c3a6b293dd5"", ""steps"": 75}, {""ase_converged"": true, ""converged"": true, ""end_geometry_sha256"": ""6d2a8345da18296dcf3ec626ef062db80e99264fcb6d841c3118f4696ff32167"", ""failure_class"": null, ""max_force_eV_A"": 0.06475355836578461, ""name"": ""bfgs_after_fire"", ""start_geometry_sha256"": ""0bc4b1985fe0bcab69377b1a81c939860839a208e02a13363820dd354577bc70"", ""steps"": 182}]",6d2a8345da18296dcf3ec626ef062db80e99264fcb6d841c3118f4696ff32167,-169.25484017014307,True,0.07898730509904199,83.0,100.0,0.08,converged,,bfgs_standard,"[{""ase_converged"": true, ""converged"": true, ""end_geometry_sha256"": ""0a0081976d9e303afcbb58b5b4b3431ad1898ca7b7a3b6c22a34a5d4c61fb54f"", ""failure_class"": null, ""max_force_eV_A"": 0.07898730509904199, ""name"": ""bfgs_standard"", ""start_geometry_sha256"": ""520084f77dce35aacadf7252a00a7d6b3a10ca0025348e1ac18595ea96a1e614"", ""steps"": 83}]",0a0081976d9e303afcbb58b5b4b3431ad1898ca7b7a3b6c22a34a5d4c61fb54f,-1.8811857078969478,True,0.07286827539774687,94.0,100.0,0.08,converged,,bfgs_standard,"[{""ase_converged"": true, ""converged"": true, ""end_geometry_sha256"": ""1a0f3ee104e122df82331d4ec518ccb3026935f3ee0a1cfd5ccc832101bb4af6"", ""failure_class"": null, ""max_force_eV_A"": 0.07286827539774687, ""name"": ""bfgs_standard"", ""start_geometry_sha256"": ""94c79efc983830e2c313be15c4967b9356f77484093b1ad5206e01da3c5e32b4"", ""steps"": 94}]",1a0f3ee104e122df82331d4ec518ccb3026935f3ee0a1cfd5ccc832101bb4af6,-2.0748949877917733,False,0.2709626775163301,650.0,100.0,0.08,recovery_exhausted,force_threshold,fire_small_step,"[{""ase_converged"": false, ""converged"": false, ""end_geometry_sha256"": ""b66a9f4771c1c30d28f68935dde4299c409f623a9f28b346402b78cd2f94b9b7"", ""failure_class"": ""force_threshold"", ""max_force_eV_A"": 0.31245691435915113, ""name"": ""bfgs_standard"", ""start_geometry_sha256"": ""3db7d55c32dbae0999a2a97547fd4ff3bb8689dbb8b308f75ac91fc61237b4ef"", ""steps"": 100}, {""ase_converged"": false, ""converged"": false, ""end_geometry_sha256"": ""1d186847eece529c77dc4c27d368a575d26903b3ef20fb9dcedfb8672962b756"", ""failure_class"": ""force_threshold"", ""max_force_eV_A"": 0.8241461751516187, ""name"": ""fire_precondition"", ""qualifying"": false, ""start_geometry_sha256"": ""3db7d55c32dbae0999a2a97547fd4ff3bb8689dbb8b308f75ac91fc61237b4ef"", ""steps"": 50}, {""ase_converged"": false, ""converged"": false, ""end_geometry_sha256"": ""3240f5e532ab0b18825bfa5402ee6927c58a4e63e5ac1fc9a61a19797227ac5c"", ""failure_class"": ""force_threshold"", ""max_force_eV_A"": 0.27992927062893536, ""name"": ""bfgs_after_fire"", ""start_geometry_sha256"": ""1d186847eece529c77dc4c27d368a575d26903b3ef20fb9dcedfb8672962b756"", ""steps"": 200}, {""ase_converged"": false, ""converged"": false, ""end_geometry_sha256"": ""a3eb982db16dd64a02236fb7abac13f070ea781a252b24af0762173e74f4ecf6"", ""failure_class"": ""force_threshold"", ""max_force_eV_A"": 0.2709626775163301, ""name"": ""fire_small_step"", ""start_geometry_sha256"": ""3240f5e532ab0b18825bfa5402ee6927c58a4e63e5ac1fc9a61a19797227ac5c"", ""steps"": 300}]",a3eb982db16dd64a02236fb7abac13f070ea781a252b24af0762173e74f4ecf6,,,,,,,,,True,validation_required,2,2,00b145c9bb2a97d6a788,False,Unconverged ooh relaxation: max_force=0.270963 eV/A after 650 cumulative recovery steps
"('COF', 'Mn', 'Imine', 'O6', 12.0)",COF,True,esen-sm-conserving-all-oc25:relax-v4:orr-che-v3,True,0.053631365086535286,15,150,0.08,converged,,bfgs_standard,"[{""ase_converged"": true, ""converged"": true, ""end_geometry_sha256"": ""f6d9597708a0dab4c4a0bcde44b70e32eed32fe51670443ea01fa81616eda62d"", ""failure_class"": null, ""max_force_eV_A"": 0.053631365086535286, ""name"": ""bfgs_standard"", ""start_geometry_sha256"": ""9d73a1ea318fe43e27392269d915d33816bc9d126251f371cf48f2799f59262d"", ""steps"": 15}]",f6d9597708a0dab4c4a0bcde44b70e32eed32fe51670443ea01fa81616eda62d,-135.3861782416942,True,0.07816590632898984,24.0,100.0,0.08,converged,,bfgs_standard,"[{""ase_converged"": true, ""converged"": true, ""end_geometry_sha256"": ""d7cb7294de4cfce2544cd072e0c9b2209ea243cfe507c49e96ba66ea88238d5f"", ""failure_class"": null, ""max_force_eV_A"": 0.07816590632898984, ""name"": ""bfgs_standard"", ""start_geometry_sha256"": ""520cc5809df9b6a90fcbb0567a1d550445ec77aef28bf38b8726e3767efaa300"", ""steps"": 24}]",d7cb7294de4cfce2544cd072e0c9b2209ea243cfe507c49e96ba66ea88238d5f,-1.5546153162419796,True,0.022528096049571157,23.0,100.0,0.08,converged,,bfgs_standard,"[{""ase_converged"": true, ""converged"": true, ""end_geometry_sha256"": ""f066a65ee4d967d0e88e084a27f3693893ab0cda56812f80948d1c18f1d6edbb"", ""failure_class"": null, ""max_force_eV_A"": 0.022528096049571157, ""name"": ""bfgs_standard"", ""start_geometry_sha256"": ""ad2cf53d1a03bc0196d00cc0294161c39112d65803bfb604586c78525530ed76"", ""steps"": 23}]",f066a65ee4d967d0e88e084a27f3693893ab0cda56812f80948d1c18f1d6edbb,-1.942524635046717,True,0.07236459563449407,59.0,100.0,0.08,converged,,bfgs_standard,"[{""ase_converged"": true, ""converged"": true, ""end_geometry_sha256"": ""a7196350462db8a278376186d7030a1f1bb7d2780887ef7d56dc8820e32c7bd1"", ""failure_class"": null, ""max_force_eV_A"": 0.07236459563449407, ""name"": ""bfgs_standard"", ""start_geometry_sha256"": ""93f9f74cc1120106cc0976fd9d0d99e920e5bd43ef923265b67617bcea553a28"", ""steps"": 59}]",a7196350462db8a278376186d7030a1f1bb7d2780887ef7d56dc8820e32c7bd1,-0.05220608860253931,2.7836153162419794,step_4_H2O,9.0,0.0,True,3.4971399512886965,0.447500000035,True,quantitative_screening,0,0,0011ed44642295a7cad0,False,
"('COF', 'Mn', 'Triazine', 'P4', 18.0)",COF,True,esen-sm-conserving-all-oc25:relax-v4:orr-che-v3,True,0.0796993675469529,323,150,0.08,converged,,bfgs_after_fire,"[{""ase_converged"": false, ""converged"": false, ""end_geometry_sha256"": ""aaca72f19a494acc1b19fe8c2d501e98705d9e201d08815d8f169bfec0f993dd"", ""failure_class"": ""force_threshold"", ""max_force_eV_A"": 0.40015035546083016, ""name"": ""bfgs_standard"", ""start_geometry_sha256"": ""3cd979b2d138bc516bfb930fc3d3079f844ad4d37f0cb9e25ef8ad889cc30acf"", ""steps"": 150}, {""ase_converged"": true, ""converged"": true, ""end_geometry_sha256"": ""f037f4cb04f1c08578b92b61b2e73306f069459807b1cd6bf9a0c0e145032691"", ""failure_class"": null, ""max_force_eV_A"": 0.24831727964862715, ""name"": ""fire_precondition"", ""qualifying"": false, ""start_geometry_sha256"": ""3cd979b2d138bc516bfb930fc3d3079f844ad4d37f0cb9e25ef8ad889cc30acf"", ""steps"": 21}, {""ase_converged"": true, ""converged"": true, ""end_geometry_sha256"": ""90eda470e847d623218335e6d6821e5e12e13839955fc17a28f8595fd9f728e7"", ""failure_class"": null, ""max_force_eV_A"": 0.0796993675469529, ""name"": ""bfgs_after_fire"", ""start_geometry_sha256"": ""f037f4cb04f1c08578b92b61b2e73306f069459807b1cd6bf9a0c0e145032691"", ""steps"": 152}]",90eda470e847d623218335e6d6821e5e12e13839955fc17a28f8595fd9f728e7,-136.52054713817859,True,0.06198204009933095,53.0,100.0,0.08,converged,,bfgs_standard,"[{""ase_converged"": true, ""converged"": true, ""end_geometry_sha256"": ""bd50201106cb8eac665076da40d5f3c996e5fcb166612442e271e31decd25ecf"", ""failure_class"": null, ""max_force_eV_A"": 0.06198204009933095, ""name"": ""bfgs_standard"", ""start_geometry_sha256"": ""bc37a91983d4251f0d3b87b401132f84c866940a63534ce449fd85587a0acfb8"", ""steps"": 53}]",bd50201106cb8eac665076da40d5f3c996e5fcb166612442e271e31decd25ecf,-0.6777756784856319,True,0.07800600531416316,11.0,100.0,0.08,converged,,bfgs_standard,"[{""ase_converged"": true, ""converged"": true, ""end_geometry_sha256"": ""10bb7ea93ddae535a03b686d16b244eb32a05ae107dc0f4beb708bb527a26d90"", ""failure_class"": null, ""max_force_eV_A"": 0.07800600531416316, ""name"": ""bfgs_standard"", ""start_geometry_sha256"": ""7031bed24f67448a8f733ddd299815288e81675f76e7d99c2b157847e2caf646"", ""steps"": 11}]",10bb7ea93ddae535a03b686d16b244eb32a05ae107dc0f4beb708bb527a26d90,-0.7904470793902838,True,0.07339907883015516,26.0,100.0,0.08,converged,,bfgs_standard,"[{""ase_converged"": true, ""converged"": true, ""end_geometry_sha256"": ""44f43b4b94f5e18b7a5e6e45254d30e19086caf907344455c455ef44789b949b"", ""failure_class"": null, ""max_force_eV_A"": 0.07339907883015516, ""name"": ""bfgs_standard"", ""start_geometry_sha256"": ""83f7a6b1a7c5358c3d9499aae5a4ca2470a82699f7f642fe9ec6718a676d5893"", ""steps"": 26}]",44f43b4b94f5e18b7a5e6e45254d30e19086caf907344455c455ef44789b949b,2.1156458362937007,1.906775678485632,step_4_H2O,9.0,0.0,True,1.4682227578759157,0.447500000035,True,quantitative_screening,0,0,7ccb0af799599a3fcc3b,False,
"('COF', 'Mn', 'Olefin', 'N3S', 4.0)",COF,True,esen-sm-conserving-all-oc25:relax-v4:orr-che-v3,True,0.07811176646209025,35,150,0.08,converged,,bfgs_standard,"[{""ase_converged"": true, ""converged"": true, ""end_geometry_sha256"": ""6d1ec895a67c2fc17e1a1a1dea952feadbb3bb737aaaa0219fffcb2c6f715ffe"", ""failure_class"": null, ""max_force_eV_A"": 0.07811176646209025, ""name"": ""bfgs_standard"", ""start_geometry_sha256"": ""9bef267f073d83b862e6e8290c0afd70f40607a36511295f97a2903b2b8c43c4"", ""steps"": 35}]",6d1ec895a67c2fc17e1a1a1dea952feadbb3bb737aaaa0219fffcb2c6f715ffe,-131.27014821755427,True,0.07450388046426674,40.0,100.0,0.08,converged,,bfgs_standard,"[{""ase_converged"": true, ""converged"": true, ""end_geometry_sha256"": ""15e6e1f5cba99131b373f406d0f49ba4a23bff4093ab242d4fe2e21b9dbc9666"", ""failure_class"": null, ""max_force_eV_A"": 0.07450388046426674, ""name"": ""bfgs_standard"", ""start_geometry_sha256"": ""4dba04569707b5e9109f0faaa7d8ffac7e1194c5b24a8f212ddab3357f3a8da9"", ""steps"": 40}]",15e6e1f5cba99131b373f406d0f49ba4a23bff4093ab242d4fe2e21b9dbc9666,-0.5766190861165523,True,0.07850191313071936,35.0,100.0,0.08,converged,,bfgs_standard,"[{""ase_converged"": true, ""converged"": true, ""end_geometry_sha256"": ""d663a28a5f16ed402f2ce1aa2b7fcc9972d0eb99e99b5ca13763a4a31e3cc6f3"", ""failure_class"": null, ""max_force_eV_A"": 0.07850191313071936, ""name"": ""bfgs_standard"", ""start_geometry_sha256"": ""be8a946796341b92898502495580ba886dfa2c00df4b0ed56753f6227fdca677"", ""steps"": 35}]",d663a28a5f16ed402f2ce1aa2b7fcc9972d0eb99e99b5ca13763a4a31e3cc6f3,-0.6430918805301153,True,0.07617293915002095,225.0,100.0,0.08,converged,,bfgs_after_fire,"[{""ase_converged"": false, ""converged"": false, ""end_geometry_sha256"": ""0807c44e3e2a98117f45a0b3b98f2c9651ff6e7818868a752e21b90cfa0c1ffa"", ""failure_class"": ""force_threshold"", ""max_force_eV_A"": 0.169664435653082, ""name"": ""bfgs_standard"", ""start_geometry_sha256"": ""b06610c401e1fb66154f5d9fa1292009604adb7a0cb0d3318e37390a19f82f2f"", ""steps"": 100}, {""ase_converged"": true, ""converged"": true, ""end_geometry_sha256"": ""7539d09adf12abcbadd82894d347b27712baee19dd2d219899a92f8b4909eebc"", ""failure_class"": null, ""max_force_eV_A"": 0.24213273159954127, ""name"": ""fire_precondition"", ""qualifying"": false, ""start_geometry_sha256"": ""b06610c401e1fb66154f5d9fa1292009604adb7a0cb0d3318e37390a19f82f2f"", ""steps"": 31}, {""ase_converged"": true, ""converged"": true, ""end_geometry_sha256"": ""69750e0fc33d23978e979cbefe5126c92b6adec35fc52c3487c34deabf06d761"", ""failure_class"": null, ""max_force_eV_A"": 0.07617293915002095, ""name"": ""bfgs_after_fire"", ""start_geometry_sha256"": ""7539d09adf12abcbadd82894d347b27712baee19dd2d219899a92f8b4909eebc"", ""steps"": 94}]",69750e0fc33d23978e979cbefe5126c92b6adec35fc52c3487c34deabf06d761,-0.5198811784386599,1.8056190861165524,step_4_H2O,9.0,0.0,True,1.2197109666466677,0.447500000035,True,quantitative_screening,2,2,845e36fc4376eba1f6d9,False,
"('COF', 'Mn', 'Azine', 'N6', 12.0)",COF,True,esen-sm-conserving-all-oc25:relax-v4:orr-che-v3,True,0.06901713319100596,28,150,0.08,converged,,bfgs_standard,"[{""ase_converged"": true, ""converged"": true, ""end_geometry_sha256"": ""f2a9b8564f6a95d91005f93139c1412ddbffde9392f87a63ad276ea5882cc09e"", ""failure_class"": null, ""max_force_eV_A"": 0.06901713319100596, ""name"": ""bfgs_standard"", ""start_geometry_sha256"": ""5da0cd17caee28c28250b3bb643ce8d03be07fbd1109cbac26e1162cc4681c5f"", ""steps"": 28}]",f2a9b8564f6a95d91005f93139c1412ddbffde9392f87a63ad276ea5882cc09e,-148.92305387091685,True,0.07231809411805383,68.0,100.0,0.08,converged,,bfgs_standard,"[{""ase_converged"": true, ""converged"": true, ""end_geometry_sha256"": ""c79fa41c7ba7b3200ed927dce77678842669f22c08d9042d497196e107faac08"", ""failure_class"": null, ""max_force_eV_A"": 0.07231809411805383, ""name"": ""bfgs_standard"", ""start_geometry_sha256"": ""5f0326e9d46ef56cdba39a25cdfab4443d611907d36b874cf5765331a0dddbf2"", ""steps"": 68}]",c79fa41c7ba7b3200ed927dce77678842669f22c08d9042d497196e107faac08,-1.7128197525441646,True,0.06879181819252302,60.0,100.0,0.08,converged,,bfgs_standard,"[{""ase_converged"": true, ""converged"": true, ""end_geometry_sha256"": ""cceed5f07749969d6bf3e21949124c0e3ede4c56a37756654349c47b1aae41e0"", ""failure_class"": null, ""max_force_eV_A"": 0.06879181819252302, ""name"": ""bfgs_standard"", ""start_geometry_sha256"": ""68a0f3ebd1d8d0b665ae71a9fbb3b9bb0dfd5533255163e3b83aa30f5c20db59"", ""steps"": 60}]",cceed5f07749969d6bf3e21949124c0e3ede4c56a37756654349c47b1aae41e0,-1.6647745005786383,True,0.06835520173178825,63.0,100.0,0.08,converged,,bfgs_standard,"[{""ase_converged"": true, ""converged"": true, ""end_geometry_sha256"": ""dd3ad0bcc20d052c303a3ac565e8afbac7b31cc46b7e9b4f581361d393bd65ba"", ""failure_class"": null, ""max_force_eV_A"": 0.06835520173178825, ""name"": ""bfgs_standard"", ""start_geometry_sha256"": ""1f46ee4eae5a4e39c7a10d0d1502775e5ebcdfb22187b9eae3cab3c33c69d66b"", ""steps"": 63}]",dd3ad0bcc20d052c303a3ac565e8afbac7b31cc46b7e9b4f581361d393bd65ba,0.9774364933371579,2.9418197525441645,step_4_H2O,9.0,0.0,True,3.377594253122803,0.447500000035,True,quantitative_screening,1,1,c3ae0c28969be299e096,False,
"('COF', 'Mn', 'Hydrazone', 'N2O2', 14.0)",COF,True,esen-sm-conserving-all-oc25:relax-v4:orr-che-v3,True,0.07867969487927251,100,150,0.08,converged,,bfgs_standard,"[{""ase_converged"": true, ""converged"": true, ""end_geometry_sha256"": ""ebf6d86b182874488dc94ee766b5f8d7ed44dbdafc5a32962d4c0c4563417a03"", ""failure_class"": null, ""max_force_eV_A"": 0.07867969487927251, ""name"": ""bfgs_standard"", ""start_geometry_sha256"": ""4b6f78ed42171e90bb6ee4a8c68ebc145d6c08c432c63a004e1f4d1df136265c"", ""steps"": 100}]",ebf6d86b182874488dc94ee766b5f8d7ed44dbdafc5a32962d4c0c4563417a03,-129.60374550897328,True,0.071595701781306,62.0,100.0,0.08,converged,,bfgs_standard,"[{""ase_converged"": true, ""converged"": true, ""end_geometry_sha256"": ""2e72716ca80a8e129eb9715eb6e099e9d165665000316d4ac166ab1039e72e1d"", ""failure_class"": null, ""max_force_eV_A"": 0.071595701781306, ""name"": ""bfgs_standard"", ""start_geometry_sha256"": ""fdd4a0c3b8f53c0427c8aa6954a309859fec949f39f1d755ecf5bb3810b15370"", ""steps"": 62}]",2e72716ca80a8e129eb9715eb6e099e9d165665000316d4ac166ab1039e72e1d,-1.9300724838674068,True,0.07090051471613952,81.0,100.0,0.08,converged,,bfgs_standard,"[{""ase_converged"": true, ""converged"": true, ""end_geometry_sha256"": ""ead353607971910fa1d291cee91e1c7bbbb468fc8f24d4f5e944c5d2dbd3e18e"", ""failure_class"": null, ""max_force_eV_A"": 0.07090051471613952, ""name"": ""bfgs_standard"", ""start_geometry_sha256"": ""8fd7da6b54b98acb4c3809ef5ffea9d3c4f49e953b186c62450c4d133190fc59"", ""steps"": 81}]",ead353607971910fa1d291cee91e1c7bbbb468fc8f24d4f5e944c5d2dbd3e18e,-2.3685823313891854,True,0.0771869515327939,81.0,100.0,0.08,converged,,bfgs_standard,"[{""ase_converged"": true, ""converged"": true, ""end_geometry_sha256"": ""a5241845b95161ec2ced93eb0573324d31d135f56955871c0258ac5135400348"", ""failure_class"": null, ""max_force_eV_A"": 0.0771869515327939, ""name"": ""bfgs_standard"", ""start_geometry_sha256"": ""d3329b01e38d667ebd2ecf4b5abe27856cfa76667a04dbe66f87555b6e68d898"", ""steps"": 81}]",a5241845b95161ec2ced93eb0573324d31d135f56955871c0258ac5135400348,0.6030568584799803,3.0,step_4_H2O,9.0,0.0,True,4.298654815256592,0.447500000035,True,quantitative_screening,1,1,d03f9dabf85da2793d8a,False,
"('COF', 'Mn', 'Beta_ketoenamine', 'N4', 25.0)",COF,False,esen-sm-conserving-all-oc25:relax-v4:orr-che-v3,True,0.0774060420716241,456,150,0.08,converged,,bfgs_after_fire,"[{""ase_converged"": false, ""converged"": false, ""end_geometry_sha256"": ""48890c196ee5b43f0000254b7bf937d1c62446edcd4b6a8271e47dc7cd2ca1c2"", ""failure_class"": ""force_threshold"", ""max_force_eV_A"": 2.1348495464761617, ""name"": ""bfgs_standard"", ""start_geometry_sha256"": ""4968e99488f9f957bf54bfef8b7bc4550128276cc4e0c3ace2fe8835496d40d5"", ""steps"": 150}, {""ase_converged"": false, ""converged"": false, ""end_geometry_sha256"": ""d8054ded7bbd6a5c47117f533a46e06a21b7bb0fe55617928a5b72009a9b2c2a"", ""failure_class"": ""force_threshold"", ""max_force_eV_A"": 2.0711030553028897, ""name"": ""fire_precondition"", ""qualifying"": false, ""start_geometry_sha256"": ""4968e99488f9f957bf54bfef8b7bc4550128276cc4e0c3ace2fe8835496d40d5"", ""steps"": 75}, {""ase_converged"": true, ""converged"": true, ""end_geometry_sha256"": ""f5d7037e245452ffa78b8036e75c13474bd5f5d7fee3729d5679d489aeb39380"", ""failure_class"": null, ""max_force_eV_A"": 0.0774060420716241, ""name"": ""bfgs_after_fire"", ""start_geometry_sha256"": ""d8054ded7bbd6a5c47117f533a46e06a21b7bb0fe55617928a5b72009a9b2c2a"", ""steps"": 231}]",f5d7037e245452ffa78b8036e75c13474bd5f5d7fee3729d5679d489aeb39380,-167.5163824675058,True,0.0775158372174411,337.0,100.0,0.08,converged,,bfgs_after_fire,"[{""ase_converged"": false, ""converged"": false, ""end_geometry_sha256"": ""a0e3bb8b9c655fe52516f615c87e02f89132f3172b91e735db6d6c80794ef858"", ""failure_class"": ""force_threshold"", ""max_force_eV_A"": 0.11348477093707894, ""name"": ""bfgs_standard"", ""start_geometry_sha256"": ""bf658b991bbf79d05d6b3ed423dcb736930064a32ae442b2402a1c4341d5266e"", ""steps"": 100}, {""ase_converged"": false, ""converged"": false, ""end_geometry_sha256"": ""c55920ffd77654ae9c3397abd54e6d4b1a4d27e1c336fb2cb69457cda1474ebc"", ""failure_class"": ""force_threshold"", ""max_force_eV_A"": 0.29171164770962343, ""name"": ""fire_precondition"", ""qualifying"": false, ""start_geometry_sha256"": ""bf658b991bbf79d05d6b3ed423dcb736930064a32ae442b2402a1c4341d5266e"", ""steps"": 50}, {""ase_converged"": true, ""converged"": true, ""end_geometry_sha256"": ""c18b102e744266de7e360f6de5f6e8716d5030e80fec4c8f5c0fd3c108575c78"", ""failure_class"": null, ""max_force_eV_A"": 0.0775158372174411, ""name"": ""bfgs_after_fire"", ""start_geometry_sha256"": ""c55920ffd77654ae9c3397abd54e6d4b1a4d27e1c336fb2cb69457cda1474ebc"", ""steps"": 187}]",c18b102e744266de7e360f6de5f6e8716d5030e80fec4c8f5c0fd3c108575c78,-6.561786827892066,True,0.07980531705430671,77.0,100.0,0.08,converged,,bfgs_standard,"[{""ase_converged"": true, ""converged"": true, ""end_geometry_sha256"": ""104604e0e8e71caf02eaf89d33cade4c8db62a12b935ae2559c8194fc83f1124"", ""failure_class"": null, ""max_force_eV_A"": 0.07980531705430671, ""name"": ""bfgs_standard"", ""start_geometry_sha256"": ""aa37af0d02a90ea392b92519208331cf279407e430419a3d912332951e844a19"", ""steps"": 77}]",104604e0e8e71caf02eaf89d33cade4c8db62a12b935ae2559c8194fc83f1124,-1.6036272875964606,False,0.10191817919121576,650.0,100.0,0.08,recovery_exhausted,force_threshold,fire_small_step,"[{""ase_converged"": false, ""converged"": false, ""end_geometry_sha256"": ""9074d09a8e8975bb410fb301796db26b6cdde0460dcab7161c8857d539d43303"", ""failure_class"": ""force_threshold"", ""max_force_eV_A"": 3.042078902030517, ""name"": ""bfgs_standard"", ""start_geometry_sha256"": ""dfdd51d2b8c5e24c8c9e71d9b8c82b02b7ae48ca4c91c275e7ea47831be70aad"", ""steps"": 100}, {""ase_converged"": false, ""converged"": false, ""end_geometry_sha256"": ""b3b9af683529e3bab54c23872824bad03f7de4b0842f4875fb7115c60693958a"", ""failure_class"": ""force_threshold"", ""max_force_eV_A"": 0.7933195738393252, ""name"": ""fire_precondition"", ""qualifying"": false, ""start_geometry_sha256"": ""dfdd51d2b8c5e24c8c9e71d9b8c82b02b7ae48ca4c91c275e7ea47831be70aad"", ""steps"": 50}, {""ase_converged"": false, ""converged"": false, ""end_geometry_sha256"": ""7b78b36052dd64d232181ffc1cd91ce62192060a259efb9752acaf33012f11a4"", ""failure_class"": ""force_threshold"", ""max_force_eV_A"": 1.058416916000529, ""name"": ""bfgs_after_fire"", ""start_geometry_sha256"": ""b3b9af683529e3bab54c23872824bad03f7de4b0842f4875fb7115c60693958a"", ""steps"": 200}, {""ase_converged"": false, ""converged"": false, ""end_geometry_sha256"": ""5ee0c969b277ab18a0db2f73d93a257d56416c1729afa53a36447b8728ef7656"", ""failure_class"": ""force_threshold"", ""max_force_eV_A"": 0.10191817919121576, ""name"": ""fire_small_step"", ""start_geometry_sha256"": ""b3b9af683529e3bab54c23872824bad03f7de4b0842f4875fb7115c60693958a"", ""steps"": 300}]",5ee0c969b277ab18a0db2f73d93a257d56416c1729afa53a36447b8728ef7656,,,,,,,,,True,validation_required,2,2,b837614fa03d629ac0e7,False,Unconverged ooh relaxation: max_force=0.101918 eV/A after 650 cumulative recovery steps
"('Perovskite', 'Sr', 'Ti', 'Nb', 0.5, 'O_vacancy')",Perovskite,True,esen-sm-conserving-all-oc25:relax-v4:orr-che-v3,True,0.06408832514696777,23,150,0.08,converged,,bfgs_standard,"[{""ase_converged"": true, ""converged"": true, ""end_geometry_sha256"": ""226c5302caeac0f7bba8cf944067b27d41f4092aef6e18bcabbcb5d01a859fb5"", ""failure_class"": null, ""max_force_eV_A"": 0.06408832514696777, ""name"": ""bfgs_standard"", ""start_geometry_sha256"": ""515d1d651831e8d705c161c91df56e3b86c4ce7f46157b373a15da563d2c59f7"", ""steps"": 23}]",226c5302caeac0f7bba8cf944067b27d41f4092aef6e18bcabbcb5d01a859fb5,-459.67045419128596,True,0.06908335091884123,78.0,100.0,0.08,converged,,bfgs_standard,"[{""ase_converged"": true, ""converged"": true, ""end_geometry_sha256"": ""cdb4f29c42e8861ee86a85abca73fb27b6ea662b5b4fe0ed575fd63eca842e10"", ""failure_class"": null, ""max_force_eV_A"": 0.06908335091884123, ""name"": ""bfgs_standard"", ""start_geometry_sha256"": ""b3ff3eeb9dbe3d099fd96654153dce8deae4c2068ebddf6c2f30e7bc5c9b7dcc"", ""steps"": 78}]",cdb4f29c42e8861ee86a85abca73fb27b6ea662b5b4fe0ed575fd63eca842e10,-1.1251336906850906,True,0.07613103349812042,74.0,100.0,0.08,converged,,bfgs_standard,"[{""ase_converged"": true, ""converged"": true, ""end_geometry_sha256"": ""78a975ee087278374bb7e4a9444ee1996a5ed57526e7ccb79d894fa720b0edf6"", ""failure_class"": null, ""max_force_eV_A"": 0.07613103349812042, ""name"": ""bfgs_standard"", ""start_geometry_sha256"": ""64ac3f2f40d36ca2a4a8033f117a862429619dde3d8f8ea254842d58236ecf97"", ""steps"": 74}]",78a975ee087278374bb7e4a9444ee1996a5ed57526e7ccb79d894fa720b0edf6,-2.2321864001453173,True,0.07512540848500768,84.0,100.0,0.08,converged,,bfgs_standard,"[{""ase_converged"": true, ""converged"": true, ""end_geometry_sha256"": ""2957485240a244c136f0c6278ce51ac1d6d68267cf0648beecef2bf307042c5d"", ""failure_class"": null, ""max_force_eV_A"": 0.07512540848500768, ""name"": ""bfgs_standard"", ""start_geometry_sha256"": ""9ddb0d934113e387f9b7e0c16303e166932c46ee7d119fa94b24bea30302d199"", ""steps"": 84}]",2957485240a244c136f0c6278ce51ac1d6d68267cf0648beecef2bf307042c5d,-3.5129189983010543,2.509732598155737,step_2_O,10.0,0.0,True,3.3573200908304077,0.6527014328916925,False,quantitative_screening,0,0,f236448d3ebb1ae57b8d,False,
"('Perovskite', 'Sr', 'Cr', 'Mo', 0.3, 'B_vacancy')",Perovskite,True,esen-sm-conserving-all-oc25:relax-v4:orr-che-v3,True,0.06686627914413829,13,150,0.08,converged,,bfgs_standard,"[{""ase_converged"": true, ""converged"": true, ""end_geometry_sha256"": ""9605efcf4344975c5d821629018ed1efc3e2399582b332d80d15f3889886a722"", ""failure_class"": null, ""max_force_eV_A"": 0.06686627914413829, ""name"": ""bfgs_standard"", ""start_geometry_sha256"": ""c340b7db7120c24bfcc3af55df970f2ff00b44acc8ffd001c910d1f03206009f"", ""steps"": 13}]",9605efcf4344975c5d821629018ed1efc3e2399582b332d80d15f3889886a722,-434.4745904121894,True,0.0793346606897917,55.0,100.0,0.08,converged,,bfgs_standard,"[{""ase_converged"": true, ""converged"": true, ""end_geometry_sha256"": ""3079fa30310510008a8130dd9f65216f471d890afde2e716739db40b262b5116"", ""failure_class"": null, ""max_force_eV_A"": 0.0793346606897917, ""name"": ""bfgs_standard"", ""start_geometry_sha256"": ""6c336cf92c716fd18d63a2c01760e984a90816643d2cc2111d23d4056a9439c5"", ""steps"": 55}]",3079fa30310510008a8130dd9f65216f471d890afde2e716739db40b262b5116,-0.005722222179174452,True,0.05408316570281513,37.0,100.0,0.08,converged,,bfgs_standard,"[{""ase_converged"": true, ""converged"": true, ""end_geometry_sha256"": ""f095906becc08135e495839ab0cd7168732f7a84c1988df72aadf330f7b93892"", ""failure_class"": null, ""max_force_eV_A"": 0.05408316570281513, ""name"": ""bfgs_standard"", ""start_geometry_sha256"": ""1fa0a09c5e7a6982bd022af919ed65dd387b2794b10a27e706b77e37e6bead26"", ""steps"": 37}]",f095906becc08135e495839ab0cd7168732f7a84c1988df72aadf330f7b93892,2.764445222169136,True,0.06376812713154807,363.0,100.0,0.08,converged,,fire_small_step,"[{""ase_converged"": false, ""converged"": false, ""end_geometry_sha256"": ""c2b808b444ea7ca9ce2ecf0f50459ec7952b4bda44eb2e7eb8eaeb3bde6c4aa3"", ""failure_class"": ""force_threshold"", ""max_force_eV_A"": 0.19391707962702562, ""name"": ""bfgs_standard"", ""start_geometry_sha256"": ""115a925cc728039a0e37a36467f9b178cd0a6600c424109fc46f37463e6dc86d"", ""steps"": 100}, {""ase_converged"": false, ""converged"": false, ""end_geometry_sha256"": ""c4db6a43f0d9e99a6f0dc252112668df67f200e5693de7a8c16038f90caf6ebd"", ""failure_class"": ""force_threshold"", ""max_force_eV_A"": 0.733797362796555, ""name"": ""fire_precondition"", ""qualifying"": false, ""start_geometry_sha256"": ""115a925cc728039a0e37a36467f9b178cd0a6600c424109fc46f37463e6dc86d"", ""steps"": 50}, {""ase_converged"": false, ""converged"": false, ""end_geometry_sha256"": ""7f2e63f9a3bf08078fe7061a6f2070597b31c0ff9a16d461ae2af600b30eebca"", ""failure_class"": ""force_threshold"", ""max_force_eV_A"": 0.5081210646189799, ""name"": ""bfgs_after_fire"", ""start_geometry_sha256"": ""c4db6a43f0d9e99a6f0dc252112668df67f200e5693de7a8c16038f90caf6ebd"", ""steps"": 200}, {""ase_converged"": true, ""converged"": true, ""end_geometry_sha256"": ""1ff2e31e8ffe824e6a683754d85d03ab913ef3b9fb56a8e5f4f96c631d855615"", ""failure_class"": null, ""max_force_eV_A"": 0.06376812713154807, ""name"": ""fire_small_step"", ""start_geometry_sha256"": ""c2b808b444ea7ca9ce2ecf0f50459ec7952b4bda44eb2e7eb8eaeb3bde6c4aa3"", ""steps"": 13}]",1ff2e31e8ffe824e6a683754d85d03ab913ef3b9fb56a8e5f4f96c631d855615,0.3629049763082641,3.0,step_2_O,9.0,0.0,True,2.7701674443483104,0.6527014328916925,False,quantitative_screening,1,1,116de5db40ca94c00b18,False,
"('Perovskite', 'Sr', 'Mn', 'W', 0.25, 'O_vacancy')",Perovskite,True,esen-sm-conserving-all-oc25:relax-v4:orr-che-v3,True,0.07503806849439026,18,150,0.08,converged,,bfgs_standard,"[{""ase_converged"": true, ""converged"": true, ""end_geometry_sha256"": ""85d88e0fe638192ddc9a492aa6b29d3e950962ad097ddd224a0f16a81be8f70f"", ""failure_class"": null, ""max_force_eV_A"": 0.07503806849439026, ""name"": ""bfgs_standard"", ""start_geometry_sha256"": ""5f99829ee7798cf2ae4bb9db25671208bbf674efb4a9283f2c2f25c31d6c965d"", ""steps"": 18}]",85d88e0fe638192ddc9a492aa6b29d3e950962ad097ddd224a0f16a81be8f70f,-422.3352337676211,True,0.06902588563325343,90.0,100.0,0.08,converged,,bfgs_standard,"[{""ase_converged"": true, ""converged"": true, ""end_geometry_sha256"": ""66e00c134d40f0a3b6fb576126f114812b4da9e8bd30eec311d8b34b3b3943f6"", ""failure_class"": null, ""max_force_eV_A"": 0.06902588563325343, ""name"": ""bfgs_standard"", ""start_geometry_sha256"": ""f41fa60fef22cfe2390ceec1e5b415df6996f77ca4e90ac2d9f072c37f06e62a"", ""steps"": 90}]",66e00c134d40f0a3b6fb576126f114812b4da9e8bd30eec311d8b34b3b3943f6,-0.1077501152455807,True,0.07817922095484196,41.0,100.0,0.08,converged,,bfgs_standard,"[{""ase_converged"": true, ""converged"": true, ""end_geometry_sha256"": ""218d7fe2c3bb82e3fda60e49ccc23dbbae649527d9895d23b0289d473ae81f1a"", ""failure_class"": null, ""max_force_eV_A"": 0.07817922095484196, ""name"": ""bfgs_standard"", ""start_geometry_sha256"": ""bb2aa9f7fabc8b8abec83c3637d8b05243f590848eaf374e3e2fdaa726f4235d"", ""steps"": 41}]",218d7fe2c3bb82e3fda60e49ccc23dbbae649527d9895d23b0289d473ae81f1a,2.488543427735542,True,0.06972095146416775,237.0,100.0,0.08,converged,,bfgs_after_fire,"[{""ase_converged"": false, ""converged"": false, ""end_geometry_sha256"": ""b7ff62315a1949da9e1604eea87afc61fbf43de12e7a69cb681f2af7df0b5bb3"", ""failure_class"": ""force_threshold"", ""max_force_eV_A"": 3.1430739945381627, ""name"": ""bfgs_standard"", ""start_geometry_sha256"": ""0c5adc097655331616aef6ca9ed2fbd580e6456452d06d0c88e9f981a6f690dd"", ""steps"": 100}, {""ase_converged"": false, ""converged"": false, ""end_geometry_sha256"": ""f46ab0c9678a47b8e6e9ff37968a4a71454dd303bc3428058f35a7cc4d4593e9"", ""failure_class"": ""force_threshold"", ""max_force_eV_A"": 0.8115271639241453, ""name"": ""fire_precondition"", ""qualifying"": false, ""start_geometry_sha256"": ""0c5adc097655331616aef6ca9ed2fbd580e6456452d06d0c88e9f981a6f690dd"", ""steps"": 50}, {""ase_converged"": true, ""converged"": true, ""end_geometry_sha256"": ""0a2d66cfa701ba5fc853f6cb81be5a56756e6ba7675ba178e03e6f0c4a70ed01"", ""failure_class"": null, ""max_force_eV_A"": 0.06972095146416775, ""name"": ""bfgs_after_fire"", ""start_geometry_sha256"": ""f46ab0c9678a47b8e6e9ff37968a4a71454dd303bc3428058f35a7cc4d4593e9"", ""steps"": 87}]",0a2d66cfa701ba5fc853f6cb81be5a56756e6ba7675ba178e03e6f0c4a70ed01,3.9692778095602743,1.3367501152455807,step_4_H2O,9.0,0.0,True,2.596293542981123,0.6527014328916925,False,quantitative_screening,0,0,5aadf9a65eb20645be53,False,
"('Perovskite', 'Sr', 'Fe', 'V', 0.25, 'B_vacancy')",Perovskite,True,esen-sm-conserving-all-oc25:relax-v4:orr-che-v3,True,0.0728323260859611,113,150,0.08,converged,,bfgs_standard,"[{""ase_converged"": true, ""converged"": true, ""end_geometry_sha256"": ""39900bb443674f7f20be9434ad6375e880e99e41151698369e95b11f9be09335"", ""failure_class"": null, ""max_force_eV_A"": 0.0728323260859611, ""name"": ""bfgs_standard"", ""start_geometry_sha256"": ""350f4fd1eb7b4008d98b2602cab03dd3b9fd1841a08840917f40b41f832c58f5"", ""steps"": 113}]",39900bb443674f7f20be9434ad6375e880e99e41151698369e95b11f9be09335,-398.1592856387412,True,0.07203757854081196,47.0,100.0,0.08,converged,,bfgs_standard,"[{""ase_converged"": true, ""converged"": true, ""end_geometry_sha256"": ""a5c7db4e23bd2a0405d9db80153be886b40ef1a510ae30d3f3c208ad9f19c563"", ""failure_class"": null, ""max_force_eV_A"": 0.07203757854081196, ""name"": ""bfgs_standard"", ""start_geometry_sha256"": ""45559f41ed753a4af9e4bd27ac8fd2cd5772c66e0921b8d76e43d02020d3bdc8"", ""steps"": 47}]",a5c7db4e23bd2a0405d9db80153be886b40ef1a510ae30d3f3c208ad9f19c563,1.1382177497445969,True,0.07868726465107054,37.0,100.0,0.08,converged,,bfgs_standard,"[{""ase_converged"": true, ""converged"": true, ""end_geometry_sha256"": ""a01a7266df1fb60da8dab9a81582297497ef19e96680be916b110bd9ac23d7cd"", ""failure_class"": null, ""max_force_eV_A"": 0.07868726465107054, ""name"": ""bfgs_standard"", ""start_geometry_sha256"": ""51dd86bf25cc1e6d0ebb4b276ba9ea3ea3c468a1103d378019d2d2dafeebaff0"", ""steps"": 37}]",a01a7266df1fb60da8dab9a81582297497ef19e96680be916b110bd9ac23d7cd,2.8637551434337842,True,0.06794610768680408,43.0,100.0,0.08,converged,,bfgs_standard,"[{""ase_converged"": true, ""converged"": true, ""end_geometry_sha256"": ""7ff1732a6f74b208204113dc9511054d6a91d3120eae0cc72c45137040a8806d"", ""failure_class"": null, ""max_force_eV_A"": 0.06794610768680408, ""name"": ""bfgs_standard"", ""start_geometry_sha256"": ""9b5aafa6dee87fa33dfb41aae54511ea6d2c234d855cf626859f6db66a716439"", ""steps"": 43}]",7ff1732a6f74b208204113dc9511054d6a91d3120eae0cc72c45137040a8806d,4.930798958241915,1.2397989582419155,step_1_OOH,6.0,0.0,True,4.001972893178381,0.6527014328916925,False,quantitative_screening,1,1,1bc67f3914ebebcde341,False,
"('Perovskite', 'Sr', 'Co', 'Re', 0.2, 'B_vacancy')",Perovskite,True,esen-sm-conserving-all-oc25:relax-v4:orr-che-v3,True,0.03294877643700695,43,150,0.08,converged,,bfgs_standard,"[{""ase_converged"": true, ""converged"": true, ""end_geometry_sha256"": ""2f450511ca4cc216dd81757b50a907695dce051e8df4e37fb468e99b5720d7ab"", ""failure_class"": null, ""max_force_eV_A"": 0.03294877643700695, ""name"": ""bfgs_standard"", ""start_geometry_sha256"": ""22c1bf9552efe31a884c47c31594d4977d870f287b204093dab9b384b8a85055"", ""steps"": 43}]",2f450511ca4cc216dd81757b50a907695dce051e8df4e37fb468e99b5720d7ab,-372.0775149936499,True,0.07807486476333331,241.0,100.0,0.08,converged,,bfgs_after_fire,"[{""ase_converged"": false, ""converged"": false, ""end_geometry_sha256"": ""69de43fa7cab2215f9010dc056ee4098c0066972535cbf1d71cccdf0d608de53"", ""failure_class"": ""force_threshold"", ""max_force_eV_A"": 0.18661194587163238, ""name"": ""bfgs_standard"", ""start_geometry_sha256"": ""aa24e216bec0850417f6753a082417a28f2c62d49a1ecfd6b4696c259bf8985e"", ""steps"": 100}, {""ase_converged"": false, ""converged"": false, ""end_geometry_sha256"": ""e876b8d02d5aae004893d9af4f637b04c3b0ce1e86632bcc27f251d073f61f6f"", ""failure_class"": ""force_threshold"", ""max_force_eV_A"": 1.1993572796655056, ""name"": ""fire_precondition"", ""qualifying"": false, ""start_geometry_sha256"": ""aa24e216bec0850417f6753a082417a28f2c62d49a1ecfd6b4696c259bf8985e"", ""steps"": 50}, {""ase_converged"": true, ""converged"": true, ""end_geometry_sha256"": ""831b43714a8f5067d9455492643f754c09ae11cc0c8b3a1ffb22af8188a2dad4"", ""failure_class"": null, ""max_force_eV_A"": 0.07807486476333331, ""name"": ""bfgs_after_fire"", ""start_geometry_sha256"": ""e876b8d02d5aae004893d9af4f637b04c3b0ce1e86632bcc27f251d073f61f6f"", ""steps"": 91}]",831b43714a8f5067d9455492643f754c09ae11cc0c8b3a1ffb22af8188a2dad4,-1.509970364421606,True,0.07728849756026829,291.0,100.0,0.08,converged,,bfgs_after_fire,"[{""ase_converged"": false, ""converged"": false, ""end_geometry_sha256"": ""a531b7e091334dbcaccf2ef2abe3c52c91e683d443c94bcfd93dfb247e525254"", ""failure_class"": ""force_threshold"", ""max_force_eV_A"": 0.09934788559091495, ""name"": ""bfgs_standard"", ""start_geometry_sha256"": ""cf5cbe637d4aad9b18427aea159d9a954a08cd52025592f942d03895c88b8f54"", ""steps"": 100}, {""ase_converged"": false, ""converged"": false, ""end_geometry_sha256"": ""1d54b5f5e9b6c505fec1ce5526229ca15d4c78794528ea6cb9d6a08e9fa76e16"", ""failure_class"": ""force_threshold"", ""max_force_eV_A"": 0.7109522917606188, ""name"": ""fire_precondition"", ""qualifying"": false, ""start_geometry_sha256"": ""cf5cbe637d4aad9b18427aea159d9a954a08cd52025592f942d03895c88b8f54"", ""steps"": 50}, {""ase_converged"": true, ""converged"": true, ""end_geometry_sha256"": ""bffa15327b14fae253da4e6c50a3d5355f360ffe6df49601a2733fa36e963727"", ""failure_class"": null, ""max_force_eV_A"": 0.07728849756026829, ""name"": ""bfgs_after_fire"", ""start_geometry_sha256"": ""1d54b5f5e9b6c505fec1ce5526229ca15d4c78794528ea6cb9d6a08e9fa76e16"", ""steps"": 141}]",bffa15327b14fae253da4e6c50a3d5355f360ffe6df49601a2733fa36e963727,-2.407095514982964,True,0.0711168124789475,88.0,100.0,0.08,converged,,bfgs_standard,"[{""ase_converged"": true, ""converged"": true, ""end_geometry_sha256"": ""71d9886f5c8aad4ee1fcf082007e8dd3a5c23f7d020f7a35ec966612e6bbfee0"", ""failure_class"": null, ""max_force_eV_A"": 0.0711168124789475, ""name"": ""bfgs_standard"", ""start_geometry_sha256"": ""192bf0564fa664fc2fe94937e16209b491bbd9751edf2c249a2987fad9315566"", ""steps"": 88}]",71d9886f5c8aad4ee1fcf082007e8dd3a5c23f7d020f7a35ec966612e6bbfee0,1.75483579486606,2.738970364421606,step_4_H2O,9.0,-1.4591734848311406,True,3.9170658794045696,0.6527014328916925,False,quantitative_screening,0,0,e8ce38020697cb825c98,False,
"('Perovskite', 'Sr', 'Ni', 'Sn', 0.15, 'O_vacancy')",Perovskite,True,esen-sm-conserving-all-oc25:relax-v4:orr-che-v3,True,0.07489099642257126,79,150,0.08,converged,,bfgs_standard,"[{""ase_converged"": true, ""converged"": true, ""end_geometry_sha256"": ""f59cbb33b965357b67ecef46d44c2b8ed7b96224f55c7d7d32e0e1f822270aaa"", ""failure_class"": null, ""max_force_eV_A"": 0.07489099642257126, ""name"": ""bfgs_standard"", ""start_geometry_sha256"": ""0ed2dfa4038292838a8b1a684b2301eee5c614a61b0b97377f22d76485b8b8a0"", ""steps"": 79}]",f59cbb33b965357b67ecef46d44c2b8ed7b96224f55c7d7d32e0e1f822270aaa,-333.6661226232,True,0.05811843198214312,65.0,100.0,0.08,converged,,bfgs_standard,"[{""ase_converged"": true, ""converged"": true, ""end_geometry_sha256"": ""5dd4a1f3dedd0a38d82f791c34eb3d22ed5ab6a0b9ec5c3f18f4167d0945bd42"", ""failure_class"": null, ""max_force_eV_A"": 0.05811843198214312, ""name"": ""bfgs_standard"", ""start_geometry_sha256"": ""0a90927d795bf27a06c0f28c4d70462e3b758e2544bf7e586299b1bd254aa6fd"", ""steps"": 65}]",5dd4a1f3dedd0a38d82f791c34eb3d22ed5ab6a0b9ec5c3f18f4167d0945bd42,1.574145140796843,True,0.07735707139626996,50.0,100.0,0.08,converged,,bfgs_standard,"[{""ase_converged"": true, ""converged"": true, ""end_geometry_sha256"": ""2c13772d9071218dfa62b55e52d0e4e47eb5ef78e5fedb3d094dc35ef156194a"", ""failure_class"": null, ""max_force_eV_A"": 0.07735707139626996, ""name"": ""bfgs_standard"", ""start_geometry_sha256"": ""76f8f5fe076a03f9b5306b77c67ccd40d627a04cfb94a96226c56b978980539e"", ""steps"": 50}]",2c13772d9071218dfa62b55e52d0e4e47eb5ef78e5fedb3d094dc35ef156194a,2.052604592591499,True,0.07125984798841169,87.0,100.0,0.08,converged,,bfgs_standard,"[{""ase_converged"": true, ""converged"": true, ""end_geometry_sha256"": ""a34e9921667ce9d8d39f8123bfef837f106986e0df734f3f4646a48832076efb"", ""failure_class"": null, ""max_force_eV_A"": 0.07125984798841169, ""name"": ""bfgs_standard"", ""start_geometry_sha256"": ""fdf3fb5fa73fc1866a5607323004b6f4766035741ed8187f5e1c02aeb70cd54a"", ""steps"": 87}]",a34e9921667ce9d8d39f8123bfef837f106986e0df734f3f4646a48832076efb,3.5870699390768754,0.750540548205344,step_3_OH,10.0,0.0,True,3.6267497333883423,0.6527014328916925,False,quantitative_screening,1,1,c8908e2be36a92efe942,False,
"('Perovskite', 'Sr', 'Zn', 'Sb', 0.1, 'B_vacancy')",Perovskite,False,esen-sm-conserving-all-oc25:relax-v4:orr-che-v3,True,0.05913606732057422,80,150,0.08,converged,,bfgs_standard,"[{""ase_converged"": true, ""converged"": true, ""end_geometry_sha256"": ""c02d0957c346fed618fb8a16e5dbfab143bd648ed1e87a447759fb0089745fce"", ""failure_class"": null, ""max_force_eV_A"": 0.05913606732057422, ""name"": ""bfgs_standard"", ""start_geometry_sha256"": ""76b45653c0080536580d070a1f1f70b6489a7cb590d716ca1de22d3d45a3efa8"", ""steps"": 80}]",c02d0957c346fed618fb8a16e5dbfab143bd648ed1e87a447759fb0089745fce,-295.7619666431498,True,0.06859832161861255,81.0,100.0,0.08,converged,,bfgs_standard,"[{""ase_converged"": true, ""converged"": true, ""end_geometry_sha256"": ""74f6c181deea371af8ddedbfef20445544e803ea8067a3cb668881a719f7c970"", ""failure_class"": null, ""max_force_eV_A"": 0.06859832161861255, ""name"": ""bfgs_standard"", ""start_geometry_sha256"": ""f9d2339ae56a955849261c4c566a543f9982e1b9d1b64ae0fa036a9aaa989df9"", ""steps"": 81}]",74f6c181deea371af8ddedbfef20445544e803ea8067a3cb668881a719f7c970,-1.2196683262289139,True,0.06762868621962907,91.0,100.0,0.08,converged,,bfgs_standard,"[{""ase_converged"": true, ""converged"": true, ""end_geometry_sha256"": ""3c8c7949ecc2d7a8d8f2fc02f4e052eddc8031179f0bcf1f852d932e5e69c57d"", ""failure_class"": null, ""max_force_eV_A"": 0.06762868621962907, ""name"": ""bfgs_standard"", ""start_geometry_sha256"": ""c06e96084271706acb67278e35282ba6c99ce802732ea8b62898e0f9763fcaba"", ""steps"": 91}]",3c8c7949ecc2d7a8d8f2fc02f4e052eddc8031179f0bcf1f852d932e5e69c57d,-0.9039951197803269,False,29.74847395735651,650.0,100.0,0.08,recovery_exhausted,force_threshold,fire_small_step,"[{""ase_converged"": false, ""converged"": false, ""end_geometry_sha256"": ""0053ffc8f3adcba75804d44f6df8aecf1a9c2956b2c8d23c1bcee962f851c58c"", ""failure_class"": ""force_threshold"", ""max_force_eV_A"": 45.91405454274767, ""name"": ""bfgs_standard"", ""start_geometry_sha256"": ""60a4b8d37310cce88cfd432cbc17ef9d65037582703fe1c39989239897545f23"", ""steps"": 100}, {""ase_converged"": false, ""converged"": false, ""end_geometry_sha256"": ""7a3a1efd5611c5ed6575b7b550e2c54d445b0a4bd57b037a873d4cbcfe6e798b"", ""failure_class"": ""force_threshold"", ""max_force_eV_A"": 31.631435292376935, ""name"": ""fire_precondition"", ""qualifying"": false, ""start_geometry_sha256"": ""60a4b8d37310cce88cfd432cbc17ef9d65037582703fe1c39989239897545f23"", ""steps"": 50}, {""ase_converged"": false, ""converged"": false, ""end_geometry_sha256"": ""b46278d3d12b5d9a0cf83d4e0f575b0061e81b3c4b3fb900814ddb2f314d49cf"", ""failure_class"": ""force_threshold"", ""max_force_eV_A"": 542.9153504741605, ""name"": ""bfgs_after_fire"", ""start_geometry_sha256"": ""7a3a1efd5611c5ed6575b7b550e2c54d445b0a4bd57b037a873d4cbcfe6e798b"", ""steps"": 200}, {""ase_converged"": false, ""converged"": false, ""end_geometry_sha256"": ""224430103221b88da3249b0dc739e2b572c9db98f0a273454260c32f6518ad11"", ""failure_class"": ""force_threshold"", ""max_force_eV_A"": 29.74847395735651, ""name"": ""fire_small_step"", ""start_geometry_sha256"": ""7a3a1efd5611c5ed6575b7b550e2c54d445b0a4bd57b037a873d4cbcfe6e798b"", ""steps"": 300}]",224430103221b88da3249b0dc739e2b572c9db98f0a273454260c32f6518ad11,,,,,,,,,True,validation_required,1,1,a31b54081b28724999a1,False,Unconverged ooh relaxation: max_force=29.7485 eV/A after 650 cumulative recovery steps
"('Perovskite', 'Sr', 'Nb', 'Fe', 0.05, 'O_vacancy')",Perovskite,False,esen-sm-conserving-all-oc25:relax-v4:orr-che-v3,True,0.07168037064671334,68,150,0.08,converged,,bfgs_standard,"[{""ase_converged"": true, ""converged"": true, ""end_geometry_sha256"": ""9f78ff048cd54d12d820fdbab9f1be699454c2117f231e6cee564d6e804a2cd7"", ""failure_class"": null, ""max_force_eV_A"": 0.07168037064671334, ""name"": ""bfgs_standard"", ""start_geometry_sha256"": ""a2b437a5b2766fa72d9b8f5551eeb802043e434260e3e6a219fe60055b5b2801"", ""steps"": 68}]",9f78ff048cd54d12d820fdbab9f1be699454c2117f231e6cee564d6e804a2cd7,-459.3353302625919,True,0.07284256865965008,56.0,100.0,0.08,converged,,bfgs_standard,"[{""ase_converged"": true, ""converged"": true, ""end_geometry_sha256"": ""244dba06bfae2c8f1368600e86fdfa67d7176d68fe8fb67431b4e96dd56d8933"", ""failure_class"": null, ""max_force_eV_A"": 0.07284256865965008, ""name"": ""bfgs_standard"", ""start_geometry_sha256"": ""c6f6974c36e97ec6156a46bb847e4bc910fb51a42ca9f45367c7103b3e4f87bb"", ""steps"": 56}]",244dba06bfae2c8f1368600e86fdfa67d7176d68fe8fb67431b4e96dd56d8933,1.0018461371958256,True,0.07499846189380507,58.0,100.0,0.08,converged,,bfgs_standard,"[{""ase_converged"": true, ""converged"": true, ""end_geometry_sha256"": ""bc9c92a3ebed7890fe69fe22508d49802848d725e13d76488b849e5265ff8e4d"", ""failure_class"": null, ""max_force_eV_A"": 0.07499846189380507, ""name"": ""bfgs_standard"", ""start_geometry_sha256"": ""9f96d501ef09f7b0c27a487aaf6f3ee5c44de5547e90b797420b31d71593cae8"", ""steps"": 58}]",bc9c92a3ebed7890fe69fe22508d49802848d725e13d76488b849e5265ff8e4d,-2.4032374255358855,False,21.44955774899732,650.0,100.0,0.08,recovery_exhausted,force_threshold,fire_small_step,"[{""ase_converged"": false, ""converged"": false, ""end_geometry_sha256"": ""ad5bc5c0823c36cd92620fecce94177c307ac77cc1e310c23db2d42c6bae607f"", ""failure_class"": ""force_threshold"", ""max_force_eV_A"": 21.870737565364443, ""name"": ""bfgs_standard"", ""start_geometry_sha256"": ""01cd67e055c9a7e62eb8ca6c0e06d445d97ce39807eb67bde296b0ccf91fe785"", ""steps"": 100}, {""ase_converged"": false, ""converged"": false, ""end_geometry_sha256"": ""9c6534c24fb6a3c9cc61cadd6b7a1cc95d184d734a19ed0f24b32efa93018417"", ""failure_class"": ""force_threshold"", ""max_force_eV_A"": 21.58825917894812, ""name"": ""fire_precondition"", ""qualifying"": false, ""start_geometry_sha256"": ""01cd67e055c9a7e62eb8ca6c0e06d445d97ce39807eb67bde296b0ccf91fe785"", ""steps"": 50}, {""ase_converged"": false, ""converged"": false, ""end_geometry_sha256"": ""23ccca57b9a935910bd87639925ba7fc740c669563e0e9d5c630207af7d2425b"", ""failure_class"": ""force_threshold"", ""max_force_eV_A"": 10285.607218690122, ""name"": ""bfgs_after_fire"", ""start_geometry_sha256"": ""9c6534c24fb6a3c9cc61cadd6b7a1cc95d184d734a19ed0f24b32efa93018417"", ""steps"": 200}, {""ase_converged"": false, ""converged"": false, ""end_geometry_sha256"": ""ca99536b96a7985b03b597d69e0682df21a424f28b4d6fd81e81194fef5de791"", ""failure_class"": ""force_threshold"", ""max_force_eV_A"": 21.44955774899732, ""name"": ""fire_small_step"", ""start_geometry_sha256"": ""9c6534c24fb6a3c9cc61cadd6b7a1cc95d184d734a19ed0f24b32efa93018417"", ""steps"": 300}]",ca99536b96a7985b03b597d69e0682df21a424f28b4d6fd81e81194fef5de791,,,,,,,,,True,validation_required,0,0,39d471125169bd04bbf1,False,Unconverged ooh relaxation: max_force=21.4496 eV/A after 650 cumulative recovery steps
"('Perovskite', 'Sr', 'Nb', 'Hf', 0.05, 'B_vacancy')",Perovskite,True,esen-sm-conserving-all-oc25:relax-v4:orr-che-v3,True,0.048954622516544415,24,150,0.08,converged,,bfgs_standard,"[{""ase_converged"": true, ""converged"": true, ""end_geometry_sha256"": ""a0596e9ce88989f61a8b988b9baa13fdf6f7c177e0bc5610321c23fdce24284c"", ""failure_class"": null, ""max_force_eV_A"": 0.048954622516544415, ""name"": ""bfgs_standard"", ""start_geometry_sha256"": ""e8e968d8c636cb1f5ec1d461a1cbea2aaa791f00cf6374393102e3e3a128df4f"", ""steps"": 24}]",a0596e9ce88989f61a8b988b9baa13fdf6f7c177e0bc5610321c23fdce24284c,-464.0472175382508,True,0.07314204301091858,51.0,100.0,0.08,converged,,bfgs_standard,"[{""ase_converged"": true, ""converged"": true, ""end_geometry_sha256"": ""7058ef632a30c056fbbd0e1aa461af196050de098d265166cf8aea69a6c2c0c6"", ""failure_class"": null, ""max_force_eV_A"": 0.07314204301091858, ""name"": ""bfgs_standard"", ""start_geometry_sha256"": ""b2c8bb212a2e42fd713070ba33f8039069e2466037cf4c310dea6fdfcb6d9fe6"", ""steps"": 51}]",7058ef632a30c056fbbd0e1aa461af196050de098d265166cf8aea69a6c2c0c6,0.4234655524790287,True,0.07752258650808203,67.0,100.0,0.08,converged,,bfgs_standard,"[{""ase_converged"": true, ""converged"": true, ""end_geometry_sha256"": ""26dce6a720e9ffa7fe6491dd46c61b390caf2a9ad7081612258ec23b6859b591"", ""failure_class"": null, ""max_force_eV_A"": 0.07752258650808203, ""name"": ""bfgs_standard"", ""start_geometry_sha256"": ""251ebba4bfb7fe93ae905d90eed67d5cc78a50b0a7dfd1316b3af28938424e62"", ""steps"": 67}]",26dce6a720e9ffa7fe6491dd46c61b390caf2a9ad7081612258ec23b6859b591,-2.00568874999889,True,0.07621578866337649,228.0,100.0,0.08,converged,,bfgs_after_fire,"[{""ase_converged"": false, ""converged"": false, ""end_geometry_sha256"": ""927df61dc07e355a85ef65940a01447f1174692696aa04c16b93c1601fedd411"", ""failure_class"": ""force_threshold"", ""max_force_eV_A"": 0.25412038501950707, ""name"": ""bfgs_standard"", ""start_geometry_sha256"": ""2f6aeaebebc1447982330ab8424c9d731fbd2c29da5b95860215ad924c56acdb"", ""steps"": 100}, {""ase_converged"": false, ""converged"": false, ""end_geometry_sha256"": ""b902128b00bbb7de0858daa62719d2edb7349f3d19c43681936de264a60968bf"", ""failure_class"": ""force_threshold"", ""max_force_eV_A"": 2.5339263991228376, ""name"": ""fire_precondition"", ""qualifying"": false, ""start_geometry_sha256"": ""2f6aeaebebc1447982330ab8424c9d731fbd2c29da5b95860215ad924c56acdb"", ""steps"": 50}, {""ase_converged"": true, ""converged"": true, ""end_geometry_sha256"": ""23b4b5619639f478aeac06e5e2a5169e4416d04b629ccb3281002ac74e6c606b"", ""failure_class"": null, ""max_force_eV_A"": 0.07621578866337649, ""name"": ""bfgs_after_fire"", ""start_geometry_sha256"": ""b902128b00bbb7de0858daa62719d2edb7349f3d19c43681936de264a60968bf"", ""steps"": 78}]",23b4b5619639f478aeac06e5e2a5169e4416d04b629ccb3281002ac74e6c606b,-2.733175803721033,3.0,step_3_OH,10.0,0.0,True,2.4291543024779183,0.6527014328916925,False,quantitative_screening,2,2,8fec095b97bc55065701,False,
"('Perovskite', 'Sr', 'Ru', 'Co', 0.0, 'B_vacancy')",Perovskite,True,esen-sm-conserving-all-oc25:relax-v4:orr-che-v3,True,0.07735709774637863,27,150,0.08,converged,,bfgs_standard,"[{""ase_converged"": true, ""converged"": true, ""end_geometry_sha256"": ""a02a9360729de7b53792e58bd2f9e238cd5a1b225d09df75c7854e206a8fc36b"", ""failure_class"": null, ""max_force_eV_A"": 0.07735709774637863, ""name"": ""bfgs_standard"", ""start_geometry_sha256"": ""63e4bc169f11d9d101fa1b44b88a01d25a723e29c3b1ae78b9ff1b9fd30849d3"", ""steps"": 27}]",a02a9360729de7b53792e58bd2f9e238cd5a1b225d09df75c7854e206a8fc36b,-390.6375676762231,True,0.07902676120489886,76.0,100.0,0.08,converged,,bfgs_standard,"[{""ase_converged"": true, ""converged"": true, ""end_geometry_sha256"": ""ff11e50453b341bffead93969acde7630bb8c04da0dc9d45d99a4154c4a9dd2d"", ""failure_class"": null, ""max_force_eV_A"": 0.07902676120489886, ""name"": ""bfgs_standard"", ""start_geometry_sha256"": ""5f28b746d40e769c38fda1e58be1e708d093f9831b3b885a291f8d0131482079"", ""steps"": 76}]",ff11e50453b341bffead93969acde7630bb8c04da0dc9d45d99a4154c4a9dd2d,-0.019689259380102186,True,0.07916287116945772,64.0,100.0,0.08,converged,,bfgs_standard,"[{""ase_converged"": true, ""converged"": true, ""end_geometry_sha256"": ""775b183f975e462f63034b227376055178991c40f2dc01c27a6d42a242694056"", ""failure_class"": null, ""max_force_eV_A"": 0.07916287116945772, ""name"": ""bfgs_standard"", ""start_geometry_sha256"": ""6fc46a7c364fa10b10701cab2537f024e4340e61024dc2e8f859311afe096954"", ""steps"": 64}]",775b183f975e462f63034b227376055178991c40f2dc01c27a6d42a242694056,2.7070104248821485,True,0.07337257724323117,71.0,100.0,0.08,converged,,bfgs_standard,"[{""ase_converged"": true, ""converged"": true, ""end_geometry_sha256"": ""d6f5c29da322acd438a4d0322914c3f7520f8716d6b0efa8bcefd8c95e68c860"", ""failure_class"": null, ""max_force_eV_A"": 0.07337257724323117, ""name"": ""bfgs_standard"", ""start_geometry_sha256"": ""3b8411f6b66d9b1db74d25fe2c18fcc85efdcf248ded9e7ada4864d6494e08ae"", ""steps"": 71}]",d6f5c29da322acd438a4d0322914c3f7520f8716d6b0efa8bcefd8c95e68c860,2.84537477344272,1.2486892593801022,step_4_H2O,9.0,-1.3559055115073118,True,2.726699684262251,0.6527014328916925,False,quantitative_screening,2,2,948ee827a84e05119e41,False,
"('MAXPhase', 'Ti', 'Pb', 'N', 3, 'Nb', 'edge_1120')",MAXPhase,True,esen-sm-conserving-all-oc25:relax-v4:orr-che-v3,True,0.06951347956564764,63,150,0.08,converged,,bfgs_standard,"[{""ase_converged"": true, ""converged"": true, ""end_geometry_sha256"": ""f1eca437623fbc5919ac9ef308e9a2f3886bb3251f2866a7f4c987a5eccca2f3"", ""failure_class"": null, ""max_force_eV_A"": 0.06951347956564764, ""name"": ""bfgs_standard"", ""start_geometry_sha256"": ""760027abaf8ad72324f50134aa09d295c5f46e3a1ecf9a4bf5b4af728ce1f74f"", ""steps"": 63}]",f1eca437623fbc5919ac9ef308e9a2f3886bb3251f2866a7f4c987a5eccca2f3,-176.05008393343877,True,0.06626325777924474,39.0,100.0,0.08,converged,,bfgs_standard,"[{""ase_converged"": true, ""converged"": true, ""end_geometry_sha256"": ""537a5533fa8cb9ced7d46e837c5fbfa941bf4752089ef02cb321adc4f14b6ecd"", ""failure_class"": null, ""max_force_eV_A"": 0.06626325777924474, ""name"": ""bfgs_standard"", ""start_geometry_sha256"": ""4583e0360ec4a0b413236fa93c99b5fb0e9b748d0b31eb0626d31b8847bd3185"", ""steps"": 39}]",537a5533fa8cb9ced7d46e837c5fbfa941bf4752089ef02cb321adc4f14b6ecd,-0.7402650688588619,True,0.07438987310490548,28.0,100.0,0.08,converged,,bfgs_standard,"[{""ase_converged"": true, ""converged"": true, ""end_geometry_sha256"": ""3e35e39362df1106d5db76074527db854f0ee6416cac50675f0df1ee03b7fdb6"", ""failure_class"": null, ""max_force_eV_A"": 0.07438987310490548, ""name"": ""bfgs_standard"", ""start_geometry_sha256"": ""46b3735ba30d395340f6e8cf7b308a0ba09caa68616b1c74e60a847a073110ff"", ""steps"": 28}]",3e35e39362df1106d5db76074527db854f0ee6416cac50675f0df1ee03b7fdb6,-0.7513094775378384,True,0.07708017692758266,64.0,100.0,0.08,converged,,bfgs_standard,"[{""ase_converged"": true, ""converged"": true, ""end_geometry_sha256"": ""9744a394aa0002110a25a5bea3eb7f3b13d010736a3ce603077cf833f3ef7219"", ""failure_class"": null, ""max_force_eV_A"": 0.07708017692758266, ""name"": ""bfgs_standard"", ""start_geometry_sha256"": ""8ee5f021d93933369444c87dc96c2b634611bbbddc5abf0948e9db2c784e7370"", ""steps"": 64}]",9744a394aa0002110a25a5bea3eb7f3b13d010736a3ce603077cf833f3ef7219,-2.8326097026467574,3.0,step_2_O,10.0,0.0,True,1.4915745463967003,0.6527014328916925,False,quantitative_screening,1,1,16562fbe9e37f0fc4c47,False,
"('MAXPhase', 'Ti', 'Bi', 'N', 1, 'Hf', 'basal_0001')",MAXPhase,True,esen-sm-conserving-all-oc25:relax-v4:orr-che-v3,True,0.0,0,150,0.08,converged,,bfgs_standard,"[{""ase_converged"": true, ""converged"": true, ""end_geometry_sha256"": ""d8f3d415b1965620047edef5b1fe9c447424bce92c5d06808c5d296474b36f15"", ""failure_class"": null, ""max_force_eV_A"": 0.0, ""name"": ""bfgs_standard"", ""start_geometry_sha256"": ""d8f3d415b1965620047edef5b1fe9c447424bce92c5d06808c5d296474b36f15"", ""steps"": 0}]",d8f3d415b1965620047edef5b1fe9c447424bce92c5d06808c5d296474b36f15,-130.14037032572125,True,0.06654993592644776,33.0,100.0,0.08,converged,,bfgs_standard,"[{""ase_converged"": true, ""converged"": true, ""end_geometry_sha256"": ""9168e9f4186f906a56b364f3c301e179da7e405bb5783606a52947c9ddf7306f"", ""failure_class"": null, ""max_force_eV_A"": 0.06654993592644776, ""name"": ""bfgs_standard"", ""start_geometry_sha256"": ""b1de27ea77a094c69572e05a8c45adaa8808561f72b3f02dec9aa5f2e9ffe568"", ""steps"": 33}]",9168e9f4186f906a56b364f3c301e179da7e405bb5783606a52947c9ddf7306f,-1.8023149345815181,True,0.047685724750377335,4.0,100.0,0.08,converged,,bfgs_standard,"[{""ase_converged"": true, ""converged"": true, ""end_geometry_sha256"": ""d3c7decdf7ff1f234d4e96382646d5816d3843c9e25ab05270af0a64db9f296e"", ""failure_class"": null, ""max_force_eV_A"": 0.047685724750377335, ""name"": ""bfgs_standard"", ""start_geometry_sha256"": ""37f96165644971c93e54f351fe2696c59a79a6bcf8c340e05b206ba6a347f502"", ""steps"": 4}]",d3c7decdf7ff1f234d4e96382646d5816d3843c9e25ab05270af0a64db9f296e,-0.9382983081042731,True,0.010138563692417514,56.0,100.0,0.08,converged,,bfgs_standard,"[{""ase_converged"": true, ""converged"": true, ""end_geometry_sha256"": ""58904c80954275f311e6e6e149de6b18098f0951dacdb3ee7434c23a9049c8f9"", ""failure_class"": null, ""max_force_eV_A"": 0.010138563692417514, ""name"": ""bfgs_standard"", ""start_geometry_sha256"": ""4b881b4d3162c5b75b6eb4b21ad32276afe87bb555fea234bc23fafb648d6805"", ""steps"": 56}]",58904c80954275f311e6e6e149de6b18098f0951dacdb3ee7434c23a9049c8f9,4.8551535114646,3.0,step_4_H2O,10.0,-0.578493540312637,True,2.740613242685791,0.707500000035,False,quantitative_screening,2,2,ffd1748fe58400f2619b,False,
"('MAXPhase', 'Ti', 'Bi', 'N', 3, 'Ni', 'basal_0001')",MAXPhase,True,esen-sm-conserving-all-oc25:relax-v4:orr-che-v3,True,0.06864429773824211,31,150,0.08,converged,,bfgs_standard,"[{""ase_converged"": true, ""converged"": true, ""end_geometry_sha256"": ""d746b7077e9d6b6f72eebff7002828cbad30a90d5fc2206084994b291d0444fc"", ""failure_class"": null, ""max_force_eV_A"": 0.06864429773824211, ""name"": ""bfgs_standard"", ""start_geometry_sha256"": ""3425051a2f4a1ef753e7f66f57a19a0b627aa99594425a0afe528d4902eec29c"", ""steps"": 31}]",d746b7077e9d6b6f72eebff7002828cbad30a90d5fc2206084994b291d0444fc,-293.5352078208269,True,0.07318189066485904,81.0,100.0,0.08,converged,,bfgs_standard,"[{""ase_converged"": true, ""converged"": true, ""end_geometry_sha256"": ""5a588b0c592173e53639af81f7f2dd5b1744b43e7a87841055c1f4bf844e8cca"", ""failure_class"": null, ""max_force_eV_A"": 0.07318189066485904, ""name"": ""bfgs_standard"", ""start_geometry_sha256"": ""892eeaa3aea15514e91287338986810bca8186611520822d8dae8b1949531760"", ""steps"": 81}]",5a588b0c592173e53639af81f7f2dd5b1744b43e7a87841055c1f4bf844e8cca,-2.260105309337434,True,0.07377754156333238,52.0,100.0,0.08,converged,,bfgs_standard,"[{""ase_converged"": true, ""converged"": true, ""end_geometry_sha256"": ""b372a4fdcc017913b51cd8ac0af3a1db11916593c64ba1e5a46366bc07fa08f6"", ""failure_class"": null, ""max_force_eV_A"": 0.07377754156333238, ""name"": ""bfgs_standard"", ""start_geometry_sha256"": ""f0a723cd9fa241cae4360106f4afb97836e9f47f8dd37194e69cdc31f20f99a2"", ""steps"": 52}]",b372a4fdcc017913b51cd8ac0af3a1db11916593c64ba1e5a46366bc07fa08f6,-2.182099425047718,True,0.07719991600859497,76.0,100.0,0.08,converged,,bfgs_standard,"[{""ase_converged"": true, ""converged"": true, ""end_geometry_sha256"": ""94d1ac42c3bdad4bf4cb690159248a0d1b1dad1fd43b9e835e8a6ae98723f23e"", ""failure_class"": null, ""max_force_eV_A"": 0.07719991600859497, ""name"": ""bfgs_standard"", ""start_geometry_sha256"": ""b8bbec10dd33dbc2edfc8a041f3199af148b8e5f10ba9222dda91af46300bbc7"", ""steps"": 76}]",94d1ac42c3bdad4bf4cb690159248a0d1b1dad1fd43b9e835e8a6ae98723f23e,-4.44092040210959,3.0,step_4_H2O,10.0,0.0,True,4.442204734385152,0.707500000035,False,quantitative_screening,0,0,3253fdc6e8524b16d513,False,
"('MAXPhase', 'V', 'Al', 'C', 1, 'Mn', 'edge_1010')",MAXPhase,False,esen-sm-conserving-all-oc25:relax-v4:orr-che-v3,True,0.0,0,150,0.08,converged,,bfgs_standard,"[{""ase_converged"": true, ""converged"": true, ""end_geometry_sha256"": ""9ada7eb46d0a889e5004620e34c269ee2b66fe9a0b405e1a988ff81e7dae04a3"", ""failure_class"": null, ""max_force_eV_A"": 0.0, ""name"": ""bfgs_standard"", ""start_geometry_sha256"": ""9ada7eb46d0a889e5004620e34c269ee2b66fe9a0b405e1a988ff81e7dae04a3"", ""steps"": 0}]",9ada7eb46d0a889e5004620e34c269ee2b66fe9a0b405e1a988ff81e7dae04a3,-142.41268574362118,True,0.030700241347269553,45.0,100.0,0.08,converged,,bfgs_standard,"[{""ase_converged"": true, ""converged"": true, ""end_geometry_sha256"": ""f7d7af065cb352f0bdf87b69562d1cd109eab67976341f0f60b9cd51aa19fafb"", ""failure_class"": null, ""max_force_eV_A"": 0.030700241347269553, ""name"": ""bfgs_standard"", ""start_geometry_sha256"": ""f49f501e7b121a2a017497f312503c9d3b737ba8d596f9542a9f6ebb937a7d8f"", ""steps"": 45}]",f7d7af065cb352f0bdf87b69562d1cd109eab67976341f0f60b9cd51aa19fafb,1.467916312366724,True,0.07237990731906759,4.0,100.0,0.08,converged,,bfgs_standard,"[{""ase_converged"": true, ""converged"": true, ""end_geometry_sha256"": ""4bbc1d44500fc6f2dc37a6215e62df139c240cded1db52080de5b8d858b0ca39"", ""failure_class"": null, ""max_force_eV_A"": 0.07237990731906759, ""name"": ""bfgs_standard"", ""start_geometry_sha256"": ""2314b4ecd101c35d67e6810ece917ed6077da4252e2761fc5bd770fc35dab796"", ""steps"": 4}]",4bbc1d44500fc6f2dc37a6215e62df139c240cded1db52080de5b8d858b0ca39,2.6469411022961173,True,0.07854779963097738,96.0,100.0,0.08,converged,,bfgs_standard,"[{""ase_converged"": true, ""converged"": true, ""end_geometry_sha256"": ""4a1507766c1feb41ce1eeae6329508cb66f1a6eafb6c2468f810879e0ac1acd3"", ""failure_class"": null, ""max_force_eV_A"": 0.07854779963097738, ""name"": ""bfgs_standard"", ""start_geometry_sha256"": ""f1f87a3149f06fcf725aa8fcbfb061284365fe3cffbd396d2f692ce1e4804800"", ""steps"": 96}]",4a1507766c1feb41ce1eeae6329508cb66f1a6eafb6c2468f810879e0ac1acd3,11.325997780263428,7.634997780263428,step_1_OOH,8.0,0.0,True,4.114857414662842,,True,validation_required,2,2,c74b33c5466e5f17dbb8,False,Unphysical dG_OOH_eV=11.33 eV
"('MAXPhase', 'V', 'Al', 'N', 1, 'None', 'edge_1120')",MAXPhase,True,esen-sm-conserving-all-oc25:relax-v4:orr-che-v3,True,0.0,0,150,0.08,converged,,bfgs_standard,"[{""ase_converged"": true, ""converged"": true, ""end_geometry_sha256"": ""b8d9e75766a014b76ce1ae490fb332afe6e8985a7ab8062fd139e0b8779b49ec"", ""failure_class"": null, ""max_force_eV_A"": 0.0, ""name"": ""bfgs_standard"", ""start_geometry_sha256"": ""b8d9e75766a014b76ce1ae490fb332afe6e8985a7ab8062fd139e0b8779b49ec"", ""steps"": 0}]",b8d9e75766a014b76ce1ae490fb332afe6e8985a7ab8062fd139e0b8779b49ec,-106.28115031133493,True,0.03445775199685733,40.0,100.0,0.08,converged,,bfgs_standard,"[{""ase_converged"": true, ""converged"": true, ""end_geometry_sha256"": ""6f57fb8d5208561ff525b284a3514b4584bbec1c884c2b59ffb55553afba39c7"", ""failure_class"": null, ""max_force_eV_A"": 0.03445775199685733, ""name"": ""bfgs_standard"", ""start_geometry_sha256"": ""a91ab33055c3e0ceab317efcf33a8001889d10de7442ef2d7600970de8891c9f"", ""steps"": 40}]",6f57fb8d5208561ff525b284a3514b4584bbec1c884c2b59ffb55553afba39c7,-0.12939470753073695,True,0.05372074247196955,11.0,100.0,0.08,converged,,bfgs_standard,"[{""ase_converged"": true, ""converged"": true, ""end_geometry_sha256"": ""1a4a14171d08f6c3c39ab0f4a43bc13428469eba2cfa81bceb9c8f9a1239c5d5"", ""failure_class"": null, ""max_force_eV_A"": 0.05372074247196955, ""name"": ""bfgs_standard"", ""start_geometry_sha256"": ""a2bcca9915a803a605bae303aeb9a79894383d46022b81a0ccf3f461fa65b0c6"", ""steps"": 11}]",1a4a14171d08f6c3c39ab0f4a43bc13428469eba2cfa81bceb9c8f9a1239c5d5,0.3998364575207269,True,0.06975546317997376,48.0,100.0,0.08,converged,,bfgs_standard,"[{""ase_converged"": true, ""converged"": true, ""end_geometry_sha256"": ""6019c7703557494c58d14d554a1272cb1e6bafb10fdcf43de4e08871adfa3c2b"", ""failure_class"": null, ""max_force_eV_A"": 0.06975546317997376, ""name"": ""bfgs_standard"", ""start_geometry_sha256"": ""a431f970906cc2aa2fa9f514645ba48d6bfa836dded6cbacced9f14b58dc0883"", ""steps"": 48}]",6019c7703557494c58d14d554a1272cb1e6bafb10fdcf43de4e08871adfa3c2b,0.8947844013571775,1.358394707530737,step_4_H2O,9.0,0.0,True,0.5292311650514638,0.707500000035,False,quantitative_screening,1,1,f66588fd4d80c4d92da3,False,
"('MAXPhase', 'V', 'Si', 'C', 1, 'Hf', 'edge_1120')",MAXPhase,True,esen-sm-conserving-all-oc25:relax-v4:orr-che-v3,True,0.0,0,150,0.08,converged,,bfgs_standard,"[{""ase_converged"": true, ""converged"": true, ""end_geometry_sha256"": ""593d11fe8eff470585f97e4d7635e3473b71f95348aeccc5cfd8e6ad4edd0571"", ""failure_class"": null, ""max_force_eV_A"": 0.0, ""name"": ""bfgs_standard"", ""start_geometry_sha256"": ""593d11fe8eff470585f97e4d7635e3473b71f95348aeccc5cfd8e6ad4edd0571"", ""steps"": 0}]",593d11fe8eff470585f97e4d7635e3473b71f95348aeccc5cfd8e6ad4edd0571,-102.57337385899956,True,0.05650235175380263,21.0,100.0,0.08,converged,,bfgs_standard,"[{""ase_converged"": true, ""converged"": true, ""end_geometry_sha256"": ""4bd1b478d25a50ebcce5813135a3ba2452e9137ce93fe8b656c753e76df3edcb"", ""failure_class"": null, ""max_force_eV_A"": 0.05650235175380263, ""name"": ""bfgs_standard"", ""start_geometry_sha256"": ""fb565792dce907127f0ec03ddbd74b7df182dcbb8cf5721df4f75864f674ffdf"", ""steps"": 21}]",4bd1b478d25a50ebcce5813135a3ba2452e9137ce93fe8b656c753e76df3edcb,0.16996747508645055,True,0.046031705879967674,11.0,100.0,0.08,converged,,bfgs_standard,"[{""ase_converged"": true, ""converged"": true, ""end_geometry_sha256"": ""860103eb3de099e71ad983144feb842616d180a376fa1e4e0b4bc807ffe497e2"", ""failure_class"": null, ""max_force_eV_A"": 0.046031705879967674, ""name"": ""bfgs_standard"", ""start_geometry_sha256"": ""a2a3ee2eb14fc56ab8452d589cc4e6b02692584ce61093d6ef0b247e5e4b5e37"", ""steps"": 11}]",860103eb3de099e71ad983144feb842616d180a376fa1e4e0b4bc807ffe497e2,0.5832547314465082,True,0.03186590523891368,44.0,100.0,0.08,converged,,bfgs_standard,"[{""ase_converged"": true, ""converged"": true, ""end_geometry_sha256"": ""35bf906ee66affabad3793968ac7652debb0c3335fe1f92d41fcd3d039c73bba"", ""failure_class"": null, ""max_force_eV_A"": 0.03186590523891368, ""name"": ""bfgs_standard"", ""start_geometry_sha256"": ""cf6f9e91967f6cb9a5756a912b577592f6be078b4e8ad48f67310e4e977b086b"", ""steps"": 44}]",35bf906ee66affabad3793968ac7652debb0c3335fe1f92d41fcd3d039c73bba,-0.7049546733498537,2.517209404796362,step_2_O,9.0,0.0,True,0.7532222065329588,0.707500000035,False,quantitative_screening,1,1,400ac34004baf98f2baf,False,
"('MAXPhase', 'V', 'Si', 'N', 2, 'W', 'basal_0001')",MAXPhase,True,esen-sm-conserving-all-oc25:relax-v4:orr-che-v3,True,0.06308415723089283,43,150,0.08,converged,,bfgs_standard,"[{""ase_converged"": true, ""converged"": true, ""end_geometry_sha256"": ""44119e4dca6d8e1f581acd2fa41dedf117e17ca195c2985f5f318a8c2f9fabf7"", ""failure_class"": null, ""max_force_eV_A"": 0.06308415723089283, ""name"": ""bfgs_standard"", ""start_geometry_sha256"": ""6582c8666992c452e834cd2fffd9a9646259a069d7a66670115abc5b58ff978c"", ""steps"": 43}]",44119e4dca6d8e1f581acd2fa41dedf117e17ca195c2985f5f318a8c2f9fabf7,-231.05282960293778,True,0.07813281245724882,78.0,100.0,0.08,converged,,bfgs_standard,"[{""ase_converged"": true, ""converged"": true, ""end_geometry_sha256"": ""3562c5c7d16707e10d1077972fef3c160b52fcc136a44cd79454a22372990ea1"", ""failure_class"": null, ""max_force_eV_A"": 0.07813281245724882, ""name"": ""bfgs_standard"", ""start_geometry_sha256"": ""eb225514ecf005861b0055b8c43cca9cf92c0e633e35d7b78611c9b8d3dccee9"", ""steps"": 78}]",3562c5c7d16707e10d1077972fef3c160b52fcc136a44cd79454a22372990ea1,-1.4695245598256588,True,0.07902944676026785,19.0,100.0,0.08,converged,,bfgs_standard,"[{""ase_converged"": true, ""converged"": true, ""end_geometry_sha256"": ""9c325816f579aacf505ff11e92993a597566593c83fca8d5ba04a76eb867d9ff"", ""failure_class"": null, ""max_force_eV_A"": 0.07902944676026785, ""name"": ""bfgs_standard"", ""start_geometry_sha256"": ""40fbe4bdc895699d36f3a6b09c32bd6237f5368d6a09917708a5d13920613acc"", ""steps"": 19}]",9c325816f579aacf505ff11e92993a597566593c83fca8d5ba04a76eb867d9ff,-1.781697355955864,True,0.0599043366472294,37.0,100.0,0.08,converged,,bfgs_standard,"[{""ase_converged"": true, ""converged"": true, ""end_geometry_sha256"": ""dda218e8558118bda0cd261402dcc341f7f6f85667cd3c6dfdf0103bca05a45a"", ""failure_class"": null, ""max_force_eV_A"": 0.0599043366472294, ""name"": ""bfgs_standard"", ""start_geometry_sha256"": ""9a23b195187ea99345bc7da1455756742a18fb4483f300e4ece6809c54e6e1a3"", ""steps"": 37}]",dda218e8558118bda0cd261402dcc341f7f6f85667cd3c6dfdf0103bca05a45a,-2.4920411601662886,2.6985245598256586,step_4_H2O,9.0,0.0,True,3.2512219157815228,0.707500000035,False,quantitative_screening,2,2,81c9d8c12dad2c04db0b,False,
"('MAXPhase', 'V', 'P', 'C', 2, 'Ti', 'basal_0001')",MAXPhase,True,esen-sm-conserving-all-oc25:relax-v4:orr-che-v3,True,0.05948170474651737,54,150,0.08,converged,,bfgs_standard,"[{""ase_converged"": true, ""converged"": true, ""end_geometry_sha256"": ""0e13467b4da596a07b81f7fa895438bff06624c24a5c16127ff92679659e7ee6"", ""failure_class"": null, ""max_force_eV_A"": 0.05948170474651737, ""name"": ""bfgs_standard"", ""start_geometry_sha256"": ""9a43ed78af7b760b190ad007f9c3a88a7166a73b5adb434d0acee43f8a294e25"", ""steps"": 54}]",0e13467b4da596a07b81f7fa895438bff06624c24a5c16127ff92679659e7ee6,-224.16065676468395,True,0.07945024919384469,74.0,100.0,0.08,converged,,bfgs_standard,"[{""ase_converged"": true, ""converged"": true, ""end_geometry_sha256"": ""29cfc7883b070c24fc029106d82cd8b3c0123b03e19e224f42b55497f487cbcb"", ""failure_class"": null, ""max_force_eV_A"": 0.07945024919384469, ""name"": ""bfgs_standard"", ""start_geometry_sha256"": ""437d238ab09c7848eae7a8eac3634e8aa125ba0a08db9b8903fbb588ce28f9d4"", ""steps"": 74}]",29cfc7883b070c24fc029106d82cd8b3c0123b03e19e224f42b55497f487cbcb,-1.1331216667592525,True,0.0731800357865112,43.0,100.0,0.08,converged,,bfgs_standard,"[{""ase_converged"": true, ""converged"": true, ""end_geometry_sha256"": ""5a3b0038fe959581bd330b2ed394d9efd561b4e0c2243869151e06390d53018e"", ""failure_class"": null, ""max_force_eV_A"": 0.0731800357865112, ""name"": ""bfgs_standard"", ""start_geometry_sha256"": ""e731dd9b535ad38e7311e03f3880954aa6e923a453f401a39c02c87c96efc461"", ""steps"": 43}]",5a3b0038fe959581bd330b2ed394d9efd561b4e0c2243869151e06390d53018e,-1.6719637744128952,True,0.07881164026900284,60.0,100.0,0.08,converged,,bfgs_standard,"[{""ase_converged"": true, ""converged"": true, ""end_geometry_sha256"": ""8600860d2eaf5767c9c937ec91b429e58d288238eeb82d56c53a7bb08cdf79e5"", ""failure_class"": null, ""max_force_eV_A"": 0.07881164026900284, ""name"": ""bfgs_standard"", ""start_geometry_sha256"": ""b7e0bffb5bb962c2934dbe0000fc6f4005a871efd8a0e36265d02cc791066fdf"", ""steps"": 60}]",8600860d2eaf5767c9c937ec91b429e58d288238eeb82d56c53a7bb08cdf79e5,-2.629721213877226,2.3621216667592524,step_4_H2O,9.0,0.0,True,2.8050854411721478,0.5199556092414295,False,quantitative_screening,0,0,f742661093d43a288f8d,False,
"('MAXPhase', 'V', 'P', 'C', 2, 'Co', 'edge_1010')",MAXPhase,True,esen-sm-conserving-all-oc25:relax-v4:orr-che-v3,True,0.069591889427495,40,150,0.08,converged,,bfgs_standard,"[{""ase_converged"": true, ""converged"": true, ""end_geometry_sha256"": ""9a8afd2efd70c28dfce4cf65a3e0e4e4f20851cd47a4b728bb975da2a7f3548a"", ""failure_class"": null, ""max_force_eV_A"": 0.069591889427495, ""name"": ""bfgs_standard"", ""start_geometry_sha256"": ""b970b2f2c4b0113d04396034cc835ff1052ca582f51bec8d77ddf96d5e3e5613"", ""steps"": 40}]",9a8afd2efd70c28dfce4cf65a3e0e4e4f20851cd47a4b728bb975da2a7f3548a,-240.5158026119086,True,0.07006349153987818,54.0,100.0,0.08,converged,,bfgs_standard,"[{""ase_converged"": true, ""converged"": true, ""end_geometry_sha256"": ""5af851026320893aa652cca4fda58cebb1521c77e7a7a71bfaca6352af561f04"", ""failure_class"": null, ""max_force_eV_A"": 0.07006349153987818, ""name"": ""bfgs_standard"", ""start_geometry_sha256"": ""8f2103de1d1a265dd3593a67aebcd5210c54d731efc821cb5745c944579c4b70"", ""steps"": 54}]",5af851026320893aa652cca4fda58cebb1521c77e7a7a71bfaca6352af561f04,-2.8648187492787835,True,0.06760502702460872,35.0,100.0,0.08,converged,,bfgs_standard,"[{""ase_converged"": true, ""converged"": true, ""end_geometry_sha256"": ""2451666e971b2eb89372d900b630d14ab190f96559295886c5c6a2970548e6c9"", ""failure_class"": null, ""max_force_eV_A"": 0.06760502702460872, ""name"": ""bfgs_standard"", ""start_geometry_sha256"": ""84b0e98eeef1236c887299dff91ec0bb15503314f48f75add20f6602b6e4d92d"", ""steps"": 35}]",2451666e971b2eb89372d900b630d14ab190f96559295886c5c6a2970548e6c9,-2.712382399290825,True,0.07510459174149614,274.0,100.0,0.08,converged,,bfgs_after_fire,"[{""ase_converged"": false, ""converged"": false, ""end_geometry_sha256"": ""95e8c881df63cd3bbf7540dcebb0b8e2e9fa10ae89f79a02b8c0180a98d4e7c6"", ""failure_class"": ""force_threshold"", ""max_force_eV_A"": 0.2752308627854804, ""name"": ""bfgs_standard"", ""start_geometry_sha256"": ""b5f03eef2a79c19ac6542f2509a4e1c6a82c2dec912ef833c064973f88719cea"", ""steps"": 100}, {""ase_converged"": false, ""converged"": false, ""end_geometry_sha256"": ""af600e9796001a60f1c536ce721ae734e6732ca391f7c0efedf9b813fa32e6d3"", ""failure_class"": ""force_threshold"", ""max_force_eV_A"": 6.400227714251068, ""name"": ""fire_precondition"", ""qualifying"": false, ""start_geometry_sha256"": ""b5f03eef2a79c19ac6542f2509a4e1c6a82c2dec912ef833c064973f88719cea"", ""steps"": 50}, {""ase_converged"": true, ""converged"": true, ""end_geometry_sha256"": ""9bf58dd1c981c157cbb6d94af7b01294d76b11d668393276002e1563bf1a385f"", ""failure_class"": null, ""max_force_eV_A"": 0.07510459174149614, ""name"": ""bfgs_after_fire"", ""start_geometry_sha256"": ""af600e9796001a60f1c536ce721ae734e6732ca391f7c0efedf9b813fa32e6d3"", ""steps"": 124}]",9bf58dd1c981c157cbb6d94af7b01294d76b11d668393276002e1563bf1a385f,5.154607246816134,3.0,step_4_H2O,8.0,0.0,True,5.577201148569609,0.5199556092414295,False,quantitative_screening,1,1,b7bd9e598f2dd7b6a1cd,False,
"('MAXPhase', 'V', 'P', 'N', 3, 'V', 'edge_1010')",MAXPhase,True,esen-sm-conserving-all-oc25:relax-v4:orr-che-v3,True,0.05956363685053892,49,150,0.08,converged,,bfgs_standard,"[{""ase_converged"": true, ""converged"": true, ""end_geometry_sha256"": ""b92ee18b12225556e2dbac5a6493073cf41be30ed603f3d6a9a659a47bb864ee"", ""failure_class"": null, ""max_force_eV_A"": 0.05956363685053892, ""name"": ""bfgs_standard"", ""start_geometry_sha256"": ""8b2b25a8c266393e09184f3336c17a543e6abe0632717eda93e45af3e20f7aa1"", ""steps"": 49}]",b92ee18b12225556e2dbac5a6493073cf41be30ed603f3d6a9a659a47bb864ee,-337.22336730974394,True,0.0681340983792539,91.0,100.0,0.08,converged,,bfgs_standard,"[{""ase_converged"": true, ""converged"": true, ""end_geometry_sha256"": ""2a954aa2c3213e76b0e1fdaa71b4e4d6992f17c4172adb9f1d1058509a2f9042"", ""failure_class"": null, ""max_force_eV_A"": 0.0681340983792539, ""name"": ""bfgs_standard"", ""start_geometry_sha256"": ""d0fcea3ba5b439027f2cecd6ada2805a9f3e71e23e50ac763b9ba88bd0310f15"", ""steps"": 91}]",2a954aa2c3213e76b0e1fdaa71b4e4d6992f17c4172adb9f1d1058509a2f9042,-0.7537996147572994,True,0.0743406960407697,66.0,100.0,0.08,converged,,bfgs_standard,"[{""ase_converged"": true, ""converged"": true, ""end_geometry_sha256"": ""3c47e7792eb06ab2e9508a29d8ab30612dc25521c8d5e6e9265b63922969fa1a"", ""failure_class"": null, ""max_force_eV_A"": 0.0743406960407697, ""name"": ""bfgs_standard"", ""start_geometry_sha256"": ""34e0fdfacd6b03906927c035dc05604c37f7d79f0ed5851bcc5c3b1adc689e20"", ""steps"": 66}]",3c47e7792eb06ab2e9508a29d8ab30612dc25521c8d5e6e9265b63922969fa1a,-2.3737364642321745,True,0.060854283629217944,262.0,100.0,0.08,converged,,bfgs_after_fire,"[{""ase_converged"": false, ""converged"": false, ""end_geometry_sha256"": ""c5e7657b081eceb324340e79cabbce092fe27166a3fd37206f0ae40748d1960c"", ""failure_class"": ""force_threshold"", ""max_force_eV_A"": 0.28189080319050613, ""name"": ""bfgs_standard"", ""start_geometry_sha256"": ""730b4019df17114943cbc6cd04781e746a1dfd72f670f100a66d53d0b1899362"", ""steps"": 100}, {""ase_converged"": false, ""converged"": false, ""end_geometry_sha256"": ""2b0e3154c3233f533f2599d53fdfd4e19442f1210149864509531863e1205014"", ""failure_class"": ""force_threshold"", ""max_force_eV_A"": 3.5125940571782177, ""name"": ""fire_precondition"", ""qualifying"": false, ""start_geometry_sha256"": ""730b4019df17114943cbc6cd04781e746a1dfd72f670f100a66d53d0b1899362"", ""steps"": 50}, {""ase_converged"": true, ""converged"": true, ""end_geometry_sha256"": ""0d18409abda689f17cff46f7a99119e90cbaf9ed3c69c580b9a155fc97e8c18d"", ""failure_class"": null, ""max_force_eV_A"": 0.060854283629217944, ""name"": ""bfgs_after_fire"", ""start_geometry_sha256"": ""2b0e3154c3233f533f2599d53fdfd4e19442f1210149864509531863e1205014"", ""steps"": 112}]",0d18409abda689f17cff46f7a99119e90cbaf9ed3c69c580b9a155fc97e8c18d,3.9675669178366983,2.8489368494748755,step_3_OH,8.0,0.0,True,3.1275360789894737,0.5199556092414295,False,quantitative_screening,2,2,983fc64871f27c3e6d30,False,
"('HEA', ('V', 'Cu', 'Zn', 'Ga', 'Y'), 'hcp', '111', 800)",HEA,True,esen-sm-conserving-all-oc25:relax-v4:orr-che-v3,True,0.07318074305637828,36,150,0.08,converged,,bfgs_standard,"[{""ase_converged"": true, ""converged"": true, ""end_geometry_sha256"": ""585e55356a854df0da6a8301715672dbe990a53d069fdae8438a91c0a262d7db"", ""failure_class"": null, ""max_force_eV_A"": 0.07318074305637828, ""name"": ""bfgs_standard"", ""start_geometry_sha256"": ""55c48315f3f32d2e1ed9b9b263b5a32474e4bf18e4b4f80c1995a34aa4edf5e9"", ""steps"": 36}]",585e55356a854df0da6a8301715672dbe990a53d069fdae8438a91c0a262d7db,-265.40337831426825,True,0.07727890693934926,44.0,100.0,0.08,converged,,bfgs_standard,"[{""ase_converged"": true, ""converged"": true, ""end_geometry_sha256"": ""c8c9f3b4d35fe46505d89150a73bdc83d526fd93ffcd314cdc365200fed3d7b2"", ""failure_class"": null, ""max_force_eV_A"": 0.07727890693934926, ""name"": ""bfgs_standard"", ""start_geometry_sha256"": ""16fc8244bde80508887741ed38a9969f56490f7035e59cb9abfa6682ac9c34ae"", ""steps"": 44}]",c8c9f3b4d35fe46505d89150a73bdc83d526fd93ffcd314cdc365200fed3d7b2,-1.724365410655737,True,0.07279451972207412,39.0,100.0,0.08,converged,,bfgs_standard,"[{""ase_converged"": true, ""converged"": true, ""end_geometry_sha256"": ""c9d8263dd43d3281352a21856f4b99ef05b98d7487ee705ac8036192b7d9ff35"", ""failure_class"": null, ""max_force_eV_A"": 0.07279451972207412, ""name"": ""bfgs_standard"", ""start_geometry_sha256"": ""b7b0112722c798422f9facfeff8cace14ca3576667dbb05fbca3494c6b6f8151"", ""steps"": 39}]",c9d8263dd43d3281352a21856f4b99ef05b98d7487ee705ac8036192b7d9ff35,-2.439404570311333,True,0.07783418272453348,78.0,100.0,0.08,converged,,bfgs_standard,"[{""ase_converged"": true, ""converged"": true, ""end_geometry_sha256"": ""9f14e92b0d9e1a7f1dee956dc858d6db84085f60eee3cc86f27aeeb7b5b667a6"", ""failure_class"": null, ""max_force_eV_A"": 0.07783418272453348, ""name"": ""bfgs_standard"", ""start_geometry_sha256"": ""6f9bc45825ae1f0f1d7d58ede358dabb209154a458cd229e364c6a56127f36d8"", ""steps"": 78}]",9f14e92b0d9e1a7f1dee956dc858d6db84085f60eee3cc86f27aeeb7b5b667a6,-3.8770814433694136,2.9533654106557368,step_4_H2O,7.0,0.0,True,4.16376998096707,0.902500000035,False,quantitative_screening,0,0,ed0d7c6337b9bd401eb3,False,
"('HEA', ('V', 'Nb', 'Pt', 'Al', 'Ge'), 'hcp', '111', 1200)",HEA,True,esen-sm-conserving-all-oc25:relax-v4:orr-che-v3,True,0.0669306202126779,33,150,0.08,converged,,bfgs_standard,"[{""ase_converged"": true, ""converged"": true, ""end_geometry_sha256"": ""f76ec909a321a16788347bc00374372cc9151dd218a6b0c1949aac9c9987fd24"", ""failure_class"": null, ""max_force_eV_A"": 0.0669306202126779, ""name"": ""bfgs_standard"", ""start_geometry_sha256"": ""095223264eb82109806d26916617a2f15f0572d3cadb72ce57d47170a58fac71"", ""steps"": 33}]",f76ec909a321a16788347bc00374372cc9151dd218a6b0c1949aac9c9987fd24,-281.7732919449651,True,0.07195260704629085,39.0,100.0,0.08,converged,,bfgs_standard,"[{""ase_converged"": true, ""converged"": true, ""end_geometry_sha256"": ""c1827ec4fd42b88cb201ace8197dc06bce79e95ec69ca1ac000d5070644724c4"", ""failure_class"": null, ""max_force_eV_A"": 0.07195260704629085, ""name"": ""bfgs_standard"", ""start_geometry_sha256"": ""8f435c5a14d2d8b2bc8abe48282963b6000b15b924460f5487571dfe90c3336c"", ""steps"": 39}]",c1827ec4fd42b88cb201ace8197dc06bce79e95ec69ca1ac000d5070644724c4,-1.0946199272572994,True,0.06380589924103652,16.0,100.0,0.08,converged,,bfgs_standard,"[{""ase_converged"": true, ""converged"": true, ""end_geometry_sha256"": ""cb400ec7974ed8964d7ad17467388209d2aaa925676dcc566794969ad457c3a8"", ""failure_class"": null, ""max_force_eV_A"": 0.06380589924103652, ""name"": ""bfgs_standard"", ""start_geometry_sha256"": ""9b00868e5e6133a1de186fb5ef1869428ee59baaaf59b3e5e245edaf63bfdef5"", ""steps"": 16}]",cb400ec7974ed8964d7ad17467388209d2aaa925676dcc566794969ad457c3a8,-2.1551791064441455,True,0.07968948890329307,96.0,100.0,0.08,converged,,bfgs_standard,"[{""ase_converged"": true, ""converged"": true, ""end_geometry_sha256"": ""bed7d2c202b0e33a3395076a3898e9ff2349289ba58e80bb24f8f394fd4f447e"", ""failure_class"": null, ""max_force_eV_A"": 0.07968948890329307, ""name"": ""bfgs_standard"", ""start_geometry_sha256"": ""5af50a3f9508df3f2849ea83e76f37fa27ec6a2ab52462ee28ded0f1ca2b9ece"", ""steps"": 96}]",bed7d2c202b0e33a3395076a3898e9ff2349289ba58e80bb24f8f394fd4f447e,-3.8092332378030074,2.883054131358862,step_2_O,9.0,0.0,True,3.2497990337014446,0.902500000035,False,quantitative_screening,1,1,0d27abbd2573fcb55ca4,False,
"('HEA', ('V', 'Pd', 'Ir', 'Pt', 'Ga'), 'fcc_bcc_dual', '100', 800)",HEA,True,esen-sm-conserving-all-oc25:relax-v4:orr-che-v3,True,0.07863370485714687,74,150,0.08,converged,,bfgs_standard,"[{""ase_converged"": true, ""converged"": true, ""end_geometry_sha256"": ""85f395452552b21d766af00cfac84eaf2a78dc3f7ab98e6a4a4c27e9e8a81967"", ""failure_class"": null, ""max_force_eV_A"": 0.07863370485714687, ""name"": ""bfgs_standard"", ""start_geometry_sha256"": ""cbde09e6ec9f0e40783c76b3c166238c4645073d6d06a49c55259e792d20e55a"", ""steps"": 74}]",85f395452552b21d766af00cfac84eaf2a78dc3f7ab98e6a4a4c27e9e8a81967,-198.9513701724951,True,0.07672266302466565,267.0,100.0,0.08,converged,,bfgs_after_fire,"[{""ase_converged"": false, ""converged"": false, ""end_geometry_sha256"": ""cd12726be69d98eae14586127edec89efad1ee89ca99b03a61f7e824f8196dc3"", ""failure_class"": ""force_threshold"", ""max_force_eV_A"": 0.8556588690117494, ""name"": ""bfgs_standard"", ""start_geometry_sha256"": ""f2f644cde79f74fcd642370f959576f3ff0076ab3a7b86b2007647e004833aca"", ""steps"": 100}, {""ase_converged"": false, ""converged"": false, ""end_geometry_sha256"": ""a5e71657b6c09dc1453ba252f8e453e5871a1c365882bc9aa46f1d8c9c060084"", ""failure_class"": ""force_threshold"", ""max_force_eV_A"": 0.8679126836388982, ""name"": ""fire_precondition"", ""qualifying"": false, ""start_geometry_sha256"": ""f2f644cde79f74fcd642370f959576f3ff0076ab3a7b86b2007647e004833aca"", ""steps"": 50}, {""ase_converged"": true, ""converged"": true, ""end_geometry_sha256"": ""63a0552a7067dab5d4939ae2d4e60f38bae4a19cb3574470fb45a34878157482"", ""failure_class"": null, ""max_force_eV_A"": 0.07672266302466565, ""name"": ""bfgs_after_fire"", ""start_geometry_sha256"": ""a5e71657b6c09dc1453ba252f8e453e5871a1c365882bc9aa46f1d8c9c060084"", ""steps"": 117}]",63a0552a7067dab5d4939ae2d4e60f38bae4a19cb3574470fb45a34878157482,-1.6743318413197994,True,0.07690316219129328,93.0,100.0,0.08,converged,,bfgs_standard,"[{""ase_converged"": true, ""converged"": true, ""end_geometry_sha256"": ""71dde995f77292aaffc76eafca44b4c705c8d005fde54a5b3799d9bb2243a785"", ""failure_class"": null, ""max_force_eV_A"": 0.07690316219129328, ""name"": ""bfgs_standard"", ""start_geometry_sha256"": ""c257da0aa6b5ccbf86f7751e849eaad38e2a9ab6d123bd8db8fd8067e9de95a5"", ""steps"": 93}]",71dde995f77292aaffc76eafca44b4c705c8d005fde54a5b3799d9bb2243a785,-1.0796786181628384,True,0.0727018612354615,46.0,100.0,0.08,converged,,bfgs_standard,"[{""ase_converged"": true, ""converged"": true, ""end_geometry_sha256"": ""354d10139d7d3a62c50f272b14472e309e061a92f9afe6abd10fdeb2d28bebcb"", ""failure_class"": null, ""max_force_eV_A"": 0.0727018612354615, ""name"": ""bfgs_standard"", ""start_geometry_sha256"": ""dd2244176e26d384ce86dea12dc816bcbaa0c6afeaf2e78d961f801821dd0bd8"", ""steps"": 46}]",354d10139d7d3a62c50f272b14472e309e061a92f9afe6abd10fdeb2d28bebcb,-0.43766646534206965,2.9033318413197993,step_4_H2O,9.0,-2.0,True,2.754010459482638,0.902500000035,False,quantitative_screening,0,0,54b1c109141d1b03721d,False,
"('HEA', ('V', 'Hf', 'Pt', 'La', 'Ce'), 'fcc', '100', 900)",HEA,True,esen-sm-conserving-all-oc25:relax-v4:orr-che-v3,True,0.06751357551621523,92,150,0.08,converged,,bfgs_standard,"[{""ase_converged"": true, ""converged"": true, ""end_geometry_sha256"": ""e3f1b100f27bdf1e71bda886b7b8c9f84f554d756d2ecac5efb8b0a170b970a8"", ""failure_class"": null, ""max_force_eV_A"": 0.06751357551621523, ""name"": ""bfgs_standard"", ""start_geometry_sha256"": ""5b0090378108d37cd160ee9252e6c266ebf163f01f5737ffc2f8b3e92d4e2712"", ""steps"": 92}]",e3f1b100f27bdf1e71bda886b7b8c9f84f554d756d2ecac5efb8b0a170b970a8,-204.1313862084299,True,0.0732891653066271,49.0,100.0,0.08,converged,,bfgs_standard,"[{""ase_converged"": true, ""converged"": true, ""end_geometry_sha256"": ""3c8e9da4fa116b80cbf332c58395ccf111ca5bbef1cbf7977ed32f112436f50e"", ""failure_class"": null, ""max_force_eV_A"": 0.0732891653066271, ""name"": ""bfgs_standard"", ""start_geometry_sha256"": ""b3ab146c5dc9dd4f88f54633e6b38fe557ae50e27c50e458e54fc73d81e37fcf"", ""steps"": 49}]",3c8e9da4fa116b80cbf332c58395ccf111ca5bbef1cbf7977ed32f112436f50e,-0.9592286919057369,True,0.06460967669154319,187.0,100.0,0.08,converged,,bfgs_after_fire,"[{""ase_converged"": false, ""converged"": false, ""end_geometry_sha256"": ""c179e950956c47210c52e7a86f39809d05719c7505c23f4fd130f923e8962602"", ""failure_class"": ""force_threshold"", ""max_force_eV_A"": 0.0926505136828442, ""name"": ""bfgs_standard"", ""start_geometry_sha256"": ""dad17da50c6ba4441e3be10ef1aad84a2d5dc5ce6497d788d8a38f01daf91cdc"", ""steps"": 100}, {""ase_converged"": false, ""converged"": false, ""end_geometry_sha256"": ""1724c38975deab9a26b79d8160fa459698b1a0e2a73dbc26d094e77e6754cae3"", ""failure_class"": ""force_threshold"", ""max_force_eV_A"": 1.2069283945863796, ""name"": ""fire_precondition"", ""qualifying"": false, ""start_geometry_sha256"": ""dad17da50c6ba4441e3be10ef1aad84a2d5dc5ce6497d788d8a38f01daf91cdc"", ""steps"": 50}, {""ase_converged"": true, ""converged"": true, ""end_geometry_sha256"": ""e1d4458d5a541481b142ff460eb9e1d2a5a56b35ca4d2d2844177474ec696cde"", ""failure_class"": null, ""max_force_eV_A"": 0.06460967669154319, ""name"": ""bfgs_after_fire"", ""start_geometry_sha256"": ""1724c38975deab9a26b79d8160fa459698b1a0e2a73dbc26d094e77e6754cae3"", ""steps"": 37}]",e1d4458d5a541481b142ff460eb9e1d2a5a56b35ca4d2d2844177474ec696cde,-2.1896334521472705,True,0.05093661648788776,229.0,100.0,0.08,converged,,bfgs_after_fire,"[{""ase_converged"": false, ""converged"": false, ""end_geometry_sha256"": ""31a1ac9a107d8f19f28c72ebe845507266dd8e2383bd58899f639aaf9addd6d0"", ""failure_class"": ""force_threshold"", ""max_force_eV_A"": 0.7999221610971822, ""name"": ""bfgs_standard"", ""start_geometry_sha256"": ""f05691414ea6643eb8413e1f06ab3bc741f3dcb1e189c4f40ca348723a056ad7"", ""steps"": 100}, {""ase_converged"": false, ""converged"": false, ""end_geometry_sha256"": ""ac74ca29058471ef758f2274b0df70061f2db515368dc0b3d7d39156bceb93c3"", ""failure_class"": ""force_threshold"", ""max_force_eV_A"": 6.254058785923286, ""name"": ""fire_precondition"", ""qualifying"": false, ""start_geometry_sha256"": ""f05691414ea6643eb8413e1f06ab3bc741f3dcb1e189c4f40ca348723a056ad7"", ""steps"": 50}, {""ase_converged"": true, ""converged"": true, ""end_geometry_sha256"": ""124ba5bf027b43360a8c8a065f3bd970ec874053b850664394b826f55da6ed29"", ""failure_class"": null, ""max_force_eV_A"": 0.05093661648788776, ""name"": ""bfgs_after_fire"", ""start_geometry_sha256"": ""ac74ca29058471ef758f2274b0df70061f2db515368dc0b3d7d39156bceb93c3"", ""steps"": 79}]",124ba5bf027b43360a8c8a065f3bd970ec874053b850664394b826f55da6ed29,4.2396254047751185,2.459404760241534,step_3_OH,9.0,-0.532336497026836,True,3.148862144053007,0.8378175883982132,False,quantitative_screening,1,1,abfd8327b7418b066506,False,
"('HEA', ('Cr', 'Mn', 'Al', 'Ge', 'La'), 'fcc_bcc_dual', '100', 1200)",HEA,True,esen-sm-conserving-all-oc25:relax-v4:orr-che-v3,True,0.056900233724671914,35,150,0.08,converged,,bfgs_standard,"[{""ase_converged"": true, ""converged"": true, ""end_geometry_sha256"": ""7034dd3913569a5bbd776d38bac2ae5cadfef91624f0b5d06fd49dcfde8b6e3e"", ""failure_class"": null, ""max_force_eV_A"": 0.056900233724671914, ""name"": ""bfgs_standard"", ""start_geometry_sha256"": ""526c015ce34985036485f2cb61bb92d4c2a19b799fa3e83bf309e618be6ddcf0"", ""steps"": 35}]",7034dd3913569a5bbd776d38bac2ae5cadfef91624f0b5d06fd49dcfde8b6e3e,-204.27321902538853,True,0.06670263004158176,63.0,100.0,0.08,converged,,bfgs_standard,"[{""ase_converged"": true, ""converged"": true, ""end_geometry_sha256"": ""450f3e952f28d724c3f214b290a3a08991fb6e7c7c19624d6d8388943bc5ebfa"", ""failure_class"": null, ""max_force_eV_A"": 0.06670263004158176, ""name"": ""bfgs_standard"", ""start_geometry_sha256"": ""d280ea3c19ffe56e67755bec81582438129c833a0d19336de78b5c3d7e1b536b"", ""steps"": 63}]",450f3e952f28d724c3f214b290a3a08991fb6e7c7c19624d6d8388943bc5ebfa,-1.1071626518666744,True,0.07871862150734238,61.0,100.0,0.08,converged,,bfgs_standard,"[{""ase_converged"": true, ""converged"": true, ""end_geometry_sha256"": ""232e8f68c224c2cd9d871a8252fb7f6308cfe37153d73de1afa63ff65c8ae91b"", ""failure_class"": null, ""max_force_eV_A"": 0.07871862150734238, ""name"": ""bfgs_standard"", ""start_geometry_sha256"": ""40f63ce1942d16f23bc49aebc822a35795ee9ce05f5557c235b41a6c5cf93188"", ""steps"": 61}]",232e8f68c224c2cd9d871a8252fb7f6308cfe37153d73de1afa63ff65c8ae91b,-1.3991671435535202,True,0.06521410525712444,65.0,100.0,0.08,converged,,bfgs_standard,"[{""ase_converged"": true, ""converged"": true, ""end_geometry_sha256"": ""467571d5688028324a86608a2567dc9a012fb7b3c596433ee3dbd2cbc3c72329"", ""failure_class"": null, ""max_force_eV_A"": 0.06521410525712444, ""name"": ""bfgs_standard"", ""start_geometry_sha256"": ""192e24768979194dff7fa5f557d4726b3cec0cf6066167b023f4c96a0d192d12"", ""steps"": 65}]",467571d5688028324a86608a2567dc9a012fb7b3c596433ee3dbd2cbc3c72329,-1.9554734721780074,2.3361626518666743,step_4_H2O,8.0,0.0,True,2.5063297954201946,0.8685081580424162,False,quantitative_screening,2,2,093f74a9fbfa05a37d98,False,
"('HEA', ('Cr', 'Co', 'Zr', 'Ag', 'Sn'), 'amorphous', '110', 800)",HEA,True,esen-sm-conserving-all-oc25:relax-v4:orr-che-v3,True,0.06762449296128785,21,150,0.08,converged,,bfgs_standard,"[{""ase_converged"": true, ""converged"": true, ""end_geometry_sha256"": ""090f95b39de6ca1c221ffc36870afb529d76ec5a07a6f6f22305f9b1365a8569"", ""failure_class"": null, ""max_force_eV_A"": 0.06762449296128785, ""name"": ""bfgs_standard"", ""start_geometry_sha256"": ""4c3674bd4aaf61641f9f2db0a2e7ae9ecc5c2ab16ecfe3a47014973d93c29eb6"", ""steps"": 21}]",090f95b39de6ca1c221ffc36870afb529d76ec5a07a6f6f22305f9b1365a8569,-299.00921845508446,True,0.0776323772317369,65.0,100.0,0.08,converged,,bfgs_standard,"[{""ase_converged"": true, ""converged"": true, ""end_geometry_sha256"": ""419c635c416398c2e1a654bae0679cfa4ecebedff473002e7bd6b7bca061bb07"", ""failure_class"": null, ""max_force_eV_A"": 0.0776323772317369, ""name"": ""bfgs_standard"", ""start_geometry_sha256"": ""95dcc9bb530efacc7f9f76bc3e9cfa0519d99152265ff240a7894c81ba0f05ed"", ""steps"": 65}]",419c635c416398c2e1a654bae0679cfa4ecebedff473002e7bd6b7bca061bb07,-2.0918003891407873,True,0.07680898549560228,31.0,100.0,0.08,converged,,bfgs_standard,"[{""ase_converged"": true, ""converged"": true, ""end_geometry_sha256"": ""4cb2c9fac476269ba30b5d2199e6a0be802675e599788061e77174e038d4fb56"", ""failure_class"": null, ""max_force_eV_A"": 0.07680898549560228, ""name"": ""bfgs_standard"", ""start_geometry_sha256"": ""2e283efa1281f84f36f747d77d78515ab642b74f8bc7d723cb5c1c2b5563dfbc"", ""steps"": 31}]",4cb2c9fac476269ba30b5d2199e6a0be802675e599788061e77174e038d4fb56,-1.567602717131401,True,0.054480595328753836,274.0,100.0,0.08,converged,,bfgs_after_fire,"[{""ase_converged"": false, ""converged"": false, ""end_geometry_sha256"": ""c768a02a9d8e38f502a80f2ffa4292c3ff366379e88cdc0a468e1a57d0218f16"", ""failure_class"": ""force_threshold"", ""max_force_eV_A"": 0.33370068041497614, ""name"": ""bfgs_standard"", ""start_geometry_sha256"": ""a9a918d1a6d00d289f3dabc5d06924b2911f8dbd38fd772e5a2dfabe317e7799"", ""steps"": 100}, {""ase_converged"": false, ""converged"": false, ""end_geometry_sha256"": ""89c6a20567a3a81ab3ebfd50c0b60dcd16834c231dc0308b08f277f2c1ec1a63"", ""failure_class"": ""force_threshold"", ""max_force_eV_A"": 4.377969390610374, ""name"": ""fire_precondition"", ""qualifying"": false, ""start_geometry_sha256"": ""a9a918d1a6d00d289f3dabc5d06924b2911f8dbd38fd772e5a2dfabe317e7799"", ""steps"": 50}, {""ase_converged"": true, ""converged"": true, ""end_geometry_sha256"": ""1a976a8d01eb42822ca5f70b0b7306435fb9497a94a94da869815fc5dd908cfc"", ""failure_class"": null, ""max_force_eV_A"": 0.054480595328753836, ""name"": ""bfgs_after_fire"", ""start_geometry_sha256"": ""89c6a20567a3a81ab3ebfd50c0b60dcd16834c231dc0308b08f277f2c1ec1a63"", ""steps"": 124}]",1a976a8d01eb42822ca5f70b0b7306435fb9497a94a94da869815fc5dd908cfc,5.1531671985984175,3.0,step_4_H2O,8.0,-0.055674710377138004,True,3.6594031062721886,0.902500000035,False,quantitative_screening,2,2,c16d5cc85c52cb7f1340,False,
"('HEA', ('Cr', 'Zn', 'Nb', 'Ir', 'Ge'), 'amorphous', '110', 1200)",HEA,True,esen-sm-conserving-all-oc25:relax-v4:orr-che-v3,True,0.07205838039641067,12,150,0.08,converged,,bfgs_standard,"[{""ase_converged"": true, ""converged"": true, ""end_geometry_sha256"": ""c4d6cab5c2bdb614ad08f69f176592bc712e6e738da586acf070f54bebde6b1f"", ""failure_class"": null, ""max_force_eV_A"": 0.07205838039641067, ""name"": ""bfgs_standard"", ""start_geometry_sha256"": ""36b0f43707128dc4789562abe39472bccec862be9076678a365014a271a789b0"", ""steps"": 12}]",c4d6cab5c2bdb614ad08f69f176592bc712e6e738da586acf070f54bebde6b1f,-304.33547747855937,True,0.06385825988712238,51.0,100.0,0.08,converged,,bfgs_standard,"[{""ase_converged"": true, ""converged"": true, ""end_geometry_sha256"": ""0696d3dc6959b5f7fe43723cf643d61ccca1e9d682e315f830bb151d8dd17b50"", ""failure_class"": null, ""max_force_eV_A"": 0.06385825988712238, ""name"": ""bfgs_standard"", ""start_geometry_sha256"": ""563cc23fb2fd488f6bb1bd6910aef5630c90954fa782ae7f94ede4c9576c62bc"", ""steps"": 51}]",0696d3dc6959b5f7fe43723cf643d61ccca1e9d682e315f830bb151d8dd17b50,-1.2705842827260494,True,0.07930500498006925,37.0,100.0,0.08,converged,,bfgs_standard,"[{""ase_converged"": true, ""converged"": true, ""end_geometry_sha256"": ""7ea507a287eaca1f70a0f799806e4ebaa7a6c636268f5e63b6f4492a849a463f"", ""failure_class"": null, ""max_force_eV_A"": 0.07930500498006925, ""name"": ""bfgs_standard"", ""start_geometry_sha256"": ""d704f557938fa8bd5b40c1d8fe4a13b2e5874ce77152db4df4b973447125197a"", ""steps"": 37}]",7ea507a287eaca1f70a0f799806e4ebaa7a6c636268f5e63b6f4492a849a463f,-1.9430638186633835,True,0.029337582218079174,60.0,100.0,0.08,converged,,bfgs_standard,"[{""ase_converged"": true, ""converged"": true, ""end_geometry_sha256"": ""311f71636c79b2b4706b6ba928bac05508510c12ab246b61b0136e9e835f961a"", ""failure_class"": null, ""max_force_eV_A"": 0.029337582218079174, ""name"": ""bfgs_standard"", ""start_geometry_sha256"": ""be6ba2fe6a961d9d09025a392e3a884ee1e0b8016fc20015ec51a4cb5a3540cc"", ""steps"": 60}]",311f71636c79b2b4706b6ba928bac05508510c12ab246b61b0136e9e835f961a,5.967502067983183,2.4995842827260493,step_4_H2O,9.0,-1.0676722134016654,True,3.213648101389433,0.902500000035,False,quantitative_screening,0,0,c0ad15151284358f16a7,False,
"('HEA', ('Cr', 'Nb', 'Hf', 'Ir', 'Y'), 'fcc', '211', 800)",HEA,True,esen-sm-conserving-all-oc25:relax-v4:orr-che-v3,True,0.06493127681440883,103,150,0.08,converged,,bfgs_standard,"[{""ase_converged"": true, ""converged"": true, ""end_geometry_sha256"": ""d0be1ae0740863e639ebe9adfd2a46db97d828d533658ebd5d000acbd236d45d"", ""failure_class"": null, ""max_force_eV_A"": 0.06493127681440883, ""name"": ""bfgs_standard"", ""start_geometry_sha256"": ""7454787dc6bc2ea3ae4a30463a003c03857627d279d3447dae041abaac43541a"", ""steps"": 103}]",d0be1ae0740863e639ebe9adfd2a46db97d828d533658ebd5d000acbd236d45d,-206.56467054752727,True,0.05185214408996381,284.0,100.0,0.08,converged,,bfgs_after_fire,"[{""ase_converged"": false, ""converged"": false, ""end_geometry_sha256"": ""bdc5cb1a435b7bfb0735dc789f06cb37ca9ea956dbea77a8bbb6159ce9ccd077"", ""failure_class"": ""force_threshold"", ""max_force_eV_A"": 0.5507605745166201, ""name"": ""bfgs_standard"", ""start_geometry_sha256"": ""d83de31c478bef708b3a0322c0fdf31f71b5085f873d0aa76e42b252118170e4"", ""steps"": 100}, {""ase_converged"": false, ""converged"": false, ""end_geometry_sha256"": ""8eab56c36aa416330c78d65f8151aec8c3ee8d29794431174f61ffc52ad455c2"", ""failure_class"": ""force_threshold"", ""max_force_eV_A"": 1.763733505136165, ""name"": ""fire_precondition"", ""qualifying"": false, ""start_geometry_sha256"": ""d83de31c478bef708b3a0322c0fdf31f71b5085f873d0aa76e42b252118170e4"", ""steps"": 50}, {""ase_converged"": true, ""converged"": true, ""end_geometry_sha256"": ""3cea2a5eb05e0fb62da4241e61d84b2ad1fe2dbe4d29b70c04beffd410eee59a"", ""failure_class"": null, ""max_force_eV_A"": 0.05185214408996381, ""name"": ""bfgs_after_fire"", ""start_geometry_sha256"": ""8eab56c36aa416330c78d65f8151aec8c3ee8d29794431174f61ffc52ad455c2"", ""steps"": 134}]",3cea2a5eb05e0fb62da4241e61d84b2ad1fe2dbe4d29b70c04beffd410eee59a,-2.6507799004018304,True,0.07243509561094508,72.0,100.0,0.08,converged,,bfgs_standard,"[{""ase_converged"": true, ""converged"": true, ""end_geometry_sha256"": ""9d57ac249e9437f5e223e03699e7d69517cb89ac9ea4405956e9c80023692dd7"", ""failure_class"": null, ""max_force_eV_A"": 0.07243509561094508, ""name"": ""bfgs_standard"", ""start_geometry_sha256"": ""c8fe8c0f24ea771ce529c61b42b97cf3c9933ba5150f7722555b25c6d4e067fc"", ""steps"": 72}]",9d57ac249e9437f5e223e03699e7d69517cb89ac9ea4405956e9c80023692dd7,-0.7754565112293015,True,0.0764471802053703,38.0,100.0,0.08,converged,,bfgs_standard,"[{""ase_converged"": true, ""converged"": true, ""end_geometry_sha256"": ""289366b5ab25d5e8116e1231c591103ca7bdc7ea626d33229a800a5fa503c423"", ""failure_class"": null, ""max_force_eV_A"": 0.0764471802053703, ""name"": ""bfgs_standard"", ""start_geometry_sha256"": ""17243fb88aa9ec26297cd53999ba2356feade850831bb4bf1bf49457fe870ba5"", ""steps"": 38}]",289366b5ab25d5e8116e1231c591103ca7bdc7ea626d33229a800a5fa503c423,0.13050980418923716,3.0,step_4_H2O,9.0,-1.0778938551906205,True,3.426236411631132,0.902500000035,False,quantitative_screening,0,0,8b7c9bbf0b95eaa3d58b,False,
"('HEA', ('Cr', 'Mo', 'Ta', 'W', 'Bi'), 'hcp', '211', 900)",HEA,True,esen-sm-conserving-all-oc25:relax-v4:orr-che-v3,True,0.06602379355901199,98,150,0.08,converged,,bfgs_standard,"[{""ase_converged"": true, ""converged"": true, ""end_geometry_sha256"": ""fe73d188b437acaf98b438a44a581e427bc07596f01c0d8f68183cbd23ccaeae"", ""failure_class"": null, ""max_force_eV_A"": 0.06602379355901199, ""name"": ""bfgs_standard"", ""start_geometry_sha256"": ""928e484ee5705a5fae413e9d92dcb692c3cb4ec712031efde6a5d78963f43d48"", ""steps"": 98}]",fe73d188b437acaf98b438a44a581e427bc07596f01c0d8f68183cbd23ccaeae,-299.0545421488094,True,0.05128763558824099,88.0,100.0,0.08,converged,,bfgs_standard,"[{""ase_converged"": true, ""converged"": true, ""end_geometry_sha256"": ""31c19a63e860be8b279a4caf89aae06b171c6108c3409b1acc1520f6478d1b5f"", ""failure_class"": null, ""max_force_eV_A"": 0.05128763558824099, ""name"": ""bfgs_standard"", ""start_geometry_sha256"": ""80e8580d2d252cff320d2722a6c73f655e1686b98ef5d89e80a9cfbcad0ec682"", ""steps"": 88}]",31c19a63e860be8b279a4caf89aae06b171c6108c3409b1acc1520f6478d1b5f,-1.9067460869252681,True,0.05124520262939838,40.0,100.0,0.08,converged,,bfgs_standard,"[{""ase_converged"": true, ""converged"": true, ""end_geometry_sha256"": ""d9d198410730eff54f93de994502ace1c915acbd126efac5054a84d8a2088f52"", ""failure_class"": null, ""max_force_eV_A"": 0.05124520262939838, ""name"": ""bfgs_standard"", ""start_geometry_sha256"": ""e5c0fc6d6f3eb33dd121f5921568ad883b68f472258b8b7e2ecd2fb46db2dad1"", ""steps"": 40}]",d9d198410730eff54f93de994502ace1c915acbd126efac5054a84d8a2088f52,-1.4588499896227993,True,0.0733532750958868,194.0,100.0,0.08,converged,,bfgs_after_fire,"[{""ase_converged"": false, ""converged"": false, ""end_geometry_sha256"": ""b3476aa41dc1900997883c6a5c99df9c5529ce08c4c0cc017bafc2555bd43279"", ""failure_class"": ""force_threshold"", ""max_force_eV_A"": 0.20449947960283282, ""name"": ""bfgs_standard"", ""start_geometry_sha256"": ""bc8e6e0a28d009f928b4cc7566e0ca66f63b0e584f250989d500bb00f3702c4c"", ""steps"": 100}, {""ase_converged"": false, ""converged"": false, ""end_geometry_sha256"": ""3078caf59a84ab33489e95a239b869cdc80c143ac71d18aad2fe0f8a1ddfe89b"", ""failure_class"": ""force_threshold"", ""max_force_eV_A"": 1.0722140535598526, ""name"": ""fire_precondition"", ""qualifying"": false, ""start_geometry_sha256"": ""bc8e6e0a28d009f928b4cc7566e0ca66f63b0e584f250989d500bb00f3702c4c"", ""steps"": 50}, {""ase_converged"": true, ""converged"": true, ""end_geometry_sha256"": ""ce6d2bb2fd02af9e73319f2a84314e8f8f2be80a395227e4708b4b29e7b27bf5"", ""failure_class"": null, ""max_force_eV_A"": 0.0733532750958868, ""name"": ""bfgs_after_fire"", ""start_geometry_sha256"": ""3078caf59a84ab33489e95a239b869cdc80c143ac71d18aad2fe0f8a1ddfe89b"", ""steps"": 44}]",ce6d2bb2fd02af9e73319f2a84314e8f8f2be80a395227e4708b4b29e7b27bf5,-2.3491464152932418,3.0,step_4_H2O,9.0,-1.8444754346105907,True,3.3655960765480675,0.902500000035,False,quantitative_screening,1,1,1a7046f49bc3716d59f1,False,
"('HEA', ('Cr', 'W', 'Si', 'Sb', 'La'), 'fcc', '211', 1200)",HEA,True,esen-sm-conserving-all-oc25:relax-v4:orr-che-v3,True,0.0761641986175996,64,150,0.08,converged,,bfgs_standard,"[{""ase_converged"": true, ""converged"": true, ""end_geometry_sha256"": ""0afb69c13d0f3fe998305c143529cdac5766899be7ddc24508309765d0d8c7a6"", ""failure_class"": null, ""max_force_eV_A"": 0.0761641986175996, ""name"": ""bfgs_standard"", ""start_geometry_sha256"": ""617e9754472eb59b2ea92be90fae96f1a26b985fd35aa54d76dafb2f69db99d4"", ""steps"": 64}]",0afb69c13d0f3fe998305c143529cdac5766899be7ddc24508309765d0d8c7a6,-182.60324206949258,True,0.0765883081692507,91.0,100.0,0.08,converged,,bfgs_standard,"[{""ase_converged"": true, ""converged"": true, ""end_geometry_sha256"": ""c6a035b9079dd283b1d4f227cd330ef5a0cd9ba43b44291e1c6129cf3f3d8610"", ""failure_class"": null, ""max_force_eV_A"": 0.0765883081692507, ""name"": ""bfgs_standard"", ""start_geometry_sha256"": ""a875233597b4efb47e6b7f6a9a7804bf9489ee31263418875304183792da74a5"", ""steps"": 91}]",c6a035b9079dd283b1d4f227cd330ef5a0cd9ba43b44291e1c6129cf3f3d8610,-2.0996095512807367,True,0.07105654727452988,76.0,100.0,0.08,converged,,bfgs_standard,"[{""ase_converged"": true, ""converged"": true, ""end_geometry_sha256"": ""6833491c05e07fbfc11c06d6a34e378c9c29979bcb7f4b3d52f8537758e350e8"", ""failure_class"": null, ""max_force_eV_A"": 0.07105654727452988, ""name"": ""bfgs_standard"", ""start_geometry_sha256"": ""f37241e6fd8ca48c8c53088c2cd04b9d6eeb7134a9ca639e0fd8f42bd5e942a0"", ""steps"": 76}]",6833491c05e07fbfc11c06d6a34e378c9c29979bcb7f4b3d52f8537758e350e8,-1.7204714648425827,True,0.0668703952757686,274.0,100.0,0.08,converged,,bfgs_after_fire,"[{""ase_converged"": false, ""converged"": false, ""end_geometry_sha256"": ""c038806d5bab88a6002659486b8d20d7aecbaf181af86a030832005e88c0c484"", ""failure_class"": ""force_threshold"", ""max_force_eV_A"": 0.09175910134669626, ""name"": ""bfgs_standard"", ""start_geometry_sha256"": ""b8312516b1132a2cb7cfc05dde9d1383ccf44843342c7b58ad35dac503b8f5ca"", ""steps"": 100}, {""ase_converged"": false, ""converged"": false, ""end_geometry_sha256"": ""a79032aab48ac97910aee85f72a73104cfe77421265abf9e04a6042dfea61f76"", ""failure_class"": ""force_threshold"", ""max_force_eV_A"": 1.683272494625223, ""name"": ""fire_precondition"", ""qualifying"": false, ""start_geometry_sha256"": ""b8312516b1132a2cb7cfc05dde9d1383ccf44843342c7b58ad35dac503b8f5ca"", ""steps"": 50}, {""ase_converged"": true, ""converged"": true, ""end_geometry_sha256"": ""7dc7cfe4d2635884aced05695021bbf14452593939ceaf9e881aec7881e6cdac"", ""failure_class"": null, ""max_force_eV_A"": 0.0668703952757686, ""name"": ""bfgs_after_fire"", ""start_geometry_sha256"": ""a79032aab48ac97910aee85f72a73104cfe77421265abf9e04a6042dfea61f76"", ""steps"": 124}]",7dc7cfe4d2635884aced05695021bbf14452593939ceaf9e881aec7881e6cdac,-0.7927384868263878,3.0,step_4_H2O,9.0,0.0,True,3.8200810161233196,0.8685081580424162,False,quantitative_screening,2,2,e170485dd961887574b3,False,
"('Spinel', 'Co', 'Al', 'Mo', 'nanosheet', 'none')",Spinel,True,esen-sm-conserving-all-oc25:relax-v4:orr-che-v3,True,0.07107789031756508,148,150,0.08,converged,,bfgs_standard,"[{""ase_converged"": true, ""converged"": true, ""end_geometry_sha256"": ""0115a24ad497be86c5465852218c3f77f5befb486d731ed5c6e7197cb31378ca"", ""failure_class"": null, ""max_force_eV_A"": 0.07107789031756508, ""name"": ""bfgs_standard"", ""start_geometry_sha256"": ""c5411b4375a40d22545cc365c790302259595a26208f1716a9f468fed1b5bdd2"", ""steps"": 148}]",0115a24ad497be86c5465852218c3f77f5befb486d731ed5c6e7197cb31378ca,-363.7985062452074,True,0.0697700771884757,59.0,100.0,0.08,converged,,bfgs_standard,"[{""ase_converged"": true, ""converged"": true, ""end_geometry_sha256"": ""389247f9a0907ec2aadcefee2fc9757e95f43c6a04320f3fcabd8a2d7279ef6e"", ""failure_class"": null, ""max_force_eV_A"": 0.0697700771884757, ""name"": ""bfgs_standard"", ""start_geometry_sha256"": ""78981e39942113c6784c9ed0c57c6f9475e5ee29a24b865b5a26224952188a90"", ""steps"": 59}]",389247f9a0907ec2aadcefee2fc9757e95f43c6a04320f3fcabd8a2d7279ef6e,-0.49080103382468226,True,0.07160448200745317,259.0,100.0,0.08,converged,,bfgs_after_fire,"[{""ase_converged"": false, ""converged"": false, ""end_geometry_sha256"": ""2da060b063baba2d0da04b7d82570d4bb4e3bebf56fcee81ae16ba8ac90a7721"", ""failure_class"": ""force_threshold"", ""max_force_eV_A"": 0.15754582976480444, ""name"": ""bfgs_standard"", ""start_geometry_sha256"": ""cec85271dd3032006496474678e8d51a24aa8b8e198a0253cb8457f75d1bd3a6"", ""steps"": 100}, {""ase_converged"": false, ""converged"": false, ""end_geometry_sha256"": ""87716e8208c89d2baee601b5c53b572a942a3665671ded8cfd9993be607c34a7"", ""failure_class"": ""force_threshold"", ""max_force_eV_A"": 0.34395193209261415, ""name"": ""fire_precondition"", ""qualifying"": false, ""start_geometry_sha256"": ""cec85271dd3032006496474678e8d51a24aa8b8e198a0253cb8457f75d1bd3a6"", ""steps"": 50}, {""ase_converged"": true, ""converged"": true, ""end_geometry_sha256"": ""daf1cbb64bd970612d8fbb716385c89d63f8c15900224ec4fef6eb68deff9871"", ""failure_class"": null, ""max_force_eV_A"": 0.07160448200745317, ""name"": ""bfgs_after_fire"", ""start_geometry_sha256"": ""87716e8208c89d2baee601b5c53b572a942a3665671ded8cfd9993be607c34a7"", ""steps"": 109}]",daf1cbb64bd970612d8fbb716385c89d63f8c15900224ec4fef6eb68deff9871,-0.5197172991931118,True,0.07703038760091556,45.0,100.0,0.08,converged,,bfgs_standard,"[{""ase_converged"": true, ""converged"": true, ""end_geometry_sha256"": ""0262ebd4fe957dc0aef2a381b5c103d693081ef0b9f96a519d12df20013ed8fe"", ""failure_class"": null, ""max_force_eV_A"": 0.07703038760091556, ""name"": ""bfgs_standard"", ""start_geometry_sha256"": ""91c3e98ac1f5758898e9f63fd0c251229e33d70c64807a199e9c909ed470da49"", ""steps"": 45}]",0262ebd4fe957dc0aef2a381b5c103d693081ef0b9f96a519d12df20013ed8fe,2.914740990102266,1.7198010338246823,step_4_H2O,9.0,0.0,True,1.010518333017794,0.740000000035,False,quantitative_screening,1,1,71b9211a2a71474a6779,False,
"('Spinel', 'Co', 'Al', 'None', 'nanorod', 'none')",Spinel,True,esen-sm-conserving-all-oc25:relax-v4:orr-che-v3,True,0.07681810887315277,123,150,0.08,converged,,bfgs_standard,"[{""ase_converged"": true, ""converged"": true, ""end_geometry_sha256"": ""ab80d85969a1c80e36c3fbd509a4d3488ee3b984a20b5ec95f5c88723ae09705"", ""failure_class"": null, ""max_force_eV_A"": 0.07681810887315277, ""name"": ""bfgs_standard"", ""start_geometry_sha256"": ""bbfe23275b2d95e0e01275981285c4adde738e0f1df65a28f5f34bb73a81123a"", ""steps"": 123}]",ab80d85969a1c80e36c3fbd509a4d3488ee3b984a20b5ec95f5c88723ae09705,-352.58529549036734,True,0.0783298794475405,53.0,100.0,0.08,converged,,bfgs_standard,"[{""ase_converged"": true, ""converged"": true, ""end_geometry_sha256"": ""b79a3e6cd1d00bcfc70ba7422c1ae56bb56f0897d30ec1a2fc72c90f9b049e37"", ""failure_class"": null, ""max_force_eV_A"": 0.0783298794475405, ""name"": ""bfgs_standard"", ""start_geometry_sha256"": ""292941cb476b109e799672456fe4143de9a3b4dffb0d3643ecd127d359f5588e"", ""steps"": 53}]",b79a3e6cd1d00bcfc70ba7422c1ae56bb56f0897d30ec1a2fc72c90f9b049e37,0.5121420051157475,True,0.07299913043608235,87.0,100.0,0.08,converged,,bfgs_standard,"[{""ase_converged"": true, ""converged"": true, ""end_geometry_sha256"": ""4d778abb80288fcdeeb75e010de8ed3d886e32ee8ee9bd51f68a8f99d50f0b42"", ""failure_class"": null, ""max_force_eV_A"": 0.07299913043608235, ""name"": ""bfgs_standard"", ""start_geometry_sha256"": ""b2a74e597acda712caced306b1d087b1fa2dbb739b36256de8346edcf1d60da9"", ""steps"": 87}]",4d778abb80288fcdeeb75e010de8ed3d886e32ee8ee9bd51f68a8f99d50f0b42,1.305655396729683,True,0.07197143725925483,86.0,100.0,0.08,converged,,bfgs_standard,"[{""ase_converged"": true, ""converged"": true, ""end_geometry_sha256"": ""cf14d030cbbc20aa380d8900a67f877d336bf2bac219e4bc9c47346d315ec72f"", ""failure_class"": null, ""max_force_eV_A"": 0.07197143725925483, ""name"": ""bfgs_standard"", ""start_geometry_sha256"": ""4825a38ff31ef09c4f3267a04e0899635eec8c39eed7b0f1e2f3b1f527fa087e"", ""steps"": 86}]",cf14d030cbbc20aa380d8900a67f877d336bf2bac219e4bc9c47346d315ec72f,3.484607170522188,0.7168579948842526,step_4_H2O,9.0,0.0,True,1.8177974018454304,0.740000000035,False,quantitative_screening,0,0,27f2c5ec120026f59b2c,False,
"('Spinel', 'Co', 'Ti', 'La', 'nanoparticle', 'N-CNT')",Spinel,True,esen-sm-conserving-all-oc25:relax-v4:orr-che-v3,True,0.07914742788125866,431,150,0.08,converged,,bfgs_after_fire,"[{""ase_converged"": false, ""converged"": false, ""end_geometry_sha256"": ""064bb5386e2d53c977488b85566f690ab7099e93bcf14bb04811b168f394eb8c"", ""failure_class"": ""force_threshold"", ""max_force_eV_A"": 0.20410271040643935, ""name"": ""bfgs_standard"", ""start_geometry_sha256"": ""5b2adf2f26e61ac350929bf3c9cce89a88ce7adab78dfdeb75e3c7fa1b1147b4"", ""steps"": 150}, {""ase_converged"": false, ""converged"": false, ""end_geometry_sha256"": ""3f5f43afad0c21a70e66a35b7ab2f8f89fd3e44d31674be78b8e6170ade35f71"", ""failure_class"": ""force_threshold"", ""max_force_eV_A"": 1.0808661953666472, ""name"": ""fire_precondition"", ""qualifying"": false, ""start_geometry_sha256"": ""5b2adf2f26e61ac350929bf3c9cce89a88ce7adab78dfdeb75e3c7fa1b1147b4"", ""steps"": 75}, {""ase_converged"": true, ""converged"": true, ""end_geometry_sha256"": ""465161afbbe5a6d5a205af4a55f89a68d28735aa69489ca893c8484c6abe362c"", ""failure_class"": null, ""max_force_eV_A"": 0.07914742788125866, ""name"": ""bfgs_after_fire"", ""start_geometry_sha256"": ""3f5f43afad0c21a70e66a35b7ab2f8f89fd3e44d31674be78b8e6170ade35f71"", ""steps"": 206}]",465161afbbe5a6d5a205af4a55f89a68d28735aa69489ca893c8484c6abe362c,-434.9507523619173,True,0.05527003456736552,79.0,100.0,0.08,converged,,bfgs_standard,"[{""ase_converged"": true, ""converged"": true, ""end_geometry_sha256"": ""ba5029b3957a1e2b9c8398ba875a139fb3e09d536160849b6d6624e69f53fe7f"", ""failure_class"": null, ""max_force_eV_A"": 0.05527003456736552, ""name"": ""bfgs_standard"", ""start_geometry_sha256"": ""c1cd60912e5f8c4c687a863b92e578909c0de2b9bc0179fd7cc82ac6dd5fa3d3"", ""steps"": 79}]",ba5029b3957a1e2b9c8398ba875a139fb3e09d536160849b6d6624e69f53fe7f,-0.7920257423818111,True,0.07649751333908965,358.0,100.0,0.08,converged,,fire_small_step,"[{""ase_converged"": false, ""converged"": false, ""end_geometry_sha256"": ""c065aa794d36457f7354f18824e5e69cab2db76d8c5358010414466628aa9618"", ""failure_class"": ""force_threshold"", ""max_force_eV_A"": 0.11137391199974982, ""name"": ""bfgs_standard"", ""start_geometry_sha256"": ""e8d27cf8f2c52f45a1839f3a52cea56039002e826bbbd02a23a183046b17eb1e"", ""steps"": 100}, {""ase_converged"": false, ""converged"": false, ""end_geometry_sha256"": ""b3f7665e69286cb4926dafb208a2b68730c60388007461f9acac865deb71e3e3"", ""failure_class"": ""force_threshold"", ""max_force_eV_A"": 0.6975650157980251, ""name"": ""fire_precondition"", ""qualifying"": false, ""start_geometry_sha256"": ""e8d27cf8f2c52f45a1839f3a52cea56039002e826bbbd02a23a183046b17eb1e"", ""steps"": 50}, {""ase_converged"": false, ""converged"": false, ""end_geometry_sha256"": ""063bdacb9e4c19d12a45dada82b69de28f56dea33aec75079b1a2b2c1e7bd3d7"", ""failure_class"": ""force_threshold"", ""max_force_eV_A"": 0.5058462295983698, ""name"": ""bfgs_after_fire"", ""start_geometry_sha256"": ""b3f7665e69286cb4926dafb208a2b68730c60388007461f9acac865deb71e3e3"", ""steps"": 200}, {""ase_converged"": true, ""converged"": true, ""end_geometry_sha256"": ""bb00da48918e05341ca236ecaa5bdd174c81d7926031579aa8eabb9d56767a35"", ""failure_class"": null, ""max_force_eV_A"": 0.07649751333908965, ""name"": ""fire_small_step"", ""start_geometry_sha256"": ""c065aa794d36457f7354f18824e5e69cab2db76d8c5358010414466628aa9618"", ""steps"": 8}]",bb00da48918e05341ca236ecaa5bdd174c81d7926031579aa8eabb9d56767a35,-1.1289893023669968,True,0.07096397618985621,51.0,100.0,0.08,converged,,bfgs_standard,"[{""ase_converged"": true, ""converged"": true, ""end_geometry_sha256"": ""568a51ebec52e6aaecb272100866eccfe94c5a897e39907ca987036126af85f0"", ""failure_class"": null, ""max_force_eV_A"": 0.07096397618985621, ""name"": ""bfgs_standard"", ""start_geometry_sha256"": ""771edbd40ce765b3e2279822164dc580d0c2fa71bcd26f34d133bb5efb006326"", ""steps"": 51}]",568a51ebec52e6aaecb272100866eccfe94c5a897e39907ca987036126af85f0,1.8507608875632036,2.021025742381811,step_4_H2O,9.0,0.0,True,1.921015044748808,0.6852014328916924,False,quantitative_screening,2,2,181f0fee645e31d60a54,False,
"('Spinel', 'Co', 'Ti', 'La', 'mesoporous', 'N-graphene')",Spinel,True,esen-sm-conserving-all-oc25:relax-v4:orr-che-v3,True,0.06505975078766686,377,150,0.08,converged,,bfgs_after_fire,"[{""ase_converged"": false, ""converged"": false, ""end_geometry_sha256"": ""f03a935a761bbbf6c210c65e33478507d2b10564380a7c11c1e3fdf6bd56b6f6"", ""failure_class"": ""force_threshold"", ""max_force_eV_A"": 0.23541378889142453, ""name"": ""bfgs_standard"", ""start_geometry_sha256"": ""25ba1676f2dec01c9222f76041005111eb5503d2af25638c5a9eec65d9086f96"", ""steps"": 150}, {""ase_converged"": false, ""converged"": false, ""end_geometry_sha256"": ""8ed67a9e968ff268c5b2b687bb7ba7bfea3da7fc0756ad559f17911849543632"", ""failure_class"": ""force_threshold"", ""max_force_eV_A"": 0.9083895812608404, ""name"": ""fire_precondition"", ""qualifying"": false, ""start_geometry_sha256"": ""25ba1676f2dec01c9222f76041005111eb5503d2af25638c5a9eec65d9086f96"", ""steps"": 75}, {""ase_converged"": true, ""converged"": true, ""end_geometry_sha256"": ""690e8b3652c64e148509efd0558fb10f9c6f176ab6e24d5f801e03ad4ad5999a"", ""failure_class"": null, ""max_force_eV_A"": 0.06505975078766686, ""name"": ""bfgs_after_fire"", ""start_geometry_sha256"": ""8ed67a9e968ff268c5b2b687bb7ba7bfea3da7fc0756ad559f17911849543632"", ""steps"": 152}]",690e8b3652c64e148509efd0558fb10f9c6f176ab6e24d5f801e03ad4ad5999a,-421.1117009404866,True,0.07503711620786516,100.0,100.0,0.08,converged,,bfgs_standard,"[{""ase_converged"": true, ""converged"": true, ""end_geometry_sha256"": ""d0cadaa14d5180bf695f47a38dd31889c032547d1dc35478424486c0680377eb"", ""failure_class"": null, ""max_force_eV_A"": 0.07503711620786516, ""name"": ""bfgs_standard"", ""start_geometry_sha256"": ""246203e5b517a0db39bac940f120acc4522575dfcdb014ab8fe045f8d7ef7e96"", ""steps"": 100}]",d0cadaa14d5180bf695f47a38dd31889c032547d1dc35478424486c0680377eb,-2.20968073353177,True,0.07319159014523278,277.0,100.0,0.08,converged,,bfgs_after_fire,"[{""ase_converged"": false, ""converged"": false, ""end_geometry_sha256"": ""a869fdc9ce63fb7fdbefda44e05b538d1e5243c6c613df83375024fb8f155649"", ""failure_class"": ""force_threshold"", ""max_force_eV_A"": 0.22807464356059132, ""name"": ""bfgs_standard"", ""start_geometry_sha256"": ""9fa3f1ba4b5317e68471f032ebb46e9be8166f7b86a148cd5a1c8f51c4cc6b08"", ""steps"": 100}, {""ase_converged"": false, ""converged"": false, ""end_geometry_sha256"": ""8507618925c7a569883ebd481d57379833748465a62a580e2e0015750e2bbb29"", ""failure_class"": ""force_threshold"", ""max_force_eV_A"": 0.8413307371874056, ""name"": ""fire_precondition"", ""qualifying"": false, ""start_geometry_sha256"": ""9fa3f1ba4b5317e68471f032ebb46e9be8166f7b86a148cd5a1c8f51c4cc6b08"", ""steps"": 50}, {""ase_converged"": true, ""converged"": true, ""end_geometry_sha256"": ""7ba7ddb38431ccb40cbec83618de06bfa0b73c4288f92607eb8e8134e55ebb96"", ""failure_class"": null, ""max_force_eV_A"": 0.07319159014523278, ""name"": ""bfgs_after_fire"", ""start_geometry_sha256"": ""8507618925c7a569883ebd481d57379833748465a62a580e2e0015750e2bbb29"", ""steps"": 127}]",7ba7ddb38431ccb40cbec83618de06bfa0b73c4288f92607eb8e8134e55ebb96,-4.1293240420521125,True,0.0788756469655275,167.0,100.0,0.08,converged,,bfgs_after_fire,"[{""ase_converged"": false, ""converged"": false, ""end_geometry_sha256"": ""282b464f8560ece36d0ebcb4ed194599bc9ac2202768f63eeb338d129e1d1a73"", ""failure_class"": ""force_threshold"", ""max_force_eV_A"": 1.1644152482969095, ""name"": ""bfgs_standard"", ""start_geometry_sha256"": ""d5afddc17c81909bd8f85a343217c3e52bc154a1e9ea45bf29bc0c410b9bc5e3"", ""steps"": 100}, {""ase_converged"": true, ""converged"": true, ""end_geometry_sha256"": ""075cc58c0f4cde17895a5e4bf6c64bbcfeef639b58181c9089a2239c7abdb0ca"", ""failure_class"": null, ""max_force_eV_A"": 0.24565756659409882, ""name"": ""fire_precondition"", ""qualifying"": false, ""start_geometry_sha256"": ""d5afddc17c81909bd8f85a343217c3e52bc154a1e9ea45bf29bc0c410b9bc5e3"", ""steps"": 50}, {""ase_converged"": true, ""converged"": true, ""end_geometry_sha256"": ""698a75107cd885f42a5ba3e91b32ca753342edd28c9089aa869b2ac37dccab0c"", ""failure_class"": null, ""max_force_eV_A"": 0.0788756469655275, ""name"": ""bfgs_after_fire"", ""start_geometry_sha256"": ""075cc58c0f4cde17895a5e4bf6c64bbcfeef639b58181c9089a2239c7abdb0ca"", ""steps"": 17}]",698a75107cd885f42a5ba3e91b32ca753342edd28c9089aa869b2ac37dccab0c,2.4069790348410356,3.0,step_4_H2O,9.0,0.0,True,6.3390047755838825,0.6852014328916924,False,quantitative_screening,0,0,548bad6294a07751adce,False,
"('Spinel', 'Co', 'Ti', 'Nb', 'hollow_sphere', 'N-CNT')",Spinel,False,esen-sm-conserving-all-oc25:relax-v4:orr-che-v3,True,0.0769624912110908,414,150,0.08,converged,,bfgs_after_fire,"[{""ase_converged"": false, ""converged"": false, ""end_geometry_sha256"": ""87e4f984fe1dec9988e54633cbe22069b58247f965680d9cbf6615fb300d1e3b"", ""failure_class"": ""force_threshold"", ""max_force_eV_A"": 0.27733425732541805, ""name"": ""bfgs_standard"", ""start_geometry_sha256"": ""3f8ce6b6798143756c02b1e6b57ee4161b8a0381344d3b8bd15cfb59de57b776"", ""steps"": 150}, {""ase_converged"": false, ""converged"": false, ""end_geometry_sha256"": ""91128f0f4496adf0fca40d52bb9119a3780373457fc2be1e55ca52b6e711051b"", ""failure_class"": ""force_threshold"", ""max_force_eV_A"": 0.9560994531151652, ""name"": ""fire_precondition"", ""qualifying"": false, ""start_geometry_sha256"": ""3f8ce6b6798143756c02b1e6b57ee4161b8a0381344d3b8bd15cfb59de57b776"", ""steps"": 75}, {""ase_converged"": true, ""converged"": true, ""end_geometry_sha256"": ""dce9ce8480503f33df2ece8adb84820bf12a6b969e41d8542ac2790ab9bae0fd"", ""failure_class"": null, ""max_force_eV_A"": 0.0769624912110908, ""name"": ""bfgs_after_fire"", ""start_geometry_sha256"": ""91128f0f4496adf0fca40d52bb9119a3780373457fc2be1e55ca52b6e711051b"", ""steps"": 189}]",dce9ce8480503f33df2ece8adb84820bf12a6b969e41d8542ac2790ab9bae0fd,-435.35884962540285,False,,0.0,100.0,0.08,invalid_initial_geometry,atomic_overlap,none,[],0266c949fedc453acf4edc125ad42419ffd271519097c60e7934417342a4d866,,,,,,,,,,,,,,,,,,,,,,,,,,,,,,,True,validation_required,1,1,5e0cab04725a6cb9fbd4,False,Invalid oh initial geometry: atomic_overlap
"('Spinel', 'Co', 'Ti', 'W', 'nanosheet', 'none')",Spinel,True,esen-sm-conserving-all-oc25:relax-v4:orr-che-v3,True,0.07426030415953794,355,150,0.08,converged,,bfgs_after_fire,"[{""ase_converged"": false, ""converged"": false, ""end_geometry_sha256"": ""3cb52a1bb9279e4b9dc8cc80c0bab899ceb75bf0718b3f2155b6e81c8a238653"", ""failure_class"": ""force_threshold"", ""max_force_eV_A"": 0.1574814141036058, ""name"": ""bfgs_standard"", ""start_geometry_sha256"": ""26491b84bbd894fd6ad162fc605f179a3c4daecf7ab0e910b2cba88dc1547d32"", ""steps"": 150}, {""ase_converged"": false, ""converged"": false, ""end_geometry_sha256"": ""44c7a4cd8d119b79dae15f1840585e9d1d12c4a0b93842b93f26da847cc6b65b"", ""failure_class"": ""force_threshold"", ""max_force_eV_A"": 0.7990830547403642, ""name"": ""fire_precondition"", ""qualifying"": false, ""start_geometry_sha256"": ""26491b84bbd894fd6ad162fc605f179a3c4daecf7ab0e910b2cba88dc1547d32"", ""steps"": 75}, {""ase_converged"": true, ""converged"": true, ""end_geometry_sha256"": ""ef9084bfb71af6d7e16ea16b50dcd7bb541283b68296ff0bd8b9bd5ab47f8451"", ""failure_class"": null, ""max_force_eV_A"": 0.07426030415953794, ""name"": ""bfgs_after_fire"", ""start_geometry_sha256"": ""44c7a4cd8d119b79dae15f1840585e9d1d12c4a0b93842b93f26da847cc6b65b"", ""steps"": 130}]",ef9084bfb71af6d7e16ea16b50dcd7bb541283b68296ff0bd8b9bd5ab47f8451,-438.3935807351731,True,0.07958383450808869,58.0,100.0,0.08,converged,,bfgs_standard,"[{""ase_converged"": true, ""converged"": true, ""end_geometry_sha256"": ""74a7d78b8aebdc625b3cd5f40dbae5528a66c443145a84bd7cc525cd4aed3096"", ""failure_class"": null, ""max_force_eV_A"": 0.07958383450808869, ""name"": ""bfgs_standard"", ""start_geometry_sha256"": ""dca325bd24b0e9521d4e72a8227756a56ed952ebaa387aef9a954f1df9c05f85"", ""steps"": 58}]",74a7d78b8aebdc625b3cd5f40dbae5528a66c443145a84bd7cc525cd4aed3096,-0.19009130939841273,True,0.07707301085873909,41.0,100.0,0.08,converged,,bfgs_standard,"[{""ase_converged"": true, ""converged"": true, ""end_geometry_sha256"": ""fd34fa4539090211261375723f0c72a58223610061618d56b7ac50bf6c2ba037"", ""failure_class"": null, ""max_force_eV_A"": 0.07707301085873909, ""name"": ""bfgs_standard"", ""start_geometry_sha256"": ""2baf1eb312bda43326c14561505fa9327cfbecb48097972b4685e25ac3ac6bb9"", ""steps"": 41}]",fd34fa4539090211261375723f0c72a58223610061618d56b7ac50bf6c2ba037,-0.15336235687133454,True,0.06785209750041717,62.0,100.0,0.08,converged,,bfgs_standard,"[{""ase_converged"": true, ""converged"": true, ""end_geometry_sha256"": ""ced385c1426fe8b457cd960bea2a45ed2129793ff6992fa06323306ae0ea59cd"", ""failure_class"": null, ""max_force_eV_A"": 0.06785209750041717, ""name"": ""bfgs_standard"", ""start_geometry_sha256"": ""afa5bc26ecf628a555373739af1cb012009e6094d9519967adfc71dc906391f6"", ""steps"": 62}]",ced385c1426fe8b457cd960bea2a45ed2129793ff6992fa06323306ae0ea59cd,3.233872841298555,1.4190913093984128,step_4_H2O,9.0,0.0,True,0.34345366626974727,0.740000000035,False,quantitative_screening,1,1,987ec28469d1de9dcef1,False,
"('Spinel', 'Co', 'V', 'Ce', 'nanorod', 'none')",Spinel,True,esen-sm-conserving-all-oc25:relax-v4:orr-che-v3,True,0.0769374530619174,354,150,0.08,converged,,bfgs_after_fire,"[{""ase_converged"": false, ""converged"": false, ""end_geometry_sha256"": ""975731a05f5a8cc916d84d912d8884807e8d53a5c5a2625853637c90a1586c46"", ""failure_class"": ""force_threshold"", ""max_force_eV_A"": 0.1236910397578905, ""name"": ""bfgs_standard"", ""start_geometry_sha256"": ""ad0a2fcbcd963efa13e2b635da105f3cc976796f70af241fc003d7a59a6370c4"", ""steps"": 150}, {""ase_converged"": false, ""converged"": false, ""end_geometry_sha256"": ""796a0c9736d1fb41bc0741426424382dbe20c15da3e8807766c0388f945405e3"", ""failure_class"": ""force_threshold"", ""max_force_eV_A"": 0.9756879288076757, ""name"": ""fire_precondition"", ""qualifying"": false, ""start_geometry_sha256"": ""ad0a2fcbcd963efa13e2b635da105f3cc976796f70af241fc003d7a59a6370c4"", ""steps"": 75}, {""ase_converged"": true, ""converged"": true, ""end_geometry_sha256"": ""25e2eb1d773579e83fe6879de147ba957acbb590ec0165a7f2dece1de5448b39"", ""failure_class"": null, ""max_force_eV_A"": 0.0769374530619174, ""name"": ""bfgs_after_fire"", ""start_geometry_sha256"": ""796a0c9736d1fb41bc0741426424382dbe20c15da3e8807766c0388f945405e3"", ""steps"": 129}]",25e2eb1d773579e83fe6879de147ba957acbb590ec0165a7f2dece1de5448b39,-416.6156466614219,True,0.07880953503192345,268.0,100.0,0.08,converged,,bfgs_after_fire,"[{""ase_converged"": false, ""converged"": false, ""end_geometry_sha256"": ""3ca676268aa63bfdb29682aec90bba93e4d20f15b8c9cad507d71d345e0c9933"", ""failure_class"": ""force_threshold"", ""max_force_eV_A"": 1.3937744608849472, ""name"": ""bfgs_standard"", ""start_geometry_sha256"": ""98e65bf3f714e56e21310dec0a3eb6f6bf85f4acfac48b5446ad779978f33274"", ""steps"": 100}, {""ase_converged"": false, ""converged"": false, ""end_geometry_sha256"": ""c1570c1192fbc415cd453866200da059678b3121c67a62490dac8f33e368ebde"", ""failure_class"": ""force_threshold"", ""max_force_eV_A"": 0.9195225181539106, ""name"": ""fire_precondition"", ""qualifying"": false, ""start_geometry_sha256"": ""98e65bf3f714e56e21310dec0a3eb6f6bf85f4acfac48b5446ad779978f33274"", ""steps"": 50}, {""ase_converged"": true, ""converged"": true, ""end_geometry_sha256"": ""bf1d44a8ab36cc07925d76a153726fcda434bd28e7e80dc163e973e1c8e5b1fa"", ""failure_class"": null, ""max_force_eV_A"": 0.07880953503192345, ""name"": ""bfgs_after_fire"", ""start_geometry_sha256"": ""c1570c1192fbc415cd453866200da059678b3121c67a62490dac8f33e368ebde"", ""steps"": 118}]",bf1d44a8ab36cc07925d76a153726fcda434bd28e7e80dc163e973e1c8e5b1fa,-2.7733822439610956,True,0.07204079094462525,33.0,100.0,0.08,converged,,bfgs_standard,"[{""ase_converged"": true, ""converged"": true, ""end_geometry_sha256"": ""9503f9135dbe109565e54d0a771d308769956afd6a1777e038a106e7225106ee"", ""failure_class"": null, ""max_force_eV_A"": 0.07204079094462525, ""name"": ""bfgs_standard"", ""start_geometry_sha256"": ""e01032aea69fe4e7e86c6df62fd9553217e413a499aabf3e4b4729ac9221fe09"", ""steps"": 33}]",9503f9135dbe109565e54d0a771d308769956afd6a1777e038a106e7225106ee,-1.6174696169793854,True,0.07432752220665008,77.0,100.0,0.08,converged,,bfgs_standard,"[{""ase_converged"": true, ""converged"": true, ""end_geometry_sha256"": ""1804534cd999f300badb72ee0bacd56787cbf2245c37b3cce29f1c7581a504fa"", ""failure_class"": null, ""max_force_eV_A"": 0.07432752220665008, ""name"": ""bfgs_standard"", ""start_geometry_sha256"": ""8ef350cd155b4e88755c515e843f740f131e11fbe79be5434ffc0142d6105e30"", ""steps"": 77}]",1804534cd999f300badb72ee0bacd56787cbf2245c37b3cce29f1c7581a504fa,-2.814000655710722,3.0,step_4_H2O,8.0,0.0,True,4.390851860940481,0.6852014328916924,False,quantitative_screening,2,2,3629ffc1a8ae1e34e3ab,False,
"('Spinel', 'Co', 'V', 'Y', 'nanoparticle', 'N-CNT')",Spinel,True,esen-sm-conserving-all-oc25:relax-v4:orr-che-v3,True,0.07433980302260514,347,150,0.08,converged,,bfgs_after_fire,"[{""ase_converged"": false, ""converged"": false, ""end_geometry_sha256"": ""965a295e3d3bc0a721c812ae39aaa0d16611ea07d10c250d14aedaa81ebca55e"", ""failure_class"": ""force_threshold"", ""max_force_eV_A"": 0.1630626550505061, ""name"": ""bfgs_standard"", ""start_geometry_sha256"": ""43ad52bb110566be58627b6aaedca66f19b3541139ada04916b0e2a5d7aa7d37"", ""steps"": 150}, {""ase_converged"": false, ""converged"": false, ""end_geometry_sha256"": ""b6f4dcdb46b37383329333d0134931402926adf04f12abe497a1b025bd4a6659"", ""failure_class"": ""force_threshold"", ""max_force_eV_A"": 1.2445933167935364, ""name"": ""fire_precondition"", ""qualifying"": false, ""start_geometry_sha256"": ""43ad52bb110566be58627b6aaedca66f19b3541139ada04916b0e2a5d7aa7d37"", ""steps"": 75}, {""ase_converged"": true, ""converged"": true, ""end_geometry_sha256"": ""d85c0da98c21babd09d3d44edf0864ca4340e9d6b2e375464ae2f21139388c71"", ""failure_class"": null, ""max_force_eV_A"": 0.07433980302260514, ""name"": ""bfgs_after_fire"", ""start_geometry_sha256"": ""b6f4dcdb46b37383329333d0134931402926adf04f12abe497a1b025bd4a6659"", ""steps"": 122}]",d85c0da98c21babd09d3d44edf0864ca4340e9d6b2e375464ae2f21139388c71,-425.36031343308684,True,0.07309195468071793,72.0,100.0,0.08,converged,,bfgs_standard,"[{""ase_converged"": true, ""converged"": true, ""end_geometry_sha256"": ""e996b2349712df81e75a2567304afb2a9aac092ca7776bcef7a7f5fb54a8d107"", ""failure_class"": null, ""max_force_eV_A"": 0.07309195468071793, ""name"": ""bfgs_standard"", ""start_geometry_sha256"": ""05a339a6e17dd28d72039be0c0fa5375c86061e87415d9eaa2b3b2aada027c2e"", ""steps"": 72}]",e996b2349712df81e75a2567304afb2a9aac092ca7776bcef7a7f5fb54a8d107,-0.8698145721852779,True,0.07859721951325128,229.0,100.0,0.08,converged,,bfgs_after_fire,"[{""ase_converged"": false, ""converged"": false, ""end_geometry_sha256"": ""34a83bb980f586b3667e9f83af2365dcd1faa17e80b4dde3b06f06948caa841a"", ""failure_class"": ""force_threshold"", ""max_force_eV_A"": 0.09590735251180163, ""name"": ""bfgs_standard"", ""start_geometry_sha256"": ""2b603013ea84beae5b0660d2c5d19f0d5e7a98d088038cd0f04c6a736b39f079"", ""steps"": 100}, {""ase_converged"": false, ""converged"": false, ""end_geometry_sha256"": ""3b4cacac9126ac2e3b780cb9d5c6d434a58a9e3ce18164572bf344c7a124dcc8"", ""failure_class"": ""force_threshold"", ""max_force_eV_A"": 1.206913389515536, ""name"": ""fire_precondition"", ""qualifying"": false, ""start_geometry_sha256"": ""2b603013ea84beae5b0660d2c5d19f0d5e7a98d088038cd0f04c6a736b39f079"", ""steps"": 50}, {""ase_converged"": true, ""converged"": true, ""end_geometry_sha256"": ""439b6c1973fcd826c02d7efc7411976a420b56c2c0d0f7c7fb0e1316cd8db172"", ""failure_class"": null, ""max_force_eV_A"": 0.07859721951325128, ""name"": ""bfgs_after_fire"", ""start_geometry_sha256"": ""3b4cacac9126ac2e3b780cb9d5c6d434a58a9e3ce18164572bf344c7a124dcc8"", ""steps"": 79}]",439b6c1973fcd826c02d7efc7411976a420b56c2c0d0f7c7fb0e1316cd8db172,-3.7276767127216113,True,0.07031659564209732,357.0,100.0,0.08,converged,,fire_small_step,"[{""ase_converged"": false, ""converged"": false, ""end_geometry_sha256"": ""ce79832eb39ccf80075a222d75a625af0c61845dda64e5b8903fc05eadc8eec2"", ""failure_class"": ""force_threshold"", ""max_force_eV_A"": 0.6224026984153254, ""name"": ""bfgs_standard"", ""start_geometry_sha256"": ""0a984d21d071e6a4c89c7408f3d815d9e3ec18ce0a5408562333e9b574a28809"", ""steps"": 100}, {""ase_converged"": true, ""converged"": true, ""end_geometry_sha256"": ""5c906ca27128b5429f88ccb1edfdfb8b4dc87c38ea37fd7ecedfa4b57ae677c4"", ""failure_class"": null, ""max_force_eV_A"": 0.21936442121449756, ""name"": ""fire_precondition"", ""qualifying"": false, ""start_geometry_sha256"": ""0a984d21d071e6a4c89c7408f3d815d9e3ec18ce0a5408562333e9b574a28809"", ""steps"": 38}, {""ase_converged"": false, ""converged"": false, ""end_geometry_sha256"": ""6043727cf8c6910f531ef05386b901dc1e9b0eb515907bd69ee44eb3d3837d07"", ""failure_class"": ""force_threshold"", ""max_force_eV_A"": 0.19329558516769454, ""name"": ""bfgs_after_fire"", ""start_geometry_sha256"": ""5c906ca27128b5429f88ccb1edfdfb8b4dc87c38ea37fd7ecedfa4b57ae677c4"", ""steps"": 200}, {""ase_converged"": true, ""converged"": true, ""end_geometry_sha256"": ""2b5800fba4a2b1c02ea00ad14b919aee4422351b52f639f8c2ac6b7e33f417b1"", ""failure_class"": null, ""max_force_eV_A"": 0.07031659564209732, ""name"": ""fire_small_step"", ""start_geometry_sha256"": ""6043727cf8c6910f531ef05386b901dc1e9b0eb515907bd69ee44eb3d3837d07"", ""steps"": 19}]",2b5800fba4a2b1c02ea00ad14b919aee4422351b52f639f8c2ac6b7e33f417b1,-4.5288019075989965,3.0,step_3_OH,8.0,0.0,True,4.597491284906889,0.740000000035,False,quantitative_screening,0,0,452fa5a5547e1e43170b,False,
"('Spinel', 'Co', 'V', 'Y', 'mesoporous', 'N-graphene')",Spinel,True,esen-sm-conserving-all-oc25:relax-v4:orr-che-v3,True,0.07448679643577212,369,150,0.08,converged,,bfgs_after_fire,"[{""ase_converged"": false, ""converged"": false, ""end_geometry_sha256"": ""73dad39deb895df9230c1f687c21d141076a0c5ee275e246f8aa6910ceb10bc9"", ""failure_class"": ""force_threshold"", ""max_force_eV_A"": 0.38578575127664083, ""name"": ""bfgs_standard"", ""start_geometry_sha256"": ""faa21bba8e5fbd0608d3b06ab0814cd34004a8b383195413d9598ff74ddb592f"", ""steps"": 150}, {""ase_converged"": false, ""converged"": false, ""end_geometry_sha256"": ""9387e9d962a4192e71fdfe3e5b5cee4335d7daa7f6ee224ef66e67cb19fe5153"", ""failure_class"": ""force_threshold"", ""max_force_eV_A"": 1.0528736375889043, ""name"": ""fire_precondition"", ""qualifying"": false, ""start_geometry_sha256"": ""faa21bba8e5fbd0608d3b06ab0814cd34004a8b383195413d9598ff74ddb592f"", ""steps"": 75}, {""ase_converged"": true, ""converged"": true, ""end_geometry_sha256"": ""dd7e846199fa02940bac4d09f6855c11ddeda486a3ec9b40d508d2166f7ff173"", ""failure_class"": null, ""max_force_eV_A"": 0.07448679643577212, ""name"": ""bfgs_after_fire"", ""start_geometry_sha256"": ""9387e9d962a4192e71fdfe3e5b5cee4335d7daa7f6ee224ef66e67cb19fe5153"", ""steps"": 144}]",dd7e846199fa02940bac4d09f6855c11ddeda486a3ec9b40d508d2166f7ff173,-416.64997848046727,True,0.07634492226111848,63.0,100.0,0.08,converged,,bfgs_standard,"[{""ase_converged"": true, ""converged"": true, ""end_geometry_sha256"": ""63e55d87c709d4f9f389d96a50fe936fcaf7e8c3f1075cd9314a2e78dac91d81"", ""failure_class"": null, ""max_force_eV_A"": 0.07634492226111848, ""name"": ""bfgs_standard"", ""start_geometry_sha256"": ""c32164d138b6b89edc47d3827ceee809568fa5a6f1aa48ed8dd718559fa0dc8d"", ""steps"": 63}]",63e55d87c709d4f9f389d96a50fe936fcaf7e8c3f1075cd9314a2e78dac91d81,-0.8933383797109127,True,0.07330577669281711,92.0,100.0,0.08,converged,,bfgs_standard,"[{""ase_converged"": true, ""converged"": true, ""end_geometry_sha256"": ""0bbd8f0f623b221dc324a3c94d9859af02d659f3557b41e71e617cc994580806"", ""failure_class"": null, ""max_force_eV_A"": 0.07330577669281711, ""name"": ""bfgs_standard"", ""start_geometry_sha256"": ""8e96399cd85fa7ed87e13996497cba3c0d40c28f97dcd8e52c0118a05a457892"", ""steps"": 92}]",0bbd8f0f623b221dc324a3c94d9859af02d659f3557b41e71e617cc994580806,-1.2618695132434616,True,0.07814515815268071,89.0,100.0,0.08,converged,,bfgs_standard,"[{""ase_converged"": true, ""converged"": true, ""end_geometry_sha256"": ""b489fc5c0182279719fa1eaeeb9da1f28b037519225f910eab4cef8f1e3dc7a7"", ""failure_class"": null, ""max_force_eV_A"": 0.07814515815268071, ""name"": ""bfgs_standard"", ""start_geometry_sha256"": ""cc0e9171e9261a54567ca14dc8999dfb3b7f49b9c5f69104b56e51c6cb5eed23"", ""steps"": 89}]",b489fc5c0182279719fa1eaeeb9da1f28b037519225f910eab4cef8f1e3dc7a7,-1.8881555095314662,2.1223383797109125,step_4_H2O,8.0,0.0,True,2.1552078929543743,0.740000000035,False,quantitative_screening,1,1,63cf3b7c3760a1217cbe,False,
"('Spinel', 'Co', 'V', 'Mo', 'hollow_sphere', 'N-CNT')",Spinel,True,esen-sm-conserving-all-oc25:relax-v4:orr-che-v3,True,0.0694904497115668,349,150,0.08,converged,,bfgs_after_fire,"[{""ase_converged"": false, ""converged"": false, ""end_geometry_sha256"": ""89fedda23be0573e780a81956ff7d0789536851042918aec4d29b96204d499d8"", ""failure_class"": ""force_threshold"", ""max_force_eV_A"": 0.2744509997493895, ""name"": ""bfgs_standard"", ""start_geometry_sha256"": ""7a0c0d8ce86973a2931252d034ba6cda33ad79584733888864363712a82b4eea"", ""steps"": 150}, {""ase_converged"": false, ""converged"": false, ""end_geometry_sha256"": ""a63f4307fefeb627a9c7d7a85c8e4ac931e6d9ccc595aa7e48def07f09ab3e08"", ""failure_class"": ""force_threshold"", ""max_force_eV_A"": 1.3945498224865895, ""name"": ""fire_precondition"", ""qualifying"": false, ""start_geometry_sha256"": ""7a0c0d8ce86973a2931252d034ba6cda33ad79584733888864363712a82b4eea"", ""steps"": 75}, {""ase_converged"": true, ""converged"": true, ""end_geometry_sha256"": ""639ffdf94553880a3b52406b4369af898cac4bfa7dc31f00f16c891ffad054ff"", ""failure_class"": null, ""max_force_eV_A"": 0.0694904497115668, ""name"": ""bfgs_after_fire"", ""start_geometry_sha256"": ""a63f4307fefeb627a9c7d7a85c8e4ac931e6d9ccc595aa7e48def07f09ab3e08"", ""steps"": 124}]",639ffdf94553880a3b52406b4369af898cac4bfa7dc31f00f16c891ffad054ff,-423.5514588423146,True,0.07710754954039105,52.0,100.0,0.08,converged,,bfgs_standard,"[{""ase_converged"": true, ""converged"": true, ""end_geometry_sha256"": ""9fdbd7cd6c799bd0667ebc755cf3490ae412d969e90262b9d13fbc53b6f3132b"", ""failure_class"": null, ""max_force_eV_A"": 0.07710754954039105, ""name"": ""bfgs_standard"", ""start_geometry_sha256"": ""b6b0856d726aae31d070670384935748feb01735b94a005e6125a6ca6ab806ce"", ""steps"": 52}]",9fdbd7cd6c799bd0667ebc755cf3490ae412d969e90262b9d13fbc53b6f3132b,-0.6432315681874752,True,0.07719526293858682,100.0,100.0,0.08,converged,,bfgs_standard,"[{""ase_converged"": true, ""converged"": true, ""end_geometry_sha256"": ""e616bae9595b8f4fbb08dcad6c34a0f2adb5db4b771da962becfcada1790df8c"", ""failure_class"": null, ""max_force_eV_A"": 0.07719526293858682, ""name"": ""bfgs_standard"", ""start_geometry_sha256"": ""782f0ff2a27f68d14ee63ad9d298f9c7edbc68d91ecb238bf5f6a1ea306b0351"", ""steps"": 100}]",e616bae9595b8f4fbb08dcad6c34a0f2adb5db4b771da962becfcada1790df8c,-0.5575304858386765,True,0.07159373553756722,210.0,100.0,0.08,converged,,bfgs_after_fire,"[{""ase_converged"": false, ""converged"": false, ""end_geometry_sha256"": ""b5f5e6209f68cc3e83caace87bbd1cfb8bd2b42c112394bb61c7319857196da5"", ""failure_class"": ""force_threshold"", ""max_force_eV_A"": 0.12230390021444891, ""name"": ""bfgs_standard"", ""start_geometry_sha256"": ""0386a3db61fcb41fe87d02c9e65cfca612e2300844e64ebf4631aab5b58d75b5"", ""steps"": 100}, {""ase_converged"": false, ""converged"": false, ""end_geometry_sha256"": ""7cb600e67c59a7f098a3d5988e5ea6ed2eadbd499777a94974038deca8214d7a"", ""failure_class"": ""force_threshold"", ""max_force_eV_A"": 1.1983773080742428, ""name"": ""fire_precondition"", ""qualifying"": false, ""start_geometry_sha256"": ""0386a3db61fcb41fe87d02c9e65cfca612e2300844e64ebf4631aab5b58d75b5"", ""steps"": 50}, {""ase_converged"": true, ""converged"": true, ""end_geometry_sha256"": ""46136aa776ff846b262709b78292d0d17bbeb2a7cdbf9690c928d25c42beb3cb"", ""failure_class"": null, ""max_force_eV_A"": 0.07159373553756722, ""name"": ""bfgs_after_fire"", ""start_geometry_sha256"": ""7cb600e67c59a7f098a3d5988e5ea6ed2eadbd499777a94974038deca8214d7a"", ""steps"": 60}]",46136aa776ff846b262709b78292d0d17bbeb2a7cdbf9690c928d25c42beb3cb,-1.0222416415810833,1.8722315681874753,step_4_H2O,8.0,0.0,True,1.2007620540261517,0.740000000035,False,quantitative_screening,2,2,9a3fdc55b5cdb09901f2,False,
"('MXene', 'Ti', 'N', 3, 'mixed_OH_O', 'Pd')",MXene,True,esen-sm-conserving-all-oc25:relax-v4:orr-che-v3,True,0.07938806334391331,65,150,0.08,converged,,bfgs_standard,"[{""ase_converged"": true, ""converged"": true, ""end_geometry_sha256"": ""5c708106cf03e6715e82fc782b01f4954e18f041a54079275d71d2b3602aeb8b"", ""failure_class"": null, ""max_force_eV_A"": 0.07938806334391331, ""name"": ""bfgs_standard"", ""start_geometry_sha256"": ""17ea0c7e9b6a5c7f7059b79717a31f0b9c299e321a6b22c79e4069b021ecf611"", ""steps"": 65}]",5c708106cf03e6715e82fc782b01f4954e18f041a54079275d71d2b3602aeb8b,-322.5027048360822,True,0.07972577994857838,38.0,100.0,0.08,converged,,bfgs_standard,"[{""ase_converged"": true, ""converged"": true, ""end_geometry_sha256"": ""246073644622be8227885da09662957430a3572b9dc4d40ea2c3731c31b8f7c5"", ""failure_class"": null, ""max_force_eV_A"": 0.07972577994857838, ""name"": ""bfgs_standard"", ""start_geometry_sha256"": ""6d2d95a009d3b8855d7a404e563699103da30631c1ee7c2624bfdbad0c104aec"", ""steps"": 38}]",246073644622be8227885da09662957430a3572b9dc4d40ea2c3731c31b8f7c5,-1.7425844047964187,True,0.0730139060797181,50.0,100.0,0.08,converged,,bfgs_standard,"[{""ase_converged"": true, ""converged"": true, ""end_geometry_sha256"": ""95147e38dc99abe4470d7162c9c50eda91fd380ade158ed31b03ee5175ec87e5"", ""failure_class"": null, ""max_force_eV_A"": 0.0730139060797181, ""name"": ""bfgs_standard"", ""start_geometry_sha256"": ""fe5a80833fc76bd101bf7833fdd6967ab14ca3ad42d4ad7c27650cf78e235899"", ""steps"": 50}]",95147e38dc99abe4470d7162c9c50eda91fd380ade158ed31b03ee5175ec87e5,-1.6062022082508427,True,0.0632003079539879,265.0,100.0,0.08,converged,,bfgs_after_fire,"[{""ase_converged"": false, ""converged"": false, ""end_geometry_sha256"": ""826ae433309148f2c3e0cdb6685471e15212e4553f2a6abd9779cce8a96251a6"", ""failure_class"": ""force_threshold"", ""max_force_eV_A"": 1.7546111262669153, ""name"": ""bfgs_standard"", ""start_geometry_sha256"": ""3b1563ee25f29e5758bfafc76ae916627156f014332b1f197a48a163f547643e"", ""steps"": 100}, {""ase_converged"": false, ""converged"": false, ""end_geometry_sha256"": ""87a7ddab4ee0f46ed4aa42d939a51b8a57f1535e6cf1045c2b7593b496498741"", ""failure_class"": ""force_threshold"", ""max_force_eV_A"": 6.583259053898614, ""name"": ""fire_precondition"", ""qualifying"": false, ""start_geometry_sha256"": ""3b1563ee25f29e5758bfafc76ae916627156f014332b1f197a48a163f547643e"", ""steps"": 50}, {""ase_converged"": true, ""converged"": true, ""end_geometry_sha256"": ""e7d90c88bf009dd2c811e00ad3c0885caaff9da5f7f8d648f9e51131d304c74f"", ""failure_class"": null, ""max_force_eV_A"": 0.0632003079539879, ""name"": ""bfgs_after_fire"", ""start_geometry_sha256"": ""87a7ddab4ee0f46ed4aa42d939a51b8a57f1535e6cf1045c2b7593b496498741"", ""steps"": 115}]",e7d90c88bf009dd2c811e00ad3c0885caaff9da5f7f8d648f9e51131d304c74f,2.907006691396268,2.9715844047964186,step_4_H2O,10.0,-0.07186029312488018,True,3.3487866130472614,0.675000000035,False,quantitative_screening,1,1,dc4ce6fe2d9fc87f6607,False,
"('MXene', 'Ti', 'CN', 1, 'O', 'Co')",MXene,True,esen-sm-conserving-all-oc25:relax-v4:orr-che-v3,True,0.03282573667926391,19,150,0.08,converged,,bfgs_standard,"[{""ase_converged"": true, ""converged"": true, ""end_geometry_sha256"": ""565764d9843ec8fe86657481f0fca295ee3b225752b7df6d047de0614b39b5b7"", ""failure_class"": null, ""max_force_eV_A"": 0.03282573667926391, ""name"": ""bfgs_standard"", ""start_geometry_sha256"": ""309db3e95248119c89231f246a4329874cf1f8b83f9574e0ed7f6cab212cf35e"", ""steps"": 19}]",565764d9843ec8fe86657481f0fca295ee3b225752b7df6d047de0614b39b5b7,-149.9951736397835,True,0.07972674483364987,27.0,100.0,0.08,converged,,bfgs_standard,"[{""ase_converged"": true, ""converged"": true, ""end_geometry_sha256"": ""801922d77adbec1d167c18317fa979527a68c27de9fea28df9faa2b4fe452ec5"", ""failure_class"": null, ""max_force_eV_A"": 0.07972674483364987, ""name"": ""bfgs_standard"", ""start_geometry_sha256"": ""743c89831d0612e284f29d7cce0616691d6450a3379179f858ea8696e28f3978"", ""steps"": 27}]",801922d77adbec1d167c18317fa979527a68c27de9fea28df9faa2b4fe452ec5,-1.4483243797719478,True,0.05377982038220574,5.0,100.0,0.08,converged,,bfgs_standard,"[{""ase_converged"": true, ""converged"": true, ""end_geometry_sha256"": ""6c3743ec724d0bfacf5f3bd44800a8a5c7b2285da21e6fd3266dcf3e8134491e"", ""failure_class"": null, ""max_force_eV_A"": 0.05377982038220574, ""name"": ""bfgs_standard"", ""start_geometry_sha256"": ""1bcca74d707637e1c30bf43cc38047b71f1fca18fa04dff211405afa25db87fb"", ""steps"": 5}]",6c3743ec724d0bfacf5f3bd44800a8a5c7b2285da21e6fd3266dcf3e8134491e,-0.6796313159167731,True,0.07000398669728855,184.0,100.0,0.08,converged,,bfgs_after_fire,"[{""ase_converged"": false, ""converged"": false, ""end_geometry_sha256"": ""99285e1c816936027ef55f933c4bc07351a15dcfbfeb55298fe66d605f7e5b06"", ""failure_class"": ""force_threshold"", ""max_force_eV_A"": 0.32431708922372493, ""name"": ""bfgs_standard"", ""start_geometry_sha256"": ""954d5ef3828aa02d623ba40957aaad88279f69a8ff8028943526420603d953b7"", ""steps"": 100}, {""ase_converged"": false, ""converged"": false, ""end_geometry_sha256"": ""0a1e4517c168fa9bd296eff72d897882bec148da003b5668a194109349322d62"", ""failure_class"": ""force_threshold"", ""max_force_eV_A"": 1.872084491574999, ""name"": ""fire_precondition"", ""qualifying"": false, ""start_geometry_sha256"": ""954d5ef3828aa02d623ba40957aaad88279f69a8ff8028943526420603d953b7"", ""steps"": 50}, {""ase_converged"": true, ""converged"": true, ""end_geometry_sha256"": ""8543f414bbe96b70a66aece3e250262d8a786aa548ba5f65f919f8c365e86cad"", ""failure_class"": null, ""max_force_eV_A"": 0.07000398669728855, ""name"": ""bfgs_after_fire"", ""start_geometry_sha256"": ""0a1e4517c168fa9bd296eff72d897882bec148da003b5668a194109349322d62"", ""steps"": 34}]",8543f414bbe96b70a66aece3e250262d8a786aa548ba5f65f919f8c365e86cad,-4.551605750620361,3.0,step_2_O,9.0,0.0,True,2.127955695688721,0.675000000035,False,quantitative_screening,0,0,7e6f38d413b90864c356,False,
"('MXene', 'Ti', 'CN', 1, 'Cl', 'Ni')",MXene,True,esen-sm-conserving-all-oc25:relax-v4:orr-che-v3,True,0.07592997266867121,18,150,0.08,converged,,bfgs_standard,"[{""ase_converged"": true, ""converged"": true, ""end_geometry_sha256"": ""a8a448578038d9795c117624fb26c0d806b3e4f5e852356545029898aa935d04"", ""failure_class"": null, ""max_force_eV_A"": 0.07592997266867121, ""name"": ""bfgs_standard"", ""start_geometry_sha256"": ""203b3481ac5ebb370a544af393508e49a292f49135cba69a066066d4b5a3e825"", ""steps"": 18}]",a8a448578038d9795c117624fb26c0d806b3e4f5e852356545029898aa935d04,-143.95951665570124,True,0.07173136432921551,30.0,100.0,0.08,converged,,bfgs_standard,"[{""ase_converged"": true, ""converged"": true, ""end_geometry_sha256"": ""f6ad5bc2e6ae2bceeb189d7b814632311fa893817da1210d1e6db82b2783db70"", ""failure_class"": null, ""max_force_eV_A"": 0.07173136432921551, ""name"": ""bfgs_standard"", ""start_geometry_sha256"": ""0232c2c31fc4e8c7b03297318bd0926741f3ef0b898d807aa3297a5e4338112a"", ""steps"": 30}]",f6ad5bc2e6ae2bceeb189d7b814632311fa893817da1210d1e6db82b2783db70,-1.5730859611928463,True,0.05895842116389252,5.0,100.0,0.08,converged,,bfgs_standard,"[{""ase_converged"": true, ""converged"": true, ""end_geometry_sha256"": ""3f61cbd7a98f71879c758cad59acc9105e0c7796218570b77577610e294844c2"", ""failure_class"": null, ""max_force_eV_A"": 0.05895842116389252, ""name"": ""bfgs_standard"", ""start_geometry_sha256"": ""5a7c978030a6a7ba49c99f967d784d2117adccbbb1f7275cbfd659d086479b91"", ""steps"": 5}]",3f61cbd7a98f71879c758cad59acc9105e0c7796218570b77577610e294844c2,-0.8512163989245856,True,0.07943632710955621,82.0,100.0,0.08,converged,,bfgs_standard,"[{""ase_converged"": true, ""converged"": true, ""end_geometry_sha256"": ""d7aa48be014f4a8d08afdc6b3c49eb233f9f1798116a7fc927c5c9d28e53c684"", ""failure_class"": null, ""max_force_eV_A"": 0.07943632710955621, ""name"": ""bfgs_standard"", ""start_geometry_sha256"": ""02e4395defb7a84746d52bdbc5c7fa8f70346ac0b3bbcb3a56fbb655a7f34944"", ""steps"": 82}]",d7aa48be014f4a8d08afdc6b3c49eb233f9f1798116a7fc927c5c9d28e53c684,-5.849976111948486,3.0,step_2_O,10.0,0.0,True,2.424302360117432,0.675000000035,False,quantitative_screening,1,1,0f9b8cbe988c19d4e6f9,False,
"('MXene', 'Ti', 'CN', 1, 'S', 'Fe')",MXene,True,esen-sm-conserving-all-oc25:relax-v4:orr-che-v3,True,0.050510876449557825,20,150,0.08,converged,,bfgs_standard,"[{""ase_converged"": true, ""converged"": true, ""end_geometry_sha256"": ""821a1d463c48b39f15f9250fa99af91f7f612bb6953068d74271825ac218bf31"", ""failure_class"": null, ""max_force_eV_A"": 0.050510876449557825, ""name"": ""bfgs_standard"", ""start_geometry_sha256"": ""4fe5103ddf7a236928c0f864c3aa3099ef7e79f8385a9abb672402eb2d4231ee"", ""steps"": 20}]",821a1d463c48b39f15f9250fa99af91f7f612bb6953068d74271825ac218bf31,-146.75252806224097,True,0.07978173209408661,32.0,100.0,0.08,converged,,bfgs_standard,"[{""ase_converged"": true, ""converged"": true, ""end_geometry_sha256"": ""9901b70ce51d630dc3139a051431a8a519cab77ad8ab611a88ddb36a24a5cbe8"", ""failure_class"": null, ""max_force_eV_A"": 0.07978173209408661, ""name"": ""bfgs_standard"", ""start_geometry_sha256"": ""25a0e732de8e60166087eaf4de004884c5f3e9ce46b5fbab9359635fb2c9c997"", ""steps"": 32}]",9901b70ce51d630dc3139a051431a8a519cab77ad8ab611a88ddb36a24a5cbe8,-1.3291780327260494,True,0.07161006080120785,10.0,100.0,0.08,converged,,bfgs_standard,"[{""ase_converged"": true, ""converged"": true, ""end_geometry_sha256"": ""7468223a6705d1c9c5ceafd4ad87bc9a90d9cea23f137a3fec737687b73a7b04"", ""failure_class"": null, ""max_force_eV_A"": 0.07161006080120785, ""name"": ""bfgs_standard"", ""start_geometry_sha256"": ""81e177595d152f30f5998004f032dec9fc538232db6a254b91928b16c3c7afd5"", ""steps"": 10}]",7468223a6705d1c9c5ceafd4ad87bc9a90d9cea23f137a3fec737687b73a7b04,-0.7071543566882574,True,0.047139259827530526,94.0,100.0,0.08,converged,,bfgs_standard,"[{""ase_converged"": true, ""converged"": true, ""end_geometry_sha256"": ""7e54e2e7cf0ec051ff3d5427e73609418d45e7da43cfd80aed58a005f5ee6047"", ""failure_class"": null, ""max_force_eV_A"": 0.047139259827530526, ""name"": ""bfgs_standard"", ""start_geometry_sha256"": ""e62f1d5688b1a33d4b895cccb98857bfaf111555399b00a6611fb42919e22414"", ""steps"": 94}]",7e54e2e7cf0ec051ff3d5427e73609418d45e7da43cfd80aed58a005f5ee6047,-3.2576222911477055,3.0,step_2_O,7.0,0.0,True,2.036332389414307,0.675000000035,False,quantitative_screening,2,2,a8546811dd68879818f4,False,
"('MXene', 'Ti', 'CN', 1, 'mixed_OH_F', 'Ru')",MXene,True,esen-sm-conserving-all-oc25:relax-v4:orr-che-v3,True,0.06114159974455162,41,150,0.08,converged,,bfgs_standard,"[{""ase_converged"": true, ""converged"": true, ""end_geometry_sha256"": ""fee302398035c7b1b88cc431bbe3a9bbcf3415ceda401619b2e2a4d75330409e"", ""failure_class"": null, ""max_force_eV_A"": 0.06114159974455162, ""name"": ""bfgs_standard"", ""start_geometry_sha256"": ""730fa96afaf33248845751b86f9c0a7bbb76631a71838eee53b66e82a9b424b8"", ""steps"": 41}]",fee302398035c7b1b88cc431bbe3a9bbcf3415ceda401619b2e2a4d75330409e,-162.25275565695352,True,0.07574007374505877,41.0,100.0,0.08,converged,,bfgs_standard,"[{""ase_converged"": true, ""converged"": true, ""end_geometry_sha256"": ""e3757596825327e6af157cffb77f71c7ac1306a04aabd2c722129b576e8b9ee2"", ""failure_class"": null, ""max_force_eV_A"": 0.07574007374505877, ""name"": ""bfgs_standard"", ""start_geometry_sha256"": ""e19e2ae54faf5e18b8fe0dad7a5b289a2b09f1a5c9859fd6ed5cb9a3689084fb"", ""steps"": 41}]",e3757596825327e6af157cffb77f71c7ac1306a04aabd2c722129b576e8b9ee2,-1.7517263267934322,True,0.0587439723734564,8.0,100.0,0.08,converged,,bfgs_standard,"[{""ase_converged"": true, ""converged"": true, ""end_geometry_sha256"": ""6c5f6f450142f2ebb7caab763b472ccd6177a0b70e03b86bdb3d7e24e36dd3be"", ""failure_class"": null, ""max_force_eV_A"": 0.0587439723734564, ""name"": ""bfgs_standard"", ""start_geometry_sha256"": ""3864dfb73b9e97881a1a6a3fe32117bf736cb44d324c189dd3f3177d8e41c3da"", ""steps"": 8}]",6c5f6f450142f2ebb7caab763b472ccd6177a0b70e03b86bdb3d7e24e36dd3be,-0.9750662676989996,True,0.07150675517803125,33.0,100.0,0.08,converged,,bfgs_standard,"[{""ase_converged"": true, ""converged"": true, ""end_geometry_sha256"": ""360e5face5b740e64fcb007b71b1aae0101971b909c02d2df3851019e93a0acb"", ""failure_class"": null, ""max_force_eV_A"": 0.07150675517803125, ""name"": ""bfgs_standard"", ""start_geometry_sha256"": ""a85d21d59670243ca0ed794b7d85e0fd050525ecff5dc035cf99182e41a3a1f7"", ""steps"": 33}]",360e5face5b740e64fcb007b71b1aae0101971b909c02d2df3851019e93a0acb,-1.6319814220070805,2.980726326793432,step_4_H2O,10.0,-1.247951552180561,True,2.726792594492432,0.675000000035,False,quantitative_screening,0,0,f9b50d961fcc77bd344e,False,
"('MXene', 'Ti', 'CN', 2, 'OH', 'None')",MXene,False,esen-sm-conserving-all-oc25:relax-v4:orr-che-v3,True,0.0694751583678897,55,150,0.08,converged,,bfgs_standard,"[{""ase_converged"": true, ""converged"": true, ""end_geometry_sha256"": ""c059c2a40d58751a5d4315584ad18733029b76070e66d46b7bcb06091f214742"", ""failure_class"": null, ""max_force_eV_A"": 0.0694751583678897, ""name"": ""bfgs_standard"", ""start_geometry_sha256"": ""6c8f99bb330160cd72ddbea3347e68706f234d4fd502abe6d68ebb273bec9483"", ""steps"": 55}]",c059c2a40d58751a5d4315584ad18733029b76070e66d46b7bcb06091f214742,-249.2898862903225,True,0.06532480440624527,66.0,100.0,0.08,converged,,bfgs_standard,"[{""ase_converged"": true, ""converged"": true, ""end_geometry_sha256"": ""a482daf519f3d559faab9f7b075af323739ad8565e3124e1b5b59837e02a29b8"", ""failure_class"": null, ""max_force_eV_A"": 0.06532480440624527, ""name"": ""bfgs_standard"", ""start_geometry_sha256"": ""cfbb6b1ef244def9b4c761ee87e2124a83fdd63db3a21403684dda09ccb17dc0"", ""steps"": 66}]",a482daf519f3d559faab9f7b075af323739ad8565e3124e1b5b59837e02a29b8,-2.366596398204565,True,0.05575472033586754,29.0,100.0,0.08,converged,,bfgs_standard,"[{""ase_converged"": true, ""converged"": true, ""end_geometry_sha256"": ""68b93bc686c020cc9c033ceb962fedbede24c4d511698910a9ad9543172e7f6b"", ""failure_class"": null, ""max_force_eV_A"": 0.05575472033586754, ""name"": ""bfgs_standard"", ""start_geometry_sha256"": ""3124fd4debf7ad84f484f3ce5b30cc46a1f976ee342470f6b0142a03e058d3a0"", ""steps"": 29}]",68b93bc686c020cc9c033ceb962fedbede24c4d511698910a9ad9543172e7f6b,-2.4839526049793017,False,1.3324938706521452,650.0,100.0,0.08,recovery_exhausted,force_threshold,bfgs_standard,"[{""ase_converged"": false, ""converged"": false, ""end_geometry_sha256"": ""1abe3a75c39233fd18366b3195b41eeea0dff484666795d319a51a8e1fb274de"", ""failure_class"": ""force_threshold"", ""max_force_eV_A"": 1.3324938706521452, ""name"": ""bfgs_standard"", ""start_geometry_sha256"": ""2da1c6bd5eb690684dfc8a5efbe0d52014e3e9982a77a940f8e7107b8af0bbc2"", ""steps"": 100}, {""ase_converged"": false, ""converged"": false, ""end_geometry_sha256"": ""71c6ced6e3ae4a3766da2a464469ca90a10f7ddc6d3864d180e0e339162c753c"", ""failure_class"": ""force_threshold"", ""max_force_eV_A"": 29.903677700095763, ""name"": ""fire_precondition"", ""qualifying"": false, ""start_geometry_sha256"": ""2da1c6bd5eb690684dfc8a5efbe0d52014e3e9982a77a940f8e7107b8af0bbc2"", ""steps"": 50}, {""ase_converged"": false, ""converged"": false, ""end_geometry_sha256"": ""dceb5063848cf6a3a4659ca1b986fbffdb2705d09a0f6db2085e8eb6e4c622c6"", ""failure_class"": ""force_threshold"", ""max_force_eV_A"": 1.6257083660284863, ""name"": ""bfgs_after_fire"", ""start_geometry_sha256"": ""71c6ced6e3ae4a3766da2a464469ca90a10f7ddc6d3864d180e0e339162c753c"", ""steps"": 200}, {""ase_converged"": false, ""converged"": false, ""end_geometry_sha256"": ""e992bf6b2685e6b23121b86a1bdd879a6fe644c1dc35eaa1f40c9f49cad16cb4"", ""failure_class"": ""force_threshold"", ""max_force_eV_A"": 1.6352221946404586, ""name"": ""fire_small_step"", ""start_geometry_sha256"": ""1abe3a75c39233fd18366b3195b41eeea0dff484666795d319a51a8e1fb274de"", ""steps"": 300}]",1abe3a75c39233fd18366b3195b41eeea0dff484666795d319a51a8e1fb274de,,,,,,,,,True,validation_required,1,1,ee7a32e367307af26765,False,Unconverged ooh relaxation: max_force=1.33249 eV/A after 650 cumulative recovery steps
"('MXene', 'Ti', 'CN', 2, 'S', 'Mn')",MXene,True,esen-sm-conserving-all-oc25:relax-v4:orr-che-v3,True,0.07534859412670931,82,150,0.08,converged,,bfgs_standard,"[{""ase_converged"": true, ""converged"": true, ""end_geometry_sha256"": ""36f55932bd90d0804041cfc142d2c8e2b6ea30aac3985fa2436c9f1c8d017808"", ""failure_class"": null, ""max_force_eV_A"": 0.07534859412670931, ""name"": ""bfgs_standard"", ""start_geometry_sha256"": ""e526d5e9668b272aef3de6e939eaa9cbf6a7dc808d9d69237e693c571ae741ea"", ""steps"": 82}]",36f55932bd90d0804041cfc142d2c8e2b6ea30aac3985fa2436c9f1c8d017808,-245.34715492242844,True,0.07439138278301836,68.0,100.0,0.08,converged,,bfgs_standard,"[{""ase_converged"": true, ""converged"": true, ""end_geometry_sha256"": ""d72beca6a98ad0acb7e3776a67377511620d2d94082edc2ae44fc01d6276f508"", ""failure_class"": null, ""max_force_eV_A"": 0.07439138278301836, ""name"": ""bfgs_standard"", ""start_geometry_sha256"": ""a7f544ee0e75ec6bde13e19f73f5b898900320ee014f367de08c2dc377328ffb"", ""steps"": 68}]",d72beca6a98ad0acb7e3776a67377511620d2d94082edc2ae44fc01d6276f508,-2.5622979973256585,True,0.07961943026875344,65.0,100.0,0.08,converged,,bfgs_standard,"[{""ase_converged"": true, ""converged"": true, ""end_geometry_sha256"": ""7224a5e5689ee55b7e8f28e3fc1fce27c1adddf75cb5a5b5fbae4d66e2e9d95d"", ""failure_class"": null, ""max_force_eV_A"": 0.07961943026875344, ""name"": ""bfgs_standard"", ""start_geometry_sha256"": ""943a969e828bf1df01ada3088ce5668bf98ad826d931d4810de206f34d12c080"", ""steps"": 65}]",7224a5e5689ee55b7e8f28e3fc1fce27c1adddf75cb5a5b5fbae4d66e2e9d95d,-2.2081156603991667,True,0.07868755802395842,49.0,100.0,0.08,converged,,bfgs_standard,"[{""ase_converged"": true, ""converged"": true, ""end_geometry_sha256"": ""227ccfe2c263294cccdfb7a76bd3f76171aa7be75e7fa490eca9ad8f9bd9702f"", ""failure_class"": null, ""max_force_eV_A"": 0.07868755802395842, ""name"": ""bfgs_standard"", ""start_geometry_sha256"": ""e7c2a019e5092bfc1cfe2ccc72e5065e48cc98a06b4029c5dc5d82e30061e887"", ""steps"": 49}]",227ccfe2c263294cccdfb7a76bd3f76171aa7be75e7fa490eca9ad8f9bd9702f,-4.752956916391874,3.0,step_4_H2O,9.0,0.0,True,4.770413657724825,0.675000000035,False,quantitative_screening,0,0,d7e3f076192c063612a6,False,
"('MXene', 'Ti', 'CN', 2, 'mixed_OH_F', 'Pt')",MXene,True,esen-sm-conserving-all-oc25:relax-v4:orr-che-v3,True,0.06999243266836565,58,150,0.08,converged,,bfgs_standard,"[{""ase_converged"": true, ""converged"": true, ""end_geometry_sha256"": ""540b7ecef2f321c0a50549ab20dad60a7d3e3a5628fb868b2989dd5396bc51fc"", ""failure_class"": null, ""max_force_eV_A"": 0.06999243266836565, ""name"": ""bfgs_standard"", ""start_geometry_sha256"": ""368437f6e492e4ab3bd4e62508dbed2823a40dc1c7a7dc4e6aab11b1353d38be"", ""steps"": 58}]",540b7ecef2f321c0a50549ab20dad60a7d3e3a5628fb868b2989dd5396bc51fc,-255.49323101394037,True,0.06474113639248755,91.0,100.0,0.08,converged,,bfgs_standard,"[{""ase_converged"": true, ""converged"": true, ""end_geometry_sha256"": ""5d5948864ea3384f42fff91c84fee27ee91f9edfa12742806d2be907c0d9d1c2"", ""failure_class"": null, ""max_force_eV_A"": 0.06474113639248755, ""name"": ""bfgs_standard"", ""start_geometry_sha256"": ""fefc8f50cf54f9524633aafe3efbefd364f94efa812157e6dabe4f77e9e51ab3"", ""steps"": 91}]",5d5948864ea3384f42fff91c84fee27ee91f9edfa12742806d2be907c0d9d1c2,-4.918857750743628,True,0.056897642488622516,85.0,100.0,0.08,converged,,bfgs_standard,"[{""ase_converged"": true, ""converged"": true, ""end_geometry_sha256"": ""d137c9cb7a0b4650d2537889d2c0d800b7294c198d70a1920ae944b9ce702f77"", ""failure_class"": null, ""max_force_eV_A"": 0.056897642488622516, ""name"": ""bfgs_standard"", ""start_geometry_sha256"": ""83c9a784198821314eef95e16e1c3c54b81c1af18ec46b43e417236c75ba7c0d"", ""steps"": 85}]",d137c9cb7a0b4650d2537889d2c0d800b7294c198d70a1920ae944b9ce702f77,-4.228779875487114,True,0.05661344043934901,281.0,100.0,0.08,converged,,bfgs_after_fire,"[{""ase_converged"": false, ""converged"": false, ""end_geometry_sha256"": ""2ae09413b5efdcf9258449b4f44ed5cf5742c9a176757d9b134f9f5bc8ccd835"", ""failure_class"": ""force_threshold"", ""max_force_eV_A"": 6.020483774610565, ""name"": ""bfgs_standard"", ""start_geometry_sha256"": ""2e40b6169a9a7dcaeee649f47b31c383b199684565d0de18668da632b238152e"", ""steps"": 100}, {""ase_converged"": false, ""converged"": false, ""end_geometry_sha256"": ""d11a254d3688508d82ca6766fd9fc09977db5cac54809bf72adff9dc21eed5bf"", ""failure_class"": ""force_threshold"", ""max_force_eV_A"": 5.21414126927615, ""name"": ""fire_precondition"", ""qualifying"": false, ""start_geometry_sha256"": ""2e40b6169a9a7dcaeee649f47b31c383b199684565d0de18668da632b238152e"", ""steps"": 50}, {""ase_converged"": true, ""converged"": true, ""end_geometry_sha256"": ""01024ec7ebca0ab4da2a2fc70bb4e3664e9e272907ccefef98eaba9839730a32"", ""failure_class"": null, ""max_force_eV_A"": 0.05661344043934901, ""name"": ""bfgs_after_fire"", ""start_geometry_sha256"": ""d11a254d3688508d82ca6766fd9fc09977db5cac54809bf72adff9dc21eed5bf"", ""steps"": 131}]",01024ec7ebca0ab4da2a2fc70bb4e3664e9e272907ccefef98eaba9839730a32,1.5055136188864457,3.0,step_4_H2O,10.0,-0.5489815478445421,True,9.147637626230743,0.675000000035,False,quantitative_screening,2,2,2cd00a08ecda99723b6e,False,
"('MXene', 'Ti', 'CN', 2, 'bare', 'Ni')",MXene,True,esen-sm-conserving-all-oc25:relax-v4:orr-che-v3,True,0.07805676202813912,122,150,0.08,converged,,bfgs_standard,"[{""ase_converged"": true, ""converged"": true, ""end_geometry_sha256"": ""51912d972cafb722ede56dcc317667834e85b0fcba18b937fe9213eb774e6670"", ""failure_class"": null, ""max_force_eV_A"": 0.07805676202813912, ""name"": ""bfgs_standard"", ""start_geometry_sha256"": ""b1838bf33b6c3c0561295f33510afb6737d9201222196cb5f40fb87b9baec230"", ""steps"": 122}]",51912d972cafb722ede56dcc317667834e85b0fcba18b937fe9213eb774e6670,-235.0386103142369,True,0.06825150714390388,62.0,100.0,0.08,converged,,bfgs_standard,"[{""ase_converged"": true, ""converged"": true, ""end_geometry_sha256"": ""6221710599785276e5e4a48e3ad3a12e0f24e434b8181ae472f2a8b1d4bb4f9d"", ""failure_class"": null, ""max_force_eV_A"": 0.06825150714390388, ""name"": ""bfgs_standard"", ""start_geometry_sha256"": ""27dbdb8718c18f18f35680dbcd674b2beefb385f3d3fe530b07db7dff2d2204b"", ""steps"": 62}]",6221710599785276e5e4a48e3ad3a12e0f24e434b8181ae472f2a8b1d4bb4f9d,-3.827621636241674,True,0.07567279090252102,24.0,100.0,0.08,converged,,bfgs_standard,"[{""ase_converged"": true, ""converged"": true, ""end_geometry_sha256"": ""7d4e8e2d5a22d3374e345ceec18ac70ce0d0a2f0fd94faadca9a2af770aab0e3"", ""failure_class"": null, ""max_force_eV_A"": 0.07567279090252102, ""name"": ""bfgs_standard"", ""start_geometry_sha256"": ""5db5c5b7782248e23600e40a5350d324edc5973f6f9293d0de5973ebed77295e"", ""steps"": 24}]",7d4e8e2d5a22d3374e345ceec18ac70ce0d0a2f0fd94faadca9a2af770aab0e3,-3.4475146166980517,True,0.07558122400700953,220.0,100.0,0.08,converged,,bfgs_after_fire,"[{""ase_converged"": false, ""converged"": false, ""end_geometry_sha256"": ""b8067a7c7031fce9b8d7b516879f97e0948a8c6db9d08562c9dad4da36847fdd"", ""failure_class"": ""force_threshold"", ""max_force_eV_A"": 3.2186434666124466, ""name"": ""bfgs_standard"", ""start_geometry_sha256"": ""e0fc4a47580dbadcc3ec0f40c8c12265e0358b85749e8408a6ec6d41aa4c4c62"", ""steps"": 100}, {""ase_converged"": false, ""converged"": false, ""end_geometry_sha256"": ""b8a0d5c1236f9b2131bb3fc50b91bc9b6113a0a7efb656bed9b9c39d0f6ab8c3"", ""failure_class"": ""force_threshold"", ""max_force_eV_A"": 6.082683310135086, ""name"": ""fire_precondition"", ""qualifying"": false, ""start_geometry_sha256"": ""e0fc4a47580dbadcc3ec0f40c8c12265e0358b85749e8408a6ec6d41aa4c4c62"", ""steps"": 50}, {""ase_converged"": true, ""converged"": true, ""end_geometry_sha256"": ""8fb4be1a3b712ccd1f0c691543cb22bc7ab73fa57f8a0d19b0496a6099b9713e"", ""failure_class"": null, ""max_force_eV_A"": 0.07558122400700953, ""name"": ""bfgs_after_fire"", ""start_geometry_sha256"": ""b8a0d5c1236f9b2131bb3fc50b91bc9b6113a0a7efb656bed9b9c39d0f6ab8c3"", ""steps"": 70}]",8fb4be1a3b712ccd1f0c691543cb22bc7ab73fa57f8a0d19b0496a6099b9713e,2.3969320759176957,3.0,step_4_H2O,10.0,0.0,True,7.275136252939726,0.675000000035,False,quantitative_screening,0,0,eff5f9c661d746932a25,False,
"('MXene', 'Ti', 'CN', 3, 'F', 'Fe')",MXene,False,esen-sm-conserving-all-oc25:relax-v4:orr-che-v3,True,0.07937841953608905,90,150,0.08,converged,,bfgs_standard,"[{""ase_converged"": true, ""converged"": true, ""end_geometry_sha256"": ""d35d2e79fb1b623380660b6032858403a17b6c07643e4fd92dc4fb02cb67dcd8"", ""failure_class"": null, ""max_force_eV_A"": 0.07937841953608905, ""name"": ""bfgs_standard"", ""start_geometry_sha256"": ""25b07e9dc2b7e6966c13b8e9bd0b9e8df659a0c4207029297c080ff374afbba3"", ""steps"": 90}]",d35d2e79fb1b623380660b6032858403a17b6c07643e4fd92dc4fb02cb67dcd8,-333.61815552136574,True,0.0786250106047997,282.0,100.0,0.08,converged,,bfgs_after_fire,"[{""ase_converged"": false, ""converged"": false, ""end_geometry_sha256"": ""afe013af2f319fdc0255988caf76feeac6dda36d0a7302560d1963c9a0c05f1b"", ""failure_class"": ""force_threshold"", ""max_force_eV_A"": 0.14599806570448048, ""name"": ""bfgs_standard"", ""start_geometry_sha256"": ""59aacf5725e5f03958e36ed2f2771b7b307dc9501e47659107869fb14dd96bf0"", ""steps"": 100}, {""ase_converged"": false, ""converged"": false, ""end_geometry_sha256"": ""bbc4b7730462f7c95c31fb738df994010e9a88f0e89745167dc52204927ce3bc"", ""failure_class"": ""force_threshold"", ""max_force_eV_A"": 0.32175915508115194, ""name"": ""fire_precondition"", ""qualifying"": false, ""start_geometry_sha256"": ""59aacf5725e5f03958e36ed2f2771b7b307dc9501e47659107869fb14dd96bf0"", ""steps"": 50}, {""ase_converged"": true, ""converged"": true, ""end_geometry_sha256"": ""a614488f0517b44ce3ff4da33ead450c208a2cb3b159966572ce0d605cb33617"", ""failure_class"": null, ""max_force_eV_A"": 0.0786250106047997, ""name"": ""bfgs_after_fire"", ""start_geometry_sha256"": ""bbc4b7730462f7c95c31fb738df994010e9a88f0e89745167dc52204927ce3bc"", ""steps"": 132}]",a614488f0517b44ce3ff4da33ead450c208a2cb3b159966572ce0d605cb33617,-3.6489602898060705,True,0.07951329102347181,69.0,100.0,0.08,converged,,bfgs_standard,"[{""ase_converged"": true, ""converged"": true, ""end_geometry_sha256"": ""429d3fef11a76272d7abe027607bc4b229b9402b0dfa7df724d5a7c81dbd8b7b"", ""failure_class"": null, ""max_force_eV_A"": 0.07951329102347181, ""name"": ""bfgs_standard"", ""start_geometry_sha256"": ""13fad9fd605c7b10d576dd2566525852b54b079e9723cc28c0d03b531344bb4b"", ""steps"": 69}]",429d3fef11a76272d7abe027607bc4b229b9402b0dfa7df724d5a7c81dbd8b7b,-1.7757502429186978,False,3.6340073424671036,650.0,100.0,0.08,recovery_exhausted,force_threshold,fire_small_step,"[{""ase_converged"": false, ""converged"": false, ""end_geometry_sha256"": ""333db07a986e2a40c5c6b5608616cbe21d91a91c180ead23d7e520e9f14a8e27"", ""failure_class"": ""force_threshold"", ""max_force_eV_A"": 7.941552104309408, ""name"": ""bfgs_standard"", ""start_geometry_sha256"": ""e1ca8e9f002db00b4a4ae254a8644d76da44f652634fc9e3d19e634bbe785675"", ""steps"": 100}, {""ase_converged"": false, ""converged"": false, ""end_geometry_sha256"": ""19017b964936d8b43bee531d3924b9d7194bbcdcae5cd6c5a6194169de403a0c"", ""failure_class"": ""force_threshold"", ""max_force_eV_A"": 26.107971930969303, ""name"": ""fire_precondition"", ""qualifying"": false, ""start_geometry_sha256"": ""e1ca8e9f002db00b4a4ae254a8644d76da44f652634fc9e3d19e634bbe785675"", ""steps"": 50}, {""ase_converged"": false, ""converged"": false, ""end_geometry_sha256"": ""940d016f7b30a1145fa00f9851cce635d3029a204b515e3680beaf5d6efca927"", ""failure_class"": ""force_threshold"", ""max_force_eV_A"": 95.60639771898234, ""name"": ""bfgs_after_fire"", ""start_geometry_sha256"": ""19017b964936d8b43bee531d3924b9d7194bbcdcae5cd6c5a6194169de403a0c"", ""steps"": 200}, {""ase_converged"": false, ""converged"": false, ""end_geometry_sha256"": ""13e47f01a2ba8157705333f84045821b50f77cde1a8e1d524e0c5b13962c1f03"", ""failure_class"": ""force_threshold"", ""max_force_eV_A"": 3.6340073424671036, ""name"": ""fire_small_step"", ""start_geometry_sha256"": ""333db07a986e2a40c5c6b5608616cbe21d91a91c180ead23d7e520e9f14a8e27"", ""steps"": 300}]",13e47f01a2ba8157705333f84045821b50f77cde1a8e1d524e0c5b13962c1f03,,,,,,,,,True,validation_required,1,1,6db01bc1f6d47a7be01f,False,Unconverged ooh relaxation: max_force=3.63401 eV/A after 650 cumulative recovery steps
"('SAA', 'Pt', 'Ag', '100', 5000)",SAA,True,esen-sm-conserving-all-oc25:relax-v4:orr-che-v3,True,0.03599849815445964,8,150,0.08,converged,,bfgs_standard,"[{""ase_converged"": true, ""converged"": true, ""end_geometry_sha256"": ""a464b2ed3a7b26df999f04895e5bb3a85eedd18c6d30e2311b2666b4332f9576"", ""failure_class"": null, ""max_force_eV_A"": 0.03599849815445964, ""name"": ""bfgs_standard"", ""start_geometry_sha256"": ""34898b66d4e374fa12b487f2f25fe1676d82fa0277c5b1b181d2e672ca910f10"", ""steps"": 8}]",a464b2ed3a7b26df999f04895e5bb3a85eedd18c6d30e2311b2666b4332f9576,-44.80531155650522,True,0.07127543988829971,25.0,100.0,0.08,converged,,bfgs_standard,"[{""ase_converged"": true, ""converged"": true, ""end_geometry_sha256"": ""3da72b4883a49a87c7254f4d7a3c42784fd8d7cdb87a59df5056f8acd0ca70e0"", ""failure_class"": null, ""max_force_eV_A"": 0.07127543988829971, ""name"": ""bfgs_standard"", ""start_geometry_sha256"": ""7833035a908d4e555cde6495b0dd62059c7fd4ba13a735ef59e143af5bce2a6d"", ""steps"": 25}]",3da72b4883a49a87c7254f4d7a3c42784fd8d7cdb87a59df5056f8acd0ca70e0,0.6021574164927006,True,0.04435573989412119,19.0,100.0,0.08,converged,,bfgs_standard,"[{""ase_converged"": true, ""converged"": true, ""end_geometry_sha256"": ""15f744773642117a6574903160c07252d6d63645011c2dc1c2480dde133760f5"", ""failure_class"": null, ""max_force_eV_A"": 0.04435573989412119, ""name"": ""bfgs_standard"", ""start_geometry_sha256"": ""0b1e702cfe0bdd91a7e6af29d5663f7b3be4e638a39b1748ea1edd6a4cb2871a"", ""steps"": 19}]",15f744773642117a6574903160c07252d6d63645011c2dc1c2480dde133760f5,1.7772320874035394,True,0.05338255140869051,60.0,100.0,0.08,converged,,bfgs_standard,"[{""ase_converged"": true, ""converged"": true, ""end_geometry_sha256"": ""f03346e04ab821d502f351965178c0b398cc12252443071872aad468b2fe0a93"", ""failure_class"": null, ""max_force_eV_A"": 0.05338255140869051, ""name"": ""bfgs_standard"", ""start_geometry_sha256"": ""8ae06e279feda224dad1f65f84b2d44cf46d0f495cb05c3ec89d6b8658117fc1"", ""steps"": 60}]",f03346e04ab821d502f351965178c0b398cc12252443071872aad468b2fe0a93,2.859308670461181,0.6268425835072995,step_4_H2O,10.0,-2.0,True,2.37938950389624,0.902500000035,False,quantitative_screening,2,2,74bffc9beaa748366e42,False,
"('SAA', 'Pt', 'Ag', '211', 100)",SAA,True,esen-sm-conserving-all-oc25:relax-v4:orr-che-v3,True,0.03443634286672317,16,150,0.08,converged,,bfgs_standard,"[{""ase_converged"": true, ""converged"": true, ""end_geometry_sha256"": ""287e54435e0ba3befc399d376530c4122ce2f4c1024cde6d837adf5683a9aae3"", ""failure_class"": null, ""max_force_eV_A"": 0.03443634286672317, ""name"": ""bfgs_standard"", ""start_geometry_sha256"": ""5e8126d632f40e20ea39390058eb66a316247188d3219cbe5b8fa4ba07bc2123"", ""steps"": 16}]",287e54435e0ba3befc399d376530c4122ce2f4c1024cde6d837adf5683a9aae3,-171.78543382084288,True,0.07929101858565589,30.0,100.0,0.08,converged,,bfgs_standard,"[{""ase_converged"": true, ""converged"": true, ""end_geometry_sha256"": ""902d6384f87c69c8efd0cbbd7e6be1199d75eb3191279d33db30c0fbbd91acf2"", ""failure_class"": null, ""max_force_eV_A"": 0.07929101858565589, ""name"": ""bfgs_standard"", ""start_geometry_sha256"": ""ae35adf23b18d41839e39cc25bed7488cf7face84711d61ef116c78e585cb9c4"", ""steps"": 30}]",902d6384f87c69c8efd0cbbd7e6be1199d75eb3191279d33db30c0fbbd91acf2,0.8679140235483647,True,0.05364925764536635,17.0,100.0,0.08,converged,,bfgs_standard,"[{""ase_converged"": true, ""converged"": true, ""end_geometry_sha256"": ""36d6f8091471778ad77f6a1473f7d22dd04773472bca2088e256620d19cebff8"", ""failure_class"": null, ""max_force_eV_A"": 0.05364925764536635, ""name"": ""bfgs_standard"", ""start_geometry_sha256"": ""e537014e8f5214f4dda5fa703c2b9e0074b9e3dc4bed337f35fbb061b45bd3a5"", ""steps"": 17}]",36d6f8091471778ad77f6a1473f7d22dd04773472bca2088e256620d19cebff8,2.678091920167211,True,0.07464061076244084,46.0,100.0,0.08,converged,,bfgs_standard,"[{""ase_converged"": true, ""converged"": true, ""end_geometry_sha256"": ""706d0043c7fdce7ba6eafaadbf11106af147fafdcfc943beb8cece311182269c"", ""failure_class"": null, ""max_force_eV_A"": 0.07464061076244084, ""name"": ""bfgs_standard"", ""start_geometry_sha256"": ""aeb1fe974a6ad5057465e9d52b29d19425401817d99a1ada331a1cae37daf295"", ""steps"": 46}]",706d0043c7fdce7ba6eafaadbf11106af147fafdcfc943beb8cece311182269c,3.62601227611298,0.3610859764516354,step_4_H2O,10.0,-2.0,True,3.546005943715576,0.902500000035,False,quantitative_screening,0,0,bb928f4c40ee143d7174,False,
"('SAA', 'Pt', 'Ag', '211', 10000)",SAA,True,esen-sm-conserving-all-oc25:relax-v4:orr-che-v3,True,0.07278130764034879,11,150,0.08,converged,,bfgs_standard,"[{""ase_converged"": true, ""converged"": true, ""end_geometry_sha256"": ""98e5671d2e9f9fdccba7d58cd13d0f73f1e28a2c09d1ff5e0978fa251252c278"", ""failure_class"": null, ""max_force_eV_A"": 0.07278130764034879, ""name"": ""bfgs_standard"", ""start_geometry_sha256"": ""b013aa32884ff75646704107868fc44a730bba2b6b0aa38fc63370aafecb8ee3"", ""steps"": 11}]",98e5671d2e9f9fdccba7d58cd13d0f73f1e28a2c09d1ff5e0978fa251252c278,-45.39786135737802,True,0.0740006148213551,63.0,100.0,0.08,converged,,bfgs_standard,"[{""ase_converged"": true, ""converged"": true, ""end_geometry_sha256"": ""44f4913bca96fc5755c7f9a38469f3d71c46e1c4cb8a044a252cef38261f5a6d"", ""failure_class"": null, ""max_force_eV_A"": 0.0740006148213551, ""name"": ""bfgs_standard"", ""start_geometry_sha256"": ""0fdb93cf886649f4d80c35ef1dd6a14fdc3b9713f3e1583501f9f8191c532fc1"", ""steps"": 63}]",44f4913bca96fc5755c7f9a38469f3d71c46e1c4cb8a044a252cef38261f5a6d,2.40869480624795,True,0.0646310323010385,22.0,100.0,0.08,converged,,bfgs_standard,"[{""ase_converged"": true, ""converged"": true, ""end_geometry_sha256"": ""4bdc39d9f45a81f25fde2f56c4cc7cd0433972c1c434a45972e7f140f5fe71dd"", ""failure_class"": null, ""max_force_eV_A"": 0.0646310323010385, ""name"": ""bfgs_standard"", ""start_geometry_sha256"": ""9b62076da8e6e6f71f595150b6f559afa9527cdea1f629f75d82cb8e255cd985"", ""steps"": 22}]",4bdc39d9f45a81f25fde2f56c4cc7cd0433972c1c434a45972e7f140f5fe71dd,2.724621690064672,True,0.0686785070478602,89.0,100.0,0.08,converged,,bfgs_standard,"[{""ase_converged"": true, ""converged"": true, ""end_geometry_sha256"": ""d317ef9e10b8ee66954ec598e93db9cff336359fe1d860a52b546b12bda253c6"", ""failure_class"": null, ""max_force_eV_A"": 0.0686785070478602, ""name"": ""bfgs_standard"", ""start_geometry_sha256"": ""e3e4c8b92b07b6282cc9e6843c98cc4ef4073177c1b98de36db7635a755672fb"", ""steps"": 89}]",d317ef9e10b8ee66954ec598e93db9cff336359fe1d860a52b546b12bda253c6,3.0838977798819576,0.9130731161832779,step_3_OH,10.0,-2.0,True,5.133316496312622,0.902500000035,False,quantitative_screening,2,2,eccd5c8df024dccf75ff,False,
"('SAA', 'Pt', 'Au', '111', 500)",SAA,True,esen-sm-conserving-all-oc25:relax-v4:orr-che-v3,True,0.043345073123211335,16,150,0.08,converged,,bfgs_standard,"[{""ase_converged"": true, ""converged"": true, ""end_geometry_sha256"": ""19156bf79dbbe924a62ccad0dea1b44f28e71bfdfcaba06acf915150d51c6562"", ""failure_class"": null, ""max_force_eV_A"": 0.043345073123211335, ""name"": ""bfgs_standard"", ""start_geometry_sha256"": ""5d4f7bce03ebe190e48f760b1783ce88c55cf2b47e083e4543d407eabd8aea24"", ""steps"": 16}]",19156bf79dbbe924a62ccad0dea1b44f28e71bfdfcaba06acf915150d51c6562,-121.68194656564515,True,0.06402191016947176,45.0,100.0,0.08,converged,,bfgs_standard,"[{""ase_converged"": true, ""converged"": true, ""end_geometry_sha256"": ""11d59e0e19aabbd02c8ad7d69cb53eb398c7142d070f2d04e4eba396ba57d8e0"", ""failure_class"": null, ""max_force_eV_A"": 0.06402191016947176, ""name"": ""bfgs_standard"", ""start_geometry_sha256"": ""f518a07b07665062d6a775c4503eca027a85c084512c3bd5fff001cf5cf9ba2e"", ""steps"": 45}]",11d59e0e19aabbd02c8ad7d69cb53eb398c7142d070f2d04e4eba396ba57d8e0,1.7791321898996546,True,0.075890501515202,21.0,100.0,0.08,converged,,bfgs_standard,"[{""ase_converged"": true, ""converged"": true, ""end_geometry_sha256"": ""0c5e23f33b6526b961d2192d34e7ded95e88800997538789bd6b18827a04dc7a"", ""failure_class"": null, ""max_force_eV_A"": 0.075890501515202, ""name"": ""bfgs_standard"", ""start_geometry_sha256"": ""d9ac3bdfe90517c0d95d76ca087cfecd440ff3019a97f34928e3b0789501ed5f"", ""steps"": 21}]",0c5e23f33b6526b961d2192d34e7ded95e88800997538789bd6b18827a04dc7a,3.4940690167248,True,0.07135062447596491,63.0,100.0,0.08,converged,,bfgs_standard,"[{""ase_converged"": true, ""converged"": true, ""end_geometry_sha256"": ""9f5c4e5619cc7466b449b8cac02870fb11e22421fedac8dacdade119c4a96837"", ""failure_class"": null, ""max_force_eV_A"": 0.07135062447596491, ""name"": ""bfgs_standard"", ""start_geometry_sha256"": ""94c588ec0bd59e924879772d604fdccaf00aebc37247fb46acbc078d409e0485"", ""steps"": 63}]",9f5c4e5619cc7466b449b8cac02870fb11e22421fedac8dacdade119c4a96837,4.50611729472876,0.8151172947287604,step_1_OOH,10.0,-2.0,True,5.273201206624455,0.902500000035,False,quantitative_screening,0,0,969b753bd42ee1a40fbc,False,
"('SAA', 'Pt', 'Au', '100', 500)",SAA,True,esen-sm-conserving-all-oc25:relax-v4:orr-che-v3,True,0.049848769192868056,13,150,0.08,converged,,bfgs_standard,"[{""ase_converged"": true, ""converged"": true, ""end_geometry_sha256"": ""ed05f3264ce9491bf2d907f47f0a8739f5518c69fe0cb9bc35a719e7ebf38a33"", ""failure_class"": null, ""max_force_eV_A"": 0.049848769192868056, ""name"": ""bfgs_standard"", ""start_geometry_sha256"": ""6343107e004dae90e7c9bcd480738df1d0e8e544dcf0e8fc8e04308e6a5c1511"", ""steps"": 13}]",ed05f3264ce9491bf2d907f47f0a8739f5518c69fe0cb9bc35a719e7ebf38a33,-118.80827694131654,True,0.07077819625303002,59.0,100.0,0.08,converged,,bfgs_standard,"[{""ase_converged"": true, ""converged"": true, ""end_geometry_sha256"": ""3a67d355cd62a5ee8db2cc2b092044f33c06d21ba4156352be5afd655e875caa"", ""failure_class"": null, ""max_force_eV_A"": 0.07077819625303002, ""name"": ""bfgs_standard"", ""start_geometry_sha256"": ""f4200ce1bd3d0f7565da583e39c6732eb412f97579c541758e2428d8f29b41c3"", ""steps"": 59}]",3a67d355cd62a5ee8db2cc2b092044f33c06d21ba4156352be5afd655e875caa,0.9120300437510014,True,0.07965427922661289,46.0,100.0,0.08,converged,,bfgs_standard,"[{""ase_converged"": true, ""converged"": true, ""end_geometry_sha256"": ""bf4438b37a603deb2e5a30e2a8bfa596d689e90d370c93a871a2a4a60fd6e3a7"", ""failure_class"": null, ""max_force_eV_A"": 0.07965427922661289, ""name"": ""bfgs_standard"", ""start_geometry_sha256"": ""aeb042577da7086ba0d3f06e928692007e447aa7c88fa64d693d6807c372900d"", ""steps"": 46}]",bf4438b37a603deb2e5a30e2a8bfa596d689e90d370c93a871a2a4a60fd6e3a7,2.3298682339489494,True,0.07261499014479435,56.0,100.0,0.08,converged,,bfgs_standard,"[{""ase_converged"": true, ""converged"": true, ""end_geometry_sha256"": ""157522a5d9be1890d78a97a128c3f5e63c8d059e8581ec8c80a28a5392988470"", ""failure_class"": null, ""max_force_eV_A"": 0.07261499014479435, ""name"": ""bfgs_standard"", ""start_geometry_sha256"": ""3f8cd60a9180fc66da167b4e375e527a8104ab9f6a935a4d422b6d5372482c0c"", ""steps"": 56}]",157522a5d9be1890d78a97a128c3f5e63c8d059e8581ec8c80a28a5392988470,3.1175398334860835,0.4413284004628659,step_2_O,10.0,-2.0,True,3.241898277699951,0.902500000035,False,quantitative_screening,2,2,b010e8816a6969218a9a,False,
"('SAA', 'Pt', 'Au', '110', 100)",SAA,True,esen-sm-conserving-all-oc25:relax-v4:orr-che-v3,True,0.056310606429540354,16,150,0.08,converged,,bfgs_standard,"[{""ase_converged"": true, ""converged"": true, ""end_geometry_sha256"": ""8cab4d23497dd7f945c6f31c86a3cab42d994c8a909edb6269971f47ffd990ab"", ""failure_class"": null, ""max_force_eV_A"": 0.056310606429540354, ""name"": ""bfgs_standard"", ""start_geometry_sha256"": ""3b8524a5d5f1c3da92db962896673e02f847e510f9d1c10ee257d683023a5a8f"", ""steps"": 16}]",8cab4d23497dd7f945c6f31c86a3cab42d994c8a909edb6269971f47ffd990ab,-234.10779375358163,True,0.04961083987617195,61.0,100.0,0.08,converged,,bfgs_standard,"[{""ase_converged"": true, ""converged"": true, ""end_geometry_sha256"": ""7f8f6eef3e12f5b184c3fc4f50ee2eec1fd9d7f385815d71adaa27cdb589bbd6"", ""failure_class"": null, ""max_force_eV_A"": 0.04961083987617195, ""name"": ""bfgs_standard"", ""start_geometry_sha256"": ""094929cd071428ee9ad367016f20be2855686e2d1d3cf26044b4fdde0d9733a2"", ""steps"": 61}]",7f8f6eef3e12f5b184c3fc4f50ee2eec1fd9d7f385815d71adaa27cdb589bbd6,3.054035964161158,True,0.06909651638013753,29.0,100.0,0.08,converged,,bfgs_standard,"[{""ase_converged"": true, ""converged"": true, ""end_geometry_sha256"": ""402ffa55336b40fa060d94a35937a471a3bec9c0d77ebdff2d9fee91961dcf34"", ""failure_class"": null, ""max_force_eV_A"": 0.06909651638013753, ""name"": ""bfgs_standard"", ""start_geometry_sha256"": ""451b44b69df49d2aee2a95ad2af3785e22b7007a8b2dccb08a0173dd7bb43c2b"", ""steps"": 29}]",402ffa55336b40fa060d94a35937a471a3bec9c0d77ebdff2d9fee91961dcf34,-0.11585434600710513,True,0.07096628178775621,88.0,100.0,0.08,converged,,bfgs_standard,"[{""ase_converged"": true, ""converged"": true, ""end_geometry_sha256"": ""a3543e531824b475dbec7542965edd05682e6edf70a7467b5b73140ee4e11315"", ""failure_class"": null, ""max_force_eV_A"": 0.07096628178775621, ""name"": ""bfgs_standard"", ""start_geometry_sha256"": ""74f9458693aed51debe78e5c4e72a89f7bfecf5ae91c464e718781890122d5ed"", ""steps"": 88}]",a3543e531824b475dbec7542965edd05682e6edf70a7467b5b73140ee4e11315,5.488806198537354,3.0,step_3_OH,10.0,-2.0,True,3.169890310168263,0.902500000035,False,quantitative_screening,0,0,2886144fb6cba934b2e3,False,
"('SAA', 'Pt', 'Au', '211', 2000)",SAA,True,esen-sm-conserving-all-oc25:relax-v4:orr-che-v3,True,0.05409981619187999,9,150,0.08,converged,,bfgs_standard,"[{""ase_converged"": true, ""converged"": true, ""end_geometry_sha256"": ""ab63b45a7896e8d731cb6fa7b06fa8e64676ab28b5f0a6d6ad590558e17d3d2d"", ""failure_class"": null, ""max_force_eV_A"": 0.05409981619187999, ""name"": ""bfgs_standard"", ""start_geometry_sha256"": ""91c016fa698c885ad48f694732b9972b240b5cca43d2ef8072069364a0c0bf88"", ""steps"": 9}]",ab63b45a7896e8d731cb6fa7b06fa8e64676ab28b5f0a6d6ad590558e17d3d2d,-55.61472584989238,True,0.05423480257354436,37.0,100.0,0.08,converged,,bfgs_standard,"[{""ase_converged"": true, ""converged"": true, ""end_geometry_sha256"": ""04408ab852faf20056d0083836fbbb55c0bd1faba3833d1d7637692f54044711"", ""failure_class"": null, ""max_force_eV_A"": 0.05423480257354436, ""name"": ""bfgs_standard"", ""start_geometry_sha256"": ""1b544f2195fe300112f79983f1c299146fcfa470438c940ea95528caf9925a94"", ""steps"": 37}]",04408ab852faf20056d0083836fbbb55c0bd1faba3833d1d7637692f54044711,4.433130088001489,True,0.07804777297046124,17.0,100.0,0.08,converged,,bfgs_standard,"[{""ase_converged"": true, ""converged"": true, ""end_geometry_sha256"": ""a0ae9e1df62f588cac26c57da2705c2271ec43225311d4551a44a518803c7923"", ""failure_class"": null, ""max_force_eV_A"": 0.07804777297046124, ""name"": ""bfgs_standard"", ""start_geometry_sha256"": ""2c560167a8f9221a51b5a309b4d9fc58dc7a2f5f0db6261a731f7df38ee1a421"", ""steps"": 17}]",a0ae9e1df62f588cac26c57da2705c2271ec43225311d4551a44a518803c7923,3.581780827790502,True,0.07603569392537608,70.0,100.0,0.08,converged,,bfgs_standard,"[{""ase_converged"": true, ""converged"": true, ""end_geometry_sha256"": ""3a4e1d5137fe1e73f6fdef802229fe0ffd3c6fa0072ac6d97f41ec6b05294184"", ""failure_class"": null, ""max_force_eV_A"": 0.07603569392537608, ""name"": ""bfgs_standard"", ""start_geometry_sha256"": ""b2e5ebae9dc8341c32897e94ba0b3bb56ff69419ed1323bf21ccde217e5008bf"", ""steps"": 70}]",3a4e1d5137fe1e73f6fdef802229fe0ffd3c6fa0072ac6d97f41ec6b05294184,4.900245617330079,2.080349260210987,step_3_OH,10.0,-2.0,True,8.01491091579199,0.902500000035,False,quantitative_screening,2,2,527f7dc54dd5ccacb7f1,False,
"('SAA', 'Pt', 'Sn', '111', 1000)",SAA,True,esen-sm-conserving-all-oc25:relax-v4:orr-che-v3,True,0.07330172945508534,92,150,0.08,converged,,bfgs_standard,"[{""ase_converged"": true, ""converged"": true, ""end_geometry_sha256"": ""7e8f5f72ca68a5354ce69bf407dcebbb8f6df044a745f4309f82d077a929747d"", ""failure_class"": null, ""max_force_eV_A"": 0.07330172945508534, ""name"": ""bfgs_standard"", ""start_geometry_sha256"": ""446e3c056b74d0deafa250f241d6cb75bbb78311f7decbc5b0625cd071e18fb4"", ""steps"": 92}]",7e8f5f72ca68a5354ce69bf407dcebbb8f6df044a745f4309f82d077a929747d,-120.66648879505536,True,0.07889015421530006,78.0,100.0,0.08,converged,,bfgs_standard,"[{""ase_converged"": true, ""converged"": true, ""end_geometry_sha256"": ""d06c1d53aefc77828352d9968a178baf5025d9172ff44238ee91b438d4399097"", ""failure_class"": null, ""max_force_eV_A"": 0.07889015421530006, ""name"": ""bfgs_standard"", ""start_geometry_sha256"": ""76b368b2c48840bf409b760655ce5905734dbb093cf7d17ee83fd6f1465c2409"", ""steps"": 78}]",d06c1d53aefc77828352d9968a178baf5025d9172ff44238ee91b438d4399097,0.7080257560312748,True,0.06870893847015556,242.0,100.0,0.08,converged,,bfgs_after_fire,"[{""ase_converged"": false, ""converged"": false, ""end_geometry_sha256"": ""adf992d16053ef3af36655ddf1173abe1d90c7d0ebca960af2a4461ea1022850"", ""failure_class"": ""force_threshold"", ""max_force_eV_A"": 0.40034460722927623, ""name"": ""bfgs_standard"", ""start_geometry_sha256"": ""0fd12a4bdc684d95f3be08279ac2c652a1dca0dda5850ef39963bf7c968c72cc"", ""steps"": 100}, {""ase_converged"": true, ""converged"": true, ""end_geometry_sha256"": ""e96c23c4b2eff20cfe685b8ec0c38e4114f62ad32d21318149523190ed3f0964"", ""failure_class"": null, ""max_force_eV_A"": 0.2082522406911135, ""name"": ""fire_precondition"", ""qualifying"": false, ""start_geometry_sha256"": ""0fd12a4bdc684d95f3be08279ac2c652a1dca0dda5850ef39963bf7c968c72cc"", ""steps"": 28}, {""ase_converged"": true, ""converged"": true, ""end_geometry_sha256"": ""0396a8cbc175ff7f6cbe7da45b913debe36cc2c234024b6d4fdd6869dc0f3cd6"", ""failure_class"": null, ""max_force_eV_A"": 0.06870893847015556, ""name"": ""bfgs_after_fire"", ""start_geometry_sha256"": ""e96c23c4b2eff20cfe685b8ec0c38e4114f62ad32d21318149523190ed3f0964"", ""steps"": 114}]",0396a8cbc175ff7f6cbe7da45b913debe36cc2c234024b6d4fdd6869dc0f3cd6,0.6596383221447504,True,0.06399947307613368,81.0,100.0,0.08,converged,,bfgs_standard,"[{""ase_converged"": true, ""converged"": true, ""end_geometry_sha256"": ""48aa69bdb1c9cc21cbc21150937fd53543c19c01c65b92e16bc0f857886a8a6e"", ""failure_class"": null, ""max_force_eV_A"": 0.06399947307613368, ""name"": ""bfgs_standard"", ""start_geometry_sha256"": ""ee8c37533ac645d9825aa605d183b10d509cda5faabfed31465441d736c2d0c6"", ""steps"": 81}]",48aa69bdb1c9cc21cbc21150937fd53543c19c01c65b92e16bc0f857886a8a6e,3.9939169391989746,1.2773874338865245,step_3_OH,10.0,-2.0,True,1.3676640781760252,0.902500000035,False,quantitative_screening,0,0,a21d4272deeebd44ed51,False,
"('SAA', 'Pt', 'Sn', '111', 2000)",SAA,False,esen-sm-conserving-all-oc25:relax-v4:orr-che-v3,True,0.07933817027788465,65,150,0.08,converged,,bfgs_standard,"[{""ase_converged"": true, ""converged"": true, ""end_geometry_sha256"": ""e1dbde6244e731d570e215d49de292c925f59406fbdd13cea0991de0fd0646c3"", ""failure_class"": null, ""max_force_eV_A"": 0.07933817027788465, ""name"": ""bfgs_standard"", ""start_geometry_sha256"": ""e940f65fb7b398f1b90db71b6eb57a421bc019b3189deecbbbaf708894ef1a59"", ""steps"": 65}]",e1dbde6244e731d570e215d49de292c925f59406fbdd13cea0991de0fd0646c3,-61.472860365959626,True,0.06633853166951265,219.0,100.0,0.08,converged,,bfgs_after_fire,"[{""ase_converged"": false, ""converged"": false, ""end_geometry_sha256"": ""891f4d1cbcba0610927b6fd31b99e322d12b592619e32b4355bb1a880dc5aa1a"", ""failure_class"": ""force_threshold"", ""max_force_eV_A"": 0.1752725182339433, ""name"": ""bfgs_standard"", ""start_geometry_sha256"": ""d9b3974d541c9883060849002afb5f381090d1e195e189adecbbcb9f5242b123"", ""steps"": 100}, {""ase_converged"": false, ""converged"": false, ""end_geometry_sha256"": ""d9f723bb15665d320f137184025acf4548d7a1de2ca5766952328b44d26fe641"", ""failure_class"": ""force_threshold"", ""max_force_eV_A"": 1.041626440245748, ""name"": ""fire_precondition"", ""qualifying"": false, ""start_geometry_sha256"": ""d9b3974d541c9883060849002afb5f381090d1e195e189adecbbcb9f5242b123"", ""steps"": 50}, {""ase_converged"": true, ""converged"": true, ""end_geometry_sha256"": ""4d4cce005f06ddbd52cb96c06a3ce96f631aa0643b048250f162ee0861278f79"", ""failure_class"": null, ""max_force_eV_A"": 0.06633853166951265, ""name"": ""bfgs_after_fire"", ""start_geometry_sha256"": ""d9f723bb15665d320f137184025acf4548d7a1de2ca5766952328b44d26fe641"", ""steps"": 69}]",4d4cce005f06ddbd52cb96c06a3ce96f631aa0643b048250f162ee0861278f79,3.1012973289191654,True,0.07857868721385648,366.0,100.0,0.08,converged,,fire_small_step,"[{""ase_converged"": false, ""converged"": false, ""end_geometry_sha256"": ""4b56203f8a92f7992e9a25574c03dbd280ed1e3c613732680d92fd4a063ef2b7"", ""failure_class"": ""force_threshold"", ""max_force_eV_A"": 0.39690125621343225, ""name"": ""bfgs_standard"", ""start_geometry_sha256"": ""8aa534d08d4c42cfa03003760912650a6bfdc2069f65b9bd1a3647178740c57e"", ""steps"": 100}, {""ase_converged"": false, ""converged"": false, ""end_geometry_sha256"": ""836791c6ead441bcf8878e15d5625868b3c9fe1ecf3ddb93048813f5898b30fe"", ""failure_class"": ""force_threshold"", ""max_force_eV_A"": 1.7280547824819101, ""name"": ""fire_precondition"", ""qualifying"": false, ""start_geometry_sha256"": ""8aa534d08d4c42cfa03003760912650a6bfdc2069f65b9bd1a3647178740c57e"", ""steps"": 50}, {""ase_converged"": false, ""converged"": false, ""end_geometry_sha256"": ""0cf387494865cd9b34dba197c7866b2a66c6454f0785a06b655a6ea4f502b8b9"", ""failure_class"": ""force_threshold"", ""max_force_eV_A"": 0.11305257492348135, ""name"": ""bfgs_after_fire"", ""start_geometry_sha256"": ""836791c6ead441bcf8878e15d5625868b3c9fe1ecf3ddb93048813f5898b30fe"", ""steps"": 200}, {""ase_converged"": true, ""converged"": true, ""end_geometry_sha256"": ""772e1e3bf48389b3de3d72ecf5ba8d67562837dd1937594490bad99e7cd029be"", ""failure_class"": null, ""max_force_eV_A"": 0.07857868721385648, ""name"": ""fire_small_step"", ""start_geometry_sha256"": ""0cf387494865cd9b34dba197c7866b2a66c6454f0785a06b655a6ea4f502b8b9"", ""steps"": 16}]",772e1e3bf48389b3de3d72ecf5ba8d67562837dd1937594490bad99e7cd029be,7.082469619065519,True,0.07289493114179216,302.0,100.0,0.08,converged,,bfgs_after_fire,"[{""ase_converged"": false, ""converged"": false, ""end_geometry_sha256"": ""b37f273f11c0b45546129898b86c8da9fc27eec2b340eab2919d768858406bcd"", ""failure_class"": ""force_threshold"", ""max_force_eV_A"": 0.18497603258267709, ""name"": ""bfgs_standard"", ""start_geometry_sha256"": ""0578c16f03d28024010057eb2119884511ec4818a9c01e13308f904053d32cfc"", ""steps"": 100}, {""ase_converged"": false, ""converged"": false, ""end_geometry_sha256"": ""b1dba37517066c33373e344f57ea13bd29b824bd61e97504e869c0419a50d94b"", ""failure_class"": ""force_threshold"", ""max_force_eV_A"": 1.0050785449023958, ""name"": ""fire_precondition"", ""qualifying"": false, ""start_geometry_sha256"": ""0578c16f03d28024010057eb2119884511ec4818a9c01e13308f904053d32cfc"", ""steps"": 50}, {""ase_converged"": true, ""converged"": true, ""end_geometry_sha256"": ""44438ff4dae28e75af33fd70b605af255013827738c5ec2baaf8a3c804ce94b9"", ""failure_class"": null, ""max_force_eV_A"": 0.07289493114179216, ""name"": ""bfgs_after_fire"", ""start_geometry_sha256"": ""b1dba37517066c33373e344f57ea13bd29b824bd61e97504e869c0419a50d94b"", ""steps"": 152}]",44438ff4dae28e75af33fd70b605af255013827738c5ec2baaf8a3c804ce94b9,10.870634268224237,7.179634268224237,step_1_OOH,10.0,-2.0,True,10.183766947984685,,True,validation_required,2,2,7b76f9e9f8367eeb9361,False,Unphysical dG_OOH_eV=10.87 eV
"('SAA', 'Pt', 'Sn', '100', 5000)",SAA,True,esen-sm-conserving-all-oc25:relax-v4:orr-che-v3,True,0.07044044689622445,112,150,0.08,converged,,bfgs_standard,"[{""ase_converged"": true, ""converged"": true, ""end_geometry_sha256"": ""2cea0c3e5faa3b88bac77a9899e8b00a50f84178324b4f77899ed03521917276"", ""failure_class"": null, ""max_force_eV_A"": 0.07044044689622445, ""name"": ""bfgs_standard"", ""start_geometry_sha256"": ""b55d4a4fc81b9fdb9568ecdaaa4e70537fc90d32ce39c0da4ee19dd92b65fcc4"", ""steps"": 112}]",2cea0c3e5faa3b88bac77a9899e8b00a50f84178324b4f77899ed03521917276,-54.43209531888626,True,0.07293561820998103,34.0,100.0,0.08,converged,,bfgs_standard,"[{""ase_converged"": true, ""converged"": true, ""end_geometry_sha256"": ""3a63bb3d22e98076f3f849fd9aefec0d444391d0cbf01a3ac073bd7a2a5d89bc"", ""failure_class"": null, ""max_force_eV_A"": 0.07293561820998103, ""name"": ""bfgs_standard"", ""start_geometry_sha256"": ""b3ed0b2a83f1c05c714e107f2678edf890dde7cc52c8b4d635d663b0ed741ac4"", ""steps"": 34}]",3a63bb3d22e98076f3f849fd9aefec0d444391d0cbf01a3ac073bd7a2a5d89bc,0.9662674094736505,True,0.07875992687943008,53.0,100.0,0.08,converged,,bfgs_standard,"[{""ase_converged"": true, ""converged"": true, ""end_geometry_sha256"": ""21201ee6327af9dfa593b3d98bbaddf765a1e5260e4fc150727d8a73347b6e5a"", ""failure_class"": null, ""max_force_eV_A"": 0.07875992687943008, ""name"": ""bfgs_standard"", ""start_geometry_sha256"": ""6b7d4191881cce0666449c7f4896d696ea1ca07cc8fb57a5a5bb624e449a3f6f"", ""steps"": 53}]",21201ee6327af9dfa593b3d98bbaddf765a1e5260e4fc150727d8a73347b6e5a,0.7093400128185714,True,0.07683924838360598,36.0,100.0,0.08,converged,,bfgs_standard,"[{""ase_converged"": true, ""converged"": true, ""end_geometry_sha256"": ""f930857d5da2a449f5b3c4d9fdee05ea16fa604ed2b77b0cd35527e1bbd99b76"", ""failure_class"": null, ""max_force_eV_A"": 0.07683924838360598, ""name"": ""bfgs_standard"", ""start_geometry_sha256"": ""de0812bce01a06b1aefd0b07866ad5f8a5b184f7568b4d20bc01257e93424e11"", ""steps"": 36}]",f930857d5da2a449f5b3c4d9fdee05ea16fa604ed2b77b0cd35527e1bbd99b76,4.362288425862786,1.4859273966550792,step_3_OH,10.0,-2.0,True,1.675607422292222,0.902500000035,False,quantitative_screening,1,1,0f338067d7fb1652e634,False,
"('MetalFreeCarbon', 'pyridinic', 0.04, 'edge_zigzag', 'CNT', 'P')",MetalFreeCarbon,True,esen-sm-conserving-all-oc25:relax-v4:orr-che-v3,True,0.07125643361490702,96,150,0.08,converged,,bfgs_standard,"[{""ase_converged"": true, ""converged"": true, ""end_geometry_sha256"": ""c9a9718d133368d1e7d3668af433fca2558e10391ffb92a7dd509cebf798004c"", ""failure_class"": null, ""max_force_eV_A"": 0.07125643361490702, ""name"": ""bfgs_standard"", ""start_geometry_sha256"": ""b2cd55f8664f9218eeb7b896d9748adbc129217c6afaab9989ca95a56c92f826"", ""steps"": 96}]",c9a9718d133368d1e7d3668af433fca2558e10391ffb92a7dd509cebf798004c,-138.30664686707348,True,0.07208465267497417,41.0,100.0,0.08,converged,,bfgs_standard,"[{""ase_converged"": true, ""converged"": true, ""end_geometry_sha256"": ""a73943d5ea3ef3fad8a9e9a5411266ad8d0788e2576ce24b537bafc2eab01421"", ""failure_class"": null, ""max_force_eV_A"": 0.07208465267497417, ""name"": ""bfgs_standard"", ""start_geometry_sha256"": ""7985d22f40d785dc89103750acc4826f0d8c2067005f09c95449b80672fa9dc1"", ""steps"": 41}]",a73943d5ea3ef3fad8a9e9a5411266ad8d0788e2576ce24b537bafc2eab01421,2.428132834583521,True,0.0746950850672107,69.0,100.0,0.08,converged,,bfgs_standard,"[{""ase_converged"": true, ""converged"": true, ""end_geometry_sha256"": ""6324f4c0c33d600ecb17a132b446b6998d1ba6fa9ee5626742c123387da8ef58"", ""failure_class"": null, ""max_force_eV_A"": 0.0746950850672107, ""name"": ""bfgs_standard"", ""start_geometry_sha256"": ""337e3cfb5bec4d25e673845c3e63d57408159f62a73ba9f8eff68d356bf35f8b"", ""steps"": 69}]",6324f4c0c33d600ecb17a132b446b6998d1ba6fa9ee5626742c123387da8ef58,2.444155610352758,True,0.071986912669715,70.0,100.0,0.08,converged,,bfgs_standard,"[{""ase_converged"": true, ""converged"": true, ""end_geometry_sha256"": ""90f143d608f4de6a7d1383e9216f54c35ec3afcf9233b637df32a60d63193302"", ""failure_class"": null, ""max_force_eV_A"": 0.071986912669715, ""name"": ""bfgs_standard"", ""start_geometry_sha256"": ""ff6242543a25238f9e8c937f97791a3a185c4cac03a7afef5b0eda9eb3ee3a47"", ""steps"": 70}]",90f143d608f4de6a7d1383e9216f54c35ec3afcf9233b637df32a60d63193302,4.968137215077881,1.2771372150778815,step_1_OOH,10.0,0.0,True,4.872288444936279,0.27249999999999996,True,quantitative_screening,0,0,af826bac5a69badaf835,False,
"('MetalFreeCarbon', 'pyridinic', 0.04, 'edge_armchair', 'graphdiyne', 'P')",MetalFreeCarbon,True,esen-sm-conserving-all-oc25:relax-v4:orr-che-v3,True,0.07316413184468513,99,150,0.08,converged,,bfgs_standard,"[{""ase_converged"": true, ""converged"": true, ""end_geometry_sha256"": ""4ee4222a106fa7b53c353e71a8c16402b3c84d152dd8559b1c9003c2e55d056c"", ""failure_class"": null, ""max_force_eV_A"": 0.07316413184468513, ""name"": ""bfgs_standard"", ""start_geometry_sha256"": ""ed03815f7f2f2a6552c0e6f26c3103ba5afe1368920ee1b5e037639b41cd6dba"", ""steps"": 99}]",4ee4222a106fa7b53c353e71a8c16402b3c84d152dd8559b1c9003c2e55d056c,-140.7185241883578,True,0.07799135645418533,226.0,100.0,0.08,converged,,bfgs_after_fire,"[{""ase_converged"": false, ""converged"": false, ""end_geometry_sha256"": ""5a88d0e2ec834558fbf5d06def781989375c8ea39671f796a12c17f15514db8d"", ""failure_class"": ""force_threshold"", ""max_force_eV_A"": 0.09373578894651508, ""name"": ""bfgs_standard"", ""start_geometry_sha256"": ""20a06031c09fb887306d258ed3a4b2f744165380bcad185f1a442e1393aa3350"", ""steps"": 100}, {""ase_converged"": true, ""converged"": true, ""end_geometry_sha256"": ""dad5d0c433094a4357bf4b2c764c9a7256ee0519a8a4b8de8963b8c9ced913f4"", ""failure_class"": null, ""max_force_eV_A"": 0.21131106846056888, ""name"": ""fire_precondition"", ""qualifying"": false, ""start_geometry_sha256"": ""20a06031c09fb887306d258ed3a4b2f744165380bcad185f1a442e1393aa3350"", ""steps"": 21}, {""ase_converged"": true, ""converged"": true, ""end_geometry_sha256"": ""fa3232cf6f2ec5b5281d2f619e57c97993d03f85fd1ae1e1f98b1c6774630638"", ""failure_class"": null, ""max_force_eV_A"": 0.07799135645418533, ""name"": ""bfgs_after_fire"", ""start_geometry_sha256"": ""dad5d0c433094a4357bf4b2c764c9a7256ee0519a8a4b8de8963b8c9ced913f4"", ""steps"": 105}]",fa3232cf6f2ec5b5281d2f619e57c97993d03f85fd1ae1e1f98b1c6774630638,0.28767377391457555,True,0.07480460062080324,32.0,100.0,0.08,converged,,bfgs_standard,"[{""ase_converged"": true, ""converged"": true, ""end_geometry_sha256"": ""1430e4a544913fb8ce08366f39a6a461d127a9201f8a76acbc6c824b70c6b2cf"", ""failure_class"": null, ""max_force_eV_A"": 0.07480460062080324, ""name"": ""bfgs_standard"", ""start_geometry_sha256"": ""9dedf417aac97f9a28cda957223cd1e06ac089d146c406742dd3f40d22c078c6"", ""steps"": 32}]",1430e4a544913fb8ce08366f39a6a461d127a9201f8a76acbc6c824b70c6b2cf,2.572202599793676,True,0.07308190620544576,35.0,100.0,0.08,converged,,bfgs_standard,"[{""ase_converged"": true, ""converged"": true, ""end_geometry_sha256"": ""c206ee2cf6197338d7b2e66f6695b754dad9c485f273283c2d9aafed91564a7b"", ""failure_class"": null, ""max_force_eV_A"": 0.07308190620544576, ""name"": ""bfgs_standard"", ""start_geometry_sha256"": ""230948086c1fc02f73e22cba99b283ce5b95148314add1f519a4200890e8bd82"", ""steps"": 35}]",c206ee2cf6197338d7b2e66f6695b754dad9c485f273283c2d9aafed91564a7b,5.315161655843262,1.6241616558432623,step_1_OOH,10.0,0.0,True,2.8598763737082513,0.27249999999999996,True,quantitative_screening,1,1,fecadaaa9609d6842152,False,
"('MetalFreeCarbon', 'pyridinic', 0.04, 'pentagon_heptagon', 'graphene', 'F')",MetalFreeCarbon,True,esen-sm-conserving-all-oc25:relax-v4:orr-che-v3,True,0.07723393473716493,58,150,0.08,converged,,bfgs_standard,"[{""ase_converged"": true, ""converged"": true, ""end_geometry_sha256"": ""e204c46f643d602bc5c277ff2bdfe3e11b5941fccaf2aecf9496e8a161add125"", ""failure_class"": null, ""max_force_eV_A"": 0.07723393473716493, ""name"": ""bfgs_standard"", ""start_geometry_sha256"": ""e7968708e596007d5cd0b735b8d4064d69190b5caddfb0d9aa3a423f665b5fed"", ""steps"": 58}]",e204c46f643d602bc5c277ff2bdfe3e11b5941fccaf2aecf9496e8a161add125,-139.262058394172,True,0.07844402030272905,95.0,100.0,0.08,converged,,bfgs_standard,"[{""ase_converged"": true, ""converged"": true, ""end_geometry_sha256"": ""03247ff437b18ced327760c24b24d7bef8b8e77991eda7c99fce09a829e693d0"", ""failure_class"": null, ""max_force_eV_A"": 0.07844402030272905, ""name"": ""bfgs_standard"", ""start_geometry_sha256"": ""674fbac40c1685d5a2725e86bacde1f7bee108fd05863ae6464c2d3d7d5617a4"", ""steps"": 95}]",03247ff437b18ced327760c24b24d7bef8b8e77991eda7c99fce09a829e693d0,-0.6280595634877681,True,0.07591228981806064,69.0,100.0,0.08,converged,,bfgs_standard,"[{""ase_converged"": true, ""converged"": true, ""end_geometry_sha256"": ""1a5fb849f22a5b6d426a5e30ed549d89ee478d9d8b0c23427207203902cff5cb"", ""failure_class"": null, ""max_force_eV_A"": 0.07591228981806064, ""name"": ""bfgs_standard"", ""start_geometry_sha256"": ""c3df583f440c2ddd320ee0d9ccd139e8497951bca762ad7c94193dc2884979c8"", ""steps"": 69}]",1a5fb849f22a5b6d426a5e30ed549d89ee478d9d8b0c23427207203902cff5cb,2.0887040264904533,True,0.06373302353953006,189.0,100.0,0.08,converged,,bfgs_after_fire,"[{""ase_converged"": false, ""converged"": false, ""end_geometry_sha256"": ""47172314eb5689bf5ed02ff2b3c9329339879ce2ff40aedc33e06bb29eacdd02"", ""failure_class"": ""force_threshold"", ""max_force_eV_A"": 0.16004729136643422, ""name"": ""bfgs_standard"", ""start_geometry_sha256"": ""ceb264afe11309e395b0c2659b6446c18d85cfa2cfb5f41bd252d0e59b1d1b81"", ""steps"": 100}, {""ase_converged"": true, ""converged"": true, ""end_geometry_sha256"": ""4e6a95069d9bca2a2896156d29c5f125dbfedf3ae6f0919f127765b41a0af023"", ""failure_class"": null, ""max_force_eV_A"": 0.22845106839098867, ""name"": ""fire_precondition"", ""qualifying"": false, ""start_geometry_sha256"": ""ceb264afe11309e395b0c2659b6446c18d85cfa2cfb5f41bd252d0e59b1d1b81"", ""steps"": 33}, {""ase_converged"": true, ""converged"": true, ""end_geometry_sha256"": ""dd023e4028b5b66e84ceb302a174dfc6951ddcb2b54ca70071f8fd25f409f204"", ""failure_class"": null, ""max_force_eV_A"": 0.06373302353953006, ""name"": ""bfgs_after_fire"", ""start_geometry_sha256"": ""4e6a95069d9bca2a2896156d29c5f125dbfedf3ae6f0919f127765b41a0af023"", ""steps"": 56}]",dd023e4028b5b66e84ceb302a174dfc6951ddcb2b54ca70071f8fd25f409f204,4.717338512837891,1.8570595634877682,step_4_H2O,10.0,0.0,True,2.716763589978221,0.27249999999999996,True,quantitative_screening,0,0,0be1a391bdd9fb4f28a0,False,
"('MetalFreeCarbon', 'pyridinic', 0.04, 'pentagon_heptagon', 'graphdiyne', 'B')",MetalFreeCarbon,True,esen-sm-conserving-all-oc25:relax-v4:orr-che-v3,True,0.06135907049179946,78,150,0.08,converged,,bfgs_standard,"[{""ase_converged"": true, ""converged"": true, ""end_geometry_sha256"": ""ad2c11d744d5baebb3616821c509421ae8a536297738fbc32f98435cfb918b4b"", ""failure_class"": null, ""max_force_eV_A"": 0.06135907049179946, ""name"": ""bfgs_standard"", ""start_geometry_sha256"": ""d0f19516f4ab864900be185b96b1426a11cbb122507a94272f43663f2b904f85"", ""steps"": 78}]",ad2c11d744d5baebb3616821c509421ae8a536297738fbc32f98435cfb918b4b,-143.64820553925412,True,0.07107828982398845,46.0,100.0,0.08,converged,,bfgs_standard,"[{""ase_converged"": true, ""converged"": true, ""end_geometry_sha256"": ""e8e13d326822b82383463281cac813481eaaa078887f389e183743efe3310bdd"", ""failure_class"": null, ""max_force_eV_A"": 0.07107828982398845, ""name"": ""bfgs_standard"", ""start_geometry_sha256"": ""7dda3d5fe72b9da39ccdf213e11c273678106fb6feef1d96e832c30e335a35d0"", ""steps"": 46}]",e8e13d326822b82383463281cac813481eaaa078887f389e183743efe3310bdd,2.9700008060038092,True,0.07377610770422038,37.0,100.0,0.08,converged,,bfgs_standard,"[{""ase_converged"": true, ""converged"": true, ""end_geometry_sha256"": ""8389ba8a6ab94d51f86198c71620731614feaa2831e52a150d624df2ee6bfa82"", ""failure_class"": null, ""max_force_eV_A"": 0.07377610770422038, ""name"": ""bfgs_standard"", ""start_geometry_sha256"": ""86191f1495a7e77e321c6d99c655521fb9d1e58db058c4f8a513709aefe75ba9"", ""steps"": 37}]",8389ba8a6ab94d51f86198c71620731614feaa2831e52a150d624df2ee6bfa82,2.5205513603985343,True,0.07419805426068135,26.0,100.0,0.08,converged,,bfgs_standard,"[{""ase_converged"": true, ""converged"": true, ""end_geometry_sha256"": ""36c9ae5cb262668fa1c2f08381597bb7288dab462fca56884d37a6ae0795e5fb"", ""failure_class"": null, ""max_force_eV_A"": 0.07419805426068135, ""name"": ""bfgs_standard"", ""start_geometry_sha256"": ""db452cbc5b18217c17185545ac86441da979b70360b8433f870d0925cfca1d38"", ""steps"": 26}]",36c9ae5cb262668fa1c2f08381597bb7288dab462fca56884d37a6ae0795e5fb,5.366500566899781,1.678449445605275,step_3_OH,10.0,0.0,True,5.490552166402344,0.27249999999999996,True,quantitative_screening,1,1,e4e24702247c51121b6a,False,
"('MetalFreeCarbon', 'pyridinic', 0.06, 'none', 'CNT', 'F')",MetalFreeCarbon,True,esen-sm-conserving-all-oc25:relax-v4:orr-che-v3,True,0.07432179673058999,52,150,0.08,converged,,bfgs_standard,"[{""ase_converged"": true, ""converged"": true, ""end_geometry_sha256"": ""0ef1ab1e609ab7288861a9bc85db547f715602781fb5d8b07a6691639546ecde"", ""failure_class"": null, ""max_force_eV_A"": 0.07432179673058999, ""name"": ""bfgs_standard"", ""start_geometry_sha256"": ""6a9442820bcf6bb0ef2719e791e66e3300b65376f3721c33aa15719f7dac64ab"", ""steps"": 52}]",0ef1ab1e609ab7288861a9bc85db547f715602781fb5d8b07a6691639546ecde,-139.0661515890925,True,0.07025381353966985,69.0,100.0,0.08,converged,,bfgs_standard,"[{""ase_converged"": true, ""converged"": true, ""end_geometry_sha256"": ""c17ae93b2e9c6916817c7fda0ff0ac531cce2aa364fc4aec5457ba419a67b807"", ""failure_class"": null, ""max_force_eV_A"": 0.07025381353966985, ""name"": ""bfgs_standard"", ""start_geometry_sha256"": ""80ffa266308d34505819c3bc8e5df23ac4b0b0ea43452411e50c6d25fb17298b"", ""steps"": 69}]",c17ae93b2e9c6916817c7fda0ff0ac531cce2aa364fc4aec5457ba419a67b807,2.9692028190195563,True,0.07441187206353371,71.0,100.0,0.08,converged,,bfgs_standard,"[{""ase_converged"": true, ""converged"": true, ""end_geometry_sha256"": ""c04b0c08615796c7ef4e773eb8d0a4890d830f3450516d9cba22958e85e323d3"", ""failure_class"": null, ""max_force_eV_A"": 0.07441187206353371, ""name"": ""bfgs_standard"", ""start_geometry_sha256"": ""f9692e9c0033c3b666410b89456e1d6da8d74be7817b5e0b84b7a4534b913396"", ""steps"": 71}]",c04b0c08615796c7ef4e773eb8d0a4890d830f3450516d9cba22958e85e323d3,3.1657737858593498,True,0.07886794422024314,49.0,100.0,0.08,converged,,bfgs_standard,"[{""ase_converged"": true, ""converged"": true, ""end_geometry_sha256"": ""81cf3b1137afb057930c97857a4d1dc49b828c0ce848a22945a255f501fa28df"", ""failure_class"": null, ""max_force_eV_A"": 0.07886794422024314, ""name"": ""bfgs_standard"", ""start_geometry_sha256"": ""c4401c9ea4080fbade0a687a9c9d6b0e86229152d058e5c966315d9acaa5abdf"", ""steps"": 49}]",81cf3b1137afb057930c97857a4d1dc49b828c0ce848a22945a255f501fa28df,5.354384373128418,1.6633843731284186,step_1_OOH,10.0,0.0,True,6.134976604878906,0.27249999999999996,True,quantitative_screening,2,2,d5900638d7f392d5ccca,False,
"('MetalFreeCarbon', 'pyridinic', 0.06, 'none', 'graphene_nanoribbon', 'none')",MetalFreeCarbon,True,esen-sm-conserving-all-oc25:relax-v4:orr-che-v3,True,0.0751880103713136,46,150,0.08,converged,,bfgs_standard,"[{""ase_converged"": true, ""converged"": true, ""end_geometry_sha256"": ""6d9a6a6a60fef6839070d82c64b0f5cda5e7120a324663e72ae8122404eae43d"", ""failure_class"": null, ""max_force_eV_A"": 0.0751880103713136, ""name"": ""bfgs_standard"", ""start_geometry_sha256"": ""a7a89257d9bdae51c7cdfec3fac2c212c85ecca71c5f7d011e449629d895bb8d"", ""steps"": 46}]",6d9a6a6a60fef6839070d82c64b0f5cda5e7120a324663e72ae8122404eae43d,-135.64135436568301,True,0.06957174810832957,39.0,100.0,0.08,converged,,bfgs_standard,"[{""ase_converged"": true, ""converged"": true, ""end_geometry_sha256"": ""925d43e8571371a9382b3b1fd1d54df2971ce0084fdc652b5bc50a5a4f14becd"", ""failure_class"": null, ""max_force_eV_A"": 0.06957174810832957, ""name"": ""bfgs_standard"", ""start_geometry_sha256"": ""cf57364c3115fb84b9b7349d5f1dd11d9106ab750fd6eb1046bed5e2b65e0e44"", ""steps"": 39}]",925d43e8571371a9382b3b1fd1d54df2971ce0084fdc652b5bc50a5a4f14becd,3.0062027598917487,True,0.07960310380944677,82.0,100.0,0.08,converged,,bfgs_standard,"[{""ase_converged"": true, ""converged"": true, ""end_geometry_sha256"": ""eb69d2841f02dcba154c2c0c8d3b4e3c6ff208151c246c7cb38fe13d5dffd690"", ""failure_class"": null, ""max_force_eV_A"": 0.07960310380944677, ""name"": ""bfgs_standard"", ""start_geometry_sha256"": ""934ce8f45792cd2d0b829a1bb50e15085b33ba5f0e211c8cb9c78e2a96fecb3c"", ""steps"": 82}]",eb69d2841f02dcba154c2c0c8d3b4e3c6ff208151c246c7cb38fe13d5dffd690,3.702031768113378,True,0.07262332758800526,33.0,100.0,0.08,converged,,bfgs_standard,"[{""ase_converged"": true, ""converged"": true, ""end_geometry_sha256"": ""0a4024b6e12f15d7b7a9bd1b26f5993d8d0e861345d36ac8616ccb400920f376"", ""failure_class"": null, ""max_force_eV_A"": 0.07262332758800526, ""name"": ""bfgs_standard"", ""start_geometry_sha256"": ""d8708fd55031d91a088ca2aa91b4465fb83612833e609aec9086cb8e8fbe573e"", ""steps"": 33}]",0a4024b6e12f15d7b7a9bd1b26f5993d8d0e861345d36ac8616ccb400920f376,5.385672758519654,1.694672758519654,step_1_OOH,10.0,0.0,True,6.708234528005127,0.27249999999999996,True,quantitative_screening,1,1,486fcd18c38304eb70f1,False,
"('MetalFreeCarbon', 'pyridinic', 0.06, 'divacancy', 'graphene', 'none')",MetalFreeCarbon,True,esen-sm-conserving-all-oc25:relax-v4:orr-che-v3,True,0.07315361727833278,50,150,0.08,converged,,bfgs_standard,"[{""ase_converged"": true, ""converged"": true, ""end_geometry_sha256"": ""867ed44a18ae70d18fa734fec0100fbd496ad43ea704b95278338488de72b154"", ""failure_class"": null, ""max_force_eV_A"": 0.07315361727833278, ""name"": ""bfgs_standard"", ""start_geometry_sha256"": ""45fd09d94e8252574919f63b43d7ecec4bd678f6ed2608996b3ac08301b8811e"", ""steps"": 50}]",867ed44a18ae70d18fa734fec0100fbd496ad43ea704b95278338488de72b154,-135.6389894917969,True,0.07495117528243904,39.0,100.0,0.08,converged,,bfgs_standard,"[{""ase_converged"": true, ""converged"": true, ""end_geometry_sha256"": ""2256ba5b4da42a90a6cf3f5df94725e58c03df170d301d9ed399091e2d683480"", ""failure_class"": null, ""max_force_eV_A"": 0.07495117528243904, ""name"": ""bfgs_standard"", ""start_geometry_sha256"": ""513822fde8d85409a14f5781b068b65f2b9dc791300de3234a62ac5ace28d52f"", ""steps"": 39}]",2256ba5b4da42a90a6cf3f5df94725e58c03df170d301d9ed399091e2d683480,3.0051735068857672,True,0.06910868248638713,86.0,100.0,0.08,converged,,bfgs_standard,"[{""ase_converged"": true, ""converged"": true, ""end_geometry_sha256"": ""b2bb70efbe601b86f9470f6383c1a628e8051ab47ded1416ae52eb0ec3958745"", ""failure_class"": null, ""max_force_eV_A"": 0.06910868248638713, ""name"": ""bfgs_standard"", ""start_geometry_sha256"": ""943bac8af554fa17ab6276a0a81860d0c5c4e0924c45e5fc7b48fc2363683756"", ""steps"": 86}]",b2bb70efbe601b86f9470f6383c1a628e8051ab47ded1416ae52eb0ec3958745,3.694714463502172,True,0.06837456792400311,33.0,100.0,0.08,converged,,bfgs_standard,"[{""ase_converged"": true, ""converged"": true, ""end_geometry_sha256"": ""88b13a1977d36932e18bb86d4bc1c774b87abfc770ebded13142875144c58c17"", ""failure_class"": null, ""max_force_eV_A"": 0.06837456792400311, ""name"": ""bfgs_standard"", ""start_geometry_sha256"": ""9c9870f498a834edc6718ba89d736b5be1fbd786fe1695762d8bc8be8a53838f"", ""steps"": 33}]",88b13a1977d36932e18bb86d4bc1c774b87abfc770ebded13142875144c58c17,5.387143562734131,1.6961435627341315,step_1_OOH,10.0,0.0,True,6.699887970387939,0.27249999999999996,True,quantitative_screening,0,0,c948da743e24a480b5e4,False,
"('MetalFreeCarbon', 'pyridinic', 0.06, 'divacancy', 'graphene_nanoribbon', 'B')",MetalFreeCarbon,True,esen-sm-conserving-all-oc25:relax-v4:orr-che-v3,True,0.07554306094970543,74,150,0.08,converged,,bfgs_standard,"[{""ase_converged"": true, ""converged"": true, ""end_geometry_sha256"": ""678fb11e918927d245f6458b20b9bce26760d5807a597080694eec0e3594c9b2"", ""failure_class"": null, ""max_force_eV_A"": 0.07554306094970543, ""name"": ""bfgs_standard"", ""start_geometry_sha256"": ""9a2ab7c308f634c05b507f3b646fa0577889e95e64af9b2cd5ade38cea95a8c7"", ""steps"": 74}]",678fb11e918927d245f6458b20b9bce26760d5807a597080694eec0e3594c9b2,-143.6472313609399,True,0.07482551231041029,45.0,100.0,0.08,converged,,bfgs_standard,"[{""ase_converged"": true, ""converged"": true, ""end_geometry_sha256"": ""d449c3c9fb56cc767a849376de26cb526596faee8df2f4cd9b24a44c6fe68a31"", ""failure_class"": null, ""max_force_eV_A"": 0.07482551231041029, ""name"": ""bfgs_standard"", ""start_geometry_sha256"": ""9e5e1de3076b5a41ccb6dab41426e4d3c802cc4331c19bc63d9b08ae25ac27e5"", ""steps"": 45}]",d449c3c9fb56cc767a849376de26cb526596faee8df2f4cd9b24a44c6fe68a31,2.970552029758692,True,0.07481031016183552,37.0,100.0,0.08,converged,,bfgs_standard,"[{""ase_converged"": true, ""converged"": true, ""end_geometry_sha256"": ""d7335a8b852d05840ebcf5189cf922b822e18a4e90bc947ffff76a4a1f4fb232"", ""failure_class"": null, ""max_force_eV_A"": 0.07481031016183552, ""name"": ""bfgs_standard"", ""start_geometry_sha256"": ""aef6cd9fa27ee6bddb8799d44a5a60e39a2a14ca4df9415463fa9f72b2e1de80"", ""steps"": 37}]",d7335a8b852d05840ebcf5189cf922b822e18a4e90bc947ffff76a4a1f4fb232,2.5185920365154777,True,0.07654430573239303,25.0,100.0,0.08,converged,,bfgs_standard,"[{""ase_converged"": true, ""converged"": true, ""end_geometry_sha256"": ""67850d685cb842efb00cc09d76f037bd66c8c803baee56edd303999dcb6f692f"", ""failure_class"": null, ""max_force_eV_A"": 0.07654430573239303, ""name"": ""bfgs_standard"", ""start_geometry_sha256"": ""1146ea5cfc6d3a81e99f6512c18697ee7e7f829275345a1d9a4db93e1ac0744c"", ""steps"": 25}]",67850d685cb842efb00cc09d76f037bd66c8c803baee56edd303999dcb6f692f,5.367139528691773,1.6809599932432144,step_3_OH,10.0,0.0,True,5.48914406627417,0.27249999999999996,True,quantitative_screening,2,2,0db0eb3aa5865f9c3eae,False,
"('MetalFreeCarbon', 'pyridinic', 0.06, 'edge_zigzag', 'graphene', 'P')",MetalFreeCarbon,True,esen-sm-conserving-all-oc25:relax-v4:orr-che-v3,True,0.07312474433840911,109,150,0.08,converged,,bfgs_standard,"[{""ase_converged"": true, ""converged"": true, ""end_geometry_sha256"": ""f2d35c6b3e412b42cd18d28dffff77b70176ed523664d104ca39e87f54e9497d"", ""failure_class"": null, ""max_force_eV_A"": 0.07312474433840911, ""name"": ""bfgs_standard"", ""start_geometry_sha256"": ""cb34639708844e9973bc19772010865c5f6cf1fdaf4793754b1c9e158d3dfd90"", ""steps"": 109}]",f2d35c6b3e412b42cd18d28dffff77b70176ed523664d104ca39e87f54e9497d,-140.72414323743007,True,0.0685839112046249,94.0,100.0,0.08,converged,,bfgs_standard,"[{""ase_converged"": true, ""converged"": true, ""end_geometry_sha256"": ""e5162a73db74ad24c5c51c67f35bbe4d213d54e59727fac8368d772ab9118537"", ""failure_class"": null, ""max_force_eV_A"": 0.0685839112046249, ""name"": ""bfgs_standard"", ""start_geometry_sha256"": ""5f83d915bd3e01ee0a0a3e10cd08d700b314041f65124ba984af1e5ed0fc4de1"", ""steps"": 94}]",e5162a73db74ad24c5c51c67f35bbe4d213d54e59727fac8368d772ab9118537,0.30532819285988805,True,0.07433096574471058,39.0,100.0,0.08,converged,,bfgs_standard,"[{""ase_converged"": true, ""converged"": true, ""end_geometry_sha256"": ""c4694ef838956cdb179344e9acf4bfbe44af0fda73549da703753421b0b241b1"", ""failure_class"": null, ""max_force_eV_A"": 0.07433096574471058, ""name"": ""bfgs_standard"", ""start_geometry_sha256"": ""cd4729f21160e8efa159f93f17c3314b9b5d55db897f4b6da076e97184e6650b"", ""steps"": 39}]",c4694ef838956cdb179344e9acf4bfbe44af0fda73549da703753421b0b241b1,2.5733260281384025,True,0.07667874400463383,35.0,100.0,0.08,converged,,bfgs_standard,"[{""ase_converged"": true, ""converged"": true, ""end_geometry_sha256"": ""46e2385c7dfe464064f78bfdffe2211cd0b3917e0cf7ea4077d1e6a34e0d82f5"", ""failure_class"": null, ""max_force_eV_A"": 0.07667874400463383, ""name"": ""bfgs_standard"", ""start_geometry_sha256"": ""2b9ec33e0ffb93c4d9b3fa4883efd5ff2dc99fc94c825c9701f71bb8d45d552f"", ""steps"": 35}]",46e2385c7dfe464064f78bfdffe2211cd0b3917e0cf7ea4077d1e6a34e0d82f5,5.314325283467774,1.623325283467774,step_1_OOH,10.0,0.0,True,2.8786542209982904,0.27249999999999996,True,quantitative_screening,1,1,8ffd416fcdc9382cc87f,False,
"('MetalFreeCarbon', 'pyridinic', 0.06, 'edge_armchair', 'graphene', 'B')",MetalFreeCarbon,True,esen-sm-conserving-all-oc25:relax-v4:orr-che-v3,True,0.05839415200559507,74,150,0.08,converged,,bfgs_standard,"[{""ase_converged"": true, ""converged"": true, ""end_geometry_sha256"": ""f567c26f4166fcda123d8bf7a5d6ce4a142f7c6fec8261a495e16295d337b8b2"", ""failure_class"": null, ""max_force_eV_A"": 0.05839415200559507, ""name"": ""bfgs_standard"", ""start_geometry_sha256"": ""b42f02d1454803a7bb426afa1ccfcce82b57dd38944c419ff4c39674a8cb7bc0"", ""steps"": 74}]",f567c26f4166fcda123d8bf7a5d6ce4a142f7c6fec8261a495e16295d337b8b2,-143.64888646271604,True,0.06944087472872805,46.0,100.0,0.08,converged,,bfgs_standard,"[{""ase_converged"": true, ""converged"": true, ""end_geometry_sha256"": ""4902558e0a3011bb76fef656af0754a35048ed39c40b6b38214e03de49e01a31"", ""failure_class"": null, ""max_force_eV_A"": 0.06944087472872805, ""name"": ""bfgs_standard"", ""start_geometry_sha256"": ""424a32c7590087fcdbcd5f3e84759658ff10427a16ea5c788dfc1661e570a2c2"", ""steps"": 46}]",4902558e0a3011bb76fef656af0754a35048ed39c40b6b38214e03de49e01a31,2.9720202113687995,True,0.07692268665401948,36.0,100.0,0.08,converged,,bfgs_standard,"[{""ase_converged"": true, ""converged"": true, ""end_geometry_sha256"": ""2c5f643ab7e65d41a9c39b3d68c819fc8353f55d0b9253d6f727374d670723ce"", ""failure_class"": null, ""max_force_eV_A"": 0.07692268665401948, ""name"": ""bfgs_standard"", ""start_geometry_sha256"": ""4d30ad8523a9c95c9de931eb7a80894ec2e3c6bc0506c64c300592e7205ed19a"", ""steps"": 36}]",2c5f643ab7e65d41a9c39b3d68c819fc8353f55d0b9253d6f727374d670723ce,2.521308577805761,True,0.07952111763224286,25.0,100.0,0.08,converged,,bfgs_standard,"[{""ase_converged"": true, ""converged"": true, ""end_geometry_sha256"": ""03e92f38ae0ce083185a8c12bc0f89aa1fedfdb2ef7bf0cea555766546f395f4"", ""failure_class"": null, ""max_force_eV_A"": 0.07952111763224286, ""name"": ""bfgs_standard"", ""start_geometry_sha256"": ""8f2c9be5ae836ec1f3e00cf7ad6bccb56b069dee4435ea3dae00c7bfc6a34c30"", ""steps"": 25}]",03e92f38ae0ce083185a8c12bc0f89aa1fedfdb2ef7bf0cea555766546f395f4,5.369698236882691,1.6797116335630387,step_3_OH,10.0,0.0,True,5.49332878917456,0.27249999999999996,True,quantitative_screening,0,0,35566c7d02e08ce9cfdc,False,
