genome,material_class,valid,screening_protocol,relax_clean_converged,relax_clean_max_force_eV_A,relax_clean_steps,relax_clean_step_limit,relax_clean_fmax_eV_A,relax_clean_termination,relax_clean_failure_class,relax_clean_selected_attempt,relax_clean_attempts_json,relax_clean_geometry_sha256,e_clean,relax_oh_converged,relax_oh_max_force_eV_A,relax_oh_steps,relax_oh_step_limit,relax_oh_fmax_eV_A,relax_oh_termination,relax_oh_failure_class,relax_oh_selected_attempt,relax_oh_attempts_json,relax_oh_geometry_sha256,dG_OH_eV,relax_o_converged,relax_o_max_force_eV_A,relax_o_steps,relax_o_step_limit,relax_o_fmax_eV_A,relax_o_termination,relax_o_failure_class,relax_o_selected_attempt,relax_o_attempts_json,relax_o_geometry_sha256,dG_O_eV,relax_ooh_converged,relax_ooh_max_force_eV_A,relax_ooh_steps,relax_ooh_step_limit,relax_ooh_fmax_eV_A,relax_ooh_termination,relax_ooh_failure_class,relax_ooh_selected_attempt,relax_ooh_attempts_json,relax_ooh_geometry_sha256,dG_OOH_eV,orr_overpotential_V,rate_determining_step,fenton_stability,cost_penalty,fc_viable,binding_strength,model_confidence,needs_dft_validation,candidate_disposition,worker_id,gpu_id,candidate_id,cache_hit,error
"('SolidCatalyst', 'Mn', 'Graphite', 'bcc211', 0.1, ('Ce', 'Rb'), 1, 0)",SolidCatalyst,True,esen-sm-conserving-all-oc25:relax-v4:orr-che-v3,True,0.07446817741108186,25,150,0.08,converged,,bfgs_standard,"[{""ase_converged"": true, ""converged"": true, ""end_geometry_sha256"": ""eabb3a42ddca8125cd0860a88c6bc3def09d9e431733b52557262fbd46191cc1"", ""failure_class"": null, ""max_force_eV_A"": 0.07446817741108186, ""name"": ""bfgs_standard"", ""start_geometry_sha256"": ""e3d63d0fa587d54e5c0a0551e1b2ab210fc26e75d9c967c09f59e63ab1ac2c9a"", ""steps"": 25}]",eabb3a42ddca8125cd0860a88c6bc3def09d9e431733b52557262fbd46191cc1,-280.32217794009745,True,0.06490943978020754,20,100,0.08,converged,,bfgs_standard,"[{""ase_converged"": true, ""converged"": true, ""end_geometry_sha256"": ""4d4dfa004e3ac0b13111e977c1ff6b86c7a1d7f70192a5ac3061879d69c126ed"", ""failure_class"": null, ""max_force_eV_A"": 0.06490943978020754, ""name"": ""bfgs_standard"", ""start_geometry_sha256"": ""ee9d5ed7c50147032d8575c23be9de87cb3647291bbe2152cec92048cd5e2381"", ""steps"": 20}]",4d4dfa004e3ac0b13111e977c1ff6b86c7a1d7f70192a5ac3061879d69c126ed,-0.8729383324086666,True,0.07678968884612386,16.0,100.0,0.08,converged,,bfgs_standard,"[{""ase_converged"": true, ""converged"": true, ""end_geometry_sha256"": ""3964242ecd216b9baefc4d34064796254ea23cdaee6ee2f6fc3c8ef5cfb6db8c"", ""failure_class"": null, ""max_force_eV_A"": 0.07678968884612386, ""name"": ""bfgs_standard"", ""start_geometry_sha256"": ""02d3aa2c23d4d71a948e16ed901b4d58b0be72dffbff8e93f4f2e6e82403d3e8"", ""steps"": 16}]",3964242ecd216b9baefc4d34064796254ea23cdaee6ee2f6fc3c8ef5cfb6db8c,-1.3916835419833908,True,0.07512890212481112,45.0,100.0,0.08,converged,,bfgs_standard,"[{""ase_converged"": true, ""converged"": true, ""end_geometry_sha256"": ""b96a02229389561b72fdad4ce96dfced7f735ade995a2df918bad1d55b3f9028"", ""failure_class"": null, ""max_force_eV_A"": 0.07512890212481112, ""name"": ""bfgs_standard"", ""start_geometry_sha256"": ""fd7d8718aeff37627ad34a5e9be9f434c003eff82791ff1bb5dbd4989b4d48db"", ""steps"": 45}]",b96a02229389561b72fdad4ce96dfced7f735ade995a2df918bad1d55b3f9028,-2.8434229984879744,2.6807394565045835,step_2_O,9.0,0.0,True,2.2646218743920574,0.8664825313502684,False,quantitative_screening,0,0,619024be23792ae44400,False,
"('SolidCatalyst', 'Mn', 'SiC', 'hcp1120', 0.01578947368421052, ('F', 'Sm'), 2, 1)",SolidCatalyst,False,esen-sm-conserving-all-oc25:relax-v4:orr-che-v3,True,0.07588842209640956,64,150,0.08,converged,,bfgs_standard,"[{""ase_converged"": true, ""converged"": true, ""end_geometry_sha256"": ""504b0e196f42ef462363bb43aa539b912ef285afcca7637a3ff3c55efa88e998"", ""failure_class"": null, ""max_force_eV_A"": 0.07588842209640956, ""name"": ""bfgs_standard"", ""start_geometry_sha256"": ""d1df4bce3779d4e6ea1a8ce9a32b854a56a3fa324323add4099d04a7fd69433b"", ""steps"": 64}]",504b0e196f42ef462363bb43aa539b912ef285afcca7637a3ff3c55efa88e998,-274.31732571296607,True,0.0670043366638866,68,100,0.08,converged,,bfgs_standard,"[{""ase_converged"": true, ""converged"": true, ""end_geometry_sha256"": ""f6368a1c2422e75be1e92d48bd5f8329536302da2e2936bc30b7766b10b3446d"", ""failure_class"": null, ""max_force_eV_A"": 0.0670043366638866, ""name"": ""bfgs_standard"", ""start_geometry_sha256"": ""509ef155625e540c450269b608a3a4554d903ba067d93f03bb347374b370e54c"", ""steps"": 68}]",f6368a1c2422e75be1e92d48bd5f8329536302da2e2936bc30b7766b10b3446d,-1.414236721843481,True,0.0766495487190221,34.0,100.0,0.08,converged,,bfgs_standard,"[{""ase_converged"": true, ""converged"": true, ""end_geometry_sha256"": ""3335a2fc8f956485902ad361bf801c45a3bb952d5e5f125c1e342257fd86b9ab"", ""failure_class"": null, ""max_force_eV_A"": 0.0766495487190221, ""name"": ""bfgs_standard"", ""start_geometry_sha256"": ""299326b70cdce36ad710ade2ce8b467033778eabac933af8efbdbba41755d1f7"", ""steps"": 34}]",3335a2fc8f956485902ad361bf801c45a3bb952d5e5f125c1e342257fd86b9ab,-1.5562129847705044,False,5.307904138651284,650.0,100.0,0.08,recovery_exhausted,force_threshold,fire_small_step,"[{""ase_converged"": false, ""converged"": false, ""end_geometry_sha256"": ""4756abca1a45f281f35fc403556e39dd92b55b97e4522e39cde43f54e3f36fe1"", ""failure_class"": ""force_threshold"", ""max_force_eV_A"": 211.94474995283525, ""name"": ""bfgs_standard"", ""start_geometry_sha256"": ""28d7d05b575438118ca41af664248a074124a88dd853b4f5d5bc967363789f6e"", ""steps"": 100}, {""ase_converged"": false, ""converged"": false, ""end_geometry_sha256"": ""b880b3340f76cbc10c167a06ebc76e3c84d54c0ef2b783a788579005e2dd04f0"", ""failure_class"": ""force_threshold"", ""max_force_eV_A"": 19.305768450548634, ""name"": ""fire_precondition"", ""qualifying"": false, ""start_geometry_sha256"": ""28d7d05b575438118ca41af664248a074124a88dd853b4f5d5bc967363789f6e"", ""steps"": 50}, {""ase_converged"": false, ""converged"": false, ""end_geometry_sha256"": ""2c1a161fb2c51cc0c658784456cea7dbd9b7b675684d4493527341fdc909e9d9"", ""failure_class"": ""force_threshold"", ""max_force_eV_A"": 1426.1458848135203, ""name"": ""bfgs_after_fire"", ""start_geometry_sha256"": ""b880b3340f76cbc10c167a06ebc76e3c84d54c0ef2b783a788579005e2dd04f0"", ""steps"": 200}, {""ase_converged"": false, ""converged"": false, ""end_geometry_sha256"": ""31436046d645f39408db016b12d10a520fbed24fa38e3b52de6b9c3330c73468"", ""failure_class"": ""force_threshold"", ""max_force_eV_A"": 5.307904138651284, ""name"": ""fire_small_step"", ""start_geometry_sha256"": ""b880b3340f76cbc10c167a06ebc76e3c84d54c0ef2b783a788579005e2dd04f0"", ""steps"": 300}]",31436046d645f39408db016b12d10a520fbed24fa38e3b52de6b9c3330c73468,,,,,,,,,True,validation_required,2,2,7b930edcb13b5bc4b4e8,False,Unconverged ooh relaxation: max_force=5.3079 eV/A after 650 cumulative recovery steps
"('SolidCatalyst', 'Mn', 'HfB2', 'bcc110', 0.07894736842105263, ('W', 'K'), 3, 0)",SolidCatalyst,True,esen-sm-conserving-all-oc25:relax-v4:orr-che-v3,True,0.07973597276196724,556,150,0.08,converged,,fire_small_step,"[{""ase_converged"": false, ""converged"": false, ""end_geometry_sha256"": ""b49c36b0b7b1986abe2175b7bad24d7742403315d557c2dfd18abeaaea84b76e"", ""failure_class"": ""force_threshold"", ""max_force_eV_A"": 0.18601107709340767, ""name"": ""bfgs_standard"", ""start_geometry_sha256"": ""1f3bbe85021b266f80cc83a34ab9d44b4c189007bb526a47f29d5457e44306d5"", ""steps"": 150}, {""ase_converged"": false, ""converged"": false, ""end_geometry_sha256"": ""5e9909bb1f21146322cd89dbc0e330692040eb8d9313ea2a9b5a9bb84b55035f"", ""failure_class"": ""force_threshold"", ""max_force_eV_A"": 1.1532187843107824, ""name"": ""fire_precondition"", ""qualifying"": false, ""start_geometry_sha256"": ""1f3bbe85021b266f80cc83a34ab9d44b4c189007bb526a47f29d5457e44306d5"", ""steps"": 75}, {""ase_converged"": false, ""converged"": false, ""end_geometry_sha256"": ""4c6eaf5ffeb57706e46433393c7beaf06dffe5931372dc9b9ab369f56ff3c0e1"", ""failure_class"": ""force_threshold"", ""max_force_eV_A"": 0.3494619568185446, ""name"": ""bfgs_after_fire"", ""start_geometry_sha256"": ""5e9909bb1f21146322cd89dbc0e330692040eb8d9313ea2a9b5a9bb84b55035f"", ""steps"": 300}, {""ase_converged"": true, ""converged"": true, ""end_geometry_sha256"": ""248cc0c006fcce8ab83cbcd9c540a4fe3c989285b2a0abfdc7ac0a23e0e7d271"", ""failure_class"": null, ""max_force_eV_A"": 0.07973597276196724, ""name"": ""fire_small_step"", ""start_geometry_sha256"": ""b49c36b0b7b1986abe2175b7bad24d7742403315d557c2dfd18abeaaea84b76e"", ""steps"": 31}]",248cc0c006fcce8ab83cbcd9c540a4fe3c989285b2a0abfdc7ac0a23e0e7d271,-377.4546823464668,True,0.07721640003695852,65,100,0.08,converged,,bfgs_standard,"[{""ase_converged"": true, ""converged"": true, ""end_geometry_sha256"": ""7cab2f7c83d7c18a59790e2dadbc83e58d148402b4644942ce573c71e2c0be1d"", ""failure_class"": null, ""max_force_eV_A"": 0.07721640003695852, ""name"": ""bfgs_standard"", ""start_geometry_sha256"": ""b48fdf9b56f2042ee4eca2803abc1d764bc4af81ad35eb0bfc24391358aef07d"", ""steps"": 65}]",7cab2f7c83d7c18a59790e2dadbc83e58d148402b4644942ce573c71e2c0be1d,-1.6094896171987056,True,0.07034411784994046,68.0,100.0,0.08,converged,,bfgs_standard,"[{""ase_converged"": true, ""converged"": true, ""end_geometry_sha256"": ""d15a08be89e9e5be2def9c0397bb12281760e91a291259663c764fe2a7e05b64"", ""failure_class"": null, ""max_force_eV_A"": 0.07034411784994046, ""name"": ""bfgs_standard"", ""start_geometry_sha256"": ""b7ee46879afbc80f3de4a90559f924d5b0fd67cfd288835f5994df1c230b9e99"", ""steps"": 68}]",d15a08be89e9e5be2def9c0397bb12281760e91a291259663c764fe2a7e05b64,-3.0655260913074267,True,0.07449328434963554,274.0,100.0,0.08,converged,,bfgs_after_fire,"[{""ase_converged"": false, ""converged"": false, ""end_geometry_sha256"": ""a378906a883c66ac8f01243e0ecf4b08a8b5b39c88c3a120df57feeb0c5a2335"", ""failure_class"": ""force_threshold"", ""max_force_eV_A"": 0.19867434921763724, ""name"": ""bfgs_standard"", ""start_geometry_sha256"": ""05acf646299f7ac258ab119735fbdefc1030e2ea1b48e92a1dfb96ae00957cc3"", ""steps"": 100}, {""ase_converged"": true, ""converged"": true, ""end_geometry_sha256"": ""58be3bb35280f92164de31f8d8025929edad7419084b3c2095713e918116b0ca"", ""failure_class"": null, ""max_force_eV_A"": 0.20476507265609345, ""name"": ""fire_precondition"", ""qualifying"": false, ""start_geometry_sha256"": ""05acf646299f7ac258ab119735fbdefc1030e2ea1b48e92a1dfb96ae00957cc3"", ""steps"": 48}, {""ase_converged"": true, ""converged"": true, ""end_geometry_sha256"": ""f78e3293d7e2222caeb0b77e8e8f66dc77cc0253a0572688127bffdd548ba74a"", ""failure_class"": null, ""max_force_eV_A"": 0.07449328434963554, ""name"": ""bfgs_after_fire"", ""start_geometry_sha256"": ""58be3bb35280f92164de31f8d8025929edad7419084b3c2095713e918116b0ca"", ""steps"": 126}]",f78e3293d7e2222caeb0b77e8e8f66dc77cc0253a0572688127bffdd548ba74a,1.4708342060446489,2.8384896171987055,step_4_H2O,9.0,0.0,True,4.675015708506132,0.9127014328916923,False,quantitative_screening,1,1,ee4ac2d4e59047220dc5,False,
"('SolidCatalyst', 'Mn', 'WS2', 'fcc311', -0.1, ('Si', 'Te'), 3, 1)",SolidCatalyst,True,esen-sm-conserving-all-oc25:relax-v4:orr-che-v3,True,0.07591042384146157,74,150,0.08,converged,,bfgs_standard,"[{""ase_converged"": true, ""converged"": true, ""end_geometry_sha256"": ""bae381fb5a23113181acaba04bf2e31a36a96586a5472eae952923d18e26f251"", ""failure_class"": null, ""max_force_eV_A"": 0.07591042384146157, ""name"": ""bfgs_standard"", ""start_geometry_sha256"": ""f446f8004e7e52be439fec0cc0fcfdaa530063167e78452ae9c5a43a6a0c4a35"", ""steps"": 74}]",bae381fb5a23113181acaba04bf2e31a36a96586a5472eae952923d18e26f251,-271.34498315566026,True,0.07675767390877654,216,100,0.08,converged,,bfgs_after_fire,"[{""ase_converged"": false, ""converged"": false, ""end_geometry_sha256"": ""599b96d2512479426a40a8ee7b2ca5cc423ff262078dc7fabdbd69c6004f31fc"", ""failure_class"": ""force_threshold"", ""max_force_eV_A"": 0.24686076758138117, ""name"": ""bfgs_standard"", ""start_geometry_sha256"": ""a60cb157a7444110c9e0c8bc6f345a6f529e199a4d5b1b4eeed00c0e43154221"", ""steps"": 100}, {""ase_converged"": false, ""converged"": false, ""end_geometry_sha256"": ""7389ac37f2d13591956a0cd7ea2cd9f0ae8f5ba0d9c905e602207f42730290d2"", ""failure_class"": ""force_threshold"", ""max_force_eV_A"": 1.484997616069765, ""name"": ""fire_precondition"", ""qualifying"": false, ""start_geometry_sha256"": ""a60cb157a7444110c9e0c8bc6f345a6f529e199a4d5b1b4eeed00c0e43154221"", ""steps"": 50}, {""ase_converged"": true, ""converged"": true, ""end_geometry_sha256"": ""bc35145127d0ce6bb6a57e33521ba1f9d2ebc82cad38c44fe350b9054d6e10ee"", ""failure_class"": null, ""max_force_eV_A"": 0.07675767390877654, ""name"": ""bfgs_after_fire"", ""start_geometry_sha256"": ""7389ac37f2d13591956a0cd7ea2cd9f0ae8f5ba0d9c905e602207f42730290d2"", ""steps"": 66}]",bc35145127d0ce6bb6a57e33521ba1f9d2ebc82cad38c44fe350b9054d6e10ee,-0.24793642506003383,True,0.07957105278247939,218.0,100.0,0.08,converged,,bfgs_after_fire,"[{""ase_converged"": false, ""converged"": false, ""end_geometry_sha256"": ""7aed2cf67a8e2e210a2147746b92c543a383464907b52374dcd369e5f21213dc"", ""failure_class"": ""force_threshold"", ""max_force_eV_A"": 0.2529709712687199, ""name"": ""bfgs_standard"", ""start_geometry_sha256"": ""cebd2b02a2358f87f80b19a4a0dcc484427b1a1a43dbe570e10ebb77db1145dc"", ""steps"": 100}, {""ase_converged"": false, ""converged"": false, ""end_geometry_sha256"": ""62347edf07ef7c8dbba7606c2badca22d3b4dfac6ae2861f9103b0bb176b5b04"", ""failure_class"": ""force_threshold"", ""max_force_eV_A"": 0.4536953031738788, ""name"": ""fire_precondition"", ""qualifying"": false, ""start_geometry_sha256"": ""cebd2b02a2358f87f80b19a4a0dcc484427b1a1a43dbe570e10ebb77db1145dc"", ""steps"": 50}, {""ase_converged"": true, ""converged"": true, ""end_geometry_sha256"": ""54a6ff6e054aff711dd277ef757658924d7124368cb6c8173ff219186b9d0a35"", ""failure_class"": null, ""max_force_eV_A"": 0.07957105278247939, ""name"": ""bfgs_after_fire"", ""start_geometry_sha256"": ""62347edf07ef7c8dbba7606c2badca22d3b4dfac6ae2861f9103b0bb176b5b04"", ""steps"": 68}]",54a6ff6e054aff711dd277ef757658924d7124368cb6c8173ff219186b9d0a35,-0.6410237185656704,True,0.07222330936148574,68.0,100.0,0.08,converged,,bfgs_standard,"[{""ase_converged"": true, ""converged"": true, ""end_geometry_sha256"": ""5328e5afe4abf08f8e8d064111672fb83b08450efc021cce19cd5c057fe1e4f3"", ""failure_class"": null, ""max_force_eV_A"": 0.07222330936148574, ""name"": ""bfgs_standard"", ""start_geometry_sha256"": ""a5c309a875129a0d54bad715f833e602f2d46992b83dd3357b527ce4d6291100"", ""steps"": 68}]",5328e5afe4abf08f8e8d064111672fb83b08450efc021cce19cd5c057fe1e4f3,0.9533299908042273,1.6220872935056367,step_3_OH,9.0,0.0,True,0.8889601436257042,0.9127014328916923,False,quantitative_screening,0,0,cbe5ba432516dda50f72,False,
"('SolidCatalyst', 'Mn', 'Y_zeolite', 'bcc211', -0.005263157894736845, ('K', 'Mo'), 4, 1)",SolidCatalyst,True,esen-sm-conserving-all-oc25:relax-v4:orr-che-v3,True,0.06469589663694487,88,150,0.08,converged,,bfgs_standard,"[{""ase_converged"": true, ""converged"": true, ""end_geometry_sha256"": ""db31e08ce15e0caa64c50f977f24b83243b3cd16036f72930a5002c59aceea0c"", ""failure_class"": null, ""max_force_eV_A"": 0.06469589663694487, ""name"": ""bfgs_standard"", ""start_geometry_sha256"": ""25f50626f80321e14e9a6bb1693e365bcbe4b7d8420f0cd9b1fa3c6b619c7f18"", ""steps"": 88}]",db31e08ce15e0caa64c50f977f24b83243b3cd16036f72930a5002c59aceea0c,-276.55260179766685,True,0.06620884118065021,59,100,0.08,converged,,bfgs_standard,"[{""ase_converged"": true, ""converged"": true, ""end_geometry_sha256"": ""075f19adb927520502f2e0a73575347048a56cbe8ae63d07ae0e8bbb98792b02"", ""failure_class"": null, ""max_force_eV_A"": 0.06620884118065021, ""name"": ""bfgs_standard"", ""start_geometry_sha256"": ""0ff65e64529128fa77e14e048642a3ef4ca88d10256adc55e17ddb71cb40e0ec"", ""steps"": 59}]",075f19adb927520502f2e0a73575347048a56cbe8ae63d07ae0e8bbb98792b02,-1.9439017151296138,True,0.0775285419973395,30.0,100.0,0.08,converged,,bfgs_standard,"[{""ase_converged"": true, ""converged"": true, ""end_geometry_sha256"": ""7bf0088f65a35d04824dfd72b70a5c3c700e9ae47516ae0ddca6b438a60e49ff"", ""failure_class"": null, ""max_force_eV_A"": 0.0775285419973395, ""name"": ""bfgs_standard"", ""start_geometry_sha256"": ""81c1eec0fe88531683931c7c816d36cff94014b8b51e13bd9d114053475355c5"", ""steps"": 30}]",7bf0088f65a35d04824dfd72b70a5c3c700e9ae47516ae0ddca6b438a60e49ff,-1.987057291716362,True,0.07877969440813147,222.0,100.0,0.08,converged,,bfgs_after_fire,"[{""ase_converged"": false, ""converged"": false, ""end_geometry_sha256"": ""283217ff6883b1b2d8ea06a5ae9ddd98930b34d93276a826f0833d2847b95333"", ""failure_class"": ""force_threshold"", ""max_force_eV_A"": 0.3334240813336785, ""name"": ""bfgs_standard"", ""start_geometry_sha256"": ""7b83ea02c744405e62b10ecd43501359461707cb5a38883e87d997ecefef9548"", ""steps"": 100}, {""ase_converged"": false, ""converged"": false, ""end_geometry_sha256"": ""0b3e2d35b06d41f89fc37bc8e6cad17d657fd6a129862b7adaa71698230900d0"", ""failure_class"": ""force_threshold"", ""max_force_eV_A"": 1.2487793397466487, ""name"": ""fire_precondition"", ""qualifying"": false, ""start_geometry_sha256"": ""7b83ea02c744405e62b10ecd43501359461707cb5a38883e87d997ecefef9548"", ""steps"": 50}, {""ase_converged"": true, ""converged"": true, ""end_geometry_sha256"": ""8a459b11186560b0652c55fad76f532d26ad9b21bfdd669085dab74f59154010"", ""failure_class"": null, ""max_force_eV_A"": 0.07877969440813147, ""name"": ""bfgs_after_fire"", ""start_geometry_sha256"": ""0b3e2d35b06d41f89fc37bc8e6cad17d657fd6a129862b7adaa71698230900d0"", ""steps"": 72}]",8a459b11186560b0652c55fad76f532d26ad9b21bfdd669085dab74f59154010,-2.747788478434111,3.0,step_4_H2O,9.0,0.0,True,3.930959006845976,0.9127014328916923,False,quantitative_screening,0,0,c64eeda41ef2d9ba1446,False,
"('SolidCatalyst', 'Fe', 'TiO2', 'fcc110', 0.06842105263157894, ('Li', 'Pb'), 1, 0)",SolidCatalyst,False,esen-sm-conserving-all-oc25:relax-v4:orr-che-v3,True,0.032187228082671396,24,150,0.08,converged,,bfgs_standard,"[{""ase_converged"": true, ""converged"": true, ""end_geometry_sha256"": ""b6eef84bee1c8114ebbbb311862aa356168fecb6af9bb80b83872dc1b010ce99"", ""failure_class"": null, ""max_force_eV_A"": 0.032187228082671396, ""name"": ""bfgs_standard"", ""start_geometry_sha256"": ""4c0e27fe9907766ab5d2216fee26d7a616f8717c437f83540760e99bb092c8df"", ""steps"": 24}]",b6eef84bee1c8114ebbbb311862aa356168fecb6af9bb80b83872dc1b010ce99,-218.75060228756763,True,0.07297502313451379,230,100,0.08,converged,,bfgs_after_fire,"[{""ase_converged"": false, ""converged"": false, ""end_geometry_sha256"": ""ddab49611a2c0b15266f40568ee35c971ffb5a87d0d2899b6d91ac728422e00b"", ""failure_class"": ""force_threshold"", ""max_force_eV_A"": 0.7095610016465308, ""name"": ""bfgs_standard"", ""start_geometry_sha256"": ""741606932c6e5551670ed8431a6b29778e302f14609c2c8e02b9633ec108b698"", ""steps"": 100}, {""ase_converged"": false, ""converged"": false, ""end_geometry_sha256"": ""ed50e1fcae82f874f66503e8b211e56440361d608076e90d7a319a4de0234f17"", ""failure_class"": ""force_threshold"", ""max_force_eV_A"": 0.5676860103144192, ""name"": ""fire_precondition"", ""qualifying"": false, ""start_geometry_sha256"": ""741606932c6e5551670ed8431a6b29778e302f14609c2c8e02b9633ec108b698"", ""steps"": 50}, {""ase_converged"": true, ""converged"": true, ""end_geometry_sha256"": ""e0be82bf340820ed2db4a17230729031e0b5e309c6101b8a23121e06782e6d14"", ""failure_class"": null, ""max_force_eV_A"": 0.07297502313451379, ""name"": ""bfgs_after_fire"", ""start_geometry_sha256"": ""ed50e1fcae82f874f66503e8b211e56440361d608076e90d7a319a4de0234f17"", ""steps"": 80}]",e0be82bf340820ed2db4a17230729031e0b5e309c6101b8a23121e06782e6d14,-1.101104912608862,True,0.06172913225575737,56.0,100.0,0.08,converged,,bfgs_standard,"[{""ase_converged"": true, ""converged"": true, ""end_geometry_sha256"": ""92b06607a7fda682ef798484b993fee96ee56492e012068e0df3638e4126b7ee"", ""failure_class"": null, ""max_force_eV_A"": 0.06172913225575737, ""name"": ""bfgs_standard"", ""start_geometry_sha256"": ""0a6755747292584bac90fb347efd0d075e6d055c51fee69367ee439599a0190a"", ""steps"": 56}]",92b06607a7fda682ef798484b993fee96ee56492e012068e0df3638e4126b7ee,-0.7462740771472134,False,6.100368696077188,650.0,100.0,0.08,recovery_exhausted,force_threshold,bfgs_after_fire,"[{""ase_converged"": false, ""converged"": false, ""end_geometry_sha256"": ""cf146d15bd6136c2c376954385e1fb09bddbc8a6d82df5f1ac26bcc47de1e8ac"", ""failure_class"": ""force_threshold"", ""max_force_eV_A"": 19.851698296805885, ""name"": ""bfgs_standard"", ""start_geometry_sha256"": ""e6ccd17270b2226eda6b09baafd946d5a0f015f65f2a1fce4760bead6ad9e22f"", ""steps"": 100}, {""ase_converged"": false, ""converged"": false, ""end_geometry_sha256"": ""4aa37f3c7bf50012fa168c0b3142bd20bff5cf09930cbf27d63036c7993b7324"", ""failure_class"": ""force_threshold"", ""max_force_eV_A"": 17.148355775409108, ""name"": ""fire_precondition"", ""qualifying"": false, ""start_geometry_sha256"": ""e6ccd17270b2226eda6b09baafd946d5a0f015f65f2a1fce4760bead6ad9e22f"", ""steps"": 50}, {""ase_converged"": false, ""converged"": false, ""end_geometry_sha256"": ""762276181686e11c6fac4a2c1b402c14a146289c0a33789af8e1bb6bd8f416dc"", ""failure_class"": ""force_threshold"", ""max_force_eV_A"": 6.100368696077188, ""name"": ""bfgs_after_fire"", ""start_geometry_sha256"": ""4aa37f3c7bf50012fa168c0b3142bd20bff5cf09930cbf27d63036c7993b7324"", ""steps"": 200}, {""ase_converged"": false, ""converged"": false, ""end_geometry_sha256"": ""814bc0f73bac58ab6a2fffea2cad1483169d033c548ee8d1bef5c6c837a1d15f"", ""failure_class"": ""force_threshold"", ""max_force_eV_A"": 6.333535198341003, ""name"": ""fire_small_step"", ""start_geometry_sha256"": ""762276181686e11c6fac4a2c1b402c14a146289c0a33789af8e1bb6bd8f416dc"", ""steps"": 300}]",762276181686e11c6fac4a2c1b402c14a146289c0a33789af8e1bb6bd8f416dc,,,,,,,,,True,validation_required,2,2,a0e64aa5f84da63b29e9,False,Unconverged ooh relaxation: max_force=6.10037 eV/A after 650 cumulative recovery steps
"('SolidCatalyst', 'Fe', 'MoO3', 'bcc110', -0.026315789473684223, ('Co', 'Mn'), 2, 1)",SolidCatalyst,True,esen-sm-conserving-all-oc25:relax-v4:orr-che-v3,True,0.07989336949820836,88,150,0.08,converged,,bfgs_standard,"[{""ase_converged"": true, ""converged"": true, ""end_geometry_sha256"": ""c64bac410b5bd026dd9248f4c0321f80a19ae1278e11279e6a383c58406bb88b"", ""failure_class"": null, ""max_force_eV_A"": 0.07989336949820836, ""name"": ""bfgs_standard"", ""start_geometry_sha256"": ""d2ed7c2b6e04a113a90e0dbb703689d9588cee5b0f7312a8dc970c9647de1e66"", ""steps"": 88}]",c64bac410b5bd026dd9248f4c0321f80a19ae1278e11279e6a383c58406bb88b,-255.19219657046614,True,0.0734060506159096,36,100,0.08,converged,,bfgs_standard,"[{""ase_converged"": true, ""converged"": true, ""end_geometry_sha256"": ""cc98f66e821ac13f74bb42b559c3d74ab0d07b91d144f3557659401a27706658"", ""failure_class"": null, ""max_force_eV_A"": 0.0734060506159096, ""name"": ""bfgs_standard"", ""start_geometry_sha256"": ""f96222b8ec2576b6dc05d7e82df7a6c091911430722caa9bb0795715a55242a4"", ""steps"": 36}]",cc98f66e821ac13f74bb42b559c3d74ab0d07b91d144f3557659401a27706658,-0.3763226841390133,True,0.06463503488978636,37.0,100.0,0.08,converged,,bfgs_standard,"[{""ase_converged"": true, ""converged"": true, ""end_geometry_sha256"": ""2bb06885f0289c4f0e7044bce609230aa61f330d6a717fcdda545e7dfcce9ef0"", ""failure_class"": null, ""max_force_eV_A"": 0.06463503488978636, ""name"": ""bfgs_standard"", ""start_geometry_sha256"": ""c0041352526c2dbce5ef4ffc6ccf6b388e911ca207c903b9b7d131ae75e1d29b"", ""steps"": 37}]",2bb06885f0289c4f0e7044bce609230aa61f330d6a717fcdda545e7dfcce9ef0,-0.7403963439166794,True,0.07399087159491091,78.0,100.0,0.08,converged,,bfgs_standard,"[{""ase_converged"": true, ""converged"": true, ""end_geometry_sha256"": ""21d610defd1fd3ea8ca3cacd56f820328d4e276ebb17f1ef8936e719e21fc8a7"", ""failure_class"": null, ""max_force_eV_A"": 0.07399087159491091, ""name"": ""bfgs_standard"", ""start_geometry_sha256"": ""a172e025d9684a16cc3f6fe51fa291dce4fe5c09e1d559173ca80757b1d63f99"", ""steps"": 78}]",21d610defd1fd3ea8ca3cacd56f820328d4e276ebb17f1ef8936e719e21fc8a7,-0.958825398981596,1.6053226841390134,step_4_H2O,5.0,0.0,True,1.1167190280556927,0.9675000000349999,False,quantitative_screening,1,1,40fda71762c80110435f,False,
"('SolidCatalyst', 'Fe', 'CeZrO2', 'hcp1120', 0.04736842105263156, ('Al', 'Cs'), 3, 0)",SolidCatalyst,True,esen-sm-conserving-all-oc25:relax-v4:orr-che-v3,True,0.05929442908778312,93,150,0.08,converged,,bfgs_standard,"[{""ase_converged"": true, ""converged"": true, ""end_geometry_sha256"": ""341370af284f15fb38dd038adeccefbf164c047614b438218a66848202dc801c"", ""failure_class"": null, ""max_force_eV_A"": 0.05929442908778312, ""name"": ""bfgs_standard"", ""start_geometry_sha256"": ""7d81706c242813b4a764e2c001568ae4a3b7326b34f7815473c33c59b822902c"", ""steps"": 93}]",341370af284f15fb38dd038adeccefbf164c047614b438218a66848202dc801c,-197.60723079334116,True,0.06726034844363256,211,100,0.08,converged,,bfgs_after_fire,"[{""ase_converged"": false, ""converged"": false, ""end_geometry_sha256"": ""59b3b53d72a9f42987bbd5373f4f0baf0dbc28fc10ba506942dcf6424f4d1afc"", ""failure_class"": ""force_threshold"", ""max_force_eV_A"": 0.08385995864640963, ""name"": ""bfgs_standard"", ""start_geometry_sha256"": ""4b32ea29221c03f7511b9ddcb8ee7bc74fb773693346006a6c208725cecd17ba"", ""steps"": 100}, {""ase_converged"": false, ""converged"": false, ""end_geometry_sha256"": ""8cd2a05aca192b708b572502fba14b7eb2b799c3d1a9e58298d0bd0d7da7337c"", ""failure_class"": ""force_threshold"", ""max_force_eV_A"": 1.1591742194322103, ""name"": ""fire_precondition"", ""qualifying"": false, ""start_geometry_sha256"": ""4b32ea29221c03f7511b9ddcb8ee7bc74fb773693346006a6c208725cecd17ba"", ""steps"": 50}, {""ase_converged"": true, ""converged"": true, ""end_geometry_sha256"": ""7cfe2c62b673322a5b93dad4954a76385dcdda9f405c76bb272a2bea85b8b4d2"", ""failure_class"": null, ""max_force_eV_A"": 0.06726034844363256, ""name"": ""bfgs_after_fire"", ""start_geometry_sha256"": ""8cd2a05aca192b708b572502fba14b7eb2b799c3d1a9e58298d0bd0d7da7337c"", ""steps"": 61}]",7cfe2c62b673322a5b93dad4954a76385dcdda9f405c76bb272a2bea85b8b4d2,2.0812452460825446,True,0.07278205347097211,83.0,100.0,0.08,converged,,bfgs_standard,"[{""ase_converged"": true, ""converged"": true, ""end_geometry_sha256"": ""40318a92536dc0862eca6115728b8f45d462cbd308c069f25ebe23e5254d0f61"", ""failure_class"": null, ""max_force_eV_A"": 0.07278205347097211, ""name"": ""bfgs_standard"", ""start_geometry_sha256"": ""de724b0e576c6d132712b73eaac445a1e365e78811408406f976ef4b013b9b62"", ""steps"": 83}]",40318a92536dc0862eca6115728b8f45d462cbd308c069f25ebe23e5254d0f61,2.1359395153820264,True,0.07480309355024502,196.0,100.0,0.08,converged,,bfgs_after_fire,"[{""ase_converged"": false, ""converged"": false, ""end_geometry_sha256"": ""5c8c2d6ca07da450a1e7d74aa7cd789e257bd2c9c7b6fc58a24c4f681b7503f6"", ""failure_class"": ""force_threshold"", ""max_force_eV_A"": 0.599038718260365, ""name"": ""bfgs_standard"", ""start_geometry_sha256"": ""489f45f1e9779007b810a91a27654ee6021d6002ad827921bf4dc3abba87599d"", ""steps"": 100}, {""ase_converged"": false, ""converged"": false, ""end_geometry_sha256"": ""9646e2aed7d2d800844d3a43d959e208013ed6cb3895ab1efae6dbe8fd7eb172"", ""failure_class"": ""force_threshold"", ""max_force_eV_A"": 2.804793941219333, ""name"": ""fire_precondition"", ""qualifying"": false, ""start_geometry_sha256"": ""489f45f1e9779007b810a91a27654ee6021d6002ad827921bf4dc3abba87599d"", ""steps"": 50}, {""ase_converged"": true, ""converged"": true, ""end_geometry_sha256"": ""fd9a419256c408affea1a6821651a60ff883bc25655b9d6f063f99cad871ee8a"", ""failure_class"": null, ""max_force_eV_A"": 0.07480309355024502, ""name"": ""bfgs_after_fire"", ""start_geometry_sha256"": ""9646e2aed7d2d800844d3a43d959e208013ed6cb3895ab1efae6dbe8fd7eb172"", ""steps"": 46}]",fd9a419256c408affea1a6821651a60ff883bc25655b9d6f063f99cad871ee8a,3.963880012929415,1.1743057307005182,step_3_OH,7.0,0.0,True,4.217184761464571,0.9127014328916923,False,quantitative_screening,0,0,df82d270801dcbe08ab6,False,
"('SolidCatalyst', 'Fe', 'BaTiO3', 'hcp0001', 0.06842105263157894, ('Ga', 'S'), 3, 1)",SolidCatalyst,False,esen-sm-conserving-all-oc25:relax-v4:orr-che-v3,True,0.06427297205047845,468,150,0.08,converged,,bfgs_after_fire,"[{""ase_converged"": false, ""converged"": false, ""end_geometry_sha256"": ""a8e2a9b1ba2bb4c9abdc259b7ccf75fc1c79ce283bae814ea3781ea82527269c"", ""failure_class"": ""force_threshold"", ""max_force_eV_A"": 0.09538697789284681, ""name"": ""bfgs_standard"", ""start_geometry_sha256"": ""13b2d0d88e7634e230d5e6bebf70430c69c1682b87c8809670590e49069349a4"", ""steps"": 150}, {""ase_converged"": false, ""converged"": false, ""end_geometry_sha256"": ""cbefb8f99b5c97e2958026ad998b31fcff0c39eda75ae8c99ae9388e0da6274e"", ""failure_class"": ""force_threshold"", ""max_force_eV_A"": 1.0285824053923185, ""name"": ""fire_precondition"", ""qualifying"": false, ""start_geometry_sha256"": ""13b2d0d88e7634e230d5e6bebf70430c69c1682b87c8809670590e49069349a4"", ""steps"": 75}, {""ase_converged"": true, ""converged"": true, ""end_geometry_sha256"": ""c2a117edc0e9214ae73f143e29eb788b2832a84993570126f482bf02ac07cd0f"", ""failure_class"": null, ""max_force_eV_A"": 0.06427297205047845, ""name"": ""bfgs_after_fire"", ""start_geometry_sha256"": ""cbefb8f99b5c97e2958026ad998b31fcff0c39eda75ae8c99ae9388e0da6274e"", ""steps"": 243}]",c2a117edc0e9214ae73f143e29eb788b2832a84993570126f482bf02ac07cd0f,-318.91391721031675,True,0.07975108407276052,376,100,0.08,converged,,fire_small_step,"[{""ase_converged"": false, ""converged"": false, ""end_geometry_sha256"": ""e15595fa3692cb7c72a2732988070c46affe2e7acdf309272b035468b64813fc"", ""failure_class"": ""force_threshold"", ""max_force_eV_A"": 0.646977347752111, ""name"": ""bfgs_standard"", ""start_geometry_sha256"": ""1192010783264816b3a85b0086553709c087afb0a7b48f641a18699bbebb0753"", ""steps"": 100}, {""ase_converged"": false, ""converged"": false, ""end_geometry_sha256"": ""2ed91e50f123ac45f4e945e746607ef9d8e7440dae1ff675ce7e6125298ac0f5"", ""failure_class"": ""force_threshold"", ""max_force_eV_A"": 1.0961856363775992, ""name"": ""fire_precondition"", ""qualifying"": false, ""start_geometry_sha256"": ""1192010783264816b3a85b0086553709c087afb0a7b48f641a18699bbebb0753"", ""steps"": 50}, {""ase_converged"": false, ""converged"": false, ""end_geometry_sha256"": ""5b958f47d37c78f6bb9909be21cbe62e41d6ea44e76f8ca3ffd784e1520277e8"", ""failure_class"": ""force_threshold"", ""max_force_eV_A"": 0.44673622800607926, ""name"": ""bfgs_after_fire"", ""start_geometry_sha256"": ""2ed91e50f123ac45f4e945e746607ef9d8e7440dae1ff675ce7e6125298ac0f5"", ""steps"": 200}, {""ase_converged"": true, ""converged"": true, ""end_geometry_sha256"": ""adef272b48dcef3814513af7886aa20aee6d4a8705c3d2f42ded1865f0263d9b"", ""failure_class"": null, ""max_force_eV_A"": 0.07975108407276052, ""name"": ""fire_small_step"", ""start_geometry_sha256"": ""5b958f47d37c78f6bb9909be21cbe62e41d6ea44e76f8ca3ffd784e1520277e8"", ""steps"": 26}]",adef272b48dcef3814513af7886aa20aee6d4a8705c3d2f42ded1865f0263d9b,-5.845253167003394,True,0.07789423440330909,389.0,100.0,0.08,converged,,fire_small_step,"[{""ase_converged"": false, ""converged"": false, ""end_geometry_sha256"": ""8dfcf5a55bba227b413dda8585fdcf2e957cb8629fdbac7720664249c5fd4552"", ""failure_class"": ""force_threshold"", ""max_force_eV_A"": 0.7776085011010936, ""name"": ""bfgs_standard"", ""start_geometry_sha256"": ""6a5f2f53d18918d39821b77dba7c39946ee18f4e3eb1c9b2958a7b0e4bc3cc49"", ""steps"": 100}, {""ase_converged"": false, ""converged"": false, ""end_geometry_sha256"": ""4b6c7c2e5bee31d96d048d657a0515a05c9afda3aa777c1e520615922077e165"", ""failure_class"": ""force_threshold"", ""max_force_eV_A"": 0.7288253724636286, ""name"": ""fire_precondition"", ""qualifying"": false, ""start_geometry_sha256"": ""6a5f2f53d18918d39821b77dba7c39946ee18f4e3eb1c9b2958a7b0e4bc3cc49"", ""steps"": 50}, {""ase_converged"": false, ""converged"": false, ""end_geometry_sha256"": ""2656a58c9e3617210445c2b4429b9cee541e8553e438966bde5910299b263314"", ""failure_class"": ""force_threshold"", ""max_force_eV_A"": 0.4740188719332056, ""name"": ""bfgs_after_fire"", ""start_geometry_sha256"": ""4b6c7c2e5bee31d96d048d657a0515a05c9afda3aa777c1e520615922077e165"", ""steps"": 200}, {""ase_converged"": true, ""converged"": true, ""end_geometry_sha256"": ""3de56200422b5c0a2ab306f0ed193bf2bf6540c09c0e3f1faa1d06f2c7083680"", ""failure_class"": null, ""max_force_eV_A"": 0.07789423440330909, ""name"": ""fire_small_step"", ""start_geometry_sha256"": ""2656a58c9e3617210445c2b4429b9cee541e8553e438966bde5910299b263314"", ""steps"": 39}]",3de56200422b5c0a2ab306f0ed193bf2bf6540c09c0e3f1faa1d06f2c7083680,-6.8350497119128955,False,0.12856717662425887,650.0,100.0,0.08,recovery_exhausted,force_threshold,fire_small_step,"[{""ase_converged"": false, ""converged"": false, ""end_geometry_sha256"": ""57da8502d46ceb897d64a812e7f2105f714b16ff236a6c43a96eed6db12b95c0"", ""failure_class"": ""force_threshold"", ""max_force_eV_A"": 0.5231714862934382, ""name"": ""bfgs_standard"", ""start_geometry_sha256"": ""f4ef48768439468626e49dfa11648aa55d3d71f69122e467d524b6dba9ee9204"", ""steps"": 100}, {""ase_converged"": false, ""converged"": false, ""end_geometry_sha256"": ""c7b51ba8ee1c04979bcf11c0feaa5221f0666ff8b1c7672cbdbd4a48a069d6d7"", ""failure_class"": ""force_threshold"", ""max_force_eV_A"": 0.973758228128907, ""name"": ""fire_precondition"", ""qualifying"": false, ""start_geometry_sha256"": ""f4ef48768439468626e49dfa11648aa55d3d71f69122e467d524b6dba9ee9204"", ""steps"": 50}, {""ase_converged"": false, ""converged"": false, ""end_geometry_sha256"": ""68a85a84a3c79115fe5e91de6be9c90ad14f8b2768e7bf5b23ec1af191662033"", ""failure_class"": ""force_threshold"", ""max_force_eV_A"": 0.12882638958565942, ""name"": ""bfgs_after_fire"", ""start_geometry_sha256"": ""c7b51ba8ee1c04979bcf11c0feaa5221f0666ff8b1c7672cbdbd4a48a069d6d7"", ""steps"": 200}, {""ase_converged"": false, ""converged"": false, ""end_geometry_sha256"": ""1849ceb57d71315043be58004fbea7734a02fbdfaa612785bf3035340909b12d"", ""failure_class"": ""force_threshold"", ""max_force_eV_A"": 0.12856717662425887, ""name"": ""fire_small_step"", ""start_geometry_sha256"": ""68a85a84a3c79115fe5e91de6be9c90ad14f8b2768e7bf5b23ec1af191662033"", ""steps"": 300}]",1849ceb57d71315043be58004fbea7734a02fbdfaa612785bf3035340909b12d,,,,,,,,,True,validation_required,1,1,ec22de9e31fb6c312a70,False,Unconverged ooh relaxation: max_force=0.128567 eV/A after 650 cumulative recovery steps
"('SolidCatalyst', 'Fe', 'CarbonNitride', 'fcc110', -0.04736842105263159, ('Rb', 'N'), 4, 1)",SolidCatalyst,False,esen-sm-conserving-all-oc25:relax-v4:orr-che-v3,True,0.073795600100772,65,150,0.08,converged,,bfgs_standard,"[{""ase_converged"": true, ""converged"": true, ""end_geometry_sha256"": ""a3ca69b47978f613373605428f2758eae28a3fc1f8bb50a5b6c604d180851c85"", ""failure_class"": null, ""max_force_eV_A"": 0.073795600100772, ""name"": ""bfgs_standard"", ""start_geometry_sha256"": ""eabc5ec953b4e4c0bf4485f4345f6c4307916460154d90c3b3588de1ee9c74eb"", ""steps"": 65}]",a3ca69b47978f613373605428f2758eae28a3fc1f8bb50a5b6c604d180851c85,-136.236043512728,True,0.07984085878942515,64,100,0.08,converged,,bfgs_standard,"[{""ase_converged"": true, ""converged"": true, ""end_geometry_sha256"": ""484c513cf88bb2b6f848330943e96f15d5f296802c5da5b11e704c1e322b332b"", ""failure_class"": null, ""max_force_eV_A"": 0.07984085878942515, ""name"": ""bfgs_standard"", ""start_geometry_sha256"": ""c37d9660825b135d46e20b4df32807ee17edaa0f2f41b58eac014639bb715bc4"", ""steps"": 64}]",484c513cf88bb2b6f848330943e96f15d5f296802c5da5b11e704c1e322b332b,-0.8993303154408647,True,0.06722518945209567,43.0,100.0,0.08,converged,,bfgs_standard,"[{""ase_converged"": true, ""converged"": true, ""end_geometry_sha256"": ""0dccd2604389765aa334eb9cacea2605e52c631a6a1148e83f563791b827afcf"", ""failure_class"": null, ""max_force_eV_A"": 0.06722518945209567, ""name"": ""bfgs_standard"", ""start_geometry_sha256"": ""8b2df6fa564f3765806d1be4a966276f22410652061c583e28c572ca24404a37"", ""steps"": 43}]",0dccd2604389765aa334eb9cacea2605e52c631a6a1148e83f563791b827afcf,-0.5879336230456509,False,0.09523186052789065,650.0,100.0,0.08,recovery_exhausted,force_threshold,fire_small_step,"[{""ase_converged"": false, ""converged"": false, ""end_geometry_sha256"": ""7cc83f5092b45c03e80707ec4eb6c8ec5f61aa244e645c5ba35673bb2bcc6789"", ""failure_class"": ""force_threshold"", ""max_force_eV_A"": 0.09529575680849632, ""name"": ""bfgs_standard"", ""start_geometry_sha256"": ""de6a7a6f4f536e53521cd4011b45cc624484b0378f2a7173c1d7e63d8064a0aa"", ""steps"": 100}, {""ase_converged"": false, ""converged"": false, ""end_geometry_sha256"": ""65be06c68fae523823dce44ac3c8ba720abae8d4c5d6f3b5299b4ebfe9ba1037"", ""failure_class"": ""force_threshold"", ""max_force_eV_A"": 13.423829662694963, ""name"": ""fire_precondition"", ""qualifying"": false, ""start_geometry_sha256"": ""de6a7a6f4f536e53521cd4011b45cc624484b0378f2a7173c1d7e63d8064a0aa"", ""steps"": 50}, {""ase_converged"": false, ""converged"": false, ""end_geometry_sha256"": ""39b9bfbe305e7a6bd944f0015d622bade6e76717ddb98f4c40d3bb48a2f0f9f3"", ""failure_class"": ""force_threshold"", ""max_force_eV_A"": 13.547681967750329, ""name"": ""bfgs_after_fire"", ""start_geometry_sha256"": ""65be06c68fae523823dce44ac3c8ba720abae8d4c5d6f3b5299b4ebfe9ba1037"", ""steps"": 200}, {""ase_converged"": false, ""converged"": false, ""end_geometry_sha256"": ""9e3279277561b19ebd0d6c7948bf35eaf294e5ab29b8b7b94dd4dee5f8472b49"", ""failure_class"": ""force_threshold"", ""max_force_eV_A"": 0.09523186052789065, ""name"": ""fire_small_step"", ""start_geometry_sha256"": ""7cc83f5092b45c03e80707ec4eb6c8ec5f61aa244e645c5ba35673bb2bcc6789"", ""steps"": 300}]",9e3279277561b19ebd0d6c7948bf35eaf294e5ab29b8b7b94dd4dee5f8472b49,,,,,,,,,True,validation_required,2,2,a240251ec99699854d31,False,Unconverged ooh relaxation: max_force=0.0952319 eV/A after 650 cumulative recovery steps
"('SAC', 'Cr', 'N4_pyrrole', 'MoS2_sheet', 'OH')",SAC,True,esen-sm-conserving-all-oc25:relax-v4:orr-che-v3,True,0.06548746631663384,59,150,0.08,converged,,bfgs_standard,"[{""ase_converged"": true, ""converged"": true, ""end_geometry_sha256"": ""cb31595bbf7220e61734f4118c4643bc8e9212581ebe84d52c434663d57629e3"", ""failure_class"": null, ""max_force_eV_A"": 0.06548746631663384, ""name"": ""bfgs_standard"", ""start_geometry_sha256"": ""0d024e961ba3b7a191a24198b12b90d62ba1f2191659dd313455a611ecf56bae"", ""steps"": 59}]",cb31595bbf7220e61734f4118c4643bc8e9212581ebe84d52c434663d57629e3,-144.64442272195748,True,0.07997844337114038,210,100,0.08,converged,,bfgs_after_fire,"[{""ase_converged"": false, ""converged"": false, ""end_geometry_sha256"": ""c2603a3c6dc04e88b3dbfa92f402b9fcbd6f1658010b0029897eaeb29751be4f"", ""failure_class"": ""force_threshold"", ""max_force_eV_A"": 0.12824697402731894, ""name"": ""bfgs_standard"", ""start_geometry_sha256"": ""55658b458f90fc23c4a40fc1c814ee660fe85a659b893a23dfa9d6d58429de04"", ""steps"": 100}, {""ase_converged"": false, ""converged"": false, ""end_geometry_sha256"": ""948dbe740f057a22c9411dcc305b958b4b228d9b3797f8937d6eac23c74285e9"", ""failure_class"": ""force_threshold"", ""max_force_eV_A"": 0.4213613926779832, ""name"": ""fire_precondition"", ""qualifying"": false, ""start_geometry_sha256"": ""55658b458f90fc23c4a40fc1c814ee660fe85a659b893a23dfa9d6d58429de04"", ""steps"": 50}, {""ase_converged"": true, ""converged"": true, ""end_geometry_sha256"": ""eb1313273753dc22e4ec8ea374f8ff46cba64db829c79a0172d1e5e9bc78b06c"", ""failure_class"": null, ""max_force_eV_A"": 0.07997844337114038, ""name"": ""bfgs_after_fire"", ""start_geometry_sha256"": ""948dbe740f057a22c9411dcc305b958b4b228d9b3797f8937d6eac23c74285e9"", ""steps"": 60}]",eb1313273753dc22e4ec8ea374f8ff46cba64db829c79a0172d1e5e9bc78b06c,-1.3723563526570797,True,0.05837869788994021,91.0,100.0,0.08,converged,,bfgs_standard,"[{""ase_converged"": true, ""converged"": true, ""end_geometry_sha256"": ""919a2d2224e6581c0efbddab9cb67c2fd7deb9f7e03dde8df48b049142291322"", ""failure_class"": null, ""max_force_eV_A"": 0.05837869788994021, ""name"": ""bfgs_standard"", ""start_geometry_sha256"": ""e2febf382b384359eabd7a18f1d56a92d980c2009e21f3d1d13b5a71f9a23657"", ""steps"": 91}]",919a2d2224e6581c0efbddab9cb67c2fd7deb9f7e03dde8df48b049142291322,-2.043456875532862,True,0.07470622571357428,296.0,100.0,0.08,converged,,bfgs_after_fire,"[{""ase_converged"": false, ""converged"": false, ""end_geometry_sha256"": ""db3ceff8ec1151a30077de502400a93511c647cc3dd25f8095a2251bca349b45"", ""failure_class"": ""force_threshold"", ""max_force_eV_A"": 0.2106832136906522, ""name"": ""bfgs_standard"", ""start_geometry_sha256"": ""fd466c2cc33eb74a08255b51e0395817d2310e927fc03add7d0378add5f4d385"", ""steps"": 100}, {""ase_converged"": false, ""converged"": false, ""end_geometry_sha256"": ""833542da71adeb026008c3ed5bf8adf606e3e37434d3bfe43f3e4244a03d8852"", ""failure_class"": ""force_threshold"", ""max_force_eV_A"": 1.0231195844996657, ""name"": ""fire_precondition"", ""qualifying"": false, ""start_geometry_sha256"": ""fd466c2cc33eb74a08255b51e0395817d2310e927fc03add7d0378add5f4d385"", ""steps"": 50}, {""ase_converged"": true, ""converged"": true, ""end_geometry_sha256"": ""87ded66c9acf607efbbf38070e199d6c11147ae91218ff195e9590128285aff4"", ""failure_class"": null, ""max_force_eV_A"": 0.07470622571357428, ""name"": ""bfgs_after_fire"", ""start_geometry_sha256"": ""833542da71adeb026008c3ed5bf8adf606e3e37434d3bfe43f3e4244a03d8852"", ""steps"": 146}]",87ded66c9acf607efbbf38070e199d6c11147ae91218ff195e9590128285aff4,-1.9073740735650029,2.6013563526570795,step_4_H2O,9.0,0.0,True,3.4158132281899416,0.610000000035,False,quantitative_screening,0,0,188fa6715e759e007ddd,False,
"('SAC', 'Cr', 'S4', 'N-CNT', 'OH')",SAC,True,esen-sm-conserving-all-oc25:relax-v4:orr-che-v3,True,0.07006289242134393,43,150,0.08,converged,,bfgs_standard,"[{""ase_converged"": true, ""converged"": true, ""end_geometry_sha256"": ""54f8c0f17d3523062b70dac903bc09d215cea5a6d885fbea3b9bd5d3dbb944a3"", ""failure_class"": null, ""max_force_eV_A"": 0.07006289242134393, ""name"": ""bfgs_standard"", ""start_geometry_sha256"": ""b34d84bf26fc991a5c05341e7a032e710ff0cf6b60f59d6b21a764b89210f155"", ""steps"": 43}]",54f8c0f17d3523062b70dac903bc09d215cea5a6d885fbea3b9bd5d3dbb944a3,-144.2182360129194,True,0.06656391376224582,24,100,0.08,converged,,bfgs_standard,"[{""ase_converged"": true, ""converged"": true, ""end_geometry_sha256"": ""d73f5c4d4ff701b84ab75ff1a625343109cf68581bdb4f0d565c3f28193df515"", ""failure_class"": null, ""max_force_eV_A"": 0.06656391376224582, ""name"": ""bfgs_standard"", ""start_geometry_sha256"": ""f23d20871d47fe1ffa5c56ab92f702c2334260c2736437feaa2b82f1e03b6a94"", ""steps"": 24}]",d73f5c4d4ff701b84ab75ff1a625343109cf68581bdb4f0d565c3f28193df515,2.345460000187159,True,0.07946423068131837,53.0,100.0,0.08,converged,,bfgs_standard,"[{""ase_converged"": true, ""converged"": true, ""end_geometry_sha256"": ""49c9e523309382b7dd3a75a894f7e320f65292f7f08e17558a81a3dcfdeb51de"", ""failure_class"": null, ""max_force_eV_A"": 0.07946423068131837, ""name"": ""bfgs_standard"", ""start_geometry_sha256"": ""76285bcf9d758a2216a186a9086ecd88c78d5f4c32d747063c6b028694d47fd0"", ""steps"": 53}]",49c9e523309382b7dd3a75a894f7e320f65292f7f08e17558a81a3dcfdeb51de,4.278993762284521,True,0.07963822419370169,42.0,100.0,0.08,converged,,bfgs_standard,"[{""ase_converged"": true, ""converged"": true, ""end_geometry_sha256"": ""53a61551c0ef892c10759735ec525aa7f2dd05f1fd6058a9dfa96f15eb5aa32d"", ""failure_class"": null, ""max_force_eV_A"": 0.07963822419370169, ""name"": ""bfgs_standard"", ""start_geometry_sha256"": ""d314ba2f5feaaa8c4bc9dd2dffd4f942dd29b3c9fd69238c0762180559318cf7"", ""steps"": 42}]",53a61551c0ef892c10759735ec525aa7f2dd05f1fd6058a9dfa96f15eb5aa32d,4.924003313481812,1.2330033134818121,step_1_OOH,9.0,0.0,True,6.6244537624716795,0.610000000035,False,quantitative_screening,2,2,13824ead13415218ae75,False,
"('SAC', 'Cr', 'C4', 'N-CNT', 'O2')",SAC,True,esen-sm-conserving-all-oc25:relax-v4:orr-che-v3,True,0.07524868110336841,43,150,0.08,converged,,bfgs_standard,"[{""ase_converged"": true, ""converged"": true, ""end_geometry_sha256"": ""e306cc4dcf1bb563598f5b158e0007a83d7dd5e41d976b0230cd9592b151c99d"", ""failure_class"": null, ""max_force_eV_A"": 0.07524868110336841, ""name"": ""bfgs_standard"", ""start_geometry_sha256"": ""53e37d226f401fcb4e1ad095c4170d13f2136b20867edb924733fd3fa056ab22"", ""steps"": 43}]",e306cc4dcf1bb563598f5b158e0007a83d7dd5e41d976b0230cd9592b151c99d,-144.21747402714058,True,0.06466149759916832,24,100,0.08,converged,,bfgs_standard,"[{""ase_converged"": true, ""converged"": true, ""end_geometry_sha256"": ""6c3d82e9eff242c7ce811030eaa85da11387889cb8ac41db68d2d04a5b03065d"", ""failure_class"": null, ""max_force_eV_A"": 0.06466149759916832, ""name"": ""bfgs_standard"", ""start_geometry_sha256"": ""c75a1d66dce99682b17d8dcfd2e45d56fea238b4663412210f8e48ff4657a3f1"", ""steps"": 24}]",6c3d82e9eff242c7ce811030eaa85da11387889cb8ac41db68d2d04a5b03065d,2.344361367374659,True,0.0653506984603587,54.0,100.0,0.08,converged,,bfgs_standard,"[{""ase_converged"": true, ""converged"": true, ""end_geometry_sha256"": ""c408d74c154e79e500fb84650a84e66e7d85c82783b8de8c90c6242d96bea27e"", ""failure_class"": null, ""max_force_eV_A"": 0.0653506984603587, ""name"": ""bfgs_standard"", ""start_geometry_sha256"": ""b21d1f1158e7708b5f10b66a2255eef6dadb69bc91a6536ab5130f58b57f42c1"", ""steps"": 54}]",c408d74c154e79e500fb84650a84e66e7d85c82783b8de8c90c6242d96bea27e,4.2762772209942375,True,0.07995588037644286,42.0,100.0,0.08,converged,,bfgs_standard,"[{""ase_converged"": true, ""converged"": true, ""end_geometry_sha256"": ""b4093d7ca3976f3d944880949a5403837d8c00a3a68f7541c3d85f8804fd583e"", ""failure_class"": null, ""max_force_eV_A"": 0.07995588037644286, ""name"": ""bfgs_standard"", ""start_geometry_sha256"": ""c4b7733686774adbdf651b6b0a26d5df2714e31302d8a19bab4d987e9ebf50f0"", ""steps"": 42}]",b4093d7ca3976f3d944880949a5403837d8c00a3a68f7541c3d85f8804fd583e,4.9232527717948,1.2322527717948004,step_1_OOH,9.0,0.0,True,6.620638588368896,0.610000000035,False,quantitative_screening,2,2,8993c04b4183a6948499,False,
"('SAC', 'Cr', 'C4', 'MoS2_sheet', 'O2')",SAC,True,esen-sm-conserving-all-oc25:relax-v4:orr-che-v3,True,0.06590281929822177,60,150,0.08,converged,,bfgs_standard,"[{""ase_converged"": true, ""converged"": true, ""end_geometry_sha256"": ""36a10ac32be14b979d23cb4af505abf53339042b0ede76070a15e7d201821be8"", ""failure_class"": null, ""max_force_eV_A"": 0.06590281929822177, ""name"": ""bfgs_standard"", ""start_geometry_sha256"": ""c9de5c9248e705fbdcdd3c7fe5edbf434f238e548fdafc4c345ebf9d82a04e9a"", ""steps"": 60}]",36a10ac32be14b979d23cb4af505abf53339042b0ede76070a15e7d201821be8,-144.64393396387032,True,0.07783499445444693,228,100,0.08,converged,,bfgs_after_fire,"[{""ase_converged"": false, ""converged"": false, ""end_geometry_sha256"": ""5623ddb113e2df60f8e0c6e7b05bd8401f1c77be5f0d62a221e43c5c35ab724a"", ""failure_class"": ""force_threshold"", ""max_force_eV_A"": 0.11863486330409707, ""name"": ""bfgs_standard"", ""start_geometry_sha256"": ""d8d9cd3bb02013682d7ff9e868343f47be737a0cfe3fffbd9dcde1c060e536c0"", ""steps"": 100}, {""ase_converged"": false, ""converged"": false, ""end_geometry_sha256"": ""4c1dad93b8ce174079e3efb9a7dacf7dbd6bace685ebec3464453a42a14491a4"", ""failure_class"": ""force_threshold"", ""max_force_eV_A"": 0.4263451069617263, ""name"": ""fire_precondition"", ""qualifying"": false, ""start_geometry_sha256"": ""d8d9cd3bb02013682d7ff9e868343f47be737a0cfe3fffbd9dcde1c060e536c0"", ""steps"": 50}, {""ase_converged"": true, ""converged"": true, ""end_geometry_sha256"": ""907fe6ebf5db96f84244058603e80c9e08ae7468f8bc5eae57ce7b3acfc06e04"", ""failure_class"": null, ""max_force_eV_A"": 0.07783499445444693, ""name"": ""bfgs_after_fire"", ""start_geometry_sha256"": ""4c1dad93b8ce174079e3efb9a7dacf7dbd6bace685ebec3464453a42a14491a4"", ""steps"": 78}]",907fe6ebf5db96f84244058603e80c9e08ae7468f8bc5eae57ce7b3acfc06e04,-1.4519392822682857,True,0.07778589491953437,91.0,100.0,0.08,converged,,bfgs_standard,"[{""ase_converged"": true, ""converged"": true, ""end_geometry_sha256"": ""6a5184decf9188b685d7b886a0654caf27711ee21ec3aa5b8cc11b86423e0aac"", ""failure_class"": null, ""max_force_eV_A"": 0.07778589491953437, ""name"": ""bfgs_standard"", ""start_geometry_sha256"": ""0afc138734170896fa89d7df6fd27ca775f1d9badb62bbf490221fb1f15e2384"", ""steps"": 91}]",6a5184decf9188b685d7b886a0654caf27711ee21ec3aa5b8cc11b86423e0aac,-2.0433305136859383,True,0.07483574976072016,294.0,100.0,0.08,converged,,bfgs_after_fire,"[{""ase_converged"": false, ""converged"": false, ""end_geometry_sha256"": ""b175cbbf55c97e48d06e512253bab81682db3138c764268b05a71089bb033d21"", ""failure_class"": ""force_threshold"", ""max_force_eV_A"": 0.22586263139584503, ""name"": ""bfgs_standard"", ""start_geometry_sha256"": ""7e6669f06b03d52c0f55f92e9cb8e805e6c6629aac563f0011ef18a0c2192b4a"", ""steps"": 100}, {""ase_converged"": false, ""converged"": false, ""end_geometry_sha256"": ""b26310709cc2def8a1b52a670eab6b83a83dcdc9e7ae0d107f2c32a779c47690"", ""failure_class"": ""force_threshold"", ""max_force_eV_A"": 1.074568060709611, ""name"": ""fire_precondition"", ""qualifying"": false, ""start_geometry_sha256"": ""7e6669f06b03d52c0f55f92e9cb8e805e6c6629aac563f0011ef18a0c2192b4a"", ""steps"": 50}, {""ase_converged"": true, ""converged"": true, ""end_geometry_sha256"": ""a32b44f1a531325ae3ba7f89b34fd3efa511650ee7707a03aea427ee58894c70"", ""failure_class"": null, ""max_force_eV_A"": 0.07483574976072016, ""name"": ""bfgs_after_fire"", ""start_geometry_sha256"": ""b26310709cc2def8a1b52a670eab6b83a83dcdc9e7ae0d107f2c32a779c47690"", ""steps"": 144}]",a32b44f1a531325ae3ba7f89b34fd3efa511650ee7707a03aea427ee58894c70,-1.9071673646569218,2.6809392822682856,step_4_H2O,9.0,0.0,True,3.495269795954224,0.610000000035,False,quantitative_screening,0,0,b49e73e4d4a80d4b8371,False,
"('SAC', 'Mn', 'N3C', 'N-porous_carbon', 'O2')",SAC,True,esen-sm-conserving-all-oc25:relax-v4:orr-che-v3,True,0.06766983454332934,39,150,0.08,converged,,bfgs_standard,"[{""ase_converged"": true, ""converged"": true, ""end_geometry_sha256"": ""a5f4888579c9ee1d707008391c90a31474f88d0e12f9b226497719eb505e59c1"", ""failure_class"": null, ""max_force_eV_A"": 0.06766983454332934, ""name"": ""bfgs_standard"", ""start_geometry_sha256"": ""a2e5bdbe872172357b3d4d8c667278269ee4a9b22417b4ab47259bd4280f1a0b"", ""steps"": 39}]",a5f4888579c9ee1d707008391c90a31474f88d0e12f9b226497719eb505e59c1,-143.12720982479172,True,0.06961706063218945,41,100,0.08,converged,,bfgs_standard,"[{""ase_converged"": true, ""converged"": true, ""end_geometry_sha256"": ""ef42f2cabfdb8e5feaad2cb272df27c2cf341b435a57d57861d2c111c2e8bb50"", ""failure_class"": null, ""max_force_eV_A"": 0.06961706063218945, ""name"": ""bfgs_standard"", ""start_geometry_sha256"": ""081e4c898f2c3f87332bfcaa06e6d94f7d65cd6de35b5f3c68c2f04cdd0d8169"", ""steps"": 41}]",ef42f2cabfdb8e5feaad2cb272df27c2cf341b435a57d57861d2c111c2e8bb50,2.303805890232325,True,0.07110793302828154,32.0,100.0,0.08,converged,,bfgs_standard,"[{""ase_converged"": true, ""converged"": true, ""end_geometry_sha256"": ""28105ec37077a25512fa94d087f851a12be1552e33e9d9c8aeb38924220868c7"", ""failure_class"": null, ""max_force_eV_A"": 0.07110793302828154, ""name"": ""bfgs_standard"", ""start_geometry_sha256"": ""bf9add1ade8c9661da5016b00bd8dd8304b0a1544de78f4b2596c995446110bc"", ""steps"": 32}]",28105ec37077a25512fa94d087f851a12be1552e33e9d9c8aeb38924220868c7,2.0036150582134757,True,0.07805468493041681,41.0,100.0,0.08,converged,,bfgs_standard,"[{""ase_converged"": true, ""converged"": true, ""end_geometry_sha256"": ""9babbbeb9409c60cc6edd49881c47c8280133270376fbefab454711ea9a657e7"", ""failure_class"": null, ""max_force_eV_A"": 0.07805468493041681, ""name"": ""bfgs_standard"", ""start_geometry_sha256"": ""8fd7815ac6f123a94003e7939eebe1db02db215609b54a2f46677a1fd105bab3"", ""steps"": 41}]",9babbbeb9409c60cc6edd49881c47c8280133270376fbefab454711ea9a657e7,5.0901329025626225,1.5291908320188492,step_3_OH,9.0,0.0,True,4.307420948445801,0.610000000035,False,quantitative_screening,2,2,7b7763cd97277019149c,False,
"('SAC', 'Mn', 'N3B', 'N-porous_carbon', 'O2')",SAC,True,esen-sm-conserving-all-oc25:relax-v4:orr-che-v3,True,0.06921825557973536,38,150,0.08,converged,,bfgs_standard,"[{""ase_converged"": true, ""converged"": true, ""end_geometry_sha256"": ""ef1450c15c6185229bdf4053396940599d793d25fabc6385c709c9ac930d7b49"", ""failure_class"": null, ""max_force_eV_A"": 0.06921825557973536, ""name"": ""bfgs_standard"", ""start_geometry_sha256"": ""ae5ed326b004c6c5d177d563cbc784215dd97829b946d0410b9475a149174e2d"", ""steps"": 38}]",ef1450c15c6185229bdf4053396940599d793d25fabc6385c709c9ac930d7b49,-140.63239259293118,True,0.06396755675846809,35,100,0.08,converged,,bfgs_standard,"[{""ase_converged"": true, ""converged"": true, ""end_geometry_sha256"": ""e23525936929ec4a9cc18c2c46ecb114d5cb0a8b6967ac2f1088d2ea7dd4e7bd"", ""failure_class"": null, ""max_force_eV_A"": 0.06396755675846809, ""name"": ""bfgs_standard"", ""start_geometry_sha256"": ""9787677ead427d8b55f587f013596b0c2e2c5ef7161e06c96b64e4f8a3bddffa"", ""steps"": 35}]",e23525936929ec4a9cc18c2c46ecb114d5cb0a8b6967ac2f1088d2ea7dd4e7bd,-0.0033692692220211318,True,0.07726524686213475,30.0,100.0,0.08,converged,,bfgs_standard,"[{""ase_converged"": true, ""converged"": true, ""end_geometry_sha256"": ""31ccb3c3caadb7a386995edf0285e778178f3b8bafea229ab64dc0eb966ecf2a"", ""failure_class"": null, ""max_force_eV_A"": 0.07726524686213475, ""name"": ""bfgs_standard"", ""start_geometry_sha256"": ""4322a504e30f7180233048fe3713b10de151bd90f6087c9418f476ea2387cee6"", ""steps"": 30}]",31ccb3c3caadb7a386995edf0285e778178f3b8bafea229ab64dc0eb966ecf2a,0.6268562443554437,True,0.06351439883175711,52.0,100.0,0.08,converged,,bfgs_standard,"[{""ase_converged"": true, ""converged"": true, ""end_geometry_sha256"": ""2a5d2977ebc2768f9b19e73004f8a303a84f9bd912f59b02811caa7306cc1478"", ""failure_class"": null, ""max_force_eV_A"": 0.06351439883175711, ""name"": ""bfgs_standard"", ""start_geometry_sha256"": ""fc5708d0dacf524e4f381dedac9ba2f8aaa0445e53918ff97857ae5426b1eff8"", ""steps"": 52}]",2a5d2977ebc2768f9b19e73004f8a303a84f9bd912f59b02811caa7306cc1478,3.3929674133658443,1.2323692692220212,step_4_H2O,9.0,0.0,True,0.6302255135774648,0.610000000035,False,quantitative_screening,2,2,a5c434f2aed6f9d3fd36,False,
"('SAC', 'Mn', 'N2S2', 'MoS2_sheet', 'Cl')",SAC,True,esen-sm-conserving-all-oc25:relax-v4:orr-che-v3,True,0.07780576313645632,130,150,0.08,converged,,bfgs_standard,"[{""ase_converged"": true, ""converged"": true, ""end_geometry_sha256"": ""1d27e4f363e22b10f105c77058123385e4d8b416d3700d990e82be603851ff0e"", ""failure_class"": null, ""max_force_eV_A"": 0.07780576313645632, ""name"": ""bfgs_standard"", ""start_geometry_sha256"": ""805dd5dd7a1c9dc07f0114c68e8eceb1f41aaf04779c9b97b4c7fab26416c4d8"", ""steps"": 130}]",1d27e4f363e22b10f105c77058123385e4d8b416d3700d990e82be603851ff0e,-132.22534857085057,True,0.07006306148584343,29,100,0.08,converged,,bfgs_standard,"[{""ase_converged"": true, ""converged"": true, ""end_geometry_sha256"": ""17c89ee8d184602f34446a635b23b2b30fe1bb92f81e18eef13b32813f2ea3a7"", ""failure_class"": null, ""max_force_eV_A"": 0.07006306148584343, ""name"": ""bfgs_standard"", ""start_geometry_sha256"": ""bb6a36c7012064258c86fadf3b6b7c847247052b4411b6abec4847dff4cb0b72"", ""steps"": 29}]",17c89ee8d184602f34446a635b23b2b30fe1bb92f81e18eef13b32813f2ea3a7,0.314525666385889,True,0.052743325005060404,42.0,100.0,0.08,converged,,bfgs_standard,"[{""ase_converged"": true, ""converged"": true, ""end_geometry_sha256"": ""5a720496a9a817d80cfb4cff8b8d2e01a85b5ab3cb986649bafc96868bd7ab42"", ""failure_class"": null, ""max_force_eV_A"": 0.052743325005060404, ""name"": ""bfgs_standard"", ""start_geometry_sha256"": ""08fd117db33d798e1290f563652d3bfa24d3c7df1e579c26ce197c1922961ca3"", ""steps"": 42}]",5a720496a9a817d80cfb4cff8b8d2e01a85b5ab3cb986649bafc96868bd7ab42,0.8604456551373041,True,0.07518555922691424,238.0,100.0,0.08,converged,,bfgs_after_fire,"[{""ase_converged"": false, ""converged"": false, ""end_geometry_sha256"": ""d1f65e68d9e93a851f2099cda817e7afe191852054431f2fdb01a63ab70f2f48"", ""failure_class"": ""force_threshold"", ""max_force_eV_A"": 0.19977819521027304, ""name"": ""bfgs_standard"", ""start_geometry_sha256"": ""532f2a69800e5ef588c3692a87b66c9cf620d6ae1c8e21ace551142f233a7b49"", ""steps"": 100}, {""ase_converged"": false, ""converged"": false, ""end_geometry_sha256"": ""a7caa0a8beb5b1452aebe8789559b3be4e2c6525184ceedaa40bda1fbd9ab9db"", ""failure_class"": ""force_threshold"", ""max_force_eV_A"": 0.9808401761913146, ""name"": ""fire_precondition"", ""qualifying"": false, ""start_geometry_sha256"": ""532f2a69800e5ef588c3692a87b66c9cf620d6ae1c8e21ace551142f233a7b49"", ""steps"": 50}, {""ase_converged"": true, ""converged"": true, ""end_geometry_sha256"": ""46e26631a649cd9ffd2de40986cc0c0ffa061c517192191e528698ca88bc2409"", ""failure_class"": null, ""max_force_eV_A"": 0.07518555922691424, ""name"": ""bfgs_after_fire"", ""start_geometry_sha256"": ""a7caa0a8beb5b1452aebe8789559b3be4e2c6525184ceedaa40bda1fbd9ab9db"", ""steps"": 88}]",46e26631a649cd9ffd2de40986cc0c0ffa061c517192191e528698ca88bc2409,0.008417318761352294,2.081028336375952,step_2_O,9.0,0.0,True,1.1749713215231932,0.610000000035,False,quantitative_screening,2,2,141a66c253e5db7d89ca,False,
"('SAC', 'Mn', 'N3O', 'MoS2_sheet', 'Cl')",SAC,True,esen-sm-conserving-all-oc25:relax-v4:orr-che-v3,True,0.06617824501726428,42,150,0.08,converged,,bfgs_standard,"[{""ase_converged"": true, ""converged"": true, ""end_geometry_sha256"": ""a3698fb05c9233cad5e0247f006566e62bd2da9c4e7d9663f83d47b337f58215"", ""failure_class"": null, ""max_force_eV_A"": 0.06617824501726428, ""name"": ""bfgs_standard"", ""start_geometry_sha256"": ""e913576a1adc944beef985384761fe385f17ae15e7ee70e1038aff443c1bebac"", ""steps"": 42}]",a3698fb05c9233cad5e0247f006566e62bd2da9c4e7d9663f83d47b337f58215,-136.86169083062066,True,0.07879065389540779,71,100,0.08,converged,,bfgs_standard,"[{""ase_converged"": true, ""converged"": true, ""end_geometry_sha256"": ""636c99329927a76147100f12339e2a166f04750736c8f64fbe264e88fe7adb5a"", ""failure_class"": null, ""max_force_eV_A"": 0.07879065389540779, ""name"": ""bfgs_standard"", ""start_geometry_sha256"": ""424792ac6d28aba035debbc52878be206f196f96af5fa8b6475dae6aa1ec4d99"", ""steps"": 71}]",636c99329927a76147100f12339e2a166f04750736c8f64fbe264e88fe7adb5a,-1.3403093193471431,True,0.0750694980312069,83.0,100.0,0.08,converged,,bfgs_standard,"[{""ase_converged"": true, ""converged"": true, ""end_geometry_sha256"": ""903d2ef49dbd8c499b53ee39257004592b72bdb9c604fa29a7c02d46dcd2143f"", ""failure_class"": null, ""max_force_eV_A"": 0.0750694980312069, ""name"": ""bfgs_standard"", ""start_geometry_sha256"": ""0ef2ce593eda931b03684f2a357de35b268ff42fc7d50d1bcc88ff705117e808"", ""steps"": 83}]",903d2ef49dbd8c499b53ee39257004592b72bdb9c604fa29a7c02d46dcd2143f,-1.4236858718097174,True,0.07392456748904128,77.0,100.0,0.08,converged,,bfgs_standard,"[{""ase_converged"": true, ""converged"": true, ""end_geometry_sha256"": ""d7e4d8663b70b72a76277027371a3eff9141a07f6b1bfbd794e530bef56052b2"", ""failure_class"": null, ""max_force_eV_A"": 0.07392456748904128, ""name"": ""bfgs_standard"", ""start_geometry_sha256"": ""9c26e643f614e0c9b1b354548e1f2e4a544cd3e32cb6369caff98ac6a6fd88cc"", ""steps"": 77}]",d7e4d8663b70b72a76277027371a3eff9141a07f6b1bfbd794e530bef56052b2,1.5231904491782222,2.569309319347143,step_4_H2O,9.0,0.0,True,2.7639951911568605,0.610000000035,False,quantitative_screening,1,1,bf374f32fe7a0175527b,False,
"('SAC', 'Mn', 'N4_pyridine', 'N-porous_carbon', 'Cl')",SAC,True,esen-sm-conserving-all-oc25:relax-v4:orr-che-v3,True,0.07140509593425937,66,150,0.08,converged,,bfgs_standard,"[{""ase_converged"": true, ""converged"": true, ""end_geometry_sha256"": ""cca4b6dddc5b0e05b795751f8850ac89c5347f494b2464b2ff17e45aea3095b6"", ""failure_class"": null, ""max_force_eV_A"": 0.07140509593425937, ""name"": ""bfgs_standard"", ""start_geometry_sha256"": ""2f6ac9e3c74fa4081b2c0c9e4dda8551f599a499aac9f44e82f6d987d95f5aa6"", ""steps"": 66}]",cca4b6dddc5b0e05b795751f8850ac89c5347f494b2464b2ff17e45aea3095b6,-138.94962931858572,True,0.07852651753999658,29,100,0.08,converged,,bfgs_standard,"[{""ase_converged"": true, ""converged"": true, ""end_geometry_sha256"": ""3dc19a56457466fe25a86e39edd4481723c53aaa6f295cbbb5ab61123f233c2a"", ""failure_class"": null, ""max_force_eV_A"": 0.07852651753999658, ""name"": ""bfgs_standard"", ""start_geometry_sha256"": ""1cabceaf5e2b7f442ef44e88afb665f9d9a51c8f44bde0064a53ba10592ac0ca"", ""steps"": 29}]",3dc19a56457466fe25a86e39edd4481723c53aaa6f295cbbb5ab61123f233c2a,1.7940149928629399,True,0.07940785973875382,225.0,100.0,0.08,converged,,bfgs_after_fire,"[{""ase_converged"": false, ""converged"": false, ""end_geometry_sha256"": ""1ac9d50341360b03107746e11192b1189f1c290fffb3f4d3f449737c6f2f23e8"", ""failure_class"": ""force_threshold"", ""max_force_eV_A"": 0.11571547131212197, ""name"": ""bfgs_standard"", ""start_geometry_sha256"": ""cfdff689801ecce4f1c1ff9c5ee1750a4467602887fcfe8d59ef8d037e8f1071"", ""steps"": 100}, {""ase_converged"": true, ""converged"": true, ""end_geometry_sha256"": ""e5412786847eaabbccaeb0bf910eafff6a97af45cde81442dd739da62e974264"", ""failure_class"": null, ""max_force_eV_A"": 0.24447235036178314, ""name"": ""fire_precondition"", ""qualifying"": false, ""start_geometry_sha256"": ""cfdff689801ecce4f1c1ff9c5ee1750a4467602887fcfe8d59ef8d037e8f1071"", ""steps"": 40}, {""ase_converged"": true, ""converged"": true, ""end_geometry_sha256"": ""d8a407d230e2a41fcd5d85c79eddb077cdc721ba59c337606c6c3a657d724281"", ""failure_class"": null, ""max_force_eV_A"": 0.07940785973875382, ""name"": ""bfgs_after_fire"", ""start_geometry_sha256"": ""e5412786847eaabbccaeb0bf910eafff6a97af45cde81442dd739da62e974264"", ""steps"": 85}]",d8a407d230e2a41fcd5d85c79eddb077cdc721ba59c337606c6c3a657d724281,0.6475981839001215,True,0.0743856829791443,55.0,100.0,0.08,converged,,bfgs_standard,"[{""ase_converged"": true, ""converged"": true, ""end_geometry_sha256"": ""21e39fa14e0572963907adf7f16da895b6fa10c56ea6d68699332e14671db300"", ""failure_class"": null, ""max_force_eV_A"": 0.0743856829791443, ""name"": ""bfgs_standard"", ""start_geometry_sha256"": ""15b59b4f758d2bebd824edd799c9551010230568420fd417a72bcf1aa7b92691"", ""steps"": 55}]",21e39fa14e0572963907adf7f16da895b6fa10c56ea6d68699332e14671db300,4.80151696056128,2.3754168089628185,step_3_OH,9.0,0.0,True,2.4416131767630613,0.610000000035,False,quantitative_screening,0,0,af00d2ebfbffb0db17be,False,
"('SAC', 'Mn', 'N2Se2', 'N-CNT', 'NH3')",SAC,True,esen-sm-conserving-all-oc25:relax-v4:orr-che-v3,True,0.0644205956795416,43,150,0.08,converged,,bfgs_standard,"[{""ase_converged"": true, ""converged"": true, ""end_geometry_sha256"": ""d5e9ccaec03b79c2803c66d1efcf5fbf40858b066465764cd52fe6efb35e3bd4"", ""failure_class"": null, ""max_force_eV_A"": 0.0644205956795416, ""name"": ""bfgs_standard"", ""start_geometry_sha256"": ""64d30ee2ce9ecd87f50e5993ccf50877605537264049bb729fc7d99ba3e8b853"", ""steps"": 43}]",d5e9ccaec03b79c2803c66d1efcf5fbf40858b066465764cd52fe6efb35e3bd4,-143.39847716118868,True,0.07790833922724577,24,100,0.08,converged,,bfgs_standard,"[{""ase_converged"": true, ""converged"": true, ""end_geometry_sha256"": ""acfa53d562b14a060e6e70b2f745210f1ce95d04b55ee28fbd3c9594446517ea"", ""failure_class"": null, ""max_force_eV_A"": 0.07790833922724577, ""name"": ""bfgs_standard"", ""start_geometry_sha256"": ""f4c66be87571e1ca4f6e5b0c7649c7f2371cc8d20ea6fd96795116de9238ca90"", ""steps"": 24}]",acfa53d562b14a060e6e70b2f745210f1ce95d04b55ee28fbd3c9594446517ea,2.2182269717752936,True,0.07612671425991598,36.0,100.0,0.08,converged,,bfgs_standard,"[{""ase_converged"": true, ""converged"": true, ""end_geometry_sha256"": ""c7cfb94c6066a46e4c9fc647446c508808540d3cfdedfeda71bd6e9bd74a3ff5"", ""failure_class"": null, ""max_force_eV_A"": 0.07612671425991598, ""name"": ""bfgs_standard"", ""start_geometry_sha256"": ""aea0afb427e54638c9504e4d817292d799daa5e532facf965e8d3f7270f4e2fb"", ""steps"": 36}]",c7cfb94c6066a46e4c9fc647446c508808540d3cfdedfeda71bd6e9bd74a3ff5,4.573588526993993,True,0.06295540250349607,64.0,100.0,0.08,converged,,bfgs_standard,"[{""ase_converged"": true, ""converged"": true, ""end_geometry_sha256"": ""279f1e63156cfbeae10b58a942b51eeba55aeb6613a522a44d8207c06a45f858"", ""failure_class"": null, ""max_force_eV_A"": 0.06295540250349607, ""name"": ""bfgs_standard"", ""start_geometry_sha256"": ""6a47b13b6139f0e9c131d0d058d8a1336f8a775bc72285945fb74b16af4e32a4"", ""steps"": 64}]",279f1e63156cfbeae10b58a942b51eeba55aeb6613a522a44d8207c06a45f858,4.777200411260132,1.0862004112601324,step_1_OOH,9.0,0.0,True,6.791815498769287,0.610000000035,False,quantitative_screening,1,1,eb2e76fc5b141b033452,False,
"('DAC', 'Cr', 'Ir', 'N2S2N2', 'N-graphdiyne')",DAC,True,esen-sm-conserving-all-oc25:relax-v4:orr-che-v3,True,0.07690667609759137,94,150,0.08,converged,,bfgs_standard,"[{""ase_converged"": true, ""converged"": true, ""end_geometry_sha256"": ""c5e59068ae36c0be5ef1d421df476bbdde57d80362ed05df01766cb622d32d8a"", ""failure_class"": null, ""max_force_eV_A"": 0.07690667609759137, ""name"": ""bfgs_standard"", ""start_geometry_sha256"": ""0a3e19a899068059f2dffc7216c219f45e0f2fce2d2764a955dd20e8675d7533"", ""steps"": 94}]",c5e59068ae36c0be5ef1d421df476bbdde57d80362ed05df01766cb622d32d8a,-138.82996814711524,True,0.06560634501272745,57,100,0.08,converged,,bfgs_standard,"[{""ase_converged"": true, ""converged"": true, ""end_geometry_sha256"": ""d0595a1abe120a30e72c0cb6d26403692e9b8ff50719d2c2922af56b18473503"", ""failure_class"": null, ""max_force_eV_A"": 0.06560634501272745, ""name"": ""bfgs_standard"", ""start_geometry_sha256"": ""176545adef54f5ac9d645978d9c08c1cd8ecf3c8be359fe452413965f7a5ebb7"", ""steps"": 57}]",d0595a1abe120a30e72c0cb6d26403692e9b8ff50719d2c2922af56b18473503,0.06399613872170445,True,0.06910536491565532,85.0,100.0,0.08,converged,,bfgs_standard,"[{""ase_converged"": true, ""converged"": true, ""end_geometry_sha256"": ""3926292dedd1752be91648266829447bcc74b6900a1d666bacec06f2754c3748"", ""failure_class"": null, ""max_force_eV_A"": 0.06910536491565532, ""name"": ""bfgs_standard"", ""start_geometry_sha256"": ""adef46f0d3de253e5ea63f0cb59aa3758c74776765f4b4e6d51f68040e79fc3f"", ""steps"": 85}]",3926292dedd1752be91648266829447bcc74b6900a1d666bacec06f2754c3748,-1.3872547976672613,True,0.0675996128127383,318.0,100.0,0.08,converged,,bfgs_after_fire,"[{""ase_converged"": false, ""converged"": false, ""end_geometry_sha256"": ""dfb9003311c4071bbc802ff4ae261acd234349d5221df5f06f39ff387e2669d8"", ""failure_class"": ""force_threshold"", ""max_force_eV_A"": 0.3480523533758138, ""name"": ""bfgs_standard"", ""start_geometry_sha256"": ""e2767c31c6f9825823297c3ff6761f2bece051c5384e9472db8d5dcacbe63a77"", ""steps"": 100}, {""ase_converged"": true, ""converged"": true, ""end_geometry_sha256"": ""c3f62251353e3bb371023d40d18b5b16b06f8312343b30d384a1128a46a1ab5d"", ""failure_class"": null, ""max_force_eV_A"": 0.2181686897588547, ""name"": ""fire_precondition"", ""qualifying"": false, ""start_geometry_sha256"": ""e2767c31c6f9825823297c3ff6761f2bece051c5384e9472db8d5dcacbe63a77"", ""steps"": 41}, {""ase_converged"": true, ""converged"": true, ""end_geometry_sha256"": ""dd3b7b887063ca1cd4ce9404fb06aa3a25693ac1d462c9657abff79c76b7ea36"", ""failure_class"": null, ""max_force_eV_A"": 0.0675996128127383, ""name"": ""bfgs_after_fire"", ""start_geometry_sha256"": ""c3f62251353e3bb371023d40d18b5b16b06f8312343b30d384a1128a46a1ab5d"", ""steps"": 177}]",dd3b7b887063ca1cd4ce9404fb06aa3a25693ac1d462c9657abff79c76b7ea36,-1.586593677103516,2.680250936388966,step_3_OH,9.0,-2.0,True,1.4512509363889659,0.5775000000349999,False,quantitative_screening,2,2,89e2f1d2861cf5f7cbcb,False,
"('DAC', 'Cr', 'Sm', 'N3BN3', 'N-graphene')",DAC,False,esen-sm-conserving-all-oc25:relax-v4:orr-che-v3,True,0.06984624883171861,110,150,0.08,converged,,bfgs_standard,"[{""ase_converged"": true, ""converged"": true, ""end_geometry_sha256"": ""70be83ff6cc232d173894ea66402694d519849bdca114a5e6f5c03e900eddf0c"", ""failure_class"": null, ""max_force_eV_A"": 0.06984624883171861, ""name"": ""bfgs_standard"", ""start_geometry_sha256"": ""43c2a8ae3db6c9022d1edf7bd30293b8b6a06c06f18a371e13b9b1a2438fe539"", ""steps"": 110}]",70be83ff6cc232d173894ea66402694d519849bdca114a5e6f5c03e900eddf0c,-138.33817903398344,True,0.07191282050091412,219,100,0.08,converged,,bfgs_after_fire,"[{""ase_converged"": false, ""converged"": false, ""end_geometry_sha256"": ""c5d4ac7f2baf7da73493b1f2d0deddca3c2585e27e030983054012a34104d2db"", ""failure_class"": ""force_threshold"", ""max_force_eV_A"": 0.08133605972629186, ""name"": ""bfgs_standard"", ""start_geometry_sha256"": ""57e3b38a472c2a6bb67c308fd7301644a6394a44ddd1d78339a6c4d52f886eb5"", ""steps"": 100}, {""ase_converged"": false, ""converged"": false, ""end_geometry_sha256"": ""9e74ffd0851f3628c2b01f5826331469c75f778df02b815644e6c533c4e06dd5"", ""failure_class"": ""force_threshold"", ""max_force_eV_A"": 1.13763875309953, ""name"": ""fire_precondition"", ""qualifying"": false, ""start_geometry_sha256"": ""57e3b38a472c2a6bb67c308fd7301644a6394a44ddd1d78339a6c4d52f886eb5"", ""steps"": 50}, {""ase_converged"": true, ""converged"": true, ""end_geometry_sha256"": ""4a86fb9573e914a20b035733b34678f0aaaf7bd7380dc68b35a32a6b9a7393ad"", ""failure_class"": null, ""max_force_eV_A"": 0.07191282050091412, ""name"": ""bfgs_after_fire"", ""start_geometry_sha256"": ""9e74ffd0851f3628c2b01f5826331469c75f778df02b815644e6c533c4e06dd5"", ""steps"": 69}]",4a86fb9573e914a20b035733b34678f0aaaf7bd7380dc68b35a32a6b9a7393ad,0.2801421310007572,False,17.878148778939902,650.0,100.0,0.08,recovery_exhausted,force_threshold,fire_precondition,"[{""ase_converged"": false, ""converged"": false, ""end_geometry_sha256"": ""1ea449a035e4ffde4068ef1ec9423453f8566a7ca5f84d7b2c7d4330197110c6"", ""failure_class"": ""force_threshold"", ""max_force_eV_A"": 73.1579747395201, ""name"": ""bfgs_standard"", ""start_geometry_sha256"": ""1adcc70fde9e5be758b8905400ebdd9d8393cd1373d685f37a5e79239edfa308"", ""steps"": 100}, {""ase_converged"": false, ""converged"": false, ""end_geometry_sha256"": ""372eca59879bbb79d57b44c0d59d9d9b4dfb7069ab70eb14b9d13035262882d2"", ""failure_class"": ""force_threshold"", ""max_force_eV_A"": 17.878148778939902, ""name"": ""fire_precondition"", ""qualifying"": false, ""start_geometry_sha256"": ""1adcc70fde9e5be758b8905400ebdd9d8393cd1373d685f37a5e79239edfa308"", ""steps"": 50}, {""ase_converged"": false, ""converged"": false, ""end_geometry_sha256"": ""3eb5f92e298f2872a8a77a1c2b210c85357b5f4a072b1c65869c928addf78381"", ""failure_class"": ""force_threshold"", ""max_force_eV_A"": 131596.31934182596, ""name"": ""bfgs_after_fire"", ""start_geometry_sha256"": ""372eca59879bbb79d57b44c0d59d9d9b4dfb7069ab70eb14b9d13035262882d2"", ""steps"": 200}, {""ase_converged"": false, ""converged"": false, ""end_geometry_sha256"": ""5f0ad09b7b7cd021ceb80e92c9fde9fb033031ea754c5e8f6844f80a4d2f05cb"", ""failure_class"": ""force_threshold"", ""max_force_eV_A"": 36.6870630886793, ""name"": ""fire_small_step"", ""start_geometry_sha256"": ""372eca59879bbb79d57b44c0d59d9d9b4dfb7069ab70eb14b9d13035262882d2"", ""steps"": 300}]",372eca59879bbb79d57b44c0d59d9d9b4dfb7069ab70eb14b9d13035262882d2,,,,,,,,,,,,,,,,,,,,True,validation_required,1,1,19c5f270ffd9fde1114a,False,Unconverged o relaxation: max_force=17.8781 eV/A after 650 cumulative recovery steps
"('DAC', 'Cr', 'Sn', 'N6', 'MoS2_sheet')",DAC,True,esen-sm-conserving-all-oc25:relax-v4:orr-che-v3,True,0.07956867756540337,149,150,0.08,converged,,bfgs_standard,"[{""ase_converged"": true, ""converged"": true, ""end_geometry_sha256"": ""8d04de781975f2f482e068b77fd27812ce528fcb25ba63343eae749b041487a1"", ""failure_class"": null, ""max_force_eV_A"": 0.07956867756540337, ""name"": ""bfgs_standard"", ""start_geometry_sha256"": ""831a6f2f2c38bd83eadb1e321c3e459133f6cf3a4a9c7a782e1eb521cb611c9d"", ""steps"": 149}]",8d04de781975f2f482e068b77fd27812ce528fcb25ba63343eae749b041487a1,-151.16155394196448,True,0.07876267043108184,89,100,0.08,converged,,bfgs_standard,"[{""ase_converged"": true, ""converged"": true, ""end_geometry_sha256"": ""83533040f23361b5b05e30976b49b3651ddc7ca90d9e11274c48d5284e8659f5"", ""failure_class"": null, ""max_force_eV_A"": 0.07876267043108184, ""name"": ""bfgs_standard"", ""start_geometry_sha256"": ""bf6526b952020db08f9540e482faf1f590cdd028424c57a45fe1dd736d1aa42e"", ""steps"": 89}]",83533040f23361b5b05e30976b49b3651ddc7ca90d9e11274c48d5284e8659f5,0.025584998279809923,True,0.07022906667743094,92.0,100.0,0.08,converged,,bfgs_standard,"[{""ase_converged"": true, ""converged"": true, ""end_geometry_sha256"": ""f6f7587e2106a1c0685518b96de1785f85aa40d1521ec542425713631c130bb7"", ""failure_class"": null, ""max_force_eV_A"": 0.07022906667743094, ""name"": ""bfgs_standard"", ""start_geometry_sha256"": ""ed38c647d9ac98ca7f02474c5c1621cc09c6dac76112a7f72333989bf3248720"", ""steps"": 92}]",f6f7587e2106a1c0685518b96de1785f85aa40d1521ec542425713631c130bb7,-1.3592005603015387,True,0.07544403070854268,304.0,100.0,0.08,converged,,bfgs_after_fire,"[{""ase_converged"": false, ""converged"": false, ""end_geometry_sha256"": ""065cc177649cda58fffd9493185f9a39a4971ec4f6ba6120424b4868debaa1d9"", ""failure_class"": ""force_threshold"", ""max_force_eV_A"": 0.24448281337554847, ""name"": ""bfgs_standard"", ""start_geometry_sha256"": ""889c0343c7c4939104d84002cb07e5ad81ac3759b3e4a8134107a073b31b601e"", ""steps"": 100}, {""ase_converged"": true, ""converged"": true, ""end_geometry_sha256"": ""184994968af3c6d1ad7356a2febf21fd6b324e1c3d0be77376eb11a8b92cc943"", ""failure_class"": null, ""max_force_eV_A"": 0.23039394527769658, ""name"": ""fire_precondition"", ""qualifying"": false, ""start_geometry_sha256"": ""889c0343c7c4939104d84002cb07e5ad81ac3759b3e4a8134107a073b31b601e"", ""steps"": 42}, {""ase_converged"": true, ""converged"": true, ""end_geometry_sha256"": ""fff101c55020cf9bc013e73acf0d0fffd1ee6fe03eefdbdc899c00497a78e14b"", ""failure_class"": null, ""max_force_eV_A"": 0.07544403070854268, ""name"": ""bfgs_after_fire"", ""start_geometry_sha256"": ""184994968af3c6d1ad7356a2febf21fd6b324e1c3d0be77376eb11a8b92cc943"", ""steps"": 162}]",fff101c55020cf9bc013e73acf0d0fffd1ee6fe03eefdbdc899c00497a78e14b,-1.5686078563332524,2.6137855585813488,step_3_OH,9.0,0.0,True,1.3847855585813487,0.5775000000349999,False,quantitative_screening,0,0,a8a52e6b05d07f55646b,False,
"('DAC', 'Cr', 'Sb', 'N6C2', 'BN_sheet')",DAC,True,esen-sm-conserving-all-oc25:relax-v4:orr-che-v3,True,0.07096353097406163,119,150,0.08,converged,,bfgs_standard,"[{""ase_converged"": true, ""converged"": true, ""end_geometry_sha256"": ""a52671d21443306741dd5b87acbe9368f1f0fd2b7a9e5c10095e23ff2ddb6fd8"", ""failure_class"": null, ""max_force_eV_A"": 0.07096353097406163, ""name"": ""bfgs_standard"", ""start_geometry_sha256"": ""132a30c6880126d6af56bbc526bae4f87480eeebb686e7093b5c3ad91b2778a1"", ""steps"": 119}]",a52671d21443306741dd5b87acbe9368f1f0fd2b7a9e5c10095e23ff2ddb6fd8,-131.80839546515512,True,0.07579977052650169,95,100,0.08,converged,,bfgs_standard,"[{""ase_converged"": true, ""converged"": true, ""end_geometry_sha256"": ""e2426d589320a62e7426e2abd07a6139fe3040507d6d4a9604862053925f8b86"", ""failure_class"": null, ""max_force_eV_A"": 0.07579977052650169, ""name"": ""bfgs_standard"", ""start_geometry_sha256"": ""5140f2564c155070a7188fd4c81fb5606fb610e4778b943dad7b28c60449350d"", ""steps"": 95}]",e2426d589320a62e7426e2abd07a6139fe3040507d6d4a9604862053925f8b86,-0.4206811760365963,True,0.07734957604184892,59.0,100.0,0.08,converged,,bfgs_standard,"[{""ase_converged"": true, ""converged"": true, ""end_geometry_sha256"": ""aa9b196004c866281263752151b3e1729cc18eb12ef5df05b4891bdae88ed11b"", ""failure_class"": null, ""max_force_eV_A"": 0.07734957604184892, ""name"": ""bfgs_standard"", ""start_geometry_sha256"": ""b83941d37fc4277f3c230f01bfb73d5a2cff4d548ee593f7a37e5c1f9a9fd136"", ""steps"": 59}]",aa9b196004c866281263752151b3e1729cc18eb12ef5df05b4891bdae88ed11b,-0.5234394900500738,True,0.07707313231878474,320.0,100.0,0.08,converged,,bfgs_after_fire,"[{""ase_converged"": false, ""converged"": false, ""end_geometry_sha256"": ""65701eeaa4696002f4102a5132f094e5f4b4ef175b7663c00715f29fc8e28ccd"", ""failure_class"": ""force_threshold"", ""max_force_eV_A"": 0.1413193750262545, ""name"": ""bfgs_standard"", ""start_geometry_sha256"": ""01a2651fb43b9adbc04e66bf879382a38e7d1ad43dba3a4b191faf061b7a0324"", ""steps"": 100}, {""ase_converged"": true, ""converged"": true, ""end_geometry_sha256"": ""6b81d17ae80efaed865488c64748f39ead2ef5038b42786bcf8e7f3ea4bed919"", ""failure_class"": null, ""max_force_eV_A"": 0.18262396841466105, ""name"": ""fire_precondition"", ""qualifying"": false, ""start_geometry_sha256"": ""01a2651fb43b9adbc04e66bf879382a38e7d1ad43dba3a4b191faf061b7a0324"", ""steps"": 49}, {""ase_converged"": true, ""converged"": true, ""end_geometry_sha256"": ""733b4fb59011df32eb085ec568367336ab9298524d46def8e69c595c8b1cb523"", ""failure_class"": null, ""max_force_eV_A"": 0.07707313231878474, ""name"": ""bfgs_after_fire"", ""start_geometry_sha256"": ""6b81d17ae80efaed865488c64748f39ead2ef5038b42786bcf8e7f3ea4bed919"", ""steps"": 171}]",733b4fb59011df32eb085ec568367336ab9298524d46def8e69c595c8b1cb523,-0.4390235438942873,1.6496811760365964,step_4_H2O,9.0,-0.6903698325741014,True,0.9441206660866701,0.5775000000349999,False,quantitative_screening,2,2,570242b6f4486cf93bb1,False,
"('DAC', 'Mn', 'Cr', 'N8', 'N-graphdiyne')",DAC,True,esen-sm-conserving-all-oc25:relax-v4:orr-che-v3,True,0.07781276119116638,62,150,0.08,converged,,bfgs_standard,"[{""ase_converged"": true, ""converged"": true, ""end_geometry_sha256"": ""9551e4afe2e40db2704c73183abb6abec1e300fc198bfb09a4faa3ea07fd5739"", ""failure_class"": null, ""max_force_eV_A"": 0.07781276119116638, ""name"": ""bfgs_standard"", ""start_geometry_sha256"": ""b0e2801fbe259047423721aa7c4f0f670fdd3e3fef6e706b256180407e7d626b"", ""steps"": 62}]",9551e4afe2e40db2704c73183abb6abec1e300fc198bfb09a4faa3ea07fd5739,-174.68739607825995,True,0.07456530231832267,88,100,0.08,converged,,bfgs_standard,"[{""ase_converged"": true, ""converged"": true, ""end_geometry_sha256"": ""b21218398f009b116126f99de877efe617c5ae3092d84ea27f0f4eb5945855eb"", ""failure_class"": null, ""max_force_eV_A"": 0.07456530231832267, ""name"": ""bfgs_standard"", ""start_geometry_sha256"": ""ae6e1c78f5e977083d25ceb7ace341f25267a4e41b6a26f3a436ce6141122e88"", ""steps"": 88}]",b21218398f009b116126f99de877efe617c5ae3092d84ea27f0f4eb5945855eb,-0.3449131821095944,True,0.07249436823171504,45.0,100.0,0.08,converged,,bfgs_standard,"[{""ase_converged"": true, ""converged"": true, ""end_geometry_sha256"": ""0f7fe655b235ad0485c088db3d61e1e959829f16754011a6a295f0c62dc9ea14"", ""failure_class"": null, ""max_force_eV_A"": 0.07249436823171504, ""name"": ""bfgs_standard"", ""start_geometry_sha256"": ""993044a0b0f00f651dcbabf2186cb08e74d620fad4f4a490ab694fb7eccacaa4"", ""steps"": 45}]",0f7fe655b235ad0485c088db3d61e1e959829f16754011a6a295f0c62dc9ea14,-1.328789316862818,True,0.06541259425313921,54.0,100.0,0.08,converged,,bfgs_standard,"[{""ase_converged"": true, ""converged"": true, ""end_geometry_sha256"": ""36617c29cbb05327dd090a0808d6a3c547577fe7055f80077854e4a2314f9f40"", ""failure_class"": null, ""max_force_eV_A"": 0.06541259425313921, ""name"": ""bfgs_standard"", ""start_geometry_sha256"": ""781473b7e854a3a8eb9992d889f29d8b998056607b8d1c276cec0aa578a3a7d4"", ""steps"": 54}]",36617c29cbb05327dd090a0808d6a3c547577fe7055f80077854e4a2314f9f40,2.729749153554443,2.2128761347532238,step_3_OH,8.0,0.0,True,1.6737024989724123,0.5775000000349999,False,quantitative_screening,0,0,7d7ea3a5100d8f7c93be,False,
"('DAC', 'Mn', 'Ni', 'N4N4', 'N-CNT')",DAC,True,esen-sm-conserving-all-oc25:relax-v4:orr-che-v3,True,0.07715497665313109,78,150,0.08,converged,,bfgs_standard,"[{""ase_converged"": true, ""converged"": true, ""end_geometry_sha256"": ""24211ebc1ec45d9f628229f36131e55a78e7b037805d44d4d4fc6ad8c021b9f2"", ""failure_class"": null, ""max_force_eV_A"": 0.07715497665313109, ""name"": ""bfgs_standard"", ""start_geometry_sha256"": ""75078643dad9869841d54df02a38f42c2e4dfb32b2924291fca8e93b7d200565"", ""steps"": 78}]",24211ebc1ec45d9f628229f36131e55a78e7b037805d44d4d4fc6ad8c021b9f2,-169.72406411425342,True,0.07929341784620728,54,100,0.08,converged,,bfgs_standard,"[{""ase_converged"": true, ""converged"": true, ""end_geometry_sha256"": ""7c13897b97298f80ada15bd82da3ecd14668cfbc3a57f8228c70ddb8c3c78b45"", ""failure_class"": null, ""max_force_eV_A"": 0.07929341784620728, ""name"": ""bfgs_standard"", ""start_geometry_sha256"": ""cc97b4d7fa8a9c9b2de3e595affc2c27f1884d0556d6d13724876a743366ec8c"", ""steps"": 54}]",7c13897b97298f80ada15bd82da3ecd14668cfbc3a57f8228c70ddb8c3c78b45,-0.8332378242909908,True,0.07844126890000087,26.0,100.0,0.08,converged,,bfgs_standard,"[{""ase_converged"": true, ""converged"": true, ""end_geometry_sha256"": ""febf4612ce10062578dfec3a993707f3bd6c02118928810655d2a07dc45cc8a4"", ""failure_class"": null, ""max_force_eV_A"": 0.07844126890000087, ""name"": ""bfgs_standard"", ""start_geometry_sha256"": ""e0e27a586c33c58a88ee8a955909a49aa9cf9dcd2623a4293ff319951f5ea8df"", ""steps"": 26}]",febf4612ce10062578dfec3a993707f3bd6c02118928810655d2a07dc45cc8a4,-0.7707301013171637,True,0.057145921490749985,52.0,100.0,0.08,converged,,bfgs_standard,"[{""ase_converged"": true, ""converged"": true, ""end_geometry_sha256"": ""86f1eb703a04ad37114d5b3a132c13c115fd788dcee734d96d26bcc060c29eff"", ""failure_class"": null, ""max_force_eV_A"": 0.057145921490749985, ""name"": ""bfgs_standard"", ""start_geometry_sha256"": ""2e43f94e3ae11c64a19471dc8574328f57ba5d2c086e4ac658046dd8e1d29b6c"", ""steps"": 52}]",86f1eb703a04ad37114d5b3a132c13c115fd788dcee734d96d26bcc060c29eff,-0.24415736347436548,2.0622378242909907,step_4_H2O,9.0,0.0,True,1.6039679256081545,0.5775000000349999,False,quantitative_screening,0,0,8f3f91c5189f73511abd,False,
"('DAC', 'Mn', 'Ru', 'N4N4', 'MoS2_sheet')",DAC,True,esen-sm-conserving-all-oc25:relax-v4:orr-che-v3,True,0.06545307064221956,41,150,0.08,converged,,bfgs_standard,"[{""ase_converged"": true, ""converged"": true, ""end_geometry_sha256"": ""e0b6619a846d8031f39b921038e839313ab7d4c53e73e21f985a34e31b7dcc4e"", ""failure_class"": null, ""max_force_eV_A"": 0.06545307064221956, ""name"": ""bfgs_standard"", ""start_geometry_sha256"": ""b9894371805f3c6af4caf31d0adee74c6bd6b56115f108feec500850ba19c596"", ""steps"": 41}]",e0b6619a846d8031f39b921038e839313ab7d4c53e73e21f985a34e31b7dcc4e,-171.50573238796122,True,0.07182969815752534,44,100,0.08,converged,,bfgs_standard,"[{""ase_converged"": true, ""converged"": true, ""end_geometry_sha256"": ""e4636c11a92bcfdc34a75275f8c5f9d50ec4fd9f279626d25232a510bd75c0e7"", ""failure_class"": null, ""max_force_eV_A"": 0.07182969815752534, ""name"": ""bfgs_standard"", ""start_geometry_sha256"": ""aa7c4b780fb0316bd08ffb0d2840c845804f62742ed71bdd21e725853e88312d"", ""steps"": 44}]",e4636c11a92bcfdc34a75275f8c5f9d50ec4fd9f279626d25232a510bd75c0e7,-0.3083431099355221,True,0.07018299639852728,36.0,100.0,0.08,converged,,bfgs_standard,"[{""ase_converged"": true, ""converged"": true, ""end_geometry_sha256"": ""69f50a1ddd7c4838b4d9ec7b299a0da5c4f1ae4e9c94933585d3319da075457e"", ""failure_class"": null, ""max_force_eV_A"": 0.07018299639852728, ""name"": ""bfgs_standard"", ""start_geometry_sha256"": ""3160a96f92883041b672cea3cc2e4e809c44cf2a7fbd0679c634ea60218d7815"", ""steps"": 36}]",69f50a1ddd7c4838b4d9ec7b299a0da5c4f1ae4e9c94933585d3319da075457e,-0.7174368731677496,True,0.07884653286803933,35.0,100.0,0.08,converged,,bfgs_standard,"[{""ase_converged"": true, ""converged"": true, ""end_geometry_sha256"": ""c842d457906b61b33a5a989db181462f6bacd756eebe917c0f197404cf8920e8"", ""failure_class"": null, ""max_force_eV_A"": 0.07884653286803933, ""name"": ""bfgs_standard"", ""start_geometry_sha256"": ""ad5482f994c2f8afe0696e4c583083ff9c0a0f3895887e63c4ba57885c74a0bf"", ""steps"": 35}]",c842d457906b61b33a5a989db181462f6bacd756eebe917c0f197404cf8920e8,-0.07683901935815454,1.6380937632322277,step_3_OH,9.0,-2.0,True,1.0257799831032717,0.5775000000349999,False,quantitative_screening,1,1,e86f0a41e1db599e1a3a,False,
"('DAC', 'Mn', 'Hf', 'N4O2', 'N-porous_carbon')",DAC,True,esen-sm-conserving-all-oc25:relax-v4:orr-che-v3,True,0.07721018192854573,342,150,0.08,converged,,bfgs_after_fire,"[{""ase_converged"": false, ""converged"": false, ""end_geometry_sha256"": ""dce6888e775a1b5c394e652ec878894bbaaaf7b7618e18e86a72c1c41ce8546d"", ""failure_class"": ""force_threshold"", ""max_force_eV_A"": 0.21734431870958762, ""name"": ""bfgs_standard"", ""start_geometry_sha256"": ""188dc1a3e33a380612307069cba7fee86e9b077f3ceddfb730542ffcbd07a397"", ""steps"": 150}, {""ase_converged"": false, ""converged"": false, ""end_geometry_sha256"": ""4a7460679690a8a7b0ad532f520e4d7105fc82e1944e45f083c6566b15bed679"", ""failure_class"": ""force_threshold"", ""max_force_eV_A"": 1.5959777337351664, ""name"": ""fire_precondition"", ""qualifying"": false, ""start_geometry_sha256"": ""188dc1a3e33a380612307069cba7fee86e9b077f3ceddfb730542ffcbd07a397"", ""steps"": 75}, {""ase_converged"": true, ""converged"": true, ""end_geometry_sha256"": ""223e8a7f2b9edda9a32e06a2dcdb69445869271f05c6903df53cb85ae5dc21ac"", ""failure_class"": null, ""max_force_eV_A"": 0.07721018192854573, ""name"": ""bfgs_after_fire"", ""start_geometry_sha256"": ""4a7460679690a8a7b0ad532f520e4d7105fc82e1944e45f083c6566b15bed679"", ""steps"": 117}]",223e8a7f2b9edda9a32e06a2dcdb69445869271f05c6903df53cb85ae5dc21ac,-141.9958889763277,True,0.07622922462726192,64,100,0.08,converged,,bfgs_standard,"[{""ase_converged"": true, ""converged"": true, ""end_geometry_sha256"": ""fd2d36aef9036f54716880716a8ef7f4071c1098a615758ea7c6ee0e1975e9a8"", ""failure_class"": null, ""max_force_eV_A"": 0.07622922462726192, ""name"": ""bfgs_standard"", ""start_geometry_sha256"": ""fdfcc6ffc559508538c1739b4d782deb88ce7d0bcd1e31a5bb4de43514d2c3c0"", ""steps"": 64}]",fd2d36aef9036f54716880716a8ef7f4071c1098a615758ea7c6ee0e1975e9a8,-1.1852003906667232,True,0.07899624162470223,63.0,100.0,0.08,converged,,bfgs_standard,"[{""ase_converged"": true, ""converged"": true, ""end_geometry_sha256"": ""6260265c65ffde48ac2763699b4205540854421d8fa7cf36244a8840ec327795"", ""failure_class"": null, ""max_force_eV_A"": 0.07899624162470223, ""name"": ""bfgs_standard"", ""start_geometry_sha256"": ""07a701591d3fd2a2c18a22d6a320e476bb44de1b53391f433ec6145a9f2a9acf"", ""steps"": 63}]",6260265c65ffde48ac2763699b4205540854421d8fa7cf36244a8840ec327795,-1.0342656008899176,True,0.061353210412275615,98.0,100.0,0.08,converged,,bfgs_standard,"[{""ase_converged"": true, ""converged"": true, ""end_geometry_sha256"": ""7bb40aabdeb60122c5a08e6f6f1ee859b5cd69ef21c4dda2da03e107241a1ed2"", ""failure_class"": null, ""max_force_eV_A"": 0.061353210412275615, ""name"": ""bfgs_standard"", ""start_geometry_sha256"": ""5b50d37dc57af5b6617a6b127c3e2364a2c6b40d4560edef2a78da17e73c9cd0"", ""steps"": 98}]",7bb40aabdeb60122c5a08e6f6f1ee859b5cd69ef21c4dda2da03e107241a1ed2,-0.9947510257363283,2.414200390666723,step_4_H2O,9.0,0.0,True,2.219465991556641,0.5775000000349999,False,quantitative_screening,2,2,c3cef9a66c4e815f4d20,False,
"('DAC', 'Mn', 'W', 'N6', 'N-porous_carbon')",DAC,False,esen-sm-conserving-all-oc25:relax-v4:orr-che-v3,True,0.059584278840631874,109,150,0.08,converged,,bfgs_standard,"[{""ase_converged"": true, ""converged"": true, ""end_geometry_sha256"": ""dc5045b675df24dec98522926ad50323ddb08b0018fb1b8f5861a9520c5d6c20"", ""failure_class"": null, ""max_force_eV_A"": 0.059584278840631874, ""name"": ""bfgs_standard"", ""start_geometry_sha256"": ""9802f1f70338eb2a71a90e6f45b289f03805f0c49a0b4ae113fbadbbaef71dba"", ""steps"": 109}]",dc5045b675df24dec98522926ad50323ddb08b0018fb1b8f5861a9520c5d6c20,-161.59027331866872,False,1.5722575798905247,650,100,0.08,recovery_exhausted,force_threshold,fire_small_step,"[{""ase_converged"": false, ""converged"": false, ""end_geometry_sha256"": ""85d1de9e7169c72758229da679fdb8cd6693ac01bab0d2633eebdcee69f01b6a"", ""failure_class"": ""force_threshold"", ""max_force_eV_A"": 17.60223358657273, ""name"": ""bfgs_standard"", ""start_geometry_sha256"": ""390df9f23860ee621e127b4ce9b88279ea15bfb702b682fde7ce7e3331fd09f1"", ""steps"": 100}, {""ase_converged"": false, ""converged"": false, ""end_geometry_sha256"": ""1ec78f6539d6b7aa24759f5cef68773f920b944b207b4dbbd8716d4658147f27"", ""failure_class"": ""force_threshold"", ""max_force_eV_A"": 2.458172415523986, ""name"": ""fire_precondition"", ""qualifying"": false, ""start_geometry_sha256"": ""390df9f23860ee621e127b4ce9b88279ea15bfb702b682fde7ce7e3331fd09f1"", ""steps"": 50}, {""ase_converged"": false, ""converged"": false, ""end_geometry_sha256"": ""7fa561065b818c10ebfebecd8bcfd824290ea62b2e6ca0788090a9d3659d1bb8"", ""failure_class"": ""force_threshold"", ""max_force_eV_A"": 662.6153229259594, ""name"": ""bfgs_after_fire"", ""start_geometry_sha256"": ""1ec78f6539d6b7aa24759f5cef68773f920b944b207b4dbbd8716d4658147f27"", ""steps"": 200}, {""ase_converged"": false, ""converged"": false, ""end_geometry_sha256"": ""70c79d7ce58a86a0561f3f655cdd9ef7278ce262e15cbab675449af912251739"", ""failure_class"": ""force_threshold"", ""max_force_eV_A"": 1.5722575798905247, ""name"": ""fire_small_step"", ""start_geometry_sha256"": ""1ec78f6539d6b7aa24759f5cef68773f920b944b207b4dbbd8716d4658147f27"", ""steps"": 300}]",70c79d7ce58a86a0561f3f655cdd9ef7278ce262e15cbab675449af912251739,,,,,,,,,,,,,,,,,,,,,,,,,,,,,,,True,validation_required,0,0,6dce646e3aa38eda6268,False,Unconverged oh relaxation: max_force=1.57226 eV/A after 650 cumulative recovery steps
"('DAC', 'Mn', 'La', 'N4P2', 'N-CNT')",DAC,True,esen-sm-conserving-all-oc25:relax-v4:orr-che-v3,True,0.07055619090055608,82,150,0.08,converged,,bfgs_standard,"[{""ase_converged"": true, ""converged"": true, ""end_geometry_sha256"": ""3e890bae3f358c3f7ee806a628b132f2af27deb1c51f02515af2d7fdc7ab3c40"", ""failure_class"": null, ""max_force_eV_A"": 0.07055619090055608, ""name"": ""bfgs_standard"", ""start_geometry_sha256"": ""19f452d2869077400d5d1453c340e7988292dd4e99378a4d7414ff7b038a71ff"", ""steps"": 82}]",3e890bae3f358c3f7ee806a628b132f2af27deb1c51f02515af2d7fdc7ab3c40,-139.6595773388821,True,0.07777369537715177,52,100,0.08,converged,,bfgs_standard,"[{""ase_converged"": true, ""converged"": true, ""end_geometry_sha256"": ""47fea76085413605e395ac5bf4e5b84e41fee1aeaa5c6b3f462fe7fd9ca54988"", ""failure_class"": null, ""max_force_eV_A"": 0.07777369537715177, ""name"": ""bfgs_standard"", ""start_geometry_sha256"": ""70e000c53e72948f3d496a3bd5553a70c2ebf1cfab9afb67667a8626fb18e90a"", ""steps"": 52}]",47fea76085413605e395ac5bf4e5b84e41fee1aeaa5c6b3f462fe7fd9ca54988,-0.8810538624227047,True,0.0711137812761347,87.0,100.0,0.08,converged,,bfgs_standard,"[{""ase_converged"": true, ""converged"": true, ""end_geometry_sha256"": ""afeae7e564a718bfcf5908ca0f076836f892d444519b0fb94ddaea632b964708"", ""failure_class"": null, ""max_force_eV_A"": 0.0711137812761347, ""name"": ""bfgs_standard"", ""start_geometry_sha256"": ""ed7bdb376e247d1b84467401acc879713af63d8bedf699df5ed11d85032d8333"", ""steps"": 87}]",afeae7e564a718bfcf5908ca0f076836f892d444519b0fb94ddaea632b964708,-1.168297611922022,True,0.07683876921110687,71.0,100.0,0.08,converged,,bfgs_standard,"[{""ase_converged"": true, ""converged"": true, ""end_geometry_sha256"": ""87ecca4ebde05e771601792454d96d49e45dc1ec0425dd6e6bf82e60b0d2ac04"", ""failure_class"": null, ""max_force_eV_A"": 0.07683876921110687, ""name"": ""bfgs_standard"", ""start_geometry_sha256"": ""ca300369fdda5ed050f150513506398debbc78495e854e0bd4e4399020e9b170"", ""steps"": 71}]",87ecca4ebde05e771601792454d96d49e45dc1ec0425dd6e6bf82e60b0d2ac04,-1.5083587661385502,2.1100538624227045,step_4_H2O,9.0,0.0,True,2.0493514743447268,0.498608834270667,True,quantitative_screening,1,1,01bf0fd2a04fde7d4e20,False,
"('MOF', 'Mn', 'Fumarate', 'N4O2', 14.0)",MOF,True,esen-sm-conserving-all-oc25:relax-v4:orr-che-v3,True,0.06959236496445004,269,150,0.08,converged,,bfgs_after_fire,"[{""ase_converged"": false, ""converged"": false, ""end_geometry_sha256"": ""49f3b86d3ce61b019ebbf77233471b5eb1c748d0f55fd636893abb14684b52cf"", ""failure_class"": ""force_threshold"", ""max_force_eV_A"": 0.43976716587133174, ""name"": ""bfgs_standard"", ""start_geometry_sha256"": ""a6103aaac684c79bd559310b51d71a1fa8642452abb1cbbcb4173910f5bf8cd7"", ""steps"": 150}, {""ase_converged"": false, ""converged"": false, ""end_geometry_sha256"": ""31578cb0b710fffba54d3cbeb1bbb981aff632b4ae6d43b7f01b41acd046aeca"", ""failure_class"": ""force_threshold"", ""max_force_eV_A"": 2.863287282082875, ""name"": ""fire_precondition"", ""qualifying"": false, ""start_geometry_sha256"": ""a6103aaac684c79bd559310b51d71a1fa8642452abb1cbbcb4173910f5bf8cd7"", ""steps"": 75}, {""ase_converged"": true, ""converged"": true, ""end_geometry_sha256"": ""0b712c52fdb62f78f7e5ff6070dba1d82ae173056dd0647007637ce406f62097"", ""failure_class"": null, ""max_force_eV_A"": 0.06959236496445004, ""name"": ""bfgs_after_fire"", ""start_geometry_sha256"": ""31578cb0b710fffba54d3cbeb1bbb981aff632b4ae6d43b7f01b41acd046aeca"", ""steps"": 44}]",0b712c52fdb62f78f7e5ff6070dba1d82ae173056dd0647007637ce406f62097,-130.03180778832026,True,0.07188378565883385,56,100,0.08,converged,,bfgs_standard,"[{""ase_converged"": true, ""converged"": true, ""end_geometry_sha256"": ""dcf3b096b54e095f9e3218d5677f1f8fb60ed39d0d92335032c4b56bc2c45938"", ""failure_class"": null, ""max_force_eV_A"": 0.07188378565883385, ""name"": ""bfgs_standard"", ""start_geometry_sha256"": ""6126a2ec6c228eb461b2b6c07de4c7201e5c75c19aad7599804c835c905fbd92"", ""steps"": 56}]",dcf3b096b54e095f9e3218d5677f1f8fb60ed39d0d92335032c4b56bc2c45938,-0.36261290058493617,True,0.07778244602540853,49.0,100.0,0.08,converged,,bfgs_standard,"[{""ase_converged"": true, ""converged"": true, ""end_geometry_sha256"": ""46a13517dd9d42150c236f9832a33e0fe7ca6bbfa68ed0d4bbaf4553baca4cb5"", ""failure_class"": null, ""max_force_eV_A"": 0.07778244602540853, ""name"": ""bfgs_standard"", ""start_geometry_sha256"": ""c3fd259acdc5f7a1613582ad98eb7e5fa8522db1aa2e5c6dbbf442c7a9945189"", ""steps"": 49}]",46a13517dd9d42150c236f9832a33e0fe7ca6bbfa68ed0d4bbaf4553baca4cb5,-0.055411421507593414,True,0.0671965334841207,51.0,100.0,0.08,converged,,bfgs_standard,"[{""ase_converged"": true, ""converged"": true, ""end_geometry_sha256"": ""bf66de839ff686c9cf2b2d31b53ed3d8cbfc07e7c83194905f752a94700f8863"", ""failure_class"": null, ""max_force_eV_A"": 0.0671965334841207, ""name"": ""bfgs_standard"", ""start_geometry_sha256"": ""5147bfab16fe45c1f7ae751682203778ddb3c2396a750f04d8accd9a0791ff3a"", ""steps"": 51}]",bf66de839ff686c9cf2b2d31b53ed3d8cbfc07e7c83194905f752a94700f8863,2.456295441091064,1.5916129005849362,step_4_H2O,9.0,0.0,True,0.4180243220925296,0.480000000035,True,quantitative_screening,1,1,a52b68906bd66da2c426,False,
"('MOF', 'Mn', 'HITP', 'N4', 16.0)",MOF,True,esen-sm-conserving-all-oc25:relax-v4:orr-che-v3,True,0.05277523276998942,148,150,0.08,converged,,bfgs_standard,"[{""ase_converged"": true, ""converged"": true, ""end_geometry_sha256"": ""f407c0a81377964b3f896979432a4eb0e36af4435199ef054f97bed66b904fcf"", ""failure_class"": null, ""max_force_eV_A"": 0.05277523276998942, ""name"": ""bfgs_standard"", ""start_geometry_sha256"": ""c5741a5a31dc5857b5e418037bd92f7c7b2cda4444f7ee38497c1eaa24789417"", ""steps"": 148}]",f407c0a81377964b3f896979432a4eb0e36af4435199ef054f97bed66b904fcf,-125.02587362294187,True,0.07276513336386413,51,100,0.08,converged,,bfgs_standard,"[{""ase_converged"": true, ""converged"": true, ""end_geometry_sha256"": ""9bae9489ecd6dc29069903c1cd42421c05629c55e48e3e5be52e30ca11b4b796"", ""failure_class"": null, ""max_force_eV_A"": 0.07276513336386413, ""name"": ""bfgs_standard"", ""start_geometry_sha256"": ""1db9055b90eb28dd4ef0df77471a5cbcab8a2673812e69cd384eb6ecaebd24de"", ""steps"": 51}]",9bae9489ecd6dc29069903c1cd42421c05629c55e48e3e5be52e30ca11b4b796,1.7630041266977787,True,0.06485034595916063,63.0,100.0,0.08,converged,,bfgs_standard,"[{""ase_converged"": true, ""converged"": true, ""end_geometry_sha256"": ""422c31d66dda384bf8c7715d019e9c698ffb1845a178f44042f12eaf1c5966ca"", ""failure_class"": null, ""max_force_eV_A"": 0.06485034595916063, ""name"": ""bfgs_standard"", ""start_geometry_sha256"": ""fdd48e4b457f23bce9bc7c6bef4072a3db52730fdb25fb3e1df46fdc79f16602"", ""steps"": 63}]",422c31d66dda384bf8c7715d019e9c698ffb1845a178f44042f12eaf1c5966ca,1.4337424404919183,True,0.06790157402063005,240.0,100.0,0.08,converged,,bfgs_after_fire,"[{""ase_converged"": false, ""converged"": false, ""end_geometry_sha256"": ""be6859f90b00ccc86376786a78b0e5ce2c87e36442503164cfb10af6665394c7"", ""failure_class"": ""force_threshold"", ""max_force_eV_A"": 0.12062446693723095, ""name"": ""bfgs_standard"", ""start_geometry_sha256"": ""28419275f4f965ebff97a312bc6d0e11b236b048d5b7f5649c6aa900b32c84b7"", ""steps"": 100}, {""ase_converged"": false, ""converged"": false, ""end_geometry_sha256"": ""05c615cb8a18568d992b1d530fd35ea188ae7e78058c751a3927bcb3f0632712"", ""failure_class"": ""force_threshold"", ""max_force_eV_A"": 0.5427166172899149, ""name"": ""fire_precondition"", ""qualifying"": false, ""start_geometry_sha256"": ""28419275f4f965ebff97a312bc6d0e11b236b048d5b7f5649c6aa900b32c84b7"", ""steps"": 50}, {""ase_converged"": true, ""converged"": true, ""end_geometry_sha256"": ""b34a9d353638f54bbd6b739c1ca6b8e2accab6b1f3574eee8bef8863da0d1e79"", ""failure_class"": null, ""max_force_eV_A"": 0.06790157402063005, ""name"": ""bfgs_after_fire"", ""start_geometry_sha256"": ""05c615cb8a18568d992b1d530fd35ea188ae7e78058c751a3927bcb3f0632712"", ""steps"": 90}]",b34a9d353638f54bbd6b739c1ca6b8e2accab6b1f3574eee8bef8863da0d1e79,-0.36342101246118186,3.0,step_2_O,9.0,0.0,True,3.196746567189697,0.480000000035,True,quantitative_screening,2,2,facc7f0c19a1cd544b9a,False,
"('MOF', 'Mn', 'BTB', 'P4', 25.0)",MOF,False,esen-sm-conserving-all-oc25:relax-v4:orr-che-v3,True,0.07464500551247671,433,150,0.08,converged,,bfgs_after_fire,"[{""ase_converged"": false, ""converged"": false, ""end_geometry_sha256"": ""980caeb79f121d287f43dac1339d72c26d01211831752496ef6b12c74d0e872c"", ""failure_class"": ""force_threshold"", ""max_force_eV_A"": 0.20144495844979646, ""name"": ""bfgs_standard"", ""start_geometry_sha256"": ""37105995fe18421324c0d027cab555c3331b53d70467b6723186efe82d45d305"", ""steps"": 150}, {""ase_converged"": false, ""converged"": false, ""end_geometry_sha256"": ""72cbc9bc7b5971e3f5c619054da543c04781d266757b88f98c00f9b2fea97f04"", ""failure_class"": ""force_threshold"", ""max_force_eV_A"": 2.028290145899254, ""name"": ""fire_precondition"", ""qualifying"": false, ""start_geometry_sha256"": ""37105995fe18421324c0d027cab555c3331b53d70467b6723186efe82d45d305"", ""steps"": 75}, {""ase_converged"": true, ""converged"": true, ""end_geometry_sha256"": ""d0f8455282a3ee725dea5f9b94dee2af6ffad85b62967bef18bf37695de4e6ac"", ""failure_class"": null, ""max_force_eV_A"": 0.07464500551247671, ""name"": ""bfgs_after_fire"", ""start_geometry_sha256"": ""72cbc9bc7b5971e3f5c619054da543c04781d266757b88f98c00f9b2fea97f04"", ""steps"": 208}]",d0f8455282a3ee725dea5f9b94dee2af6ffad85b62967bef18bf37695de4e6ac,-167.41763521408782,True,0.07555658686354637,306,100,0.08,converged,,bfgs_after_fire,"[{""ase_converged"": false, ""converged"": false, ""end_geometry_sha256"": ""2b07a88183935479a4a2064b2946487257a030a4186f5c6d9ed5df8d15840392"", ""failure_class"": ""force_threshold"", ""max_force_eV_A"": 0.2367475827680525, ""name"": ""bfgs_standard"", ""start_geometry_sha256"": ""f13c50056919b06c2a63b8fffd12f04e1f013549e26444dfa741d61edb0d7cfd"", ""steps"": 100}, {""ase_converged"": true, ""converged"": true, ""end_geometry_sha256"": ""d2bc146d6158770643560ee1ad499cb010f6f1fc82fdaf37a971a4c0dfd4f64a"", ""failure_class"": null, ""max_force_eV_A"": 0.218883517285659, ""name"": ""fire_precondition"", ""qualifying"": false, ""start_geometry_sha256"": ""f13c50056919b06c2a63b8fffd12f04e1f013549e26444dfa741d61edb0d7cfd"", ""steps"": 42}, {""ase_converged"": true, ""converged"": true, ""end_geometry_sha256"": ""a5a29d80fb804993c861ad2d65ac69a1e21e97257704520fd515b40d81255c07"", ""failure_class"": null, ""max_force_eV_A"": 0.07555658686354637, ""name"": ""bfgs_after_fire"", ""start_geometry_sha256"": ""d2bc146d6158770643560ee1ad499cb010f6f1fc82fdaf37a971a4c0dfd4f64a"", ""steps"": 164}]",a5a29d80fb804993c861ad2d65ac69a1e21e97257704520fd515b40d81255c07,-1.9789659355580806,True,0.07149936017478577,52.0,100.0,0.08,converged,,bfgs_standard,"[{""ase_converged"": true, ""converged"": true, ""end_geometry_sha256"": ""20fd5395c5f5357ea4d05c8e9c1ed324969a11d1ac335361e77eb10f651f018d"", ""failure_class"": null, ""max_force_eV_A"": 0.07149936017478577, ""name"": ""bfgs_standard"", ""start_geometry_sha256"": ""21efc091e8494642880cd268316f8703e4ba16724118f4162db430411f194ef7"", ""steps"": 52}]",20fd5395c5f5357ea4d05c8e9c1ed324969a11d1ac335361e77eb10f651f018d,-1.6262598864734137,False,0.2987251907083785,650.0,100.0,0.08,recovery_exhausted,force_threshold,bfgs_standard,"[{""ase_converged"": false, ""converged"": false, ""end_geometry_sha256"": ""20689fa425b1c3ec4a6a40f7d7ab8f5664b05e9a4af39379ae5d25382f5ec554"", ""failure_class"": ""force_threshold"", ""max_force_eV_A"": 0.2987251907083785, ""name"": ""bfgs_standard"", ""start_geometry_sha256"": ""ddc67ecb8d42c35c7f6a4d82cc94ccca320228ea9ef3050147791329f8abdec8"", ""steps"": 100}, {""ase_converged"": false, ""converged"": false, ""end_geometry_sha256"": ""f029ead2ebc8552ebe23f2eefd9e5a3240f633257fb81381eab05a0baffdfed6"", ""failure_class"": ""force_threshold"", ""max_force_eV_A"": 0.8684351154762431, ""name"": ""fire_precondition"", ""qualifying"": false, ""start_geometry_sha256"": ""ddc67ecb8d42c35c7f6a4d82cc94ccca320228ea9ef3050147791329f8abdec8"", ""steps"": 50}, {""ase_converged"": false, ""converged"": false, ""end_geometry_sha256"": ""e636778cb1e37686dd70729fde68e0ca7594a6bcb666f3a94d4711babc3fc433"", ""failure_class"": ""force_threshold"", ""max_force_eV_A"": 1.1999758200191424, ""name"": ""bfgs_after_fire"", ""start_geometry_sha256"": ""f029ead2ebc8552ebe23f2eefd9e5a3240f633257fb81381eab05a0baffdfed6"", ""steps"": 200}, {""ase_converged"": false, ""converged"": false, ""end_geometry_sha256"": ""02f5a5087c6cd0d10a4e4671ddc6ad12cf5dc8c38a93279567032ae25b5a0fd1"", ""failure_class"": ""force_threshold"", ""max_force_eV_A"": 0.9106547295837143, ""name"": ""fire_small_step"", ""start_geometry_sha256"": ""20689fa425b1c3ec4a6a40f7d7ab8f5664b05e9a4af39379ae5d25382f5ec554"", ""steps"": 300}]",20689fa425b1c3ec4a6a40f7d7ab8f5664b05e9a4af39379ae5d25382f5ec554,,,,,,,,,True,validation_required,0,0,52ab350297db7750010b,False,Unconverged ooh relaxation: max_force=0.298725 eV/A after 650 cumulative recovery steps
"('MOF', 'Fe', 'BDC', 'S4', 8.0)",MOF,True,esen-sm-conserving-all-oc25:relax-v4:orr-che-v3,True,0.06189521120833257,62,150,0.08,converged,,bfgs_standard,"[{""ase_converged"": true, ""converged"": true, ""end_geometry_sha256"": ""33728b9126145b51e39c6087bf4e44b310e8e666d696191dcefe1720527dadc0"", ""failure_class"": null, ""max_force_eV_A"": 0.06189521120833257, ""name"": ""bfgs_standard"", ""start_geometry_sha256"": ""f53d7de84b076c6849d9ee0f8f8d861f460266cc7babd09de1813b6c3f29ab73"", ""steps"": 62}]",33728b9126145b51e39c6087bf4e44b310e8e666d696191dcefe1720527dadc0,-134.24684175990842,True,0.06599877689036046,56,100,0.08,converged,,bfgs_standard,"[{""ase_converged"": true, ""converged"": true, ""end_geometry_sha256"": ""a0a1f2bf155b06f3ba087739f63933b911cc028160ddadea5afbfc96be9b7dcb"", ""failure_class"": null, ""max_force_eV_A"": 0.06599877689036046, ""name"": ""bfgs_standard"", ""start_geometry_sha256"": ""37041c903339051a5df1498907b82faa63f0db6470fcc78a012d96a07a510b00"", ""steps"": 56}]",a0a1f2bf155b06f3ba087739f63933b911cc028160ddadea5afbfc96be9b7dcb,0.3547074224054813,True,0.06262024088147967,52.0,100.0,0.08,converged,,bfgs_standard,"[{""ase_converged"": true, ""converged"": true, ""end_geometry_sha256"": ""62865b14a6555a51f9841ccd1001bf713a878933eb11d1ae787cee23ce9d01cc"", ""failure_class"": null, ""max_force_eV_A"": 0.06262024088147967, ""name"": ""bfgs_standard"", ""start_geometry_sha256"": ""130cec90748754a725a1cff4971980bb7e32e74c61fc518a8c68ac292fedf1f4"", ""steps"": 52}]",62865b14a6555a51f9841ccd1001bf713a878933eb11d1ae787cee23ce9d01cc,0.779668844491247,True,0.07807793238602291,44.0,100.0,0.08,converged,,bfgs_standard,"[{""ase_converged"": true, ""converged"": true, ""end_geometry_sha256"": ""99a9f407e9b6923bbb9314807a0dba173444989cdd30fbefe544759b71da4d9e"", ""failure_class"": null, ""max_force_eV_A"": 0.07807793238602291, ""name"": ""bfgs_standard"", ""start_geometry_sha256"": ""9eb0441ed13e817e4f511ef73ab0ef4b04582f202d06cb0159e02e40f1ca8b0b"", ""steps"": 44}]",99a9f407e9b6923bbb9314807a0dba173444989cdd30fbefe544759b71da4d9e,3.475271056592468,0.8742925775945187,step_4_H2O,7.0,0.0,True,1.1343762668967283,0.480000000035,True,quantitative_screening,1,1,280b1f4bb4f827677791,False,
"('MOF', 'Fe', 'Phthalocyanine', 'N2O2', 30.0)",MOF,True,esen-sm-conserving-all-oc25:relax-v4:orr-che-v3,True,0.055725484549374274,489,150,0.08,converged,,bfgs_after_fire,"[{""ase_converged"": false, ""converged"": false, ""end_geometry_sha256"": ""3f8d70c79ad3982d2db903565a1ef5470ee1e09bfee0cd72b4a8961f89a35e33"", ""failure_class"": ""force_threshold"", ""max_force_eV_A"": 0.7336931715202887, ""name"": ""bfgs_standard"", ""start_geometry_sha256"": ""96f2e20adc10b5271a25d4af3b1bd5701e5a3a6459674f1e8cb1cf366a47df47"", ""steps"": 150}, {""ase_converged"": false, ""converged"": false, ""end_geometry_sha256"": ""0d7a8d419573cf1d5e78ab3e99be678f247adb5e80fc76b0fcdf3e239043a44c"", ""failure_class"": ""force_threshold"", ""max_force_eV_A"": 0.8448070790235118, ""name"": ""fire_precondition"", ""qualifying"": false, ""start_geometry_sha256"": ""96f2e20adc10b5271a25d4af3b1bd5701e5a3a6459674f1e8cb1cf366a47df47"", ""steps"": 75}, {""ase_converged"": true, ""converged"": true, ""end_geometry_sha256"": ""8cf6edab0d9a9de7127e788cd39749774df52fd55ea3e0c31bd5d7648eecf0d9"", ""failure_class"": null, ""max_force_eV_A"": 0.055725484549374274, ""name"": ""bfgs_after_fire"", ""start_geometry_sha256"": ""0d7a8d419573cf1d5e78ab3e99be678f247adb5e80fc76b0fcdf3e239043a44c"", ""steps"": 264}]",8cf6edab0d9a9de7127e788cd39749774df52fd55ea3e0c31bd5d7648eecf0d9,-163.9948181942889,True,0.07689702258012626,274,100,0.08,converged,,bfgs_after_fire,"[{""ase_converged"": false, ""converged"": false, ""end_geometry_sha256"": ""f22c8f9c393ac2002d497788a0e70e1998ea14e687ef69fae3b105310de1fa06"", ""failure_class"": ""force_threshold"", ""max_force_eV_A"": 0.2047029971465319, ""name"": ""bfgs_standard"", ""start_geometry_sha256"": ""e523a702c812f2da5ad1b2a7b08801d0f05bf70c7e7e527921ee6e42c4a96b4f"", ""steps"": 100}, {""ase_converged"": false, ""converged"": false, ""end_geometry_sha256"": ""647d0f9ccededab21b58d7d05c24a39f26c3a394e2280edcdb040f05d895bd38"", ""failure_class"": ""force_threshold"", ""max_force_eV_A"": 0.27402975977459476, ""name"": ""fire_precondition"", ""qualifying"": false, ""start_geometry_sha256"": ""e523a702c812f2da5ad1b2a7b08801d0f05bf70c7e7e527921ee6e42c4a96b4f"", ""steps"": 50}, {""ase_converged"": true, ""converged"": true, ""end_geometry_sha256"": ""fc985c4a81b0f0891e975f8ce0118fb198037c56f6fe57e4e548d5e63424c5a6"", ""failure_class"": null, ""max_force_eV_A"": 0.07689702258012626, ""name"": ""bfgs_after_fire"", ""start_geometry_sha256"": ""647d0f9ccededab21b58d7d05c24a39f26c3a394e2280edcdb040f05d895bd38"", ""steps"": 124}]",fc985c4a81b0f0891e975f8ce0118fb198037c56f6fe57e4e548d5e63424c5a6,-2.933958229869604,True,0.06494400214106424,54.0,100.0,0.08,converged,,bfgs_standard,"[{""ase_converged"": true, ""converged"": true, ""end_geometry_sha256"": ""b729281934c9398b079516bafe45286e99c5553ce92e66deb663332a4365d241"", ""failure_class"": null, ""max_force_eV_A"": 0.06494400214106424, ""name"": ""bfgs_standard"", ""start_geometry_sha256"": ""83a123ef3e56d759193bafb608ff3199fde507a626be115fef6b3495a55aa569"", ""steps"": 54}]",b729281934c9398b079516bafe45286e99c5553ce92e66deb663332a4365d241,-2.316516005247828,True,0.07743900011330765,356.0,100.0,0.08,converged,,fire_small_step,"[{""ase_converged"": false, ""converged"": false, ""end_geometry_sha256"": ""0b3712a435ee7bc2423b638f06228620100559e3167e5fb2df11388fb276cc98"", ""failure_class"": ""force_threshold"", ""max_force_eV_A"": 0.13114713822471827, ""name"": ""bfgs_standard"", ""start_geometry_sha256"": ""28515147e7fdc7e098e4026b1d8064b5c934be16144076e486fb278545a0773d"", ""steps"": 100}, {""ase_converged"": false, ""converged"": false, ""end_geometry_sha256"": ""a8f302a9f347c8ef9ae01d0dddadadddcacd3ae23c6ed57439d34206d873f9c2"", ""failure_class"": ""force_threshold"", ""max_force_eV_A"": 1.8992049090856222, ""name"": ""fire_precondition"", ""qualifying"": false, ""start_geometry_sha256"": ""28515147e7fdc7e098e4026b1d8064b5c934be16144076e486fb278545a0773d"", ""steps"": 50}, {""ase_converged"": false, ""converged"": false, ""end_geometry_sha256"": ""e64d802f39372dc6e0e784f50f4c0adf26885ce7d109fe066a37dfcf0a22849c"", ""failure_class"": ""force_threshold"", ""max_force_eV_A"": 0.1129729782570539, ""name"": ""bfgs_after_fire"", ""start_geometry_sha256"": ""a8f302a9f347c8ef9ae01d0dddadadddcacd3ae23c6ed57439d34206d873f9c2"", ""steps"": 200}, {""ase_converged"": true, ""converged"": true, ""end_geometry_sha256"": ""f0b7c33413585d8760c8b211660750eb2fb885447392f1a8988e4036c9772e56"", ""failure_class"": null, ""max_force_eV_A"": 0.07743900011330765, ""name"": ""fire_small_step"", ""start_geometry_sha256"": ""e64d802f39372dc6e0e784f50f4c0adf26885ce7d109fe066a37dfcf0a22849c"", ""steps"": 6}]",f0b7c33413585d8760c8b211660750eb2fb885447392f1a8988e4036c9772e56,-5.982441474497314,3.0,step_2_O,7.0,0.0,True,5.250474235117432,0.480000000035,True,quantitative_screening,2,2,1e7d06783e2ff9820210,False,
"('MOF', 'Fe', 'BPDC', 'N2O2', 6.0)",MOF,True,esen-sm-conserving-all-oc25:relax-v4:orr-che-v3,True,0.07160991349035814,55,150,0.08,converged,,bfgs_standard,"[{""ase_converged"": true, ""converged"": true, ""end_geometry_sha256"": ""e4c48ae3e6cd099d0ca59b6b5cfae2beea46ae2ddba8dcf32a96f07cfc17ebfb"", ""failure_class"": null, ""max_force_eV_A"": 0.07160991349035814, ""name"": ""bfgs_standard"", ""start_geometry_sha256"": ""29de711264edb09bf97e319cc19908c248e98fe685d5502ed2761947b6f79a21"", ""steps"": 55}]",e4c48ae3e6cd099d0ca59b6b5cfae2beea46ae2ddba8dcf32a96f07cfc17ebfb,-128.92646149167265,True,0.06300441318964953,47,100,0.08,converged,,bfgs_standard,"[{""ase_converged"": true, ""converged"": true, ""end_geometry_sha256"": ""09e8cf3587ec1a40cb4f7621e239b26f387e8b26ea756400854b8e729e42a2cc"", ""failure_class"": null, ""max_force_eV_A"": 0.06300441318964953, ""name"": ""bfgs_standard"", ""start_geometry_sha256"": ""aa70dd960cdadc63feb541f4f960dee2ddf8da1f05b66aa113809d60e9eb3113"", ""steps"": 47}]",09e8cf3587ec1a40cb4f7621e239b26f387e8b26ea756400854b8e729e42a2cc,-0.36319082722067836,True,0.0609723689545428,36.0,100.0,0.08,converged,,bfgs_standard,"[{""ase_converged"": true, ""converged"": true, ""end_geometry_sha256"": ""776b5b100926fb35b5f96cda1222c220fe3089856f83bcce5b3447286f6fa88e"", ""failure_class"": null, ""max_force_eV_A"": 0.0609723689545428, ""name"": ""bfgs_standard"", ""start_geometry_sha256"": ""e49f8eab5c128e596d272318d6a2fa1fa28e82ca3ef2a3f0503763be938b0245"", ""steps"": 36}]",776b5b100926fb35b5f96cda1222c220fe3089856f83bcce5b3447286f6fa88e,0.4102448590099847,True,0.07167193297984277,53.0,100.0,0.08,converged,,bfgs_standard,"[{""ase_converged"": true, ""converged"": true, ""end_geometry_sha256"": ""cc5bffb9dcd3b2552a64629d65e378a2fc804b9112d93db0ccd2517edca90464"", ""failure_class"": null, ""max_force_eV_A"": 0.07167193297984277, ""name"": ""bfgs_standard"", ""start_geometry_sha256"": ""b4dd81d8b97a6f07780d592d74e3eef00ab1d25e1a21c78b66c43cd6127a6bfb"", ""steps"": 53}]",cc5bffb9dcd3b2552a64629d65e378a2fc804b9112d93db0ccd2517edca90464,2.474632214009765,1.5921908272206784,step_4_H2O,7.0,0.0,True,0.773435686230663,0.480000000035,True,quantitative_screening,1,1,4d516c097df88b2d4697,False,
"('MOF', 'Fe', 'Triazolate', 'N3P', 8.0)",MOF,True,esen-sm-conserving-all-oc25:relax-v4:orr-che-v3,True,0.07879975047355085,47,150,0.08,converged,,bfgs_standard,"[{""ase_converged"": true, ""converged"": true, ""end_geometry_sha256"": ""39f6c6fb996ad672452ac80c62a67c4bfbddeb359634cd615093bb1144b15a5b"", ""failure_class"": null, ""max_force_eV_A"": 0.07879975047355085, ""name"": ""bfgs_standard"", ""start_geometry_sha256"": ""6da96d562160b821dacc868bcaf2159d39f127ed5fc86abe599ea5e0473e4e87"", ""steps"": 47}]",39f6c6fb996ad672452ac80c62a67c4bfbddeb359634cd615093bb1144b15a5b,-132.3739055081208,True,0.0694178854014465,61,100,0.08,converged,,bfgs_standard,"[{""ase_converged"": true, ""converged"": true, ""end_geometry_sha256"": ""eb9ea5b3302541d9ed2c56de1fcb498e25512e81865c4f9f47014f7e08f81794"", ""failure_class"": null, ""max_force_eV_A"": 0.0694178854014465, ""name"": ""bfgs_standard"", ""start_geometry_sha256"": ""48c701a060dcb0cc62e78dceea294183f605c72a8cd2f1c25c93e5a9a1fbf6c3"", ""steps"": 61}]",eb9ea5b3302541d9ed2c56de1fcb498e25512e81865c4f9f47014f7e08f81794,0.277674498707056,True,0.05722226597569715,42.0,100.0,0.08,converged,,bfgs_standard,"[{""ase_converged"": true, ""converged"": true, ""end_geometry_sha256"": ""fda0cb43eeb492d76fe0ad7d76e32d83cc1cedd927c3c9cc587266271e0c366e"", ""failure_class"": null, ""max_force_eV_A"": 0.05722226597569715, ""name"": ""bfgs_standard"", ""start_geometry_sha256"": ""f0a4c8f41189774bbd803a5bc8ddaec09c7a7d8f8aa8f535a9b44f9dddc34c4a"", ""steps"": 42}]",fda0cb43eeb492d76fe0ad7d76e32d83cc1cedd927c3c9cc587266271e0c366e,0.7042128212749994,True,0.05000949215950499,79.0,100.0,0.08,converged,,bfgs_standard,"[{""ase_converged"": true, ""converged"": true, ""end_geometry_sha256"": ""b128b36c41a85f136f95769ecbf4a04fde1fc916495af59ba1c4895a22d20347"", ""failure_class"": null, ""max_force_eV_A"": 0.05000949215950499, ""name"": ""bfgs_standard"", ""start_geometry_sha256"": ""61297c6dc3e70b240b30aab93be2625dc7afd69dc5cd48953fe636cc2a0d13b4"", ""steps"": 79}]",b128b36c41a85f136f95769ecbf4a04fde1fc916495af59ba1c4895a22d20347,3.061214874684814,0.951325501292944,step_4_H2O,7.0,0.0,True,0.9818873199820555,0.480000000035,True,quantitative_screening,1,1,7238cd94df6c980be305,False,
"('MOF', 'Fe', 'Oxalate', 'N3S', 14.0)",MOF,True,esen-sm-conserving-all-oc25:relax-v4:orr-che-v3,True,0.07659767173330265,293,150,0.08,converged,,bfgs_after_fire,"[{""ase_converged"": false, ""converged"": false, ""end_geometry_sha256"": ""fc05478d31c0ba14200f820d3566df2d4caff4f4de8a5c8f48bfb31f9167add8"", ""failure_class"": ""force_threshold"", ""max_force_eV_A"": 0.14360262935838466, ""name"": ""bfgs_standard"", ""start_geometry_sha256"": ""dca2fcf9409de07f7cb149a9c980e616ccf9dcc4a41ce5d12f6ec6d16dfc469f"", ""steps"": 150}, {""ase_converged"": false, ""converged"": false, ""end_geometry_sha256"": ""3da6a2b40658b764f39048e38b43f282393978447b991402e08f9787239ac321"", ""failure_class"": ""force_threshold"", ""max_force_eV_A"": 2.7888918088727377, ""name"": ""fire_precondition"", ""qualifying"": false, ""start_geometry_sha256"": ""dca2fcf9409de07f7cb149a9c980e616ccf9dcc4a41ce5d12f6ec6d16dfc469f"", ""steps"": 75}, {""ase_converged"": true, ""converged"": true, ""end_geometry_sha256"": ""0a4a07cf59d783cc1efb49f3d16cd8b2b922b962168ba30a55b09242eba1f94d"", ""failure_class"": null, ""max_force_eV_A"": 0.07659767173330265, ""name"": ""bfgs_after_fire"", ""start_geometry_sha256"": ""3da6a2b40658b764f39048e38b43f282393978447b991402e08f9787239ac321"", ""steps"": 68}]",0a4a07cf59d783cc1efb49f3d16cd8b2b922b962168ba30a55b09242eba1f94d,-128.68247093711906,True,0.07288424324481318,87,100,0.08,converged,,bfgs_standard,"[{""ase_converged"": true, ""converged"": true, ""end_geometry_sha256"": ""7461dd9455a3022594deba44e4648ae8eb00b9129666983fe8be48c937e4d5a2"", ""failure_class"": null, ""max_force_eV_A"": 0.07288424324481318, ""name"": ""bfgs_standard"", ""start_geometry_sha256"": ""3baab1b229612fe3817ec5c8c935d1f7b8fc75c2b71734c1d86a73a1261289db"", ""steps"": 87}]",7461dd9455a3022594deba44e4648ae8eb00b9129666983fe8be48c937e4d5a2,-0.4925629471242428,True,0.07376167762004453,88.0,100.0,0.08,converged,,bfgs_standard,"[{""ase_converged"": true, ""converged"": true, ""end_geometry_sha256"": ""6031ceaae662ceebab498af6b01af70e60f440ebf5eb0a6852a47b6ddc9afd58"", ""failure_class"": null, ""max_force_eV_A"": 0.07376167762004453, ""name"": ""bfgs_standard"", ""start_geometry_sha256"": ""706c6993dd7b0622b15587c62978cd345ccc96d5e8c095e47ba4a71b1bf95358"", ""steps"": 88}]",6031ceaae662ceebab498af6b01af70e60f440ebf5eb0a6852a47b6ddc9afd58,0.5126403935253656,True,0.07894790415022061,97.0,100.0,0.08,converged,,bfgs_standard,"[{""ase_converged"": true, ""converged"": true, ""end_geometry_sha256"": ""9952bd604a53004369ffb357f6a40dead66aea77bf4116d412a4f1d2b51edd16"", ""failure_class"": null, ""max_force_eV_A"": 0.07894790415022061, ""name"": ""bfgs_standard"", ""start_geometry_sha256"": ""0d60cfa0929ee1cb67c68e21261a62d2f588c84df678e8fe7f68b3558f8e6fb6"", ""steps"": 97}]",9952bd604a53004369ffb357f6a40dead66aea77bf4116d412a4f1d2b51edd16,2.5930361256003414,1.7215629471242428,step_4_H2O,7.0,0.0,True,1.0052033406496084,0.480000000035,True,quantitative_screening,1,1,40f356c6aa58c3100085,False,
"('MOF', 'Fe', 'Oxalate', 'P4', 30.0)",MOF,True,esen-sm-conserving-all-oc25:relax-v4:orr-che-v3,True,0.07567942449023982,662,150,0.08,converged,,fire_small_step,"[{""ase_converged"": false, ""converged"": false, ""end_geometry_sha256"": ""2a2d8103dd338bd3c3e8b1a2d73a60851b562f129689af5a140b3569a165d97d"", ""failure_class"": ""force_threshold"", ""max_force_eV_A"": 0.31156132559428723, ""name"": ""bfgs_standard"", ""start_geometry_sha256"": ""bb3c03800a2c09c43dd931929304a33244d7d06d6d25fae730454f5522b61908"", ""steps"": 150}, {""ase_converged"": false, ""converged"": false, ""end_geometry_sha256"": ""97567c08b3c6651313b7b4e6ba171a0f99730c44143a47f27c30b314a4a3219d"", ""failure_class"": ""force_threshold"", ""max_force_eV_A"": 0.9731212637859358, ""name"": ""fire_precondition"", ""qualifying"": false, ""start_geometry_sha256"": ""bb3c03800a2c09c43dd931929304a33244d7d06d6d25fae730454f5522b61908"", ""steps"": 75}, {""ase_converged"": false, ""converged"": false, ""end_geometry_sha256"": ""f8d0d753c127c30e2bde4b3995a7862cd3bc375ff08b4716351a5160836acb29"", ""failure_class"": ""force_threshold"", ""max_force_eV_A"": 0.30466708939722636, ""name"": ""bfgs_after_fire"", ""start_geometry_sha256"": ""97567c08b3c6651313b7b4e6ba171a0f99730c44143a47f27c30b314a4a3219d"", ""steps"": 300}, {""ase_converged"": true, ""converged"": true, ""end_geometry_sha256"": ""879e4c515199ba612d7122e52db9996efa2b0d00c4fb1336880e58a4df5ec2a2"", ""failure_class"": null, ""max_force_eV_A"": 0.07567942449023982, ""name"": ""fire_small_step"", ""start_geometry_sha256"": ""f8d0d753c127c30e2bde4b3995a7862cd3bc375ff08b4716351a5160836acb29"", ""steps"": 137}]",879e4c515199ba612d7122e52db9996efa2b0d00c4fb1336880e58a4df5ec2a2,-189.0809842847226,True,0.07904167037208468,309,100,0.08,converged,,bfgs_after_fire,"[{""ase_converged"": false, ""converged"": false, ""end_geometry_sha256"": ""4464fe6a9ae7e4dc717aa7758f72d7698e49ba938b111e2d0e6eca8f2280668c"", ""failure_class"": ""force_threshold"", ""max_force_eV_A"": 0.4552157069369834, ""name"": ""bfgs_standard"", ""start_geometry_sha256"": ""ca82c94678252f75c38d219ff5f8cfc5261381f7f883e3694bfd5c00e0550aba"", ""steps"": 100}, {""ase_converged"": true, ""converged"": true, ""end_geometry_sha256"": ""eeb87c688597589fb1551f4fde8448b555b14d336898ecbe34f369af57bcfd5a"", ""failure_class"": null, ""max_force_eV_A"": 0.2351344991336171, ""name"": ""fire_precondition"", ""qualifying"": false, ""start_geometry_sha256"": ""ca82c94678252f75c38d219ff5f8cfc5261381f7f883e3694bfd5c00e0550aba"", ""steps"": 42}, {""ase_converged"": true, ""converged"": true, ""end_geometry_sha256"": ""3c119379c44e9b62089abf50319d996b6cb2dc05bc1989838a86da090fc2b39a"", ""failure_class"": null, ""max_force_eV_A"": 0.07904167037208468, ""name"": ""bfgs_after_fire"", ""start_geometry_sha256"": ""eeb87c688597589fb1551f4fde8448b555b14d336898ecbe34f369af57bcfd5a"", ""steps"": 167}]",3c119379c44e9b62089abf50319d996b6cb2dc05bc1989838a86da090fc2b39a,-2.9955980156362054,True,0.06646695896885049,89.0,100.0,0.08,converged,,bfgs_standard,"[{""ase_converged"": true, ""converged"": true, ""end_geometry_sha256"": ""87c94c131e491521b4a24df5aa6c7231af7d2a73893bd5cb078f0ce0baf2815c"", ""failure_class"": null, ""max_force_eV_A"": 0.06646695896885049, ""name"": ""bfgs_standard"", ""start_geometry_sha256"": ""5257939d32ad78fe6dc702fc1c5c244beeb506db17db12eec86bc5ad98b209c9"", ""steps"": 89}]",87c94c131e491521b4a24df5aa6c7231af7d2a73893bd5cb078f0ce0baf2815c,-2.861672484129664,True,0.07408340485921674,339.0,100.0,0.08,converged,,bfgs_after_fire,"[{""ase_converged"": false, ""converged"": false, ""end_geometry_sha256"": ""e8d24c0a0a095a71c7c13a677ddb462525e1df154c64f56304a55ab3690ee019"", ""failure_class"": ""force_threshold"", ""max_force_eV_A"": 0.1967697917245739, ""name"": ""bfgs_standard"", ""start_geometry_sha256"": ""5a42c6132084a91334a011f9c9c54c543664d4f03bc3466c11cfefb3d981a6df"", ""steps"": 100}, {""ase_converged"": false, ""converged"": false, ""end_geometry_sha256"": ""ae4c0cae23dcedf6276ff23c8ac18c6ac34045e49b78c92e87718f9b6b75fd04"", ""failure_class"": ""force_threshold"", ""max_force_eV_A"": 0.7959990433147132, ""name"": ""fire_precondition"", ""qualifying"": false, ""start_geometry_sha256"": ""5a42c6132084a91334a011f9c9c54c543664d4f03bc3466c11cfefb3d981a6df"", ""steps"": 50}, {""ase_converged"": true, ""converged"": true, ""end_geometry_sha256"": ""1098573bd27e07130b3dfdc6cce5d6c6c9d914c1657d2eafe08f350f0d5af5bb"", ""failure_class"": null, ""max_force_eV_A"": 0.07408340485921674, ""name"": ""bfgs_after_fire"", ""start_geometry_sha256"": ""ae4c0cae23dcedf6276ff23c8ac18c6ac34045e49b78c92e87718f9b6b75fd04"", ""steps"": 189}]",1098573bd27e07130b3dfdc6cce5d6c6c9d914c1657d2eafe08f350f0d5af5bb,-6.758558799326416,3.0,step_2_O,7.0,0.0,True,5.857270499765869,0.480000000035,True,quantitative_screening,1,1,4ecf75db86c183e56cf8,False,
"('MOF', 'Fe', 'TCPP', 'O6', 18.0)",MOF,True,esen-sm-conserving-all-oc25:relax-v4:orr-che-v3,True,0.07043176969016428,540,150,0.08,converged,,fire_small_step,"[{""ase_converged"": false, ""converged"": false, ""end_geometry_sha256"": ""7d8e027c38a8125555ee007a076767e92d1e7947d5196e6c37bad50120dacf2f"", ""failure_class"": ""force_threshold"", ""max_force_eV_A"": 0.21524583165978556, ""name"": ""bfgs_standard"", ""start_geometry_sha256"": ""05a31c14dedb60eb907a2b68cf81a4b5cab4181aee81df2ab86016001985bafd"", ""steps"": 150}, {""ase_converged"": false, ""converged"": false, ""end_geometry_sha256"": ""176140b3f1cea3b9006a243e3eca74fa556aecbdaab6338b4b6499131f9fab3c"", ""failure_class"": ""force_threshold"", ""max_force_eV_A"": 0.7749810754366093, ""name"": ""fire_precondition"", ""qualifying"": false, ""start_geometry_sha256"": ""05a31c14dedb60eb907a2b68cf81a4b5cab4181aee81df2ab86016001985bafd"", ""steps"": 75}, {""ase_converged"": false, ""converged"": false, ""end_geometry_sha256"": ""9a27863dfead8e780807af622b42cb76dd6b93e341a89220f99860f32fd4f4c4"", ""failure_class"": ""force_threshold"", ""max_force_eV_A"": 0.4696485253338002, ""name"": ""bfgs_after_fire"", ""start_geometry_sha256"": ""176140b3f1cea3b9006a243e3eca74fa556aecbdaab6338b4b6499131f9fab3c"", ""steps"": 300}, {""ase_converged"": true, ""converged"": true, ""end_geometry_sha256"": ""b33e3f13cc7486065a933980e2e957d66ffe87ff838492b0a3904b699f4710b3"", ""failure_class"": null, ""max_force_eV_A"": 0.07043176969016428, ""name"": ""fire_small_step"", ""start_geometry_sha256"": ""7d8e027c38a8125555ee007a076767e92d1e7947d5196e6c37bad50120dacf2f"", ""steps"": 15}]",b33e3f13cc7486065a933980e2e957d66ffe87ff838492b0a3904b699f4710b3,-124.10242049030327,True,0.06730243782694086,78,100,0.08,converged,,bfgs_standard,"[{""ase_converged"": true, ""converged"": true, ""end_geometry_sha256"": ""736f546123c7b22a2b93ecc4fb0b1acc08f715a0fe773cfada37211d5b2449fe"", ""failure_class"": null, ""max_force_eV_A"": 0.06730243782694086, ""name"": ""bfgs_standard"", ""start_geometry_sha256"": ""1b7d9eff5de22a8869097ab6049c6493eb495bddbfccba8f7d0befc1ca75f3f2"", ""steps"": 78}]",736f546123c7b22a2b93ecc4fb0b1acc08f715a0fe773cfada37211d5b2449fe,0.676520171314478,True,0.061565122184210716,54.0,100.0,0.08,converged,,bfgs_standard,"[{""ase_converged"": true, ""converged"": true, ""end_geometry_sha256"": ""8b026c3bd1110ed56b5a0585c6b43eb6b8ec76b9f89d357916b71f22ce3489a9"", ""failure_class"": null, ""max_force_eV_A"": 0.061565122184210716, ""name"": ""bfgs_standard"", ""start_geometry_sha256"": ""c5bb2ee78507e39fe9b11d91bb7e440d4d693a139423e197f020d494b1a8f25f"", ""steps"": 54}]",8b026c3bd1110ed56b5a0585c6b43eb6b8ec76b9f89d357916b71f22ce3489a9,1.3495864041149652,True,0.07667268909714235,88.0,100.0,0.08,converged,,bfgs_standard,"[{""ase_converged"": true, ""converged"": true, ""end_geometry_sha256"": ""76f76309265ee67b148bd13be11528d4f95c91d7676c9fc68ba0f4cda91289eb"", ""failure_class"": null, ""max_force_eV_A"": 0.07667268909714235, ""name"": ""bfgs_standard"", ""start_geometry_sha256"": ""35694a9810e5afb305a6e40b9b4884655dfdb1d9a49f0c06519ce41ace4a9c82"", ""steps"": 88}]",76f76309265ee67b148bd13be11528d4f95c91d7676c9fc68ba0f4cda91289eb,3.6270756229758296,0.5559337671995128,step_3_OH,7.0,0.0,True,2.026106575429443,0.480000000035,True,quantitative_screening,2,2,e67033b84e50c6a71bf4,False,
"('COF', 'Mn', 'Dioxin', 'N2P2', 6.0)",COF,True,esen-sm-conserving-all-oc25:relax-v4:orr-che-v3,True,0.0642347246757919,65,150,0.08,converged,,bfgs_standard,"[{""ase_converged"": true, ""converged"": true, ""end_geometry_sha256"": ""d61d452952c3abd9273184bd516e269f4fccbee5f15b99fb4c5dc1e8f2e99ecc"", ""failure_class"": null, ""max_force_eV_A"": 0.0642347246757919, ""name"": ""bfgs_standard"", ""start_geometry_sha256"": ""8fb705458a012aa1821d583aa453c8e11a485c93f77ff126f359b985f1bd2c06"", ""steps"": 65}]",d61d452952c3abd9273184bd516e269f4fccbee5f15b99fb4c5dc1e8f2e99ecc,-129.75165894720374,True,0.06585826140604996,48,100,0.08,converged,,bfgs_standard,"[{""ase_converged"": true, ""converged"": true, ""end_geometry_sha256"": ""df875d9ee7cb877f1804eb49f919006dc73df6cb966a2839b415654786c9d179"", ""failure_class"": null, ""max_force_eV_A"": 0.06585826140604996, ""name"": ""bfgs_standard"", ""start_geometry_sha256"": ""b1dd9f93e744ec08052e955c813edffab98322ce57de6a4e18351f846ef82116"", ""steps"": 48}]",df875d9ee7cb877f1804eb49f919006dc73df6cb966a2839b415654786c9d179,0.6696239139139653,True,0.07041777245272923,25.0,100.0,0.08,converged,,bfgs_standard,"[{""ase_converged"": true, ""converged"": true, ""end_geometry_sha256"": ""e7e9f01faadb93256c4cea36f7a6eda3e25b8ae70b680910439d18dae606be86"", ""failure_class"": null, ""max_force_eV_A"": 0.07041777245272923, ""name"": ""bfgs_standard"", ""start_geometry_sha256"": ""7016dc4be081c41dea52e870e67bf49f2b919af808e27460aa9b677d7a00c592"", ""steps"": 25}]",e7e9f01faadb93256c4cea36f7a6eda3e25b8ae70b680910439d18dae606be86,0.6671942837536371,True,0.07445481934856267,207.0,100.0,0.08,converged,,bfgs_after_fire,"[{""ase_converged"": false, ""converged"": false, ""end_geometry_sha256"": ""f9b00c7689cb0e94eece0dc9c3d251d82ca90e2a4774b0dea0feaf64b7aaff2e"", ""failure_class"": ""force_threshold"", ""max_force_eV_A"": 1.0099567780019743, ""name"": ""bfgs_standard"", ""start_geometry_sha256"": ""c214fccc61af93c46ea1aa7793b2039b425316cbe0298f59e5062f8fa30a999b"", ""steps"": 100}, {""ase_converged"": true, ""converged"": true, ""end_geometry_sha256"": ""2f5b955e239dc4443854d0dd3e35d1223890bf10b29030b8e4bf20e186ca3f5b"", ""failure_class"": null, ""max_force_eV_A"": 0.196995522852765, ""name"": ""fire_precondition"", ""qualifying"": false, ""start_geometry_sha256"": ""c214fccc61af93c46ea1aa7793b2039b425316cbe0298f59e5062f8fa30a999b"", ""steps"": 38}, {""ase_converged"": true, ""converged"": true, ""end_geometry_sha256"": ""1d274e1b8ad958ab769616f2cd2f7d6ed07ba82d42ee6929c2faac9ff50caf48"", ""failure_class"": null, ""max_force_eV_A"": 0.07445481934856267, ""name"": ""bfgs_after_fire"", ""start_geometry_sha256"": ""2f5b955e239dc4443854d0dd3e35d1223890bf10b29030b8e4bf20e186ca3f5b"", ""steps"": 69}]",1d274e1b8ad958ab769616f2cd2f7d6ed07ba82d42ee6929c2faac9ff50caf48,0.7554783329367674,1.2314296301603282,step_3_OH,9.0,0.0,True,1.3368181976676023,0.447500000035,True,quantitative_screening,0,0,0eaaeee0705d6e475005,False,
"('COF', 'Mn', 'Imide', 'N4O2', 18.0)",COF,True,esen-sm-conserving-all-oc25:relax-v4:orr-che-v3,True,0.07814619494022361,311,150,0.08,converged,,bfgs_after_fire,"[{""ase_converged"": false, ""converged"": false, ""end_geometry_sha256"": ""e5acc135f5182ace5c4670fb4ee8cbf23372e49f6fc0d8d32750d3a8d4c4d4d1"", ""failure_class"": ""force_threshold"", ""max_force_eV_A"": 0.2883773710898613, ""name"": ""bfgs_standard"", ""start_geometry_sha256"": ""e3c0bc1fcf06b0936cf61362e123991dd720465c907462fe622f6eb5e6d0caec"", ""steps"": 150}, {""ase_converged"": true, ""converged"": true, ""end_geometry_sha256"": ""4bc34171bfb1725316c94b0fb02796fc94d96e1a190173028fbc84d1ae5b66db"", ""failure_class"": null, ""max_force_eV_A"": 0.24982979768633798, ""name"": ""fire_precondition"", ""qualifying"": false, ""start_geometry_sha256"": ""e3c0bc1fcf06b0936cf61362e123991dd720465c907462fe622f6eb5e6d0caec"", ""steps"": 21}, {""ase_converged"": true, ""converged"": true, ""end_geometry_sha256"": ""832ce97ef91860ddc0ff091f80a19ccd69b7da3d974837e3b64129f515a254f0"", ""failure_class"": null, ""max_force_eV_A"": 0.07814619494022361, ""name"": ""bfgs_after_fire"", ""start_geometry_sha256"": ""4bc34171bfb1725316c94b0fb02796fc94d96e1a190173028fbc84d1ae5b66db"", ""steps"": 140}]",832ce97ef91860ddc0ff091f80a19ccd69b7da3d974837e3b64129f515a254f0,-128.29227470012927,True,0.07829910400671333,68,100,0.08,converged,,bfgs_standard,"[{""ase_converged"": true, ""converged"": true, ""end_geometry_sha256"": ""aa9135bfe10ee63f2b677a5fe8b3b48a59418aee9b8e8e01e8acf63d31d5d0da"", ""failure_class"": null, ""max_force_eV_A"": 0.07829910400671333, ""name"": ""bfgs_standard"", ""start_geometry_sha256"": ""5736870c7dc6cde512f6facb05f6be112c1ea152159c35ad0be70671722124f8"", ""steps"": 68}]",aa9135bfe10ee63f2b677a5fe8b3b48a59418aee9b8e8e01e8acf63d31d5d0da,-0.21226805195212367,True,0.06416385858583573,39.0,100.0,0.08,converged,,bfgs_standard,"[{""ase_converged"": true, ""converged"": true, ""end_geometry_sha256"": ""2ea6dc7446166aab46a6d153bd75b13643094626ea3af0568fb8589b18c7e5dc"", ""failure_class"": null, ""max_force_eV_A"": 0.06416385858583573, ""name"": ""bfgs_standard"", ""start_geometry_sha256"": ""56f96aced2ecc847c4db1a87b7ce6478f569cd2d6c3c433ed4a3f78f17a134f7"", ""steps"": 39}]",2ea6dc7446166aab46a6d153bd75b13643094626ea3af0568fb8589b18c7e5dc,-1.0256291262805426,True,0.06433845023992205,90.0,100.0,0.08,converged,,bfgs_standard,"[{""ase_converged"": true, ""converged"": true, ""end_geometry_sha256"": ""d5221695c8c254dec7655a3db916444ea1587313f2103d32fc4bbb6504d1db1b"", ""failure_class"": null, ""max_force_eV_A"": 0.06433845023992205, ""name"": ""bfgs_standard"", ""start_geometry_sha256"": ""00882e7c584948eb38e53996efe44ee2b2ba5c676e4ae441901a03f42bf75fcc"", ""steps"": 90}]",d5221695c8c254dec7655a3db916444ea1587313f2103d32fc4bbb6504d1db1b,-1.7747912898659672,2.042361074328419,step_3_OH,9.0,0.0,True,1.2378971782326662,0.447500000035,True,quantitative_screening,0,0,8d2e04cc3773e2ce8c81,False,
"('COF', 'Fe', 'Triazine', 'N2O2', 25.0)",COF,True,esen-sm-conserving-all-oc25:relax-v4:orr-che-v3,True,0.07025614140835364,403,150,0.08,converged,,bfgs_after_fire,"[{""ase_converged"": false, ""converged"": false, ""end_geometry_sha256"": ""00a2cea8497acee3319066afbdbe3111d8702460b7a23d71ab2909a9cf05b38b"", ""failure_class"": ""force_threshold"", ""max_force_eV_A"": 0.1462775253330533, ""name"": ""bfgs_standard"", ""start_geometry_sha256"": ""ff5433928b1b4b4ea7a941fd12cece31a9e72809d388a09b0036b064918f88cd"", ""steps"": 150}, {""ase_converged"": false, ""converged"": false, ""end_geometry_sha256"": ""506814c4798850ded8ebc2123c8c786433368da793e4fa6cc25a87bf05f41c9c"", ""failure_class"": ""force_threshold"", ""max_force_eV_A"": 0.6890491403908936, ""name"": ""fire_precondition"", ""qualifying"": false, ""start_geometry_sha256"": ""ff5433928b1b4b4ea7a941fd12cece31a9e72809d388a09b0036b064918f88cd"", ""steps"": 75}, {""ase_converged"": true, ""converged"": true, ""end_geometry_sha256"": ""59636c3cf589996dd6b9ea0627e7f1f2d97d0aa23e9916e8e8db711168cb26f8"", ""failure_class"": null, ""max_force_eV_A"": 0.07025614140835364, ""name"": ""bfgs_after_fire"", ""start_geometry_sha256"": ""506814c4798850ded8ebc2123c8c786433368da793e4fa6cc25a87bf05f41c9c"", ""steps"": 178}]",59636c3cf589996dd6b9ea0627e7f1f2d97d0aa23e9916e8e8db711168cb26f8,-164.39620424156905,True,0.07881083885143808,350,100,0.08,converged,,bfgs_after_fire,"[{""ase_converged"": false, ""converged"": false, ""end_geometry_sha256"": ""4a57f9806bc85c7a41f8c5adf785490909e7549030224ac28ac5461783a86d05"", ""failure_class"": ""force_threshold"", ""max_force_eV_A"": 0.10108183470816247, ""name"": ""bfgs_standard"", ""start_geometry_sha256"": ""9eb6afb39f7c3f65da99f425567a12bd2c0813b1b8e6103a046c57f67f63dbf5"", ""steps"": 100}, {""ase_converged"": false, ""converged"": false, ""end_geometry_sha256"": ""b5d5e281b0116b048a51030c81070558d43a578113c9789fad93943f91dea6e2"", ""failure_class"": ""force_threshold"", ""max_force_eV_A"": 0.7678400039120942, ""name"": ""fire_precondition"", ""qualifying"": false, ""start_geometry_sha256"": ""9eb6afb39f7c3f65da99f425567a12bd2c0813b1b8e6103a046c57f67f63dbf5"", ""steps"": 50}, {""ase_converged"": true, ""converged"": true, ""end_geometry_sha256"": ""d07c47efeee3c5f0e533b8860fdddaf73c3e02fc0a22fffa3aa572cea52fc291"", ""failure_class"": null, ""max_force_eV_A"": 0.07881083885143808, ""name"": ""bfgs_after_fire"", ""start_geometry_sha256"": ""b5d5e281b0116b048a51030c81070558d43a578113c9789fad93943f91dea6e2"", ""steps"": 200}]",d07c47efeee3c5f0e533b8860fdddaf73c3e02fc0a22fffa3aa572cea52fc291,-3.605558571666479,True,0.07043025522580382,234.0,100.0,0.08,converged,,bfgs_after_fire,"[{""ase_converged"": false, ""converged"": false, ""end_geometry_sha256"": ""e4263b4891833e099b6aa157f567debc1c053518c54869401961b299c52ccb39"", ""failure_class"": ""force_threshold"", ""max_force_eV_A"": 0.13744067191518064, ""name"": ""bfgs_standard"", ""start_geometry_sha256"": ""4a74907cbe6f1963bdef8e8576ff09645a232d9e572b582a51fdfc7685773b3a"", ""steps"": 100}, {""ase_converged"": false, ""converged"": false, ""end_geometry_sha256"": ""d955d3eb614f6ec8ad9b4e294dac7b9bc44cbee0dd74bdce6b547436c9d9f9f0"", ""failure_class"": ""force_threshold"", ""max_force_eV_A"": 0.525024214729428, ""name"": ""fire_precondition"", ""qualifying"": false, ""start_geometry_sha256"": ""4a74907cbe6f1963bdef8e8576ff09645a232d9e572b582a51fdfc7685773b3a"", ""steps"": 50}, {""ase_converged"": true, ""converged"": true, ""end_geometry_sha256"": ""0774b165bb66edb4efa3c64429c936e148dcdc0aed39432ecdfee026b14806f5"", ""failure_class"": null, ""max_force_eV_A"": 0.07043025522580382, ""name"": ""bfgs_after_fire"", ""start_geometry_sha256"": ""d955d3eb614f6ec8ad9b4e294dac7b9bc44cbee0dd74bdce6b547436c9d9f9f0"", ""steps"": 84}]",0774b165bb66edb4efa3c64429c936e148dcdc0aed39432ecdfee026b14806f5,-2.738125883787867,True,0.06872755742501407,293.0,100.0,0.08,converged,,bfgs_after_fire,"[{""ase_converged"": false, ""converged"": false, ""end_geometry_sha256"": ""059b12b31531d1fdb14daf38f4578b960cea9a09eb9c03d54f2c962b335b2908"", ""failure_class"": ""force_threshold"", ""max_force_eV_A"": 0.29845621238040326, ""name"": ""bfgs_standard"", ""start_geometry_sha256"": ""a8a971866cc2e63dc3e9b53056ac35f6ab604f00e51d76119b7cf3d749e1a66a"", ""steps"": 100}, {""ase_converged"": false, ""converged"": false, ""end_geometry_sha256"": ""2df7411f0957f0342f565ea6470b12a8a343ea41c0a0eb88486b8088946006c4"", ""failure_class"": ""force_threshold"", ""max_force_eV_A"": 3.7373451113670066, ""name"": ""fire_precondition"", ""qualifying"": false, ""start_geometry_sha256"": ""a8a971866cc2e63dc3e9b53056ac35f6ab604f00e51d76119b7cf3d749e1a66a"", ""steps"": 50}, {""ase_converged"": true, ""converged"": true, ""end_geometry_sha256"": ""a0747d90c37a4a233cdcfe505d16309e2bc6d78d20f32a9f8c8d424a0e10e157"", ""failure_class"": null, ""max_force_eV_A"": 0.06872755742501407, ""name"": ""bfgs_after_fire"", ""start_geometry_sha256"": ""2df7411f0957f0342f565ea6470b12a8a343ea41c0a0eb88486b8088946006c4"", ""steps"": 143}]",a0747d90c37a4a233cdcfe505d16309e2bc6d78d20f32a9f8c8d424a0e10e157,-5.719753791391845,3.0,step_4_H2O,7.0,0.0,True,6.343684455454346,0.447500000035,True,quantitative_screening,2,2,1798a65eb1d89603e648,False,
"('COF', 'Fe', 'Triazine', 'S4', 40.0)",COF,True,esen-sm-conserving-all-oc25:relax-v4:orr-che-v3,True,0.07457473196877065,283,150,0.08,converged,,bfgs_after_fire,"[{""ase_converged"": false, ""converged"": false, ""end_geometry_sha256"": ""4bad1a4564dc34ef7a3b7467c670f1be3372feae6e619a3c626f586124a39ecb"", ""failure_class"": ""force_threshold"", ""max_force_eV_A"": 0.3213524905307723, ""name"": ""bfgs_standard"", ""start_geometry_sha256"": ""84db74708bef2b3c5d961718a18c16c8fe14b1be3f317d3505e2f391d287c892"", ""steps"": 150}, {""ase_converged"": false, ""converged"": false, ""end_geometry_sha256"": ""dad8b8b1e7ac86d1fad8fd0456f6e159066e00977e303ee5d9d3aa404ccd9913"", ""failure_class"": ""force_threshold"", ""max_force_eV_A"": 0.8148823473173704, ""name"": ""fire_precondition"", ""qualifying"": false, ""start_geometry_sha256"": ""84db74708bef2b3c5d961718a18c16c8fe14b1be3f317d3505e2f391d287c892"", ""steps"": 75}, {""ase_converged"": true, ""converged"": true, ""end_geometry_sha256"": ""2859161dd4a54212ef9f4d0d1d84c8dda7a7ded0ba2956fcac47352e65f7678c"", ""failure_class"": null, ""max_force_eV_A"": 0.07457473196877065, ""name"": ""bfgs_after_fire"", ""start_geometry_sha256"": ""dad8b8b1e7ac86d1fad8fd0456f6e159066e00977e303ee5d9d3aa404ccd9913"", ""steps"": 58}]",2859161dd4a54212ef9f4d0d1d84c8dda7a7ded0ba2956fcac47352e65f7678c,-165.01543278117475,True,0.07655917506080337,291,100,0.08,converged,,bfgs_after_fire,"[{""ase_converged"": false, ""converged"": false, ""end_geometry_sha256"": ""918d2641cad0d73026023b3dc6a327f6e26af9dc90caa90a67484ea096c26422"", ""failure_class"": ""force_threshold"", ""max_force_eV_A"": 0.2663930392927752, ""name"": ""bfgs_standard"", ""start_geometry_sha256"": ""f81c487fa1caf54843a338278ba5bb55a63c8219cdf88f8aae57781fd0df1c28"", ""steps"": 100}, {""ase_converged"": true, ""converged"": true, ""end_geometry_sha256"": ""890311985ff3f1abfb0f7fd13c1179d84d53720f5faa2658bf935877a6c8a106"", ""failure_class"": null, ""max_force_eV_A"": 0.13281256650963003, ""name"": ""fire_precondition"", ""qualifying"": false, ""start_geometry_sha256"": ""f81c487fa1caf54843a338278ba5bb55a63c8219cdf88f8aae57781fd0df1c28"", ""steps"": 30}, {""ase_converged"": true, ""converged"": true, ""end_geometry_sha256"": ""8ad8f104999a7a132cfbc04c87968793b3d1c8f89445e2c3bcfbdeaec15bb5cd"", ""failure_class"": null, ""max_force_eV_A"": 0.07655917506080337, ""name"": ""bfgs_after_fire"", ""start_geometry_sha256"": ""890311985ff3f1abfb0f7fd13c1179d84d53720f5faa2658bf935877a6c8a106"", ""steps"": 161}]",8ad8f104999a7a132cfbc04c87968793b3d1c8f89445e2c3bcfbdeaec15bb5cd,-4.564886269420386,True,0.0762283210410626,249.0,100.0,0.08,converged,,bfgs_after_fire,"[{""ase_converged"": false, ""converged"": false, ""end_geometry_sha256"": ""1b846b11a01cd8e23e456b53953e9cbee604b0e501240ffeff87d2fc6ef76748"", ""failure_class"": ""force_threshold"", ""max_force_eV_A"": 0.16393288638497333, ""name"": ""bfgs_standard"", ""start_geometry_sha256"": ""c4f9fd338e7738a7de93fa9d8d1f1b4de27f75828a102b4c7a58f578664ab16e"", ""steps"": 100}, {""ase_converged"": true, ""converged"": true, ""end_geometry_sha256"": ""371d57a3d4bffa431dc542c2bfdb382059de07602e74eab19d838143cef2fa22"", ""failure_class"": null, ""max_force_eV_A"": 0.23937020598883546, ""name"": ""fire_precondition"", ""qualifying"": false, ""start_geometry_sha256"": ""c4f9fd338e7738a7de93fa9d8d1f1b4de27f75828a102b4c7a58f578664ab16e"", ""steps"": 46}, {""ase_converged"": true, ""converged"": true, ""end_geometry_sha256"": ""63e9fca1013d3a19fdc69950384744cf1ec215e17ab0f76b3f42c7c85ca52724"", ""failure_class"": null, ""max_force_eV_A"": 0.0762283210410626, ""name"": ""bfgs_after_fire"", ""start_geometry_sha256"": ""371d57a3d4bffa431dc542c2bfdb382059de07602e74eab19d838143cef2fa22"", ""steps"": 103}]",63e9fca1013d3a19fdc69950384744cf1ec215e17ab0f76b3f42c7c85ca52724,-3.2224570147693123,True,0.06524400686996477,279.0,100.0,0.08,converged,,bfgs_after_fire,"[{""ase_converged"": false, ""converged"": false, ""end_geometry_sha256"": ""7a1245815fd93aea6e03388a7c431faea745fda89b95ae5468864c98c535aff1"", ""failure_class"": ""force_threshold"", ""max_force_eV_A"": 0.13879677438867571, ""name"": ""bfgs_standard"", ""start_geometry_sha256"": ""83f4c3e6ce1b86d028d42dcb9dc8733adb65b065843fad336b4004ab97b7a0d4"", ""steps"": 100}, {""ase_converged"": false, ""converged"": false, ""end_geometry_sha256"": ""a12b117c9e9aa175d358b2abd21354122fb7cf58e634e28149401241b5830fbe"", ""failure_class"": ""force_threshold"", ""max_force_eV_A"": 0.720632438837077, ""name"": ""fire_precondition"", ""qualifying"": false, ""start_geometry_sha256"": ""83f4c3e6ce1b86d028d42dcb9dc8733adb65b065843fad336b4004ab97b7a0d4"", ""steps"": 50}, {""ase_converged"": true, ""converged"": true, ""end_geometry_sha256"": ""ad1bffa6c20c8ec23192ea75b3326c38bc86ae8890310a71a1600091ccab900f"", ""failure_class"": null, ""max_force_eV_A"": 0.06524400686996477, ""name"": ""bfgs_after_fire"", ""start_geometry_sha256"": ""a12b117c9e9aa175d358b2abd21354122fb7cf58e634e28149401241b5830fbe"", ""steps"": 129}]",ad1bffa6c20c8ec23192ea75b3326c38bc86ae8890310a71a1600091ccab900f,-6.092884589731689,3.0,step_4_H2O,7.0,0.0,True,7.787343284189698,0.447500000035,True,quantitative_screening,0,0,eda4c968b429a471574f,False,
"('COF', 'Fe', 'Phenazine', 'O6', 12.0)",COF,True,esen-sm-conserving-all-oc25:relax-v4:orr-che-v3,True,0.07955601868237029,70,150,0.08,converged,,bfgs_standard,"[{""ase_converged"": true, ""converged"": true, ""end_geometry_sha256"": ""cf007abf2a0732982a33afc576fd8715ace8eb3a5a3b82568559ec7982f4aaa0"", ""failure_class"": null, ""max_force_eV_A"": 0.07955601868237029, ""name"": ""bfgs_standard"", ""start_geometry_sha256"": ""9d904e1d533edc91943336d3ec744d46813b303c4d7033374f82951c70d615bc"", ""steps"": 70}]",cf007abf2a0732982a33afc576fd8715ace8eb3a5a3b82568559ec7982f4aaa0,-131.8418103866961,True,0.07669862841694333,206,100,0.08,converged,,bfgs_after_fire,"[{""ase_converged"": false, ""converged"": false, ""end_geometry_sha256"": ""7c6ca4d43960fd42d1ea4d5057c6806240237e9bf7e6c4d173aa6e1f8c62c1a2"", ""failure_class"": ""force_threshold"", ""max_force_eV_A"": 0.11685924980250435, ""name"": ""bfgs_standard"", ""start_geometry_sha256"": ""c77ec1a0f3ea40d0790f27802e62881f215d94ea982bd2f2c81f2ba4be3265fd"", ""steps"": 100}, {""ase_converged"": false, ""converged"": false, ""end_geometry_sha256"": ""c1dcc52cb0ef3a993fa5ac1d3d89d708d7c52c2e345d15f33da6d17c109a6e2b"", ""failure_class"": ""force_threshold"", ""max_force_eV_A"": 0.2752202197314727, ""name"": ""fire_precondition"", ""qualifying"": false, ""start_geometry_sha256"": ""c77ec1a0f3ea40d0790f27802e62881f215d94ea982bd2f2c81f2ba4be3265fd"", ""steps"": 50}, {""ase_converged"": true, ""converged"": true, ""end_geometry_sha256"": ""42989863b0d16610d79563879a54e424bffa42a29fa5b19289940200d72019d8"", ""failure_class"": null, ""max_force_eV_A"": 0.07669862841694333, ""name"": ""bfgs_after_fire"", ""start_geometry_sha256"": ""c1dcc52cb0ef3a993fa5ac1d3d89d708d7c52c2e345d15f33da6d17c109a6e2b"", ""steps"": 56}]",42989863b0d16610d79563879a54e424bffa42a29fa5b19289940200d72019d8,-0.022054371684789686,True,0.06830857880694718,50.0,100.0,0.08,converged,,bfgs_standard,"[{""ase_converged"": true, ""converged"": true, ""end_geometry_sha256"": ""f60a7c0a66839fe35be9b2817b15dd1ee68a206ba3c8ddc54a508ae3d540b0f4"", ""failure_class"": null, ""max_force_eV_A"": 0.06830857880694718, ""name"": ""bfgs_standard"", ""start_geometry_sha256"": ""0d13f43043b911838e3e5c80e1650228bcfeef023320da0b62220b2ddc85c1fb"", ""steps"": 50}]",f60a7c0a66839fe35be9b2817b15dd1ee68a206ba3c8ddc54a508ae3d540b0f4,0.6000668175518549,True,0.06575322740729324,71.0,100.0,0.08,converged,,bfgs_standard,"[{""ase_converged"": true, ""converged"": true, ""end_geometry_sha256"": ""9088a87ddd5bd5bfd9b4d5ddd3dc26d59b4b94d2f3905d4e0c7b74715183b969"", ""failure_class"": null, ""max_force_eV_A"": 0.06575322740729324, ""name"": ""bfgs_standard"", ""start_geometry_sha256"": ""3e45ac679ce1fba49b376b177d08753b40e2a16a78080b66695ac122be1438bd"", ""steps"": 71}]",9088a87ddd5bd5bfd9b4d5ddd3dc26d59b4b94d2f3905d4e0c7b74715183b969,2.897150467336181,1.2510543716847897,step_4_H2O,7.0,0.0,True,0.6221211892366445,0.447500000035,True,quantitative_screening,1,1,809838a19194a1390917,False,
"('COF', 'Fe', 'Olefin', 'P4', 18.0)",COF,True,esen-sm-conserving-all-oc25:relax-v4:orr-che-v3,True,0.0721588869037241,539,150,0.08,converged,,fire_small_step,"[{""ase_converged"": false, ""converged"": false, ""end_geometry_sha256"": ""73b08a505a69921038abaff37e50ab5622d1ae3d300ca767de9ebe982ab9c545"", ""failure_class"": ""force_threshold"", ""max_force_eV_A"": 0.20238721902657195, ""name"": ""bfgs_standard"", ""start_geometry_sha256"": ""beb4bcdd1a6c2edd46f15c2812e6784d5c11d2d4d74dafbb3778cf2a19284a5d"", ""steps"": 150}, {""ase_converged"": false, ""converged"": false, ""end_geometry_sha256"": ""1a1b7dfea5553581d3479211f70aa70e7494997a9ac64c4a31224e506d8d7058"", ""failure_class"": ""force_threshold"", ""max_force_eV_A"": 3.0574872186767448, ""name"": ""fire_precondition"", ""qualifying"": false, ""start_geometry_sha256"": ""beb4bcdd1a6c2edd46f15c2812e6784d5c11d2d4d74dafbb3778cf2a19284a5d"", ""steps"": 75}, {""ase_converged"": false, ""converged"": false, ""end_geometry_sha256"": ""f2fda422c467f49541452e9be7b60bba3d3c014ed8c7b181c05a124402439617"", ""failure_class"": ""force_threshold"", ""max_force_eV_A"": 0.3252337664329434, ""name"": ""bfgs_after_fire"", ""start_geometry_sha256"": ""1a1b7dfea5553581d3479211f70aa70e7494997a9ac64c4a31224e506d8d7058"", ""steps"": 300}, {""ase_converged"": true, ""converged"": true, ""end_geometry_sha256"": ""3717de6316f7a81a5d034076b4aa3f9d7459f136142abb6bfe78c91691628787"", ""failure_class"": null, ""max_force_eV_A"": 0.0721588869037241, ""name"": ""fire_small_step"", ""start_geometry_sha256"": ""73b08a505a69921038abaff37e50ab5622d1ae3d300ca767de9ebe982ab9c545"", ""steps"": 14}]",3717de6316f7a81a5d034076b4aa3f9d7459f136142abb6bfe78c91691628787,-124.35635678991059,True,0.07328932384974213,217,100,0.08,converged,,bfgs_after_fire,"[{""ase_converged"": false, ""converged"": false, ""end_geometry_sha256"": ""1425cd43348e74e25418815e0a40f45dc696ec6f5f512e8cd46a9ec8af85b51c"", ""failure_class"": ""force_threshold"", ""max_force_eV_A"": 0.1802607708176835, ""name"": ""bfgs_standard"", ""start_geometry_sha256"": ""6e2bf0355edfb9c77a30ce4dbddb34d8240f1b6bee873aae5ad066b985e7fcf6"", ""steps"": 100}, {""ase_converged"": true, ""converged"": true, ""end_geometry_sha256"": ""c28ee3e347981b2998cd616e16a3132cca7457056a3eadab0526d1b1d5a72dec"", ""failure_class"": null, ""max_force_eV_A"": 0.1900534022880773, ""name"": ""fire_precondition"", ""qualifying"": false, ""start_geometry_sha256"": ""6e2bf0355edfb9c77a30ce4dbddb34d8240f1b6bee873aae5ad066b985e7fcf6"", ""steps"": 47}, {""ase_converged"": true, ""converged"": true, ""end_geometry_sha256"": ""f4cca8b85fed670778f1bdc535869ecb97c4822c0cd8a94cf730ca0dd9e49c22"", ""failure_class"": null, ""max_force_eV_A"": 0.07328932384974213, ""name"": ""bfgs_after_fire"", ""start_geometry_sha256"": ""c28ee3e347981b2998cd616e16a3132cca7457056a3eadab0526d1b1d5a72dec"", ""steps"": 70}]",f4cca8b85fed670778f1bdc535869ecb97c4822c0cd8a94cf730ca0dd9e49c22,-0.4646722649037838,True,0.07382012201755052,51.0,100.0,0.08,converged,,bfgs_standard,"[{""ase_converged"": true, ""converged"": true, ""end_geometry_sha256"": ""763a1b013e89b4a7384fd966677f71d2fc3430736ba8915cca585acec6004144"", ""failure_class"": null, ""max_force_eV_A"": 0.07382012201755052, ""name"": ""bfgs_standard"", ""start_geometry_sha256"": ""2a25764119c7894606be7f71d28c62a8274ca6d36697c4a4e61bdadbd98bf3bd"", ""steps"": 51}]",763a1b013e89b4a7384fd966677f71d2fc3430736ba8915cca585acec6004144,0.3454417355358636,True,0.07467628583489143,229.0,100.0,0.08,converged,,bfgs_after_fire,"[{""ase_converged"": false, ""converged"": false, ""end_geometry_sha256"": ""5ef4ecceee6beb7f6faaf37ac10bebb6b727162a7b48cbc058f9ca37a8a6ccfa"", ""failure_class"": ""force_threshold"", ""max_force_eV_A"": 0.21567560289756918, ""name"": ""bfgs_standard"", ""start_geometry_sha256"": ""12d452f661d142710ba84c266531b48fced0d7c92c5c964a30cf64bf19fd55a8"", ""steps"": 100}, {""ase_converged"": true, ""converged"": true, ""end_geometry_sha256"": ""845cd0e5d2bcb4a3f50ef940905ed1700dfd7c97eb8e8202e9ed79000b5f4576"", ""failure_class"": null, ""max_force_eV_A"": 0.2139505976951215, ""name"": ""fire_precondition"", ""qualifying"": false, ""start_geometry_sha256"": ""12d452f661d142710ba84c266531b48fced0d7c92c5c964a30cf64bf19fd55a8"", ""steps"": 45}, {""ase_converged"": true, ""converged"": true, ""end_geometry_sha256"": ""b58964304158d636301f47dd03e4fe98a94b70596893903505459b0db50de8c6"", ""failure_class"": null, ""max_force_eV_A"": 0.07467628583489143, ""name"": ""bfgs_after_fire"", ""start_geometry_sha256"": ""845cd0e5d2bcb4a3f50ef940905ed1700dfd7c97eb8e8202e9ed79000b5f4576"", ""steps"": 84}]",b58964304158d636301f47dd03e4fe98a94b70596893903505459b0db50de8c6,2.7264055714011226,1.6936722649037839,step_4_H2O,7.0,0.0,True,0.8101140004396474,0.447500000035,True,quantitative_screening,1,1,7391c72c31bbfe879300,False,
"('COF', 'Fe', 'Squaraine', 'N3S', 4.0)",COF,False,esen-sm-conserving-all-oc25:relax-v4:orr-che-v3,True,0.07554350136227599,117,150,0.08,converged,,bfgs_standard,"[{""ase_converged"": true, ""converged"": true, ""end_geometry_sha256"": ""783b4b5e444bb4f0d68d414fdbe6b4a269b785d9e55fa54224c46b60f928ccb7"", ""failure_class"": null, ""max_force_eV_A"": 0.07554350136227599, ""name"": ""bfgs_standard"", ""start_geometry_sha256"": ""db774d32259af895cdef416375e828af4f26b7cb5880c4e484ac71d0e897c234"", ""steps"": 117}]",783b4b5e444bb4f0d68d414fdbe6b4a269b785d9e55fa54224c46b60f928ccb7,-113.10982819171582,False,,0,100,0.08,invalid_initial_geometry,atomic_overlap,none,[],30d53674ef93bd69b275cfab5b768a095232c0b55193d824ccf1b926c5a69a76,,,,,,,,,,,,,,,,,,,,,,,,,,,,,,,True,validation_required,2,2,f11397d573abeb357f3f,False,Invalid oh initial geometry: atomic_overlap
"('COF', 'Fe', 'Beta_ketoenamine', 'N6', 12.0)",COF,True,esen-sm-conserving-all-oc25:relax-v4:orr-che-v3,True,0.06732471649775021,49,150,0.08,converged,,bfgs_standard,"[{""ase_converged"": true, ""converged"": true, ""end_geometry_sha256"": ""9f21956ce0469fe808d99482686049667973496c2c6eaba2a5f003ef9ac3bb70"", ""failure_class"": null, ""max_force_eV_A"": 0.06732471649775021, ""name"": ""bfgs_standard"", ""start_geometry_sha256"": ""1f9fcf01be14467c4f3a38b8213d542662aa6e976176a2ec0df6095e9f9ecbda"", ""steps"": 49}]",9f21956ce0469fe808d99482686049667973496c2c6eaba2a5f003ef9ac3bb70,-146.7779077244048,True,0.076641126205263,41,100,0.08,converged,,bfgs_standard,"[{""ase_converged"": true, ""converged"": true, ""end_geometry_sha256"": ""afe4eabac9ac3d25d9df568517c1670378640be5901022c9f681dce80966596d"", ""failure_class"": null, ""max_force_eV_A"": 0.076641126205263, ""name"": ""bfgs_standard"", ""start_geometry_sha256"": ""b75e44138e000c7cec4343bca0de11a55ff4b30f616fe43f7d197970108e239a"", ""steps"": 41}]",afe4eabac9ac3d25d9df568517c1670378640be5901022c9f681dce80966596d,0.4026988174021244,True,0.06250233839259554,69.0,100.0,0.08,converged,,bfgs_standard,"[{""ase_converged"": true, ""converged"": true, ""end_geometry_sha256"": ""1715180fd444d243ab68ca96adf1d00923b5eb3a59cb141b663ba39c20730a24"", ""failure_class"": null, ""max_force_eV_A"": 0.06250233839259554, ""name"": ""bfgs_standard"", ""start_geometry_sha256"": ""0a11b7f08e1ee17d0af096936b170e2b1813cdd68f553416cd6242413cb68b35"", ""steps"": 69}]",1715180fd444d243ab68ca96adf1d00923b5eb3a59cb141b663ba39c20730a24,-1.6697874896228277,True,0.0787564858834624,53.0,100.0,0.08,converged,,bfgs_standard,"[{""ase_converged"": true, ""converged"": true, ""end_geometry_sha256"": ""86dc0a6cd21f55d92b3776b126d17a3c5ab46ac4a06a42d19578224c475c7fbb"", ""failure_class"": null, ""max_force_eV_A"": 0.0787564858834624, ""name"": ""bfgs_standard"", ""start_geometry_sha256"": ""edfa8462a25308e16b37e8635e8824e0aa9b7885d1e3b4e844b8bb2494d0a6db"", ""steps"": 53}]",86dc0a6cd21f55d92b3776b126d17a3c5ab46ac4a06a42d19578224c475c7fbb,3.3783382877707515,3.0,step_3_OH,7.0,0.0,True,2.072486307024952,0.447500000035,True,quantitative_screening,0,0,cd20f156091a44d598a2,False,
"('COF', 'Fe', 'Dioxin', 'N2O2', 14.0)",COF,True,esen-sm-conserving-all-oc25:relax-v4:orr-che-v3,True,0.061564914317736946,29,150,0.08,converged,,bfgs_standard,"[{""ase_converged"": true, ""converged"": true, ""end_geometry_sha256"": ""487b181cd741769a9c9e0b4182666f8f4264d2727501090dadf742875aa2ed33"", ""failure_class"": null, ""max_force_eV_A"": 0.061564914317736946, ""name"": ""bfgs_standard"", ""start_geometry_sha256"": ""033626c668df51ef95a7dab241bf63195c08218955f41aee7b99df7b9079d24c"", ""steps"": 29}]",487b181cd741769a9c9e0b4182666f8f4264d2727501090dadf742875aa2ed33,-128.84518314247848,True,0.05077002024761746,59,100,0.08,converged,,bfgs_standard,"[{""ase_converged"": true, ""converged"": true, ""end_geometry_sha256"": ""fecab0abd2c96b5cee81c637c347028e47c320ee52212bb1efae483d31895eff"", ""failure_class"": null, ""max_force_eV_A"": 0.05077002024761746, ""name"": ""bfgs_standard"", ""start_geometry_sha256"": ""2f198b0d4b171d5490b876f71343455f57f85775b66b80365eabaee504d3cab0"", ""steps"": 59}]",fecab0abd2c96b5cee81c637c347028e47c320ee52212bb1efae483d31895eff,-1.5603229378163814,True,0.07228033155016256,64.0,100.0,0.08,converged,,bfgs_standard,"[{""ase_converged"": true, ""converged"": true, ""end_geometry_sha256"": ""702e87df8c025c6499ad5177ea1e83a30311afd8158bb3c71f1728cea38b3bbc"", ""failure_class"": null, ""max_force_eV_A"": 0.07228033155016256, ""name"": ""bfgs_standard"", ""start_geometry_sha256"": ""28737e2d424ba502fdf956f6e13e23455b18c8640c89c651c38d31410e662726"", ""steps"": 64}]",702e87df8c025c6499ad5177ea1e83a30311afd8158bb3c71f1728cea38b3bbc,-0.9266100756823981,True,0.07853215149059181,82.0,100.0,0.08,converged,,bfgs_standard,"[{""ase_converged"": true, ""converged"": true, ""end_geometry_sha256"": ""f9d755aebb558347b4927bb738dfbada6b610247a8956956caf8c9ca1b5d56c1"", ""failure_class"": null, ""max_force_eV_A"": 0.07853215149059181, ""name"": ""bfgs_standard"", ""start_geometry_sha256"": ""d77293cfd4e74cf61b79f45b57e6ebc41c2419e66758fa1d207a801aacfea497"", ""steps"": 82}]",f9d755aebb558347b4927bb738dfbada6b610247a8956956caf8c9ca1b5d56c1,1.282537887990478,2.7893229378163813,step_4_H2O,7.0,0.0,True,2.4869330134987795,0.447500000035,True,quantitative_screening,2,2,e386d9960012b43d75d5,False,
"('COF', 'Fe', 'Imide', 'N4', 25.0)",COF,True,esen-sm-conserving-all-oc25:relax-v4:orr-che-v3,True,0.07645121991363371,532,150,0.08,converged,,fire_small_step,"[{""ase_converged"": false, ""converged"": false, ""end_geometry_sha256"": ""95afc70ebb16459e2fcdc66831ed153dd31f79aefa9d9b14d9d0f8d70e072be2"", ""failure_class"": ""force_threshold"", ""max_force_eV_A"": 0.38182336875655665, ""name"": ""bfgs_standard"", ""start_geometry_sha256"": ""041d2e3bca84c36df7fc5f122f9ed26fef82e5c81982d8c068550ff16b882fa2"", ""steps"": 150}, {""ase_converged"": false, ""converged"": false, ""end_geometry_sha256"": ""a171dc7c62759948684bcc2bd37826efbceb8b035d2ca5c78248a1f84b07fff4"", ""failure_class"": ""force_threshold"", ""max_force_eV_A"": 0.8113277101790839, ""name"": ""fire_precondition"", ""qualifying"": false, ""start_geometry_sha256"": ""041d2e3bca84c36df7fc5f122f9ed26fef82e5c81982d8c068550ff16b882fa2"", ""steps"": 75}, {""ase_converged"": false, ""converged"": false, ""end_geometry_sha256"": ""c67f7e702107facc12787fef7908646e957f31c433294b199d8b6b70d979ebb5"", ""failure_class"": ""force_threshold"", ""max_force_eV_A"": 0.2019962102756571, ""name"": ""bfgs_after_fire"", ""start_geometry_sha256"": ""a171dc7c62759948684bcc2bd37826efbceb8b035d2ca5c78248a1f84b07fff4"", ""steps"": 300}, {""ase_converged"": true, ""converged"": true, ""end_geometry_sha256"": ""09392637e87be34062826b01b7a65956b06747cdfc0a2b4e3b0870d79282288b"", ""failure_class"": null, ""max_force_eV_A"": 0.07645121991363371, ""name"": ""fire_small_step"", ""start_geometry_sha256"": ""c67f7e702107facc12787fef7908646e957f31c433294b199d8b6b70d979ebb5"", ""steps"": 7}]",09392637e87be34062826b01b7a65956b06747cdfc0a2b4e3b0870d79282288b,-168.0747379722148,True,0.07754621972151567,77,100,0.08,converged,,bfgs_standard,"[{""ase_converged"": true, ""converged"": true, ""end_geometry_sha256"": ""3ebc2b58735276ef3e6ca6b112dbff74d9dd5945b9734c63983607dd25b1847d"", ""failure_class"": null, ""max_force_eV_A"": 0.07754621972151567, ""name"": ""bfgs_standard"", ""start_geometry_sha256"": ""32116d846aa3b56f128dae56527e4f8b9de306469e5de8eb4c6463786a0a1aff"", ""steps"": 77}]",3ebc2b58735276ef3e6ca6b112dbff74d9dd5945b9734c63983607dd25b1847d,-1.455768761485815,True,0.07921702490474855,204.0,100.0,0.08,converged,,bfgs_after_fire,"[{""ase_converged"": false, ""converged"": false, ""end_geometry_sha256"": ""6d87785de496c20424f7affe9c987b890191446361fe4069e0caf61563e3b6f6"", ""failure_class"": ""force_threshold"", ""max_force_eV_A"": 0.09197109807884996, ""name"": ""bfgs_standard"", ""start_geometry_sha256"": ""d5aab4dd650c7637558dc562d5fef76d3192f039b11367239014d2cd7e4836c4"", ""steps"": 100}, {""ase_converged"": false, ""converged"": false, ""end_geometry_sha256"": ""abdaf81be034739582174f66bc7ed161a4490f20e24a4411d0107e56d33a40c5"", ""failure_class"": ""force_threshold"", ""max_force_eV_A"": 0.5345366643301359, ""name"": ""fire_precondition"", ""qualifying"": false, ""start_geometry_sha256"": ""d5aab4dd650c7637558dc562d5fef76d3192f039b11367239014d2cd7e4836c4"", ""steps"": 50}, {""ase_converged"": true, ""converged"": true, ""end_geometry_sha256"": ""aeeb0582e1f17a26779d1f732ad2b92f46617f23a871d13833cff65c8ef731da"", ""failure_class"": null, ""max_force_eV_A"": 0.07921702490474855, ""name"": ""bfgs_after_fire"", ""start_geometry_sha256"": ""abdaf81be034739582174f66bc7ed161a4490f20e24a4411d0107e56d33a40c5"", ""steps"": 54}]",aeeb0582e1f17a26779d1f732ad2b92f46617f23a871d13833cff65c8ef731da,-1.9647513262927496,True,0.07762885079177552,283.0,100.0,0.08,converged,,bfgs_after_fire,"[{""ase_converged"": false, ""converged"": false, ""end_geometry_sha256"": ""831f231b9f1d38c9b3ba2613d5c303448e9797d5254c8ec53c4f939a9afd67d8"", ""failure_class"": ""force_threshold"", ""max_force_eV_A"": 0.2754211287875197, ""name"": ""bfgs_standard"", ""start_geometry_sha256"": ""96adf0d175e9c8ecb4b2c08a03c3dc304dbdf2e04b78befbe5b5e0ae6040a5d1"", ""steps"": 100}, {""ase_converged"": false, ""converged"": false, ""end_geometry_sha256"": ""287b67267e842ff7f97968f4308311880e79967482d5c9d8c6dd9d394943c6a1"", ""failure_class"": ""force_threshold"", ""max_force_eV_A"": 5.489902459137895, ""name"": ""fire_precondition"", ""qualifying"": false, ""start_geometry_sha256"": ""96adf0d175e9c8ecb4b2c08a03c3dc304dbdf2e04b78befbe5b5e0ae6040a5d1"", ""steps"": 50}, {""ase_converged"": true, ""converged"": true, ""end_geometry_sha256"": ""f9442778f969863d5d33d4342781f5e5e6987183e72e85cb0984c9f152deacaf"", ""failure_class"": null, ""max_force_eV_A"": 0.07762885079177552, ""name"": ""bfgs_after_fire"", ""start_geometry_sha256"": ""287b67267e842ff7f97968f4308311880e79967482d5c9d8c6dd9d394943c6a1"", ""steps"": 133}]",f9442778f969863d5d33d4342781f5e5e6987183e72e85cb0984c9f152deacaf,-3.532091666758057,2.7963403404653073,step_2_O,7.0,0.0,True,3.4205200877785646,0.447500000035,True,quantitative_screening,0,0,ee00d949c66261073c2e,False,
"('Perovskite', 'Sr', 'Rh', 'Nb', 0.5, 'O_vacancy')",Perovskite,True,esen-sm-conserving-all-oc25:relax-v4:orr-che-v3,True,0.07473401799854591,56,150,0.08,converged,,bfgs_standard,"[{""ase_converged"": true, ""converged"": true, ""end_geometry_sha256"": ""6924295f9a645359cfeda05062b0ffcd0407c3554eb017efedd91cfbfa5b52c3"", ""failure_class"": null, ""max_force_eV_A"": 0.07473401799854591, ""name"": ""bfgs_standard"", ""start_geometry_sha256"": ""01ce1c0f05ad4bb792a98fb99c36b1d1051abf8d059d99bcfb94c48df2c126b2"", ""steps"": 56}]",6924295f9a645359cfeda05062b0ffcd0407c3554eb017efedd91cfbfa5b52c3,-420.5699632721189,True,0.07572859765503744,71,100,0.08,converged,,bfgs_standard,"[{""ase_converged"": true, ""converged"": true, ""end_geometry_sha256"": ""217a0e089325723bebcce880ca0b29ea38467426c0a345d8828074120f83e26f"", ""failure_class"": null, ""max_force_eV_A"": 0.07572859765503744, ""name"": ""bfgs_standard"", ""start_geometry_sha256"": ""a2ad2bc4ad77d87e18f1614fe743edcee47e34578e36a6c9675514a69298c0fd"", ""steps"": 71}]",217a0e089325723bebcce880ca0b29ea38467426c0a345d8828074120f83e26f,-0.5033113335072994,True,0.07149073077073159,72.0,100.0,0.08,converged,,bfgs_standard,"[{""ase_converged"": true, ""converged"": true, ""end_geometry_sha256"": ""a65f8942db728038b9e40dd7c145de6397b0430cc51f8e90c7e61eca34d04f4d"", ""failure_class"": null, ""max_force_eV_A"": 0.07149073077073159, ""name"": ""bfgs_standard"", ""start_geometry_sha256"": ""22da14d5137c91c9dcdff8cdd61ac02117a585746389e4cac5fcffee6f97a807"", ""steps"": 72}]",a65f8942db728038b9e40dd7c145de6397b0430cc51f8e90c7e61eca34d04f4d,3.14054004028437,True,0.07799229294477972,93.0,100.0,0.08,converged,,bfgs_standard,"[{""ase_converged"": true, ""converged"": true, ""end_geometry_sha256"": ""d3dbff561a8bb07a4658557741aa2eeff794f0ce9991a5fa2ed3b7587b95e8e7"", ""failure_class"": null, ""max_force_eV_A"": 0.07799229294477972, ""name"": ""bfgs_standard"", ""start_geometry_sha256"": ""1fbed7adb6238977d8146b052997ab2c7a0da038be715d5dd7cd04be33b7f93c"", ""steps"": 93}]",d3dbff561a8bb07a4658557741aa2eeff794f0ce9991a5fa2ed3b7587b95e8e7,3.7611727222800004,1.7323113335072995,step_4_H2O,10.0,-1.420512186846016,True,3.6438513737916693,0.6527014328916925,False,quantitative_screening,2,2,e51742d7dc9415d96abd,False,
"('Perovskite', 'Sr', 'Hf', 'Mo', 0.3, 'B_vacancy')",Perovskite,True,esen-sm-conserving-all-oc25:relax-v4:orr-che-v3,True,0.07820831748202581,52,150,0.08,converged,,bfgs_standard,"[{""ase_converged"": true, ""converged"": true, ""end_geometry_sha256"": ""ce7ffbcf9bc27da71cbfb1f9c7f8982c38903d6c9d0faac6e74ed335f04626ba"", ""failure_class"": null, ""max_force_eV_A"": 0.07820831748202581, ""name"": ""bfgs_standard"", ""start_geometry_sha256"": ""712a121f87ac95875ed923121ceb8ab58b5cca2ff49554329cbd9ab888343402"", ""steps"": 52}]",ce7ffbcf9bc27da71cbfb1f9c7f8982c38903d6c9d0faac6e74ed335f04626ba,-471.1205123316021,True,0.07522179651930673,167,100,0.08,converged,,bfgs_after_fire,"[{""ase_converged"": false, ""converged"": false, ""end_geometry_sha256"": ""d5bae6660ae1f55906923985e8187d66c4735c8aa14055cc56c291f496a2bb43"", ""failure_class"": ""force_threshold"", ""max_force_eV_A"": 0.15994104058251424, ""name"": ""bfgs_standard"", ""start_geometry_sha256"": ""44097453e9065227c723628237df20f083106ea84833b290f805924c8348ec57"", ""steps"": 100}, {""ase_converged"": false, ""converged"": false, ""end_geometry_sha256"": ""37b148aea5e66e0e4502db5fdb28cbecefde6768ad4f9e3bb077fc7bc5a40e99"", ""failure_class"": ""force_threshold"", ""max_force_eV_A"": 0.6216801483976017, ""name"": ""fire_precondition"", ""qualifying"": false, ""start_geometry_sha256"": ""44097453e9065227c723628237df20f083106ea84833b290f805924c8348ec57"", ""steps"": 50}, {""ase_converged"": true, ""converged"": true, ""end_geometry_sha256"": ""0d411a009da3009f6d9d548e99a07be39a9f51a92288582b7fb02d56091fc32b"", ""failure_class"": null, ""max_force_eV_A"": 0.07522179651930673, ""name"": ""bfgs_after_fire"", ""start_geometry_sha256"": ""37b148aea5e66e0e4502db5fdb28cbecefde6768ad4f9e3bb077fc7bc5a40e99"", ""steps"": 17}]",0d411a009da3009f6d9d548e99a07be39a9f51a92288582b7fb02d56091fc32b,2.5400694037973315,True,0.07770597254130188,29.0,100.0,0.08,converged,,bfgs_standard,"[{""ase_converged"": true, ""converged"": true, ""end_geometry_sha256"": ""c38b55a84b04425367c8f499f9e52e0b3b13cc6bae5cdbc50dcb82495a73e8fb"", ""failure_class"": null, ""max_force_eV_A"": 0.07770597254130188, ""name"": ""bfgs_standard"", ""start_geometry_sha256"": ""c8fb0dabad4dc128770a60f53b49c4e99dcbddf0d411f3960bb01b5d0ff6fffd"", ""steps"": 29}]",c38b55a84b04425367c8f499f9e52e0b3b13cc6bae5cdbc50dcb82495a73e8fb,3.912333405762886,True,0.07357279818470414,187.0,100.0,0.08,converged,,bfgs_after_fire,"[{""ase_converged"": false, ""converged"": false, ""end_geometry_sha256"": ""65774a5ff39e1555ad848704e72979b3988d379c76ce994a1abc5a46ce4ce794"", ""failure_class"": ""force_threshold"", ""max_force_eV_A"": 0.5736343809151985, ""name"": ""bfgs_standard"", ""start_geometry_sha256"": ""7ba681df1b6626590511e7bcb90dabe4cc1bf992910ee97dd7983af1a557f72c"", ""steps"": 100}, {""ase_converged"": false, ""converged"": false, ""end_geometry_sha256"": ""8276f985b0ce5cd1d4a95b3e1639452a71dfda5e532fbc672430a97ad3cbf415"", ""failure_class"": ""force_threshold"", ""max_force_eV_A"": 1.0919376229927136, ""name"": ""fire_precondition"", ""qualifying"": false, ""start_geometry_sha256"": ""7ba681df1b6626590511e7bcb90dabe4cc1bf992910ee97dd7983af1a557f72c"", ""steps"": 50}, {""ase_converged"": true, ""converged"": true, ""end_geometry_sha256"": ""ebf6791d8d2e44d6605c34ff512836a1aff377be1e01ea4c02511ca61a7c80d8"", ""failure_class"": null, ""max_force_eV_A"": 0.07357279818470414, ""name"": ""bfgs_after_fire"", ""start_geometry_sha256"": ""8276f985b0ce5cd1d4a95b3e1639452a71dfda5e532fbc672430a97ad3cbf415"", ""steps"": 37}]",ebf6791d8d2e44d6605c34ff512836a1aff377be1e01ea4c02511ca61a7c80d8,5.5973944172262335,1.9063944172262337,step_1_OOH,10.0,0.0,True,6.452402809560217,0.6527014328916925,False,quantitative_screening,1,1,2e9efa1c090c0913539a,False,
"('Perovskite', 'Sr', 'Ta', 'W', 0.25, 'O_vacancy')",Perovskite,True,esen-sm-conserving-all-oc25:relax-v4:orr-che-v3,True,0.06644259423124957,35,150,0.08,converged,,bfgs_standard,"[{""ase_converged"": true, ""converged"": true, ""end_geometry_sha256"": ""74fbc3d47d2d9c0864a849ce67ea049fcf191a17cc8bfa3ff22705444c498569"", ""failure_class"": null, ""max_force_eV_A"": 0.06644259423124957, ""name"": ""bfgs_standard"", ""start_geometry_sha256"": ""a70683c2d73201772265ab738e3ca0a9c96275c12f657641d49b3cedcefb2909"", ""steps"": 35}]",74fbc3d47d2d9c0864a849ce67ea049fcf191a17cc8bfa3ff22705444c498569,-477.1808410131521,True,0.06933571350429324,64,100,0.08,converged,,bfgs_standard,"[{""ase_converged"": true, ""converged"": true, ""end_geometry_sha256"": ""516522363689baed58272df8ef2bbdc06c91b77dcb346a36bf8716d05ba2b2fe"", ""failure_class"": null, ""max_force_eV_A"": 0.06933571350429324, ""name"": ""bfgs_standard"", ""start_geometry_sha256"": ""07c9e108f8c795cc579fe05ede3f6da6552e2a82fbd6206f15d6cc14e3529149"", ""steps"": 64}]",516522363689baed58272df8ef2bbdc06c91b77dcb346a36bf8716d05ba2b2fe,-0.16161364063626255,True,0.07754958437162049,77.0,100.0,0.08,converged,,bfgs_standard,"[{""ase_converged"": true, ""converged"": true, ""end_geometry_sha256"": ""7966404d30d39e8830344350e06926448c91a2a2177a890d909f9054b4707b8d"", ""failure_class"": null, ""max_force_eV_A"": 0.07754958437162049, ""name"": ""bfgs_standard"", ""start_geometry_sha256"": ""7e7fa516f95f6f85ef4cc6ad3323168589bd1a5bb92398c8c7ce358d439fb5d2"", ""steps"": 77}]",7966404d30d39e8830344350e06926448c91a2a2177a890d909f9054b4707b8d,-3.1639490954578173,True,0.07713498067386086,90.0,100.0,0.08,converged,,bfgs_standard,"[{""ase_converged"": true, ""converged"": true, ""end_geometry_sha256"": ""9f4e4e01d16b4ab373947a5536286f5202dc01498964c54eda614e82b65fb241"", ""failure_class"": null, ""max_force_eV_A"": 0.07713498067386086, ""name"": ""bfgs_standard"", ""start_geometry_sha256"": ""8c8c34c5e80659b698a91e3ac9bad3870109e0e6c185377c663f560c351892d2"", ""steps"": 90}]",9f4e4e01d16b4ab373947a5536286f5202dc01498964c54eda614e82b65fb241,-3.7265267863870486,3.0,step_3_OH,10.0,-0.022572178173978275,True,3.32556273609408,0.6527014328916925,False,quantitative_screening,2,2,9d54996e5fe8922ba830,False,
"('Perovskite', 'Sr', 'W', 'V', 0.25, 'B_vacancy')",Perovskite,True,esen-sm-conserving-all-oc25:relax-v4:orr-che-v3,True,0.06020183982884462,22,150,0.08,converged,,bfgs_standard,"[{""ase_converged"": true, ""converged"": true, ""end_geometry_sha256"": ""340492a353ebc46cee9fd7512639c7042b05728ddb0623c1ab759f7fc058bae8"", ""failure_class"": null, ""max_force_eV_A"": 0.06020183982884462, ""name"": ""bfgs_standard"", ""start_geometry_sha256"": ""e79bbba2943b3fb43d95d48ae7592b98f7af27ef5736be9a874092d3f1ab58b8"", ""steps"": 22}]",340492a353ebc46cee9fd7512639c7042b05728ddb0623c1ab759f7fc058bae8,-457.73546361142314,True,0.06124461975414851,83,100,0.08,converged,,bfgs_standard,"[{""ase_converged"": true, ""converged"": true, ""end_geometry_sha256"": ""31ce9342b89d64c633da81179f0357c9b4c6498e9c1dc0bb711346b0e1139899"", ""failure_class"": null, ""max_force_eV_A"": 0.06124461975414851, ""name"": ""bfgs_standard"", ""start_geometry_sha256"": ""5b07f0d66c3a7009bd94e2a6a9e64a68b98f12d12d235201ef3a30e524026fab"", ""steps"": 83}]",31ce9342b89d64c633da81179f0357c9b4c6498e9c1dc0bb711346b0e1139899,-1.3527643059194088,True,0.06990492271163415,41.0,100.0,0.08,converged,,bfgs_standard,"[{""ase_converged"": true, ""converged"": true, ""end_geometry_sha256"": ""445b4b7393d13d04953fe732d9d8b3fb09ceb4cb9a474ea4e1961c51a1943cdf"", ""failure_class"": null, ""max_force_eV_A"": 0.06990492271163415, ""name"": ""bfgs_standard"", ""start_geometry_sha256"": ""605a2518a0769cdbfc31790d68ebe4e6a20ea9f44649875a68c85910688537dd"", ""steps"": 41}]",445b4b7393d13d04953fe732d9d8b3fb09ceb4cb9a474ea4e1961c51a1943cdf,2.5625943310558545,True,0.07675397201161815,87.0,100.0,0.08,converged,,bfgs_standard,"[{""ase_converged"": true, ""converged"": true, ""end_geometry_sha256"": ""6c08636302bf803fa60a86d8a0c7fb8059e1780a53ea5251624fdd38f291ca8b"", ""failure_class"": null, ""max_force_eV_A"": 0.07675397201161815, ""name"": ""bfgs_standard"", ""start_geometry_sha256"": ""9173c89a32c0e795b55f77979116bf73a300bfaa99bdeefb9b2276cb5ba29198"", ""steps"": 87}]",6c08636302bf803fa60a86d8a0c7fb8059e1780a53ea5251624fdd38f291ca8b,-3.652090598642851,3.0,step_2_O,9.0,0.0,True,3.915358636975263,0.6527014328916925,False,quantitative_screening,2,2,f5f2d4c70ebb6df61ce2,False,
"('Perovskite', 'Sr', 'Re', 'Re', 0.2, 'B_vacancy')",Perovskite,True,esen-sm-conserving-all-oc25:relax-v4:orr-che-v3,True,0.06583071596905937,22,150,0.08,converged,,bfgs_standard,"[{""ase_converged"": true, ""converged"": true, ""end_geometry_sha256"": ""4beb1acae1a3e161f4bbb8ef50c8ed6a461ce234b0c14909f334fc60316aaea9"", ""failure_class"": null, ""max_force_eV_A"": 0.06583071596905937, ""name"": ""bfgs_standard"", ""start_geometry_sha256"": ""09a95ba59295f1441703ea994bff208b7a6638017ce882bceff6f930c0151ecd"", ""steps"": 22}]",4beb1acae1a3e161f4bbb8ef50c8ed6a461ce234b0c14909f334fc60316aaea9,-434.5963065010212,True,0.07447230510078748,73,100,0.08,converged,,bfgs_standard,"[{""ase_converged"": true, ""converged"": true, ""end_geometry_sha256"": ""a2a1354af3b0081d3f2a038841899ad70447a040cbeea7ee613b824e457843a4"", ""failure_class"": null, ""max_force_eV_A"": 0.07447230510078748, ""name"": ""bfgs_standard"", ""start_geometry_sha256"": ""a4ad6df35fa4b6fecf8069226e5503e6bb45aedaf866b1cfd5e676eee9be4ad7"", ""steps"": 73}]",a2a1354af3b0081d3f2a038841899ad70447a040cbeea7ee613b824e457843a4,-1.0825445030629635,True,0.07860685989345981,285.0,100.0,0.08,converged,,bfgs_after_fire,"[{""ase_converged"": false, ""converged"": false, ""end_geometry_sha256"": ""c57dc55792f39bbbb7a8f5818fe29f47b0deb75e5d96f0d2fcdabee23dd97c2f"", ""failure_class"": ""force_threshold"", ""max_force_eV_A"": 0.5304860339204118, ""name"": ""bfgs_standard"", ""start_geometry_sha256"": ""f4ea29bc57dc39929e8bdeada98eb03cb979539f595a356b6c922c7f8046e43a"", ""steps"": 100}, {""ase_converged"": false, ""converged"": false, ""end_geometry_sha256"": ""945fed5bacaf2d965af074faa34210ef2add5939a09099c8b0e4f8e9930549b7"", ""failure_class"": ""force_threshold"", ""max_force_eV_A"": 0.7045757905603872, ""name"": ""fire_precondition"", ""qualifying"": false, ""start_geometry_sha256"": ""f4ea29bc57dc39929e8bdeada98eb03cb979539f595a356b6c922c7f8046e43a"", ""steps"": 50}, {""ase_converged"": true, ""converged"": true, ""end_geometry_sha256"": ""8d33619c5c782255955ce5e16be668920f679457aa880a6636c5093c6b89cf1c"", ""failure_class"": null, ""max_force_eV_A"": 0.07860685989345981, ""name"": ""bfgs_after_fire"", ""start_geometry_sha256"": ""945fed5bacaf2d965af074faa34210ef2add5939a09099c8b0e4f8e9930549b7"", ""steps"": 135}]",8d33619c5c782255955ce5e16be668920f679457aa880a6636c5093c6b89cf1c,-0.6739683978259812,True,0.075383954375288,67.0,100.0,0.08,converged,,bfgs_standard,"[{""ase_converged"": true, ""converged"": true, ""end_geometry_sha256"": ""0ebe34a50a7ba84afc35089b370bb619e4af6ba2f2222d718bc693ea05ead907"", ""failure_class"": null, ""max_force_eV_A"": 0.075383954375288, ""name"": ""bfgs_standard"", ""start_geometry_sha256"": ""5e4c654b5c2ebf21f520fc81629fd4e3e22e9369c44cd4007486edec7da4b7d1"", ""steps"": 67}]",0ebe34a50a7ba84afc35089b370bb619e4af6ba2f2222d718bc693ea05ead907,0.7468409046530475,2.3115445030629633,step_4_H2O,10.0,-2.0,True,1.7565129008889446,0.6527014328916925,False,quantitative_screening,1,1,38fe8de514f8e51f99e0,False,
"('Perovskite', 'Sr', 'Ir', 'Sn', 0.15, 'O_vacancy')",Perovskite,True,esen-sm-conserving-all-oc25:relax-v4:orr-che-v3,True,0.066949839931063,41,150,0.08,converged,,bfgs_standard,"[{""ase_converged"": true, ""converged"": true, ""end_geometry_sha256"": ""f5a6576fc4e44cba7874d9dce71960c3ab1e672ca41e8b9138458322daad7700"", ""failure_class"": null, ""max_force_eV_A"": 0.066949839931063, ""name"": ""bfgs_standard"", ""start_geometry_sha256"": ""bdf06aa6955727864ed2291466c34b7ec53e88709c29c0b94a0e0fa547fcb888"", ""steps"": 41}]",f5a6576fc4e44cba7874d9dce71960c3ab1e672ca41e8b9138458322daad7700,-369.36872934243974,True,0.0725440348582317,50,100,0.08,converged,,bfgs_standard,"[{""ase_converged"": true, ""converged"": true, ""end_geometry_sha256"": ""bd394157e1f8d4facb699641dded4b2d9691ceb8edec5fff8dc370ccde42f303"", ""failure_class"": null, ""max_force_eV_A"": 0.0725440348582317, ""name"": ""bfgs_standard"", ""start_geometry_sha256"": ""b1b29cb2744e879f037f9c6004be9eceefe0dda9fce19203eca712c364fd37e1"", ""steps"": 50}]",bd394157e1f8d4facb699641dded4b2d9691ceb8edec5fff8dc370ccde42f303,0.8598974372446537,True,0.07346542876550337,75.0,100.0,0.08,converged,,bfgs_standard,"[{""ase_converged"": true, ""converged"": true, ""end_geometry_sha256"": ""7d311a46067b622949b830034ce66f9e32527e95a21d56dfe392f51be265121b"", ""failure_class"": null, ""max_force_eV_A"": 0.07346542876550337, ""name"": ""bfgs_standard"", ""start_geometry_sha256"": ""ce1ae583a1054992b409704569ac911922da3f529e7caaaf29d63f7bd86c6eec"", ""steps"": 75}]",7d311a46067b622949b830034ce66f9e32527e95a21d56dfe392f51be265121b,3.136300004273628,True,0.07718280380096224,275.0,100.0,0.08,converged,,bfgs_after_fire,"[{""ase_converged"": false, ""converged"": false, ""end_geometry_sha256"": ""aae339d9eef7086126e02eac25c206e5db00521252c29681be1e822a28f40c1d"", ""failure_class"": ""force_threshold"", ""max_force_eV_A"": 0.1257112463443938, ""name"": ""bfgs_standard"", ""start_geometry_sha256"": ""31739dc6084700f0d3af55f568aaa8ef6d1b625a75701ce64326a576588fc428"", ""steps"": 100}, {""ase_converged"": false, ""converged"": false, ""end_geometry_sha256"": ""f5eaf253e78cbd3045b65b77a278ca311099a593978131e5f92735b83314bf08"", ""failure_class"": ""force_threshold"", ""max_force_eV_A"": 0.8400060377292219, ""name"": ""fire_precondition"", ""qualifying"": false, ""start_geometry_sha256"": ""31739dc6084700f0d3af55f568aaa8ef6d1b625a75701ce64326a576588fc428"", ""steps"": 50}, {""ase_converged"": true, ""converged"": true, ""end_geometry_sha256"": ""cb501a8892d1676763e087dd71ce9b7009259a088f5c69fb0cda1459068c6840"", ""failure_class"": null, ""max_force_eV_A"": 0.07718280380096224, ""name"": ""bfgs_after_fire"", ""start_geometry_sha256"": ""f5eaf253e78cbd3045b65b77a278ca311099a593978131e5f92735b83314bf08"", ""steps"": 125}]",cb501a8892d1676763e087dd71ce9b7009259a088f5c69fb0cda1459068c6840,2.059211204946016,2.306088799327612,step_2_O,10.0,-2.0,True,3.996197441518282,0.6527014328916925,False,quantitative_screening,2,2,7c2bfbefe10cb2b7d63f,False,
"('Perovskite', 'Sr', 'Al', 'Sb', 0.1, 'B_vacancy')",Perovskite,True,esen-sm-conserving-all-oc25:relax-v4:orr-che-v3,True,0.057455884189220235,9,150,0.08,converged,,bfgs_standard,"[{""ase_converged"": true, ""converged"": true, ""end_geometry_sha256"": ""7ca23459e012e0a9bf44cad360767b45bc32d3a8a75640ae6f296ef327210b11"", ""failure_class"": null, ""max_force_eV_A"": 0.057455884189220235, ""name"": ""bfgs_standard"", ""start_geometry_sha256"": ""be4c728ec4ccaaaf3d40ace26c4a320c8a42d09a75ad4e5a110ba71794762c14"", ""steps"": 9}]",7ca23459e012e0a9bf44cad360767b45bc32d3a8a75640ae6f296ef327210b11,-376.6692231671669,True,0.07312674671365654,99,100,0.08,converged,,bfgs_standard,"[{""ase_converged"": true, ""converged"": true, ""end_geometry_sha256"": ""6512e1eb708231afffe07d5f1f8c2972104d77903029af12e635d73b65b16eda"", ""failure_class"": null, ""max_force_eV_A"": 0.07312674671365654, ""name"": ""bfgs_standard"", ""start_geometry_sha256"": ""870b17dd18e1c2896f740493cb8dca8d58ac1e75e83e1d9da829921651c5bb88"", ""steps"": 99}]",6512e1eb708231afffe07d5f1f8c2972104d77903029af12e635d73b65b16eda,-0.8032838676869869,True,0.07967539584687593,89.0,100.0,0.08,converged,,bfgs_standard,"[{""ase_converged"": true, ""converged"": true, ""end_geometry_sha256"": ""be17531c1f36ed2747c9aabb5d4a9a649451f8cc13db8544d35008f7248b3c36"", ""failure_class"": null, ""max_force_eV_A"": 0.07967539584687593, ""name"": ""bfgs_standard"", ""start_geometry_sha256"": ""62b6560649ef3a6985bd434739cf7c6a6521590d59babf288fe5d1ea7e43e83a"", ""steps"": 89}]",be17531c1f36ed2747c9aabb5d4a9a649451f8cc13db8544d35008f7248b3c36,1.7230824597179641,True,0.07894200756704893,234.0,100.0,0.08,converged,,bfgs_after_fire,"[{""ase_converged"": false, ""converged"": false, ""end_geometry_sha256"": ""16e53e7bf7d1d340c06c0ebc4196619468049f73d79a46bfbb32e3391e99b556"", ""failure_class"": ""force_threshold"", ""max_force_eV_A"": 0.15253057089389335, ""name"": ""bfgs_standard"", ""start_geometry_sha256"": ""c003f5257681864cf87f08fbf77f95f33d6ccb85689d3b4b8620c631570ef7b4"", ""steps"": 100}, {""ase_converged"": false, ""converged"": false, ""end_geometry_sha256"": ""7e34446deeb08d7ed368b8442b6ac0659a6b64a2f680f057b161dc46b804e9d1"", ""failure_class"": ""force_threshold"", ""max_force_eV_A"": 1.0701049209876563, ""name"": ""fire_precondition"", ""qualifying"": false, ""start_geometry_sha256"": ""c003f5257681864cf87f08fbf77f95f33d6ccb85689d3b4b8620c631570ef7b4"", ""steps"": 50}, {""ase_converged"": true, ""converged"": true, ""end_geometry_sha256"": ""4c7297c335afaf12d0306e884f011f6dbd2c2cbb9f6cfcf20f17fb5352d8b317"", ""failure_class"": null, ""max_force_eV_A"": 0.07894200756704893, ""name"": ""bfgs_after_fire"", ""start_geometry_sha256"": ""7e34446deeb08d7ed368b8442b6ac0659a6b64a2f680f057b161dc46b804e9d1"", ""steps"": 84}]",4c7297c335afaf12d0306e884f011f6dbd2c2cbb9f6cfcf20f17fb5352d8b317,1.0145277485251176,2.0322838676869868,step_4_H2O,10.0,0.0,True,2.526366327404951,0.6527014328916925,False,quantitative_screening,0,0,613ee697b96522618083,False,
"('Perovskite', 'Sr', 'In', 'Fe', 0.05, 'O_vacancy')",Perovskite,True,esen-sm-conserving-all-oc25:relax-v4:orr-che-v3,True,0.0735306198674612,89,150,0.08,converged,,bfgs_standard,"[{""ase_converged"": true, ""converged"": true, ""end_geometry_sha256"": ""73ac687bee5126940e549e69e8338f58cef209d5f4d2b637aea22d04af29cdc2"", ""failure_class"": null, ""max_force_eV_A"": 0.0735306198674612, ""name"": ""bfgs_standard"", ""start_geometry_sha256"": ""bf8c0b0f0b4327edff9df8e816b97a2f89065e4e5fa6010ed914120a3334a36f"", ""steps"": 89}]",73ac687bee5126940e549e69e8338f58cef209d5f4d2b637aea22d04af29cdc2,-313.56064149873976,True,0.07780851965964354,300,100,0.08,converged,,bfgs_after_fire,"[{""ase_converged"": false, ""converged"": false, ""end_geometry_sha256"": ""619fd4440fa8738a8b25d9457346e2511792a3a71ae37871ab3e6606882d118a"", ""failure_class"": ""force_threshold"", ""max_force_eV_A"": 0.3422490490539896, ""name"": ""bfgs_standard"", ""start_geometry_sha256"": ""789956070848fa434388ccc72a0e5d5968b1a99ffe60cf42fa8bb1043a1c8cb1"", ""steps"": 100}, {""ase_converged"": false, ""converged"": false, ""end_geometry_sha256"": ""6cf5988fa04f88f3f2c3ba82be0e04cee3ed60067737b5c265addb041a4a6e27"", ""failure_class"": ""force_threshold"", ""max_force_eV_A"": 0.5535050088419111, ""name"": ""fire_precondition"", ""qualifying"": false, ""start_geometry_sha256"": ""789956070848fa434388ccc72a0e5d5968b1a99ffe60cf42fa8bb1043a1c8cb1"", ""steps"": 50}, {""ase_converged"": true, ""converged"": true, ""end_geometry_sha256"": ""5f68631c13c9bca9e9f1c375c56e1d28b9766a38d1df47f15fd788499b860295"", ""failure_class"": null, ""max_force_eV_A"": 0.07780851965964354, ""name"": ""bfgs_after_fire"", ""start_geometry_sha256"": ""6cf5988fa04f88f3f2c3ba82be0e04cee3ed60067737b5c265addb041a4a6e27"", ""steps"": 150}]",5f68631c13c9bca9e9f1c375c56e1d28b9766a38d1df47f15fd788499b860295,-2.1242212627828687,True,0.06107479656302498,273.0,100.0,0.08,converged,,bfgs_after_fire,"[{""ase_converged"": false, ""converged"": false, ""end_geometry_sha256"": ""96e4f9d54416f0e18d615adb47b21a8b0d2c6411d7d3b49b5e8927f484d0f87c"", ""failure_class"": ""force_threshold"", ""max_force_eV_A"": 0.2270912721401992, ""name"": ""bfgs_standard"", ""start_geometry_sha256"": ""bab6ea66d1a1faff26c581d0164b214941af014267dc4f879c53416c592cb2c7"", ""steps"": 100}, {""ase_converged"": false, ""converged"": false, ""end_geometry_sha256"": ""fd63dae186432e81e66e94d287161e2e003f6971ccafc3bc4b7c66ecf08b80cc"", ""failure_class"": ""force_threshold"", ""max_force_eV_A"": 0.3611326012715587, ""name"": ""fire_precondition"", ""qualifying"": false, ""start_geometry_sha256"": ""bab6ea66d1a1faff26c581d0164b214941af014267dc4f879c53416c592cb2c7"", ""steps"": 50}, {""ase_converged"": true, ""converged"": true, ""end_geometry_sha256"": ""f47da84e0d19835e0b20a3f2dbdc6cbb6060ce99ef31a8c124b3f0c3ab51e6b6"", ""failure_class"": null, ""max_force_eV_A"": 0.06107479656302498, ""name"": ""bfgs_after_fire"", ""start_geometry_sha256"": ""fd63dae186432e81e66e94d287161e2e003f6971ccafc3bc4b7c66ecf08b80cc"", ""steps"": 123}]",f47da84e0d19835e0b20a3f2dbdc6cbb6060ce99ef31a8c124b3f0c3ab51e6b6,-0.45642861053350076,True,0.07819768828553432,260.0,100.0,0.08,converged,,bfgs_after_fire,"[{""ase_converged"": false, ""converged"": false, ""end_geometry_sha256"": ""f7819232e3e1bd70c31be0b44abadaff22a07db660906767f8d4a4a64b7ff098"", ""failure_class"": ""force_threshold"", ""max_force_eV_A"": 0.25737703215643654, ""name"": ""bfgs_standard"", ""start_geometry_sha256"": ""5caf3f1463d6d51ceb8e5e2d7a38d6e10ea202aae55bdf23fa8fdff8bfa9ef7d"", ""steps"": 100}, {""ase_converged"": false, ""converged"": false, ""end_geometry_sha256"": ""c4e6b44a593693625b6b1ac0121110317e6fba0552367b5db30e1bc7cbf973de"", ""failure_class"": ""force_threshold"", ""max_force_eV_A"": 0.8048873065054207, ""name"": ""fire_precondition"", ""qualifying"": false, ""start_geometry_sha256"": ""5caf3f1463d6d51ceb8e5e2d7a38d6e10ea202aae55bdf23fa8fdff8bfa9ef7d"", ""steps"": 50}, {""ase_converged"": true, ""converged"": true, ""end_geometry_sha256"": ""ca44d4090c7dae94ae50dcc74c31ac8e14b49805e7eaf61dad4ce646a3a0e1e5"", ""failure_class"": null, ""max_force_eV_A"": 0.07819768828553432, ""name"": ""bfgs_after_fire"", ""start_geometry_sha256"": ""c4e6b44a593693625b6b1ac0121110317e6fba0552367b5db30e1bc7cbf973de"", ""steps"": 110}]",ca44d4090c7dae94ae50dcc74c31ac8e14b49805e7eaf61dad4ce646a3a0e1e5,1.984247411787428,3.0,step_4_H2O,7.0,0.0,True,2.5806498733163696,0.6527014328916925,False,quantitative_screening,1,1,6f5e953aa6ef03307e3e,False,
"('Perovskite', 'Sr', 'In', 'Hf', 0.05, 'B_vacancy')",Perovskite,False,esen-sm-conserving-all-oc25:relax-v4:orr-che-v3,True,0.060964256157522344,61,150,0.08,converged,,bfgs_standard,"[{""ase_converged"": true, ""converged"": true, ""end_geometry_sha256"": ""beeabb03fa0f88331ebc2cf54c9ac52915bec112f95d8aba59dab686278e6555"", ""failure_class"": null, ""max_force_eV_A"": 0.060964256157522344, ""name"": ""bfgs_standard"", ""start_geometry_sha256"": ""aec4e18f3a649143a47063ec6ab9380dcb5a0edb2d4179bfc5ac28cbb4abbaad"", ""steps"": 61}]",beeabb03fa0f88331ebc2cf54c9ac52915bec112f95d8aba59dab686278e6555,-327.7885992742736,False,0.1927794333774954,635,100,0.08,recovery_exhausted,,fire_precondition,"[{""ase_converged"": false, ""converged"": false, ""end_geometry_sha256"": ""ef2262bd574adce40fdd3ecac0182b88394830e4a1b535989f79ab36bdc46a02"", ""failure_class"": ""force_threshold"", ""max_force_eV_A"": 0.3367328322492383, ""name"": ""bfgs_standard"", ""start_geometry_sha256"": ""d0a353a558e9a07aa8365b15df0dc8ec1ce6aacbbd2819006cc3be3fdd080f92"", ""steps"": 100}, {""ase_converged"": true, ""converged"": true, ""end_geometry_sha256"": ""b7848496633c2db9765c55cbf3ffb694d1068260173ead22ed873856828b28e5"", ""failure_class"": null, ""max_force_eV_A"": 0.1927794333774954, ""name"": ""fire_precondition"", ""qualifying"": false, ""start_geometry_sha256"": ""d0a353a558e9a07aa8365b15df0dc8ec1ce6aacbbd2819006cc3be3fdd080f92"", ""steps"": 35}, {""ase_converged"": false, ""converged"": false, ""end_geometry_sha256"": ""3126ade6e0e3810b76f07f0e880547424fe198d79d3dfdcd7fed21635379e7e2"", ""failure_class"": ""force_threshold"", ""max_force_eV_A"": 0.2981098083228451, ""name"": ""bfgs_after_fire"", ""start_geometry_sha256"": ""b7848496633c2db9765c55cbf3ffb694d1068260173ead22ed873856828b28e5"", ""steps"": 200}, {""ase_converged"": false, ""converged"": false, ""end_geometry_sha256"": ""be112f488b460ef011680e5c3f8bfeac90335a5d3c252d46fc9dde10994e87e9"", ""failure_class"": ""force_threshold"", ""max_force_eV_A"": 0.3624833490369951, ""name"": ""fire_small_step"", ""start_geometry_sha256"": ""b7848496633c2db9765c55cbf3ffb694d1068260173ead22ed873856828b28e5"", ""steps"": 300}]",b7848496633c2db9765c55cbf3ffb694d1068260173ead22ed873856828b28e5,,,,,,,,,,,,,,,,,,,,,,,,,,,,,,,True,validation_required,2,2,944c60c33e5c0f40be1f,False,Unconverged oh relaxation: max_force=0.192779 eV/A after 635 cumulative recovery steps
"('Perovskite', 'Sr', 'Sb', 'Co', 0.0, 'B_vacancy')",Perovskite,True,esen-sm-conserving-all-oc25:relax-v4:orr-che-v3,True,0.06949610144389692,48,150,0.08,converged,,bfgs_standard,"[{""ase_converged"": true, ""converged"": true, ""end_geometry_sha256"": ""c4ad71cd85a98bdff9f31b57ed9b646ec21b690b8091cb6c8b148381a66e471e"", ""failure_class"": null, ""max_force_eV_A"": 0.06949610144389692, ""name"": ""bfgs_standard"", ""start_geometry_sha256"": ""fec1fea171fa9a7e1d63c3c8f4ab89ed40dbfcbacd7dfa93593f5bc7f3f03fdb"", ""steps"": 48}]",c4ad71cd85a98bdff9f31b57ed9b646ec21b690b8091cb6c8b148381a66e471e,-352.566111599694,True,0.07537570426484845,59,100,0.08,converged,,bfgs_standard,"[{""ase_converged"": true, ""converged"": true, ""end_geometry_sha256"": ""f5d66fca7e2c5c4c19c73d970dc7c799aee449c6f5e41d2504c5d7bca17671de"", ""failure_class"": null, ""max_force_eV_A"": 0.07537570426484845, ""name"": ""bfgs_standard"", ""start_geometry_sha256"": ""43b9a91dc88aca6c9551cbbfee8816b212168a56cdbe8773b891fe535ad0edd2"", ""steps"": 59}]",f5d66fca7e2c5c4c19c73d970dc7c799aee449c6f5e41d2504c5d7bca17671de,1.29366284862155,True,0.0737441219322771,48.0,100.0,0.08,converged,,bfgs_standard,"[{""ase_converged"": true, ""converged"": true, ""end_geometry_sha256"": ""a7b6753cef6d7859b4c865ebc62187f2972464896ea8c27961b1c770bff343f7"", ""failure_class"": null, ""max_force_eV_A"": 0.0737441219322771, ""name"": ""bfgs_standard"", ""start_geometry_sha256"": ""d82ca6ad07a1ec39c8233b8731b7e1c1a12434bf04c050e5731cf63d48b2f733"", ""steps"": 48}]",a7b6753cef6d7859b4c865ebc62187f2972464896ea8c27961b1c770bff343f7,1.6470898754894485,True,0.07772623230359325,66.0,100.0,0.08,converged,,bfgs_standard,"[{""ase_converged"": true, ""converged"": true, ""end_geometry_sha256"": ""e19b14dd055d69df70a6bd27a901ab545c9d04d1fdd83e2be9a059b681626356"", ""failure_class"": null, ""max_force_eV_A"": 0.07772623230359325, ""name"": ""bfgs_standard"", ""start_geometry_sha256"": ""256c26dea130ec2d7bbd85878e2ac4a26adbbf9f58783528f73082a5263eea6a"", ""steps"": 66}]",e19b14dd055d69df70a6bd27a901ab545c9d04d1fdd83e2be9a059b681626356,4.662707756459632,0.9717077564596321,step_1_OOH,9.0,0.0,True,2.9407527241109985,0.6527014328916925,False,quantitative_screening,0,0,faa146b05c0def94484b,False,
"('MAXPhase', 'V', 'S', 'C', 2, 'W', 'edge_1010')",MAXPhase,True,esen-sm-conserving-all-oc25:relax-v4:orr-che-v3,True,0.07924391276875653,29,150,0.08,converged,,bfgs_standard,"[{""ase_converged"": true, ""converged"": true, ""end_geometry_sha256"": ""9fe160912f2d6e39699397df545b54c4aefe9ed2fd84c5661539c694f067a295"", ""failure_class"": null, ""max_force_eV_A"": 0.07924391276875653, ""name"": ""bfgs_standard"", ""start_geometry_sha256"": ""25e000f7db5b2bc902ff43172f55db2a8270beba00354a09e3cddda1010f389e"", ""steps"": 29}]",9fe160912f2d6e39699397df545b54c4aefe9ed2fd84c5661539c694f067a295,-242.49485990428911,True,0.057707945875820385,38,100,0.08,converged,,bfgs_standard,"[{""ase_converged"": true, ""converged"": true, ""end_geometry_sha256"": ""9bcb57caa6087d2885e3cb565f3295b04ce43b610e4e53292825a491928eabfe"", ""failure_class"": null, ""max_force_eV_A"": 0.057707945875820385, ""name"": ""bfgs_standard"", ""start_geometry_sha256"": ""3f9222e9c01a14b8c54a7aaa15d245f86a72762299cf7d82a2ebee6197b7f0c6"", ""steps"": 38}]",9bcb57caa6087d2885e3cb565f3295b04ce43b610e4e53292825a491928eabfe,-2.7499601219594476,True,0.06966134906663872,19.0,100.0,0.08,converged,,bfgs_standard,"[{""ase_converged"": true, ""converged"": true, ""end_geometry_sha256"": ""1ad735c6d9d4f6ca6d325a77022800091c20b0a87e33a3c655f1a47c8169c017"", ""failure_class"": null, ""max_force_eV_A"": 0.06966134906663872, ""name"": ""bfgs_standard"", ""start_geometry_sha256"": ""ff86b982f85784d7da6bd0c6b51a22529bf5a0f5c3f1fc9a232904c4ce211238"", ""steps"": 19}]",1ad735c6d9d4f6ca6d325a77022800091c20b0a87e33a3c655f1a47c8169c017,-2.209372603148247,True,0.056265048734302645,67.0,100.0,0.08,converged,,bfgs_standard,"[{""ase_converged"": true, ""converged"": true, ""end_geometry_sha256"": ""ce5e088b9ef37dd28b888f7a5f56b44a416809ae4038481a6ea151a92d8acd35"", ""failure_class"": null, ""max_force_eV_A"": 0.056265048734302645, ""name"": ""bfgs_standard"", ""start_geometry_sha256"": ""d93e06a5f3cdadf3fe4eae1c336c89cba30765e0c3518401f616ce0eda23aadd"", ""steps"": 67}]",ce5e088b9ef37dd28b888f7a5f56b44a416809ae4038481a6ea151a92d8acd35,2.809527824819063,3.0,step_4_H2O,9.0,0.0,True,4.959332725107695,0.5199556092414295,False,quantitative_screening,0,0,a92a305ea7679bf5efea,False,
"('MAXPhase', 'V', 'S', 'N', 3, 'Mn', 'basal_0001')",MAXPhase,True,esen-sm-conserving-all-oc25:relax-v4:orr-che-v3,True,0.07164896666578302,121,150,0.08,converged,,bfgs_standard,"[{""ase_converged"": true, ""converged"": true, ""end_geometry_sha256"": ""e86a9a6743f406112fb0b393ffb889a0984df5be07a36141cea8f4318fba2b72"", ""failure_class"": null, ""max_force_eV_A"": 0.07164896666578302, ""name"": ""bfgs_standard"", ""start_geometry_sha256"": ""80f384ce19da7d79d60bbd22fd987fb99263c3deecc9ff1a548f581ab21c6f82"", ""steps"": 121}]",e86a9a6743f406112fb0b393ffb889a0984df5be07a36141cea8f4318fba2b72,-316.2197584090015,True,0.07704997055297585,35,100,0.08,converged,,bfgs_standard,"[{""ase_converged"": true, ""converged"": true, ""end_geometry_sha256"": ""2356508523e8ca03537f310043a5bb35f68a9110a16c08ccab075f9e7659e8fb"", ""failure_class"": null, ""max_force_eV_A"": 0.07704997055297585, ""name"": ""bfgs_standard"", ""start_geometry_sha256"": ""b62f5cbd9eae7a416d6a4afa10dd9b0137bfd910558e16b6e54ace704dd0ebd4"", ""steps"": 35}]",2356508523e8ca03537f310043a5bb35f68a9110a16c08ccab075f9e7659e8fb,-1.6209451530873775,True,0.07552713888545047,72.0,100.0,0.08,converged,,bfgs_standard,"[{""ase_converged"": true, ""converged"": true, ""end_geometry_sha256"": ""ed56157f2562e2eac13af9defa05d619644e97215518dc220cc351eda73365da"", ""failure_class"": null, ""max_force_eV_A"": 0.07552713888545047, ""name"": ""bfgs_standard"", ""start_geometry_sha256"": ""8835221aca7ee2b14d78325d8742208a2205f573c5d6736ca2c169fe523b297a"", ""steps"": 72}]",ed56157f2562e2eac13af9defa05d619644e97215518dc220cc351eda73365da,-2.5417757861315318,True,0.07992464251314177,72.0,100.0,0.08,converged,,bfgs_standard,"[{""ase_converged"": true, ""converged"": true, ""end_geometry_sha256"": ""281a3ee1c15d64c4760082b530d894d155e6b19ee84306a0b6a55c93ec7bfa5b"", ""failure_class"": null, ""max_force_eV_A"": 0.07992464251314177, ""name"": ""bfgs_standard"", ""start_geometry_sha256"": ""79dd390f6a00162c439f7dfabeb23f5a1e9904cd1465f764b7c6886dc668753f"", ""steps"": 72}]",281a3ee1c15d64c4760082b530d894d155e6b19ee84306a0b6a55c93ec7bfa5b,-3.4422593608497687,2.8499451530873774,step_4_H2O,8.0,0.0,True,4.162720939218909,0.5199556092414295,False,quantitative_screening,0,0,d2fa21630ed1be83d3d8,False,
"('MAXPhase', 'V', 'Ga', 'C', 3, 'V', 'edge_1120')",MAXPhase,False,esen-sm-conserving-all-oc25:relax-v4:orr-che-v3,True,0.05744354024195631,97,150,0.08,converged,,bfgs_standard,"[{""ase_converged"": true, ""converged"": true, ""end_geometry_sha256"": ""48de5906886af0c98bf35a0dc2cd5f90b926fde330e5a9de84fe7a1288b83202"", ""failure_class"": null, ""max_force_eV_A"": 0.05744354024195631, ""name"": ""bfgs_standard"", ""start_geometry_sha256"": ""01a0c7933d7e2b1762974f1e8a493fde4fab199eb81467c2eb8e438c4305c324"", ""steps"": 97}]",48de5906886af0c98bf35a0dc2cd5f90b926fde330e5a9de84fe7a1288b83202,-249.61196717062353,True,0.07550421475207664,73,100,0.08,converged,,bfgs_standard,"[{""ase_converged"": true, ""converged"": true, ""end_geometry_sha256"": ""b293ed7fd1011e22a6d04e7ba2650c8a96b395e3554de8ecc53962b836197dec"", ""failure_class"": null, ""max_force_eV_A"": 0.07550421475207664, ""name"": ""bfgs_standard"", ""start_geometry_sha256"": ""ba64a256c054a311c425168d36181178c2bab8e0f8b74c2f5634700e72e3ac5d"", ""steps"": 73}]",b293ed7fd1011e22a6d04e7ba2650c8a96b395e3554de8ecc53962b836197dec,0.9458387519419194,True,0.06938978746947211,58.0,100.0,0.08,converged,,bfgs_standard,"[{""ase_converged"": true, ""converged"": true, ""end_geometry_sha256"": ""c2bfd5b0363811fb40978d3b431946c8a7f2a560481a8470118dd4c1c9d6eab6"", ""failure_class"": null, ""max_force_eV_A"": 0.06938978746947211, ""name"": ""bfgs_standard"", ""start_geometry_sha256"": ""3cc1e1241de85235b3e88630e42279a5e94e81e04dbedd5b780719a4eab3e354"", ""steps"": 58}]",c2bfd5b0363811fb40978d3b431946c8a7f2a560481a8470118dd4c1c9d6eab6,1.4191006787121048,False,0.5726893114095012,650.0,100.0,0.08,recovery_exhausted,force_threshold,fire_small_step,"[{""ase_converged"": false, ""converged"": false, ""end_geometry_sha256"": ""8347b474b719083a57551cc8e570dc41b4e81890b53da1e0ff794d5ba868aef1"", ""failure_class"": ""force_threshold"", ""max_force_eV_A"": 1.754941788161948, ""name"": ""bfgs_standard"", ""start_geometry_sha256"": ""bf523441d179c5a940d704aaa10e2ecaabe463db8857cd9695f4e8d2c674ad07"", ""steps"": 100}, {""ase_converged"": false, ""converged"": false, ""end_geometry_sha256"": ""a1a19234a27204dba4f98c64ce1f910d9033e9624238be3f6deac06615b00e29"", ""failure_class"": ""force_threshold"", ""max_force_eV_A"": 3.5857215771082163, ""name"": ""fire_precondition"", ""qualifying"": false, ""start_geometry_sha256"": ""bf523441d179c5a940d704aaa10e2ecaabe463db8857cd9695f4e8d2c674ad07"", ""steps"": 50}, {""ase_converged"": false, ""converged"": false, ""end_geometry_sha256"": ""f6eba795189f4b2dfaa2838ecccd96bdcefbae44da580d7c0331d52c568a20b2"", ""failure_class"": ""force_threshold"", ""max_force_eV_A"": 4.301915901841928, ""name"": ""bfgs_after_fire"", ""start_geometry_sha256"": ""a1a19234a27204dba4f98c64ce1f910d9033e9624238be3f6deac06615b00e29"", ""steps"": 200}, {""ase_converged"": false, ""converged"": false, ""end_geometry_sha256"": ""8a85afab681fb4f0f468050ec22e926dfe21ae353ec80e7575f2bab424e425fb"", ""failure_class"": ""force_threshold"", ""max_force_eV_A"": 0.5726893114095012, ""name"": ""fire_small_step"", ""start_geometry_sha256"": ""8347b474b719083a57551cc8e570dc41b4e81890b53da1e0ff794d5ba868aef1"", ""steps"": 300}]",8a85afab681fb4f0f468050ec22e926dfe21ae353ec80e7575f2bab424e425fb,,,,,,,,,True,validation_required,2,2,8d853210467e86d5247b,False,Unconverged ooh relaxation: max_force=0.572689 eV/A after 650 cumulative recovery steps
"('MAXPhase', 'V', 'Ga', 'C', 3, 'None', 'basal_0001')",MAXPhase,True,esen-sm-conserving-all-oc25:relax-v4:orr-che-v3,True,0.07882306086260715,43,150,0.08,converged,,bfgs_standard,"[{""ase_converged"": true, ""converged"": true, ""end_geometry_sha256"": ""1b44c9025867c712e44cef9ab6e938c34ec9ed95272157bf7b14e7d98e37a2e4"", ""failure_class"": null, ""max_force_eV_A"": 0.07882306086260715, ""name"": ""bfgs_standard"", ""start_geometry_sha256"": ""7bf22b4966edc09e42272753b9c408383b47c205973b1e3bb5d1e6e203002bc9"", ""steps"": 43}]",1b44c9025867c712e44cef9ab6e938c34ec9ed95272157bf7b14e7d98e37a2e4,-308.48727616110205,True,0.07203055061090076,31,100,0.08,converged,,bfgs_standard,"[{""ase_converged"": true, ""converged"": true, ""end_geometry_sha256"": ""4b1810662ae2a61b1d1e02f12a5b63940ded6ed1f4cf1f211dac345c8a669205"", ""failure_class"": null, ""max_force_eV_A"": 0.07203055061090076, ""name"": ""bfgs_standard"", ""start_geometry_sha256"": ""2cb28e5828fdb992d7a83810b7c314b91143f6a3a1d3319aee0997a74faf641a"", ""steps"": 31}]",4b1810662ae2a61b1d1e02f12a5b63940ded6ed1f4cf1f211dac345c8a669205,-1.539997277110815,True,0.07711580683783947,29.0,100.0,0.08,converged,,bfgs_standard,"[{""ase_converged"": true, ""converged"": true, ""end_geometry_sha256"": ""2f766989c8c15576e9aaa18dcac5f6d61cd60d8db881f83f9f7bfa680f8b314f"", ""failure_class"": null, ""max_force_eV_A"": 0.07711580683783947, ""name"": ""bfgs_standard"", ""start_geometry_sha256"": ""5757d4fa05938f031505895e963dd6b0308c140bbb400f552cfbffc11dba74b7"", ""steps"": 29}]",2f766989c8c15576e9aaa18dcac5f6d61cd60d8db881f83f9f7bfa680f8b314f,-2.2811556689441455,True,0.07774471041189408,49.0,100.0,0.08,converged,,bfgs_standard,"[{""ase_converged"": true, ""converged"": true, ""end_geometry_sha256"": ""d09d3a7182e1fca74535aed78887e56cb3de19d5db36daec386e9294992e75bb"", ""failure_class"": null, ""max_force_eV_A"": 0.07774471041189408, ""name"": ""bfgs_standard"", ""start_geometry_sha256"": ""962ac2017309c9820f6e7a05272c69a6c1b5a8ef2a9d7912dc7b5e5e68e7f4b1"", ""steps"": 49}]",d09d3a7182e1fca74535aed78887e56cb3de19d5db36daec386e9294992e75bb,-3.2811151042581423,2.768997277110815,step_4_H2O,9.0,0.0,True,3.8211529460549603,0.707500000035,False,quantitative_screening,0,0,de46560c0b2e2e89e137,False,
"('MAXPhase', 'V', 'Ge', 'C', 1, 'Zr', 'edge_1010')",MAXPhase,True,esen-sm-conserving-all-oc25:relax-v4:orr-che-v3,True,0.0,0,150,0.08,converged,,bfgs_standard,"[{""ase_converged"": true, ""converged"": true, ""end_geometry_sha256"": ""97f22fd8008af880d7a9ef8b2994f3a3e5c8f54897474adbd0c9eb829b1f8749"", ""failure_class"": null, ""max_force_eV_A"": 0.0, ""name"": ""bfgs_standard"", ""start_geometry_sha256"": ""97f22fd8008af880d7a9ef8b2994f3a3e5c8f54897474adbd0c9eb829b1f8749"", ""steps"": 0}]",97f22fd8008af880d7a9ef8b2994f3a3e5c8f54897474adbd0c9eb829b1f8749,-140.8102507874542,True,0.06293900519325352,7,100,0.08,converged,,bfgs_standard,"[{""ase_converged"": true, ""converged"": true, ""end_geometry_sha256"": ""4f43db555d8a1e8df572219c90cd5dd9edffde6c3cfac2bc2a0bc195008561e8"", ""failure_class"": null, ""max_force_eV_A"": 0.06293900519325352, ""name"": ""bfgs_standard"", ""start_geometry_sha256"": ""315f1364239ff34e4fb1cde22e0b29cac6d3a6f17ce614dabdbafc6f87dbe360"", ""steps"": 7}]",4f43db555d8a1e8df572219c90cd5dd9edffde6c3cfac2bc2a0bc195008561e8,2.814834418445826,True,0.03308959729876634,3.0,100.0,0.08,converged,,bfgs_standard,"[{""ase_converged"": true, ""converged"": true, ""end_geometry_sha256"": ""db7fbe481ff9c146423f26a67b6f8375b8ab52266f3d14a190b5651c74cf001b"", ""failure_class"": null, ""max_force_eV_A"": 0.03308959729876634, ""name"": ""bfgs_standard"", ""start_geometry_sha256"": ""563bfbcee80df810534ee4698862ebe7e78bbbc86d3e8757d65438e1e36c2618"", ""steps"": 3}]",db7fbe481ff9c146423f26a67b6f8375b8ab52266f3d14a190b5651c74cf001b,2.680155671387914,True,0.05760072082531569,87.0,100.0,0.08,converged,,bfgs_standard,"[{""ase_converged"": true, ""converged"": true, ""end_geometry_sha256"": ""cd6b29cf18cc63173a82e9dea683a0d3528cb130c6bea60811b29a85cecf5460"", ""failure_class"": null, ""max_force_eV_A"": 0.05760072082531569, ""name"": ""bfgs_standard"", ""start_geometry_sha256"": ""32f021824c03ef91c8a759985534ac07aee5f6d1756751fa385216d03939cf55"", ""steps"": 87}]",cd6b29cf18cc63173a82e9dea683a0d3528cb130c6bea60811b29a85cecf5460,9.570523689687256,3.0,step_1_OOH,9.0,0.0,True,5.49499008983374,0.707500000035,False,quantitative_screening,1,1,ac8d0514e4262782a9c3,False,
"('MAXPhase', 'V', 'Ge', 'C', 3, 'Mn', 'edge_1010')",MAXPhase,True,esen-sm-conserving-all-oc25:relax-v4:orr-che-v3,True,0.0694748959609829,45,150,0.08,converged,,bfgs_standard,"[{""ase_converged"": true, ""converged"": true, ""end_geometry_sha256"": ""c00f44904d9f05f9adc13029e441b5fe79f2366e9ada0552f0bdcdc3b447973e"", ""failure_class"": null, ""max_force_eV_A"": 0.0694748959609829, ""name"": ""bfgs_standard"", ""start_geometry_sha256"": ""cc8c74afafd9b30613c2321b3cd2ee09cf6ab982d204d6db418c42afae4d133e"", ""steps"": 45}]",c00f44904d9f05f9adc13029e441b5fe79f2366e9ada0552f0bdcdc3b447973e,-331.75464900079385,True,0.07809326333976574,35,100,0.08,converged,,bfgs_standard,"[{""ase_converged"": true, ""converged"": true, ""end_geometry_sha256"": ""74d4b4ef0119784c0ee77a3a27e9375a87a33a49a6c7f03938815d83f2b1e0fb"", ""failure_class"": null, ""max_force_eV_A"": 0.07809326333976574, ""name"": ""bfgs_standard"", ""start_geometry_sha256"": ""3e681244762d4b03dfab5d3264c78a5d31fdced32cd4122107dcb86c4f8e541c"", ""steps"": 35}]",74d4b4ef0119784c0ee77a3a27e9375a87a33a49a6c7f03938815d83f2b1e0fb,-1.2285043571889969,True,0.07094716738185841,18.0,100.0,0.08,converged,,bfgs_standard,"[{""ase_converged"": true, ""converged"": true, ""end_geometry_sha256"": ""45d9f79d7bbe6a05690649edaf584493fee9efac9ecfeb8b5435fc847666df7d"", ""failure_class"": null, ""max_force_eV_A"": 0.07094716738185841, ""name"": ""bfgs_standard"", ""start_geometry_sha256"": ""4a1d1a39211c0a76cbea3dbc945bc699442e55256cfc764d0c01d4fd3ea9d46c"", ""steps"": 18}]",45d9f79d7bbe6a05690649edaf584493fee9efac9ecfeb8b5435fc847666df7d,-1.806435667723442,True,0.053728447193731044,87.0,100.0,0.08,converged,,bfgs_standard,"[{""ase_converged"": true, ""converged"": true, ""end_geometry_sha256"": ""57c82c33526c4d6b3c2b9d2f1afc3ffb4e76f99d63faa2b6c7af06c4475c0df7"", ""failure_class"": null, ""max_force_eV_A"": 0.053728447193731044, ""name"": ""bfgs_standard"", ""start_geometry_sha256"": ""f851ea4c78480c9a1e07a46c575a88f80480e37eac89e991faf6a5ba912624e8"", ""steps"": 87}]",57c82c33526c4d6b3c2b9d2f1afc3ffb4e76f99d63faa2b6c7af06c4475c0df7,5.784905861318087,2.4575043571889967,step_4_H2O,8.0,0.0,True,3.034940024912439,0.707500000035,False,quantitative_screening,1,1,cc6be71f71f04127820e,False,
"('MAXPhase', 'V', 'In', 'C', 1, 'Fe', 'edge_1120')",MAXPhase,True,esen-sm-conserving-all-oc25:relax-v4:orr-che-v3,True,0.0,0,150,0.08,converged,,bfgs_standard,"[{""ase_converged"": true, ""converged"": true, ""end_geometry_sha256"": ""43c424744a8fbc88e046ac36bccf9cfa5247ad41bd5fd37132faa55ce4952c9f"", ""failure_class"": null, ""max_force_eV_A"": 0.0, ""name"": ""bfgs_standard"", ""start_geometry_sha256"": ""43c424744a8fbc88e046ac36bccf9cfa5247ad41bd5fd37132faa55ce4952c9f"", ""steps"": 0}]",43c424744a8fbc88e046ac36bccf9cfa5247ad41bd5fd37132faa55ce4952c9f,-94.44484064266572,True,0.011065462030390626,37,100,0.08,converged,,bfgs_standard,"[{""ase_converged"": true, ""converged"": true, ""end_geometry_sha256"": ""f47bb31fa5793756d41adc49fb2157b4875432566fc502837c8e2cb463af64ba"", ""failure_class"": null, ""max_force_eV_A"": 0.011065462030390626, ""name"": ""bfgs_standard"", ""start_geometry_sha256"": ""fd4827106d1639fdb655b1daf9409bbd43ca6a8335bd9d9139dbce454680e20c"", ""steps"": 37}]",f47bb31fa5793756d41adc49fb2157b4875432566fc502837c8e2cb463af64ba,-0.0726854179799557,True,0.05177996370565859,11.0,100.0,0.08,converged,,bfgs_standard,"[{""ase_converged"": true, ""converged"": true, ""end_geometry_sha256"": ""b8e193e54a1f25ee8c81053919629c11029c0164bf5da5e07d460622d002abe8"", ""failure_class"": null, ""max_force_eV_A"": 0.05177996370565859, ""name"": ""bfgs_standard"", ""start_geometry_sha256"": ""de8a049bf6d8995e3b287233c79a4a57995f92d9cff4b6c92bdbf8238ee816f5"", ""steps"": 11}]",b8e193e54a1f25ee8c81053919629c11029c0164bf5da5e07d460622d002abe8,0.32353488281369563,True,0.06340051394516394,37.0,100.0,0.08,converged,,bfgs_standard,"[{""ase_converged"": true, ""converged"": true, ""end_geometry_sha256"": ""dd3c0834d349eda53d4f2e4808c407bb9197eaac8ab1a866bb52fcadea658af7"", ""failure_class"": null, ""max_force_eV_A"": 0.06340051394516394, ""name"": ""bfgs_standard"", ""start_geometry_sha256"": ""3c01918b8b794ff217ce590f079af204af0c4555ef2f3eb5fc688f3b4c2cef9b"", ""steps"": 37}]",dd3c0834d349eda53d4f2e4808c407bb9197eaac8ab1a866bb52fcadea658af7,-1.0512986674904787,2.6038335503041745,step_2_O,6.0,0.0,True,0.39622030079365134,0.707500000035,False,quantitative_screening,0,0,eeb08d59dfcaeab383d7,False,
"('MAXPhase', 'V', 'In', 'N', 1, 'Zr', 'edge_1120')",MAXPhase,True,esen-sm-conserving-all-oc25:relax-v4:orr-che-v3,True,0.0,0,150,0.08,converged,,bfgs_standard,"[{""ase_converged"": true, ""converged"": true, ""end_geometry_sha256"": ""46f3837cfe48b656a03d0ab946ec9c7db47bd36ad9e7f16b07d7f812e47a677b"", ""failure_class"": null, ""max_force_eV_A"": 0.0, ""name"": ""bfgs_standard"", ""start_geometry_sha256"": ""46f3837cfe48b656a03d0ab946ec9c7db47bd36ad9e7f16b07d7f812e47a677b"", ""steps"": 0}]",46f3837cfe48b656a03d0ab946ec9c7db47bd36ad9e7f16b07d7f812e47a677b,-89.55133623733883,True,0.07971546329582767,36,100,0.08,converged,,bfgs_standard,"[{""ase_converged"": true, ""converged"": true, ""end_geometry_sha256"": ""ebed1ecde88f354b2ab449112129ba68cbc850e2e93fcf70d4ad3391faa6a552"", ""failure_class"": null, ""max_force_eV_A"": 0.07971546329582767, ""name"": ""bfgs_standard"", ""start_geometry_sha256"": ""341277d2c7d7430f15aadcc48eab1697c5f91de3ce89913da8670a83d450cfeb"", ""steps"": 36}]",ebed1ecde88f354b2ab449112129ba68cbc850e2e93fcf70d4ad3391faa6a552,0.3397443915903568,True,0.0741892222517541,17.0,100.0,0.08,converged,,bfgs_standard,"[{""ase_converged"": true, ""converged"": true, ""end_geometry_sha256"": ""27321fdf2caa16f68b89bc82a69fc691164dbf751ca13bfae2a0ce9d65f0df82"", ""failure_class"": null, ""max_force_eV_A"": 0.0741892222517541, ""name"": ""bfgs_standard"", ""start_geometry_sha256"": ""4e292fdc3055c528cb8cc701d1d9cf22b7aed095490fab35b096a5c466ed2eec"", ""steps"": 17}]",27321fdf2caa16f68b89bc82a69fc691164dbf751ca13bfae2a0ce9d65f0df82,0.9899548657238519,True,0.03611062927106908,50.0,100.0,0.08,converged,,bfgs_standard,"[{""ase_converged"": true, ""converged"": true, ""end_geometry_sha256"": ""d9aa2930154523b0f6fdb94ada93230560894324cb05ce24ede29c60c4109e05"", ""failure_class"": null, ""max_force_eV_A"": 0.03611062927106908, ""name"": ""bfgs_standard"", ""start_geometry_sha256"": ""d9a1720d413b9cd30c4c640ce39c9dc7049c8eea6ace4aabfe2e538d7e3b1b7e"", ""steps"": 50}]",d9aa2930154523b0f6fdb94ada93230560894324cb05ce24ede29c60c4109e05,1.4805769428610835,0.8892556084096432,step_4_H2O,9.0,0.0,True,1.3296992573142088,0.707500000035,False,quantitative_screening,0,0,6cea92dec9edcc435008,False,
"('MAXPhase', 'V', 'In', 'N', 2, 'V', 'basal_0001')",MAXPhase,True,esen-sm-conserving-all-oc25:relax-v4:orr-che-v3,True,0.06544013209401288,47,150,0.08,converged,,bfgs_standard,"[{""ase_converged"": true, ""converged"": true, ""end_geometry_sha256"": ""8eed42d5e52d506f9d8b9d1b40511429a27cdbd7c2c6818c80b705e8fa462779"", ""failure_class"": null, ""max_force_eV_A"": 0.06544013209401288, ""name"": ""bfgs_standard"", ""start_geometry_sha256"": ""0cc9523394da0c3c3348d711aa99488e30137fedb553d78c71ba9fd9ce340c10"", ""steps"": 47}]",8eed42d5e52d506f9d8b9d1b40511429a27cdbd7c2c6818c80b705e8fa462779,-223.07049049957033,True,0.06475361793407866,21,100,0.08,converged,,bfgs_standard,"[{""ase_converged"": true, ""converged"": true, ""end_geometry_sha256"": ""844d990afbbdc8d02eb1b5731018a2822a18e4b3cdf9fa34b147810ed392cbc7"", ""failure_class"": null, ""max_force_eV_A"": 0.06475361793407866, ""name"": ""bfgs_standard"", ""start_geometry_sha256"": ""8ebafe7e2e07b79f96af267e3d9a64a9e2154875402200505d2d8aa96f3d5146"", ""steps"": 21}]",844d990afbbdc8d02eb1b5731018a2822a18e4b3cdf9fa34b147810ed392cbc7,-1.8191758964955806,True,0.06078419587498069,18.0,100.0,0.08,converged,,bfgs_standard,"[{""ase_converged"": true, ""converged"": true, ""end_geometry_sha256"": ""36d29baf9c1be2194b9d11a7d53d0ebd2b922cc5dd04515ca59260cd483dda34"", ""failure_class"": null, ""max_force_eV_A"": 0.06078419587498069, ""name"": ""bfgs_standard"", ""start_geometry_sha256"": ""d533de46b46192059140a4040bc738d2a1f8a558426bbcc0ec6cf17eab5c8f89"", ""steps"": 18}]",36d29baf9c1be2194b9d11a7d53d0ebd2b922cc5dd04515ca59260cd483dda34,-2.609852873533989,True,0.07899228096858373,46.0,100.0,0.08,converged,,bfgs_standard,"[{""ase_converged"": true, ""converged"": true, ""end_geometry_sha256"": ""6821b0caadfcec35547b2e20696103288b700eae2fdf11167898e8e493fe3e34"", ""failure_class"": null, ""max_force_eV_A"": 0.07899228096858373, ""name"": ""bfgs_standard"", ""start_geometry_sha256"": ""b7375767226c02365785c458b3b09426bc1513e1d4f0084ba593a1e7005221a5"", ""steps"": 46}]",6821b0caadfcec35547b2e20696103288b700eae2fdf11167898e8e493fe3e34,-3.7363839641213668,3.0,step_4_H2O,8.0,0.0,True,4.42902877002957,0.707500000035,False,quantitative_screening,1,1,160328d3c5b4c9d781ea,False,
"('MAXPhase', 'V', 'Sn', 'C', 2, 'Mo', 'edge_1010')",MAXPhase,True,esen-sm-conserving-all-oc25:relax-v4:orr-che-v3,True,0.06108704680576694,46,150,0.08,converged,,bfgs_standard,"[{""ase_converged"": true, ""converged"": true, ""end_geometry_sha256"": ""4a1fb923568fb5fa7f8016a9078cd93e6ae43116d7c0dc16f23df8618eb48873"", ""failure_class"": null, ""max_force_eV_A"": 0.06108704680576694, ""name"": ""bfgs_standard"", ""start_geometry_sha256"": ""fae4a9b647db26a9ab3fbcd37a03731860454df2d2930de7323731c446564482"", ""steps"": 46}]",4a1fb923568fb5fa7f8016a9078cd93e6ae43116d7c0dc16f23df8618eb48873,-239.33690056948126,True,0.07331805454394243,46,100,0.08,converged,,bfgs_standard,"[{""ase_converged"": true, ""converged"": true, ""end_geometry_sha256"": ""e0c704413327161965e99295054409457cd2d42a0f6353d92a790ae9b6a94709"", ""failure_class"": null, ""max_force_eV_A"": 0.07331805454394243, ""name"": ""bfgs_standard"", ""start_geometry_sha256"": ""13780f9f8199df2a7db9a64d0022c49c9b2e551a992f1380c749c9478f219d67"", ""steps"": 46}]",e0c704413327161965e99295054409457cd2d42a0f6353d92a790ae9b6a94709,-1.7094632957875728,True,0.07633550990050986,68.0,100.0,0.08,converged,,bfgs_standard,"[{""ase_converged"": true, ""converged"": true, ""end_geometry_sha256"": ""d2699cc8f64e11d354eeed09f79ac0628bb65269ce2684677581539bd9ee31b3"", ""failure_class"": null, ""max_force_eV_A"": 0.07633550990050986, ""name"": ""bfgs_standard"", ""start_geometry_sha256"": ""8678a21fdca3d6f237deb6f360e6fb85cf4ab76446c0f8107be4019dd2a8c7f2"", ""steps"": 68}]",d2699cc8f64e11d354eeed09f79ac0628bb65269ce2684677581539bd9ee31b3,-2.839619719237114,True,0.07062516316606961,87.0,100.0,0.08,converged,,bfgs_standard,"[{""ase_converged"": true, ""converged"": true, ""end_geometry_sha256"": ""bc6b8eaa4ec2d133ca1692de5357c090c96b0a8fbf7b6ded1d263c8975e3a372"", ""failure_class"": null, ""max_force_eV_A"": 0.07062516316606961, ""name"": ""bfgs_standard"", ""start_geometry_sha256"": ""49fd7232e7a0021a0925ab47dfc854137dd4ac6c1c2fd3bd8360695555c2ac12"", ""steps"": 87}]",bc6b8eaa4ec2d133ca1692de5357c090c96b0a8fbf7b6ded1d263c8975e3a372,6.745578239858126,3.0,step_1_OOH,9.0,-0.31993978125810507,True,4.549083015024687,0.707500000035,False,quantitative_screening,0,0,138b2529b4a10e532490,False,
"('HEA', ('Mn', 'Fe', 'Pt', 'La', 'Ce'), 'hcp', '111', 800)",HEA,True,esen-sm-conserving-all-oc25:relax-v4:orr-che-v3,True,0.06808260952421694,409,150,0.08,converged,,bfgs_after_fire,"[{""ase_converged"": false, ""converged"": false, ""end_geometry_sha256"": ""ff6edd4bc774a0eb9910b8051f49f9f437359a044497d23f73f71a742d2ba5c9"", ""failure_class"": ""force_threshold"", ""max_force_eV_A"": 0.1113592531021309, ""name"": ""bfgs_standard"", ""start_geometry_sha256"": ""f43a1fa59d9384e57fede07be787f6b1c5813c7f235d48daebd9c37092e6f495"", ""steps"": 150}, {""ase_converged"": false, ""converged"": false, ""end_geometry_sha256"": ""892f53fef01ba355a06904f5fbfe605ec0bbbc952f92d3375d22c8cea948681d"", ""failure_class"": ""force_threshold"", ""max_force_eV_A"": 1.0611100300804879, ""name"": ""fire_precondition"", ""qualifying"": false, ""start_geometry_sha256"": ""f43a1fa59d9384e57fede07be787f6b1c5813c7f235d48daebd9c37092e6f495"", ""steps"": 75}, {""ase_converged"": true, ""converged"": true, ""end_geometry_sha256"": ""b3e8511e31d9194c8a70e8d6527dfbbb7c3bd3159e60f9c0fa2d8e4dcc620887"", ""failure_class"": null, ""max_force_eV_A"": 0.06808260952421694, ""name"": ""bfgs_after_fire"", ""start_geometry_sha256"": ""892f53fef01ba355a06904f5fbfe605ec0bbbc952f92d3375d22c8cea948681d"", ""steps"": 184}]",b3e8511e31d9194c8a70e8d6527dfbbb7c3bd3159e60f9c0fa2d8e4dcc620887,-365.29704399578833,True,0.07839387796594928,50,100,0.08,converged,,bfgs_standard,"[{""ase_converged"": true, ""converged"": true, ""end_geometry_sha256"": ""01660b1574ba0574da10780bb068ed90da577b0e3873a751e71bbfb5f9d2fdf0"", ""failure_class"": null, ""max_force_eV_A"": 0.07839387796594928, ""name"": ""bfgs_standard"", ""start_geometry_sha256"": ""e925ba6e53f4acc785b60e428fc323f1cabc4c21dca8b62105d23d498d0ec48a"", ""steps"": 50}]",01660b1574ba0574da10780bb068ed90da577b0e3873a751e71bbfb5f9d2fdf0,-0.23141497120261195,True,0.07713530825137434,48.0,100.0,0.08,converged,,bfgs_standard,"[{""ase_converged"": true, ""converged"": true, ""end_geometry_sha256"": ""5869dc149ebc2eb5ff7b43aa370a0068810b24f0d1badc07f7a085c8d27292bd"", ""failure_class"": null, ""max_force_eV_A"": 0.07713530825137434, ""name"": ""bfgs_standard"", ""start_geometry_sha256"": ""70f5be74e3a96999e2924bdf4e674eddfd679381ac6fa42e3e2438725b4bd032"", ""steps"": 48}]",5869dc149ebc2eb5ff7b43aa370a0068810b24f0d1badc07f7a085c8d27292bd,-3.074330412596489,True,0.07754823057478992,37.0,100.0,0.08,converged,,bfgs_standard,"[{""ase_converged"": true, ""converged"": true, ""end_geometry_sha256"": ""807ce187a6a017b2e238535a61220b505597b7068492a67d03d15f052b612954"", ""failure_class"": null, ""max_force_eV_A"": 0.07754823057478992, ""name"": ""bfgs_standard"", ""start_geometry_sha256"": ""ab2983ecd1d06dc9ef9797c4c58a7f438892801df571eeea0ce6f244b0016d04"", ""steps"": 37}]",807ce187a6a017b2e238535a61220b505597b7068492a67d03d15f052b612954,3.279977272450899,3.0,step_3_OH,6.0,0.0,True,3.3057453837991013,0.8378175883982132,False,quantitative_screening,1,1,e9898c073ca4b060cce4,False,
"('HEA', ('Mn', 'Cu', 'Ag', 'Au', 'La'), 'hcp', '111', 1200)",HEA,True,esen-sm-conserving-all-oc25:relax-v4:orr-che-v3,True,0.06708889226468831,445,150,0.08,converged,,bfgs_after_fire,"[{""ase_converged"": false, ""converged"": false, ""end_geometry_sha256"": ""19ef2a5cbd97e57ca71c3eb6084cb75a6f0f76458793bc2b4587df029933910d"", ""failure_class"": ""force_threshold"", ""max_force_eV_A"": 0.3455689969646587, ""name"": ""bfgs_standard"", ""start_geometry_sha256"": ""f69b7ae4d8497b1d238077f1180dd7871e3041f3da10bcbf7ee7d854e97d052f"", ""steps"": 150}, {""ase_converged"": false, ""converged"": false, ""end_geometry_sha256"": ""de3f38c684968676c5629003ef14eb257f6cc1fa4e33d14e31684fc08cf8e197"", ""failure_class"": ""force_threshold"", ""max_force_eV_A"": 1.3973784921535253, ""name"": ""fire_precondition"", ""qualifying"": false, ""start_geometry_sha256"": ""f69b7ae4d8497b1d238077f1180dd7871e3041f3da10bcbf7ee7d854e97d052f"", ""steps"": 75}, {""ase_converged"": true, ""converged"": true, ""end_geometry_sha256"": ""051ff329d82696a93c4ed97722875d2cfbeca2c62cdb91168c42b709ceb75483"", ""failure_class"": null, ""max_force_eV_A"": 0.06708889226468831, ""name"": ""bfgs_after_fire"", ""start_geometry_sha256"": ""de3f38c684968676c5629003ef14eb257f6cc1fa4e33d14e31684fc08cf8e197"", ""steps"": 220}]",051ff329d82696a93c4ed97722875d2cfbeca2c62cdb91168c42b709ceb75483,-353.4220328454375,True,0.07415666132849962,363,100,0.08,converged,,fire_small_step,"[{""ase_converged"": false, ""converged"": false, ""end_geometry_sha256"": ""513344bdf0e232a9976d966812f8a4f24e670b711abc6b4a06ca09a9d9aa7044"", ""failure_class"": ""force_threshold"", ""max_force_eV_A"": 0.11347236592170454, ""name"": ""bfgs_standard"", ""start_geometry_sha256"": ""ff7b74101ff0411aa2dbedb3afa1f5f3a0a9f26decf1140d0f75d3d214dfedfd"", ""steps"": 100}, {""ase_converged"": false, ""converged"": false, ""end_geometry_sha256"": ""2fc988aa91d0379f1257e0eb69e2fd4df269fe4f67b963c09cdd9b33dac43cef"", ""failure_class"": ""force_threshold"", ""max_force_eV_A"": 1.0606960590283243, ""name"": ""fire_precondition"", ""qualifying"": false, ""start_geometry_sha256"": ""ff7b74101ff0411aa2dbedb3afa1f5f3a0a9f26decf1140d0f75d3d214dfedfd"", ""steps"": 50}, {""ase_converged"": false, ""converged"": false, ""end_geometry_sha256"": ""9d10628dc9625c1fc14251e673d6f0caa34ecc7eaa9dfdf0d22e08d90cc7e7f0"", ""failure_class"": ""force_threshold"", ""max_force_eV_A"": 0.4365613137857333, ""name"": ""bfgs_after_fire"", ""start_geometry_sha256"": ""2fc988aa91d0379f1257e0eb69e2fd4df269fe4f67b963c09cdd9b33dac43cef"", ""steps"": 200}, {""ase_converged"": true, ""converged"": true, ""end_geometry_sha256"": ""2b6d5f70b316483bb88977544b23c46f00df020621df9b86e04e11c42b5047e7"", ""failure_class"": null, ""max_force_eV_A"": 0.07415666132849962, ""name"": ""fire_small_step"", ""start_geometry_sha256"": ""513344bdf0e232a9976d966812f8a4f24e670b711abc6b4a06ca09a9d9aa7044"", ""steps"": 13}]",2b6d5f70b316483bb88977544b23c46f00df020621df9b86e04e11c42b5047e7,-2.6721727226673986,True,0.07623183613870901,56.0,100.0,0.08,converged,,bfgs_standard,"[{""ase_converged"": true, ""converged"": true, ""end_geometry_sha256"": ""c6a7aae71a9849ea439090ec66cdb13ef6c268efca5e61d5de3a62246a0e80ba"", ""failure_class"": null, ""max_force_eV_A"": 0.07623183613870901, ""name"": ""bfgs_standard"", ""start_geometry_sha256"": ""02bc6dee0ada5e09133811813a0330d4d2531026742eb7651f8e6a2e74df330f"", ""steps"": 56}]",c6a7aae71a9849ea439090ec66cdb13ef6c268efca5e61d5de3a62246a0e80ba,-2.747227751463563,True,0.07834503274780336,341.0,100.0,0.08,converged,,bfgs_after_fire,"[{""ase_converged"": false, ""converged"": false, ""end_geometry_sha256"": ""a2fd5dfd8137767010dd8859d7d5eeecb5278c3b8776cc5b08601fce25c1f403"", ""failure_class"": ""force_threshold"", ""max_force_eV_A"": 0.16806722233604104, ""name"": ""bfgs_standard"", ""start_geometry_sha256"": ""9791767715cdb773476fb4bbfe652e85da440ededaf14876d27e04626cfb0a99"", ""steps"": 100}, {""ase_converged"": true, ""converged"": true, ""end_geometry_sha256"": ""d7b9976d6ff24c0998334408712c2de301f96f5ec95af4abae2eefb8f98fdd3e"", ""failure_class"": null, ""max_force_eV_A"": 0.1763718021015542, ""name"": ""fire_precondition"", ""qualifying"": false, ""start_geometry_sha256"": ""9791767715cdb773476fb4bbfe652e85da440ededaf14876d27e04626cfb0a99"", ""steps"": 42}, {""ase_converged"": true, ""converged"": true, ""end_geometry_sha256"": ""8bdc66a38960ab03269970972877cd9bb4e70ab65396e3320ab1f52730ae3991"", ""failure_class"": null, ""max_force_eV_A"": 0.07834503274780336, ""name"": ""bfgs_after_fire"", ""start_geometry_sha256"": ""d7b9976d6ff24c0998334408712c2de301f96f5ec95af4abae2eefb8f98fdd3e"", ""steps"": 199}]",8bdc66a38960ab03269970972877cd9bb4e70ab65396e3320ab1f52730ae3991,-6.5986543193458616,3.0,step_2_O,7.0,-0.8703757130325389,True,5.419400474130962,0.8685081580424162,False,quantitative_screening,2,2,8a6d6d9df0dd67fbccd8,False,
"('HEA', ('Mn', 'Zr', 'Ir', 'Ge', 'Sc'), 'fcc_bcc_dual', '100', 800)",HEA,True,esen-sm-conserving-all-oc25:relax-v4:orr-che-v3,True,0.0713447782997604,54,150,0.08,converged,,bfgs_standard,"[{""ase_converged"": true, ""converged"": true, ""end_geometry_sha256"": ""c88390bb63a969268f64bed9a70956d5aaf6651eef0fad6850502de68b37eccc"", ""failure_class"": null, ""max_force_eV_A"": 0.0713447782997604, ""name"": ""bfgs_standard"", ""start_geometry_sha256"": ""b98c61cd07d5e1be5f7bb7b54a7f022fcf7f8cbaf69a766ac558604d8a0365a8"", ""steps"": 54}]",c88390bb63a969268f64bed9a70956d5aaf6651eef0fad6850502de68b37eccc,-283.7719350188583,True,0.06757546253805367,32,100,0.08,converged,,bfgs_standard,"[{""ase_converged"": true, ""converged"": true, ""end_geometry_sha256"": ""326cfe6e9a5b9a6f4d150e14417af698f2c6c70688ed5233c7028802c146ab3e"", ""failure_class"": null, ""max_force_eV_A"": 0.06757546253805367, ""name"": ""bfgs_standard"", ""start_geometry_sha256"": ""402fb098ee0cb756e96018d2ce0d9b1b106bf6523315210c9f28137dab4f9fcc"", ""steps"": 32}]",326cfe6e9a5b9a6f4d150e14417af698f2c6c70688ed5233c7028802c146ab3e,-0.8383862350881099,True,0.07397488795074199,29.0,100.0,0.08,converged,,bfgs_standard,"[{""ase_converged"": true, ""converged"": true, ""end_geometry_sha256"": ""3dddb96fd42b85053a7e343fa76ad238af64f5338453d9d382693a2e61b76358"", ""failure_class"": null, ""max_force_eV_A"": 0.07397488795074199, ""name"": ""bfgs_standard"", ""start_geometry_sha256"": ""ac465a99ab48843f5fb5c9d154031c043937f6808ca5acfb57e37694d5f1dabd"", ""steps"": 29}]",3dddb96fd42b85053a7e343fa76ad238af64f5338453d9d382693a2e61b76358,-1.734404646605278,True,0.07017186884741221,193.0,100.0,0.08,converged,,bfgs_after_fire,"[{""ase_converged"": false, ""converged"": false, ""end_geometry_sha256"": ""5366634749989bb894ed6346257ffe00bde7fff4ca29869537183f735de6f601"", ""failure_class"": ""force_threshold"", ""max_force_eV_A"": 0.3299462063026395, ""name"": ""bfgs_standard"", ""start_geometry_sha256"": ""3320677178392ffdabf257b6e9bb9ae6f5d17230e8ab0571830f48e9730cd510"", ""steps"": 100}, {""ase_converged"": false, ""converged"": false, ""end_geometry_sha256"": ""d38d11c30f24f3948b99d92bca43725540b19de1088fcab9cc171609452223db"", ""failure_class"": ""force_threshold"", ""max_force_eV_A"": 0.7485165538282382, ""name"": ""fire_precondition"", ""qualifying"": false, ""start_geometry_sha256"": ""3320677178392ffdabf257b6e9bb9ae6f5d17230e8ab0571830f48e9730cd510"", ""steps"": 50}, {""ase_converged"": true, ""converged"": true, ""end_geometry_sha256"": ""0946ec7d88d36f2621e8fd4bd11d230e14c23eb725f24f484ffb170593a21dc7"", ""failure_class"": null, ""max_force_eV_A"": 0.07017186884741221, ""name"": ""bfgs_after_fire"", ""start_geometry_sha256"": ""d38d11c30f24f3948b99d92bca43725540b19de1088fcab9cc171609452223db"", ""steps"": 43}]",0946ec7d88d36f2621e8fd4bd11d230e14c23eb725f24f484ffb170593a21dc7,-1.5979142680764449,2.125018411517168,step_3_OH,9.0,-0.5145114042477432,True,2.572790881693388,0.902500000035,False,quantitative_screening,0,0,4f885d65486dabe75ee3,False,
"('HEA', ('Mn', 'Nb', 'Re', 'Ir', 'Sb'), 'fcc', '100', 900)",HEA,False,esen-sm-conserving-all-oc25:relax-v4:orr-che-v3,True,0.07880688183681663,72,150,0.08,converged,,bfgs_standard,"[{""ase_converged"": true, ""converged"": true, ""end_geometry_sha256"": ""f3ce98051e2a12618dbe292898a10ea220d91bd03fde56680795866edea53595"", ""failure_class"": null, ""max_force_eV_A"": 0.07880688183681663, ""name"": ""bfgs_standard"", ""start_geometry_sha256"": ""affa54b8293c50a4ae66d71fc313d711599b034c0abbeb2572985bae189a7175"", ""steps"": 72}]",f3ce98051e2a12618dbe292898a10ea220d91bd03fde56680795866edea53595,-295.38813238566206,True,0.06277442369252925,66,100,0.08,converged,,bfgs_standard,"[{""ase_converged"": true, ""converged"": true, ""end_geometry_sha256"": ""11ac7206800c9ccecea9d507a5c0cc83c35c301d1f057d893285b21bca1f8a72"", ""failure_class"": null, ""max_force_eV_A"": 0.06277442369252925, ""name"": ""bfgs_standard"", ""start_geometry_sha256"": ""c792fd62310bc2ef10c6a29188134eb63b2b58bd7ca6a9326d0c7fb71e5d3a5c"", ""steps"": 66}]",11ac7206800c9ccecea9d507a5c0cc83c35c301d1f057d893285b21bca1f8a72,-1.5976878975331783,True,0.061799515930449696,33.0,100.0,0.08,converged,,bfgs_standard,"[{""ase_converged"": true, ""converged"": true, ""end_geometry_sha256"": ""92e1cc1d04c700f66484f816f65b9fd5ce54791c2cceebc625e0309d07fcc374"", ""failure_class"": null, ""max_force_eV_A"": 0.061799515930449696, ""name"": ""bfgs_standard"", ""start_geometry_sha256"": ""4aec1d9a4602fdba798da81d31975044d863b9e40b00216d4b54337dd4768850"", ""steps"": 33}]",92e1cc1d04c700f66484f816f65b9fd5ce54791c2cceebc625e0309d07fcc374,-1.153640829771782,False,12.266965458893901,650.0,100.0,0.08,recovery_exhausted,force_threshold,fire_small_step,"[{""ase_converged"": false, ""converged"": false, ""end_geometry_sha256"": ""fa2093dda12d7a7a2d6816173b42c8861a6ad610636ff464a8a115d598b7d6e3"", ""failure_class"": ""force_threshold"", ""max_force_eV_A"": 18.017760749033283, ""name"": ""bfgs_standard"", ""start_geometry_sha256"": ""d7cfe5592076272200f349aec22619b67131a9f8bdc9ed3a18815cec3200db40"", ""steps"": 100}, {""ase_converged"": false, ""converged"": false, ""end_geometry_sha256"": ""3933ef67a70be560bc856b691dcc78484074bf03c542e2d6b219d381f6aabda1"", ""failure_class"": ""force_threshold"", ""max_force_eV_A"": 24.523112899236413, ""name"": ""fire_precondition"", ""qualifying"": false, ""start_geometry_sha256"": ""d7cfe5592076272200f349aec22619b67131a9f8bdc9ed3a18815cec3200db40"", ""steps"": 50}, {""ase_converged"": false, ""converged"": false, ""end_geometry_sha256"": ""7f35fab47c1bb2dd6fec6cbe203d7cb5977600efff55570805689d44e88c777c"", ""failure_class"": ""force_threshold"", ""max_force_eV_A"": 4918.283950015559, ""name"": ""bfgs_after_fire"", ""start_geometry_sha256"": ""3933ef67a70be560bc856b691dcc78484074bf03c542e2d6b219d381f6aabda1"", ""steps"": 200}, {""ase_converged"": false, ""converged"": false, ""end_geometry_sha256"": ""2adbcf5828eeb227c2d9b99228b9fc3f3594194e795fc1521bb425cbf1256f34"", ""failure_class"": ""force_threshold"", ""max_force_eV_A"": 12.266965458893901, ""name"": ""fire_small_step"", ""start_geometry_sha256"": ""fa2093dda12d7a7a2d6816173b42c8861a6ad610636ff464a8a115d598b7d6e3"", ""steps"": 300}]",2adbcf5828eeb227c2d9b99228b9fc3f3594194e795fc1521bb425cbf1256f34,,,,,,,,,True,validation_required,0,0,a372be5d644793bb8f9c,False,Unconverged ooh relaxation: max_force=12.267 eV/A after 650 cumulative recovery steps
"('HEA', ('Mn', 'Hf', 'Re', 'Si', 'Y'), 'fcc_bcc_dual', '100', 1200)",HEA,True,esen-sm-conserving-all-oc25:relax-v4:orr-che-v3,True,0.05773259828989026,47,150,0.08,converged,,bfgs_standard,"[{""ase_converged"": true, ""converged"": true, ""end_geometry_sha256"": ""39067e51cd1b8e31e851e0aff39c51f8422836d449881d6a71201326f2ebf195"", ""failure_class"": null, ""max_force_eV_A"": 0.05773259828989026, ""name"": ""bfgs_standard"", ""start_geometry_sha256"": ""76b69da95bf3c409342af0333f0d23e4eae7c8672614519107798f6ce16ea44f"", ""steps"": 47}]",39067e51cd1b8e31e851e0aff39c51f8422836d449881d6a71201326f2ebf195,-284.8064174400011,True,0.05844377495867906,49,100,0.08,converged,,bfgs_standard,"[{""ase_converged"": true, ""converged"": true, ""end_geometry_sha256"": ""4adcdd4e0907bc3bf1b11b4d4552d68790692249be49f4cd42b284c5c6c71c8c"", ""failure_class"": null, ""max_force_eV_A"": 0.05844377495867906, ""name"": ""bfgs_standard"", ""start_geometry_sha256"": ""c069effaf6e852a527231418f6fc3327cec6d24340c17280e6f2715f9ebcfc00"", ""steps"": 49}]",4adcdd4e0907bc3bf1b11b4d4552d68790692249be49f4cd42b284c5c6c71c8c,-0.5372750137746334,True,0.07966275598831829,32.0,100.0,0.08,converged,,bfgs_standard,"[{""ase_converged"": true, ""converged"": true, ""end_geometry_sha256"": ""2e6648e7ad27d556852058372c2b759cc870c6401712c3350a9d01094cce1e20"", ""failure_class"": null, ""max_force_eV_A"": 0.07966275598831829, ""name"": ""bfgs_standard"", ""start_geometry_sha256"": ""3882a3921140460dad2826e5e6337d1d1e482d6d5b6f7e9ad74ca3872fabbc95"", ""steps"": 32}]",2e6648e7ad27d556852058372c2b759cc870c6401712c3350a9d01094cce1e20,-1.2753206722438584,True,0.07901146078956692,50.0,100.0,0.08,converged,,bfgs_standard,"[{""ase_converged"": true, ""converged"": true, ""end_geometry_sha256"": ""94bc562cb3e006673002e0985a08d57d799c9207cb1dc2a9135ee3e43c113f42"", ""failure_class"": null, ""max_force_eV_A"": 0.07901146078956692, ""name"": ""bfgs_standard"", ""start_geometry_sha256"": ""bd46560bad3524dbeab2bf91f676838e5ea8bd9082ecf49ef78e733533a2aeaa"", ""steps"": 50}]",94bc562cb3e006673002e0985a08d57d799c9207cb1dc2a9135ee3e43c113f42,-2.410942901670958,2.3646222294270993,step_2_O,9.0,0.0,True,1.8125956860184917,0.902500000035,False,quantitative_screening,1,1,28c01995d5aae7ab4ced,False,
"('HEA', ('Fe', 'Co', 'Rh', 'Ge', 'Sb'), 'amorphous', '110', 800)",HEA,True,esen-sm-conserving-all-oc25:relax-v4:orr-che-v3,True,0.06918617182514891,75,150,0.08,converged,,bfgs_standard,"[{""ase_converged"": true, ""converged"": true, ""end_geometry_sha256"": ""292167656f0b01e5ce6e59541ce6352553d9e707c0e178d992360ee3d3eb581a"", ""failure_class"": null, ""max_force_eV_A"": 0.06918617182514891, ""name"": ""bfgs_standard"", ""start_geometry_sha256"": ""0b3a892e35f56093225525cce1a3968ecb3a26c7fdb8d762906df4df96790f32"", ""steps"": 75}]",292167656f0b01e5ce6e59541ce6352553d9e707c0e178d992360ee3d3eb581a,-251.23353060251515,True,0.07054851480249749,50,100,0.08,converged,,bfgs_standard,"[{""ase_converged"": true, ""converged"": true, ""end_geometry_sha256"": ""2a30487c296c60dd9c0839bfd3bb7bd6dacfb645103f3c7a6e96db5f8123cd2b"", ""failure_class"": null, ""max_force_eV_A"": 0.07054851480249749, ""name"": ""bfgs_standard"", ""start_geometry_sha256"": ""5cc74d74a50ae24de47cff77bd717c9034e1862197079203f55a7115c8c02af5"", ""steps"": 50}]",2a30487c296c60dd9c0839bfd3bb7bd6dacfb645103f3c7a6e96db5f8123cd2b,-0.6559647892415523,True,0.060008918334599495,23.0,100.0,0.08,converged,,bfgs_standard,"[{""ase_converged"": true, ""converged"": true, ""end_geometry_sha256"": ""42ecc75446587cbab3a48533142bc2d6ef890a7aefe8a86765e471bd5d4b13a3"", ""failure_class"": null, ""max_force_eV_A"": 0.060008918334599495, ""name"": ""bfgs_standard"", ""start_geometry_sha256"": ""2e6b7106933b27fbf029b033677cb5b8e846bb951bfd64cf1399a849a877751a"", ""steps"": 23}]",42ecc75446587cbab3a48533142bc2d6ef890a7aefe8a86765e471bd5d4b13a3,-0.5308009020984421,True,0.07279854082774413,56.0,100.0,0.08,converged,,bfgs_standard,"[{""ase_converged"": true, ""converged"": true, ""end_geometry_sha256"": ""da638aced89615e95480403385d14bcdbe3650c9ff5f98a451a50ea056fb99d8"", ""failure_class"": null, ""max_force_eV_A"": 0.07279854082774413, ""name"": ""bfgs_standard"", ""start_geometry_sha256"": ""aa7027ef3ee761369a1f6cab18c581540ab285c882c7d6fb1e3bca36554c3a8b"", ""steps"": 56}]",da638aced89615e95480403385d14bcdbe3650c9ff5f98a451a50ea056fb99d8,-1.2035024657845748,1.9017015636861327,step_2_O,6.0,-0.9497721367027814,True,1.1867656913399944,0.902500000035,False,quantitative_screening,1,1,0ae7b44c7bb88fb500a2,False,
"('HEA', ('Fe', 'Zn', 'Ag', 'Ge', 'Ce'), 'amorphous', '110', 1200)",HEA,True,esen-sm-conserving-all-oc25:relax-v4:orr-che-v3,True,0.07501411783308141,55,150,0.08,converged,,bfgs_standard,"[{""ase_converged"": true, ""converged"": true, ""end_geometry_sha256"": ""21011d7fdd38b2d22e8b3dd279e97c748726cdc001c35ac01f446ced1c43eb94"", ""failure_class"": null, ""max_force_eV_A"": 0.07501411783308141, ""name"": ""bfgs_standard"", ""start_geometry_sha256"": ""47cb126f9f67e194baf7450290d7bf3ca411d8d42d54da5309a3c93a66df4996"", ""steps"": 55}]",21011d7fdd38b2d22e8b3dd279e97c748726cdc001c35ac01f446ced1c43eb94,-242.42437802914574,True,0.0786260341731225,95,100,0.08,converged,,bfgs_standard,"[{""ase_converged"": true, ""converged"": true, ""end_geometry_sha256"": ""d92f10a463d9279fa0c90dae9b8d69a8b1814f3f652bda304977cf24f3f0410b"", ""failure_class"": null, ""max_force_eV_A"": 0.0786260341731225, ""name"": ""bfgs_standard"", ""start_geometry_sha256"": ""537df9c5c111547168cdc55cc44354a82849fc354b98278549259b68c144d341"", ""steps"": 95}]",d92f10a463d9279fa0c90dae9b8d69a8b1814f3f652bda304977cf24f3f0410b,-0.25933950886127494,True,0.07050328605600348,53.0,100.0,0.08,converged,,bfgs_standard,"[{""ase_converged"": true, ""converged"": true, ""end_geometry_sha256"": ""ebb9c3bc3e3c8b37c8fc4db2455d8b0887fe9d7860c1f5eab5cedd22692ea435"", ""failure_class"": null, ""max_force_eV_A"": 0.07050328605600348, ""name"": ""bfgs_standard"", ""start_geometry_sha256"": ""f20b821d50b5395c3cb6f005590b3eed92088280ab4830280e8a4e69a624389a"", ""steps"": 53}]",ebb9c3bc3e3c8b37c8fc4db2455d8b0887fe9d7860c1f5eab5cedd22692ea435,-0.3289194934070075,True,0.07035099774847907,45.0,100.0,0.08,converged,,bfgs_standard,"[{""ase_converged"": true, ""converged"": true, ""end_geometry_sha256"": ""92d3eaba5d5dc6d58c35026b3849f9223de65d63b8788c893001eec2390712ff"", ""failure_class"": null, ""max_force_eV_A"": 0.07035099774847907, ""name"": ""bfgs_standard"", ""start_geometry_sha256"": ""2695b8024dd29ab1f4d824317b0574a1d5b72905476617a4c3e8f4c6379a019b"", ""steps"": 45}]",92d3eaba5d5dc6d58c35026b3849f9223de65d63b8788c893001eec2390712ff,0.7279571995139158,1.488339508861275,step_4_H2O,7.0,0.0,True,0.5882590022682824,0.8685081580424162,False,quantitative_screening,1,1,6b231de84baa624f61ca,False,
"('HEA', ('Fe', 'Mo', 'Rh', 'Hf', 'Sn'), 'fcc', '211', 800)",HEA,False,esen-sm-conserving-all-oc25:relax-v4:orr-che-v3,True,0.07483022744499966,84,150,0.08,converged,,bfgs_standard,"[{""ase_converged"": true, ""converged"": true, ""end_geometry_sha256"": ""e604ca55254a2d475c39067d2a6fb03f16dd76f93d1ffec3acf3786bf2946dc6"", ""failure_class"": null, ""max_force_eV_A"": 0.07483022744499966, ""name"": ""bfgs_standard"", ""start_geometry_sha256"": ""b43d11fc8a7851cee233669d98389e5cc2c99f925bb4c615fdf1997ef9ca5e91"", ""steps"": 84}]",e604ca55254a2d475c39067d2a6fb03f16dd76f93d1ffec3acf3786bf2946dc6,-184.1043659769664,True,0.07305239921234438,337,100,0.08,converged,,bfgs_after_fire,"[{""ase_converged"": false, ""converged"": false, ""end_geometry_sha256"": ""8e3b7454d92dc5148e9450020783b96ce9f12b4350ed98ff35f9f00986d43dd5"", ""failure_class"": ""force_threshold"", ""max_force_eV_A"": 0.34151338477055637, ""name"": ""bfgs_standard"", ""start_geometry_sha256"": ""f9a79353451f31221f0e00f66ab51495325ab0fc8db0e516d7cb64d161e39883"", ""steps"": 100}, {""ase_converged"": false, ""converged"": false, ""end_geometry_sha256"": ""093300a60ea5143ec3acc438648388fe7b557282defbae57468494f7bbda37d9"", ""failure_class"": ""force_threshold"", ""max_force_eV_A"": 1.2938839786589198, ""name"": ""fire_precondition"", ""qualifying"": false, ""start_geometry_sha256"": ""f9a79353451f31221f0e00f66ab51495325ab0fc8db0e516d7cb64d161e39883"", ""steps"": 50}, {""ase_converged"": true, ""converged"": true, ""end_geometry_sha256"": ""0eb0a41463bea7e65134b2cbbaba78294ef7df275000db9b21d4048a440b8b3a"", ""failure_class"": null, ""max_force_eV_A"": 0.07305239921234438, ""name"": ""bfgs_after_fire"", ""start_geometry_sha256"": ""093300a60ea5143ec3acc438648388fe7b557282defbae57468494f7bbda37d9"", ""steps"": 187}]",0eb0a41463bea7e65134b2cbbaba78294ef7df275000db9b21d4048a440b8b3a,-1.8547517631947994,True,0.0772763082904865,73.0,100.0,0.08,converged,,bfgs_standard,"[{""ase_converged"": true, ""converged"": true, ""end_geometry_sha256"": ""7a07ae827cd8b20f7eeffd3a8be0898d2503cbff2f376d1dbbd41163b90272a5"", ""failure_class"": null, ""max_force_eV_A"": 0.0772763082904865, ""name"": ""bfgs_standard"", ""start_geometry_sha256"": ""da849abe2c7c4c23f9aacfdfa840a3bc1f77b99ed9cd33816c33d2f3d9c69baa"", ""steps"": 73}]",7a07ae827cd8b20f7eeffd3a8be0898d2503cbff2f376d1dbbd41163b90272a5,1.9100064404309116,False,0.38631597890108615,650.0,100.0,0.08,recovery_exhausted,force_threshold,fire_small_step,"[{""ase_converged"": false, ""converged"": false, ""end_geometry_sha256"": ""eab8ae7748ccefad66e93fac7c42883a4f68d38687ae212c76448d492c36ddf2"", ""failure_class"": ""force_threshold"", ""max_force_eV_A"": 451.5164640241455, ""name"": ""bfgs_standard"", ""start_geometry_sha256"": ""d74ced738b49af3c088845a5276003c7db65d04bf4f012eeec45536f867dc811"", ""steps"": 100}, {""ase_converged"": false, ""converged"": false, ""end_geometry_sha256"": ""0757a3c6f05d5d7c64f5030e490d8e5201dfc5483c92df10e0b58c5d05b227bf"", ""failure_class"": ""force_threshold"", ""max_force_eV_A"": 66.24572156572076, ""name"": ""fire_precondition"", ""qualifying"": false, ""start_geometry_sha256"": ""d74ced738b49af3c088845a5276003c7db65d04bf4f012eeec45536f867dc811"", ""steps"": 50}, {""ase_converged"": false, ""converged"": false, ""end_geometry_sha256"": ""9dc8eebbc1944696ab807dae48d3c74672af59fbffa3cdd52228585cc2d20436"", ""failure_class"": ""force_threshold"", ""max_force_eV_A"": 0.386600417788167, ""name"": ""bfgs_after_fire"", ""start_geometry_sha256"": ""0757a3c6f05d5d7c64f5030e490d8e5201dfc5483c92df10e0b58c5d05b227bf"", ""steps"": 200}, {""ase_converged"": false, ""converged"": false, ""end_geometry_sha256"": ""0e11296fa078dbca59e3a7f01d61b766c97d6f7e21a521b7d3e6acaa568149c0"", ""failure_class"": ""force_threshold"", ""max_force_eV_A"": 0.38631597890108615, ""name"": ""fire_small_step"", ""start_geometry_sha256"": ""9dc8eebbc1944696ab807dae48d3c74672af59fbffa3cdd52228585cc2d20436"", ""steps"": 300}]",0e11296fa078dbca59e3a7f01d61b766c97d6f7e21a521b7d3e6acaa568149c0,,,,,,,,,True,validation_required,0,0,8cff93671cb5372442d4,False,Unconverged ooh relaxation: max_force=0.386316 eV/A after 650 cumulative recovery steps
"('HEA', ('Fe', 'Ru', 'Pd', 'Sb', 'La'), 'hcp', '211', 900)",HEA,True,esen-sm-conserving-all-oc25:relax-v4:orr-che-v3,True,0.06629599079272948,311,150,0.08,converged,,bfgs_after_fire,"[{""ase_converged"": false, ""converged"": false, ""end_geometry_sha256"": ""c4447ac5d267e6344336b471b3af851b73678d3a290668cb9fd7b15b454ca730"", ""failure_class"": ""force_threshold"", ""max_force_eV_A"": 1.2976689541232898, ""name"": ""bfgs_standard"", ""start_geometry_sha256"": ""25b0396c1c432dfeec7dae9c1953e55e48159fe49e774f41b9a5b4ce29985870"", ""steps"": 150}, {""ase_converged"": false, ""converged"": false, ""end_geometry_sha256"": ""1d4a03540ffcff8f1606905caffbe367335c58edb35e8d2ac7390bb5daddc789"", ""failure_class"": ""force_threshold"", ""max_force_eV_A"": 0.6435237646641527, ""name"": ""fire_precondition"", ""qualifying"": false, ""start_geometry_sha256"": ""25b0396c1c432dfeec7dae9c1953e55e48159fe49e774f41b9a5b4ce29985870"", ""steps"": 75}, {""ase_converged"": true, ""converged"": true, ""end_geometry_sha256"": ""d27e8a12d2e2525c39abc38de0429342328f3bf027c08c046d5ca6b7ee0d7be5"", ""failure_class"": null, ""max_force_eV_A"": 0.06629599079272948, ""name"": ""bfgs_after_fire"", ""start_geometry_sha256"": ""1d4a03540ffcff8f1606905caffbe367335c58edb35e8d2ac7390bb5daddc789"", ""steps"": 86}]",d27e8a12d2e2525c39abc38de0429342328f3bf027c08c046d5ca6b7ee0d7be5,-234.29948251578747,True,0.06206806047472877,44,100,0.08,converged,,bfgs_standard,"[{""ase_converged"": true, ""converged"": true, ""end_geometry_sha256"": ""39ac271a00aa29d5978f433b384f8af8581707204b7c5574ae7bfbf6319d60e9"", ""failure_class"": null, ""max_force_eV_A"": 0.06206806047472877, ""name"": ""bfgs_standard"", ""start_geometry_sha256"": ""dc194db89ed0d05b6ad9f23437b49787353b4ff619c336c6de984fb5dd3ea7ad"", ""steps"": 44}]",39ac271a00aa29d5978f433b384f8af8581707204b7c5574ae7bfbf6319d60e9,-1.7231580589712234,True,0.06640976797451409,31.0,100.0,0.08,converged,,bfgs_standard,"[{""ase_converged"": true, ""converged"": true, ""end_geometry_sha256"": ""c93663bb7c66e8cfe40c57bb75b2ea398cdae045db3ffb24dee3e81e740f39c9"", ""failure_class"": null, ""max_force_eV_A"": 0.06640976797451409, ""name"": ""bfgs_standard"", ""start_geometry_sha256"": ""5a58c3cbb5cca913bc8daa15e6d10a8bcf6db1a55921d5f3a998ba17f6f17bf6"", ""steps"": 31}]",c93663bb7c66e8cfe40c57bb75b2ea398cdae045db3ffb24dee3e81e740f39c9,-1.7633334033191452,True,0.06887700326419423,292.0,100.0,0.08,converged,,bfgs_after_fire,"[{""ase_converged"": false, ""converged"": false, ""end_geometry_sha256"": ""79a13a49aaa8fce757881d1c26dd00e40d002df9f1ffd437ab9e91e07ccc1b39"", ""failure_class"": ""force_threshold"", ""max_force_eV_A"": 0.18009566034920077, ""name"": ""bfgs_standard"", ""start_geometry_sha256"": ""9682485f44d6f3465f334274ad9b769b9792164e4b9802c02c517829b18f4e93"", ""steps"": 100}, {""ase_converged"": false, ""converged"": false, ""end_geometry_sha256"": ""4d7e9b0ab491bbcda777dc5fd785cdcb3eee3255c4a91852e127f1b16dd83efd"", ""failure_class"": ""force_threshold"", ""max_force_eV_A"": 1.7180952186383982, ""name"": ""fire_precondition"", ""qualifying"": false, ""start_geometry_sha256"": ""9682485f44d6f3465f334274ad9b769b9792164e4b9802c02c517829b18f4e93"", ""steps"": 50}, {""ase_converged"": true, ""converged"": true, ""end_geometry_sha256"": ""5bb44e31473b5885391e456decd12d96778ad864efdc4f7e0940fce5bd36aa2c"", ""failure_class"": null, ""max_force_eV_A"": 0.06887700326419423, ""name"": ""bfgs_after_fire"", ""start_geometry_sha256"": ""4d7e9b0ab491bbcda777dc5fd785cdcb3eee3255c4a91852e127f1b16dd83efd"", ""steps"": 142}]",5bb44e31473b5885391e456decd12d96778ad864efdc4f7e0940fce5bd36aa2c,-3.254944373667265,2.9521580589712233,step_4_H2O,7.0,-1.6725222973609966,True,3.4864914622903687,0.8685081580424162,False,quantitative_screening,1,1,aa9ec8ab6319c8fe6482,False,
"('HEA', ('Fe', 'Au', 'Si', 'Ga', 'La'), 'fcc', '211', 1200)",HEA,True,esen-sm-conserving-all-oc25:relax-v4:orr-che-v3,True,0.07676637163636682,53,150,0.08,converged,,bfgs_standard,"[{""ase_converged"": true, ""converged"": true, ""end_geometry_sha256"": ""45c0672032b1274b13898c656f60e469ac0b41e71918366b583d5950df72c5d5"", ""failure_class"": null, ""max_force_eV_A"": 0.07676637163636682, ""name"": ""bfgs_standard"", ""start_geometry_sha256"": ""751a20e57eebe5146aa625355356a13499a722b7354bba9a77fb64c62587d370"", ""steps"": 53}]",45c0672032b1274b13898c656f60e469ac0b41e71918366b583d5950df72c5d5,-162.57210969962304,True,0.0766992235291214,62,100,0.08,converged,,bfgs_standard,"[{""ase_converged"": true, ""converged"": true, ""end_geometry_sha256"": ""b8c58598429c35c4d939ef7d4e55a324064ecaa22a68f8ba74b82ebc0d9b6e66"", ""failure_class"": null, ""max_force_eV_A"": 0.0766992235291214, ""name"": ""bfgs_standard"", ""start_geometry_sha256"": ""e5b9f7346a9035f12062e04fe9c5a934acffed50453c98a3bbcc5e8424595cae"", ""steps"": 62}]",b8c58598429c35c4d939ef7d4e55a324064ecaa22a68f8ba74b82ebc0d9b6e66,1.5997312690317347,True,0.07515830059544676,50.0,100.0,0.08,converged,,bfgs_standard,"[{""ase_converged"": true, ""converged"": true, ""end_geometry_sha256"": ""e1d18ddc0defaa2a51b953b2f83fa63f3189ab8b92735909c553e0cc4e457c13"", ""failure_class"": null, ""max_force_eV_A"": 0.07515830059544676, ""name"": ""bfgs_standard"", ""start_geometry_sha256"": ""d71c7b39b317a5f3039480caf7998e4e7bd94f73ef4f6f148cfddad43ce3148a"", ""steps"": 50}]",e1d18ddc0defaa2a51b953b2f83fa63f3189ab8b92735909c553e0cc4e457c13,2.4325741894543205,True,0.07785449248954328,226.0,100.0,0.08,converged,,bfgs_after_fire,"[{""ase_converged"": false, ""converged"": false, ""end_geometry_sha256"": ""4c4a0627a4fd8349aed96c030bdbc3b8a703a854a349c423edfd9db23cf865cd"", ""failure_class"": ""force_threshold"", ""max_force_eV_A"": 8.544128373660305, ""name"": ""bfgs_standard"", ""start_geometry_sha256"": ""892d378c50ee2054401e25187c10548c44d6fb570e318a39c80e551c659a7e24"", ""steps"": 100}, {""ase_converged"": false, ""converged"": false, ""end_geometry_sha256"": ""d6da7a056895572106db075a65412d87f8df53726bce19b902bb3a77c8c0c8e9"", ""failure_class"": ""force_threshold"", ""max_force_eV_A"": 74.39824342710466, ""name"": ""fire_precondition"", ""qualifying"": false, ""start_geometry_sha256"": ""892d378c50ee2054401e25187c10548c44d6fb570e318a39c80e551c659a7e24"", ""steps"": 50}, {""ase_converged"": true, ""converged"": true, ""end_geometry_sha256"": ""09bef93fa2cdf9bb662a9264fe427b2d234fab30367a168106c64626db812a1f"", ""failure_class"": null, ""max_force_eV_A"": 0.07785449248954328, ""name"": ""bfgs_after_fire"", ""start_geometry_sha256"": ""d6da7a056895572106db075a65412d87f8df53726bce19b902bb3a77c8c0c8e9"", ""steps"": 76}]",09bef93fa2cdf9bb662a9264fe427b2d234fab30367a168106c64626db812a1f,8.754281471669678,3.0,step_1_OOH,7.0,0.0,True,4.032305458486055,0.8685081580424162,False,quantitative_screening,2,2,c42e32b91c338be7f2e3,False,
"('Spinel', 'Co', 'V', 'Zr', 'nanosheet', 'none')",Spinel,True,esen-sm-conserving-all-oc25:relax-v4:orr-che-v3,True,0.0761180435781079,145,150,0.08,converged,,bfgs_standard,"[{""ase_converged"": true, ""converged"": true, ""end_geometry_sha256"": ""9440d208fe87817ff1252bfe97ff499f7528742bf0ea706a5917f99c85740352"", ""failure_class"": null, ""max_force_eV_A"": 0.0761180435781079, ""name"": ""bfgs_standard"", ""start_geometry_sha256"": ""2e21000e9424e364a7193cfc26e8cb579a7eb98bdb2fa1a67f614cef27ff87b1"", ""steps"": 145}]",9440d208fe87817ff1252bfe97ff499f7528742bf0ea706a5917f99c85740352,-431.7436520093537,True,0.07981629428717774,48,100,0.08,converged,,bfgs_standard,"[{""ase_converged"": true, ""converged"": true, ""end_geometry_sha256"": ""fc6b37211e49dfebf28d7da84930f978863cb4398116ee1a5e7cda6c1a58feed"", ""failure_class"": null, ""max_force_eV_A"": 0.07981629428717774, ""name"": ""bfgs_standard"", ""start_geometry_sha256"": ""86bcf90b05cb1ce4213c6b86cea512baa0d4dc05cb9a6bc0f6087e0d537cae3b"", ""steps"": 48}]",fc6b37211e49dfebf28d7da84930f978863cb4398116ee1a5e7cda6c1a58feed,-0.4628311966360184,True,0.07756489979753381,36.0,100.0,0.08,converged,,bfgs_standard,"[{""ase_converged"": true, ""converged"": true, ""end_geometry_sha256"": ""05ec921a5c42676850523fb74213b0484cc971ef69fb797b26bfdcd80da17ead"", ""failure_class"": null, ""max_force_eV_A"": 0.07756489979753381, ""name"": ""bfgs_standard"", ""start_geometry_sha256"": ""23e55d2a79db7c130a47bef7eb68b2ed4ba5cc93fdf4d1b84f85ce9f52e22807"", ""steps"": 36}]",05ec921a5c42676850523fb74213b0484cc971ef69fb797b26bfdcd80da17ead,-0.5750125281512986,True,0.06438026778664771,66.0,100.0,0.08,converged,,bfgs_standard,"[{""ase_converged"": true, ""converged"": true, ""end_geometry_sha256"": ""86293c65e9f02a554dba74c952cac7264c69c389c9d84ba0a6212d33a51b70f1"", ""failure_class"": null, ""max_force_eV_A"": 0.06438026778664771, ""name"": ""bfgs_standard"", ""start_geometry_sha256"": ""db58a6db6c2e5f150f3da7c32d622850f05e4439896089d07d53d4fc8b56f406"", ""steps"": 66}]",86293c65e9f02a554dba74c952cac7264c69c389c9d84ba0a6212d33a51b70f1,2.78552133887998,1.6918311966360184,step_4_H2O,8.0,0.0,True,1.037843724787317,0.740000000035,False,quantitative_screening,2,2,6567e98f455100663124,False,
"('Spinel', 'Co', 'Ni', 'La', 'nanorod', 'none')",Spinel,True,esen-sm-conserving-all-oc25:relax-v4:orr-che-v3,True,0.0620326416803917,145,150,0.08,converged,,bfgs_standard,"[{""ase_converged"": true, ""converged"": true, ""end_geometry_sha256"": ""90b2806b4a2f4aab23c61fcc3d0dc6ce64e61604bdb0c266ed0c5035a473dbf3"", ""failure_class"": null, ""max_force_eV_A"": 0.0620326416803917, ""name"": ""bfgs_standard"", ""start_geometry_sha256"": ""d7b5f3b9ecbb0166daf74db1b36b145a9413b9d26f2ba90a36d87b2e05cedfd9"", ""steps"": 145}]",90b2806b4a2f4aab23c61fcc3d0dc6ce64e61604bdb0c266ed0c5035a473dbf3,-296.7609705568029,True,0.06043461646801529,52,100,0.08,converged,,bfgs_standard,"[{""ase_converged"": true, ""converged"": true, ""end_geometry_sha256"": ""2a94b28952d93d2e72572ddda5f8700e59b04b67d4d54d75810c2cb887dab2fc"", ""failure_class"": null, ""max_force_eV_A"": 0.06043461646801529, ""name"": ""bfgs_standard"", ""start_geometry_sha256"": ""a3ba32f8155bdc9e4dc2074ec34d6adf48693d09be1c176be168b90659518982"", ""steps"": 52}]",2a94b28952d93d2e72572ddda5f8700e59b04b67d4d54d75810c2cb887dab2fc,0.3822706367075443,True,0.0792041697170252,30.0,100.0,0.08,converged,,bfgs_standard,"[{""ase_converged"": true, ""converged"": true, ""end_geometry_sha256"": ""fecbfcef5d2141846a1c55044e896b33dae9a1568b15c219dab44a608e66b379"", ""failure_class"": null, ""max_force_eV_A"": 0.0792041697170252, ""name"": ""bfgs_standard"", ""start_geometry_sha256"": ""751a158351898790ae43bf392f1dfee1fdfbccf50d4c988fc9a7312a6ab5af6a"", ""steps"": 30}]",fecbfcef5d2141846a1c55044e896b33dae9a1568b15c219dab44a608e66b379,1.5915974743664016,True,0.07870676056107341,223.0,100.0,0.08,converged,,bfgs_after_fire,"[{""ase_converged"": false, ""converged"": false, ""end_geometry_sha256"": ""6a78798be47fe4edd1aace74290155bc8c890f97f7a5d3b6aa2be8a0cea28e02"", ""failure_class"": ""force_threshold"", ""max_force_eV_A"": 0.3459639340766196, ""name"": ""bfgs_standard"", ""start_geometry_sha256"": ""48749ffd2321421bc8a0da5db33519ed1702ef4e647314631adf344126890645"", ""steps"": 100}, {""ase_converged"": true, ""converged"": true, ""end_geometry_sha256"": ""fe76478f6bfbe0d002d9df3ec41747b6597ab8c93becaa3aeadc483c57afb629"", ""failure_class"": null, ""max_force_eV_A"": 0.20625098506919934, ""name"": ""fire_precondition"", ""qualifying"": false, ""start_geometry_sha256"": ""48749ffd2321421bc8a0da5db33519ed1702ef4e647314631adf344126890645"", ""steps"": 40}, {""ase_converged"": true, ""converged"": true, ""end_geometry_sha256"": ""368ee9b8d6805c98f0603136f0cbacece29e2b29de1d9461972a4be180abe236"", ""failure_class"": null, ""max_force_eV_A"": 0.07870676056107341, ""name"": ""bfgs_after_fire"", ""start_geometry_sha256"": ""fe76478f6bfbe0d002d9df3ec41747b6597ab8c93becaa3aeadc483c57afb629"", ""steps"": 83}]",368ee9b8d6805c98f0603136f0cbacece29e2b29de1d9461972a4be180abe236,2.4597372516989457,0.8467293632924557,step_4_H2O,9.0,0.0,True,1.973868111073946,0.6852014328916924,False,quantitative_screening,1,1,2ffd9dc2352ec1d7a80a,False,
"('Spinel', 'Co', 'Ni', 'Nb', 'nanoparticle', 'N-CNT')",Spinel,True,esen-sm-conserving-all-oc25:relax-v4:orr-che-v3,True,0.0788658283182337,363,150,0.08,converged,,bfgs_after_fire,"[{""ase_converged"": false, ""converged"": false, ""end_geometry_sha256"": ""353357a8894f82627a5efb65444982f2c2f1488d1d22ec199f78478678995076"", ""failure_class"": ""force_threshold"", ""max_force_eV_A"": 0.3264130248489218, ""name"": ""bfgs_standard"", ""start_geometry_sha256"": ""f8b310713c66413d25c3e797a374ccbb92d3bb538940eda2fe52649fc1237659"", ""steps"": 150}, {""ase_converged"": false, ""converged"": false, ""end_geometry_sha256"": ""dbddbef5e484175652df731b35e3a2319bab5ce57d85879b74c0b9f87d428bb5"", ""failure_class"": ""force_threshold"", ""max_force_eV_A"": 1.5047139517919794, ""name"": ""fire_precondition"", ""qualifying"": false, ""start_geometry_sha256"": ""f8b310713c66413d25c3e797a374ccbb92d3bb538940eda2fe52649fc1237659"", ""steps"": 75}, {""ase_converged"": true, ""converged"": true, ""end_geometry_sha256"": ""09eb0a6df6ba56f48c3c15421dd0e4c2fdaf05e4bfb27d4c0e26a66c8a59a170"", ""failure_class"": null, ""max_force_eV_A"": 0.0788658283182337, ""name"": ""bfgs_after_fire"", ""start_geometry_sha256"": ""dbddbef5e484175652df731b35e3a2319bab5ce57d85879b74c0b9f87d428bb5"", ""steps"": 138}]",09eb0a6df6ba56f48c3c15421dd0e4c2fdaf05e4bfb27d4c0e26a66c8a59a170,-315.94065727985276,True,0.07047532457249339,50,100,0.08,converged,,bfgs_standard,"[{""ase_converged"": true, ""converged"": true, ""end_geometry_sha256"": ""53e9d4f3e0cb818e0fc73927a7d3e2640891300e944b42fafd26aa076800e154"", ""failure_class"": null, ""max_force_eV_A"": 0.07047532457249339, ""name"": ""bfgs_standard"", ""start_geometry_sha256"": ""1fefa32d2694b5da1c17866f87d85dc196545e60f540e37fee34f224ef57774b"", ""steps"": 50}]",53e9d4f3e0cb818e0fc73927a7d3e2640891300e944b42fafd26aa076800e154,0.20536786571145055,True,0.07929683101229831,33.0,100.0,0.08,converged,,bfgs_standard,"[{""ase_converged"": true, ""converged"": true, ""end_geometry_sha256"": ""61bf0f5553e1dd93a759532f9487fa6105a2d8adad6dd32dec32681fc936a914"", ""failure_class"": null, ""max_force_eV_A"": 0.07929683101229831, ""name"": ""bfgs_standard"", ""start_geometry_sha256"": ""e505bb4b2087084d89401bd9990fc3c6cf46e88fe2e2cc3fa7aaeb39f4522faa"", ""steps"": 33}]",61bf0f5553e1dd93a759532f9487fa6105a2d8adad6dd32dec32681fc936a914,3.1091450817882764,True,0.07577457842819905,59.0,100.0,0.08,converged,,bfgs_standard,"[{""ase_converged"": true, ""converged"": true, ""end_geometry_sha256"": ""8294d05aa41bd4d31f284a41653086bf74e127d56bf1507e91ece94f177df40d"", ""failure_class"": null, ""max_force_eV_A"": 0.07577457842819905, ""name"": ""bfgs_standard"", ""start_geometry_sha256"": ""ae485dcade4256b428101a0dc155a16220be0fc6599ff6a3c4e73957733c1899"", ""steps"": 59}]",8294d05aa41bd4d31f284a41653086bf74e127d56bf1507e91ece94f177df40d,3.963410805165743,1.0236321342885495,step_4_H2O,9.0,0.0,True,3.314512947499727,0.740000000035,False,quantitative_screening,2,2,10b5697955e98389c03c,False,
"('Spinel', 'Co', 'Ni', 'Nb', 'mesoporous', 'N-graphene')",Spinel,True,esen-sm-conserving-all-oc25:relax-v4:orr-che-v3,True,0.0786288281844267,128,150,0.08,converged,,bfgs_standard,"[{""ase_converged"": true, ""converged"": true, ""end_geometry_sha256"": ""1b6a70c286753cc0cba5bfecd645f24ea9366a126b908fe57c161226de54c860"", ""failure_class"": null, ""max_force_eV_A"": 0.0786288281844267, ""name"": ""bfgs_standard"", ""start_geometry_sha256"": ""b57c5bc3f36181c7a06c18b03c6d1f1254412848abe9acd0bea6cae83a3da67f"", ""steps"": 128}]",1b6a70c286753cc0cba5bfecd645f24ea9366a126b908fe57c161226de54c860,-311.50513407192307,True,0.07848622963232973,224,100,0.08,converged,,bfgs_after_fire,"[{""ase_converged"": false, ""converged"": false, ""end_geometry_sha256"": ""18ae1b4f6562a7c68a82fdb1fd43f925e9320765bee2b388ffa1c21abc73f136"", ""failure_class"": ""force_threshold"", ""max_force_eV_A"": 0.12295858569974791, ""name"": ""bfgs_standard"", ""start_geometry_sha256"": ""b008d7245fdb9bba83f887124b61f13cf709075da5f785a553b214dcdd9a1788"", ""steps"": 100}, {""ase_converged"": false, ""converged"": false, ""end_geometry_sha256"": ""4593bd29507603d17e6079a407ff851f31af091a83e0d705bc7f0b0e7a8108e3"", ""failure_class"": ""force_threshold"", ""max_force_eV_A"": 1.075690250397015, ""name"": ""fire_precondition"", ""qualifying"": false, ""start_geometry_sha256"": ""b008d7245fdb9bba83f887124b61f13cf709075da5f785a553b214dcdd9a1788"", ""steps"": 50}, {""ase_converged"": true, ""converged"": true, ""end_geometry_sha256"": ""c181aa30e458ec2d02b111fc02128c07fd0e36a137d331758154afc0933272cf"", ""failure_class"": null, ""max_force_eV_A"": 0.07848622963232973, ""name"": ""bfgs_after_fire"", ""start_geometry_sha256"": ""4593bd29507603d17e6079a407ff851f31af091a83e0d705bc7f0b0e7a8108e3"", ""steps"": 74}]",c181aa30e458ec2d02b111fc02128c07fd0e36a137d331758154afc0933272cf,-1.1353303764759357,True,0.05886024631608369,169.0,100.0,0.08,converged,,bfgs_after_fire,"[{""ase_converged"": false, ""converged"": false, ""end_geometry_sha256"": ""68967d639412315295c66e6c3ba7ef07fafd8d584be742cf66392683b8dc65cc"", ""failure_class"": ""force_threshold"", ""max_force_eV_A"": 0.35808338646148613, ""name"": ""bfgs_standard"", ""start_geometry_sha256"": ""fb9049ec7f5d40e361483cd948e7146e4526b23f4cf64957956735f0fe7a2454"", ""steps"": 100}, {""ase_converged"": false, ""converged"": false, ""end_geometry_sha256"": ""35faf479f7198be46dab442d54810a9bc178d5034f46ca82db31d161d6dad780"", ""failure_class"": ""force_threshold"", ""max_force_eV_A"": 0.28485837281185034, ""name"": ""fire_precondition"", ""qualifying"": false, ""start_geometry_sha256"": ""fb9049ec7f5d40e361483cd948e7146e4526b23f4cf64957956735f0fe7a2454"", ""steps"": 50}, {""ase_converged"": true, ""converged"": true, ""end_geometry_sha256"": ""bd0bc95b85c76389fae1c4e934e49846e433adea3adf059b9e5a4b6c125ab0e1"", ""failure_class"": null, ""max_force_eV_A"": 0.05886024631608369, ""name"": ""bfgs_after_fire"", ""start_geometry_sha256"": ""35faf479f7198be46dab442d54810a9bc178d5034f46ca82db31d161d6dad780"", ""steps"": 19}]",bd0bc95b85c76389fae1c4e934e49846e433adea3adf059b9e5a4b6c125ab0e1,2.8129376538098745,True,0.07870009955193648,98.0,100.0,0.08,converged,,bfgs_standard,"[{""ase_converged"": true, ""converged"": true, ""end_geometry_sha256"": ""6ae4d7b97c7e6aeeabf7a0df3d5854af6f28b7a12fbaf86148a110415bf490eb"", ""failure_class"": null, ""max_force_eV_A"": 0.07870009955193648, ""name"": ""bfgs_standard"", ""start_geometry_sha256"": ""e417617b5c79921a249c553fbad9b54f50dea3c984b5fd2b596a609015f0f709"", ""steps"": 98}]",6ae4d7b97c7e6aeeabf7a0df3d5854af6f28b7a12fbaf86148a110415bf490eb,1.836156319081872,2.3643303764759356,step_4_H2O,9.0,0.0,True,3.94826803028581,0.740000000035,False,quantitative_screening,0,0,14c635b3516b8b5bea46,False,
"('Spinel', 'Co', 'Ni', 'W', 'hollow_sphere', 'N-CNT')",Spinel,True,esen-sm-conserving-all-oc25:relax-v4:orr-che-v3,True,0.0767568153762371,436,150,0.08,converged,,bfgs_after_fire,"[{""ase_converged"": false, ""converged"": false, ""end_geometry_sha256"": ""6570e1ae318fba84cebad1cc5d74ea982f768fcd8cae9783cea40546f3e13c3a"", ""failure_class"": ""force_threshold"", ""max_force_eV_A"": 0.19627503483188316, ""name"": ""bfgs_standard"", ""start_geometry_sha256"": ""b837d5e7171a7effcfcc2779a8f566d433f2d26ad995593f195581828fa782a2"", ""steps"": 150}, {""ase_converged"": false, ""converged"": false, ""end_geometry_sha256"": ""220a92d0411e42f13cf61e268ae54812f55fe66c2b1d6acbc34888a0a756995b"", ""failure_class"": ""force_threshold"", ""max_force_eV_A"": 0.8460774265398683, ""name"": ""fire_precondition"", ""qualifying"": false, ""start_geometry_sha256"": ""b837d5e7171a7effcfcc2779a8f566d433f2d26ad995593f195581828fa782a2"", ""steps"": 75}, {""ase_converged"": true, ""converged"": true, ""end_geometry_sha256"": ""d90f9552c57fb1caae4bf902152e7dcae02fb12667eaf608745ba263fce6e20f"", ""failure_class"": null, ""max_force_eV_A"": 0.0767568153762371, ""name"": ""bfgs_after_fire"", ""start_geometry_sha256"": ""220a92d0411e42f13cf61e268ae54812f55fe66c2b1d6acbc34888a0a756995b"", ""steps"": 211}]",d90f9552c57fb1caae4bf902152e7dcae02fb12667eaf608745ba263fce6e20f,-314.31773940778595,True,0.07807635719384756,239,100,0.08,converged,,bfgs_after_fire,"[{""ase_converged"": false, ""converged"": false, ""end_geometry_sha256"": ""dceee99007057b804e13c79a2030c515c1430e2888ee1f6c2dbd14a3a3cf1270"", ""failure_class"": ""force_threshold"", ""max_force_eV_A"": 0.08565540832987889, ""name"": ""bfgs_standard"", ""start_geometry_sha256"": ""f1524d8530ba13329703fe3e6034fff80324e031d8c0c3cb284f4ac60c14e25a"", ""steps"": 100}, {""ase_converged"": false, ""converged"": false, ""end_geometry_sha256"": ""2f85af67dde4a2e5c08a8d923ef1859adc059418ebdd10cc9989c2210fdb910d"", ""failure_class"": ""force_threshold"", ""max_force_eV_A"": 1.0272531315137832, ""name"": ""fire_precondition"", ""qualifying"": false, ""start_geometry_sha256"": ""f1524d8530ba13329703fe3e6034fff80324e031d8c0c3cb284f4ac60c14e25a"", ""steps"": 50}, {""ase_converged"": true, ""converged"": true, ""end_geometry_sha256"": ""6cd9d83123173c1e54a271fe2d0d5a87910a7e6c9ee8bb028d8b6781540cdb17"", ""failure_class"": null, ""max_force_eV_A"": 0.07807635719384756, ""name"": ""bfgs_after_fire"", ""start_geometry_sha256"": ""2f85af67dde4a2e5c08a8d923ef1859adc059418ebdd10cc9989c2210fdb910d"", ""steps"": 89}]",6cd9d83123173c1e54a271fe2d0d5a87910a7e6c9ee8bb028d8b6781540cdb17,0.8147771979868412,True,0.07189155644586188,85.0,100.0,0.08,converged,,bfgs_standard,"[{""ase_converged"": true, ""converged"": true, ""end_geometry_sha256"": ""b38220cbe0f45e0546c2eb95833051f28b0e0e0435b6034453a0362e8ce3d88c"", ""failure_class"": null, ""max_force_eV_A"": 0.07189155644586188, ""name"": ""bfgs_standard"", ""start_geometry_sha256"": ""e36ab2141f88cc2176cf2d46716304964e83f68c9907e9e85f3bba405567630e"", ""steps"": 85}]",b38220cbe0f45e0546c2eb95833051f28b0e0e0435b6034453a0362e8ce3d88c,0.8855809338391147,True,0.07226073282881439,212.0,100.0,0.08,converged,,bfgs_after_fire,"[{""ase_converged"": false, ""converged"": false, ""end_geometry_sha256"": ""65acedd6e33b782db3203ef43bae8aff28e31b95278628eb15455498f8963d7c"", ""failure_class"": ""force_threshold"", ""max_force_eV_A"": 0.8021862721625367, ""name"": ""bfgs_standard"", ""start_geometry_sha256"": ""1b01464877ab18a5aafdf1e46876567aa742c98494df359e93851995a3999667"", ""steps"": 100}, {""ase_converged"": false, ""converged"": false, ""end_geometry_sha256"": ""44ba433965f016fb60d123af413a2cefdf67854679812c8a30bff370c946cc22"", ""failure_class"": ""force_threshold"", ""max_force_eV_A"": 1.2277557381079194, ""name"": ""fire_precondition"", ""qualifying"": false, ""start_geometry_sha256"": ""1b01464877ab18a5aafdf1e46876567aa742c98494df359e93851995a3999667"", ""steps"": 50}, {""ase_converged"": true, ""converged"": true, ""end_geometry_sha256"": ""4bf055d42a781b5f496a760a7584a020dde112187b3748a87afbf56f49ce0133"", ""failure_class"": null, ""max_force_eV_A"": 0.07226073282881439, ""name"": ""bfgs_after_fire"", ""start_geometry_sha256"": ""44ba433965f016fb60d123af413a2cefdf67854679812c8a30bff370c946cc22"", ""steps"": 62}]",4bf055d42a781b5f496a760a7584a020dde112187b3748a87afbf56f49ce0133,2.165994118154024,1.1581962641477266,step_3_OH,9.0,0.0,True,1.700358131825956,0.740000000035,False,quantitative_screening,1,1,659edc569cfb375048ac,False,
"('Spinel', 'Co', 'Ni', 'None', 'nanosheet', 'none')",Spinel,True,esen-sm-conserving-all-oc25:relax-v4:orr-che-v3,True,0.0764879853706141,55,150,0.08,converged,,bfgs_standard,"[{""ase_converged"": true, ""converged"": true, ""end_geometry_sha256"": ""dfc439fc92887f44145dc3090efd5124f23723ffa501ab86714fa093c5389088"", ""failure_class"": null, ""max_force_eV_A"": 0.0764879853706141, ""name"": ""bfgs_standard"", ""start_geometry_sha256"": ""6a474347fd3a8fa7e7fe174f8fad3bc59b26d8c0274cb81441034d574d38b22d"", ""steps"": 55}]",dfc439fc92887f44145dc3090efd5124f23723ffa501ab86714fa093c5389088,-302.3271850427597,True,0.06855525296215814,274,100,0.08,converged,,bfgs_after_fire,"[{""ase_converged"": false, ""converged"": false, ""end_geometry_sha256"": ""a1baf0c3d1c2b642f4e8d7a42b04455219654690b56537129ee980aebf8ddaa3"", ""failure_class"": ""force_threshold"", ""max_force_eV_A"": 0.4474334209830742, ""name"": ""bfgs_standard"", ""start_geometry_sha256"": ""310567d5de08b27bec3444d3c046948baa095e4d25b7e7bacac0024db8ca15ad"", ""steps"": 100}, {""ase_converged"": false, ""converged"": false, ""end_geometry_sha256"": ""9b10f000891281fece5eb9307d372abdbc1fc8139c557e5ae5c825d1f6813936"", ""failure_class"": ""force_threshold"", ""max_force_eV_A"": 0.4945301757819657, ""name"": ""fire_precondition"", ""qualifying"": false, ""start_geometry_sha256"": ""310567d5de08b27bec3444d3c046948baa095e4d25b7e7bacac0024db8ca15ad"", ""steps"": 50}, {""ase_converged"": true, ""converged"": true, ""end_geometry_sha256"": ""20537c71c4d4b986f2be7bb7d057e83270816a8de451b6383f2b0f241657da7e"", ""failure_class"": null, ""max_force_eV_A"": 0.06855525296215814, ""name"": ""bfgs_after_fire"", ""start_geometry_sha256"": ""9b10f000891281fece5eb9307d372abdbc1fc8139c557e5ae5c825d1f6813936"", ""steps"": 124}]",20537c71c4d4b986f2be7bb7d057e83270816a8de451b6383f2b0f241657da7e,-6.018902001231909,True,0.07724535516850453,290.0,100.0,0.08,converged,,bfgs_after_fire,"[{""ase_converged"": false, ""converged"": false, ""end_geometry_sha256"": ""3dc5ba335f020f873cfe73c7ae8c1f304b98acc5fc647506027dcc9115e6752d"", ""failure_class"": ""force_threshold"", ""max_force_eV_A"": 0.2531954062273438, ""name"": ""bfgs_standard"", ""start_geometry_sha256"": ""03480f84dff0213fb2932a4b22cb2d5128f243d5c4ba837757289c5c54b34451"", ""steps"": 100}, {""ase_converged"": false, ""converged"": false, ""end_geometry_sha256"": ""814a8bdcf8b44af009c474311f1b89d80f5294fe20511f24208704f5613c28d9"", ""failure_class"": ""force_threshold"", ""max_force_eV_A"": 0.29769294958041265, ""name"": ""fire_precondition"", ""qualifying"": false, ""start_geometry_sha256"": ""03480f84dff0213fb2932a4b22cb2d5128f243d5c4ba837757289c5c54b34451"", ""steps"": 50}, {""ase_converged"": true, ""converged"": true, ""end_geometry_sha256"": ""d53a710eef08d8e4260c5eecfb49e5fef6421c83851075aead10d8ac32cc95e4"", ""failure_class"": null, ""max_force_eV_A"": 0.07724535516850453, ""name"": ""bfgs_after_fire"", ""start_geometry_sha256"": ""814a8bdcf8b44af009c474311f1b89d80f5294fe20511f24208704f5613c28d9"", ""steps"": 140}]",d53a710eef08d8e4260c5eecfb49e5fef6421c83851075aead10d8ac32cc95e4,-3.1322909228503955,True,0.07375450815123702,294.0,100.0,0.08,converged,,bfgs_after_fire,"[{""ase_converged"": false, ""converged"": false, ""end_geometry_sha256"": ""914a5882c2bce0d5648103e1f20ddcd7e8aba8f8eecb254f72633a1114ef2010"", ""failure_class"": ""force_threshold"", ""max_force_eV_A"": 0.36267661077720054, ""name"": ""bfgs_standard"", ""start_geometry_sha256"": ""b33c2356f963ebe07b3cfb584ea7ca03c5243b63e82eac48b3899062cb2ae39f"", ""steps"": 100}, {""ase_converged"": false, ""converged"": false, ""end_geometry_sha256"": ""b3ae59691e9127cc01bd3290fb78be51a1aab8e37757b0118cae184b6eb09068"", ""failure_class"": ""force_threshold"", ""max_force_eV_A"": 0.5993585307051366, ""name"": ""fire_precondition"", ""qualifying"": false, ""start_geometry_sha256"": ""b33c2356f963ebe07b3cfb584ea7ca03c5243b63e82eac48b3899062cb2ae39f"", ""steps"": 50}, {""ase_converged"": true, ""converged"": true, ""end_geometry_sha256"": ""e22e7b6f5de4c725a91f51dcfae26c06d1610f647e09e2aa32a51fa98031524c"", ""failure_class"": null, ""max_force_eV_A"": 0.07375450815123702, ""name"": ""bfgs_after_fire"", ""start_geometry_sha256"": ""b3ae59691e9127cc01bd3290fb78be51a1aab8e37757b0118cae184b6eb09068"", ""steps"": 144}]",e22e7b6f5de4c725a91f51dcfae26c06d1610f647e09e2aa32a51fa98031524c,-0.10501723438503843,3.0,step_4_H2O,9.0,0.0,True,9.151192924082306,0.740000000035,False,quantitative_screening,2,2,769736ed074af835178b,False,
"('Spinel', 'Co', 'Cu', 'Y', 'nanorod', 'none')",Spinel,True,esen-sm-conserving-all-oc25:relax-v4:orr-che-v3,True,0.07979604523330319,80,150,0.08,converged,,bfgs_standard,"[{""ase_converged"": true, ""converged"": true, ""end_geometry_sha256"": ""9645bb4feac76988030a5f7d81d8bc497fc21c99f4dfece7b08698c2848ede0f"", ""failure_class"": null, ""max_force_eV_A"": 0.07979604523330319, ""name"": ""bfgs_standard"", ""start_geometry_sha256"": ""10736770269ea410c20d32fa339af047b1cc077f6f248fcab358371c632cdcad"", ""steps"": 80}]",9645bb4feac76988030a5f7d81d8bc497fc21c99f4dfece7b08698c2848ede0f,-272.72695949432017,True,0.07549785732535984,311,100,0.08,converged,,bfgs_after_fire,"[{""ase_converged"": false, ""converged"": false, ""end_geometry_sha256"": ""ab91ab87d88221523f1677381fc5fa3309240eebc5c074c5f889976411c4884e"", ""failure_class"": ""force_threshold"", ""max_force_eV_A"": 0.3440710288670577, ""name"": ""bfgs_standard"", ""start_geometry_sha256"": ""6d7a2386d48c7305ea477e867342a939182c5b404fe6424100cad39a2414112f"", ""steps"": 100}, {""ase_converged"": true, ""converged"": true, ""end_geometry_sha256"": ""3315bf5118205bcabb5bc94a1d3c29580c1e0d05b25e068e00c521db164245e3"", ""failure_class"": null, ""max_force_eV_A"": 0.2274522074799333, ""name"": ""fire_precondition"", ""qualifying"": false, ""start_geometry_sha256"": ""6d7a2386d48c7305ea477e867342a939182c5b404fe6424100cad39a2414112f"", ""steps"": 47}, {""ase_converged"": true, ""converged"": true, ""end_geometry_sha256"": ""4d6706a0e90653ea997404e5c98fb5419b79b86c0219ad03315821740a4d913d"", ""failure_class"": null, ""max_force_eV_A"": 0.07549785732535984, ""name"": ""bfgs_after_fire"", ""start_geometry_sha256"": ""3315bf5118205bcabb5bc94a1d3c29580c1e0d05b25e068e00c521db164245e3"", ""steps"": 164}]",4d6706a0e90653ea997404e5c98fb5419b79b86c0219ad03315821740a4d913d,-3.692966637462434,True,0.07916903790703872,51.0,100.0,0.08,converged,,bfgs_standard,"[{""ase_converged"": true, ""converged"": true, ""end_geometry_sha256"": ""8351c63a32afcddfe69089d53ed624e77038f3c2a92e84c5cdeaa73eabec8395"", ""failure_class"": null, ""max_force_eV_A"": 0.07916903790703872, ""name"": ""bfgs_standard"", ""start_geometry_sha256"": ""b31c8776c569dee111e654c9dc57665295e34eca54080c3ba868cfb59c40c9e7"", ""steps"": 51}]",8351c63a32afcddfe69089d53ed624e77038f3c2a92e84c5cdeaa73eabec8395,1.6076726086436885,True,0.07979301510853841,244.0,100.0,0.08,converged,,bfgs_after_fire,"[{""ase_converged"": false, ""converged"": false, ""end_geometry_sha256"": ""8a861ae9e31982c94e2ac915be58d72eab6409bc4d7b5a0ada6ea23a2eb8c738"", ""failure_class"": ""force_threshold"", ""max_force_eV_A"": 0.2030110612288647, ""name"": ""bfgs_standard"", ""start_geometry_sha256"": ""9fa821b4d3111d02c707e78c7deb58fe7a59824dfbec559878610a5c042e790f"", ""steps"": 100}, {""ase_converged"": false, ""converged"": false, ""end_geometry_sha256"": ""20081e3680ccb59ab8c51e4ec395599e3b45f7ae4a0c491edb5a888e57bd3ed6"", ""failure_class"": ""force_threshold"", ""max_force_eV_A"": 0.3164468630511805, ""name"": ""fire_precondition"", ""qualifying"": false, ""start_geometry_sha256"": ""9fa821b4d3111d02c707e78c7deb58fe7a59824dfbec559878610a5c042e790f"", ""steps"": 50}, {""ase_converged"": true, ""converged"": true, ""end_geometry_sha256"": ""785a0b20dab438f36fcbc93378e567d6b326162b1c56d5f40e2bd93695e10d16"", ""failure_class"": null, ""max_force_eV_A"": 0.07979301510853841, ""name"": ""bfgs_after_fire"", ""start_geometry_sha256"": ""20081e3680ccb59ab8c51e4ec395599e3b45f7ae4a0c491edb5a888e57bd3ed6"", ""steps"": 94}]",785a0b20dab438f36fcbc93378e567d6b326162b1c56d5f40e2bd93695e10d16,2.687104652821936,3.0,step_4_H2O,7.0,0.0,True,5.3006392461061225,0.740000000035,False,quantitative_screening,0,0,28e03e379c16474dd10f,False,
"('Spinel', 'Co', 'Cu', 'Mo', 'nanoparticle', 'N-CNT')",Spinel,True,esen-sm-conserving-all-oc25:relax-v4:orr-che-v3,True,0.07280811298379017,361,150,0.08,converged,,bfgs_after_fire,"[{""ase_converged"": false, ""converged"": false, ""end_geometry_sha256"": ""9ea4abe6d440dee949f508c5fd7f814318e055768239332c312b310523378d12"", ""failure_class"": ""force_threshold"", ""max_force_eV_A"": 0.3371479880909168, ""name"": ""bfgs_standard"", ""start_geometry_sha256"": ""2516edb7d21721719056b57809ccbabf9f8a7ef29a561e8e77ddd4e79c256c35"", ""steps"": 150}, {""ase_converged"": false, ""converged"": false, ""end_geometry_sha256"": ""e73e67627a42175f2ea4df2619bd047477552f9b11df7585aef5fbface004f4d"", ""failure_class"": ""force_threshold"", ""max_force_eV_A"": 1.1676024611311455, ""name"": ""fire_precondition"", ""qualifying"": false, ""start_geometry_sha256"": ""2516edb7d21721719056b57809ccbabf9f8a7ef29a561e8e77ddd4e79c256c35"", ""steps"": 75}, {""ase_converged"": true, ""converged"": true, ""end_geometry_sha256"": ""f1b2a8ab56ec50fe6bbe0a960452aaa1c002b9b618c2ee5165dac45d77d49b4d"", ""failure_class"": null, ""max_force_eV_A"": 0.07280811298379017, ""name"": ""bfgs_after_fire"", ""start_geometry_sha256"": ""e73e67627a42175f2ea4df2619bd047477552f9b11df7585aef5fbface004f4d"", ""steps"": 136}]",f1b2a8ab56ec50fe6bbe0a960452aaa1c002b9b618c2ee5165dac45d77d49b4d,-284.1418674100616,True,0.0763549868129015,243,100,0.08,converged,,bfgs_after_fire,"[{""ase_converged"": false, ""converged"": false, ""end_geometry_sha256"": ""206c6296e32b5c252480701b2c968ca314bffddc7b829cc2389097596018b911"", ""failure_class"": ""force_threshold"", ""max_force_eV_A"": 0.09519505745804853, ""name"": ""bfgs_standard"", ""start_geometry_sha256"": ""aa3d1c07136fcabf4ed61cd702c45095f550000fd23f83c91dc1fff5f7f92a23"", ""steps"": 100}, {""ase_converged"": true, ""converged"": true, ""end_geometry_sha256"": ""31ab06f33fffbc34d0abf86b5c1803b0420c13deebe4f469d7bdf41d1f52293e"", ""failure_class"": null, ""max_force_eV_A"": 0.2271571717025077, ""name"": ""fire_precondition"", ""qualifying"": false, ""start_geometry_sha256"": ""aa3d1c07136fcabf4ed61cd702c45095f550000fd23f83c91dc1fff5f7f92a23"", ""steps"": 50}, {""ase_converged"": true, ""converged"": true, ""end_geometry_sha256"": ""49c417469ff539925a46336631ad30a58d0fc2ab487ed65c50dc6945538c7715"", ""failure_class"": null, ""max_force_eV_A"": 0.0763549868129015, ""name"": ""bfgs_after_fire"", ""start_geometry_sha256"": ""31ab06f33fffbc34d0abf86b5c1803b0420c13deebe4f469d7bdf41d1f52293e"", ""steps"": 93}]",49c417469ff539925a46336631ad30a58d0fc2ab487ed65c50dc6945538c7715,1.1863668586313725,True,0.0643295149381607,47.0,100.0,0.08,converged,,bfgs_standard,"[{""ase_converged"": true, ""converged"": true, ""end_geometry_sha256"": ""d835099b160a5d933ac66945e6904165198161f47bedac674dcf17a052c8dfa6"", ""failure_class"": null, ""max_force_eV_A"": 0.0643295149381607, ""name"": ""bfgs_standard"", ""start_geometry_sha256"": ""ce3f39ebf6b2a31c5ac048fc9ae857c332180b2645f54e4b2316c1547c755c42"", ""steps"": 47}]",d835099b160a5d933ac66945e6904165198161f47bedac674dcf17a052c8dfa6,3.6252164013683545,True,0.06915454821037935,299.0,100.0,0.08,converged,,bfgs_after_fire,"[{""ase_converged"": false, ""converged"": false, ""end_geometry_sha256"": ""322a5bf1d3351de1e6a3cff3671836df7dc77d45bb95ec13f6040e177bbfdb86"", ""failure_class"": ""force_threshold"", ""max_force_eV_A"": 0.18535213327929453, ""name"": ""bfgs_standard"", ""start_geometry_sha256"": ""5efc96dfb16c374e5b5576f69849eaabf44dc549c9023262ad19e2592593aa31"", ""steps"": 100}, {""ase_converged"": false, ""converged"": false, ""end_geometry_sha256"": ""aede156af61a4c04ff0e2c5be6300170cc90432ccc2fb2c0fbe4dfc51826cec9"", ""failure_class"": ""force_threshold"", ""max_force_eV_A"": 0.4060335237120921, ""name"": ""fire_precondition"", ""qualifying"": false, ""start_geometry_sha256"": ""5efc96dfb16c374e5b5576f69849eaabf44dc549c9023262ad19e2592593aa31"", ""steps"": 50}, {""ase_converged"": true, ""converged"": true, ""end_geometry_sha256"": ""6d5b82100c8afb8934539157565063c3e1edd67dd7c155436590c0cd3e75f1f6"", ""failure_class"": null, ""max_force_eV_A"": 0.06915454821037935, ""name"": ""bfgs_after_fire"", ""start_geometry_sha256"": ""aede156af61a4c04ff0e2c5be6300170cc90432ccc2fb2c0fbe4dfc51826cec9"", ""steps"": 149}]",6d5b82100c8afb8934539157565063c3e1edd67dd7c155436590c0cd3e75f1f6,4.098687599599337,0.7555288017690174,step_2_O,7.0,0.0,True,4.811583259999727,0.740000000035,False,quantitative_screening,1,1,09301657c8888165f2df,False,
"('Spinel', 'Co', 'Cu', 'Mo', 'mesoporous', 'N-graphene')",Spinel,True,esen-sm-conserving-all-oc25:relax-v4:orr-che-v3,True,0.07022253496063735,113,150,0.08,converged,,bfgs_standard,"[{""ase_converged"": true, ""converged"": true, ""end_geometry_sha256"": ""af897a60ecc7cb4e80aca148ef92777acbaeee00120dc997a338883ea2fc10be"", ""failure_class"": null, ""max_force_eV_A"": 0.07022253496063735, ""name"": ""bfgs_standard"", ""start_geometry_sha256"": ""0f53c4dee6651608d50258b3582eceb218eb562a33c499523522f0f78157dcb3"", ""steps"": 113}]",af897a60ecc7cb4e80aca148ef92777acbaeee00120dc997a338883ea2fc10be,-276.9584728032062,True,0.07453545504962274,258,100,0.08,converged,,bfgs_after_fire,"[{""ase_converged"": false, ""converged"": false, ""end_geometry_sha256"": ""b8ad54ffa467bc5baa1a2b4eff714a99e458a9ff6247039f737128e05c39d251"", ""failure_class"": ""force_threshold"", ""max_force_eV_A"": 0.27064008550210344, ""name"": ""bfgs_standard"", ""start_geometry_sha256"": ""6a6e8036cd80b39a55b1fdc334646d99d0388b66445d8cdf606956ed0ca4dc0a"", ""steps"": 100}, {""ase_converged"": false, ""converged"": false, ""end_geometry_sha256"": ""177868d88d29c7e7e5b5af487e5e1bd9f2870f35687c149cee440b987c3904e2"", ""failure_class"": ""force_threshold"", ""max_force_eV_A"": 0.4601289674646095, ""name"": ""fire_precondition"", ""qualifying"": false, ""start_geometry_sha256"": ""6a6e8036cd80b39a55b1fdc334646d99d0388b66445d8cdf606956ed0ca4dc0a"", ""steps"": 50}, {""ase_converged"": true, ""converged"": true, ""end_geometry_sha256"": ""2feeb42f0051466cdf91ff9a59b70a426650a06a934580ccaa23c01b0ede69af"", ""failure_class"": null, ""max_force_eV_A"": 0.07453545504962274, ""name"": ""bfgs_after_fire"", ""start_geometry_sha256"": ""177868d88d29c7e7e5b5af487e5e1bd9f2870f35687c149cee440b987c3904e2"", ""steps"": 108}]",2feeb42f0051466cdf91ff9a59b70a426650a06a934580ccaa23c01b0ede69af,-0.93425386890769,True,0.07975540435279785,268.0,100.0,0.08,converged,,bfgs_after_fire,"[{""ase_converged"": false, ""converged"": false, ""end_geometry_sha256"": ""240c2068194fd7f6867f07cff25c4cb5a6ff21251840533b8c0569af2daf1097"", ""failure_class"": ""force_threshold"", ""max_force_eV_A"": 0.18751544134236808, ""name"": ""bfgs_standard"", ""start_geometry_sha256"": ""4b2be93109cee70984533c9702dfa59fbb18437e77eee4c1b1f00c56678c8e51"", ""steps"": 100}, {""ase_converged"": true, ""converged"": true, ""end_geometry_sha256"": ""0686697ebc20e668c64562c650004b32edd88ad05135db0a64d037a8c99b3fef"", ""failure_class"": null, ""max_force_eV_A"": 0.24700794588992978, ""name"": ""fire_precondition"", ""qualifying"": false, ""start_geometry_sha256"": ""4b2be93109cee70984533c9702dfa59fbb18437e77eee4c1b1f00c56678c8e51"", ""steps"": 26}, {""ase_converged"": true, ""converged"": true, ""end_geometry_sha256"": ""261eb54ba8b489a2502b51e5b1334c5e1ad5d712a53dbf856347b0a2fe38fc11"", ""failure_class"": null, ""max_force_eV_A"": 0.07975540435279785, ""name"": ""bfgs_after_fire"", ""start_geometry_sha256"": ""0686697ebc20e668c64562c650004b32edd88ad05135db0a64d037a8c99b3fef"", ""steps"": 142}]",261eb54ba8b489a2502b51e5b1334c5e1ad5d712a53dbf856347b0a2fe38fc11,1.843954957276558,True,0.07769384923537206,280.0,100.0,0.08,converged,,bfgs_after_fire,"[{""ase_converged"": false, ""converged"": false, ""end_geometry_sha256"": ""75ab2812061f4082ec7f061b164b4934111d63d1bab2961cb827e004208822fc"", ""failure_class"": ""force_threshold"", ""max_force_eV_A"": 0.15462976799348915, ""name"": ""bfgs_standard"", ""start_geometry_sha256"": ""af6af359406e2ec49726bf2a98c467655315bcd3555e8e30e8835fb17e4decd7"", ""steps"": 100}, {""ase_converged"": false, ""converged"": false, ""end_geometry_sha256"": ""1ee4e5c8a5d680fb3021427ad6f7f42109c00651937a658d598acb05c92dee5e"", ""failure_class"": ""force_threshold"", ""max_force_eV_A"": 0.44773939706828464, ""name"": ""fire_precondition"", ""qualifying"": false, ""start_geometry_sha256"": ""af6af359406e2ec49726bf2a98c467655315bcd3555e8e30e8835fb17e4decd7"", ""steps"": 50}, {""ase_converged"": true, ""converged"": true, ""end_geometry_sha256"": ""9622ebfa2723142008a8d43016a12b78f784812b2845256ee4889c22fb5ee9e1"", ""failure_class"": null, ""max_force_eV_A"": 0.07769384923537206, ""name"": ""bfgs_after_fire"", ""start_geometry_sha256"": ""1ee4e5c8a5d680fb3021427ad6f7f42109c00651937a658d598acb05c92dee5e"", ""steps"": 130}]",9622ebfa2723142008a8d43016a12b78f784812b2845256ee4889c22fb5ee9e1,2.526208351552518,2.16325386890769,step_4_H2O,7.0,0.0,True,2.778208826184248,0.740000000035,False,quantitative_screening,0,0,0bd13d2e1d7b83d6f339,False,
"('Spinel', 'Co', 'Cu', 'Zr', 'hollow_sphere', 'N-CNT')",Spinel,True,esen-sm-conserving-all-oc25:relax-v4:orr-che-v3,True,0.07776677560816408,119,150,0.08,converged,,bfgs_standard,"[{""ase_converged"": true, ""converged"": true, ""end_geometry_sha256"": ""40e87d7b9dafde93223a9421164d35e8d476881bbd0d111b63533aa9bef3f66c"", ""failure_class"": null, ""max_force_eV_A"": 0.07776677560816408, ""name"": ""bfgs_standard"", ""start_geometry_sha256"": ""0c5c60a627ae80cae83f687aec0c2b71168818c56616e3630c1565b88b97a1f7"", ""steps"": 119}]",40e87d7b9dafde93223a9421164d35e8d476881bbd0d111b63533aa9bef3f66c,-273.6583310031083,True,0.0748522846382406,345,100,0.08,converged,,fire_small_step,"[{""ase_converged"": false, ""converged"": false, ""end_geometry_sha256"": ""1474c95826df343790ab3f16926907095a2d200731028a9ae9bcda1afccb6204"", ""failure_class"": ""force_threshold"", ""max_force_eV_A"": 0.13758929803832873, ""name"": ""bfgs_standard"", ""start_geometry_sha256"": ""37d6935ebb6cd51fb29fcae9c4ea873b1270bb8850b6116c2377e883f4d4a569"", ""steps"": 100}, {""ase_converged"": true, ""converged"": true, ""end_geometry_sha256"": ""335ca5cb679182839f787976a35d021738f059d3150185155461d794004cbfe6"", ""failure_class"": null, ""max_force_eV_A"": 0.23254786312759793, ""name"": ""fire_precondition"", ""qualifying"": false, ""start_geometry_sha256"": ""37d6935ebb6cd51fb29fcae9c4ea873b1270bb8850b6116c2377e883f4d4a569"", ""steps"": 27}, {""ase_converged"": false, ""converged"": false, ""end_geometry_sha256"": ""6ca0a9d9127d0967b8d01c4b394e3c5ec92d810b9d311d6db826c3dd0dd7791c"", ""failure_class"": ""force_threshold"", ""max_force_eV_A"": 0.2124681831329881, ""name"": ""bfgs_after_fire"", ""start_geometry_sha256"": ""335ca5cb679182839f787976a35d021738f059d3150185155461d794004cbfe6"", ""steps"": 200}, {""ase_converged"": true, ""converged"": true, ""end_geometry_sha256"": ""9b1281cd9848cdf14285d30bf34f4e5f77c137ae904d6b5ef1eda4a58ddbfa78"", ""failure_class"": null, ""max_force_eV_A"": 0.0748522846382406, ""name"": ""fire_small_step"", ""start_geometry_sha256"": ""1474c95826df343790ab3f16926907095a2d200731028a9ae9bcda1afccb6204"", ""steps"": 18}]",9b1281cd9848cdf14285d30bf34f4e5f77c137ae904d6b5ef1eda4a58ddbfa78,0.8459394599497319,True,0.07582911324679614,83.0,100.0,0.08,converged,,bfgs_standard,"[{""ase_converged"": true, ""converged"": true, ""end_geometry_sha256"": ""9ddab42d0567cfae792792801a679d1cbeea56320ba23d22beaac7dc728ff5a1"", ""failure_class"": null, ""max_force_eV_A"": 0.07582911324679614, ""name"": ""bfgs_standard"", ""start_geometry_sha256"": ""4f681e0802f776d68273bdf74cb589095320b45bc0a3c91b430320f5ae92d20a"", ""steps"": 83}]",9ddab42d0567cfae792792801a679d1cbeea56320ba23d22beaac7dc728ff5a1,2.379729188233589,True,0.0789418922643395,359.0,100.0,0.08,converged,,fire_small_step,"[{""ase_converged"": false, ""converged"": false, ""end_geometry_sha256"": ""7e11a542e3b0f6e5a405897cffbcfa1151a6238e9fed7b3b298c7223aea93f7a"", ""failure_class"": ""force_threshold"", ""max_force_eV_A"": 0.16574223549249337, ""name"": ""bfgs_standard"", ""start_geometry_sha256"": ""48e458b7efe6626f996451d2e22990f8233a7be6ce0c126ea1389cc12080f390"", ""steps"": 100}, {""ase_converged"": true, ""converged"": true, ""end_geometry_sha256"": ""27cedc1f86d60d50c2500c61355328dd9d8a32c8433f14eb38b317f56979348e"", ""failure_class"": null, ""max_force_eV_A"": 0.22994039618841725, ""name"": ""fire_precondition"", ""qualifying"": false, ""start_geometry_sha256"": ""48e458b7efe6626f996451d2e22990f8233a7be6ce0c126ea1389cc12080f390"", ""steps"": 50}, {""ase_converged"": false, ""converged"": false, ""end_geometry_sha256"": ""02456c6d061d832a46c13c79bc867bee3fe94647ebb5b8b7903d05dc3357430e"", ""failure_class"": ""force_threshold"", ""max_force_eV_A"": 0.19506355745721662, ""name"": ""bfgs_after_fire"", ""start_geometry_sha256"": ""27cedc1f86d60d50c2500c61355328dd9d8a32c8433f14eb38b317f56979348e"", ""steps"": 200}, {""ase_converged"": true, ""converged"": true, ""end_geometry_sha256"": ""b2f07e2818049740125a898bc8aedf6e438a3692aad75a3972a8f766c377422f"", ""failure_class"": null, ""max_force_eV_A"": 0.0789418922643395, ""name"": ""fire_small_step"", ""start_geometry_sha256"": ""7e11a542e3b0f6e5a405897cffbcfa1151a6238e9fed7b3b298c7223aea93f7a"", ""steps"": 9}]",b2f07e2818049740125a898bc8aedf6e438a3692aad75a3972a8f766c377422f,2.922494362294649,0.6862348259389401,step_2_O,7.0,0.0,True,3.225668648183321,0.740000000035,False,quantitative_screening,2,2,7e9eedb12022f1116bb2,False,
"('MXene', 'Ti', 'CN', 3, 'S', 'Co')",MXene,True,esen-sm-conserving-all-oc25:relax-v4:orr-che-v3,True,0.07663460083748021,71,150,0.08,converged,,bfgs_standard,"[{""ase_converged"": true, ""converged"": true, ""end_geometry_sha256"": ""bf20998c936192e1bd2cfc85e0f895ec0c031838648a2b29e976e9f78524a56a"", ""failure_class"": null, ""max_force_eV_A"": 0.07663460083748021, ""name"": ""bfgs_standard"", ""start_geometry_sha256"": ""8e99799a3800441c132e0438ece21c9d89bdab439fa41243eac1d6f2d1e1473b"", ""steps"": 71}]",bf20998c936192e1bd2cfc85e0f895ec0c031838648a2b29e976e9f78524a56a,-330.37393577593053,True,0.0646826949057417,254,100,0.08,converged,,bfgs_after_fire,"[{""ase_converged"": false, ""converged"": false, ""end_geometry_sha256"": ""f767be14b57d29fe7793bb44846802f789af0692efc3fce0c8d2e559fce2b4f7"", ""failure_class"": ""force_threshold"", ""max_force_eV_A"": 0.24425285683423392, ""name"": ""bfgs_standard"", ""start_geometry_sha256"": ""c360a91f874e9b4591f2e52b799edf70a44451a558bc2d0c381185f1739b76ec"", ""steps"": 100}, {""ase_converged"": false, ""converged"": false, ""end_geometry_sha256"": ""230c52d42bbd32f5685d25c0fbda258612863f4a3ae904926b378bf9f22cddd9"", ""failure_class"": ""force_threshold"", ""max_force_eV_A"": 0.6930740348450238, ""name"": ""fire_precondition"", ""qualifying"": false, ""start_geometry_sha256"": ""c360a91f874e9b4591f2e52b799edf70a44451a558bc2d0c381185f1739b76ec"", ""steps"": 50}, {""ase_converged"": true, ""converged"": true, ""end_geometry_sha256"": ""cd32bf73dd86e2ef5236fcf165a2f451ddaff82f7cd263e64effd18ef39649b0"", ""failure_class"": null, ""max_force_eV_A"": 0.0646826949057417, ""name"": ""bfgs_after_fire"", ""start_geometry_sha256"": ""230c52d42bbd32f5685d25c0fbda258612863f4a3ae904926b378bf9f22cddd9"", ""steps"": 104}]",cd32bf73dd86e2ef5236fcf165a2f451ddaff82f7cd263e64effd18ef39649b0,-4.131862816661597,True,0.06326413549552211,64.0,100.0,0.08,converged,,bfgs_standard,"[{""ase_converged"": true, ""converged"": true, ""end_geometry_sha256"": ""b30198116454d0cb2d483a63b70188dfe461193e9352523f0a21eaeec5bb4bd8"", ""failure_class"": null, ""max_force_eV_A"": 0.06326413549552211, ""name"": ""bfgs_standard"", ""start_geometry_sha256"": ""ba43ed76e58a153827002dfad702582cc12d22dec655ecb9427efcdecefd42dc"", ""steps"": 64}]",b30198116454d0cb2d483a63b70188dfe461193e9352523f0a21eaeec5bb4bd8,-3.454491697996823,True,0.06982382849496876,77.0,100.0,0.08,converged,,bfgs_standard,"[{""ase_converged"": true, ""converged"": true, ""end_geometry_sha256"": ""d921abbb7bc7edae7d5a0228265f44e7a6d78d6ab73b97b9b189b540a99376ff"", ""failure_class"": null, ""max_force_eV_A"": 0.06982382849496876, ""name"": ""bfgs_standard"", ""start_geometry_sha256"": ""de78061835c22e59632d896be304bdb0118a17c48860ed4948e485c1ccd451a2"", ""steps"": 77}]",d921abbb7bc7edae7d5a0228265f44e7a6d78d6ab73b97b9b189b540a99376ff,-4.952284385263887,3.0,step_4_H2O,9.0,0.0,True,7.58635451465842,0.675000000035,False,quantitative_screening,1,1,30c3e8d549a698db155d,False,
"('MXene', 'Ti', 'CN', 3, 'bare', 'Pd')",MXene,True,esen-sm-conserving-all-oc25:relax-v4:orr-che-v3,True,0.07950583885838204,72,150,0.08,converged,,bfgs_standard,"[{""ase_converged"": true, ""converged"": true, ""end_geometry_sha256"": ""b9fb1372a3317836cbaceaaf0361ebd30df727692cc4346982e2b4d35badc3d7"", ""failure_class"": null, ""max_force_eV_A"": 0.07950583885838204, ""name"": ""bfgs_standard"", ""start_geometry_sha256"": ""8c2d9fb120f40e5fcebfe053d00489061086b722ab901d0e2c2661dc15fded50"", ""steps"": 72}]",b9fb1372a3317836cbaceaaf0361ebd30df727692cc4346982e2b4d35badc3d7,-324.4722679593205,True,0.0760148050679602,27,100,0.08,converged,,bfgs_standard,"[{""ase_converged"": true, ""converged"": true, ""end_geometry_sha256"": ""ca9015dd0006b3f6e768a45fedeb647b4d500d26f9af2b182783d75ce73d7d4f"", ""failure_class"": null, ""max_force_eV_A"": 0.0760148050679602, ""name"": ""bfgs_standard"", ""start_geometry_sha256"": ""9c3966aad9c40400a2cba40ad97f3d31cc7be2b167fdc0aead2af8dc9d30e72f"", ""steps"": 27}]",ca9015dd0006b3f6e768a45fedeb647b4d500d26f9af2b182783d75ce73d7d4f,-1.9109804008902256,True,0.07422545462162337,61.0,100.0,0.08,converged,,bfgs_standard,"[{""ase_converged"": true, ""converged"": true, ""end_geometry_sha256"": ""478c919b4d3182831b30f8d8f24fb6da6c70754b86ec3fc210fd9d1c2ea45960"", ""failure_class"": null, ""max_force_eV_A"": 0.07422545462162337, ""name"": ""bfgs_standard"", ""start_geometry_sha256"": ""10d4a39eb75afe21007c70f75139bc5ea48fb30818a8f51da5caa9e43b11b97f"", ""steps"": 61}]",478c919b4d3182831b30f8d8f24fb6da6c70754b86ec3fc210fd9d1c2ea45960,-2.7281657092274623,True,0.05109121718400959,254.0,100.0,0.08,converged,,bfgs_after_fire,"[{""ase_converged"": false, ""converged"": false, ""end_geometry_sha256"": ""69327e1cef15e5d4c872bcdcd89276fcc29e44f66a28a57d1890c14cc479f649"", ""failure_class"": ""force_threshold"", ""max_force_eV_A"": 0.8156314097361552, ""name"": ""bfgs_standard"", ""start_geometry_sha256"": ""43ad21be6a711f066ed87d2c139936fe16aed82e11825717b386b85139b35f27"", ""steps"": 100}, {""ase_converged"": false, ""converged"": false, ""end_geometry_sha256"": ""bb43635056ae1da5660e779f44de7b644d66167eda71b5d00baa501c12e46618"", ""failure_class"": ""force_threshold"", ""max_force_eV_A"": 6.927878199076983, ""name"": ""fire_precondition"", ""qualifying"": false, ""start_geometry_sha256"": ""43ad21be6a711f066ed87d2c139936fe16aed82e11825717b386b85139b35f27"", ""steps"": 50}, {""ase_converged"": true, ""converged"": true, ""end_geometry_sha256"": ""cc40c2712d311349c389c8bd3fb412124a7e599d894b6c8f0956797b79c07180"", ""failure_class"": null, ""max_force_eV_A"": 0.05109121718400959, ""name"": ""bfgs_after_fire"", ""start_geometry_sha256"": ""bb43635056ae1da5660e779f44de7b644d66167eda71b5d00baa501c12e46618"", ""steps"": 104}]",cc40c2712d311349c389c8bd3fb412124a7e599d894b6c8f0956797b79c07180,4.714688728749785,3.0,step_4_H2O,10.0,-0.07186029312488018,True,4.639146110117688,0.675000000035,False,quantitative_screening,0,0,fe1c047d2ef6a038d21c,False,
"('MXene', 'V', 'C', 1, 'O', 'Ru')",MXene,True,esen-sm-conserving-all-oc25:relax-v4:orr-che-v3,True,0.0421596746619827,14,150,0.08,converged,,bfgs_standard,"[{""ase_converged"": true, ""converged"": true, ""end_geometry_sha256"": ""8c65f38668beaa6890bf6d318e12be3a0207637cd99543bd3110714c82a5d3ed"", ""failure_class"": null, ""max_force_eV_A"": 0.0421596746619827, ""name"": ""bfgs_standard"", ""start_geometry_sha256"": ""2d3ca5036fa075fc0684dbb80b0f87a0e7ff2bc6bd3facb9dac8547dc5a0eb2d"", ""steps"": 14}]",8c65f38668beaa6890bf6d318e12be3a0207637cd99543bd3110714c82a5d3ed,-144.34034378471407,True,0.02422914985544452,77,100,0.08,converged,,bfgs_standard,"[{""ase_converged"": true, ""converged"": true, ""end_geometry_sha256"": ""1d6c30708c1876ead8d9d3489323c68c55e0447b06367393f72a6392e11c9861"", ""failure_class"": null, ""max_force_eV_A"": 0.02422914985544452, ""name"": ""bfgs_standard"", ""start_geometry_sha256"": ""4553d507d756d37cf7b5fbf537922a992b2b3a18ecd4763c7565cd5ddfda6194"", ""steps"": 77}]",1d6c30708c1876ead8d9d3489323c68c55e0447b06367393f72a6392e11c9861,-1.8007852409780025,True,0.05320229791485803,5.0,100.0,0.08,converged,,bfgs_standard,"[{""ase_converged"": true, ""converged"": true, ""end_geometry_sha256"": ""d0707be75ee68edde64e929a035abd7293e36dd97337e06d7b6b7b8f14d0681d"", ""failure_class"": null, ""max_force_eV_A"": 0.05320229791485803, ""name"": ""bfgs_standard"", ""start_geometry_sha256"": ""0caa6fb355ecaa3fadc7bc18da15544788cc120a45e9d588bdf5ca55ffc1206c"", ""steps"": 5}]",d0707be75ee68edde64e929a035abd7293e36dd97337e06d7b6b7b8f14d0681d,-1.2864619128406012,True,0.034407050865530794,99.0,100.0,0.08,converged,,bfgs_standard,"[{""ase_converged"": true, ""converged"": true, ""end_geometry_sha256"": ""67aa93fb3b3b4bcf162691bde46032201356377bfd2c6f892f131a948f9085d6"", ""failure_class"": null, ""max_force_eV_A"": 0.034407050865530794, ""name"": ""bfgs_standard"", ""start_geometry_sha256"": ""3681ccf64788afae41574b7f6fb0af1c3a52c221e0eaa5cde146232b600830b1"", ""steps"": 99}]",67aa93fb3b3b4bcf162691bde46032201356377bfd2c6f892f131a948f9085d6,-3.147112418711182,3.0,step_2_O,9.0,-2.0,True,3.0872471538186037,0.675000000035,False,quantitative_screening,2,2,f1c905165d4a2aa0464b,False,
"('MXene', 'V', 'C', 1, 'F', 'Mn')",MXene,True,esen-sm-conserving-all-oc25:relax-v4:orr-che-v3,True,0.06425089661756536,21,150,0.08,converged,,bfgs_standard,"[{""ase_converged"": true, ""converged"": true, ""end_geometry_sha256"": ""70757153bbdfebe018dc7e80a0b2239b206c2266586c84f3b6267ca1b84b4474"", ""failure_class"": null, ""max_force_eV_A"": 0.06425089661756536, ""name"": ""bfgs_standard"", ""start_geometry_sha256"": ""ddc10d3a3d01b4f9988b539ec34dbf6160dc22ae945254843a1998f120dd6319"", ""steps"": 21}]",70757153bbdfebe018dc7e80a0b2239b206c2266586c84f3b6267ca1b84b4474,-138.64780071120165,True,0.06356020130458949,47,100,0.08,converged,,bfgs_standard,"[{""ase_converged"": true, ""converged"": true, ""end_geometry_sha256"": ""b4f50182c9d21a4072fc835f8d04e78c8d3a988cd604440df44f74beefac73b3"", ""failure_class"": null, ""max_force_eV_A"": 0.06356020130458949, ""name"": ""bfgs_standard"", ""start_geometry_sha256"": ""b28de2c472dace69f303dab0222f27a40f8ed88a28432bf210105823b7a7b9bc"", ""steps"": 47}]",b4f50182c9d21a4072fc835f8d04e78c8d3a988cd604440df44f74beefac73b3,-2.547138390392065,True,0.06746722563804859,4.0,100.0,0.08,converged,,bfgs_standard,"[{""ase_converged"": true, ""converged"": true, ""end_geometry_sha256"": ""2fed4737b072a635b8e8781710059474223d4b6735f46abf9f2641ca866c823f"", ""failure_class"": null, ""max_force_eV_A"": 0.06746722563804859, ""name"": ""bfgs_standard"", ""start_geometry_sha256"": ""7b89920b2593704aaceb2c3f3a5dcee47a84fc8a69854fd525056633e0b12036"", ""steps"": 4}]",2fed4737b072a635b8e8781710059474223d4b6735f46abf9f2641ca866c823f,-1.7476931445300543,True,0.048567574584115765,63.0,100.0,0.08,converged,,bfgs_standard,"[{""ase_converged"": true, ""converged"": true, ""end_geometry_sha256"": ""be32a874957269babbc7b1aa65b93912bfa665f7e53ab50cc326fff11892856c"", ""failure_class"": null, ""max_force_eV_A"": 0.048567574584115765, ""name"": ""bfgs_standard"", ""start_geometry_sha256"": ""a7b8b7a541fc58cd438f7cc490311714f2619c9cac5769c5658770dbe46dd213"", ""steps"": 63}]",be32a874957269babbc7b1aa65b93912bfa665f7e53ab50cc326fff11892856c,-3.7011361613869633,3.0,step_4_H2O,8.0,0.0,True,4.294831534922119,0.675000000035,False,quantitative_screening,2,2,7625ff04598d07f95b4a,False,
"('MXene', 'V', 'C', 1, 'mixed_OH_O', 'Cu')",MXene,True,esen-sm-conserving-all-oc25:relax-v4:orr-che-v3,True,0.05892650384291307,37,150,0.08,converged,,bfgs_standard,"[{""ase_converged"": true, ""converged"": true, ""end_geometry_sha256"": ""fb4a3ee9f3aa8ae51852cf1f853c0ffd3e9cb14e294223fc7da188bdce6768a0"", ""failure_class"": null, ""max_force_eV_A"": 0.05892650384291307, ""name"": ""bfgs_standard"", ""start_geometry_sha256"": ""c8f3395e125467a25ee16882ca010409f30b8140dfe309aa0c0aba2132f6553a"", ""steps"": 37}]",fb4a3ee9f3aa8ae51852cf1f853c0ffd3e9cb14e294223fc7da188bdce6768a0,-151.88328694058802,True,0.0603920651360053,38,100,0.08,converged,,bfgs_standard,"[{""ase_converged"": true, ""converged"": true, ""end_geometry_sha256"": ""a08c48ac45a98938bd2b7a91ea3d26a1a3a31a30678a8c44c4266b9a3a564555"", ""failure_class"": null, ""max_force_eV_A"": 0.0603920651360053, ""name"": ""bfgs_standard"", ""start_geometry_sha256"": ""a0127bdae26557312157949f98c4a9704e99e73217c51f7032deff970056283a"", ""steps"": 38}]",a08c48ac45a98938bd2b7a91ea3d26a1a3a31a30678a8c44c4266b9a3a564555,-2.618881401866674,True,0.06747479424519434,6.0,100.0,0.08,converged,,bfgs_standard,"[{""ase_converged"": true, ""converged"": true, ""end_geometry_sha256"": ""376fcff0893414db39e29769731043a80e68dede1171b0964985c49a8374f808"", ""failure_class"": null, ""max_force_eV_A"": 0.06747479424519434, ""name"": ""bfgs_standard"", ""start_geometry_sha256"": ""f6c283e266ccd03ace84fc4c88a192df2f9608668c493a697ee183984875e90b"", ""steps"": 6}]",376fcff0893414db39e29769731043a80e68dede1171b0964985c49a8374f808,-2.0611620776355233,True,0.07173757623985619,175.0,100.0,0.08,converged,,bfgs_after_fire,"[{""ase_converged"": false, ""converged"": false, ""end_geometry_sha256"": ""ae65bacc053978574422031162fdcb615bda18c742e8d7aa2de4e42873c03e6f"", ""failure_class"": ""force_threshold"", ""max_force_eV_A"": 1.2642803214963185, ""name"": ""bfgs_standard"", ""start_geometry_sha256"": ""5eb99b259afb6d573e2c9402da0a7b63ba7aa0e82ac13323b2aebaeec3f9583e"", ""steps"": 100}, {""ase_converged"": false, ""converged"": false, ""end_geometry_sha256"": ""f04092a424582378fe92a86fef74b9ba53946546d9529d03c74c4c8a3e26e1cb"", ""failure_class"": ""force_threshold"", ""max_force_eV_A"": 1.4186321394238521, ""name"": ""fire_precondition"", ""qualifying"": false, ""start_geometry_sha256"": ""5eb99b259afb6d573e2c9402da0a7b63ba7aa0e82ac13323b2aebaeec3f9583e"", ""steps"": 50}, {""ase_converged"": true, ""converged"": true, ""end_geometry_sha256"": ""78f01ceb351ea5c855a0fc6a8e100eafa1da1a12233138c44791bfa15a54ac87"", ""failure_class"": null, ""max_force_eV_A"": 0.07173757623985619, ""name"": ""bfgs_after_fire"", ""start_geometry_sha256"": ""f04092a424582378fe92a86fef74b9ba53946546d9529d03c74c4c8a3e26e1cb"", ""steps"": 25}]",78f01ceb351ea5c855a0fc6a8e100eafa1da1a12233138c44791bfa15a54ac87,-5.154375602304931,3.0,step_2_O,7.0,0.0,True,4.6800434795021975,0.675000000035,False,quantitative_screening,1,1,10ca3676b1d61085c4ba,False,
"('MXene', 'V', 'C', 1, 'bare', 'Mn')",MXene,True,esen-sm-conserving-all-oc25:relax-v4:orr-che-v3,True,0.0,0,150,0.08,converged,,bfgs_standard,"[{""ase_converged"": true, ""converged"": true, ""end_geometry_sha256"": ""4c579a6d9f297f0097544e86a2e3d5664134646d4402238e4d9661af331c46cb"", ""failure_class"": null, ""max_force_eV_A"": 0.0, ""name"": ""bfgs_standard"", ""start_geometry_sha256"": ""4c579a6d9f297f0097544e86a2e3d5664134646d4402238e4d9661af331c46cb"", ""steps"": 0}]",4c579a6d9f297f0097544e86a2e3d5664134646d4402238e4d9661af331c46cb,-130.64561718098844,True,0.07123193923504872,43,100,0.08,converged,,bfgs_standard,"[{""ase_converged"": true, ""converged"": true, ""end_geometry_sha256"": ""7a1e124300d92f80ebb27fdc9fdeb44b2daabb10574c9246032a1c8da0fca6c7"", ""failure_class"": null, ""max_force_eV_A"": 0.07123193923504872, ""name"": ""bfgs_standard"", ""start_geometry_sha256"": ""71d7bef8b88cc9e2cb7e95aee08c1a6e15dcb4ade961a36a61a503d3004b1ba3"", ""steps"": 43}]",7a1e124300d92f80ebb27fdc9fdeb44b2daabb10574c9246032a1c8da0fca6c7,-2.5685159538686273,True,0.06517468069235205,5.0,100.0,0.08,converged,,bfgs_standard,"[{""ase_converged"": true, ""converged"": true, ""end_geometry_sha256"": ""dbad3e403db28679ef96246c7d65ecf10a95aa3f0f75db39f2ec8ef8bdddca9c"", ""failure_class"": null, ""max_force_eV_A"": 0.06517468069235205, ""name"": ""bfgs_standard"", ""start_geometry_sha256"": ""bf1f7d1d41969d0bb7c25fb7bb8bd22f520d7a8da67c56f97e4d9a286618e94a"", ""steps"": 5}]",dbad3e403db28679ef96246c7d65ecf10a95aa3f0f75db39f2ec8ef8bdddca9c,-1.8920603625476324,True,0.046788772159226055,62.0,100.0,0.08,converged,,bfgs_standard,"[{""ase_converged"": true, ""converged"": true, ""end_geometry_sha256"": ""ea2dbd21225279e9285d60a20580c34f692cea0e2b1ef840c7a477de7fd62fa8"", ""failure_class"": null, ""max_force_eV_A"": 0.046788772159226055, ""name"": ""bfgs_standard"", ""start_geometry_sha256"": ""07eaa778b1f352664165017ed7ea5a5a4a6170e535bd1a72e2a48a6a433941d1"", ""steps"": 62}]",ea2dbd21225279e9285d60a20580c34f692cea0e2b1ef840c7a477de7fd62fa8,-3.3277802959084477,3.0,step_4_H2O,8.0,0.0,True,4.46057631641626,0.675000000035,False,quantitative_screening,2,2,ff2f2297d66a570954e1,False,
"('MXene', 'V', 'C', 2, 'F', 'None')",MXene,True,esen-sm-conserving-all-oc25:relax-v4:orr-che-v3,True,0.05894378400475076,56,150,0.08,converged,,bfgs_standard,"[{""ase_converged"": true, ""converged"": true, ""end_geometry_sha256"": ""fcbbe194d0d00ba38bba5172095e972f3268b4a81a202fc95e3f762b97c8b2e6"", ""failure_class"": null, ""max_force_eV_A"": 0.05894378400475076, ""name"": ""bfgs_standard"", ""start_geometry_sha256"": ""66d3dee58c976cf384b76bc5adf655b51d11e988f73b02a05eaece7f210158a0"", ""steps"": 56}]",fcbbe194d0d00ba38bba5172095e972f3268b4a81a202fc95e3f762b97c8b2e6,-232.13111043832697,True,0.06003302909333185,25,100,0.08,converged,,bfgs_standard,"[{""ase_converged"": true, ""converged"": true, ""end_geometry_sha256"": ""6dfb130e3aeb7d5723831dffa1cfdfb3b77d910e925a04b26d7b0aaeb947bc00"", ""failure_class"": null, ""max_force_eV_A"": 0.06003302909333185, ""name"": ""bfgs_standard"", ""start_geometry_sha256"": ""8ab47b651175f887b101370aa3f2d7532a7101e482f89797169f0fdba3b0c41a"", ""steps"": 25}]",6dfb130e3aeb7d5723831dffa1cfdfb3b77d910e925a04b26d7b0aaeb947bc00,-1.3474656914174556,True,0.07277496562423084,10.0,100.0,0.08,converged,,bfgs_standard,"[{""ase_converged"": true, ""converged"": true, ""end_geometry_sha256"": ""0661d22f6f79af36af4ce5b85e28231168e4eff7362b4fea1dbcaf159acca4e2"", ""failure_class"": null, ""max_force_eV_A"": 0.07277496562423084, ""name"": ""bfgs_standard"", ""start_geometry_sha256"": ""d9fb1cfafa5b127e3abcc343a0891aa98ddaaa6bf1241301e07e7a941f72050b"", ""steps"": 10}]",0661d22f6f79af36af4ce5b85e28231168e4eff7362b4fea1dbcaf159acca4e2,-2.6630106799304736,True,0.0769116272093341,42.0,100.0,0.08,converged,,bfgs_standard,"[{""ase_converged"": true, ""converged"": true, ""end_geometry_sha256"": ""1157670f66bf3d979e57412bf629892f7350e92eafaf35fac41d19d5564a3f69"", ""failure_class"": null, ""max_force_eV_A"": 0.0769116272093341, ""name"": ""bfgs_standard"", ""start_geometry_sha256"": ""8e6e294a46b9b544ef55d21d66816f9977d730bb3ccecf66d60fbdf2f8845748"", ""steps"": 42}]",1157670f66bf3d979e57412bf629892f7350e92eafaf35fac41d19d5564a3f69,-3.4852357402444136,2.5764656914174555,step_4_H2O,9.0,0.0,True,4.010476371347929,0.675000000035,False,quantitative_screening,0,0,8aa3fb52aaa5b355475e,False,
"('MXene', 'V', 'C', 2, 'mixed_OH_O', 'Fe')",MXene,True,esen-sm-conserving-all-oc25:relax-v4:orr-che-v3,True,0.06396745619646922,117,150,0.08,converged,,bfgs_standard,"[{""ase_converged"": true, ""converged"": true, ""end_geometry_sha256"": ""f4e76c5a946dd71485c9f25dc410cce06ca6a6690072fd23f22d51bd5c3f5f2f"", ""failure_class"": null, ""max_force_eV_A"": 0.06396745619646922, ""name"": ""bfgs_standard"", ""start_geometry_sha256"": ""d8aa8afa0d1088c487fa86e190865cbb623f6aafa8bd3c0498aedae6e410ae67"", ""steps"": 117}]",f4e76c5a946dd71485c9f25dc410cce06ca6a6690072fd23f22d51bd5c3f5f2f,-250.23494655720094,True,0.07549464770549554,44,100,0.08,converged,,bfgs_standard,"[{""ase_converged"": true, ""converged"": true, ""end_geometry_sha256"": ""2fd7dadbd23b5653db04a5af8b30a7b99f96eaeb4fa7ec2e387f9e728e4f3a1a"", ""failure_class"": null, ""max_force_eV_A"": 0.07549464770549554, ""name"": ""bfgs_standard"", ""start_geometry_sha256"": ""4366458572024e7f0e22014b2d6e05c4b2870b878c7a652672c7ec7f9c15a997"", ""steps"": 44}]",2fd7dadbd23b5653db04a5af8b30a7b99f96eaeb4fa7ec2e387f9e728e4f3a1a,-1.6308366630971431,True,0.06201684909158431,62.0,100.0,0.08,converged,,bfgs_standard,"[{""ase_converged"": true, ""converged"": true, ""end_geometry_sha256"": ""b3e89f0c4915e5bdb2820805558d6467f2dd85d5ab44d2712ca554659873ebf7"", ""failure_class"": null, ""max_force_eV_A"": 0.06201684909158431, ""name"": ""bfgs_standard"", ""start_geometry_sha256"": ""5b7bff91622babd9c43c6740f9f8d0553bb5b128e73a8686760ac25b0fb09dcb"", ""steps"": 62}]",b3e89f0c4915e5bdb2820805558d6467f2dd85d5ab44d2712ca554659873ebf7,-2.1531229846179736,True,0.05692843740497312,75.0,100.0,0.08,converged,,bfgs_standard,"[{""ase_converged"": true, ""converged"": true, ""end_geometry_sha256"": ""1c76b256d82bf6d332fc1fbc4734b01b072911247598325c799bab9ee86bc4bd"", ""failure_class"": null, ""max_force_eV_A"": 0.05692843740497312, ""name"": ""bfgs_standard"", ""start_geometry_sha256"": ""367870fc488f3b0d0f5dd713113900bdd7bd17e2179d80ac53d5e2c5976bb374"", ""steps"": 75}]",1c76b256d82bf6d332fc1fbc4734b01b072911247598325c799bab9ee86bc4bd,-3.0939317241311324,2.859836663097143,step_4_H2O,6.0,0.0,True,3.7839596477151165,0.675000000035,False,quantitative_screening,2,2,796c985808176bc1781d,False,
"('MXene', 'V', 'C', 2, 'mixed_OH_O', 'Ru')",MXene,True,esen-sm-conserving-all-oc25:relax-v4:orr-che-v3,True,0.07345239935822892,113,150,0.08,converged,,bfgs_standard,"[{""ase_converged"": true, ""converged"": true, ""end_geometry_sha256"": ""f0884a4df7e690f86b7ca9a4dc491be597cfcab5e1fc9c3a2563a54767aaef6a"", ""failure_class"": null, ""max_force_eV_A"": 0.07345239935822892, ""name"": ""bfgs_standard"", ""start_geometry_sha256"": ""689c74244e12070755649fe204c3909a521e973d8de601f6457fa7edac00944d"", ""steps"": 113}]",f0884a4df7e690f86b7ca9a4dc491be597cfcab5e1fc9c3a2563a54767aaef6a,-251.64989144623115,True,0.07815714010382728,94,100,0.08,converged,,bfgs_standard,"[{""ase_converged"": true, ""converged"": true, ""end_geometry_sha256"": ""34b2a27d5793865b072c2de98563e79a637f9ca4bb8f9df6e46a1232cb3389a3"", ""failure_class"": null, ""max_force_eV_A"": 0.07815714010382728, ""name"": ""bfgs_standard"", ""start_geometry_sha256"": ""c0f2ccaae6693681729ca593af88aa68cdc7a4a1fe3461944f58ce1656fdb37b"", ""steps"": 94}]",34b2a27d5793865b072c2de98563e79a637f9ca4bb8f9df6e46a1232cb3389a3,-1.1997186516225338,True,0.0763688663958161,71.0,100.0,0.08,converged,,bfgs_standard,"[{""ase_converged"": true, ""converged"": true, ""end_geometry_sha256"": ""1539e6cd952b03bbe005056b35685474e6c3f14f64b0430105b59b6f75108c13"", ""failure_class"": null, ""max_force_eV_A"": 0.0763688663958161, ""name"": ""bfgs_standard"", ""start_geometry_sha256"": ""0589412f0ae321bbb9a88b01f39f16cd16e793d1f8cabd6d1d3704e62e211915"", ""steps"": 71}]",1539e6cd952b03bbe005056b35685474e6c3f14f64b0430105b59b6f75108c13,-1.747078978270317,True,0.07984945685235584,68.0,100.0,0.08,converged,,bfgs_standard,"[{""ase_converged"": true, ""converged"": true, ""end_geometry_sha256"": ""ba3a02dc5328dc93cbbdd25b2a604c92f8e9fa3660dca94f8dc9d92027ead47d"", ""failure_class"": null, ""max_force_eV_A"": 0.07984945685235584, ""name"": ""bfgs_standard"", ""start_geometry_sha256"": ""567009347ddd5592ef95acd6c7ca19159481c4093bf349862bf227f2e44520f4"", ""steps"": 68}]",ba3a02dc5328dc93cbbdd25b2a604c92f8e9fa3660dca94f8dc9d92027ead47d,-3.097342063486601,2.579263085216284,step_2_O,9.0,-2.0,True,2.946797629892851,0.675000000035,False,quantitative_screening,1,1,c982eba3ea58b9fee1fa,False,
"('MXene', 'V', 'C', 3, 'OH', 'Pt')",MXene,True,esen-sm-conserving-all-oc25:relax-v4:orr-che-v3,True,0.07727285325625764,78,150,0.08,converged,,bfgs_standard,"[{""ase_converged"": true, ""converged"": true, ""end_geometry_sha256"": ""ab908870371d00c32bc8ad97de4924465a87f14a445246194fd1042f93ea2e81"", ""failure_class"": null, ""max_force_eV_A"": 0.07727285325625764, ""name"": ""bfgs_standard"", ""start_geometry_sha256"": ""a7d4a63d327eeb86481210324907f58b21830d1dd2862c75664204d393cc6bb6"", ""steps"": 78}]",ab908870371d00c32bc8ad97de4924465a87f14a445246194fd1042f93ea2e81,-329.1731101217907,True,0.07714193106428462,33,100,0.08,converged,,bfgs_standard,"[{""ase_converged"": true, ""converged"": true, ""end_geometry_sha256"": ""aa1653d62beac79b3d6463120423e7225f5a63f26e215088b9a3c5c625ee4467"", ""failure_class"": null, ""max_force_eV_A"": 0.07714193106428462, ""name"": ""bfgs_standard"", ""start_geometry_sha256"": ""a771aa2428fd3f72fef8baaaed2810cb1f9ece90f559f9c0f729465adb30c262"", ""steps"": 33}]",aa1653d62beac79b3d6463120423e7225f5a63f26e215088b9a3c5c625ee4467,-1.3388139580190181,True,0.06682276234207143,98.0,100.0,0.08,converged,,bfgs_standard,"[{""ase_converged"": true, ""converged"": true, ""end_geometry_sha256"": ""b532128a083094b08fbbbb47a3a95d44b951a1a4334b40aef62c13da90c59298"", ""failure_class"": null, ""max_force_eV_A"": 0.06682276234207143, ""name"": ""bfgs_standard"", ""start_geometry_sha256"": ""0d1241e91bbc81d34c870ad89c35dca96f89e164be2c9cc43d83c5071e640e64"", ""steps"": 98}]",b532128a083094b08fbbbb47a3a95d44b951a1a4334b40aef62c13da90c59298,-4.455628477782093,True,0.06675597824820932,56.0,100.0,0.08,converged,,bfgs_standard,"[{""ase_converged"": true, ""converged"": true, ""end_geometry_sha256"": ""f4c258a6e5ca7604ff6befeee1b9939d86b71d6dd1af03c6fab8900639e86016"", ""failure_class"": null, ""max_force_eV_A"": 0.06675597824820932, ""name"": ""bfgs_standard"", ""start_geometry_sha256"": ""36dc821e5b72ffbd84e9133e78ce55612f7b9793e1cc87a9cea96a930daf4560"", ""steps"": 56}]",f4c258a6e5ca7604ff6befeee1b9939d86b71d6dd1af03c6fab8900639e86016,-4.210352469980798,3.0,step_3_OH,9.0,-2.0,True,5.794442435801111,0.675000000035,False,quantitative_screening,0,0,93f74847f84fef1e19a9,False,
"('SAA', 'Pt', 'Sn', '110', 2000)",SAA,True,esen-sm-conserving-all-oc25:relax-v4:orr-che-v3,True,0.07084339938003788,78,150,0.08,converged,,bfgs_standard,"[{""ase_converged"": true, ""converged"": true, ""end_geometry_sha256"": ""3e46e136af01b8c6090edfe8d1edc17ed8affbd8de431a648651a68da4b31c6d"", ""failure_class"": null, ""max_force_eV_A"": 0.07084339938003788, ""name"": ""bfgs_standard"", ""start_geometry_sha256"": ""2e079e616d21939c6c533ec3b0411d925034ce678924725d2d43488a8ea5cda3"", ""steps"": 78}]",3e46e136af01b8c6090edfe8d1edc17ed8affbd8de431a648651a68da4b31c6d,-68.68119552716874,True,0.07562652292569023,27,100,0.08,converged,,bfgs_standard,"[{""ase_converged"": true, ""converged"": true, ""end_geometry_sha256"": ""d7baa3d6cf9e0d12636ae4508cd92984f09073771ba9b3bcacd43e960866b877"", ""failure_class"": null, ""max_force_eV_A"": 0.07562652292569023, ""name"": ""bfgs_standard"", ""start_geometry_sha256"": ""d1d1b864c3926c588010297c5a163b1a6d92ac46a9f7822d1205867cc29eb373"", ""steps"": 27}]",d7baa3d6cf9e0d12636ae4508cd92984f09073771ba9b3bcacd43e960866b877,-2.225387749522924,True,0.07910227680660781,32.0,100.0,0.08,converged,,bfgs_standard,"[{""ase_converged"": true, ""converged"": true, ""end_geometry_sha256"": ""00c74c0f3069946360dbddd064a6ab2a9201b1dccb69b0f64d0cd9d4fc0fa206"", ""failure_class"": null, ""max_force_eV_A"": 0.07910227680660781, ""name"": ""bfgs_standard"", ""start_geometry_sha256"": ""9096ba32834d14ae50447129699fe666fa2579a579f237afc96917ce06355138"", ""steps"": 32}]",00c74c0f3069946360dbddd064a6ab2a9201b1dccb69b0f64d0cd9d4fc0fa206,-2.8800059191882577,True,0.06787836232680892,44.0,100.0,0.08,converged,,bfgs_standard,"[{""ase_converged"": true, ""converged"": true, ""end_geometry_sha256"": ""52f6b9b1deb5c19e11192cab22e81f33efa36b299ef4b9ee550bb36fdcfb5271"", ""failure_class"": null, ""max_force_eV_A"": 0.06787836232680892, ""name"": ""bfgs_standard"", ""start_geometry_sha256"": ""99bd3edcce80b4778535deff954843557b2ef5a6d85ab617cf8ea86863741554"", ""steps"": 44}]",52f6b9b1deb5c19e11192cab22e81f33efa36b299ef4b9ee550bb36fdcfb5271,-5.701139022409912,3.0,step_2_O,10.0,-2.0,True,5.105393668711182,0.902500000035,False,quantitative_screening,2,2,30cbda29ced2f08ddc34,False,
"('SAA', 'Pt', 'Sn', '211', 10000)",SAA,True,esen-sm-conserving-all-oc25:relax-v4:orr-che-v3,True,0.07521194446307107,241,150,0.08,converged,,bfgs_after_fire,"[{""ase_converged"": false, ""converged"": false, ""end_geometry_sha256"": ""516881ac1913e18f81e55668bae403e56a23809ec8e9de673f727f231f3eb67a"", ""failure_class"": ""force_threshold"", ""max_force_eV_A"": 0.4118380823843401, ""name"": ""bfgs_standard"", ""start_geometry_sha256"": ""ad1431afada6ec8bdc4b4def4920d3729b69999e4141f871ca89ef43088e38f1"", ""steps"": 150}, {""ase_converged"": true, ""converged"": true, ""end_geometry_sha256"": ""f59454b8f9d83343f4686744fd79ef047bf34fbc9d20762d9dd74f7be56f1ff2"", ""failure_class"": null, ""max_force_eV_A"": 0.23292041343516678, ""name"": ""fire_precondition"", ""qualifying"": false, ""start_geometry_sha256"": ""ad1431afada6ec8bdc4b4def4920d3729b69999e4141f871ca89ef43088e38f1"", ""steps"": 36}, {""ase_converged"": true, ""converged"": true, ""end_geometry_sha256"": ""45d4a9aa42a9d22ba9f327b4b5dbf53f2f7a97bbcd35fa3440a22fafed3c1423"", ""failure_class"": null, ""max_force_eV_A"": 0.07521194446307107, ""name"": ""bfgs_after_fire"", ""start_geometry_sha256"": ""f59454b8f9d83343f4686744fd79ef047bf34fbc9d20762d9dd74f7be56f1ff2"", ""steps"": 55}]",45d4a9aa42a9d22ba9f327b4b5dbf53f2f7a97bbcd35fa3440a22fafed3c1423,-54.98493912801407,True,0.056522321869131954,54,100,0.08,converged,,bfgs_standard,"[{""ase_converged"": true, ""converged"": true, ""end_geometry_sha256"": ""feb0e0b2c42e5768fb42adaba31695da5e3829ae023f37a6f9073448003c2b02"", ""failure_class"": null, ""max_force_eV_A"": 0.056522321869131954, ""name"": ""bfgs_standard"", ""start_geometry_sha256"": ""bcb94d050602388b28ecc6b52531bc5b00a1c6cc61358a9e5203445f4975460d"", ""steps"": 54}]",feb0e0b2c42e5768fb42adaba31695da5e3829ae023f37a6f9073448003c2b02,1.2485571528971124,True,0.074752412099203,223.0,100.0,0.08,converged,,bfgs_after_fire,"[{""ase_converged"": false, ""converged"": false, ""end_geometry_sha256"": ""06dee0c1285a7602c02ffc310ff5da4f39f300eec81180e4a8c22f7adcb82706"", ""failure_class"": ""force_threshold"", ""max_force_eV_A"": 0.13383870290391117, ""name"": ""bfgs_standard"", ""start_geometry_sha256"": ""330de35df6d7077a0b26fb070876c7fba5138f4ba99486e4fcd97e7bac81a388"", ""steps"": 100}, {""ase_converged"": true, ""converged"": true, ""end_geometry_sha256"": ""38270fd16705fe6e2c68aca204738bbac48153acb9bad63cdfc54cce2df61a49"", ""failure_class"": null, ""max_force_eV_A"": 0.2486842210208379, ""name"": ""fire_precondition"", ""qualifying"": false, ""start_geometry_sha256"": ""330de35df6d7077a0b26fb070876c7fba5138f4ba99486e4fcd97e7bac81a388"", ""steps"": 46}, {""ase_converged"": true, ""converged"": true, ""end_geometry_sha256"": ""e4125526f536cf39cb5308fdec57a9ffdedf097e74e1dcf9796477023cb93cd7"", ""failure_class"": null, ""max_force_eV_A"": 0.074752412099203, ""name"": ""bfgs_after_fire"", ""start_geometry_sha256"": ""38270fd16705fe6e2c68aca204738bbac48153acb9bad63cdfc54cce2df61a49"", ""steps"": 77}]",e4125526f536cf39cb5308fdec57a9ffdedf097e74e1dcf9796477023cb93cd7,1.4776999123394454,True,0.07020093794430363,47.0,100.0,0.08,converged,,bfgs_standard,"[{""ase_converged"": true, ""converged"": true, ""end_geometry_sha256"": ""c7b1ce1aa7193f41667d0e38497750b8f2843be6e676e8307b62dcd3299b2d3b"", ""failure_class"": null, ""max_force_eV_A"": 0.07020093794430363, ""name"": ""bfgs_standard"", ""start_geometry_sha256"": ""a8b8ce23121b565620a45b7a58479803c7a0320620e4ad2508461ded6ddfbfc9"", ""steps"": 47}]",c7b1ce1aa7193f41667d0e38497750b8f2843be6e676e8307b62dcd3299b2d3b,4.615473459661004,0.9998572405576671,step_3_OH,10.0,-2.0,True,2.726257065236558,0.902500000035,False,quantitative_screening,0,0,daa4993680b909e7f998,False,
"('SAA', 'Pt', 'In', '111', 5000)",SAA,True,esen-sm-conserving-all-oc25:relax-v4:orr-che-v3,True,0.07905439148560943,12,150,0.08,converged,,bfgs_standard,"[{""ase_converged"": true, ""converged"": true, ""end_geometry_sha256"": ""7d169a765d29d27bf34599ef48a677386114271e886a00bcb86248cc740cee1b"", ""failure_class"": null, ""max_force_eV_A"": 0.07905439148560943, ""name"": ""bfgs_standard"", ""start_geometry_sha256"": ""772edcd8a2b2176152210477c3643eba997bdf34380529aa86b956dfd0f6a736"", ""steps"": 12}]",7d169a765d29d27bf34599ef48a677386114271e886a00bcb86248cc740cee1b,-40.76194744904393,True,0.07034201077786077,58,100,0.08,converged,,bfgs_standard,"[{""ase_converged"": true, ""converged"": true, ""end_geometry_sha256"": ""84241d06714303e62e48d6ecc43dbd7cf7b83048dff2970ecfede134f64000c7"", ""failure_class"": null, ""max_force_eV_A"": 0.07034201077786077, ""name"": ""bfgs_standard"", ""start_geometry_sha256"": ""2c5caaf5d454743d1e36735352f0cfa116bb31b8e39d03ec75c02cac4e46f7c4"", ""steps"": 58}]",84241d06714303e62e48d6ecc43dbd7cf7b83048dff2970ecfede134f64000c7,-0.24671280130743983,True,0.07180396376386584,70.0,100.0,0.08,converged,,bfgs_standard,"[{""ase_converged"": true, ""converged"": true, ""end_geometry_sha256"": ""be69054dc4cab859c2c6bf1d6605f2c318a9215fbb879c3f240650fee86340da"", ""failure_class"": null, ""max_force_eV_A"": 0.07180396376386584, ""name"": ""bfgs_standard"", ""start_geometry_sha256"": ""b54257a27cfcd95c1c6280a684d92140de40d5f29dc3749dfdd9db3ef2c39fb6"", ""steps"": 70}]",be69054dc4cab859c2c6bf1d6605f2c318a9215fbb879c3f240650fee86340da,-0.17309000417589787,True,0.06706915998982435,77.0,100.0,0.08,converged,,bfgs_standard,"[{""ase_converged"": true, ""converged"": true, ""end_geometry_sha256"": ""2a573bc38b0bb37b988074dba77583a0dcdeb60ca3d212209a50b9a5ec8051bf"", ""failure_class"": null, ""max_force_eV_A"": 0.06706915998982435, ""name"": ""bfgs_standard"", ""start_geometry_sha256"": ""e08b9af36d18b318f6dcb55881eea4f6a424539dee0ef24d1c8a4d8fa26ca120"", ""steps"": 77}]",2a573bc38b0bb37b988074dba77583a0dcdeb60ca3d212209a50b9a5ec8051bf,3.011795769631866,1.4757128013074399,step_4_H2O,10.0,-2.0,True,0.4198028054833377,0.902500000035,False,quantitative_screening,1,1,aa2652f26f6b913bb688,False,
"('SAA', 'Pt', 'In', '111', 10000)",SAA,True,esen-sm-conserving-all-oc25:relax-v4:orr-che-v3,True,0.07838302457635818,12,150,0.08,converged,,bfgs_standard,"[{""ase_converged"": true, ""converged"": true, ""end_geometry_sha256"": ""6189bee21ea47878252a51c9a886efafe3a947294572563042f7a5bf97604379"", ""failure_class"": null, ""max_force_eV_A"": 0.07838302457635818, ""name"": ""bfgs_standard"", ""start_geometry_sha256"": ""5c98707a426e34645ae3323eaedfb58be2aca3f913dbd1505bec22eff7359de9"", ""steps"": 12}]",6189bee21ea47878252a51c9a886efafe3a947294572563042f7a5bf97604379,-40.76689958174579,True,0.07440477844819775,12,100,0.08,converged,,bfgs_standard,"[{""ase_converged"": true, ""converged"": true, ""end_geometry_sha256"": ""7f1b081d1c65eb2cab2aef4a409c266329d86183c0bbaa62eb657fc3f608e3e6"", ""failure_class"": null, ""max_force_eV_A"": 0.07440477844819775, ""name"": ""bfgs_standard"", ""start_geometry_sha256"": ""504807bf2d0fb90ee05139ff22906719f1b5ab76230c1704ed320ff0790d6978"", ""steps"": 12}]",7f1b081d1c65eb2cab2aef4a409c266329d86183c0bbaa62eb657fc3f608e3e6,1.233014548867941,True,0.06806603735432466,53.0,100.0,0.08,converged,,bfgs_standard,"[{""ase_converged"": true, ""converged"": true, ""end_geometry_sha256"": ""13ec7b22f126c0533009468567e369e8d4c6f7fc2af7d1969dba966b4cd727f7"", ""failure_class"": null, ""max_force_eV_A"": 0.06806603735432466, ""name"": ""bfgs_standard"", ""start_geometry_sha256"": ""c1255f35db5e98cae27c07641c8d616b0494868a282a62462216f7d3c71bfa2e"", ""steps"": 53}]",13ec7b22f126c0533009468567e369e8d4c6f7fc2af7d1969dba966b4cd727f7,0.6044430501759088,True,0.07817605733010898,66.0,100.0,0.08,converged,,bfgs_standard,"[{""ase_converged"": true, ""converged"": true, ""end_geometry_sha256"": ""eb16c5cf34413c4a49cd6db04d183dcdf8f432008035ba94534e55a38b5bfd3b"", ""failure_class"": null, ""max_force_eV_A"": 0.07817605733010898, ""name"": ""bfgs_standard"", ""start_geometry_sha256"": ""914035c6e6ee58dda0d8beca32ba205364f9ad6c1819963d2f5f3e3f2625186b"", ""steps"": 66}]",eb16c5cf34413c4a49cd6db04d183dcdf8f432008035ba94534e55a38b5bfd3b,3.173036645352844,1.8575714986920322,step_3_OH,10.0,-2.0,True,1.8374575990438498,0.902500000035,False,quantitative_screening,2,2,38ad0a41e8aa7b8ca9a1,False,
"('SAA', 'Pt', 'In', '110', 100)",SAA,True,esen-sm-conserving-all-oc25:relax-v4:orr-che-v3,True,0.06650462221574079,91,150,0.08,converged,,bfgs_standard,"[{""ase_converged"": true, ""converged"": true, ""end_geometry_sha256"": ""4f4c83753992c09a1e18c4215c079b9b8bb264de0e90be9a4801409d295b8260"", ""failure_class"": null, ""max_force_eV_A"": 0.06650462221574079, ""name"": ""bfgs_standard"", ""start_geometry_sha256"": ""8cdbffcb72043bf453310acf0e4f6a4d70e17aab8612e547fb16ee15c0b1bd1a"", ""steps"": 91}]",4f4c83753992c09a1e18c4215c079b9b8bb264de0e90be9a4801409d295b8260,-138.98795066335057,True,0.07042877524180045,88,100,0.08,converged,,bfgs_standard,"[{""ase_converged"": true, ""converged"": true, ""end_geometry_sha256"": ""efd46da4c678052b3fb1d4e64af33dbf2fba638ca5e0eb29860d2a4e0f1c0c69"", ""failure_class"": null, ""max_force_eV_A"": 0.07042877524180045, ""name"": ""bfgs_standard"", ""start_geometry_sha256"": ""2ae359cfaa7274eba1d3e962c1992e6fbb3ace2a683007a9028e3a9f7e656ee3"", ""steps"": 88}]",efd46da4c678052b3fb1d4e64af33dbf2fba638ca5e0eb29860d2a4e0f1c0c69,-0.09430950626730922,True,0.07526389833650632,79.0,100.0,0.08,converged,,bfgs_standard,"[{""ase_converged"": true, ""converged"": true, ""end_geometry_sha256"": ""3a88e078edb97a12b4d42af02faa10bfed475703d9378152fab81e4abe3b0921"", ""failure_class"": null, ""max_force_eV_A"": 0.07526389833650632, ""name"": ""bfgs_standard"", ""start_geometry_sha256"": ""6b09f0766c0c6f3948a25b7b81ad09c1ffb495e473608b2f7ee0518390deeb0c"", ""steps"": 79}]",3a88e078edb97a12b4d42af02faa10bfed475703d9378152fab81e4abe3b0921,0.06348315551877377,True,0.0553690506713064,90.0,100.0,0.08,converged,,bfgs_standard,"[{""ase_converged"": true, ""converged"": true, ""end_geometry_sha256"": ""c3daf24bad6b03ab91d4d08aa03bcb89cf71c4bd90c80fb1473c75090d428a5b"", ""failure_class"": null, ""max_force_eV_A"": 0.0553690506713064, ""name"": ""bfgs_standard"", ""start_geometry_sha256"": ""1913c8f6ec506ebf09ed66d80a934806191e14ad5685be456e84941473bde1e5"", ""steps"": 90}]",c3daf24bad6b03ab91d4d08aa03bcb89cf71c4bd90c80fb1473c75090d428a5b,3.0282496914267005,1.3233095062673093,step_4_H2O,10.0,-2.0,True,0.15779266178608298,0.902500000035,False,quantitative_screening,1,1,ebfcafa2412f8cf7b831,False,
"('SAA', 'Pt', 'In', '110', 10000)",SAA,True,esen-sm-conserving-all-oc25:relax-v4:orr-che-v3,True,0.07971531627794429,36,150,0.08,converged,,bfgs_standard,"[{""ase_converged"": true, ""converged"": true, ""end_geometry_sha256"": ""24e7a63b06eb6c3b3f224102f21935de910be39fadfd4602460630cd232ab8b3"", ""failure_class"": null, ""max_force_eV_A"": 0.07971531627794429, ""name"": ""bfgs_standard"", ""start_geometry_sha256"": ""6ca6c71fbee226a1f1e690d0610c2a5f2ae589e4bc2dad38a923ca7d7d21f586"", ""steps"": 36}]",24e7a63b06eb6c3b3f224102f21935de910be39fadfd4602460630cd232ab8b3,-37.452538128689454,True,0.0688478954749,283,100,0.08,converged,,bfgs_after_fire,"[{""ase_converged"": false, ""converged"": false, ""end_geometry_sha256"": ""e804afc53e346c0a4c2acc1a3d3e70bc4b60123704c87f6c3b0a6f16cc873d42"", ""failure_class"": ""force_threshold"", ""max_force_eV_A"": 0.2652415594412452, ""name"": ""bfgs_standard"", ""start_geometry_sha256"": ""9efcd5ccde5c7edbe06acb1c56e345ddd0591fb524e760b81d0b6c7fb833db55"", ""steps"": 100}, {""ase_converged"": true, ""converged"": true, ""end_geometry_sha256"": ""b6d163af3541d990b5769e4b23c88a34e7f865eea5c2ec12ae6d6d432522a330"", ""failure_class"": null, ""max_force_eV_A"": 0.1862749234477762, ""name"": ""fire_precondition"", ""qualifying"": false, ""start_geometry_sha256"": ""9efcd5ccde5c7edbe06acb1c56e345ddd0591fb524e760b81d0b6c7fb833db55"", ""steps"": 26}, {""ase_converged"": true, ""converged"": true, ""end_geometry_sha256"": ""5326f7744294ff94b15ef102dd440811ead8e63d0420fc2c09dcb80ad02d8785"", ""failure_class"": null, ""max_force_eV_A"": 0.0688478954749, ""name"": ""bfgs_after_fire"", ""start_geometry_sha256"": ""b6d163af3541d990b5769e4b23c88a34e7f865eea5c2ec12ae6d6d432522a330"", ""steps"": 157}]",5326f7744294ff94b15ef102dd440811ead8e63d0420fc2c09dcb80ad02d8785,-0.5216214035451412,True,0.05485263705827654,24.0,100.0,0.08,converged,,bfgs_standard,"[{""ase_converged"": true, ""converged"": true, ""end_geometry_sha256"": ""d1b428029b2e15f297a6d98ddfee6d2dbcd2648f78c09f277fa99c474a2123fd"", ""failure_class"": null, ""max_force_eV_A"": 0.05485263705827654, ""name"": ""bfgs_standard"", ""start_geometry_sha256"": ""8a81e9adadc6c4cd5085038df21c438127519e1722348279e36cec6512c42633"", ""steps"": 24}]",d1b428029b2e15f297a6d98ddfee6d2dbcd2648f78c09f277fa99c474a2123fd,1.8278271324932611,True,0.0688905159311777,35.0,100.0,0.08,converged,,bfgs_standard,"[{""ase_converged"": true, ""converged"": true, ""end_geometry_sha256"": ""3fd026202e8d37588d4cc5d06856cdcef002b1e4e981f876ecbc62bac6d4945e"", ""failure_class"": null, ""max_force_eV_A"": 0.0688905159311777, ""name"": ""bfgs_standard"", ""start_geometry_sha256"": ""4adeace564e0c222fcb723931cc3600da915263ffa4926594573e7d23072e02f"", ""steps"": 35}]",3fd026202e8d37588d4cc5d06856cdcef002b1e4e981f876ecbc62bac6d4945e,3.784427832067016,1.7506214035451413,step_4_H2O,10.0,-2.0,True,2.3494485360384023,0.902500000035,False,quantitative_screening,2,2,a372ffa7db6f7e47ef9a,False,
"('SAA', 'Pt', 'Ga', '111', 500)",SAA,True,esen-sm-conserving-all-oc25:relax-v4:orr-che-v3,True,0.05646462161767595,32,150,0.08,converged,,bfgs_standard,"[{""ase_converged"": true, ""converged"": true, ""end_geometry_sha256"": ""1f9e8d3c64eec44fe0189b4bf8467e4f5c2387bde9df8966b6830e53f9ce85c1"", ""failure_class"": null, ""max_force_eV_A"": 0.05646462161767595, ""name"": ""bfgs_standard"", ""start_geometry_sha256"": ""514061bebc8812df907fcefe118463f8038274ff8acce1c70632800e2b749921"", ""steps"": 32}]",1f9e8d3c64eec44fe0189b4bf8467e4f5c2387bde9df8966b6830e53f9ce85c1,-97.5340051755172,True,0.07420087377621386,217,100,0.08,converged,,bfgs_after_fire,"[{""ase_converged"": false, ""converged"": false, ""end_geometry_sha256"": ""fdf88b4c4fb22912d661bb280acd7851ca43fc0a7b9e7c30537dab3ef56f952d"", ""failure_class"": ""force_threshold"", ""max_force_eV_A"": 0.10501346101924627, ""name"": ""bfgs_standard"", ""start_geometry_sha256"": ""35626c2209fcbe5fd037a1ba182a3a1fc0a61047090ff0b7d0c14329db702fe0"", ""steps"": 100}, {""ase_converged"": true, ""converged"": true, ""end_geometry_sha256"": ""b91ff431fc57dd79bc0de48ded650f7e2702a0242f5ace42cd118353f250f665"", ""failure_class"": null, ""max_force_eV_A"": 0.1295087430924005, ""name"": ""fire_precondition"", ""qualifying"": false, ""start_geometry_sha256"": ""35626c2209fcbe5fd037a1ba182a3a1fc0a61047090ff0b7d0c14329db702fe0"", ""steps"": 7}, {""ase_converged"": true, ""converged"": true, ""end_geometry_sha256"": ""c745b9e413b5e7bf426e4efc8903dbedfd762794fb3d35101535d4e2d9dd56bf"", ""failure_class"": null, ""max_force_eV_A"": 0.07420087377621386, ""name"": ""bfgs_after_fire"", ""start_geometry_sha256"": ""b91ff431fc57dd79bc0de48ded650f7e2702a0242f5ace42cd118353f250f665"", ""steps"": 110}]",c745b9e413b5e7bf426e4efc8903dbedfd762794fb3d35101535d4e2d9dd56bf,-0.4906250809133053,True,0.07246175119271642,203.0,100.0,0.08,converged,,bfgs_after_fire,"[{""ase_converged"": false, ""converged"": false, ""end_geometry_sha256"": ""4bc5a764fcc05b492b13c5ff0cfe6d8e60077a42e665dbf74ac05a93227a9252"", ""failure_class"": ""force_threshold"", ""max_force_eV_A"": 0.10931950394871304, ""name"": ""bfgs_standard"", ""start_geometry_sha256"": ""e2e48312088d80599ac8c8dcf93afbbbf8ada34911168604399cabeeaeefd80b"", ""steps"": 100}, {""ase_converged"": true, ""converged"": true, ""end_geometry_sha256"": ""48f5726ddc00b2e6f2802fe6d64cc1bc8d205b5e1ddf1024bfd879f7b6993ec2"", ""failure_class"": null, ""max_force_eV_A"": 0.24670474420742963, ""name"": ""fire_precondition"", ""qualifying"": false, ""start_geometry_sha256"": ""e2e48312088d80599ac8c8dcf93afbbbf8ada34911168604399cabeeaeefd80b"", ""steps"": 23}, {""ase_converged"": true, ""converged"": true, ""end_geometry_sha256"": ""3d7d6e68659b1e5f1a689e696c402fb105dc706249500b66038afd5e75b4e6c3"", ""failure_class"": null, ""max_force_eV_A"": 0.07246175119271642, ""name"": ""bfgs_after_fire"", ""start_geometry_sha256"": ""48f5726ddc00b2e6f2802fe6d64cc1bc8d205b5e1ddf1024bfd879f7b6993ec2"", ""steps"": 80}]",3d7d6e68659b1e5f1a689e696c402fb105dc706249500b66038afd5e75b4e6c3,-0.3656063906848395,True,0.06936800890326335,98.0,100.0,0.08,converged,,bfgs_standard,"[{""ase_converged"": true, ""converged"": true, ""end_geometry_sha256"": ""cb7c9accdf03be4474a24e049b339f4999fa7da7b763f825a83b809acc18df70"", ""failure_class"": null, ""max_force_eV_A"": 0.06936800890326335, ""name"": ""bfgs_standard"", ""start_geometry_sha256"": ""3d79498e7996ecffedb7f41817ee56cef33c42f3d66915476bbef59eaf93e0f9"", ""steps"": 98}]",cb7c9accdf03be4474a24e049b339f4999fa7da7b763f825a83b809acc18df70,3.2042397961020503,1.7196250809133053,step_4_H2O,10.0,-2.0,True,0.8562314715981448,0.902500000035,False,quantitative_screening,0,0,5425369f06f728075894,False,
"('SAA', 'Pt', 'Ga', '100', 100)",SAA,True,esen-sm-conserving-all-oc25:relax-v4:orr-che-v3,True,0.06549408491618522,30,150,0.08,converged,,bfgs_standard,"[{""ase_converged"": true, ""converged"": true, ""end_geometry_sha256"": ""7419e35e844e84ef51a9519ad3470a3e9dd4a8171b77ae4fb1e328873ab4d874"", ""failure_class"": null, ""max_force_eV_A"": 0.06549408491618522, ""name"": ""bfgs_standard"", ""start_geometry_sha256"": ""0ec4fe3a9a6293818c79aaf6bce8caf13440c29c348d7a7db3d3ef28aa536387"", ""steps"": 30}]",7419e35e844e84ef51a9519ad3470a3e9dd4a8171b77ae4fb1e328873ab4d874,-167.78200857065664,True,0.07610716684153083,54,100,0.08,converged,,bfgs_standard,"[{""ase_converged"": true, ""converged"": true, ""end_geometry_sha256"": ""4119269be1909db8c0c9fbfd3f117e9644c78dc41c30def46193957a77756626"", ""failure_class"": null, ""max_force_eV_A"": 0.07610716684153083, ""name"": ""bfgs_standard"", ""start_geometry_sha256"": ""54f2436418a762679bf980235defd6a2f3b4675fed645787f3167b36aa003eab"", ""steps"": 54}]",4119269be1909db8c0c9fbfd3f117e9644c78dc41c30def46193957a77756626,0.3116558219492151,True,0.07057915920350132,32.0,100.0,0.08,converged,,bfgs_standard,"[{""ase_converged"": true, ""converged"": true, ""end_geometry_sha256"": ""53b70d9e22d4f6f54bac95c73f4538e884a42f682d0e1cf98e96a9195002f3a4"", ""failure_class"": null, ""max_force_eV_A"": 0.07057915920350132, ""name"": ""bfgs_standard"", ""start_geometry_sha256"": ""18ee6b7539b7caeee6cad5ea8291026b04649278f6ed8bfeada4e521e08d21e3"", ""steps"": 32}]",53b70d9e22d4f6f54bac95c73f4538e884a42f682d0e1cf98e96a9195002f3a4,0.3819302685558547,True,0.07315046023325117,58.0,100.0,0.08,converged,,bfgs_standard,"[{""ase_converged"": true, ""converged"": true, ""end_geometry_sha256"": ""92c2e5eaed324a1b3ae24bc70621f9faf34f76cb787c5bfc9826c946eee5b457"", ""failure_class"": null, ""max_force_eV_A"": 0.07315046023325117, ""name"": ""bfgs_standard"", ""start_geometry_sha256"": ""a37c7566cce48c71c1b0bc60af80de3831ca0b9f2bfa1769383c5586bf599010"", ""steps"": 58}]",92c2e5eaed324a1b3ae24bc70621f9faf34f76cb787c5bfc9826c946eee5b457,0.1878447040915525,1.4230855644643023,step_2_O,10.0,-2.0,True,0.6935860905050698,0.902500000035,False,quantitative_screening,1,1,2122b2a994571b4c0ef5,False,
"('SAA', 'Pt', 'Ga', '100', 1000)",SAA,True,esen-sm-conserving-all-oc25:relax-v4:orr-che-v3,True,0.056987706693803625,26,150,0.08,converged,,bfgs_standard,"[{""ase_converged"": true, ""converged"": true, ""end_geometry_sha256"": ""4f115eadc227eb4d4686b21c88e3e14730752f2688a7f139aee7f2615c6432cf"", ""failure_class"": null, ""max_force_eV_A"": 0.056987706693803625, ""name"": ""bfgs_standard"", ""start_geometry_sha256"": ""ed39d4f8e6635c21be59d7e509828cfd2d26d45faca3b52cfe6ea88be1232ce1"", ""steps"": 26}]",4f115eadc227eb4d4686b21c88e3e14730752f2688a7f139aee7f2615c6432cf,-96.41882134525596,True,0.07089460896014424,65,100,0.08,converged,,bfgs_standard,"[{""ase_converged"": true, ""converged"": true, ""end_geometry_sha256"": ""f46295845e02c4d7676bc07c170f73d9b9bdfcb4785662991dcdc1c40ef1950b"", ""failure_class"": null, ""max_force_eV_A"": 0.07089460896014424, ""name"": ""bfgs_standard"", ""start_geometry_sha256"": ""78f1b0cddee3a797984ebf16311d62e2367540635013c2368f22a85ed795c793"", ""steps"": 65}]",f46295845e02c4d7676bc07c170f73d9b9bdfcb4785662991dcdc1c40ef1950b,0.13336307063698766,True,0.07803614979440503,44.0,100.0,0.08,converged,,bfgs_standard,"[{""ase_converged"": true, ""converged"": true, ""end_geometry_sha256"": ""d75c96ec9938b1a5c5646fcf9c6d5004a44ef344fcdc9b08507fe2c9615b42e8"", ""failure_class"": null, ""max_force_eV_A"": 0.07803614979440503, ""name"": ""bfgs_standard"", ""start_geometry_sha256"": ""847d9b16968ae8373d2b6b11a0471adc3b8fba39fb0d39b5df0ed81a847f9c45"", ""steps"": 44}]",d75c96ec9938b1a5c5646fcf9c6d5004a44ef344fcdc9b08507fe2c9615b42e8,0.19438973739743587,True,0.07462685806604598,71.0,100.0,0.08,converged,,bfgs_standard,"[{""ase_converged"": true, ""converged"": true, ""end_geometry_sha256"": ""d52354abbb1e2c3c8005973591853778433ed1b3bb9bf9287b32576e95ad9bac"", ""failure_class"": null, ""max_force_eV_A"": 0.07462685806604598, ""name"": ""bfgs_standard"", ""start_geometry_sha256"": ""3aee67f5856503d365899339d2dc444fa9df198aafa044d94e7e9be0e8a00699"", ""steps"": 71}]",d52354abbb1e2c3c8005973591853778433ed1b3bb9bf9287b32576e95ad9bac,0.1337074741721189,1.289682263225317,step_2_O,10.0,-2.0,True,0.3277528080344235,0.902500000035,False,quantitative_screening,2,2,344d58c07d9579da1a16,False,
"('SAA', 'Pt', 'Ga', '110', 1000)",SAA,True,esen-sm-conserving-all-oc25:relax-v4:orr-che-v3,True,0.07484678471409388,58,150,0.08,converged,,bfgs_standard,"[{""ase_converged"": true, ""converged"": true, ""end_geometry_sha256"": ""a4292d98027abf0141311c3dc18c46f66fe9c8a523db73ed30cf50e2b8de255d"", ""failure_class"": null, ""max_force_eV_A"": 0.07484678471409388, ""name"": ""bfgs_standard"", ""start_geometry_sha256"": ""89eb6a60360b8d034a1869707c4db251901beeb2f66cb3d0141261203fcaa9ea"", ""steps"": 58}]",a4292d98027abf0141311c3dc18c46f66fe9c8a523db73ed30cf50e2b8de255d,-85.13228179066002,True,0.06837793754864385,40,100,0.08,converged,,bfgs_standard,"[{""ase_converged"": true, ""converged"": true, ""end_geometry_sha256"": ""2257517bcfc5b4b84e68623b31f9cc3eb06a966433f631d2230ec1ee13d58ef3"", ""failure_class"": null, ""max_force_eV_A"": 0.06837793754864385, ""name"": ""bfgs_standard"", ""start_geometry_sha256"": ""bf5e148c0c11cafd16e2c35d21f6874a1c9b760b565c9bd43bb2d35e1d5f4721"", ""steps"": 40}]",2257517bcfc5b4b84e68623b31f9cc3eb06a966433f631d2230ec1ee13d58ef3,0.09949857249855992,True,0.07826046379971636,87.0,100.0,0.08,converged,,bfgs_standard,"[{""ase_converged"": true, ""converged"": true, ""end_geometry_sha256"": ""61829adff4c955d767340b60cf0eaa7037e726d8f5049ce31130ecd01391eaf0"", ""failure_class"": null, ""max_force_eV_A"": 0.07826046379971636, ""name"": ""bfgs_standard"", ""start_geometry_sha256"": ""751837e3b052fdf50fff1b2ac71207721af7f540f73658c023bf793db66b5b79"", ""steps"": 87}]",61829adff4c955d767340b60cf0eaa7037e726d8f5049ce31130ecd01391eaf0,-0.14956005737185124,True,0.05845778709541186,57.0,100.0,0.08,converged,,bfgs_standard,"[{""ase_converged"": true, ""converged"": true, ""end_geometry_sha256"": ""4bb7e872f07c676e74842314aca14c0a9303dc23096b46b63120f4af94e1469f"", ""failure_class"": null, ""max_force_eV_A"": 0.05845778709541186, ""name"": ""bfgs_standard"", ""start_geometry_sha256"": ""be62ddc82dce50d39f851fed3f7bb09e788c786309c3b97e3f623ce1117a84a6"", ""steps"": 57}]",4bb7e872f07c676e74842314aca14c0a9303dc23096b46b63120f4af94e1469f,3.370149086415771,1.4780586298704113,step_3_OH,10.0,-2.0,True,0.24905862987041116,0.902500000035,False,quantitative_screening,1,1,e07b3f93f4e0c7a26cf3,False,
"('MetalFreeCarbon', 'pyridinic', 0.06, 'edge_armchair', 'carbon_black', 'P')",MetalFreeCarbon,True,esen-sm-conserving-all-oc25:relax-v4:orr-che-v3,True,0.07283287938798085,88,150,0.08,converged,,bfgs_standard,"[{""ase_converged"": true, ""converged"": true, ""end_geometry_sha256"": ""b13e6e16df635380f5c2b65242f5305513ec6731e897a192863d688957b3e5f8"", ""failure_class"": null, ""max_force_eV_A"": 0.07283287938798085, ""name"": ""bfgs_standard"", ""start_geometry_sha256"": ""a6c55d0b559764d70a8c15c995d86228d73f8c105ab4469e5bda1aa141dd612f"", ""steps"": 88}]",b13e6e16df635380f5c2b65242f5305513ec6731e897a192863d688957b3e5f8,-140.72878095563075,True,0.07496140961602325,93,100,0.08,converged,,bfgs_standard,"[{""ase_converged"": true, ""converged"": true, ""end_geometry_sha256"": ""b1a4c35d3e403460a709ce367f142984a1effb816436c3211ae7181e68e204ef"", ""failure_class"": null, ""max_force_eV_A"": 0.07496140961602325, ""name"": ""bfgs_standard"", ""start_geometry_sha256"": ""07f3802d09486053262108e596106fa4f95d5e3aa3c9febbcf89abf740053935"", ""steps"": 93}]",b1a4c35d3e403460a709ce367f142984a1effb816436c3211ae7181e68e204ef,0.3163488532602787,True,0.05705842348734652,48.0,100.0,0.08,converged,,bfgs_standard,"[{""ase_converged"": true, ""converged"": true, ""end_geometry_sha256"": ""70b9655682bc7f90ac9ce30edd4d8e139eb5a8411254785206f260787606c2a6"", ""failure_class"": null, ""max_force_eV_A"": 0.05705842348734652, ""name"": ""bfgs_standard"", ""start_geometry_sha256"": ""7773635b6008b03207b150dec92daa13694a975bd5e7b8161af0a1a754a711fc"", ""steps"": 48}]",70b9655682bc7f90ac9ce30edd4d8e139eb5a8411254785206f260787606c2a6,2.577557004243139,True,0.0676384025108727,27.0,100.0,0.08,converged,,bfgs_standard,"[{""ase_converged"": true, ""converged"": true, ""end_geometry_sha256"": ""b50e0813899f52ce94e4ffaabf64e722c76790157c7da5bc5bcd59edd13623c8"", ""failure_class"": null, ""max_force_eV_A"": 0.0676384025108727, ""name"": ""bfgs_standard"", ""start_geometry_sha256"": ""9f024a7f5b0e035bc53c2da827b5be6dc1a535bdc7e3b3ec7b5983961bb3051c"", ""steps"": 27}]",b50e0813899f52ce94e4ffaabf64e722c76790157c7da5bc5bcd59edd13623c8,5.3188361629843754,1.6278361629843756,step_1_OOH,10.0,0.0,True,2.8939058575034173,0.27249999999999996,True,quantitative_screening,2,2,f6a520387f9883ed4008,False,
"('MetalFreeCarbon', 'pyridinic', 0.06, 'pentagon_heptagon', 'graphene_nanoribbon', 'P')",MetalFreeCarbon,True,esen-sm-conserving-all-oc25:relax-v4:orr-che-v3,True,0.07475183160188453,88,150,0.08,converged,,bfgs_standard,"[{""ase_converged"": true, ""converged"": true, ""end_geometry_sha256"": ""aaeccca01d5e106f2cd556694837d0d71c99f93714a125ddcca5403a4704a70b"", ""failure_class"": null, ""max_force_eV_A"": 0.07475183160188453, ""name"": ""bfgs_standard"", ""start_geometry_sha256"": ""ab812c578015bb122047ddbc058c37754bdabcef2fbd183e3e1e2d8852b3f9f8"", ""steps"": 88}]",aaeccca01d5e106f2cd556694837d0d71c99f93714a125ddcca5403a4704a70b,-140.72909328396938,True,0.06702949642954874,91,100,0.08,converged,,bfgs_standard,"[{""ase_converged"": true, ""converged"": true, ""end_geometry_sha256"": ""d5359fefca1c41e31eac2076944d1e0718d51c999de20197f7f966cd1ca6a390"", ""failure_class"": null, ""max_force_eV_A"": 0.06702949642954874, ""name"": ""bfgs_standard"", ""start_geometry_sha256"": ""c64b2e645cfaa43d0b77efe51c232c119b3e06d426fb2b7d3c761bf4904af7c6"", ""steps"": 91}]",d5359fefca1c41e31eac2076944d1e0718d51c999de20197f7f966cd1ca6a390,0.3190358306467533,True,0.060744129963203816,48.0,100.0,0.08,converged,,bfgs_standard,"[{""ase_converged"": true, ""converged"": true, ""end_geometry_sha256"": ""8043d7e2bb595a1b61ade3080ec28463aa3cf9fc3055c25aeb8eb72a4766b187"", ""failure_class"": null, ""max_force_eV_A"": 0.060744129963203816, ""name"": ""bfgs_standard"", ""start_geometry_sha256"": ""0200dbd7bfcd36d5929d39dad9b1808ce59786359e1b51c99f2d14e206a779e1"", ""steps"": 48}]",8043d7e2bb595a1b61ade3080ec28463aa3cf9fc3055c25aeb8eb72a4766b187,2.5789455540478263,True,0.07450327658346788,27.0,100.0,0.08,converged,,bfgs_standard,"[{""ase_converged"": true, ""converged"": true, ""end_geometry_sha256"": ""4ab16652f804d02588d6eed430bce13771b7acea75098d6be2618c7459e22039"", ""failure_class"": null, ""max_force_eV_A"": 0.07450327658346788, ""name"": ""bfgs_standard"", ""start_geometry_sha256"": ""ab1716bfdc16844741bfe0a346e45a8406b40edd80ed83538adf87c1a99ffe83"", ""steps"": 27}]",4ab16652f804d02588d6eed430bce13771b7acea75098d6be2618c7459e22039,5.315923164784913,1.6249231647849127,step_1_OOH,10.0,0.0,True,2.8979813846945794,0.27249999999999996,True,quantitative_screening,1,1,3e3caa97fc57056f19eb,False,
"('MetalFreeCarbon', 'pyridinic', 0.08, 'none', 'porous_carbon', 'F')",MetalFreeCarbon,True,esen-sm-conserving-all-oc25:relax-v4:orr-che-v3,True,0.07201548064570198,88,150,0.08,converged,,bfgs_standard,"[{""ase_converged"": true, ""converged"": true, ""end_geometry_sha256"": ""36558e8faa481a9496f27eebb5a285b997aec3af213254d25af3904702a54824"", ""failure_class"": null, ""max_force_eV_A"": 0.07201548064570198, ""name"": ""bfgs_standard"", ""start_geometry_sha256"": ""64c5336a14eda8a588b9d8f80863c8f5bfd9886ecd7a7b0130dafca6bbbf49bb"", ""steps"": 88}]",36558e8faa481a9496f27eebb5a285b997aec3af213254d25af3904702a54824,-138.2686330249093,True,0.07603589622312086,72,100,0.08,converged,,bfgs_standard,"[{""ase_converged"": true, ""converged"": true, ""end_geometry_sha256"": ""69b8b3f8d2224f299c392d123e29d9962f8e7e036ef7be3f32904e0e0bf7cf33"", ""failure_class"": null, ""max_force_eV_A"": 0.07603589622312086, ""name"": ""bfgs_standard"", ""start_geometry_sha256"": ""3819e2e94ef9411234ee275623761dd948443cfd05e468195be655255f1cafa7"", ""steps"": 72}]",69b8b3f8d2224f299c392d123e29d9962f8e7e036ef7be3f32904e0e0bf7cf33,1.6534212256968022,True,0.07924953154282496,71.0,100.0,0.08,converged,,bfgs_standard,"[{""ase_converged"": true, ""converged"": true, ""end_geometry_sha256"": ""51cd9458245cad0eb58957e307d42a9c4d8e500eaa1e001a5014950766cde268"", ""failure_class"": null, ""max_force_eV_A"": 0.07924953154282496, ""name"": ""bfgs_standard"", ""start_geometry_sha256"": ""51179d208f5c1e68ad9af152fa4163577eeccfcc06928340c7312e3f0f1af1a1"", ""steps"": 71}]",51cd9458245cad0eb58957e307d42a9c4d8e500eaa1e001a5014950766cde268,2.334087765961889,True,0.07866990004270094,100.0,100.0,0.08,converged,,bfgs_standard,"[{""ase_converged"": true, ""converged"": true, ""end_geometry_sha256"": ""56d01dce3538e6107873d1b77bf18c3e12a7ea2affe001d4201dfc0adc0e92ce"", ""failure_class"": null, ""max_force_eV_A"": 0.07866990004270094, ""name"": ""bfgs_standard"", ""start_geometry_sha256"": ""4ac3461e058ddc7cbe880e48115158d5a1b4889764de430f158d353d63f46bb6"", ""steps"": 100}]",56d01dce3538e6107873d1b77bf18c3e12a7ea2affe001d4201dfc0adc0e92ce,3.6812743648886714,0.5483334597349134,step_3_OH,10.0,0.0,True,3.987508991658691,0.27249999999999996,True,quantitative_screening,2,2,963ac51efc8dd8206c81,False,
"('MetalFreeCarbon', 'pyridinic', 0.08, 'none', 'graphene_nanoribbon', 'B')",MetalFreeCarbon,True,esen-sm-conserving-all-oc25:relax-v4:orr-che-v3,True,0.053797542312457494,74,150,0.08,converged,,bfgs_standard,"[{""ase_converged"": true, ""converged"": true, ""end_geometry_sha256"": ""18fd600a6eee6a1058ceac37d68770b25eae3f364b514a6ae5051af27df39938"", ""failure_class"": null, ""max_force_eV_A"": 0.053797542312457494, ""name"": ""bfgs_standard"", ""start_geometry_sha256"": ""b1f790c56136718758ac2f4dce4fe547fe84859e6ed6d2f064fd563632b47e91"", ""steps"": 74}]",18fd600a6eee6a1058ceac37d68770b25eae3f364b514a6ae5051af27df39938,-143.64919759896176,True,0.0744395410227504,46,100,0.08,converged,,bfgs_standard,"[{""ase_converged"": true, ""converged"": true, ""end_geometry_sha256"": ""e562a7afe6eecc97c192471d0effb961b251b1ae2a1b68c187927600d55720e6"", ""failure_class"": null, ""max_force_eV_A"": 0.0744395410227504, ""name"": ""bfgs_standard"", ""start_geometry_sha256"": ""c469c664d7d57b7c7fe691934e524fd270c9027928ef2e931d8c0a2919f2ab40"", ""steps"": 46}]",e562a7afe6eecc97c192471d0effb961b251b1ae2a1b68c187927600d55720e6,2.972331824451685,True,0.07321663416912373,37.0,100.0,0.08,converged,,bfgs_standard,"[{""ase_converged"": true, ""converged"": true, ""end_geometry_sha256"": ""105796cdb4b34ce223aece17419abcd95557174a76da798ed09f6ed011ec67d5"", ""failure_class"": null, ""max_force_eV_A"": 0.07321663416912373, ""name"": ""bfgs_standard"", ""start_geometry_sha256"": ""b6ed55bc687518c469316a16f71f2bceb2c6b077f8fef4926abd9a2907564da9"", ""steps"": 37}]",105796cdb4b34ce223aece17419abcd95557174a76da798ed09f6ed011ec67d5,2.520827210694555,True,0.07773101836315252,25.0,100.0,0.08,converged,,bfgs_standard,"[{""ase_converged"": true, ""converged"": true, ""end_geometry_sha256"": ""cdff8ba3cd718f46e14442076cd2634802a315f8016f284a9a160a319451cf37"", ""failure_class"": null, ""max_force_eV_A"": 0.07773101836315252, ""name"": ""bfgs_standard"", ""start_geometry_sha256"": ""c5da3b9892184e6390eb8279540bdbce8a0b160f7ee09320c2eb15abd22181c3"", ""steps"": 25}]",cdff8ba3cd718f46e14442076cd2634802a315f8016f284a9a160a319451cf37,5.3690165981650395,1.6805046137571304,step_3_OH,10.0,0.0,True,5.49315903514624,0.27249999999999996,True,quantitative_screening,0,0,8c6ced6c46040d6fb92b,False,
"('MetalFreeCarbon', 'pyridinic', 0.08, 'Stone_Wales', 'carbon_black', 'F')",MetalFreeCarbon,True,esen-sm-conserving-all-oc25:relax-v4:orr-che-v3,True,0.07564710789953882,75,150,0.08,converged,,bfgs_standard,"[{""ase_converged"": true, ""converged"": true, ""end_geometry_sha256"": ""9b2de7d178df29deb23a5c1d2a0c1e69fc00e76f7aaad4e04e7328272cdb3080"", ""failure_class"": null, ""max_force_eV_A"": 0.07564710789953882, ""name"": ""bfgs_standard"", ""start_geometry_sha256"": ""d0f68f2ac3a03836724e43dea6ef78990b9b4e79ae77bcf8385ef3b15840d51d"", ""steps"": 75}]",9b2de7d178df29deb23a5c1d2a0c1e69fc00e76f7aaad4e04e7328272cdb3080,-135.83135265036347,True,0.07254177443588819,236,100,0.08,converged,,bfgs_after_fire,"[{""ase_converged"": false, ""converged"": false, ""end_geometry_sha256"": ""b216f5174b050c3268f8e4c21a865ea5bddbe91d3b25e1520bc797fab1b2f7a0"", ""failure_class"": ""force_threshold"", ""max_force_eV_A"": 0.4710571991087041, ""name"": ""bfgs_standard"", ""start_geometry_sha256"": ""6eaa7c97c12ff8e48ead41b2c1d7c4e2d79ffa910303c1f113f8eb8e71437b0d"", ""steps"": 100}, {""ase_converged"": true, ""converged"": true, ""end_geometry_sha256"": ""5ca4fd52625ba76f4670fb139dcf9a2d1e030955974ddfb1cf41d808b5401f2c"", ""failure_class"": null, ""max_force_eV_A"": 0.23388339887967544, ""name"": ""fire_precondition"", ""qualifying"": false, ""start_geometry_sha256"": ""6eaa7c97c12ff8e48ead41b2c1d7c4e2d79ffa910303c1f113f8eb8e71437b0d"", ""steps"": 21}, {""ase_converged"": true, ""converged"": true, ""end_geometry_sha256"": ""286b6bbe982c98bf6b1c980f13ef0c6ab1b55d403692539db2a6f12fe66121e9"", ""failure_class"": null, ""max_force_eV_A"": 0.07254177443588819, ""name"": ""bfgs_after_fire"", ""start_geometry_sha256"": ""5ca4fd52625ba76f4670fb139dcf9a2d1e030955974ddfb1cf41d808b5401f2c"", ""steps"": 115}]",286b6bbe982c98bf6b1c980f13ef0c6ab1b55d403692539db2a6f12fe66121e9,1.2004335547983647,True,0.07630416113745031,42.0,100.0,0.08,converged,,bfgs_standard,"[{""ase_converged"": true, ""converged"": true, ""end_geometry_sha256"": ""47e0153f33d234fd93c8398f15a96e4cf28a813c94f8f8ea5efb22e22572d1c8"", ""failure_class"": null, ""max_force_eV_A"": 0.07630416113745031, ""name"": ""bfgs_standard"", ""start_geometry_sha256"": ""69b17d8fea580a0aefe253e002a23562304af5f1d5a2311a90b81079a1912b92"", ""steps"": 42}]",47e0153f33d234fd93c8398f15a96e4cf28a813c94f8f8ea5efb22e22572d1c8,2.4583410389721427,True,0.06660293405538467,79.0,100.0,0.08,converged,,bfgs_standard,"[{""ase_converged"": true, ""converged"": true, ""end_geometry_sha256"": ""e45985958421ced679686903089ee46f9828afa325b188d8a3ae3d6edfd73d57"", ""failure_class"": null, ""max_force_eV_A"": 0.06660293405538467, ""name"": ""bfgs_standard"", ""start_geometry_sha256"": ""c0e748def184734a4260ebe8a023753d60020892d86e4892629ddd72ccb3bd94"", ""steps"": 79}]",e45985958421ced679686903089ee46f9828afa325b188d8a3ae3d6edfd73d57,5.203557918965821,1.512557918965821,step_1_OOH,10.0,0.0,True,3.6587745937705076,0.27249999999999996,True,quantitative_screening,1,1,2761b91b131ce0de9c13,False,
"('MetalFreeCarbon', 'pyridinic', 0.08, 'divacancy', 'graphdiyne', 'none')",MetalFreeCarbon,True,esen-sm-conserving-all-oc25:relax-v4:orr-che-v3,True,0.06627308537230338,48,150,0.08,converged,,bfgs_standard,"[{""ase_converged"": true, ""converged"": true, ""end_geometry_sha256"": ""46f6253a99b0400536820fc9824de24fa1b6766a9ef87b3b2f1015613b0df29c"", ""failure_class"": null, ""max_force_eV_A"": 0.06627308537230338, ""name"": ""bfgs_standard"", ""start_geometry_sha256"": ""6039b36d697f383790495a13b2aef6741291fa75f21fd92762e31ea61fb8f2ed"", ""steps"": 48}]",46f6253a99b0400536820fc9824de24fa1b6766a9ef87b3b2f1015613b0df29c,-135.6415074304108,True,0.07229589108294304,39,100,0.08,converged,,bfgs_standard,"[{""ase_converged"": true, ""converged"": true, ""end_geometry_sha256"": ""bb6f9eb06058b1dfda46a15bbc948a4f304a5dca6ce16cd0c5aee2f940b43840"", ""failure_class"": null, ""max_force_eV_A"": 0.07229589108294304, ""name"": ""bfgs_standard"", ""start_geometry_sha256"": ""7229dd9ae29931d6282fa3d22481c5d057dc062fc186155e94a40e5244dd8ba3"", ""steps"": 39}]",bb6f9eb06058b1dfda46a15bbc948a4f304a5dca6ce16cd0c5aee2f940b43840,3.006689133793116,True,0.07931943971874778,83.0,100.0,0.08,converged,,bfgs_standard,"[{""ase_converged"": true, ""converged"": true, ""end_geometry_sha256"": ""7700904aa864c6dae5e85b1746c3760b99b49236c0649a81d8bd2b8dfccc8815"", ""failure_class"": null, ""max_force_eV_A"": 0.07931943971874778, ""name"": ""bfgs_standard"", ""start_geometry_sha256"": ""71f2846cc0e5974f5ada679732fefab69ba4ae57925a95eba66f8892e60d4093"", ""steps"": 83}]",7700904aa864c6dae5e85b1746c3760b99b49236c0649a81d8bd2b8dfccc8815,3.7011663086712394,True,0.07489348574307182,33.0,100.0,0.08,converged,,bfgs_standard,"[{""ase_converged"": true, ""converged"": true, ""end_geometry_sha256"": ""eb449848a1cf39814e57442cd04040f881fa94fe7dd32187d2d3b8d19da12173"", ""failure_class"": null, ""max_force_eV_A"": 0.07489348574307182, ""name"": ""bfgs_standard"", ""start_geometry_sha256"": ""ea97b6676d2db966829f406f1fb15845baf0a07e8e47f6dd3287a06b0f00c59b"", ""steps"": 33}]",eb449848a1cf39814e57442cd04040f881fa94fe7dd32187d2d3b8d19da12173,5.385399530828003,1.6943995308280035,step_1_OOH,10.0,0.0,True,6.707855442464355,0.27249999999999996,True,quantitative_screening,0,0,5a10c67b989d72998524,False,
"('MetalFreeCarbon', 'pyridinic', 0.08, 'edge_zigzag', 'porous_carbon', 'none')",MetalFreeCarbon,True,esen-sm-conserving-all-oc25:relax-v4:orr-che-v3,True,0.07304896463192484,46,150,0.08,converged,,bfgs_standard,"[{""ase_converged"": true, ""converged"": true, ""end_geometry_sha256"": ""66415af8263a2d4feb73053f81b5545178efd31b0416a17fdff2080a08dccd21"", ""failure_class"": null, ""max_force_eV_A"": 0.07304896463192484, ""name"": ""bfgs_standard"", ""start_geometry_sha256"": ""b0256afa7421f20406090834a050e972873160f6b409954d874167297124ea8d"", ""steps"": 46}]",66415af8263a2d4feb73053f81b5545178efd31b0416a17fdff2080a08dccd21,-135.63991956267398,True,0.07368939288230247,39,100,0.08,converged,,bfgs_standard,"[{""ase_converged"": true, ""converged"": true, ""end_geometry_sha256"": ""4e65beac16f50ecd212122fb4c042ea8f097d8ea521e8fbec4deed3fce046f25"", ""failure_class"": null, ""max_force_eV_A"": 0.07368939288230247, ""name"": ""bfgs_standard"", ""start_geometry_sha256"": ""029e40d6776d7548145d9e7d3c62b3e3e74d1c9fcf78da6efe24eb971d284dd8"", ""steps"": 39}]",4e65beac16f50ecd212122fb4c042ea8f097d8ea521e8fbec4deed3fce046f25,3.0056934978067877,True,0.07600560381638001,85.0,100.0,0.08,converged,,bfgs_standard,"[{""ase_converged"": true, ""converged"": true, ""end_geometry_sha256"": ""857bcae7044b3c970a523ffce21c9d1ac1a7a587fc4b46dbab7834f305780fec"", ""failure_class"": null, ""max_force_eV_A"": 0.07600560381638001, ""name"": ""bfgs_standard"", ""start_geometry_sha256"": ""744c2c9884302f72b973a41416e2def55b9f5605634b83237fe5e90e99fdd7b5"", ""steps"": 85}]",857bcae7044b3c970a523ffce21c9d1ac1a7a587fc4b46dbab7834f305780fec,3.697207129746679,True,0.07361051651382129,33.0,100.0,0.08,converged,,bfgs_standard,"[{""ase_converged"": true, ""converged"": true, ""end_geometry_sha256"": ""badfbda77d34674447239763e46cad0fdbbfbbc16257341e31db6f944e042018"", ""failure_class"": null, ""max_force_eV_A"": 0.07361051651382129, ""name"": ""bfgs_standard"", ""start_geometry_sha256"": ""acced6171cc1258a7bbbb5d788834821af7293e20d3db40dfa2d7712b1625b94"", ""steps"": 33}]",badfbda77d34674447239763e46cad0fdbbfbbc16257341e31db6f944e042018,5.384908388555054,1.6939083885550543,step_1_OOH,10.0,0.0,True,6.702900627553467,0.27249999999999996,True,quantitative_screening,2,2,ce1a8288837b16b6a4f8,False,
"('MetalFreeCarbon', 'pyridinic', 0.08, 'edge_armchair', 'graphdiyne', 'B')",MetalFreeCarbon,True,esen-sm-conserving-all-oc25:relax-v4:orr-che-v3,True,0.06329203424112907,73,150,0.08,converged,,bfgs_standard,"[{""ase_converged"": true, ""converged"": true, ""end_geometry_sha256"": ""7c228a07a059759b6f9517081adb83b237ba1bdd7fbadae961e7b28fd2d6adb5"", ""failure_class"": null, ""max_force_eV_A"": 0.06329203424112907, ""name"": ""bfgs_standard"", ""start_geometry_sha256"": ""df5276958b4d329ac2dd96b19274acf43713d34435391913bc17104f1865586a"", ""steps"": 73}]",7c228a07a059759b6f9517081adb83b237ba1bdd7fbadae961e7b28fd2d6adb5,-143.6487875190057,True,0.07541777245283493,46,100,0.08,converged,,bfgs_standard,"[{""ase_converged"": true, ""converged"": true, ""end_geometry_sha256"": ""244f88220c4899838976312bfb8815867fd5d49e6860197a70badb99ac7fd742"", ""failure_class"": null, ""max_force_eV_A"": 0.07541777245283493, ""name"": ""bfgs_standard"", ""start_geometry_sha256"": ""08862ad5a7998158ac79c51af91b0c634460322720fbd1620d75b960b7f2f819"", ""steps"": 46}]",244f88220c4899838976312bfb8815867fd5d49e6860197a70badb99ac7fd742,2.9723437453806403,True,0.07864154324167853,36.0,100.0,0.08,converged,,bfgs_standard,"[{""ase_converged"": true, ""converged"": true, ""end_geometry_sha256"": ""7327862c449a582164ebb2effd5dd1a74569ff2afa55b1db764b5274d3614a15"", ""failure_class"": null, ""max_force_eV_A"": 0.07864154324167853, ""name"": ""bfgs_standard"", ""start_geometry_sha256"": ""60f99cdbd99f615bec49ba888acdea28e37ee80d961b0fe405282ab1a68aed7f"", ""steps"": 36}]",7327862c449a582164ebb2effd5dd1a74569ff2afa55b1db764b5274d3614a15,2.522083199769262,True,0.07925845904295625,25.0,100.0,0.08,converged,,bfgs_standard,"[{""ase_converged"": true, ""converged"": true, ""end_geometry_sha256"": ""f0d54a1a7203c270e03ec6be0e4328d2a8784debbe487084d89f4b3b0bd3275e"", ""failure_class"": null, ""max_force_eV_A"": 0.07925845904295625, ""name"": ""bfgs_standard"", ""start_geometry_sha256"": ""aab94d9bfea179252dbefc8bf283501a4977f944c81920f1ac30092310711ca2"", ""steps"": 25}]",f0d54a1a7203c270e03ec6be0e4328d2a8784debbe487084d89f4b3b0bd3275e,5.368744800984864,1.6792605456113785,step_3_OH,10.0,0.0,True,5.494426945149902,0.27249999999999996,True,quantitative_screening,0,0,5a0cab8a319bac0f2f45,False,
"('MetalFreeCarbon', 'pyridinic', 0.08, 'edge_armchair', 'porous_carbon', 'P')",MetalFreeCarbon,True,esen-sm-conserving-all-oc25:relax-v4:orr-che-v3,True,0.0708721076108703,51,150,0.08,converged,,bfgs_standard,"[{""ase_converged"": true, ""converged"": true, ""end_geometry_sha256"": ""39b5c17f1faa791d134999327a9fc7ed895deede3b3b9628e6b19a150c5f5794"", ""failure_class"": null, ""max_force_eV_A"": 0.0708721076108703, ""name"": ""bfgs_standard"", ""start_geometry_sha256"": ""3a24a002f1c9e1b17c6c62c9ece68e5fcd65215f62bd432cb7f1354dd5aa38b1"", ""steps"": 51}]",39b5c17f1faa791d134999327a9fc7ed895deede3b3b9628e6b19a150c5f5794,-139.61055538113735,True,0.06674095593956113,296,100,0.08,converged,,bfgs_after_fire,"[{""ase_converged"": false, ""converged"": false, ""end_geometry_sha256"": ""f04137d13fe7ed4b76444fcf4d53272fbc478881c1e678a7254b7ef1eba9c849"", ""failure_class"": ""force_threshold"", ""max_force_eV_A"": 0.5541031216232717, ""name"": ""bfgs_standard"", ""start_geometry_sha256"": ""5126beaea15083a784714db562a140e9477f54b150605a8bcfe38abdd839a126"", ""steps"": 100}, {""ase_converged"": false, ""converged"": false, ""end_geometry_sha256"": ""4559198c8023180868590ace23b6b0c03bfd5112a89598925fceb86f7be6dce1"", ""failure_class"": ""force_threshold"", ""max_force_eV_A"": 1.3300765987741505, ""name"": ""fire_precondition"", ""qualifying"": false, ""start_geometry_sha256"": ""5126beaea15083a784714db562a140e9477f54b150605a8bcfe38abdd839a126"", ""steps"": 50}, {""ase_converged"": true, ""converged"": true, ""end_geometry_sha256"": ""f468b4969427189a167811042d8244b45a143191c6d729e5eebea5fbc62bf82d"", ""failure_class"": null, ""max_force_eV_A"": 0.06674095593956113, ""name"": ""bfgs_after_fire"", ""start_geometry_sha256"": ""4559198c8023180868590ace23b6b0c03bfd5112a89598925fceb86f7be6dce1"", ""steps"": 146}]",f468b4969427189a167811042d8244b45a143191c6d729e5eebea5fbc62bf82d,-1.7959441517293453,True,0.07816946475990474,45.0,100.0,0.08,converged,,bfgs_standard,"[{""ase_converged"": true, ""converged"": true, ""end_geometry_sha256"": ""497c2a91495aeffed5878698c73c7198d57b9dd87e3e0495814a2787bfd39316"", ""failure_class"": null, ""max_force_eV_A"": 0.07816946475990474, ""name"": ""bfgs_standard"", ""start_geometry_sha256"": ""fb8c8a3ddeaca5d80c4620fa14f356ca687a15266a95712ee79124df854d4b93"", ""steps"": 45}]",497c2a91495aeffed5878698c73c7198d57b9dd87e3e0495814a2787bfd39316,2.223102486878637,True,0.07320804185252563,233.0,100.0,0.08,converged,,bfgs_after_fire,"[{""ase_converged"": false, ""converged"": false, ""end_geometry_sha256"": ""d1dddcf31a3f01b34084f9d62ad34a02e8ae2b08f2f00e067c71fecdc7646f48"", ""failure_class"": ""force_threshold"", ""max_force_eV_A"": 0.18681587683405448, ""name"": ""bfgs_standard"", ""start_geometry_sha256"": ""9c6bf99e5bb75a0b898f1a13e7da3615d3e761d5f53671e94b0a7e9c763a4597"", ""steps"": 100}, {""ase_converged"": true, ""converged"": true, ""end_geometry_sha256"": ""dc3676fd251b35580461f0611d59139d58c21a86ea200e77074360b0e4c1e6b6"", ""failure_class"": null, ""max_force_eV_A"": 0.24102582434493244, ""name"": ""fire_precondition"", ""qualifying"": false, ""start_geometry_sha256"": ""9c6bf99e5bb75a0b898f1a13e7da3615d3e761d5f53671e94b0a7e9c763a4597"", ""steps"": 30}, {""ase_converged"": true, ""converged"": true, ""end_geometry_sha256"": ""561f26aa87d318be0e3803282780dd428db1585035907dfa51cb958982660286"", ""failure_class"": null, ""max_force_eV_A"": 0.07320804185252563, ""name"": ""bfgs_after_fire"", ""start_geometry_sha256"": ""dc3676fd251b35580461f0611d59139d58c21a86ea200e77074360b0e4c1e6b6"", ""steps"": 103}]",561f26aa87d318be0e3803282780dd428db1585035907dfa51cb958982660286,3.6202082142233882,3.0,step_4_H2O,10.0,0.0,True,4.019046638607982,0.27249999999999996,True,quantitative_screening,2,2,516898f9f08889fbdd70,False,
"('MetalFreeCarbon', 'pyridinic', 0.08, 'pentagon_heptagon', 'porous_carbon', 'B')",MetalFreeCarbon,True,esen-sm-conserving-all-oc25:relax-v4:orr-che-v3,True,0.06598547228090852,73,150,0.08,converged,,bfgs_standard,"[{""ase_converged"": true, ""converged"": true, ""end_geometry_sha256"": ""f7c8a17ee6d0352b8cb0c89dc927054140c5d78ab29dff897b1c1d3ce493b6d9"", ""failure_class"": null, ""max_force_eV_A"": 0.06598547228090852, ""name"": ""bfgs_standard"", ""start_geometry_sha256"": ""919bae7dc58f4999ee70c86120bbd1867f142b2bf829ea14936c4768964ac412"", ""steps"": 73}]",f7c8a17ee6d0352b8cb0c89dc927054140c5d78ab29dff897b1c1d3ce493b6d9,-143.64881422188657,True,0.07518537684793235,46,100,0.08,converged,,bfgs_standard,"[{""ase_converged"": true, ""converged"": true, ""end_geometry_sha256"": ""38bfd7bb5c61a3d44477ef3da54c8f4f0f47eb5342621ff04deb2ca5ab5ef164"", ""failure_class"": null, ""max_force_eV_A"": 0.07518537684793235, ""name"": ""bfgs_standard"", ""start_geometry_sha256"": ""bb277a867d1d2cec9bb4662061e770ccf3cf23dfa6fdd498d3870b2c7c3ea77a"", ""steps"": 46}]",38bfd7bb5c61a3d44477ef3da54c8f4f0f47eb5342621ff04deb2ca5ab5ef164,2.9717333938181403,True,0.07357605109942557,37.0,100.0,0.08,converged,,bfgs_standard,"[{""ase_converged"": true, ""converged"": true, ""end_geometry_sha256"": ""8b2f6039a9ef0ab0b94c35d98f285a63042fa28977ec2dffe8f69b26783509b4"", ""failure_class"": null, ""max_force_eV_A"": 0.07357605109942557, ""name"": ""bfgs_standard"", ""start_geometry_sha256"": ""f2654ff1e24dab9a0eb2e0806d11dc5dff591b9fe0743852e049d17b2f6e868f"", ""steps"": 37}]",8b2f6039a9ef0ab0b94c35d98f285a63042fa28977ec2dffe8f69b26783509b4,2.520503915101293,True,0.07890257127515592,25.0,100.0,0.08,converged,,bfgs_standard,"[{""ase_converged"": true, ""converged"": true, ""end_geometry_sha256"": ""be6443dc89c9d4518e6c06a0535bc418a7561225ac9cf47ef3abc526e8ff2337"", ""failure_class"": null, ""max_force_eV_A"": 0.07890257127515592, ""name"": ""bfgs_standard"", ""start_geometry_sha256"": ""7dbfb3c9938bd7b79b4b7fa7762d7af4cb44585b34a24ef05e2064c56e6a6127"", ""steps"": 25}]",be6443dc89c9d4518e6c06a0535bc418a7561225ac9cf47ef3abc526e8ff2337,5.368588875234131,1.6802294787168472,step_3_OH,10.0,0.0,True,5.492237308919433,0.27249999999999996,True,quantitative_screening,0,0,a3c3cd631981ab4f5937,False,
