genome,material_class,valid,screening_protocol,relax_clean_converged,relax_clean_max_force_eV_A,relax_clean_steps,relax_clean_step_limit,relax_clean_fmax_eV_A,relax_clean_termination,relax_clean_failure_class,relax_clean_selected_attempt,relax_clean_attempts_json,relax_clean_geometry_sha256,e_clean,relax_oh_converged,relax_oh_max_force_eV_A,relax_oh_steps,relax_oh_step_limit,relax_oh_fmax_eV_A,relax_oh_termination,relax_oh_failure_class,relax_oh_selected_attempt,relax_oh_attempts_json,relax_oh_geometry_sha256,dG_OH_eV,relax_o_converged,relax_o_max_force_eV_A,relax_o_steps,relax_o_step_limit,relax_o_fmax_eV_A,relax_o_termination,relax_o_failure_class,relax_o_selected_attempt,relax_o_attempts_json,relax_o_geometry_sha256,dG_O_eV,relax_ooh_converged,relax_ooh_max_force_eV_A,relax_ooh_steps,relax_ooh_step_limit,relax_ooh_fmax_eV_A,relax_ooh_termination,relax_ooh_failure_class,relax_ooh_selected_attempt,relax_ooh_attempts_json,relax_ooh_geometry_sha256,dG_OOH_eV,orr_overpotential_V,rate_determining_step,fenton_stability,cost_penalty,fc_viable,binding_strength,candidate_disposition,error,needs_dft_validation,worker_id,gpu_id,candidate_id,cache_hit,model_confidence
"('SolidCatalyst', 'Nb', 'TiN', 'fcc311', -0.005263157894736845, ('Zr', 'Pt'), 1, 1)",SolidCatalyst,False,esen-sm-conserving-all-oc25:relax-v4:orr-che-v3,True,0.07083424393833802,11,150,0.08,converged,,bfgs_standard,"[{""ase_converged"": true, ""converged"": true, ""end_geometry_sha256"": ""4e98b1ee6a34d847a12a9e735639d6d5d7147107e44e008c7034481c1128626b"", ""failure_class"": null, ""max_force_eV_A"": 0.07083424393833802, ""name"": ""bfgs_standard"", ""start_geometry_sha256"": ""bfc5dc9b272cc8d86642dc2a51cf43ffc94d3daad4f07f501a5a6e7b58152e76"", ""steps"": 11}]",4e98b1ee6a34d847a12a9e735639d6d5d7147107e44e008c7034481c1128626b,-199.42924804518367,True,0.07637083332655784,311.0,100.0,0.08,converged,,bfgs_after_fire,"[{""ase_converged"": false, ""converged"": false, ""end_geometry_sha256"": ""8fa9193bb2751d2cf8a091cd55083cb742b0b39eadb5f279ab55f1abd02b07f0"", ""failure_class"": ""force_threshold"", ""max_force_eV_A"": 0.5470439107913222, ""name"": ""bfgs_standard"", ""start_geometry_sha256"": ""6354cc594b9c32aa59367310095b84bab4f9f36680d5c18c93fd377fb037159c"", ""steps"": 100}, {""ase_converged"": false, ""converged"": false, ""end_geometry_sha256"": ""9ee47028f949d6fc64c7db6c86fce555f7493b8bcf107524c09572aeb79aab4b"", ""failure_class"": ""force_threshold"", ""max_force_eV_A"": 3.425320556122391, ""name"": ""fire_precondition"", ""qualifying"": false, ""start_geometry_sha256"": ""6354cc594b9c32aa59367310095b84bab4f9f36680d5c18c93fd377fb037159c"", ""steps"": 50}, {""ase_converged"": true, ""converged"": true, ""end_geometry_sha256"": ""dccc4cf571023ba05c7f8816027177c5ce410756989e6d3918cf589d6502e116"", ""failure_class"": null, ""max_force_eV_A"": 0.07637083332655784, ""name"": ""bfgs_after_fire"", ""start_geometry_sha256"": ""9ee47028f949d6fc64c7db6c86fce555f7493b8bcf107524c09572aeb79aab4b"", ""steps"": 161}]",dccc4cf571023ba05c7f8816027177c5ce410756989e6d3918cf589d6502e116,-19.07136553272605,True,0.07642323041826632,269.0,100.0,0.08,converged,,bfgs_after_fire,"[{""ase_converged"": false, ""converged"": false, ""end_geometry_sha256"": ""4fd4f9f1b354dd15ad0173a78ede82eae14118f9c91b196056e3c0e61889462e"", ""failure_class"": ""force_threshold"", ""max_force_eV_A"": 0.5691719585047799, ""name"": ""bfgs_standard"", ""start_geometry_sha256"": ""fa9877c4d2379490a387f58291bdced7823cd3e6d689ab765faf5b4ef93f9f4e"", ""steps"": 100}, {""ase_converged"": false, ""converged"": false, ""end_geometry_sha256"": ""08993d29640946baa6b60dec9a58244a56ef00d83c2a2e9f4b5ab104b97369e9"", ""failure_class"": ""force_threshold"", ""max_force_eV_A"": 2.8356986511666338, ""name"": ""fire_precondition"", ""qualifying"": false, ""start_geometry_sha256"": ""fa9877c4d2379490a387f58291bdced7823cd3e6d689ab765faf5b4ef93f9f4e"", ""steps"": 50}, {""ase_converged"": true, ""converged"": true, ""end_geometry_sha256"": ""d2372742e6fda3d44a21035401ec8567b9a38446e6079e469f77f3ebc09b9af0"", ""failure_class"": null, ""max_force_eV_A"": 0.07642323041826632, ""name"": ""bfgs_after_fire"", ""start_geometry_sha256"": ""08993d29640946baa6b60dec9a58244a56ef00d83c2a2e9f4b5ab104b97369e9"", ""steps"": 119}]",d2372742e6fda3d44a21035401ec8567b9a38446e6079e469f77f3ebc09b9af0,-18.38866909667852,True,0.06101561630003347,278.0,100.0,0.08,converged,,bfgs_after_fire,"[{""ase_converged"": false, ""converged"": false, ""end_geometry_sha256"": ""1146fe3f26937e91f9f5df64ead2583e8447a19dedc3a4f1f2ea7aa2bec3e22e"", ""failure_class"": ""force_threshold"", ""max_force_eV_A"": 2.6041258080355107, ""name"": ""bfgs_standard"", ""start_geometry_sha256"": ""efeb08cce291aa67a17d7b9173d8cdbfe6aee4187e79d671847e5371a8c041a3"", ""steps"": 100}, {""ase_converged"": false, ""converged"": false, ""end_geometry_sha256"": ""3160611246d417955e58bd8d9786c03313cefb7bdb274cce2436c2645b22051f"", ""failure_class"": ""force_threshold"", ""max_force_eV_A"": 5.277936755773782, ""name"": ""fire_precondition"", ""qualifying"": false, ""start_geometry_sha256"": ""efeb08cce291aa67a17d7b9173d8cdbfe6aee4187e79d671847e5371a8c041a3"", ""steps"": 50}, {""ase_converged"": true, ""converged"": true, ""end_geometry_sha256"": ""4f3d905ebb5353e9e0312324a88177ddcc3d646aafb94c291bf64b40869225b2"", ""failure_class"": null, ""max_force_eV_A"": 0.06101561630003347, ""name"": ""bfgs_after_fire"", ""start_geometry_sha256"": ""3160611246d417955e58bd8d9786c03313cefb7bdb274cce2436c2645b22051f"", ""steps"": 128}]",4f3d905ebb5353e9e0312324a88177ddcc3d646aafb94c291bf64b40869225b2,-9.557447959482694,20.300365532726047,step_4_H2O,10.0,-1.188344037190729,True,37.46003462940457,validation_required,Unphysical dG_OH_eV=-19.07 eV,True,1,1,c1ed8f0464907cd3cb98,False,
"('SolidCatalyst', 'Nb', 'SAPO34', 'hcp0001', 0.02631578947368421, ('S', 'Ag'), 4, 0)",SolidCatalyst,True,esen-sm-conserving-all-oc25:relax-v4:orr-che-v3,True,0.0702841388518057,38,150,0.08,converged,,bfgs_standard,"[{""ase_converged"": true, ""converged"": true, ""end_geometry_sha256"": ""759146c6300d8f4b73674d2eff5bed710b5141f6fce1fea9157bbc62f1117add"", ""failure_class"": null, ""max_force_eV_A"": 0.0702841388518057, ""name"": ""bfgs_standard"", ""start_geometry_sha256"": ""007a4ca81da199aa5e5cfd81b4946791d842e34ee9f80b6467cf85186ded6daf"", ""steps"": 38}]",759146c6300d8f4b73674d2eff5bed710b5141f6fce1fea9157bbc62f1117add,-297.36585058983036,True,0.07457015043182379,64.0,100.0,0.08,converged,,bfgs_standard,"[{""ase_converged"": true, ""converged"": true, ""end_geometry_sha256"": ""d6428a8b0640dc86ba7868116d64093df0b4404cb72f1e3fea58f4dd2dae6349"", ""failure_class"": null, ""max_force_eV_A"": 0.07457015043182379, ""name"": ""bfgs_standard"", ""start_geometry_sha256"": ""8b06d96350a56d8bcb941b5a70a33ba39298f707d4b755b60205df1d1dce77fe"", ""steps"": 64}]",d6428a8b0640dc86ba7868116d64093df0b4404cb72f1e3fea58f4dd2dae6349,-1.0350725029408931,True,0.07591878235116462,14.0,100.0,0.08,converged,,bfgs_standard,"[{""ase_converged"": true, ""converged"": true, ""end_geometry_sha256"": ""42d5f4a471b7c976249422380c3d384f2e9472bbecd0f9fb2be49209e49ee014"", ""failure_class"": null, ""max_force_eV_A"": 0.07591878235116462, ""name"": ""bfgs_standard"", ""start_geometry_sha256"": ""9312a083a3fd43c99626ea82675838986b1b703d6b73132335ef1a11e5e1abf7"", ""steps"": 14}]",42d5f4a471b7c976249422380c3d384f2e9472bbecd0f9fb2be49209e49ee014,1.7528103955089798,True,0.06978853715924498,352.0,100.0,0.08,converged,,fire_small_step,"[{""ase_converged"": false, ""converged"": false, ""end_geometry_sha256"": ""427180ad918c6a0dac29c32bea98812b12c94634d363c2239442640736e38bed"", ""failure_class"": ""force_threshold"", ""max_force_eV_A"": 0.16169323928458368, ""name"": ""bfgs_standard"", ""start_geometry_sha256"": ""201ccf60315688a0b03d18dd3a6c839e8409e66defbf54c1d82b9f407f958a79"", ""steps"": 100}, {""ase_converged"": true, ""converged"": true, ""end_geometry_sha256"": ""de6dfbe04526b58abefc599548eddf6128a988e76a99419a58913cb49d7cff85"", ""failure_class"": null, ""max_force_eV_A"": 0.23504589506787382, ""name"": ""fire_precondition"", ""qualifying"": false, ""start_geometry_sha256"": ""201ccf60315688a0b03d18dd3a6c839e8409e66defbf54c1d82b9f407f958a79"", ""steps"": 30}, {""ase_converged"": false, ""converged"": false, ""end_geometry_sha256"": ""9168114a1fc06526a11232aad94443ad4c18f0c55ab3e2bc6a68b65faac7d202"", ""failure_class"": ""force_threshold"", ""max_force_eV_A"": 0.3184481989483882, ""name"": ""bfgs_after_fire"", ""start_geometry_sha256"": ""de6dfbe04526b58abefc599548eddf6128a988e76a99419a58913cb49d7cff85"", ""steps"": 200}, {""ase_converged"": true, ""converged"": true, ""end_geometry_sha256"": ""d44025ef447a2f19dd1ee65469f244e82d9f02b5613f4302dbe2bce5291bafe8"", ""failure_class"": null, ""max_force_eV_A"": 0.06978853715924498, ""name"": ""fire_small_step"", ""start_geometry_sha256"": ""427180ad918c6a0dac29c32bea98812b12c94634d363c2239442640736e38bed"", ""steps"": 22}]",d44025ef447a2f19dd1ee65469f244e82d9f02b5613f4302dbe2bce5291bafe8,-3.5500894084573043,3.0,step_2_O,10.0,-0.18656046439602902,True,2.787882898449873,quantitative_screening,,False,2,2,fe8d744ebffab6e6f1ce,False,0.7799556092414295
"('SolidCatalyst', 'Mo', 'La2O3', 'hcp1010', -0.04736842105263159, ('Pr', 'Se'), 1, 1)",SolidCatalyst,True,esen-sm-conserving-all-oc25:relax-v4:orr-che-v3,True,0.07702550822088677,131,150,0.08,converged,,bfgs_standard,"[{""ase_converged"": true, ""converged"": true, ""end_geometry_sha256"": ""1309be77cb71b570ac689cb47d346e09eb49751f9fde26fb21d6acff10d44f98"", ""failure_class"": null, ""max_force_eV_A"": 0.07702550822088677, ""name"": ""bfgs_standard"", ""start_geometry_sha256"": ""c3745a520edae700b408705b9b53f4de929849645bc40f14a33a07c1e23bf8b1"", ""steps"": 131}]",1309be77cb71b570ac689cb47d346e09eb49751f9fde26fb21d6acff10d44f98,-135.39807511088787,True,0.07573036516000006,68.0,100.0,0.08,converged,,bfgs_standard,"[{""ase_converged"": true, ""converged"": true, ""end_geometry_sha256"": ""e6a5391a66f2a76b22f80eccc0572e63bb8ad0d7259e91c47113e4074a279cdf"", ""failure_class"": null, ""max_force_eV_A"": 0.07573036516000006, ""name"": ""bfgs_standard"", ""start_geometry_sha256"": ""7c483b9d25a1af60272b5671241ad99deb3779d839c9316597c674998361615a"", ""steps"": 68}]",e6a5391a66f2a76b22f80eccc0572e63bb8ad0d7259e91c47113e4074a279cdf,-0.5770875786244869,True,0.07613113715720418,64.0,100.0,0.08,converged,,bfgs_standard,"[{""ase_converged"": true, ""converged"": true, ""end_geometry_sha256"": ""53740fbce5627467ab26d9788423e54631dbba3deaaf431f38cccc53448677a4"", ""failure_class"": null, ""max_force_eV_A"": 0.07613113715720418, ""name"": ""bfgs_standard"", ""start_geometry_sha256"": ""12acd18902b2cec0a78888790ee759cf28ca665cc82a5caae0a8fa7d6cb31096"", ""steps"": 64}]",53740fbce5627467ab26d9788423e54631dbba3deaaf431f38cccc53448677a4,-0.9293948046863327,True,0.051724151058406914,280.0,100.0,0.08,converged,,bfgs_after_fire,"[{""ase_converged"": false, ""converged"": false, ""end_geometry_sha256"": ""fd89b75762801e174bb2ef52281ffb59d9bfde5e7b021d40da336eba0e8ec037"", ""failure_class"": ""force_threshold"", ""max_force_eV_A"": 0.4448929001683558, ""name"": ""bfgs_standard"", ""start_geometry_sha256"": ""ce0bb9c3732f60d8f13138bfbd7eab1b6ec72d67b393cd4edd7c56b7629523ad"", ""steps"": 100}, {""ase_converged"": false, ""converged"": false, ""end_geometry_sha256"": ""c1d8b1c468132c9cab570e7928eed7360eaf8022a6504a5aed021be0d39434ca"", ""failure_class"": ""force_threshold"", ""max_force_eV_A"": 1.4649836463945878, ""name"": ""fire_precondition"", ""qualifying"": false, ""start_geometry_sha256"": ""ce0bb9c3732f60d8f13138bfbd7eab1b6ec72d67b393cd4edd7c56b7629523ad"", ""steps"": 50}, {""ase_converged"": true, ""converged"": true, ""end_geometry_sha256"": ""611625031e95ebe3ed9a36d93c19f04f559a9fc9a3fc89d690eadc6f61fd1707"", ""failure_class"": null, ""max_force_eV_A"": 0.051724151058406914, ""name"": ""bfgs_after_fire"", ""start_geometry_sha256"": ""c1d8b1c468132c9cab570e7928eed7360eaf8022a6504a5aed021be0d39434ca"", ""steps"": 130}]",611625031e95ebe3ed9a36d93c19f04f559a9fc9a3fc89d690eadc6f61fd1707,-0.33430342823269465,1.806087578624487,step_4_H2O,10.0,-2.0,True,1.5064823833108196,quantitative_screening,,False,0,0,5f58d1e9b32609d45f37,False,0.8664825313502684
"('SolidCatalyst', 'Mo', 'SnO2', 'bcc100', 0.005263157894736831, ('Mn', 'Cu'), 2, 0)",SolidCatalyst,True,esen-sm-conserving-all-oc25:relax-v4:orr-che-v3,True,0.05623097605977053,139,150,0.08,converged,,bfgs_standard,"[{""ase_converged"": true, ""converged"": true, ""end_geometry_sha256"": ""7c00a03010c6aa89aec386547b12c5e4e6aa26a3e1fc4dbce758b75ba9772024"", ""failure_class"": null, ""max_force_eV_A"": 0.05623097605977053, ""name"": ""bfgs_standard"", ""start_geometry_sha256"": ""27e3fc30188ce9738d04e326cc6c16f56114cb83f13f17e6177d41d639f7b06b"", ""steps"": 139}]",7c00a03010c6aa89aec386547b12c5e4e6aa26a3e1fc4dbce758b75ba9772024,-197.254303929692,True,0.07493241066525194,67.0,100.0,0.08,converged,,bfgs_standard,"[{""ase_converged"": true, ""converged"": true, ""end_geometry_sha256"": ""8c1a7dec7fc4524b7ed1ccd69b446a3f1fbaf8c16e11d163f76c42376951e4b6"", ""failure_class"": null, ""max_force_eV_A"": 0.07493241066525194, ""name"": ""bfgs_standard"", ""start_geometry_sha256"": ""b7940412accf8bb9db82cd1645d4a917665f19f15c4d7bfbcc3646b5da7ebf21"", ""steps"": 67}]",8c1a7dec7fc4524b7ed1ccd69b446a3f1fbaf8c16e11d163f76c42376951e4b6,1.380492987781763,True,0.042383031730401345,47.0,100.0,0.08,converged,,bfgs_standard,"[{""ase_converged"": true, ""converged"": true, ""end_geometry_sha256"": ""c4bbe1d8f7ff5359f6087dc020a202afc24efe14875324a486d0beee5db669b9"", ""failure_class"": null, ""max_force_eV_A"": 0.042383031730401345, ""name"": ""bfgs_standard"", ""start_geometry_sha256"": ""f5ca8deb2dc8bb2f03d9af794c4d4ac3accb4c08bb1166603e44259d338b8224"", ""steps"": 47}]",c4bbe1d8f7ff5359f6087dc020a202afc24efe14875324a486d0beee5db669b9,0.2355679638683547,True,0.07352320265348099,64.0,100.0,0.08,converged,,bfgs_standard,"[{""ase_converged"": true, ""converged"": true, ""end_geometry_sha256"": ""6ee433db5ffcacc1f4793c6e2cbd53517158c03aeb7708fdef53b456c98c59cb"", ""failure_class"": null, ""max_force_eV_A"": 0.07352320265348099, ""name"": ""bfgs_standard"", ""start_geometry_sha256"": ""0fe73596f4000aa5aef3bbf94117c8fd31c9a6941c0829d945d85843f3f09cf4"", ""steps"": 64}]",6ee433db5ffcacc1f4793c6e2cbd53517158c03aeb7708fdef53b456c98c59cb,0.8490919575094928,2.3739250239134084,step_3_OH,7.0,0.0,True,1.6160609516501179,quantitative_screening,,False,2,2,1c3b88fd3ad4b0235699,False,0.9675000000349999
"('SolidCatalyst', 'Mo', 'BN', 'fcc211', -0.015789473684210534, ('Se', 'Mg'), 4, 0)",SolidCatalyst,True,esen-sm-conserving-all-oc25:relax-v4:orr-che-v3,True,0.07742593454838964,338,150,0.08,converged,,bfgs_after_fire,"[{""ase_converged"": false, ""converged"": false, ""end_geometry_sha256"": ""99603d75037ffcd308709eef6637c5edfa9090fd240cad4d1d715dd675a93ab3"", ""failure_class"": ""force_threshold"", ""max_force_eV_A"": 0.292206411042142, ""name"": ""bfgs_standard"", ""start_geometry_sha256"": ""bc6a2bf1d35f08557cdcb5862eaeea52b2354946e9171b2810ca7cc6afb67027"", ""steps"": 150}, {""ase_converged"": false, ""converged"": false, ""end_geometry_sha256"": ""cb5b95f21e66d57fce9f694f046e244acc3848d6b9ff7dafad0a46c93fc6314b"", ""failure_class"": ""force_threshold"", ""max_force_eV_A"": 5.624485101983426, ""name"": ""fire_precondition"", ""qualifying"": false, ""start_geometry_sha256"": ""bc6a2bf1d35f08557cdcb5862eaeea52b2354946e9171b2810ca7cc6afb67027"", ""steps"": 75}, {""ase_converged"": true, ""converged"": true, ""end_geometry_sha256"": ""46d185872560103a6ebe90397cc7e14ce3e2516144415c6f5c03fd2de5ea4272"", ""failure_class"": null, ""max_force_eV_A"": 0.07742593454838964, ""name"": ""bfgs_after_fire"", ""start_geometry_sha256"": ""cb5b95f21e66d57fce9f694f046e244acc3848d6b9ff7dafad0a46c93fc6314b"", ""steps"": 113}]",46d185872560103a6ebe90397cc7e14ce3e2516144415c6f5c03fd2de5ea4272,-159.84813069432983,True,0.0776028689230138,363.0,100.0,0.08,converged,,fire_small_step,"[{""ase_converged"": false, ""converged"": false, ""end_geometry_sha256"": ""d22f61c1e0f0af0514fadef2b45d74f073547c9cdf4ace548e4d945c60376b7f"", ""failure_class"": ""force_threshold"", ""max_force_eV_A"": 0.26153819726120753, ""name"": ""bfgs_standard"", ""start_geometry_sha256"": ""933265b36ecfa0e203f459892dacd6bce0331a14b3502e51634eaf51ba764d97"", ""steps"": 100}, {""ase_converged"": false, ""converged"": false, ""end_geometry_sha256"": ""8615cc03b2baa82104a12fcfdac02443939fc682e2817d95c59671e12966805b"", ""failure_class"": ""force_threshold"", ""max_force_eV_A"": 0.2720291256501079, ""name"": ""fire_precondition"", ""qualifying"": false, ""start_geometry_sha256"": ""933265b36ecfa0e203f459892dacd6bce0331a14b3502e51634eaf51ba764d97"", ""steps"": 50}, {""ase_converged"": false, ""converged"": false, ""end_geometry_sha256"": ""6cfa6794354a9c7a3b488d0b77df85846cacf1f1ff7aef1c7ccac8094f836e21"", ""failure_class"": ""force_threshold"", ""max_force_eV_A"": 0.10755711197589642, ""name"": ""bfgs_after_fire"", ""start_geometry_sha256"": ""8615cc03b2baa82104a12fcfdac02443939fc682e2817d95c59671e12966805b"", ""steps"": 200}, {""ase_converged"": true, ""converged"": true, ""end_geometry_sha256"": ""25ad5a3b3d14de28327fcf36d14c99e39f8841a6375f3a92e2b2cb26a475189c"", ""failure_class"": null, ""max_force_eV_A"": 0.0776028689230138, ""name"": ""fire_small_step"", ""start_geometry_sha256"": ""6cfa6794354a9c7a3b488d0b77df85846cacf1f1ff7aef1c7ccac8094f836e21"", ""steps"": 13}]",25ad5a3b3d14de28327fcf36d14c99e39f8841a6375f3a92e2b2cb26a475189c,-0.06204241260886195,True,0.07860234431172884,23.0,100.0,0.08,converged,,bfgs_standard,"[{""ase_converged"": true, ""converged"": true, ""end_geometry_sha256"": ""1479255275fed9510179fba04dc1130d895c2f19f82bfe8d8e34c4bbda88706a"", ""failure_class"": null, ""max_force_eV_A"": 0.07860234431172884, ""name"": ""bfgs_standard"", ""start_geometry_sha256"": ""94e68dd250a19bab45702104539c99c902fa21768f578e7ffab726593aef35f3"", ""steps"": 23}]",1479255275fed9510179fba04dc1130d895c2f19f82bfe8d8e34c4bbda88706a,-0.1540041796863328,True,0.0704572998065457,236.0,100.0,0.08,converged,,bfgs_after_fire,"[{""ase_converged"": false, ""converged"": false, ""end_geometry_sha256"": ""8f273289d7a9438ca8aa0339d9b24faa9eb7ebcf722d257506ef7e2fac6f09cb"", ""failure_class"": ""force_threshold"", ""max_force_eV_A"": 2.019933771341927, ""name"": ""bfgs_standard"", ""start_geometry_sha256"": ""87d5aabac6774e3aa32df0903c56e07544d597a06b0bb9d301f3be501e6e23c2"", ""steps"": 100}, {""ase_converged"": false, ""converged"": false, ""end_geometry_sha256"": ""5bc967060e231ae4f3f0a1ba860d2261c5f9087a33559b8675ebeca9f24f4a43"", ""failure_class"": ""force_threshold"", ""max_force_eV_A"": 4.062783552415888, ""name"": ""fire_precondition"", ""qualifying"": false, ""start_geometry_sha256"": ""87d5aabac6774e3aa32df0903c56e07544d597a06b0bb9d301f3be501e6e23c2"", ""steps"": 50}, {""ase_converged"": true, ""converged"": true, ""end_geometry_sha256"": ""0ac7f7707517fdcaea0a838755cdb69dfd37b4fd16c28e06227484239de19a41"", ""failure_class"": null, ""max_force_eV_A"": 0.0704572998065457, ""name"": ""bfgs_after_fire"", ""start_geometry_sha256"": ""5bc967060e231ae4f3f0a1ba860d2261c5f9087a33559b8675ebeca9f24f4a43"", ""steps"": 86}]",0ac7f7707517fdcaea0a838755cdb69dfd37b4fd16c28e06227484239de19a41,3.103990028798612,1.320961767077471,step_3_OH,10.0,0.0,True,0.21604659229519474,quantitative_screening,,False,0,0,51aaad397e0ea487ca41,False,0.8664825313502684
"('SolidCatalyst', 'Mo', 'HfB2', 'fcc311', -0.07894736842105264, ('B', 'Pt'), 1, 1)",SolidCatalyst,True,esen-sm-conserving-all-oc25:relax-v4:orr-che-v3,True,0.06645865236028514,96,150,0.08,converged,,bfgs_standard,"[{""ase_converged"": true, ""converged"": true, ""end_geometry_sha256"": ""859a23d83933a23b548728649f5eaf7bcd0cefa9abdf0d425b67cee1c3f82397"", ""failure_class"": null, ""max_force_eV_A"": 0.06645865236028514, ""name"": ""bfgs_standard"", ""start_geometry_sha256"": ""bd362df4efd8e4a98a0ca933bc596cb000e38f45f83d1333bed46073cb83cc41"", ""steps"": 96}]",859a23d83933a23b548728649f5eaf7bcd0cefa9abdf0d425b67cee1c3f82397,-130.15029183175494,True,0.07226898328579162,60.0,100.0,0.08,converged,,bfgs_standard,"[{""ase_converged"": true, ""converged"": true, ""end_geometry_sha256"": ""36f99d86eadae14389df55010e3fb06f507546f784037c943775dec926aaa52d"", ""failure_class"": null, ""max_force_eV_A"": 0.07226898328579162, ""name"": ""bfgs_standard"", ""start_geometry_sha256"": ""20ca50178c76845ea0b29299b3f4deb76a974a7cd75ab2fdb0b3861e0e0792fc"", ""steps"": 60}]",36f99d86eadae14389df55010e3fb06f507546f784037c943775dec926aaa52d,-0.29974382862448695,True,0.06577462605265864,29.0,100.0,0.08,converged,,bfgs_standard,"[{""ase_converged"": true, ""converged"": true, ""end_geometry_sha256"": ""70cb31b8cb2343a89919efdf2d8293b05d8fd387b2bf7be2ddecb660674f9704"", ""failure_class"": null, ""max_force_eV_A"": 0.06577462605265864, ""name"": ""bfgs_standard"", ""start_geometry_sha256"": ""1348c25be240e904009102ae1800fd3fb0d241110b447d678bd645cad79de600"", ""steps"": 29}]",70cb31b8cb2343a89919efdf2d8293b05d8fd387b2bf7be2ddecb660674f9704,0.2961911328136672,True,0.07641965288467462,245.0,100.0,0.08,converged,,bfgs_after_fire,"[{""ase_converged"": false, ""converged"": false, ""end_geometry_sha256"": ""bb14d336c888a523fffc7f9767a58448d9a001c9fdb2ba3a369a17293ac1627d"", ""failure_class"": ""force_threshold"", ""max_force_eV_A"": 0.26385854837424244, ""name"": ""bfgs_standard"", ""start_geometry_sha256"": ""79cf86924092f1acce1b1bdca5cb8e800027399f97a73635509a01c2dd227127"", ""steps"": 100}, {""ase_converged"": false, ""converged"": false, ""end_geometry_sha256"": ""0af46803a55266dca37792f84630d25b8bf2307befba54d9dc49b4a6693be339"", ""failure_class"": ""force_threshold"", ""max_force_eV_A"": 1.9561123832183118, ""name"": ""fire_precondition"", ""qualifying"": false, ""start_geometry_sha256"": ""79cf86924092f1acce1b1bdca5cb8e800027399f97a73635509a01c2dd227127"", ""steps"": 50}, {""ase_converged"": true, ""converged"": true, ""end_geometry_sha256"": ""ac3ddb05e723a225cde432717c97f788838dfeee321fa2c3e17969422eb44625"", ""failure_class"": null, ""max_force_eV_A"": 0.07641965288467462, ""name"": ""bfgs_after_fire"", ""start_geometry_sha256"": ""0af46803a55266dca37792f84630d25b8bf2307befba54d9dc49b4a6693be339"", ""steps"": 95}]",ac3ddb05e723a225cde432717c97f788838dfeee321fa2c3e17969422eb44625,0.6215223774313678,1.528743828624487,step_4_H2O,10.0,-2.0,True,0.5959349614381542,quantitative_screening,,False,2,2,acf9859cc174488b68df,False,0.7799556092414295
"('SolidCatalyst', 'Ru', 'Cr2O3', 'hcp0001', -0.05789473684210527, ('Te', 'Ag'), 4, 0)",SolidCatalyst,True,esen-sm-conserving-all-oc25:relax-v4:orr-che-v3,True,0.07551327408535026,66,150,0.08,converged,,bfgs_standard,"[{""ase_converged"": true, ""converged"": true, ""end_geometry_sha256"": ""9731ae989b9fa3f49e09d038c06e52ca05456a698a1fdc68ce99a55a21382291"", ""failure_class"": null, ""max_force_eV_A"": 0.07551327408535026, ""name"": ""bfgs_standard"", ""start_geometry_sha256"": ""97b6850492b9a35cd16834a7d8db84ce205fc8004323f1f47a4bc2c53fa02419"", ""steps"": 66}]",9731ae989b9fa3f49e09d038c06e52ca05456a698a1fdc68ce99a55a21382291,-275.20018476393955,True,0.07079132266101357,188.0,100.0,0.08,converged,,bfgs_after_fire,"[{""ase_converged"": false, ""converged"": false, ""end_geometry_sha256"": ""4df5c443328ea189a23928be012144a7f33323ee098af6eadb8de5693947c835"", ""failure_class"": ""force_threshold"", ""max_force_eV_A"": 0.4657470546307827, ""name"": ""bfgs_standard"", ""start_geometry_sha256"": ""b352b00b9aa9ac5b075991eff8e95411549836d55f2ff7c1c0b0f82ff60c5aa2"", ""steps"": 100}, {""ase_converged"": false, ""converged"": false, ""end_geometry_sha256"": ""aaeb751e59906e9c7da8e8f84640f066730729f7b1ebc12c9c7fa1186c179ca2"", ""failure_class"": ""force_threshold"", ""max_force_eV_A"": 0.6274816888457226, ""name"": ""fire_precondition"", ""qualifying"": false, ""start_geometry_sha256"": ""b352b00b9aa9ac5b075991eff8e95411549836d55f2ff7c1c0b0f82ff60c5aa2"", ""steps"": 50}, {""ase_converged"": true, ""converged"": true, ""end_geometry_sha256"": ""9c2505650d2486840169aa9a45e98a057c0dd6ddc49d6cc3cc5f7e62b80f5f12"", ""failure_class"": null, ""max_force_eV_A"": 0.07079132266101357, ""name"": ""bfgs_after_fire"", ""start_geometry_sha256"": ""aaeb751e59906e9c7da8e8f84640f066730729f7b1ebc12c9c7fa1186c179ca2"", ""steps"": 38}]",9c2505650d2486840169aa9a45e98a057c0dd6ddc49d6cc3cc5f7e62b80f5f12,2.31015569224948,True,0.0797603273971104,245.0,100.0,0.08,converged,,bfgs_after_fire,"[{""ase_converged"": false, ""converged"": false, ""end_geometry_sha256"": ""054412e4820d08df77fb4316cb68ae522225d08459d661bebdd835e634321862"", ""failure_class"": ""force_threshold"", ""max_force_eV_A"": 0.5036349679305477, ""name"": ""bfgs_standard"", ""start_geometry_sha256"": ""fd76b35a615eaca81a040c23192cb186f9ca0c77ec4b5baa1ae709dcbd85a1ac"", ""steps"": 100}, {""ase_converged"": true, ""converged"": true, ""end_geometry_sha256"": ""28443c90176026c242eea59ffed462cd033e595e6e081f9546545aa2a9334be0"", ""failure_class"": null, ""max_force_eV_A"": 0.23851441912887142, ""name"": ""fire_precondition"", ""qualifying"": false, ""start_geometry_sha256"": ""fd76b35a615eaca81a040c23192cb186f9ca0c77ec4b5baa1ae709dcbd85a1ac"", ""steps"": 30}, {""ase_converged"": true, ""converged"": true, ""end_geometry_sha256"": ""228ece2fa7312d3091dedb9e1bbc49bcd55e88e35f35cd09cbdf9c8318c19901"", ""failure_class"": null, ""max_force_eV_A"": 0.0797603273971104, ""name"": ""bfgs_after_fire"", ""start_geometry_sha256"": ""28443c90176026c242eea59ffed462cd033e595e6e081f9546545aa2a9334be0"", ""steps"": 115}]",228ece2fa7312d3091dedb9e1bbc49bcd55e88e35f35cd09cbdf9c8318c19901,-1.006365858763538,True,0.06386830400697105,271.0,100.0,0.08,converged,,bfgs_after_fire,"[{""ase_converged"": false, ""converged"": false, ""end_geometry_sha256"": ""56dd398c967a4c127609836fe09419b119b32a1b2b5cf078715d92a3f2cc31be"", ""failure_class"": ""force_threshold"", ""max_force_eV_A"": 0.21481337262400368, ""name"": ""bfgs_standard"", ""start_geometry_sha256"": ""9d9d78b53093cb4d8d0767756a73bded3ccd3cabc8d4644e718b5554515c14da"", ""steps"": 100}, {""ase_converged"": false, ""converged"": false, ""end_geometry_sha256"": ""4596d1783868ea8bc622b934da20dbd13ee8e8ddef7c396fa27527e51f5a456f"", ""failure_class"": ""force_threshold"", ""max_force_eV_A"": 1.380816231683535, ""name"": ""fire_precondition"", ""qualifying"": false, ""start_geometry_sha256"": ""9d9d78b53093cb4d8d0767756a73bded3ccd3cabc8d4644e718b5554515c14da"", ""steps"": 50}, {""ase_converged"": true, ""converged"": true, ""end_geometry_sha256"": ""9829d76a0c2cd58268ce5d0d3a024035dfe4be2910353afff3c09ec94677297c"", ""failure_class"": null, ""max_force_eV_A"": 0.06386830400697105, ""name"": ""bfgs_after_fire"", ""start_geometry_sha256"": ""4596d1783868ea8bc622b934da20dbd13ee8e8ddef7c396fa27527e51f5a456f"", ""steps"": 121}]",9829d76a0c2cd58268ce5d0d3a024035dfe4be2910353afff3c09ec94677297c,0.28085274547336003,3.0,step_3_OH,10.0,-2.0,True,3.316521551013018,quantitative_screening,,False,1,1,6c04785e43d226d5fa6e,False,0.9127014328916923
"('SolidCatalyst', 'Ru', 'CeZrO2', 'hcp0001', 0.08947368421052632, ('V', 'Se'), 1, 1)",SolidCatalyst,True,esen-sm-conserving-all-oc25:relax-v4:orr-che-v3,True,0.07867253698558177,24,150,0.08,converged,,bfgs_standard,"[{""ase_converged"": true, ""converged"": true, ""end_geometry_sha256"": ""ce36da0bd4124348343b7ecef4aa74bf796a73ff2c933e018708d0a2f9741b9e"", ""failure_class"": null, ""max_force_eV_A"": 0.07867253698558177, ""name"": ""bfgs_standard"", ""start_geometry_sha256"": ""771732203738b319163466d39bc9357aa3f0f9d09bc3e94f9e1a59feec418d80"", ""steps"": 24}]",ce36da0bd4124348343b7ecef4aa74bf796a73ff2c933e018708d0a2f9741b9e,-288.8767738145666,True,0.07401866601744754,28.0,100.0,0.08,converged,,bfgs_standard,"[{""ase_converged"": true, ""converged"": true, ""end_geometry_sha256"": ""227ec5d54f9c4568ce30bd431b78836f19dfc05948e42783f895a1e61b99078b"", ""failure_class"": null, ""max_force_eV_A"": 0.07401866601744754, ""name"": ""bfgs_standard"", ""start_geometry_sha256"": ""5fbea642ec0c4797f82a1768c9adb36606ea4944203a01034efd6a417ee79257"", ""steps"": 28}]",227ec5d54f9c4568ce30bd431b78836f19dfc05948e42783f895a1e61b99078b,-0.5014879082143306,True,0.06569645743635125,15.0,100.0,0.08,converged,,bfgs_standard,"[{""ase_converged"": true, ""converged"": true, ""end_geometry_sha256"": ""21d8a75b89732d28e18fa08680fcfd35ddb4328de1861ac125878b8bdcecd443"", ""failure_class"": null, ""max_force_eV_A"": 0.06569645743635125, ""name"": ""bfgs_standard"", ""start_geometry_sha256"": ""8008dfba49bff77d37c19481e1246725d9462e047fdd85cc341ab8f98293cc0f"", ""steps"": 15}]",21d8a75b89732d28e18fa08680fcfd35ddb4328de1861ac125878b8bdcecd443,-0.2898836962878953,True,0.06560342340695621,96.0,100.0,0.08,converged,,bfgs_standard,"[{""ase_converged"": true, ""converged"": true, ""end_geometry_sha256"": ""f082b3b83cde1c91c5e1d9a2ae8b77c34056fbff71833c0db6163496b1428715"", ""failure_class"": null, ""max_force_eV_A"": 0.06560342340695621, ""name"": ""bfgs_standard"", ""start_geometry_sha256"": ""718891d6f053271e25c6c372174a741fd4273c63cf67936a60e28eaa5596cad7"", ""steps"": 96}]",f082b3b83cde1c91c5e1d9a2ae8b77c34056fbff71833c0db6163496b1428715,-0.9065938487649212,1.845710152477026,step_2_O,9.0,-2.0,True,0.7913716045022259,quantitative_screening,,False,2,2,b2882de15068ebe9913f,False,0.9127014328916923
"('SolidCatalyst', 'Ru', 'Carbon', 'bcc100', -0.07894736842105264, ('Sm', 'Cu'), 2, 0)",SolidCatalyst,True,esen-sm-conserving-all-oc25:relax-v4:orr-che-v3,True,0.05714421219497494,377,150,0.08,converged,,bfgs_after_fire,"[{""ase_converged"": false, ""converged"": false, ""end_geometry_sha256"": ""1702fb23c0292d5734839298942e3f8608c91fd55d4d8a2e8b11eb661f0beb32"", ""failure_class"": ""force_threshold"", ""max_force_eV_A"": 761.6620004179614, ""name"": ""bfgs_standard"", ""start_geometry_sha256"": ""4b696bb11a41b00ffa6c424ee947510730d986aab1a211c4515472f757d5e3d3"", ""steps"": 150}, {""ase_converged"": false, ""converged"": false, ""end_geometry_sha256"": ""f6e050ad4f44f1bfbf7b30590ca47ed9a466a800fb2a1e2871befca7c8fee781"", ""failure_class"": ""force_threshold"", ""max_force_eV_A"": 13.13478719028316, ""name"": ""fire_precondition"", ""qualifying"": false, ""start_geometry_sha256"": ""4b696bb11a41b00ffa6c424ee947510730d986aab1a211c4515472f757d5e3d3"", ""steps"": 75}, {""ase_converged"": true, ""converged"": true, ""end_geometry_sha256"": ""495694218677a4a6d4859bc3956114a939d263f60924679616d4879d2098c00b"", ""failure_class"": null, ""max_force_eV_A"": 0.05714421219497494, ""name"": ""bfgs_after_fire"", ""start_geometry_sha256"": ""f6e050ad4f44f1bfbf7b30590ca47ed9a466a800fb2a1e2871befca7c8fee781"", ""steps"": 152}]",495694218677a4a6d4859bc3956114a939d263f60924679616d4879d2098c00b,61.73226239929977,True,0.07109727905139096,34.0,100.0,0.08,converged,,bfgs_standard,"[{""ase_converged"": true, ""converged"": true, ""end_geometry_sha256"": ""8fb2fb37f4b4fcb30f17da21aa3db25520c55af5169eda9ff49ef79ebde3aba7"", ""failure_class"": null, ""max_force_eV_A"": 0.07109727905139096, ""name"": ""bfgs_standard"", ""start_geometry_sha256"": ""a682a03a21e5e53d743fd8ac7e16721a2b7d0af62415348540f904dcfde2894d"", ""steps"": 34}]",8fb2fb37f4b4fcb30f17da21aa3db25520c55af5169eda9ff49ef79ebde3aba7,1.102783026844263,True,0.052053494950545946,37.0,100.0,0.08,converged,,bfgs_standard,"[{""ase_converged"": true, ""converged"": true, ""end_geometry_sha256"": ""9ac9122edaaabc7faac0b222d2eb91e2e1b0b9d05d547786c11cbcab2146fdd6"", ""failure_class"": null, ""max_force_eV_A"": 0.052053494950545946, ""name"": ""bfgs_standard"", ""start_geometry_sha256"": ""a67ecdcc43ff759bdfd761ffd63e6c9a648d59de88a54ced8be88050abd69c12"", ""steps"": 37}]",9ac9122edaaabc7faac0b222d2eb91e2e1b0b9d05d547786c11cbcab2146fdd6,0.8482541210949173,True,0.06375098609643652,65.0,100.0,0.08,converged,,bfgs_standard,"[{""ase_converged"": true, ""converged"": true, ""end_geometry_sha256"": ""7128745ed6ae0201f41c232f90420e568907d0186488c98190bac10aae3c3e36"", ""failure_class"": null, ""max_force_eV_A"": 0.06375098609643652, ""name"": ""bfgs_standard"", ""start_geometry_sha256"": ""8a702bf430df7c300648b41401e0e1c37daa55f2c5ffd14841b4566c792c2784"", ""steps"": 65}]",7128745ed6ae0201f41c232f90420e568907d0186488c98190bac10aae3c3e36,2.14839310497043,1.483528905749346,step_3_OH,8.0,-2.0,True,1.9510371479391804,quantitative_screening,,False,2,2,e322a59081822ecc2fe7,False,0.9127014328916923
"('SolidCatalyst', 'Ru', 'TaC', 'fcc211', -0.1, ('Pt', 'Mg'), 4, 0)",SolidCatalyst,False,esen-sm-conserving-all-oc25:relax-v4:orr-che-v3,True,0.0627234602860091,388,150,0.08,converged,,bfgs_after_fire,"[{""ase_converged"": false, ""converged"": false, ""end_geometry_sha256"": ""50f7a0bf17476357fc9317ef9866342f40e10fcd808fdc2529cb4d0c4e319ecd"", ""failure_class"": ""force_threshold"", ""max_force_eV_A"": 153.904850529678, ""name"": ""bfgs_standard"", ""start_geometry_sha256"": ""a97b2da5b367fc866eb0992097089692560f51ef2feb8fbbf8b9e62298f30977"", ""steps"": 150}, {""ase_converged"": false, ""converged"": false, ""end_geometry_sha256"": ""b3ce444ecad31eb15cb4e22bcd599fdb129fa72357f38b5c04108eb55fbaa022"", ""failure_class"": ""force_threshold"", ""max_force_eV_A"": 8.496238447849171, ""name"": ""fire_precondition"", ""qualifying"": false, ""start_geometry_sha256"": ""a97b2da5b367fc866eb0992097089692560f51ef2feb8fbbf8b9e62298f30977"", ""steps"": 75}, {""ase_converged"": true, ""converged"": true, ""end_geometry_sha256"": ""a296ce8aa51094eda5a24fb2b73849e6f4fd8e55f79b6fef9ff2115e8d53b611"", ""failure_class"": null, ""max_force_eV_A"": 0.0627234602860091, ""name"": ""bfgs_after_fire"", ""start_geometry_sha256"": ""b3ce444ecad31eb15cb4e22bcd599fdb129fa72357f38b5c04108eb55fbaa022"", ""steps"": 163}]",a296ce8aa51094eda5a24fb2b73849e6f4fd8e55f79b6fef9ff2115e8d53b611,113.16894681023433,False,,0.0,100.0,0.08,invalid_initial_geometry,atomic_overlap,none,[],4c21a24f635824c87c67039df8ce7410936a88dbb268098e45e595a9339b1f30,,,,,,,,,,,,,,,,,,,,,,,,,,,,,,validation_required,Invalid oh initial geometry: atomic_overlap,True,0,0,bee4073484d14f533ef7,False,
"('SAC', 'Zr', 'N3Se', 'N-graphene', 'H2O')",SAC,True,esen-sm-conserving-all-oc25:relax-v4:orr-che-v3,True,0.06206266347705699,64,150,0.08,converged,,bfgs_standard,"[{""ase_converged"": true, ""converged"": true, ""end_geometry_sha256"": ""a3e4ce2018aa3b542adca1cecbcefe3b85737a07c1fb2b02aeb1a9669098516b"", ""failure_class"": null, ""max_force_eV_A"": 0.06206266347705699, ""name"": ""bfgs_standard"", ""start_geometry_sha256"": ""cfde49e651103a74ad79f21cf7ead8121891b402f5bac1284d124f2f86d5f2cc"", ""steps"": 64}]",a3e4ce2018aa3b542adca1cecbcefe3b85737a07c1fb2b02aeb1a9669098516b,-144.84951577368844,True,0.07575086975715273,227.0,100.0,0.08,converged,,bfgs_after_fire,"[{""ase_converged"": false, ""converged"": false, ""end_geometry_sha256"": ""7cd20051c7bb8a62c669c5e1a5f3f2b24f78b12acef824c390d235eb0e3ab262"", ""failure_class"": ""force_threshold"", ""max_force_eV_A"": 0.14461809379975737, ""name"": ""bfgs_standard"", ""start_geometry_sha256"": ""d8567f7b8dfcfcdaeb175ea335963572666820b3bfe6bc67be3ff70807591ed4"", ""steps"": 100}, {""ase_converged"": true, ""converged"": true, ""end_geometry_sha256"": ""85433dc17fd0f3b83b4c726aa6d27627ad2e98af2c46acd274b61e87eab09904"", ""failure_class"": null, ""max_force_eV_A"": 0.24666401011241937, ""name"": ""fire_precondition"", ""qualifying"": false, ""start_geometry_sha256"": ""d8567f7b8dfcfcdaeb175ea335963572666820b3bfe6bc67be3ff70807591ed4"", ""steps"": 41}, {""ase_converged"": true, ""converged"": true, ""end_geometry_sha256"": ""389f19a1a4bc797e14b56ec74f5493c848df6565eb64e5f240adb8ccfdc14c8d"", ""failure_class"": null, ""max_force_eV_A"": 0.07575086975715273, ""name"": ""bfgs_after_fire"", ""start_geometry_sha256"": ""85433dc17fd0f3b83b4c726aa6d27627ad2e98af2c46acd274b61e87eab09904"", ""steps"": 86}]",389f19a1a4bc797e14b56ec74f5493c848df6565eb64e5f240adb8ccfdc14c8d,0.7652719642221928,True,0.07911418198971515,47.0,100.0,0.08,converged,,bfgs_standard,"[{""ase_converged"": true, ""converged"": true, ""end_geometry_sha256"": ""664d013433301c682a4fcf66b49e78d81a948de2ad1782987c5848bfc7f178f7"", ""failure_class"": null, ""max_force_eV_A"": 0.07911418198971515, ""name"": ""bfgs_standard"", ""start_geometry_sha256"": ""69b9c688be9aa4b66675339711818064ec3815448a8831772fb3e28187276920"", ""steps"": 47}]",664d013433301c682a4fcf66b49e78d81a948de2ad1782987c5848bfc7f178f7,3.313456452637914,True,0.07465783201501021,28.0,100.0,0.08,converged,,bfgs_standard,"[{""ase_converged"": true, ""converged"": true, ""end_geometry_sha256"": ""90a0e555e0775f81bfa4279dafb62484bbd0f4df9b7558d7cd2966c0feec58ff"", ""failure_class"": null, ""max_force_eV_A"": 0.07465783201501021, ""name"": ""bfgs_standard"", ""start_geometry_sha256"": ""3cac0464a1a4f0a8cdee0351318b80ffad90ed6072a8fcc7dec610770c438184"", ""steps"": 28}]",90a0e555e0775f81bfa4279dafb62484bbd0f4df9b7558d7cd2966c0feec58ff,5.040850590169434,1.3498505901694342,step_1_OOH,10.0,0.0,True,4.078728416860107,quantitative_screening,,False,1,1,70a1a22fb974658cae57,False,0.610000000035
"('SAC', 'Nb', 'N3P', 'BN_sheet', 'imidazole')",SAC,True,esen-sm-conserving-all-oc25:relax-v4:orr-che-v3,True,0.0744186597653145,63,150,0.08,converged,,bfgs_standard,"[{""ase_converged"": true, ""converged"": true, ""end_geometry_sha256"": ""7f12da47203c6a2d524686ff486801c8259aa9121b2f4810e63a1fd4d9a38b57"", ""failure_class"": null, ""max_force_eV_A"": 0.0744186597653145, ""name"": ""bfgs_standard"", ""start_geometry_sha256"": ""056479d5d8f48471152cf61e44c2cdd313195cb841d205d8925df1740c7a53e2"", ""steps"": 63}]",7f12da47203c6a2d524686ff486801c8259aa9121b2f4810e63a1fd4d9a38b57,-141.5742245610158,True,0.07603670389184167,244.0,100.0,0.08,converged,,bfgs_after_fire,"[{""ase_converged"": false, ""converged"": false, ""end_geometry_sha256"": ""dd8d0c0efe0df86ccb2db6db353d4aeb00bc41444291bea7252ad2ee101fc778"", ""failure_class"": ""force_threshold"", ""max_force_eV_A"": 0.11757871932991609, ""name"": ""bfgs_standard"", ""start_geometry_sha256"": ""ee3346288fb5178677eb2b5f548ed34382b7593e865ed28d40980abeb35aafab"", ""steps"": 100}, {""ase_converged"": false, ""converged"": false, ""end_geometry_sha256"": ""39673909057f402f737eb7b0e8a2507cd3c8cef3ada24d82553f7ae054db6895"", ""failure_class"": ""force_threshold"", ""max_force_eV_A"": 1.656527559751684, ""name"": ""fire_precondition"", ""qualifying"": false, ""start_geometry_sha256"": ""ee3346288fb5178677eb2b5f548ed34382b7593e865ed28d40980abeb35aafab"", ""steps"": 50}, {""ase_converged"": true, ""converged"": true, ""end_geometry_sha256"": ""5f9f83b102826ada53fd7131c01bc79ec10e571986a81cc3e4e506574fa46b95"", ""failure_class"": null, ""max_force_eV_A"": 0.07603670389184167, ""name"": ""bfgs_after_fire"", ""start_geometry_sha256"": ""39673909057f402f737eb7b0e8a2507cd3c8cef3ada24d82553f7ae054db6895"", ""steps"": 94}]",5f9f83b102826ada53fd7131c01bc79ec10e571986a81cc3e4e506574fa46b95,-1.1082119916379451,True,0.07204515208036308,27.0,100.0,0.08,converged,,bfgs_standard,"[{""ase_converged"": true, ""converged"": true, ""end_geometry_sha256"": ""1facead92ec81900c245568e40a0bbeb54f0ebcbdb68e18d9977064509366e0a"", ""failure_class"": null, ""max_force_eV_A"": 0.07204515208036308, ""name"": ""bfgs_standard"", ""start_geometry_sha256"": ""c00d859f5db18c3ac0835f85e05fabcaef3fb890934ed48f95a053bda57f4285"", ""steps"": 27}]",1facead92ec81900c245568e40a0bbeb54f0ebcbdb68e18d9977064509366e0a,3.106981433182958,True,0.06997546022548021,223.0,100.0,0.08,converged,,bfgs_after_fire,"[{""ase_converged"": false, ""converged"": false, ""end_geometry_sha256"": ""fd439d4f95a6831f37b95b2b43cb9397609fa4c575dacd487df9da5762474b6c"", ""failure_class"": ""force_threshold"", ""max_force_eV_A"": 0.27959615910623153, ""name"": ""bfgs_standard"", ""start_geometry_sha256"": ""cf918bb44aeac270bde5d7c44a50104ec69fb6cce2c3ee660ce3450de6405e07"", ""steps"": 100}, {""ase_converged"": false, ""converged"": false, ""end_geometry_sha256"": ""05b93f92da424a73778b318e29c2ac4eec5ab9ef4d9468510eaf32627189d49a"", ""failure_class"": ""force_threshold"", ""max_force_eV_A"": 0.4158230771020166, ""name"": ""fire_precondition"", ""qualifying"": false, ""start_geometry_sha256"": ""cf918bb44aeac270bde5d7c44a50104ec69fb6cce2c3ee660ce3450de6405e07"", ""steps"": 50}, {""ase_converged"": true, ""converged"": true, ""end_geometry_sha256"": ""88838b55f21fb541815aa2fbbde5099f8e1c834ff0c4afdcf538aa4043874cce"", ""failure_class"": null, ""max_force_eV_A"": 0.06997546022548021, ""name"": ""bfgs_after_fire"", ""start_geometry_sha256"": ""05b93f92da424a73778b318e29c2ac4eec5ab9ef4d9468510eaf32627189d49a"", ""steps"": 73}]",88838b55f21fb541815aa2fbbde5099f8e1c834ff0c4afdcf538aa4043874cce,3.5911509498953853,2.337211991637945,step_4_H2O,10.0,0.0,True,4.215193424820903,quantitative_screening,,False,0,0,b0a28c7ee889ed17b6c1,False,0.610000000035
"('SAC', 'Nb', 'N4_pyridine', 'BN_sheet', 'imidazole')",SAC,True,esen-sm-conserving-all-oc25:relax-v4:orr-che-v3,True,0.07447250982541327,40,150,0.08,converged,,bfgs_standard,"[{""ase_converged"": true, ""converged"": true, ""end_geometry_sha256"": ""c06edbf597acb84a9964f68f4d58d6fc1a4cf7faca3839d7bddf9d2ec6553589"", ""failure_class"": null, ""max_force_eV_A"": 0.07447250982541327, ""name"": ""bfgs_standard"", ""start_geometry_sha256"": ""df4e8e781eb475f29c925099367ffda7814969531711d5cdb958ea2e234e3c0d"", ""steps"": 40}]",c06edbf597acb84a9964f68f4d58d6fc1a4cf7faca3839d7bddf9d2ec6553589,-145.8325942231765,True,0.061748289612778964,30.0,100.0,0.08,converged,,bfgs_standard,"[{""ase_converged"": true, ""converged"": true, ""end_geometry_sha256"": ""300aeba3629210f485d4cc490aea1c10dea3c647e0fb75a14bd9212347a4058a"", ""failure_class"": null, ""max_force_eV_A"": 0.061748289612778964, ""name"": ""bfgs_standard"", ""start_geometry_sha256"": ""98eac8023e30a24118c9a17fc48fcf13dbf114101044b1b962eb3d95d1155983"", ""steps"": 30}]",300aeba3629210f485d4cc490aea1c10dea3c647e0fb75a14bd9212347a4058a,1.7783200170099736,True,0.07921313462232205,95.0,100.0,0.08,converged,,bfgs_standard,"[{""ase_converged"": true, ""converged"": true, ""end_geometry_sha256"": ""ec662f19d2f41d0fe04104891f7394e9587ec6b5640b9c0b72e1b255aa67a5f4"", ""failure_class"": null, ""max_force_eV_A"": 0.07921313462232205, ""name"": ""bfgs_standard"", ""start_geometry_sha256"": ""d6f34993e1c86da9e527c6baca1ae34ad3f903ad602d98ea9da0607674286f19"", ""steps"": 95}]",ec662f19d2f41d0fe04104891f7394e9587ec6b5640b9c0b72e1b255aa67a5f4,0.14670250490308162,True,0.07147702931029314,33.0,100.0,0.08,converged,,bfgs_standard,"[{""ase_converged"": true, ""converged"": true, ""end_geometry_sha256"": ""d80f59e7d06b30b7b981ecbf816f83855aa3e7d0ec84a2d9fc43de2e235f6637"", ""failure_class"": null, ""max_force_eV_A"": 0.07147702931029314, ""name"": ""bfgs_standard"", ""start_geometry_sha256"": ""42b28075e47e0800f49f07ba78e167aff223e60f35780d284675fa0d7601ca85"", ""steps"": 33}]",d80f59e7d06b30b7b981ecbf816f83855aa3e7d0ec84a2d9fc43de2e235f6637,4.74158556312323,2.860617512106892,step_3_OH,10.0,0.0,True,1.9250225219130552,quantitative_screening,,False,2,2,51dc3e8de439e3378a05,False,0.610000000035
"('SAC', 'Nb', 'N2P2', 'N-graphene', 'imidazole')",SAC,True,esen-sm-conserving-all-oc25:relax-v4:orr-che-v3,True,0.07403768200021153,93,150,0.08,converged,,bfgs_standard,"[{""ase_converged"": true, ""converged"": true, ""end_geometry_sha256"": ""8cae5d8e8d57b8c97c64f006cc20273646dcd3be37587e1967efbe50be5f6cab"", ""failure_class"": null, ""max_force_eV_A"": 0.07403768200021153, ""name"": ""bfgs_standard"", ""start_geometry_sha256"": ""8a59d67bcd79549146fc2073ed9ac6ddcc892ce2417f98c8caf7227ba9aad39b"", ""steps"": 93}]",8cae5d8e8d57b8c97c64f006cc20273646dcd3be37587e1967efbe50be5f6cab,-138.45470050916123,True,0.062349236298730654,49.0,100.0,0.08,converged,,bfgs_standard,"[{""ase_converged"": true, ""converged"": true, ""end_geometry_sha256"": ""dea8a9704fe58e8b6492c75d95880092a983732985924e085a49ac603fa9ecf3"", ""failure_class"": null, ""max_force_eV_A"": 0.062349236298730654, ""name"": ""bfgs_standard"", ""start_geometry_sha256"": ""32edc2c91897586a9761547eeb24d8408f2052b7936a145b15453cda25f1a44d"", ""steps"": 49}]",dea8a9704fe58e8b6492c75d95880092a983732985924e085a49ac603fa9ecf3,1.260535063892603,True,0.05619562749137248,44.0,100.0,0.08,converged,,bfgs_standard,"[{""ase_converged"": true, ""converged"": true, ""end_geometry_sha256"": ""3f0b9b0dda6efae4b103c5a5d4896be0b8a7ffae7fe3563863b0d0630c361b35"", ""failure_class"": null, ""max_force_eV_A"": 0.05619562749137248, ""name"": ""bfgs_standard"", ""start_geometry_sha256"": ""f36f67a30db362e96fb7abe1555c6fc00d149623e60214f73a173262cd37c64a"", ""steps"": 44}]",3f0b9b0dda6efae4b103c5a5d4896be0b8a7ffae7fe3563863b0d0630c361b35,0.08096495941281674,True,0.06640630756533145,98.0,100.0,0.08,converged,,bfgs_standard,"[{""ase_converged"": true, ""converged"": true, ""end_geometry_sha256"": ""3088a11443a3088d6438592f3c6fd99a1440c55416d6d186a26bbfef249fb8de"", ""failure_class"": null, ""max_force_eV_A"": 0.06640630756533145, ""name"": ""bfgs_standard"", ""start_geometry_sha256"": ""ea355f3e21df71c6b6296adde0ce21e4af68675e79beeb41b5d625bf7056d8ce"", ""steps"": 98}]",3088a11443a3088d6438592f3c6fd99a1440c55416d6d186a26bbfef249fb8de,0.0864662632346189,2.4085701044797863,step_3_OH,10.0,0.0,True,1.3415000233054197,quantitative_screening,,False,1,1,64c7fa932e6b23e3c6e4,False,0.610000000035
"('SAC', 'Nb', 'C4', 'N-porous_carbon', 'none')",SAC,True,esen-sm-conserving-all-oc25:relax-v4:orr-che-v3,True,0.06804845245352695,54,150,0.08,converged,,bfgs_standard,"[{""ase_converged"": true, ""converged"": true, ""end_geometry_sha256"": ""d27b6e6aea7d2d4223ad7762f7ad9e6ed32adc05323176010c8dde50120eda31"", ""failure_class"": null, ""max_force_eV_A"": 0.06804845245352695, ""name"": ""bfgs_standard"", ""start_geometry_sha256"": ""7123b0d8ef6077fe5bc3de648f46621dda88c98a59728cd814ac87d1adef3093"", ""steps"": 54}]",d27b6e6aea7d2d4223ad7762f7ad9e6ed32adc05323176010c8dde50120eda31,-136.0761972060736,True,0.05583477223502964,31.0,100.0,0.08,converged,,bfgs_standard,"[{""ase_converged"": true, ""converged"": true, ""end_geometry_sha256"": ""0c22ed154a426f005ea0d7960451359cf681a095ba4a84c6945725efd82531b2"", ""failure_class"": null, ""max_force_eV_A"": 0.05583477223502964, ""name"": ""bfgs_standard"", ""start_geometry_sha256"": ""9480800f503e44265dbe64c2e38655d4ca595cfd62a75e2caebe0a1a38924b9a"", ""steps"": 31}]",0c22ed154a426f005ea0d7960451359cf681a095ba4a84c6945725efd82531b2,1.8285840179026127,True,0.0663936324646738,66.0,100.0,0.08,converged,,bfgs_standard,"[{""ase_converged"": true, ""converged"": true, ""end_geometry_sha256"": ""acc9aa2663ab7c323299df7ef7a4b13159bc68fe972ff1215b5911a05b1bf49a"", ""failure_class"": null, ""max_force_eV_A"": 0.0663936324646738, ""name"": ""bfgs_standard"", ""start_geometry_sha256"": ""48e68cd25f4a927362f4a448061719a9758933f151178babfba17a1b62dcaff9"", ""steps"": 66}]",acc9aa2663ab7c323299df7ef7a4b13159bc68fe972ff1215b5911a05b1bf49a,-1.4446590773761236,True,0.07727838105829332,99.0,100.0,0.08,converged,,bfgs_standard,"[{""ase_converged"": true, ""converged"": true, ""end_geometry_sha256"": ""10dacc1b23376f69398d53a5b3f7f147c0ff10b6756680dc8ec9edef4b67a7d0"", ""failure_class"": null, ""max_force_eV_A"": 0.07727838105829332, ""name"": ""bfgs_standard"", ""start_geometry_sha256"": ""03d52a3bbb5f078a2603523db355c7a96e9e1f90f33c59e2d1eb7f6dd0b13581"", ""steps"": 99}]",10dacc1b23376f69398d53a5b3f7f147c0ff10b6756680dc8ec9edef4b67a7d0,3.1922802433371578,3.0,step_3_OH,10.0,0.0,True,3.2732430952787364,quantitative_screening,,False,2,2,7ad2d896ed01534b19ba,False,0.610000000035
"('SAC', 'Mo', 'N2C2', 'N-porous_carbon', 'OH')",SAC,True,esen-sm-conserving-all-oc25:relax-v4:orr-che-v3,True,0.07773974770166904,57,150,0.08,converged,,bfgs_standard,"[{""ase_converged"": true, ""converged"": true, ""end_geometry_sha256"": ""076b6f2ad99e2f5397c464189e9560f216a1e43f8dc30de770c7ac554e5746d4"", ""failure_class"": null, ""max_force_eV_A"": 0.07773974770166904, ""name"": ""bfgs_standard"", ""start_geometry_sha256"": ""b511df512e02c3a1942fb766428113d25d2f92b5a06bec62cb0e976f8853a5e3"", ""steps"": 57}]",076b6f2ad99e2f5397c464189e9560f216a1e43f8dc30de770c7ac554e5746d4,-144.85412419628602,True,0.07819560862628977,151.0,100.0,0.08,converged,,bfgs_after_fire,"[{""ase_converged"": false, ""converged"": false, ""end_geometry_sha256"": ""0fca6e7a555ac78aee22b830b8b8187d74f63dd2d6156a6baf414ce427b5149c"", ""failure_class"": ""force_threshold"", ""max_force_eV_A"": 0.17742266844517277, ""name"": ""bfgs_standard"", ""start_geometry_sha256"": ""efac930b0e8af0476f8f68151e55995cca223bbc0293845d73ec8ff970bfd1b9"", ""steps"": 100}, {""ase_converged"": true, ""converged"": true, ""end_geometry_sha256"": ""1eced4589a7d6ce20aabc92518e58d4ceb2c664ab7026c2f672a7861351167af"", ""failure_class"": null, ""max_force_eV_A"": 0.22155273144499277, ""name"": ""fire_precondition"", ""qualifying"": false, ""start_geometry_sha256"": ""efac930b0e8af0476f8f68151e55995cca223bbc0293845d73ec8ff970bfd1b9"", ""steps"": 43}, {""ase_converged"": true, ""converged"": true, ""end_geometry_sha256"": ""dd1d1ef2c1f65205009a74ed1cddf03e72a208309499309a70f1e1959b649948"", ""failure_class"": null, ""max_force_eV_A"": 0.07819560862628977, ""name"": ""bfgs_after_fire"", ""start_geometry_sha256"": ""1eced4589a7d6ce20aabc92518e58d4ceb2c664ab7026c2f672a7861351167af"", ""steps"": 8}]",dd1d1ef2c1f65205009a74ed1cddf03e72a208309499309a70f1e1959b649948,2.0828741218149665,True,0.07467546865814956,52.0,100.0,0.08,converged,,bfgs_standard,"[{""ase_converged"": true, ""converged"": true, ""end_geometry_sha256"": ""46241b855c11ab99c9dca0b11278c35d952266d5657ea80642b7fce85f49c8e0"", ""failure_class"": null, ""max_force_eV_A"": 0.07467546865814956, ""name"": ""bfgs_standard"", ""start_geometry_sha256"": ""0c8269c0d59e86794a79c328aeeaebda018ffa9688014339058c1ea7daae3c04"", ""steps"": 52}]",46241b855c11ab99c9dca0b11278c35d952266d5657ea80642b7fce85f49c8e0,1.1223491795361078,True,0.0673439002169224,46.0,100.0,0.08,converged,,bfgs_standard,"[{""ase_converged"": true, ""converged"": true, ""end_geometry_sha256"": ""163327ca79457906d7f3d71b4e87c0148f6e4779d761905775439c00efaa969a"", ""failure_class"": null, ""max_force_eV_A"": 0.0673439002169224, ""name"": ""bfgs_standard"", ""start_geometry_sha256"": ""56ef8dc3c942bce62d7be4d1d0b88bf8b5ac37c7b3c6124e441d4940a93cbce1"", ""steps"": 46}]",163327ca79457906d7f3d71b4e87c0148f6e4779d761905775439c00efaa969a,4.751820515096192,2.189524942278859,step_3_OH,10.0,-1.8416375079047504,True,3.205223301351074,quantitative_screening,,False,1,1,59958a3e23b48c7ec0c8,False,0.610000000035
"('SAC', 'Mo', 'N4_pyridine', 'N-CNT', 'O2')",SAC,True,esen-sm-conserving-all-oc25:relax-v4:orr-che-v3,True,0.06934821601002453,45,150,0.08,converged,,bfgs_standard,"[{""ase_converged"": true, ""converged"": true, ""end_geometry_sha256"": ""a1e772d6b613382511e321c8f058d44226eae9a67b4392fe6270137e4e0db70d"", ""failure_class"": null, ""max_force_eV_A"": 0.06934821601002453, ""name"": ""bfgs_standard"", ""start_geometry_sha256"": ""ca04666b14281b34d736989a71fe1b27c3baa95cc0716c8ddac121716ffa0b78"", ""steps"": 45}]",a1e772d6b613382511e321c8f058d44226eae9a67b4392fe6270137e4e0db70d,-145.21184137836337,True,0.06294194968441745,24.0,100.0,0.08,converged,,bfgs_standard,"[{""ase_converged"": true, ""converged"": true, ""end_geometry_sha256"": ""b24b7fd0214436c5429f30a3f0ae45be90d9effd9347d550d531df09f2ca7f52"", ""failure_class"": null, ""max_force_eV_A"": 0.06294194968441745, ""name"": ""bfgs_standard"", ""start_geometry_sha256"": ""811103d4302336ae710148454a4916db8b9235918d71d5d8866a5ec01f691b92"", ""steps"": 24}]",b24b7fd0214436c5429f30a3f0ae45be90d9effd9347d550d531df09f2ca7f52,2.4113648559153082,True,0.07514213864614974,50.0,100.0,0.08,converged,,bfgs_standard,"[{""ase_converged"": true, ""converged"": true, ""end_geometry_sha256"": ""4271ffb5c442027fa9925f94b9d7f7abcab5960893fd10f9b93b620b637c3625"", ""failure_class"": null, ""max_force_eV_A"": 0.07514213864614974, ""name"": ""bfgs_standard"", ""start_geometry_sha256"": ""bc50740363615e0f4bf3caab9f507ea13c3a3a9a40d47533e5d5867dca377234"", ""steps"": 50}]",4271ffb5c442027fa9925f94b9d7f7abcab5960893fd10f9b93b620b637c3625,3.9826511509716545,True,0.06721098055520412,272.0,100.0,0.08,converged,,bfgs_after_fire,"[{""ase_converged"": false, ""converged"": false, ""end_geometry_sha256"": ""3f10f86995cc0ef75638a8768c2d6ac5a72ec85cfecaf570700a8157aa4165f8"", ""failure_class"": ""force_threshold"", ""max_force_eV_A"": 0.2577257690927085, ""name"": ""bfgs_standard"", ""start_geometry_sha256"": ""94417c2a05ddb8030ab5b7a5dedeab7218f2d020a43d53e5d0e29add61b2c9ae"", ""steps"": 100}, {""ase_converged"": false, ""converged"": false, ""end_geometry_sha256"": ""26fbc50e3978be128c3a6d1e0e0e2c7bd62351ee84513c80cc1e7a246e7d8088"", ""failure_class"": ""force_threshold"", ""max_force_eV_A"": 0.31103728317325113, ""name"": ""fire_precondition"", ""qualifying"": false, ""start_geometry_sha256"": ""94417c2a05ddb8030ab5b7a5dedeab7218f2d020a43d53e5d0e29add61b2c9ae"", ""steps"": 50}, {""ase_converged"": true, ""converged"": true, ""end_geometry_sha256"": ""882ad30db403feace2ce6ddd750eba36365f67a4f93ce0ac104a554463015dec"", ""failure_class"": null, ""max_force_eV_A"": 0.06721098055520412, ""name"": ""bfgs_after_fire"", ""start_geometry_sha256"": ""26fbc50e3978be128c3a6d1e0e0e2c7bd62351ee84513c80cc1e7a246e7d8088"", ""steps"": 122}]",882ad30db403feace2ce6ddd750eba36365f67a4f93ce0ac104a554463015dec,3.9527396664023438,1.2589114845693108,step_2_O,10.0,-1.8416375079047504,True,6.394016006886963,quantitative_screening,,False,2,2,8e983233ee883e6dbf4a,False,0.610000000035
"('SAC', 'Mo', 'O4', 'N-CNT', 'Cl')",SAC,True,esen-sm-conserving-all-oc25:relax-v4:orr-che-v3,True,0.07857048642736032,93,150,0.08,converged,,bfgs_standard,"[{""ase_converged"": true, ""converged"": true, ""end_geometry_sha256"": ""3146230027953abae92ac4599058833eee167586315600899677c322a54c9727"", ""failure_class"": null, ""max_force_eV_A"": 0.07857048642736032, ""name"": ""bfgs_standard"", ""start_geometry_sha256"": ""7fb23b28be67a7fe520c5b44b25d7e1939e143677c3fed6621af588fe75f488d"", ""steps"": 93}]",3146230027953abae92ac4599058833eee167586315600899677c322a54c9727,-133.6885506458618,True,0.06073419695713918,98.0,100.0,0.08,converged,,bfgs_standard,"[{""ase_converged"": true, ""converged"": true, ""end_geometry_sha256"": ""556af2693715e2a74d130c75b6edc80fa86e4cc5dda5eb668554a3fef77ee551"", ""failure_class"": null, ""max_force_eV_A"": 0.06073419695713918, ""name"": ""bfgs_standard"", ""start_geometry_sha256"": ""906b2aef87381bcc91db47c36c763c5f82a5e4c6476caecc836290e43033e02b"", ""steps"": 98}]",556af2693715e2a74d130c75b6edc80fa86e4cc5dda5eb668554a3fef77ee551,-0.3750397537648678,True,0.07522915453595201,256.0,100.0,0.08,converged,,bfgs_after_fire,"[{""ase_converged"": false, ""converged"": false, ""end_geometry_sha256"": ""81320e827635057c79a7987d4517ca3dbc5a946e7037d6d495498c4c16022b28"", ""failure_class"": ""force_threshold"", ""max_force_eV_A"": 0.171582628348679, ""name"": ""bfgs_standard"", ""start_geometry_sha256"": ""6d64d377ddad91fbad00141db1bf26cfa64f3792bd2dfb5a111ba002ffd6450f"", ""steps"": 100}, {""ase_converged"": true, ""converged"": true, ""end_geometry_sha256"": ""6e92d804679b7f6145a2c02811abd3f856dd051717fa420de9b692e9e1eb55c1"", ""failure_class"": null, ""max_force_eV_A"": 0.23502444711906714, ""name"": ""fire_precondition"", ""qualifying"": false, ""start_geometry_sha256"": ""6d64d377ddad91fbad00141db1bf26cfa64f3792bd2dfb5a111ba002ffd6450f"", ""steps"": 36}, {""ase_converged"": true, ""converged"": true, ""end_geometry_sha256"": ""e674c7031173fd060646efb92ae6158f90bdde76fa89f7da948331c821fcc4d8"", ""failure_class"": null, ""max_force_eV_A"": 0.07522915453595201, ""name"": ""bfgs_after_fire"", ""start_geometry_sha256"": ""6e92d804679b7f6145a2c02811abd3f856dd051717fa420de9b692e9e1eb55c1"", ""steps"": 120}]",e674c7031173fd060646efb92ae6158f90bdde76fa89f7da948331c821fcc4d8,-1.3108938567340338,True,0.07689205851132574,259.0,100.0,0.08,converged,,bfgs_after_fire,"[{""ase_converged"": false, ""converged"": false, ""end_geometry_sha256"": ""9b12d4bcbed27be3f14d7c9acbcc9c62b296557616c4819c4f928a3ec67e49de"", ""failure_class"": ""force_threshold"", ""max_force_eV_A"": 0.20652062398554377, ""name"": ""bfgs_standard"", ""start_geometry_sha256"": ""720b47e62e617aab36478ac5703d46a5c33dac3e6357154812d7e438f8b9decb"", ""steps"": 100}, {""ase_converged"": true, ""converged"": true, ""end_geometry_sha256"": ""fe199ec2e4f33ecf41631bd58a2ad92fe793fe1908c23c935f9d586a8b8ce5ea"", ""failure_class"": null, ""max_force_eV_A"": 0.24733578005565388, ""name"": ""fire_precondition"", ""qualifying"": false, ""start_geometry_sha256"": ""720b47e62e617aab36478ac5703d46a5c33dac3e6357154812d7e438f8b9decb"", ""steps"": 35}, {""ase_converged"": true, ""converged"": true, ""end_geometry_sha256"": ""1a92f9644ae7e3790249abe28ad3e4060e89f8a0e14fe3d73547e488caefaf91"", ""failure_class"": null, ""max_force_eV_A"": 0.07689205851132574, ""name"": ""bfgs_after_fire"", ""start_geometry_sha256"": ""fe199ec2e4f33ecf41631bd58a2ad92fe793fe1908c23c935f9d586a8b8ce5ea"", ""steps"": 124}]",1a92f9644ae7e3790249abe28ad3e4060e89f8a0e14fe3d73547e488caefaf91,0.8514823421835935,2.164854102969166,step_3_OH,10.0,-1.8416375079047504,True,1.6859336104989016,quantitative_screening,,False,0,0,dc4239d240d2f8c72468,False,0.610000000035
"('SAC', 'Mo', 'S4', 'N-porous_carbon', 'Cl')",SAC,True,esen-sm-conserving-all-oc25:relax-v4:orr-che-v3,True,0.06930530641522545,43,150,0.08,converged,,bfgs_standard,"[{""ase_converged"": true, ""converged"": true, ""end_geometry_sha256"": ""179eaeb34ef965b47d0e1b94d202888587b977794181812a479753ebb22fbda9"", ""failure_class"": null, ""max_force_eV_A"": 0.06930530641522545, ""name"": ""bfgs_standard"", ""start_geometry_sha256"": ""6ddbf948d8fe7e75d38846407228d33f1d5a5397fbc08770652b8ec66de92404"", ""steps"": 43}]",179eaeb34ef965b47d0e1b94d202888587b977794181812a479753ebb22fbda9,-140.87466387970574,True,0.0650890416034903,38.0,100.0,0.08,converged,,bfgs_standard,"[{""ase_converged"": true, ""converged"": true, ""end_geometry_sha256"": ""6c10c6afe18c89d2926205ccd0e0f7fe56d488e91b2401d3d2fb5bfed59ccde3"", ""failure_class"": null, ""max_force_eV_A"": 0.0650890416034903, ""name"": ""bfgs_standard"", ""start_geometry_sha256"": ""30553674d96095a303a745e941642000f1ffb0de3180ce4000ad2d6c07e54ba0"", ""steps"": 38}]",6c10c6afe18c89d2926205ccd0e0f7fe56d488e91b2401d3d2fb5bfed59ccde3,2.094291510730982,True,0.07676076408539867,243.0,100.0,0.08,converged,,bfgs_after_fire,"[{""ase_converged"": false, ""converged"": false, ""end_geometry_sha256"": ""98801a4260cf530926b7458422b4d6feec097e2052b4ccbc2911ef09973168a2"", ""failure_class"": ""force_threshold"", ""max_force_eV_A"": 0.16275214653964706, ""name"": ""bfgs_standard"", ""start_geometry_sha256"": ""3302ef09679d279cbd27bc62a910285004dbf5a458a0d0e700f0ae8a7f245957"", ""steps"": 100}, {""ase_converged"": true, ""converged"": true, ""end_geometry_sha256"": ""a2e18609b2742fc8728d3fa647964c5161882b939e70a1e187856d7f8054b74b"", ""failure_class"": null, ""max_force_eV_A"": 0.24238596644717422, ""name"": ""fire_precondition"", ""qualifying"": false, ""start_geometry_sha256"": ""3302ef09679d279cbd27bc62a910285004dbf5a458a0d0e700f0ae8a7f245957"", ""steps"": 37}, {""ase_converged"": true, ""converged"": true, ""end_geometry_sha256"": ""61b90409799a24ab9d4b89aa41fa19aab406332b88e01ec7a490d3bf4be226e6"", ""failure_class"": null, ""max_force_eV_A"": 0.07676076408539867, ""name"": ""bfgs_after_fire"", ""start_geometry_sha256"": ""a2e18609b2742fc8728d3fa647964c5161882b939e70a1e187856d7f8054b74b"", ""steps"": 106}]",61b90409799a24ab9d4b89aa41fa19aab406332b88e01ec7a490d3bf4be226e6,0.4842032559216058,True,0.07927964495204934,94.0,100.0,0.08,converged,,bfgs_standard,"[{""ase_converged"": true, ""converged"": true, ""end_geometry_sha256"": ""e083652cbcc72c32a382b0c5873eb50a53518548041a551180d92f76057dfd6d"", ""failure_class"": null, ""max_force_eV_A"": 0.07927964495204934, ""name"": ""bfgs_standard"", ""start_geometry_sha256"": ""a2d535cc174f4d80b44ee1c568fe2b726d49cbc264782acf41ed890a06fd453f"", ""steps"": 94}]",e083652cbcc72c32a382b0c5873eb50a53518548041a551180d92f76057dfd6d,3.401912640035156,2.8390882548093765,step_3_OH,10.0,-1.8416375079047504,True,2.5784947666525877,quantitative_screening,,False,1,1,4edd17154c1c4b280fe3,False,0.610000000035
"('SAC', 'Ru', 'N3C', 'MoS2_sheet', 'NH3')",SAC,True,esen-sm-conserving-all-oc25:relax-v4:orr-che-v3,True,0.07734201933153582,66,150,0.08,converged,,bfgs_standard,"[{""ase_converged"": true, ""converged"": true, ""end_geometry_sha256"": ""55e62d505a40568eca3236019e16a09f106c5e0df5fef7ec0d73266b1f206308"", ""failure_class"": null, ""max_force_eV_A"": 0.07734201933153582, ""name"": ""bfgs_standard"", ""start_geometry_sha256"": ""0a6c01d0be821da97bb0ccae58d60e9e75e3f598f027132494d7427817318a19"", ""steps"": 66}]",55e62d505a40568eca3236019e16a09f106c5e0df5fef7ec0d73266b1f206308,-144.1137861026574,True,0.07310552975962314,69.0,100.0,0.08,converged,,bfgs_standard,"[{""ase_converged"": true, ""converged"": true, ""end_geometry_sha256"": ""d59f32e4943ec0d6837b1bf6c7c3e9e74e5719f0d08f64f4079b1539e7a3478d"", ""failure_class"": null, ""max_force_eV_A"": 0.07310552975962314, ""name"": ""bfgs_standard"", ""start_geometry_sha256"": ""a3cd4a7166afe4e3a5f49a3959009c82ae03b6948689ef4ec8830022e6e04bd9"", ""steps"": 69}]",d59f32e4943ec0d6837b1bf6c7c3e9e74e5719f0d08f64f4079b1539e7a3478d,-0.6345197533071041,True,0.07525861946621479,231.0,100.0,0.08,converged,,bfgs_after_fire,"[{""ase_converged"": false, ""converged"": false, ""end_geometry_sha256"": ""122be60aebab37af8d76052f44e00729585c60dcb245677ca7e80398867a193c"", ""failure_class"": ""force_threshold"", ""max_force_eV_A"": 0.09938344113740427, ""name"": ""bfgs_standard"", ""start_geometry_sha256"": ""8040efdbf9f8e487eaf5d306576cfe63fa54b07f044ff05d337a907419fa97e6"", ""steps"": 100}, {""ase_converged"": true, ""converged"": true, ""end_geometry_sha256"": ""dff90f4adfa7e63d19dc2ab5c64faa147a175e85a5912dc66a3c51e7be61dccf"", ""failure_class"": null, ""max_force_eV_A"": 0.23573909230234608, ""name"": ""fire_precondition"", ""qualifying"": false, ""start_geometry_sha256"": ""8040efdbf9f8e487eaf5d306576cfe63fa54b07f044ff05d337a907419fa97e6"", ""steps"": 31}, {""ase_converged"": true, ""converged"": true, ""end_geometry_sha256"": ""ef9f70a609dd0dac4bd55115bf3193a881f9aadde42cc171453a67fa6dd7f6c1"", ""failure_class"": null, ""max_force_eV_A"": 0.07525861946621479, ""name"": ""bfgs_after_fire"", ""start_geometry_sha256"": ""dff90f4adfa7e63d19dc2ab5c64faa147a175e85a5912dc66a3c51e7be61dccf"", ""steps"": 100}]",ef9f70a609dd0dac4bd55115bf3193a881f9aadde42cc171453a67fa6dd7f6c1,-0.7560993067920172,True,0.07579531603261998,68.0,100.0,0.08,converged,,bfgs_standard,"[{""ase_converged"": true, ""converged"": true, ""end_geometry_sha256"": ""8747c3bcfb0ba4073521a6bfb93604064c155d880fcfa149322807d27b35fe04"", ""failure_class"": null, ""max_force_eV_A"": 0.07579531603261998, ""name"": ""bfgs_standard"", ""start_geometry_sha256"": ""8aa333f44d41110e240660aff331d89359be6723cbec76a24d3addf3cfcb536c"", ""steps"": 68}]",8747c3bcfb0ba4073521a6bfb93604064c155d880fcfa149322807d27b35fe04,2.1979679569602046,1.8635197533071042,step_4_H2O,10.0,-2.0,True,1.3906190600991213,quantitative_screening,,False,2,2,a79f39429ebc993e8c18,False,0.610000000035
"('DAC', 'Zr', 'Bi', 'N6', 'MoS2_sheet')",DAC,True,esen-sm-conserving-all-oc25:relax-v4:orr-che-v3,True,0.07430139022085702,543,150,0.08,converged,,fire_small_step,"[{""ase_converged"": false, ""converged"": false, ""end_geometry_sha256"": ""4725d4555edd164a372b80f345fe08dd573c5027988ef8bf59447f220e1fb5b6"", ""failure_class"": ""force_threshold"", ""max_force_eV_A"": 0.12466561698617622, ""name"": ""bfgs_standard"", ""start_geometry_sha256"": ""bcb713270e0c333916cf1165d9ef7ef85f4610f92ed306e51a0b8921e4c83b15"", ""steps"": 150}, {""ase_converged"": false, ""converged"": false, ""end_geometry_sha256"": ""09d26408153d8d2c585fb108ede6a4984a0b7f959e8d8f35494e1b76bc64aa94"", ""failure_class"": ""force_threshold"", ""max_force_eV_A"": 0.7807392976030653, ""name"": ""fire_precondition"", ""qualifying"": false, ""start_geometry_sha256"": ""bcb713270e0c333916cf1165d9ef7ef85f4610f92ed306e51a0b8921e4c83b15"", ""steps"": 75}, {""ase_converged"": false, ""converged"": false, ""end_geometry_sha256"": ""5835e0fc5525bfee8264d20613d13657194b6eccb72767be234a2f046f3b3b72"", ""failure_class"": ""force_threshold"", ""max_force_eV_A"": 0.28761830586672626, ""name"": ""bfgs_after_fire"", ""start_geometry_sha256"": ""09d26408153d8d2c585fb108ede6a4984a0b7f959e8d8f35494e1b76bc64aa94"", ""steps"": 300}, {""ase_converged"": true, ""converged"": true, ""end_geometry_sha256"": ""7a722fef1a63df2411b70b50a1e171b687afaace1d2c7e99e070432530e84cc8"", ""failure_class"": null, ""max_force_eV_A"": 0.07430139022085702, ""name"": ""fire_small_step"", ""start_geometry_sha256"": ""4725d4555edd164a372b80f345fe08dd573c5027988ef8bf59447f220e1fb5b6"", ""steps"": 18}]",7a722fef1a63df2411b70b50a1e171b687afaace1d2c7e99e070432530e84cc8,-150.2182507891828,True,0.060479499569246635,275.0,100.0,0.08,converged,,bfgs_after_fire,"[{""ase_converged"": false, ""converged"": false, ""end_geometry_sha256"": ""32ad3060ff41f328736ed958f76e982a09b9e71a966f11e4b7d05b15fe1cd4f5"", ""failure_class"": ""force_threshold"", ""max_force_eV_A"": 0.307511633430911, ""name"": ""bfgs_standard"", ""start_geometry_sha256"": ""5a386e1b7860b9b74b60ca2caba0fb9551d25fef418c25c0915c6898e162a63e"", ""steps"": 100}, {""ase_converged"": false, ""converged"": false, ""end_geometry_sha256"": ""713a169b2038708c4b76c633403f1774fea1aa6d92bccc20d5ff2b7e348b0008"", ""failure_class"": ""force_threshold"", ""max_force_eV_A"": 0.34056726391216346, ""name"": ""fire_precondition"", ""qualifying"": false, ""start_geometry_sha256"": ""5a386e1b7860b9b74b60ca2caba0fb9551d25fef418c25c0915c6898e162a63e"", ""steps"": 50}, {""ase_converged"": true, ""converged"": true, ""end_geometry_sha256"": ""d6125a45d50635a79a6dc12fb2b32a7333cdabba136d61b5ef2430daa4230b4b"", ""failure_class"": null, ""max_force_eV_A"": 0.060479499569246635, ""name"": ""bfgs_after_fire"", ""start_geometry_sha256"": ""713a169b2038708c4b76c633403f1774fea1aa6d92bccc20d5ff2b7e348b0008"", ""steps"": 125}]",d6125a45d50635a79a6dc12fb2b32a7333cdabba136d61b5ef2430daa4230b4b,-4.508247551769019,True,0.07515111607591583,245.0,100.0,0.08,converged,,bfgs_after_fire,"[{""ase_converged"": false, ""converged"": false, ""end_geometry_sha256"": ""ee100de3d9712eef298431d55d80ac1ca13e7bd721b0939a12559a2cae51663c"", ""failure_class"": ""force_threshold"", ""max_force_eV_A"": 0.08122149805339193, ""name"": ""bfgs_standard"", ""start_geometry_sha256"": ""0c0c17332f9259ea96e1bb648a10d3130fb6e41b9fd627886443ec608edff6c8"", ""steps"": 100}, {""ase_converged"": false, ""converged"": false, ""end_geometry_sha256"": ""88c4ae1f1a60fd7c201755efe072cf38ca21029da95c2854371d27fcc41a7081"", ""failure_class"": ""force_threshold"", ""max_force_eV_A"": 0.47296074258631626, ""name"": ""fire_precondition"", ""qualifying"": false, ""start_geometry_sha256"": ""0c0c17332f9259ea96e1bb648a10d3130fb6e41b9fd627886443ec608edff6c8"", ""steps"": 50}, {""ase_converged"": true, ""converged"": true, ""end_geometry_sha256"": ""53b59543459ae23e8df487552884b80d42517259a5bcdfe11e87bb18daf48aa7"", ""failure_class"": null, ""max_force_eV_A"": 0.07515111607591583, ""name"": ""bfgs_after_fire"", ""start_geometry_sha256"": ""88c4ae1f1a60fd7c201755efe072cf38ca21029da95c2854371d27fcc41a7081"", ""steps"": 95}]",53b59543459ae23e8df487552884b80d42517259a5bcdfe11e87bb18daf48aa7,-3.8148108355700936,True,0.07957001808691994,327.0,100.0,0.08,converged,,bfgs_after_fire,"[{""ase_converged"": false, ""converged"": false, ""end_geometry_sha256"": ""61efb4bf35f0b48fb53df3bc3327ad003257680e2716f8284b1a53c7f62e1fba"", ""failure_class"": ""force_threshold"", ""max_force_eV_A"": 0.12225785607112331, ""name"": ""bfgs_standard"", ""start_geometry_sha256"": ""108ec4b21988059f665ea8ffb5b08ab3d1fe3d2a2aad13077d1c9d7593f96f37"", ""steps"": 100}, {""ase_converged"": false, ""converged"": false, ""end_geometry_sha256"": ""7551cd82668993b60c717b88a16e0ff7609958ed02f28842d4bd9a3a7781dded"", ""failure_class"": ""force_threshold"", ""max_force_eV_A"": 0.5639536305207864, ""name"": ""fire_precondition"", ""qualifying"": false, ""start_geometry_sha256"": ""108ec4b21988059f665ea8ffb5b08ab3d1fe3d2a2aad13077d1c9d7593f96f37"", ""steps"": 50}, {""ase_converged"": true, ""converged"": true, ""end_geometry_sha256"": ""457508db77d080bcc125fa547fd0802c256c7aa23167ee82853b5547540d1bc9"", ""failure_class"": null, ""max_force_eV_A"": 0.07957001808691994, ""name"": ""bfgs_after_fire"", ""start_geometry_sha256"": ""7551cd82668993b60c717b88a16e0ff7609958ed02f28842d4bd9a3a7781dded"", ""steps"": 177}]",457508db77d080bcc125fa547fd0802c256c7aa23167ee82853b5547540d1bc9,-5.105948020517822,3.0,step_4_H2O,10.0,-1.8794260687941504,True,8.323058387339113,quantitative_screening,,False,1,1,0663320f47fabecb82f0,False,0.5775000000349999
"('DAC', 'Nb', 'Nb', 'N4C2', 'N-graphene')",DAC,True,esen-sm-conserving-all-oc25:relax-v4:orr-che-v3,True,0.07866326007817301,476,150,0.08,converged,,bfgs_after_fire,"[{""ase_converged"": false, ""converged"": false, ""end_geometry_sha256"": ""53e21bbf095481f069b9b2a5a1003c5e7c8088e7346ddb1cbfb6ba8f58b64cf4"", ""failure_class"": ""force_threshold"", ""max_force_eV_A"": 0.10796049965399665, ""name"": ""bfgs_standard"", ""start_geometry_sha256"": ""15125f3e354a281ff70b257e1e525c28aa283e53599b33bf9e77fc81e0e02c80"", ""steps"": 150}, {""ase_converged"": false, ""converged"": false, ""end_geometry_sha256"": ""41c4b14cd3124bf1188bca8dca91880d11ba27a5b16e105c955a7066ffa56789"", ""failure_class"": ""force_threshold"", ""max_force_eV_A"": 0.6894517805882233, ""name"": ""fire_precondition"", ""qualifying"": false, ""start_geometry_sha256"": ""15125f3e354a281ff70b257e1e525c28aa283e53599b33bf9e77fc81e0e02c80"", ""steps"": 75}, {""ase_converged"": true, ""converged"": true, ""end_geometry_sha256"": ""c34bd9f85435a01b5bf34b1d4cb9b524a08aaf084db37cbd68e1528506090f14"", ""failure_class"": null, ""max_force_eV_A"": 0.07866326007817301, ""name"": ""bfgs_after_fire"", ""start_geometry_sha256"": ""41c4b14cd3124bf1188bca8dca91880d11ba27a5b16e105c955a7066ffa56789"", ""steps"": 251}]",c34bd9f85435a01b5bf34b1d4cb9b524a08aaf084db37cbd68e1528506090f14,-161.83091507099715,True,0.07961513467837454,314.0,100.0,0.08,converged,,bfgs_after_fire,"[{""ase_converged"": false, ""converged"": false, ""end_geometry_sha256"": ""9fcff32f4ae47ca1dffb492690c592b522177d3bcf0d4fa28200c90f8b3c9da4"", ""failure_class"": ""force_threshold"", ""max_force_eV_A"": 0.22743872799208284, ""name"": ""bfgs_standard"", ""start_geometry_sha256"": ""7d8b3622be6c6409805400b20fb0e7444a2230df6c11f030ddaacb098c09e6d1"", ""steps"": 100}, {""ase_converged"": false, ""converged"": false, ""end_geometry_sha256"": ""e5afdff8aa4088b6f49f4ef3378805e186fb5ea34c2430b3582e27b54d44c5b7"", ""failure_class"": ""force_threshold"", ""max_force_eV_A"": 0.447496845556602, ""name"": ""fire_precondition"", ""qualifying"": false, ""start_geometry_sha256"": ""7d8b3622be6c6409805400b20fb0e7444a2230df6c11f030ddaacb098c09e6d1"", ""steps"": 50}, {""ase_converged"": true, ""converged"": true, ""end_geometry_sha256"": ""96a1584ce13ae88c0ca68cb615112959e7ca444be29446555d0ea1c1c2fe2fab"", ""failure_class"": null, ""max_force_eV_A"": 0.07961513467837454, ""name"": ""bfgs_after_fire"", ""start_geometry_sha256"": ""e5afdff8aa4088b6f49f4ef3378805e186fb5ea34c2430b3582e27b54d44c5b7"", ""steps"": 164}]",96a1584ce13ae88c0ca68cb615112959e7ca444be29446555d0ea1c1c2fe2fab,-2.971633610576391,True,0.07051604302875325,227.0,100.0,0.08,converged,,bfgs_after_fire,"[{""ase_converged"": false, ""converged"": false, ""end_geometry_sha256"": ""2fe05dc2042ffaa27fd8c7e00ce7ab5edefefb3bfcbd6f22e3f769a3db69d79d"", ""failure_class"": ""force_threshold"", ""max_force_eV_A"": 0.707257682888709, ""name"": ""bfgs_standard"", ""start_geometry_sha256"": ""c63960c11104403aeb41ad3b7331e7addb7eb3c27058a4a5481efcc894952c24"", ""steps"": 100}, {""ase_converged"": true, ""converged"": true, ""end_geometry_sha256"": ""3d803d847ccd62049022fc49be7b17d714a3bc76641d7b44f3296a6c3ca8eefa"", ""failure_class"": null, ""max_force_eV_A"": 0.23703912289080808, ""name"": ""fire_precondition"", ""qualifying"": false, ""start_geometry_sha256"": ""c63960c11104403aeb41ad3b7331e7addb7eb3c27058a4a5481efcc894952c24"", ""steps"": 26}, {""ase_converged"": true, ""converged"": true, ""end_geometry_sha256"": ""1bc50316b8a311bdf3239916103d0d5fccf1bfac84b47c54d5c895d691f6b1ea"", ""failure_class"": null, ""max_force_eV_A"": 0.07051604302875325, ""name"": ""bfgs_after_fire"", ""start_geometry_sha256"": ""3d803d847ccd62049022fc49be7b17d714a3bc76641d7b44f3296a6c3ca8eefa"", ""steps"": 101}]",1bc50316b8a311bdf3239916103d0d5fccf1bfac84b47c54d5c895d691f6b1ea,-7.430168666690585,True,0.05958652304923307,54.0,100.0,0.08,converged,,bfgs_standard,"[{""ase_converged"": true, ""converged"": true, ""end_geometry_sha256"": ""bc9f7c98546f8735cc7390c807e220eadc2d5ca409f96687611cecb7b24e9264"", ""failure_class"": null, ""max_force_eV_A"": 0.05958652304923307, ""name"": ""bfgs_standard"", ""start_geometry_sha256"": ""92925d79f369432fe5d369655ae16bb6d7abf6989f806d4c5cc2e90117629923"", ""steps"": 54}]",bc9f7c98546f8735cc7390c807e220eadc2d5ca409f96687611cecb7b24e9264,4.793725441396241,3.0,step_3_OH,10.0,0.0,True,10.401802277266976,quantitative_screening,,False,0,0,d1399247423cd3808e4e,False,0.5775000000349999
"('DAC', 'Nb', 'W', 'N4O2', 'N-mesoporous_carbon')",DAC,True,esen-sm-conserving-all-oc25:relax-v4:orr-che-v3,True,0.07799040921303652,60,150,0.08,converged,,bfgs_standard,"[{""ase_converged"": true, ""converged"": true, ""end_geometry_sha256"": ""24f177b5d618eb8489d0138b3e77684a3e9e6c75219c1c48ab2bd0c98af9829d"", ""failure_class"": null, ""max_force_eV_A"": 0.07799040921303652, ""name"": ""bfgs_standard"", ""start_geometry_sha256"": ""a0efe7ff8fe9963fd83ff2ed5791e17fa39497f2b2951206fc6d61cddc975000"", ""steps"": 60}]",24f177b5d618eb8489d0138b3e77684a3e9e6c75219c1c48ab2bd0c98af9829d,-139.91492052963997,True,0.07062951398366626,44.0,100.0,0.08,converged,,bfgs_standard,"[{""ase_converged"": true, ""converged"": true, ""end_geometry_sha256"": ""1b4ac44f5b51ee1572c26ba39fc001132805372b88a61a303dafffc8cf4d9e89"", ""failure_class"": null, ""max_force_eV_A"": 0.07062951398366626, ""name"": ""bfgs_standard"", ""start_geometry_sha256"": ""b09009119eecdd772f7fe13195df7cea60b3f82bb92a2d805a6fc9a55873a07e"", ""steps"": 44}]",1b4ac44f5b51ee1572c26ba39fc001132805372b88a61a303dafffc8cf4d9e89,1.522375884205103,True,0.07704283612138169,260.0,100.0,0.08,converged,,bfgs_after_fire,"[{""ase_converged"": false, ""converged"": false, ""end_geometry_sha256"": ""9b3b8157be60db1f2ae7868bf478612292cd5c55ed3727287dc28430fba6542b"", ""failure_class"": ""force_threshold"", ""max_force_eV_A"": 0.08752679204847766, ""name"": ""bfgs_standard"", ""start_geometry_sha256"": ""edd45021b71072a10f52dd2a8801904368f75ac3123202a3658aaad6f1db8a64"", ""steps"": 100}, {""ase_converged"": false, ""converged"": false, ""end_geometry_sha256"": ""a779f1f36dce13ca8077aa68f74a1eef81d2b5565093c59575a4b4a2f4e3bb27"", ""failure_class"": ""force_threshold"", ""max_force_eV_A"": 0.5481651621926303, ""name"": ""fire_precondition"", ""qualifying"": false, ""start_geometry_sha256"": ""edd45021b71072a10f52dd2a8801904368f75ac3123202a3658aaad6f1db8a64"", ""steps"": 50}, {""ase_converged"": true, ""converged"": true, ""end_geometry_sha256"": ""c53b9b1bca5d9a439a5073ee9d3497e75e8769807be6f47dda52bd201e64708f"", ""failure_class"": null, ""max_force_eV_A"": 0.07704283612138169, ""name"": ""bfgs_after_fire"", ""start_geometry_sha256"": ""a779f1f36dce13ca8077aa68f74a1eef81d2b5565093c59575a4b4a2f4e3bb27"", ""steps"": 110}]",c53b9b1bca5d9a439a5073ee9d3497e75e8769807be6f47dda52bd201e64708f,-4.103054129332301,True,0.06387333302646533,262.0,100.0,0.08,converged,,bfgs_after_fire,"[{""ase_converged"": false, ""converged"": false, ""end_geometry_sha256"": ""fb2a48539dab48facbf4f3bcd6f781c92a5cfbc94e36d3c503ce4587ba98202f"", ""failure_class"": ""force_threshold"", ""max_force_eV_A"": 0.15233646201699402, ""name"": ""bfgs_standard"", ""start_geometry_sha256"": ""e9b00bd3dba1ce5c625ad044858049b38c075eeaffbf3e6b013a51e4e48b349c"", ""steps"": 100}, {""ase_converged"": false, ""converged"": false, ""end_geometry_sha256"": ""8246da8a3d6a4db9935919334e13766c8251cdb53bee4ccf5a20e8ce34a52176"", ""failure_class"": ""force_threshold"", ""max_force_eV_A"": 3.2228888784110614, ""name"": ""fire_precondition"", ""qualifying"": false, ""start_geometry_sha256"": ""e9b00bd3dba1ce5c625ad044858049b38c075eeaffbf3e6b013a51e4e48b349c"", ""steps"": 50}, {""ase_converged"": true, ""converged"": true, ""end_geometry_sha256"": ""37cb3cc80df0646c23df4b6f7be66e4fb224edb5987ab429e72c834211cf478d"", ""failure_class"": null, ""max_force_eV_A"": 0.06387333302646533, ""name"": ""bfgs_after_fire"", ""start_geometry_sha256"": ""8246da8a3d6a4db9935919334e13766c8251cdb53bee4ccf5a20e8ce34a52176"", ""steps"": 112}]",37cb3cc80df0646c23df4b6f7be66e4fb224edb5987ab429e72c834211cf478d,-3.708920051157471,3.0,step_3_OH,10.0,-0.6020599913279625,True,5.625430013537404,quantitative_screening,,False,2,2,11edf9e8b3cd8fce5260,False,0.5775000000349999
"('DAC', 'Nb', 'Pt', 'N6C2', 'N-graphdiyne')",DAC,True,esen-sm-conserving-all-oc25:relax-v4:orr-che-v3,True,0.07051250559308375,415,150,0.08,converged,,bfgs_after_fire,"[{""ase_converged"": false, ""converged"": false, ""end_geometry_sha256"": ""ee58fe43075b7895e0bb4d0b564a26e8d4b9740fa0cb5c2ade4785ec472038d8"", ""failure_class"": ""force_threshold"", ""max_force_eV_A"": 0.22236403269871005, ""name"": ""bfgs_standard"", ""start_geometry_sha256"": ""7c3c40c96553eef8d7dca8155af4eed312a43a93b1647ffaabb06fea3b26c7ea"", ""steps"": 150}, {""ase_converged"": false, ""converged"": false, ""end_geometry_sha256"": ""e57f56719fce945d48133764c612bc07669ddd601cbcd49b80172359530759e7"", ""failure_class"": ""force_threshold"", ""max_force_eV_A"": 0.5722935905277123, ""name"": ""fire_precondition"", ""qualifying"": false, ""start_geometry_sha256"": ""7c3c40c96553eef8d7dca8155af4eed312a43a93b1647ffaabb06fea3b26c7ea"", ""steps"": 75}, {""ase_converged"": true, ""converged"": true, ""end_geometry_sha256"": ""ac75917f6cdace20b5df872635b6c270c8fecebde30bf5c610bcc6013381a66f"", ""failure_class"": null, ""max_force_eV_A"": 0.07051250559308375, ""name"": ""bfgs_after_fire"", ""start_geometry_sha256"": ""e57f56719fce945d48133764c612bc07669ddd601cbcd49b80172359530759e7"", ""steps"": 190}]",ac75917f6cdace20b5df872635b6c270c8fecebde30bf5c610bcc6013381a66f,-134.6985418199556,True,0.06596341241371144,73.0,100.0,0.08,converged,,bfgs_standard,"[{""ase_converged"": true, ""converged"": true, ""end_geometry_sha256"": ""18a35cb100ef53242574403ecad4e018eb5bf6f79a5116e627dbf5e5eb5d68b7"", ""failure_class"": null, ""max_force_eV_A"": 0.06596341241371144, ""name"": ""bfgs_standard"", ""start_geometry_sha256"": ""a6590cb7f82693085186475e869bc27a7af2ba49172d0a029bd0824dbe9cf8ee"", ""steps"": 73}]",18a35cb100ef53242574403ecad4e018eb5bf6f79a5116e627dbf5e5eb5d68b7,-0.36946028217673305,True,0.07873886755391934,280.0,100.0,0.08,converged,,bfgs_after_fire,"[{""ase_converged"": false, ""converged"": false, ""end_geometry_sha256"": ""a4dc0a0b74411ae590a809ad1facbbacc3bf4720d922eeabcbef13ca09587678"", ""failure_class"": ""force_threshold"", ""max_force_eV_A"": 0.1359505419247818, ""name"": ""bfgs_standard"", ""start_geometry_sha256"": ""c1aed9e030f28a352c4373e60d6a43891e84eecbe878d02dfc16347f3f8a4be8"", ""steps"": 100}, {""ase_converged"": false, ""converged"": false, ""end_geometry_sha256"": ""7629a168dfe00636f19f2c196a7fe7ed19ea5d768a62290e3069b01bfba89d01"", ""failure_class"": ""force_threshold"", ""max_force_eV_A"": 0.4150203499962367, ""name"": ""fire_precondition"", ""qualifying"": false, ""start_geometry_sha256"": ""c1aed9e030f28a352c4373e60d6a43891e84eecbe878d02dfc16347f3f8a4be8"", ""steps"": 50}, {""ase_converged"": true, ""converged"": true, ""end_geometry_sha256"": ""f468facf3dd70d059e6b28f35fcb051960e977f2a31bf7c6b22c28b73dfe5548"", ""failure_class"": null, ""max_force_eV_A"": 0.07873886755391934, ""name"": ""bfgs_after_fire"", ""start_geometry_sha256"": ""7629a168dfe00636f19f2c196a7fe7ed19ea5d768a62290e3069b01bfba89d01"", ""steps"": 130}]",f468facf3dd70d059e6b28f35fcb051960e977f2a31bf7c6b22c28b73dfe5548,-0.5845766894519293,True,0.07698897317807561,271.0,100.0,0.08,converged,,bfgs_after_fire,"[{""ase_converged"": false, ""converged"": false, ""end_geometry_sha256"": ""36f0ead9bfde6468a7411010fe9954361487a4445b121168a1b791dbeb4f2219"", ""failure_class"": ""force_threshold"", ""max_force_eV_A"": 0.23103822391242643, ""name"": ""bfgs_standard"", ""start_geometry_sha256"": ""d13948b36af40b54244838bbee5f329984cbec47528ca5dd4201a968b104e202"", ""steps"": 100}, {""ase_converged"": true, ""converged"": true, ""end_geometry_sha256"": ""674a4a6ebe4359df7cd226e756dbfa2bfca3f47985deda13fe20b8149e073dd1"", ""failure_class"": null, ""max_force_eV_A"": 0.24648553827138575, ""name"": ""fire_precondition"", ""qualifying"": false, ""start_geometry_sha256"": ""d13948b36af40b54244838bbee5f329984cbec47528ca5dd4201a968b104e202"", ""steps"": 41}, {""ase_converged"": true, ""converged"": true, ""end_geometry_sha256"": ""4df6b10278389b7233a9b010efc91e568469b1da2d622b698a70b5e34b234fc5"", ""failure_class"": null, ""max_force_eV_A"": 0.07698897317807561, ""name"": ""bfgs_after_fire"", ""start_geometry_sha256"": ""674a4a6ebe4359df7cd226e756dbfa2bfca3f47985deda13fe20b8149e073dd1"", ""steps"": 130}]",4df6b10278389b7233a9b010efc91e568469b1da2d622b698a70b5e34b234fc5,1.3413071140646968,1.598460282176733,step_4_H2O,10.0,-2.0,True,0.9540369716286623,quantitative_screening,,False,2,2,c8793b2077d640378388,False,0.5775000000349999
"('DAC', 'Nb', 'Sn', 'N4P2', 'MoS2_sheet')",DAC,True,esen-sm-conserving-all-oc25:relax-v4:orr-che-v3,True,0.05593720813626804,403,150,0.08,converged,,bfgs_after_fire,"[{""ase_converged"": false, ""converged"": false, ""end_geometry_sha256"": ""edecc508772e4f4e2f8b2f5ef1993d1842a9a377e72ff5c600cbda436fd89d06"", ""failure_class"": ""force_threshold"", ""max_force_eV_A"": 0.20074757641033947, ""name"": ""bfgs_standard"", ""start_geometry_sha256"": ""9bacc2c9075a4f2ef4718aea8fc71c781a50e03a25df813c2bc532fb1768dcd1"", ""steps"": 150}, {""ase_converged"": false, ""converged"": false, ""end_geometry_sha256"": ""cd62a183dd7f1feeb3d77613fa65548abbdff02923bcd20d5fda6e7e2bc33503"", ""failure_class"": ""force_threshold"", ""max_force_eV_A"": 0.8594369303663293, ""name"": ""fire_precondition"", ""qualifying"": false, ""start_geometry_sha256"": ""9bacc2c9075a4f2ef4718aea8fc71c781a50e03a25df813c2bc532fb1768dcd1"", ""steps"": 75}, {""ase_converged"": true, ""converged"": true, ""end_geometry_sha256"": ""227551b1d6ea7270673b2cc892e2690c22c3824a023104367dd09019ae06853c"", ""failure_class"": null, ""max_force_eV_A"": 0.05593720813626804, ""name"": ""bfgs_after_fire"", ""start_geometry_sha256"": ""cd62a183dd7f1feeb3d77613fa65548abbdff02923bcd20d5fda6e7e2bc33503"", ""steps"": 178}]",227551b1d6ea7270673b2cc892e2690c22c3824a023104367dd09019ae06853c,-140.78666716561844,True,0.06279496039152846,268.0,100.0,0.08,converged,,bfgs_after_fire,"[{""ase_converged"": false, ""converged"": false, ""end_geometry_sha256"": ""73e781994ceebfe46b56c03194cbbb72d2245a2d172bc386ba7b56dfb366fa93"", ""failure_class"": ""force_threshold"", ""max_force_eV_A"": 1.7886124859087351, ""name"": ""bfgs_standard"", ""start_geometry_sha256"": ""7306c2747638b0d339c2ec564d191152a20acbb98179e5865e2200a6c1a83448"", ""steps"": 100}, {""ase_converged"": false, ""converged"": false, ""end_geometry_sha256"": ""6af90c2301287140feeaafea238f3fd7b7815131be6679bda7fed646fd503f60"", ""failure_class"": ""force_threshold"", ""max_force_eV_A"": 1.1620621000036018, ""name"": ""fire_precondition"", ""qualifying"": false, ""start_geometry_sha256"": ""7306c2747638b0d339c2ec564d191152a20acbb98179e5865e2200a6c1a83448"", ""steps"": 50}, {""ase_converged"": true, ""converged"": true, ""end_geometry_sha256"": ""18bcfd04c10d9f628741293c8e8f7eb83f2618d0f23926aa4eaac23810fe990c"", ""failure_class"": null, ""max_force_eV_A"": 0.06279496039152846, ""name"": ""bfgs_after_fire"", ""start_geometry_sha256"": ""6af90c2301287140feeaafea238f3fd7b7815131be6679bda7fed646fd503f60"", ""steps"": 118}]",18bcfd04c10d9f628741293c8e8f7eb83f2618d0f23926aa4eaac23810fe990c,-4.871013340801001,True,0.06242070507928464,370.0,100.0,0.08,converged,,fire_small_step,"[{""ase_converged"": false, ""converged"": false, ""end_geometry_sha256"": ""5bc461535e936fe5727eb51443467981a1c952962d9e471c7224662f99950cad"", ""failure_class"": ""force_threshold"", ""max_force_eV_A"": 0.2720562873079792, ""name"": ""bfgs_standard"", ""start_geometry_sha256"": ""8172a395df8a381e2601a43f5bc93617a594f8b50a972c70f4f21c4e7104e3a7"", ""steps"": 100}, {""ase_converged"": false, ""converged"": false, ""end_geometry_sha256"": ""0e7027548acf55a739d4351656c5072d9f1e7b50a1385534f1def8e32054b577"", ""failure_class"": ""force_threshold"", ""max_force_eV_A"": 0.8160146470297929, ""name"": ""fire_precondition"", ""qualifying"": false, ""start_geometry_sha256"": ""8172a395df8a381e2601a43f5bc93617a594f8b50a972c70f4f21c4e7104e3a7"", ""steps"": 50}, {""ase_converged"": false, ""converged"": false, ""end_geometry_sha256"": ""aba7c8891c27a7b02b57c8ed1252f6bb57361d67af0d7866f91231064bb37d15"", ""failure_class"": ""force_threshold"", ""max_force_eV_A"": 0.1660187505172601, ""name"": ""bfgs_after_fire"", ""start_geometry_sha256"": ""0e7027548acf55a739d4351656c5072d9f1e7b50a1385534f1def8e32054b577"", ""steps"": 200}, {""ase_converged"": true, ""converged"": true, ""end_geometry_sha256"": ""084b9b9bd093f3b82a0c71d0b60cc54ef6cde9433d647508d3de6e1e177ad5fc"", ""failure_class"": null, ""max_force_eV_A"": 0.06242070507928464, ""name"": ""fire_small_step"", ""start_geometry_sha256"": ""aba7c8891c27a7b02b57c8ed1252f6bb57361d67af0d7866f91231064bb37d15"", ""steps"": 20}]",084b9b9bd093f3b82a0c71d0b60cc54ef6cde9433d647508d3de6e1e177ad5fc,-7.372173153609034,True,0.0697202229728071,282.0,100.0,0.08,converged,,bfgs_after_fire,"[{""ase_converged"": false, ""converged"": false, ""end_geometry_sha256"": ""f15cbada298d9714c132ce9d96b231daa4acbc6eb43d5869f0fb5894bbca9d01"", ""failure_class"": ""force_threshold"", ""max_force_eV_A"": 0.8423622492134619, ""name"": ""bfgs_standard"", ""start_geometry_sha256"": ""36261faccfc29d83eb42c37138e806aaade75d22c9a7fe2bc13f06e650b02f38"", ""steps"": 100}, {""ase_converged"": false, ""converged"": false, ""end_geometry_sha256"": ""12340446f7a293c2fe85a41a8dd5c5980d80ed62de455841be4235235bab1365"", ""failure_class"": ""force_threshold"", ""max_force_eV_A"": 1.7906055950656063, ""name"": ""fire_precondition"", ""qualifying"": false, ""start_geometry_sha256"": ""36261faccfc29d83eb42c37138e806aaade75d22c9a7fe2bc13f06e650b02f38"", ""steps"": 50}, {""ase_converged"": true, ""converged"": true, ""end_geometry_sha256"": ""d29229c3992c0821dc50bf6d121f8d3474002dfa13f82ae97b8316c5e9270861"", ""failure_class"": null, ""max_force_eV_A"": 0.0697202229728071, ""name"": ""bfgs_after_fire"", ""start_geometry_sha256"": ""12340446f7a293c2fe85a41a8dd5c5980d80ed62de455841be4235235bab1365"", ""steps"": 132}]",d29229c3992c0821dc50bf6d121f8d3474002dfa13f82ae97b8316c5e9270861,-5.952218939363952,3.0,step_4_H2O,10.0,-0.3372421683184261,True,12.243186494410036,quantitative_screening,,False,0,0,5c7a67276c22da54cea1,False,0.5775000000349999
"('DAC', 'Mo', 'Fe', 'N4C2', 'N-graphdiyne')",DAC,True,esen-sm-conserving-all-oc25:relax-v4:orr-che-v3,True,0.07012648204570365,98,150,0.08,converged,,bfgs_standard,"[{""ase_converged"": true, ""converged"": true, ""end_geometry_sha256"": ""3be672aee96a59d8fa85208f57cd7d48ef85301ec87b85540c1299b8c3083c94"", ""failure_class"": null, ""max_force_eV_A"": 0.07012648204570365, ""name"": ""bfgs_standard"", ""start_geometry_sha256"": ""d3a2ae9fea468f243177cfccbef5746dabd4281586b30cc8175e17c40b5883a8"", ""steps"": 98}]",3be672aee96a59d8fa85208f57cd7d48ef85301ec87b85540c1299b8c3083c94,-158.62173972145558,True,0.06637955404865645,79.0,100.0,0.08,converged,,bfgs_standard,"[{""ase_converged"": true, ""converged"": true, ""end_geometry_sha256"": ""6922d88068e9257abd27af2a335ca730122abbe73c802d2fabd11b11d27151d1"", ""failure_class"": null, ""max_force_eV_A"": 0.06637955404865645, ""name"": ""bfgs_standard"", ""start_geometry_sha256"": ""c7b20859c3cbea8f45bdeb9e923ecc899a44705243f22cac20e50e45e16fa9d1"", ""steps"": 79}]",6922d88068e9257abd27af2a335ca730122abbe73c802d2fabd11b11d27151d1,-0.7953526352345943,True,0.0705174192306874,303.0,100.0,0.08,converged,,bfgs_after_fire,"[{""ase_converged"": false, ""converged"": false, ""end_geometry_sha256"": ""8b0f3b9bdac341aa6aca1b340022fb292f92a055561f73e42beebdf34daf9d10"", ""failure_class"": ""force_threshold"", ""max_force_eV_A"": 0.08005242792741482, ""name"": ""bfgs_standard"", ""start_geometry_sha256"": ""08811397658afbb34a9b268a9b905e766295fdcb1e6e55f3a17b0b3a09f3099f"", ""steps"": 100}, {""ase_converged"": false, ""converged"": false, ""end_geometry_sha256"": ""53786acdce9923ffaf078b0efe3437782160f3a2631fac93e97ade71ea5726a2"", ""failure_class"": ""force_threshold"", ""max_force_eV_A"": 0.33307221744544224, ""name"": ""fire_precondition"", ""qualifying"": false, ""start_geometry_sha256"": ""08811397658afbb34a9b268a9b905e766295fdcb1e6e55f3a17b0b3a09f3099f"", ""steps"": 50}, {""ase_converged"": true, ""converged"": true, ""end_geometry_sha256"": ""27c07f6e5c3b38af1add9450f26959abc147a54772ac892fdb045210044093d5"", ""failure_class"": null, ""max_force_eV_A"": 0.0705174192306874, ""name"": ""bfgs_after_fire"", ""start_geometry_sha256"": ""53786acdce9923ffaf078b0efe3437782160f3a2631fac93e97ade71ea5726a2"", ""steps"": 153}]",27c07f6e5c3b38af1add9450f26959abc147a54772ac892fdb045210044093d5,-0.7530656687915289,True,0.07790360766165214,260.0,100.0,0.08,converged,,bfgs_after_fire,"[{""ase_converged"": false, ""converged"": false, ""end_geometry_sha256"": ""f4e3a5fbe6e8e67175c7b21926cc1bbe6909efebdd45144ca37608364f799611"", ""failure_class"": ""force_threshold"", ""max_force_eV_A"": 0.18143174362974113, ""name"": ""bfgs_standard"", ""start_geometry_sha256"": ""66874cdd8b3f86e3798cc63607682eb85f3e94ca8da8f3e90a5ac5232611464e"", ""steps"": 100}, {""ase_converged"": false, ""converged"": false, ""end_geometry_sha256"": ""eacfd6809cd3e6049f259b94a66d2e82de644612a68708860e8a712569f1f4ed"", ""failure_class"": ""force_threshold"", ""max_force_eV_A"": 0.32158138465927255, ""name"": ""fire_precondition"", ""qualifying"": false, ""start_geometry_sha256"": ""66874cdd8b3f86e3798cc63607682eb85f3e94ca8da8f3e90a5ac5232611464e"", ""steps"": 50}, {""ase_converged"": true, ""converged"": true, ""end_geometry_sha256"": ""64f8ef47742025d95bfca9f549d9cbd037399d07e1893a47128f4867c4a4e79a"", ""failure_class"": null, ""max_force_eV_A"": 0.07790360766165214, ""name"": ""bfgs_after_fire"", ""start_geometry_sha256"": ""eacfd6809cd3e6049f259b94a66d2e82de644612a68708860e8a712569f1f4ed"", ""steps"": 110}]",64f8ef47742025d95bfca9f549d9cbd037399d07e1893a47128f4867c4a4e79a,-0.8397870555520022,2.024352635234594,step_4_H2O,7.0,0.0,True,1.5484183040261232,quantitative_screening,,False,1,1,d8a7cbaf56bc245df9d9,False,0.5775000000349999
"('DAC', 'Mo', 'Ta', 'N3SN3', 'N-mesoporous_carbon')",DAC,True,esen-sm-conserving-all-oc25:relax-v4:orr-che-v3,True,0.07847430343976161,71,150,0.08,converged,,bfgs_standard,"[{""ase_converged"": true, ""converged"": true, ""end_geometry_sha256"": ""387c0c69e9c3ab38dc3467cf423df7109945108e1f9fdf208b2d8f84154d1b71"", ""failure_class"": null, ""max_force_eV_A"": 0.07847430343976161, ""name"": ""bfgs_standard"", ""start_geometry_sha256"": ""9051d4cf1f953766d7c08850ef2f2b7860198d489b03f2e6f5c6a013fc10901d"", ""steps"": 71}]",387c0c69e9c3ab38dc3467cf423df7109945108e1f9fdf208b2d8f84154d1b71,-154.39621945365099,True,0.06637086166560772,98.0,100.0,0.08,converged,,bfgs_standard,"[{""ase_converged"": true, ""converged"": true, ""end_geometry_sha256"": ""706484ecde42930e5eecb3cfa9f25506c7c966e1a10bb73f5b1d066e0d005741"", ""failure_class"": null, ""max_force_eV_A"": 0.06637086166560772, ""name"": ""bfgs_standard"", ""start_geometry_sha256"": ""378dbd6bc4c9b98b52aee74c35fb73606852e3f5835f12e21cbed5d669849c15"", ""steps"": 98}]",706484ecde42930e5eecb3cfa9f25506c7c966e1a10bb73f5b1d066e0d005741,0.537543120533228,True,0.07775407553130408,273.0,100.0,0.08,converged,,bfgs_after_fire,"[{""ase_converged"": false, ""converged"": false, ""end_geometry_sha256"": ""259e8c161d3713c4bc7f091d769c4b057240d72bd1041b3805f29df4dfd0aaaa"", ""failure_class"": ""force_threshold"", ""max_force_eV_A"": 0.1296032505220277, ""name"": ""bfgs_standard"", ""start_geometry_sha256"": ""a4329b3d6b3a980589d7ca402e0d74676c813398448c0954619416c01c52c28a"", ""steps"": 100}, {""ase_converged"": false, ""converged"": false, ""end_geometry_sha256"": ""6ec80ef7934c52a50880f26a887df83993cdc30a3c6b92775e2a295c9fddaf26"", ""failure_class"": ""force_threshold"", ""max_force_eV_A"": 0.5320671220450421, ""name"": ""fire_precondition"", ""qualifying"": false, ""start_geometry_sha256"": ""a4329b3d6b3a980589d7ca402e0d74676c813398448c0954619416c01c52c28a"", ""steps"": 50}, {""ase_converged"": true, ""converged"": true, ""end_geometry_sha256"": ""0170cfa3222bab2b5568205cd0c95dff385e029cc8ba7c436f2df5e35579ba92"", ""failure_class"": null, ""max_force_eV_A"": 0.07775407553130408, ""name"": ""bfgs_after_fire"", ""start_geometry_sha256"": ""6ec80ef7934c52a50880f26a887df83993cdc30a3c6b92775e2a295c9fddaf26"", ""steps"": 123}]",0170cfa3222bab2b5568205cd0c95dff385e029cc8ba7c436f2df5e35579ba92,-5.498936735838648,True,0.07571426441112382,291.0,100.0,0.08,converged,,bfgs_after_fire,"[{""ase_converged"": false, ""converged"": false, ""end_geometry_sha256"": ""c23e06a26cc8479209e1daed69f81fa8c0f49e8497f0ecd433c61888895b56a5"", ""failure_class"": ""force_threshold"", ""max_force_eV_A"": 0.454782405021942, ""name"": ""bfgs_standard"", ""start_geometry_sha256"": ""00548ed54ef47bfdd6bc9e884a88c4495b060c4417b42e32ae56c71500cbadc5"", ""steps"": 100}, {""ase_converged"": false, ""converged"": false, ""end_geometry_sha256"": ""d504f3895938bf472e37be57b150cbb2d41e3db7e4eafe839c1b4d4c7e5fd46e"", ""failure_class"": ""force_threshold"", ""max_force_eV_A"": 1.4602012649021117, ""name"": ""fire_precondition"", ""qualifying"": false, ""start_geometry_sha256"": ""00548ed54ef47bfdd6bc9e884a88c4495b060c4417b42e32ae56c71500cbadc5"", ""steps"": 50}, {""ase_converged"": true, ""converged"": true, ""end_geometry_sha256"": ""5c0f756b172350bfb09b1fdf757c06794f510ece2f6fb3093df0f0bf87067105"", ""failure_class"": null, ""max_force_eV_A"": 0.07571426441112382, ""name"": ""bfgs_after_fire"", ""start_geometry_sha256"": ""d504f3895938bf472e37be57b150cbb2d41e3db7e4eafe839c1b4d4c7e5fd46e"", ""steps"": 141}]",5c0f756b172350bfb09b1fdf757c06794f510ece2f6fb3093df0f0bf87067105,-6.266236354410644,3.0,step_3_OH,10.0,-1.619788758288394,True,6.0364798563718765,quantitative_screening,,False,2,2,4a9535a71e09f72a41d7,False,0.5775000000349999
"('DAC', 'Mo', 'Pr', 'N2S2N2', 'N-graphene')",DAC,True,esen-sm-conserving-all-oc25:relax-v4:orr-che-v3,True,0.07604793224527778,421,150,0.08,converged,,bfgs_after_fire,"[{""ase_converged"": false, ""converged"": false, ""end_geometry_sha256"": ""f1c6ebfd6cff822a3e3e8a52078ed68b5beb287f55dc4a4e73c87afe6162e6fe"", ""failure_class"": ""force_threshold"", ""max_force_eV_A"": 0.6312549464396287, ""name"": ""bfgs_standard"", ""start_geometry_sha256"": ""84d5a701546207bce96a5e9acc324e275fdec8a2875d6dfcf33e3901734a0a86"", ""steps"": 150}, {""ase_converged"": false, ""converged"": false, ""end_geometry_sha256"": ""2ed0aec919d31ecc9e10a8a6571c24f64587fb45c92ae302aed0c007c42ff373"", ""failure_class"": ""force_threshold"", ""max_force_eV_A"": 0.9594008292316083, ""name"": ""fire_precondition"", ""qualifying"": false, ""start_geometry_sha256"": ""84d5a701546207bce96a5e9acc324e275fdec8a2875d6dfcf33e3901734a0a86"", ""steps"": 75}, {""ase_converged"": true, ""converged"": true, ""end_geometry_sha256"": ""57b4345c60ae51b257f9e8025ce52403370e61f4aed79e6ca6eba64c0b9f0e62"", ""failure_class"": null, ""max_force_eV_A"": 0.07604793224527778, ""name"": ""bfgs_after_fire"", ""start_geometry_sha256"": ""2ed0aec919d31ecc9e10a8a6571c24f64587fb45c92ae302aed0c007c42ff373"", ""steps"": 196}]",57b4345c60ae51b257f9e8025ce52403370e61f4aed79e6ca6eba64c0b9f0e62,-138.89708208862484,True,0.07184595622069527,69.0,100.0,0.08,converged,,bfgs_standard,"[{""ase_converged"": true, ""converged"": true, ""end_geometry_sha256"": ""06a71bc410595677a30e425ca839e179afe195d45a7a8ed0e71e7383e7963035"", ""failure_class"": null, ""max_force_eV_A"": 0.07184595622069527, ""name"": ""bfgs_standard"", ""start_geometry_sha256"": ""5305645fedda2f402a44aa8542c95974b75896dcb8a12ec6f9ac62c6ec54ec16"", ""steps"": 69}]",06a71bc410595677a30e425ca839e179afe195d45a7a8ed0e71e7383e7963035,-0.4845992897450924,True,0.07127197175869847,57.0,100.0,0.08,converged,,bfgs_standard,"[{""ase_converged"": true, ""converged"": true, ""end_geometry_sha256"": ""00a85851034ef214b3e2f7927be33c99af79b592a9cbbf55601d5751a4bdd996"", ""failure_class"": null, ""max_force_eV_A"": 0.07127197175869847, ""name"": ""bfgs_standard"", ""start_geometry_sha256"": ""ec87f6e1cf46b56bc9e544384e98f6397d1bac2359afe7ee0a22f62fb17d64e2"", ""steps"": 57}]",00a85851034ef214b3e2f7927be33c99af79b592a9cbbf55601d5751a4bdd996,-0.6796818606555426,True,0.0771906567077391,258.0,100.0,0.08,converged,,bfgs_after_fire,"[{""ase_converged"": false, ""converged"": false, ""end_geometry_sha256"": ""69ee1ef300c800d3d25227d9a5000e3687cd4e1ec6ceb283b1a89b44ebee7eeb"", ""failure_class"": ""force_threshold"", ""max_force_eV_A"": 0.14611456187972077, ""name"": ""bfgs_standard"", ""start_geometry_sha256"": ""e18cb953853c7590d2c2a8348ecea154dc1c2689ac744965bb74b5d26371a29c"", ""steps"": 100}, {""ase_converged"": true, ""converged"": true, ""end_geometry_sha256"": ""ab7502d62b28e4205c1752ad44881bc3879559b6c5fbd878050503f9236cc091"", ""failure_class"": null, ""max_force_eV_A"": 0.2386660277703802, ""name"": ""fire_precondition"", ""qualifying"": false, ""start_geometry_sha256"": ""e18cb953853c7590d2c2a8348ecea154dc1c2689ac744965bb74b5d26371a29c"", ""steps"": 33}, {""ase_converged"": true, ""converged"": true, ""end_geometry_sha256"": ""2b1772bef2f38d997735349b7b65106ad2d50bb5343761397298d459da7102bb"", ""failure_class"": null, ""max_force_eV_A"": 0.0771906567077391, ""name"": ""bfgs_after_fire"", ""start_geometry_sha256"": ""ab7502d62b28e4205c1752ad44881bc3879559b6c5fbd878050503f9236cc091"", ""steps"": 125}]",2b1772bef2f38d997735349b7b65106ad2d50bb5343761397298d459da7102bb,-1.835499812662598,2.3848179520070554,step_2_O,10.0,-0.95703092660682,True,1.164281150400635,quantitative_screening,,True,1,1,84b174c8d9a033265616,False,0.498608834270667
"('DAC', 'Mo', 'Gd', 'N4S2', 'Phosphorene')",DAC,True,esen-sm-conserving-all-oc25:relax-v4:orr-che-v3,True,0.07675977723311651,121,150,0.08,converged,,bfgs_standard,"[{""ase_converged"": true, ""converged"": true, ""end_geometry_sha256"": ""b2de0947e55b3709889f96d2db1f2cbea03e7bcdfcd95d8e02d64665052c2630"", ""failure_class"": null, ""max_force_eV_A"": 0.07675977723311651, ""name"": ""bfgs_standard"", ""start_geometry_sha256"": ""6dc5a87b060fa9c36ab0aad17830273d3aa1446bce2a98d41d86c2888a9c9f85"", ""steps"": 121}]",b2de0947e55b3709889f96d2db1f2cbea03e7bcdfcd95d8e02d64665052c2630,-137.8601180603387,True,0.05629246290819918,100.0,100.0,0.08,converged,,bfgs_standard,"[{""ase_converged"": true, ""converged"": true, ""end_geometry_sha256"": ""496c66d829583ba989cefed71f683814f0fc2bad374cc549defb95bbf446a794"", ""failure_class"": null, ""max_force_eV_A"": 0.05629246290819918, ""name"": ""bfgs_standard"", ""start_geometry_sha256"": ""ab116c66d012f8fa54cc8458ce0bbfc1cc36638efcc005ce0636c54eff69489f"", ""steps"": 100}]",496c66d829583ba989cefed71f683814f0fc2bad374cc549defb95bbf446a794,2.022133650928736,True,0.07954399753164212,95.0,100.0,0.08,converged,,bfgs_standard,"[{""ase_converged"": true, ""converged"": true, ""end_geometry_sha256"": ""6f18c6082f2d09e99fa793970aa6b6646c2d7eedc6af47581b25a60c18a4573b"", ""failure_class"": null, ""max_force_eV_A"": 0.07954399753164212, ""name"": ""bfgs_standard"", ""start_geometry_sha256"": ""fb79295fe91b58875250ecb498143d1beb24d572ff18283d2ef75b6e06e5f313"", ""steps"": 95}]",6f18c6082f2d09e99fa793970aa6b6646c2d7eedc6af47581b25a60c18a4573b,5.603310502320531,True,0.07655300781444624,61.0,100.0,0.08,converged,,bfgs_standard,"[{""ase_converged"": true, ""converged"": true, ""end_geometry_sha256"": ""02399b8296e380bbe86a476484eaa224b70feb30d6e74b626fa587802adf3169"", ""failure_class"": null, ""max_force_eV_A"": 0.07655300781444624, ""name"": ""bfgs_standard"", ""start_geometry_sha256"": ""ec7318ece5a2019ded509d468f8dfe71cdee7abfb2565378876b2710691aac92"", ""steps"": 61}]",02399b8296e380bbe86a476484eaa224b70feb30d6e74b626fa587802adf3169,5.269088219106202,1.5780882191062018,step_1_OOH,10.0,-1.1284270644541214,True,7.625444153249267,quantitative_screening,,True,0,0,ed988dbd296d40d8edd4,False,0.498608834270667
"('DAC', 'Ru', 'Cr', 'N3BN3', 'N-carbon_black')",DAC,True,esen-sm-conserving-all-oc25:relax-v4:orr-che-v3,True,0.07388391264297134,102,150,0.08,converged,,bfgs_standard,"[{""ase_converged"": true, ""converged"": true, ""end_geometry_sha256"": ""ca9c01c91710a65bd0e5b7720ef8881c48da67f29114f53de76057ca66f7d7c9"", ""failure_class"": null, ""max_force_eV_A"": 0.07388391264297134, ""name"": ""bfgs_standard"", ""start_geometry_sha256"": ""e8c8256b98b809a7881949f41b36cdf41335c075f92b94d8a5ea543b361de88b"", ""steps"": 102}]",ca9c01c91710a65bd0e5b7720ef8881c48da67f29114f53de76057ca66f7d7c9,-140.23206731096386,True,0.07590312187045223,82.0,100.0,0.08,converged,,bfgs_standard,"[{""ase_converged"": true, ""converged"": true, ""end_geometry_sha256"": ""d3eda27d6cff4401bfb8c2d14e0ef9fb0d555a7358e5e882cb00ac5ffdcc1fc9"", ""failure_class"": null, ""max_force_eV_A"": 0.07590312187045223, ""name"": ""bfgs_standard"", ""start_geometry_sha256"": ""87da9fd3ef6d8e631b8b251a98eb9584f4af1c628f4b2577cf580f9d8d264f78"", ""steps"": 82}]",d3eda27d6cff4401bfb8c2d14e0ef9fb0d555a7358e5e882cb00ac5ffdcc1fc9,-0.8348271225392818,True,0.06853184857121086,80.0,100.0,0.08,converged,,bfgs_standard,"[{""ase_converged"": true, ""converged"": true, ""end_geometry_sha256"": ""88de7de0ea415a2d61625dbaab59f71801c8997e704ce832f25546fa8b3d7db1"", ""failure_class"": null, ""max_force_eV_A"": 0.06853184857121086, ""name"": ""bfgs_standard"", ""start_geometry_sha256"": ""39cb3d77a8766d6ef5e6468f59e015f4763312c9126121bf2a7d0576e1ba8b33"", ""steps"": 80}]",88de7de0ea415a2d61625dbaab59f71801c8997e704ce832f25546fa8b3d7db1,-0.6602164141833746,True,0.07822526388646829,556.0,100.0,0.08,converged,,fire_small_step,"[{""ase_converged"": false, ""converged"": false, ""end_geometry_sha256"": ""8b4d14c1014b6e3600f585204b73edd74e3c55f47a6fda24065becee843e982e"", ""failure_class"": ""force_threshold"", ""max_force_eV_A"": 0.15913760513990885, ""name"": ""bfgs_standard"", ""start_geometry_sha256"": ""91fb7ed525dc938ead08d33a782cdb9661db5cf0f1bad2a3223ca8712c6aaf80"", ""steps"": 100}, {""ase_converged"": true, ""converged"": true, ""end_geometry_sha256"": ""eac20363f2e2b4920e50b68344de8b954b219d7b7b160c8316625659a42a7bdc"", ""failure_class"": null, ""max_force_eV_A"": 0.21169442720515358, ""name"": ""fire_precondition"", ""qualifying"": false, ""start_geometry_sha256"": ""91fb7ed525dc938ead08d33a782cdb9661db5cf0f1bad2a3223ca8712c6aaf80"", ""steps"": 42}, {""ase_converged"": false, ""converged"": false, ""end_geometry_sha256"": ""14c6ead9c07dbc70ce805acac9b700f88bc1044721daeb0c86e3c3ad33baf045"", ""failure_class"": ""force_threshold"", ""max_force_eV_A"": 0.5659087296070632, ""name"": ""bfgs_after_fire"", ""start_geometry_sha256"": ""eac20363f2e2b4920e50b68344de8b954b219d7b7b160c8316625659a42a7bdc"", ""steps"": 200}, {""ase_converged"": true, ""converged"": true, ""end_geometry_sha256"": ""723bb01a6602a2eb2a3caf45d749fd167768c210af7655a3467f7d8d8362f043"", ""failure_class"": null, ""max_force_eV_A"": 0.07822526388646829, ""name"": ""fire_small_step"", ""start_geometry_sha256"": ""8b4d14c1014b6e3600f585204b73edd74e3c55f47a6fda24065becee843e982e"", ""steps"": 214}]",723bb01a6602a2eb2a3caf45d749fd167768c210af7655a3467f7d8d8362f043,-2.110901881754395,2.67968546757102,step_2_O,9.0,-2.0,True,1.4950435367226564,quantitative_screening,,False,2,2,6c6024c1de328c5661df,False,0.5775000000349999
"('MOF', 'Mo', 'NDC', 'N2P2', 10.0)",MOF,True,esen-sm-conserving-all-oc25:relax-v4:orr-che-v3,True,0.07310865002346574,98,150,0.08,converged,,bfgs_standard,"[{""ase_converged"": true, ""converged"": true, ""end_geometry_sha256"": ""625cd44129c38e984aed6b3bd39c88f6d313de1de2ed67972095ceb8b1037a20"", ""failure_class"": null, ""max_force_eV_A"": 0.07310865002346574, ""name"": ""bfgs_standard"", ""start_geometry_sha256"": ""202721a07e955bd49e4aac3185e562722abacc86028160ee6efe7eae1007d102"", ""steps"": 98}]",625cd44129c38e984aed6b3bd39c88f6d313de1de2ed67972095ceb8b1037a20,-131.93534245313745,True,0.06931965395980376,45.0,100.0,0.08,converged,,bfgs_standard,"[{""ase_converged"": true, ""converged"": true, ""end_geometry_sha256"": ""eb4aedac406cf84934b1f757f40fb4beb76221608ee250192513ff6abdd550d2"", ""failure_class"": null, ""max_force_eV_A"": 0.06931965395980376, ""name"": ""bfgs_standard"", ""start_geometry_sha256"": ""6eff72f10214e9cf62e1cf250a5c65e40ce9a4ff208be464698ce9ca6309b0c7"", ""steps"": 45}]",eb4aedac406cf84934b1f757f40fb4beb76221608ee250192513ff6abdd550d2,0.21313745036721227,True,0.06930580328564685,68.0,100.0,0.08,converged,,bfgs_standard,"[{""ase_converged"": true, ""converged"": true, ""end_geometry_sha256"": ""52d0751e0bc5bdbe9e043d3ac93969c6c662887eda95ff8fb06aaf6ee42c281d"", ""failure_class"": null, ""max_force_eV_A"": 0.06930580328564685, ""name"": ""bfgs_standard"", ""start_geometry_sha256"": ""0ced4a218dc7e537bfc974cc3f28478e141ed99336c34950b317f695caaf32fb"", ""steps"": 68}]",52d0751e0bc5bdbe9e043d3ac93969c6c662887eda95ff8fb06aaf6ee42c281d,-0.5957103602588141,True,0.07432415159292662,100.0,100.0,0.08,converged,,bfgs_standard,"[{""ase_converged"": true, ""converged"": true, ""end_geometry_sha256"": ""74e69bdfd5c74994b1c0293b235e0a7050e257a3030348747ac0a52535f40c00"", ""failure_class"": null, ""max_force_eV_A"": 0.07432415159292662, ""name"": ""bfgs_standard"", ""start_geometry_sha256"": ""4c032a32410cb0eb80a3613a7f9bf7234cbed8e874e148aa97e1aef7e069337d"", ""steps"": 100}]",74e69bdfd5c74994b1c0293b235e0a7050e257a3030348747ac0a52535f40c00,3.191135595738891,2.0378478106260265,step_3_OH,10.0,-1.8416375079047504,True,0.8088478106260264,quantitative_screening,,True,1,1,d52882a01af44031cdbd,False,0.480000000035
"('MOF', 'Mo', 'Oxalate', 'P4', 14.0)",MOF,True,esen-sm-conserving-all-oc25:relax-v4:orr-che-v3,True,0.07095201040749008,116,150,0.08,converged,,bfgs_standard,"[{""ase_converged"": true, ""converged"": true, ""end_geometry_sha256"": ""944f50fdeb60e2bc332cde593cef7721b4658aad4d96cc7ffedafb0684f35ed5"", ""failure_class"": null, ""max_force_eV_A"": 0.07095201040749008, ""name"": ""bfgs_standard"", ""start_geometry_sha256"": ""15c6b9d5af4a37a43a4efd60bea0caae57006102fd6abe56fc92f5fc5bbbd382"", ""steps"": 116}]",944f50fdeb60e2bc332cde593cef7721b4658aad4d96cc7ffedafb0684f35ed5,-136.05125690394203,True,0.062092252543877346,29.0,100.0,0.08,converged,,bfgs_standard,"[{""ase_converged"": true, ""converged"": true, ""end_geometry_sha256"": ""73343ee75ac95cb4df8fb803ad778238693bc333dad85f1ab0be2273e7428d5d"", ""failure_class"": null, ""max_force_eV_A"": 0.062092252543877346, ""name"": ""bfgs_standard"", ""start_geometry_sha256"": ""65e85048063152ab4681f798f592859076f0feb505ad2d52823ab86326d74a0a"", ""steps"": 29}]",73343ee75ac95cb4df8fb803ad778238693bc333dad85f1ab0be2273e7428d5d,-0.9054507587850094,True,0.06955577192332038,46.0,100.0,0.08,converged,,bfgs_standard,"[{""ase_converged"": true, ""converged"": true, ""end_geometry_sha256"": ""ddc8bce3e40f0c201b5d177ed5d390e3f3695814aa012e8fb8621aef96daf206"", ""failure_class"": null, ""max_force_eV_A"": 0.06955577192332038, ""name"": ""bfgs_standard"", ""start_geometry_sha256"": ""5808c498d2d0d959670cf9c9be44a8eacfbe4cf9c166abe9ac4e70dfd6044933"", ""steps"": 46}]",ddc8bce3e40f0c201b5d177ed5d390e3f3695814aa012e8fb8621aef96daf206,-1.334116064757105,True,0.0573510160268998,89.0,100.0,0.08,converged,,bfgs_standard,"[{""ase_converged"": true, ""converged"": true, ""end_geometry_sha256"": ""351a02c77d63755bf85bce4f21e46c4f9ad643aef9b58b76f3c99bc3b89c0631"", ""failure_class"": null, ""max_force_eV_A"": 0.0573510160268998, ""name"": ""bfgs_standard"", ""start_geometry_sha256"": ""98e9b7b1d9a37269dfbcae75bd6157ad09b11ca9eb0851f24ffe99d974b4a2f0"", ""steps"": 89}]",351a02c77d63755bf85bce4f21e46c4f9ad643aef9b58b76f3c99bc3b89c0631,-1.3073275581002202,2.1344507587850092,step_4_H2O,10.0,-1.8416375079047504,True,2.2395668235421144,quantitative_screening,,True,0,0,78145b90aeda529ff20c,False,0.480000000035
"('MOF', 'Mo', 'HHTP', 'N4O2', 40.0)",MOF,False,esen-sm-conserving-all-oc25:relax-v4:orr-che-v3,True,0.07374704353014329,923,150,0.08,converged,,fire_small_step,"[{""ase_converged"": false, ""converged"": false, ""end_geometry_sha256"": ""1f5b8377114443e7e694481c314a6ac7a33f4357fa9e3abb4148d1726fea66c2"", ""failure_class"": ""force_threshold"", ""max_force_eV_A"": 0.46872770900987254, ""name"": ""bfgs_standard"", ""start_geometry_sha256"": ""1d8e83c110ab68243ae1d56c0616be875565b9c20c8f6360368b95475f5210c9"", ""steps"": 150}, {""ase_converged"": false, ""converged"": false, ""end_geometry_sha256"": ""dbab1d059b251ea0131bc6040d8a26be74789b74bb5d0f6a16376dd7cc9b8095"", ""failure_class"": ""force_threshold"", ""max_force_eV_A"": 0.8078158406501548, ""name"": ""fire_precondition"", ""qualifying"": false, ""start_geometry_sha256"": ""1d8e83c110ab68243ae1d56c0616be875565b9c20c8f6360368b95475f5210c9"", ""steps"": 75}, {""ase_converged"": false, ""converged"": false, ""end_geometry_sha256"": ""04ca5c049cd878a7680512f0e243bd494e96d53064bcea961632bc65ad7163ba"", ""failure_class"": ""force_threshold"", ""max_force_eV_A"": 1.6063683285112613, ""name"": ""bfgs_after_fire"", ""start_geometry_sha256"": ""dbab1d059b251ea0131bc6040d8a26be74789b74bb5d0f6a16376dd7cc9b8095"", ""steps"": 300}, {""ase_converged"": true, ""converged"": true, ""end_geometry_sha256"": ""bad80a2581894171810b83f901d301c863ef07c781cc00a0a43c12329530d7a9"", ""failure_class"": null, ""max_force_eV_A"": 0.07374704353014329, ""name"": ""fire_small_step"", ""start_geometry_sha256"": ""1f5b8377114443e7e694481c314a6ac7a33f4357fa9e3abb4148d1726fea66c2"", ""steps"": 398}]",bad80a2581894171810b83f901d301c863ef07c781cc00a0a43c12329530d7a9,-173.50154638291443,True,0.0656611189336672,226.0,100.0,0.08,converged,,bfgs_after_fire,"[{""ase_converged"": false, ""converged"": false, ""end_geometry_sha256"": ""7949c65061d79f90d218a5b25909941f0887691f5b15a0703edf69125751f9e5"", ""failure_class"": ""force_threshold"", ""max_force_eV_A"": 0.779692793738697, ""name"": ""bfgs_standard"", ""start_geometry_sha256"": ""d81eb190ce87239c21e46ae258c899c615477a5d4cbdbea42c38a9c69e22aa50"", ""steps"": 100}, {""ase_converged"": true, ""converged"": true, ""end_geometry_sha256"": ""99b998071e1e75fa4f587b6828e7a474bdc27f7082391e3adc5ea64394d4a283"", ""failure_class"": null, ""max_force_eV_A"": 0.24468105637054752, ""name"": ""fire_precondition"", ""qualifying"": false, ""start_geometry_sha256"": ""d81eb190ce87239c21e46ae258c899c615477a5d4cbdbea42c38a9c69e22aa50"", ""steps"": 45}, {""ase_converged"": true, ""converged"": true, ""end_geometry_sha256"": ""d6d16f1f320b2f10de8a21d55f4ec7c7eb0ff32fa50a65acc54a44a798c0cd8b"", ""failure_class"": null, ""max_force_eV_A"": 0.0656611189336672, ""name"": ""bfgs_after_fire"", ""start_geometry_sha256"": ""99b998071e1e75fa4f587b6828e7a474bdc27f7082391e3adc5ea64394d4a283"", ""steps"": 81}]",d6d16f1f320b2f10de8a21d55f4ec7c7eb0ff32fa50a65acc54a44a798c0cd8b,-1.8710367058217525,False,0.20183110807141405,640.0,100.0,0.08,recovery_exhausted,force_threshold,bfgs_standard,"[{""ase_converged"": false, ""converged"": false, ""end_geometry_sha256"": ""cb5f3dc45c12895d30ccf2011c0483269d989c47e405b0419087af73f6c0bc44"", ""failure_class"": ""force_threshold"", ""max_force_eV_A"": 0.20183110807141405, ""name"": ""bfgs_standard"", ""start_geometry_sha256"": ""31a18295d098b562b910896150549ab2d4ed506d794725459c26981dd822b624"", ""steps"": 100}, {""ase_converged"": true, ""converged"": true, ""end_geometry_sha256"": ""4d121890e3106d6b766253f67f5eded4e47d5fae0b9fb62759022a0f3db998f2"", ""failure_class"": null, ""max_force_eV_A"": 0.2425186792957389, ""name"": ""fire_precondition"", ""qualifying"": false, ""start_geometry_sha256"": ""31a18295d098b562b910896150549ab2d4ed506d794725459c26981dd822b624"", ""steps"": 40}, {""ase_converged"": false, ""converged"": false, ""end_geometry_sha256"": ""befe887599e43c40cde74c4a0b7a15210a855280bb8e19e371f2cf58ed09a375"", ""failure_class"": ""force_threshold"", ""max_force_eV_A"": 0.6969984642433652, ""name"": ""bfgs_after_fire"", ""start_geometry_sha256"": ""4d121890e3106d6b766253f67f5eded4e47d5fae0b9fb62759022a0f3db998f2"", ""steps"": 200}, {""ase_converged"": false, ""converged"": false, ""end_geometry_sha256"": ""f553b64149d81f98d6b8d51f5bb4b029c87caade06b20d628a167f86823b55d0"", ""failure_class"": ""force_threshold"", ""max_force_eV_A"": 0.34148856798728777, ""name"": ""fire_small_step"", ""start_geometry_sha256"": ""cb5f3dc45c12895d30ccf2011c0483269d989c47e405b0419087af73f6c0bc44"", ""steps"": 300}]",cb5f3dc45c12895d30ccf2011c0483269d989c47e405b0419087af73f6c0bc44,,,,,,,,,,,,,,,,,,,validation_required,Unconverged o relaxation: max_force=0.201831 eV/A after 640 cumulative recovery steps,True,0,0,ec2667e6be44d43ee310,False,
"('MOF', 'Mo', 'BTB', 'N2S2', 25.0)",MOF,True,esen-sm-conserving-all-oc25:relax-v4:orr-che-v3,True,0.0754083873858744,907,150,0.08,converged,,fire_small_step,"[{""ase_converged"": false, ""converged"": false, ""end_geometry_sha256"": ""077812248db0355c3257666d413bcadb5159012af3e4f42525aa9d0985e6f555"", ""failure_class"": ""force_threshold"", ""max_force_eV_A"": 0.9109392543004163, ""name"": ""bfgs_standard"", ""start_geometry_sha256"": ""0e4728ab16315e27cdca39485f0cb6296fb3a5de8b37cf4cb5222e7f096887a3"", ""steps"": 150}, {""ase_converged"": false, ""converged"": false, ""end_geometry_sha256"": ""961fdf9cd4a47bf16b09f2c6c9074aa6847f4bd548947a5ee96a0d18270784b7"", ""failure_class"": ""force_threshold"", ""max_force_eV_A"": 1.2563461662548903, ""name"": ""fire_precondition"", ""qualifying"": false, ""start_geometry_sha256"": ""0e4728ab16315e27cdca39485f0cb6296fb3a5de8b37cf4cb5222e7f096887a3"", ""steps"": 75}, {""ase_converged"": false, ""converged"": false, ""end_geometry_sha256"": ""eedaf39601608809f24dbc35ef1c49ee9f26ece7f45cd3996be2a8f16ce01c71"", ""failure_class"": ""force_threshold"", ""max_force_eV_A"": 2.0041652306005866, ""name"": ""bfgs_after_fire"", ""start_geometry_sha256"": ""961fdf9cd4a47bf16b09f2c6c9074aa6847f4bd548947a5ee96a0d18270784b7"", ""steps"": 300}, {""ase_converged"": true, ""converged"": true, ""end_geometry_sha256"": ""20cf2adc3ca08b8c3db11e33bb5fd2293d1fc996fbfb49d26547126ca058e412"", ""failure_class"": null, ""max_force_eV_A"": 0.0754083873858744, ""name"": ""fire_small_step"", ""start_geometry_sha256"": ""077812248db0355c3257666d413bcadb5159012af3e4f42525aa9d0985e6f555"", ""steps"": 382}]",20cf2adc3ca08b8c3db11e33bb5fd2293d1fc996fbfb49d26547126ca058e412,-185.3215744383382,True,0.07779844411484868,295.0,100.0,0.08,converged,,bfgs_after_fire,"[{""ase_converged"": false, ""converged"": false, ""end_geometry_sha256"": ""277c3dae02e1f548e316c6a483a568040e474bb7fe50e07105c036aac87bd5a2"", ""failure_class"": ""force_threshold"", ""max_force_eV_A"": 0.15684940090847185, ""name"": ""bfgs_standard"", ""start_geometry_sha256"": ""1408f90dfef8293b394d5dbee74896b42695ce131652a55bc01a4a22d6740fec"", ""steps"": 100}, {""ase_converged"": false, ""converged"": false, ""end_geometry_sha256"": ""12238bbedc1da060fdc9b8e9cfbaf85affd7eb8ac332deb9d06538e1bcb5ff68"", ""failure_class"": ""force_threshold"", ""max_force_eV_A"": 0.6615037944972832, ""name"": ""fire_precondition"", ""qualifying"": false, ""start_geometry_sha256"": ""1408f90dfef8293b394d5dbee74896b42695ce131652a55bc01a4a22d6740fec"", ""steps"": 50}, {""ase_converged"": true, ""converged"": true, ""end_geometry_sha256"": ""ae6e80c858740db854987c579f4d479bced9b59b36458920a2a8954d89e30ecd"", ""failure_class"": null, ""max_force_eV_A"": 0.07779844411484868, ""name"": ""bfgs_after_fire"", ""start_geometry_sha256"": ""12238bbedc1da060fdc9b8e9cfbaf85affd7eb8ac332deb9d06538e1bcb5ff68"", ""steps"": 145}]",ae6e80c858740db854987c579f4d479bced9b59b36458920a2a8954d89e30ecd,-3.8687249992787835,True,0.07125904529776554,251.0,100.0,0.08,converged,,bfgs_after_fire,"[{""ase_converged"": false, ""converged"": false, ""end_geometry_sha256"": ""8abb7576907a20b521bcc2476a9a877ac657bc0facfaabd6fdb281e84b99cc6b"", ""failure_class"": ""force_threshold"", ""max_force_eV_A"": 0.10932921110492086, ""name"": ""bfgs_standard"", ""start_geometry_sha256"": ""1de523dfe252de62133ce28a1a6501ef92f4c0a00ecde505c5f0c2c01dd4f037"", ""steps"": 100}, {""ase_converged"": false, ""converged"": false, ""end_geometry_sha256"": ""b48427ad3cd652dd0c7f848bff34b587f709662e11b7d3953bf7b108e4e9576d"", ""failure_class"": ""force_threshold"", ""max_force_eV_A"": 0.5200672788234353, ""name"": ""fire_precondition"", ""qualifying"": false, ""start_geometry_sha256"": ""1de523dfe252de62133ce28a1a6501ef92f4c0a00ecde505c5f0c2c01dd4f037"", ""steps"": 50}, {""ase_converged"": true, ""converged"": true, ""end_geometry_sha256"": ""f77317b0326f77fb85c96f5b16543d7a5cf414f1df39e74c35a02136b50bad8e"", ""failure_class"": null, ""max_force_eV_A"": 0.07125904529776554, ""name"": ""bfgs_after_fire"", ""start_geometry_sha256"": ""b48427ad3cd652dd0c7f848bff34b587f709662e11b7d3953bf7b108e4e9576d"", ""steps"": 101}]",f77317b0326f77fb85c96f5b16543d7a5cf414f1df39e74c35a02136b50bad8e,-2.892006956785914,True,0.07512170254659623,288.0,100.0,0.08,converged,,bfgs_after_fire,"[{""ase_converged"": false, ""converged"": false, ""end_geometry_sha256"": ""61dd2503ae64d41767036154e93ce609577cb4f71b6bbf1ab966aea85ff30e31"", ""failure_class"": ""force_threshold"", ""max_force_eV_A"": 0.6372213938796291, ""name"": ""bfgs_standard"", ""start_geometry_sha256"": ""0b3bb23a9f6cbf2fb46d87d0b2b8a816c8e054eab93068360c147a51ef5404dd"", ""steps"": 100}, {""ase_converged"": false, ""converged"": false, ""end_geometry_sha256"": ""a7079bbfa2ba2f73b7ce464254b616adfe97c88d1073d90f0de3cfeeaa051459"", ""failure_class"": ""force_threshold"", ""max_force_eV_A"": 1.3213254728731536, ""name"": ""fire_precondition"", ""qualifying"": false, ""start_geometry_sha256"": ""0b3bb23a9f6cbf2fb46d87d0b2b8a816c8e054eab93068360c147a51ef5404dd"", ""steps"": 50}, {""ase_converged"": true, ""converged"": true, ""end_geometry_sha256"": ""7290139e60d1776bd34b42d4977288f696ad02482d18d3ba8dc50dc1a2b509f7"", ""failure_class"": null, ""max_force_eV_A"": 0.07512170254659623, ""name"": ""bfgs_after_fire"", ""start_geometry_sha256"": ""a7079bbfa2ba2f73b7ce464254b616adfe97c88d1073d90f0de3cfeeaa051459"", ""steps"": 138}]",7290139e60d1776bd34b42d4977288f696ad02482d18d3ba8dc50dc1a2b509f7,-5.673857261240478,3.0,step_4_H2O,10.0,-1.8416375079047504,True,6.7607319560646975,quantitative_screening,,True,1,1,a1e7bd91112da424c52f,False,0.480000000035
"('MOF', 'Ru', 'NDC', 'N3S', 6.0)",MOF,True,esen-sm-conserving-all-oc25:relax-v4:orr-che-v3,True,0.06820059940617458,64,150,0.08,converged,,bfgs_standard,"[{""ase_converged"": true, ""converged"": true, ""end_geometry_sha256"": ""64862614cf133aadd671ae11863e963bb025adc9d34ccd95fff3fe8bcea21171"", ""failure_class"": null, ""max_force_eV_A"": 0.06820059940617458, ""name"": ""bfgs_standard"", ""start_geometry_sha256"": ""75d8ec21e5aa76872c323ad9192d61eb1199477062ae9c496ddaf11915ee1f94"", ""steps"": 64}]",64862614cf133aadd671ae11863e963bb025adc9d34ccd95fff3fe8bcea21171,-132.40057419766725,True,0.0710502343306112,45.0,100.0,0.08,converged,,bfgs_standard,"[{""ase_converged"": true, ""converged"": true, ""end_geometry_sha256"": ""e3a024ac5475bb12cbff87c9fd4543e6c446bdd7aefab80e560a1ee5175918ae"", ""failure_class"": null, ""max_force_eV_A"": 0.0710502343306112, ""name"": ""bfgs_standard"", ""start_geometry_sha256"": ""ae08008bcf0b3efe134a64de3511e6745a837b5337df75afc789f45a996c031a"", ""steps"": 45}]",e3a024ac5475bb12cbff87c9fd4543e6c446bdd7aefab80e560a1ee5175918ae,0.23904043689370152,True,0.07705815344049953,39.0,100.0,0.08,converged,,bfgs_standard,"[{""ase_converged"": true, ""converged"": true, ""end_geometry_sha256"": ""50a85aed0a07bb58784340eb4903a3fe54908172813430361f76adf452684c82"", ""failure_class"": null, ""max_force_eV_A"": 0.07705815344049953, ""name"": ""bfgs_standard"", ""start_geometry_sha256"": ""d38b8cd39e1c267ef2248f90bb59ed5432f14d3cf2b9e638be6e566a6554efae"", ""steps"": 39}]",50a85aed0a07bb58784340eb4903a3fe54908172813430361f76adf452684c82,0.4008788235485589,True,0.06848337440345159,52.0,100.0,0.08,converged,,bfgs_standard,"[{""ase_converged"": true, ""converged"": true, ""end_geometry_sha256"": ""dd40422c88918cd324ad4b1678dfe9ec33df9afd0cebc23fe4845623a009cc0d"", ""failure_class"": null, ""max_force_eV_A"": 0.06848337440345159, ""name"": ""bfgs_standard"", ""start_geometry_sha256"": ""7cd833031ac7bd4343a2d41554423a497a8f47a550afd50c24b4defd1787c96e"", ""steps"": 52}]",dd40422c88918cd324ad4b1678dfe9ec33df9afd0cebc23fe4845623a009cc0d,2.958532761037353,1.0671616133451427,step_3_OH,10.0,-2.0,True,0.6399192604422604,quantitative_screening,,True,2,2,9ec42161af82bd328e24,False,0.480000000035
"('MOF', 'Ru', 'Triazolate', 'N2O2', 18.0)",MOF,True,esen-sm-conserving-all-oc25:relax-v4:orr-che-v3,True,0.07574000920791563,417,150,0.08,converged,,bfgs_after_fire,"[{""ase_converged"": false, ""converged"": false, ""end_geometry_sha256"": ""c86103ae09208dec83b9d5314cb984b6d3223f6b7a5d8c4b7302475082c9fe3f"", ""failure_class"": ""force_threshold"", ""max_force_eV_A"": 0.22035170824364095, ""name"": ""bfgs_standard"", ""start_geometry_sha256"": ""429a99266089cfd3519b48d5576d7dc64454bf01bed811882b604cebb48c1f28"", ""steps"": 150}, {""ase_converged"": true, ""converged"": true, ""end_geometry_sha256"": ""0ebc787e2ec29962845a0f62acb98c7eea3b873c20f248c05fe6a6169dd2d761"", ""failure_class"": null, ""max_force_eV_A"": 0.24800955446426498, ""name"": ""fire_precondition"", ""qualifying"": false, ""start_geometry_sha256"": ""429a99266089cfd3519b48d5576d7dc64454bf01bed811882b604cebb48c1f28"", ""steps"": 47}, {""ase_converged"": true, ""converged"": true, ""end_geometry_sha256"": ""783dfdfbc0a8c83f454e2c77e8172f186476f1f6f9f8da8c50843916dd604093"", ""failure_class"": null, ""max_force_eV_A"": 0.07574000920791563, ""name"": ""bfgs_after_fire"", ""start_geometry_sha256"": ""0ebc787e2ec29962845a0f62acb98c7eea3b873c20f248c05fe6a6169dd2d761"", ""steps"": 220}]",783dfdfbc0a8c83f454e2c77e8172f186476f1f6f9f8da8c50843916dd604093,-129.57080412937862,True,0.070988441989436,95.0,100.0,0.08,converged,,bfgs_standard,"[{""ase_converged"": true, ""converged"": true, ""end_geometry_sha256"": ""11a5b31975128f1fd5b4b057d8d7d7a37e7484f6bc80fbda47430f183874d55f"", ""failure_class"": null, ""max_force_eV_A"": 0.070988441989436, ""name"": ""bfgs_standard"", ""start_geometry_sha256"": ""e81d59d2e90cc95200cdc05aabd07bbe270c531e839f5222bcef3aafd966b2f2"", ""steps"": 95}]",11a5b31975128f1fd5b4b057d8d7d7a37e7484f6bc80fbda47430f183874d55f,1.3996465827524662,True,0.07505147135261442,358.0,100.0,0.08,converged,,fire_small_step,"[{""ase_converged"": false, ""converged"": false, ""end_geometry_sha256"": ""64097b2e6478e26c25df5178c0bf2730d30b1d376e7431159da740d139cac372"", ""failure_class"": ""force_threshold"", ""max_force_eV_A"": 1.0851817840833438, ""name"": ""bfgs_standard"", ""start_geometry_sha256"": ""cc8da32877a182cb3a21368852f3a66fa58051650118e18103493a075ccac27b"", ""steps"": 100}, {""ase_converged"": true, ""converged"": true, ""end_geometry_sha256"": ""b9de1fe646cc50be970559ae857c9306a5ef5011b9aca14d7b5a8ded621f6fea"", ""failure_class"": null, ""max_force_eV_A"": 0.23092809085751675, ""name"": ""fire_precondition"", ""qualifying"": false, ""start_geometry_sha256"": ""cc8da32877a182cb3a21368852f3a66fa58051650118e18103493a075ccac27b"", ""steps"": 37}, {""ase_converged"": false, ""converged"": false, ""end_geometry_sha256"": ""63997d012ba000c15405225b3b39bccfb6fc9cb447caff5f2beb7311c6592529"", ""failure_class"": ""force_threshold"", ""max_force_eV_A"": 0.21993678349918008, ""name"": ""bfgs_after_fire"", ""start_geometry_sha256"": ""b9de1fe646cc50be970559ae857c9306a5ef5011b9aca14d7b5a8ded621f6fea"", ""steps"": 200}, {""ase_converged"": true, ""converged"": true, ""end_geometry_sha256"": ""ffc5b3be6a5ca6156384bb63312aba5fe5e708d7f59b39a0b4f92cb4721b75a3"", ""failure_class"": null, ""max_force_eV_A"": 0.07505147135261442, ""name"": ""fire_small_step"", ""start_geometry_sha256"": ""63997d012ba000c15405225b3b39bccfb6fc9cb447caff5f2beb7311c6592529"", ""steps"": 21}]",ffc5b3be6a5ca6156384bb63312aba5fe5e708d7f59b39a0b4f92cb4721b75a3,-9.301183902472253,True,0.07771873680586269,445.0,100.0,0.08,converged,,fire_small_step,"[{""ase_converged"": false, ""converged"": false, ""end_geometry_sha256"": ""d435000e115fdc48c82b2e8339ea1285537d61007675ff034849850a8f491a72"", ""failure_class"": ""force_threshold"", ""max_force_eV_A"": 0.365663821015842, ""name"": ""bfgs_standard"", ""start_geometry_sha256"": ""b108ee2ab7872c0237444d658fe8e88fc715a64b00c18e4fdb8c4d676e8e391d"", ""steps"": 100}, {""ase_converged"": true, ""converged"": true, ""end_geometry_sha256"": ""3cb18ff0aa5db7e55e97d8ec93c08e555eb6f556f2f1df37595df2b1219c857d"", ""failure_class"": null, ""max_force_eV_A"": 0.2147145931657375, ""name"": ""fire_precondition"", ""qualifying"": false, ""start_geometry_sha256"": ""b108ee2ab7872c0237444d658fe8e88fc715a64b00c18e4fdb8c4d676e8e391d"", ""steps"": 42}, {""ase_converged"": false, ""converged"": false, ""end_geometry_sha256"": ""07cd3ffb93c439bbebce18934c14ee1ec9f5620947338beaf7155629b37b8a0e"", ""failure_class"": ""force_threshold"", ""max_force_eV_A"": 0.599657910317737, ""name"": ""bfgs_after_fire"", ""start_geometry_sha256"": ""3cb18ff0aa5db7e55e97d8ec93c08e555eb6f556f2f1df37595df2b1219c857d"", ""steps"": 200}, {""ase_converged"": true, ""converged"": true, ""end_geometry_sha256"": ""df644bba5493d402f90efcccc174ca127baeeac6597ff95e45b562d3c3232f39"", ""failure_class"": null, ""max_force_eV_A"": 0.07771873680586269, ""name"": ""fire_small_step"", ""start_geometry_sha256"": ""3cb18ff0aa5db7e55e97d8ec93c08e555eb6f556f2f1df37595df2b1219c857d"", ""steps"": 103}]",df644bba5493d402f90efcccc174ca127baeeac6597ff95e45b562d3c3232f39,5.34605927318335,3.0,step_3_OH,10.0,-2.0,True,10.700830485224719,quantitative_screening,,True,2,2,050f2c55079365d0b099,False,0.480000000035
"('MOF', 'Ru', 'HHTP', 'S4', 25.0)",MOF,True,esen-sm-conserving-all-oc25:relax-v4:orr-che-v3,True,0.07854575876896557,566,150,0.08,converged,,fire_small_step,"[{""ase_converged"": false, ""converged"": false, ""end_geometry_sha256"": ""e263fe8dec56f77674c2e72de438dff0a4cb953dce7a4970121667b9f81ad8d0"", ""failure_class"": ""force_threshold"", ""max_force_eV_A"": 0.918219162473149, ""name"": ""bfgs_standard"", ""start_geometry_sha256"": ""c578932fc7cb063ed82cd987b12efcf99e0d5b135a331d0e0a43e55ddab5276e"", ""steps"": 150}, {""ase_converged"": false, ""converged"": false, ""end_geometry_sha256"": ""ea8c847a98365508915b722ee984d5768c560ebc44e1bbfba31d7e23c1e1105e"", ""failure_class"": ""force_threshold"", ""max_force_eV_A"": 1.205982286513804, ""name"": ""fire_precondition"", ""qualifying"": false, ""start_geometry_sha256"": ""c578932fc7cb063ed82cd987b12efcf99e0d5b135a331d0e0a43e55ddab5276e"", ""steps"": 75}, {""ase_converged"": false, ""converged"": false, ""end_geometry_sha256"": ""ba36a6f32162fe694b3b588e449d4666b37337d95c59b979973b0edbbacb740a"", ""failure_class"": ""force_threshold"", ""max_force_eV_A"": 0.3179863899802894, ""name"": ""bfgs_after_fire"", ""start_geometry_sha256"": ""ea8c847a98365508915b722ee984d5768c560ebc44e1bbfba31d7e23c1e1105e"", ""steps"": 300}, {""ase_converged"": true, ""converged"": true, ""end_geometry_sha256"": ""da2f4c551b15b0a0b2a987c3ae3f3fef8de5f8651acb1ddd17d16927647404d2"", ""failure_class"": null, ""max_force_eV_A"": 0.07854575876896557, ""name"": ""fire_small_step"", ""start_geometry_sha256"": ""ba36a6f32162fe694b3b588e449d4666b37337d95c59b979973b0edbbacb740a"", ""steps"": 41}]",da2f4c551b15b0a0b2a987c3ae3f3fef8de5f8651acb1ddd17d16927647404d2,-189.35564224243168,True,0.07470843361907625,216.0,100.0,0.08,converged,,bfgs_after_fire,"[{""ase_converged"": false, ""converged"": false, ""end_geometry_sha256"": ""233645f6a5d18d21a5c0d7f63cce464387356b1d6bf862ff5a06dd337be4fb46"", ""failure_class"": ""force_threshold"", ""max_force_eV_A"": 0.18849054604578847, ""name"": ""bfgs_standard"", ""start_geometry_sha256"": ""0344c3312166388aa644d2fab564b47a6b617a67d968ae241a90a85e421f1d6c"", ""steps"": 100}, {""ase_converged"": false, ""converged"": false, ""end_geometry_sha256"": ""2484278839a408ce3a8be0d0da94ddb6c09004408e26fe42cad09011694fa6d6"", ""failure_class"": ""force_threshold"", ""max_force_eV_A"": 0.6005129756998756, ""name"": ""fire_precondition"", ""qualifying"": false, ""start_geometry_sha256"": ""0344c3312166388aa644d2fab564b47a6b617a67d968ae241a90a85e421f1d6c"", ""steps"": 50}, {""ase_converged"": true, ""converged"": true, ""end_geometry_sha256"": ""e3508f2468fbcbefaa1bfa675149b8f3b2f80b63995a55b4251bd8ad1472c517"", ""failure_class"": null, ""max_force_eV_A"": 0.07470843361907625, ""name"": ""bfgs_after_fire"", ""start_geometry_sha256"": ""2484278839a408ce3a8be0d0da94ddb6c09004408e26fe42cad09011694fa6d6"", ""steps"": 66}]",e3508f2468fbcbefaa1bfa675149b8f3b2f80b63995a55b4251bd8ad1472c517,-2.204788384288549,True,0.06993118513288119,214.0,100.0,0.08,converged,,bfgs_after_fire,"[{""ase_converged"": false, ""converged"": false, ""end_geometry_sha256"": ""b2ed3f44b858e01e600b16a8f0ae444db9a5ae2b36afc80dc9db5814f4ee33cd"", ""failure_class"": ""force_threshold"", ""max_force_eV_A"": 0.13325237140452192, ""name"": ""bfgs_standard"", ""start_geometry_sha256"": ""71d4d954f2b9db49224ae384e3ed415af810b1c20d8a78f0cbdabb4e4cc99777"", ""steps"": 100}, {""ase_converged"": false, ""converged"": false, ""end_geometry_sha256"": ""e23cb989c1a3f99b2ac3ac03c8a31e294ab145d361d91a73e3d159927c8ebcc9"", ""failure_class"": ""force_threshold"", ""max_force_eV_A"": 0.38260008120285616, ""name"": ""fire_precondition"", ""qualifying"": false, ""start_geometry_sha256"": ""71d4d954f2b9db49224ae384e3ed415af810b1c20d8a78f0cbdabb4e4cc99777"", ""steps"": 50}, {""ase_converged"": true, ""converged"": true, ""end_geometry_sha256"": ""1a582f3129196442962e9726b3ecacf88f1ae746196778372415c814ac108afa"", ""failure_class"": null, ""max_force_eV_A"": 0.06993118513288119, ""name"": ""bfgs_after_fire"", ""start_geometry_sha256"": ""e23cb989c1a3f99b2ac3ac03c8a31e294ab145d361d91a73e3d159927c8ebcc9"", ""steps"": 64}]",1a582f3129196442962e9726b3ecacf88f1ae746196778372415c814ac108afa,-2.1648684374988045,True,0.0771156722620974,327.0,100.0,0.08,converged,,bfgs_after_fire,"[{""ase_converged"": false, ""converged"": false, ""end_geometry_sha256"": ""08b385cb8ba586f05d12e3969e0056c294e5aaea1429aaf85d781eb18653bc06"", ""failure_class"": ""force_threshold"", ""max_force_eV_A"": 0.17569324197038344, ""name"": ""bfgs_standard"", ""start_geometry_sha256"": ""51b0c3543918930d592986462d065afa71c2e00e46ddc0106bff43461712d46f"", ""steps"": 100}, {""ase_converged"": false, ""converged"": false, ""end_geometry_sha256"": ""74e9c9a1b76a3dd6e9cca367cda77a78c1b0c876af557c7832d27b8be4c4ca0d"", ""failure_class"": ""force_threshold"", ""max_force_eV_A"": 3.383872287840595, ""name"": ""fire_precondition"", ""qualifying"": false, ""start_geometry_sha256"": ""51b0c3543918930d592986462d065afa71c2e00e46ddc0106bff43461712d46f"", ""steps"": 50}, {""ase_converged"": true, ""converged"": true, ""end_geometry_sha256"": ""476ae54495d5584dfd647531dcb74a1969613f678c19971071da6236acd2eb23"", ""failure_class"": null, ""max_force_eV_A"": 0.0771156722620974, ""name"": ""bfgs_after_fire"", ""start_geometry_sha256"": ""74e9c9a1b76a3dd6e9cca367cda77a78c1b0c876af557c7832d27b8be4c4ca0d"", ""steps"": 177}]",476ae54495d5584dfd647531dcb74a1969613f678c19971071da6236acd2eb23,-5.829817344248291,3.0,step_2_O,10.0,-2.0,True,4.369656821787354,quantitative_screening,,True,1,1,e2bd945235eac4b021ec,False,0.480000000035
"('MOF', 'Rh', 'BTC', 'O6', 10.0)",MOF,True,esen-sm-conserving-all-oc25:relax-v4:orr-che-v3,True,0.07670466729647095,59,150,0.08,converged,,bfgs_standard,"[{""ase_converged"": true, ""converged"": true, ""end_geometry_sha256"": ""62d4de5eb3ead2d8ec1007578bb9545880b8a99e25f40d1b7a234dc8d21c28c2"", ""failure_class"": null, ""max_force_eV_A"": 0.07670466729647095, ""name"": ""bfgs_standard"", ""start_geometry_sha256"": ""76b78ed1c0bf3c600c2a33c98e8fcf974228e63ac3ec7c6ac96e8acbea40f991"", ""steps"": 59}]",62d4de5eb3ead2d8ec1007578bb9545880b8a99e25f40d1b7a234dc8d21c28c2,-132.5486148710653,True,0.0774773463049895,65.0,100.0,0.08,converged,,bfgs_standard,"[{""ase_converged"": true, ""converged"": true, ""end_geometry_sha256"": ""797c322bff586920434a03ec7db8261eb89fa14421add5df66c3a4175a3dfa98"", ""failure_class"": null, ""max_force_eV_A"": 0.0774773463049895, ""name"": ""bfgs_standard"", ""start_geometry_sha256"": ""ea0a85a10124322a5bee6a9682c91b54e945a482e06d9f54ad3b90398ad62cb0"", ""steps"": 65}]",797c322bff586920434a03ec7db8261eb89fa14421add5df66c3a4175a3dfa98,1.288297000080347,True,0.07827502229456643,68.0,100.0,0.08,converged,,bfgs_standard,"[{""ase_converged"": true, ""converged"": true, ""end_geometry_sha256"": ""5a9a3a88579901c1a017529184bae8787a4dcbdc22237ed11eb10f7e566c4bcf"", ""failure_class"": null, ""max_force_eV_A"": 0.07827502229456643, ""name"": ""bfgs_standard"", ""start_geometry_sha256"": ""4341db56489ab591cff0686f2ed9d2f74681396fd32e9c4a29a2d305e487526a"", ""steps"": 68}]",5a9a3a88579901c1a017529184bae8787a4dcbdc22237ed11eb10f7e566c4bcf,2.0062502987682853,True,0.07131451037467197,48.0,100.0,0.08,converged,,bfgs_standard,"[{""ase_converged"": true, ""converged"": true, ""end_geometry_sha256"": ""65effbe7de047ec789aa9925198dac3bd352f44cdecd20c47e52ad3aa69b5791"", ""failure_class"": null, ""max_force_eV_A"": 0.07131451037467197, ""name"": ""bfgs_standard"", ""start_geometry_sha256"": ""3697becf1717daff5a4721924e6098adeb4474158582156bb482180f06e09062"", ""steps"": 48}]",65effbe7de047ec789aa9925198dac3bd352f44cdecd20c47e52ad3aa69b5791,4.256055305898194,0.565055305898194,step_1_OOH,10.0,-2.0,True,3.2945472988486326,quantitative_screening,,True,2,2,f2ca9c7141fb90e6085f,False,0.480000000035
"('MOF', 'Rh', 'Porphyrin', 'N2Se2', 6.0)",MOF,True,esen-sm-conserving-all-oc25:relax-v4:orr-che-v3,True,0.07264627735618984,69,150,0.08,converged,,bfgs_standard,"[{""ase_converged"": true, ""converged"": true, ""end_geometry_sha256"": ""ee7cbdd320a4951abf24d32431ab2e766f1b65e102c97b9490631219fb71dcf8"", ""failure_class"": null, ""max_force_eV_A"": 0.07264627735618984, ""name"": ""bfgs_standard"", ""start_geometry_sha256"": ""11144a2c0350da1f3cd7b357d4f96c3109dcbeb36b96c60161d734ba16248e9e"", ""steps"": 69}]",ee7cbdd320a4951abf24d32431ab2e766f1b65e102c97b9490631219fb71dcf8,-130.61521299824207,True,0.06598481886653852,55.0,100.0,0.08,converged,,bfgs_standard,"[{""ase_converged"": true, ""converged"": true, ""end_geometry_sha256"": ""db5ac275a77f48e6cbc248f2459d792f7d2dec07b995c9e26cdc1797bcac6ebe"", ""failure_class"": null, ""max_force_eV_A"": 0.06598481886653852, ""name"": ""bfgs_standard"", ""start_geometry_sha256"": ""3bc7db4fc2a1b719be1ef75e8dedf15022458182e8170748edd31a979e87e964"", ""steps"": 55}]",db5ac275a77f48e6cbc248f2459d792f7d2dec07b995c9e26cdc1797bcac6ebe,1.4566753531992436,True,0.0704133750215059,15.0,100.0,0.08,converged,,bfgs_standard,"[{""ase_converged"": true, ""converged"": true, ""end_geometry_sha256"": ""402f8cfc735a13ec193236f8c1a3c08a7075b32d0ccee4bcae6cb217b638a920"", ""failure_class"": null, ""max_force_eV_A"": 0.0704133750215059, ""name"": ""bfgs_standard"", ""start_geometry_sha256"": ""220e077ce3b6b1b02bd6f2ee292ba3206687cd2ab905adbf699aea226cd5b73f"", ""steps"": 15}]",402f8cfc735a13ec193236f8c1a3c08a7075b32d0ccee4bcae6cb217b638a920,3.4386142857372795,True,0.06933988834623042,55.0,100.0,0.08,converged,,bfgs_standard,"[{""ase_converged"": true, ""converged"": true, ""end_geometry_sha256"": ""83db3f701e8d9c61dfee3ce7ebb21f2b095cc18ddf82631838167d794b75ba0d"", ""failure_class"": null, ""max_force_eV_A"": 0.06933988834623042, ""name"": ""bfgs_standard"", ""start_geometry_sha256"": ""bf9432117ba51e2d94e09485f285832ce65c3472190e46f5c964e71c4f94d4b2"", ""steps"": 55}]",83db3f701e8d9c61dfee3ce7ebb21f2b095cc18ddf82631838167d794b75ba0d,4.442999790608887,0.7519997906088873,step_1_OOH,10.0,-2.0,True,4.895289638936523,quantitative_screening,,True,0,0,22cf647bec4753c8b1eb,False,0.480000000035
"('MOF', 'Rh', 'Triazolate', 'N4', 14.0)",MOF,True,esen-sm-conserving-all-oc25:relax-v4:orr-che-v3,True,0.07441082355529999,35,150,0.08,converged,,bfgs_standard,"[{""ase_converged"": true, ""converged"": true, ""end_geometry_sha256"": ""0e6be85d99a583897eaf176c07ef7c3b5bc32126b193bf9eaf0d4761da611a4e"", ""failure_class"": null, ""max_force_eV_A"": 0.07441082355529999, ""name"": ""bfgs_standard"", ""start_geometry_sha256"": ""d0f202b166f548871ba3a7107a5b867deeab86dc002d74f2ea4afdd4f2e56925"", ""steps"": 35}]",0e6be85d99a583897eaf176c07ef7c3b5bc32126b193bf9eaf0d4761da611a4e,-133.1254280669761,True,0.06875245091881714,56.0,100.0,0.08,converged,,bfgs_standard,"[{""ase_converged"": true, ""converged"": true, ""end_geometry_sha256"": ""d18d0266ec3b52edfc39b98add8acf40b71656386ee08437106a94971d649db8"", ""failure_class"": null, ""max_force_eV_A"": 0.06875245091881714, ""name"": ""bfgs_standard"", ""start_geometry_sha256"": ""62846823c76d7377846306007101516760b9ba764e5f0aa91c39da2a6dc0a341"", ""steps"": 56}]",d18d0266ec3b52edfc39b98add8acf40b71656386ee08437106a94971d649db8,0.008606734424829454,True,0.028712909095616183,29.0,100.0,0.08,converged,,bfgs_standard,"[{""ase_converged"": true, ""converged"": true, ""end_geometry_sha256"": ""6e35106557d2e27df7510e3893b78e2a153fde44add8a0e5a61d3d3ae922c36f"", ""failure_class"": null, ""max_force_eV_A"": 0.028712909095616183, ""name"": ""bfgs_standard"", ""start_geometry_sha256"": ""c2e37d07b377e08e8c9837e5ecf9d8221f1cbc1a205513eca2c7796a5bff412b"", ""steps"": 29}]",6e35106557d2e27df7510e3893b78e2a153fde44add8a0e5a61d3d3ae922c36f,1.0689963467419183,True,0.05433920571860508,61.0,100.0,0.08,converged,,bfgs_standard,"[{""ase_converged"": true, ""converged"": true, ""end_geometry_sha256"": ""8983f6082bd4565b43eb9b5df3b3ebe0cd83a8b64bc40f23caef6fae7ea11af6"", ""failure_class"": null, ""max_force_eV_A"": 0.05433920571860508, ""name"": ""bfgs_standard"", ""start_geometry_sha256"": ""1ec5c05e568b7414b44aed355957f6c68e13dee3d37c66def03770926c8ab808"", ""steps"": 61}]",8983f6082bd4565b43eb9b5df3b3ebe0cd83a8b64bc40f23caef6fae7ea11af6,2.915457676351074,1.2203932655751706,step_4_H2O,10.0,-2.0,True,1.0776030811667479,quantitative_screening,,True,0,0,8334133d35849e8719f3,False,0.480000000035
"('COF', 'Mo', 'Hydrazone', 'P4', 8.0)",COF,True,esen-sm-conserving-all-oc25:relax-v4:orr-che-v3,True,0.061019538496784834,35,150,0.08,converged,,bfgs_standard,"[{""ase_converged"": true, ""converged"": true, ""end_geometry_sha256"": ""535ff3e431aad6e9f72ebe3185d6a3def7ecce152a2b41108946388a370715ec"", ""failure_class"": null, ""max_force_eV_A"": 0.061019538496784834, ""name"": ""bfgs_standard"", ""start_geometry_sha256"": ""10b01bb38cb1724f93c4bee1da2b36f725a281aede35c3de8e1d471f01b1ee95"", ""steps"": 35}]",535ff3e431aad6e9f72ebe3185d6a3def7ecce152a2b41108946388a370715ec,-137.74352409927724,True,0.07404036847828592,78.0,100.0,0.08,converged,,bfgs_standard,"[{""ase_converged"": true, ""converged"": true, ""end_geometry_sha256"": ""494cedd96fe43a5888aecd76c57e6b1c790215712a2ae41e2539d84ba9a650b9"", ""failure_class"": null, ""max_force_eV_A"": 0.07404036847828592, ""name"": ""bfgs_standard"", ""start_geometry_sha256"": ""95d8ea2f7a319a7eaf53480a6d6a8a2fce0d5f27102422fb2433357575344e9f"", ""steps"": 78}]",494cedd96fe43a5888aecd76c57e6b1c790215712a2ae41e2539d84ba9a650b9,-1.5210199926793575,True,0.067432637472285,38.0,100.0,0.08,converged,,bfgs_standard,"[{""ase_converged"": true, ""converged"": true, ""end_geometry_sha256"": ""e296497724373b68df59d78b26f922a88731cde09f3996c155505c945204c65e"", ""failure_class"": null, ""max_force_eV_A"": 0.067432637472285, ""name"": ""bfgs_standard"", ""start_geometry_sha256"": ""9913e039969b33b3a70c2ef7c3fa2579e34a8ea3f3fa6b372c28a4134169ec38"", ""steps"": 38}]",e296497724373b68df59d78b26f922a88731cde09f3996c155505c945204c65e,-1.6489919058978522,True,0.0630209291884557,36.0,100.0,0.08,converged,,bfgs_standard,"[{""ase_converged"": true, ""converged"": true, ""end_geometry_sha256"": ""ffa6a7d261ac09acf10a03cd224a197ae879319161ec0f8372ba1f7a1ed6d614"", ""failure_class"": null, ""max_force_eV_A"": 0.0630209291884557, ""name"": ""bfgs_standard"", ""start_geometry_sha256"": ""78e2c2ee5539617a9cfbdcf5284b3d272dba4e518e6ad33312e1956363e94be4"", ""steps"": 36}]",ffa6a7d261ac09acf10a03cd224a197ae879319161ec0f8372ba1f7a1ed6d614,5.047210405766968,2.7500199926793574,step_4_H2O,10.0,-1.8416375079047504,True,3.1700118985772097,quantitative_screening,,True,2,2,d40b52ab7a512417c1a1,False,0.447500000035
"('COF', 'Mo', 'Imide', 'S4', 6.0)",COF,True,esen-sm-conserving-all-oc25:relax-v4:orr-che-v3,True,0.07916814555231254,41,150,0.08,converged,,bfgs_standard,"[{""ase_converged"": true, ""converged"": true, ""end_geometry_sha256"": ""9abac5656ef0059a235414c13b14727330bab08274b4f2f1c258e2020a4ca2e3"", ""failure_class"": null, ""max_force_eV_A"": 0.07916814555231254, ""name"": ""bfgs_standard"", ""start_geometry_sha256"": ""ac8463d9d1a1332bc4ba4e34d97ae6e21067a0a41dc16b4e30ef6c32f9f7ed61"", ""steps"": 41}]",9abac5656ef0059a235414c13b14727330bab08274b4f2f1c258e2020a4ca2e3,-137.74140074341176,True,0.05808389329980533,32.0,100.0,0.08,converged,,bfgs_standard,"[{""ase_converged"": true, ""converged"": true, ""end_geometry_sha256"": ""fa08821c35e4353baf1b51fdd223ef526429659947b2ba778bf6c42d14cf0ca6"", ""failure_class"": null, ""max_force_eV_A"": 0.05808389329980533, ""name"": ""bfgs_standard"", ""start_geometry_sha256"": ""7aa901d492b779631f204a628a3eb340735dd84ff5a85cce512ab862835c9f24"", ""steps"": 32}]",fa08821c35e4353baf1b51fdd223ef526429659947b2ba778bf6c42d14cf0ca6,2.324564995914698,True,0.0717192676256788,38.0,100.0,0.08,converged,,bfgs_standard,"[{""ase_converged"": true, ""converged"": true, ""end_geometry_sha256"": ""6a585d2819265ecf82efa022483c81fd2c0646e35c900ca774f896c870f7cfa9"", ""failure_class"": null, ""max_force_eV_A"": 0.0717192676256788, ""name"": ""bfgs_standard"", ""start_geometry_sha256"": ""4a3d5baaabc57533fe607654ce1ff5552ad126f9d6b2cd4e7c784d2ebd47aba7"", ""steps"": 38}]",6a585d2819265ecf82efa022483c81fd2c0646e35c900ca774f896c870f7cfa9,-1.6514472596347296,True,0.07027615388867786,66.0,100.0,0.08,converged,,bfgs_standard,"[{""ase_converged"": true, ""converged"": true, ""end_geometry_sha256"": ""4bd5caf6d8b01da3f7ba553b789e0c7d97a772452b8677c0716a382f580c962d"", ""failure_class"": null, ""max_force_eV_A"": 0.07027615388867786, ""name"": ""bfgs_standard"", ""start_geometry_sha256"": ""663279054fda2df2d33968685a6218f0389a9f0ae6f3b8060a8187f42341deda"", ""steps"": 66}]",4bd5caf6d8b01da3f7ba553b789e0c7d97a772452b8677c0716a382f580c962d,5.075285147130494,3.0,step_3_OH,10.0,-1.8416375079047504,True,3.9760122555494277,quantitative_screening,,True,0,0,7a27c8c493e3bc968685,False,0.447500000035
"('COF', 'Ru', 'Boroxine', 'N3P', 20.0)",COF,False,esen-sm-conserving-all-oc25:relax-v4:orr-che-v3,False,0.1390540141771777,975,150,0.08,recovery_exhausted,force_threshold,fire_small_step,"[{""ase_converged"": false, ""converged"": false, ""end_geometry_sha256"": ""3d8a93ed90c1120cc615f7de7eabfeffe86ec38fe11c4dc1775371c9f67e1bcf"", ""failure_class"": ""force_threshold"", ""max_force_eV_A"": 0.5875386497921269, ""name"": ""bfgs_standard"", ""start_geometry_sha256"": ""eae75263cd0833226bcdbfc86f7f59566a28a64cdc89e576f12c59342fd2d2cc"", ""steps"": 150}, {""ase_converged"": false, ""converged"": false, ""end_geometry_sha256"": ""904beb2514bd1361176725b522544ab3cdf812d931f8de772ee71facefbfe3f3"", ""failure_class"": ""force_threshold"", ""max_force_eV_A"": 0.9911898556156454, ""name"": ""fire_precondition"", ""qualifying"": false, ""start_geometry_sha256"": ""eae75263cd0833226bcdbfc86f7f59566a28a64cdc89e576f12c59342fd2d2cc"", ""steps"": 75}, {""ase_converged"": false, ""converged"": false, ""end_geometry_sha256"": ""9d201743ee377bffc2a6d5fc50775033d67f52efc8851145d442c69724856bee"", ""failure_class"": ""force_threshold"", ""max_force_eV_A"": 0.13946329439139102, ""name"": ""bfgs_after_fire"", ""start_geometry_sha256"": ""904beb2514bd1361176725b522544ab3cdf812d931f8de772ee71facefbfe3f3"", ""steps"": 300}, {""ase_converged"": false, ""converged"": false, ""end_geometry_sha256"": ""f70d3025f64b6ab00f4f6f2804a483844dd1cb58d0fae18e455fdbfc8be43ca3"", ""failure_class"": ""force_threshold"", ""max_force_eV_A"": 0.1390540141771777, ""name"": ""fire_small_step"", ""start_geometry_sha256"": ""9d201743ee377bffc2a6d5fc50775033d67f52efc8851145d442c69724856bee"", ""steps"": 450}]",f70d3025f64b6ab00f4f6f2804a483844dd1cb58d0fae18e455fdbfc8be43ca3,,,,,,,,,,,,,,,,,,,,,,,,,,,,,,,,,,,,,,,,,validation_required,Unconverged clean relaxation: max_force=0.139054 eV/A after 975 cumulative recovery steps,True,2,2,13abb15ff0adf56cd45c,False,
"('COF', 'Ru', 'Phenazine', 'N3S', 30.0)",COF,False,esen-sm-conserving-all-oc25:relax-v4:orr-che-v3,False,0.25370060318636034,975,150,0.08,recovery_exhausted,force_threshold,bfgs_standard,"[{""ase_converged"": false, ""converged"": false, ""end_geometry_sha256"": ""edf75ffbc8a8c86ae8ed396435621bcfc44f208d747a35802c1010bcd6c81807"", ""failure_class"": ""force_threshold"", ""max_force_eV_A"": 0.25370060318636034, ""name"": ""bfgs_standard"", ""start_geometry_sha256"": ""4395f71e8294ce770832ada6bddcaf2a1b5bcf8e21e3456158ba1813e9e33543"", ""steps"": 150}, {""ase_converged"": false, ""converged"": false, ""end_geometry_sha256"": ""ab9f8a530bfc194435627f58d70b1b8083aecee512732b5ecad33ffc3e10f87c"", ""failure_class"": ""force_threshold"", ""max_force_eV_A"": 1.1480838824099953, ""name"": ""fire_precondition"", ""qualifying"": false, ""start_geometry_sha256"": ""4395f71e8294ce770832ada6bddcaf2a1b5bcf8e21e3456158ba1813e9e33543"", ""steps"": 75}, {""ase_converged"": false, ""converged"": false, ""end_geometry_sha256"": ""9c2caf6d877529a7482367d2a68d9aadf7594a0365fb4ec27d8d297116711590"", ""failure_class"": ""force_threshold"", ""max_force_eV_A"": 0.2898577893753094, ""name"": ""bfgs_after_fire"", ""start_geometry_sha256"": ""ab9f8a530bfc194435627f58d70b1b8083aecee512732b5ecad33ffc3e10f87c"", ""steps"": 300}, {""ase_converged"": false, ""converged"": false, ""end_geometry_sha256"": ""a5d09b4373b72f3540e6780e0bd3a68c2215e0d4a32d3729626821ebaaf8b327"", ""failure_class"": ""force_threshold"", ""max_force_eV_A"": 1.2766538180434905, ""name"": ""fire_small_step"", ""start_geometry_sha256"": ""edf75ffbc8a8c86ae8ed396435621bcfc44f208d747a35802c1010bcd6c81807"", ""steps"": 450}]",edf75ffbc8a8c86ae8ed396435621bcfc44f208d747a35802c1010bcd6c81807,,,,,,,,,,,,,,,,,,,,,,,,,,,,,,,,,,,,,,,,,validation_required,Unconverged clean relaxation: max_force=0.253701 eV/A after 975 cumulative recovery steps,True,0,0,5ee17c856a8aeff2c3ec,False,
"('COF', 'Ru', 'Squaraine', 'N2S2', 20.0)",COF,False,esen-sm-conserving-all-oc25:relax-v4:orr-che-v3,True,0.06304203760486068,484,150,0.08,converged,,bfgs_after_fire,"[{""ase_converged"": false, ""converged"": false, ""end_geometry_sha256"": ""4c6951f5143df39625b217d22b48a3baca319fbdbacfd4b53fb6a43a0f33a1a5"", ""failure_class"": ""force_threshold"", ""max_force_eV_A"": 1.6026543731335507, ""name"": ""bfgs_standard"", ""start_geometry_sha256"": ""84c5203f6e71e6cf2608d911be19ed8d1141b8fd4f430e09c654b4f4f5e39982"", ""steps"": 150}, {""ase_converged"": true, ""converged"": true, ""end_geometry_sha256"": ""c33b2546bc010a1e877f6f701ebf9f3983850bdbc4882f78263da757b88c6e7b"", ""failure_class"": null, ""max_force_eV_A"": 0.24424983443316572, ""name"": ""fire_precondition"", ""qualifying"": false, ""start_geometry_sha256"": ""84c5203f6e71e6cf2608d911be19ed8d1141b8fd4f430e09c654b4f4f5e39982"", ""steps"": 36}, {""ase_converged"": true, ""converged"": true, ""end_geometry_sha256"": ""3d0f76aebdd2a3fee35d786ceb9e34d2729efbbd312f8def98e8f7b6bb5ea7df"", ""failure_class"": null, ""max_force_eV_A"": 0.06304203760486068, ""name"": ""bfgs_after_fire"", ""start_geometry_sha256"": ""c33b2546bc010a1e877f6f701ebf9f3983850bdbc4882f78263da757b88c6e7b"", ""steps"": 298}]",3d0f76aebdd2a3fee35d786ceb9e34d2729efbbd312f8def98e8f7b6bb5ea7df,-111.59863083452191,True,0.07214597244286816,440.0,100.0,0.08,converged,,fire_small_step,"[{""ase_converged"": false, ""converged"": false, ""end_geometry_sha256"": ""b775747ebb6eff912ec293a287e952f42247b7a9dca0b058dfd3f984b23e6ebe"", ""failure_class"": ""force_threshold"", ""max_force_eV_A"": 1.085107547538805, ""name"": ""bfgs_standard"", ""start_geometry_sha256"": ""b96fc9abc90085f27299a50a79b690f2aeaea3bbb0fa688cf218836c80980566"", ""steps"": 100}, {""ase_converged"": false, ""converged"": false, ""end_geometry_sha256"": ""e9ec7471497acacd9f8a8116143f10625c6a0f3495d116ef24c35cc2d759146e"", ""failure_class"": ""force_threshold"", ""max_force_eV_A"": 0.8713700261616281, ""name"": ""fire_precondition"", ""qualifying"": false, ""start_geometry_sha256"": ""b96fc9abc90085f27299a50a79b690f2aeaea3bbb0fa688cf218836c80980566"", ""steps"": 50}, {""ase_converged"": false, ""converged"": false, ""end_geometry_sha256"": ""b62fb54a16eb6b8e2122e99e14b247279392dcd6b9960070258f26fa89567c42"", ""failure_class"": ""force_threshold"", ""max_force_eV_A"": 0.5795201179000506, ""name"": ""bfgs_after_fire"", ""start_geometry_sha256"": ""e9ec7471497acacd9f8a8116143f10625c6a0f3495d116ef24c35cc2d759146e"", ""steps"": 200}, {""ase_converged"": true, ""converged"": true, ""end_geometry_sha256"": ""5b959b08ffb1153987e49336da167ca5f48ac4e0af06f6a7395b1dcb3ca007e3"", ""failure_class"": null, ""max_force_eV_A"": 0.07214597244286816, ""name"": ""fire_small_step"", ""start_geometry_sha256"": ""b62fb54a16eb6b8e2122e99e14b247279392dcd6b9960070258f26fa89567c42"", ""steps"": 90}]",5b959b08ffb1153987e49336da167ca5f48ac4e0af06f6a7395b1dcb3ca007e3,-6.081089196056128,True,0.07211408966706359,349.0,100.0,0.08,converged,,bfgs_after_fire,"[{""ase_converged"": false, ""converged"": false, ""end_geometry_sha256"": ""9706b54a3825549ceef5743cafa40f560675e385780175fcf5bbee986ed21699"", ""failure_class"": ""force_threshold"", ""max_force_eV_A"": 0.250291941750116, ""name"": ""bfgs_standard"", ""start_geometry_sha256"": ""4518721be46b09c73dd3ec08d93f774101f02ea93d9a7ac92212e92257ce6ae8"", ""steps"": 100}, {""ase_converged"": false, ""converged"": false, ""end_geometry_sha256"": ""21e805d23a052c7875ba6e9bccd2e7e63a58ebf4ac456d8a771290767eb284bf"", ""failure_class"": ""force_threshold"", ""max_force_eV_A"": 1.1119015761379853, ""name"": ""fire_precondition"", ""qualifying"": false, ""start_geometry_sha256"": ""4518721be46b09c73dd3ec08d93f774101f02ea93d9a7ac92212e92257ce6ae8"", ""steps"": 50}, {""ase_converged"": true, ""converged"": true, ""end_geometry_sha256"": ""05fc0d34582e654df2503673d7b5c775ec50c7a88d47eb9d56a5031a9467e9ea"", ""failure_class"": null, ""max_force_eV_A"": 0.07211408966706359, ""name"": ""bfgs_after_fire"", ""start_geometry_sha256"": ""21e805d23a052c7875ba6e9bccd2e7e63a58ebf4ac456d8a771290767eb284bf"", ""steps"": 199}]",05fc0d34582e654df2503673d7b5c775ec50c7a88d47eb9d56a5031a9467e9ea,-14.908920847624536,True,0.07984047867745235,333.0,100.0,0.08,converged,,bfgs_after_fire,"[{""ase_converged"": false, ""converged"": false, ""end_geometry_sha256"": ""d78cca371ba5379aebb61f6b92e04607a4c02e0255c44a98511291da31a91ccb"", ""failure_class"": ""force_threshold"", ""max_force_eV_A"": 1.2329261007233803, ""name"": ""bfgs_standard"", ""start_geometry_sha256"": ""10205865a5eff6c3df1b2b7814678d6e47d66c437cf44c49f7a53736f7d25b42"", ""steps"": 100}, {""ase_converged"": false, ""converged"": false, ""end_geometry_sha256"": ""8b939942367b172a08ec22e71b407c85022a2ff32743d755000fe54e32e96f7b"", ""failure_class"": ""force_threshold"", ""max_force_eV_A"": 0.39367912841105296, ""name"": ""fire_precondition"", ""qualifying"": false, ""start_geometry_sha256"": ""10205865a5eff6c3df1b2b7814678d6e47d66c437cf44c49f7a53736f7d25b42"", ""steps"": 50}, {""ase_converged"": true, ""converged"": true, ""end_geometry_sha256"": ""e7f33d7d8be70a6f796e2ba82a731cee7d6f18ea1928dca7a0eec4181bf1b27c"", ""failure_class"": null, ""max_force_eV_A"": 0.07984047867745235, ""name"": ""bfgs_after_fire"", ""start_geometry_sha256"": ""8b939942367b172a08ec22e71b407c85022a2ff32743d755000fe54e32e96f7b"", ""steps"": 183}]",e7f33d7d8be70a6f796e2ba82a731cee7d6f18ea1928dca7a0eec4181bf1b27c,-1.9183478847146,10.056831651568409,step_3_OH,10.0,-2.0,True,20.990010043680662,validation_required,Unphysical dG_O_eV=-14.91 eV,True,2,2,30ceb762ec24c5797e59,False,
"('COF', 'Ru', 'Dioxin', 'P4', 8.0)",COF,True,esen-sm-conserving-all-oc25:relax-v4:orr-che-v3,True,0.07761108209353901,44,150,0.08,converged,,bfgs_standard,"[{""ase_converged"": true, ""converged"": true, ""end_geometry_sha256"": ""eb155c2f97367070d550f4e69718f5070862998e563590044896e06a400de903"", ""failure_class"": null, ""max_force_eV_A"": 0.07761108209353901, ""name"": ""bfgs_standard"", ""start_geometry_sha256"": ""ebf005c64331a2a9350aa73050691687d8cdc10b8ee6d4917bb9dfe6dea5d2f0"", ""steps"": 44}]",eb155c2f97367070d550f4e69718f5070862998e563590044896e06a400de903,-135.5909220656518,True,0.07393856333826586,39.0,100.0,0.08,converged,,bfgs_standard,"[{""ase_converged"": true, ""converged"": true, ""end_geometry_sha256"": ""7963639851f1f3120a56aa7f8a1333c13d7bb2d2653c090f9124a3f51cb1b419"", ""failure_class"": null, ""max_force_eV_A"": 0.07393856333826586, ""name"": ""bfgs_standard"", ""start_geometry_sha256"": ""ab2d7fde85f8a73fd8b110b6f2b3c60a7aa361541c71266d64714725eea6df59"", ""steps"": 39}]",7963639851f1f3120a56aa7f8a1333c13d7bb2d2653c090f9124a3f51cb1b419,1.8479717399179936,True,0.07975714243982586,218.0,100.0,0.08,converged,,bfgs_after_fire,"[{""ase_converged"": false, ""converged"": false, ""end_geometry_sha256"": ""90cf03e8aed3c2d26773d1f97604aa949b002a3f60adb4745beb2197e624f886"", ""failure_class"": ""force_threshold"", ""max_force_eV_A"": 2.6837823088889, ""name"": ""bfgs_standard"", ""start_geometry_sha256"": ""e1900d1b71be8a4ea4c3f3d5a60194fcf0ac35fb78de1dc4d8a340834ee81b86"", ""steps"": 100}, {""ase_converged"": true, ""converged"": true, ""end_geometry_sha256"": ""ddea43d83c4d5261a3a06d399d58a8b872b7e2f77036051160e6c28563bc82e6"", ""failure_class"": null, ""max_force_eV_A"": 0.17721462459444087, ""name"": ""fire_precondition"", ""qualifying"": false, ""start_geometry_sha256"": ""e1900d1b71be8a4ea4c3f3d5a60194fcf0ac35fb78de1dc4d8a340834ee81b86"", ""steps"": 26}, {""ase_converged"": true, ""converged"": true, ""end_geometry_sha256"": ""cf3eb22ad473f257a10d0ed95df17976b875794e18674261db44cc43f9175399"", ""failure_class"": null, ""max_force_eV_A"": 0.07975714243982586, ""name"": ""bfgs_after_fire"", ""start_geometry_sha256"": ""ddea43d83c4d5261a3a06d399d58a8b872b7e2f77036051160e6c28563bc82e6"", ""steps"": 92}]",cf3eb22ad473f257a10d0ed95df17976b875794e18674261db44cc43f9175399,-0.27495702430605534,True,0.07916370115131688,79.0,100.0,0.08,converged,,bfgs_standard,"[{""ase_converged"": true, ""converged"": true, ""end_geometry_sha256"": ""82909a500cf5074677ae27cd80bd8b97e621e0151d6c706f3126535c20265371"", ""failure_class"": null, ""max_force_eV_A"": 0.07916370115131688, ""name"": ""bfgs_standard"", ""start_geometry_sha256"": ""eae1a293274bbec0c929d2c06c68bc83d075399575c5a97f4dc5cfc8f80ce60f"", ""steps"": 79}]",82909a500cf5074677ae27cd80bd8b97e621e0151d6c706f3126535c20265371,2.568231533467773,3.0,step_3_OH,10.0,-2.0,True,2.122928764224049,quantitative_screening,,True,1,1,007e0f0bad503e7bc17e,False,0.447500000035
"('COF', 'Rh', 'Boroxine', 'S4', 6.0)",COF,True,esen-sm-conserving-all-oc25:relax-v4:orr-che-v3,True,0.07584020345269969,63,150,0.08,converged,,bfgs_standard,"[{""ase_converged"": true, ""converged"": true, ""end_geometry_sha256"": ""650407d04d33791ab0760d65e767c25cf5d3c33b3638597252b484bf94bbe754"", ""failure_class"": null, ""max_force_eV_A"": 0.07584020345269969, ""name"": ""bfgs_standard"", ""start_geometry_sha256"": ""870b1b261ab5919af59f7cf5ec32c478cb6701db3e9de673fed5043e74c9a098"", ""steps"": 63}]",650407d04d33791ab0760d65e767c25cf5d3c33b3638597252b484bf94bbe754,-132.55042160705773,True,0.07987648010095574,68.0,100.0,0.08,converged,,bfgs_standard,"[{""ase_converged"": true, ""converged"": true, ""end_geometry_sha256"": ""1fd2e19325b135e386c03742b9c295a1bb6fe83c383385c09760e955b99edae4"", ""failure_class"": null, ""max_force_eV_A"": 0.07987648010095574, ""name"": ""bfgs_standard"", ""start_geometry_sha256"": ""fae3071509c779d900cce85d0bae931f83e10b2fce495a857b7630c445450f95"", ""steps"": 68}]",1fd2e19325b135e386c03742b9c295a1bb6fe83c383385c09760e955b99edae4,1.286348166614771,True,0.07638442593944739,68.0,100.0,0.08,converged,,bfgs_standard,"[{""ase_converged"": true, ""converged"": true, ""end_geometry_sha256"": ""fc86f1fbfd63fe6c70a8e2a700b74c899347107ea911bcfecb58f9b958bfecca"", ""failure_class"": null, ""max_force_eV_A"": 0.07638442593944739, ""name"": ""bfgs_standard"", ""start_geometry_sha256"": ""f2baf6b33b4c6a58cb1caf25012f6c702a1431cc28c91eb836ed8490a39c88fc"", ""steps"": 68}]",fc86f1fbfd63fe6c70a8e2a700b74c899347107ea911bcfecb58f9b958bfecca,2.0077032215893302,True,0.07783952947211903,46.0,100.0,0.08,converged,,bfgs_standard,"[{""ase_converged"": true, ""converged"": true, ""end_geometry_sha256"": ""d58809f6b0cb5dc35a7a572d420ff6c29d2527aefaac4a594e3503d4106900fc"", ""failure_class"": null, ""max_force_eV_A"": 0.07783952947211903, ""name"": ""bfgs_standard"", ""start_geometry_sha256"": ""77a4ecf721d44afe0be0e25d99ecabe6000142854ba80ba0ade5bc79848f01ed"", ""steps"": 46}]",d58809f6b0cb5dc35a7a572d420ff6c29d2527aefaac4a594e3503d4106900fc,4.259105156362061,0.5681051563620612,step_1_OOH,10.0,-2.0,True,3.2940513882041014,quantitative_screening,,True,0,0,bf38d46fb8dc9357e462,False,0.447500000035
"('COF', 'Rh', 'Azine', 'N3P', 20.0)",COF,True,esen-sm-conserving-all-oc25:relax-v4:orr-che-v3,True,0.07749838808113292,542,150,0.08,converged,,fire_small_step,"[{""ase_converged"": false, ""converged"": false, ""end_geometry_sha256"": ""5a902bf2b95b3712cd10ed9da757339dc45b27b6014c9d6350f6dfaf898a2d38"", ""failure_class"": ""force_threshold"", ""max_force_eV_A"": 0.5092918140511977, ""name"": ""bfgs_standard"", ""start_geometry_sha256"": ""c7fe8347725a6d286475603718de7d6366e57d5abad3da33f36e4c65e4a3f123"", ""steps"": 150}, {""ase_converged"": false, ""converged"": false, ""end_geometry_sha256"": ""01cffef8ffd761965747db00960a134161ecde81ad31f870ad914d1680bb9ef6"", ""failure_class"": ""force_threshold"", ""max_force_eV_A"": 1.4344709967729083, ""name"": ""fire_precondition"", ""qualifying"": false, ""start_geometry_sha256"": ""c7fe8347725a6d286475603718de7d6366e57d5abad3da33f36e4c65e4a3f123"", ""steps"": 75}, {""ase_converged"": false, ""converged"": false, ""end_geometry_sha256"": ""4fe308ea0df7c6e579490644f773ddea2e7ecf6fa3cd82fbc510a927041c8d6b"", ""failure_class"": ""force_threshold"", ""max_force_eV_A"": 0.12676970553016376, ""name"": ""bfgs_after_fire"", ""start_geometry_sha256"": ""01cffef8ffd761965747db00960a134161ecde81ad31f870ad914d1680bb9ef6"", ""steps"": 300}, {""ase_converged"": true, ""converged"": true, ""end_geometry_sha256"": ""179c0948ef865f1270f625bd4aca26362134803576b4021d9595f2027f3dc5df"", ""failure_class"": null, ""max_force_eV_A"": 0.07749838808113292, ""name"": ""fire_small_step"", ""start_geometry_sha256"": ""4fe308ea0df7c6e579490644f773ddea2e7ecf6fa3cd82fbc510a927041c8d6b"", ""steps"": 17}]",179c0948ef865f1270f625bd4aca26362134803576b4021d9595f2027f3dc5df,-188.34301877869387,True,0.07774501187538284,252.0,100.0,0.08,converged,,bfgs_after_fire,"[{""ase_converged"": false, ""converged"": false, ""end_geometry_sha256"": ""d2f87aa3305f003ccfe6041d8307d9a26b16e84b62b941695d1bc899f46ff2b6"", ""failure_class"": ""force_threshold"", ""max_force_eV_A"": 0.10097667815744849, ""name"": ""bfgs_standard"", ""start_geometry_sha256"": ""aeb4467529691bed4c415e4b82c1602c007bb97a0437d7b43beae783d04234c6"", ""steps"": 100}, {""ase_converged"": true, ""converged"": true, ""end_geometry_sha256"": ""a0822912df6c5a32c082804d590809b17e774149862b464b64275cb551452d0c"", ""failure_class"": null, ""max_force_eV_A"": 0.24353544592965207, ""name"": ""fire_precondition"", ""qualifying"": false, ""start_geometry_sha256"": ""aeb4467529691bed4c415e4b82c1602c007bb97a0437d7b43beae783d04234c6"", ""steps"": 35}, {""ase_converged"": true, ""converged"": true, ""end_geometry_sha256"": ""a2e6ff9de027fb61ac7fa90bedd8d9d738610ef787c1f18a6f64626fbfcf4a03"", ""failure_class"": null, ""max_force_eV_A"": 0.07774501187538284, ""name"": ""bfgs_after_fire"", ""start_geometry_sha256"": ""a0822912df6c5a32c082804d590809b17e774149862b464b64275cb551452d0c"", ""steps"": 117}]",a2e6ff9de027fb61ac7fa90bedd8d9d738610ef787c1f18a6f64626fbfcf4a03,-3.316421685069799,True,0.07469196067778767,70.0,100.0,0.08,converged,,bfgs_standard,"[{""ase_converged"": true, ""converged"": true, ""end_geometry_sha256"": ""ff9a74cd83710ee004923c5ebbb4963e521e1843b60c9388dc84792bbd5bea47"", ""failure_class"": null, ""max_force_eV_A"": 0.07469196067778767, ""name"": ""bfgs_standard"", ""start_geometry_sha256"": ""a86300788843077e839d0efc593cbe377f5e29ac9009743f191ca7c0345e2315"", ""steps"": 70}]",ff9a74cd83710ee004923c5ebbb4963e521e1843b60c9388dc84792bbd5bea47,-2.614064299315211,True,0.0705932007571472,245.0,100.0,0.08,converged,,bfgs_after_fire,"[{""ase_converged"": false, ""converged"": false, ""end_geometry_sha256"": ""92a57da21293a6c9f94a3c47f51d58d65be93244cafc75f43b524bc3e33351d5"", ""failure_class"": ""force_threshold"", ""max_force_eV_A"": 0.24846082674588957, ""name"": ""bfgs_standard"", ""start_geometry_sha256"": ""673835ede1573f316ebc0f8453a6e268e628c21a4c8d6c66bc99ee9653f97b5c"", ""steps"": 100}, {""ase_converged"": false, ""converged"": false, ""end_geometry_sha256"": ""2e653008bc5ea31b180b9ec176237a585c146642411b28ca28170b1f5328983d"", ""failure_class"": ""force_threshold"", ""max_force_eV_A"": 0.2839360846722807, ""name"": ""fire_precondition"", ""qualifying"": false, ""start_geometry_sha256"": ""673835ede1573f316ebc0f8453a6e268e628c21a4c8d6c66bc99ee9653f97b5c"", ""steps"": 50}, {""ase_converged"": true, ""converged"": true, ""end_geometry_sha256"": ""c522a6c1ee2a0a0a8a0d63d9a357f5633ff6971db5af769588fbd957a4c27f89"", ""failure_class"": null, ""max_force_eV_A"": 0.0705932007571472, ""name"": ""bfgs_after_fire"", ""start_geometry_sha256"": ""2e653008bc5ea31b180b9ec176237a585c146642411b28ca28170b1f5328983d"", ""steps"": 95}]",c522a6c1ee2a0a0a8a0d63d9a357f5633ff6971db5af769588fbd957a4c27f89,-5.268946219980712,3.0,step_4_H2O,10.0,-2.0,True,5.93048598438501,quantitative_screening,,True,1,1,0ddb9f835d05d9c35ab7,False,0.447500000035
"('COF', 'Rh', 'Hydrazone', 'N3S', 30.0)",COF,True,esen-sm-conserving-all-oc25:relax-v4:orr-che-v3,True,0.07510611347351742,569,150,0.08,converged,,fire_small_step,"[{""ase_converged"": false, ""converged"": false, ""end_geometry_sha256"": ""651e4f03ceb94769ceb21fa827df37d3079c3ef64f477c9738cc0f5d4847a3e0"", ""failure_class"": ""force_threshold"", ""max_force_eV_A"": 0.2448173167431569, ""name"": ""bfgs_standard"", ""start_geometry_sha256"": ""f17b905eaa0dce8e7be6273cfc004300583362117e6a6aea2ffac48499960ded"", ""steps"": 150}, {""ase_converged"": false, ""converged"": false, ""end_geometry_sha256"": ""1d631ab7075f2dbda698b0b825ff0763489e3c70c919f5f9b395c4cf488f2b5b"", ""failure_class"": ""force_threshold"", ""max_force_eV_A"": 0.8157327160196989, ""name"": ""fire_precondition"", ""qualifying"": false, ""start_geometry_sha256"": ""f17b905eaa0dce8e7be6273cfc004300583362117e6a6aea2ffac48499960ded"", ""steps"": 75}, {""ase_converged"": false, ""converged"": false, ""end_geometry_sha256"": ""11ce6dfe06094b75baf493af06f23cf27715b5d4f3f7a5de194caa0375c7d567"", ""failure_class"": ""force_threshold"", ""max_force_eV_A"": 0.6107149714463835, ""name"": ""bfgs_after_fire"", ""start_geometry_sha256"": ""1d631ab7075f2dbda698b0b825ff0763489e3c70c919f5f9b395c4cf488f2b5b"", ""steps"": 300}, {""ase_converged"": true, ""converged"": true, ""end_geometry_sha256"": ""87d604eaeb15908555f0e8de28a508a1df823d4cf37f106e5f31908c22b00570"", ""failure_class"": null, ""max_force_eV_A"": 0.07510611347351742, ""name"": ""fire_small_step"", ""start_geometry_sha256"": ""651e4f03ceb94769ceb21fa827df37d3079c3ef64f477c9738cc0f5d4847a3e0"", ""steps"": 44}]",87d604eaeb15908555f0e8de28a508a1df823d4cf37f106e5f31908c22b00570,-163.86250145795898,True,0.06616039237505371,78.0,100.0,0.08,converged,,bfgs_standard,"[{""ase_converged"": true, ""converged"": true, ""end_geometry_sha256"": ""7a9e88cfdeac15c9dfc34b66a576eb1d522c1094a4b56ea0452a9780271e8a53"", ""failure_class"": null, ""max_force_eV_A"": 0.06616039237505371, ""name"": ""bfgs_standard"", ""start_geometry_sha256"": ""97e7f225910674972aa6546e7cbecb30e7a9600e80e49482da50a873d2ccbce0"", ""steps"": 78}]",7a9e88cfdeac15c9dfc34b66a576eb1d522c1094a4b56ea0452a9780271e8a53,-2.8152505730092523,True,0.07269519336483797,86.0,100.0,0.08,converged,,bfgs_standard,"[{""ase_converged"": true, ""converged"": true, ""end_geometry_sha256"": ""2dbee5881ac986b9cbcfeaf16b94860dfe9f141f47c8250569eede55fadc6968"", ""failure_class"": null, ""max_force_eV_A"": 0.07269519336483797, ""name"": ""bfgs_standard"", ""start_geometry_sha256"": ""c444d3697b4febf45353fca46d5ff071fc649500ffc4fcf727e8eeec02e9d8c9"", ""steps"": 86}]",2dbee5881ac986b9cbcfeaf16b94860dfe9f141f47c8250569eede55fadc6968,-2.8428183428943123,True,0.07713860129645873,82.0,100.0,0.08,converged,,bfgs_standard,"[{""ase_converged"": true, ""converged"": true, ""end_geometry_sha256"": ""f30b17fdb172617d17ba3fc6ef8ba99ba68ac2295cf3a689328a945cbb313c51"", ""failure_class"": null, ""max_force_eV_A"": 0.07713860129645873, ""name"": ""bfgs_standard"", ""start_geometry_sha256"": ""d2e4f0e3b811569f6dcaf898840d6bb1d5bcb0e6a184b5eb873d12bc48e84e69"", ""steps"": 82}]",f30b17fdb172617d17ba3fc6ef8ba99ba68ac2295cf3a689328a945cbb313c51,-5.341532279551025,3.0,step_4_H2O,10.0,-2.0,True,5.658068915903565,quantitative_screening,,True,0,0,02a94b8b324db5c3ef0d,False,0.447500000035
"('COF', 'Rh', 'Amide', 'N2S2', 20.0)",COF,False,esen-sm-conserving-all-oc25:relax-v4:orr-che-v3,False,0.1872683114920992,929,150,0.08,recovery_exhausted,,fire_precondition,"[{""ase_converged"": false, ""converged"": false, ""end_geometry_sha256"": ""f057f57c5491033ba16f4d08db0add03fb35d3b66734fb4e46c6f8c57b6228f9"", ""failure_class"": ""force_threshold"", ""max_force_eV_A"": 0.5169075577857544, ""name"": ""bfgs_standard"", ""start_geometry_sha256"": ""8818f759776ac87cecc60244c4e512838e9986053e27751490a62ed1f0df022d"", ""steps"": 150}, {""ase_converged"": true, ""converged"": true, ""end_geometry_sha256"": ""6a8df9cad406375a8ae987f2853bc735706978e4fadca4b13ddba137433f5e37"", ""failure_class"": null, ""max_force_eV_A"": 0.1872683114920992, ""name"": ""fire_precondition"", ""qualifying"": false, ""start_geometry_sha256"": ""8818f759776ac87cecc60244c4e512838e9986053e27751490a62ed1f0df022d"", ""steps"": 29}, {""ase_converged"": false, ""converged"": false, ""end_geometry_sha256"": ""3774db393f6ff9ab7b4cf4e5ae910438b7fcf2a8e38024c97cb3d196425db520"", ""failure_class"": ""force_threshold"", ""max_force_eV_A"": 0.5533438578462785, ""name"": ""bfgs_after_fire"", ""start_geometry_sha256"": ""6a8df9cad406375a8ae987f2853bc735706978e4fadca4b13ddba137433f5e37"", ""steps"": 300}, {""ase_converged"": false, ""converged"": false, ""end_geometry_sha256"": ""f30b6c5253129fd2d7cdce0697f0ff155c34bdd584d06c9fafee9694f5a32c2c"", ""failure_class"": ""force_threshold"", ""max_force_eV_A"": 0.5636835180558813, ""name"": ""fire_small_step"", ""start_geometry_sha256"": ""6a8df9cad406375a8ae987f2853bc735706978e4fadca4b13ddba137433f5e37"", ""steps"": 450}]",6a8df9cad406375a8ae987f2853bc735706978e4fadca4b13ddba137433f5e37,,,,,,,,,,,,,,,,,,,,,,,,,,,,,,,,,,,,,,,,,validation_required,Unconverged clean relaxation: max_force=0.187268 eV/A after 929 cumulative recovery steps,True,0,0,e25a486e81f105fab3c2,False,
"('Perovskite', 'Nd', 'Ti', 'Al', 0.5, 'B_vacancy')",Perovskite,True,esen-sm-conserving-all-oc25:relax-v4:orr-che-v3,True,0.07940491672468127,37,150,0.08,converged,,bfgs_standard,"[{""ase_converged"": true, ""converged"": true, ""end_geometry_sha256"": ""170a4db493fe3a642fa7ddce9a4af5f7c49cf93494d6ea4bbdd7ecbd244bf896"", ""failure_class"": null, ""max_force_eV_A"": 0.07940491672468127, ""name"": ""bfgs_standard"", ""start_geometry_sha256"": ""6b9b323bea4f9db2a91c186da8eacac7a5c227275cfa48500cf45a6ec1570812"", ""steps"": 37}]",170a4db493fe3a642fa7ddce9a4af5f7c49cf93494d6ea4bbdd7ecbd244bf896,-468.07778863849705,True,0.07611768985833586,72.0,100.0,0.08,converged,,bfgs_standard,"[{""ase_converged"": true, ""converged"": true, ""end_geometry_sha256"": ""b2eb1e3cebbb7c907a6170b423e4a9874a01ec317625893374bf6f22ca570e6a"", ""failure_class"": null, ""max_force_eV_A"": 0.07611768985833586, ""name"": ""bfgs_standard"", ""start_geometry_sha256"": ""160ceb1849a66f2ba3c1d51367e326220738aa3406af5fc235a409a4ef590f28"", ""steps"": 72}]",b2eb1e3cebbb7c907a6170b423e4a9874a01ec317625893374bf6f22ca570e6a,-1.5040819023549556,True,0.0768248172286383,52.0,100.0,0.08,converged,,bfgs_standard,"[{""ase_converged"": true, ""converged"": true, ""end_geometry_sha256"": ""d17f14b80613967fc0e6e494268eec45e4566d4df920e0463d9295316f4922ec"", ""failure_class"": null, ""max_force_eV_A"": 0.0768248172286383, ""name"": ""bfgs_standard"", ""start_geometry_sha256"": ""8a43d30a8b086999767ece8f574e284a7ef5e41a0a59e321b95dc20d09555c7a"", ""steps"": 52}]",d17f14b80613967fc0e6e494268eec45e4566d4df920e0463d9295316f4922ec,-1.276722990721489,True,0.07901540224356486,72.0,100.0,0.08,converged,,bfgs_standard,"[{""ase_converged"": true, ""converged"": true, ""end_geometry_sha256"": ""c5a59bcdbdf20df00b25c7a8da8128dfc73b2c804f9b304babb5940af3054e9e"", ""failure_class"": null, ""max_force_eV_A"": 0.07901540224356486, ""name"": ""bfgs_standard"", ""start_geometry_sha256"": ""f516fab8a57f136132147c3981bf585e375fd92ed440eedde0bfd32e9fd994f8"", ""steps"": 72}]",c5a59bcdbdf20df00b25c7a8da8128dfc73b2c804f9b304babb5940af3054e9e,-3.71122603565457,3.0,step_2_O,10.0,0.0,True,2.7808048930764446,quantitative_screening,,False,2,2,b31fcd065308e08cb51a,False,0.6527014328916925
"('Perovskite', 'Nd', 'Fe', 'In', 0.25, 'none')",Perovskite,True,esen-sm-conserving-all-oc25:relax-v4:orr-che-v3,True,0.07216729962392181,126,150,0.08,converged,,bfgs_standard,"[{""ase_converged"": true, ""converged"": true, ""end_geometry_sha256"": ""c3832a4766749ea29b0c7e468d99fe74b056a8178ffb2c6f78f489c7060f9aaa"", ""failure_class"": null, ""max_force_eV_A"": 0.07216729962392181, ""name"": ""bfgs_standard"", ""start_geometry_sha256"": ""0d5b65d86b81aafe69f72d0ab8650f010ef93cc677f0d6477fa32bc2c7e1bce0"", ""steps"": 126}]",c3832a4766749ea29b0c7e468d99fe74b056a8178ffb2c6f78f489c7060f9aaa,-423.9101454885739,True,0.07455264771270664,254.0,100.0,0.08,converged,,bfgs_after_fire,"[{""ase_converged"": false, ""converged"": false, ""end_geometry_sha256"": ""1687b4efdbf21d4cc0dbe0a5844d94bd48af1c2bcb288ec4147d8129314db247"", ""failure_class"": ""force_threshold"", ""max_force_eV_A"": 0.39601170650196454, ""name"": ""bfgs_standard"", ""start_geometry_sha256"": ""c1175f19c3100bece9b92cf7c4a7a2452e3a35d0303e7febe5401bbead60f234"", ""steps"": 100}, {""ase_converged"": false, ""converged"": false, ""end_geometry_sha256"": ""357b9fec5c35cebf72b4288fdde6534ddb437cec2c372a87ad685d71aeddff4b"", ""failure_class"": ""force_threshold"", ""max_force_eV_A"": 0.36249113926476245, ""name"": ""fire_precondition"", ""qualifying"": false, ""start_geometry_sha256"": ""c1175f19c3100bece9b92cf7c4a7a2452e3a35d0303e7febe5401bbead60f234"", ""steps"": 50}, {""ase_converged"": true, ""converged"": true, ""end_geometry_sha256"": ""af0e44011f4e6c88620c0ab2da43c7bc4c3b1af414c25016a45c0b0b4a2a537e"", ""failure_class"": null, ""max_force_eV_A"": 0.07455264771270664, ""name"": ""bfgs_after_fire"", ""start_geometry_sha256"": ""357b9fec5c35cebf72b4288fdde6534ddb437cec2c372a87ad685d71aeddff4b"", ""steps"": 104}]",af0e44011f4e6c88620c0ab2da43c7bc4c3b1af414c25016a45c0b0b4a2a537e,0.4009473945200443,True,0.06955760238628983,53.0,100.0,0.08,converged,,bfgs_standard,"[{""ase_converged"": true, ""converged"": true, ""end_geometry_sha256"": ""7cafd0a521c92d9c30273b97b3f900877bfe18fefbac2f45b24d351b20e165d3"", ""failure_class"": null, ""max_force_eV_A"": 0.06955760238628983, ""name"": ""bfgs_standard"", ""start_geometry_sha256"": ""56c58a7c6226207e68ab07dd73dbf0acaa72f9ab95f91c1a5506cd9a15e26201"", ""steps"": 53}]",7cafd0a521c92d9c30273b97b3f900877bfe18fefbac2f45b24d351b20e165d3,3.3415860302746045,True,0.0767185264819303,91.0,100.0,0.08,converged,,bfgs_standard,"[{""ase_converged"": true, ""converged"": true, ""end_geometry_sha256"": ""02be8d9445909ba136ba505cae45431daf170686504c304233f05ad59af65b04"", ""failure_class"": null, ""max_force_eV_A"": 0.0767185264819303, ""name"": ""bfgs_standard"", ""start_geometry_sha256"": ""501d0764874d449257bcfbf89dd690e8b9a6bec3180ba486b89b112d597a22f3"", ""steps"": 91}]",02be8d9445909ba136ba505cae45431daf170686504c304233f05ad59af65b04,3.2548078998922483,1.3157781303823564,step_2_O,7.0,0.0,True,3.7425334247946487,quantitative_screening,,False,1,1,8c5eaeadf5478e029836,False,0.6527014328916925
"('Perovskite', 'Nd', 'Cu', 'Zn', 0.15, 'B_vacancy')",Perovskite,True,esen-sm-conserving-all-oc25:relax-v4:orr-che-v3,True,0.07715165617643266,20,150,0.08,converged,,bfgs_standard,"[{""ase_converged"": true, ""converged"": true, ""end_geometry_sha256"": ""7656949ac8bab6f3ddf10c3d655bdb4e1e64604a5aa87ba90ff750af5ea1e8c3"", ""failure_class"": null, ""max_force_eV_A"": 0.07715165617643266, ""name"": ""bfgs_standard"", ""start_geometry_sha256"": ""da900b2045b5500b200033a65fd24dc01e0f8b57de558fc7c556c422645813f0"", ""steps"": 20}]",7656949ac8bab6f3ddf10c3d655bdb4e1e64604a5aa87ba90ff750af5ea1e8c3,-359.71449576860357,True,0.07249456365571709,532.0,100.0,0.08,converged,,fire_small_step,"[{""ase_converged"": false, ""converged"": false, ""end_geometry_sha256"": ""bea78b9d2f6e480937db6b50efbcdf924ed6d061508321a874833903a7d81606"", ""failure_class"": ""force_threshold"", ""max_force_eV_A"": 3.0448864582820745, ""name"": ""bfgs_standard"", ""start_geometry_sha256"": ""1a3b6decb53192a6aaf267d2b326a15c60a809d41e3383e35434592929e2c8e1"", ""steps"": 100}, {""ase_converged"": false, ""converged"": false, ""end_geometry_sha256"": ""eabef35b405e0af61d5f0e4ee913f9f45781e1bd02e14788bc48230392de5da7"", ""failure_class"": ""force_threshold"", ""max_force_eV_A"": 0.3861598484425061, ""name"": ""fire_precondition"", ""qualifying"": false, ""start_geometry_sha256"": ""1a3b6decb53192a6aaf267d2b326a15c60a809d41e3383e35434592929e2c8e1"", ""steps"": 50}, {""ase_converged"": false, ""converged"": false, ""end_geometry_sha256"": ""88aee1c41adbf1febddf874a0a363d60957e7b263bbf041293c4bc1a8cb8e06e"", ""failure_class"": ""force_threshold"", ""max_force_eV_A"": 0.5003578339958283, ""name"": ""bfgs_after_fire"", ""start_geometry_sha256"": ""eabef35b405e0af61d5f0e4ee913f9f45781e1bd02e14788bc48230392de5da7"", ""steps"": 200}, {""ase_converged"": true, ""converged"": true, ""end_geometry_sha256"": ""82ad6eb6559daa4a9bf1a95b4766ff6677616481838e2a878d38363c730c52a7"", ""failure_class"": null, ""max_force_eV_A"": 0.07249456365571709, ""name"": ""fire_small_step"", ""start_geometry_sha256"": ""eabef35b405e0af61d5f0e4ee913f9f45781e1bd02e14788bc48230392de5da7"", ""steps"": 182}]",82ad6eb6559daa4a9bf1a95b4766ff6677616481838e2a878d38363c730c52a7,-1.0157758568226722,True,0.07027933327681161,72.0,100.0,0.08,converged,,bfgs_standard,"[{""ase_converged"": true, ""converged"": true, ""end_geometry_sha256"": ""edfde731e728a8f38f015c640ca2a706c303c8fe3583b6759b127eddb07d63ec"", ""failure_class"": null, ""max_force_eV_A"": 0.07027933327681161, ""name"": ""bfgs_standard"", ""start_geometry_sha256"": ""3135eda5de426b0ab5834e4a613e687b395eafaa71ae61b91ff1d667545563dd"", ""steps"": 72}]",edfde731e728a8f38f015c640ca2a706c303c8fe3583b6759b127eddb07d63ec,0.18658057525762856,True,0.07206567396170924,310.0,100.0,0.08,converged,,bfgs_after_fire,"[{""ase_converged"": false, ""converged"": false, ""end_geometry_sha256"": ""8b0326bcdd7586e14be0544a0e4d9becfbefb51b7d46dc459904bb2bb850bba8"", ""failure_class"": ""force_threshold"", ""max_force_eV_A"": 0.23278543617650524, ""name"": ""bfgs_standard"", ""start_geometry_sha256"": ""e845813b34415ac6eb617d2c231f1d435390706f82dcb872ae0682ee8085623e"", ""steps"": 100}, {""ase_converged"": false, ""converged"": false, ""end_geometry_sha256"": ""ff17ddd9ebc75c484a5877d3feca071cda0812222a71c68bbf539e3e289ebee8"", ""failure_class"": ""force_threshold"", ""max_force_eV_A"": 0.323371554525205, ""name"": ""fire_precondition"", ""qualifying"": false, ""start_geometry_sha256"": ""e845813b34415ac6eb617d2c231f1d435390706f82dcb872ae0682ee8085623e"", ""steps"": 50}, {""ase_converged"": true, ""converged"": true, ""end_geometry_sha256"": ""19cf238849fb60d3e8895be411fa9aea538881ec541472ba149f05ff0d8f4604"", ""failure_class"": null, ""max_force_eV_A"": 0.07206567396170924, ""name"": ""bfgs_after_fire"", ""start_geometry_sha256"": ""ff17ddd9ebc75c484a5877d3feca071cda0812222a71c68bbf539e3e289ebee8"", ""steps"": 160}]",19cf238849fb60d3e8895be411fa9aea538881ec541472ba149f05ff0d8f4604,1.4216398701072626,2.244775856822672,step_4_H2O,8.0,0.0,True,1.2023564320803009,quantitative_screening,,False,2,2,ddf992f771dad72e17a9,False,0.6527014328916925
"('Perovskite', 'Nd', 'Zn', 'Mn', 0.15, 'none')",Perovskite,True,esen-sm-conserving-all-oc25:relax-v4:orr-che-v3,True,0.06424381888794915,39,150,0.08,converged,,bfgs_standard,"[{""ase_converged"": true, ""converged"": true, ""end_geometry_sha256"": ""e4116c72b4f4ef813a6bf6382d020f0306fce0a44e6605d238fa7d5cefda5549"", ""failure_class"": null, ""max_force_eV_A"": 0.06424381888794915, ""name"": ""bfgs_standard"", ""start_geometry_sha256"": ""c293e89124e045cd13aa1f6b065310ae854cf843c01c1af1ca0cf0ac5aa1d7fb"", ""steps"": 39}]",e4116c72b4f4ef813a6bf6382d020f0306fce0a44e6605d238fa7d5cefda5549,-369.5314657371519,True,0.07082812037619547,325.0,100.0,0.08,converged,,bfgs_after_fire,"[{""ase_converged"": false, ""converged"": false, ""end_geometry_sha256"": ""946c432e3b82a0f4168622f78a78340327d2aa154c343156177d5a14cdd797c8"", ""failure_class"": ""force_threshold"", ""max_force_eV_A"": 0.08818910261996177, ""name"": ""bfgs_standard"", ""start_geometry_sha256"": ""488cf5de99c6d078f91873c8b7f12eacfe3b7bbde7b0869eeb5f69060085cc80"", ""steps"": 100}, {""ase_converged"": false, ""converged"": false, ""end_geometry_sha256"": ""240ebbcffb70108d1dac1502a87ad045c85dfa43049ae88c3e2be6581b0e18af"", ""failure_class"": ""force_threshold"", ""max_force_eV_A"": 0.38942345058030886, ""name"": ""fire_precondition"", ""qualifying"": false, ""start_geometry_sha256"": ""488cf5de99c6d078f91873c8b7f12eacfe3b7bbde7b0869eeb5f69060085cc80"", ""steps"": 50}, {""ase_converged"": true, ""converged"": true, ""end_geometry_sha256"": ""a6cbee1a13a6e929f21413c7050344482bfd19af9e449648bbeeb35a577c2f18"", ""failure_class"": null, ""max_force_eV_A"": 0.07082812037619547, ""name"": ""bfgs_after_fire"", ""start_geometry_sha256"": ""240ebbcffb70108d1dac1502a87ad045c85dfa43049ae88c3e2be6581b0e18af"", ""steps"": 175}]",a6cbee1a13a6e929f21413c7050344482bfd19af9e449648bbeeb35a577c2f18,-3.027439293712434,True,0.07772463400148413,260.0,100.0,0.08,converged,,bfgs_after_fire,"[{""ase_converged"": false, ""converged"": false, ""end_geometry_sha256"": ""37c263d84bdfa583424060fe2d78d39461db696e8d43717094f4aec1c8057f15"", ""failure_class"": ""force_threshold"", ""max_force_eV_A"": 0.7409531415898449, ""name"": ""bfgs_standard"", ""start_geometry_sha256"": ""5f9fc2365a83a63a55aed365fae570587ade75f6b2d5ca63b381f92ad120d4d3"", ""steps"": 100}, {""ase_converged"": false, ""converged"": false, ""end_geometry_sha256"": ""32178b9d17ea8d5a1328a28df2181de8340bb9cac0c490d566c3dc09542886d1"", ""failure_class"": ""force_threshold"", ""max_force_eV_A"": 0.45343696724558386, ""name"": ""fire_precondition"", ""qualifying"": false, ""start_geometry_sha256"": ""5f9fc2365a83a63a55aed365fae570587ade75f6b2d5ca63b381f92ad120d4d3"", ""steps"": 50}, {""ase_converged"": true, ""converged"": true, ""end_geometry_sha256"": ""d574be9541f7bea5db499973f3938fdc0e29cc6f99e70a4e7b5e0fec77cf6349"", ""failure_class"": null, ""max_force_eV_A"": 0.07772463400148413, ""name"": ""bfgs_after_fire"", ""start_geometry_sha256"": ""32178b9d17ea8d5a1328a28df2181de8340bb9cac0c490d566c3dc09542886d1"", ""steps"": 110}]",d574be9541f7bea5db499973f3938fdc0e29cc6f99e70a4e7b5e0fec77cf6349,-2.1095057360828173,True,0.07800929135411379,240.0,100.0,0.08,converged,,bfgs_after_fire,"[{""ase_converged"": false, ""converged"": false, ""end_geometry_sha256"": ""dce87342eb1ca90c10ef8f93cf19bce0fa1748134e3bc98b8bf2f09e9c7ea544"", ""failure_class"": ""force_threshold"", ""max_force_eV_A"": 2.958430633378874, ""name"": ""bfgs_standard"", ""start_geometry_sha256"": ""3bf2c809b3ddc68bedc6e15a16795d8b041e625cdaebd8ce9c0e5e1fbce042fa"", ""steps"": 100}, {""ase_converged"": false, ""converged"": false, ""end_geometry_sha256"": ""bbab9d50ecc23bc0287a22ec238de44032ffe18bd694210ab649a4f62d5079af"", ""failure_class"": ""force_threshold"", ""max_force_eV_A"": 0.49282885097183776, ""name"": ""fire_precondition"", ""qualifying"": false, ""start_geometry_sha256"": ""3bf2c809b3ddc68bedc6e15a16795d8b041e625cdaebd8ce9c0e5e1fbce042fa"", ""steps"": 50}, {""ase_converged"": true, ""converged"": true, ""end_geometry_sha256"": ""316bf62d94bfbd8e57560a49b89a512b705e4de0f7e82bc251b9653d59443f3e"", ""failure_class"": null, ""max_force_eV_A"": 0.07800929135411379, ""name"": ""bfgs_after_fire"", ""start_geometry_sha256"": ""bbab9d50ecc23bc0287a22ec238de44032ffe18bd694210ab649a4f62d5079af"", ""steps"": 90}]",316bf62d94bfbd8e57560a49b89a512b705e4de0f7e82bc251b9653d59443f3e,1.7972273334859983,3.0,step_4_H2O,9.0,0.0,True,5.1369450297952515,quantitative_screening,,False,1,1,30fe72d536e82b9310d8,False,0.6527014328916925
"('Perovskite', 'Nd', 'Mo', 'Nb', 0.05, 'none')",Perovskite,True,esen-sm-conserving-all-oc25:relax-v4:orr-che-v3,True,0.050327271316421125,28,150,0.08,converged,,bfgs_standard,"[{""ase_converged"": true, ""converged"": true, ""end_geometry_sha256"": ""dfd9b25a3d432e4f7318f148006f7dfba9266c92a81c9b50262e359a93ca42e2"", ""failure_class"": null, ""max_force_eV_A"": 0.050327271316421125, ""name"": ""bfgs_standard"", ""start_geometry_sha256"": ""254b9c5aa9a7f6f97031eaf2cdaacb661ba31c33c7046f2eb3c4c5bfc555fea8"", ""steps"": 28}]",dfd9b25a3d432e4f7318f148006f7dfba9266c92a81c9b50262e359a93ca42e2,-484.0707821422985,True,0.07573662244132713,226.0,100.0,0.08,converged,,bfgs_after_fire,"[{""ase_converged"": false, ""converged"": false, ""end_geometry_sha256"": ""663b309da039d3b8d77d07f1385b9de0e4a7f241a1e98a6c0b1a089030cb791b"", ""failure_class"": ""force_threshold"", ""max_force_eV_A"": 0.14489855802818893, ""name"": ""bfgs_standard"", ""start_geometry_sha256"": ""2f17beed0864a8be88a58d7a06d1405f89769e798be8b2285b452dcf68e1b646"", ""steps"": 100}, {""ase_converged"": false, ""converged"": false, ""end_geometry_sha256"": ""ecc7f9bb29d68a3ac9b3ec62ddd5209d2bed998d259ddb4379e7cc68941a315d"", ""failure_class"": ""force_threshold"", ""max_force_eV_A"": 0.6197391905387574, ""name"": ""fire_precondition"", ""qualifying"": false, ""start_geometry_sha256"": ""2f17beed0864a8be88a58d7a06d1405f89769e798be8b2285b452dcf68e1b646"", ""steps"": 50}, {""ase_converged"": true, ""converged"": true, ""end_geometry_sha256"": ""bda3b3ad9ebeef7d08c6ce000a950388e02daa4ba79ba0791cd4cbc13421ed35"", ""failure_class"": null, ""max_force_eV_A"": 0.07573662244132713, ""name"": ""bfgs_after_fire"", ""start_geometry_sha256"": ""ecc7f9bb29d68a3ac9b3ec62ddd5209d2bed998d259ddb4379e7cc68941a315d"", ""steps"": 76}]",bda3b3ad9ebeef7d08c6ce000a950388e02daa4ba79ba0791cd4cbc13421ed35,-4.476738152354956,True,0.06858338863034694,96.0,100.0,0.08,converged,,bfgs_standard,"[{""ase_converged"": true, ""converged"": true, ""end_geometry_sha256"": ""2ee3029a21a40ef7bd0ec5f80276904972b9f2827ac7b2c791b259ddc3044cb8"", ""failure_class"": null, ""max_force_eV_A"": 0.06858338863034694, ""name"": ""bfgs_standard"", ""start_geometry_sha256"": ""7ec375968475a6772bc2b8d0841cd2a593f58c914770a213ef552a8d9baf07ec"", ""steps"": 96}]",2ee3029a21a40ef7bd0ec5f80276904972b9f2827ac7b2c791b259ddc3044cb8,-5.388543211668755,True,0.07571621641598912,69.0,100.0,0.08,converged,,bfgs_standard,"[{""ase_converged"": true, ""converged"": true, ""end_geometry_sha256"": ""8016b1941c7d76aea05f93b0ede5508eaeb27659ee881b5a6da5c242b896fd3b"", ""failure_class"": null, ""max_force_eV_A"": 0.07571621641598912, ""name"": ""bfgs_standard"", ""start_geometry_sha256"": ""cd243456dac477c5f2f595951319617c8784cea4ababc5b417efd131ed3b5bef"", ""steps"": 69}]",8016b1941c7d76aea05f93b0ede5508eaeb27659ee881b5a6da5c242b896fd3b,-4.991350699961153,3.0,step_4_H2O,10.0,-0.0011604410508674334,True,9.865281364023712,quantitative_screening,,False,0,0,a9248e366d3ad5f70948,False,0.6527014328916925
"('Perovskite', 'Nd', 'Rh', 'Al', 0.5, 'B_vacancy')",Perovskite,True,esen-sm-conserving-all-oc25:relax-v4:orr-che-v3,True,0.07432661632828086,82,150,0.08,converged,,bfgs_standard,"[{""ase_converged"": true, ""converged"": true, ""end_geometry_sha256"": ""17b48f910fac25d239ac99ef5cab3b37a22b2fc221795f3999d5eb9dd1c5de1d"", ""failure_class"": null, ""max_force_eV_A"": 0.07432661632828086, ""name"": ""bfgs_standard"", ""start_geometry_sha256"": ""aa3684255142d2ed1b841e95fd0bacdce51fd0167d591c5cd6bd5c63f2eabdf8"", ""steps"": 82}]",17b48f910fac25d239ac99ef5cab3b37a22b2fc221795f3999d5eb9dd1c5de1d,-427.04279607138074,True,0.07542226996811097,87.0,100.0,0.08,converged,,bfgs_standard,"[{""ase_converged"": true, ""converged"": true, ""end_geometry_sha256"": ""3b07d5055eb914ddba0d43227e1e1dc33cc22c093ae6611d15d1b313cc6dc327"", ""failure_class"": null, ""max_force_eV_A"": 0.07542226996811097, ""name"": ""bfgs_standard"", ""start_geometry_sha256"": ""e6a337a0f5afad3a7631a2eeb368d46d8ad0fb7f36cb55d499f0aebc61a4b0bb"", ""steps"": 87}]",3b07d5055eb914ddba0d43227e1e1dc33cc22c093ae6611d15d1b313cc6dc327,0.6568906928598881,True,0.0761446462195433,56.0,100.0,0.08,converged,,bfgs_standard,"[{""ase_converged"": true, ""converged"": true, ""end_geometry_sha256"": ""4e0b208442a6c819d8bca29bb9004e26a67f2fed9cdef07e6765006aa36088ec"", ""failure_class"": null, ""max_force_eV_A"": 0.0761446462195433, ""name"": ""bfgs_standard"", ""start_geometry_sha256"": ""4c76bef07e438e89284074f203c88f5f20fdac9dfa12f6480fc252b6282f74fe"", ""steps"": 56}]",4e0b208442a6c819d8bca29bb9004e26a67f2fed9cdef07e6765006aa36088ec,3.4282445080578077,True,0.07052260549216602,77.0,100.0,0.08,converged,,bfgs_standard,"[{""ase_converged"": true, ""converged"": true, ""end_geometry_sha256"": ""1a131b439861533562a3c3de78c978fb294668bf609e46c67557b7d40b9fec03"", ""failure_class"": null, ""max_force_eV_A"": 0.07052260549216602, ""name"": ""bfgs_standard"", ""start_geometry_sha256"": ""70c3e472a61997e56767217146f743731afea84ae5b5bed86ed3972b0826a872"", ""steps"": 77}]",1a131b439861533562a3c3de78c978fb294668bf609e46c67557b7d40b9fec03,3.5913328632712114,1.0659116447865964,step_2_O,10.0,0.0,True,4.085135200917696,quantitative_screening,,False,2,2,4d367e89a1c620821778,False,0.6527014328916925
"('Perovskite', 'Nd', 'W', 'In', 0.25, 'none')",Perovskite,True,esen-sm-conserving-all-oc25:relax-v4:orr-che-v3,True,0.06826892703765058,38,150,0.08,converged,,bfgs_standard,"[{""ase_converged"": true, ""converged"": true, ""end_geometry_sha256"": ""e9e6a4e955c41c0d897732a1063ac806362622aca5261aeb3d6d4beb17d7482c"", ""failure_class"": null, ""max_force_eV_A"": 0.06826892703765058, ""name"": ""bfgs_standard"", ""start_geometry_sha256"": ""6170fa37fea45565f6ef5aaebb4f3defa354c7b5069153f6cdd7d5a17fd4b9d5"", ""steps"": 38}]",e9e6a4e955c41c0d897732a1063ac806362622aca5261aeb3d6d4beb17d7482c,-473.56631842512627,True,0.07112249447798953,229.0,100.0,0.08,converged,,bfgs_after_fire,"[{""ase_converged"": false, ""converged"": false, ""end_geometry_sha256"": ""7f405544eee89b8ece521894e86d9cfa2aa18ba891cb2a7277c2295e91f24b0a"", ""failure_class"": ""force_threshold"", ""max_force_eV_A"": 0.15073726499625115, ""name"": ""bfgs_standard"", ""start_geometry_sha256"": ""bd7668b87812b2877e89c539904a6e7606b1d0087bfbe3eecdb3c95166aea4cd"", ""steps"": 100}, {""ase_converged"": true, ""converged"": true, ""end_geometry_sha256"": ""88ef1a5663016f0bd91dea33a50e5e34126fdc299b4b09dd4e1fdaf69015b74b"", ""failure_class"": null, ""max_force_eV_A"": 0.24875192734961624, ""name"": ""fire_precondition"", ""qualifying"": false, ""start_geometry_sha256"": ""bd7668b87812b2877e89c539904a6e7606b1d0087bfbe3eecdb3c95166aea4cd"", ""steps"": 41}, {""ase_converged"": true, ""converged"": true, ""end_geometry_sha256"": ""ca8ff597f55bb96b61c17b29eafb22a6d96ffc4a24dc4f5fb8b17e78e398fd04"", ""failure_class"": null, ""max_force_eV_A"": 0.07112249447798953, ""name"": ""bfgs_after_fire"", ""start_geometry_sha256"": ""88ef1a5663016f0bd91dea33a50e5e34126fdc299b4b09dd4e1fdaf69015b74b"", ""steps"": 88}]",ca8ff597f55bb96b61c17b29eafb22a6d96ffc4a24dc4f5fb8b17e78e398fd04,-2.8718416069447423,True,0.07121667358667848,289.0,100.0,0.08,converged,,bfgs_after_fire,"[{""ase_converged"": false, ""converged"": false, ""end_geometry_sha256"": ""3e670562e0f822951c242a5ac084758bd274401ad327ab822fd6fdc171c283b5"", ""failure_class"": ""force_threshold"", ""max_force_eV_A"": 0.17811388253665564, ""name"": ""bfgs_standard"", ""start_geometry_sha256"": ""a596d6aba40a9e61923b99c9763a3a6a54e1f512b5bb102afff8eb892647cbf2"", ""steps"": 100}, {""ase_converged"": false, ""converged"": false, ""end_geometry_sha256"": ""ef1fd002d9ceb4e52567219434c8c4e59e61e03ac786ce2bfe695c4f7677e8ac"", ""failure_class"": ""force_threshold"", ""max_force_eV_A"": 0.5295240442009347, ""name"": ""fire_precondition"", ""qualifying"": false, ""start_geometry_sha256"": ""a596d6aba40a9e61923b99c9763a3a6a54e1f512b5bb102afff8eb892647cbf2"", ""steps"": 50}, {""ase_converged"": true, ""converged"": true, ""end_geometry_sha256"": ""b96f5134113056e00bd8a925a318a3626de8242a8b975265284aa47a35b6a64f"", ""failure_class"": null, ""max_force_eV_A"": 0.07121667358667848, ""name"": ""bfgs_after_fire"", ""start_geometry_sha256"": ""ef1fd002d9ceb4e52567219434c8c4e59e61e03ac786ce2bfe695c4f7677e8ac"", ""steps"": 139}]",b96f5134113056e00bd8a925a318a3626de8242a8b975265284aa47a35b6a64f,-5.462090574950005,True,0.0730252021521114,71.0,100.0,0.08,converged,,bfgs_standard,"[{""ase_converged"": true, ""converged"": true, ""end_geometry_sha256"": ""8395446bf572bf15e55dbf80bd789c09c0796e22f1d2c3d90ef228fb7632a72f"", ""failure_class"": null, ""max_force_eV_A"": 0.0730252021521114, ""name"": ""bfgs_standard"", ""start_geometry_sha256"": ""a07beaf60df99738f751e9c12b00fb25768b441461468fe4bf86ded41687cca0"", ""steps"": 71}]",8395446bf572bf15e55dbf80bd789c09c0796e22f1d2c3d90ef228fb7632a72f,-5.812178184092012,3.0,step_4_H2O,10.0,-1.2580679210718757,True,8.333932181894747,quantitative_screening,,False,0,0,fca878227e138eabb2cd,False,0.6527014328916925
"('Perovskite', 'Nd', 'Pt', 'Zn', 0.15, 'B_vacancy')",Perovskite,True,esen-sm-conserving-all-oc25:relax-v4:orr-che-v3,True,0.07960290579707516,103,150,0.08,converged,,bfgs_standard,"[{""ase_converged"": true, ""converged"": true, ""end_geometry_sha256"": ""ac7a9e7badb8dd308b62e652a08fb97748c1fcfcca485a477aa3a6b2b60e66df"", ""failure_class"": null, ""max_force_eV_A"": 0.07960290579707516, ""name"": ""bfgs_standard"", ""start_geometry_sha256"": ""2f2b91aa315f494c32d4793febfc6eedad0d62a8e52ca8d9cd4d83e1e159b8b5"", ""steps"": 103}]",ac7a9e7badb8dd308b62e652a08fb97748c1fcfcca485a477aa3a6b2b60e66df,-383.8538291779136,True,0.06877500705288787,80.0,100.0,0.08,converged,,bfgs_standard,"[{""ase_converged"": true, ""converged"": true, ""end_geometry_sha256"": ""db357f83bcb78ca5104e6d04722938374bd3509e2f0682ec669653d9e845faa1"", ""failure_class"": null, ""max_force_eV_A"": 0.06877500705288787, ""name"": ""bfgs_standard"", ""start_geometry_sha256"": ""e65b8af3bf1454f5143ae3a12545919dc839d6720d41bcf7119355321c264e1f"", ""steps"": 80}]",db357f83bcb78ca5104e6d04722938374bd3509e2f0682ec669653d9e845faa1,0.34869176402688024,True,0.06856482772088991,91.0,100.0,0.08,converged,,bfgs_standard,"[{""ase_converged"": true, ""converged"": true, ""end_geometry_sha256"": ""21a7139735fdee90e703a9367f1695b028c2055d3241f39549032dfafd08cc85"", ""failure_class"": null, ""max_force_eV_A"": 0.06856482772088991, ""name"": ""bfgs_standard"", ""start_geometry_sha256"": ""d00de58099d17db6e6f39f63e208833361ce12b70425a4774c59c682fa426231"", ""steps"": 91}]",21a7139735fdee90e703a9367f1695b028c2055d3241f39549032dfafd08cc85,2.1299447186290967,True,0.059632929983893,87.0,100.0,0.08,converged,,bfgs_standard,"[{""ase_converged"": true, ""converged"": true, ""end_geometry_sha256"": ""ec18dd55bc3b5ce9b1f895ef0336f962fec6e94356a1beda2c71b3bebc68d1b3"", ""failure_class"": null, ""max_force_eV_A"": 0.059632929983893, ""name"": ""bfgs_standard"", ""start_geometry_sha256"": ""4b284501bed5c3f646964010f42948005a18bf7e33c1870198fb9edf2edc2db2"", ""steps"": 87}]",ec18dd55bc3b5ce9b1f895ef0336f962fec6e94356a1beda2c71b3bebc68d1b3,2.906433533132108,0.8803082359731198,step_4_H2O,10.0,-1.225255905958421,True,2.478636482655977,quantitative_screening,,False,1,1,22416182465a1f362f12,False,0.6527014328916925
"('Perovskite', 'Nd', 'Al', 'Mn', 0.15, 'none')",Perovskite,True,esen-sm-conserving-all-oc25:relax-v4:orr-che-v3,True,0.059440405983852,22,150,0.08,converged,,bfgs_standard,"[{""ase_converged"": true, ""converged"": true, ""end_geometry_sha256"": ""373918e47ff32e1e30c7847f7fd62bd7b12b6f1f312c0e2e1da22dff14d39fb5"", ""failure_class"": null, ""max_force_eV_A"": 0.059440405983852, ""name"": ""bfgs_standard"", ""start_geometry_sha256"": ""f8625a873f512d1c0428caf63ff124b9aad4a1f97c3540d6400d8f243250930a"", ""steps"": 22}]",373918e47ff32e1e30c7847f7fd62bd7b12b6f1f312c0e2e1da22dff14d39fb5,-449.29873050091504,True,0.0573143335492547,58.0,100.0,0.08,converged,,bfgs_standard,"[{""ase_converged"": true, ""converged"": true, ""end_geometry_sha256"": ""91086a429aa5c5bd5b594692f40035f03e278de648e08f2f940e3d2e4c391df4"", ""failure_class"": null, ""max_force_eV_A"": 0.0573143335492547, ""name"": ""bfgs_standard"", ""start_geometry_sha256"": ""04c8f98514e5e22dc899a4720ea17ba1d2716b8a56b998d0663e62b3ae788f88"", ""steps"": 58}]",91086a429aa5c5bd5b594692f40035f03e278de648e08f2f940e3d2e4c391df4,2.6728437568246752,True,0.06515101231905839,68.0,100.0,0.08,converged,,bfgs_standard,"[{""ase_converged"": true, ""converged"": true, ""end_geometry_sha256"": ""54f123ffd60a894747d168b46b0244550332e9649f85af62ab166ca5e00d0f92"", ""failure_class"": null, ""max_force_eV_A"": 0.06515101231905839, ""name"": ""bfgs_standard"", ""start_geometry_sha256"": ""cd8c2e89a89bef4a600974462c58675dea0cf097fb962e989ef9039b5628ada0"", ""steps"": 68}]",54f123ffd60a894747d168b46b0244550332e9649f85af62ab166ca5e00d0f92,2.56853000000111,True,0.0777775634195041,39.0,100.0,0.08,converged,,bfgs_standard,"[{""ase_converged"": true, ""converged"": true, ""end_geometry_sha256"": ""e2dff2f31d09004b79e5cede99ed33498d198a146d50e5b084869fc79fdf595b"", ""failure_class"": null, ""max_force_eV_A"": 0.0777775634195041, ""name"": ""bfgs_standard"", ""start_geometry_sha256"": ""a5ff1824c7fc0eaaacf33ecf58afd25fe34529ac0679d783e2ca6cc7a6c5a956"", ""steps"": 39}]",e2dff2f31d09004b79e5cede99ed33498d198a146d50e5b084869fc79fdf595b,5.202310036122775,1.511310036122775,step_1_OOH,9.0,0.0,True,5.241373756825785,quantitative_screening,,False,2,2,71fcb86f17a4ffa85ca3,False,0.6527014328916925
"('Perovskite', 'Nd', 'Sn', 'Nb', 0.05, 'none')",Perovskite,True,esen-sm-conserving-all-oc25:relax-v4:orr-che-v3,True,0.07699640750883818,46,150,0.08,converged,,bfgs_standard,"[{""ase_converged"": true, ""converged"": true, ""end_geometry_sha256"": ""1c8dc9d738f17b5bcab478c94b49f3414f6a5754ff69c9b9c3b71e69ef647079"", ""failure_class"": null, ""max_force_eV_A"": 0.07699640750883818, ""name"": ""bfgs_standard"", ""start_geometry_sha256"": ""ffdcb91a5c685858536098c9114e0d46503210b50dcd4235bb22ba6cd5313288"", ""steps"": 46}]",1c8dc9d738f17b5bcab478c94b49f3414f6a5754ff69c9b9c3b71e69ef647079,-402.8910481939513,True,0.07845633393422011,259.0,100.0,0.08,converged,,bfgs_after_fire,"[{""ase_converged"": false, ""converged"": false, ""end_geometry_sha256"": ""f9db89c6513b56cee9314417127b8d66be38d1680c8fbb32d4d82f173949f52a"", ""failure_class"": ""force_threshold"", ""max_force_eV_A"": 0.17978545348695538, ""name"": ""bfgs_standard"", ""start_geometry_sha256"": ""3b2c3f92d80773a159ffe648341f5bd9fd83e16ab78b12993d488ed5ce30edd6"", ""steps"": 100}, {""ase_converged"": false, ""converged"": false, ""end_geometry_sha256"": ""d21e2a802ec0de3a46e5a1ad3c7fc39d2f2e3278d8b5533b7fd3fe0cec1fb9e4"", ""failure_class"": ""force_threshold"", ""max_force_eV_A"": 0.6591970431520436, ""name"": ""fire_precondition"", ""qualifying"": false, ""start_geometry_sha256"": ""3b2c3f92d80773a159ffe648341f5bd9fd83e16ab78b12993d488ed5ce30edd6"", ""steps"": 50}, {""ase_converged"": true, ""converged"": true, ""end_geometry_sha256"": ""8fd1a062c2c3f6afbcc7ffabade32f5c29a72e4dac927f6a5ab0182e65ca7e2f"", ""failure_class"": null, ""max_force_eV_A"": 0.07845633393422011, ""name"": ""bfgs_after_fire"", ""start_geometry_sha256"": ""d21e2a802ec0de3a46e5a1ad3c7fc39d2f2e3278d8b5533b7fd3fe0cec1fb9e4"", ""steps"": 109}]",8fd1a062c2c3f6afbcc7ffabade32f5c29a72e4dac927f6a5ab0182e65ca7e2f,-4.208820519298316,True,0.07097516554217968,298.0,100.0,0.08,converged,,bfgs_after_fire,"[{""ase_converged"": false, ""converged"": false, ""end_geometry_sha256"": ""b4f51e95a10f537bdee9613cbbad7f668278a6c7537780a6e6f49a74fedcddda"", ""failure_class"": ""force_threshold"", ""max_force_eV_A"": 0.16981311894274098, ""name"": ""bfgs_standard"", ""start_geometry_sha256"": ""fb8eb866e472e724b0660061edc09e2c83c726364b5bda29e5f6bdc5a297c8cf"", ""steps"": 100}, {""ase_converged"": false, ""converged"": false, ""end_geometry_sha256"": ""791ad14acf992b1366c1c4dd47aaae5455e74d8d7e05eb4afbc2686c13c1919a"", ""failure_class"": ""force_threshold"", ""max_force_eV_A"": 2.0942042898143525, ""name"": ""fire_precondition"", ""qualifying"": false, ""start_geometry_sha256"": ""fb8eb866e472e724b0660061edc09e2c83c726364b5bda29e5f6bdc5a297c8cf"", ""steps"": 50}, {""ase_converged"": true, ""converged"": true, ""end_geometry_sha256"": ""5335f5d978f115bf513cd7d61bb2cf4c5d8ff629135f0a7762bf5ed011a89d98"", ""failure_class"": null, ""max_force_eV_A"": 0.07097516554217968, ""name"": ""bfgs_after_fire"", ""start_geometry_sha256"": ""791ad14acf992b1366c1c4dd47aaae5455e74d8d7e05eb4afbc2686c13c1919a"", ""steps"": 148}]",5335f5d978f115bf513cd7d61bb2cf4c5d8ff629135f0a7762bf5ed011a89d98,-4.8010836474597705,True,0.07264121635626332,258.0,100.0,0.08,converged,,bfgs_after_fire,"[{""ase_converged"": false, ""converged"": false, ""end_geometry_sha256"": ""1e3f8f1be494645b1cdbc98e48a85a90b7758e5a1acebe904410b7202e41c9d5"", ""failure_class"": ""force_threshold"", ""max_force_eV_A"": 0.27388301776203355, ""name"": ""bfgs_standard"", ""start_geometry_sha256"": ""9ac8819c03a31534b9c05307951458c33917199f200d935e6dfe51b723c53a41"", ""steps"": 100}, {""ase_converged"": false, ""converged"": false, ""end_geometry_sha256"": ""25d2675c9d1451f3bd57ef962ca1d609c3147870608a3ff19b128088ed7c1a09"", ""failure_class"": ""force_threshold"", ""max_force_eV_A"": 0.534236123336342, ""name"": ""fire_precondition"", ""qualifying"": false, ""start_geometry_sha256"": ""9ac8819c03a31534b9c05307951458c33917199f200d935e6dfe51b723c53a41"", ""steps"": 50}, {""ase_converged"": true, ""converged"": true, ""end_geometry_sha256"": ""09247dbfb308dc87b9ac82b9d3bdc9c8ebcff4425011bb75424b554832014a3d"", ""failure_class"": null, ""max_force_eV_A"": 0.07264121635626332, ""name"": ""bfgs_after_fire"", ""start_geometry_sha256"": ""25d2675c9d1451f3bd57ef962ca1d609c3147870608a3ff19b128088ed7c1a09"", ""steps"": 108}]",09247dbfb308dc87b9ac82b9d3bdc9c8ebcff4425011bb75424b554832014a3d,-4.3602586284280065,3.0,step_4_H2O,10.0,0.0,True,9.009904166758087,quantitative_screening,,False,2,2,ce75e4a70fb6bf2fee92,False,0.6527014328916925
"('MAXPhase', 'Nb', 'Ga', 'C', 1, 'Cr', 'basal_0001')",MAXPhase,True,esen-sm-conserving-all-oc25:relax-v4:orr-che-v3,True,0.0072561204268204995,28,150,0.08,converged,,bfgs_standard,"[{""ase_converged"": true, ""converged"": true, ""end_geometry_sha256"": ""3cacdda47904531d2cab316f54f90c60196b858e86e406fa6f0f97b5ce98f2d5"", ""failure_class"": null, ""max_force_eV_A"": 0.0072561204268204995, ""name"": ""bfgs_standard"", ""start_geometry_sha256"": ""f6361f0281dcae4f4ed7b116ecaec05f18c7988c62760d250b153dd86d62f314"", ""steps"": 28}]",3cacdda47904531d2cab316f54f90c60196b858e86e406fa6f0f97b5ce98f2d5,-145.78894331220243,True,0.07078198992437308,65.0,100.0,0.08,converged,,bfgs_standard,"[{""ase_converged"": true, ""converged"": true, ""end_geometry_sha256"": ""1a2429a468baf07a2cd1dccfbb86223332eb05b91d697e32b5ad7fd59aa37590"", ""failure_class"": null, ""max_force_eV_A"": 0.07078198992437308, ""name"": ""bfgs_standard"", ""start_geometry_sha256"": ""12c987c140ea571e2a55030670f571d8728174b36ee17170ed3edc3bd720d5b2"", ""steps"": 65}]",1a2429a468baf07a2cd1dccfbb86223332eb05b91d697e32b5ad7fd59aa37590,-1.8393098686635494,True,0.04852125778167007,25.0,100.0,0.08,converged,,bfgs_standard,"[{""ase_converged"": true, ""converged"": true, ""end_geometry_sha256"": ""db819c195ac07e98a72dba7cefe3cb9831435f76aaa86de3788c25319d7d1c46"", ""failure_class"": null, ""max_force_eV_A"": 0.04852125778167007, ""name"": ""bfgs_standard"", ""start_geometry_sha256"": ""027bb42653b69327b6f920c382133fdde93211e0141238c7101d7ce5ee7663a5"", ""steps"": 25}]",db819c195ac07e98a72dba7cefe3cb9831435f76aaa86de3788c25319d7d1c46,-1.187913023680445,True,0.0758880348027342,40.0,100.0,0.08,converged,,bfgs_standard,"[{""ase_converged"": true, ""converged"": true, ""end_geometry_sha256"": ""acda65c55b8d8aae92f9c814b1fc3a54d884f53cdc2dd46e16ea86bb91e9f9df"", ""failure_class"": null, ""max_force_eV_A"": 0.0758880348027342, ""name"": ""bfgs_standard"", ""start_geometry_sha256"": ""aeecf6ced604e52fde28c8525a116c8934f3ee04fb430de280f8e20302576793"", ""steps"": 40}]",acda65c55b8d8aae92f9c814b1fc3a54d884f53cdc2dd46e16ea86bb91e9f9df,-2.0389962688088383,3.0,step_4_H2O,9.0,0.0,True,3.0272228923439943,quantitative_screening,,False,1,1,599d21c83db98e74f3c4,False,0.707500000035
"('MAXPhase', 'Nb', 'Ge', 'C', 3, 'Mo', 'basal_0001')",MAXPhase,True,esen-sm-conserving-all-oc25:relax-v4:orr-che-v3,True,0.07587669374386197,94,150,0.08,converged,,bfgs_standard,"[{""ase_converged"": true, ""converged"": true, ""end_geometry_sha256"": ""9711e34c2810098ae81120538baf7c2141cd8529740d4e1dca7287f8eae04d78"", ""failure_class"": null, ""max_force_eV_A"": 0.07587669374386197, ""name"": ""bfgs_standard"", ""start_geometry_sha256"": ""2b7f624dae28b9cdec27380384ba63d1fa0907a91c553e2b3d3e21d1595f60ba"", ""steps"": 94}]",9711e34c2810098ae81120538baf7c2141cd8529740d4e1dca7287f8eae04d78,-353.43171067610933,True,0.07630473311801403,61.0,100.0,0.08,converged,,bfgs_standard,"[{""ase_converged"": true, ""converged"": true, ""end_geometry_sha256"": ""3e20618eca8f95e3c32293650804a4dff0fdc5170403932416818453fd9a895d"", ""failure_class"": null, ""max_force_eV_A"": 0.07630473311801403, ""name"": ""bfgs_standard"", ""start_geometry_sha256"": ""7131d45769eb0a7bd31708395d6e20d4ae47dc71acec40ef3bd7cf69581eb2f1"", ""steps"": 61}]",3e20618eca8f95e3c32293650804a4dff0fdc5170403932416818453fd9a895d,-1.5472757194936275,True,0.06675817181805342,76.0,100.0,0.08,converged,,bfgs_standard,"[{""ase_converged"": true, ""converged"": true, ""end_geometry_sha256"": ""80e2c1c16c7aa7ce4fbc4f924cd2712fa744b3afd7206da2907afd37832ad658"", ""failure_class"": null, ""max_force_eV_A"": 0.06675817181805342, ""name"": ""bfgs_standard"", ""start_geometry_sha256"": ""1e739a7642ba5f24a759794e130d197b9c5e6fe27dd88e1127c6ca7ef510542d"", ""steps"": 76}]",80e2c1c16c7aa7ce4fbc4f924cd2712fa744b3afd7206da2907afd37832ad658,-2.602395140379749,True,0.06930401723679304,72.0,100.0,0.08,converged,,bfgs_standard,"[{""ase_converged"": true, ""converged"": true, ""end_geometry_sha256"": ""f8279d21d2c9b223182227d4b69618d71ae179253bb3692421f8df538ef1737c"", ""failure_class"": null, ""max_force_eV_A"": 0.06930401723679304, ""name"": ""bfgs_standard"", ""start_geometry_sha256"": ""13010e8929a9fb792f769e07f60761a6dd293088f2a95abd0d4f7d3f08edcb81"", ""steps"": 72}]",f8279d21d2c9b223182227d4b69618d71ae179253bb3692421f8df538ef1737c,-3.527670432627226,2.7762757194936274,step_4_H2O,10.0,-0.9624649994884753,True,4.1496708598733765,quantitative_screening,,False,0,0,45c5cf8db83667b4df25,False,0.707500000035
"('MAXPhase', 'Nb', 'In', 'C', 2, 'Zr', 'edge_1120')",MAXPhase,True,esen-sm-conserving-all-oc25:relax-v4:orr-che-v3,True,0.07097783471078234,71,150,0.08,converged,,bfgs_standard,"[{""ase_converged"": true, ""converged"": true, ""end_geometry_sha256"": ""5fa5cd2c3d93093ac470a6c9c551db577ef9e36ffe68ea041c960879290b67cf"", ""failure_class"": null, ""max_force_eV_A"": 0.07097783471078234, ""name"": ""bfgs_standard"", ""start_geometry_sha256"": ""d143140c4324373ade36138e2181e6266712accc316085c8db44487bfd3a964c"", ""steps"": 71}]",5fa5cd2c3d93093ac470a6c9c551db577ef9e36ffe68ea041c960879290b67cf,-139.00998868964274,True,0.054741926307006875,38.0,100.0,0.08,converged,,bfgs_standard,"[{""ase_converged"": true, ""converged"": true, ""end_geometry_sha256"": ""0cb41c2ce0543fa52fdcbe473662d15cf3426bca7f10d18acd518703809ff91f"", ""failure_class"": null, ""max_force_eV_A"": 0.054741926307006875, ""name"": ""bfgs_standard"", ""start_geometry_sha256"": ""3b9c28345275a9a67302d7a9e3b367108873f7bbba5564cbaa4a78e592386b6d"", ""steps"": 38}]",0cb41c2ce0543fa52fdcbe473662d15cf3426bca7f10d18acd518703809ff91f,0.31970197215676305,True,0.06841232066359511,61.0,100.0,0.08,converged,,bfgs_standard,"[{""ase_converged"": true, ""converged"": true, ""end_geometry_sha256"": ""66e90064e13d3bf83aa8b2ca06605b991b464e69c320ef0f05809567e3476725"", ""failure_class"": null, ""max_force_eV_A"": 0.06841232066359511, ""name"": ""bfgs_standard"", ""start_geometry_sha256"": ""53c1cba4c24f2f5c7897b91f02d20a9e70fe7d645a50afdb32f0b35d4609b1d7"", ""steps"": 61}]",66e90064e13d3bf83aa8b2ca06605b991b464e69c320ef0f05809567e3476725,0.4937924511730422,True,0.04721076748328878,65.0,100.0,0.08,converged,,bfgs_standard,"[{""ase_converged"": true, ""converged"": true, ""end_geometry_sha256"": ""b044932775bbc74159bae4e1c642616963df8cf50f282707f80770c2a905a996"", ""failure_class"": null, ""max_force_eV_A"": 0.04721076748328878, ""name"": ""bfgs_standard"", ""start_geometry_sha256"": ""ce48eb63c0ff768be5f4e80ab7138e67948ede55dee979697830fcdb4c080ace"", ""steps"": 65}]",b044932775bbc74159bae4e1c642616963df8cf50f282707f80770c2a905a996,2.52516312450168,1.054909520983721,step_3_OH,10.0,-0.0556973676333834,True,0.8134944233298053,quantitative_screening,,False,1,1,a8ba1c95922b12df096e,False,0.707500000035
"('MAXPhase', 'Nb', 'In', 'C', 3, 'Ni', 'edge_1010')",MAXPhase,False,esen-sm-conserving-all-oc25:relax-v4:orr-che-v3,True,0.07616510184616467,34,150,0.08,converged,,bfgs_standard,"[{""ase_converged"": true, ""converged"": true, ""end_geometry_sha256"": ""af349c9231935fc6975356acb5830497b6a44a0542e203fc420b01998012301d"", ""failure_class"": null, ""max_force_eV_A"": 0.07616510184616467, ""name"": ""bfgs_standard"", ""start_geometry_sha256"": ""deb9fa88a274ad70f71e7f9348b50b9d6fe7c2687af31b04b87dcbc1c792aaaa"", ""steps"": 34}]",af349c9231935fc6975356acb5830497b6a44a0542e203fc420b01998012301d,-365.5301802420495,True,0.06647344957567906,55.0,100.0,0.08,converged,,bfgs_standard,"[{""ase_converged"": true, ""converged"": true, ""end_geometry_sha256"": ""f8e9fd93a66b44d5760d623e49434c261c2ecf37e80197fe44b381883ada36b5"", ""failure_class"": null, ""max_force_eV_A"": 0.06647344957567906, ""name"": ""bfgs_standard"", ""start_geometry_sha256"": ""8a313a4f39669c6dd3312393df1ca055eaf6c6e510caf9852b2f235d4b1ae573"", ""steps"": 55}]",f8e9fd93a66b44d5760d623e49434c261c2ecf37e80197fe44b381883ada36b5,-0.7442991112172603,True,0.07645139224622634,31.0,100.0,0.08,converged,,bfgs_standard,"[{""ase_converged"": true, ""converged"": true, ""end_geometry_sha256"": ""7f793de9d54bcac4962f539b7ed4728b34882a122b415580cefb19dac5b44b50"", ""failure_class"": null, ""max_force_eV_A"": 0.07645139224622634, ""name"": ""bfgs_standard"", ""start_geometry_sha256"": ""4367a0df4d1db7b1a069461b179e3399bd252d7d17a7e67706d19ee0da768123"", ""steps"": 31}]",7f793de9d54bcac4962f539b7ed4728b34882a122b415580cefb19dac5b44b50,-0.34951122924687966,False,,0.0,100.0,0.08,invalid_initial_geometry,atomic_overlap,none,[],16fb53a2d3a85b5228f73e19b0158ef86221d9d909aadfddeb11e9b272eac2df,,,,,,,,validation_required,Invalid ooh initial geometry: atomic_overlap,True,0,0,26efa2c95333ed2a974e,False,
"('MAXPhase', 'Nb', 'Sn', 'N', 1, 'Ta', 'basal_0001')",MAXPhase,True,esen-sm-conserving-all-oc25:relax-v4:orr-che-v3,True,0.04767894850666533,27,150,0.08,converged,,bfgs_standard,"[{""ase_converged"": true, ""converged"": true, ""end_geometry_sha256"": ""ed3875aa6eb1eee45127a29e16374f6cf1df18907f0c542102a25c86aa9fc305"", ""failure_class"": null, ""max_force_eV_A"": 0.04767894850666533, ""name"": ""bfgs_standard"", ""start_geometry_sha256"": ""ac07ce2313d8da75bb26cb1eb7956f080bff62ccfed53c1e82cd6c808d2e6c97"", ""steps"": 27}]",ed3875aa6eb1eee45127a29e16374f6cf1df18907f0c542102a25c86aa9fc305,-152.22833898162284,True,0.06809649545516623,38.0,100.0,0.08,converged,,bfgs_standard,"[{""ase_converged"": true, ""converged"": true, ""end_geometry_sha256"": ""9216c0bb1e6052c27fa83f25003490f554eb43d69122f6e5d0dc395995cdb9d7"", ""failure_class"": null, ""max_force_eV_A"": 0.06809649545516623, ""name"": ""bfgs_standard"", ""start_geometry_sha256"": ""105d653d13bf904c2641f337fb5f88bd26660968369e991dfc8d0023f7446494"", ""steps"": 38}]",9216c0bb1e6052c27fa83f25003490f554eb43d69122f6e5d0dc395995cdb9d7,-1.9706384514272213,True,0.04092538536999055,49.0,100.0,0.08,converged,,bfgs_standard,"[{""ase_converged"": true, ""converged"": true, ""end_geometry_sha256"": ""1994109833a57a768a255ab2ff55930a0d7380ecd2ffbef303feb1ef81cd46bf"", ""failure_class"": null, ""max_force_eV_A"": 0.04092538536999055, ""name"": ""bfgs_standard"", ""start_geometry_sha256"": ""b82b03da6340083b56a09c3f0e506cdbe54ceb3e94c86cd3c2816641ff7c5a72"", ""steps"": 49}]",1994109833a57a768a255ab2ff55930a0d7380ecd2ffbef303feb1ef81cd46bf,-3.1789790026843514,True,0.06190345662747658,64.0,100.0,0.08,converged,,bfgs_standard,"[{""ase_converged"": true, ""converged"": true, ""end_geometry_sha256"": ""26cff1c6b2dbebaaf8db91d08ac48da5afacb1930c98ed28a19093130e465b4c"", ""failure_class"": null, ""max_force_eV_A"": 0.06190345662747658, ""name"": ""bfgs_standard"", ""start_geometry_sha256"": ""f6d9e357af45b6b3b2fb5c5c9c7573eb127b8c619de6903a295481ba2d5ba2e6"", ""steps"": 64}]",26cff1c6b2dbebaaf8db91d08ac48da5afacb1930c98ed28a19093130e465b4c,-4.245455314218994,3.0,step_4_H2O,10.0,-0.6908081151029632,True,5.1496174541115725,quantitative_screening,,False,1,1,69a8e29dcd0e6e042437,False,0.707500000035
"('MAXPhase', 'Nb', 'Pb', 'C', 3, 'Mo', 'edge_1120')",MAXPhase,True,esen-sm-conserving-all-oc25:relax-v4:orr-che-v3,True,0.06594740413252224,96,150,0.08,converged,,bfgs_standard,"[{""ase_converged"": true, ""converged"": true, ""end_geometry_sha256"": ""8d07ca59c754d7c4197c924509f5e6b6b51afb7fd96099c46bc2ed34d36f469a"", ""failure_class"": null, ""max_force_eV_A"": 0.06594740413252224, ""name"": ""bfgs_standard"", ""start_geometry_sha256"": ""922dbfac540aac61629bb34bdf16ba6e633e6728a16fe95d705004821009e84a"", ""steps"": 96}]",8d07ca59c754d7c4197c924509f5e6b6b51afb7fd96099c46bc2ed34d36f469a,-241.56827549298163,True,0.06335244167824715,73.0,100.0,0.08,converged,,bfgs_standard,"[{""ase_converged"": true, ""converged"": true, ""end_geometry_sha256"": ""61b428f8ff2ac1da0734a1f86e0ae0dae1724a2b1bb5d64fe2e578885a3ab51f"", ""failure_class"": null, ""max_force_eV_A"": 0.06335244167824715, ""name"": ""bfgs_standard"", ""start_geometry_sha256"": ""bf80e42c2763b7bcc7846da4f47b327013846bb1ef34146a72f6e2c75f31379b"", ""steps"": 73}]",61b428f8ff2ac1da0734a1f86e0ae0dae1724a2b1bb5d64fe2e578885a3ab51f,0.16552716746926305,True,0.07405926176718929,22.0,100.0,0.08,converged,,bfgs_standard,"[{""ase_converged"": true, ""converged"": true, ""end_geometry_sha256"": ""b5a9045adb64c9dc382149d3222317ff185bc06964bdb4107b17fb2d28b6b29a"", ""failure_class"": null, ""max_force_eV_A"": 0.07405926176718929, ""name"": ""bfgs_standard"", ""start_geometry_sha256"": ""f9c88971a7ab5e72699fba6c89bb86df57cd8f77944c9d49232547e6d3d98bfb"", ""steps"": 22}]",b5a9045adb64c9dc382149d3222317ff185bc06964bdb4107b17fb2d28b6b29a,0.47139254882934906,True,0.06986745268434508,47.0,100.0,0.08,converged,,bfgs_standard,"[{""ase_converged"": true, ""converged"": true, ""end_geometry_sha256"": ""4a3e91e321372dafb0a6379b7daa5efb33fa3c963e71a368afdabec0690f4a38"", ""failure_class"": null, ""max_force_eV_A"": 0.06986745268434508, ""name"": ""bfgs_standard"", ""start_geometry_sha256"": ""803c5a0752509c675a83c711dc7380f5b04a1e94f6f9ede257a3838bb85df809"", ""steps"": 47}]",4a3e91e321372dafb0a6379b7daa5efb33fa3c963e71a368afdabec0690f4a38,-0.23759322315456968,1.9379857719839189,step_2_O,10.0,-0.31577381507343727,True,0.6369197162986121,quantitative_screening,,False,0,0,c6c9c3b9b67180a1b1ef,False,0.6527014328916925
"('MAXPhase', 'Nb', 'Bi', 'N', 2, 'W', 'edge_1120')",MAXPhase,True,esen-sm-conserving-all-oc25:relax-v4:orr-che-v3,True,0.05748558751425609,35,150,0.08,converged,,bfgs_standard,"[{""ase_converged"": true, ""converged"": true, ""end_geometry_sha256"": ""390171ec78aaadc4f2dac2d60e1a9b8b5365678fac15562ac706f15202030396"", ""failure_class"": null, ""max_force_eV_A"": 0.05748558751425609, ""name"": ""bfgs_standard"", ""start_geometry_sha256"": ""b7dbeee456f0128a2561b825c2eceff50ff95f9005396fc913eec2361099a639"", ""steps"": 35}]",390171ec78aaadc4f2dac2d60e1a9b8b5365678fac15562ac706f15202030396,-140.46065182067446,True,0.049296872504815285,61.0,100.0,0.08,converged,,bfgs_standard,"[{""ase_converged"": true, ""converged"": true, ""end_geometry_sha256"": ""6631b7bed144ad9f252e39e19c92a6613305115bbe2628b8b2cd9feff578c051"", ""failure_class"": null, ""max_force_eV_A"": 0.049296872504815285, ""name"": ""bfgs_standard"", ""start_geometry_sha256"": ""30d4446bcd79b0bfb6246f2aea560edf9b10692cc9535bb24821f7fff90e7879"", ""steps"": 61}]",6631b7bed144ad9f252e39e19c92a6613305115bbe2628b8b2cd9feff578c051,0.16162091746926305,True,0.0709516837103595,20.0,100.0,0.08,converged,,bfgs_standard,"[{""ase_converged"": true, ""converged"": true, ""end_geometry_sha256"": ""85c753d04c73b6bbe9836911ca7712f3c0c62e3304dc2947d2ee697cdf1ccb0c"", ""failure_class"": null, ""max_force_eV_A"": 0.0709516837103595, ""name"": ""bfgs_standard"", ""start_geometry_sha256"": ""17f888b849c5c77d4001a228c770442fd5ed26d8f770bc5094f21946ff4d01c9"", ""steps"": 20}]",85c753d04c73b6bbe9836911ca7712f3c0c62e3304dc2947d2ee697cdf1ccb0c,1.8206509716808548,True,0.07874808631694429,49.0,100.0,0.08,converged,,bfgs_standard,"[{""ase_converged"": true, ""converged"": true, ""end_geometry_sha256"": ""6d8e4880155e436a9ad56976458ff31b388f3ca81603e6bcabe471d570335a30"", ""failure_class"": null, ""max_force_eV_A"": 0.07874808631694429, ""name"": ""bfgs_standard"", ""start_geometry_sha256"": ""5733f1d66c3829fde4de1bb4eea6041e381dea532ca552f7fe1c01bdb3f8c52d"", ""steps"": 49}]",6d8e4880155e436a9ad56976458ff31b388f3ca81603e6bcabe471d570335a30,2.0718092426657426,1.067379082530737,step_4_H2O,10.0,-2.0,True,1.9822718891501179,quantitative_screening,,False,1,1,ff2022f59474e7067748,False,0.707500000035
"('MAXPhase', 'Mo', 'Al', 'N', 1, 'Ta', 'edge_1120')",MAXPhase,True,esen-sm-conserving-all-oc25:relax-v4:orr-che-v3,True,0.0,0,150,0.08,converged,,bfgs_standard,"[{""ase_converged"": true, ""converged"": true, ""end_geometry_sha256"": ""eabe3831c4d6a0e202ff6b1ff56c3ffecae50a9b5a50ad9d427dff8657ad3dec"", ""failure_class"": null, ""max_force_eV_A"": 0.0, ""name"": ""bfgs_standard"", ""start_geometry_sha256"": ""eabe3831c4d6a0e202ff6b1ff56c3ffecae50a9b5a50ad9d427dff8657ad3dec"", ""steps"": 0}]",eabe3831c4d6a0e202ff6b1ff56c3ffecae50a9b5a50ad9d427dff8657ad3dec,-95.89331596350115,True,0.06891219570995429,35.0,100.0,0.08,converged,,bfgs_standard,"[{""ase_converged"": true, ""converged"": true, ""end_geometry_sha256"": ""98414a6dc007aebed0e02fdc0650402782a8d92cbb394c1a6fc2595e046744da"", ""failure_class"": null, ""max_force_eV_A"": 0.06891219570995429, ""name"": ""bfgs_standard"", ""start_geometry_sha256"": ""a338a900b5de8dd0cfb187d80fffd5151408497a0d4240b37650df3ba581878b"", ""steps"": 35}]",98414a6dc007aebed0e02fdc0650402782a8d92cbb394c1a6fc2595e046744da,0.5511930610239506,True,0.05645425607950131,24.0,100.0,0.08,converged,,bfgs_standard,"[{""ase_converged"": true, ""converged"": true, ""end_geometry_sha256"": ""5aaa547757dbb6f2ac0bf186d1a80ce2c10686f10e353057d013336a6c282f1d"", ""failure_class"": null, ""max_force_eV_A"": 0.05645425607950131, ""name"": ""bfgs_standard"", ""start_geometry_sha256"": ""b37a1815ed2d93e10d7a0320fb58bf644f1d5e9d8b455d44ad2dc14eebffef69"", ""steps"": 24}]",5aaa547757dbb6f2ac0bf186d1a80ce2c10686f10e353057d013336a6c282f1d,0.7937649853527582,True,0.07283708518143203,39.0,100.0,0.08,converged,,bfgs_standard,"[{""ase_converged"": true, ""converged"": true, ""end_geometry_sha256"": ""812f2dad5c52b7f934c91cd5b533910ddffd090f118dd383ae1d4536e2247d96"", ""failure_class"": null, ""max_force_eV_A"": 0.07283708518143203, ""name"": ""bfgs_standard"", ""start_geometry_sha256"": ""a59789983e2db5ffcf2f41640de4bc198539070454c6901f4709fb66c0e94a65"", ""steps"": 39}]",812f2dad5c52b7f934c91cd5b533910ddffd090f118dd383ae1d4536e2247d96,1.6644072040915523,0.9864280756711925,step_3_OH,10.0,0.0,True,1.3449580463767088,quantitative_screening,,False,0,0,a418484c7ebae6967952,False,0.707500000035
"('MAXPhase', 'Mo', 'Al', 'N', 3, 'Cr', 'edge_1010')",MAXPhase,True,esen-sm-conserving-all-oc25:relax-v4:orr-che-v3,True,0.07089327845708493,41,150,0.08,converged,,bfgs_standard,"[{""ase_converged"": true, ""converged"": true, ""end_geometry_sha256"": ""1a5a345a175fe9e7999aa25ce2cc9864bd54f20ed9dc675af0daf9757dae6469"", ""failure_class"": null, ""max_force_eV_A"": 0.07089327845708493, ""name"": ""bfgs_standard"", ""start_geometry_sha256"": ""c88611e58c967dee89e0f509e327f1b5a0ea22d8171292f89af98c4a3c9d616c"", ""steps"": 41}]",1a5a345a175fe9e7999aa25ce2cc9864bd54f20ed9dc675af0daf9757dae6469,-391.0877940716398,True,0.056314405260675666,53.0,100.0,0.08,converged,,bfgs_standard,"[{""ase_converged"": true, ""converged"": true, ""end_geometry_sha256"": ""6a1c44ea1bbc4617d0e5d67ea994ed8213cd861850c6db887ee09a9f78ef9c7b"", ""failure_class"": null, ""max_force_eV_A"": 0.056314405260675666, ""name"": ""bfgs_standard"", ""start_geometry_sha256"": ""4cd91dbff180b267a487dc6320fe30a9b26844ec98928204b65cff2125baa3e8"", ""steps"": 53}]",6a1c44ea1bbc4617d0e5d67ea994ed8213cd861850c6db887ee09a9f78ef9c7b,-1.08495849117631,True,0.07343730676350681,33.0,100.0,0.08,converged,,bfgs_standard,"[{""ase_converged"": true, ""converged"": true, ""end_geometry_sha256"": ""e0a58b6727571acbbc1d3e948d0f0293d025b9bb67fa7b60f4e365c7108e597a"", ""failure_class"": null, ""max_force_eV_A"": 0.07343730676350681, ""name"": ""bfgs_standard"", ""start_geometry_sha256"": ""dc1eb1aebf5936b371fe198ffc8e65a48d32aa26430fc3500acfc523eb2eb2ce"", ""steps"": 33}]",e0a58b6727571acbbc1d3e948d0f0293d025b9bb67fa7b60f4e365c7108e597a,-1.1633165709674038,True,0.07707177115287636,252.0,100.0,0.08,converged,,bfgs_after_fire,"[{""ase_converged"": false, ""converged"": false, ""end_geometry_sha256"": ""11177d0d5f897035ca6a3c1bc3e45fb97d402ca7ede09d4975e54876ae2e42da"", ""failure_class"": ""force_threshold"", ""max_force_eV_A"": 0.13343489964099056, ""name"": ""bfgs_standard"", ""start_geometry_sha256"": ""194280aceca32afc20e0a2cdf6c6397a6a4f51654ab2607d6a7b701f89216136"", ""steps"": 100}, {""ase_converged"": false, ""converged"": false, ""end_geometry_sha256"": ""4bbf608540c60812acaeba2658fceb8a8d44fca5ebc8f56f7a4dd5bd53f80616"", ""failure_class"": ""force_threshold"", ""max_force_eV_A"": 2.9495185219401625, ""name"": ""fire_precondition"", ""qualifying"": false, ""start_geometry_sha256"": ""194280aceca32afc20e0a2cdf6c6397a6a4f51654ab2607d6a7b701f89216136"", ""steps"": 50}, {""ase_converged"": true, ""converged"": true, ""end_geometry_sha256"": ""7f774062569125b0406366943623ae053c68c20a84021563646dc43ed13ef198"", ""failure_class"": null, ""max_force_eV_A"": 0.07707177115287636, ""name"": ""bfgs_after_fire"", ""start_geometry_sha256"": ""4bbf608540c60812acaeba2658fceb8a8d44fca5ebc8f56f7a4dd5bd53f80616"", ""steps"": 102}]",7f774062569125b0406366943623ae053c68c20a84021563646dc43ed13ef198,9.07249922603372,3.0,step_1_OOH,9.0,0.0,True,2.2482750621437138,quantitative_screening,,False,2,2,a13b566054e8854c4a31,False,0.707500000035
"('MAXPhase', 'Mo', 'Si', 'N', 3, 'Mn', 'edge_1120')",MAXPhase,True,esen-sm-conserving-all-oc25:relax-v4:orr-che-v3,True,0.06948249362670891,92,150,0.08,converged,,bfgs_standard,"[{""ase_converged"": true, ""converged"": true, ""end_geometry_sha256"": ""0b6998f5f83e0eb17db5758498f268404b2ef53f3fea877f2bf2a0f65757bc4b"", ""failure_class"": null, ""max_force_eV_A"": 0.06948249362670891, ""name"": ""bfgs_standard"", ""start_geometry_sha256"": ""75f76aa6528439f38d5f2a632ae1ddaeb60da2987b3da931125e0c6399067ad8"", ""steps"": 92}]",0b6998f5f83e0eb17db5758498f268404b2ef53f3fea877f2bf2a0f65757bc4b,-235.0077164942109,True,0.07943960350294016,44.0,100.0,0.08,converged,,bfgs_standard,"[{""ase_converged"": true, ""converged"": true, ""end_geometry_sha256"": ""6a8048f9dfffda96117980eb6f3110989f09c1d7a400fccd5c54d2291a9fc11e"", ""failure_class"": null, ""max_force_eV_A"": 0.07943960350294016, ""name"": ""bfgs_standard"", ""start_geometry_sha256"": ""1a8be93001691b56ce50a96c8331acd53ef6dbc3af1222fc4c8afe17b84f490f"", ""steps"": 44}]",6a8048f9dfffda96117980eb6f3110989f09c1d7a400fccd5c54d2291a9fc11e,1.1290739203990074,True,0.07446831678443011,57.0,100.0,0.08,converged,,bfgs_standard,"[{""ase_converged"": true, ""converged"": true, ""end_geometry_sha256"": ""12dd6b3303c13df755c3abb62c9c45c2f0e638fa628108c560dee2f958049d76"", ""failure_class"": null, ""max_force_eV_A"": 0.07446831678443011, ""name"": ""bfgs_standard"", ""start_geometry_sha256"": ""1f451c84ae1dd002a9693464579a661787a94abeb98afe125ea6a5327ea20ac7"", ""steps"": 57}]",12dd6b3303c13df755c3abb62c9c45c2f0e638fa628108c560dee2f958049d76,0.8958615429699741,True,0.0732307781025637,230.0,100.0,0.08,converged,,bfgs_after_fire,"[{""ase_converged"": false, ""converged"": false, ""end_geometry_sha256"": ""5536f2302db510247f13cf6ff082d15712c99d69b6e1425c21d44e50a31d5344"", ""failure_class"": ""force_threshold"", ""max_force_eV_A"": 0.23266228908262732, ""name"": ""bfgs_standard"", ""start_geometry_sha256"": ""14eab4e5a29ff752465386e28c7fd26486be00c5cc3c63786f5da2bca1baa989"", ""steps"": 100}, {""ase_converged"": false, ""converged"": false, ""end_geometry_sha256"": ""76d8a4ee94ee313cc787cdf04d79b4376fa356c154d422c9fd5d52ca1761b752"", ""failure_class"": ""force_threshold"", ""max_force_eV_A"": 0.7998548392668835, ""name"": ""fire_precondition"", ""qualifying"": false, ""start_geometry_sha256"": ""14eab4e5a29ff752465386e28c7fd26486be00c5cc3c63786f5da2bca1baa989"", ""steps"": 50}, {""ase_converged"": true, ""converged"": true, ""end_geometry_sha256"": ""edc9a03c72b8f5899c221d0a8e15e05deeef247a6db70050a08062f390e29860"", ""failure_class"": null, ""max_force_eV_A"": 0.0732307781025637, ""name"": ""bfgs_after_fire"", ""start_geometry_sha256"": ""76d8a4ee94ee313cc787cdf04d79b4376fa356c154d422c9fd5d52ca1761b752"", ""steps"": 80}]",edc9a03c72b8f5899c221d0a8e15e05deeef247a6db70050a08062f390e29860,0.6573500141501747,1.4675115288197995,step_2_O,9.0,0.0,True,2.0249354633689816,quantitative_screening,,False,1,1,8067747ed8480be86ac1,False,0.707500000035
"('HEA', ('Ti', 'Nb', 'Ag', 'Pt', 'Al', 'La'), 'amorphous', '111', 900)",HEA,False,esen-sm-conserving-all-oc25:relax-v4:orr-che-v3,True,0.0768805914532065,122,150,0.08,converged,,bfgs_standard,"[{""ase_converged"": true, ""converged"": true, ""end_geometry_sha256"": ""edca678d6cca341c7a930e5c807eb17a52b43b6532d36d8c21839804d591eeb8"", ""failure_class"": null, ""max_force_eV_A"": 0.0768805914532065, ""name"": ""bfgs_standard"", ""start_geometry_sha256"": ""30ccda83fbe4432ddd69234a54d8807a26ae4d22f5b5589d8a7b56a293431f00"", ""steps"": 122}]",edca678d6cca341c7a930e5c807eb17a52b43b6532d36d8c21839804d591eeb8,-142.38831873506922,False,,0.0,100.0,0.08,invalid_initial_geometry,atomic_overlap,none,[],7eeaa2d5ccc17ba2c238bdbccb20bda928ebc9291c47c308b38b66d06b363c66,,,,,,,,,,,,,,,,,,,,,,,,,,,,,,validation_required,Invalid oh initial geometry: atomic_overlap,True,0,0,b04d62c395373fe090f5,False,
"('HEA', ('Ti', 'Ru', 'Al', 'Si', 'Ga', 'Ce'), 'amorphous', '100', 1100)",HEA,True,esen-sm-conserving-all-oc25:relax-v4:orr-che-v3,True,0.07808569293609939,130,150,0.08,converged,,bfgs_standard,"[{""ase_converged"": true, ""converged"": true, ""end_geometry_sha256"": ""76d2a4474319a34a6e5e7a59988b2f76c389a6d6aafd3242b214a0d9197696a3"", ""failure_class"": null, ""max_force_eV_A"": 0.07808569293609939, ""name"": ""bfgs_standard"", ""start_geometry_sha256"": ""6a24ec470b4ebe65d280c35b6033213f60eb06785c3c7e49603739fd7b1d9f4d"", ""steps"": 130}]",76d2a4474319a34a6e5e7a59988b2f76c389a6d6aafd3242b214a0d9197696a3,-139.37239362067152,True,0.07362952363747508,55.0,100.0,0.08,converged,,bfgs_standard,"[{""ase_converged"": true, ""converged"": true, ""end_geometry_sha256"": ""33793903dde7a31d5dac2caf3b629b8f40b30d5014da7f79c02b2bc8f7430bb2"", ""failure_class"": null, ""max_force_eV_A"": 0.07362952363747508, ""name"": ""bfgs_standard"", ""start_geometry_sha256"": ""1d959275bc607933af0015bce1d79012b344def7db5e983f44af081d13cb9866"", ""steps"": 55}]",33793903dde7a31d5dac2caf3b629b8f40b30d5014da7f79c02b2bc8f7430bb2,-2.183548149913549,True,0.06780803989117234,29.0,100.0,0.08,converged,,bfgs_standard,"[{""ase_converged"": true, ""converged"": true, ""end_geometry_sha256"": ""79915cd69d3031ffc061d554225fb4e1246c5eee95d66122fb644dae66aa31c9"", ""failure_class"": null, ""max_force_eV_A"": 0.06780803989117234, ""name"": ""bfgs_standard"", ""start_geometry_sha256"": ""030c9f4be4443d331991f20b4e1960fd714b6a6318711be45306a6e47ef55705"", ""steps"": 29}]",79915cd69d3031ffc061d554225fb4e1246c5eee95d66122fb644dae66aa31c9,-1.7035494677722134,True,0.07244771055058613,74.0,100.0,0.08,converged,,bfgs_standard,"[{""ase_converged"": true, ""converged"": true, ""end_geometry_sha256"": ""4235bef2531dee81432eae4f5f91ee99ba555e690900c1faa2aae3bfaff198e6"", ""failure_class"": null, ""max_force_eV_A"": 0.07244771055058613, ""name"": ""bfgs_standard"", ""start_geometry_sha256"": ""c5710ed1b8975be030048c3b3e6980354bae443c0a119d2854d53a1f917c401f"", ""steps"": 74}]",4235bef2531dee81432eae4f5f91ee99ba555e690900c1faa2aae3bfaff198e6,-3.1112046733498824,3.0,step_4_H2O,10.0,0.0,True,3.887097617685763,quantitative_screening,,False,0,0,835cd845c4a3edece2ce,False,0.8739350657946708
"('HEA', ('Ti', 'Ag', 'Ta', 'W', 'Al', 'Ce'), 'bcc', '110', 900)",HEA,True,esen-sm-conserving-all-oc25:relax-v4:orr-che-v3,True,0.0774052201809189,115,150,0.08,converged,,bfgs_standard,"[{""ase_converged"": true, ""converged"": true, ""end_geometry_sha256"": ""97ea5dbd8d0637fde82a36014a57a6f373f5a8d7ed762765dca1299a153bda76"", ""failure_class"": null, ""max_force_eV_A"": 0.0774052201809189, ""name"": ""bfgs_standard"", ""start_geometry_sha256"": ""9d501e81c6f634a6973f4090e3c12d965dcbf40f109adc00022bfe4984716762"", ""steps"": 115}]",97ea5dbd8d0637fde82a36014a57a6f373f5a8d7ed762765dca1299a153bda76,-261.385704445558,True,0.056620883377486574,71.0,100.0,0.08,converged,,bfgs_standard,"[{""ase_converged"": true, ""converged"": true, ""end_geometry_sha256"": ""527e9d392c99ec49cbd449409b925374145bac8f04eea11fb354c5ad57873784"", ""failure_class"": null, ""max_force_eV_A"": 0.056620883377486574, ""name"": ""bfgs_standard"", ""start_geometry_sha256"": ""8c9f3022f927f4baa1676b8d2f5bb68060e6398f29f792677f5a5603a31d8990"", ""steps"": 71}]",527e9d392c99ec49cbd449409b925374145bac8f04eea11fb354c5ad57873784,-3.4953119133412835,True,0.07642482710640294,271.0,100.0,0.08,converged,,bfgs_after_fire,"[{""ase_converged"": false, ""converged"": false, ""end_geometry_sha256"": ""f443d5886a50f90913ccc9863b45d197ad88f510c40f42529b6c82e6247f1592"", ""failure_class"": ""force_threshold"", ""max_force_eV_A"": 0.22198699545860295, ""name"": ""bfgs_standard"", ""start_geometry_sha256"": ""43ac1f07add411247b72a4550273c1fbb2a46ef326e976fbfc1b0c5f02da0303"", ""steps"": 100}, {""ase_converged"": false, ""converged"": false, ""end_geometry_sha256"": ""56b7bb3bb5eddeb56ba2993d3eb13d2bfd298af881e85a241d887572897ff4d1"", ""failure_class"": ""force_threshold"", ""max_force_eV_A"": 0.31386263438848055, ""name"": ""fire_precondition"", ""qualifying"": false, ""start_geometry_sha256"": ""43ac1f07add411247b72a4550273c1fbb2a46ef326e976fbfc1b0c5f02da0303"", ""steps"": 50}, {""ase_converged"": true, ""converged"": true, ""end_geometry_sha256"": ""9e034556f777fe592986e1cf7fcf75edeb1037bf0e3ea197ffe9a4172d6e5a98"", ""failure_class"": null, ""max_force_eV_A"": 0.07642482710640294, ""name"": ""bfgs_after_fire"", ""start_geometry_sha256"": ""56b7bb3bb5eddeb56ba2993d3eb13d2bfd298af881e85a241d887572897ff4d1"", ""steps"": 121}]",9e034556f777fe592986e1cf7fcf75edeb1037bf0e3ea197ffe9a4172d6e5a98,-3.879143797606255,True,0.07983377111530938,70.0,100.0,0.08,converged,,bfgs_standard,"[{""ase_converged"": true, ""converged"": true, ""end_geometry_sha256"": ""9cac215be7b2e5916d71867babd6b84f825668871fa4fa0768497e615b28c1dd"", ""failure_class"": null, ""max_force_eV_A"": 0.07983377111530938, ""name"": ""bfgs_standard"", ""start_geometry_sha256"": ""3431ceb32ba783388598f87c5ccdfcea0ed9e49bafb8ce01c6b8fd5b41be28fe"", ""steps"": 70}]",9cac215be7b2e5916d71867babd6b84f825668871fa4fa0768497e615b28c1dd,-3.837832023203398,3.0,step_4_H2O,10.0,0.0,True,7.374455710947538,quantitative_screening,,False,2,2,f84d0a40239f24aa557b,False,0.8739350657946708
"('HEA', ('Ti', 'Hf', 'W', 'Ga', 'Sn', 'Sb'), 'fcc', '110', 1100)",HEA,False,esen-sm-conserving-all-oc25:relax-v4:orr-che-v3,True,0.05338215857001849,78,150,0.08,converged,,bfgs_standard,"[{""ase_converged"": true, ""converged"": true, ""end_geometry_sha256"": ""8a230bbda53dc3807d66e10cd0cddf15a69517f3da5bfc097e56b0661a6ad84d"", ""failure_class"": null, ""max_force_eV_A"": 0.05338215857001849, ""name"": ""bfgs_standard"", ""start_geometry_sha256"": ""9605352c67102207ecba84cd5c444ab6f359a942a357f0c86d4d70558e917e71"", ""steps"": 78}]",8a230bbda53dc3807d66e10cd0cddf15a69517f3da5bfc097e56b0661a6ad84d,-261.48058293788097,True,0.07631054378164912,72.0,100.0,0.08,converged,,bfgs_standard,"[{""ase_converged"": true, ""converged"": true, ""end_geometry_sha256"": ""7b7c15baa3e0d1fd46925e72cb067d1473ba6d63a5dce989f8a52dda1da5ca99"", ""failure_class"": null, ""max_force_eV_A"": 0.07631054378164912, ""name"": ""bfgs_standard"", ""start_geometry_sha256"": ""5bf358b981cc2ed81d80eb588097ddd9a054a070ab0d84b64aa21c4164cfcac7"", ""steps"": 72}]",7b7c15baa3e0d1fd46925e72cb067d1473ba6d63a5dce989f8a52dda1da5ca99,-2.54985445484519,True,0.07868270330218632,49.0,100.0,0.08,converged,,bfgs_standard,"[{""ase_converged"": true, ""converged"": true, ""end_geometry_sha256"": ""ca6d6ea6001bd223d90ccf99d10efc8d6f77f2621db6d8774033675be8242fc0"", ""failure_class"": null, ""max_force_eV_A"": 0.07868270330218632, ""name"": ""bfgs_standard"", ""start_geometry_sha256"": ""124924399de0c3f710a23da217e4bfee62e534dec8fd942582d3b3a683a458b6"", ""steps"": 49}]",ca6d6ea6001bd223d90ccf99d10efc8d6f77f2621db6d8774033675be8242fc0,-2.041199766844536,False,0.382664311441797,650.0,100.0,0.08,recovery_exhausted,force_threshold,fire_small_step,"[{""ase_converged"": false, ""converged"": false, ""end_geometry_sha256"": ""05522c5acff7feeb73d79668eb9a9584ae18d2795e50347c012879b5bcd02dbf"", ""failure_class"": ""force_threshold"", ""max_force_eV_A"": 1.4088422964610228, ""name"": ""bfgs_standard"", ""start_geometry_sha256"": ""49ad007c725a622bfa49c1232fd106b2893e8e4dc2ad69529ff7653036af56b5"", ""steps"": 100}, {""ase_converged"": false, ""converged"": false, ""end_geometry_sha256"": ""f2894d26b0a32f50509a855b187d9b6c040ca6d78b22b80b2468df7d9a1ba915"", ""failure_class"": ""force_threshold"", ""max_force_eV_A"": 6.911212949879213, ""name"": ""fire_precondition"", ""qualifying"": false, ""start_geometry_sha256"": ""49ad007c725a622bfa49c1232fd106b2893e8e4dc2ad69529ff7653036af56b5"", ""steps"": 50}, {""ase_converged"": false, ""converged"": false, ""end_geometry_sha256"": ""85e270a7bcabf23540e29471aabfb281472f6402c8fb8c9a90d787f97fa751de"", ""failure_class"": ""force_threshold"", ""max_force_eV_A"": 0.3827285211177098, ""name"": ""bfgs_after_fire"", ""start_geometry_sha256"": ""f2894d26b0a32f50509a855b187d9b6c040ca6d78b22b80b2468df7d9a1ba915"", ""steps"": 200}, {""ase_converged"": false, ""converged"": false, ""end_geometry_sha256"": ""f1e92215fcd43b817612cdf4de5007912ff0c0cf645fbe828759f1d040b8f907"", ""failure_class"": ""force_threshold"", ""max_force_eV_A"": 0.382664311441797, ""name"": ""fire_small_step"", ""start_geometry_sha256"": ""85e270a7bcabf23540e29471aabfb281472f6402c8fb8c9a90d787f97fa751de"", ""steps"": 300}]",f1e92215fcd43b817612cdf4de5007912ff0c0cf645fbe828759f1d040b8f907,,,,,,,,validation_required,Unconverged ooh relaxation: max_force=0.382664 eV/A after 650 cumulative recovery steps,True,1,1,b1216f0b0dc35f0b017d,False,
"('HEA', ('V', 'Cr', 'Fe', 'Zn', 'Y', 'Sc'), 'bcc', '211', 1100)",HEA,True,esen-sm-conserving-all-oc25:relax-v4:orr-che-v3,True,0.06664885568789589,20,150,0.08,converged,,bfgs_standard,"[{""ase_converged"": true, ""converged"": true, ""end_geometry_sha256"": ""4df66a60b35d7cff4d3fb22c3331de1dbee586d04631b10c782d47e8e4b085d8"", ""failure_class"": null, ""max_force_eV_A"": 0.06664885568789589, ""name"": ""bfgs_standard"", ""start_geometry_sha256"": ""51e3238119479e2a6ab508c53d4cab9d46a6a2118982884054f8ca418a6aa2a6"", ""steps"": 20}]",4df66a60b35d7cff4d3fb22c3331de1dbee586d04631b10c782d47e8e4b085d8,-292.34245266729397,True,0.07458179863102045,58.0,100.0,0.08,converged,,bfgs_standard,"[{""ase_converged"": true, ""converged"": true, ""end_geometry_sha256"": ""bc03708753220e46a3c18cf3f406a90cf6ca72021c812c482a1cac2d76a3073a"", ""failure_class"": null, ""max_force_eV_A"": 0.07458179863102045, ""name"": ""bfgs_standard"", ""start_geometry_sha256"": ""9e104dc58a970d03728538e4ef6e4262eb129707c3a5c6bef2d09531e549fcca"", ""steps"": 58}]",bc03708753220e46a3c18cf3f406a90cf6ca72021c812c482a1cac2d76a3073a,-1.5759698723256588,True,0.07135327804192895,23.0,100.0,0.08,converged,,bfgs_standard,"[{""ase_converged"": true, ""converged"": true, ""end_geometry_sha256"": ""d559e5524284ecb6173fc8b93278dc359b428f620c9d3c5753f785c65191f080"", ""failure_class"": null, ""max_force_eV_A"": 0.07135327804192895, ""name"": ""bfgs_standard"", ""start_geometry_sha256"": ""1d00f55d6cd7819e956c78deffb76dd3400d028d96cd6223f42421a8c26f2d68"", ""steps"": 23}]",d559e5524284ecb6173fc8b93278dc359b428f620c9d3c5753f785c65191f080,-2.2710734240710986,True,0.079647057115689,265.0,100.0,0.08,converged,,bfgs_after_fire,"[{""ase_converged"": false, ""converged"": false, ""end_geometry_sha256"": ""70ffb9529b75536b63a530d8c34c90f7418ea7b472d262aa4cf2e93530e9006e"", ""failure_class"": ""force_threshold"", ""max_force_eV_A"": 0.4689775580058705, ""name"": ""bfgs_standard"", ""start_geometry_sha256"": ""c0f76f762bc6b867324251b476fd1193edbf59cc752f64b0b8773249971fbd57"", ""steps"": 100}, {""ase_converged"": false, ""converged"": false, ""end_geometry_sha256"": ""6f24dfe0d2b8e0f4e5ee286254279a0932efc07da2997d85aa74ab5256d087d1"", ""failure_class"": ""force_threshold"", ""max_force_eV_A"": 6.375076865280671, ""name"": ""fire_precondition"", ""qualifying"": false, ""start_geometry_sha256"": ""c0f76f762bc6b867324251b476fd1193edbf59cc752f64b0b8773249971fbd57"", ""steps"": 50}, {""ase_converged"": true, ""converged"": true, ""end_geometry_sha256"": ""d8edd3f8287687d74a9fc8fb7b8d40a34bc1facfacb6d0ff66d26dfdba63b446"", ""failure_class"": null, ""max_force_eV_A"": 0.079647057115689, ""name"": ""bfgs_after_fire"", ""start_geometry_sha256"": ""6f24dfe0d2b8e0f4e5ee286254279a0932efc07da2997d85aa74ab5256d087d1"", ""steps"": 115}]",d8edd3f8287687d74a9fc8fb7b8d40a34bc1facfacb6d0ff66d26dfdba63b446,4.0110792621969935,2.8049698723256586,step_4_H2O,5.0,0.0,True,3.847043296396757,quantitative_screening,,False,0,0,928feaaad3e3c8872134,False,0.902500000035
"('HEA', ('V', 'Cr', 'Cu', 'Rh', 'Pd', 'Ga'), 'amorphous', '111', 900)",HEA,True,esen-sm-conserving-all-oc25:relax-v4:orr-che-v3,True,0.07541515003493489,64,150,0.08,converged,,bfgs_standard,"[{""ase_converged"": true, ""converged"": true, ""end_geometry_sha256"": ""864c1e2abc40667f125869aa2f4b0ddc32428bbe8921e103d77935eb9167daa0"", ""failure_class"": null, ""max_force_eV_A"": 0.07541515003493489, ""name"": ""bfgs_standard"", ""start_geometry_sha256"": ""7d1a7e5a64bd99b872e18b56327f9e44287f703bea87465832a21fea75b05060"", ""steps"": 64}]",864c1e2abc40667f125869aa2f4b0ddc32428bbe8921e103d77935eb9167daa0,-208.96972846383187,True,0.060967052297446506,93.0,100.0,0.08,converged,,bfgs_standard,"[{""ase_converged"": true, ""converged"": true, ""end_geometry_sha256"": ""9222718a08bc5e9d4c9fde49c93e674f7124058eeebf4b83374cf2981661f529"", ""failure_class"": null, ""max_force_eV_A"": 0.060967052297446506, ""name"": ""bfgs_standard"", ""start_geometry_sha256"": ""38b1ed523e4b41757aecd9122093bc441fad4e93da950f694d3f0caf4c2a0d92"", ""steps"": 93}]",9222718a08bc5e9d4c9fde49c93e674f7124058eeebf4b83374cf2981661f529,4.571586432605981,True,0.053456747154300974,64.0,100.0,0.08,converged,,bfgs_standard,"[{""ase_converged"": true, ""converged"": true, ""end_geometry_sha256"": ""1c0dbbbe2147a19888d4826c8f5feb00b955de8c8f5c7f37e041da420f1f07cd"", ""failure_class"": null, ""max_force_eV_A"": 0.053456747154300974, ""name"": ""bfgs_standard"", ""start_geometry_sha256"": ""33fc99af175749ff9277c317bbd6db78c1114b7c56c0f4ccf9bf54f34ef79f4b"", ""steps"": 64}]",1c0dbbbe2147a19888d4826c8f5feb00b955de8c8f5c7f37e041da420f1f07cd,-0.6647311083972702,True,0.06013117070239558,266.0,100.0,0.08,converged,,bfgs_after_fire,"[{""ase_converged"": false, ""converged"": false, ""end_geometry_sha256"": ""93894db52b3f12ca05801606d66ffb08f4eaaadaeeaf6d87800023a9d475dc32"", ""failure_class"": ""force_threshold"", ""max_force_eV_A"": 2.3813840536741906, ""name"": ""bfgs_standard"", ""start_geometry_sha256"": ""424ba3103633072062098fa7070acfa7369643f7027c50a2d63682f826ac97f1"", ""steps"": 100}, {""ase_converged"": false, ""converged"": false, ""end_geometry_sha256"": ""82e34d17dbdef1b66c19932ee68509080631885a40c727720a49779b53a6d50e"", ""failure_class"": ""force_threshold"", ""max_force_eV_A"": 1.6964475487364294, ""name"": ""fire_precondition"", ""qualifying"": false, ""start_geometry_sha256"": ""424ba3103633072062098fa7070acfa7369643f7027c50a2d63682f826ac97f1"", ""steps"": 50}, {""ase_converged"": true, ""converged"": true, ""end_geometry_sha256"": ""b791de45b560c63afd9aa51c264e14ae7f437d4d12a95a754eb18863db6d292a"", ""failure_class"": null, ""max_force_eV_A"": 0.06013117070239558, ""name"": ""bfgs_after_fire"", ""start_geometry_sha256"": ""82e34d17dbdef1b66c19932ee68509080631885a40c727720a49779b53a6d50e"", ""steps"": 116}]",b791de45b560c63afd9aa51c264e14ae7f437d4d12a95a754eb18863db6d292a,4.524377296864962,3.0,step_3_OH,6.0,-1.2264074905994349,True,5.236317541003252,quantitative_screening,,False,0,0,6b50955544835fbf10c9,False,0.902500000035
"('HEA', ('V', 'Mn', 'Fe', 'Co', 'Cu', 'Ag'), 'amorphous', '100', 1100)",HEA,False,esen-sm-conserving-all-oc25:relax-v4:orr-che-v3,True,0.0729558977355825,40,150,0.08,converged,,bfgs_standard,"[{""ase_converged"": true, ""converged"": true, ""end_geometry_sha256"": ""3b569762c7be6532850cc174dbd5e8322d13a369ed9d7b1ce45b6d13362294e9"", ""failure_class"": null, ""max_force_eV_A"": 0.0729558977355825, ""name"": ""bfgs_standard"", ""start_geometry_sha256"": ""660737c3980b5f1682d9c8ff84308ae8948eec62b5aae30fdf97292a3f09c7e3"", ""steps"": 40}]",3b569762c7be6532850cc174dbd5e8322d13a369ed9d7b1ce45b6d13362294e9,-215.0626809043361,True,0.06537407552367554,263.0,100.0,0.08,converged,,bfgs_after_fire,"[{""ase_converged"": false, ""converged"": false, ""end_geometry_sha256"": ""8c03234eb41114ce65d0b648863bb4da732ce5be645947a210b2267f029ddb12"", ""failure_class"": ""force_threshold"", ""max_force_eV_A"": 0.15939044932930121, ""name"": ""bfgs_standard"", ""start_geometry_sha256"": ""8fe5f325bce737eecc2404acf7df65e0b26bf5c8ef351953ae7f11967f42ff04"", ""steps"": 100}, {""ase_converged"": false, ""converged"": false, ""end_geometry_sha256"": ""3ddeeb6c2cfeac8582f77383894e063022fb4a7428cf2c926d674344302a1ee0"", ""failure_class"": ""force_threshold"", ""max_force_eV_A"": 0.7061619971224617, ""name"": ""fire_precondition"", ""qualifying"": false, ""start_geometry_sha256"": ""8fe5f325bce737eecc2404acf7df65e0b26bf5c8ef351953ae7f11967f42ff04"", ""steps"": 50}, {""ase_converged"": true, ""converged"": true, ""end_geometry_sha256"": ""2957135141d2bafba0fc7da5fdf83472bb597831a906e132a7d1290cc91ac189"", ""failure_class"": null, ""max_force_eV_A"": 0.06537407552367554, ""name"": ""bfgs_after_fire"", ""start_geometry_sha256"": ""3ddeeb6c2cfeac8582f77383894e063022fb4a7428cf2c926d674344302a1ee0"", ""steps"": 113}]",2957135141d2bafba0fc7da5fdf83472bb597831a906e132a7d1290cc91ac189,-3.4165346001089185,True,0.07081754979470052,94.0,100.0,0.08,converged,,bfgs_standard,"[{""ase_converged"": true, ""converged"": true, ""end_geometry_sha256"": ""1cd2ef157019f3dfb4f1f5b3c030fd196821592bd31ab683e0d05bc598503f48"", ""failure_class"": null, ""max_force_eV_A"": 0.07081754979470052, ""name"": ""bfgs_standard"", ""start_geometry_sha256"": ""7233558b9eb588d41b2cb33177a2c1e7b80eb1b6a8d6fe4d4a1d1f9e30aaceef"", ""steps"": 94}]",1cd2ef157019f3dfb4f1f5b3c030fd196821592bd31ab683e0d05bc598503f48,-3.0816927783191455,False,0.4080055424168007,650.0,100.0,0.08,recovery_exhausted,force_threshold,fire_small_step,"[{""ase_converged"": false, ""converged"": false, ""end_geometry_sha256"": ""36b131799a5236b13f42d1a7e21d33292ec0ab3bd0dbaae9410fac3f5df1448c"", ""failure_class"": ""force_threshold"", ""max_force_eV_A"": 1.3373388035874119, ""name"": ""bfgs_standard"", ""start_geometry_sha256"": ""1ab9b2b52699242eb016055f571c3591cfcdf7270cc1657926dc6298ef095f6c"", ""steps"": 100}, {""ase_converged"": false, ""converged"": false, ""end_geometry_sha256"": ""559a913a0e880b95722eb59d5b995e69ee02a0247cb308bcbec43b7e67f2a462"", ""failure_class"": ""force_threshold"", ""max_force_eV_A"": 10.702840695130709, ""name"": ""fire_precondition"", ""qualifying"": false, ""start_geometry_sha256"": ""1ab9b2b52699242eb016055f571c3591cfcdf7270cc1657926dc6298ef095f6c"", ""steps"": 50}, {""ase_converged"": false, ""converged"": false, ""end_geometry_sha256"": ""3666d9662644506869cf4aa6e9d8fded9227ea7664293e05323a5ce60c1f48c2"", ""failure_class"": ""force_threshold"", ""max_force_eV_A"": 0.889684829828786, ""name"": ""bfgs_after_fire"", ""start_geometry_sha256"": ""559a913a0e880b95722eb59d5b995e69ee02a0247cb308bcbec43b7e67f2a462"", ""steps"": 200}, {""ase_converged"": false, ""converged"": false, ""end_geometry_sha256"": ""71802610cd002bed33e9362479ef0dbd0a713ac27950ddd7ec520c59946be3fb"", ""failure_class"": ""force_threshold"", ""max_force_eV_A"": 0.4080055424168007, ""name"": ""fire_small_step"", ""start_geometry_sha256"": ""3666d9662644506869cf4aa6e9d8fded9227ea7664293e05323a5ce60c1f48c2"", ""steps"": 300}]",71802610cd002bed33e9362479ef0dbd0a713ac27950ddd7ec520c59946be3fb,,,,,,,,validation_required,Unconverged ooh relaxation: max_force=0.408006 eV/A after 650 cumulative recovery steps,True,2,2,baea65839de1edb62001,False,
"('HEA', ('V', 'Mn', 'Ni', 'Ge', 'Ce', 'Y'), 'bcc', '110', 900)",HEA,True,esen-sm-conserving-all-oc25:relax-v4:orr-che-v3,True,0.07729022794931364,28,150,0.08,converged,,bfgs_standard,"[{""ase_converged"": true, ""converged"": true, ""end_geometry_sha256"": ""b07404286730500bbb37440fbc67acb1b7a0db32a307015023696539ed0f1eb1"", ""failure_class"": null, ""max_force_eV_A"": 0.07729022794931364, ""name"": ""bfgs_standard"", ""start_geometry_sha256"": ""1d26911571fa4deec8055a8faf7d9e46e455b72e234e198a89241c152bbb519a"", ""steps"": 28}]",b07404286730500bbb37440fbc67acb1b7a0db32a307015023696539ed0f1eb1,-293.5230225803424,True,0.07571661607956612,79.0,100.0,0.08,converged,,bfgs_standard,"[{""ase_converged"": true, ""converged"": true, ""end_geometry_sha256"": ""d77b4f9c66c96644832886c362c7ea3991011db0e0602dcccae7a8b6d6b8e95d"", ""failure_class"": null, ""max_force_eV_A"": 0.07571661607956612, ""name"": ""bfgs_standard"", ""start_geometry_sha256"": ""50987cd13dbeada154a4270f85d4c577e0f5da4fe735c6e2598f72f64e614081"", ""steps"": 79}]",d77b4f9c66c96644832886c362c7ea3991011db0e0602dcccae7a8b6d6b8e95d,-2.7085363243520257,True,0.046025154741862966,29.0,100.0,0.08,converged,,bfgs_standard,"[{""ase_converged"": true, ""converged"": true, ""end_geometry_sha256"": ""4f4039d2d67ed4fd5d3651a17c53d51f50b556e935e24cce2d694ab972c5437e"", ""failure_class"": null, ""max_force_eV_A"": 0.046025154741862966, ""name"": ""bfgs_standard"", ""start_geometry_sha256"": ""5d4bcec35b64d78210874726bd9141cb059ab5bc077f89a0f3ae48694fc11f21"", ""steps"": 29}]",4f4039d2d67ed4fd5d3651a17c53d51f50b556e935e24cce2d694ab972c5437e,-1.9419012896716843,True,0.06619826340136928,83.0,100.0,0.08,converged,,bfgs_standard,"[{""ase_converged"": true, ""converged"": true, ""end_geometry_sha256"": ""e9daf9470a79a914066f5a899429e24ce0fd09b7704c1d749af12d0c9f8361ae"", ""failure_class"": null, ""max_force_eV_A"": 0.06619826340136928, ""name"": ""bfgs_standard"", ""start_geometry_sha256"": ""60fbd414fc7ae9033bd730fa8a1cad00232206c13d8cba9f21df379e319963ee"", ""steps"": 83}]",e9daf9470a79a914066f5a899429e24ce0fd09b7704c1d749af12d0c9f8361ae,2.878915260732092,3.0,step_4_H2O,8.0,0.0,True,4.65043761402371,quantitative_screening,,False,1,1,b9b86d9463bd41747f4a,False,0.8739350657946708
"('HEA', ('V', 'Mn', 'Zn', 'Mo', 'Hf', 'Sc'), 'fcc', '110', 1100)",HEA,True,esen-sm-conserving-all-oc25:relax-v4:orr-che-v3,True,0.07058801315065563,25,150,0.08,converged,,bfgs_standard,"[{""ase_converged"": true, ""converged"": true, ""end_geometry_sha256"": ""fb5a25874020812578280578bc3d440c46240119f27227c0a75b2d6883a2c4ba"", ""failure_class"": null, ""max_force_eV_A"": 0.07058801315065563, ""name"": ""bfgs_standard"", ""start_geometry_sha256"": ""e85a9a0145c0163c7f56c1be2198762ec45d3e15878f3a5abc90585a1a2b410a"", ""steps"": 25}]",fb5a25874020812578280578bc3d440c46240119f27227c0a75b2d6883a2c4ba,-299.40680808395103,True,0.06601281123874297,25.0,100.0,0.08,converged,,bfgs_standard,"[{""ase_converged"": true, ""converged"": true, ""end_geometry_sha256"": ""bd5f439d1c82d56cd1ce5fd4811ee6128465a56e60fde046abc6db36922fc2dc"", ""failure_class"": null, ""max_force_eV_A"": 0.06601281123874297, ""name"": ""bfgs_standard"", ""start_geometry_sha256"": ""5bda5a936f7000870c72fd416486423d9a982bff6a622a3540d01542ecb23a6e"", ""steps"": 25}]",bd5f439d1c82d56cd1ce5fd4811ee6128465a56e60fde046abc6db36922fc2dc,-1.60997408375144,True,0.0726618112455568,16.0,100.0,0.08,converged,,bfgs_standard,"[{""ase_converged"": true, ""converged"": true, ""end_geometry_sha256"": ""cdd8a6d2e0420248bf007864e87bf570aef02d6d54560b021ebe531660a8a14a"", ""failure_class"": null, ""max_force_eV_A"": 0.0726618112455568, ""name"": ""bfgs_standard"", ""start_geometry_sha256"": ""61d514d4926016d652aa6928060f8872fc2a4363ab3d515c4d3fec49ef627fab"", ""steps"": 16}]",cdd8a6d2e0420248bf007864e87bf570aef02d6d54560b021ebe531660a8a14a,-2.9414530627429736,True,0.057626005132201265,75.0,100.0,0.08,converged,,bfgs_standard,"[{""ase_converged"": true, ""converged"": true, ""end_geometry_sha256"": ""5e5395dd96bcfeb2143b9ab9ad7888e11804f2c59e71d643428d734679c0420b"", ""failure_class"": null, ""max_force_eV_A"": 0.057626005132201265, ""name"": ""bfgs_standard"", ""start_geometry_sha256"": ""03a09422f7576ec6166a85e416b546763e0b11bab5b4bf942fee397913ccb18f"", ""steps"": 75}]",5e5395dd96bcfeb2143b9ab9ad7888e11804f2c59e71d643428d734679c0420b,3.1830877766012895,2.83897408375144,step_4_H2O,8.0,0.0,True,4.551427146494413,quantitative_screening,,False,1,1,3f59a4ccee05bdb16e1f,False,0.902500000035
"('HEA', ('V', 'Mn', 'Re', 'Pt', 'Au', 'Ge'), 'bcc', '211', 1100)",HEA,False,esen-sm-conserving-all-oc25:relax-v4:orr-che-v3,True,0.06905968028905098,20,150,0.08,converged,,bfgs_standard,"[{""ase_converged"": true, ""converged"": true, ""end_geometry_sha256"": ""9ffd5e245a6fc94b0c972b81326afa72289f1fa5df887419bb256acf389adc0d"", ""failure_class"": null, ""max_force_eV_A"": 0.06905968028905098, ""name"": ""bfgs_standard"", ""start_geometry_sha256"": ""cb529daab66f5fca4d4943f0ac6bc66a079c2fea89693b3dcb8c34d7ff30c012"", ""steps"": 20}]",9ffd5e245a6fc94b0c972b81326afa72289f1fa5df887419bb256acf389adc0d,-302.53140903634517,True,0.07988027955793943,60.0,100.0,0.08,converged,,bfgs_standard,"[{""ase_converged"": true, ""converged"": true, ""end_geometry_sha256"": ""5cde48f8b44ca5c1cdc6dad157321617b48ad100a002eabc28e62b5b0114d449"", ""failure_class"": null, ""max_force_eV_A"": 0.07988027955793943, ""name"": ""bfgs_standard"", ""start_geometry_sha256"": ""d5846a3d5bc60c77cd8a3cb24b254f3f13db8f92e978aff88ba1b9bd2d4f1cd2"", ""steps"": 60}]",5cde48f8b44ca5c1cdc6dad157321617b48ad100a002eabc28e62b5b0114d449,0.9276388312876225,True,0.07398978359972501,25.0,100.0,0.08,converged,,bfgs_standard,"[{""ase_converged"": true, ""converged"": true, ""end_geometry_sha256"": ""3b6f94163d02a911544ec81a5bca7b4e2b402871d5514017c7e760ad9c7bf2e7"", ""failure_class"": null, ""max_force_eV_A"": 0.07398978359972501, ""name"": ""bfgs_standard"", ""start_geometry_sha256"": ""ef74c761a35e44ecdac9ba376f610013b831975eabc33f5bf7e6289969a14681"", ""steps"": 25}]",3b6f94163d02a911544ec81a5bca7b4e2b402871d5514017c7e760ad9c7bf2e7,0.3646210797130813,False,22.341975683379893,650.0,100.0,0.08,recovery_exhausted,force_threshold,bfgs_standard,"[{""ase_converged"": false, ""converged"": false, ""end_geometry_sha256"": ""a71ce3026d9a40631e1d547a3dd612ba4d4e80c58b756bea585d3800993a7a9d"", ""failure_class"": ""force_threshold"", ""max_force_eV_A"": 22.341975683379893, ""name"": ""bfgs_standard"", ""start_geometry_sha256"": ""6a1e20e4d650a5f3947cd91306850785b537ae3dd124a75709e1ec9d77649df1"", ""steps"": 100}, {""ase_converged"": false, ""converged"": false, ""end_geometry_sha256"": ""ac78d9af4cf3196414f05b3bba46f917ee484ed4121f41defe16d01d246ee811"", ""failure_class"": ""force_threshold"", ""max_force_eV_A"": 31.22200300421731, ""name"": ""fire_precondition"", ""qualifying"": false, ""start_geometry_sha256"": ""6a1e20e4d650a5f3947cd91306850785b537ae3dd124a75709e1ec9d77649df1"", ""steps"": 50}, {""ase_converged"": false, ""converged"": false, ""end_geometry_sha256"": ""33c55bc8f1f12cc6b1310702ce2e7558aa39dc571abde7eacb07b1696feae0eb"", ""failure_class"": ""force_threshold"", ""max_force_eV_A"": 413.28351002179147, ""name"": ""bfgs_after_fire"", ""start_geometry_sha256"": ""ac78d9af4cf3196414f05b3bba46f917ee484ed4121f41defe16d01d246ee811"", ""steps"": 200}, {""ase_converged"": false, ""converged"": false, ""end_geometry_sha256"": ""1bdba11373f621813e0168e30afab18f236eb5548bcb98d76d72afbb30ab7f76"", ""failure_class"": ""force_threshold"", ""max_force_eV_A"": 29.898696488281015, ""name"": ""fire_small_step"", ""start_geometry_sha256"": ""a71ce3026d9a40631e1d547a3dd612ba4d4e80c58b756bea585d3800993a7a9d"", ""steps"": 300}]",a71ce3026d9a40631e1d547a3dd612ba4d4e80c58b756bea585d3800993a7a9d,,,,,,,,validation_required,Unconverged ooh relaxation: max_force=22.342 eV/A after 650 cumulative recovery steps,True,0,0,0f62b8af071cc59cdeda,False,
"('Spinel', 'Ni', 'Al', 'W', 'nanoparticle', 'graphene_oxide')",Spinel,True,esen-sm-conserving-all-oc25:relax-v4:orr-che-v3,True,0.07690956200481716,124,150,0.08,converged,,bfgs_standard,"[{""ase_converged"": true, ""converged"": true, ""end_geometry_sha256"": ""7c74ded895d8a8ed2cba650eab82a1299f2415f4508b5fc579d9f36f8323e714"", ""failure_class"": null, ""max_force_eV_A"": 0.07690956200481716, ""name"": ""bfgs_standard"", ""start_geometry_sha256"": ""64cc3ff132b64e17e93c64474f82d63c98f02e87a9741f1ce8ba8955e45c255a"", ""steps"": 124}]",7c74ded895d8a8ed2cba650eab82a1299f2415f4508b5fc579d9f36f8323e714,-355.22711504856414,True,0.06363108622381373,180.0,100.0,0.08,converged,,bfgs_after_fire,"[{""ase_converged"": false, ""converged"": false, ""end_geometry_sha256"": ""2fe444dde923bb8c482a874460f58457fa106dbf95227a40f4e45c4dc3988bc5"", ""failure_class"": ""force_threshold"", ""max_force_eV_A"": 0.37632989888202006, ""name"": ""bfgs_standard"", ""start_geometry_sha256"": ""690d0be394bfd12a6ef475b62c6ee1ab91e4d48529a6e154ba68531e221d064d"", ""steps"": 100}, {""ase_converged"": false, ""converged"": false, ""end_geometry_sha256"": ""cdedf24a8f6dcff5558a7d24dd8de55f3b74cafd0ddd5df097ba427b0088561e"", ""failure_class"": ""force_threshold"", ""max_force_eV_A"": 0.5300754968643158, ""name"": ""fire_precondition"", ""qualifying"": false, ""start_geometry_sha256"": ""690d0be394bfd12a6ef475b62c6ee1ab91e4d48529a6e154ba68531e221d064d"", ""steps"": 50}, {""ase_converged"": true, ""converged"": true, ""end_geometry_sha256"": ""f242e634d7d9b5c13401e78e46c61a7d491a80e66c0baf712b6c1ef400520af1"", ""failure_class"": null, ""max_force_eV_A"": 0.06363108622381373, ""name"": ""bfgs_after_fire"", ""start_geometry_sha256"": ""cdedf24a8f6dcff5558a7d24dd8de55f3b74cafd0ddd5df097ba427b0088561e"", ""steps"": 30}]",f242e634d7d9b5c13401e78e46c61a7d491a80e66c0baf712b6c1ef400520af1,1.378286185413599,True,0.07874657524615984,67.0,100.0,0.08,converged,,bfgs_standard,"[{""ase_converged"": true, ""converged"": true, ""end_geometry_sha256"": ""8803d98b97ee0dbc610ba6be7479b193addfd90a0e05503934495903e5d1553d"", ""failure_class"": null, ""max_force_eV_A"": 0.07874657524615984, ""name"": ""bfgs_standard"", ""start_geometry_sha256"": ""a828cc614b1a6767f0d3b614e729b8ac9b778f4bcb046e45ccf1e9a0a1633721"", ""steps"": 67}]",8803d98b97ee0dbc610ba6be7479b193addfd90a0e05503934495903e5d1553d,0.707006371766304,True,0.07961521588775941,196.0,100.0,0.08,converged,,bfgs_after_fire,"[{""ase_converged"": false, ""converged"": false, ""end_geometry_sha256"": ""a9bd9c6e0cadb505d19672946ef32c7ad724f2dc1afaf7918cacb4d7314d5657"", ""failure_class"": ""force_threshold"", ""max_force_eV_A"": 0.5150541336292609, ""name"": ""bfgs_standard"", ""start_geometry_sha256"": ""938873a261a1dd38b0a8448b91b03d97f4bf9c229fd9328f8125a1b451d40086"", ""steps"": 100}, {""ase_converged"": false, ""converged"": false, ""end_geometry_sha256"": ""41c770b379f7c074dff9132534e0c9f6dc84509e1811bbe664a94ad83de823b2"", ""failure_class"": ""force_threshold"", ""max_force_eV_A"": 0.9409840686195103, ""name"": ""fire_precondition"", ""qualifying"": false, ""start_geometry_sha256"": ""938873a261a1dd38b0a8448b91b03d97f4bf9c229fd9328f8125a1b451d40086"", ""steps"": 50}, {""ase_converged"": true, ""converged"": true, ""end_geometry_sha256"": ""5512d56533fb8b0beb1bb4b3565de10c6de0ea230c0ab9e566bbc10450a857e8"", ""failure_class"": null, ""max_force_eV_A"": 0.07961521588775941, ""name"": ""bfgs_after_fire"", ""start_geometry_sha256"": ""41c770b379f7c074dff9132534e0c9f6dc84509e1811bbe664a94ad83de823b2"", ""steps"": 46}]",5512d56533fb8b0beb1bb4b3565de10c6de0ea230c0ab9e566bbc10450a857e8,2.2114243015646684,1.9002798136472951,step_3_OH,10.0,0.0,True,2.085292557179903,quantitative_screening,,False,1,1,c6f6861450b07d9e7150,False,0.740000000035
"('Spinel', 'Ni', 'Ti', 'Y', 'mesoporous', 'graphene_oxide')",Spinel,True,esen-sm-conserving-all-oc25:relax-v4:orr-che-v3,True,0.07229710500023886,365,150,0.08,converged,,bfgs_after_fire,"[{""ase_converged"": false, ""converged"": false, ""end_geometry_sha256"": ""3fad19171542c431b8bf2b27092213ca98fa83ecf51fa96dd42c1e83e11d68f7"", ""failure_class"": ""force_threshold"", ""max_force_eV_A"": 0.40234852702446633, ""name"": ""bfgs_standard"", ""start_geometry_sha256"": ""dc480f8cafa24b2adeb3b5bf3d393edb1271e03d22f13568d3bef11428631aa1"", ""steps"": 150}, {""ase_converged"": false, ""converged"": false, ""end_geometry_sha256"": ""af4596ee1303bce8509b95d529b462113324aee5a59746876beb59d48c144020"", ""failure_class"": ""force_threshold"", ""max_force_eV_A"": 1.7018796891060792, ""name"": ""fire_precondition"", ""qualifying"": false, ""start_geometry_sha256"": ""dc480f8cafa24b2adeb3b5bf3d393edb1271e03d22f13568d3bef11428631aa1"", ""steps"": 75}, {""ase_converged"": true, ""converged"": true, ""end_geometry_sha256"": ""f7a412477f830c2a77f7c263a7e1a81a26f3b76fe6b6c6bba0730310d0ffe548"", ""failure_class"": null, ""max_force_eV_A"": 0.07229710500023886, ""name"": ""bfgs_after_fire"", ""start_geometry_sha256"": ""af4596ee1303bce8509b95d529b462113324aee5a59746876beb59d48c144020"", ""steps"": 140}]",f7a412477f830c2a77f7c263a7e1a81a26f3b76fe6b6c6bba0730310d0ffe548,-419.0448826531501,True,0.07262488508280975,68.0,100.0,0.08,converged,,bfgs_standard,"[{""ase_converged"": true, ""converged"": true, ""end_geometry_sha256"": ""3b13e1ddfc298c2327e444b5ab72de7aad0f21b34fd43aa667cee12d69a13c5c"", ""failure_class"": null, ""max_force_eV_A"": 0.07262488508280975, ""name"": ""bfgs_standard"", ""start_geometry_sha256"": ""be72bc573b6cb5a66c4e40df8ffc8b8e5f0aaa4f8811ee0d2dfe73765b2f77a6"", ""steps"": 68}]",3b13e1ddfc298c2327e444b5ab72de7aad0f21b34fd43aa667cee12d69a13c5c,-0.7174560402334305,True,0.07877644364063097,47.0,100.0,0.08,converged,,bfgs_standard,"[{""ase_converged"": true, ""converged"": true, ""end_geometry_sha256"": ""4d7e717a1c84630ba6a3b01daf28fb0d1234add54e76088b94192316525c4a1d"", ""failure_class"": null, ""max_force_eV_A"": 0.07877644364063097, ""name"": ""bfgs_standard"", ""start_geometry_sha256"": ""d9ff6dfeff725ba19f39d779ec4248bc485ac8aefd82bb5fda200a5f64a81220"", ""steps"": 47}]",4d7e717a1c84630ba6a3b01daf28fb0d1234add54e76088b94192316525c4a1d,2.9030064709484327,True,0.07860710572341527,58.0,100.0,0.08,converged,,bfgs_standard,"[{""ase_converged"": true, ""converged"": true, ""end_geometry_sha256"": ""d48dd9ce05a1fe0f24a522cc0a935c3ade2312d1af5a212b7c0489d4e523ca0a"", ""failure_class"": null, ""max_force_eV_A"": 0.07860710572341527, ""name"": ""bfgs_standard"", ""start_geometry_sha256"": ""dd8831715d991d1304cfe3139a851b252809fed09fb97102c862f0e6d5840cf6"", ""steps"": 58}]",d48dd9ce05a1fe0f24a522cc0a935c3ade2312d1af5a212b7c0489d4e523ca0a,2.4635681614279497,1.9464560402334306,step_4_H2O,10.0,0.0,True,3.620462511181863,quantitative_screening,,False,2,2,1d09b82b533f385f3621,False,0.740000000035
"('Spinel', 'Ni', 'Ti', 'Zr', 'nanoparticle', 'graphene_oxide')",Spinel,True,esen-sm-conserving-all-oc25:relax-v4:orr-che-v3,True,0.07987135827402853,469,150,0.08,converged,,bfgs_after_fire,"[{""ase_converged"": false, ""converged"": false, ""end_geometry_sha256"": ""21ec7a46a5255c2449ac2a49a94e814a2e0a6b8e726d7f1407f993e3c085d5c5"", ""failure_class"": ""force_threshold"", ""max_force_eV_A"": 0.3027817752145945, ""name"": ""bfgs_standard"", ""start_geometry_sha256"": ""581f9f72c083cd817f732a8b29a137414538ccbbec661886342203853995634d"", ""steps"": 150}, {""ase_converged"": false, ""converged"": false, ""end_geometry_sha256"": ""0e08b8a47b95ee9121ef0262dc19b5523837597b2001a8e3a011f120bf4bb607"", ""failure_class"": ""force_threshold"", ""max_force_eV_A"": 0.9222225401546961, ""name"": ""fire_precondition"", ""qualifying"": false, ""start_geometry_sha256"": ""581f9f72c083cd817f732a8b29a137414538ccbbec661886342203853995634d"", ""steps"": 75}, {""ase_converged"": true, ""converged"": true, ""end_geometry_sha256"": ""01e71ca8958a97e231333f9cda1c3c9268d6681ce80f8b7608ecccdd645caffd"", ""failure_class"": null, ""max_force_eV_A"": 0.07987135827402853, ""name"": ""bfgs_after_fire"", ""start_geometry_sha256"": ""0e08b8a47b95ee9121ef0262dc19b5523837597b2001a8e3a011f120bf4bb607"", ""steps"": 244}]",01e71ca8958a97e231333f9cda1c3c9268d6681ce80f8b7608ecccdd645caffd,-427.6702464578403,True,0.07601460908721365,52.0,100.0,0.08,converged,,bfgs_standard,"[{""ase_converged"": true, ""converged"": true, ""end_geometry_sha256"": ""7dffd3e1d2d091f2546543665aba380beb1aeeb071efd222f840dad29c7e6def"", ""failure_class"": null, ""max_force_eV_A"": 0.07601460908721365, ""name"": ""bfgs_standard"", ""start_geometry_sha256"": ""4efee7d9de109f7e708eb032c2c117fb40fe9a964485b01eaf71fdd1c3917ff3"", ""steps"": 52}]",7dffd3e1d2d091f2546543665aba380beb1aeeb071efd222f840dad29c7e6def,-0.6120120857656002,True,0.07158722754799285,52.0,100.0,0.08,converged,,bfgs_standard,"[{""ase_converged"": true, ""converged"": true, ""end_geometry_sha256"": ""e6037ae12e1bb8f1e5bb513fe5d3b8c8928c00445586781311362a94035f25a4"", ""failure_class"": null, ""max_force_eV_A"": 0.07158722754799285, ""name"": ""bfgs_standard"", ""start_geometry_sha256"": ""73c90e656146a6010159c15c387937ba2e7ee38b27592fe9b88de2b256dcc68b"", ""steps"": 52}]",e6037ae12e1bb8f1e5bb513fe5d3b8c8928c00445586781311362a94035f25a4,-0.22672566100951813,True,0.0711459518023945,58.0,100.0,0.08,converged,,bfgs_standard,"[{""ase_converged"": true, ""converged"": true, ""end_geometry_sha256"": ""3df6b578530d81b6d027e7c7ba5d381d7f81dfb102682a5e6f407aed20f98759"", ""failure_class"": null, ""max_force_eV_A"": 0.0711459518023945, ""name"": ""bfgs_standard"", ""start_geometry_sha256"": ""08e6b7f85a9a358d6302fb0d04ac5b35337ac6a8ed3b9ac5eb89da174ebcad66"", ""steps"": 58}]",3df6b578530d81b6d027e7c7ba5d381d7f81dfb102682a5e6f407aed20f98759,2.9010395511985143,1.8410120857656003,step_4_H2O,10.0,0.0,True,0.8387377467751183,quantitative_screening,,False,1,1,7b92af94e903f87694bd,False,0.740000000035
"('Spinel', 'Ni', 'Ti', 'None', 'nanorod', 'N-CNT')",Spinel,True,esen-sm-conserving-all-oc25:relax-v4:orr-che-v3,True,0.07835023116191535,405,150,0.08,converged,,bfgs_after_fire,"[{""ase_converged"": false, ""converged"": false, ""end_geometry_sha256"": ""4e850cae005f851a6e4f1c6db73c39268e31ae8f488b0e1a0fbd17e97eca7f2f"", ""failure_class"": ""force_threshold"", ""max_force_eV_A"": 0.1871811953928293, ""name"": ""bfgs_standard"", ""start_geometry_sha256"": ""9d1bd719f040c8cec7cd03620bd611f256c41beed18b3d3b402ebf12d2d339c8"", ""steps"": 150}, {""ase_converged"": false, ""converged"": false, ""end_geometry_sha256"": ""f2784b0dddec3a2ceb8c67ce573f64db2240177a27e588bdb8e56c10608fd13e"", ""failure_class"": ""force_threshold"", ""max_force_eV_A"": 1.7686703403957165, ""name"": ""fire_precondition"", ""qualifying"": false, ""start_geometry_sha256"": ""9d1bd719f040c8cec7cd03620bd611f256c41beed18b3d3b402ebf12d2d339c8"", ""steps"": 75}, {""ase_converged"": true, ""converged"": true, ""end_geometry_sha256"": ""7ea98b6a8e96dc4e2d1251bcdfd7dc71a11c748ad19ec5c81a05150723ec9d39"", ""failure_class"": null, ""max_force_eV_A"": 0.07835023116191535, ""name"": ""bfgs_after_fire"", ""start_geometry_sha256"": ""f2784b0dddec3a2ceb8c67ce573f64db2240177a27e588bdb8e56c10608fd13e"", ""steps"": 180}]",7ea98b6a8e96dc4e2d1251bcdfd7dc71a11c748ad19ec5c81a05150723ec9d39,-418.2679962430131,True,0.07539452731568731,78.0,100.0,0.08,converged,,bfgs_standard,"[{""ase_converged"": true, ""converged"": true, ""end_geometry_sha256"": ""42c7f94fc71d8087ab1553e0a935ef5aa7c98f07d241b989afe309f392060262"", ""failure_class"": null, ""max_force_eV_A"": 0.07539452731568731, ""name"": ""bfgs_standard"", ""start_geometry_sha256"": ""14b67280eeaed2b16ea49e322f98a4cbfac3c34cbba9dc2d16b733d6c1716172"", ""steps"": 78}]",42c7f94fc71d8087ab1553e0a935ef5aa7c98f07d241b989afe309f392060262,-0.311136422008276,True,0.07809484217464029,79.0,100.0,0.08,converged,,bfgs_standard,"[{""ase_converged"": true, ""converged"": true, ""end_geometry_sha256"": ""9b2366019a1d6e7075542173b16e4cabe13911599193f40c4586e446c31fe2f0"", ""failure_class"": null, ""max_force_eV_A"": 0.07809484217464029, ""name"": ""bfgs_standard"", ""start_geometry_sha256"": ""7501b8b8fecb26a029b5da5d51fa933e1846519900ee2dcefad05a294aa7f488"", ""steps"": 79}]",9b2366019a1d6e7075542173b16e4cabe13911599193f40c4586e446c31fe2f0,3.0229472286998975,True,0.07452388557599281,85.0,100.0,0.08,converged,,bfgs_standard,"[{""ase_converged"": true, ""converged"": true, ""end_geometry_sha256"": ""d1b99b291f6fd2939bc35d473f397abda4459ca408ae8fc15f2e7ee7d60aab6a"", ""failure_class"": null, ""max_force_eV_A"": 0.07452388557599281, ""name"": ""bfgs_standard"", ""start_geometry_sha256"": ""a50e49f3e916ec3f0da40ce16e759ae91009446732a43212ebd6c4826c55e806"", ""steps"": 85}]",d1b99b291f6fd2939bc35d473f397abda4459ca408ae8fc15f2e7ee7d60aab6a,3.10371537059543,1.540136422008276,step_4_H2O,10.0,0.0,True,3.3340836507081737,quantitative_screening,,False,0,0,d29db40ded8871dade40,False,0.740000000035
"('Spinel', 'Ni', 'V', 'Nb', 'mesoporous', 'graphene_oxide')",Spinel,True,esen-sm-conserving-all-oc25:relax-v4:orr-che-v3,True,0.06195730617476283,127,150,0.08,converged,,bfgs_standard,"[{""ase_converged"": true, ""converged"": true, ""end_geometry_sha256"": ""c1daf05a70923551e39f1b2e6cbfe91f806c31ad9b9b77a5e90915f4b4686fd4"", ""failure_class"": null, ""max_force_eV_A"": 0.06195730617476283, ""name"": ""bfgs_standard"", ""start_geometry_sha256"": ""48cee765ced4634735b0aabdacaba44021935516c28866ef03aae5b6da0f09e6"", ""steps"": 127}]",c1daf05a70923551e39f1b2e6cbfe91f806c31ad9b9b77a5e90915f4b4686fd4,-409.0579175198827,True,0.07480708689702144,77.0,100.0,0.08,converged,,bfgs_standard,"[{""ase_converged"": true, ""converged"": true, ""end_geometry_sha256"": ""90c0880f19716c336674be0f982ead6bb10df7a025e5b9503ed59b57d8c2fdd7"", ""failure_class"": null, ""max_force_eV_A"": 0.07480708689702144, ""name"": ""bfgs_standard"", ""start_geometry_sha256"": ""aaec0dad0e0011197bebfe20f140d0502c42bb301af0d3308e129ba64c147dd7"", ""steps"": 77}]",90c0880f19716c336674be0f982ead6bb10df7a025e5b9503ed59b57d8c2fdd7,-0.9017469261586666,True,0.05864569266041175,259.0,100.0,0.08,converged,,bfgs_after_fire,"[{""ase_converged"": false, ""converged"": false, ""end_geometry_sha256"": ""856b8b6033b0f143e024388fa19ee8930c2a54b8453091eb2b28efd307457d41"", ""failure_class"": ""force_threshold"", ""max_force_eV_A"": 0.3125402275455492, ""name"": ""bfgs_standard"", ""start_geometry_sha256"": ""ab8b90fc984295af767210ce5a16a322479c91c60605464e65fc264d5e3189b7"", ""steps"": 100}, {""ase_converged"": true, ""converged"": true, ""end_geometry_sha256"": ""52bb85afd442229ec36b52cd1501e40e4043e3204b947b744ffab8a9d7f06448"", ""failure_class"": null, ""max_force_eV_A"": 0.20619036195084495, ""name"": ""fire_precondition"", ""qualifying"": false, ""start_geometry_sha256"": ""ab8b90fc984295af767210ce5a16a322479c91c60605464e65fc264d5e3189b7"", ""steps"": 48}, {""ase_converged"": true, ""converged"": true, ""end_geometry_sha256"": ""3ab27e412c157b17f5ac58ac08ce2d704a14efa8f5b5dd4e4719d13bfd4373fc"", ""failure_class"": null, ""max_force_eV_A"": 0.05864569266041175, ""name"": ""bfgs_after_fire"", ""start_geometry_sha256"": ""52bb85afd442229ec36b52cd1501e40e4043e3204b947b744ffab8a9d7f06448"", ""steps"": 111}]",3ab27e412c157b17f5ac58ac08ce2d704a14efa8f5b5dd4e4719d13bfd4373fc,-3.0640917651355517,True,0.07989952110728873,226.0,100.0,0.08,converged,,bfgs_after_fire,"[{""ase_converged"": false, ""converged"": false, ""end_geometry_sha256"": ""702524953f5454237eb3f2f51753d1c23a9bb4387837fa75d01b9e79c8380ac0"", ""failure_class"": ""force_threshold"", ""max_force_eV_A"": 0.19562413544938767, ""name"": ""bfgs_standard"", ""start_geometry_sha256"": ""7392ead63eb3d7c9bd12fae1f08a2e8155dc5f0cef40dda77e97f1f4e9bf3bf4"", ""steps"": 100}, {""ase_converged"": false, ""converged"": false, ""end_geometry_sha256"": ""bc2162b42d4a63b274cc36519e9b82ee8883939f21a9fef839190e09fa86bca7"", ""failure_class"": ""force_threshold"", ""max_force_eV_A"": 1.9398684478315706, ""name"": ""fire_precondition"", ""qualifying"": false, ""start_geometry_sha256"": ""7392ead63eb3d7c9bd12fae1f08a2e8155dc5f0cef40dda77e97f1f4e9bf3bf4"", ""steps"": 50}, {""ase_converged"": true, ""converged"": true, ""end_geometry_sha256"": ""b39d50a53166d570ed5ea789041dd4538d3caf73f496be064fc18ed8abf0aa45"", ""failure_class"": null, ""max_force_eV_A"": 0.07989952110728873, ""name"": ""bfgs_after_fire"", ""start_geometry_sha256"": ""bc2162b42d4a63b274cc36519e9b82ee8883939f21a9fef839190e09fa86bca7"", ""steps"": 76}]",b39d50a53166d570ed5ea789041dd4538d3caf73f496be064fc18ed8abf0aa45,-2.4190660014748824,3.0,step_3_OH,9.0,0.0,True,3.965838691294218,quantitative_screening,,False,2,2,a2ade13137b14d87794e,False,0.740000000035
"('Spinel', 'Ni', 'V', 'None', 'nanoparticle', 'graphene_oxide')",Spinel,True,esen-sm-conserving-all-oc25:relax-v4:orr-che-v3,True,0.07381518859395628,73,150,0.08,converged,,bfgs_standard,"[{""ase_converged"": true, ""converged"": true, ""end_geometry_sha256"": ""3a75e7a98c66c475ee620a50f38327eb67bf013ec853f614389396f541a4fece"", ""failure_class"": null, ""max_force_eV_A"": 0.07381518859395628, ""name"": ""bfgs_standard"", ""start_geometry_sha256"": ""7c26ea705d305cb4d5c8e02532dadc0a6bb71df351778fe91b32a1d8cb80c9a1"", ""steps"": 73}]",3a75e7a98c66c475ee620a50f38327eb67bf013ec853f614389396f541a4fece,-413.73575342327933,True,0.0686540660671104,238.0,100.0,0.08,converged,,bfgs_after_fire,"[{""ase_converged"": false, ""converged"": false, ""end_geometry_sha256"": ""40af85fdb41d4b6f1258bdd279a96dd61803e54142640fe83f51462652e19723"", ""failure_class"": ""force_threshold"", ""max_force_eV_A"": 0.11784493138715897, ""name"": ""bfgs_standard"", ""start_geometry_sha256"": ""982a7226a1d463ce6b2e00776f5763bb2fc64d64c0de61b3ebed9069cecbe748"", ""steps"": 100}, {""ase_converged"": false, ""converged"": false, ""end_geometry_sha256"": ""a4f02e63e6a00684182d1ad42fee6bc00a6d2fb403731cecd71917c7265f2f48"", ""failure_class"": ""force_threshold"", ""max_force_eV_A"": 0.8203374832765558, ""name"": ""fire_precondition"", ""qualifying"": false, ""start_geometry_sha256"": ""982a7226a1d463ce6b2e00776f5763bb2fc64d64c0de61b3ebed9069cecbe748"", ""steps"": 50}, {""ase_converged"": true, ""converged"": true, ""end_geometry_sha256"": ""245427ced70b74f0789f0bd182264d731b36eb94119714ba28adefb43226c2dd"", ""failure_class"": null, ""max_force_eV_A"": 0.0686540660671104, ""name"": ""bfgs_after_fire"", ""start_geometry_sha256"": ""a4f02e63e6a00684182d1ad42fee6bc00a6d2fb403731cecd71917c7265f2f48"", ""steps"": 88}]",245427ced70b74f0789f0bd182264d731b36eb94119714ba28adefb43226c2dd,-2.7603446815907953,True,0.07553113353706395,89.0,100.0,0.08,converged,,bfgs_standard,"[{""ase_converged"": true, ""converged"": true, ""end_geometry_sha256"": ""6827a22fe6d0a55eb67f24666ea1f3f1112e8a60d2b67926e8ccd299d9b5c6b2"", ""failure_class"": null, ""max_force_eV_A"": 0.07553113353706395, ""name"": ""bfgs_standard"", ""start_geometry_sha256"": ""92aecf2fcf007b935bd06cd1f805cb4ce3ce66c0a2e816157a6cfab3936a21e7"", ""steps"": 89}]",6827a22fe6d0a55eb67f24666ea1f3f1112e8a60d2b67926e8ccd299d9b5c6b2,-1.7607479922473679,True,0.07444822297797986,355.0,100.0,0.08,converged,,fire_small_step,"[{""ase_converged"": false, ""converged"": false, ""end_geometry_sha256"": ""c6249ef53af0244f9a682f9acebe02c9b48ac106c0049229603f05f269b3627e"", ""failure_class"": ""force_threshold"", ""max_force_eV_A"": 0.19607640501455928, ""name"": ""bfgs_standard"", ""start_geometry_sha256"": ""410110be4f79c1615410ae90445081f5dc4a17c098ae97a1377998eeea626285"", ""steps"": 100}, {""ase_converged"": false, ""converged"": false, ""end_geometry_sha256"": ""a6583ed2aac04c8002518b29cc5bf42a11d8053c7c7eac2741ab597843655fa1"", ""failure_class"": ""force_threshold"", ""max_force_eV_A"": 2.394606649983699, ""name"": ""fire_precondition"", ""qualifying"": false, ""start_geometry_sha256"": ""410110be4f79c1615410ae90445081f5dc4a17c098ae97a1377998eeea626285"", ""steps"": 50}, {""ase_converged"": false, ""converged"": false, ""end_geometry_sha256"": ""da1c351c623767ffcb1da8bfa2dd906546b5e1e2d540f66225ecf6155d53a620"", ""failure_class"": ""force_threshold"", ""max_force_eV_A"": 0.10236898013457055, ""name"": ""bfgs_after_fire"", ""start_geometry_sha256"": ""a6583ed2aac04c8002518b29cc5bf42a11d8053c7c7eac2741ab597843655fa1"", ""steps"": 200}, {""ase_converged"": true, ""converged"": true, ""end_geometry_sha256"": ""065e08cbaec7e55b5151446503bc5026189e18fc25650549c6f426884884b40a"", ""failure_class"": null, ""max_force_eV_A"": 0.07444822297797986, ""name"": ""fire_small_step"", ""start_geometry_sha256"": ""da1c351c623767ffcb1da8bfa2dd906546b5e1e2d540f66225ecf6155d53a620"", ""steps"": 5}]",065e08cbaec7e55b5151446503bc5026189e18fc25650549c6f426884884b40a,-5.540087272226835,3.0,step_2_O,9.0,0.0,True,4.521092673838163,quantitative_screening,,False,1,1,db39f614bf69a3106afc,False,0.740000000035
"('Spinel', 'Ni', 'Ni', 'Mo', 'mesoporous', 'graphene_oxide')",Spinel,True,esen-sm-conserving-all-oc25:relax-v4:orr-che-v3,True,0.07987915621463051,328,150,0.08,converged,,bfgs_after_fire,"[{""ase_converged"": false, ""converged"": false, ""end_geometry_sha256"": ""522179f4c658cb7bc251179085ab2f3280895d48045af442fc807a701c61659f"", ""failure_class"": ""force_threshold"", ""max_force_eV_A"": 0.26544240485161746, ""name"": ""bfgs_standard"", ""start_geometry_sha256"": ""9004204f9b7014a1d3ef984696eca797bb8150500278e08fe6d4d5cf143e93df"", ""steps"": 150}, {""ase_converged"": false, ""converged"": false, ""end_geometry_sha256"": ""2e8695b125126f6ef37cb7f4683766c7f4c8c1353fe628e4ed4ee1d9bafb012d"", ""failure_class"": ""force_threshold"", ""max_force_eV_A"": 0.7993767713641091, ""name"": ""fire_precondition"", ""qualifying"": false, ""start_geometry_sha256"": ""9004204f9b7014a1d3ef984696eca797bb8150500278e08fe6d4d5cf143e93df"", ""steps"": 75}, {""ase_converged"": true, ""converged"": true, ""end_geometry_sha256"": ""8e2bc20d93d667030e2e245975befb968c1195809efbbd4cb2abdab8094e1836"", ""failure_class"": null, ""max_force_eV_A"": 0.07987915621463051, ""name"": ""bfgs_after_fire"", ""start_geometry_sha256"": ""2e8695b125126f6ef37cb7f4683766c7f4c8c1353fe628e4ed4ee1d9bafb012d"", ""steps"": 103}]",8e2bc20d93d667030e2e245975befb968c1195809efbbd4cb2abdab8094e1836,-300.10457601986735,True,0.07267369250147188,240.0,100.0,0.08,converged,,bfgs_after_fire,"[{""ase_converged"": false, ""converged"": false, ""end_geometry_sha256"": ""f5ce746974b1d4c1642246579eba3e98c46efc5ca4b1d81daaed7fbeed132855"", ""failure_class"": ""force_threshold"", ""max_force_eV_A"": 0.10504740291899411, ""name"": ""bfgs_standard"", ""start_geometry_sha256"": ""9bd21c91b390454d7cf0356e1e15d9b1fb0d56c882ac78520d2772895352bffa"", ""steps"": 100}, {""ase_converged"": false, ""converged"": false, ""end_geometry_sha256"": ""0a7bfbed5a3db6299930befa3292477237a4ebedb2db353044407c5213fc4abd"", ""failure_class"": ""force_threshold"", ""max_force_eV_A"": 0.4389778627736387, ""name"": ""fire_precondition"", ""qualifying"": false, ""start_geometry_sha256"": ""9bd21c91b390454d7cf0356e1e15d9b1fb0d56c882ac78520d2772895352bffa"", ""steps"": 50}, {""ase_converged"": true, ""converged"": true, ""end_geometry_sha256"": ""383ce22c3753686b71c18dcc0121e6e6f0447b97f1c88786c979aca6848561d1"", ""failure_class"": null, ""max_force_eV_A"": 0.07267369250147188, ""name"": ""bfgs_after_fire"", ""start_geometry_sha256"": ""0a7bfbed5a3db6299930befa3292477237a4ebedb2db353044407c5213fc4abd"", ""steps"": 90}]",383ce22c3753686b71c18dcc0121e6e6f0447b97f1c88786c979aca6848561d1,2.5255201484262377,True,0.07757963249145444,44.0,100.0,0.08,converged,,bfgs_standard,"[{""ase_converged"": true, ""converged"": true, ""end_geometry_sha256"": ""2ee912244622eb0a39da5bffda39eba4dfa911c9ea44b2e8b655de077396e0dd"", ""failure_class"": null, ""max_force_eV_A"": 0.07757963249145444, ""name"": ""bfgs_standard"", ""start_geometry_sha256"": ""ed5b74548e808c8c63ed6fa0e6c68c039d30fc6dc967f56bbc24d4db855c0065"", ""steps"": 44}]",2ee912244622eb0a39da5bffda39eba4dfa911c9ea44b2e8b655de077396e0dd,3.8198994763194696,True,0.0786770058750535,288.0,100.0,0.08,converged,,bfgs_after_fire,"[{""ase_converged"": false, ""converged"": false, ""end_geometry_sha256"": ""dd145f35f04769678cab4b34377a05b051b23ab9ba986522bd800911eaedeb51"", ""failure_class"": ""force_threshold"", ""max_force_eV_A"": 0.24125111842088887, ""name"": ""bfgs_standard"", ""start_geometry_sha256"": ""670ddc8db419eb7109717f22d7fcfecbd8eac0c905837dd7f04d96d4bf3da627"", ""steps"": 100}, {""ase_converged"": false, ""converged"": false, ""end_geometry_sha256"": ""38831a25bd12f0927cc3974a1e48568863fcd447d83f0ff23b04b0649406ba4b"", ""failure_class"": ""force_threshold"", ""max_force_eV_A"": 0.5121112316468318, ""name"": ""fire_precondition"", ""qualifying"": false, ""start_geometry_sha256"": ""670ddc8db419eb7109717f22d7fcfecbd8eac0c905837dd7f04d96d4bf3da627"", ""steps"": 50}, {""ase_converged"": true, ""converged"": true, ""end_geometry_sha256"": ""7592f2da4617a741330579372d496bdb1a76c41734da8fd29375d930befdb763"", ""failure_class"": null, ""max_force_eV_A"": 0.0786770058750535, ""name"": ""bfgs_after_fire"", ""start_geometry_sha256"": ""38831a25bd12f0927cc3974a1e48568863fcd447d83f0ff23b04b0649406ba4b"", ""steps"": 138}]",7592f2da4617a741330579372d496bdb1a76c41734da8fd29375d930befdb763,3.9541449055076536,1.094754570811816,step_2_O,10.0,0.0,True,6.345419624745707,quantitative_screening,,False,0,0,fa7486d27405cf800a5e,False,0.740000000035
"('Spinel', 'Ni', 'Cu', 'Ce', 'nanoparticle', 'graphene_oxide')",Spinel,True,esen-sm-conserving-all-oc25:relax-v4:orr-che-v3,True,0.06426392926710353,349,150,0.08,converged,,bfgs_after_fire,"[{""ase_converged"": false, ""converged"": false, ""end_geometry_sha256"": ""bd4f761105a9cb5bd32ae9a9234aadd7c4a49021540db071cfdb56dcce4e5572"", ""failure_class"": ""force_threshold"", ""max_force_eV_A"": 0.21045601638894804, ""name"": ""bfgs_standard"", ""start_geometry_sha256"": ""db074bd0fa13016c4330332d3968292b0cc18e0724d164c57070d93636480a8d"", ""steps"": 150}, {""ase_converged"": false, ""converged"": false, ""end_geometry_sha256"": ""daa707b66039d03714da6d1d0edecc145161ca116003593e19e9faef2980affa"", ""failure_class"": ""force_threshold"", ""max_force_eV_A"": 0.9629715926545963, ""name"": ""fire_precondition"", ""qualifying"": false, ""start_geometry_sha256"": ""db074bd0fa13016c4330332d3968292b0cc18e0724d164c57070d93636480a8d"", ""steps"": 75}, {""ase_converged"": true, ""converged"": true, ""end_geometry_sha256"": ""ade6974da3fc5327d32ad5607797870f1e5daf2e55701b35d829ee3a1cab440d"", ""failure_class"": null, ""max_force_eV_A"": 0.06426392926710353, ""name"": ""bfgs_after_fire"", ""start_geometry_sha256"": ""daa707b66039d03714da6d1d0edecc145161ca116003593e19e9faef2980affa"", ""steps"": 124}]",ade6974da3fc5327d32ad5607797870f1e5daf2e55701b35d829ee3a1cab440d,-263.82241087837144,True,0.06922840337245517,284.0,100.0,0.08,converged,,bfgs_after_fire,"[{""ase_converged"": false, ""converged"": false, ""end_geometry_sha256"": ""85559acc47ff5d6dbf6f7f09cff76689d3940baba80f9335d05989940e9d3734"", ""failure_class"": ""force_threshold"", ""max_force_eV_A"": 0.12412258616333335, ""name"": ""bfgs_standard"", ""start_geometry_sha256"": ""238f6518886e504b5dfea3e4d52f19525b5c07369d00f4bdd461f0dead199a13"", ""steps"": 100}, {""ase_converged"": true, ""converged"": true, ""end_geometry_sha256"": ""a2bb119ef62456c1ec896d34fc6c7719d320d86716441c3e11f687635365dadd"", ""failure_class"": null, ""max_force_eV_A"": 0.2175442717114791, ""name"": ""fire_precondition"", ""qualifying"": false, ""start_geometry_sha256"": ""238f6518886e504b5dfea3e4d52f19525b5c07369d00f4bdd461f0dead199a13"", ""steps"": 37}, {""ase_converged"": true, ""converged"": true, ""end_geometry_sha256"": ""66050e3c63abe8caebe197c46d54c7c5dd8cc07c01d84cbc1dbfad8bcbc3ee2f"", ""failure_class"": null, ""max_force_eV_A"": 0.06922840337245517, ""name"": ""bfgs_after_fire"", ""start_geometry_sha256"": ""a2bb119ef62456c1ec896d34fc6c7719d320d86716441c3e11f687635365dadd"", ""steps"": 147}]",66050e3c63abe8caebe197c46d54c7c5dd8cc07c01d84cbc1dbfad8bcbc3ee2f,-0.8955995415151687,True,0.07558062780220032,56.0,100.0,0.08,converged,,bfgs_standard,"[{""ase_converged"": true, ""converged"": true, ""end_geometry_sha256"": ""34794f5576f348bb6202094395e7b88087595a6594828578715093a76b39089f"", ""failure_class"": null, ""max_force_eV_A"": 0.07558062780220032, ""name"": ""bfgs_standard"", ""start_geometry_sha256"": ""21ad2fe328688912f56f21636ec2628fd21836138a58102ed7e209f8fa226ec0"", ""steps"": 56}]",34794f5576f348bb6202094395e7b88087595a6594828578715093a76b39089f,2.404307282716011,True,0.07562912491511611,248.0,100.0,0.08,converged,,bfgs_after_fire,"[{""ase_converged"": false, ""converged"": false, ""end_geometry_sha256"": ""b92e1ee0a625e4755a057b2a0a1412373a71d22452d71259597571690a73ded1"", ""failure_class"": ""force_threshold"", ""max_force_eV_A"": 0.26130599413596106, ""name"": ""bfgs_standard"", ""start_geometry_sha256"": ""032a4972151d88a340243d6366644e1078675acddf6e6f455cc216d39f562a77"", ""steps"": 100}, {""ase_converged"": true, ""converged"": true, ""end_geometry_sha256"": ""9c7c33cbb7f26b392cdff3f5403e607f6345ae5cb0a4d3b2661847f3268b3f7e"", ""failure_class"": null, ""max_force_eV_A"": 0.22797029858427226, ""name"": ""fire_precondition"", ""qualifying"": false, ""start_geometry_sha256"": ""032a4972151d88a340243d6366644e1078675acddf6e6f455cc216d39f562a77"", ""steps"": 34}, {""ase_converged"": true, ""converged"": true, ""end_geometry_sha256"": ""8567026523e8f877f6d016299357c996b18ca02e9c556f9c14a0433e796f8816"", ""failure_class"": null, ""max_force_eV_A"": 0.07562912491511611, ""name"": ""bfgs_after_fire"", ""start_geometry_sha256"": ""9c7c33cbb7f26b392cdff3f5403e607f6345ae5cb0a4d3b2661847f3268b3f7e"", ""steps"": 114}]",8567026523e8f877f6d016299357c996b18ca02e9c556f9c14a0433e796f8816,2.4772581562399045,2.1245995415151686,step_4_H2O,8.0,0.0,True,3.2999068242311793,quantitative_screening,,False,2,2,c0e10ea2de783160942e,False,0.6852014328916924
"('Spinel', 'Ni', 'Cu', 'La', 'nanorod', 'N-CNT')",Spinel,True,esen-sm-conserving-all-oc25:relax-v4:orr-che-v3,True,0.07835876529917164,377,150,0.08,converged,,bfgs_after_fire,"[{""ase_converged"": false, ""converged"": false, ""end_geometry_sha256"": ""ca2db4186cb395217d3ebac0d0fa3681e30dd183202a8189e247b933c8c23564"", ""failure_class"": ""force_threshold"", ""max_force_eV_A"": 0.15368115232774715, ""name"": ""bfgs_standard"", ""start_geometry_sha256"": ""0f40491de5410f924b6243fccbc62f6463afdb6abfb888f8734e0268360e64a5"", ""steps"": 150}, {""ase_converged"": false, ""converged"": false, ""end_geometry_sha256"": ""da7a20d6890b92479afbe81f2320d6723c1fab8d73a8b7878a49e273e9adc93d"", ""failure_class"": ""force_threshold"", ""max_force_eV_A"": 1.5188176032623661, ""name"": ""fire_precondition"", ""qualifying"": false, ""start_geometry_sha256"": ""0f40491de5410f924b6243fccbc62f6463afdb6abfb888f8734e0268360e64a5"", ""steps"": 75}, {""ase_converged"": true, ""converged"": true, ""end_geometry_sha256"": ""1caddbe1b9acad8e9ff2c0221d9116e7b3324174171fc1479bf7b5bdd9b52f85"", ""failure_class"": null, ""max_force_eV_A"": 0.07835876529917164, ""name"": ""bfgs_after_fire"", ""start_geometry_sha256"": ""da7a20d6890b92479afbe81f2320d6723c1fab8d73a8b7878a49e273e9adc93d"", ""steps"": 152}]",1caddbe1b9acad8e9ff2c0221d9116e7b3324174171fc1479bf7b5bdd9b52f85,-262.2982172910138,True,0.07048701607974574,51.0,100.0,0.08,converged,,bfgs_standard,"[{""ase_converged"": true, ""converged"": true, ""end_geometry_sha256"": ""81e8d632ebdb0df4eb1c12f3ffd7902adc055a13a4aa6cd51a3bd6d64739ac30"", ""failure_class"": null, ""max_force_eV_A"": 0.07048701607974574, ""name"": ""bfgs_standard"", ""start_geometry_sha256"": ""bc465daeb73382f8c69019f6b4c30062e71fd263f77f0e818681b0b7edf51af3"", ""steps"": 51}]",81e8d632ebdb0df4eb1c12f3ffd7902adc055a13a4aa6cd51a3bd6d64739ac30,1.502155127674398,True,0.06572083801195773,57.0,100.0,0.08,converged,,bfgs_standard,"[{""ase_converged"": true, ""converged"": true, ""end_geometry_sha256"": ""c1c450ffca416192d4ddaf7964c43ed59e2b5b9b99171c3ec40e3d1801e76931"", ""failure_class"": null, ""max_force_eV_A"": 0.06572083801195773, ""name"": ""bfgs_standard"", ""start_geometry_sha256"": ""b87867a51e52602118fc8cd4d8651cac6a87dc64429f09b25034bef4bbd0dc06"", ""steps"": 57}]",c1c450ffca416192d4ddaf7964c43ed59e2b5b9b99171c3ec40e3d1801e76931,2.5356740124523958,True,0.06974248498733476,204.0,100.0,0.08,converged,,bfgs_after_fire,"[{""ase_converged"": false, ""converged"": false, ""end_geometry_sha256"": ""140861d5ea41dd69e6ff75076b68743a5a52adb7aa30eb10721e3c060ad177f1"", ""failure_class"": ""force_threshold"", ""max_force_eV_A"": 0.1477174185851779, ""name"": ""bfgs_standard"", ""start_geometry_sha256"": ""92b3818da2c783fe342f78b9f7bab71ac050ebaf1ab872e6083e1962a998e3e8"", ""steps"": 100}, {""ase_converged"": true, ""converged"": true, ""end_geometry_sha256"": ""c392d8b3ad843c58c737d1aea9a3bf64b240c8c12fb60bef262d65530363ae31"", ""failure_class"": null, ""max_force_eV_A"": 0.24200553981620015, ""name"": ""fire_precondition"", ""qualifying"": false, ""start_geometry_sha256"": ""92b3818da2c783fe342f78b9f7bab71ac050ebaf1ab872e6083e1962a998e3e8"", ""steps"": 43}, {""ase_converged"": true, ""converged"": true, ""end_geometry_sha256"": ""24e9cfeb817f5c6e099c66200136484b1e9425e5e00432fc2885fd8a34e1ea07"", ""failure_class"": null, ""max_force_eV_A"": 0.06974248498733476, ""name"": ""bfgs_after_fire"", ""start_geometry_sha256"": ""c392d8b3ad843c58c737d1aea9a3bf64b240c8c12fb60bef262d65530363ae31"", ""steps"": 61}]",24e9cfeb817f5c6e099c66200136484b1e9425e5e00432fc2885fd8a34e1ea07,4.4291891559958785,0.7381891559958786,step_1_OOH,8.0,0.0,True,4.037829140126794,quantitative_screening,,False,1,1,1f6eec084b605c1dbdaa,False,0.6852014328916924
"('Spinel', 'Ni', 'Cu', 'W', 'mesoporous', 'graphene_oxide')",Spinel,True,esen-sm-conserving-all-oc25:relax-v4:orr-che-v3,True,0.07461824375920403,92,150,0.08,converged,,bfgs_standard,"[{""ase_converged"": true, ""converged"": true, ""end_geometry_sha256"": ""303d6661bbb1e80ed92eb3c5f7dc724ad87633b50c7c7a232141fecf1090c0d8"", ""failure_class"": null, ""max_force_eV_A"": 0.07461824375920403, ""name"": ""bfgs_standard"", ""start_geometry_sha256"": ""1a0632d8b4c8f6bc51d1754bc90f82d4a788b65ca6b02748230d00e0a5edb8f6"", ""steps"": 92}]",303d6661bbb1e80ed92eb3c5f7dc724ad87633b50c7c7a232141fecf1090c0d8,-264.80558008674836,True,0.07522631075164811,47.0,100.0,0.08,converged,,bfgs_standard,"[{""ase_converged"": true, ""converged"": true, ""end_geometry_sha256"": ""f90f1c3354748d4526dbfeb6c9e6b84e0b094346cf2cfcbcb256cdf5e3d7366e"", ""failure_class"": null, ""max_force_eV_A"": 0.07522631075164811, ""name"": ""bfgs_standard"", ""start_geometry_sha256"": ""9bd8158e3c381e19d59d5b223b4499b6b70c208b9a0eec8be8f57cbd532e1cdc"", ""steps"": 47}]",f90f1c3354748d4526dbfeb6c9e6b84e0b094346cf2cfcbcb256cdf5e3d7366e,1.0465315009653569,True,0.07856907510104008,60.0,100.0,0.08,converged,,bfgs_standard,"[{""ase_converged"": true, ""converged"": true, ""end_geometry_sha256"": ""6e3245617973f46fc06df7bc9d7357cc0fea6f6d3e16470d9f50742c3d09789e"", ""failure_class"": null, ""max_force_eV_A"": 0.07856907510104008, ""name"": ""bfgs_standard"", ""start_geometry_sha256"": ""44d739138bc4befb05fa5386e6b1389859c6cf0370c3c6c31ec0a0eff8112c43"", ""steps"": 60}]",6e3245617973f46fc06df7bc9d7357cc0fea6f6d3e16470d9f50742c3d09789e,3.1108922131359895,True,0.06181426804666284,93.0,100.0,0.08,converged,,bfgs_standard,"[{""ase_converged"": true, ""converged"": true, ""end_geometry_sha256"": ""d2adabfdb13dcb64c62fd5668fa02ef6c698effc1d92dfee0c23953ac259fd37"", ""failure_class"": null, ""max_force_eV_A"": 0.06181426804666284, ""name"": ""bfgs_standard"", ""start_geometry_sha256"": ""5508d9addaa47ba84d3a9035b0bfc51505e20cd06b324004f602e8f66128f39f"", ""steps"": 93}]",d2adabfdb13dcb64c62fd5668fa02ef6c698effc1d92dfee0c23953ac259fd37,3.8590902790427526,0.480801934093237,step_2_O,8.0,0.0,True,4.157423714101347,quantitative_screening,,False,0,0,5b474301863071085cd8,False,0.740000000035
"('MXene', 'Mo', 'C', 2, 'F', 'Cu')",MXene,True,esen-sm-conserving-all-oc25:relax-v4:orr-che-v3,True,0.07956160108262288,33,150,0.08,converged,,bfgs_standard,"[{""ase_converged"": true, ""converged"": true, ""end_geometry_sha256"": ""57f58cdf3c1cccb1963cdb8f48dd209f87662919d9ef0460d8ca378c9c0bacaa"", ""failure_class"": null, ""max_force_eV_A"": 0.07956160108262288, ""name"": ""bfgs_standard"", ""start_geometry_sha256"": ""b3f039509be0e98441e4af49a8166131e8e1cd9b0bad73acf0e9651c4f88c573"", ""steps"": 33}]",57f58cdf3c1cccb1963cdb8f48dd209f87662919d9ef0460d8ca378c9c0bacaa,-267.2746075701626,True,0.0787503076026671,55.0,100.0,0.08,converged,,bfgs_standard,"[{""ase_converged"": true, ""converged"": true, ""end_geometry_sha256"": ""9250db53ba03251f2e6a11e2f450800588fae3ec6fff34e29a30689fd722667c"", ""failure_class"": null, ""max_force_eV_A"": 0.0787503076026671, ""name"": ""bfgs_standard"", ""start_geometry_sha256"": ""6805d3dc80902d21c12c5bc898c2752fa67a4f8467b42d5e3c1bef578e60e312"", ""steps"": 55}]",9250db53ba03251f2e6a11e2f450800588fae3ec6fff34e29a30689fd722667c,-0.4558488701283932,True,0.07985810643073697,34.0,100.0,0.08,converged,,bfgs_standard,"[{""ase_converged"": true, ""converged"": true, ""end_geometry_sha256"": ""2fa42c5a2bbd69ae54a1a2a097823d9e2a7e7eba0cfa693a755464a5ba980db7"", ""failure_class"": null, ""max_force_eV_A"": 0.07985810643073697, ""name"": ""bfgs_standard"", ""start_geometry_sha256"": ""6d97c8534fbc210ee136e57c2c8e319ce39df9f3225a26d2a91944e473aa4fa4"", ""steps"": 34}]",2fa42c5a2bbd69ae54a1a2a097823d9e2a7e7eba0cfa693a755464a5ba980db7,-0.6901656024158249,True,0.07910561867223163,241.0,100.0,0.08,converged,,bfgs_after_fire,"[{""ase_converged"": false, ""converged"": false, ""end_geometry_sha256"": ""38de7924e668c83c55272c560b95d0f962236eb6c94d6b0d025bff5ae03e9d8e"", ""failure_class"": ""force_threshold"", ""max_force_eV_A"": 0.18217476343989045, ""name"": ""bfgs_standard"", ""start_geometry_sha256"": ""82ac51e8270f4ab50115755c087b828ef1e6e35d370a00af2bdd5a34fe47c12c"", ""steps"": 100}, {""ase_converged"": true, ""converged"": true, ""end_geometry_sha256"": ""c5d9195ebb9b796ef91120902f3d8ba6f20a642b2e1476c05481b44a73536bb0"", ""failure_class"": null, ""max_force_eV_A"": 0.2412889681838777, ""name"": ""fire_precondition"", ""qualifying"": false, ""start_geometry_sha256"": ""82ac51e8270f4ab50115755c087b828ef1e6e35d370a00af2bdd5a34fe47c12c"", ""steps"": 27}, {""ase_converged"": true, ""converged"": true, ""end_geometry_sha256"": ""d5bfedae4e47e94e3d5ab939cb5a2654cece5ee5f4f020174233e156e72b4328"", ""failure_class"": null, ""max_force_eV_A"": 0.07910561867223163, ""name"": ""bfgs_after_fire"", ""start_geometry_sha256"": ""c5d9195ebb9b796ef91120902f3d8ba6f20a642b2e1476c05481b44a73536bb0"", ""steps"": 114}]",d5bfedae4e47e94e3d5ab939cb5a2654cece5ee5f4f020174233e156e72b4328,-1.6060834422707808,2.1449178398549558,step_2_O,8.0,-0.1426675035687317,True,1.146014472544218,quantitative_screening,,False,0,0,c2742829df17898ac049,False,0.675000000035
"('MXene', 'Mo', 'C', 3, 'O', 'Cu')",MXene,True,esen-sm-conserving-all-oc25:relax-v4:orr-che-v3,True,0.07591541296848646,120,150,0.08,converged,,bfgs_standard,"[{""ase_converged"": true, ""converged"": true, ""end_geometry_sha256"": ""d18425f25dcca05803c8bac1fd36894d62bad05312d06e49a9980fb2e161aeca"", ""failure_class"": null, ""max_force_eV_A"": 0.07591541296848646, ""name"": ""bfgs_standard"", ""start_geometry_sha256"": ""11a89d158d387b1c7bc894146501e143d3ac036d6dd8c54a4905c174c9dd6ae5"", ""steps"": 120}]",d18425f25dcca05803c8bac1fd36894d62bad05312d06e49a9980fb2e161aeca,-373.9281931567102,True,0.06733762037229096,55.0,100.0,0.08,converged,,bfgs_standard,"[{""ase_converged"": true, ""converged"": true, ""end_geometry_sha256"": ""5e4d21e49587c2f245de6ea40ea68f82baee929b2dfaef21a2b69a15f8182fb7"", ""failure_class"": null, ""max_force_eV_A"": 0.06733762037229096, ""name"": ""bfgs_standard"", ""start_geometry_sha256"": ""1b8143be3fca87ce205b03228de0b4d0bdd36a02b8e9127ffd87854d6f04dc97"", ""steps"": 55}]",5e4d21e49587c2f245de6ea40ea68f82baee929b2dfaef21a2b69a15f8182fb7,-1.9108049248158931,True,0.07290175461136547,40.0,100.0,0.08,converged,,bfgs_standard,"[{""ase_converged"": true, ""converged"": true, ""end_geometry_sha256"": ""cecf1ad5f4e42eb29af54c493e6a5dad25db734fb9e9ef901ebeba3bb50d5dc9"", ""failure_class"": null, ""max_force_eV_A"": 0.07290175461136547, ""name"": ""bfgs_standard"", ""start_geometry_sha256"": ""d6494484c8e81023b326daa6a1b319a89bfffe2119f55b5cda170275b6424271"", ""steps"": 40}]",cecf1ad5f4e42eb29af54c493e6a5dad25db734fb9e9ef901ebeba3bb50d5dc9,-1.2859030596912155,True,0.07658124997815098,70.0,100.0,0.08,converged,,bfgs_standard,"[{""ase_converged"": true, ""converged"": true, ""end_geometry_sha256"": ""8732d69bd58b7dd27c519b4cf0c30a7872d99ebc2b9f48745d82823b247021ca"", ""failure_class"": null, ""max_force_eV_A"": 0.07658124997815098, ""name"": ""bfgs_standard"", ""start_geometry_sha256"": ""31b5b58a8d7fcc205e7b8cf4de3f10d77fffd81850b4aabc283fdea2d76d8f58"", ""steps"": 70}]",8732d69bd58b7dd27c519b4cf0c30a7872d99ebc2b9f48745d82823b247021ca,-2.232355643808753,3.0,step_4_H2O,8.0,-0.1426675035687317,True,3.1967079845071087,quantitative_screening,,False,2,2,9f5f23d699b6fd6f3759,False,0.675000000035
"('MXene', 'Mo', 'C', 3, 'mixed_OH_O', 'Pt')",MXene,True,esen-sm-conserving-all-oc25:relax-v4:orr-che-v3,True,0.07325572144323422,137,150,0.08,converged,,bfgs_standard,"[{""ase_converged"": true, ""converged"": true, ""end_geometry_sha256"": ""c9bf5baeaf185206429e42bba1a924d4d3cc3d17f5b9af3b53d2070d3b9bd231"", ""failure_class"": null, ""max_force_eV_A"": 0.07325572144323422, ""name"": ""bfgs_standard"", ""start_geometry_sha256"": ""a5334fe99c7322fb7bf28589dd48e16ad50e1e072efa223b1618849bba0052eb"", ""steps"": 137}]",c9bf5baeaf185206429e42bba1a924d4d3cc3d17f5b9af3b53d2070d3b9bd231,-390.8735571098787,True,0.07815098303052985,61.0,100.0,0.08,converged,,bfgs_standard,"[{""ase_converged"": true, ""converged"": true, ""end_geometry_sha256"": ""f20a685ecfda17a590539749f2871a13e4a384659fb9f32f7680d2bc942bcbb9"", ""failure_class"": null, ""max_force_eV_A"": 0.07815098303052985, ""name"": ""bfgs_standard"", ""start_geometry_sha256"": ""6f4ecb8f9af1a3ffbab04af0abf3993e8f5751cc633757881571dd0850ffe869"", ""steps"": 61}]",f20a685ecfda17a590539749f2871a13e4a384659fb9f32f7680d2bc942bcbb9,-0.8875619743763832,True,0.07901497828375105,37.0,100.0,0.08,converged,,bfgs_standard,"[{""ase_converged"": true, ""converged"": true, ""end_geometry_sha256"": ""d39c9f12a9cf4318e85951b54a7978d4d95ea132789c368b8f0c9dfc283d2ed2"", ""failure_class"": null, ""max_force_eV_A"": 0.07901497828375105, ""name"": ""bfgs_standard"", ""start_geometry_sha256"": ""8c64ea27ea91a22317f57e72e76b4d22c8aa70c36303f7274a8c20610172efc9"", ""steps"": 37}]",d39c9f12a9cf4318e85951b54a7978d4d95ea132789c368b8f0c9dfc283d2ed2,-1.383353316038758,True,0.07856563226186578,63.0,100.0,0.08,converged,,bfgs_standard,"[{""ase_converged"": true, ""converged"": true, ""end_geometry_sha256"": ""48f496225948dfe8ca3b572a4116171c4f0d0ebf34eef3e92e53b2218c8fba40"", ""failure_class"": null, ""max_force_eV_A"": 0.07856563226186578, ""name"": ""bfgs_standard"", ""start_geometry_sha256"": ""b0f48992b6ce711af4ad3646eb910f114aafdf719d1684a20aa43eed3b11d6ff"", ""steps"": 63}]",48f496225948dfe8ca3b572a4116171c4f0d0ebf34eef3e92e53b2218c8fba40,-1.8546643748879683,2.116561974376383,step_4_H2O,10.0,-2.0,True,2.2709152904151413,quantitative_screening,,False,1,1,6b3cc8ce44ee39e21f00,False,0.675000000035
"('MXene', 'Mo', 'C', 3, 'bare', 'Fe')",MXene,True,esen-sm-conserving-all-oc25:relax-v4:orr-che-v3,True,0.07227046070646034,65,150,0.08,converged,,bfgs_standard,"[{""ase_converged"": true, ""converged"": true, ""end_geometry_sha256"": ""a2b53aadeda2d09fc87fdb886954b999e58d543d152420782f844776bb808fe9"", ""failure_class"": null, ""max_force_eV_A"": 0.07227046070646034, ""name"": ""bfgs_standard"", ""start_geometry_sha256"": ""8428a764380c1d2ba5453a927402e9a5f1eeb00e573fb3a80cb878883fb9480a"", ""steps"": 65}]",a2b53aadeda2d09fc87fdb886954b999e58d543d152420782f844776bb808fe9,-369.2834587235735,True,0.06487680352156974,50.0,100.0,0.08,converged,,bfgs_standard,"[{""ase_converged"": true, ""converged"": true, ""end_geometry_sha256"": ""3f8eddb5f32d6c805f70331f70c82c069e4e1d45744b85445a0c84d392b11be2"", ""failure_class"": null, ""max_force_eV_A"": 0.06487680352156974, ""name"": ""bfgs_standard"", ""start_geometry_sha256"": ""4adee213caa4592f83bc4e5fe9fe9af68e32d1b889b870ec04bf4de17e7021eb"", ""steps"": 50}]",3f8eddb5f32d6c805f70331f70c82c069e4e1d45744b85445a0c84d392b11be2,0.34517652049654995,True,0.06655490276835552,29.0,100.0,0.08,converged,,bfgs_standard,"[{""ase_converged"": true, ""converged"": true, ""end_geometry_sha256"": ""e454ca874c67dc7db9d35bf1215c8c97b48710bb788a98b879df3d180db7f461"", ""failure_class"": null, ""max_force_eV_A"": 0.06655490276835552, ""name"": ""bfgs_standard"", ""start_geometry_sha256"": ""fc8aa20a82a049a20a392523d7f47e5d10892a26b597ef2430d9c8f819c7dfcb"", ""steps"": 29}]",e454ca874c67dc7db9d35bf1215c8c97b48710bb788a98b879df3d180db7f461,-0.09216793701060837,True,0.07872826119629814,59.0,100.0,0.08,converged,,bfgs_standard,"[{""ase_converged"": true, ""converged"": true, ""end_geometry_sha256"": ""3e582db8ae60fb952eea40342b91291bd86c4b13dac73645bef3c63a809dcf1d"", ""failure_class"": null, ""max_force_eV_A"": 0.07872826119629814, ""name"": ""bfgs_standard"", ""start_geometry_sha256"": ""bbef03c21f694546405f786813c1176b60c98ced1b1a967d762e1fb7b41c142d"", ""steps"": 59}]",3e582db8ae60fb952eea40342b91291bd86c4b13dac73645bef3c63a809dcf1d,-0.4256234660745484,1.6663444575071584,step_3_OH,7.0,0.0,True,0.43734445750715834,quantitative_screening,,False,0,0,2281a2fd92454e150adb,False,0.675000000035
"('MXene', 'Mo', 'N', 1, 'S', 'Pd')",MXene,True,esen-sm-conserving-all-oc25:relax-v4:orr-che-v3,True,0.06348054520578883,22,150,0.08,converged,,bfgs_standard,"[{""ase_converged"": true, ""converged"": true, ""end_geometry_sha256"": ""430a2b9076ffe010ee368ec1e70ec7f8bbd3331ca238e5377fc58e92917219e3"", ""failure_class"": null, ""max_force_eV_A"": 0.06348054520578883, ""name"": ""bfgs_standard"", ""start_geometry_sha256"": ""418829aa5df11e49ee1b28e410d0adbee917f4917635692a25a8be1ae9ba5a93"", ""steps"": 22}]",430a2b9076ffe010ee368ec1e70ec7f8bbd3331ca238e5377fc58e92917219e3,-163.21366580703884,True,0.05140882945056547,237.0,100.0,0.08,converged,,bfgs_after_fire,"[{""ase_converged"": false, ""converged"": false, ""end_geometry_sha256"": ""cd753be360a5277a97de5712f054ecf4127325f004c66354a1e08b81171d5139"", ""failure_class"": ""force_threshold"", ""max_force_eV_A"": 0.5599544145210084, ""name"": ""bfgs_standard"", ""start_geometry_sha256"": ""fabeae5379e699b0392a178535f52e7c586690197d6bd9c5939ab6445bc56a94"", ""steps"": 100}, {""ase_converged"": true, ""converged"": true, ""end_geometry_sha256"": ""d2990003f083ab4add353cf29499cedfead853cca7b854efc13a322793f67502"", ""failure_class"": null, ""max_force_eV_A"": 0.23640036101090578, ""name"": ""fire_precondition"", ""qualifying"": false, ""start_geometry_sha256"": ""fabeae5379e699b0392a178535f52e7c586690197d6bd9c5939ab6445bc56a94"", ""steps"": 19}, {""ase_converged"": true, ""converged"": true, ""end_geometry_sha256"": ""ce6c479efc7d8b7f121dc4254612974767f567f6f20085555417c00ca7aee979"", ""failure_class"": null, ""max_force_eV_A"": 0.05140882945056547, ""name"": ""bfgs_after_fire"", ""start_geometry_sha256"": ""d2990003f083ab4add353cf29499cedfead853cca7b854efc13a322793f67502"", ""steps"": 118}]",ce6c479efc7d8b7f121dc4254612974767f567f6f20085555417c00ca7aee979,-1.695881066173315,True,0.06277378239713025,35.0,100.0,0.08,converged,,bfgs_standard,"[{""ase_converged"": true, ""converged"": true, ""end_geometry_sha256"": ""9bc32e725039a37c537e024e950e396741ce86cf8f9e58ee60feea30069b63b5"", ""failure_class"": null, ""max_force_eV_A"": 0.06277378239713025, ""name"": ""bfgs_standard"", ""start_geometry_sha256"": ""3c4d3ae134665e56f76b38aea93b8f7773366b1d09df62c335b5f559c4ea5383"", ""steps"": 35}]",9bc32e725039a37c537e024e950e396741ce86cf8f9e58ee60feea30069b63b5,1.840815461426977,True,0.04734666443575585,75.0,100.0,0.08,converged,,bfgs_standard,"[{""ase_converged"": true, ""converged"": true, ""end_geometry_sha256"": ""bc32ca735b582fa96cd7eabbe61f207352e62b7e490d8e21b33c7e3bc2adbb97"", ""failure_class"": null, ""max_force_eV_A"": 0.04734666443575585, ""name"": ""bfgs_standard"", ""start_geometry_sha256"": ""6479012f9c06021641e38a1e09f53808afd20ab846b43458b9000a0a643211d7"", ""steps"": 75}]",bc32ca735b582fa96cd7eabbe61f207352e62b7e490d8e21b33c7e3bc2adbb97,-3.671526481211182,3.0,step_2_O,10.0,-2.0,True,3.536696527600292,quantitative_screening,,False,2,2,c0132c0f907b7f5a73b4,False,0.675000000035
"('MXene', 'Mo', 'N', 2, 'OH', 'None')",MXene,True,esen-sm-conserving-all-oc25:relax-v4:orr-che-v3,True,0.07823353331949873,49,150,0.08,converged,,bfgs_standard,"[{""ase_converged"": true, ""converged"": true, ""end_geometry_sha256"": ""42dcf742184902e166f3d16bccc152e6a7a00c468ba6ca34927dd6893656c6df"", ""failure_class"": null, ""max_force_eV_A"": 0.07823353331949873, ""name"": ""bfgs_standard"", ""start_geometry_sha256"": ""3af773bce0ef575c19e2399604519d69137e6e60fe1dc32f05456412d26b4f47"", ""steps"": 49}]",42dcf742184902e166f3d16bccc152e6a7a00c468ba6ca34927dd6893656c6df,-282.5676331226412,True,0.06564676608268191,76.0,100.0,0.08,converged,,bfgs_standard,"[{""ase_converged"": true, ""converged"": true, ""end_geometry_sha256"": ""d84aab58e70137f36ef10b6976a05e5585fdd0c080bd3f0f433479b20abc638b"", ""failure_class"": null, ""max_force_eV_A"": 0.06564676608268191, ""name"": ""bfgs_standard"", ""start_geometry_sha256"": ""c10844ea7dc795054228f67527f922707ef1629d8d1e901135249ee3785471cc"", ""steps"": 76}]",d84aab58e70137f36ef10b6976a05e5585fdd0c080bd3f0f433479b20abc638b,-0.5994340752065181,True,0.06470214494281126,67.0,100.0,0.08,converged,,bfgs_standard,"[{""ase_converged"": true, ""converged"": true, ""end_geometry_sha256"": ""3565290829bebfe96480b0c3dee6f4a42fd75e4b90312e4416dd7de2b7c501d1"", ""failure_class"": null, ""max_force_eV_A"": 0.06470214494281126, ""name"": ""bfgs_standard"", ""start_geometry_sha256"": ""982941b6b3443fa97826a3554b52f80213f2faf42144b044dd277557032c3569"", ""steps"": 67}]",3565290829bebfe96480b0c3dee6f4a42fd75e4b90312e4416dd7de2b7c501d1,-2.1748000018298876,True,0.0785642806187477,50.0,100.0,0.08,converged,,bfgs_standard,"[{""ase_converged"": true, ""converged"": true, ""end_geometry_sha256"": ""9866e1d3531d66ae7f46ef8ffec94a10530ce43914847d209fe3c35af3b0bca2"", ""failure_class"": null, ""max_force_eV_A"": 0.0785642806187477, ""name"": ""bfgs_standard"", ""start_geometry_sha256"": ""4cf90a2c2121f8675b52feb5d82fdf77b9efc088c25bc5df896efb84c8f73da8"", ""steps"": 50}]",9866e1d3531d66ae7f46ef8ffec94a10530ce43914847d209fe3c35af3b0bca2,-2.3939290538430464,2.80436592662337,step_3_OH,10.0,-1.8416375079047504,True,2.7742340770364056,quantitative_screening,,False,1,1,c125203dc1ec7c58fc19,False,0.675000000035
"('MXene', 'Mo', 'N', 2, 'bare', 'None')",MXene,True,esen-sm-conserving-all-oc25:relax-v4:orr-che-v3,True,0.07869415306344507,48,150,0.08,converged,,bfgs_standard,"[{""ase_converged"": true, ""converged"": true, ""end_geometry_sha256"": ""86cf4f90971abf985cb8c18acf4e875973f713d113f8c516196003f7bf983a73"", ""failure_class"": null, ""max_force_eV_A"": 0.07869415306344507, ""name"": ""bfgs_standard"", ""start_geometry_sha256"": ""1eb17b2e3fcd3bf2c7441f7d80e1361948555f77bd12ed75d9304c20796f052a"", ""steps"": 48}]",86cf4f90971abf985cb8c18acf4e875973f713d113f8c516196003f7bf983a73,-270.37424461776334,True,0.06622294600002596,99.0,100.0,0.08,converged,,bfgs_standard,"[{""ase_converged"": true, ""converged"": true, ""end_geometry_sha256"": ""d9e9027125843a64221af0277aa3b588db9248be97cbe6523d91be6393ff9eb6"", ""failure_class"": null, ""max_force_eV_A"": 0.06622294600002596, ""name"": ""bfgs_standard"", ""start_geometry_sha256"": ""c3687c78d789286eabafb4a1bde1444b603d91cf42904b3d0057ae5b21cedbc8"", ""steps"": 99}]",d9e9027125843a64221af0277aa3b588db9248be97cbe6523d91be6393ff9eb6,-0.6998903129994869,True,0.07453996567284829,32.0,100.0,0.08,converged,,bfgs_standard,"[{""ase_converged"": true, ""converged"": true, ""end_geometry_sha256"": ""f502079854c853cb08e418d565348b31138afccab64144e381ffcb5823d9e51f"", ""failure_class"": null, ""max_force_eV_A"": 0.07453996567284829, ""name"": ""bfgs_standard"", ""start_geometry_sha256"": ""545e91c74bdb08fa9241da2d49baa71ca131d6e551794a964bedc9ed5d805125"", ""steps"": 32}]",f502079854c853cb08e418d565348b31138afccab64144e381ffcb5823d9e51f,-0.9780093066394577,True,0.07871998035182025,77.0,100.0,0.08,converged,,bfgs_standard,"[{""ase_converged"": true, ""converged"": true, ""end_geometry_sha256"": ""65901baa236fe7274f3575f7825d2780220481b99cd69d521615469ec8adb863"", ""failure_class"": null, ""max_force_eV_A"": 0.07871998035182025, ""name"": ""bfgs_standard"", ""start_geometry_sha256"": ""3d51c9f8d3ab4bbadd9fd9bdf87865ecd7bf58d2b79c5d04dc6e809a1c3af1c9"", ""steps"": 77}]",65901baa236fe7274f3575f7825d2780220481b99cd69d521615469ec8adb863,-3.007725287973906,3.0,step_2_O,10.0,-1.8416375079047504,True,1.6778996196389446,quantitative_screening,,False,0,0,ff3204d7a46dd79c179d,False,0.675000000035
"('MXene', 'Mo', 'N', 3, 'S', 'Co')",MXene,True,esen-sm-conserving-all-oc25:relax-v4:orr-che-v3,True,0.07837269576558312,61,150,0.08,converged,,bfgs_standard,"[{""ase_converged"": true, ""converged"": true, ""end_geometry_sha256"": ""e4b05728d37de88d9c394104b7f2fe7705c0a04b91656a8e2caacf04fd4a21c2"", ""failure_class"": null, ""max_force_eV_A"": 0.07837269576558312, ""name"": ""bfgs_standard"", ""start_geometry_sha256"": ""d7bef26da7fab78ece3d5715c3e9ef7c1b828aeeddb635dcc3b62628f7f5f799"", ""steps"": 61}]",e4b05728d37de88d9c394104b7f2fe7705c0a04b91656a8e2caacf04fd4a21c2,-378.1762429485208,True,0.07770402987419468,85.0,100.0,0.08,converged,,bfgs_standard,"[{""ase_converged"": true, ""converged"": true, ""end_geometry_sha256"": ""edab4e44668a1c0189e1c71085304600213e277cf9115ddad078d65169b95f3b"", ""failure_class"": null, ""max_force_eV_A"": 0.07770402987419468, ""name"": ""bfgs_standard"", ""start_geometry_sha256"": ""09e79b8e39c748f2bdf5863502df9186e9d305812a02c7307a87f5047b61c0d9"", ""steps"": 85}]",edab4e44668a1c0189e1c71085304600213e277cf9115ddad078d65169b95f3b,-0.9698316429555416,True,0.06113044839288302,50.0,100.0,0.08,converged,,bfgs_standard,"[{""ase_converged"": true, ""converged"": true, ""end_geometry_sha256"": ""cb5e6d4cc974935baa52abb74f341fe3dc4df5c84f9dab66235970463d1a23eb"", ""failure_class"": null, ""max_force_eV_A"": 0.06113044839288302, ""name"": ""bfgs_standard"", ""start_geometry_sha256"": ""059a094a19220f3d150f5eed890fc36bb1365b178304e8b5265d517be3f84bdf"", ""steps"": 50}]",cb5e6d4cc974935baa52abb74f341fe3dc4df5c84f9dab66235970463d1a23eb,-1.7873602740466843,True,0.07974188634537938,276.0,100.0,0.08,converged,,bfgs_after_fire,"[{""ase_converged"": false, ""converged"": false, ""end_geometry_sha256"": ""4c029904bae961ab7a623148f04566206f048950d26b5c84513db860476e7a66"", ""failure_class"": ""force_threshold"", ""max_force_eV_A"": 0.2871714286846116, ""name"": ""bfgs_standard"", ""start_geometry_sha256"": ""2a4b2bbf42b9e29940466bc4690488250ef95e3296403d8d888b05744f375cce"", ""steps"": 100}, {""ase_converged"": false, ""converged"": false, ""end_geometry_sha256"": ""6bc5e3e8e5d22952be1e3dcee0fa69271c4908af8aff6c02d696cbd0e9233348"", ""failure_class"": ""force_threshold"", ""max_force_eV_A"": 1.1572197369376158, ""name"": ""fire_precondition"", ""qualifying"": false, ""start_geometry_sha256"": ""2a4b2bbf42b9e29940466bc4690488250ef95e3296403d8d888b05744f375cce"", ""steps"": 50}, {""ase_converged"": true, ""converged"": true, ""end_geometry_sha256"": ""41c7cc6f4496b34f2ca2ed9871fb0e9b0c350288994ab7327e6c121abe63abb1"", ""failure_class"": null, ""max_force_eV_A"": 0.07974188634537938, ""name"": ""bfgs_after_fire"", ""start_geometry_sha256"": ""6bc5e3e8e5d22952be1e3dcee0fa69271c4908af8aff6c02d696cbd0e9233348"", ""steps"": 126}]",41c7cc6f4496b34f2ca2ed9871fb0e9b0c350288994ab7327e6c121abe63abb1,-2.0063329234719527,2.1988316429555415,step_4_H2O,9.0,-0.5228787452803376,True,2.757191917002226,quantitative_screening,,False,2,2,1b4f21b52b77e4af0484,False,0.675000000035
"('MXene', 'Mo', 'N', 3, 'mixed_OH_O', 'Pt')",MXene,False,esen-sm-conserving-all-oc25:relax-v4:orr-che-v3,True,0.07658810185320475,125,150,0.08,converged,,bfgs_standard,"[{""ase_converged"": true, ""converged"": true, ""end_geometry_sha256"": ""22658942f657384124174585efaeed9d2871fcf01a361a13d6c9d736e0a0c936"", ""failure_class"": null, ""max_force_eV_A"": 0.07658810185320475, ""name"": ""bfgs_standard"", ""start_geometry_sha256"": ""4fe9cb374e0246046233de1dfd637ba9166ece38dd7606f942fabbd3f225b9ab"", ""steps"": 125}]",22658942f657384124174585efaeed9d2871fcf01a361a13d6c9d736e0a0c936,-391.6958680133047,False,,0.0,100.0,0.08,invalid_initial_geometry,atomic_overlap,none,[],b6bb51f631c58ca5501a52cc7beb41391747f211a5f35a9001225ff9c4afa495,,,,,,,,,,,,,,,,,,,,,,,,,,,,,,validation_required,Invalid oh initial geometry: atomic_overlap,True,1,1,8b3cf12b6ab857f23c2e,False,
"('MXene', 'Mo', 'CN', 1, 'Cl', 'Co')",MXene,True,esen-sm-conserving-all-oc25:relax-v4:orr-che-v3,True,0.06946940506440225,22,150,0.08,converged,,bfgs_standard,"[{""ase_converged"": true, ""converged"": true, ""end_geometry_sha256"": ""82d1013ab3d8b38b7f64e6aa1fe7530cdf4b4960798d0ad08a9830ff760d35ae"", ""failure_class"": null, ""max_force_eV_A"": 0.06946940506440225, ""name"": ""bfgs_standard"", ""start_geometry_sha256"": ""c489e1c312dd43f20be767bb811f4b352428cb7761b319f16b795a46c40eac59"", ""steps"": 22}]",82d1013ab3d8b38b7f64e6aa1fe7530cdf4b4960798d0ad08a9830ff760d35ae,-171.48312471613167,True,0.06475396816300634,60.0,100.0,0.08,converged,,bfgs_standard,"[{""ase_converged"": true, ""converged"": true, ""end_geometry_sha256"": ""ae83441706b434d97898a3990e55d39a8eb95686302e6e794f3ad995ab5495b1"", ""failure_class"": null, ""max_force_eV_A"": 0.06475396816300634, ""name"": ""bfgs_standard"", ""start_geometry_sha256"": ""f6537188fb95c58d97e35ce7a8cd4db7d4ae49660327e52567d70cbca784d5e1"", ""steps"": 60}]",ae83441706b434d97898a3990e55d39a8eb95686302e6e794f3ad995ab5495b1,-1.1312486504018306,True,0.07457390451765578,28.0,100.0,0.08,converged,,bfgs_standard,"[{""ase_converged"": true, ""converged"": true, ""end_geometry_sha256"": ""f81edcd3f27664225cd591fa620bba19133a0613d4c271d34dad62410f6c856f"", ""failure_class"": null, ""max_force_eV_A"": 0.07457390451765578, ""name"": ""bfgs_standard"", ""start_geometry_sha256"": ""6e121dc5158252867223d77984a38d9e99c2dee5ff46a0f9eb86eb29dafe604b"", ""steps"": 28}]",f81edcd3f27664225cd591fa620bba19133a0613d4c271d34dad62410f6c856f,-1.9560480944812262,True,0.0778404803176357,64.0,100.0,0.08,converged,,bfgs_standard,"[{""ase_converged"": true, ""converged"": true, ""end_geometry_sha256"": ""f3abe2c03c14fe41be1018bd70d6e430c105e3086f402ddefba922ea0df8fb0e"", ""failure_class"": null, ""max_force_eV_A"": 0.0778404803176357, ""name"": ""bfgs_standard"", ""start_geometry_sha256"": ""641a3fff786f0bd85b4f94b89eeace834d849f318d50dd1383c9e6cc873b9e79"", ""steps"": 64}]",f3abe2c03c14fe41be1018bd70d6e430c105e3086f402ddefba922ea0df8fb0e,-2.671505500376221,2.3602486504018305,step_4_H2O,9.0,-0.5228787452803376,True,3.087296744883057,quantitative_screening,,False,0,0,117c0c5ffc4b2a7e831c,False,0.675000000035
"('SAA', 'Rh', 'Co', '111', 100)",SAA,True,esen-sm-conserving-all-oc25:relax-v4:orr-che-v3,True,0.07923676061166804,288,150,0.08,converged,,bfgs_after_fire,"[{""ase_converged"": false, ""converged"": false, ""end_geometry_sha256"": ""109fc9b71257fc5bfc82b45a3ce7911f0ab42d0e8a2e93b8710d44510b37e429"", ""failure_class"": ""force_threshold"", ""max_force_eV_A"": 0.11939394643384045, ""name"": ""bfgs_standard"", ""start_geometry_sha256"": ""a588b5832e2f918b9f31de072458b8d9416d1db013f66a266eccf99e644ffd17"", ""steps"": 150}, {""ase_converged"": false, ""converged"": false, ""end_geometry_sha256"": ""c39fc35fcb5b871ce6e45e3e9dbb00a2dd84ea451fd3844d83fdeb91e4f7e888"", ""failure_class"": ""force_threshold"", ""max_force_eV_A"": 3.379359431018488, ""name"": ""fire_precondition"", ""qualifying"": false, ""start_geometry_sha256"": ""a588b5832e2f918b9f31de072458b8d9416d1db013f66a266eccf99e644ffd17"", ""steps"": 75}, {""ase_converged"": true, ""converged"": true, ""end_geometry_sha256"": ""4d8e5351369588e20b69da27262bfab21367c2aea70f28f5fdecb455dba3243f"", ""failure_class"": null, ""max_force_eV_A"": 0.07923676061166804, ""name"": ""bfgs_after_fire"", ""start_geometry_sha256"": ""c39fc35fcb5b871ce6e45e3e9dbb00a2dd84ea451fd3844d83fdeb91e4f7e888"", ""steps"": 63}]",4d8e5351369588e20b69da27262bfab21367c2aea70f28f5fdecb455dba3243f,27.780979373434775,True,0.06929263628494951,264.0,100.0,0.08,converged,,bfgs_after_fire,"[{""ase_converged"": false, ""converged"": false, ""end_geometry_sha256"": ""95260b977a9cb90fa316782913fd234de026724622cdc9317eca2871703c7ac0"", ""failure_class"": ""force_threshold"", ""max_force_eV_A"": 0.20481445805103202, ""name"": ""bfgs_standard"", ""start_geometry_sha256"": ""b271ee93cb77cae907f14c61758f0eac4098f474ea7b15dc427eb185d3258d23"", ""steps"": 100}, {""ase_converged"": false, ""converged"": false, ""end_geometry_sha256"": ""37686747bbfb0d30bf98c2100f0784b6992361ad1b16a51dda737e9fa3f979c4"", ""failure_class"": ""force_threshold"", ""max_force_eV_A"": 0.9618365735676137, ""name"": ""fire_precondition"", ""qualifying"": false, ""start_geometry_sha256"": ""b271ee93cb77cae907f14c61758f0eac4098f474ea7b15dc427eb185d3258d23"", ""steps"": 50}, {""ase_converged"": true, ""converged"": true, ""end_geometry_sha256"": ""0ae8f18da4846fed8d36382a808e17aec609da024fb0a8a7a7b06928f885f99e"", ""failure_class"": null, ""max_force_eV_A"": 0.06929263628494951, ""name"": ""bfgs_after_fire"", ""start_geometry_sha256"": ""37686747bbfb0d30bf98c2100f0784b6992361ad1b16a51dda737e9fa3f979c4"", ""steps"": 114}]",0ae8f18da4846fed8d36382a808e17aec609da024fb0a8a7a7b06928f885f99e,-0.9213258598744869,True,0.07774229650117193,85.0,100.0,0.08,converged,,bfgs_standard,"[{""ase_converged"": true, ""converged"": true, ""end_geometry_sha256"": ""b95fe269de96ddae395bb7de11f3d47a620433c52da99c9c996cc4c486d2ec99"", ""failure_class"": null, ""max_force_eV_A"": 0.07774229650117193, ""name"": ""bfgs_standard"", ""start_geometry_sha256"": ""25ac672e88e8b7cd22fb5c6f652961fa9fbad8f8342be4408aca1c0e2416689d"", ""steps"": 85}]",b95fe269de96ddae395bb7de11f3d47a620433c52da99c9c996cc4c486d2ec99,-0.5281802050769009,True,0.07132938995827509,262.0,100.0,0.08,converged,,bfgs_after_fire,"[{""ase_converged"": false, ""converged"": false, ""end_geometry_sha256"": ""dafa16623457ea2ffcbbf63ed212e63372c52cb3e1b5cc27999d1e806f004d6b"", ""failure_class"": ""force_threshold"", ""max_force_eV_A"": 0.8198332555150027, ""name"": ""bfgs_standard"", ""start_geometry_sha256"": ""e909d7dab3ae17a9a638594d094a81b98339bcd3235855d9d9161c6047cad97f"", ""steps"": 100}, {""ase_converged"": false, ""converged"": false, ""end_geometry_sha256"": ""09a3920e626c51974d502aa489075f863790e1e8d9d85330d83a68c2e7731b59"", ""failure_class"": ""force_threshold"", ""max_force_eV_A"": 0.7905079084753746, ""name"": ""fire_precondition"", ""qualifying"": false, ""start_geometry_sha256"": ""e909d7dab3ae17a9a638594d094a81b98339bcd3235855d9d9161c6047cad97f"", ""steps"": 50}, {""ase_converged"": true, ""converged"": true, ""end_geometry_sha256"": ""5eadf8dc565f223b57e3428d24fbac94dd71fd63293fd394d183ba45dd755aa5"", ""failure_class"": null, ""max_force_eV_A"": 0.07132938995827509, ""name"": ""bfgs_after_fire"", ""start_geometry_sha256"": ""09a3920e626c51974d502aa489075f863790e1e8d9d85330d83a68c2e7731b59"", ""steps"": 112}]",5eadf8dc565f223b57e3428d24fbac94dd71fd63293fd394d183ba45dd755aa5,0.9253096088767371,2.1503258598744868,step_4_H2O,9.0,-2.0,True,1.4495060649513878,quantitative_screening,,False,1,1,eff6d7f40ff6adff9cc9,False,0.902500000035
"('SAA', 'Rh', 'Co', '110', 5000)",SAA,False,esen-sm-conserving-all-oc25:relax-v4:orr-che-v3,True,0.07247155715301364,18,150,0.08,converged,,bfgs_standard,"[{""ase_converged"": true, ""converged"": true, ""end_geometry_sha256"": ""f7717c2d8123ddec09d261c2fb390a5d6268bdc81b7e5ae3136c47421129d0d9"", ""failure_class"": null, ""max_force_eV_A"": 0.07247155715301364, ""name"": ""bfgs_standard"", ""start_geometry_sha256"": ""47bb104a0f9b55bedef1a233051d5261bfc5cd0bade77b355f0f8c0fe92f9386"", ""steps"": 18}]",f7717c2d8123ddec09d261c2fb390a5d6268bdc81b7e5ae3136c47421129d0d9,-91.55091604084845,True,0.040920753394814616,14.0,100.0,0.08,converged,,bfgs_standard,"[{""ase_converged"": true, ""converged"": true, ""end_geometry_sha256"": ""88db5920d766c6b8ec3a24b7b0c54228f0b4564917d07826278861249dea3071"", ""failure_class"": null, ""max_force_eV_A"": 0.040920753394814616, ""name"": ""bfgs_standard"", ""start_geometry_sha256"": ""4008bb8a2c2c91099a0b0975fad1353c8e998a109eca96bc82bdd245056d709c"", ""steps"": 14}]",88db5920d766c6b8ec3a24b7b0c54228f0b4564917d07826278861249dea3071,1.621064963489771,True,0.036402483741027704,13.0,100.0,0.08,converged,,bfgs_standard,"[{""ase_converged"": true, ""converged"": true, ""end_geometry_sha256"": ""99e4c123fe6c035515c5e69c4c862850c028648cb253c09ecd6c164a0e11f677"", ""failure_class"": null, ""max_force_eV_A"": 0.036402483741027704, ""name"": ""bfgs_standard"", ""start_geometry_sha256"": ""1d2f4221170e893f2bde591375d5c374e93f79866855ead4a64ceba6ee9ac88c"", ""steps"": 13}]",99e4c123fe6c035515c5e69c4c862850c028648cb253c09ecd6c164a0e11f677,1.7633723385632074,False,,0.0,100.0,0.08,invalid_initial_geometry,atomic_overlap,none,[],bc8887d4daddf5d839ccd03c2f545d1ad67e6468f90d70ac6ba0df61dbfb9224,,,,,,,,validation_required,Invalid ooh initial geometry: atomic_overlap,True,0,0,40109d801d1a5230444c,False,
"('SAA', 'Rh', 'Fe', '111', 1000)",SAA,True,esen-sm-conserving-all-oc25:relax-v4:orr-che-v3,True,0.05913112976968856,32,150,0.08,converged,,bfgs_standard,"[{""ase_converged"": true, ""converged"": true, ""end_geometry_sha256"": ""42519fa3bfb81140d3cda3c2259e9f9e33241be745e93e18ea3d3521be4566c7"", ""failure_class"": null, ""max_force_eV_A"": 0.05913112976968856, ""name"": ""bfgs_standard"", ""start_geometry_sha256"": ""3e292bc9e84dabef02d204005190490653e60a263dbbd60437376b7c49b7e4f9"", ""steps"": 32}]",42519fa3bfb81140d3cda3c2259e9f9e33241be745e93e18ea3d3521be4566c7,-184.1949834467702,True,0.076927681929062,80.0,100.0,0.08,converged,,bfgs_standard,"[{""ase_converged"": true, ""converged"": true, ""end_geometry_sha256"": ""c508bba19f50136529d976d4e80471d879dab52419b1cb314b1efd0d16b85ed7"", ""failure_class"": null, ""max_force_eV_A"": 0.076927681929062, ""name"": ""bfgs_standard"", ""start_geometry_sha256"": ""448d491d1381b88a6b2a2c9ebd237ccb167f50a54a14cc02b1a204f77ce71858"", ""steps"": 80}]",c508bba19f50136529d976d4e80471d879dab52419b1cb314b1efd0d16b85ed7,-0.8648683403432369,True,0.07394948519464821,275.0,100.0,0.08,converged,,bfgs_after_fire,"[{""ase_converged"": false, ""converged"": false, ""end_geometry_sha256"": ""6d7fb5327ce428d6cb92fc1cad056cfcfb222bf29c0f1fb7c42d28c729d2f14e"", ""failure_class"": ""force_threshold"", ""max_force_eV_A"": 1.0008523066857187, ""name"": ""bfgs_standard"", ""start_geometry_sha256"": ""51cc507e0336e174ee0ddbfd7d07862a65d1e62d61b2c1e5aea9b65b829d693a"", ""steps"": 100}, {""ase_converged"": false, ""converged"": false, ""end_geometry_sha256"": ""004b43e206634c3245dba3bfa4635c38aebb9734f5283c44d6e8ecc10d3114d6"", ""failure_class"": ""force_threshold"", ""max_force_eV_A"": 1.3360387002389675, ""name"": ""fire_precondition"", ""qualifying"": false, ""start_geometry_sha256"": ""51cc507e0336e174ee0ddbfd7d07862a65d1e62d61b2c1e5aea9b65b829d693a"", ""steps"": 50}, {""ase_converged"": true, ""converged"": true, ""end_geometry_sha256"": ""3e58b8f4c96bbc209bfa1f0e5bf32c6acbddfdb977ee460d9a5b490b06acb9b0"", ""failure_class"": null, ""max_force_eV_A"": 0.07394948519464821, ""name"": ""bfgs_after_fire"", ""start_geometry_sha256"": ""004b43e206634c3245dba3bfa4635c38aebb9734f5283c44d6e8ecc10d3114d6"", ""steps"": 125}]",3e58b8f4c96bbc209bfa1f0e5bf32c6acbddfdb977ee460d9a5b490b06acb9b0,-2.872723662108208,True,0.07283489353309947,299.0,100.0,0.08,converged,,bfgs_after_fire,"[{""ase_converged"": false, ""converged"": false, ""end_geometry_sha256"": ""fbcf8a1d634881310bd22178a1d5cd98179604c339f9e77330d9047c134618fc"", ""failure_class"": ""force_threshold"", ""max_force_eV_A"": 0.227540071131708, ""name"": ""bfgs_standard"", ""start_geometry_sha256"": ""98802ec48e006b1a521b6320585d3678d84c094e3e167021311cb72535c75c4b"", ""steps"": 100}, {""ase_converged"": false, ""converged"": false, ""end_geometry_sha256"": ""4c7e33040fe853ef8deb2cb5e614e8a338173765e77d5a11d47716a0969b7d5f"", ""failure_class"": ""force_threshold"", ""max_force_eV_A"": 14.20479152824958, ""name"": ""fire_precondition"", ""qualifying"": false, ""start_geometry_sha256"": ""98802ec48e006b1a521b6320585d3678d84c094e3e167021311cb72535c75c4b"", ""steps"": 50}, {""ase_converged"": true, ""converged"": true, ""end_geometry_sha256"": ""6579505706c9ec4ea89714a32791b919ede3101fc1eb4e7964faace828f43217"", ""failure_class"": null, ""max_force_eV_A"": 0.07283489353309947, ""name"": ""bfgs_after_fire"", ""start_geometry_sha256"": ""4c7e33040fe853ef8deb2cb5e614e8a338173765e77d5a11d47716a0969b7d5f"", ""steps"": 149}]",6579505706c9ec4ea89714a32791b919ede3101fc1eb4e7964faace828f43217,4.2319349750876185,3.0,step_3_OH,7.0,-0.24949160514865332,True,3.7375920024514446,quantitative_screening,,False,0,0,ba1d7dda97e8175c8ad5,False,0.902500000035
"('SAA', 'Rh', 'Fe', '111', 10000)",SAA,True,esen-sm-conserving-all-oc25:relax-v4:orr-che-v3,True,0.0294410996898033,15,150,0.08,converged,,bfgs_standard,"[{""ase_converged"": true, ""converged"": true, ""end_geometry_sha256"": ""658b32ee82b326623d85c254340285c420cd7fdcf53708ea32a28e47b407258e"", ""failure_class"": null, ""max_force_eV_A"": 0.0294410996898033, ""name"": ""bfgs_standard"", ""start_geometry_sha256"": ""4e6519b1399a026291f797a845d8b5084e0fca5c5404702b9b4a1383be467d98"", ""steps"": 15}]",658b32ee82b326623d85c254340285c420cd7fdcf53708ea32a28e47b407258e,-80.60101508402767,True,0.07451189800041465,46.0,100.0,0.08,converged,,bfgs_standard,"[{""ase_converged"": true, ""converged"": true, ""end_geometry_sha256"": ""8862a74688999704cbb0eb60b309bc8f2b8d22bcaa5495109dde1ab96bf58fd2"", ""failure_class"": null, ""max_force_eV_A"": 0.07451189800041465, ""name"": ""bfgs_standard"", ""start_geometry_sha256"": ""8e00a01fce721b1fd84bd57bcd690267cd18bd131d1ed9fe3e7168adaf38c90c"", ""steps"": 46}]",8862a74688999704cbb0eb60b309bc8f2b8d22bcaa5495109dde1ab96bf58fd2,-0.5483934257924556,True,0.053824042082818754,47.0,100.0,0.08,converged,,bfgs_standard,"[{""ase_converged"": true, ""converged"": true, ""end_geometry_sha256"": ""a6ac40054d97052652425b6ad4050e7a34199c7ac6198e670522fe466d57dc32"", ""failure_class"": null, ""max_force_eV_A"": 0.053824042082818754, ""name"": ""bfgs_standard"", ""start_geometry_sha256"": ""7bcc21b0777a13468b69d6ec5850ab9e62c4986f2522ffb249fbd4c69c6843d5"", ""steps"": 47}]",a6ac40054d97052652425b6ad4050e7a34199c7ac6198e670522fe466d57dc32,-0.3001719348132575,True,0.06951916778964472,84.0,100.0,0.08,converged,,bfgs_standard,"[{""ase_converged"": true, ""converged"": true, ""end_geometry_sha256"": ""9625f23ca9ebbab5c7742fd56901a88019a8aa57f19bf8d2a84064019e3c9c36"", ""failure_class"": null, ""max_force_eV_A"": 0.06951916778964472, ""name"": ""bfgs_standard"", ""start_geometry_sha256"": ""7ce9ab8cdd8622466ab713d7d9b2c5f50daffb73bcaca22e38c40faa20fb216b"", ""steps"": 84}]",9625f23ca9ebbab5c7742fd56901a88019a8aa57f19bf8d2a84064019e3c9c36,4.81676239818335,1.7773934257924557,step_4_H2O,7.0,-0.24949160514865332,True,0.8485653606057131,quantitative_screening,,False,2,2,b7beea061d901ee5e6b7,False,0.902500000035
"('SAA', 'Rh', 'Fe', '211', 100)",SAA,False,esen-sm-conserving-all-oc25:relax-v4:orr-che-v3,True,0.07596319684605601,66,150,0.08,converged,,bfgs_standard,"[{""ase_converged"": true, ""converged"": true, ""end_geometry_sha256"": ""222f60c06cfd885fba8ab0ae2b08ebd5b8eea0fd45a79e2b8ccc7a2441553009"", ""failure_class"": null, ""max_force_eV_A"": 0.07596319684605601, ""name"": ""bfgs_standard"", ""start_geometry_sha256"": ""3d1aab2913f84f0b26f02e29f486243f3b083be293c466f07e21a70a91a96189"", ""steps"": 66}]",222f60c06cfd885fba8ab0ae2b08ebd5b8eea0fd45a79e2b8ccc7a2441553009,-320.83022949274454,True,0.07175628813667034,62.0,100.0,0.08,converged,,bfgs_standard,"[{""ase_converged"": true, ""converged"": true, ""end_geometry_sha256"": ""5612aefa8d6fa52a787b83a4b6ccb08c25f69001921c0eea43dbf0c099020f32"", ""failure_class"": null, ""max_force_eV_A"": 0.07175628813667034, ""name"": ""bfgs_standard"", ""start_geometry_sha256"": ""fba7982ac5ed62f206d17468c5de549a316a05762c8ae99fc3c0268a38ee452a"", ""steps"": 62}]",5612aefa8d6fa52a787b83a4b6ccb08c25f69001921c0eea43dbf0c099020f32,0.9353635932505131,True,0.07555387320384907,75.0,100.0,0.08,converged,,bfgs_standard,"[{""ase_converged"": true, ""converged"": true, ""end_geometry_sha256"": ""8843fdcf61a66d13d54b2d8207934fc73738225867535b19027181f31b826b82"", ""failure_class"": null, ""max_force_eV_A"": 0.07555387320384907, ""name"": ""bfgs_standard"", ""start_geometry_sha256"": ""81691914488644607bcd7080a900c793783fed7d1d0d5ac6d784cf7c0bdc0734"", ""steps"": 75}]",8843fdcf61a66d13d54b2d8207934fc73738225867535b19027181f31b826b82,0.5959653027355423,False,1.030294520383918,650.0,100.0,0.08,recovery_exhausted,force_threshold,bfgs_after_fire,"[{""ase_converged"": false, ""converged"": false, ""end_geometry_sha256"": ""df2031d18cef8d6342ef33ec6cb9d5fd5b45f155eaea38626120d7bcc26df3bb"", ""failure_class"": ""force_threshold"", ""max_force_eV_A"": 1.3391109954791296, ""name"": ""bfgs_standard"", ""start_geometry_sha256"": ""4ed027d4526f25fc9b7efff452ca79c99e338983c37823378d5c8b8961252e78"", ""steps"": 100}, {""ase_converged"": false, ""converged"": false, ""end_geometry_sha256"": ""e7cd2fc0675885554452f18bf340298944da175d935ac8b2b27697682a47d7de"", ""failure_class"": ""force_threshold"", ""max_force_eV_A"": 12.872573154093724, ""name"": ""fire_precondition"", ""qualifying"": false, ""start_geometry_sha256"": ""4ed027d4526f25fc9b7efff452ca79c99e338983c37823378d5c8b8961252e78"", ""steps"": 50}, {""ase_converged"": false, ""converged"": false, ""end_geometry_sha256"": ""342a2d065a98ca3881ef22ae89e35a2907f098cc769a336ee7a01b269d713caa"", ""failure_class"": ""force_threshold"", ""max_force_eV_A"": 1.030294520383918, ""name"": ""bfgs_after_fire"", ""start_geometry_sha256"": ""e7cd2fc0675885554452f18bf340298944da175d935ac8b2b27697682a47d7de"", ""steps"": 200}, {""ase_converged"": false, ""converged"": false, ""end_geometry_sha256"": ""c208fb6183379c4ee89327ae041dd186448d111979323577c1909cd304817fb6"", ""failure_class"": ""force_threshold"", ""max_force_eV_A"": 1.035358183897219, ""name"": ""fire_small_step"", ""start_geometry_sha256"": ""342a2d065a98ca3881ef22ae89e35a2907f098cc769a336ee7a01b269d713caa"", ""steps"": 300}]",342a2d065a98ca3881ef22ae89e35a2907f098cc769a336ee7a01b269d713caa,,,,,,,,validation_required,Unconverged ooh relaxation: max_force=1.03029 eV/A after 650 cumulative recovery steps,True,2,2,0b4e1dd95bd1b0f8ac09,False,
"('SAA', 'Rh', 'Ag', '111', 5000)",SAA,True,esen-sm-conserving-all-oc25:relax-v4:orr-che-v3,True,0.0694132832305427,8,150,0.08,converged,,bfgs_standard,"[{""ase_converged"": true, ""converged"": true, ""end_geometry_sha256"": ""4e36a46b4019fe4580c8e51b331ebd63f578e6e94c8fbf2c8cedca1fee31f9d1"", ""failure_class"": null, ""max_force_eV_A"": 0.0694132832305427, ""name"": ""bfgs_standard"", ""start_geometry_sha256"": ""9ebb3cf85fdcae0b07b927055aedb20a2aa4ea349531228cc4c390facf346c33"", ""steps"": 8}]",4e36a46b4019fe4580c8e51b331ebd63f578e6e94c8fbf2c8cedca1fee31f9d1,-45.86864806187541,True,0.07945080766364516,75.0,100.0,0.08,converged,,bfgs_standard,"[{""ase_converged"": true, ""converged"": true, ""end_geometry_sha256"": ""44d6ccd2bb5cc75c57f002f94ec40ebaa11c06075b6a9ee06d2224e65524f793"", ""failure_class"": null, ""max_force_eV_A"": 0.07945080766364516, ""name"": ""bfgs_standard"", ""start_geometry_sha256"": ""41acc12dc49bbaac77f11c63c73a0b00759e5c77e27a55207dd52736d3bfbd6a"", ""steps"": 75}]",44d6ccd2bb5cc75c57f002f94ec40ebaa11c06075b6a9ee06d2224e65524f793,0.8670595313608576,True,0.07749150788603837,37.0,100.0,0.08,converged,,bfgs_standard,"[{""ase_converged"": true, ""converged"": true, ""end_geometry_sha256"": ""8db7769aa9e094a6977884454c3885135653ea736cc351ec27a1a7ac030f0a3b"", ""failure_class"": null, ""max_force_eV_A"": 0.07749150788603837, ""name"": ""bfgs_standard"", ""start_geometry_sha256"": ""929b243499c4c6637de7860978d7214aaee9dedf9c9c0938482ea2d32c2d27c7"", ""steps"": 37}]",8db7769aa9e094a6977884454c3885135653ea736cc351ec27a1a7ac030f0a3b,2.9132308132946454,True,0.07859124697884179,52.0,100.0,0.08,converged,,bfgs_standard,"[{""ase_converged"": true, ""converged"": true, ""end_geometry_sha256"": ""55241ee01659dc225de5f7b981aa9002d45dc186592989f6eeb0c3e0391740bd"", ""failure_class"": null, ""max_force_eV_A"": 0.07859124697884179, ""name"": ""bfgs_standard"", ""start_geometry_sha256"": ""565d05eaa261af6f3d2234fe0771f0692b8bdd63d5006426d7dbe2c578be748f"", ""steps"": 52}]",55241ee01659dc225de5f7b981aa9002d45dc186592989f6eeb0c3e0391740bd,3.402552674710747,0.7396781385838986,step_2_O,10.0,-2.0,True,3.780290344655503,quantitative_screening,,False,0,0,8b2a1c2d00f150e5b75a,False,0.902500000035
"('SAA', 'Rh', 'Ag', '211', 2000)",SAA,True,esen-sm-conserving-all-oc25:relax-v4:orr-che-v3,True,0.07027201980931856,11,150,0.08,converged,,bfgs_standard,"[{""ase_converged"": true, ""converged"": true, ""end_geometry_sha256"": ""a423c23d52ce4047db31a5348fd346f1d3380a27a5a47e8445fe62c0c677bebb"", ""failure_class"": null, ""max_force_eV_A"": 0.07027201980931856, ""name"": ""bfgs_standard"", ""start_geometry_sha256"": ""fcad8585af6921ac00cbc554b9e7214ed020ea6cf4553c917dd723fec1f776fe"", ""steps"": 11}]",a423c23d52ce4047db31a5348fd346f1d3380a27a5a47e8445fe62c0c677bebb,-45.513033399705,True,0.07395566845508977,75.0,100.0,0.08,converged,,bfgs_standard,"[{""ase_converged"": true, ""converged"": true, ""end_geometry_sha256"": ""b30a7295c5fab19c81871020bad86c12cefbd96286a26e911491d05fa0322196"", ""failure_class"": null, ""max_force_eV_A"": 0.07395566845508977, ""name"": ""bfgs_standard"", ""start_geometry_sha256"": ""6f5e1f1e807376df8805c7f50407cfe5d41b714fb852bc6b57a205ae1a84150c"", ""steps"": 75}]",b30a7295c5fab19c81871020bad86c12cefbd96286a26e911491d05fa0322196,0.5140345717966486,True,0.06913988380846825,192.0,100.0,0.08,converged,,bfgs_after_fire,"[{""ase_converged"": false, ""converged"": false, ""end_geometry_sha256"": ""7e214503d8f84c5e4a3ecceebef7cede6f9fa6c9640160932faa01b261296592"", ""failure_class"": ""force_threshold"", ""max_force_eV_A"": 0.3861603009319615, ""name"": ""bfgs_standard"", ""start_geometry_sha256"": ""e433db65f1b2aebfea6c20c3230440481227c592c999e225c54dcfc276a82fcc"", ""steps"": 100}, {""ase_converged"": true, ""converged"": true, ""end_geometry_sha256"": ""0989ee02c1083634829d441b2296c3b9a6013fa4df12fda9d9e640427272528d"", ""failure_class"": null, ""max_force_eV_A"": 0.2369778692898195, ""name"": ""fire_precondition"", ""qualifying"": false, ""start_geometry_sha256"": ""e433db65f1b2aebfea6c20c3230440481227c592c999e225c54dcfc276a82fcc"", ""steps"": 31}, {""ase_converged"": true, ""converged"": true, ""end_geometry_sha256"": ""5db83b21fa643268419a94375f9f5b84f0d00ec9579e1073f86846a3732271a3"", ""failure_class"": null, ""max_force_eV_A"": 0.06913988380846825, ""name"": ""bfgs_after_fire"", ""start_geometry_sha256"": ""0989ee02c1083634829d441b2296c3b9a6013fa4df12fda9d9e640427272528d"", ""steps"": 61}]",5db83b21fa643268419a94375f9f5b84f0d00ec9579e1073f86846a3732271a3,1.0554973252117599,True,0.07679512872546491,62.0,100.0,0.08,converged,,bfgs_standard,"[{""ase_converged"": true, ""converged"": true, ""end_geometry_sha256"": ""f2351e94cc39eae964a9b1dccae321d31776adac81f97038a6aadd570dc26408"", ""failure_class"": null, ""max_force_eV_A"": 0.07679512872546491, ""name"": ""bfgs_standard"", ""start_geometry_sha256"": ""46c0218b2713d228a6d9802bbfd9a9809a6f3d463022f06be014ba0c47c1627d"", ""steps"": 62}]",f2351e94cc39eae964a9b1dccae321d31776adac81f97038a6aadd570dc26408,2.7687541946768723,0.7149654282033515,step_4_H2O,10.0,-2.0,True,1.5695318970084084,quantitative_screening,,False,1,1,33dde7f577219c229a63,False,0.902500000035
"('SAA', 'Rh', 'Au', '100', 500)",SAA,True,esen-sm-conserving-all-oc25:relax-v4:orr-che-v3,True,0.06799704601672933,11,150,0.08,converged,,bfgs_standard,"[{""ase_converged"": true, ""converged"": true, ""end_geometry_sha256"": ""6101ada67a0b0d4873669e3ca38378adef04d3e4d43ade586bffaab4088455dd"", ""failure_class"": null, ""max_force_eV_A"": 0.06799704601672933, ""name"": ""bfgs_standard"", ""start_geometry_sha256"": ""fc6c24174f954407090a936e33237bca38917511210130f4b9ad44902ed48e6d"", ""steps"": 11}]",6101ada67a0b0d4873669e3ca38378adef04d3e4d43ade586bffaab4088455dd,-119.56552786013889,True,0.0746614272129121,65.0,100.0,0.08,converged,,bfgs_standard,"[{""ase_converged"": true, ""converged"": true, ""end_geometry_sha256"": ""a3f7f877276a495c32483c51007fcec72bc8df1e6a4472ecf1edff44c6ac6dc0"", ""failure_class"": null, ""max_force_eV_A"": 0.0746614272129121, ""name"": ""bfgs_standard"", ""start_geometry_sha256"": ""44d3f228f7d687404b6ce87778f3d4b4a957e4e1cd01c31b6e8a67a1028ac0ed"", ""steps"": 65}]",a3f7f877276a495c32483c51007fcec72bc8df1e6a4472ecf1edff44c6ac6dc0,1.0387390281259872,True,0.066946838373624,38.0,100.0,0.08,converged,,bfgs_standard,"[{""ase_converged"": true, ""converged"": true, ""end_geometry_sha256"": ""9061531586500d4a2596531eff21c470dbf6a4b7f8672292bbe0b235825e4f17"", ""failure_class"": null, ""max_force_eV_A"": 0.066946838373624, ""name"": ""bfgs_standard"", ""start_geometry_sha256"": ""7c2a5489bbe9e3da13cec7edb9db63a36dd4fea976da4accb6c3b19b234ede3e"", ""steps"": 38}]",9061531586500d4a2596531eff21c470dbf6a4b7f8672292bbe0b235825e4f17,2.491576112061728,True,0.07272126452882952,71.0,100.0,0.08,converged,,bfgs_standard,"[{""ase_converged"": true, ""converged"": true, ""end_geometry_sha256"": ""19c1a08800422236e77d3d5f50a8b0d9679e807237aeb11dae71dd99999c5eb1"", ""failure_class"": null, ""max_force_eV_A"": 0.07272126452882952, ""name"": ""bfgs_standard"", ""start_geometry_sha256"": ""fb5ebd124ccc426947ac10bc4c54ca2dd2b2f7ecb6b471c04a6b17e03a2b0293"", ""steps"": 71}]",19c1a08800422236e77d3d5f50a8b0d9679e807237aeb11dae71dd99999c5eb1,3.284805725514878,0.4357703865468503,step_2_O,10.0,-2.0,True,3.5303151401877155,quantitative_screening,,False,0,0,c98f9ed43d8779ea5012,False,0.902500000035
"('SAA', 'Rh', 'Au', '100', 5000)",SAA,True,esen-sm-conserving-all-oc25:relax-v4:orr-che-v3,True,0.027896922371818362,11,150,0.08,converged,,bfgs_standard,"[{""ase_converged"": true, ""converged"": true, ""end_geometry_sha256"": ""d2afd727ad4cdb840e776c3c2a436e71920f40fbff4d1de25619b95ce73ef88c"", ""failure_class"": null, ""max_force_eV_A"": 0.027896922371818362, ""name"": ""bfgs_standard"", ""start_geometry_sha256"": ""1f40fc3d76819c9b41711882b716c894852f13c0fe970f3a3894165536ce5f2b"", ""steps"": 11}]",d2afd727ad4cdb840e776c3c2a436e71920f40fbff4d1de25619b95ce73ef88c,-54.3624509928053,True,0.07409932885885438,71.0,100.0,0.08,converged,,bfgs_standard,"[{""ase_converged"": true, ""converged"": true, ""end_geometry_sha256"": ""eebf5672b93131bd6960a8266ccc9533aed7c7a730708588d8e534b36d990a7d"", ""failure_class"": null, ""max_force_eV_A"": 0.07409932885885438, ""name"": ""bfgs_standard"", ""start_geometry_sha256"": ""afdcc607e7c221cb80d144f875d120751a2b5aa80a342085853a6b456c818ff1"", ""steps"": 71}]",eebf5672b93131bd6960a8266ccc9533aed7c7a730708588d8e534b36d990a7d,0.4424074317514825,True,0.06987569549954917,39.0,100.0,0.08,converged,,bfgs_standard,"[{""ase_converged"": true, ""converged"": true, ""end_geometry_sha256"": ""4d79d580f0a2d1914dc35272544b0bdc7742196fcd6e9d066d93192667cc1538"", ""failure_class"": null, ""max_force_eV_A"": 0.06987569549954917, ""name"": ""bfgs_standard"", ""start_geometry_sha256"": ""163fa87ae15bc85638896db741571b9ad5bc26929a66adab1d1d9df60101fab5"", ""steps"": 39}]",4d79d580f0a2d1914dc35272544b0bdc7742196fcd6e9d066d93192667cc1538,1.2188333638012374,True,0.07757970653266233,45.0,100.0,0.08,converged,,bfgs_standard,"[{""ase_converged"": true, ""converged"": true, ""end_geometry_sha256"": ""01c47ecbb59123f7677a07ba1f87583f6ebcb5f8e03c137485d1b14745ddcca0"", ""failure_class"": null, ""max_force_eV_A"": 0.07757970653266233, ""name"": ""bfgs_standard"", ""start_geometry_sha256"": ""995e75706d4aad2f95ac7c0d8589336c1e9de26d525b090d6dbea1feea9ef395"", ""steps"": 45}]",01c47ecbb59123f7677a07ba1f87583f6ebcb5f8e03c137485d1b14745ddcca0,2.245815704762932,0.7865925682485175,step_4_H2O,10.0,-2.0,True,1.66124079555272,quantitative_screening,,False,2,2,1da94e4c6fe7318db6cf,False,0.902500000035
"('SAA', 'Rh', 'Au', '211', 10000)",SAA,True,esen-sm-conserving-all-oc25:relax-v4:orr-che-v3,True,0.07003506764053877,10,150,0.08,converged,,bfgs_standard,"[{""ase_converged"": true, ""converged"": true, ""end_geometry_sha256"": ""693a4da6b476cc9cb019e5649cbb6dda45c6e8adc2285c6b4346c8d1b1ffa24a"", ""failure_class"": null, ""max_force_eV_A"": 0.07003506764053877, ""name"": ""bfgs_standard"", ""start_geometry_sha256"": ""0667d76884cd1e89c697023a070d09b9dd576eab36f2c204c48d17e954f44d79"", ""steps"": 10}]",693a4da6b476cc9cb019e5649cbb6dda45c6e8adc2285c6b4346c8d1b1ffa24a,-56.02514401648694,True,0.05544861975297283,37.0,100.0,0.08,converged,,bfgs_standard,"[{""ase_converged"": true, ""converged"": true, ""end_geometry_sha256"": ""4570a3d452906bd57f2352fee46291f92206ea00d1cdc951ef802d83726cfa45"", ""failure_class"": null, ""max_force_eV_A"": 0.05544861975297283, ""name"": ""bfgs_standard"", ""start_geometry_sha256"": ""61f55eed4a20519dd8468aba2b61d3d8d7bb61967a60022a83fe3b218b433389"", ""steps"": 37}]",4570a3d452906bd57f2352fee46291f92206ea00d1cdc951ef802d83726cfa45,4.465365710407488,True,0.07724353916141277,17.0,100.0,0.08,converged,,bfgs_standard,"[{""ase_converged"": true, ""converged"": true, ""end_geometry_sha256"": ""da8bd76f16030c33cf6e740d1718296561c3653ddbdbc8c3be2572ee694127d3"", ""failure_class"": null, ""max_force_eV_A"": 0.07724353916141277, ""name"": ""bfgs_standard"", ""start_geometry_sha256"": ""4abf8db3e31d6c743e4c6173854da18e4d5510cedcb69bcf316030b618e98e66"", ""steps"": 17}]",da8bd76f16030c33cf6e740d1718296561c3653ddbdbc8c3be2572ee694127d3,3.6832341320812665,True,0.07360021580187844,76.0,100.0,0.08,converged,,bfgs_standard,"[{""ase_converged"": true, ""converged"": true, ""end_geometry_sha256"": ""3dac8e6e31c57f8fd9edc76b97ed9839df320d76bbf3c7e018a70c0cd15521da"", ""failure_class"": null, ""max_force_eV_A"": 0.07360021580187844, ""name"": ""bfgs_standard"", ""start_geometry_sha256"": ""a8d51e8f1f966532dd1561bc704ee355a1ba1fc57353074b5d1511b9891fac05"", ""steps"": 76}]",3dac8e6e31c57f8fd9edc76b97ed9839df320d76bbf3c7e018a70c0cd15521da,4.944682548940179,2.0111315783262214,step_3_OH,10.0,-2.0,True,8.148599842488753,quantitative_screening,,False,0,0,f5f7e0caf65bd931b37e,False,0.902500000035
"('MetalFreeCarbon', 'pyrrolic', 0.08, 'edge_zigzag', 'graphdiyne', 'none')",MetalFreeCarbon,True,esen-sm-conserving-all-oc25:relax-v4:orr-che-v3,True,0.0711529382501135,22,150,0.08,converged,,bfgs_standard,"[{""ase_converged"": true, ""converged"": true, ""end_geometry_sha256"": ""29f2f074df89f311109728440e259c69ae477a497de8624673d3c869accf585f"", ""failure_class"": null, ""max_force_eV_A"": 0.0711529382501135, ""name"": ""bfgs_standard"", ""start_geometry_sha256"": ""6afbeb45a169784a0c4ff521ebaba2c02ae38ac576dd6588c3cf0718ca6653a5"", ""steps"": 22}]",29f2f074df89f311109728440e259c69ae477a497de8624673d3c869accf585f,-131.61956488733998,True,0.07324464074132778,96.0,100.0,0.08,converged,,bfgs_standard,"[{""ase_converged"": true, ""converged"": true, ""end_geometry_sha256"": ""23ff5977d8912d8480866c48747eba5e323e0b8aae6b354d7d857154087c0c92"", ""failure_class"": null, ""max_force_eV_A"": 0.07324464074132778, ""name"": ""bfgs_standard"", ""start_geometry_sha256"": ""aebd08bdcb52e981a39a4e9f8f6018a74d09b60f3a12ca739ba85c7e3ba60f75"", ""steps"": 96}]",23ff5977d8912d8480866c48747eba5e323e0b8aae6b354d7d857154087c0c92,0.04833585277199742,True,0.04664057750994606,30.0,100.0,0.08,converged,,bfgs_standard,"[{""ase_converged"": true, ""converged"": true, ""end_geometry_sha256"": ""7a9fabdc0af5e5017ea89f114df99c6dd244d60ab4408001829fbc00090820d7"", ""failure_class"": null, ""max_force_eV_A"": 0.04664057750994606, ""name"": ""bfgs_standard"", ""start_geometry_sha256"": ""925ff5e0da268d619bd056fab1ee5c2c1a51d8c5843470d3e21914e9452fabe7"", ""steps"": 30}]",7a9fabdc0af5e5017ea89f114df99c6dd244d60ab4408001829fbc00090820d7,-0.22146614715456608,True,0.07203697606613381,199.0,100.0,0.08,converged,,bfgs_after_fire,"[{""ase_converged"": false, ""converged"": false, ""end_geometry_sha256"": ""b689ae9b59f858e984b79e7a4d5a7adb1b1929f6f2d2a891026ea4a01452055f"", ""failure_class"": ""force_threshold"", ""max_force_eV_A"": 0.19361834151310725, ""name"": ""bfgs_standard"", ""start_geometry_sha256"": ""1fa2f2a987f2b8bc067d900d98d6d8e1cfb12995c9b93f10e2988e9400f2e082"", ""steps"": 100}, {""ase_converged"": false, ""converged"": false, ""end_geometry_sha256"": ""8abbca3990000e8f9949dcc8a2de30528e12a9881077019796dc097fce6276cd"", ""failure_class"": ""force_threshold"", ""max_force_eV_A"": 1.0983136596431728, ""name"": ""fire_precondition"", ""qualifying"": false, ""start_geometry_sha256"": ""1fa2f2a987f2b8bc067d900d98d6d8e1cfb12995c9b93f10e2988e9400f2e082"", ""steps"": 50}, {""ase_converged"": true, ""converged"": true, ""end_geometry_sha256"": ""b0fac2b0594479a7c715125a1e096973bf7b0648bb48a7093d3c016d2d1cf8a8"", ""failure_class"": null, ""max_force_eV_A"": 0.07203697606613381, ""name"": ""bfgs_after_fire"", ""start_geometry_sha256"": ""8abbca3990000e8f9949dcc8a2de30528e12a9881077019796dc097fce6276cd"", ""steps"": 49}]",b0fac2b0594479a7c715125a1e096973bf7b0648bb48a7093d3c016d2d1cf8a8,2.8972477421164546,1.4988019999265636,step_3_OH,10.0,0.0,True,0.2698019999265635,quantitative_screening,,True,1,1,3ddddb45020ace5b875c,False,0.27249999999999996
"('MetalFreeCarbon', 'pyrrolic', 0.08, 'pentagon_heptagon', 'carbon_black', 'none')",MetalFreeCarbon,True,esen-sm-conserving-all-oc25:relax-v4:orr-che-v3,True,0.07561247538986847,74,150,0.08,converged,,bfgs_standard,"[{""ase_converged"": true, ""converged"": true, ""end_geometry_sha256"": ""1eba1969a84bb32bd09a7d22e0583ef34d6bb82ff06d8ac9d1ac7a47012b91c8"", ""failure_class"": null, ""max_force_eV_A"": 0.07561247538986847, ""name"": ""bfgs_standard"", ""start_geometry_sha256"": ""dbb56e1203ba65250c367243f9c9c9e451153090e840a97e25e42594912beb0d"", ""steps"": 74}]",1eba1969a84bb32bd09a7d22e0583ef34d6bb82ff06d8ac9d1ac7a47012b91c8,-134.01081454401722,True,0.06416099571410148,62.0,100.0,0.08,converged,,bfgs_standard,"[{""ase_converged"": true, ""converged"": true, ""end_geometry_sha256"": ""3ed29fe94949c6506cfc5a16e49ae029b5ed98516b18eaf592e7ce3b10075679"", ""failure_class"": null, ""max_force_eV_A"": 0.06416099571410148, ""name"": ""bfgs_standard"", ""start_geometry_sha256"": ""52642d00b33bf4db73749e42e06c2c104d131780b3606eaf820d6d5aa85a2d1f"", ""steps"": 62}]",3ed29fe94949c6506cfc5a16e49ae029b5ed98516b18eaf592e7ce3b10075679,2.4441698218882086,True,0.07313080043081699,54.0,100.0,0.08,converged,,bfgs_standard,"[{""ase_converged"": true, ""converged"": true, ""end_geometry_sha256"": ""d33471516afaabf8ae67e0db0e0d898e54914bfdc1424026e678cea472d35009"", ""failure_class"": null, ""max_force_eV_A"": 0.07313080043081699, ""name"": ""bfgs_standard"", ""start_geometry_sha256"": ""ea2623a9bf885d69ec367dee747b0a73fcb7d1b84523d9aa2d65414df985ba98"", ""steps"": 54}]",d33471516afaabf8ae67e0db0e0d898e54914bfdc1424026e678cea472d35009,2.1638077862560783,True,0.07621694180909051,43.0,100.0,0.08,converged,,bfgs_standard,"[{""ase_converged"": true, ""converged"": true, ""end_geometry_sha256"": ""4d9d881ef7744e2ad6715ac38745c048ccffa77322ece1fc8b3f3c7a417882f7"", ""failure_class"": null, ""max_force_eV_A"": 0.07621694180909051, ""name"": ""bfgs_standard"", ""start_geometry_sha256"": ""7155792d67228041f8a8623aafc406532e478b8a3925bbb998ad3eec1dd29855"", ""steps"": 43}]",4d9d881ef7744e2ad6715ac38745c048ccffa77322ece1fc8b3f3c7a417882f7,5.1511749729514165,1.5093620356321304,step_3_OH,10.0,0.0,True,4.607977608144287,quantitative_screening,,True,0,0,3cce3ba523cf268968c4,False,0.27249999999999996
"('MetalFreeCarbon', 'pyrrolic', 0.1, 'Stone_Wales', 'CNT', 'S')",MetalFreeCarbon,True,esen-sm-conserving-all-oc25:relax-v4:orr-che-v3,True,0.07592814942495944,90,150,0.08,converged,,bfgs_standard,"[{""ase_converged"": true, ""converged"": true, ""end_geometry_sha256"": ""1123e83c402d0bc4568e1e4929530280c077d1544ac653925690fc7d089c97c1"", ""failure_class"": null, ""max_force_eV_A"": 0.07592814942495944, ""name"": ""bfgs_standard"", ""start_geometry_sha256"": ""0269d2d02ee3c9a9351f856aea317d2082dfdd32c499c11606f1af7f85900d0b"", ""steps"": 90}]",1123e83c402d0bc4568e1e4929530280c077d1544ac653925690fc7d089c97c1,-132.16188548576233,True,0.07795593145399718,40.0,100.0,0.08,converged,,bfgs_standard,"[{""ase_converged"": true, ""converged"": true, ""end_geometry_sha256"": ""067ffa62b599042c5854e1fb75261368075df558f3d95a99841a3e3feeff5a5c"", ""failure_class"": null, ""max_force_eV_A"": 0.07795593145399718, ""name"": ""bfgs_standard"", ""start_geometry_sha256"": ""b15376620d9946de23a3912b43a51de1a7852e5c60694416ca8601714424d108"", ""steps"": 40}]",067ffa62b599042c5854e1fb75261368075df558f3d95a99841a3e3feeff5a5c,2.644593539386988,True,0.06747281382679858,67.0,100.0,0.08,converged,,bfgs_standard,"[{""ase_converged"": true, ""converged"": true, ""end_geometry_sha256"": ""c4e024db70128c4c1fd3321ed59f81cd0452fbfa3ac98a966fe296cca0a49c71"", ""failure_class"": null, ""max_force_eV_A"": 0.06747281382679858, ""name"": ""bfgs_standard"", ""start_geometry_sha256"": ""60dbfa381af19e57cd4133488e1d8848168c85786f6dde25bd10b271a35a3c67"", ""steps"": 67}]",c4e024db70128c4c1fd3321ed59f81cd0452fbfa3ac98a966fe296cca0a49c71,1.6046575672924555,True,0.07410191657025215,57.0,100.0,0.08,converged,,bfgs_standard,"[{""ase_converged"": true, ""converged"": true, ""end_geometry_sha256"": ""a5004660f95b5fc3fad2c615be1f6614a35e1153110bc370037fc6d5d155ea53"", ""failure_class"": null, ""max_force_eV_A"": 0.07410191657025215, ""name"": ""bfgs_standard"", ""start_geometry_sha256"": ""87cd73f8169a2d01ade23e5ab0e003e2ef50c802e30bde084c67068b9a116c28"", ""steps"": 57}]",a5004660f95b5fc3fad2c615be1f6614a35e1153110bc370037fc6d5d155ea53,5.124585102498536,2.268935972094533,step_3_OH,10.0,0.0,True,4.249251106679443,quantitative_screening,,True,2,2,6ec31b729d150e74b67b,False,0.27249999999999996
"('MetalFreeCarbon', 'pyrrolic', 0.1, 'Stone_Wales', 'carbon_black', 'B')",MetalFreeCarbon,True,esen-sm-conserving-all-oc25:relax-v4:orr-che-v3,True,0.07340639544268998,61,150,0.08,converged,,bfgs_standard,"[{""ase_converged"": true, ""converged"": true, ""end_geometry_sha256"": ""edc80d14f583872485e608fdf344a96f0a8e82e20f21679d26e9b94aedbae3ee"", ""failure_class"": null, ""max_force_eV_A"": 0.07340639544268998, ""name"": ""bfgs_standard"", ""start_geometry_sha256"": ""0b605f87758d49a20614d664028c8c5a41a0389f5cdb588ce60a74afbe1c2149"", ""steps"": 61}]",edc80d14f583872485e608fdf344a96f0a8e82e20f21679d26e9b94aedbae3ee,-135.48982442995657,True,0.07472495162742639,241.0,100.0,0.08,converged,,bfgs_after_fire,"[{""ase_converged"": false, ""converged"": false, ""end_geometry_sha256"": ""a9b0849f5d63c9eea620728266fb378c92c552c15aaae4882c1b40a17d8f4e79"", ""failure_class"": ""force_threshold"", ""max_force_eV_A"": 2.55058817929005, ""name"": ""bfgs_standard"", ""start_geometry_sha256"": ""e9c959043478727263393c10d7684846d5d30ae30f25e74202ec48215de21080"", ""steps"": 100}, {""ase_converged"": true, ""converged"": true, ""end_geometry_sha256"": ""07bd03af00f592df3b084d18ae2640e414276058e3c7c1011912432e55782f22"", ""failure_class"": null, ""max_force_eV_A"": 0.22935537097890607, ""name"": ""fire_precondition"", ""qualifying"": false, ""start_geometry_sha256"": ""e9c959043478727263393c10d7684846d5d30ae30f25e74202ec48215de21080"", ""steps"": 22}, {""ase_converged"": true, ""converged"": true, ""end_geometry_sha256"": ""9071ee812610d4555a91c67aa082db5d1eefdf2d14a81792639705902fc4b5d4"", ""failure_class"": null, ""max_force_eV_A"": 0.07472495162742639, ""name"": ""bfgs_after_fire"", ""start_geometry_sha256"": ""07bd03af00f592df3b084d18ae2640e414276058e3c7c1011912432e55782f22"", ""steps"": 119}]",9071ee812610d4555a91c67aa082db5d1eefdf2d14a81792639705902fc4b5d4,1.38170653834939,True,0.07787674121853995,32.0,100.0,0.08,converged,,bfgs_standard,"[{""ase_converged"": true, ""converged"": true, ""end_geometry_sha256"": ""092820936acc05134df6250a6d656b01c754defa48497476fb10ab3027c02224"", ""failure_class"": null, ""max_force_eV_A"": 0.07787674121853995, ""name"": ""bfgs_standard"", ""start_geometry_sha256"": ""1629d44f9df44dd6ac56baa234575d8ce5d57051cad1d92b13913f45284b324b"", ""steps"": 32}]",092820936acc05134df6250a6d656b01c754defa48497476fb10ab3027c02224,2.1100200779736076,True,0.07705536180937773,59.0,100.0,0.08,converged,,bfgs_standard,"[{""ase_converged"": true, ""converged"": true, ""end_geometry_sha256"": ""29c803befc48123165ede610ee417956f2e46847989e6285538e328fee32b0bc"", ""failure_class"": null, ""max_force_eV_A"": 0.07705536180937773, ""name"": ""bfgs_standard"", ""start_geometry_sha256"": ""c58694593656c6f24b6b70a34cb86c883b435661c0e848518a94151286e34b3e"", ""steps"": 59}]",29c803befc48123165ede610ee417956f2e46847989e6285538e328fee32b0bc,4.992789219319825,1.3017892193198248,step_1_OOH,10.0,0.0,True,3.491726616322998,quantitative_screening,,True,0,0,25fb63044c52cfdb499c,False,0.27249999999999996
"('MetalFreeCarbon', 'pyrrolic', 0.1, 'edge_zigzag', 'porous_carbon', 'S')",MetalFreeCarbon,True,esen-sm-conserving-all-oc25:relax-v4:orr-che-v3,True,0.07186940998090902,100,150,0.08,converged,,bfgs_standard,"[{""ase_converged"": true, ""converged"": true, ""end_geometry_sha256"": ""5a6149de3eec122dab565f1bf3aa3a3729f946c75dcf60ec1872eb13a04fe643"", ""failure_class"": null, ""max_force_eV_A"": 0.07186940998090902, ""name"": ""bfgs_standard"", ""start_geometry_sha256"": ""2b8d9c57164c6eb031b3fb4221f3c049c577acae6c27f6352eaf79ef36b2c6cb"", ""steps"": 100}]",5a6149de3eec122dab565f1bf3aa3a3729f946c75dcf60ec1872eb13a04fe643,-137.3196307327094,True,0.07541058464234658,54.0,100.0,0.08,converged,,bfgs_standard,"[{""ase_converged"": true, ""converged"": true, ""end_geometry_sha256"": ""234ea0943679fd7250a61cf25c7493dca54580604cb420d831cb41a6124767f8"", ""failure_class"": null, ""max_force_eV_A"": 0.07541058464234658, ""name"": ""bfgs_standard"", ""start_geometry_sha256"": ""6561981d4b09cdb6295e26fa1e59391d7389e64e50b1d643e0d4a79429cd79e4"", ""steps"": 54}]",234ea0943679fd7250a61cf25c7493dca54580604cb420d831cb41a6124767f8,0.7411568786203862,True,0.07398630667902295,46.0,100.0,0.08,converged,,bfgs_standard,"[{""ase_converged"": true, ""converged"": true, ""end_geometry_sha256"": ""6c4f849761a000d35b25822ce01de4cee0e4d1b9431841e87bbc39ac3bdd887e"", ""failure_class"": null, ""max_force_eV_A"": 0.07398630667902295, ""name"": ""bfgs_standard"", ""start_geometry_sha256"": ""7871830b0b34cb9cc52bb5eeed1be035e6c6e89bf72791f9ceddb8989437d01f"", ""steps"": 46}]",6c4f849761a000d35b25822ce01de4cee0e4d1b9431841e87bbc39ac3bdd887e,0.7232340939343012,True,0.07204256376138808,65.0,100.0,0.08,converged,,bfgs_standard,"[{""ase_converged"": true, ""converged"": true, ""end_geometry_sha256"": ""5dc4e95275ba389331dbe700d0b61e8894f838660f18b6870413ef7d9ecb1965"", ""failure_class"": null, ""max_force_eV_A"": 0.07204256376138808, ""name"": ""bfgs_standard"", ""start_geometry_sha256"": ""3ffc1c9e878e0f496c108e1083fd31efdde7b01916b740863f76d9ac36b2ec6c"", ""steps"": 65}]",5dc4e95275ba389331dbe700d0b61e8894f838660f18b6870413ef7d9ecb1965,4.9625577434897465,1.2715577434897467,step_1_OOH,10.0,0.0,True,1.4643909725546873,quantitative_screening,,True,2,2,3392d0ce7576c876843b,False,0.27249999999999996
"('MetalFreeCarbon', 'pyrrolic', 0.1, 'edge_armchair', 'graphene_nanoribbon', 'none')",MetalFreeCarbon,True,esen-sm-conserving-all-oc25:relax-v4:orr-che-v3,True,0.07865714514025535,54,150,0.08,converged,,bfgs_standard,"[{""ase_converged"": true, ""converged"": true, ""end_geometry_sha256"": ""50e15f24756e60f5f034d3244af4ada4807fab70baa60ae71c5329078dc2c4d9"", ""failure_class"": null, ""max_force_eV_A"": 0.07865714514025535, ""name"": ""bfgs_standard"", ""start_geometry_sha256"": ""bd83203ba71c93fd0ae04082b8051225d7b9e661fc83531681ae146396a5e481"", ""steps"": 54}]",50e15f24756e60f5f034d3244af4ada4807fab70baa60ae71c5329078dc2c4d9,-133.99796187525502,True,0.07102808426050695,64.0,100.0,0.08,converged,,bfgs_standard,"[{""ase_converged"": true, ""converged"": true, ""end_geometry_sha256"": ""d946109b3a0e459d9af5dd2bb812784786f90011a07b8a6be808296ffca72768"", ""failure_class"": null, ""max_force_eV_A"": 0.07102808426050695, ""name"": ""bfgs_standard"", ""start_geometry_sha256"": ""18ec55846ea965335dc1311df25571854ca44bee66875531b9f84e1e2781680f"", ""steps"": 64}]",d946109b3a0e459d9af5dd2bb812784786f90011a07b8a6be808296ffca72768,2.424843611866236,True,0.07879239677875986,51.0,100.0,0.08,converged,,bfgs_standard,"[{""ase_converged"": true, ""converged"": true, ""end_geometry_sha256"": ""4741825e7ba8a10c1ea98bc6a64d3dda02eec4f1de0c30a12d357df3620a5cb9"", ""failure_class"": null, ""max_force_eV_A"": 0.07879239677875986, ""name"": ""bfgs_standard"", ""start_geometry_sha256"": ""d8ad032d84e9860b7c1dca0d60b6a23144c7a998f9255d1484627d85fa4fc2ad"", ""steps"": 51}]",4741825e7ba8a10c1ea98bc6a64d3dda02eec4f1de0c30a12d357df3620a5cb9,2.1672057278454337,True,0.07406693194557028,38.0,100.0,0.08,converged,,bfgs_standard,"[{""ase_converged"": true, ""converged"": true, ""end_geometry_sha256"": ""a21d13ed39f2717eb280b6cf509edc9404257aa527ebf94131274571039a5444"", ""failure_class"": null, ""max_force_eV_A"": 0.07406693194557028, ""name"": ""bfgs_standard"", ""start_geometry_sha256"": ""b937d9fa6217c96ec1bd884f650a8be2b343f802494a00720958478b35564057"", ""steps"": 38}]",a21d13ed39f2717eb280b6cf509edc9404257aa527ebf94131274571039a5444,5.146526764333252,1.4866378840208023,step_3_OH,10.0,0.0,True,4.59204933971167,quantitative_screening,,True,1,1,a48bb8a9572a4712dbd7,False,0.27249999999999996
"('MetalFreeCarbon', 'pyrrolic', 0.15, 'Stone_Wales', 'CNT', 'none')",MetalFreeCarbon,True,esen-sm-conserving-all-oc25:relax-v4:orr-che-v3,True,0.07939011421073178,57,150,0.08,converged,,bfgs_standard,"[{""ase_converged"": true, ""converged"": true, ""end_geometry_sha256"": ""007f3af9d9c76bc8edd3424dc3037bbfb443c5761a9a7b51e158a835ea7b766a"", ""failure_class"": null, ""max_force_eV_A"": 0.07939011421073178, ""name"": ""bfgs_standard"", ""start_geometry_sha256"": ""986c4823f49767e1583d86e47ae5ce83b28a3ddd47a31fb3cd330ef11a373dbe"", ""steps"": 57}]",007f3af9d9c76bc8edd3424dc3037bbfb443c5761a9a7b51e158a835ea7b766a,-128.01484107136213,True,0.06729074743861128,53.0,100.0,0.08,converged,,bfgs_standard,"[{""ase_converged"": true, ""converged"": true, ""end_geometry_sha256"": ""a35c0672da675be82b76c6d26112cd26cb7c3c7f93074897019af15e6fd878a8"", ""failure_class"": null, ""max_force_eV_A"": 0.06729074743861128, ""name"": ""bfgs_standard"", ""start_geometry_sha256"": ""01b0ea4fb038aa55c50eacec0841c174d8850895cad057fb7aef2e8e4be9d5fb"", ""steps"": 53}]",a35c0672da675be82b76c6d26112cd26cb7c3c7f93074897019af15e6fd878a8,2.5705898429453375,True,0.06312338511687182,77.0,100.0,0.08,converged,,bfgs_standard,"[{""ase_converged"": true, ""converged"": true, ""end_geometry_sha256"": ""65ea32ecca437815a64ea502b0ac4712185f5e1d07556e3cf7f8e084df512adb"", ""failure_class"": null, ""max_force_eV_A"": 0.06312338511687182, ""name"": ""bfgs_standard"", ""start_geometry_sha256"": ""32c12f24db6f0cf9c8a13d3cf22443f2b975368c47b059053b88861505af2b2a"", ""steps"": 77}]",65ea32ecca437815a64ea502b0ac4712185f5e1d07556e3cf7f8e084df512adb,1.3786086209118402,True,0.07429789051093454,86.0,100.0,0.08,converged,,bfgs_standard,"[{""ase_converged"": true, ""converged"": true, ""end_geometry_sha256"": ""7c795036eddf643c958693ce06faeb98dbba981170d85dd5efb7f4d95a761383"", ""failure_class"": null, ""max_force_eV_A"": 0.07429789051093454, ""name"": ""bfgs_standard"", ""start_geometry_sha256"": ""48775284b1a07b0a2a544c587d5d5b31bccd214d975d5e0f8a1f9e97c12ae35f"", ""steps"": 86}]",7c795036eddf643c958693ce06faeb98dbba981170d85dd5efb7f4d95a761383,4.9716095432639165,2.4209812220334976,step_3_OH,10.0,0.0,True,3.9491984638571775,quantitative_screening,,True,1,1,4939f06b100fca35614e,False,0.27249999999999996
"('MetalFreeCarbon', 'pyrrolic', 0.15, 'divacancy', 'carbon_black', 'S')",MetalFreeCarbon,False,esen-sm-conserving-all-oc25:relax-v4:orr-che-v3,True,0.07914505509740909,303,150,0.08,converged,,bfgs_after_fire,"[{""ase_converged"": false, ""converged"": false, ""end_geometry_sha256"": ""0d680cf9923b988e0c4479a059b0b04ffc4c25be97cc32b6a2634bf30b59e4a6"", ""failure_class"": ""force_threshold"", ""max_force_eV_A"": 395.2387185330167, ""name"": ""bfgs_standard"", ""start_geometry_sha256"": ""9a8063b198d4b6e61bce4a5e49cd165dc114680e4af6ccace67dcad70e3b3fe4"", ""steps"": 150}, {""ase_converged"": false, ""converged"": false, ""end_geometry_sha256"": ""95ce4fc07892a76d9a99e4521286d86b49437869f9cf3b36671b1aace6285cac"", ""failure_class"": ""force_threshold"", ""max_force_eV_A"": 51.41463187348602, ""name"": ""fire_precondition"", ""qualifying"": false, ""start_geometry_sha256"": ""9a8063b198d4b6e61bce4a5e49cd165dc114680e4af6ccace67dcad70e3b3fe4"", ""steps"": 75}, {""ase_converged"": true, ""converged"": true, ""end_geometry_sha256"": ""3f97c27e3b10cc24a42aeda8574e97ca1e470cbab27127549fdebc80fdd90d83"", ""failure_class"": null, ""max_force_eV_A"": 0.07914505509740909, ""name"": ""bfgs_after_fire"", ""start_geometry_sha256"": ""95ce4fc07892a76d9a99e4521286d86b49437869f9cf3b36671b1aace6285cac"", ""steps"": 78}]",3f97c27e3b10cc24a42aeda8574e97ca1e470cbab27127549fdebc80fdd90d83,-124.69774209516669,False,,0.0,100.0,0.08,invalid_initial_geometry,atomic_overlap,none,[],2dd2f733f8ca0a29480e798d8c96103b81d887c3c6f1d8144ecf99e458b7758e,,,,,,,,,,,,,,,,,,,,,,,,,,,,,,validation_required,Invalid oh initial geometry: atomic_overlap,True,2,2,f0cd2319fbef33a8e7b9,False,
"('MetalFreeCarbon', 'pyrrolic', 0.15, 'edge_zigzag', 'CNT', 'B')",MetalFreeCarbon,True,esen-sm-conserving-all-oc25:relax-v4:orr-che-v3,True,0.07051624416159975,141,150,0.08,converged,,bfgs_standard,"[{""ase_converged"": true, ""converged"": true, ""end_geometry_sha256"": ""a0cc23cc597997cde7b12cfbf22dd709d8deb27bf766bab234c8181c77e9f703"", ""failure_class"": null, ""max_force_eV_A"": 0.07051624416159975, ""name"": ""bfgs_standard"", ""start_geometry_sha256"": ""5e645af768e206ee61410dbdc8e4371806c9623996e00478e412376b3d34b0e5"", ""steps"": 141}]",a0cc23cc597997cde7b12cfbf22dd709d8deb27bf766bab234c8181c77e9f703,-141.68024055809295,True,0.07363988216298185,69.0,100.0,0.08,converged,,bfgs_standard,"[{""ase_converged"": true, ""converged"": true, ""end_geometry_sha256"": ""d0fc84fbff5db93c019fdd362d98018aabee8b454347022cfc26aa825e93b78d"", ""failure_class"": null, ""max_force_eV_A"": 0.07363988216298185, ""name"": ""bfgs_standard"", ""start_geometry_sha256"": ""f85f47d6bd423168229c3b4a395d1e686d7db8d159b46f59dbcc3c4a76d6cd67"", ""steps"": 69}]",d0fc84fbff5db93c019fdd362d98018aabee8b454347022cfc26aa825e93b78d,2.1290169383585456,True,0.06969874322126918,57.0,100.0,0.08,converged,,bfgs_standard,"[{""ase_converged"": true, ""converged"": true, ""end_geometry_sha256"": ""0c6f7becf76368d9d68d213290a37f21e750e672be24570d47f183494fc94971"", ""failure_class"": null, ""max_force_eV_A"": 0.06969874322126918, ""name"": ""bfgs_standard"", ""start_geometry_sha256"": ""c16a9187d3a7ff178e773087517a2b619ce0de9612806238e4e6f3a3b06441c3"", ""steps"": 57}]",0c6f7becf76368d9d68d213290a37f21e750e672be24570d47f183494fc94971,2.6531030304729972,True,0.07672290334923956,18.0,100.0,0.08,converged,,bfgs_standard,"[{""ase_converged"": true, ""converged"": true, ""end_geometry_sha256"": ""a9f0957aaa59b1377e292e0184570072ec940b91bd9fe38b0c0b756f0aa59936"", ""failure_class"": null, ""max_force_eV_A"": 0.07672290334923956, ""name"": ""bfgs_standard"", ""start_geometry_sha256"": ""27489b1bfbfa5fa717aa36268de6e738dcdba1631616d365cf8066be7d6d0e94"", ""steps"": 18}]",a9f0957aaa59b1377e292e0184570072ec940b91bd9fe38b0c0b756f0aa59936,4.969665716588501,1.2786657165885016,step_1_OOH,10.0,0.0,True,4.782119968831543,quantitative_screening,,True,0,0,f88fe0512ce71a32427a,False,0.27249999999999996
"('MetalFreeCarbon', 'pyrrolic', 0.15, 'pentagon_heptagon', 'graphene', 'S')",MetalFreeCarbon,False,esen-sm-conserving-all-oc25:relax-v4:orr-che-v3,True,0.06848022468021532,65,150,0.08,converged,,bfgs_standard,"[{""ase_converged"": true, ""converged"": true, ""end_geometry_sha256"": ""7409607ff263f6080bbd2d1e9c1dd1576492abeb14991692b5a45c68a3a9b698"", ""failure_class"": null, ""max_force_eV_A"": 0.06848022468021532, ""name"": ""bfgs_standard"", ""start_geometry_sha256"": ""05edfbc699142c553c4a7bf5fedd60bcde7b3ecbc7a7f314205ba154f4cacffa"", ""steps"": 65}]",7409607ff263f6080bbd2d1e9c1dd1576492abeb14991692b5a45c68a3a9b698,-124.39404641645575,False,,0.0,100.0,0.08,invalid_initial_geometry,atomic_overlap,none,[],964afcc044d1e039e13318d807282ebb56eb2d8f8d2ccad1601eec05d80f5545,,,,,,,,,,,,,,,,,,,,,,,,,,,,,,validation_required,Invalid oh initial geometry: atomic_overlap,True,1,1,23aeaedcdd12d2aa8719,False,
