genome,material_class,valid,screening_protocol,relax_clean_converged,relax_clean_max_force_eV_A,relax_clean_steps,relax_clean_step_limit,relax_clean_fmax_eV_A,relax_clean_termination,relax_clean_failure_class,relax_clean_selected_attempt,relax_clean_attempts_json,relax_clean_geometry_sha256,e_clean,relax_oh_converged,relax_oh_max_force_eV_A,relax_oh_steps,relax_oh_step_limit,relax_oh_fmax_eV_A,relax_oh_termination,relax_oh_failure_class,relax_oh_selected_attempt,relax_oh_attempts_json,relax_oh_geometry_sha256,dG_OH_eV,relax_o_converged,relax_o_max_force_eV_A,relax_o_steps,relax_o_step_limit,relax_o_fmax_eV_A,relax_o_termination,relax_o_failure_class,relax_o_selected_attempt,relax_o_attempts_json,relax_o_geometry_sha256,dG_O_eV,relax_ooh_converged,relax_ooh_max_force_eV_A,relax_ooh_steps,relax_ooh_step_limit,relax_ooh_fmax_eV_A,relax_ooh_termination,relax_ooh_failure_class,relax_ooh_selected_attempt,relax_ooh_attempts_json,relax_ooh_geometry_sha256,dG_OOH_eV,orr_overpotential_V,rate_determining_step,fenton_stability,cost_penalty,fc_viable,binding_strength,model_confidence,needs_dft_validation,candidate_disposition,worker_id,gpu_id,candidate_id,cache_hit,error
"('SolidCatalyst', 'Y', 'SnO2', 'bcc111', -0.07894736842105264, ('Ti', 'Rb'), 1, 0)",SolidCatalyst,True,esen-sm-conserving-all-oc25:relax-v4:orr-che-v3,True,0.07344208683845932,447,150,0.08,converged,,bfgs_after_fire,"[{""ase_converged"": false, ""converged"": false, ""end_geometry_sha256"": ""b342a7989c898cf49026d572e90d07cc71cf79f372bfb1786b361ae056f709b7"", ""failure_class"": ""force_threshold"", ""max_force_eV_A"": 0.18778415384901676, ""name"": ""bfgs_standard"", ""start_geometry_sha256"": ""fc56efb8026bbf01103d2674447ff029a8c3db9345468a367e3e8e2276a4223b"", ""steps"": 150}, {""ase_converged"": false, ""converged"": false, ""end_geometry_sha256"": ""8f3d58babdfdc746ddc600410197ef6e905d56a1238d0e61b85ba4baf606d3bf"", ""failure_class"": ""force_threshold"", ""max_force_eV_A"": 1.9521546410808701, ""name"": ""fire_precondition"", ""qualifying"": false, ""start_geometry_sha256"": ""fc56efb8026bbf01103d2674447ff029a8c3db9345468a367e3e8e2276a4223b"", ""steps"": 75}, {""ase_converged"": true, ""converged"": true, ""end_geometry_sha256"": ""f444457c471a74fc697b611ea3f91267bec1011f57106b6a5f5a70c995de7400"", ""failure_class"": null, ""max_force_eV_A"": 0.07344208683845932, ""name"": ""bfgs_after_fire"", ""start_geometry_sha256"": ""8f3d58babdfdc746ddc600410197ef6e905d56a1238d0e61b85ba4baf606d3bf"", ""steps"": 222}]",f444457c471a74fc697b611ea3f91267bec1011f57106b6a5f5a70c995de7400,-143.3731974916849,True,0.07419402916471268,56.0,100.0,0.08,converged,,bfgs_standard,"[{""ase_converged"": true, ""converged"": true, ""end_geometry_sha256"": ""d7ac1959f57ca53fb0690c009b338cea0b9bba19a5e05118148ffd36eeb854b6"", ""failure_class"": null, ""max_force_eV_A"": 0.07419402916471268, ""name"": ""bfgs_standard"", ""start_geometry_sha256"": ""d3d30c18c14bc7cd97f1a19fa09f6ca6751edf29fb52491f1e06f981a808592c"", ""steps"": 56}]",d7ac1959f57ca53fb0690c009b338cea0b9bba19a5e05118148ffd36eeb854b6,-3.725532708019018,True,0.06655272108479969,59.0,100.0,0.08,converged,,bfgs_standard,"[{""ase_converged"": true, ""converged"": true, ""end_geometry_sha256"": ""e4fead8d5c048f9063f37c89b5f3c82ca8642978ad808384906e89c087c8e987"", ""failure_class"": null, ""max_force_eV_A"": 0.06655272108479969, ""name"": ""bfgs_standard"", ""start_geometry_sha256"": ""7a1933c420911fd066531995fa0a994aa5f6df46401ce663a7663162231944c0"", ""steps"": 59}]",e4fead8d5c048f9063f37c89b5f3c82ca8642978ad808384906e89c087c8e987,-3.3579684130847705,True,0.04845505759620248,53.0,100.0,0.08,converged,,bfgs_standard,"[{""ase_converged"": true, ""converged"": true, ""end_geometry_sha256"": ""e5aee41d76fcace4a46f2e821056f79a9ff395bfe032b63781e356001973d51a"", ""failure_class"": null, ""max_force_eV_A"": 0.04845505759620248, ""name"": ""bfgs_standard"", ""start_geometry_sha256"": ""e18708494c252d2ea58c207197ce5b959038444d5b5b0aa951f475f1263e5627"", ""steps"": 53}]",e5aee41d76fcace4a46f2e821056f79a9ff395bfe032b63781e356001973d51a,-5.4457307353616,3.0,step_4_H2O,10.0,0.0,True,7.083501121103788,0.9127014328916923,False,quantitative_screening,0,0,d843e0d86c38f737f783,False,
"('SolidCatalyst', 'Y', 'Graphene', 'hcp0001', 0.0368421052631579, ('Rh', 'Sm'), 2, 1)",SolidCatalyst,True,esen-sm-conserving-all-oc25:relax-v4:orr-che-v3,True,0.07323150075654208,41,150,0.08,converged,,bfgs_standard,"[{""ase_converged"": true, ""converged"": true, ""end_geometry_sha256"": ""035ca8d5b0c1df3c537c820137ba147a909cf3cafb2a392de7fe1b0f6ed5a20b"", ""failure_class"": null, ""max_force_eV_A"": 0.07323150075654208, ""name"": ""bfgs_standard"", ""start_geometry_sha256"": ""11d289ef4af0ac5f947dd56fae873f01b37ec52223eec7c6bf5eaff12b63e919"", ""steps"": 41}]",035ca8d5b0c1df3c537c820137ba147a909cf3cafb2a392de7fe1b0f6ed5a20b,-208.62958339492678,True,0.07232016828700646,36.0,100.0,0.08,converged,,bfgs_standard,"[{""ase_converged"": true, ""converged"": true, ""end_geometry_sha256"": ""82fa882c3f2c581a764a0db8d3d48eb15d869dde36dade14003fed28733ee787"", ""failure_class"": null, ""max_force_eV_A"": 0.07232016828700646, ""name"": ""bfgs_standard"", ""start_geometry_sha256"": ""ed742a2c0acc0cdb0587c2223d229847aecae79b4e435e9d623e10c4c4eca807"", ""steps"": 36}]",82fa882c3f2c581a764a0db8d3d48eb15d869dde36dade14003fed28733ee787,-1.9599725578725338,True,0.07819790271703267,59.0,100.0,0.08,converged,,bfgs_standard,"[{""ase_converged"": true, ""converged"": true, ""end_geometry_sha256"": ""7d4f66346031d42423cc694be88d11f11c0717bc537dc0c9baed97c6447fa13d"", ""failure_class"": null, ""max_force_eV_A"": 0.07819790271703267, ""name"": ""bfgs_standard"", ""start_geometry_sha256"": ""d45a137594a1d0aef8c9c339aab966ada3a2696c00e3638bf8e71868dfaa6b09"", ""steps"": 59}]",7d4f66346031d42423cc694be88d11f11c0717bc537dc0c9baed97c6447fa13d,-3.589093291014458,True,0.07510187315658634,98.0,100.0,0.08,converged,,bfgs_standard,"[{""ase_converged"": true, ""converged"": true, ""end_geometry_sha256"": ""c8e67ee69346d1a2e11a993551038d3bc1ebeacc95b0b9ca977b30250d2f4977"", ""failure_class"": null, ""max_force_eV_A"": 0.07510187315658634, ""name"": ""bfgs_standard"", ""start_geometry_sha256"": ""24fce806b64b635e570ed3d0bb35975883402d076199147a582c0d54f04347e9"", ""steps"": 98}]",c8e67ee69346d1a2e11a993551038d3bc1ebeacc95b0b9ca977b30250d2f4977,-5.755678702890897,3.0,step_2_O,10.0,-2.0,True,5.5490658488869915,0.9127014328916923,False,quantitative_screening,2,2,ddecfc8b3591d6d535e2,False,
"('SolidCatalyst', 'Y', 'BN', 'fcc311', -0.1, ('Zn', 'K'), 3, 0)",SolidCatalyst,True,esen-sm-conserving-all-oc25:relax-v4:orr-che-v3,True,0.07758505616293561,459,150,0.08,converged,,bfgs_after_fire,"[{""ase_converged"": false, ""converged"": false, ""end_geometry_sha256"": ""fdcfc5069b97f51d3cbcc0a59377f8f88ebdae5f758ffcbb3cbeaa67aed422df"", ""failure_class"": ""force_threshold"", ""max_force_eV_A"": 0.17528097824728833, ""name"": ""bfgs_standard"", ""start_geometry_sha256"": ""2c041424120c8a4b5005af6ce54b10d03175a169b3cc272f554299d79163221b"", ""steps"": 150}, {""ase_converged"": false, ""converged"": false, ""end_geometry_sha256"": ""34298337f9a2882f37ab9c5629cd2cdb5c430b960c394db31387bf54597f42be"", ""failure_class"": ""force_threshold"", ""max_force_eV_A"": 2.7223246990375363, ""name"": ""fire_precondition"", ""qualifying"": false, ""start_geometry_sha256"": ""2c041424120c8a4b5005af6ce54b10d03175a169b3cc272f554299d79163221b"", ""steps"": 75}, {""ase_converged"": true, ""converged"": true, ""end_geometry_sha256"": ""23b1de888871cf4dd6d5b9c49e4f01f3d6f0663bbd22a356585b9421bbab6777"", ""failure_class"": null, ""max_force_eV_A"": 0.07758505616293561, ""name"": ""bfgs_after_fire"", ""start_geometry_sha256"": ""34298337f9a2882f37ab9c5629cd2cdb5c430b960c394db31387bf54597f42be"", ""steps"": 234}]",23b1de888871cf4dd6d5b9c49e4f01f3d6f0663bbd22a356585b9421bbab6777,-117.65062431501605,True,0.07963143691278206,100.0,100.0,0.08,converged,,bfgs_standard,"[{""ase_converged"": true, ""converged"": true, ""end_geometry_sha256"": ""65cc39f95fd893a667355110dffce7b7d845d206281d54c3f61863485e9fac12"", ""failure_class"": null, ""max_force_eV_A"": 0.07963143691278206, ""name"": ""bfgs_standard"", ""start_geometry_sha256"": ""38e1277731501bc0a46ee5155b1a951fec136128887482089d558f201c95fe55"", ""steps"": 100}]",65cc39f95fd893a667355110dffce7b7d845d206281d54c3f61863485e9fac12,-4.133567986339331,True,0.07371707657784678,41.0,100.0,0.08,converged,,bfgs_standard,"[{""ase_converged"": true, ""converged"": true, ""end_geometry_sha256"": ""03f658f4993ed4831c631ed6cbdb21c13df39d9e3d248be1db907cca80bc86bd"", ""failure_class"": null, ""max_force_eV_A"": 0.07371707657784678, ""name"": ""bfgs_standard"", ""start_geometry_sha256"": ""697d8e9e69829194d63240e4868fc1bc434a561e509db8841c9d31c73a106d34"", ""steps"": 41}]",03f658f4993ed4831c631ed6cbdb21c13df39d9e3d248be1db907cca80bc86bd,-3.566144072264458,True,0.07480005954598432,72.0,100.0,0.08,converged,,bfgs_standard,"[{""ase_converged"": true, ""converged"": true, ""end_geometry_sha256"": ""a08fcf509155d92272a9072afb766bdab950e3ebde57936a220ae20c8248e6de"", ""failure_class"": null, ""max_force_eV_A"": 0.07480005954598432, ""name"": ""bfgs_standard"", ""start_geometry_sha256"": ""afd1b05a7e7d67519b891fc12a50d577d510222c01f4066f26a10da4ccca95d8"", ""steps"": 72}]",a08fcf509155d92272a9072afb766bdab950e3ebde57936a220ae20c8248e6de,-5.992270042002225,3.0,step_4_H2O,10.0,0.0,True,7.699712058603789,0.9127014328916923,False,quantitative_screening,1,1,ce47e851f1b97a90029d,False,
"('SolidCatalyst', 'Y', 'AlN', 'fcc110', -0.07894736842105264, ('Sn', 'Te'), 3, 1)",SolidCatalyst,False,esen-sm-conserving-all-oc25:relax-v4:orr-che-v3,True,0.07956752710600044,466,150,0.08,converged,,bfgs_after_fire,"[{""ase_converged"": false, ""converged"": false, ""end_geometry_sha256"": ""d5590a1173c673b8519cd26addf103ae33eff57cb49757535b3acf822990d766"", ""failure_class"": ""force_threshold"", ""max_force_eV_A"": 0.1348680260747583, ""name"": ""bfgs_standard"", ""start_geometry_sha256"": ""7dc5522b4c2a8df7b63250b8c46a7cb4511720baebd9f7ab66ae070828a5942a"", ""steps"": 150}, {""ase_converged"": false, ""converged"": false, ""end_geometry_sha256"": ""cccc300eabe0766259a342e8a125e2a0ce9ef66a850fc8e910de8da091465b8d"", ""failure_class"": ""force_threshold"", ""max_force_eV_A"": 5.385164434091678, ""name"": ""fire_precondition"", ""qualifying"": false, ""start_geometry_sha256"": ""7dc5522b4c2a8df7b63250b8c46a7cb4511720baebd9f7ab66ae070828a5942a"", ""steps"": 75}, {""ase_converged"": true, ""converged"": true, ""end_geometry_sha256"": ""9b9652b31e78ed1dad0cad9299c3f5045d65482a52c3e2530358a455dd38cc06"", ""failure_class"": null, ""max_force_eV_A"": 0.07956752710600044, ""name"": ""bfgs_after_fire"", ""start_geometry_sha256"": ""cccc300eabe0766259a342e8a125e2a0ce9ef66a850fc8e910de8da091465b8d"", ""steps"": 241}]",9b9652b31e78ed1dad0cad9299c3f5045d65482a52c3e2530358a455dd38cc06,-125.64493880905528,True,0.06895945814213458,64.0,100.0,0.08,converged,,bfgs_standard,"[{""ase_converged"": true, ""converged"": true, ""end_geometry_sha256"": ""705d1732d2cb35cce704cc0d15e026509ea487f91bf5f11ecc1ce9e3dd2ef363"", ""failure_class"": null, ""max_force_eV_A"": 0.06895945814213458, ""name"": ""bfgs_standard"", ""start_geometry_sha256"": ""56dffbf5d1f14f1ca43e20157e8819cfad179e94c44142cd16800e9d40f5a077"", ""steps"": 64}]",705d1732d2cb35cce704cc0d15e026509ea487f91bf5f11ecc1ce9e3dd2ef363,-3.8528367851674554,True,0.07147146572402555,23.0,100.0,0.08,converged,,bfgs_standard,"[{""ase_converged"": true, ""converged"": true, ""end_geometry_sha256"": ""14cf562d4f292d0eb842d53bef387d3b5e23c5a46bc9fd14cf563bc08e88fc11"", ""failure_class"": null, ""max_force_eV_A"": 0.07147146572402555, ""name"": ""bfgs_standard"", ""start_geometry_sha256"": ""0fb268bf69126597fef3db4be00c9cc2dc7e3b3a8c57fc633d886639f3fd2479"", ""steps"": 23}]",14cf562d4f292d0eb842d53bef387d3b5e23c5a46bc9fd14cf563bc08e88fc11,-2.9687243334948983,False,0.6365614559367525,650.0,100.0,0.08,recovery_exhausted,force_threshold,fire_small_step,"[{""ase_converged"": false, ""converged"": false, ""end_geometry_sha256"": ""1a39341550e91948a6931989eede1fce47d1a8b4a8c763aae6ea3c72792cbd8f"", ""failure_class"": ""force_threshold"", ""max_force_eV_A"": 1.244294961507708, ""name"": ""bfgs_standard"", ""start_geometry_sha256"": ""b76ac765fd8445e1c0777d5ec69d513aeb3806a1f84602c1c4eefa39d8bbe57f"", ""steps"": 100}, {""ase_converged"": false, ""converged"": false, ""end_geometry_sha256"": ""2291802ebed38adb46aff32786bd12dbbfbe51f5007d7f8d4c332369728ed880"", ""failure_class"": ""force_threshold"", ""max_force_eV_A"": 23.324641143912437, ""name"": ""fire_precondition"", ""qualifying"": false, ""start_geometry_sha256"": ""b76ac765fd8445e1c0777d5ec69d513aeb3806a1f84602c1c4eefa39d8bbe57f"", ""steps"": 50}, {""ase_converged"": false, ""converged"": false, ""end_geometry_sha256"": ""55936fd870e6c93288697d015b1388e2d8bd6fb1a2546e677084f77f3251fa37"", ""failure_class"": ""force_threshold"", ""max_force_eV_A"": 7.534647233381445, ""name"": ""bfgs_after_fire"", ""start_geometry_sha256"": ""2291802ebed38adb46aff32786bd12dbbfbe51f5007d7f8d4c332369728ed880"", ""steps"": 200}, {""ase_converged"": false, ""converged"": false, ""end_geometry_sha256"": ""97066abdb767634272cc75e936e9f67cee22005f6e226d09067f78881008d1e2"", ""failure_class"": ""force_threshold"", ""max_force_eV_A"": 0.6365614559367525, ""name"": ""fire_small_step"", ""start_geometry_sha256"": ""1a39341550e91948a6931989eede1fce47d1a8b4a8c763aae6ea3c72792cbd8f"", ""steps"": 300}]",97066abdb767634272cc75e936e9f67cee22005f6e226d09067f78881008d1e2,,,,,,,,,True,validation_required,2,2,bead8e53f8d9785991d3,False,Unconverged ooh relaxation: max_force=0.636561 eV/A after 650 cumulative recovery steps
"('SolidCatalyst', 'Y', 'TiB2', 'bcc100', 0.01578947368421052, ('Cs', 'Mo'), 4, 1)",SolidCatalyst,True,esen-sm-conserving-all-oc25:relax-v4:orr-che-v3,True,0.07773731980269723,401,150,0.08,converged,,bfgs_after_fire,"[{""ase_converged"": false, ""converged"": false, ""end_geometry_sha256"": ""31149d266dcfc7dd359346c415b3f6f76100d42c0b3ad531e3b5c88066b7b1cd"", ""failure_class"": ""force_threshold"", ""max_force_eV_A"": 0.17520627522502308, ""name"": ""bfgs_standard"", ""start_geometry_sha256"": ""8ebabc4811a3eb1bddc388054889d50d4a485eaa77f45b3300a20ad4e3d85663"", ""steps"": 150}, {""ase_converged"": false, ""converged"": false, ""end_geometry_sha256"": ""ba9ee6d6b056e0cb8edeea01b86d16ce5e53ea19be06f0abd564cbd81eacf21c"", ""failure_class"": ""force_threshold"", ""max_force_eV_A"": 3.563235961973307, ""name"": ""fire_precondition"", ""qualifying"": false, ""start_geometry_sha256"": ""8ebabc4811a3eb1bddc388054889d50d4a485eaa77f45b3300a20ad4e3d85663"", ""steps"": 75}, {""ase_converged"": true, ""converged"": true, ""end_geometry_sha256"": ""528e32a682eccd7324b4f79e7ddd0057fab3c265c2537740b168e31fd546ad29"", ""failure_class"": null, ""max_force_eV_A"": 0.07773731980269723, ""name"": ""bfgs_after_fire"", ""start_geometry_sha256"": ""ba9ee6d6b056e0cb8edeea01b86d16ce5e53ea19be06f0abd564cbd81eacf21c"", ""steps"": 176}]",528e32a682eccd7324b4f79e7ddd0057fab3c265c2537740b168e31fd546ad29,-158.8003762833882,True,0.07009702563727287,64.0,100.0,0.08,converged,,bfgs_standard,"[{""ase_converged"": true, ""converged"": true, ""end_geometry_sha256"": ""3e161d3ffeae0ac9f2170625e9411ee4c1c025da23dc6bd0fd083d1e160d4881"", ""failure_class"": null, ""max_force_eV_A"": 0.07009702563727287, ""name"": ""bfgs_standard"", ""start_geometry_sha256"": ""cc0635ed987d5e52f62f914402dc016e97c56bad4f9842dc69a2d38d705c0f44"", ""steps"": 64}]",3e161d3ffeae0ac9f2170625e9411ee4c1c025da23dc6bd0fd083d1e160d4881,-2.9615556572377395,True,0.07838245344190263,70.0,100.0,0.08,converged,,bfgs_standard,"[{""ase_converged"": true, ""converged"": true, ""end_geometry_sha256"": ""bf71ea0e524d6f4b3d9e126d44e5c48c5424923c3742485c661a7c703f485c6a"", ""failure_class"": null, ""max_force_eV_A"": 0.07838245344190263, ""name"": ""bfgs_standard"", ""start_geometry_sha256"": ""b9133973ed7757943382eb228d5710b3818c2e2efffeb9bb784efdfa61c864f6"", ""steps"": 70}]",bf71ea0e524d6f4b3d9e126d44e5c48c5424923c3742485c661a7c703f485c6a,-2.297391020506617,True,0.07763348141018973,198.0,100.0,0.08,converged,,bfgs_after_fire,"[{""ase_converged"": false, ""converged"": false, ""end_geometry_sha256"": ""b02561656e338bd1795858aaa5c5c3cc0a9889dfbe1fd7106139f86ba58b48e7"", ""failure_class"": ""force_threshold"", ""max_force_eV_A"": 0.17817679284432214, ""name"": ""bfgs_standard"", ""start_geometry_sha256"": ""d740f77059fb390f6bed7ccd68a87f3038f781771c201d52abc3d9a86e9f05a8"", ""steps"": 100}, {""ase_converged"": false, ""converged"": false, ""end_geometry_sha256"": ""b653028247521d3c65fc5cf13d3a34fc39a62e6a61cd4edd59d772abf9eb8a99"", ""failure_class"": ""force_threshold"", ""max_force_eV_A"": 1.9871579897803322, ""name"": ""fire_precondition"", ""qualifying"": false, ""start_geometry_sha256"": ""d740f77059fb390f6bed7ccd68a87f3038f781771c201d52abc3d9a86e9f05a8"", ""steps"": 50}, {""ase_converged"": true, ""converged"": true, ""end_geometry_sha256"": ""3dba4a3914f970c3f4bcdfe462811be57f3c40df2f7ff5b09c2e75781b1e5938"", ""failure_class"": null, ""max_force_eV_A"": 0.07763348141018973, ""name"": ""bfgs_after_fire"", ""start_geometry_sha256"": ""b653028247521d3c65fc5cf13d3a34fc39a62e6a61cd4edd59d772abf9eb8a99"", ""steps"": 48}]",3dba4a3914f970c3f4bcdfe462811be57f3c40df2f7ff5b09c2e75781b1e5938,-5.122290183603759,3.0,step_4_H2O,10.0,-0.6167890395698834,True,5.2589466777443565,0.9127014328916923,False,quantitative_screening,0,0,ca031ba983d28d6269e1,False,
"('SolidCatalyst', 'Y', 'FeP', 'fcc111', 0.08947368421052632, ('Y', 'Pb'), 1, 0)",SolidCatalyst,True,esen-sm-conserving-all-oc25:relax-v4:orr-che-v3,True,0.07244679685599689,76,150,0.08,converged,,bfgs_standard,"[{""ase_converged"": true, ""converged"": true, ""end_geometry_sha256"": ""e146db10af07379cd831248ba04dab0288650e2589478e50352de9a6246a105d"", ""failure_class"": null, ""max_force_eV_A"": 0.07244679685599689, ""name"": ""bfgs_standard"", ""start_geometry_sha256"": ""4138f5f08b35daf60773f7efff6ea591ab93b6ff4a51b4bcf2c299869d2594b4"", ""steps"": 76}]",e146db10af07379cd831248ba04dab0288650e2589478e50352de9a6246a105d,-181.30924103315357,True,0.07517541282663574,62.0,100.0,0.08,converged,,bfgs_standard,"[{""ase_converged"": true, ""converged"": true, ""end_geometry_sha256"": ""5c25b034b6099b81f9a96a2620eef91d1a63c7b94d2f09515d62a924f930b951"", ""failure_class"": null, ""max_force_eV_A"": 0.07517541282663574, ""name"": ""bfgs_standard"", ""start_geometry_sha256"": ""9dee9932eb14dee7a6d7eaf68b03cf1f4cf28df510e2a34623a33f429f625394"", ""steps"": 62}]",5c25b034b6099b81f9a96a2620eef91d1a63c7b94d2f09515d62a924f930b951,-1.3692476128041744,True,0.07297850635096312,35.0,100.0,0.08,converged,,bfgs_standard,"[{""ase_converged"": true, ""converged"": true, ""end_geometry_sha256"": ""022c2886eefc75522f25e11e053d5068b7d95e21ec10825537f5ad6c0cacfda9"", ""failure_class"": null, ""max_force_eV_A"": 0.07297850635096312, ""name"": ""bfgs_standard"", ""start_geometry_sha256"": ""f4a023c6bc24fe565af758f304c32279cdaa3a41fb505aa6e087eb0a056baeb4"", ""steps"": 35}]",022c2886eefc75522f25e11e053d5068b7d95e21ec10825537f5ad6c0cacfda9,-2.8945284716785205,True,0.0777930081711728,200.0,100.0,0.08,converged,,bfgs_after_fire,"[{""ase_converged"": false, ""converged"": false, ""end_geometry_sha256"": ""90f8a0d8a17b72ccac586409e28a5f0c308aabf04c9d707a67720b70207c29b3"", ""failure_class"": ""force_threshold"", ""max_force_eV_A"": 0.321048070879192, ""name"": ""bfgs_standard"", ""start_geometry_sha256"": ""e254428460dc33e47f9d439a8657943daa38e39d35995ba8dc823d8ad1e627e6"", ""steps"": 100}, {""ase_converged"": false, ""converged"": false, ""end_geometry_sha256"": ""01c4b896641de976fb7b54323d0e152dccc025ea27d4f68269f2c8a75c8a0914"", ""failure_class"": ""force_threshold"", ""max_force_eV_A"": 2.222755694683185, ""name"": ""fire_precondition"", ""qualifying"": false, ""start_geometry_sha256"": ""e254428460dc33e47f9d439a8657943daa38e39d35995ba8dc823d8ad1e627e6"", ""steps"": 50}, {""ase_converged"": true, ""converged"": true, ""end_geometry_sha256"": ""10564ab728ca5063060f65a5f0650fb951772566cb0f47fa68976163c1a0bc67"", ""failure_class"": null, ""max_force_eV_A"": 0.0777930081711728, ""name"": ""bfgs_after_fire"", ""start_geometry_sha256"": ""01c4b896641de976fb7b54323d0e152dccc025ea27d4f68269f2c8a75c8a0914"", ""steps"": 50}]",10564ab728ca5063060f65a5f0650fb951772566cb0f47fa68976163c1a0bc67,-5.5860276713967565,3.0,step_2_O,10.0,0.0,True,4.263776084482695,0.9127014328916923,False,quantitative_screening,1,1,ce2516bd65c286e8762a,False,
"('SolidCatalyst', 'Zr', 'MgO', 'fcc211', -0.005263157894736845, ('Gd', 'Mn'), 2, 1)",SolidCatalyst,True,esen-sm-conserving-all-oc25:relax-v4:orr-che-v3,True,0.07847823976503293,55,150,0.08,converged,,bfgs_standard,"[{""ase_converged"": true, ""converged"": true, ""end_geometry_sha256"": ""5da9993d5085ba4884d92efc5fe9795d74fa1cbc94add97bd919ff90ba029ba0"", ""failure_class"": null, ""max_force_eV_A"": 0.07847823976503293, ""name"": ""bfgs_standard"", ""start_geometry_sha256"": ""d89cf33f890641e0bc530600b017bf0fbe70990a9c52cf43001b7ebd907fb7c1"", ""steps"": 55}]",5da9993d5085ba4884d92efc5fe9795d74fa1cbc94add97bd919ff90ba029ba0,-117.85291673054587,True,0.07633861556917154,95.0,100.0,0.08,converged,,bfgs_standard,"[{""ase_converged"": true, ""converged"": true, ""end_geometry_sha256"": ""942ab1c9616d29a5563627ca983f952f080abba75246e7339e34110f231addf5"", ""failure_class"": null, ""max_force_eV_A"": 0.07633861556917154, ""name"": ""bfgs_standard"", ""start_geometry_sha256"": ""e78779d554aa8e8ef3a2c280de2808d688cf4a66eea09c3319852693b49932cc"", ""steps"": 95}]",942ab1c9616d29a5563627ca983f952f080abba75246e7339e34110f231addf5,-1.969268975108862,True,0.07091238110488808,31.0,100.0,0.08,converged,,bfgs_standard,"[{""ase_converged"": true, ""converged"": true, ""end_geometry_sha256"": ""3f5a6374385eb25b9718103754622da99fb023de35ab728dbb562c1ad9f4fd73"", ""failure_class"": null, ""max_force_eV_A"": 0.07091238110488808, ""name"": ""bfgs_standard"", ""start_geometry_sha256"": ""f795a951ae1701734c444ea374cc7d0ce53be82e22fe8d4852cc61460f5d4077"", ""steps"": 31}]",3f5a6374385eb25b9718103754622da99fb023de35ab728dbb562c1ad9f4fd73,-1.1761294238269009,True,0.07851073178353958,230.0,100.0,0.08,converged,,bfgs_after_fire,"[{""ase_converged"": false, ""converged"": false, ""end_geometry_sha256"": ""847180cedcdf2618b1f229b98e39e6338c40cbe35367423e1b94ed08797ce80b"", ""failure_class"": ""force_threshold"", ""max_force_eV_A"": 0.654124585452195, ""name"": ""bfgs_standard"", ""start_geometry_sha256"": ""7406501b34732a1695dab9c69f9303aa1f81d894a3dcd64fbe8542695433f99b"", ""steps"": 100}, {""ase_converged"": false, ""converged"": false, ""end_geometry_sha256"": ""9ae35bf4a8c5bf62e8354f179742ed50356a78f2c145eeb6df9ff26393dc0eb2"", ""failure_class"": ""force_threshold"", ""max_force_eV_A"": 2.1051763513712216, ""name"": ""fire_precondition"", ""qualifying"": false, ""start_geometry_sha256"": ""7406501b34732a1695dab9c69f9303aa1f81d894a3dcd64fbe8542695433f99b"", ""steps"": 50}, {""ase_converged"": true, ""converged"": true, ""end_geometry_sha256"": ""4b4b44027def3ae8d758b3411b91b26805a8e67d8deba8813489e506d908d025"", ""failure_class"": null, ""max_force_eV_A"": 0.07851073178353958, ""name"": ""bfgs_after_fire"", ""start_geometry_sha256"": ""9ae35bf4a8c5bf62e8354f179742ed50356a78f2c145eeb6df9ff26393dc0eb2"", ""steps"": 80}]",4b4b44027def3ae8d758b3411b91b26805a8e67d8deba8813489e506d908d025,7.082948158681425,3.0,step_1_OOH,9.0,0.0,True,3.145398398935763,0.9127014328916923,False,quantitative_screening,1,1,2e8aa2a4307e29c100f5,False,
"('SolidCatalyst', 'Zr', 'Cr2O3', 'hcp0001', 0.06842105263157894, ('In', 'Cs'), 3, 0)",SolidCatalyst,True,esen-sm-conserving-all-oc25:relax-v4:orr-che-v3,True,0.07044208118122887,30,150,0.08,converged,,bfgs_standard,"[{""ase_converged"": true, ""converged"": true, ""end_geometry_sha256"": ""8b12e180b16afc73818d3d578c7c224978e9a789e3f34566d878d5fc2bc6db0b"", ""failure_class"": null, ""max_force_eV_A"": 0.07044208118122887, ""name"": ""bfgs_standard"", ""start_geometry_sha256"": ""45b6933dad98f308e7f32f5f64816549a2bb201284423d9002a4555b8123409f"", ""steps"": 30}]",8b12e180b16afc73818d3d578c7c224978e9a789e3f34566d878d5fc2bc6db0b,-263.75757706300107,True,0.06620645961457465,30.0,100.0,0.08,converged,,bfgs_standard,"[{""ase_converged"": true, ""converged"": true, ""end_geometry_sha256"": ""ef9cb6d5f9104977cb8a3d265ac71e4425f21436ed0621bc205ccbdda36b082d"", ""failure_class"": null, ""max_force_eV_A"": 0.06620645961457465, ""name"": ""bfgs_standard"", ""start_geometry_sha256"": ""b2e7dabf222a68d3e8314dde2f334196c65b6e7ea318cd307e0bd768539c405f"", ""steps"": 30}]",ef9cb6d5f9104977cb8a3d265ac71e4425f21436ed0621bc205ccbdda36b082d,1.2950742866098313,True,0.0791757720291633,225.0,100.0,0.08,converged,,bfgs_after_fire,"[{""ase_converged"": false, ""converged"": false, ""end_geometry_sha256"": ""efb7b6948c3b53cb422d4b03d4d55fe20e55dc54635afc3891066404bf48bfd2"", ""failure_class"": ""force_threshold"", ""max_force_eV_A"": 0.4546725865123576, ""name"": ""bfgs_standard"", ""start_geometry_sha256"": ""333c0cce5cc8ed58c04847a72d3b6e7fdd05ad87f15b72bcada524ab1210c655"", ""steps"": 100}, {""ase_converged"": true, ""converged"": true, ""end_geometry_sha256"": ""90c3c34fc4f83c9e49c7f7c2a3fcb821f0fef5264b783b0f948d48636fd50ca9"", ""failure_class"": null, ""max_force_eV_A"": 0.24491544773939328, ""name"": ""fire_precondition"", ""qualifying"": false, ""start_geometry_sha256"": ""333c0cce5cc8ed58c04847a72d3b6e7fdd05ad87f15b72bcada524ab1210c655"", ""steps"": 16}, {""ase_converged"": true, ""converged"": true, ""end_geometry_sha256"": ""c0ddf660f3dc4a0993874b3e6ce02a589c91276fccbd8263730f8e1a1a2c5c75"", ""failure_class"": null, ""max_force_eV_A"": 0.0791757720291633, ""name"": ""bfgs_after_fire"", ""start_geometry_sha256"": ""90c3c34fc4f83c9e49c7f7c2a3fcb821f0fef5264b783b0f948d48636fd50ca9"", ""steps"": 109}]",c0ddf660f3dc4a0993874b3e6ce02a589c91276fccbd8263730f8e1a1a2c5c75,-1.4369440905750615,True,0.06509119112303813,38.0,100.0,0.08,converged,,bfgs_standard,"[{""ase_converged"": true, ""converged"": true, ""end_geometry_sha256"": ""14fca779520983e5d14199fb02628600a34ab0c66af06b55f499e0578bf3032c"", ""failure_class"": null, ""max_force_eV_A"": 0.06509119112303813, ""name"": ""bfgs_standard"", ""start_geometry_sha256"": ""033e9ef0f7472e6c6e46460c115c960299c281cfb3397112f15f5dc68e037065"", ""steps"": 38}]",14fca779520983e5d14199fb02628600a34ab0c66af06b55f499e0578bf3032c,4.222306679189124,3.0,step_3_OH,10.0,-0.6049698615962624,True,2.7320183771848927,0.9127014328916923,False,quantitative_screening,2,2,15dad552c60e630282c9,False,
"('SolidCatalyst', 'Zr', 'Nb2O5', 'bcc111', 0.08947368421052632, ('Re', 'S'), 3, 1)",SolidCatalyst,True,esen-sm-conserving-all-oc25:relax-v4:orr-che-v3,True,0.0639511246846208,50,150,0.08,converged,,bfgs_standard,"[{""ase_converged"": true, ""converged"": true, ""end_geometry_sha256"": ""5e62d9775c4353daee5ec3aa35d571dcbe0c1e3fcb2fc0c6b543a13a73e87589"", ""failure_class"": null, ""max_force_eV_A"": 0.0639511246846208, ""name"": ""bfgs_standard"", ""start_geometry_sha256"": ""857df412c5e89c29cac9e7c9c4578c966be928451a29e421e5518ef3a6c3c2d1"", ""steps"": 50}]",5e62d9775c4353daee5ec3aa35d571dcbe0c1e3fcb2fc0c6b543a13a73e87589,-180.38947281168055,True,0.07805186705465625,77.0,100.0,0.08,converged,,bfgs_standard,"[{""ase_converged"": true, ""converged"": true, ""end_geometry_sha256"": ""ec604cb1fec0b345d6fd9ef73528d36d185863647618cab3ee76d73e232f3a2a"", ""failure_class"": null, ""max_force_eV_A"": 0.07805186705465625, ""name"": ""bfgs_standard"", ""start_geometry_sha256"": ""e833585ff7a15ec13a285efa26da5f15106c64082edbb03d6500ba6646d8fcd5"", ""steps"": 77}]",ec604cb1fec0b345d6fd9ef73528d36d185863647618cab3ee76d73e232f3a2a,-3.732773003429174,True,0.07332677964007181,53.0,100.0,0.08,converged,,bfgs_standard,"[{""ase_converged"": true, ""converged"": true, ""end_geometry_sha256"": ""6802b86e7a8115062704b58ec0154a6f711899cdfc48d9fde227a8106225a139"", ""failure_class"": null, ""max_force_eV_A"": 0.07332677964007181, ""name"": ""bfgs_standard"", ""start_geometry_sha256"": ""b90f555708d549bae0856567f9dad9c3f4b0e7ddde0291735ea748e8856fd882"", ""steps"": 53}]",6802b86e7a8115062704b58ec0154a6f711899cdfc48d9fde227a8106225a139,-4.026318632811333,True,0.06790905915708957,79.0,100.0,0.08,converged,,bfgs_standard,"[{""ase_converged"": true, ""converged"": true, ""end_geometry_sha256"": ""47e07448697f2980b9a810797848fe0c2b77165b39f73ac8779c6818d7b0ed1b"", ""failure_class"": null, ""max_force_eV_A"": 0.06790905915708957, ""name"": ""bfgs_standard"", ""start_geometry_sha256"": ""a251be056d5d989df162dfc81efb69a8d581824b1e5e431ce1e60f75f8d54061"", ""steps"": 79}]",47e07448697f2980b9a810797848fe0c2b77165b39f73ac8779c6818d7b0ed1b,2.380967567861055,3.0,step_4_H2O,10.0,-0.9288999809477076,True,7.759091636240507,0.7799556092414295,False,quantitative_screening,0,0,66d2f44c34c13a2027ab,False,
"('SolidCatalyst', 'Zr', 'SrTiO3', 'fcc111', -0.026315789473684223, ('Pb', 'N'), 4, 1)",SolidCatalyst,True,esen-sm-conserving-all-oc25:relax-v4:orr-che-v3,True,0.06792748830145144,96,150,0.08,converged,,bfgs_standard,"[{""ase_converged"": true, ""converged"": true, ""end_geometry_sha256"": ""77db7ada00923f791f33c585c2b9d7c6be99eb2dcfeae27f3c653341dd2f231f"", ""failure_class"": null, ""max_force_eV_A"": 0.06792748830145144, ""name"": ""bfgs_standard"", ""start_geometry_sha256"": ""3568b1967976f62462017e4d9bc1aeedea1559a319a2c8f089bed94ebcc6100d"", ""steps"": 96}]",77db7ada00923f791f33c585c2b9d7c6be99eb2dcfeae27f3c653341dd2f231f,-91.72622183921902,True,0.06972422117324376,171.0,100.0,0.08,converged,,bfgs_after_fire,"[{""ase_converged"": false, ""converged"": false, ""end_geometry_sha256"": ""9a88706b559e429ab38e1ac6efbf13f87c9b104552aba3e6663e28e04ab794f4"", ""failure_class"": ""force_threshold"", ""max_force_eV_A"": 0.4056965303073552, ""name"": ""bfgs_standard"", ""start_geometry_sha256"": ""189a7cdc8e276244ad8822c80a65682a3856b8db76d5fd57078cdb7836a56ef1"", ""steps"": 100}, {""ase_converged"": false, ""converged"": false, ""end_geometry_sha256"": ""b95ac8a662b87655dc9480af20f14d05d74f174d895f91eb5b49d5e4cbcacea0"", ""failure_class"": ""force_threshold"", ""max_force_eV_A"": 2.3194111157323176, ""name"": ""fire_precondition"", ""qualifying"": false, ""start_geometry_sha256"": ""189a7cdc8e276244ad8822c80a65682a3856b8db76d5fd57078cdb7836a56ef1"", ""steps"": 50}, {""ase_converged"": true, ""converged"": true, ""end_geometry_sha256"": ""b19c3130030b826fb91a8437d8b3fff9d040eaad9414365bf355a445cd1606bd"", ""failure_class"": null, ""max_force_eV_A"": 0.06972422117324376, ""name"": ""bfgs_after_fire"", ""start_geometry_sha256"": ""b95ac8a662b87655dc9480af20f14d05d74f174d895f91eb5b49d5e4cbcacea0"", ""steps"": 21}]",b19c3130030b826fb91a8437d8b3fff9d040eaad9414365bf355a445cd1606bd,-2.6136171196401117,True,0.06503064840746711,20.0,100.0,0.08,converged,,bfgs_standard,"[{""ase_converged"": true, ""converged"": true, ""end_geometry_sha256"": ""82461dfbf13117ebbf5f380409a04ed2cd5410087bcc764a87531b0ba2893d3e"", ""failure_class"": null, ""max_force_eV_A"": 0.06503064840746711, ""name"": ""bfgs_standard"", ""start_geometry_sha256"": ""e5a8249611e0c29a437ab71364715152f84ada9542add805126e868d6b73e9e7"", ""steps"": 20}]",82461dfbf13117ebbf5f380409a04ed2cd5410087bcc764a87531b0ba2893d3e,-1.9420748583972702,True,0.0793210448985073,97.0,100.0,0.08,converged,,bfgs_standard,"[{""ase_converged"": true, ""converged"": true, ""end_geometry_sha256"": ""0a13a5ec4c685c2e0763c39bd5cff8fdd660cae5b15b58264413b6bd119418e5"", ""failure_class"": null, ""max_force_eV_A"": 0.0793210448985073, ""name"": ""bfgs_standard"", ""start_geometry_sha256"": ""d6225a3262a33580706b02fb49dd7125399e54983772d624e14f944138463c1b"", ""steps"": 97}]",0a13a5ec4c685c2e0763c39bd5cff8fdd660cae5b15b58264413b6bd119418e5,-4.869215537607694,3.0,step_2_O,10.0,0.0,True,4.555691978037382,0.7545203674987632,False,quantitative_screening,1,1,15f9c7462eb0f9c0fce6,False,
"('SAC', 'Zn', 'N4_pyridine', 'BN_sheet', 'none')",SAC,True,esen-sm-conserving-all-oc25:relax-v4:orr-che-v3,True,0.07092797454008092,19,150,0.08,converged,,bfgs_standard,"[{""ase_converged"": true, ""converged"": true, ""end_geometry_sha256"": ""9b57fd5acfbea15e5bd0a932ee0a5ed4d835524f523edca3aec945008c9e8099"", ""failure_class"": null, ""max_force_eV_A"": 0.07092797454008092, ""name"": ""bfgs_standard"", ""start_geometry_sha256"": ""cf4e8b9106f607d712aad3a794bcca133390460ffca18e7a1006e734062172d9"", ""steps"": 19}]",9b57fd5acfbea15e5bd0a932ee0a5ed4d835524f523edca3aec945008c9e8099,-127.37248733738306,True,0.06987790783252185,40.0,100.0,0.08,converged,,bfgs_standard,"[{""ase_converged"": true, ""converged"": true, ""end_geometry_sha256"": ""2eb69116d159893664e8f7e9129952b8909b1985c9a3dbab24c863249df2fe6d"", ""failure_class"": null, ""max_force_eV_A"": 0.06987790783252185, ""name"": ""bfgs_standard"", ""start_geometry_sha256"": ""acec649dc9d07bcfb8ad7f72e99c44ef4389075194dea4c663939e07f7072526"", ""steps"": 40}]",2eb69116d159893664e8f7e9129952b8909b1985c9a3dbab24c863249df2fe6d,0.40483027949929234,True,0.06511277806970597,45.0,100.0,0.08,converged,,bfgs_standard,"[{""ase_converged"": true, ""converged"": true, ""end_geometry_sha256"": ""f83b961adb627fb7f5506e2d18cc75c809762a77fcbd712142855e8589a3e041"", ""failure_class"": null, ""max_force_eV_A"": 0.06511277806970597, ""name"": ""bfgs_standard"", ""start_geometry_sha256"": ""83d67599703bec330ccadf5f1cde4e4e0f0c756c7facd44fa4b6f957b0377233"", ""steps"": 45}]",f83b961adb627fb7f5506e2d18cc75c809762a77fcbd712142855e8589a3e041,3.3608655102551017,True,0.07406467013090359,38.0,100.0,0.08,converged,,bfgs_standard,"[{""ase_converged"": true, ""converged"": true, ""end_geometry_sha256"": ""a36f51d717dde0785049585733498ad845290e8b01bd4aeb5dbf4f5973da2c32"", ""failure_class"": null, ""max_force_eV_A"": 0.07406467013090359, ""name"": ""bfgs_standard"", ""start_geometry_sha256"": ""019436d9fd168ef423252f7120cb53d5da43af339c7fba2322429016115f03d7"", ""steps"": 38}]",a36f51d717dde0785049585733498ad845290e8b01bd4aeb5dbf4f5973da2c32,3.6446818813681636,0.9451836288869382,step_2_O,10.0,0.0,True,3.765695789754394,0.610000000035,False,quantitative_screening,0,0,308f121de02e9ef12180,False,
"('SAC', 'Zn', 'O4', 'N-graphene', 'none')",SAC,True,esen-sm-conserving-all-oc25:relax-v4:orr-che-v3,True,0.07249585176015774,62,150,0.08,converged,,bfgs_standard,"[{""ase_converged"": true, ""converged"": true, ""end_geometry_sha256"": ""35fbd3cedbb8e91fe42284851a30cf808ec8d753e3e8f2d24d4c97c46943afcc"", ""failure_class"": null, ""max_force_eV_A"": 0.07249585176015774, ""name"": ""bfgs_standard"", ""start_geometry_sha256"": ""269c4db4a3514de6c357843969ca6724f0d521508b34f7d7e5942322d9198615"", ""steps"": 62}]",35fbd3cedbb8e91fe42284851a30cf808ec8d753e3e8f2d24d4c97c46943afcc,-121.03036233107088,True,0.07314333899887751,86.0,100.0,0.08,converged,,bfgs_standard,"[{""ase_converged"": true, ""converged"": true, ""end_geometry_sha256"": ""5521e7a5493d4de9e6ea452fa05d58ea196f47e21ac4c9b3a84a111715479acc"", ""failure_class"": null, ""max_force_eV_A"": 0.07314333899887751, ""name"": ""bfgs_standard"", ""start_geometry_sha256"": ""483b6ba3a02cd8339ab16153ae14384a2edf751318f3e0dd1f046d608809e4cf"", ""steps"": 86}]",5521e7a5493d4de9e6ea452fa05d58ea196f47e21ac4c9b3a84a111715479acc,0.6237676765024662,True,0.04809075898298362,45.0,100.0,0.08,converged,,bfgs_standard,"[{""ase_converged"": true, ""converged"": true, ""end_geometry_sha256"": ""d970b8d66f23b188f50956db7c75303e6bd74e2102671fe2be5a453377ba5fa3"", ""failure_class"": null, ""max_force_eV_A"": 0.04809075898298362, ""name"": ""bfgs_standard"", ""start_geometry_sha256"": ""bfb4d223b6a643ec9172e64fba3fd9f29edea5bcef57975d13feab1437c56dd3"", ""steps"": 45}]",d970b8d66f23b188f50956db7c75303e6bd74e2102671fe2be5a453377ba5fa3,3.8135885365307365,True,0.07774760084768319,66.0,100.0,0.08,converged,,bfgs_standard,"[{""ase_converged"": true, ""converged"": true, ""end_geometry_sha256"": ""28a5f8ab28f2d995c804763a34cb94be3e9719288e17f81cbc76f39824eb7e0d"", ""failure_class"": null, ""max_force_eV_A"": 0.07774760084768319, ""name"": ""bfgs_standard"", ""start_geometry_sha256"": ""ca66617b847b741f97eb701d7077defe617b5cbf4aa99e4e70804b0187b84bc4"", ""steps"": 66}]",28a5f8ab28f2d995c804763a34cb94be3e9719288e17f81cbc76f39824eb7e0d,4.042065571248536,1.000522965282201,step_2_O,10.0,0.0,True,4.437356213033203,0.610000000035,False,quantitative_screening,2,2,9204b494a0421b912724,False,
"('SAC', 'Zn', 'N2B2', 'N-graphene', 'none')",SAC,True,esen-sm-conserving-all-oc25:relax-v4:orr-che-v3,True,0.07687205135702943,22,150,0.08,converged,,bfgs_standard,"[{""ase_converged"": true, ""converged"": true, ""end_geometry_sha256"": ""da938264ab198bcabace5f78f826a6f88169bba79bfb95b8c0d096b7f8cbf15e"", ""failure_class"": null, ""max_force_eV_A"": 0.07687205135702943, ""name"": ""bfgs_standard"", ""start_geometry_sha256"": ""9c771d93ef9bfbccbb85d4e65ef0d7d74ef857d8f5020a122cf6a7c365240a6e"", ""steps"": 22}]",da938264ab198bcabace5f78f826a6f88169bba79bfb95b8c0d096b7f8cbf15e,-126.96913154788604,True,0.06855297566613186,44.0,100.0,0.08,converged,,bfgs_standard,"[{""ase_converged"": true, ""converged"": true, ""end_geometry_sha256"": ""5c64bdde578283f86af7602a899fc2419dd378fe82cebe6e874a6765b67d6ed8"", ""failure_class"": null, ""max_force_eV_A"": 0.06855297566613186, ""name"": ""bfgs_standard"", ""start_geometry_sha256"": ""0f64f7b129636a528a6c3ca69b8605fa01689b5445a20a97121e772bdd61a47a"", ""steps"": 44}]",5c64bdde578283f86af7602a899fc2419dd378fe82cebe6e874a6765b67d6ed8,-0.4700214241445065,True,0.06417798463064263,38.0,100.0,0.08,converged,,bfgs_standard,"[{""ase_converged"": true, ""converged"": true, ""end_geometry_sha256"": ""c1e9ac7987280edf048607fb3ff744815dcbb10c9b05644247ab64e3ea18ff7a"", ""failure_class"": null, ""max_force_eV_A"": 0.06417798463064263, ""name"": ""bfgs_standard"", ""start_geometry_sha256"": ""b176525e4cea77e2100ef3e38c50b02ed7921c8cf8f5a0f103b965e170470d18"", ""steps"": 38}]",c1e9ac7987280edf048607fb3ff744815dcbb10c9b05644247ab64e3ea18ff7a,2.366917527467016,True,0.07011033213263525,41.0,100.0,0.08,converged,,bfgs_standard,"[{""ase_converged"": true, ""converged"": true, ""end_geometry_sha256"": ""e335b64e395f6f7e9cc18a55ecbc002256260716761c9f95839efde4ccbc88b8"", ""failure_class"": null, ""max_force_eV_A"": 0.07011033213263525, ""name"": ""bfgs_standard"", ""start_geometry_sha256"": ""781a434e331379699a511550254374e5b91d8b6825554e869c5b34644962ca1e"", ""steps"": 41}]",e335b64e395f6f7e9cc18a55ecbc002256260716761c9f95839efde4ccbc88b8,2.8483676418662105,1.6990214241445065,step_4_H2O,10.0,0.0,True,2.8369389516115224,0.610000000035,False,quantitative_screening,0,0,4e12a893cd75d659dec8,False,
"('SAC', 'Zn', 'N2B2', 'BN_sheet', 'OH')",SAC,True,esen-sm-conserving-all-oc25:relax-v4:orr-che-v3,True,0.06815047853881877,38,150,0.08,converged,,bfgs_standard,"[{""ase_converged"": true, ""converged"": true, ""end_geometry_sha256"": ""3ee67c892c11f8fd19400076103f4d284922d115f4b3b2ca9ceaeb8b95275b89"", ""failure_class"": null, ""max_force_eV_A"": 0.06815047853881877, ""name"": ""bfgs_standard"", ""start_geometry_sha256"": ""818f224685f4c83511279b1ea5b9ab5b9dd591b2c7ecfce3a97108eeffbceb39"", ""steps"": 38}]",3ee67c892c11f8fd19400076103f4d284922d115f4b3b2ca9ceaeb8b95275b89,-131.24416777187523,True,0.07673955437535504,99.0,100.0,0.08,converged,,bfgs_standard,"[{""ase_converged"": true, ""converged"": true, ""end_geometry_sha256"": ""1393744c6e6b72fe5c7bc874afeadfc00c17ed204be6c272acb0ef5a5f720fff"", ""failure_class"": null, ""max_force_eV_A"": 0.07673955437535504, ""name"": ""bfgs_standard"", ""start_geometry_sha256"": ""5d73fb6f0a55ad81cd0bbf734ac70e2c502dcce7569cfef18cce2ec0b9aa6ea8"", ""steps"": 99}]",1393744c6e6b72fe5c7bc874afeadfc00c17ed204be6c272acb0ef5a5f720fff,-0.19959515079855922,True,0.06634194355685519,92.0,100.0,0.08,converged,,bfgs_standard,"[{""ase_converged"": true, ""converged"": true, ""end_geometry_sha256"": ""4d9e344d2fac9af2bfa201931e30e619b51dedada5e7facf99c8cb51852c96ee"", ""failure_class"": null, ""max_force_eV_A"": 0.06634194355685519, ""name"": ""bfgs_standard"", ""start_geometry_sha256"": ""7d9807996ed0cf937df226595915e0925893f171c7bca7f3544320f956ce4842"", ""steps"": 92}]",4d9e344d2fac9af2bfa201931e30e619b51dedada5e7facf99c8cb51852c96ee,2.0022338993847404,True,0.07207373527547789,33.0,100.0,0.08,converged,,bfgs_standard,"[{""ase_converged"": true, ""converged"": true, ""end_geometry_sha256"": ""f211f634304e2a301722becef0b0bd174604ef5c5423f3399d9bdc1e69422529"", ""failure_class"": null, ""max_force_eV_A"": 0.07207373527547789, ""name"": ""bfgs_standard"", ""start_geometry_sha256"": ""9bf37386454d559ef20db23310963bd576b7bbe48699acd554e8f681b7fee3da"", ""steps"": 33}]",f211f634304e2a301722becef0b0bd174604ef5c5423f3399d9bdc1e69422529,5.232095192372803,1.5410951923728033,step_1_OOH,10.0,0.0,True,2.2018290501832998,0.610000000035,False,quantitative_screening,1,1,64ad887c6ca001afa478,False,
"('SAC', 'Y', 'N4', 'N-graphdiyne', 'OH')",SAC,True,esen-sm-conserving-all-oc25:relax-v4:orr-che-v3,True,0.07353072744139467,66,150,0.08,converged,,bfgs_standard,"[{""ase_converged"": true, ""converged"": true, ""end_geometry_sha256"": ""c48945ffa21624b9e3609975ce45d5155aba461bd3e0b0cac148e5701d0ebf91"", ""failure_class"": null, ""max_force_eV_A"": 0.07353072744139467, ""name"": ""bfgs_standard"", ""start_geometry_sha256"": ""4f115d3af831c3f930092deb68f2b4ae3544257c477fc956198b016358773f8a"", ""steps"": 66}]",c48945ffa21624b9e3609975ce45d5155aba461bd3e0b0cac148e5701d0ebf91,-141.59604221184017,True,0.07499448995073303,248.0,100.0,0.08,converged,,bfgs_after_fire,"[{""ase_converged"": false, ""converged"": false, ""end_geometry_sha256"": ""738d8e2fcd1851f231046ccfdc0dcc3c5473c19fda85ec217fb9c84ae3609f5b"", ""failure_class"": ""force_threshold"", ""max_force_eV_A"": 0.5306750322671165, ""name"": ""bfgs_standard"", ""start_geometry_sha256"": ""f4edd2b8a00d1a3f2c63661bf4f18080d77b087d133b52b363e1258834bd3def"", ""steps"": 100}, {""ase_converged"": false, ""converged"": false, ""end_geometry_sha256"": ""a9767d68c060195bbc6722bbc27b5b83920cdb0e9cc5f55ab8f212c64f6aace3"", ""failure_class"": ""force_threshold"", ""max_force_eV_A"": 0.3624753654439088, ""name"": ""fire_precondition"", ""qualifying"": false, ""start_geometry_sha256"": ""f4edd2b8a00d1a3f2c63661bf4f18080d77b087d133b52b363e1258834bd3def"", ""steps"": 50}, {""ase_converged"": true, ""converged"": true, ""end_geometry_sha256"": ""8b1c1a7190eca5a38c923f580870b1e6065155def1f3e3554fc034d92143eadf"", ""failure_class"": null, ""max_force_eV_A"": 0.07499448995073303, ""name"": ""bfgs_after_fire"", ""start_geometry_sha256"": ""a9767d68c060195bbc6722bbc27b5b83920cdb0e9cc5f55ab8f212c64f6aace3"", ""steps"": 98}]",8b1c1a7190eca5a38c923f580870b1e6065155def1f3e3554fc034d92143eadf,0.6691995288431645,True,0.07292827398436137,58.0,100.0,0.08,converged,,bfgs_standard,"[{""ase_converged"": true, ""converged"": true, ""end_geometry_sha256"": ""6862b12866ed3c5a1cea553952be329853935ebefc104ef6a019e4be1403c941"", ""failure_class"": null, ""max_force_eV_A"": 0.07292827398436137, ""name"": ""bfgs_standard"", ""start_geometry_sha256"": ""3c4210ab739a3b2cb155cea411a2a6871451ffc626ee0dc46b50a55ef79c2393"", ""steps"": 58}]",6862b12866ed3c5a1cea553952be329853935ebefc104ef6a019e4be1403c941,3.010080731660131,True,0.07892891560429893,34.0,100.0,0.08,converged,,bfgs_standard,"[{""ase_converged"": true, ""converged"": true, ""end_geometry_sha256"": ""f492a693fdedc376f02ec3b16af664dc109b0ddc336028650ec7434c87dcf76c"", ""failure_class"": null, ""max_force_eV_A"": 0.07892891560429893, ""name"": ""bfgs_standard"", ""start_geometry_sha256"": ""20486a4b84ea9b40e09b3c53b4477887860b7afc7d024f3df87c2759ea0f55b1"", ""steps"": 34}]",f492a693fdedc376f02ec3b16af664dc109b0ddc336028650ec7434c87dcf76c,5.020598362386231,1.329598362386231,step_1_OOH,10.0,0.0,True,3.6792802605032957,0.610000000035,False,quantitative_screening,0,0,fbdbd3d4d05548b6c370,False,
"('SAC', 'Y', 'N2C2', 'N-graphdiyne', 'OH')",SAC,True,esen-sm-conserving-all-oc25:relax-v4:orr-che-v3,True,0.07170062167693934,81,150,0.08,converged,,bfgs_standard,"[{""ase_converged"": true, ""converged"": true, ""end_geometry_sha256"": ""454b71da40ebf2e9d577d2575530c81a7fef52f8812c0198ac664fc4600939f7"", ""failure_class"": null, ""max_force_eV_A"": 0.07170062167693934, ""name"": ""bfgs_standard"", ""start_geometry_sha256"": ""50e67cfe759c26409ea1d8f15d14070075281868507c6d8367526d4ccfae67c0"", ""steps"": 81}]",454b71da40ebf2e9d577d2575530c81a7fef52f8812c0198ac664fc4600939f7,-141.1000994743429,True,0.046120279486948135,273.0,100.0,0.08,converged,,bfgs_after_fire,"[{""ase_converged"": false, ""converged"": false, ""end_geometry_sha256"": ""8602ea23081a524667be9eea97fb6eb46bf00efcbdbcd5c77756beb653fca28d"", ""failure_class"": ""force_threshold"", ""max_force_eV_A"": 0.18788351654697769, ""name"": ""bfgs_standard"", ""start_geometry_sha256"": ""05bd5ccb4874d2930abeff49f9621a584d418d5dcf93fd2d85093fbbbe05394f"", ""steps"": 100}, {""ase_converged"": true, ""converged"": true, ""end_geometry_sha256"": ""524e61de730480c6560b79de9b94f5ebfbf5541feb9b3fb0cb07ae586fd117ce"", ""failure_class"": null, ""max_force_eV_A"": 0.20466566514776532, ""name"": ""fire_precondition"", ""qualifying"": false, ""start_geometry_sha256"": ""05bd5ccb4874d2930abeff49f9621a584d418d5dcf93fd2d85093fbbbe05394f"", ""steps"": 43}, {""ase_converged"": true, ""converged"": true, ""end_geometry_sha256"": ""ce1cebc1ae6c05afc257c5f096f0f7bce4955c3055ab2cd91d4868bcfa301e91"", ""failure_class"": null, ""max_force_eV_A"": 0.046120279486948135, ""name"": ""bfgs_after_fire"", ""start_geometry_sha256"": ""524e61de730480c6560b79de9b94f5ebfbf5541feb9b3fb0cb07ae586fd117ce"", ""steps"": 130}]",ce1cebc1ae6c05afc257c5f096f0f7bce4955c3055ab2cd91d4868bcfa301e91,-1.6675390575826168,True,0.07235747159985859,44.0,100.0,0.08,converged,,bfgs_standard,"[{""ase_converged"": true, ""converged"": true, ""end_geometry_sha256"": ""9dc494ab6730c41b32cf543a52a1799b3cdbe7ce44a0a2fa60e8504da2580470"", ""failure_class"": null, ""max_force_eV_A"": 0.07235747159985859, ""name"": ""bfgs_standard"", ""start_geometry_sha256"": ""ff444205d38b8da155b80524a3c21c009a5f00207b0fc1d19c274e840f5ae8ad"", ""steps"": 44}]",9dc494ab6730c41b32cf543a52a1799b3cdbe7ce44a0a2fa60e8504da2580470,3.804819501191381,True,0.07069058565129124,61.0,100.0,0.08,converged,,bfgs_standard,"[{""ase_converged"": true, ""converged"": true, ""end_geometry_sha256"": ""62a305b80981bdcd4d5f63ed3f6d90b8d8dea79dec349fda78284fc1e9d75cd6"", ""failure_class"": null, ""max_force_eV_A"": 0.07069058565129124, ""name"": ""bfgs_standard"", ""start_geometry_sha256"": ""83466ae6933b88955de5c9e2b0c9888bc08eabba2ad461a49d4993003c8b4b82"", ""steps"": 61}]",62a305b80981bdcd4d5f63ed3f6d90b8d8dea79dec349fda78284fc1e9d75cd6,4.244889210164551,2.8965390575826166,step_4_H2O,10.0,0.0,True,5.472358558773998,0.610000000035,False,quantitative_screening,2,2,a4295d02b791d03fad74,False,
"('SAC', 'Y', 'N3P', 'BN_sheet', 'O2')",SAC,True,esen-sm-conserving-all-oc25:relax-v4:orr-che-v3,True,0.07876606288565971,55,150,0.08,converged,,bfgs_standard,"[{""ase_converged"": true, ""converged"": true, ""end_geometry_sha256"": ""18dd73bd798974a89ecc5cf9b2b2f40846d39ceefb5b4b8e253990414ce8df53"", ""failure_class"": null, ""max_force_eV_A"": 0.07876606288565971, ""name"": ""bfgs_standard"", ""start_geometry_sha256"": ""ea77003f57a6bf78de87e2e589d1bbd12b8ae3df20baf9696ebaf06eb0e0dbe2"", ""steps"": 55}]",18dd73bd798974a89ecc5cf9b2b2f40846d39ceefb5b4b8e253990414ce8df53,-137.10666313818012,True,0.07349382190050457,55.0,100.0,0.08,converged,,bfgs_standard,"[{""ase_converged"": true, ""converged"": true, ""end_geometry_sha256"": ""9d0b711a9d2cc8588778280f981f1cf4072ed5576d81a1b3f3dbc6452ef05c5d"", ""failure_class"": null, ""max_force_eV_A"": 0.07349382190050457, ""name"": ""bfgs_standard"", ""start_geometry_sha256"": ""39f9ee41a3f7eaeeae1550b71c620de20fad6be6d0d3d9e09bebfd9ce07b1bd8"", ""steps"": 55}]",9d0b711a9d2cc8588778280f981f1cf4072ed5576d81a1b3f3dbc6452ef05c5d,-0.1256470058858395,True,0.07330076657522182,89.0,100.0,0.08,converged,,bfgs_standard,"[{""ase_converged"": true, ""converged"": true, ""end_geometry_sha256"": ""9642fc7aecb29ce563ebcd8a5c15cbd55b644efb45cfca1833090c9523a69ad6"", ""failure_class"": null, ""max_force_eV_A"": 0.07330076657522182, ""name"": ""bfgs_standard"", ""start_geometry_sha256"": ""6bbc9a824670c558359e340251eed5f55688cc83d245709d7b1e5c07d549fa04"", ""steps"": 89}]",9642fc7aecb29ce563ebcd8a5c15cbd55b644efb45cfca1833090c9523a69ad6,-0.6605251662433111,True,0.0744819974961895,99.0,100.0,0.08,converged,,bfgs_standard,"[{""ase_converged"": true, ""converged"": true, ""end_geometry_sha256"": ""d21db06a5720165d404fd11bcdef75a23f0783fce6c7a6629fddfff70dc39c02"", ""failure_class"": null, ""max_force_eV_A"": 0.0744819974961895, ""name"": ""bfgs_standard"", ""start_geometry_sha256"": ""d07955cb03a2e8f8d0bfd54a5ec98a13bf64af1471aaa16814e48abe893c46ea"", ""steps"": 99}]",d21db06a5720165d404fd11bcdef75a23f0783fce6c7a6629fddfff70dc39c02,-1.213828136026856,1.7823029697835449,step_2_O,10.0,0.0,True,0.7861721721291506,0.610000000035,False,quantitative_screening,1,1,4fe5d683513da5d5a1b0,False,
"('SAC', 'Y', 'N2O2', 'BN_sheet', 'O2')",SAC,True,esen-sm-conserving-all-oc25:relax-v4:orr-che-v3,True,0.05520863397899883,69,150,0.08,converged,,bfgs_standard,"[{""ase_converged"": true, ""converged"": true, ""end_geometry_sha256"": ""cfa010e4ea99725ce2eac80fdf8894336f5f25f1c1f5cc786745cf04791edb76"", ""failure_class"": null, ""max_force_eV_A"": 0.05520863397899883, ""name"": ""bfgs_standard"", ""start_geometry_sha256"": ""5f068634e0b0062f27bf97fcdeab684a5fd950a8e34c3db605cc5bce2bf45422"", ""steps"": 69}]",cfa010e4ea99725ce2eac80fdf8894336f5f25f1c1f5cc786745cf04791edb76,-136.12015731192074,True,0.06957001614598884,43.0,100.0,0.08,converged,,bfgs_standard,"[{""ase_converged"": true, ""converged"": true, ""end_geometry_sha256"": ""2ba040310c186e6cbb4ac140e6b678023333ecf8bb0f1735e9c001f482e4ca66"", ""failure_class"": null, ""max_force_eV_A"": 0.06957001614598884, ""name"": ""bfgs_standard"", ""start_geometry_sha256"": ""03133edf89361008aa171c9a2249e1cee6611e262287b9c268386c3b35059b70"", ""steps"": 43}]",2ba040310c186e6cbb4ac140e6b678023333ecf8bb0f1735e9c001f482e4ca66,1.9671400214731694,True,0.07379058966017267,63.0,100.0,0.08,converged,,bfgs_standard,"[{""ase_converged"": true, ""converged"": true, ""end_geometry_sha256"": ""e10b668425d9c1efd625045426ac8fc8c398ec1d976b105905fb9c0f43b03fea"", ""failure_class"": null, ""max_force_eV_A"": 0.07379058966017267, ""name"": ""bfgs_standard"", ""start_geometry_sha256"": ""27f763a192b2417c77c71d5b56113fb7e0694aafd7f7c3f96aa73a629b9d7713"", ""steps"": 63}]",e10b668425d9c1efd625045426ac8fc8c398ec1d976b105905fb9c0f43b03fea,2.540842450410131,True,0.07766062922087988,212.0,100.0,0.08,converged,,bfgs_after_fire,"[{""ase_converged"": false, ""converged"": false, ""end_geometry_sha256"": ""ca9d6bd6462190b79034652c37729d0d82e10a45f988ec6fea930864bed21c73"", ""failure_class"": ""force_threshold"", ""max_force_eV_A"": 0.5633852028916169, ""name"": ""bfgs_standard"", ""start_geometry_sha256"": ""69392810416b9b25faa5014ffd243142d492992972d59d6180d26075a11613a3"", ""steps"": 100}, {""ase_converged"": false, ""converged"": false, ""end_geometry_sha256"": ""c1763ff13092a291ae6e3c63723bea241e76982594c987e9fb7fd8ed72bf7a71"", ""failure_class"": ""force_threshold"", ""max_force_eV_A"": 1.7673437367943423, ""name"": ""fire_precondition"", ""qualifying"": false, ""start_geometry_sha256"": ""69392810416b9b25faa5014ffd243142d492992972d59d6180d26075a11613a3"", ""steps"": 50}, {""ase_converged"": true, ""converged"": true, ""end_geometry_sha256"": ""24385fd33e8eaf6d6c78b0a1b8a27057fc1c015118186ca744913be1f7a223d3"", ""failure_class"": null, ""max_force_eV_A"": 0.07766062922087988, ""name"": ""bfgs_after_fire"", ""start_geometry_sha256"": ""c1763ff13092a291ae6e3c63723bea241e76982594c987e9fb7fd8ed72bf7a71"", ""steps"": 62}]",24385fd33e8eaf6d6c78b0a1b8a27057fc1c015118186ca744913be1f7a223d3,5.443352173268799,1.7523521732687994,step_1_OOH,10.0,0.0,True,4.507982471883301,0.610000000035,False,quantitative_screening,0,0,6fc539f8b34b34cbfc38,False,
"('SAC', 'Y', 'N3O', 'N-graphdiyne', 'O2')",SAC,True,esen-sm-conserving-all-oc25:relax-v4:orr-che-v3,True,0.0749932357588059,76,150,0.08,converged,,bfgs_standard,"[{""ase_converged"": true, ""converged"": true, ""end_geometry_sha256"": ""c1d16113ee9ab0fa4c03d3ae25d34bb78c87b919f6065a21b35191c9c38a5ad4"", ""failure_class"": null, ""max_force_eV_A"": 0.0749932357588059, ""name"": ""bfgs_standard"", ""start_geometry_sha256"": ""e73183442bfff939e89f292b24ff789fd193f661bb8fc29ee094ea7f0a7c9c41"", ""steps"": 76}]",c1d16113ee9ab0fa4c03d3ae25d34bb78c87b919f6065a21b35191c9c38a5ad4,-138.86338707518553,True,0.07573621490773004,72.0,100.0,0.08,converged,,bfgs_standard,"[{""ase_converged"": true, ""converged"": true, ""end_geometry_sha256"": ""23768eb77447bfe5030c4762e777646fa63791bb391e7127a83e1ad691ae239d"", ""failure_class"": null, ""max_force_eV_A"": 0.07573621490773004, ""name"": ""bfgs_standard"", ""start_geometry_sha256"": ""a52d574e32ced8d229fc5d9219cfa1e055754f0a0fcbbdfcddd70a4ea4215fe8"", ""steps"": 72}]",23768eb77447bfe5030c4762e777646fa63791bb391e7127a83e1ad691ae239d,-0.3553726051747799,True,0.0777425346096493,54.0,100.0,0.08,converged,,bfgs_standard,"[{""ase_converged"": true, ""converged"": true, ""end_geometry_sha256"": ""f5bb461ee3d80e1a5dcfd9b3a36706cda1e32375f1eec78afcd73918209ed9d3"", ""failure_class"": null, ""max_force_eV_A"": 0.0777425346096493, ""name"": ""bfgs_standard"", ""start_geometry_sha256"": ""55cc10ea71e3f40955f46018a9816154ab7ca8418fc4724dd3f4fadf0ec7c4e1"", ""steps"": 54}]",f5bb461ee3d80e1a5dcfd9b3a36706cda1e32375f1eec78afcd73918209ed9d3,3.062969601899389,True,0.06844654000563523,73.0,100.0,0.08,converged,,bfgs_standard,"[{""ase_converged"": true, ""converged"": true, ""end_geometry_sha256"": ""e145918ea20ed83d9cdbddadb7ea8d8aa31027b83fc02677ada6c638615e4824"", ""failure_class"": null, ""max_force_eV_A"": 0.06844654000563523, ""name"": ""bfgs_standard"", ""start_geometry_sha256"": ""19f6ce39294556094a7c8e8e9384c4c22c17edbcb21795d79defeaa2544e3a05"", ""steps"": 73}]",e145918ea20ed83d9cdbddadb7ea8d8aa31027b83fc02677ada6c638615e4824,3.0173649296164546,1.58437260517478,step_4_H2O,10.0,0.0,True,3.418342207074169,0.610000000035,False,quantitative_screening,2,2,e43612f52290181de570,False,
"('SAC', 'Y', 'N2P2', 'N-graphene', 'Cl')",SAC,True,esen-sm-conserving-all-oc25:relax-v4:orr-che-v3,True,0.072840811731134,90,150,0.08,converged,,bfgs_standard,"[{""ase_converged"": true, ""converged"": true, ""end_geometry_sha256"": ""60a0f4fa98cf687e26d5c473e07175f3e884d78c81e5acae2f9093dcff071112"", ""failure_class"": null, ""max_force_eV_A"": 0.072840811731134, ""name"": ""bfgs_standard"", ""start_geometry_sha256"": ""a1173326bda0a71b4aec37b2d5240b4a890700be7cec96468d4ce8d92fe6763d"", ""steps"": 90}]",60a0f4fa98cf687e26d5c473e07175f3e884d78c81e5acae2f9093dcff071112,-132.16134893584294,True,0.0782493992749258,63.0,100.0,0.08,converged,,bfgs_standard,"[{""ase_converged"": true, ""converged"": true, ""end_geometry_sha256"": ""d60e72c1c8127fc1fc1efa6b4a053fc566a6c65e90a838a1170b79891ae55d22"", ""failure_class"": null, ""max_force_eV_A"": 0.0782493992749258, ""name"": ""bfgs_standard"", ""start_geometry_sha256"": ""08df7ef05a3a0cce5ada5cc5f931fedaa2bb76495d7eadd5dd605a1ac2beb1e1"", ""steps"": 63}]",d60e72c1c8127fc1fc1efa6b4a053fc566a6c65e90a838a1170b79891ae55d22,-0.4282106731832028,True,0.0774537472317115,63.0,100.0,0.08,converged,,bfgs_standard,"[{""ase_converged"": true, ""converged"": true, ""end_geometry_sha256"": ""a021e37890b0d6a8c1ab4c43eadec2b32ba2ca39c86892d113208a810dca5260"", ""failure_class"": null, ""max_force_eV_A"": 0.0774537472317115, ""name"": ""bfgs_standard"", ""start_geometry_sha256"": ""fd497f03ec4332cc9f4728be30fef0a7781c7f5142f3b55469fc5d0e893da5db"", ""steps"": 63}]",a021e37890b0d6a8c1ab4c43eadec2b32ba2ca39c86892d113208a810dca5260,-0.9771711461245978,True,0.060486343676719755,297.0,100.0,0.08,converged,,bfgs_after_fire,"[{""ase_converged"": false, ""converged"": false, ""end_geometry_sha256"": ""fa8f6363d470dc5491f314c9cdb8cef9f5711d41c424346510dc972ed1459beb"", ""failure_class"": ""force_threshold"", ""max_force_eV_A"": 0.2414135063805927, ""name"": ""bfgs_standard"", ""start_geometry_sha256"": ""98b9cb969c2df34ad4b46d2efd7619fff165c1ef5bc8c302cec36b06e486aa20"", ""steps"": 100}, {""ase_converged"": false, ""converged"": false, ""end_geometry_sha256"": ""f86bf35f892e8bef6e184a9776656f4178700c4c3c120e8080d6bdeeca1272d6"", ""failure_class"": ""force_threshold"", ""max_force_eV_A"": 1.6991460633122217, ""name"": ""fire_precondition"", ""qualifying"": false, ""start_geometry_sha256"": ""98b9cb969c2df34ad4b46d2efd7619fff165c1ef5bc8c302cec36b06e486aa20"", ""steps"": 50}, {""ase_converged"": true, ""converged"": true, ""end_geometry_sha256"": ""93dd500d055360b46bfc22f26433aba5028dcdfa5e5adb2dc76e154179dd99ed"", ""failure_class"": null, ""max_force_eV_A"": 0.060486343676719755, ""name"": ""bfgs_after_fire"", ""start_geometry_sha256"": ""f86bf35f892e8bef6e184a9776656f4178700c4c3c120e8080d6bdeeca1272d6"", ""steps"": 147}]",93dd500d055360b46bfc22f26433aba5028dcdfa5e5adb2dc76e154179dd99ed,-0.5164781108498537,1.7779604729413951,step_3_OH,10.0,0.0,True,1.4053818193078005,0.610000000035,False,quantitative_screening,1,1,d67f0271ff1790ac900e,False,
"('DAC', 'Zn', 'W', 'N4N4', 'Phosphorene')",DAC,True,esen-sm-conserving-all-oc25:relax-v4:orr-che-v3,True,0.07432310095706043,26,150,0.08,converged,,bfgs_standard,"[{""ase_converged"": true, ""converged"": true, ""end_geometry_sha256"": ""4f944d9065c67b5ae25cb816a6808794f67f60d72c96e9bea597110988bb4ce2"", ""failure_class"": null, ""max_force_eV_A"": 0.07432310095706043, ""name"": ""bfgs_standard"", ""start_geometry_sha256"": ""17436a41e98cc4b215f5a0a2dd3b0f5142e8e872f3e570dcbf54e0c64de804bb"", ""steps"": 26}]",4f944d9065c67b5ae25cb816a6808794f67f60d72c96e9bea597110988bb4ce2,-163.26572456861942,True,0.06811408770281112,48.0,100.0,0.08,converged,,bfgs_standard,"[{""ase_converged"": true, ""converged"": true, ""end_geometry_sha256"": ""6b3b016628cd8e933f166945f509524582831bd1a2929309fc1c1e7212d96328"", ""failure_class"": null, ""max_force_eV_A"": 0.06811408770281112, ""name"": ""bfgs_standard"", ""start_geometry_sha256"": ""1418935952331e689a796fbd69a3834ddc4e58d63ec0ac4187081ebcbe59d5ea"", ""steps"": 48}]",6b3b016628cd8e933f166945f509524582831bd1a2929309fc1c1e7212d96328,-2.5253030632436273,True,0.0671337948928675,56.0,100.0,0.08,converged,,bfgs_standard,"[{""ase_converged"": true, ""converged"": true, ""end_geometry_sha256"": ""1972f600cb43fc46c8c5395ede80548d569cc7b4642961a896d9350f4592a5eb"", ""failure_class"": null, ""max_force_eV_A"": 0.0671337948928675, ""name"": ""bfgs_standard"", ""start_geometry_sha256"": ""4c5b75e7221df5e4e02d8d8610d0ea97d8eeab9456d71b52776a0d98070733c2"", ""steps"": 56}]",1972f600cb43fc46c8c5395ede80548d569cc7b4642961a896d9350f4592a5eb,-3.150691115111109,True,0.07991427712760692,40.0,100.0,0.08,converged,,bfgs_standard,"[{""ase_converged"": true, ""converged"": true, ""end_geometry_sha256"": ""839012eac19cfb3d1cc3cfcc78b3145ab33bb4b70f19acd894a1ab05f01ba87c"", ""failure_class"": null, ""max_force_eV_A"": 0.07991427712760692, ""name"": ""bfgs_standard"", ""start_geometry_sha256"": ""c0d8c9c5856722fab994a1d65c02ad55abfabaa97f0d6b784f1fa416fc26f6ac"", ""steps"": 40}]",839012eac19cfb3d1cc3cfcc78b3145ab33bb4b70f19acd894a1ab05f01ba87c,-4.663111735880371,3.0,step_4_H2O,10.0,-0.057991946977686615,True,5.6759941783547365,0.5775000000349999,False,quantitative_screening,2,2,047e5c395a6c427125c0,False,
"('DAC', 'Zn', 'Pr', 'N6C2', 'N-porous_carbon')",DAC,True,esen-sm-conserving-all-oc25:relax-v4:orr-che-v3,True,0.07708097481361197,64,150,0.08,converged,,bfgs_standard,"[{""ase_converged"": true, ""converged"": true, ""end_geometry_sha256"": ""26f7d5132901c79d3092bb6bad20bf5d700a7f51d84cfaae613c584c07e0ae3b"", ""failure_class"": null, ""max_force_eV_A"": 0.07708097481361197, ""name"": ""bfgs_standard"", ""start_geometry_sha256"": ""9990e48ceb7d1fc10319a3791c8e418390da9590731e654f9768ada639383ec0"", ""steps"": 64}]",26f7d5132901c79d3092bb6bad20bf5d700a7f51d84cfaae613c584c07e0ae3b,-129.0861656458257,True,0.07167653859540302,35.0,100.0,0.08,converged,,bfgs_standard,"[{""ase_converged"": true, ""converged"": true, ""end_geometry_sha256"": ""5b516808afb71e5d01fb20eeb7c6b580da73f792cf035aa173715c301caf4207"", ""failure_class"": null, ""max_force_eV_A"": 0.07167653859540302, ""name"": ""bfgs_standard"", ""start_geometry_sha256"": ""c43d4077ad615597f88bcdd0f766a899a43e1cc8e1b20cb6b28f7a0500197b8e"", ""steps"": 35}]",5b516808afb71e5d01fb20eeb7c6b580da73f792cf035aa173715c301caf4207,-1.8076636169850826,True,0.07363225771252063,73.0,100.0,0.08,converged,,bfgs_standard,"[{""ase_converged"": true, ""converged"": true, ""end_geometry_sha256"": ""4427b67169dc5ef5f5d858ab3b33a4fac931bb1f5dd6d66f9d752f8c27a4b04e"", ""failure_class"": null, ""max_force_eV_A"": 0.07363225771252063, ""name"": ""bfgs_standard"", ""start_geometry_sha256"": ""40be0d82a182c410227c0cc233274743dc485a8d9f6907a0d656f166e2202c7f"", ""steps"": 73}]",4427b67169dc5ef5f5d858ab3b33a4fac931bb1f5dd6d66f9d752f8c27a4b04e,-1.6669350497424567,True,0.0647477615939242,57.0,100.0,0.08,converged,,bfgs_standard,"[{""ase_converged"": true, ""converged"": true, ""end_geometry_sha256"": ""8c389dcda50f05c9388748564748b80991f2ed7d467831ef65598b0b124d0358"", ""failure_class"": null, ""max_force_eV_A"": 0.0647477615939242, ""name"": ""bfgs_standard"", ""start_geometry_sha256"": ""d531eb56550caaa7b978c90d354ec74d2a066008ee81896ac5ef9becf0006212"", ""steps"": 57}]",8c389dcda50f05c9388748564748b80991f2ed7d467831ef65598b0b124d0358,1.5501517757773433,3.0,step_4_H2O,10.0,0.0,True,3.4745986667275393,0.498608834270667,True,quantitative_screening,0,0,9712331f75b60dec3ad5,False,
"('DAC', 'Zn', 'Al', 'N4P2', 'N-carbon_black')",DAC,True,esen-sm-conserving-all-oc25:relax-v4:orr-che-v3,True,0.06225823734757053,353,150,0.08,converged,,bfgs_after_fire,"[{""ase_converged"": false, ""converged"": false, ""end_geometry_sha256"": ""33e97360d4a3363043536c3bddf7418cce52d5b755a14fb6fb0874408518768d"", ""failure_class"": ""force_threshold"", ""max_force_eV_A"": 0.19113730350033495, ""name"": ""bfgs_standard"", ""start_geometry_sha256"": ""2b42ec434dca0249db9d762ee73cac781f56065d514ed8757dc0acbe2bc421ff"", ""steps"": 150}, {""ase_converged"": false, ""converged"": false, ""end_geometry_sha256"": ""562d113c71f89b57af8bbb97e73bac20a3d449025c6861f7cc9108f403a72182"", ""failure_class"": ""force_threshold"", ""max_force_eV_A"": 1.2865020776373701, ""name"": ""fire_precondition"", ""qualifying"": false, ""start_geometry_sha256"": ""2b42ec434dca0249db9d762ee73cac781f56065d514ed8757dc0acbe2bc421ff"", ""steps"": 75}, {""ase_converged"": true, ""converged"": true, ""end_geometry_sha256"": ""d73314ba6828d935bba4169f1854070bfe3a910c406d163237f1dc51c0bb8fa9"", ""failure_class"": null, ""max_force_eV_A"": 0.06225823734757053, ""name"": ""bfgs_after_fire"", ""start_geometry_sha256"": ""562d113c71f89b57af8bbb97e73bac20a3d449025c6861f7cc9108f403a72182"", ""steps"": 128}]",d73314ba6828d935bba4169f1854070bfe3a910c406d163237f1dc51c0bb8fa9,-129.7724592058101,True,0.07365184163679042,244.0,100.0,0.08,converged,,bfgs_after_fire,"[{""ase_converged"": false, ""converged"": false, ""end_geometry_sha256"": ""0c46b59a2a7cec0e9906c38439ecd61fbdcfc63f8f84a6a36eb89fe6be2f2651"", ""failure_class"": ""force_threshold"", ""max_force_eV_A"": 0.176048572175457, ""name"": ""bfgs_standard"", ""start_geometry_sha256"": ""5cbed72c77f7f26a3592f9bb855318ea364399a7dc59329e1e2f01f7193a19e0"", ""steps"": 100}, {""ase_converged"": true, ""converged"": true, ""end_geometry_sha256"": ""2a88ea4bf4fdeb654a067f0ab8d2d4903c72254348e4d81d93c4d5238a35fb2c"", ""failure_class"": null, ""max_force_eV_A"": 0.23820246973967021, ""name"": ""fire_precondition"", ""qualifying"": false, ""start_geometry_sha256"": ""5cbed72c77f7f26a3592f9bb855318ea364399a7dc59329e1e2f01f7193a19e0"", ""steps"": 45}, {""ase_converged"": true, ""converged"": true, ""end_geometry_sha256"": ""a2795f984a970c88f29d245fdae001ed5c9460d84c3bc4ef90c2c14a3d6cd88d"", ""failure_class"": null, ""max_force_eV_A"": 0.07365184163679042, ""name"": ""bfgs_after_fire"", ""start_geometry_sha256"": ""2a88ea4bf4fdeb654a067f0ab8d2d4903c72254348e4d81d93c4d5238a35fb2c"", ""steps"": 99}]",a2795f984a970c88f29d245fdae001ed5c9460d84c3bc4ef90c2c14a3d6cd88d,-1.12077730640769,True,0.07461431699528241,238.0,100.0,0.08,converged,,bfgs_after_fire,"[{""ase_converged"": false, ""converged"": false, ""end_geometry_sha256"": ""a78e512374ba167decc1ac5d72b15067d28357f0cdc360c862c524cf3e5773a9"", ""failure_class"": ""force_threshold"", ""max_force_eV_A"": 0.14601735591575507, ""name"": ""bfgs_standard"", ""start_geometry_sha256"": ""54e1726ed2e9828a9e6b6fca82f95d4375d6ee7005f81c86499efd1a4750e991"", ""steps"": 100}, {""ase_converged"": true, ""converged"": true, ""end_geometry_sha256"": ""34cbddbab3cf8d295a1c7c3118d2af912a348c5e6605dc43645281e9ca4dd050"", ""failure_class"": null, ""max_force_eV_A"": 0.20650552307980669, ""name"": ""fire_precondition"", ""qualifying"": false, ""start_geometry_sha256"": ""54e1726ed2e9828a9e6b6fca82f95d4375d6ee7005f81c86499efd1a4750e991"", ""steps"": 41}, {""ase_converged"": true, ""converged"": true, ""end_geometry_sha256"": ""fa95c3cf507369ba2ff9bd25e92e62581c0ac8559ab9dd28c59f44b5779d4d20"", ""failure_class"": null, ""max_force_eV_A"": 0.07461431699528241, ""name"": ""bfgs_after_fire"", ""start_geometry_sha256"": ""34cbddbab3cf8d295a1c7c3118d2af912a348c5e6605dc43645281e9ca4dd050"", ""steps"": 97}]",fa95c3cf507369ba2ff9bd25e92e62581c0ac8559ab9dd28c59f44b5779d4d20,0.19852296188474056,True,0.07759548193005524,87.0,100.0,0.08,converged,,bfgs_standard,"[{""ase_converged"": true, ""converged"": true, ""end_geometry_sha256"": ""1434f52847ffaab04071ac7c63be03749309ee4aa99346fcfd5801e5bb737cbc"", ""failure_class"": null, ""max_force_eV_A"": 0.07759548193005524, ""name"": ""bfgs_standard"", ""start_geometry_sha256"": ""e45c519a7bf10e8e93d9d4debd0815a44fb7a0bc4d062ecf1bcbe4b3a078a00a"", ""steps"": 87}]",1434f52847ffaab04071ac7c63be03749309ee4aa99346fcfd5801e5bb737cbc,2.6002268299460445,2.34977730640769,step_4_H2O,10.0,0.0,True,1.3193002682924306,0.5775000000349999,False,quantitative_screening,2,2,4549409a9c591987a59e,False,
"('DAC', 'Zn', 'In', 'N8', 'N-CNT')",DAC,True,esen-sm-conserving-all-oc25:relax-v4:orr-che-v3,True,0.07534106323435945,67,150,0.08,converged,,bfgs_standard,"[{""ase_converged"": true, ""converged"": true, ""end_geometry_sha256"": ""917e0e54b3d5522abcdfdbd01df489f593361bcd6b450190a792af6c4e76660a"", ""failure_class"": null, ""max_force_eV_A"": 0.07534106323435945, ""name"": ""bfgs_standard"", ""start_geometry_sha256"": ""e71416b688e5e7d2c7e2e79829ad630d8956b17934284acb519932041ecbd9ab"", ""steps"": 67}]",917e0e54b3d5522abcdfdbd01df489f593361bcd6b450190a792af6c4e76660a,-161.8730660525018,True,0.07817674637935546,48.0,100.0,0.08,converged,,bfgs_standard,"[{""ase_converged"": true, ""converged"": true, ""end_geometry_sha256"": ""91d5a92d4384353530d0715374fec5db154cdff7a7b26c715e031543856c06c6"", ""failure_class"": null, ""max_force_eV_A"": 0.07817674637935546, ""name"": ""bfgs_standard"", ""start_geometry_sha256"": ""b214413662698adee51a3db7818786f7e51cf929460a1e2888141181cda4f146"", ""steps"": 48}]",91d5a92d4384353530d0715374fec5db154cdff7a7b26c715e031543856c06c6,-0.8889724586904049,True,0.07897724431565104,278.0,100.0,0.08,converged,,bfgs_after_fire,"[{""ase_converged"": false, ""converged"": false, ""end_geometry_sha256"": ""d22fabd0dd10947f6c8351df5ff63e51a3aec68626e0f8a7e87955fb36245604"", ""failure_class"": ""force_threshold"", ""max_force_eV_A"": 0.2741814234693597, ""name"": ""bfgs_standard"", ""start_geometry_sha256"": ""ddf027fae27acde8a80f18684f0d7b3108f9ad2b5fed846a47e4d87559cfced3"", ""steps"": 100}, {""ase_converged"": false, ""converged"": false, ""end_geometry_sha256"": ""8e734b487820946f9f850c8be63562163c4dc0459001ae5b93a39af34e9a5ccf"", ""failure_class"": ""force_threshold"", ""max_force_eV_A"": 0.3406058768595568, ""name"": ""fire_precondition"", ""qualifying"": false, ""start_geometry_sha256"": ""ddf027fae27acde8a80f18684f0d7b3108f9ad2b5fed846a47e4d87559cfced3"", ""steps"": 50}, {""ase_converged"": true, ""converged"": true, ""end_geometry_sha256"": ""5da153dcd7c451092d853cca9ee48336f4d167d81c0eea5544e2e1497ab0411f"", ""failure_class"": null, ""max_force_eV_A"": 0.07897724431565104, ""name"": ""bfgs_after_fire"", ""start_geometry_sha256"": ""8e734b487820946f9f850c8be63562163c4dc0459001ae5b93a39af34e9a5ccf"", ""steps"": 128}]",5da153dcd7c451092d853cca9ee48336f4d167d81c0eea5544e2e1497ab0411f,-1.0343752734363043,True,0.0712776149014701,57.0,100.0,0.08,converged,,bfgs_standard,"[{""ase_converged"": true, ""converged"": true, ""end_geometry_sha256"": ""2afe9cc93815d8d973ac0f6d2965518979c4958fac1bef629a0e2dfe24eb9bc7"", ""failure_class"": null, ""max_force_eV_A"": 0.0712776149014701, ""name"": ""bfgs_standard"", ""start_geometry_sha256"": ""8dd7dd124a1e70b03adc756707636db8f77181aacc3fcdd27dd178cec0309303"", ""steps"": 57}]",2afe9cc93815d8d973ac0f6d2965518979c4958fac1bef629a0e2dfe24eb9bc7,0.42899699062109353,2.1179724586904047,step_4_H2O,10.0,-0.7569619513137056,True,1.9233477321267092,0.5775000000349999,False,quantitative_screening,1,1,fd4590ef7ecaf75ab875,False,
"('DAC', 'Y', 'Sc', 'N4P2', 'Phosphorene')",DAC,True,esen-sm-conserving-all-oc25:relax-v4:orr-che-v3,True,0.07282150187486106,117,150,0.08,converged,,bfgs_standard,"[{""ase_converged"": true, ""converged"": true, ""end_geometry_sha256"": ""55831b5c8ae706d0bd5034072dd78c01abce4f937360b7e981485cb500595479"", ""failure_class"": null, ""max_force_eV_A"": 0.07282150187486106, ""name"": ""bfgs_standard"", ""start_geometry_sha256"": ""5a7c3d0ed0a39ab7e3480e4773b7fe284e999bf45c14baee0585a3c3d0004be4"", ""steps"": 117}]",55831b5c8ae706d0bd5034072dd78c01abce4f937360b7e981485cb500595479,-135.45386680368622,True,0.06556766838764191,231.0,100.0,0.08,converged,,bfgs_after_fire,"[{""ase_converged"": false, ""converged"": false, ""end_geometry_sha256"": ""ebbea74bfa957b0d58edc8553c907fa2a6ce828b5206db2a407790516c14e05b"", ""failure_class"": ""force_threshold"", ""max_force_eV_A"": 0.15012269370278003, ""name"": ""bfgs_standard"", ""start_geometry_sha256"": ""26985be1e9c1bc3b4f7998a4ff41bed87fe41671238c8cf261bc08ff43df4acb"", ""steps"": 100}, {""ase_converged"": true, ""converged"": true, ""end_geometry_sha256"": ""4fa97605194d5ade770eb92402f5f7999ea4179fffe061d0106bce8425b9322f"", ""failure_class"": null, ""max_force_eV_A"": 0.20741994031909836, ""name"": ""fire_precondition"", ""qualifying"": false, ""start_geometry_sha256"": ""26985be1e9c1bc3b4f7998a4ff41bed87fe41671238c8cf261bc08ff43df4acb"", ""steps"": 27}, {""ase_converged"": true, ""converged"": true, ""end_geometry_sha256"": ""0c45d3a0c2d5672550536ea7eda3d225a85fc1a1e967008e63320d2b312be88f"", ""failure_class"": null, ""max_force_eV_A"": 0.06556766838764191, ""name"": ""bfgs_after_fire"", ""start_geometry_sha256"": ""4fa97605194d5ade770eb92402f5f7999ea4179fffe061d0106bce8425b9322f"", ""steps"": 104}]",0c45d3a0c2d5672550536ea7eda3d225a85fc1a1e967008e63320d2b312be88f,-1.1852595184743404,True,0.07257746017241722,238.0,100.0,0.08,converged,,bfgs_after_fire,"[{""ase_converged"": false, ""converged"": false, ""end_geometry_sha256"": ""ae5bdc8a7c43eb4ad69e7b27b6a790b23ee24eb78904bf05bdad6a28b1b48a7f"", ""failure_class"": ""force_threshold"", ""max_force_eV_A"": 0.12285865218481526, ""name"": ""bfgs_standard"", ""start_geometry_sha256"": ""7fc801aa3f1e9a3b25fa1860c0f1f1a119817cc7b13fb41b3a08f8e746e5ef79"", ""steps"": 100}, {""ase_converged"": true, ""converged"": true, ""end_geometry_sha256"": ""bbb84213bd4172714e069d63b77a508e4b6aeb617633b8ad681f714a0ec1f219"", ""failure_class"": null, ""max_force_eV_A"": 0.2346811993543647, ""name"": ""fire_precondition"", ""qualifying"": false, ""start_geometry_sha256"": ""7fc801aa3f1e9a3b25fa1860c0f1f1a119817cc7b13fb41b3a08f8e746e5ef79"", ""steps"": 41}, {""ase_converged"": true, ""converged"": true, ""end_geometry_sha256"": ""0d29196f6051b707fd9f6760e88fd40bbae1a24075b5372581ca3fa3c7d70f6c"", ""failure_class"": null, ""max_force_eV_A"": 0.07257746017241722, ""name"": ""bfgs_after_fire"", ""start_geometry_sha256"": ""bbb84213bd4172714e069d63b77a508e4b6aeb617633b8ad681f714a0ec1f219"", ""steps"": 97}]",0d29196f6051b707fd9f6760e88fd40bbae1a24075b5372581ca3fa3c7d70f6c,-1.4894252650439703,True,0.07330995437093045,60.0,100.0,0.08,converged,,bfgs_standard,"[{""ase_converged"": true, ""converged"": true, ""end_geometry_sha256"": ""433e0215b66021d39b6849ed58c31a19863b2351bd1769a0392cc89a5e406b43"", ""failure_class"": null, ""max_force_eV_A"": 0.07330995437093045, ""name"": ""bfgs_standard"", ""start_geometry_sha256"": ""3ed762da164a0c5a419cba091851302bda437957425790e41164c9ae810045aa"", ""steps"": 60}]",433e0215b66021d39b6849ed58c31a19863b2351bd1769a0392cc89a5e406b43,2.5492853626608882,2.4142595184743403,step_4_H2O,10.0,0.0,True,2.6746847835183107,0.5775000000349999,False,quantitative_screening,0,0,5556a82e43677dd5c823,False,
"('DAC', 'Y', 'Mn', 'C4N4', 'BN_sheet')",DAC,True,esen-sm-conserving-all-oc25:relax-v4:orr-che-v3,True,0.07945862538894641,85,150,0.08,converged,,bfgs_standard,"[{""ase_converged"": true, ""converged"": true, ""end_geometry_sha256"": ""f20fcfc43e14ed953619d6d4d6a843305c93d9ee30c25fb2516a68cb140bfefd"", ""failure_class"": null, ""max_force_eV_A"": 0.07945862538894641, ""name"": ""bfgs_standard"", ""start_geometry_sha256"": ""841ec35c3a892c53eaa372dc252cb0de4d0197052685ce7b12b14b6d97ce3c59"", ""steps"": 85}]",f20fcfc43e14ed953619d6d4d6a843305c93d9ee30c25fb2516a68cb140bfefd,-135.86469909274896,True,0.07787632024844865,67.0,100.0,0.08,converged,,bfgs_standard,"[{""ase_converged"": true, ""converged"": true, ""end_geometry_sha256"": ""4ebf4be45231f0730970443ef54ef72f96ebde1f9f833dd796cc9fa07dd10b3f"", ""failure_class"": null, ""max_force_eV_A"": 0.07787632024844865, ""name"": ""bfgs_standard"", ""start_geometry_sha256"": ""158a8e8e5ae3c8655b2e2c8953474aebd5c62176d36ae1241db65c2630b705f8"", ""steps"": 67}]",4ebf4be45231f0730970443ef54ef72f96ebde1f9f833dd796cc9fa07dd10b3f,-1.2808501099050045,True,0.0776083628167881,92.0,100.0,0.08,converged,,bfgs_standard,"[{""ase_converged"": true, ""converged"": true, ""end_geometry_sha256"": ""b97bf843a1e6424c5c003a09cc544d12b86c59b116d774bd43fa193956eb085b"", ""failure_class"": null, ""max_force_eV_A"": 0.0776083628167881, ""name"": ""bfgs_standard"", ""start_geometry_sha256"": ""f5963beb54e2176df0905c699bb2909d95ec93f339480626ff6a22641da36bce"", ""steps"": 92}]",b97bf843a1e6424c5c003a09cc544d12b86c59b116d774bd43fa193956eb085b,-1.4874354235827887,True,0.07852453132908511,366.0,100.0,0.08,converged,,fire_small_step,"[{""ase_converged"": false, ""converged"": false, ""end_geometry_sha256"": ""265130e6cdd8fb06ec0c8e224f24c9a5ea3e411954872a755d93a26b3d1f7c2c"", ""failure_class"": ""force_threshold"", ""max_force_eV_A"": 0.20579071178681604, ""name"": ""bfgs_standard"", ""start_geometry_sha256"": ""6063a7d4581485947947401f552638da2b924f641494e22c925114e4448905e9"", ""steps"": 100}, {""ase_converged"": false, ""converged"": false, ""end_geometry_sha256"": ""260c2cf9aaf7d9a0d5d409529cce3bf4e4af04549300948b3c82b311bcba9b72"", ""failure_class"": ""force_threshold"", ""max_force_eV_A"": 0.26492710774533074, ""name"": ""fire_precondition"", ""qualifying"": false, ""start_geometry_sha256"": ""6063a7d4581485947947401f552638da2b924f641494e22c925114e4448905e9"", ""steps"": 50}, {""ase_converged"": false, ""converged"": false, ""end_geometry_sha256"": ""fc7ae4a08eea11749619d748edaf028737575ad389483474f83fc272269bccc1"", ""failure_class"": ""force_threshold"", ""max_force_eV_A"": 0.1386847055608121, ""name"": ""bfgs_after_fire"", ""start_geometry_sha256"": ""260c2cf9aaf7d9a0d5d409529cce3bf4e4af04549300948b3c82b311bcba9b72"", ""steps"": 200}, {""ase_converged"": true, ""converged"": true, ""end_geometry_sha256"": ""e17db55ecb00379b813f03f8e737b2bfa778eaada2fd3a48dd943034cc87e94c"", ""failure_class"": null, ""max_force_eV_A"": 0.07852453132908511, ""name"": ""fire_small_step"", ""start_geometry_sha256"": ""fc7ae4a08eea11749619d748edaf028737575ad389483474f83fc272269bccc1"", ""steps"": 16}]",e17db55ecb00379b813f03f8e737b2bfa778eaada2fd3a48dd943034cc87e94c,-1.567820598185059,2.5098501099050043,step_4_H2O,9.0,0.0,True,2.768285533487793,0.5775000000349999,False,quantitative_screening,1,1,cbac7001d760908227aa,False,
"('DAC', 'Y', 'Nb', 'N6', 'N-carbon_black')",DAC,True,esen-sm-conserving-all-oc25:relax-v4:orr-che-v3,True,0.07687318981951155,403,150,0.08,converged,,bfgs_after_fire,"[{""ase_converged"": false, ""converged"": false, ""end_geometry_sha256"": ""a0858e49625cdea5c858c60c1e47128ff96e93a3039e927b15c6f522906c81f6"", ""failure_class"": ""force_threshold"", ""max_force_eV_A"": 0.15275023618471914, ""name"": ""bfgs_standard"", ""start_geometry_sha256"": ""176ebf6c9f334c44caef24f921ed0c5be299607c93ba2cd694856a312b1ba920"", ""steps"": 150}, {""ase_converged"": false, ""converged"": false, ""end_geometry_sha256"": ""d21e9df1cacb4f75895337ba8b712cb5a9a8a73dc8f56b8d250327fa5cf795a7"", ""failure_class"": ""force_threshold"", ""max_force_eV_A"": 0.8706209181265382, ""name"": ""fire_precondition"", ""qualifying"": false, ""start_geometry_sha256"": ""176ebf6c9f334c44caef24f921ed0c5be299607c93ba2cd694856a312b1ba920"", ""steps"": 75}, {""ase_converged"": true, ""converged"": true, ""end_geometry_sha256"": ""e6b39f2c79e1aae05be68142e03a65970029334a225f115ec540f27c5b7b8449"", ""failure_class"": null, ""max_force_eV_A"": 0.07687318981951155, ""name"": ""bfgs_after_fire"", ""start_geometry_sha256"": ""d21e9df1cacb4f75895337ba8b712cb5a9a8a73dc8f56b8d250327fa5cf795a7"", ""steps"": 178}]",e6b39f2c79e1aae05be68142e03a65970029334a225f115ec540f27c5b7b8449,-158.40814661114837,True,0.06785821123568954,222.0,100.0,0.08,converged,,bfgs_after_fire,"[{""ase_converged"": false, ""converged"": false, ""end_geometry_sha256"": ""5f4203b8e7aac866acf5d398d759b6650e25e5c3c5a7dbed21ba1565d5987dac"", ""failure_class"": ""force_threshold"", ""max_force_eV_A"": 0.2048891261056082, ""name"": ""bfgs_standard"", ""start_geometry_sha256"": ""cce0e2471af0ec3c128c13c1617a19d534c77550d67c25c61ae396e77d4f2e24"", ""steps"": 100}, {""ase_converged"": true, ""converged"": true, ""end_geometry_sha256"": ""cc70d75e771d4e2e40a51b50eeb154206a588615e1b946935d69f1f1ac292ff7"", ""failure_class"": null, ""max_force_eV_A"": 0.24506912082161433, ""name"": ""fire_precondition"", ""qualifying"": false, ""start_geometry_sha256"": ""cce0e2471af0ec3c128c13c1617a19d534c77550d67c25c61ae396e77d4f2e24"", ""steps"": 30}, {""ase_converged"": true, ""converged"": true, ""end_geometry_sha256"": ""94e45e86e3afde4747a9f57cd303b8f93c8f7cde69eee86099158ed4a7d89b47"", ""failure_class"": null, ""max_force_eV_A"": 0.06785821123568954, ""name"": ""bfgs_after_fire"", ""start_geometry_sha256"": ""cc70d75e771d4e2e40a51b50eeb154206a588615e1b946935d69f1f1ac292ff7"", ""steps"": 92}]",94e45e86e3afde4747a9f57cd303b8f93c8f7cde69eee86099158ed4a7d89b47,-0.9561006401479244,True,0.06626168550864185,206.0,100.0,0.08,converged,,bfgs_after_fire,"[{""ase_converged"": false, ""converged"": false, ""end_geometry_sha256"": ""32a41cd57cfcc89d8f746d87bf986aaba4930d97a3e4e3a52c6c18e34527e886"", ""failure_class"": ""force_threshold"", ""max_force_eV_A"": 0.1512650927909867, ""name"": ""bfgs_standard"", ""start_geometry_sha256"": ""e160547e92158dc860d1be50ae5db836389b14db2addef09373f0551c44fc26c"", ""steps"": 100}, {""ase_converged"": false, ""converged"": false, ""end_geometry_sha256"": ""4b5664260e3dfa95e39fea07b4f53e2d9b47d43e54493087a1523c4c8e8d1d9a"", ""failure_class"": ""force_threshold"", ""max_force_eV_A"": 0.5817539673160668, ""name"": ""fire_precondition"", ""qualifying"": false, ""start_geometry_sha256"": ""e160547e92158dc860d1be50ae5db836389b14db2addef09373f0551c44fc26c"", ""steps"": 50}, {""ase_converged"": true, ""converged"": true, ""end_geometry_sha256"": ""7dbc9e8bac043f845e4e3f86de6223b17fb4bc479be70a254b3caee6061d7aee"", ""failure_class"": null, ""max_force_eV_A"": 0.06626168550864185, ""name"": ""bfgs_after_fire"", ""start_geometry_sha256"": ""4b5664260e3dfa95e39fea07b4f53e2d9b47d43e54493087a1523c4c8e8d1d9a"", ""steps"": 56}]",7dbc9e8bac043f845e4e3f86de6223b17fb4bc479be70a254b3caee6061d7aee,-0.6907931201159918,True,0.06726286082005623,217.0,100.0,0.08,converged,,bfgs_after_fire,"[{""ase_converged"": false, ""converged"": false, ""end_geometry_sha256"": ""32c15f9766b2d269bf4620ca2b5bebb2324f0736a6783b4037e4493bc32688fa"", ""failure_class"": ""force_threshold"", ""max_force_eV_A"": 0.5472380581187145, ""name"": ""bfgs_standard"", ""start_geometry_sha256"": ""053a2afe8864ab9ba8db061b9b08130360d2677c7e32fef4b56c006ab27e4ea0"", ""steps"": 100}, {""ase_converged"": true, ""converged"": true, ""end_geometry_sha256"": ""7d636b5c5960f27b970e406fe05e0e0f5d20e9c1c1dbca7e25f2beecb1e111c9"", ""failure_class"": null, ""max_force_eV_A"": 0.24202769231301227, ""name"": ""fire_precondition"", ""qualifying"": false, ""start_geometry_sha256"": ""053a2afe8864ab9ba8db061b9b08130360d2677c7e32fef4b56c006ab27e4ea0"", ""steps"": 49}, {""ase_converged"": true, ""converged"": true, ""end_geometry_sha256"": ""23ad08fa688f9bee8c249e41eb7966768b41db50e3c5d97df8bd24c6de17b532"", ""failure_class"": null, ""max_force_eV_A"": 0.06726286082005623, ""name"": ""bfgs_after_fire"", ""start_geometry_sha256"": ""7d636b5c5960f27b970e406fe05e0e0f5d20e9c1c1dbca7e25f2beecb1e111c9"", ""steps"": 68}]",23ad08fa688f9bee8c249e41eb7966768b41db50e3c5d97df8bd24c6de17b532,3.111810635030273,2.1851006401479243,step_4_H2O,10.0,0.0,True,1.6468937602639162,0.5775000000349999,False,quantitative_screening,0,0,10ee9672f8ef7dc6c565,False,
"('DAC', 'Y', 'Pd', 'N3SN3', 'N-graphene')",DAC,True,esen-sm-conserving-all-oc25:relax-v4:orr-che-v3,True,0.06917763012296003,99,150,0.08,converged,,bfgs_standard,"[{""ase_converged"": true, ""converged"": true, ""end_geometry_sha256"": ""4d681262014763488947260d8cfca048fb9df4bc89231cf57a4d27dd82d1c5bc"", ""failure_class"": null, ""max_force_eV_A"": 0.06917763012296003, ""name"": ""bfgs_standard"", ""start_geometry_sha256"": ""e14f04bb6ed15b0f549d383fe3ff7a4dcd63bf05a8063b8db5289f5439e9670f"", ""steps"": 99}]",4d681262014763488947260d8cfca048fb9df4bc89231cf57a4d27dd82d1c5bc,-150.8059719261425,True,0.06798817377918512,323.0,100.0,0.08,converged,,bfgs_after_fire,"[{""ase_converged"": false, ""converged"": false, ""end_geometry_sha256"": ""cdf861f41f3340d2fb947ae2cb38b728b6825a84752b1928e237ce8f4f0421ee"", ""failure_class"": ""force_threshold"", ""max_force_eV_A"": 0.10727618590579917, ""name"": ""bfgs_standard"", ""start_geometry_sha256"": ""f6262c5410f7b1c737e56662238a123a48e3abf96d06e46568bea6af47b6031f"", ""steps"": 100}, {""ase_converged"": true, ""converged"": true, ""end_geometry_sha256"": ""19bd98a53a6c905cd9a7e972f1bbc096f05572a39271743fdab696b49a5d82a7"", ""failure_class"": null, ""max_force_eV_A"": 0.2432523090396614, ""name"": ""fire_precondition"", ""qualifying"": false, ""start_geometry_sha256"": ""f6262c5410f7b1c737e56662238a123a48e3abf96d06e46568bea6af47b6031f"", ""steps"": 25}, {""ase_converged"": true, ""converged"": true, ""end_geometry_sha256"": ""fd67b526f19c8cf7fd330f661fcfc1331cb2ed39154d588dd908e712a4c78e37"", ""failure_class"": null, ""max_force_eV_A"": 0.06798817377918512, ""name"": ""bfgs_after_fire"", ""start_geometry_sha256"": ""19bd98a53a6c905cd9a7e972f1bbc096f05572a39271743fdab696b49a5d82a7"", ""steps"": 198}]",fd67b526f19c8cf7fd330f661fcfc1331cb2ed39154d588dd908e712a4c78e37,-1.612218079417944,True,0.0770951018432906,194.0,100.0,0.08,converged,,bfgs_after_fire,"[{""ase_converged"": false, ""converged"": false, ""end_geometry_sha256"": ""fb5be206a5bb0f98ddc3442ce3bd72efffe398010f19207334bfd9400ce40415"", ""failure_class"": ""force_threshold"", ""max_force_eV_A"": 0.26142857226120775, ""name"": ""bfgs_standard"", ""start_geometry_sha256"": ""bd92a383a92d8b3a344025d624fbbb87987429e6f10510b82ae20895f8bc1178"", ""steps"": 100}, {""ase_converged"": true, ""converged"": true, ""end_geometry_sha256"": ""9d111f4bb478c780eb67238bacecb670927377a7c83d8187cf97729e70d916fd"", ""failure_class"": null, ""max_force_eV_A"": 0.24422291697462506, ""name"": ""fire_precondition"", ""qualifying"": false, ""start_geometry_sha256"": ""bd92a383a92d8b3a344025d624fbbb87987429e6f10510b82ae20895f8bc1178"", ""steps"": 18}, {""ase_converged"": true, ""converged"": true, ""end_geometry_sha256"": ""29ffc160c8341ff34711d2fedc8d763b4e2a597cf807fc507621694d14c78334"", ""failure_class"": null, ""max_force_eV_A"": 0.0770951018432906, ""name"": ""bfgs_after_fire"", ""start_geometry_sha256"": ""9d111f4bb478c780eb67238bacecb670927377a7c83d8187cf97729e70d916fd"", ""steps"": 76}]",29ffc160c8341ff34711d2fedc8d763b4e2a597cf807fc507621694d14c78334,1.0845636494457758,True,0.07237339305535516,44.0,100.0,0.08,converged,,bfgs_standard,"[{""ase_converged"": true, ""converged"": true, ""end_geometry_sha256"": ""894622311ddf1659ae3cc6717968ba10342780c9e3f66e7615b66f7f1d26bc21"", ""failure_class"": null, ""max_force_eV_A"": 0.07237339305535516, ""name"": ""bfgs_standard"", ""start_geometry_sha256"": ""836226aba54e9fa5ee860d1fa09328a6e0acafec1a0d9b8b61cd3b3bd3782ea8"", ""steps"": 44}]",894622311ddf1659ae3cc6717968ba10342780c9e3f66e7615b66f7f1d26bc21,4.084482143819336,2.841218079417944,step_4_H2O,10.0,-2.0,True,2.6967817288637197,0.5775000000349999,False,quantitative_screening,2,2,ec3bfcc7e0898af5837e,False,
"('DAC', 'Y', 'Ag', 'N4O2', 'Phosphorene')",DAC,True,esen-sm-conserving-all-oc25:relax-v4:orr-che-v3,True,0.0770412334432128,373,150,0.08,converged,,bfgs_after_fire,"[{""ase_converged"": false, ""converged"": false, ""end_geometry_sha256"": ""19c7b766dbaea00cba38ee38f1f854b997ce67778f3a94bcb87ef0b1e1bebae1"", ""failure_class"": ""force_threshold"", ""max_force_eV_A"": 0.1581185186773086, ""name"": ""bfgs_standard"", ""start_geometry_sha256"": ""3c15e36a0b99119cfdc338bbbf206618e1c512674bf935914bd0b52efa377f97"", ""steps"": 150}, {""ase_converged"": false, ""converged"": false, ""end_geometry_sha256"": ""23827bb0b1b38fb3d4803d2ca9f7cca9600ba12981527626b58095a68aab64e6"", ""failure_class"": ""force_threshold"", ""max_force_eV_A"": 2.3701097231876282, ""name"": ""fire_precondition"", ""qualifying"": false, ""start_geometry_sha256"": ""3c15e36a0b99119cfdc338bbbf206618e1c512674bf935914bd0b52efa377f97"", ""steps"": 75}, {""ase_converged"": true, ""converged"": true, ""end_geometry_sha256"": ""4fa297614a1a12b0bf4c877985edebc5a0bc841b4928dbfdc1b9cacaa6c73d6a"", ""failure_class"": null, ""max_force_eV_A"": 0.0770412334432128, ""name"": ""bfgs_after_fire"", ""start_geometry_sha256"": ""23827bb0b1b38fb3d4803d2ca9f7cca9600ba12981527626b58095a68aab64e6"", ""steps"": 148}]",4fa297614a1a12b0bf4c877985edebc5a0bc841b4928dbfdc1b9cacaa6c73d6a,-129.3598352332082,True,0.0769013994913926,83.0,100.0,0.08,converged,,bfgs_standard,"[{""ase_converged"": true, ""converged"": true, ""end_geometry_sha256"": ""96f5086cc939a3e75855aad8e885f479a4d466b9dfa3d75d5bf063f8e5440941"", ""failure_class"": null, ""max_force_eV_A"": 0.0769013994913926, ""name"": ""bfgs_standard"", ""start_geometry_sha256"": ""6f5aef477b5cd9001099cac5fc2e8b0146ff70ee7853a99dea7f1d2cb2bb1791"", ""steps"": 83}]",96f5086cc939a3e75855aad8e885f479a4d466b9dfa3d75d5bf063f8e5440941,-0.8712856148183346,True,0.07591160101798267,65.0,100.0,0.08,converged,,bfgs_standard,"[{""ase_converged"": true, ""converged"": true, ""end_geometry_sha256"": ""6dbfb86da6ce6f7f7582a0d214a549a6c54cd5c3f78929530d5623e51ae70feb"", ""failure_class"": null, ""max_force_eV_A"": 0.07591160101798267, ""name"": ""bfgs_standard"", ""start_geometry_sha256"": ""4989dd486f622eb89925fce83704c8c813a2f1432b2560bb424e759f9c9e3f2a"", ""steps"": 65}]",6dbfb86da6ce6f7f7582a0d214a549a6c54cd5c3f78929530d5623e51ae70feb,-1.6600676409900152,True,0.058488043632538816,89.0,100.0,0.08,converged,,bfgs_standard,"[{""ase_converged"": true, ""converged"": true, ""end_geometry_sha256"": ""aeef085a431ad0a8a433e3dd3a155bf2a36f1817df1b0300ef115eb1f5ec1042"", ""failure_class"": null, ""max_force_eV_A"": 0.058488043632538816, ""name"": ""bfgs_standard"", ""start_geometry_sha256"": ""0117a6466f3d4640df359ed4c37780627bc4ff915fe4ae2b3bf82c42825c14c7"", ""steps"": 89}]",aeef085a431ad0a8a433e3dd3a155bf2a36f1817df1b0300ef115eb1f5ec1042,2.3866276249289546,2.1002856148183344,step_4_H2O,10.0,-1.6064247967304126,True,2.53135325580835,0.5775000000349999,False,quantitative_screening,1,1,aee4b150a452299cec60,False,
"('DAC', 'Y', 'Pt', 'N3SN3', 'N-mesoporous_carbon')",DAC,True,esen-sm-conserving-all-oc25:relax-v4:orr-che-v3,True,0.06505902325180331,321,150,0.08,converged,,bfgs_after_fire,"[{""ase_converged"": false, ""converged"": false, ""end_geometry_sha256"": ""a00ddac5a072cdd0c987270a82be909a88657c1102157f10d5fcb10b4809c2b5"", ""failure_class"": ""force_threshold"", ""max_force_eV_A"": 0.17804570257038374, ""name"": ""bfgs_standard"", ""start_geometry_sha256"": ""a50cbb1ec7a5f35b90407d737e9eebded83e8f45a2c58a2c567bad76b8c09148"", ""steps"": 150}, {""ase_converged"": false, ""converged"": false, ""end_geometry_sha256"": ""188d1dc49a8fdf5fa2dd3ace45563d12601f50f9de5eb0e65c9da3ba6f5cb116"", ""failure_class"": ""force_threshold"", ""max_force_eV_A"": 0.8591869198430899, ""name"": ""fire_precondition"", ""qualifying"": false, ""start_geometry_sha256"": ""a50cbb1ec7a5f35b90407d737e9eebded83e8f45a2c58a2c567bad76b8c09148"", ""steps"": 75}, {""ase_converged"": true, ""converged"": true, ""end_geometry_sha256"": ""ca769c4f20c2a5c6b1be0a1c23457fc22d837f055010d6547f8f8facd0b8dc20"", ""failure_class"": null, ""max_force_eV_A"": 0.06505902325180331, ""name"": ""bfgs_after_fire"", ""start_geometry_sha256"": ""188d1dc49a8fdf5fa2dd3ace45563d12601f50f9de5eb0e65c9da3ba6f5cb116"", ""steps"": 96}]",ca769c4f20c2a5c6b1be0a1c23457fc22d837f055010d6547f8f8facd0b8dc20,-152.13565415826645,True,0.07913312207437874,315.0,100.0,0.08,converged,,bfgs_after_fire,"[{""ase_converged"": false, ""converged"": false, ""end_geometry_sha256"": ""2a0f7b241cf10d73034e8bbeba118ff2b7335b466b184536e1709294f1ebda5d"", ""failure_class"": ""force_threshold"", ""max_force_eV_A"": 0.10800545590945423, ""name"": ""bfgs_standard"", ""start_geometry_sha256"": ""b89a1bb796c99dbeac8874eb8c9b21d95ef1917ccca99ac9d8ee6257b578d89e"", ""steps"": 100}, {""ase_converged"": true, ""converged"": true, ""end_geometry_sha256"": ""b9e68eca60aa4359918fe0ab1502da4dc72b34024d44c02e0f48d024744a4d98"", ""failure_class"": null, ""max_force_eV_A"": 0.24408463930006843, ""name"": ""fire_precondition"", ""qualifying"": false, ""start_geometry_sha256"": ""b89a1bb796c99dbeac8874eb8c9b21d95ef1917ccca99ac9d8ee6257b578d89e"", ""steps"": 28}, {""ase_converged"": true, ""converged"": true, ""end_geometry_sha256"": ""fc84ac8c981350892144adc6c4b5b08901fad8c3d278546f858599dc1801d79d"", ""failure_class"": null, ""max_force_eV_A"": 0.07913312207437874, ""name"": ""bfgs_after_fire"", ""start_geometry_sha256"": ""b9e68eca60aa4359918fe0ab1502da4dc72b34024d44c02e0f48d024744a4d98"", ""steps"": 187}]",fc84ac8c981350892144adc6c4b5b08901fad8c3d278546f858599dc1801d79d,-1.5265657280385494,True,0.0755275278722947,44.0,100.0,0.08,converged,,bfgs_standard,"[{""ase_converged"": true, ""converged"": true, ""end_geometry_sha256"": ""c0e94448ade8261125afb6939db46e7e6c3c97e8eeadee2397a1fbb8ab40964e"", ""failure_class"": null, ""max_force_eV_A"": 0.0755275278722947, ""name"": ""bfgs_standard"", ""start_geometry_sha256"": ""ec117a6fd9c6e15634e206d73d35123f9d87a6f20aaccb2954c245300ccc9aaa"", ""steps"": 44}]",c0e94448ade8261125afb6939db46e7e6c3c97e8eeadee2397a1fbb8ab40964e,3.4109071858227287,True,0.07608385302605673,80.0,100.0,0.08,converged,,bfgs_standard,"[{""ase_converged"": true, ""converged"": true, ""end_geometry_sha256"": ""f4d6e8b7c33baef9fd60b4d2c2b25cc5fea92ee90b42c66e79e330e17279015b"", ""failure_class"": null, ""max_force_eV_A"": 0.07608385302605673, ""name"": ""bfgs_standard"", ""start_geometry_sha256"": ""2a44ab3ca145b144df6627f0c3a72e32907dbb025698ad9926b91c54dea123d3"", ""steps"": 80}]",f4d6e8b7c33baef9fd60b4d2c2b25cc5fea92ee90b42c66e79e330e17279015b,3.9533824428916016,2.7555657280385493,step_4_H2O,10.0,-2.0,True,4.937472913861278,0.5775000000349999,False,quantitative_screening,2,2,857e5e7b10c4b0c0f207,False,
"('MOF', 'Y', 'TCPP', 'N3P', 8.0)",MOF,False,esen-sm-conserving-all-oc25:relax-v4:orr-che-v3,False,3.694524932042986,975,150,0.08,recovery_exhausted,force_threshold,bfgs_standard,"[{""ase_converged"": false, ""converged"": false, ""end_geometry_sha256"": ""3b62cced8e482c80ee617a5f48a204a1c2f2aace608e2d2492e51fc2e650bbaf"", ""failure_class"": ""force_threshold"", ""max_force_eV_A"": 3.694524932042986, ""name"": ""bfgs_standard"", ""start_geometry_sha256"": ""f8d9b5f920f3c6b3126bc7f38ee697089abc2ef60b65ab298adcf1be737ee0fa"", ""steps"": 150}, {""ase_converged"": false, ""converged"": false, ""end_geometry_sha256"": ""755f101ca86bafe5357a8069fe3d29082b5deea7a22513e5bc8718d77795dd4a"", ""failure_class"": ""force_threshold"", ""max_force_eV_A"": 11.316133143233527, ""name"": ""fire_precondition"", ""qualifying"": false, ""start_geometry_sha256"": ""f8d9b5f920f3c6b3126bc7f38ee697089abc2ef60b65ab298adcf1be737ee0fa"", ""steps"": 75}, {""ase_converged"": false, ""converged"": false, ""end_geometry_sha256"": ""f152f255d6d93a55aed8d65fc0dd816b4f0eb513867d7457f8cec2bcdc4e551d"", ""failure_class"": ""force_threshold"", ""max_force_eV_A"": 507.843992969173, ""name"": ""bfgs_after_fire"", ""start_geometry_sha256"": ""755f101ca86bafe5357a8069fe3d29082b5deea7a22513e5bc8718d77795dd4a"", ""steps"": 300}, {""ase_converged"": false, ""converged"": false, ""end_geometry_sha256"": ""09a886d3c4bc6f2a19dd93b6594ddd9939ed9c0e5ddb47236a9394f3d826012a"", ""failure_class"": ""force_threshold"", ""max_force_eV_A"": 4.179433531175301, ""name"": ""fire_small_step"", ""start_geometry_sha256"": ""3b62cced8e482c80ee617a5f48a204a1c2f2aace608e2d2492e51fc2e650bbaf"", ""steps"": 450}]",3b62cced8e482c80ee617a5f48a204a1c2f2aace608e2d2492e51fc2e650bbaf,,,,,,,,,,,,,,,,,,,,,,,,,,,,,,,,,,,,,,,,,,True,validation_required,1,1,6d57835d03de6ad0f196,False,Unconverged clean relaxation: max_force=3.69452 eV/A after 975 cumulative recovery steps
"('MOF', 'Y', 'BTB', 'S4', 10.0)",MOF,True,esen-sm-conserving-all-oc25:relax-v4:orr-che-v3,True,0.07908100117254338,46,150,0.08,converged,,bfgs_standard,"[{""ase_converged"": true, ""converged"": true, ""end_geometry_sha256"": ""8397ce01dbe4fc3cf62e884c38436f99d8ce6e20b6b281b761f7768ac305ac25"", ""failure_class"": null, ""max_force_eV_A"": 0.07908100117254338, ""name"": ""bfgs_standard"", ""start_geometry_sha256"": ""a9feb9bd60e88717cd0cb9ab32d7c29fc4f833bdbb0ea139ec3382fa0b32b9e0"", ""steps"": 46}]",8397ce01dbe4fc3cf62e884c38436f99d8ce6e20b6b281b761f7768ac305ac25,-135.01844687497342,True,0.07767628040905136,33.0,100.0,0.08,converged,,bfgs_standard,"[{""ase_converged"": true, ""converged"": true, ""end_geometry_sha256"": ""dfb15a7117d4dc55d27d768ab7432c5b8edf488cd927377d22134f39d16208f5"", ""failure_class"": null, ""max_force_eV_A"": 0.07767628040905136, ""name"": ""bfgs_standard"", ""start_geometry_sha256"": ""ba80f7bf4683a521f64a71bb823fc8e26abd588824fe2b2cab3f4971d2412b12"", ""steps"": 33}]",dfb15a7117d4dc55d27d768ab7432c5b8edf488cd927377d22134f39d16208f5,2.087283077389002,True,0.06248595060426402,33.0,100.0,0.08,converged,,bfgs_standard,"[{""ase_converged"": true, ""converged"": true, ""end_geometry_sha256"": ""7d27104d99c19956c5d809162d6f78f092d9d9a24fb3d191722b33a5e408d623"", ""failure_class"": null, ""max_force_eV_A"": 0.06248595060426402, ""name"": ""bfgs_standard"", ""start_geometry_sha256"": ""a0743501d3991221a6b7bf020a60e920748fb33fd4e227f51b42b1cb291cab92"", ""steps"": 33}]",7d27104d99c19956c5d809162d6f78f092d9d9a24fb3d191722b33a5e408d623,3.039568699151281,True,0.0666394185571618,70.0,100.0,0.08,converged,,bfgs_standard,"[{""ase_converged"": true, ""converged"": true, ""end_geometry_sha256"": ""c1793ed9cb637d6581d28bb3447596f40050f9e7e289be3b792a2db54ae459c3"", ""failure_class"": null, ""max_force_eV_A"": 0.0666394185571618, ""name"": ""bfgs_standard"", ""start_geometry_sha256"": ""debbca92a2b0bec55ede1bd1b8c386af5fa8b1c8ad52940930dc451a95c93a0b"", ""steps"": 70}]",c1793ed9cb637d6581d28bb3447596f40050f9e7e289be3b792a2db54ae459c3,4.829233001172547,1.138233001172547,step_1_OOH,10.0,0.0,True,5.126851776540283,0.480000000035,True,quantitative_screening,0,0,2e672d0c6cbf5531cca0,False,
"('MOF', 'Zr', 'BTC', 'O6', 16.0)",MOF,True,esen-sm-conserving-all-oc25:relax-v4:orr-che-v3,True,0.07142972005893372,319,150,0.08,converged,,bfgs_after_fire,"[{""ase_converged"": false, ""converged"": false, ""end_geometry_sha256"": ""4579b14d2565f70f313275a2cd975a4e00b2cb9bd42361a45af5ae93ec31fe53"", ""failure_class"": ""force_threshold"", ""max_force_eV_A"": 0.6462806680235161, ""name"": ""bfgs_standard"", ""start_geometry_sha256"": ""534b7dc4bd5dd4d294c77d82509fbc675375529ba32b280a84df7380d104904e"", ""steps"": 150}, {""ase_converged"": false, ""converged"": false, ""end_geometry_sha256"": ""bc5b102474c17de00790b5bfc20d5b5f387b2bc330ddbf55883636130fa6c0aa"", ""failure_class"": ""force_threshold"", ""max_force_eV_A"": 5.49836492166565, ""name"": ""fire_precondition"", ""qualifying"": false, ""start_geometry_sha256"": ""534b7dc4bd5dd4d294c77d82509fbc675375529ba32b280a84df7380d104904e"", ""steps"": 75}, {""ase_converged"": true, ""converged"": true, ""end_geometry_sha256"": ""db5e7812d96679793cb41074735e76e0faa846fc18bb67553625bc9830a6217c"", ""failure_class"": null, ""max_force_eV_A"": 0.07142972005893372, ""name"": ""bfgs_after_fire"", ""start_geometry_sha256"": ""bc5b102474c17de00790b5bfc20d5b5f387b2bc330ddbf55883636130fa6c0aa"", ""steps"": 94}]",db5e7812d96679793cb41074735e76e0faa846fc18bb67553625bc9830a6217c,-135.90790521522592,True,0.07186807817585003,57.0,100.0,0.08,converged,,bfgs_standard,"[{""ase_converged"": true, ""converged"": true, ""end_geometry_sha256"": ""0218ca3debd9824da5a461b66e32bffff523cac31b89d0559afd1b2978eb6116"", ""failure_class"": null, ""max_force_eV_A"": 0.07186807817585003, ""name"": ""bfgs_standard"", ""start_geometry_sha256"": ""21b449a8ebab6a8ad173005bf947f6a03dffe9225fa14dd064b0306902093fe9"", ""steps"": 57}]",0218ca3debd9824da5a461b66e32bffff523cac31b89d0559afd1b2978eb6116,-1.3206136201322078,True,0.07573651102552031,55.0,100.0,0.08,converged,,bfgs_standard,"[{""ase_converged"": true, ""converged"": true, ""end_geometry_sha256"": ""0324a6e058c1abe1bc23bb33d279eb2fa5aa8c1351b3c28fd63628715ae68fc7"", ""failure_class"": null, ""max_force_eV_A"": 0.07573651102552031, ""name"": ""bfgs_standard"", ""start_geometry_sha256"": ""61949274b85fda4fc78eaa84c90d713b08fb36eb52de3d30a9cf7629fdb28572"", ""steps"": 55}]",0324a6e058c1abe1bc23bb33d279eb2fa5aa8c1351b3c28fd63628715ae68fc7,-1.2751811377704108,True,0.07538152078830401,64.0,100.0,0.08,converged,,bfgs_standard,"[{""ase_converged"": true, ""converged"": true, ""end_geometry_sha256"": ""b589e789317d476d132423c3a2515835c532bc3eb6f1b991ca176fabfb633106"", ""failure_class"": null, ""max_force_eV_A"": 0.07538152078830401, ""name"": ""bfgs_standard"", ""start_geometry_sha256"": ""a536ddf4ea4af4f015b118ffc132da1a4ee87b13119a0bd29e13101881dffafa"", ""steps"": 64}]",b589e789317d476d132423c3a2515835c532bc3eb6f1b991ca176fabfb633106,1.991712044179443,2.5496136201322077,step_4_H2O,10.0,0.0,True,2.5957947579026186,0.480000000035,True,quantitative_screening,0,0,701d62e05064a7b8946a,False,
"('MOF', 'Zr', 'Porphyrin', 'N2O2', 30.0)",MOF,True,esen-sm-conserving-all-oc25:relax-v4:orr-che-v3,True,0.07927011619793724,739,150,0.08,converged,,fire_small_step,"[{""ase_converged"": false, ""converged"": false, ""end_geometry_sha256"": ""0fd3d39ce0d22197b428f5a99f5bcf6c2926caf981dee22fdcd07e15952fbd7c"", ""failure_class"": ""force_threshold"", ""max_force_eV_A"": 1.1925026308234805, ""name"": ""bfgs_standard"", ""start_geometry_sha256"": ""2d7155dfd40ee8238835a7c42515a40ceb27da0fbe74525d1d70c1df98745f99"", ""steps"": 150}, {""ase_converged"": false, ""converged"": false, ""end_geometry_sha256"": ""45accd4927f4d779d130363a6d6b032c6750d13d47fda3f8b828c04f89d4d8e4"", ""failure_class"": ""force_threshold"", ""max_force_eV_A"": 0.9449174242717516, ""name"": ""fire_precondition"", ""qualifying"": false, ""start_geometry_sha256"": ""2d7155dfd40ee8238835a7c42515a40ceb27da0fbe74525d1d70c1df98745f99"", ""steps"": 75}, {""ase_converged"": false, ""converged"": false, ""end_geometry_sha256"": ""2eeb6c2285a2bb255a8e76041e2a7296a0c675c5a4e518fb346146ba55cd99ad"", ""failure_class"": ""force_threshold"", ""max_force_eV_A"": 0.35471138318531215, ""name"": ""bfgs_after_fire"", ""start_geometry_sha256"": ""45accd4927f4d779d130363a6d6b032c6750d13d47fda3f8b828c04f89d4d8e4"", ""steps"": 300}, {""ase_converged"": true, ""converged"": true, ""end_geometry_sha256"": ""004ad7222bf6159aed2e3545e67af37684ff4afa752d3bf23758fe16c2432bfc"", ""failure_class"": null, ""max_force_eV_A"": 0.07927011619793724, ""name"": ""fire_small_step"", ""start_geometry_sha256"": ""2eeb6c2285a2bb255a8e76041e2a7296a0c675c5a4e518fb346146ba55cd99ad"", ""steps"": 214}]",004ad7222bf6159aed2e3545e67af37684ff4afa752d3bf23758fe16c2432bfc,-189.17672861253516,True,0.07740762181973485,257.0,100.0,0.08,converged,,bfgs_after_fire,"[{""ase_converged"": false, ""converged"": false, ""end_geometry_sha256"": ""623cce63073512c19e8f8910d38b72d5f9133b47f9b974ac92fa8bb5a2c6ed73"", ""failure_class"": ""force_threshold"", ""max_force_eV_A"": 0.17559652035274065, ""name"": ""bfgs_standard"", ""start_geometry_sha256"": ""67a266994c41602009072c299de4625d923a3649fb45b5b76d3af0c0baa0c7f1"", ""steps"": 100}, {""ase_converged"": false, ""converged"": false, ""end_geometry_sha256"": ""f9c4e6564a24fecf12f4f6fc0f40c7faaae7a146a9293d22fb1ea87bd079a2fb"", ""failure_class"": ""force_threshold"", ""max_force_eV_A"": 0.39324375711437404, ""name"": ""fire_precondition"", ""qualifying"": false, ""start_geometry_sha256"": ""67a266994c41602009072c299de4625d923a3649fb45b5b76d3af0c0baa0c7f1"", ""steps"": 50}, {""ase_converged"": true, ""converged"": true, ""end_geometry_sha256"": ""cecbdf1a4d44418b9e189db68abf293e74e02e873c872afdb17f071537e56c49"", ""failure_class"": null, ""max_force_eV_A"": 0.07740762181973485, ""name"": ""bfgs_after_fire"", ""start_geometry_sha256"": ""f9c4e6564a24fecf12f4f6fc0f40c7faaae7a146a9293d22fb1ea87bd079a2fb"", ""steps"": 107}]",cecbdf1a4d44418b9e189db68abf293e74e02e873c872afdb17f071537e56c49,-4.346424279063941,True,0.07737099825748842,213.0,100.0,0.08,converged,,bfgs_after_fire,"[{""ase_converged"": false, ""converged"": false, ""end_geometry_sha256"": ""ccfadf4302b1427fff9f236ec539d2d9c0b4bf43a999ab33711bfba32461029d"", ""failure_class"": ""force_threshold"", ""max_force_eV_A"": 0.1375456381419596, ""name"": ""bfgs_standard"", ""start_geometry_sha256"": ""962b14b63ff3f24cb381f67338cff5adb5023e326b17eea88074902311627c96"", ""steps"": 100}, {""ase_converged"": true, ""converged"": true, ""end_geometry_sha256"": ""fda0bd6d3f57c4bf80c21797189448463cbffc67108f6fa653907acc0a053780"", ""failure_class"": null, ""max_force_eV_A"": 0.24577220077880782, ""name"": ""fire_precondition"", ""qualifying"": false, ""start_geometry_sha256"": ""962b14b63ff3f24cb381f67338cff5adb5023e326b17eea88074902311627c96"", ""steps"": 36}, {""ase_converged"": true, ""converged"": true, ""end_geometry_sha256"": ""5d4100f2494e26985f43a554745a73d364486c020fde97603372ae0bee449aa5"", ""failure_class"": null, ""max_force_eV_A"": 0.07737099825748842, ""name"": ""bfgs_after_fire"", ""start_geometry_sha256"": ""fda0bd6d3f57c4bf80c21797189448463cbffc67108f6fa653907acc0a053780"", ""steps"": 77}]",5d4100f2494e26985f43a554745a73d364486c020fde97603372ae0bee449aa5,-3.351224028319117,True,0.0793725528910944,278.0,100.0,0.08,converged,,bfgs_after_fire,"[{""ase_converged"": false, ""converged"": false, ""end_geometry_sha256"": ""7511e7847c061d0da55ecbd1f0457085f643d3da1b5405b6731c99bd63249a22"", ""failure_class"": ""force_threshold"", ""max_force_eV_A"": 0.3455546603074069, ""name"": ""bfgs_standard"", ""start_geometry_sha256"": ""7d132af1b4011da844da623a48c19a505ad285758d621d6f110b8c7e35ac7671"", ""steps"": 100}, {""ase_converged"": false, ""converged"": false, ""end_geometry_sha256"": ""76cfe3c51203ba11392d40bc0b455c191b7c3c33ff928705b6ad76ed445a7fce"", ""failure_class"": ""force_threshold"", ""max_force_eV_A"": 0.5596267588558541, ""name"": ""fire_precondition"", ""qualifying"": false, ""start_geometry_sha256"": ""7d132af1b4011da844da623a48c19a505ad285758d621d6f110b8c7e35ac7671"", ""steps"": 50}, {""ase_converged"": true, ""converged"": true, ""end_geometry_sha256"": ""1121e9ab6f3519072e2f165b41a7d6ffd1d737c4dd1a2005d14e7d30cf2f33af"", ""failure_class"": null, ""max_force_eV_A"": 0.0793725528910944, ""name"": ""bfgs_after_fire"", ""start_geometry_sha256"": ""76cfe3c51203ba11392d40bc0b455c191b7c3c33ff928705b6ad76ed445a7fce"", ""steps"": 128}]",1121e9ab6f3519072e2f165b41a7d6ffd1d737c4dd1a2005d14e7d30cf2f33af,-5.780924369394775,3.0,step_4_H2O,10.0,0.0,True,7.697648307383058,0.480000000035,True,quantitative_screening,2,2,9ca233ba30936014ec64,False,
"('MOF', 'Zr', 'NDC', 'N4O2', 18.0)",MOF,True,esen-sm-conserving-all-oc25:relax-v4:orr-che-v3,True,0.06895478555497991,100,150,0.08,converged,,bfgs_standard,"[{""ase_converged"": true, ""converged"": true, ""end_geometry_sha256"": ""ec63a5db6c5f3d64e9843daab86de5787b76aab48e6adbc9fb7e57f832aea468"", ""failure_class"": null, ""max_force_eV_A"": 0.06895478555497991, ""name"": ""bfgs_standard"", ""start_geometry_sha256"": ""e17d42b9f70d2ae92b97a57b8b6711c3b0887e36ee9742be905bcb6690b3cc7b"", ""steps"": 100}]",ec63a5db6c5f3d64e9843daab86de5787b76aab48e6adbc9fb7e57f832aea468,-130.8159915624934,True,0.07551340374255712,314.0,100.0,0.08,converged,,bfgs_after_fire,"[{""ase_converged"": false, ""converged"": false, ""end_geometry_sha256"": ""943236ea5420c9bda5079b7c124d7af198075ff86070c790206bedac77fdcd74"", ""failure_class"": ""force_threshold"", ""max_force_eV_A"": 0.17741801797981735, ""name"": ""bfgs_standard"", ""start_geometry_sha256"": ""23ec60c94211971162afbd6565bd976d659d44dc0dd88a9cdd24da55e1d26e1b"", ""steps"": 100}, {""ase_converged"": true, ""converged"": true, ""end_geometry_sha256"": ""bdf1c0dd7d17f9bf8904ac02d6611dea6f4ef0334338d5cc8d9d5488d3f75835"", ""failure_class"": null, ""max_force_eV_A"": 0.2445759116758413, ""name"": ""fire_precondition"", ""qualifying"": false, ""start_geometry_sha256"": ""23ec60c94211971162afbd6565bd976d659d44dc0dd88a9cdd24da55e1d26e1b"", ""steps"": 40}, {""ase_converged"": true, ""converged"": true, ""end_geometry_sha256"": ""a7407ccf7b7bc65d2882028bf91a3b208ce3419b795a65126e1921c3d08b9d83"", ""failure_class"": null, ""max_force_eV_A"": 0.07551340374255712, ""name"": ""bfgs_after_fire"", ""start_geometry_sha256"": ""bdf1c0dd7d17f9bf8904ac02d6611dea6f4ef0334338d5cc8d9d5488d3f75835"", ""steps"": 174}]",a7407ccf7b7bc65d2882028bf91a3b208ce3419b795a65126e1921c3d08b9d83,-1.9672896240651607,True,0.06628788009235373,301.0,100.0,0.08,converged,,bfgs_after_fire,"[{""ase_converged"": false, ""converged"": false, ""end_geometry_sha256"": ""87aa905c602a7b1713f713caf20f46c27d76fb473d3e205bfee4b74294a426a7"", ""failure_class"": ""force_threshold"", ""max_force_eV_A"": 1.3811819190652073, ""name"": ""bfgs_standard"", ""start_geometry_sha256"": ""59ebf9efdf4279e5c7afd6e5de07619a476c8832f92cd38d9b502d64a530bbd1"", ""steps"": 100}, {""ase_converged"": false, ""converged"": false, ""end_geometry_sha256"": ""8b8128c2f777c34b2ae805072090a77b14d191fe29658a50f4497a33b12da664"", ""failure_class"": ""force_threshold"", ""max_force_eV_A"": 0.5565935041782701, ""name"": ""fire_precondition"", ""qualifying"": false, ""start_geometry_sha256"": ""59ebf9efdf4279e5c7afd6e5de07619a476c8832f92cd38d9b502d64a530bbd1"", ""steps"": 50}, {""ase_converged"": true, ""converged"": true, ""end_geometry_sha256"": ""9eeadc77b1ccf9796f097bad4ef6a198e5b2cf480ecbff074533999d99352ba3"", ""failure_class"": null, ""max_force_eV_A"": 0.06628788009235373, ""name"": ""bfgs_after_fire"", ""start_geometry_sha256"": ""8b8128c2f777c34b2ae805072090a77b14d191fe29658a50f4497a33b12da664"", ""steps"": 151}]",9eeadc77b1ccf9796f097bad4ef6a198e5b2cf480ecbff074533999d99352ba3,-2.3505307070910897,True,0.07835012929139518,303.0,100.0,0.08,converged,,bfgs_after_fire,"[{""ase_converged"": false, ""converged"": false, ""end_geometry_sha256"": ""0663bb25c61bc88950d935093b12490f106dd90ead3a5b7dca1680179ee60971"", ""failure_class"": ""force_threshold"", ""max_force_eV_A"": 0.19234346766337915, ""name"": ""bfgs_standard"", ""start_geometry_sha256"": ""feb7235112009dfbc09d7b7a251c698fba53d0b265a8ae0420502e8dfb56f87c"", ""steps"": 100}, {""ase_converged"": false, ""converged"": false, ""end_geometry_sha256"": ""e446d31b915320a706d85d37d45376c004605d2c1a3d844ba31e87fd7982c3c6"", ""failure_class"": ""force_threshold"", ""max_force_eV_A"": 0.2964704934510216, ""name"": ""fire_precondition"", ""qualifying"": false, ""start_geometry_sha256"": ""feb7235112009dfbc09d7b7a251c698fba53d0b265a8ae0420502e8dfb56f87c"", ""steps"": 50}, {""ase_converged"": true, ""converged"": true, ""end_geometry_sha256"": ""4e12f345627bf8ae9d470da9a695c0c6ccdaefae12a8ad2ef458f9000f5ac03e"", ""failure_class"": null, ""max_force_eV_A"": 0.07835012929139518, ""name"": ""bfgs_after_fire"", ""start_geometry_sha256"": ""e446d31b915320a706d85d37d45376c004605d2c1a3d844ba31e87fd7982c3c6"", ""steps"": 153}]",4e12f345627bf8ae9d470da9a695c0c6ccdaefae12a8ad2ef458f9000f5ac03e,1.480948875844482,3.0,step_4_H2O,10.0,0.0,True,4.31782033115625,0.480000000035,True,quantitative_screening,1,1,2173c6966ce400e5db62,False,
"('MOF', 'Zr', 'Pyrazole', 'N6', 25.0)",MOF,False,esen-sm-conserving-all-oc25:relax-v4:orr-che-v3,False,0.2290868837150451,975,150,0.08,recovery_exhausted,force_threshold,fire_small_step,"[{""ase_converged"": false, ""converged"": false, ""end_geometry_sha256"": ""3d620567b2b7bdc898af6a07937d83753075b08672f31f64a8993625c908b065"", ""failure_class"": ""force_threshold"", ""max_force_eV_A"": 0.9167194659957761, ""name"": ""bfgs_standard"", ""start_geometry_sha256"": ""c11372d6f29b73f40c1bcff22ce77b1ce8d33849b187aeeceae5f9b20d5a3fbf"", ""steps"": 150}, {""ase_converged"": false, ""converged"": false, ""end_geometry_sha256"": ""eb8641d9f525d8ef8387790d3cec3f8fad5d39d933103919ece4de68196e95ac"", ""failure_class"": ""force_threshold"", ""max_force_eV_A"": 4.393783942832768, ""name"": ""fire_precondition"", ""qualifying"": false, ""start_geometry_sha256"": ""c11372d6f29b73f40c1bcff22ce77b1ce8d33849b187aeeceae5f9b20d5a3fbf"", ""steps"": 75}, {""ase_converged"": false, ""converged"": false, ""end_geometry_sha256"": ""9ed7ced291380e99b84d58872857cb4dad0bcaf5cbfd5de8ba2484b675f7036c"", ""failure_class"": ""force_threshold"", ""max_force_eV_A"": 0.7351890040346976, ""name"": ""bfgs_after_fire"", ""start_geometry_sha256"": ""eb8641d9f525d8ef8387790d3cec3f8fad5d39d933103919ece4de68196e95ac"", ""steps"": 300}, {""ase_converged"": false, ""converged"": false, ""end_geometry_sha256"": ""e3723b734718c03f147a930cc153835e2c785f4bbc46a4b359a863fdf1f35327"", ""failure_class"": ""force_threshold"", ""max_force_eV_A"": 0.2290868837150451, ""name"": ""fire_small_step"", ""start_geometry_sha256"": ""9ed7ced291380e99b84d58872857cb4dad0bcaf5cbfd5de8ba2484b675f7036c"", ""steps"": 450}]",e3723b734718c03f147a930cc153835e2c785f4bbc46a4b359a863fdf1f35327,,,,,,,,,,,,,,,,,,,,,,,,,,,,,,,,,,,,,,,,,,True,validation_required,0,0,8cd74934c0920175a729,False,Unconverged clean relaxation: max_force=0.229087 eV/A after 975 cumulative recovery steps
"('MOF', 'Zr', 'Tetrazolate', 'P4', 40.0)",MOF,False,esen-sm-conserving-all-oc25:relax-v4:orr-che-v3,True,0.07411621683427898,272,150,0.08,converged,,bfgs_after_fire,"[{""ase_converged"": false, ""converged"": false, ""end_geometry_sha256"": ""331e7a8766d081e37643f732a47a612223e29fc521d8a2bbc2b1c76a69172dfd"", ""failure_class"": ""force_threshold"", ""max_force_eV_A"": 0.7190402905147952, ""name"": ""bfgs_standard"", ""start_geometry_sha256"": ""1187b845a18a50513f698e5a243d3fe0a2e3d114ed11946d951ecf7fdfb06b83"", ""steps"": 150}, {""ase_converged"": true, ""converged"": true, ""end_geometry_sha256"": ""1df8eec50589d4220f578cdb961b19669a4cc8a576bd38acd4d77b525f1c5fb1"", ""failure_class"": null, ""max_force_eV_A"": 0.12074585227846522, ""name"": ""fire_precondition"", ""qualifying"": false, ""start_geometry_sha256"": ""1187b845a18a50513f698e5a243d3fe0a2e3d114ed11946d951ecf7fdfb06b83"", ""steps"": 26}, {""ase_converged"": true, ""converged"": true, ""end_geometry_sha256"": ""94214b01cb7a9aa3d4c8c460f398585e827d2009b25847ad6c096db32da044e7"", ""failure_class"": null, ""max_force_eV_A"": 0.07411621683427898, ""name"": ""bfgs_after_fire"", ""start_geometry_sha256"": ""1df8eec50589d4220f578cdb961b19669a4cc8a576bd38acd4d77b525f1c5fb1"", ""steps"": 96}]",94214b01cb7a9aa3d4c8c460f398585e827d2009b25847ad6c096db32da044e7,-132.12497457759486,True,0.07256660859905333,70.0,100.0,0.08,converged,,bfgs_standard,"[{""ase_converged"": true, ""converged"": true, ""end_geometry_sha256"": ""c9672345ddc3f79e96a4d8a0b5d0de2993ec24bb1b4f21ba71cd7bcaf8ec0850"", ""failure_class"": null, ""max_force_eV_A"": 0.07256660859905333, ""name"": ""bfgs_standard"", ""start_geometry_sha256"": ""510404f66ee89e77cd5e83a2d16d7ef1daab7c90d01e3378f14bb855c701b894"", ""steps"": 70}]",c9672345ddc3f79e96a4d8a0b5d0de2993ec24bb1b4f21ba71cd7bcaf8ec0850,-0.11282270893454555,True,0.07211003237904429,277.0,100.0,0.08,converged,,bfgs_after_fire,"[{""ase_converged"": false, ""converged"": false, ""end_geometry_sha256"": ""b0aa11e7c6d685eefac48c4a0e60bc0089f5fe5ab2f71a4912e731676d7415ab"", ""failure_class"": ""force_threshold"", ""max_force_eV_A"": 0.35673357468605765, ""name"": ""bfgs_standard"", ""start_geometry_sha256"": ""668706986e25bb3cb74b59cb59f16c542976ca00c076f52314c63fb5d66d6879"", ""steps"": 100}, {""ase_converged"": false, ""converged"": false, ""end_geometry_sha256"": ""94ce6669dac13e507be89e0dc440adbacf1405a469589348c1604992f20de734"", ""failure_class"": ""force_threshold"", ""max_force_eV_A"": 0.6543390191512795, ""name"": ""fire_precondition"", ""qualifying"": false, ""start_geometry_sha256"": ""668706986e25bb3cb74b59cb59f16c542976ca00c076f52314c63fb5d66d6879"", ""steps"": 50}, {""ase_converged"": true, ""converged"": true, ""end_geometry_sha256"": ""4b4408bdafe22c223691d34fd90c9907022a665408d8cf08beeb8796d8528689"", ""failure_class"": null, ""max_force_eV_A"": 0.07211003237904429, ""name"": ""bfgs_after_fire"", ""start_geometry_sha256"": ""94ce6669dac13e507be89e0dc440adbacf1405a469589348c1604992f20de734"", ""steps"": 127}]",4b4408bdafe22c223691d34fd90c9907022a665408d8cf08beeb8796d8528689,-6.66187103912234,False,0.27176749668864825,650.0,100.0,0.08,recovery_exhausted,force_threshold,fire_precondition,"[{""ase_converged"": false, ""converged"": false, ""end_geometry_sha256"": ""9795948ca54ab7fae3696e04274e5f3e3a9f01adb02142bee1ee9108b4b45ce8"", ""failure_class"": ""force_threshold"", ""max_force_eV_A"": 1.2325311054135755, ""name"": ""bfgs_standard"", ""start_geometry_sha256"": ""2bf6b24e1fdfe06be0073c43e298140cb7652d0d13c3e52d753ade97603eab82"", ""steps"": 100}, {""ase_converged"": false, ""converged"": false, ""end_geometry_sha256"": ""962afce3a7a0ceeee4a2a2eaf3366014dcf79814dde1b76022f66da08f422afd"", ""failure_class"": ""force_threshold"", ""max_force_eV_A"": 0.27176749668864825, ""name"": ""fire_precondition"", ""qualifying"": false, ""start_geometry_sha256"": ""2bf6b24e1fdfe06be0073c43e298140cb7652d0d13c3e52d753ade97603eab82"", ""steps"": 50}, {""ase_converged"": false, ""converged"": false, ""end_geometry_sha256"": ""05afa9c267e1f733d81d8de6a8607d8872af5abc425ff576d3182e22c4b3e0ea"", ""failure_class"": ""force_threshold"", ""max_force_eV_A"": 0.2765382194195074, ""name"": ""bfgs_after_fire"", ""start_geometry_sha256"": ""962afce3a7a0ceeee4a2a2eaf3366014dcf79814dde1b76022f66da08f422afd"", ""steps"": 200}, {""ase_converged"": false, ""converged"": false, ""end_geometry_sha256"": ""a7a9c91533f46954cb103847c7be309fd30b94186dbf5d53dea420ea89f3ae52"", ""failure_class"": ""force_threshold"", ""max_force_eV_A"": 0.27176813084535084, ""name"": ""fire_small_step"", ""start_geometry_sha256"": ""962afce3a7a0ceeee4a2a2eaf3366014dcf79814dde1b76022f66da08f422afd"", ""steps"": 300}]",962afce3a7a0ceeee4a2a2eaf3366014dcf79814dde1b76022f66da08f422afd,,,,,,,,,True,validation_required,0,0,d139b5a04a2cf07bb1ae,False,Unconverged ooh relaxation: max_force=0.271767 eV/A after 650 cumulative recovery steps
"('MOF', 'Zr', 'Fumarate', 'P4', 8.0)",MOF,True,esen-sm-conserving-all-oc25:relax-v4:orr-che-v3,True,0.06498249596354354,54,150,0.08,converged,,bfgs_standard,"[{""ase_converged"": true, ""converged"": true, ""end_geometry_sha256"": ""fef57878aaa46e039e28667a3d4cbcbea91324a6e3c040d81c5bfdaed25627e7"", ""failure_class"": null, ""max_force_eV_A"": 0.06498249596354354, ""name"": ""bfgs_standard"", ""start_geometry_sha256"": ""b7daa5662f7cf9d739f50bf15d15fb1db6651d8ea48b4403aaf9a221b271a79e"", ""steps"": 54}]",fef57878aaa46e039e28667a3d4cbcbea91324a6e3c040d81c5bfdaed25627e7,-133.11671518340975,True,0.07123711050365637,20.0,100.0,0.08,converged,,bfgs_standard,"[{""ase_converged"": true, ""converged"": true, ""end_geometry_sha256"": ""7ad1aac87b2f188b8f477fecefb2ab421468ce12b3eb9ea3da40fe79f14b963a"", ""failure_class"": null, ""max_force_eV_A"": 0.07123711050365637, ""name"": ""bfgs_standard"", ""start_geometry_sha256"": ""38c77245a096d5efb64ac92c5f1a153ea50411cd2353b3b5bee39da49f7ea5a9"", ""steps"": 20}]",7ad1aac87b2f188b8f477fecefb2ab421468ce12b3eb9ea3da40fe79f14b963a,-1.9617426370084285,True,0.07691955307115396,30.0,100.0,0.08,converged,,bfgs_standard,"[{""ase_converged"": true, ""converged"": true, ""end_geometry_sha256"": ""635b2c99fc465557a7356ad6407d67e0fdad47c8573af7a1d44b59026e0175e1"", ""failure_class"": null, ""max_force_eV_A"": 0.07691955307115396, ""name"": ""bfgs_standard"", ""start_geometry_sha256"": ""d7e530a3af89543371d777ea26782ebccf68a8cdc563cfc903ae3834f5b2d247"", ""steps"": 30}]",635b2c99fc465557a7356ad6407d67e0fdad47c8573af7a1d44b59026e0175e1,-0.6516586177051031,True,0.0760813374818691,42.0,100.0,0.08,converged,,bfgs_standard,"[{""ase_converged"": true, ""converged"": true, ""end_geometry_sha256"": ""d7f35afa6a76d4806810d87fb3f050cd4aa51d0b98fe18b4879f18d9a4a78afb"", ""failure_class"": null, ""max_force_eV_A"": 0.0760813374818691, ""name"": ""bfgs_standard"", ""start_geometry_sha256"": ""6d9ce74fd203558912a14addc2ab8b0daa07d98750b3091683aa9f1b86f8e288"", ""steps"": 42}]",d7f35afa6a76d4806810d87fb3f050cd4aa51d0b98fe18b4879f18d9a4a78afb,1.5972568497061763,3.0,step_4_H2O,10.0,0.0,True,2.6134012547135317,0.480000000035,True,quantitative_screening,1,1,8975fc9d919e71b60324,False,
"('MOF', 'Zr', 'DOBDC', 'O6', 18.0)",MOF,False,esen-sm-conserving-all-oc25:relax-v4:orr-che-v3,False,0.1696940673091134,975,150,0.08,recovery_exhausted,force_threshold,fire_small_step,"[{""ase_converged"": false, ""converged"": false, ""end_geometry_sha256"": ""49c0f9647739ac4bd5c7ec93cc94621313358633a3c9732f58471a72fdfe5a76"", ""failure_class"": ""force_threshold"", ""max_force_eV_A"": 0.5070753764749327, ""name"": ""bfgs_standard"", ""start_geometry_sha256"": ""c89e90a91580e81f1611f70c3f805c95b11b41798408944ae2136937f6d3e9a9"", ""steps"": 150}, {""ase_converged"": false, ""converged"": false, ""end_geometry_sha256"": ""35cbf890fba8e1d573260698b23862ac6d5e6a7c70e6f1299874a81275b002cc"", ""failure_class"": ""force_threshold"", ""max_force_eV_A"": 1.1928805477116815, ""name"": ""fire_precondition"", ""qualifying"": false, ""start_geometry_sha256"": ""c89e90a91580e81f1611f70c3f805c95b11b41798408944ae2136937f6d3e9a9"", ""steps"": 75}, {""ase_converged"": false, ""converged"": false, ""end_geometry_sha256"": ""2d030549d443756cf4879c21408ee75757265a11aa57d1358daa17fb66baf852"", ""failure_class"": ""force_threshold"", ""max_force_eV_A"": 0.16981158537412888, ""name"": ""bfgs_after_fire"", ""start_geometry_sha256"": ""35cbf890fba8e1d573260698b23862ac6d5e6a7c70e6f1299874a81275b002cc"", ""steps"": 300}, {""ase_converged"": false, ""converged"": false, ""end_geometry_sha256"": ""b288615e83cc29e8f9184608cd8c11ef368bfc23527f25f34d0caca83fc2ca40"", ""failure_class"": ""force_threshold"", ""max_force_eV_A"": 0.1696940673091134, ""name"": ""fire_small_step"", ""start_geometry_sha256"": ""2d030549d443756cf4879c21408ee75757265a11aa57d1358daa17fb66baf852"", ""steps"": 450}]",b288615e83cc29e8f9184608cd8c11ef368bfc23527f25f34d0caca83fc2ca40,,,,,,,,,,,,,,,,,,,,,,,,,,,,,,,,,,,,,,,,,,True,validation_required,1,1,3735fc487425a092ac84,False,Unconverged clean relaxation: max_force=0.169694 eV/A after 975 cumulative recovery steps
"('MOF', 'Zr', 'HITP', 'N2O2', 10.0)",MOF,True,esen-sm-conserving-all-oc25:relax-v4:orr-che-v3,True,0.07233722317817912,67,150,0.08,converged,,bfgs_standard,"[{""ase_converged"": true, ""converged"": true, ""end_geometry_sha256"": ""64609c2c9cd21ea8475446edaa51f1f558da0b15c98ae61380cc825c64c744ac"", ""failure_class"": null, ""max_force_eV_A"": 0.07233722317817912, ""name"": ""bfgs_standard"", ""start_geometry_sha256"": ""7e6f44b48d18e6f1ecf8845d79377cabbc65f95c1fcdb08020569fdcb7c1efca"", ""steps"": 67}]",64609c2c9cd21ea8475446edaa51f1f558da0b15c98ae61380cc825c64c744ac,-131.14974868928687,True,0.06937668611143026,59.0,100.0,0.08,converged,,bfgs_standard,"[{""ase_converged"": true, ""converged"": true, ""end_geometry_sha256"": ""83819d70ed24c53887de176704db6553f49b639c3341c3e5f08f239a78d410cc"", ""failure_class"": null, ""max_force_eV_A"": 0.06937668611143026, ""name"": ""bfgs_standard"", ""start_geometry_sha256"": ""075e5895e611d1e20572e018edc0316c64e217e7ddec60b65a305bbddaf9c6b6"", ""steps"": 59}]",83819d70ed24c53887de176704db6553f49b639c3341c3e5f08f239a78d410cc,-2.0237254475057123,True,0.07936965973230252,52.0,100.0,0.08,converged,,bfgs_standard,"[{""ase_converged"": true, ""converged"": true, ""end_geometry_sha256"": ""7ae14a5dadd1b94576d7c066ac9c0f36550c81952529bedfb5cfbd074b909224"", ""failure_class"": null, ""max_force_eV_A"": 0.07936965973230252, ""name"": ""bfgs_standard"", ""start_geometry_sha256"": ""0cd3be914b49219bc88368e7178e929b4c1a7db04e1bbe64fcdbeac719430e00"", ""steps"": 52}]",7ae14a5dadd1b94576d7c066ac9c0f36550c81952529bedfb5cfbd074b909224,-1.6643973223864996,True,0.07745624102951171,71.0,100.0,0.08,converged,,bfgs_standard,"[{""ase_converged"": true, ""converged"": true, ""end_geometry_sha256"": ""a571c5496e5fbc45794fc623b3e1ebb762c16435bb833c7581b4428f50f44beb"", ""failure_class"": null, ""max_force_eV_A"": 0.07745624102951171, ""name"": ""bfgs_standard"", ""start_geometry_sha256"": ""5d130e089f67e86cd91a75e6756d40081daac52f8605993f3ff80c8550c97141"", ""steps"": 71}]",a571c5496e5fbc45794fc623b3e1ebb762c16435bb833c7581b4428f50f44beb,1.1844181522727046,3.0,step_4_H2O,10.0,0.0,True,3.688122769892212,0.480000000035,True,quantitative_screening,2,2,10f57d2295910ee51754,False,
"('COF', 'Zr', 'Imine', 'N2P2', 6.0)",COF,True,esen-sm-conserving-all-oc25:relax-v4:orr-che-v3,True,0.06335411846716822,58,150,0.08,converged,,bfgs_standard,"[{""ase_converged"": true, ""converged"": true, ""end_geometry_sha256"": ""cfde104eb55adaab3af725d77d13e33203f92e6eab82bd8da4ce984e1261287c"", ""failure_class"": null, ""max_force_eV_A"": 0.06335411846716822, ""name"": ""bfgs_standard"", ""start_geometry_sha256"": ""7b7b80e87d93d0726e98da4aaf50d1e84f7d917f1d46b57850315f20d1ca3bd0"", ""steps"": 58}]",cfde104eb55adaab3af725d77d13e33203f92e6eab82bd8da4ce984e1261287c,-131.3563693894734,True,0.07890306524514627,30.0,100.0,0.08,converged,,bfgs_standard,"[{""ase_converged"": true, ""converged"": true, ""end_geometry_sha256"": ""7b790a069ad5cb4f3ee6869aec4d90997c53bfab5dad36da8b562bd7f77f26d3"", ""failure_class"": null, ""max_force_eV_A"": 0.07890306524514627, ""name"": ""bfgs_standard"", ""start_geometry_sha256"": ""481832cfcd00e373038b894f3379598c92fbc29721c9c8b5aaee88a21ec5f420"", ""steps"": 30}]",7b790a069ad5cb4f3ee6869aec4d90997c53bfab5dad36da8b562bd7f77f26d3,-1.294689831584692,True,0.0737979138463689,25.0,100.0,0.08,converged,,bfgs_standard,"[{""ase_converged"": true, ""converged"": true, ""end_geometry_sha256"": ""bb457638bb5d97e880c119a005df9d4eebd6caac052057a38624c1367409aa88"", ""failure_class"": null, ""max_force_eV_A"": 0.0737979138463689, ""name"": ""bfgs_standard"", ""start_geometry_sha256"": ""8a5ad1665ff89f497252e13f8650873787b417bca0f0b0101ee019eb16995b83"", ""steps"": 25}]",bb457638bb5d97e880c119a005df9d4eebd6caac052057a38624c1367409aa88,-0.2191625468432868,True,0.07369571884433375,56.0,100.0,0.08,converged,,bfgs_standard,"[{""ase_converged"": true, ""converged"": true, ""end_geometry_sha256"": ""31f3c8d7523ce6e622aa54983764b2c6978f6fb8d8f849861b55e0c027c4c529"", ""failure_class"": null, ""max_force_eV_A"": 0.07369571884433375, ""name"": ""bfgs_standard"", ""start_geometry_sha256"": ""0a55de41fd2f348e23fed02523f53d5fbcfec5236a9fabd6833d1676014fb400"", ""steps"": 56}]",31f3c8d7523ce6e622aa54983764b2c6978f6fb8d8f849861b55e0c027c4c529,1.8975498184561763,2.523689831584692,step_4_H2O,10.0,0.0,True,1.5138523784279787,0.447500000035,True,quantitative_screening,2,2,89af0f3ac9b8f7018f5b,False,
"('COF', 'Zr', 'Boroxine', 'N4O2', 18.0)",COF,True,esen-sm-conserving-all-oc25:relax-v4:orr-che-v3,True,0.07064899674643377,552,150,0.08,converged,,fire_small_step,"[{""ase_converged"": false, ""converged"": false, ""end_geometry_sha256"": ""f0f57c5569ac8988fa9173ef6fe49cb87b96e0305aa06cb032c149b41cdf4d97"", ""failure_class"": ""force_threshold"", ""max_force_eV_A"": 0.6039700405205198, ""name"": ""bfgs_standard"", ""start_geometry_sha256"": ""2cf01f72dcad4b26a103a53aac77d93d551d97aabb17bc5579ba231b857d3d79"", ""steps"": 150}, {""ase_converged"": false, ""converged"": false, ""end_geometry_sha256"": ""fc5a9874df29b18f86e33b92119988ff3b4553e15d97bf413ac2dd0d3dfa29b3"", ""failure_class"": ""force_threshold"", ""max_force_eV_A"": 3.128254682303157, ""name"": ""fire_precondition"", ""qualifying"": false, ""start_geometry_sha256"": ""2cf01f72dcad4b26a103a53aac77d93d551d97aabb17bc5579ba231b857d3d79"", ""steps"": 75}, {""ase_converged"": false, ""converged"": false, ""end_geometry_sha256"": ""cddf674c18f391d98ca64ae446b9a47de5335e92357ea31f6df77613ec887bfb"", ""failure_class"": ""force_threshold"", ""max_force_eV_A"": 1.140875017950409, ""name"": ""bfgs_after_fire"", ""start_geometry_sha256"": ""fc5a9874df29b18f86e33b92119988ff3b4553e15d97bf413ac2dd0d3dfa29b3"", ""steps"": 300}, {""ase_converged"": true, ""converged"": true, ""end_geometry_sha256"": ""043f567db0892ca9de558f4f9f6d29b7ab4502837091abe59e3767664239e01e"", ""failure_class"": null, ""max_force_eV_A"": 0.07064899674643377, ""name"": ""fire_small_step"", ""start_geometry_sha256"": ""f0f57c5569ac8988fa9173ef6fe49cb87b96e0305aa06cb032c149b41cdf4d97"", ""steps"": 27}]",043f567db0892ca9de558f4f9f6d29b7ab4502837091abe59e3767664239e01e,-129.8974918069465,True,0.06537476942272158,273.0,100.0,0.08,converged,,bfgs_after_fire,"[{""ase_converged"": false, ""converged"": false, ""end_geometry_sha256"": ""73e27558f0ed7c1aa0fe0dc38f3823618c2d4b1a587840b3c54808aec39ee985"", ""failure_class"": ""force_threshold"", ""max_force_eV_A"": 0.19074106759539292, ""name"": ""bfgs_standard"", ""start_geometry_sha256"": ""cf5b50238e0372b0aa145f4fb343f4657988da189bc0c7443dde23bbdd6f524d"", ""steps"": 100}, {""ase_converged"": false, ""converged"": false, ""end_geometry_sha256"": ""7f06612c39b3ec52d59f4bf63ffbae59563f67ff12f49afb2e6292f41dd729e1"", ""failure_class"": ""force_threshold"", ""max_force_eV_A"": 0.30582001888958565, ""name"": ""fire_precondition"", ""qualifying"": false, ""start_geometry_sha256"": ""cf5b50238e0372b0aa145f4fb343f4657988da189bc0c7443dde23bbdd6f524d"", ""steps"": 50}, {""ase_converged"": true, ""converged"": true, ""end_geometry_sha256"": ""1c36940ae331b2813775af88158fc27d4a6751be0dedf313d8c66200630aca39"", ""failure_class"": null, ""max_force_eV_A"": 0.06537476942272158, ""name"": ""bfgs_after_fire"", ""start_geometry_sha256"": ""7f06612c39b3ec52d59f4bf63ffbae59563f67ff12f49afb2e6292f41dd729e1"", ""steps"": 123}]",1c36940ae331b2813775af88158fc27d4a6751be0dedf313d8c66200630aca39,-1.5912200783193111,True,0.0680660507049385,99.0,100.0,0.08,converged,,bfgs_standard,"[{""ase_converged"": true, ""converged"": true, ""end_geometry_sha256"": ""eb0c7e3f66eef94cd67ba3fb96b606dfc9502d26bdcb4ad2b285b71619e23f16"", ""failure_class"": null, ""max_force_eV_A"": 0.0680660507049385, ""name"": ""bfgs_standard"", ""start_geometry_sha256"": ""402ddc397ee25ed07d6b30b8889b87174e2e34f31d9218e8c4fd0f36151e327e"", ""steps"": 99}]",eb0c7e3f66eef94cd67ba3fb96b606dfc9502d26bdcb4ad2b285b71619e23f16,-1.3746653430163824,True,0.07112039388670187,266.0,100.0,0.08,converged,,bfgs_after_fire,"[{""ase_converged"": false, ""converged"": false, ""end_geometry_sha256"": ""c466f3618d7db46d7cc6d1850db3d3dffaec7c61deb08d34597a0dcca68dd564"", ""failure_class"": ""force_threshold"", ""max_force_eV_A"": 0.34796700729911667, ""name"": ""bfgs_standard"", ""start_geometry_sha256"": ""f68a6f9836dcb2fbff22f0a763d53fe3fe0072b54fef7113f29e06eedac1cff8"", ""steps"": 100}, {""ase_converged"": false, ""converged"": false, ""end_geometry_sha256"": ""598be73d7f20d5f9245f8fdbde378145ceb078135a866c7a2420d8394fcf07b4"", ""failure_class"": ""force_threshold"", ""max_force_eV_A"": 0.4990226029529007, ""name"": ""fire_precondition"", ""qualifying"": false, ""start_geometry_sha256"": ""f68a6f9836dcb2fbff22f0a763d53fe3fe0072b54fef7113f29e06eedac1cff8"", ""steps"": 50}, {""ase_converged"": true, ""converged"": true, ""end_geometry_sha256"": ""c4a3aa95fb569b924660fdad2af54d36f0d02828f199f6d75c0c7f9b2bb1c498"", ""failure_class"": null, ""max_force_eV_A"": 0.07112039388670187, ""name"": ""bfgs_after_fire"", ""start_geometry_sha256"": ""598be73d7f20d5f9245f8fdbde378145ceb078135a866c7a2420d8394fcf07b4"", ""steps"": 116}]",c4a3aa95fb569b924660fdad2af54d36f0d02828f199f6d75c0c7f9b2bb1c498,-1.6946435466408696,2.820220078319311,step_4_H2O,10.0,0.0,True,2.9658854213356936,0.447500000035,True,quantitative_screening,1,1,859001a472db8322dc06,False,
"('COF', 'Zr', 'Olefin', 'N2O2', 25.0)",COF,True,esen-sm-conserving-all-oc25:relax-v4:orr-che-v3,True,0.07944700916455737,720,150,0.08,converged,,fire_small_step,"[{""ase_converged"": false, ""converged"": false, ""end_geometry_sha256"": ""01d85eeaca188e68ed338df5af2029a587a4b6654edf6403b97237a8409477bf"", ""failure_class"": ""force_threshold"", ""max_force_eV_A"": 0.821008859497531, ""name"": ""bfgs_standard"", ""start_geometry_sha256"": ""9dbb127d7c1ead5ac12f797e7273a95b352a1ab9412e504787881a97546be235"", ""steps"": 150}, {""ase_converged"": false, ""converged"": false, ""end_geometry_sha256"": ""b4ba5d4720d34458843221ce3fb848692cae7536210be86b77a6c29426ddc219"", ""failure_class"": ""force_threshold"", ""max_force_eV_A"": 0.7934658139073693, ""name"": ""fire_precondition"", ""qualifying"": false, ""start_geometry_sha256"": ""9dbb127d7c1ead5ac12f797e7273a95b352a1ab9412e504787881a97546be235"", ""steps"": 75}, {""ase_converged"": false, ""converged"": false, ""end_geometry_sha256"": ""4a2dbe3a7cb5c906ddf238afe6176298b35e67be34be145ed136c6c561ab5a67"", ""failure_class"": ""force_threshold"", ""max_force_eV_A"": 0.2841734786297974, ""name"": ""bfgs_after_fire"", ""start_geometry_sha256"": ""b4ba5d4720d34458843221ce3fb848692cae7536210be86b77a6c29426ddc219"", ""steps"": 300}, {""ase_converged"": true, ""converged"": true, ""end_geometry_sha256"": ""9caee9b2cb5e4918bcbdbb54f5a466b637044336bfe857d1048da19a6fe713bc"", ""failure_class"": null, ""max_force_eV_A"": 0.07944700916455737, ""name"": ""fire_small_step"", ""start_geometry_sha256"": ""4a2dbe3a7cb5c906ddf238afe6176298b35e67be34be145ed136c6c561ab5a67"", ""steps"": 195}]",9caee9b2cb5e4918bcbdbb54f5a466b637044336bfe857d1048da19a6fe713bc,-191.19386567203017,True,0.07981228585685576,241.0,100.0,0.08,converged,,bfgs_after_fire,"[{""ase_converged"": false, ""converged"": false, ""end_geometry_sha256"": ""74063f9ce90fa1f01a1c6b007a40f0e18272496ba9e9790d63ab21223bd0fb46"", ""failure_class"": ""force_threshold"", ""max_force_eV_A"": 0.17782763240452426, ""name"": ""bfgs_standard"", ""start_geometry_sha256"": ""604d334f9cdf27b10d41d66753bea0a31cf7b9a4638b613b94e330cc803ce889"", ""steps"": 100}, {""ase_converged"": false, ""converged"": false, ""end_geometry_sha256"": ""51782a283c905efa1a28bffe977f449ee5f7a5278281f096eef8375f7fc5939f"", ""failure_class"": ""force_threshold"", ""max_force_eV_A"": 0.5392401399548644, ""name"": ""fire_precondition"", ""qualifying"": false, ""start_geometry_sha256"": ""604d334f9cdf27b10d41d66753bea0a31cf7b9a4638b613b94e330cc803ce889"", ""steps"": 50}, {""ase_converged"": true, ""converged"": true, ""end_geometry_sha256"": ""81291be516a21827bd07360ad8e2cd08346424597172571107c6f5d2c4076e97"", ""failure_class"": null, ""max_force_eV_A"": 0.07981228585685576, ""name"": ""bfgs_after_fire"", ""start_geometry_sha256"": ""51782a283c905efa1a28bffe977f449ee5f7a5278281f096eef8375f7fc5939f"", ""steps"": 91}]",81291be516a21827bd07360ad8e2cd08346424597172571107c6f5d2c4076e97,-3.5524598930776117,True,0.07404512291485717,100.0,100.0,0.08,converged,,bfgs_standard,"[{""ase_converged"": true, ""converged"": true, ""end_geometry_sha256"": ""beada54f24dba209cb46f3c960fa86261b3cc1fdf24f27953f5923ae549f85a8"", ""failure_class"": null, ""max_force_eV_A"": 0.07404512291485717, ""name"": ""bfgs_standard"", ""start_geometry_sha256"": ""4e5c119c605ae2069d885d890bd38980f9e0c153c3495b846a95a26b6d03e112"", ""steps"": 100}]",beada54f24dba209cb46f3c960fa86261b3cc1fdf24f27953f5923ae549f85a8,-2.09517010375857,True,0.06632929099236004,297.0,100.0,0.08,converged,,bfgs_after_fire,"[{""ase_converged"": false, ""converged"": false, ""end_geometry_sha256"": ""573a79a2b672132fd3d3afadd65bfbc24a7ead7d853eb15fdfecfeb8bd486d35"", ""failure_class"": ""force_threshold"", ""max_force_eV_A"": 0.2363794587674982, ""name"": ""bfgs_standard"", ""start_geometry_sha256"": ""1809017fd5dc116a5ca447e3f1a000adffff818368b20f7df537e84b22014b24"", ""steps"": 100}, {""ase_converged"": false, ""converged"": false, ""end_geometry_sha256"": ""31c991d85c56771bec318addb9e2d68f6295ba9f93bed8d0f347685a4d0595dc"", ""failure_class"": ""force_threshold"", ""max_force_eV_A"": 2.182279499454822, ""name"": ""fire_precondition"", ""qualifying"": false, ""start_geometry_sha256"": ""1809017fd5dc116a5ca447e3f1a000adffff818368b20f7df537e84b22014b24"", ""steps"": 50}, {""ase_converged"": true, ""converged"": true, ""end_geometry_sha256"": ""2d6e9a7a1215a7c17b5c7f5e899bda86fbb5d5ef871196119a4e8395251f9af6"", ""failure_class"": null, ""max_force_eV_A"": 0.06632929099236004, ""name"": ""bfgs_after_fire"", ""start_geometry_sha256"": ""31c991d85c56771bec318addb9e2d68f6295ba9f93bed8d0f347685a4d0595dc"", ""steps"": 147}]",2d6e9a7a1215a7c17b5c7f5e899bda86fbb5d5ef871196119a4e8395251f9af6,-4.686914969980712,3.0,step_4_H2O,10.0,0.0,True,5.647629996836182,0.447500000035,True,quantitative_screening,2,2,24667a17044cb5f5a104,False,
"('COF', 'Zr', 'Olefin', 'S4', 40.0)",COF,True,esen-sm-conserving-all-oc25:relax-v4:orr-che-v3,True,0.07306477925946032,700,150,0.08,converged,,fire_small_step,"[{""ase_converged"": false, ""converged"": false, ""end_geometry_sha256"": ""7699daaf6edc73a7eef3df7e4ca34d5031d88fbb104bb46537ea3b3f01ca60cc"", ""failure_class"": ""force_threshold"", ""max_force_eV_A"": 1.1849757875558158, ""name"": ""bfgs_standard"", ""start_geometry_sha256"": ""e1e5ff1e8a7edf1ac6b8d3bff61fe12f3e2ff7b19a6b5322229384de38589c45"", ""steps"": 150}, {""ase_converged"": false, ""converged"": false, ""end_geometry_sha256"": ""98474a6ff25a6b63bca8396a80a7200d7fcd7421e0b6e6bbbeb3120d69c0b9d7"", ""failure_class"": ""force_threshold"", ""max_force_eV_A"": 1.9916661906837188, ""name"": ""fire_precondition"", ""qualifying"": false, ""start_geometry_sha256"": ""e1e5ff1e8a7edf1ac6b8d3bff61fe12f3e2ff7b19a6b5322229384de38589c45"", ""steps"": 75}, {""ase_converged"": false, ""converged"": false, ""end_geometry_sha256"": ""0e93ed7f2f8bc2e9c7e7b2cacbb8de18fd461c44d3e134f935a6c7eaa5b37ac1"", ""failure_class"": ""force_threshold"", ""max_force_eV_A"": 0.26753760588635356, ""name"": ""bfgs_after_fire"", ""start_geometry_sha256"": ""98474a6ff25a6b63bca8396a80a7200d7fcd7421e0b6e6bbbeb3120d69c0b9d7"", ""steps"": 300}, {""ase_converged"": true, ""converged"": true, ""end_geometry_sha256"": ""f10a8f5413f3a725d616fe9d7cd3a574f07611e5e95a23a194087aabedcfc377"", ""failure_class"": null, ""max_force_eV_A"": 0.07306477925946032, ""name"": ""fire_small_step"", ""start_geometry_sha256"": ""0e93ed7f2f8bc2e9c7e7b2cacbb8de18fd461c44d3e134f935a6c7eaa5b37ac1"", ""steps"": 175}]",f10a8f5413f3a725d616fe9d7cd3a574f07611e5e95a23a194087aabedcfc377,-191.84847552877454,True,0.07688159174589915,240.0,100.0,0.08,converged,,bfgs_after_fire,"[{""ase_converged"": false, ""converged"": false, ""end_geometry_sha256"": ""a9e921ec3e0e5e57f339d08ad749acbfdb57e5ce4fe3615489857608031447d4"", ""failure_class"": ""force_threshold"", ""max_force_eV_A"": 0.11429809572322702, ""name"": ""bfgs_standard"", ""start_geometry_sha256"": ""cde16b6b613b8c8448c5d1a0237281073717010ba0f1c2925bcb2b7f07dfd7d5"", ""steps"": 100}, {""ase_converged"": true, ""converged"": true, ""end_geometry_sha256"": ""55890c2d847c72d0493dd370052d519cc2fa65cdcbdad9ad94d7fc851639b1ce"", ""failure_class"": null, ""max_force_eV_A"": 0.2365651763598224, ""name"": ""fire_precondition"", ""qualifying"": false, ""start_geometry_sha256"": ""cde16b6b613b8c8448c5d1a0237281073717010ba0f1c2925bcb2b7f07dfd7d5"", ""steps"": 42}, {""ase_converged"": true, ""converged"": true, ""end_geometry_sha256"": ""1a3b0c3c84951ca62ad0bbfb91027e4963372828997aead059d3dda6953d1254"", ""failure_class"": null, ""max_force_eV_A"": 0.07688159174589915, ""name"": ""bfgs_after_fire"", ""start_geometry_sha256"": ""55890c2d847c72d0493dd370052d519cc2fa65cdcbdad9ad94d7fc851639b1ce"", ""steps"": 98}]",1a3b0c3c84951ca62ad0bbfb91027e4963372828997aead059d3dda6953d1254,-2.5467569206655023,True,0.0748751123253255,51.0,100.0,0.08,converged,,bfgs_standard,"[{""ase_converged"": true, ""converged"": true, ""end_geometry_sha256"": ""eca304826153e0c92d5ad174592c003e27709752a6f27ad90df892823018dc79"", ""failure_class"": null, ""max_force_eV_A"": 0.0748751123253255, ""name"": ""bfgs_standard"", ""start_geometry_sha256"": ""cf2dd8bf772410cf99470348807a22419384994be8ad993b8dfc1a5f618a763c"", ""steps"": 51}]",eca304826153e0c92d5ad174592c003e27709752a6f27ad90df892823018dc79,-2.7442446582019295,True,0.06801920769367419,338.0,100.0,0.08,converged,,bfgs_after_fire,"[{""ase_converged"": false, ""converged"": false, ""end_geometry_sha256"": ""4572bd2df96c553cbc8122bfe2e1c09ee56f36d4d29e8cb5dcdd577dd8015e06"", ""failure_class"": ""force_threshold"", ""max_force_eV_A"": 0.14552489623271753, ""name"": ""bfgs_standard"", ""start_geometry_sha256"": ""27411adbaf97109870af7d52ebbe2655c3530c057a137a537256e1912362cda8"", ""steps"": 100}, {""ase_converged"": false, ""converged"": false, ""end_geometry_sha256"": ""47a1c4d32abf102dd2f2cd7bf0d240771d98c81fcb2eddaff2e100eb567caf58"", ""failure_class"": ""force_threshold"", ""max_force_eV_A"": 0.6889985649014042, ""name"": ""fire_precondition"", ""qualifying"": false, ""start_geometry_sha256"": ""27411adbaf97109870af7d52ebbe2655c3530c057a137a537256e1912362cda8"", ""steps"": 50}, {""ase_converged"": true, ""converged"": true, ""end_geometry_sha256"": ""2b5b0faa2f1b46391b197798090d7ced81e621a6db54e2a99b135fd6bbf0e1a8"", ""failure_class"": null, ""max_force_eV_A"": 0.06801920769367419, ""name"": ""bfgs_after_fire"", ""start_geometry_sha256"": ""47a1c4d32abf102dd2f2cd7bf0d240771d98c81fcb2eddaff2e100eb567caf58"", ""steps"": 188}]",2b5b0faa2f1b46391b197798090d7ced81e621a6db54e2a99b135fd6bbf0e1a8,-5.964361716806884,3.0,step_2_O,10.0,0.0,True,5.291001578867432,0.447500000035,True,quantitative_screening,0,0,64bf8130c12d776cb893,False,
"('COF', 'Zr', 'Hydrazone', 'O6', 12.0)",COF,True,esen-sm-conserving-all-oc25:relax-v4:orr-che-v3,True,0.049999299080096385,39,150,0.08,converged,,bfgs_standard,"[{""ase_converged"": true, ""converged"": true, ""end_geometry_sha256"": ""19951befe4d23d0fc95e9f4d9975729fc327f7ceb3a9f527621726e0111c8d86"", ""failure_class"": null, ""max_force_eV_A"": 0.049999299080096385, ""name"": ""bfgs_standard"", ""start_geometry_sha256"": ""f6f926f11826be5580e1081f17ef488f1945396e23a7634c535f647871f9571d"", ""steps"": 39}]",19951befe4d23d0fc95e9f4d9975729fc327f7ceb3a9f527621726e0111c8d86,-138.0851062227975,True,0.06175703031250171,47.0,100.0,0.08,converged,,bfgs_standard,"[{""ase_converged"": true, ""converged"": true, ""end_geometry_sha256"": ""f993baddf3a5717a0d93f844a8ac1149d8aaaee551e60b2d81fb8040c9d8ce02"", ""failure_class"": null, ""max_force_eV_A"": 0.06175703031250171, ""name"": ""bfgs_standard"", ""start_geometry_sha256"": ""6257deec41c0bab4afa8531b1f387279a5598d7aa8cf5524dd008c8858bb2016"", ""steps"": 47}]",f993baddf3a5717a0d93f844a8ac1149d8aaaee551e60b2d81fb8040c9d8ce02,-1.6536319975554943,True,0.07691796992801864,43.0,100.0,0.08,converged,,bfgs_standard,"[{""ase_converged"": true, ""converged"": true, ""end_geometry_sha256"": ""e19b41550de352f7db3884184725449c16d3589fd8154d961407708b022cf6d4"", ""failure_class"": null, ""max_force_eV_A"": 0.07691796992801864, ""name"": ""bfgs_standard"", ""start_geometry_sha256"": ""b1310d1884113114f8ff5206a4fc166a32e132b39d990952060ce9fdb6d6cad8"", ""steps"": 43}]",e19b41550de352f7db3884184725449c16d3589fd8154d961407708b022cf6d4,-0.9314369790255987,True,0.05759620651517697,41.0,100.0,0.08,converged,,bfgs_standard,"[{""ase_converged"": true, ""converged"": true, ""end_geometry_sha256"": ""681162664fa6f8e41cc11b9ec4efba65521ce12f3ba891bd38e12134fab307e3"", ""failure_class"": null, ""max_force_eV_A"": 0.05759620651517697, ""name"": ""bfgs_standard"", ""start_geometry_sha256"": ""0d5b44b073a141e8cd09182018ad75418932e2f91ead6846786351b6add354c5"", ""steps"": 41}]",681162664fa6f8e41cc11b9ec4efba65521ce12f3ba891bd38e12134fab307e3,5.191697548329834,2.882631997555494,step_4_H2O,10.0,0.0,True,2.585068976581093,0.447500000035,True,quantitative_screening,1,1,0ea22f9653fe0f272295,False,
"('COF', 'Zr', 'Squaraine', 'P4', 18.0)",COF,False,esen-sm-conserving-all-oc25:relax-v4:orr-che-v3,True,0.06556637655828032,400,150,0.08,converged,,bfgs_after_fire,"[{""ase_converged"": false, ""converged"": false, ""end_geometry_sha256"": ""38b01bf9237d5aef65ea79476affea5427a53d1a3df2a69eed3044d05b2cfd07"", ""failure_class"": ""force_threshold"", ""max_force_eV_A"": 0.21128712234890537, ""name"": ""bfgs_standard"", ""start_geometry_sha256"": ""32eda683afdc5a1bfd8e41446cce43bd2a0f91cb414da6290fa884fa0497c5db"", ""steps"": 150}, {""ase_converged"": false, ""converged"": false, ""end_geometry_sha256"": ""f6e350fa4e02fed8300422fbec25dfdecfdfb9b3edb0ae6d6d418d505531ac57"", ""failure_class"": ""force_threshold"", ""max_force_eV_A"": 8.46955376638323, ""name"": ""fire_precondition"", ""qualifying"": false, ""start_geometry_sha256"": ""32eda683afdc5a1bfd8e41446cce43bd2a0f91cb414da6290fa884fa0497c5db"", ""steps"": 75}, {""ase_converged"": true, ""converged"": true, ""end_geometry_sha256"": ""15d7330bb95fd8a9c786edb5dd467ccc5a3aed62a2a49c018f64d674d2da14d9"", ""failure_class"": null, ""max_force_eV_A"": 0.06556637655828032, ""name"": ""bfgs_after_fire"", ""start_geometry_sha256"": ""f6e350fa4e02fed8300422fbec25dfdecfdfb9b3edb0ae6d6d418d505531ac57"", ""steps"": 175}]",15d7330bb95fd8a9c786edb5dd467ccc5a3aed62a2a49c018f64d674d2da14d9,-126.11012424150118,True,0.07831105727876952,363.0,100.0,0.08,converged,,fire_small_step,"[{""ase_converged"": false, ""converged"": false, ""end_geometry_sha256"": ""fb39ab2ef79db7c355cbfe24029aa43eb4ed97b3ee9658e0c8b889106b924d38"", ""failure_class"": ""force_threshold"", ""max_force_eV_A"": 0.1452124881139376, ""name"": ""bfgs_standard"", ""start_geometry_sha256"": ""0478337e760fb84020687191302b25edcebb9ee0d8992b454edd8be7b9cc613d"", ""steps"": 100}, {""ase_converged"": false, ""converged"": false, ""end_geometry_sha256"": ""d336f04ff63c47961eabad2178f5d184ceedc4c911974aedfb6f071d77e0fb40"", ""failure_class"": ""force_threshold"", ""max_force_eV_A"": 0.6417004539243846, ""name"": ""fire_precondition"", ""qualifying"": false, ""start_geometry_sha256"": ""0478337e760fb84020687191302b25edcebb9ee0d8992b454edd8be7b9cc613d"", ""steps"": 50}, {""ase_converged"": false, ""converged"": false, ""end_geometry_sha256"": ""0793abc9796f918e81e7cd2ea7934bf4531f02b835655b1dca3b615937c43d60"", ""failure_class"": ""force_threshold"", ""max_force_eV_A"": 0.14890271936932403, ""name"": ""bfgs_after_fire"", ""start_geometry_sha256"": ""d336f04ff63c47961eabad2178f5d184ceedc4c911974aedfb6f071d77e0fb40"", ""steps"": 200}, {""ase_converged"": true, ""converged"": true, ""end_geometry_sha256"": ""51e2bee37d236d01b60f06beb2a8c453cf4989199cc76d1cd889c408c7aa1ff5"", ""failure_class"": null, ""max_force_eV_A"": 0.07831105727876952, ""name"": ""fire_small_step"", ""start_geometry_sha256"": ""fb39ab2ef79db7c355cbfe24029aa43eb4ed97b3ee9658e0c8b889106b924d38"", ""steps"": 13}]",51e2bee37d236d01b60f06beb2a8c453cf4989199cc76d1cd889c408c7aa1ff5,-1.8821021889150142,False,0.1579646347020425,626.0,100.0,0.08,recovery_exhausted,force_threshold,fire_small_step,"[{""ase_converged"": false, ""converged"": false, ""end_geometry_sha256"": ""ef3271766a09fb489889a5f7b67cc8165b6233181a463a75b0848f0b7a5c3b81"", ""failure_class"": ""force_threshold"", ""max_force_eV_A"": 0.4489117877937574, ""name"": ""bfgs_standard"", ""start_geometry_sha256"": ""4644dcdbcd8fa288a4a1917418c1889b37285875868703fea648e2d1e5e3474e"", ""steps"": 100}, {""ase_converged"": true, ""converged"": true, ""end_geometry_sha256"": ""2a264218395d75840c73a9c61e24160a3fa033d081935634b2ea50e94bcd7464"", ""failure_class"": null, ""max_force_eV_A"": 0.1980477913701311, ""name"": ""fire_precondition"", ""qualifying"": false, ""start_geometry_sha256"": ""4644dcdbcd8fa288a4a1917418c1889b37285875868703fea648e2d1e5e3474e"", ""steps"": 26}, {""ase_converged"": false, ""converged"": false, ""end_geometry_sha256"": ""7c4f8d6a24b53e50af1062e001df2ab470751b5ceaeec994ba1cfcd09fc02034"", ""failure_class"": ""force_threshold"", ""max_force_eV_A"": 0.3616378496518973, ""name"": ""bfgs_after_fire"", ""start_geometry_sha256"": ""2a264218395d75840c73a9c61e24160a3fa033d081935634b2ea50e94bcd7464"", ""steps"": 200}, {""ase_converged"": false, ""converged"": false, ""end_geometry_sha256"": ""be1b435cf6672296a3c71e68091a709768f9b39cedfc630694b9c23443fa4635"", ""failure_class"": ""force_threshold"", ""max_force_eV_A"": 0.1579646347020425, ""name"": ""fire_small_step"", ""start_geometry_sha256"": ""2a264218395d75840c73a9c61e24160a3fa033d081935634b2ea50e94bcd7464"", ""steps"": 300}]",be1b435cf6672296a3c71e68091a709768f9b39cedfc630694b9c23443fa4635,,,,,,,,,,,,,,,,,,,,True,validation_required,1,1,9774f3746747ee2481c9,False,Unconverged o relaxation: max_force=0.157965 eV/A after 626 cumulative recovery steps
"('COF', 'Zr', 'Amide', 'N3S', 4.0)",COF,True,esen-sm-conserving-all-oc25:relax-v4:orr-che-v3,True,0.07524188520395608,118,150,0.08,converged,,bfgs_standard,"[{""ase_converged"": true, ""converged"": true, ""end_geometry_sha256"": ""437898c5fc5e9333c994aa4fcc70b4dc25381b9fedd52ee9bb1006c76fe58e01"", ""failure_class"": null, ""max_force_eV_A"": 0.07524188520395608, ""name"": ""bfgs_standard"", ""start_geometry_sha256"": ""4f77d673db2db6924dca33fec8a5c1b54af4f898fb2907b0d1d2e45a3ac3007c"", ""steps"": 118}]",437898c5fc5e9333c994aa4fcc70b4dc25381b9fedd52ee9bb1006c76fe58e01,-134.73899406022966,True,0.07006551167775209,88.0,100.0,0.08,converged,,bfgs_standard,"[{""ase_converged"": true, ""converged"": true, ""end_geometry_sha256"": ""be84e101538e5ca2132aacbb0d25d39bb2aae566a08d6ef7bfa0efe2a9c1b22e"", ""failure_class"": null, ""max_force_eV_A"": 0.07006551167775209, ""name"": ""bfgs_standard"", ""start_geometry_sha256"": ""3b1412e7eccb51629bb91b11fb5bea17e4894be7d3e0e211680100bee45f23fc"", ""steps"": 88}]",be84e101538e5ca2132aacbb0d25d39bb2aae566a08d6ef7bfa0efe2a9c1b22e,-0.1706172798573971,True,0.0744560854343018,49.0,100.0,0.08,converged,,bfgs_standard,"[{""ase_converged"": true, ""converged"": true, ""end_geometry_sha256"": ""c25f59fbaa64bb9a18acf9cd6cb22af4c4ed34c3506c77acb008425961cb29bb"", ""failure_class"": null, ""max_force_eV_A"": 0.0744560854343018, ""name"": ""bfgs_standard"", ""start_geometry_sha256"": ""909573071b6d2b1ee76c53f5cc0183fe4eaef67e33bfe74cbe34b74db67947a6"", ""steps"": 49}]",c25f59fbaa64bb9a18acf9cd6cb22af4c4ed34c3506c77acb008425961cb29bb,-1.3555510573089087,True,0.06882178738322646,81.0,100.0,0.08,converged,,bfgs_standard,"[{""ase_converged"": true, ""converged"": true, ""end_geometry_sha256"": ""87d2a98bf8de1ebb499a2a01744a20f191939b84602106591061c59945366419"", ""failure_class"": null, ""max_force_eV_A"": 0.06882178738322646, ""name"": ""bfgs_standard"", ""start_geometry_sha256"": ""e2c3719df08c680c483a1fa1e167375a568ad02f9076562081a1243a77944d2b"", ""steps"": 81}]",87d2a98bf8de1ebb499a2a01744a20f191939b84602106591061c59945366419,0.6214938864111936,2.4139337774515117,step_3_OH,10.0,0.0,True,1.5261683371663057,0.447500000035,True,quantitative_screening,2,2,8ebe6f64f472839ba785,False,
"('COF', 'Zr', 'Imide', 'N6', 12.0)",COF,True,esen-sm-conserving-all-oc25:relax-v4:orr-che-v3,True,0.0783239361675368,20,150,0.08,converged,,bfgs_standard,"[{""ase_converged"": true, ""converged"": true, ""end_geometry_sha256"": ""adc1c2a0e64b2dc847f92adbf6f4dc9e8a1ae6e95715a9a84942048ee18a27dc"", ""failure_class"": null, ""max_force_eV_A"": 0.0783239361675368, ""name"": ""bfgs_standard"", ""start_geometry_sha256"": ""88150fe1018995640dcb5fa95ec1d3169db63a6b70336812cdc1cbfc77d494e5"", ""steps"": 20}]",adc1c2a0e64b2dc847f92adbf6f4dc9e8a1ae6e95715a9a84942048ee18a27dc,-151.29551767584218,True,0.07735613592147655,56.0,100.0,0.08,converged,,bfgs_standard,"[{""ase_converged"": true, ""converged"": true, ""end_geometry_sha256"": ""93da466babbbe68da50e2768ad7e294dab33ef5639808fc98eed84fff6d6bafb"", ""failure_class"": null, ""max_force_eV_A"": 0.07735613592147655, ""name"": ""bfgs_standard"", ""start_geometry_sha256"": ""96c1cb002a71f4ac1234f5fb73fdead6cb5ad8b9b3cb0f414daabaaa58f23051"", ""steps"": 56}]",93da466babbbe68da50e2768ad7e294dab33ef5639808fc98eed84fff6d6bafb,-2.134997067302465,True,0.07959854397012063,68.0,100.0,0.08,converged,,bfgs_standard,"[{""ase_converged"": true, ""converged"": true, ""end_geometry_sha256"": ""b12a053b1b9fc8112698626d823fefac6ee51855db1e23eb0ab00a574bed766b"", ""failure_class"": null, ""max_force_eV_A"": 0.07959854397012063, ""name"": ""bfgs_standard"", ""start_geometry_sha256"": ""b4a0193a03cf5d407bec8efa03a398ff4fc32000c1c01c341e35837ee1eb03f8"", ""steps"": 68}]",b12a053b1b9fc8112698626d823fefac6ee51855db1e23eb0ab00a574bed766b,-3.6262451045215096,True,0.07549424718417211,75.0,100.0,0.08,converged,,bfgs_standard,"[{""ase_converged"": true, ""converged"": true, ""end_geometry_sha256"": ""f5348e2e4f4c92c3ec3b65152d8b75e69fa0ffebb9d21314e0f70d6039a8e8c0"", ""failure_class"": null, ""max_force_eV_A"": 0.07549424718417211, ""name"": ""bfgs_standard"", ""start_geometry_sha256"": ""ae09f08478bafcea467196db85a5a599588642f7c69494fa345a99761b4dd5be"", ""steps"": 75}]",f5348e2e4f4c92c3ec3b65152d8b75e69fa0ffebb9d21314e0f70d6039a8e8c0,1.1926655277609859,3.0,step_4_H2O,10.0,0.0,True,5.761242171823975,0.447500000035,True,quantitative_screening,0,0,3c07f264e7950d0e830a,False,
"('COF', 'Nb', 'Imine', 'N2O2', 14.0)",COF,True,esen-sm-conserving-all-oc25:relax-v4:orr-che-v3,True,0.07648566411069058,123,150,0.08,converged,,bfgs_standard,"[{""ase_converged"": true, ""converged"": true, ""end_geometry_sha256"": ""06389db828dcf64e691f494920b86662cd37b4ed7ebf04d804fc746bae0f81ca"", ""failure_class"": null, ""max_force_eV_A"": 0.07648566411069058, ""name"": ""bfgs_standard"", ""start_geometry_sha256"": ""2de4f0fc28e87d32584529e549f292a1f784d67e452a445ce2ab293bd42a7036"", ""steps"": 123}]",06389db828dcf64e691f494920b86662cd37b4ed7ebf04d804fc746bae0f81ca,-134.13795380635574,True,0.07396659758053596,65.0,100.0,0.08,converged,,bfgs_standard,"[{""ase_converged"": true, ""converged"": true, ""end_geometry_sha256"": ""3e72cb9ecb1d5952c03e06044a7984eb8254de5a9fa7ef5a4fafe1c87ee6e06e"", ""failure_class"": null, ""max_force_eV_A"": 0.07396659758053596, ""name"": ""bfgs_standard"", ""start_geometry_sha256"": ""90e5c4aa02029849220c7d3e5bf394557dd5ac232e993d3b6c5faac0a2cff88a"", ""steps"": 65}]",3e72cb9ecb1d5952c03e06044a7984eb8254de5a9fa7ef5a4fafe1c87ee6e06e,-0.3531400536000729,True,0.07944987259476194,258.0,100.0,0.08,converged,,bfgs_after_fire,"[{""ase_converged"": false, ""converged"": false, ""end_geometry_sha256"": ""c68664159edb99296dde11817fcd69362e9f398e2c4a1464ca482863d0a5413c"", ""failure_class"": ""force_threshold"", ""max_force_eV_A"": 2.3018368015760404, ""name"": ""bfgs_standard"", ""start_geometry_sha256"": ""d1ae9d42aafe6f0d1dfbc4fb013abfdf0e6ec13f3c1696504feda8e90eaba749"", ""steps"": 100}, {""ase_converged"": true, ""converged"": true, ""end_geometry_sha256"": ""c0a7ea11fce6bb04744c8712ef9f98c437df7a41bbc08acbc2ec4fb13013168f"", ""failure_class"": null, ""max_force_eV_A"": 0.2335397576182004, ""name"": ""fire_precondition"", ""qualifying"": false, ""start_geometry_sha256"": ""d1ae9d42aafe6f0d1dfbc4fb013abfdf0e6ec13f3c1696504feda8e90eaba749"", ""steps"": 49}, {""ase_converged"": true, ""converged"": true, ""end_geometry_sha256"": ""65e8486ce6caa371a0cdcbeba67eae741e2d174195aab460ef788e734f51da52"", ""failure_class"": null, ""max_force_eV_A"": 0.07944987259476194, ""name"": ""bfgs_after_fire"", ""start_geometry_sha256"": ""c0a7ea11fce6bb04744c8712ef9f98c437df7a41bbc08acbc2ec4fb13013168f"", ""steps"": 109}]",65e8486ce6caa371a0cdcbeba67eae741e2d174195aab460ef788e734f51da52,-1.883437000960108,True,0.0672665331791964,65.0,100.0,0.08,converged,,bfgs_standard,"[{""ase_converged"": true, ""converged"": true, ""end_geometry_sha256"": ""b974ecffe1626d5468cecf48881fb28912be44f3edafe8e7bfc4423719be1898"", ""failure_class"": null, ""max_force_eV_A"": 0.0672665331791964, ""name"": ""bfgs_standard"", ""start_geometry_sha256"": ""c7eeff28a904f56d08966a3bc75ad22e158273f8766f2af9189d6a948c19a86e"", ""steps"": 65}]",b974ecffe1626d5468cecf48881fb28912be44f3edafe8e7bfc4423719be1898,2.8541736111044917,2.7592969473600353,step_3_OH,10.0,0.0,True,2.236577054560181,0.447500000035,True,quantitative_screening,2,2,f13e313747640ca6a990,False,
"('COF', 'Nb', 'Boroxine', 'N4', 25.0)",COF,False,esen-sm-conserving-all-oc25:relax-v4:orr-che-v3,True,0.07742120500813376,541,150,0.08,converged,,fire_small_step,"[{""ase_converged"": false, ""converged"": false, ""end_geometry_sha256"": ""68b84f6c15f55abd637d0a7bde7e95a9e4336a5db28032744cccb176c10537c0"", ""failure_class"": ""force_threshold"", ""max_force_eV_A"": 0.8669796415597981, ""name"": ""bfgs_standard"", ""start_geometry_sha256"": ""0c4ed57db3d53c79271ae4e4c987cb08beeb05fbeef38e1eb06cdf2bdaed587c"", ""steps"": 150}, {""ase_converged"": false, ""converged"": false, ""end_geometry_sha256"": ""ee5d9657898008f482288595c6a2e8f82d4df7f51b4f892800a7065b3c2e816b"", ""failure_class"": ""force_threshold"", ""max_force_eV_A"": 2.759998366681788, ""name"": ""fire_precondition"", ""qualifying"": false, ""start_geometry_sha256"": ""0c4ed57db3d53c79271ae4e4c987cb08beeb05fbeef38e1eb06cdf2bdaed587c"", ""steps"": 75}, {""ase_converged"": false, ""converged"": false, ""end_geometry_sha256"": ""8f196fc4c568683f51c2186fb779a63455fab8cbb44e8419c8fc20390e682b23"", ""failure_class"": ""force_threshold"", ""max_force_eV_A"": 0.1534087166698233, ""name"": ""bfgs_after_fire"", ""start_geometry_sha256"": ""ee5d9657898008f482288595c6a2e8f82d4df7f51b4f892800a7065b3c2e816b"", ""steps"": 300}, {""ase_converged"": true, ""converged"": true, ""end_geometry_sha256"": ""76ed03a5e43cd49a7d8635eb898af30d424a4b9c3615379c26bbf34291075b1c"", ""failure_class"": null, ""max_force_eV_A"": 0.07742120500813376, ""name"": ""fire_small_step"", ""start_geometry_sha256"": ""8f196fc4c568683f51c2186fb779a63455fab8cbb44e8419c8fc20390e682b23"", ""steps"": 16}]",76ed03a5e43cd49a7d8635eb898af30d424a4b9c3615379c26bbf34291075b1c,-186.77182794750544,True,0.07239098938468388,276.0,100.0,0.08,converged,,bfgs_after_fire,"[{""ase_converged"": false, ""converged"": false, ""end_geometry_sha256"": ""8f348e755c0dea094095e9650819ce3886569402f000e286de3c695b5764a461"", ""failure_class"": ""force_threshold"", ""max_force_eV_A"": 0.13280363683735952, ""name"": ""bfgs_standard"", ""start_geometry_sha256"": ""dfcbac531a6351f3ab967d24e397e701663552796608d017fdb177f65379ca92"", ""steps"": 100}, {""ase_converged"": true, ""converged"": true, ""end_geometry_sha256"": ""72b881c69d4f40eec6e7f9a2f714d5e105c2aa9a17f5e6a26e1d2cd913f7eb2f"", ""failure_class"": null, ""max_force_eV_A"": 0.24577370993434022, ""name"": ""fire_precondition"", ""qualifying"": false, ""start_geometry_sha256"": ""dfcbac531a6351f3ab967d24e397e701663552796608d017fdb177f65379ca92"", ""steps"": 44}, {""ase_converged"": true, ""converged"": true, ""end_geometry_sha256"": ""62995f8a0c98a08972db2786510362cacd26d421aed30935a3989cab8c629eef"", ""failure_class"": null, ""max_force_eV_A"": 0.07239098938468388, ""name"": ""bfgs_after_fire"", ""start_geometry_sha256"": ""72b881c69d4f40eec6e7f9a2f714d5e105c2aa9a17f5e6a26e1d2cd913f7eb2f"", ""steps"": 132}]",62995f8a0c98a08972db2786510362cacd26d421aed30935a3989cab8c629eef,-4.056488213390112,True,0.07847926771484263,333.0,100.0,0.08,converged,,bfgs_after_fire,"[{""ase_converged"": false, ""converged"": false, ""end_geometry_sha256"": ""66f46f4d801e24b0955ed8fa8b73c868112ed77dac7939408e153d6fda85169a"", ""failure_class"": ""force_threshold"", ""max_force_eV_A"": 0.316849333699334, ""name"": ""bfgs_standard"", ""start_geometry_sha256"": ""0108e3558f8b3634e89d641a2d7ca93361f429b26ab6dbd86e782e33e425f29e"", ""steps"": 100}, {""ase_converged"": false, ""converged"": false, ""end_geometry_sha256"": ""e8808eb2da5c14aefe20fcd4f46d37c2683cea748168b2243d8a96da10ce2559"", ""failure_class"": ""force_threshold"", ""max_force_eV_A"": 0.3123925283854697, ""name"": ""fire_precondition"", ""qualifying"": false, ""start_geometry_sha256"": ""0108e3558f8b3634e89d641a2d7ca93361f429b26ab6dbd86e782e33e425f29e"", ""steps"": 50}, {""ase_converged"": true, ""converged"": true, ""end_geometry_sha256"": ""0b79693848103b7812515c869c8607512330f483ed6978fb0ddf15133c9ef11d"", ""failure_class"": null, ""max_force_eV_A"": 0.07847926771484263, ""name"": ""bfgs_after_fire"", ""start_geometry_sha256"": ""e8808eb2da5c14aefe20fcd4f46d37c2683cea748168b2243d8a96da10ce2559"", ""steps"": 183}]",0b79693848103b7812515c869c8607512330f483ed6978fb0ddf15133c9ef11d,-8.938450895994897,False,0.0915117914504841,650.0,100.0,0.08,recovery_exhausted,force_threshold,fire_small_step,"[{""ase_converged"": false, ""converged"": false, ""end_geometry_sha256"": ""08c175d575a0188736b2f54e25a67e0cb759e63296a12dedb8b0e38748ec3b1e"", ""failure_class"": ""force_threshold"", ""max_force_eV_A"": 0.14817918877921285, ""name"": ""bfgs_standard"", ""start_geometry_sha256"": ""9dd3ef5db700ce3718fbbdf7fed97b3397f98bc4a41da8aef8b257d90d1ed764"", ""steps"": 100}, {""ase_converged"": false, ""converged"": false, ""end_geometry_sha256"": ""3ebec87f7798cd91315f4db3092a3805e36f2a51a2fb49c5061da73060d6bd26"", ""failure_class"": ""force_threshold"", ""max_force_eV_A"": 0.9349075480194149, ""name"": ""fire_precondition"", ""qualifying"": false, ""start_geometry_sha256"": ""9dd3ef5db700ce3718fbbdf7fed97b3397f98bc4a41da8aef8b257d90d1ed764"", ""steps"": 50}, {""ase_converged"": false, ""converged"": false, ""end_geometry_sha256"": ""3964d3f57a14ee000fe1eaf713d6351ad5fca12ab2d3f19dd0e9ce357d77dcf3"", ""failure_class"": ""force_threshold"", ""max_force_eV_A"": 0.09231130926102611, ""name"": ""bfgs_after_fire"", ""start_geometry_sha256"": ""3ebec87f7798cd91315f4db3092a3805e36f2a51a2fb49c5061da73060d6bd26"", ""steps"": 200}, {""ase_converged"": false, ""converged"": false, ""end_geometry_sha256"": ""fc2be156311f971131891d7399bfac6f302801a5577ea38968091bba792dda0d"", ""failure_class"": ""force_threshold"", ""max_force_eV_A"": 0.0915117914504841, ""name"": ""fire_small_step"", ""start_geometry_sha256"": ""3964d3f57a14ee000fe1eaf713d6351ad5fca12ab2d3f19dd0e9ce357d77dcf3"", ""steps"": 300}]",fc2be156311f971131891d7399bfac6f302801a5577ea38968091bba792dda0d,,,,,,,,,True,validation_required,0,0,327c2e10f89759fe90dd,False,Unconverged ooh relaxation: max_force=0.0915118 eV/A after 650 cumulative recovery steps
"('Perovskite', 'Pr', 'Ti', 'Nb', 0.5, 'O_vacancy')",Perovskite,True,esen-sm-conserving-all-oc25:relax-v4:orr-che-v3,True,0.07029042224802345,30,150,0.08,converged,,bfgs_standard,"[{""ase_converged"": true, ""converged"": true, ""end_geometry_sha256"": ""f906e59241d41474a020a55797e45d9c2062beafbee4366393407d0d81b65919"", ""failure_class"": null, ""max_force_eV_A"": 0.07029042224802345, ""name"": ""bfgs_standard"", ""start_geometry_sha256"": ""175cf3d07e681c5de987ba2d18533f96152684484c9e976bb4a660e3f0e0d56f"", ""steps"": 30}]",f906e59241d41474a020a55797e45d9c2062beafbee4366393407d0d81b65919,-487.6431169212559,True,0.07556895475656093,54.0,100.0,0.08,converged,,bfgs_standard,"[{""ase_converged"": true, ""converged"": true, ""end_geometry_sha256"": ""258f1e80b47d10bee7d18f2f6f7bdfedb741235c5c9caaa09f32108cbd90a37c"", ""failure_class"": null, ""max_force_eV_A"": 0.07556895475656093, ""name"": ""bfgs_standard"", ""start_geometry_sha256"": ""2ec30004618726076c213ea891ab4a7f2abe728740a052adc0b9023b2267e827"", ""steps"": 54}]",258f1e80b47d10bee7d18f2f6f7bdfedb741235c5c9caaa09f32108cbd90a37c,-2.804905114024934,True,0.07378813069101918,58.0,100.0,0.08,converged,,bfgs_standard,"[{""ase_converged"": true, ""converged"": true, ""end_geometry_sha256"": ""99937fc2b9f25315cff293cbc01abf77ea25b2a71d4f0ce83407600740333335"", ""failure_class"": null, ""max_force_eV_A"": 0.07378813069101918, ""name"": ""bfgs_standard"", ""start_geometry_sha256"": ""fd2955694964afd25f03b891553eb2e9eb0707aba62f80b7d7064d2bc024e51e"", ""steps"": 58}]",99937fc2b9f25315cff293cbc01abf77ea25b2a71d4f0ce83407600740333335,-3.93373974487188,True,0.0777301920633501,69.0,100.0,0.08,converged,,bfgs_standard,"[{""ase_converged"": true, ""converged"": true, ""end_geometry_sha256"": ""799e15337d140a3ec805e76c2525e6ff19de3caa1b06770ccb5f2378b72697c6"", ""failure_class"": null, ""max_force_eV_A"": 0.0777301920633501, ""name"": ""bfgs_standard"", ""start_geometry_sha256"": ""298fcd38727c5d79dae36c26e3d25f56ef8810108e8538a14024ffb055a22db7"", ""steps"": 69}]",799e15337d140a3ec805e76c2525e6ff19de3caa1b06770ccb5f2378b72697c6,-5.474863578379178,3.0,step_4_H2O,10.0,0.0,True,6.738644858896814,0.6527014328916925,False,quantitative_screening,2,2,857d78377e147e63a1d1,False,
"('Perovskite', 'Pr', 'Cr', 'Mo', 0.3, 'B_vacancy')",Perovskite,True,esen-sm-conserving-all-oc25:relax-v4:orr-che-v3,True,0.06331385154581451,20,150,0.08,converged,,bfgs_standard,"[{""ase_converged"": true, ""converged"": true, ""end_geometry_sha256"": ""979cee1b48679f8a81e967308bf1158526e8fd4df7c752ac7ba3d1831dd7f031"", ""failure_class"": null, ""max_force_eV_A"": 0.06331385154581451, ""name"": ""bfgs_standard"", ""start_geometry_sha256"": ""ad3f30655c99e30b9a56c69dae4ae5a245cf96b1afa4421f46bccf7a40024a34"", ""steps"": 20}]",979cee1b48679f8a81e967308bf1158526e8fd4df7c752ac7ba3d1831dd7f031,-469.8660801990441,True,0.06488066156541279,64.0,100.0,0.08,converged,,bfgs_standard,"[{""ase_converged"": true, ""converged"": true, ""end_geometry_sha256"": ""66a0b602a02e03551950d74161a17e5c2d5852d443713c788aefb71b10cf5525"", ""failure_class"": null, ""max_force_eV_A"": 0.06488066156541279, ""name"": ""bfgs_standard"", ""start_geometry_sha256"": ""020850fc7af0827c52a255d0b3c06a8b599eb142bb2a33f9754bab3037acad87"", ""steps"": 64}]",66a0b602a02e03551950d74161a17e5c2d5852d443713c788aefb71b10cf5525,-1.9276849602163406,True,0.07731689959236218,75.0,100.0,0.08,converged,,bfgs_standard,"[{""ase_converged"": true, ""converged"": true, ""end_geometry_sha256"": ""721763e08ce0ff3d6df0fde5e19b138bbe6f0c1e070cedebf04f94e189b478eb"", ""failure_class"": null, ""max_force_eV_A"": 0.07731689959236218, ""name"": ""bfgs_standard"", ""start_geometry_sha256"": ""6164322c3aeaa3909ed5fb5668cb23854337a19da0b686d268a3ccd7fd8fbbc3"", ""steps"": 75}]",721763e08ce0ff3d6df0fde5e19b138bbe6f0c1e070cedebf04f94e189b478eb,-2.5060587756335986,True,0.07214413947255109,94.0,100.0,0.08,converged,,bfgs_standard,"[{""ase_converged"": true, ""converged"": true, ""end_geometry_sha256"": ""2aa7d4d36fa5c7630fe9f36089f50e122c965133fb620d6641376765dd0b4787"", ""failure_class"": null, ""max_force_eV_A"": 0.07214413947255109, ""name"": ""bfgs_standard"", ""start_geometry_sha256"": ""67373d68cb256ea09c726ea7d4348d6d9ece21b9067abbce09c7cd6d54769ffa"", ""steps"": 94}]",2aa7d4d36fa5c7630fe9f36089f50e122c965133fb620d6641376765dd0b4787,-2.5155206218362673,3.0,step_4_H2O,9.0,0.0,True,4.433743735849939,0.6527014328916925,False,quantitative_screening,2,2,e2b70883684319ac5298,False,
"('Perovskite', 'Pr', 'Mn', 'W', 0.25, 'O_vacancy')",Perovskite,True,esen-sm-conserving-all-oc25:relax-v4:orr-che-v3,True,0.0751282654811774,27,150,0.08,converged,,bfgs_standard,"[{""ase_converged"": true, ""converged"": true, ""end_geometry_sha256"": ""2cbde76efa0a7f364f606ee7bee7d67dd59d3029223665e972931264ae4a9382"", ""failure_class"": null, ""max_force_eV_A"": 0.0751282654811774, ""name"": ""bfgs_standard"", ""start_geometry_sha256"": ""910028df6ac2f36b18371ea01420ab7271195727f8b7e3f30587ce5fc1058f89"", ""steps"": 27}]",2cbde76efa0a7f364f606ee7bee7d67dd59d3029223665e972931264ae4a9382,-462.0162133005696,True,0.0714115081316772,65.0,100.0,0.08,converged,,bfgs_standard,"[{""ase_converged"": true, ""converged"": true, ""end_geometry_sha256"": ""6e7fbd484738bfcd56dc46a2f6fda277cbf4109c6a1899f8a9608b53a705b524"", ""failure_class"": null, ""max_force_eV_A"": 0.0714115081316772, ""name"": ""bfgs_standard"", ""start_geometry_sha256"": ""5daeb987d10e105b279070f246fa7b8ccf0f301940d7625968d57f1c6b396e0c"", ""steps"": 65}]",6e7fbd484738bfcd56dc46a2f6fda277cbf4109c6a1899f8a9608b53a705b524,-2.144405541271028,True,0.07560838369614781,70.0,100.0,0.08,converged,,bfgs_standard,"[{""ase_converged"": true, ""converged"": true, ""end_geometry_sha256"": ""ad0b3e452f327f291e95466a441313c43cb06c7645d35a67f3b32d2ae2e7daa8"", ""failure_class"": null, ""max_force_eV_A"": 0.07560838369614781, ""name"": ""bfgs_standard"", ""start_geometry_sha256"": ""dcf0798c88f70b52bc5c783c313b3341954960f973638cccf949d263fb52a1c8"", ""steps"": 70}]",ad0b3e452f327f291e95466a441313c43cb06c7645d35a67f3b32d2ae2e7daa8,-0.5039072863757859,True,0.07402636317903799,87.0,100.0,0.08,converged,,bfgs_standard,"[{""ase_converged"": true, ""converged"": true, ""end_geometry_sha256"": ""d6477059a15003a1756c614cfe0069ab57eab18e8c5fe75a12592f1bb6f576e4"", ""failure_class"": null, ""max_force_eV_A"": 0.07402636317903799, ""name"": ""bfgs_standard"", ""start_geometry_sha256"": ""f4446c4e8d171d98a4005280d506f14f645e5a355e760ebe69b8f9c42c3deb49"", ""steps"": 87}]",d6477059a15003a1756c614cfe0069ab57eab18e8c5fe75a12592f1bb6f576e4,-0.656981040537439,3.0,step_4_H2O,9.0,0.0,True,2.648312827646814,0.6527014328916925,False,quantitative_screening,1,1,069b007528f7b42057b9,False,
"('Perovskite', 'Pr', 'Fe', 'V', 0.25, 'B_vacancy')",Perovskite,True,esen-sm-conserving-all-oc25:relax-v4:orr-che-v3,True,0.06268670924040129,90,150,0.08,converged,,bfgs_standard,"[{""ase_converged"": true, ""converged"": true, ""end_geometry_sha256"": ""006f67ff580c068a550c38050bc13819cb7498f6c79ce67c963368d26b77ee8b"", ""failure_class"": null, ""max_force_eV_A"": 0.06268670924040129, ""name"": ""bfgs_standard"", ""start_geometry_sha256"": ""1692373f3e5149429a3d5fe3ddcb604fb272630179626a4fdd4a0c72a72b1a47"", ""steps"": 90}]",006f67ff580c068a550c38050bc13819cb7498f6c79ce67c963368d26b77ee8b,-445.2365549971292,True,0.06331883790700778,97.0,100.0,0.08,converged,,bfgs_standard,"[{""ase_converged"": true, ""converged"": true, ""end_geometry_sha256"": ""31e36a0d23b3acb5958fbcd3462cff06d29a24d6258d61db79b2ddb0e2167b2e"", ""failure_class"": null, ""max_force_eV_A"": 0.06331883790700778, ""name"": ""bfgs_standard"", ""start_geometry_sha256"": ""f826134e612d09f1d1e1dd4be90e977b79244b3edeb446ab1e0697865443045f"", ""steps"": 97}]",31e36a0d23b3acb5958fbcd3462cff06d29a24d6258d61db79b2ddb0e2167b2e,0.3071706916391849,True,0.06650840921430883,61.0,100.0,0.08,converged,,bfgs_standard,"[{""ase_converged"": true, ""converged"": true, ""end_geometry_sha256"": ""d0d9379056d809bfc850d029e04041cc31548e715923035ed6968797b1a6a35c"", ""failure_class"": null, ""max_force_eV_A"": 0.06650840921430883, ""name"": ""bfgs_standard"", ""start_geometry_sha256"": ""333ada2239f177e8b40a6a6abc6b848c280693f6875ce8ee89e375118e633fe1"", ""steps"": 61}]",d0d9379056d809bfc850d029e04041cc31548e715923035ed6968797b1a6a35c,2.9713124401867708,True,0.07756248583719795,40.0,100.0,0.08,converged,,bfgs_standard,"[{""ase_converged"": true, ""converged"": true, ""end_geometry_sha256"": ""da6e4717ee0d4b03c5093404c75699836c60edb65e3bd4ebc98a4e8a26cdf5a6"", ""failure_class"": null, ""max_force_eV_A"": 0.07756248583719795, ""name"": ""bfgs_standard"", ""start_geometry_sha256"": ""b553a14b2cfdc1ac7105fa18365c65882ac180dc3eaa3de03e2e1d89c2be2834"", ""steps"": 40}]",da6e4717ee0d4b03c5093404c75699836c60edb65e3bd4ebc98a4e8a26cdf5a6,5.347619484364962,1.6566194843649624,step_1_OOH,6.0,0.0,True,3.2784831318259555,0.6527014328916925,False,quantitative_screening,2,2,985acd2e5285adb1868a,False,
"('Perovskite', 'Pr', 'Co', 'Re', 0.2, 'B_vacancy')",Perovskite,True,esen-sm-conserving-all-oc25:relax-v4:orr-che-v3,True,0.07812924678464674,89,150,0.08,converged,,bfgs_standard,"[{""ase_converged"": true, ""converged"": true, ""end_geometry_sha256"": ""22c8ece86bc5fb42797d27323c0933f3646e9a655c7fd1e2f0986ec235456e35"", ""failure_class"": null, ""max_force_eV_A"": 0.07812924678464674, ""name"": ""bfgs_standard"", ""start_geometry_sha256"": ""8eba57cdd459e9e9043d22066d8629a342fec0083cd693acbe8f2118b7dcf38a"", ""steps"": 89}]",22c8ece86bc5fb42797d27323c0933f3646e9a655c7fd1e2f0986ec235456e35,-424.9824225012993,True,0.07775273685787606,226.0,100.0,0.08,converged,,bfgs_after_fire,"[{""ase_converged"": false, ""converged"": false, ""end_geometry_sha256"": ""e520dc4e4bb30cc49629e25c72ca4e7e9e280b07a7496946c61502ca210ac015"", ""failure_class"": ""force_threshold"", ""max_force_eV_A"": 0.13829699176042676, ""name"": ""bfgs_standard"", ""start_geometry_sha256"": ""95d18407e7d044ea8f5510550d6558a4d2842e09cecbf92558c4a83ac540fd41"", ""steps"": 100}, {""ase_converged"": true, ""converged"": true, ""end_geometry_sha256"": ""0a7e20a1774906fa06a649de943a56792073328a38e507878516d737cf9d340a"", ""failure_class"": null, ""max_force_eV_A"": 0.2165203239430344, ""name"": ""fire_precondition"", ""qualifying"": false, ""start_geometry_sha256"": ""95d18407e7d044ea8f5510550d6558a4d2842e09cecbf92558c4a83ac540fd41"", ""steps"": 39}, {""ase_converged"": true, ""converged"": true, ""end_geometry_sha256"": ""66b4a04d16fac664413dbadd5f1dd23b0c8f307e6e7ad7def4f695c3d4b1a35e"", ""failure_class"": null, ""max_force_eV_A"": 0.07775273685787606, ""name"": ""bfgs_after_fire"", ""start_geometry_sha256"": ""0a7e20a1774906fa06a649de943a56792073328a38e507878516d737cf9d340a"", ""steps"": 87}]",66b4a04d16fac664413dbadd5f1dd23b0c8f307e6e7ad7def4f695c3d4b1a35e,0.5348604346811203,True,0.07581419658905783,215.0,100.0,0.08,converged,,bfgs_after_fire,"[{""ase_converged"": false, ""converged"": false, ""end_geometry_sha256"": ""33dd8d0b50da75c4fa6c131748e969abd19b3b4d5e1df6ec7a09e842a2249788"", ""failure_class"": ""force_threshold"", ""max_force_eV_A"": 0.09316010868189378, ""name"": ""bfgs_standard"", ""start_geometry_sha256"": ""793ac827884f3a0a45ddcf8832160d3c3cfc7933e7da7a83bb50920121161077"", ""steps"": 100}, {""ase_converged"": false, ""converged"": false, ""end_geometry_sha256"": ""3247484685873e5141b51adaa78105bb7a0cefab6b3108701120a49dbce02c53"", ""failure_class"": ""force_threshold"", ""max_force_eV_A"": 0.4183740302063057, ""name"": ""fire_precondition"", ""qualifying"": false, ""start_geometry_sha256"": ""793ac827884f3a0a45ddcf8832160d3c3cfc7933e7da7a83bb50920121161077"", ""steps"": 50}, {""ase_converged"": true, ""converged"": true, ""end_geometry_sha256"": ""5ceb20fb182736bc85214c50e67c6974bf01f2bb5ee7bf654f4ac01b00a2983a"", ""failure_class"": null, ""max_force_eV_A"": 0.07581419658905783, ""name"": ""bfgs_after_fire"", ""start_geometry_sha256"": ""3247484685873e5141b51adaa78105bb7a0cefab6b3108701120a49dbce02c53"", ""steps"": 65}]",5ceb20fb182736bc85214c50e67c6974bf01f2bb5ee7bf654f4ac01b00a2983a,2.320950425416206,True,0.07210070886076725,100.0,100.0,0.08,converged,,bfgs_standard,"[{""ase_converged"": true, ""converged"": true, ""end_geometry_sha256"": ""180e322dcb61d24f2670d9830f83b7a5a21f127533b5f72953c6f8545ec2d02c"", ""failure_class"": null, ""max_force_eV_A"": 0.07210070886076725, ""name"": ""bfgs_standard"", ""start_geometry_sha256"": ""830fd489c9fe7639c18aeec8895b9d2ddf8fb9f3e15c678d84ebb794c90b7065"", ""steps"": 100}]",180e322dcb61d24f2670d9830f83b7a5a21f127533b5f72953c6f8545ec2d02c,4.106730888783908,0.6941395653188798,step_4_H2O,9.0,-2.0,True,2.8558108600973267,0.6527014328916925,False,quantitative_screening,1,1,baab87f908e0a4608ff8,False,
"('Perovskite', 'Pr', 'Ni', 'Sn', 0.15, 'O_vacancy')",Perovskite,True,esen-sm-conserving-all-oc25:relax-v4:orr-che-v3,True,0.06026818604461215,20,150,0.08,converged,,bfgs_standard,"[{""ase_converged"": true, ""converged"": true, ""end_geometry_sha256"": ""993cf83285561e5f318f042ceaa5e8cce24944089c54b546c885e0595632a865"", ""failure_class"": null, ""max_force_eV_A"": 0.06026818604461215, ""name"": ""bfgs_standard"", ""start_geometry_sha256"": ""397d87bc81cd46955ef2ea83fc4a9036c183d4882a92f5f91e2d23057f8ca9b7"", ""steps"": 20}]",993cf83285561e5f318f042ceaa5e8cce24944089c54b546c885e0595632a865,-392.13390444801865,True,0.07625721852811522,61.0,100.0,0.08,converged,,bfgs_standard,"[{""ase_converged"": true, ""converged"": true, ""end_geometry_sha256"": ""8bc2d851f6c06504cb41ea4d4705228dc26390057a0ad1afa6f1ffe3079fdf8d"", ""failure_class"": null, ""max_force_eV_A"": 0.07625721852811522, ""name"": ""bfgs_standard"", ""start_geometry_sha256"": ""8ac988f11597893fc178595be69a17e5c6ea3ac237c2c5d1b9b2f0e45add7a0c"", ""steps"": 61}]",8bc2d851f6c06504cb41ea4d4705228dc26390057a0ad1afa6f1ffe3079fdf8d,0.03836041942238805,True,0.07008891132971255,63.0,100.0,0.08,converged,,bfgs_standard,"[{""ase_converged"": true, ""converged"": true, ""end_geometry_sha256"": ""54090f2ca47319a40e381955d12b621020765f2e6b497a85218648f41f2001cb"", ""failure_class"": null, ""max_force_eV_A"": 0.07008891132971255, ""name"": ""bfgs_standard"", ""start_geometry_sha256"": ""ba554226c6b2477b71dc71e02250ee41b191b333f59612fbecd0fa8b3e6f2899"", ""steps"": 63}]",54090f2ca47319a40e381955d12b621020765f2e6b497a85218648f41f2001cb,3.614489472657417,True,0.07892769720083222,71.0,100.0,0.08,converged,,bfgs_standard,"[{""ase_converged"": true, ""converged"": true, ""end_geometry_sha256"": ""33434588d81409260093b2ddfe1ce62d0b18a38a2ffc9724cdec36e62a2fffd0"", ""failure_class"": null, ""max_force_eV_A"": 0.07892769720083222, ""name"": ""bfgs_standard"", ""start_geometry_sha256"": ""27426d83b611d31aba6d66e60d8a190d184dbd7f86c15ed31eaa33652234bbc4"", ""steps"": 71}]",33434588d81409260093b2ddfe1ce62d0b18a38a2ffc9724cdec36e62a2fffd0,3.505481193959688,1.3380082786977292,step_2_O,10.0,0.0,True,3.652849892079805,0.6527014328916925,False,quantitative_screening,2,2,d21aea4e01d0e4510535,False,
"('Perovskite', 'Pr', 'Zn', 'Sb', 0.1, 'B_vacancy')",Perovskite,True,esen-sm-conserving-all-oc25:relax-v4:orr-che-v3,True,0.0782071785346401,129,150,0.08,converged,,bfgs_standard,"[{""ase_converged"": true, ""converged"": true, ""end_geometry_sha256"": ""3463c9a40b2c0bc7ebd7a64871b6a2ff33b7c02a5d5c2a3b3a7262f6bc517024"", ""failure_class"": null, ""max_force_eV_A"": 0.0782071785346401, ""name"": ""bfgs_standard"", ""start_geometry_sha256"": ""1a9a544160d1fc9f9c26f2ec6958dfbe1c0adea6cf4eb38264770449b2076a74"", ""steps"": 129}]",3463c9a40b2c0bc7ebd7a64871b6a2ff33b7c02a5d5c2a3b3a7262f6bc517024,-357.04935906367155,True,0.07300595939291735,242.0,100.0,0.08,converged,,bfgs_after_fire,"[{""ase_converged"": false, ""converged"": false, ""end_geometry_sha256"": ""4df6e0ee53c6677456069297e82f574904c45d6151999c9a351aa81a974f435f"", ""failure_class"": ""force_threshold"", ""max_force_eV_A"": 0.1664189400979572, ""name"": ""bfgs_standard"", ""start_geometry_sha256"": ""3743eb4d881d3a043fbd478dbbc9034d867b3f7eee861ff5457fe3b5a8a4d89b"", ""steps"": 100}, {""ase_converged"": false, ""converged"": false, ""end_geometry_sha256"": ""506e411f07ea698bc47455beb9f1153e5779165237bb75940cb29dadc9e84071"", ""failure_class"": ""force_threshold"", ""max_force_eV_A"": 0.8070320390657668, ""name"": ""fire_precondition"", ""qualifying"": false, ""start_geometry_sha256"": ""3743eb4d881d3a043fbd478dbbc9034d867b3f7eee861ff5457fe3b5a8a4d89b"", ""steps"": 50}, {""ase_converged"": true, ""converged"": true, ""end_geometry_sha256"": ""8f61f99ebb50a922ccdb0dd4aadf6992f62b928dde3ff1554ad84e8e68ab4855"", ""failure_class"": null, ""max_force_eV_A"": 0.07300595939291735, ""name"": ""bfgs_after_fire"", ""start_geometry_sha256"": ""506e411f07ea698bc47455beb9f1153e5779165237bb75940cb29dadc9e84071"", ""steps"": 92}]",8f61f99ebb50a922ccdb0dd4aadf6992f62b928dde3ff1554ad84e8e68ab4855,-0.5244695518910885,True,0.07766486706648798,73.0,100.0,0.08,converged,,bfgs_standard,"[{""ase_converged"": true, ""converged"": true, ""end_geometry_sha256"": ""8e315348c6df95f952f90b650d0947089ba92b27c0ecb91a422a506236c9abb2"", ""failure_class"": null, ""max_force_eV_A"": 0.07766486706648798, ""name"": ""bfgs_standard"", ""start_geometry_sha256"": ""4f2e4277f8da8d22a2407f67ce0800d082b90befdb5fcfc58ebe0173b93d0088"", ""steps"": 73}]",8e315348c6df95f952f90b650d0947089ba92b27c0ecb91a422a506236c9abb2,1.706673539429935,True,0.07597654256716609,95.0,100.0,0.08,converged,,bfgs_standard,"[{""ase_converged"": true, ""converged"": true, ""end_geometry_sha256"": ""0d2c403f7190cd0f39f2010c3996526d7c72f325fec33563a123ee17e6dcb5b9"", ""failure_class"": null, ""max_force_eV_A"": 0.07597654256716609, ""name"": ""bfgs_standard"", ""start_geometry_sha256"": ""ce5435838f95abb9ef3f859b2ca29dc8e88b1cf97ac29eaefbc02ce09f8fc221"", ""steps"": 95}]",0d2c403f7190cd0f39f2010c3996526d7c72f325fec33563a123ee17e6dcb5b9,2.7270140156149614,1.7534695518910886,step_4_H2O,10.0,-0.5933894246508045,True,2.2311430913210235,0.6527014328916925,False,quantitative_screening,2,2,941cadef359c110666ed,False,
"('Perovskite', 'Pr', 'Nb', 'Fe', 0.05, 'O_vacancy')",Perovskite,True,esen-sm-conserving-all-oc25:relax-v4:orr-che-v3,True,0.06680666470588062,87,150,0.08,converged,,bfgs_standard,"[{""ase_converged"": true, ""converged"": true, ""end_geometry_sha256"": ""e400b560fda84a2d5f613d0f00d5e105f3177853ae744808215e54183489489a"", ""failure_class"": null, ""max_force_eV_A"": 0.06680666470588062, ""name"": ""bfgs_standard"", ""start_geometry_sha256"": ""2b2d10360a51f7f402abe9180b623abaac371075cdd4f202cea71f6b094eb1b7"", ""steps"": 87}]",e400b560fda84a2d5f613d0f00d5e105f3177853ae744808215e54183489489a,-487.9389629937826,True,0.0768979244068574,47.0,100.0,0.08,converged,,bfgs_standard,"[{""ase_converged"": true, ""converged"": true, ""end_geometry_sha256"": ""ab852f7e36a7b552fc816c8a092eb028af06ec162b51757a533dab320573e255"", ""failure_class"": null, ""max_force_eV_A"": 0.0768979244068574, ""name"": ""bfgs_standard"", ""start_geometry_sha256"": ""082afe23140e712a02ba36696e36e619909c38e33362b0ad9049d283c8bb96a4"", ""steps"": 47}]",ab852f7e36a7b552fc816c8a092eb028af06ec162b51757a533dab320573e255,-1.5990106438100906,True,0.07117133539989066,61.0,100.0,0.08,converged,,bfgs_standard,"[{""ase_converged"": true, ""converged"": true, ""end_geometry_sha256"": ""b5ec4243ec0d917d4f26b3839b854ee867301f0d7de6f1b919a1abcb1174eadb"", ""failure_class"": null, ""max_force_eV_A"": 0.07117133539989066, ""name"": ""bfgs_standard"", ""start_geometry_sha256"": ""779439079d73f6700d6cb0d0f0d4fe46fc87b2f851f0a996b97f3175c27d04fa"", ""steps"": 61}]",b5ec4243ec0d917d4f26b3839b854ee867301f0d7de6f1b919a1abcb1174eadb,-2.629162871092583,True,0.0765800037554152,72.0,100.0,0.08,converged,,bfgs_standard,"[{""ase_converged"": true, ""converged"": true, ""end_geometry_sha256"": ""906b1cb771c0391a3a7135d31ea339958a19c235a94d9af21b993c92157a7c8c"", ""failure_class"": null, ""max_force_eV_A"": 0.0765800037554152, ""name"": ""bfgs_standard"", ""start_geometry_sha256"": ""af1461189e6a619ae53ee41648dd7d15fa9559b1191dfbdf0c126ee929da7934"", ""steps"": 72}]",906b1cb771c0391a3a7135d31ea339958a19c235a94d9af21b993c92157a7c8c,-4.846945334970975,3.0,step_2_O,7.0,0.0,True,4.228173514902673,0.6527014328916925,False,quantitative_screening,0,0,81e9cf8fcd6d18b30c44,False,
"('Perovskite', 'Pr', 'Nb', 'Hf', 0.05, 'B_vacancy')",Perovskite,True,esen-sm-conserving-all-oc25:relax-v4:orr-che-v3,True,0.0756572184908941,41,150,0.08,converged,,bfgs_standard,"[{""ase_converged"": true, ""converged"": true, ""end_geometry_sha256"": ""feea38ed5182112f8eb3d7c87f16d0805862f346aa777714f585bf132344b69c"", ""failure_class"": null, ""max_force_eV_A"": 0.0756572184908941, ""name"": ""bfgs_standard"", ""start_geometry_sha256"": ""e785d824eb2ebf1ad4d34286a2b239aee7d81d63fb77e794810def1de34fefd2"", ""steps"": 41}]",feea38ed5182112f8eb3d7c87f16d0805862f346aa777714f585bf132344b69c,-489.3723072003842,True,0.07216105968529359,67.0,100.0,0.08,converged,,bfgs_standard,"[{""ase_converged"": true, ""converged"": true, ""end_geometry_sha256"": ""de676aa0a80c4e72e3e115057ab330bba0ce66b9126e1be532ad4717f5e6488a"", ""failure_class"": null, ""max_force_eV_A"": 0.07216105968529359, ""name"": ""bfgs_standard"", ""start_geometry_sha256"": ""d4b8b151f454826eb80063351061d5edde4a2a9a403fa5b109e6f44322632328"", ""steps"": 67}]",de676aa0a80c4e72e3e115057ab330bba0ce66b9126e1be532ad4717f5e6488a,-4.0034295891225335,True,0.07481368487055635,213.0,100.0,0.08,converged,,bfgs_after_fire,"[{""ase_converged"": false, ""converged"": false, ""end_geometry_sha256"": ""1197e24d7629de2a93e65864283cccb29ee1b3d0b24f79398e3090069feff090"", ""failure_class"": ""force_threshold"", ""max_force_eV_A"": 0.22504813813691146, ""name"": ""bfgs_standard"", ""start_geometry_sha256"": ""5b1c2f5b1e7c4714baa30c43878ac41157547d30242e3767bc3170372c80c5a8"", ""steps"": 100}, {""ase_converged"": false, ""converged"": false, ""end_geometry_sha256"": ""caea46ec8b6d8763eafb5b451d1239325e6a721a5590d53b523ffdad78a98925"", ""failure_class"": ""force_threshold"", ""max_force_eV_A"": 2.1402160294603503, ""name"": ""fire_precondition"", ""qualifying"": false, ""start_geometry_sha256"": ""5b1c2f5b1e7c4714baa30c43878ac41157547d30242e3767bc3170372c80c5a8"", ""steps"": 50}, {""ase_converged"": true, ""converged"": true, ""end_geometry_sha256"": ""bfe671cea6b3245bea8a8a794112240fb5ca4bbf79e532d1d0550b425c592419"", ""failure_class"": null, ""max_force_eV_A"": 0.07481368487055635, ""name"": ""bfgs_after_fire"", ""start_geometry_sha256"": ""caea46ec8b6d8763eafb5b451d1239325e6a721a5590d53b523ffdad78a98925"", ""steps"": 63}]",bfe671cea6b3245bea8a8a794112240fb5ca4bbf79e532d1d0550b425c592419,-4.619378172606255,True,0.07545876778742354,208.0,100.0,0.08,converged,,bfgs_after_fire,"[{""ase_converged"": false, ""converged"": false, ""end_geometry_sha256"": ""d2ac22fefd997944b5ca31425d9ef3f47aa8bb91cedbc387a89bc43f61a5a82e"", ""failure_class"": ""force_threshold"", ""max_force_eV_A"": 0.546441444206425, ""name"": ""bfgs_standard"", ""start_geometry_sha256"": ""7ec01a6f609d49be2cf60684b0f2aa8d9f7948e2e9264d8fbdad816507d37a00"", ""steps"": 100}, {""ase_converged"": false, ""converged"": false, ""end_geometry_sha256"": ""f17724501e3e80389a5a9a11bd333a7217016e2a1be235a0fc74fa7b8b7aa9b8"", ""failure_class"": ""force_threshold"", ""max_force_eV_A"": 0.416890058132321, ""name"": ""fire_precondition"", ""qualifying"": false, ""start_geometry_sha256"": ""7ec01a6f609d49be2cf60684b0f2aa8d9f7948e2e9264d8fbdad816507d37a00"", ""steps"": 50}, {""ase_converged"": true, ""converged"": true, ""end_geometry_sha256"": ""6f67e798f6146e4a56075dcd9462f68eaac8f8409d400c51342d2cf3eabde71f"", ""failure_class"": null, ""max_force_eV_A"": 0.07545876778742354, ""name"": ""bfgs_after_fire"", ""start_geometry_sha256"": ""f17724501e3e80389a5a9a11bd333a7217016e2a1be235a0fc74fa7b8b7aa9b8"", ""steps"": 58}]",6f67e798f6146e4a56075dcd9462f68eaac8f8409d400c51342d2cf3eabde71f,-6.987867881357694,3.0,step_4_H2O,10.0,-0.17204061484720046,True,8.622807761728788,0.6527014328916925,False,quantitative_screening,1,1,52c62aff4ff632b6933e,False,
"('Perovskite', 'Pr', 'Ru', 'Co', 0.0, 'B_vacancy')",Perovskite,True,esen-sm-conserving-all-oc25:relax-v4:orr-che-v3,True,0.07185189440960865,118,150,0.08,converged,,bfgs_standard,"[{""ase_converged"": true, ""converged"": true, ""end_geometry_sha256"": ""dbbd673ace2e995f1339f591933fbeff214316ee6355339ae715cff4f82bc275"", ""failure_class"": null, ""max_force_eV_A"": 0.07185189440960865, ""name"": ""bfgs_standard"", ""start_geometry_sha256"": ""674c4ba257c7d9733f99257257f20210850e93966aa913b8f1ae07a3869e9ecd"", ""steps"": 118}]",dbbd673ace2e995f1339f591933fbeff214316ee6355339ae715cff4f82bc275,-436.53866525497847,True,0.07316002073370992,88.0,100.0,0.08,converged,,bfgs_standard,"[{""ase_converged"": true, ""converged"": true, ""end_geometry_sha256"": ""bb3031819e7004f9bd4417052c3cd2c939b12b57842b96584d1dca427ba0d1f0"", ""failure_class"": null, ""max_force_eV_A"": 0.07316002073370992, ""name"": ""bfgs_standard"", ""start_geometry_sha256"": ""995e60108d8286b337f076350e43f730a38dcbb0d5dbd2032a64f51d62483be0"", ""steps"": 88}]",bb3031819e7004f9bd4417052c3cd2c939b12b57842b96584d1dca427ba0d1f0,1.0545213843881516,True,0.07658240149022805,259.0,100.0,0.08,converged,,bfgs_after_fire,"[{""ase_converged"": false, ""converged"": false, ""end_geometry_sha256"": ""2e42945aaebe3dace848a3597898a0a4479dd50c49f2d03e816a3688f018edf2"", ""failure_class"": ""force_threshold"", ""max_force_eV_A"": 0.18492917468399167, ""name"": ""bfgs_standard"", ""start_geometry_sha256"": ""a926aae91011dba466e6b0bc56f93c64a981e827a83ecb1c4ca2f563acd0779b"", ""steps"": 100}, {""ase_converged"": false, ""converged"": false, ""end_geometry_sha256"": ""9df87b0f30134248ffdd4abb9415fedc715758de357ed156b31ffb05f48865eb"", ""failure_class"": ""force_threshold"", ""max_force_eV_A"": 0.2628356477876095, ""name"": ""fire_precondition"", ""qualifying"": false, ""start_geometry_sha256"": ""a926aae91011dba466e6b0bc56f93c64a981e827a83ecb1c4ca2f563acd0779b"", ""steps"": 50}, {""ase_converged"": true, ""converged"": true, ""end_geometry_sha256"": ""72d186a28c239ed1559a707e7f4110c1c47058ecf09d46ca8ea54690822c89dd"", ""failure_class"": null, ""max_force_eV_A"": 0.07658240149022805, ""name"": ""bfgs_after_fire"", ""start_geometry_sha256"": ""9df87b0f30134248ffdd4abb9415fedc715758de357ed156b31ffb05f48865eb"", ""steps"": 109}]",72d186a28c239ed1559a707e7f4110c1c47058ecf09d46ca8ea54690822c89dd,3.1324471600353467,True,0.06649996911841675,290.0,100.0,0.08,converged,,bfgs_after_fire,"[{""ase_converged"": false, ""converged"": false, ""end_geometry_sha256"": ""496327940b2fca14ae67df99df488767e92fbf4c65412334d7d5d5f08d350d73"", ""failure_class"": ""force_threshold"", ""max_force_eV_A"": 0.38788162353950817, ""name"": ""bfgs_standard"", ""start_geometry_sha256"": ""94e2bd33f406b630e6a289b1c3fb0710c8547ed7353d3e4be6f289295bfc4ac5"", ""steps"": 100}, {""ase_converged"": false, ""converged"": false, ""end_geometry_sha256"": ""bca78dceaf3b3e1f6b06060d46fe08ae61f3747f4a17d88fcd738585cf1c3a35"", ""failure_class"": ""force_threshold"", ""max_force_eV_A"": 0.7014653973277994, ""name"": ""fire_precondition"", ""qualifying"": false, ""start_geometry_sha256"": ""94e2bd33f406b630e6a289b1c3fb0710c8547ed7353d3e4be6f289295bfc4ac5"", ""steps"": 50}, {""ase_converged"": true, ""converged"": true, ""end_geometry_sha256"": ""4fa10c8a34ccf3a8f3f0c81a9a6c1f14e1f1ba647924a984f8821a52bb303286"", ""failure_class"": null, ""max_force_eV_A"": 0.06649996911841675, ""name"": ""bfgs_after_fire"", ""start_geometry_sha256"": ""bca78dceaf3b3e1f6b06060d46fe08ae61f3747f4a17d88fcd738585cf1c3a35"", ""steps"": 140}]",4fa10c8a34ccf3a8f3f0c81a9a6c1f14e1f1ba647924a984f8821a52bb303286,1.1272348865865842,3.0,step_2_O,9.0,-2.0,True,4.1869685444234985,0.6527014328916925,False,quantitative_screening,0,0,03df8c8ba604559c1a66,False,
"('MAXPhase', 'Zr', 'Ge', 'C', 1, 'Co', 'basal_0001')",MAXPhase,True,esen-sm-conserving-all-oc25:relax-v4:orr-che-v3,True,0.07531151764642283,22,150,0.08,converged,,bfgs_standard,"[{""ase_converged"": true, ""converged"": true, ""end_geometry_sha256"": ""3b6ac8c91f7b60e67fd186a40f049d8609843c2d2e6d8529d4e6c953f1090f09"", ""failure_class"": null, ""max_force_eV_A"": 0.07531151764642283, ""name"": ""bfgs_standard"", ""start_geometry_sha256"": ""18236a71c51a9da1db0bae714dee7bdbe4614a97493d96aa144fe42836a8db87"", ""steps"": 22}]",3b6ac8c91f7b60e67fd186a40f049d8609843c2d2e6d8529d4e6c953f1090f09,-138.42070369962795,True,0.04721967968960408,44.0,100.0,0.08,converged,,bfgs_standard,"[{""ase_converged"": true, ""converged"": true, ""end_geometry_sha256"": ""5e31e4879b3d5d54fae777af5cccdf3883ccc96e9a9fd83d43ef99d70d3ab868"", ""failure_class"": null, ""max_force_eV_A"": 0.04721967968960408, ""name"": ""bfgs_standard"", ""start_geometry_sha256"": ""ef240140a0f8d4bda356a764679ac93f9bb0f8a54147796f51b2543d2c3006e9"", ""steps"": 44}]",5e31e4879b3d5d54fae777af5cccdf3883ccc96e9a9fd83d43ef99d70d3ab868,-1.619608101695776,True,0.07210745403819457,37.0,100.0,0.08,converged,,bfgs_standard,"[{""ase_converged"": true, ""converged"": true, ""end_geometry_sha256"": ""708231c9c79f382f21de3054da55b877325285cd893e296412eac216f4365c36"", ""failure_class"": null, ""max_force_eV_A"": 0.07210745403819457, ""name"": ""bfgs_standard"", ""start_geometry_sha256"": ""82af4339e80a5bf720ce087c37931d7df317528f00422252c785fdc4b353fdc0"", ""steps"": 37}]",708231c9c79f382f21de3054da55b877325285cd893e296412eac216f4365c36,-2.9531088702380623,True,0.019633454578839984,321.0,100.0,0.08,converged,,bfgs_after_fire,"[{""ase_converged"": false, ""converged"": false, ""end_geometry_sha256"": ""aa5a2d9a7fc6946cbcecd99a637ec860b7789af0bf9f97c4bcb7d871bb75883f"", ""failure_class"": ""force_threshold"", ""max_force_eV_A"": 0.26076854662424187, ""name"": ""bfgs_standard"", ""start_geometry_sha256"": ""44cf5927868169968dfed62c4c2df8fb40cf3ea5b4f74ef3499da8e26b0fc226"", ""steps"": 100}, {""ase_converged"": false, ""converged"": false, ""end_geometry_sha256"": ""268c3867d92b6a2e11b817228dc37e01171007190ae9b362df0cf79d34162e55"", ""failure_class"": ""force_threshold"", ""max_force_eV_A"": 3.037550500918356, ""name"": ""fire_precondition"", ""qualifying"": false, ""start_geometry_sha256"": ""44cf5927868169968dfed62c4c2df8fb40cf3ea5b4f74ef3499da8e26b0fc226"", ""steps"": 50}, {""ase_converged"": true, ""converged"": true, ""end_geometry_sha256"": ""244d13447f81d45eb0669a84cccfdb6056c6062c99918bd46b20e2a6ba14f55c"", ""failure_class"": null, ""max_force_eV_A"": 0.019633454578839984, ""name"": ""bfgs_after_fire"", ""start_geometry_sha256"": ""268c3867d92b6a2e11b817228dc37e01171007190ae9b362df0cf79d34162e55"", ""steps"": 171}]",244d13447f81d45eb0669a84cccfdb6056c6062c99918bd46b20e2a6ba14f55c,-4.524679709970947,2.848608101695776,step_4_H2O,9.0,0.0,True,4.572716971933838,0.707500000035,False,quantitative_screening,2,2,f8bd3c541e4252add2f8,False,
"('MAXPhase', 'Zr', 'Ge', 'N', 2, 'Ni', 'edge_1120')",MAXPhase,False,esen-sm-conserving-all-oc25:relax-v4:orr-che-v3,True,0.054663302485359735,30,150,0.08,converged,,bfgs_standard,"[{""ase_converged"": true, ""converged"": true, ""end_geometry_sha256"": ""8d5e53155a14ec830471794f63113be15f9d608b0780322ffde438ea2cb96c58"", ""failure_class"": null, ""max_force_eV_A"": 0.054663302485359735, ""name"": ""bfgs_standard"", ""start_geometry_sha256"": ""614de6f56213c9394a43b61bb7d71a2fcde2ba8876cdb00ca3247d5ee28dcf0c"", ""steps"": 30}]",8d5e53155a14ec830471794f63113be15f9d608b0780322ffde438ea2cb96c58,-65.54866009179722,False,,0.0,100.0,0.08,invalid_initial_geometry,atomic_overlap,none,[],39e79cc43442395b674d8b0a0f6affa412f7e2a34f132c4154086e657b7c2bf0,,,,,,,,,,,,,,,,,,,,,,,,,,,,,,,True,validation_required,1,1,976fc9a49d621cc56889,False,Invalid oh initial geometry: atomic_overlap
"('MAXPhase', 'Zr', 'In', 'C', 2, 'Mo', 'edge_1120')",MAXPhase,True,esen-sm-conserving-all-oc25:relax-v4:orr-che-v3,True,0.03547923707519795,89,150,0.08,converged,,bfgs_standard,"[{""ase_converged"": true, ""converged"": true, ""end_geometry_sha256"": ""cb0c47314590bdeddb226cd4640fcf4284973cdd3381227717ebb428c9365b18"", ""failure_class"": null, ""max_force_eV_A"": 0.03547923707519795, ""name"": ""bfgs_standard"", ""start_geometry_sha256"": ""ca8a4481cbb31e4e998d8e4a5d4efff25ec8df32befbd64337f7ad0483348cf5"", ""steps"": 89}]",cb0c47314590bdeddb226cd4640fcf4284973cdd3381227717ebb428c9365b18,-59.283123503121885,True,0.057978116518784824,51.0,100.0,0.08,converged,,bfgs_standard,"[{""ase_converged"": true, ""converged"": true, ""end_geometry_sha256"": ""4bc4999cdff5352e92e77da3cfbe28b42c968196acc0063fcbfffe9a28baf3dc"", ""failure_class"": null, ""max_force_eV_A"": 0.057978116518784824, ""name"": ""bfgs_standard"", ""start_geometry_sha256"": ""936987f3718d08783fcca6a842697146a8cac8528dc85abd95b359a4c3524e88"", ""steps"": 51}]",4bc4999cdff5352e92e77da3cfbe28b42c968196acc0063fcbfffe9a28baf3dc,1.2162016059458256,True,0.07957258616512845,15.0,100.0,0.08,converged,,bfgs_standard,"[{""ase_converged"": true, ""converged"": true, ""end_geometry_sha256"": ""4f36d93c05c4f52dc5e3ed717c266beb9d31596e68fc5e514f6482272cd7972f"", ""failure_class"": null, ""max_force_eV_A"": 0.07957258616512845, ""name"": ""bfgs_standard"", ""start_geometry_sha256"": ""75a0366d2e7bcf9f4b38eb8bd444f7dbe09077e854997cbd8f951903038c443b"", ""steps"": 15}]",4f36d93c05c4f52dc5e3ed717c266beb9d31596e68fc5e514f6482272cd7972f,1.5778836376964798,True,0.07840362909726747,45.0,100.0,0.08,converged,,bfgs_standard,"[{""ase_converged"": true, ""converged"": true, ""end_geometry_sha256"": ""55b84a66504f6bf9d29519a1ffde6d416cc3b183fb3dbd4a31b060c0f33cdc19"", ""failure_class"": null, ""max_force_eV_A"": 0.07840362909726747, ""name"": ""bfgs_standard"", ""start_geometry_sha256"": ""ea0cec7fa0cc1e6aeaef841169cd44276ec4d7e5e3e83fe35e29ff1409975129"", ""steps"": 45}]",55b84a66504f6bf9d29519a1ffde6d416cc3b183fb3dbd4a31b060c0f33cdc19,2.698960731923555,0.8673179682493459,step_3_OH,10.0,-0.8702632007109545,True,2.7940852436423054,0.707500000035,False,quantitative_screening,1,1,b2b63c1632b2d3827f58,False,
"('MAXPhase', 'Zr', 'In', 'C', 3, 'Zr', 'basal_0001')",MAXPhase,True,esen-sm-conserving-all-oc25:relax-v4:orr-che-v3,True,0.07782262872273497,30,150,0.08,converged,,bfgs_standard,"[{""ase_converged"": true, ""converged"": true, ""end_geometry_sha256"": ""9d889eb40f09022d0b5691ee4fa805a52d624e420e709bda39cc03d0ba41bd37"", ""failure_class"": null, ""max_force_eV_A"": 0.07782262872273497, ""name"": ""bfgs_standard"", ""start_geometry_sha256"": ""ced50f833a9621207b4327c31547e33abc8a903d1986761c5b4c193297a74980"", ""steps"": 30}]",9d889eb40f09022d0b5691ee4fa805a52d624e420e709bda39cc03d0ba41bd37,-310.4055917282409,True,0.07718696619474427,96.0,100.0,0.08,converged,,bfgs_standard,"[{""ase_converged"": true, ""converged"": true, ""end_geometry_sha256"": ""0758eb1dcab7da7498be9ddd80ee1451ce41b01c3c87dc4bc8bba4d696b62da9"", ""failure_class"": null, ""max_force_eV_A"": 0.07718696619474427, ""name"": ""bfgs_standard"", ""start_geometry_sha256"": ""ce31a8c0342bb16c93c0f9a94d0b65c0b27ffe355b88504d3df4ac9532ab2337"", ""steps"": 96}]",0758eb1dcab7da7498be9ddd80ee1451ce41b01c3c87dc4bc8bba4d696b62da9,-1.8086931084096431,True,0.06603444206999415,196.0,100.0,0.08,converged,,bfgs_after_fire,"[{""ase_converged"": false, ""converged"": false, ""end_geometry_sha256"": ""4407647d325db36c058280346daa37c983c0a3abeb3643cb29b0d4c5a61e9ae0"", ""failure_class"": ""force_threshold"", ""max_force_eV_A"": 0.584177262236512, ""name"": ""bfgs_standard"", ""start_geometry_sha256"": ""86283ac2b9761c7f80cecf1c2db4f48d3a04eadd0b380e55f6ffa219de57e377"", ""steps"": 100}, {""ase_converged"": false, ""converged"": false, ""end_geometry_sha256"": ""5deec37b1002551d01c16a0d52399e606153829857062b9d9b37e42760aef614"", ""failure_class"": ""force_threshold"", ""max_force_eV_A"": 0.43414612829663857, ""name"": ""fire_precondition"", ""qualifying"": false, ""start_geometry_sha256"": ""86283ac2b9761c7f80cecf1c2db4f48d3a04eadd0b380e55f6ffa219de57e377"", ""steps"": 50}, {""ase_converged"": true, ""converged"": true, ""end_geometry_sha256"": ""3a9d875eab55261c76ce49fa6923471d57e11fb3a4cdab5f47f322942fac50e5"", ""failure_class"": null, ""max_force_eV_A"": 0.06603444206999415, ""name"": ""bfgs_after_fire"", ""start_geometry_sha256"": ""5deec37b1002551d01c16a0d52399e606153829857062b9d9b37e42760aef614"", ""steps"": 46}]",3a9d875eab55261c76ce49fa6923471d57e11fb3a4cdab5f47f322942fac50e5,-1.1253405444324265,True,0.07411302315565639,304.0,100.0,0.08,converged,,bfgs_after_fire,"[{""ase_converged"": false, ""converged"": false, ""end_geometry_sha256"": ""fe067db3ea2c8d87238b9dce97afa12edc176f2c1f9892e02326c346bee16421"", ""failure_class"": ""force_threshold"", ""max_force_eV_A"": 1.7996124647769942, ""name"": ""bfgs_standard"", ""start_geometry_sha256"": ""8de45be29eb37d2a6f8f93040fcb6b4cb59e3a01c72b75d088d9af341a32b1a4"", ""steps"": 100}, {""ase_converged"": false, ""converged"": false, ""end_geometry_sha256"": ""252778c6e6278ee98e67730bf84a7c3ed9af74a1cb7855f42ea9ee14ee0fdeff"", ""failure_class"": ""force_threshold"", ""max_force_eV_A"": 1.9355884700826125, ""name"": ""fire_precondition"", ""qualifying"": false, ""start_geometry_sha256"": ""8de45be29eb37d2a6f8f93040fcb6b4cb59e3a01c72b75d088d9af341a32b1a4"", ""steps"": 50}, {""ase_converged"": true, ""converged"": true, ""end_geometry_sha256"": ""52a57bf35e64c2b64f66d048b35a159067845541f9613e85c2cfb1cbf1228750"", ""failure_class"": null, ""max_force_eV_A"": 0.07411302315565639, ""name"": ""bfgs_after_fire"", ""start_geometry_sha256"": ""252778c6e6278ee98e67730bf84a7c3ed9af74a1cb7855f42ea9ee14ee0fdeff"", ""steps"": 154}]",52a57bf35e64c2b64f66d048b35a159067845541f9613e85c2cfb1cbf1228750,-4.962568809092069,3.0,step_2_O,10.0,0.0,True,2.9340336528420696,0.707500000035,False,quantitative_screening,2,2,2031a4dbfe159687ac62,False,
"('MAXPhase', 'Zr', 'In', 'N', 3, 'Ta', 'basal_0001')",MAXPhase,True,esen-sm-conserving-all-oc25:relax-v4:orr-che-v3,True,0.07203264993349383,27,150,0.08,converged,,bfgs_standard,"[{""ase_converged"": true, ""converged"": true, ""end_geometry_sha256"": ""f83ee0cf5f527d71fa4fc71274794d8c29ff0c30047d3919b4aea01b9dcfd122"", ""failure_class"": null, ""max_force_eV_A"": 0.07203264993349383, ""name"": ""bfgs_standard"", ""start_geometry_sha256"": ""2437dcdef1b8178413c1b93cac4ddd97d69588c5a093d1373171db558478823c"", ""steps"": 27}]",f83ee0cf5f527d71fa4fc71274794d8c29ff0c30047d3919b4aea01b9dcfd122,-319.24668159185984,True,0.07977956972145293,54.0,100.0,0.08,converged,,bfgs_standard,"[{""ase_converged"": true, ""converged"": true, ""end_geometry_sha256"": ""214c81eba9a591f0a91c70bde7442bb87ba745cb4173cc8421d9de67c449ca57"", ""failure_class"": null, ""max_force_eV_A"": 0.07977956972145293, ""name"": ""bfgs_standard"", ""start_geometry_sha256"": ""4161e914f3a5d1a3058e23ee57bcd3518bc1c26a8db4f51a23a2dad68a68468b"", ""steps"": 54}]",214c81eba9a591f0a91c70bde7442bb87ba745cb4173cc8421d9de67c449ca57,-0.7134363029897213,True,0.07691973183240738,80.0,100.0,0.08,converged,,bfgs_standard,"[{""ase_converged"": true, ""converged"": true, ""end_geometry_sha256"": ""30f112af4b0d3a36b2e837a393edf76366c148144b79ed71e28f0a79a43a0594"", ""failure_class"": null, ""max_force_eV_A"": 0.07691973183240738, ""name"": ""bfgs_standard"", ""start_geometry_sha256"": ""508f4f5df7e0f88c26982c1cea6f169454fd3c8708cb0d9fbaf3bb979835f919"", ""steps"": 80}]",30f112af4b0d3a36b2e837a393edf76366c148144b79ed71e28f0a79a43a0594,-2.666920744627739,True,0.0743092982388083,260.0,100.0,0.08,converged,,bfgs_after_fire,"[{""ase_converged"": false, ""converged"": false, ""end_geometry_sha256"": ""fcb55b257c221940ae1f53bd02ce9a42253449aa430c6665f15086c72fbf1a7f"", ""failure_class"": ""force_threshold"", ""max_force_eV_A"": 0.48977636937268665, ""name"": ""bfgs_standard"", ""start_geometry_sha256"": ""5c66229c9632f39fa730d7c64929c2694e28600c7fe1f2dfd6612ce06923f618"", ""steps"": 100}, {""ase_converged"": false, ""converged"": false, ""end_geometry_sha256"": ""69fbe9fc400eb3a859da41630cd3d2ce3ff5ab996f794fd6f06f17814faf477d"", ""failure_class"": ""force_threshold"", ""max_force_eV_A"": 0.5036932410909373, ""name"": ""fire_precondition"", ""qualifying"": false, ""start_geometry_sha256"": ""5c66229c9632f39fa730d7c64929c2694e28600c7fe1f2dfd6612ce06923f618"", ""steps"": 50}, {""ase_converged"": true, ""converged"": true, ""end_geometry_sha256"": ""35abdaa7fc1103ec8bc17451d9a64cd331f784015e4c96f4e48d116bfb61d2d0"", ""failure_class"": null, ""max_force_eV_A"": 0.0743092982388083, ""name"": ""bfgs_after_fire"", ""start_geometry_sha256"": ""69fbe9fc400eb3a859da41630cd3d2ce3ff5ab996f794fd6f06f17814faf477d"", ""steps"": 110}]",35abdaa7fc1103ec8bc17451d9a64cd331f784015e4c96f4e48d116bfb61d2d0,-4.790436317026639,3.0,step_2_O,10.0,-0.7223640343000499,True,3.3803570476174603,0.707500000035,False,quantitative_screening,1,1,aff6fd6141a585460070,False,
"('MAXPhase', 'Zr', 'Sn', 'C', 2, 'None', 'basal_0001')",MAXPhase,True,esen-sm-conserving-all-oc25:relax-v4:orr-che-v3,True,0.07288212995760024,97,150,0.08,converged,,bfgs_standard,"[{""ase_converged"": true, ""converged"": true, ""end_geometry_sha256"": ""2aea408cb59d9567cb7e9f261523d1a8716cd799378ef0cea7152a666cfc88c2"", ""failure_class"": null, ""max_force_eV_A"": 0.07288212995760024, ""name"": ""bfgs_standard"", ""start_geometry_sha256"": ""2a794efa0e9c221646faf4f7d447a90a682b5ab913f252252c20911874da35f4"", ""steps"": 97}]",2aea408cb59d9567cb7e9f261523d1a8716cd799378ef0cea7152a666cfc88c2,-229.48313395612695,True,0.07446593225424791,89.0,100.0,0.08,converged,,bfgs_standard,"[{""ase_converged"": true, ""converged"": true, ""end_geometry_sha256"": ""cbd8a2307fb3dc211bf7a12e4fb3cec5e412c056f5c6ea31aba508dcb8bd5c44"", ""failure_class"": null, ""max_force_eV_A"": 0.07446593225424791, ""name"": ""bfgs_standard"", ""start_geometry_sha256"": ""94c54770347e4c91d6301018642f55bfbc9a2553c7aade389cacf5c9cf3bbe46"", ""steps"": 89}]",cbd8a2307fb3dc211bf7a12e4fb3cec5e412c056f5c6ea31aba508dcb8bd5c44,-1.9120046471059322,True,0.04876701237061423,57.0,100.0,0.08,converged,,bfgs_standard,"[{""ase_converged"": true, ""converged"": true, ""end_geometry_sha256"": ""053b1fb99d6a30f0ea459537f79d5035e00c9bd0e47be378e0ffbbb6df0ba071"", ""failure_class"": null, ""max_force_eV_A"": 0.04876701237061423, ""name"": ""bfgs_standard"", ""start_geometry_sha256"": ""009e18c88dee1f2af216dce0fc14d2f95dc28b177f5923c4f7639eb3c8fccc67"", ""steps"": 57}]",053b1fb99d6a30f0ea459537f79d5035e00c9bd0e47be378e0ffbbb6df0ba071,-2.631707274168755,True,0.06573953690979499,228.0,100.0,0.08,converged,,bfgs_after_fire,"[{""ase_converged"": false, ""converged"": false, ""end_geometry_sha256"": ""02eea2e7c9568822bf3c3541332c9bf40ade48924fda37f400e1651da49a435b"", ""failure_class"": ""force_threshold"", ""max_force_eV_A"": 0.9797139247033283, ""name"": ""bfgs_standard"", ""start_geometry_sha256"": ""89a25e3dfde16d5f974d3c5320f3ea5d640e932b0443fb3cf87f078754da4ed6"", ""steps"": 100}, {""ase_converged"": true, ""converged"": true, ""end_geometry_sha256"": ""270665b3508af2c1a3aac8b10b637793a68cbf851dea796ffbf15dc2abff6485"", ""failure_class"": null, ""max_force_eV_A"": 0.24846178002364547, ""name"": ""fire_precondition"", ""qualifying"": false, ""start_geometry_sha256"": ""89a25e3dfde16d5f974d3c5320f3ea5d640e932b0443fb3cf87f078754da4ed6"", ""steps"": 16}, {""ase_converged"": true, ""converged"": true, ""end_geometry_sha256"": ""2a77f28ce9183739eda31efe28789ee26c60a9fa02e894079b8a1af48e378f7d"", ""failure_class"": null, ""max_force_eV_A"": 0.06573953690979499, ""name"": ""bfgs_after_fire"", ""start_geometry_sha256"": ""270665b3508af2c1a3aac8b10b637793a68cbf851dea796ffbf15dc2abff6485"", ""steps"": 112}]",2a77f28ce9183739eda31efe28789ee26c60a9fa02e894079b8a1af48e378f7d,-4.848352958261991,3.0,step_2_O,10.0,0.0,True,4.543711921274687,0.707500000035,False,quantitative_screening,0,0,6484b62c8a3a37d92288,False,
"('MAXPhase', 'Zr', 'Pb', 'C', 1, 'Ti', 'edge_1120')",MAXPhase,True,esen-sm-conserving-all-oc25:relax-v4:orr-che-v3,True,0.0,0,150,0.08,converged,,bfgs_standard,"[{""ase_converged"": true, ""converged"": true, ""end_geometry_sha256"": ""908c75373160bf79ffd513d1a6aa36eeb628b11f029f2b123502460b8ed3f4c2"", ""failure_class"": null, ""max_force_eV_A"": 0.0, ""name"": ""bfgs_standard"", ""start_geometry_sha256"": ""908c75373160bf79ffd513d1a6aa36eeb628b11f029f2b123502460b8ed3f4c2"", ""steps"": 0}]",908c75373160bf79ffd513d1a6aa36eeb628b11f029f2b123502460b8ed3f4c2,-39.09178064351869,True,0.06481473766386427,45.0,100.0,0.08,converged,,bfgs_standard,"[{""ase_converged"": true, ""converged"": true, ""end_geometry_sha256"": ""8206da79ba8180dd92bba9eb7fea1ee5863e95f27395ac15453ca772fd46848d"", ""failure_class"": null, ""max_force_eV_A"": 0.06481473766386427, ""name"": ""bfgs_standard"", ""start_geometry_sha256"": ""358a9f18c55fa9cc7bbd4afe3b782d9a48482d1523dd26d3b87d456965e18d0a"", ""steps"": 45}]",8206da79ba8180dd92bba9eb7fea1ee5863e95f27395ac15453ca772fd46848d,1.6432035590708256,True,0.025178552889950533,13.0,100.0,0.08,converged,,bfgs_standard,"[{""ase_converged"": true, ""converged"": true, ""end_geometry_sha256"": ""a5693e7e8312106094d77601a9f3540355534a97eba13bf27ba0f444c476a1bd"", ""failure_class"": null, ""max_force_eV_A"": 0.025178552889950533, ""name"": ""bfgs_standard"", ""start_geometry_sha256"": ""3969d8066d6f57e55e898181ad99e6127ce1d63fcf09a0fafadf93fd4cb821db"", ""steps"": 13}]",a5693e7e8312106094d77601a9f3540355534a97eba13bf27ba0f444c476a1bd,2.3371152050793205,True,0.0759201268408886,34.0,100.0,0.08,converged,,bfgs_standard,"[{""ase_converged"": true, ""converged"": true, ""end_geometry_sha256"": ""ac4d1023e4db4a538536d0aefcd9016eb0c3956467ad8a5977003046914101e8"", ""failure_class"": null, ""max_force_eV_A"": 0.0759201268408886, ""name"": ""bfgs_standard"", ""start_geometry_sha256"": ""2a3a38b56e082a5a5ae84d90c86573a8786fee428d0b86a593012f1fba123778"", ""steps"": 34}]",ac4d1023e4db4a538536d0aefcd9016eb0c3956467ad8a5977003046914101e8,1.444947670400146,2.1211675346791745,step_2_O,10.0,0.0,True,3.9803187641501463,0.6527014328916925,False,quantitative_screening,1,1,ca6876f04890524b39cc,False,
"('MAXPhase', 'Zr', 'Pb', 'C', 3, 'Ta', 'edge_1010')",MAXPhase,True,esen-sm-conserving-all-oc25:relax-v4:orr-che-v3,True,0.057485499222702054,353,150,0.08,converged,,bfgs_after_fire,"[{""ase_converged"": false, ""converged"": false, ""end_geometry_sha256"": ""bf99ba55addb926b5871902b2e0eb84074891b9201db687e2a6de9a0456f5da8"", ""failure_class"": ""force_threshold"", ""max_force_eV_A"": 0.14725450103926604, ""name"": ""bfgs_standard"", ""start_geometry_sha256"": ""6d869fc038037662f25091e0973294ed83101a6fdda5addcff90ebdf8e30948a"", ""steps"": 150}, {""ase_converged"": false, ""converged"": false, ""end_geometry_sha256"": ""521e8373ac8747e6f2a640ea297f4fd50de5831d81a3f7bf05bc64d5fde53f55"", ""failure_class"": ""force_threshold"", ""max_force_eV_A"": 0.626670185301482, ""name"": ""fire_precondition"", ""qualifying"": false, ""start_geometry_sha256"": ""6d869fc038037662f25091e0973294ed83101a6fdda5addcff90ebdf8e30948a"", ""steps"": 75}, {""ase_converged"": true, ""converged"": true, ""end_geometry_sha256"": ""7710dcde35010402f4b97058d5f3aa797d780e92d8b795f12cb251741b69eb51"", ""failure_class"": null, ""max_force_eV_A"": 0.057485499222702054, ""name"": ""bfgs_after_fire"", ""start_geometry_sha256"": ""521e8373ac8747e6f2a640ea297f4fd50de5831d81a3f7bf05bc64d5fde53f55"", ""steps"": 128}]",7710dcde35010402f4b97058d5f3aa797d780e92d8b795f12cb251741b69eb51,-312.76771060721455,True,0.07548054939169914,58.0,100.0,0.08,converged,,bfgs_standard,"[{""ase_converged"": true, ""converged"": true, ""end_geometry_sha256"": ""bfbd78667605d1f015dce407bf3edb8579f235539917e78b9ca9fbb8f0932d4f"", ""failure_class"": null, ""max_force_eV_A"": 0.07548054939169914, ""name"": ""bfgs_standard"", ""start_geometry_sha256"": ""c2021c4e526319099346ce824be000ee093fb845601f9a542e36f698d6c65680"", ""steps"": 58}]",bfbd78667605d1f015dce407bf3edb8579f235539917e78b9ca9fbb8f0932d4f,-1.8699609611929031,True,0.07756443449623489,23.0,100.0,0.08,converged,,bfgs_standard,"[{""ase_converged"": true, ""converged"": true, ""end_geometry_sha256"": ""852130dfc59eecad970ae272799156b233606388a192b794ceb3dbfd84bb066e"", ""failure_class"": null, ""max_force_eV_A"": 0.07756443449623489, ""name"": ""bfgs_standard"", ""start_geometry_sha256"": ""cd4cbabcfe079e1349c176eb799753ee9d6415e484fcb54c2609815630d915ff"", ""steps"": 23}]",852130dfc59eecad970ae272799156b233606388a192b794ceb3dbfd84bb066e,-1.4488955371082646,True,0.0628128759361807,73.0,100.0,0.08,converged,,bfgs_standard,"[{""ase_converged"": true, ""converged"": true, ""end_geometry_sha256"": ""c73255f3703afa53c2949ff2bb74d72b28307d2c1c28af60e1abf52245e93629"", ""failure_class"": null, ""max_force_eV_A"": 0.0628128759361807, ""name"": ""bfgs_standard"", ""start_geometry_sha256"": ""287862377f230c9788629d1fac8e2969a9502d7a024fa1f129ccb9e32b1b51e5"", ""steps"": 73}]",c73255f3703afa53c2949ff2bb74d72b28307d2c1c28af60e1abf52245e93629,-4.0876832500100955,3.0,step_2_O,10.0,0.0,True,3.3188564983011677,0.6527014328916925,False,quantitative_screening,2,2,7cb9764f686e2e4fbf99,False,
"('MAXPhase', 'Zr', 'Pb', 'N', 1, 'Nb', 'edge_1120')",MAXPhase,True,esen-sm-conserving-all-oc25:relax-v4:orr-che-v3,True,0.0,0,150,0.08,converged,,bfgs_standard,"[{""ase_converged"": true, ""converged"": true, ""end_geometry_sha256"": ""2b85c9230afcf641278704bf966c35b9f91ef7c3ccfb2412f814ebf1f5732714"", ""failure_class"": null, ""max_force_eV_A"": 0.0, ""name"": ""bfgs_standard"", ""start_geometry_sha256"": ""2b85c9230afcf641278704bf966c35b9f91ef7c3ccfb2412f814ebf1f5732714"", ""steps"": 0}]",2b85c9230afcf641278704bf966c35b9f91ef7c3ccfb2412f814ebf1f5732714,-39.185093993994855,True,0.03358864570487196,40.0,100.0,0.08,converged,,bfgs_standard,"[{""ase_converged"": true, ""converged"": true, ""end_geometry_sha256"": ""9e99d55fdb5c824a83e3cdf6a927439cde03ff1e80acf0edf2fc8409f6a0ac7e"", ""failure_class"": null, ""max_force_eV_A"": 0.03358864570487196, ""name"": ""bfgs_standard"", ""start_geometry_sha256"": ""47be83aa13863bd7e9472d5233a87256d3f57a1c80e5945eccd4ef14cf5be55c"", ""steps"": 40}]",9e99d55fdb5c824a83e3cdf6a927439cde03ff1e80acf0edf2fc8409f6a0ac7e,1.6166532661020756,True,0.07183656104317968,12.0,100.0,0.08,converged,,bfgs_standard,"[{""ase_converged"": true, ""converged"": true, ""end_geometry_sha256"": ""88b353d1ee0cdd42df3dfcc2ff2769084d3993dd0bf84ba059b53e7816b0cfd1"", ""failure_class"": null, ""max_force_eV_A"": 0.07183656104317968, ""name"": ""bfgs_standard"", ""start_geometry_sha256"": ""1a3ee3f9c21561396960ff012e64d6d45a55af7d5be1f1e45077adac6cda41c6"", ""steps"": 12}]",88b353d1ee0cdd42df3dfcc2ff2769084d3993dd0bf84ba059b53e7816b0cfd1,2.3746823437511955,True,0.04781782939688805,38.0,100.0,0.08,converged,,bfgs_standard,"[{""ase_converged"": true, ""converged"": true, ""end_geometry_sha256"": ""3e7d8f6394c2f40a6d29e336dc79a2b6c5b4905d411d6eedb1ffef69e2ac8ead"", ""failure_class"": null, ""max_force_eV_A"": 0.04781782939688805, ""name"": ""bfgs_standard"", ""start_geometry_sha256"": ""9bcd635b7f17ec8a42d1ac9a006c87c62aec201726c828cbf3a0a65121d56bbf"", ""steps"": 38}]",3e7d8f6394c2f40a6d29e336dc79a2b6c5b4905d411d6eedb1ffef69e2ac8ead,3.457856605947021,0.47097092235088023,step_3_OH,10.0,0.0,True,3.9913356098532713,0.6527014328916925,False,quantitative_screening,1,1,ff6e40eaf04304ee6bac,False,
"('MAXPhase', 'Zr', 'Bi', 'C', 1, 'Sc', 'basal_0001')",MAXPhase,True,esen-sm-conserving-all-oc25:relax-v4:orr-che-v3,True,0.057399747110540765,29,150,0.08,converged,,bfgs_standard,"[{""ase_converged"": true, ""converged"": true, ""end_geometry_sha256"": ""e5b65bfc7728c6bccfd87390a22056e6c355ca7c23b755f983fbef07dba901f8"", ""failure_class"": null, ""max_force_eV_A"": 0.057399747110540765, ""name"": ""bfgs_standard"", ""start_geometry_sha256"": ""f33664aa2878f7c5ab95186cdd1bed8bb508c2b8d50c652bbc1a15e18ba0d86e"", ""steps"": 29}]",e5b65bfc7728c6bccfd87390a22056e6c355ca7c23b755f983fbef07dba901f8,-138.9441969016059,True,0.06001038861181819,58.0,100.0,0.08,converged,,bfgs_standard,"[{""ase_converged"": true, ""converged"": true, ""end_geometry_sha256"": ""d09d151e521fbce1e563b6a277b1ec8d7f372eb0b1c65fee02a3df3599a74e97"", ""failure_class"": null, ""max_force_eV_A"": 0.06001038861181819, ""name"": ""bfgs_standard"", ""start_geometry_sha256"": ""f42a0d025cab0f8b80af672f976aec273ec8b210090c6ce439dd68361ed08291"", ""steps"": 58}]",d09d151e521fbce1e563b6a277b1ec8d7f372eb0b1c65fee02a3df3599a74e97,-2.0836698387563226,True,0.04965329482369996,77.0,100.0,0.08,converged,,bfgs_standard,"[{""ase_converged"": true, ""converged"": true, ""end_geometry_sha256"": ""b3ec6d8afa14798bc9dbcd02cb3ba806822d997602a7b516a4948db0aea4a2b7"", ""failure_class"": null, ""max_force_eV_A"": 0.04965329482369996, ""name"": ""bfgs_standard"", ""start_geometry_sha256"": ""980b6956e90cf3f5619432652de852eae120e31c45c5c20d2237fc45ff55c1bf"", ""steps"": 77}]",b3ec6d8afa14798bc9dbcd02cb3ba806822d997602a7b516a4948db0aea4a2b7,-2.466305815428492,True,0.050840327106571166,99.0,100.0,0.08,converged,,bfgs_standard,"[{""ase_converged"": true, ""converged"": true, ""end_geometry_sha256"": ""e6f984171614c82e5af6d15ce24d874c83392814c4547970933c62728b536025"", ""failure_class"": null, ""max_force_eV_A"": 0.050840327106571166, ""name"": ""bfgs_standard"", ""start_geometry_sha256"": ""6faa774aa30489bd0cbdca5c975b3e9dcbc1912c691d68bbd63dc4727141c70f"", ""steps"": 99}]",e6f984171614c82e5af6d15ce24d874c83392814c4547970933c62728b536025,-5.538490821421142,3.0,step_2_O,10.0,-1.0246689253146295,True,4.549975654184815,0.707500000035,False,quantitative_screening,0,0,8e634df52c1669ebf8bb,False,
"('HEA', ('Ti', 'Mn', 'Au', 'Si', 'Ga', 'Sb'), 'hcp', '111', 800)",HEA,True,esen-sm-conserving-all-oc25:relax-v4:orr-che-v3,True,0.07102982038364104,28,150,0.08,converged,,bfgs_standard,"[{""ase_converged"": true, ""converged"": true, ""end_geometry_sha256"": ""54f45bdcbc480b99d4cc2984ee68db3e47e3e3d77445a2da76a587b84172fbf0"", ""failure_class"": null, ""max_force_eV_A"": 0.07102982038364104, ""name"": ""bfgs_standard"", ""start_geometry_sha256"": ""1273c767b0e510dfb18f2dc2669af16df93ac39e46fb842be8d428e23e5008ed"", ""steps"": 28}]",54f45bdcbc480b99d4cc2984ee68db3e47e3e3d77445a2da76a587b84172fbf0,-257.53144928893363,True,0.06580577060681808,67.0,100.0,0.08,converged,,bfgs_standard,"[{""ase_converged"": true, ""converged"": true, ""end_geometry_sha256"": ""bfbc31c3fc514c6b91483ea44e017f9d4aa86a4ccdc2ac9823f444939126b558"", ""failure_class"": null, ""max_force_eV_A"": 0.06580577060681808, ""name"": ""bfgs_standard"", ""start_geometry_sha256"": ""8f83fdecf2eaea114b5191c4d0ea40682abfd55404a02bb3f3abbf3dc6f72e0f"", ""steps"": 67}]",bfbc31c3fc514c6b91483ea44e017f9d4aa86a4ccdc2ac9823f444939126b558,-3.4629937981069085,True,0.06437526910728766,49.0,100.0,0.08,converged,,bfgs_standard,"[{""ase_converged"": true, ""converged"": true, ""end_geometry_sha256"": ""8628234bc65c7895785fadb4e97d605e3cbb84120dd81b36b9a98e551114b99f"", ""failure_class"": null, ""max_force_eV_A"": 0.06437526910728766, ""name"": ""bfgs_standard"", ""start_geometry_sha256"": ""7b1aa5ade4dfd0e221623f647b6d002ddf26e96b1a226b6b4acf267694e6c970"", ""steps"": 49}]",8628234bc65c7895785fadb4e97d605e3cbb84120dd81b36b9a98e551114b99f,-3.25112255737188,True,0.06402981428117376,241.0,100.0,0.08,converged,,bfgs_after_fire,"[{""ase_converged"": false, ""converged"": false, ""end_geometry_sha256"": ""50b566cd33f7b96ae667f60fc11b67fc30face2923511d4b7ad2ef57002a1ca2"", ""failure_class"": ""force_threshold"", ""max_force_eV_A"": 0.8396980020949769, ""name"": ""bfgs_standard"", ""start_geometry_sha256"": ""22aec8ff0a74cbf0a005647611a54ce10519951ae42ad11876bb699202da96f4"", ""steps"": 100}, {""ase_converged"": false, ""converged"": false, ""end_geometry_sha256"": ""9476cb6881912a9e0f0cc96d0be17f3bd9e27c96d448b0b8f13457abe21eba6d"", ""failure_class"": ""force_threshold"", ""max_force_eV_A"": 3.511136697198444, ""name"": ""fire_precondition"", ""qualifying"": false, ""start_geometry_sha256"": ""22aec8ff0a74cbf0a005647611a54ce10519951ae42ad11876bb699202da96f4"", ""steps"": 50}, {""ase_converged"": true, ""converged"": true, ""end_geometry_sha256"": ""4108cb35993a063ee434bd456b5fd0ccd18f17d2fbe753458646845818f82113"", ""failure_class"": null, ""max_force_eV_A"": 0.06402981428117376, ""name"": ""bfgs_after_fire"", ""start_geometry_sha256"": ""9476cb6881912a9e0f0cc96d0be17f3bd9e27c96d448b0b8f13457abe21eba6d"", ""steps"": 91}]",4108cb35993a063ee434bd456b5fd0ccd18f17d2fbe753458646845818f82113,2.687829445302518,3.0,step_4_H2O,9.0,0.0,True,6.714116355478788,0.902500000035,False,quantitative_screening,1,1,27df1703ece782ad9d8c,False,
"('HEA', ('Ti', 'Fe', 'Cu', 'Pd', 'Ta', 'Ge'), 'hcp', '111', 1200)",HEA,True,esen-sm-conserving-all-oc25:relax-v4:orr-che-v3,True,0.07158515121120544,36,150,0.08,converged,,bfgs_standard,"[{""ase_converged"": true, ""converged"": true, ""end_geometry_sha256"": ""ede40310b9cf638d95612b0af2cbe6ac8124b4f9f4d63ea5b9764f89369774e5"", ""failure_class"": null, ""max_force_eV_A"": 0.07158515121120544, ""name"": ""bfgs_standard"", ""start_geometry_sha256"": ""81055318b10e3eb87221ba283caec1391a08ebf56e32828ac11342bd5c4b0b0f"", ""steps"": 36}]",ede40310b9cf638d95612b0af2cbe6ac8124b4f9f4d63ea5b9764f89369774e5,-263.87241697790125,True,0.07576847576146767,29.0,100.0,0.08,converged,,bfgs_standard,"[{""ase_converged"": true, ""converged"": true, ""end_geometry_sha256"": ""4bf684d163bc4ef476e70df90575ae0ebf32426670c3f2fc2b0c65d51832e864"", ""failure_class"": null, ""max_force_eV_A"": 0.07576847576146767, ""name"": ""bfgs_standard"", ""start_geometry_sha256"": ""fd7e25d00e7e4655cac758701ff0f0073ac66178c0e25222feb92e510b0025a4"", ""steps"": 29}]",4bf684d163bc4ef476e70df90575ae0ebf32426670c3f2fc2b0c65d51832e864,-2.5290338371694654,True,0.06863935964639711,55.0,100.0,0.08,converged,,bfgs_standard,"[{""ase_converged"": true, ""converged"": true, ""end_geometry_sha256"": ""f8c64a35c15d19157e3b1cb976f1d12229c378afd78e5ca2a7d4c2a670043ac2"", ""failure_class"": null, ""max_force_eV_A"": 0.06863935964639711, ""name"": ""bfgs_standard"", ""start_geometry_sha256"": ""0c0643ad203e2e4c66e302b1562a84d92d495757dd8182095bec88763e3e4b73"", ""steps"": 55}]",f8c64a35c15d19157e3b1cb976f1d12229c378afd78e5ca2a7d4c2a670043ac2,-2.957631193846546,True,0.05570608877099741,266.0,100.0,0.08,converged,,bfgs_after_fire,"[{""ase_converged"": false, ""converged"": false, ""end_geometry_sha256"": ""0089268865d559e3abbb3c5851e826c65c90463e88d9eedd2764bcbdc382d286"", ""failure_class"": ""force_threshold"", ""max_force_eV_A"": 0.9416425694140829, ""name"": ""bfgs_standard"", ""start_geometry_sha256"": ""3fc2ff272ba1babcc50199d3475d1188c81872a3e67ada2e3f2f2bef35a5cb40"", ""steps"": 100}, {""ase_converged"": false, ""converged"": false, ""end_geometry_sha256"": ""fb97a79ba3aad64219616895b8719ef15e659cbd1f35166e834ecf19b13e1241"", ""failure_class"": ""force_threshold"", ""max_force_eV_A"": 7.088762875211892, ""name"": ""fire_precondition"", ""qualifying"": false, ""start_geometry_sha256"": ""3fc2ff272ba1babcc50199d3475d1188c81872a3e67ada2e3f2f2bef35a5cb40"", ""steps"": 50}, {""ase_converged"": true, ""converged"": true, ""end_geometry_sha256"": ""0fa76342b872e61be595397bd59214c9f1e5354fbef2f854e9d89ec4ec3541cf"", ""failure_class"": null, ""max_force_eV_A"": 0.05570608877099741, ""name"": ""bfgs_after_fire"", ""start_geometry_sha256"": ""fb97a79ba3aad64219616895b8719ef15e659cbd1f35166e834ecf19b13e1241"", ""steps"": 116}]",0fa76342b872e61be595397bd59214c9f1e5354fbef2f854e9d89ec4ec3541cf,2.68243927806619,3.0,step_4_H2O,5.0,0.0,True,5.486665031016011,0.902500000035,False,quantitative_screening,0,0,c62aa23bb79b12283ac3,False,
"('HEA', ('Ti', 'Fe', 'Zr', 'W', 'Pt', 'Ga'), 'fcc_bcc_dual', '100', 800)",HEA,False,esen-sm-conserving-all-oc25:relax-v4:orr-che-v3,True,0.07723442527211374,86,150,0.08,converged,,bfgs_standard,"[{""ase_converged"": true, ""converged"": true, ""end_geometry_sha256"": ""ea27406d67b0ed790923a6b440a35c7221c6af30b55c43db5123bcf94873dfa9"", ""failure_class"": null, ""max_force_eV_A"": 0.07723442527211374, ""name"": ""bfgs_standard"", ""start_geometry_sha256"": ""063012762fab4c768bb700a7fa14c9f7a1aec88f7d1473e7abfcf958f1173d09"", ""steps"": 86}]",ea27406d67b0ed790923a6b440a35c7221c6af30b55c43db5123bcf94873dfa9,-156.5973426098729,True,0.06615389333171544,181.0,100.0,0.08,converged,,bfgs_after_fire,"[{""ase_converged"": false, ""converged"": false, ""end_geometry_sha256"": ""1cd8cda865cda2a15dee16e76118e6df3fa372366711ea1ca3b10c154e8754b1"", ""failure_class"": ""force_threshold"", ""max_force_eV_A"": 0.1608679559605135, ""name"": ""bfgs_standard"", ""start_geometry_sha256"": ""f040143e3f877495a09465616c51f65a916fc372fea9b7b8675c996bf2f43dbd"", ""steps"": 100}, {""ase_converged"": false, ""converged"": false, ""end_geometry_sha256"": ""46d82d237e6dc170bc297e1e6ce2728b04a607fd4bf8e70fa25aa00900b4aa1c"", ""failure_class"": ""force_threshold"", ""max_force_eV_A"": 0.34382198120479013, ""name"": ""fire_precondition"", ""qualifying"": false, ""start_geometry_sha256"": ""f040143e3f877495a09465616c51f65a916fc372fea9b7b8675c996bf2f43dbd"", ""steps"": 50}, {""ase_converged"": true, ""converged"": true, ""end_geometry_sha256"": ""8eefa0cd6d477fec76ab2929eb7835115678f3b40c1db6e893b0727000720ec1"", ""failure_class"": null, ""max_force_eV_A"": 0.06615389333171544, ""name"": ""bfgs_after_fire"", ""start_geometry_sha256"": ""46d82d237e6dc170bc297e1e6ce2728b04a607fd4bf8e70fa25aa00900b4aa1c"", ""steps"": 31}]",8eefa0cd6d477fec76ab2929eb7835115678f3b40c1db6e893b0727000720ec1,-0.9721681450307369,True,0.06641074913003663,37.0,100.0,0.08,converged,,bfgs_standard,"[{""ase_converged"": true, ""converged"": true, ""end_geometry_sha256"": ""491feef01dd309d6d758e1ad89924ec30f54c9208baa300be14b36f2feea82fc"", ""failure_class"": null, ""max_force_eV_A"": 0.06641074913003663, ""name"": ""bfgs_standard"", ""start_geometry_sha256"": ""94ab7546bcd9614687c9d14f67578f5d9ffcbfab1a6f93ef2b96d2ad67b37641"", ""steps"": 37}]",491feef01dd309d6d758e1ad89924ec30f54c9208baa300be14b36f2feea82fc,-2.102826201170708,False,0.14687537027654413,650.0,100.0,0.08,recovery_exhausted,force_threshold,fire_small_step,"[{""ase_converged"": false, ""converged"": false, ""end_geometry_sha256"": ""cc430f6127ab3b774bdc13b8fc4ab7b3e784a27063827a760455701b18385a4d"", ""failure_class"": ""force_threshold"", ""max_force_eV_A"": 2.1662276365132946, ""name"": ""bfgs_standard"", ""start_geometry_sha256"": ""9ca91fdacbda8c4c7226443544f96e5ac6d7d516fbe91c5c379fc30fe7fd03e3"", ""steps"": 100}, {""ase_converged"": false, ""converged"": false, ""end_geometry_sha256"": ""58b39b1ff45c6d9fd655e748de482197fa34ccbf43fedee1abdd855a252f6952"", ""failure_class"": ""force_threshold"", ""max_force_eV_A"": 5.139491269398691, ""name"": ""fire_precondition"", ""qualifying"": false, ""start_geometry_sha256"": ""9ca91fdacbda8c4c7226443544f96e5ac6d7d516fbe91c5c379fc30fe7fd03e3"", ""steps"": 50}, {""ase_converged"": false, ""converged"": false, ""end_geometry_sha256"": ""b862dd1eaed7e2a126fed3d3a11439c437abf75760b57355bc836444a8fe332a"", ""failure_class"": ""force_threshold"", ""max_force_eV_A"": 0.21434936313861086, ""name"": ""bfgs_after_fire"", ""start_geometry_sha256"": ""58b39b1ff45c6d9fd655e748de482197fa34ccbf43fedee1abdd855a252f6952"", ""steps"": 200}, {""ase_converged"": false, ""converged"": false, ""end_geometry_sha256"": ""6e01fc1a65afecb8ef4a5e20cd60c11ccec7580cbaf3c945f1c83720f9c1c7b1"", ""failure_class"": ""force_threshold"", ""max_force_eV_A"": 0.14687537027654413, ""name"": ""fire_small_step"", ""start_geometry_sha256"": ""b862dd1eaed7e2a126fed3d3a11439c437abf75760b57355bc836444a8fe332a"", ""steps"": 300}]",6e01fc1a65afecb8ef4a5e20cd60c11ccec7580cbaf3c945f1c83720f9c1c7b1,,,,,,,,,True,validation_required,2,2,d1e649362c33d82655eb,False,Unconverged ooh relaxation: max_force=0.146875 eV/A after 650 cumulative recovery steps
"('HEA', ('Ti', 'Fe', 'Nb', 'Ta', 'W', 'Bi'), 'fcc', '100', 900)",HEA,False,esen-sm-conserving-all-oc25:relax-v4:orr-che-v3,True,0.056803697737695606,124,150,0.08,converged,,bfgs_standard,"[{""ase_converged"": true, ""converged"": true, ""end_geometry_sha256"": ""bcebf94f86c04744a139d1aab4bc00d9895de0683296470f9ecb48780bb4c3dd"", ""failure_class"": null, ""max_force_eV_A"": 0.056803697737695606, ""name"": ""bfgs_standard"", ""start_geometry_sha256"": ""54185fbc14ce2b624ccdad1d7abd4312c7c45c4878fd690cf812be5fad1839f7"", ""steps"": 124}]",bcebf94f86c04744a139d1aab4bc00d9895de0683296470f9ecb48780bb4c3dd,-138.44082585020078,False,,0.0,100.0,0.08,invalid_initial_geometry,atomic_overlap,none,[],1a45047557c7d9ceba47b84780345ee0eb9e63a759fe2b14cc3b0e4074729968,,,,,,,,,,,,,,,,,,,,,,,,,,,,,,,True,validation_required,1,1,eea25816489bbb734dbd,False,Invalid oh initial geometry: atomic_overlap
"('HEA', ('Ti', 'Fe', 'Hf', 'Ta', 'Au', 'Ga'), 'fcc_bcc_dual', '100', 1200)",HEA,False,esen-sm-conserving-all-oc25:relax-v4:orr-che-v3,True,0.07853475769850114,130,150,0.08,converged,,bfgs_standard,"[{""ase_converged"": true, ""converged"": true, ""end_geometry_sha256"": ""34acc75674185d8be6750008f656370077abd6d0ad2a066eef786687a0bdeb41"", ""failure_class"": null, ""max_force_eV_A"": 0.07853475769850114, ""name"": ""bfgs_standard"", ""start_geometry_sha256"": ""3b5a87e871d5663ca194ef980be43cd37732a722bde3e1119ae500f61d3c5dc9"", ""steps"": 130}]",34acc75674185d8be6750008f656370077abd6d0ad2a066eef786687a0bdeb41,-141.87109547773338,True,0.07850119726714509,63.0,100.0,0.08,converged,,bfgs_standard,"[{""ase_converged"": true, ""converged"": true, ""end_geometry_sha256"": ""7f09a79a9f7aa8893c93e84e45515a3576e2409c8d36d012d52331c28b21773d"", ""failure_class"": null, ""max_force_eV_A"": 0.07850119726714509, ""name"": ""bfgs_standard"", ""start_geometry_sha256"": ""9fae6e5cffa8d5209d67e43db237d035646d2fbecc59b66e7018257fd8572926"", ""steps"": 63}]",7f09a79a9f7aa8893c93e84e45515a3576e2409c8d36d012d52331c28b21773d,-1.2422029350697994,True,0.04358156245323872,169.0,100.0,0.08,converged,,bfgs_after_fire,"[{""ase_converged"": false, ""converged"": false, ""end_geometry_sha256"": ""ab6eed0a851677c54d91e2f7a96a8f8ee645d6fd15d43bee25f72e0f374d45c1"", ""failure_class"": ""force_threshold"", ""max_force_eV_A"": 0.15008524006897256, ""name"": ""bfgs_standard"", ""start_geometry_sha256"": ""01cab832eb49bec582d4e6f7a3cc5a2e17e05eb5e0091449d5282f66063ac7a7"", ""steps"": 100}, {""ase_converged"": false, ""converged"": false, ""end_geometry_sha256"": ""d751f672bff0a2e0c1d1412dc76f96e226934c84262fb50a5154b10b70d39d41"", ""failure_class"": ""force_threshold"", ""max_force_eV_A"": 1.3953897251501917, ""name"": ""fire_precondition"", ""qualifying"": false, ""start_geometry_sha256"": ""01cab832eb49bec582d4e6f7a3cc5a2e17e05eb5e0091449d5282f66063ac7a7"", ""steps"": 50}, {""ase_converged"": true, ""converged"": true, ""end_geometry_sha256"": ""d67c706d1683cd31e8344c84ae8afff5628861482b1b80a968528e8284a8c056"", ""failure_class"": null, ""max_force_eV_A"": 0.04358156245323872, ""name"": ""bfgs_after_fire"", ""start_geometry_sha256"": ""d751f672bff0a2e0c1d1412dc76f96e226934c84262fb50a5154b10b70d39d41"", ""steps"": 19}]",d67c706d1683cd31e8344c84ae8afff5628861482b1b80a968528e8284a8c056,-1.3001986376940884,False,1.4444288051986836,650.0,100.0,0.08,recovery_exhausted,force_threshold,fire_small_step,"[{""ase_converged"": false, ""converged"": false, ""end_geometry_sha256"": ""a6aad9883058d16e55569d300c80ac821cbc6132c15b6cce21a50a54a3ed42a3"", ""failure_class"": ""force_threshold"", ""max_force_eV_A"": 2.312325652772186, ""name"": ""bfgs_standard"", ""start_geometry_sha256"": ""2d7d5f908db0907f5d28f269ba4391f168fbe6f4d637a22e29940ae2c52a4e0e"", ""steps"": 100}, {""ase_converged"": false, ""converged"": false, ""end_geometry_sha256"": ""39f0b0ceb7837eeae2bf95d3d11f85d2e197a2352a1c80c3393d16522b613c30"", ""failure_class"": ""force_threshold"", ""max_force_eV_A"": 5.359407358307275, ""name"": ""fire_precondition"", ""qualifying"": false, ""start_geometry_sha256"": ""2d7d5f908db0907f5d28f269ba4391f168fbe6f4d637a22e29940ae2c52a4e0e"", ""steps"": 50}, {""ase_converged"": false, ""converged"": false, ""end_geometry_sha256"": ""57abea78cca54dedc87e7fa4b88d1e9c146f13021aaba15b905cbdd60898d45d"", ""failure_class"": ""force_threshold"", ""max_force_eV_A"": 1.444446742216198, ""name"": ""bfgs_after_fire"", ""start_geometry_sha256"": ""39f0b0ceb7837eeae2bf95d3d11f85d2e197a2352a1c80c3393d16522b613c30"", ""steps"": 200}, {""ase_converged"": false, ""converged"": false, ""end_geometry_sha256"": ""6d8f82794636ca41c207b223b53b53748c3961fd1420e4d7c4df9509430dd96c"", ""failure_class"": ""force_threshold"", ""max_force_eV_A"": 1.4444288051986836, ""name"": ""fire_small_step"", ""start_geometry_sha256"": ""57abea78cca54dedc87e7fa4b88d1e9c146f13021aaba15b905cbdd60898d45d"", ""steps"": 300}]",6d8f82794636ca41c207b223b53b53748c3961fd1420e4d7c4df9509430dd96c,,,,,,,,,True,validation_required,1,1,de8f64be52f4a4331ee5,False,Unconverged ooh relaxation: max_force=1.44443 eV/A after 650 cumulative recovery steps
"('HEA', ('Ti', 'Co', 'Ni', 'Pd', 'Pt', 'Ce'), 'amorphous', '110', 800)",HEA,True,esen-sm-conserving-all-oc25:relax-v4:orr-che-v3,True,0.07720056154581482,74,150,0.08,converged,,bfgs_standard,"[{""ase_converged"": true, ""converged"": true, ""end_geometry_sha256"": ""59007a917739ac5e57723c3221a2181310fb4167699ff1a5c506dc434bb43cbd"", ""failure_class"": null, ""max_force_eV_A"": 0.07720056154581482, ""name"": ""bfgs_standard"", ""start_geometry_sha256"": ""f29c7816987dad6141470df746dd028b052e0eccee5e8b128dac68e9bc3ff607"", ""steps"": 74}]",59007a917739ac5e57723c3221a2181310fb4167699ff1a5c506dc434bb43cbd,-260.0543679916427,True,0.07607961551960168,240.0,100.0,0.08,converged,,bfgs_after_fire,"[{""ase_converged"": false, ""converged"": false, ""end_geometry_sha256"": ""5ac9e5c5571261f29ce09a1a70ce3fcec2c93d0e074be6cc7e9a2f7fb47db30b"", ""failure_class"": ""force_threshold"", ""max_force_eV_A"": 0.09606828570643701, ""name"": ""bfgs_standard"", ""start_geometry_sha256"": ""78b97b956892c61d4f28e71a2cec094af384bc152eca08c9fc1e838adbebedc8"", ""steps"": 100}, {""ase_converged"": false, ""converged"": false, ""end_geometry_sha256"": ""b1feb0bf905b6f5ce728ddb223e09cf067ec2c903c9839f6eed4c38c28c829db"", ""failure_class"": ""force_threshold"", ""max_force_eV_A"": 0.3533710616735666, ""name"": ""fire_precondition"", ""qualifying"": false, ""start_geometry_sha256"": ""78b97b956892c61d4f28e71a2cec094af384bc152eca08c9fc1e838adbebedc8"", ""steps"": 50}, {""ase_converged"": true, ""converged"": true, ""end_geometry_sha256"": ""742097cc5ef97cc358fc08e0303fa25c46edcc6947daa58583835baedf4bb930"", ""failure_class"": null, ""max_force_eV_A"": 0.07607961551960168, ""name"": ""bfgs_after_fire"", ""start_geometry_sha256"": ""b1feb0bf905b6f5ce728ddb223e09cf067ec2c903c9839f6eed4c38c28c829db"", ""steps"": 90}]",742097cc5ef97cc358fc08e0303fa25c46edcc6947daa58583835baedf4bb930,-2.3291551445424554,True,0.07010454377168775,94.0,100.0,0.08,converged,,bfgs_standard,"[{""ase_converged"": true, ""converged"": true, ""end_geometry_sha256"": ""8805cc1f8a0aef999ea063d095f295115b9f6fb6ca6003ea79b2ec0d4dea2948"", ""failure_class"": null, ""max_force_eV_A"": 0.07010454377168775, ""name"": ""bfgs_standard"", ""start_geometry_sha256"": ""4bb6970f0d3270b8023f4f5cc42ecdfe7f7b1108477ac3dcd5a0df08c7710780"", ""steps"": 94}]",8805cc1f8a0aef999ea063d095f295115b9f6fb6ca6003ea79b2ec0d4dea2948,-1.904408537596489,True,0.06326190741144491,263.0,100.0,0.08,converged,,bfgs_after_fire,"[{""ase_converged"": false, ""converged"": false, ""end_geometry_sha256"": ""0a688b2969dbdf15c65ed74ba8d382989b63bf3344172c3d959aedcc6b7d8e82"", ""failure_class"": ""force_threshold"", ""max_force_eV_A"": 0.1776596916679866, ""name"": ""bfgs_standard"", ""start_geometry_sha256"": ""9645d518e7273cbea04350e2a08902e37ea0d34bc529af8e3f05d0a4606c3292"", ""steps"": 100}, {""ase_converged"": false, ""converged"": false, ""end_geometry_sha256"": ""c413fe993b40caae46248b26b21a46f8dbc0e56b30759c19083694af861d2af5"", ""failure_class"": ""force_threshold"", ""max_force_eV_A"": 1.3083744591734823, ""name"": ""fire_precondition"", ""qualifying"": false, ""start_geometry_sha256"": ""9645d518e7273cbea04350e2a08902e37ea0d34bc529af8e3f05d0a4606c3292"", ""steps"": 50}, {""ase_converged"": true, ""converged"": true, ""end_geometry_sha256"": ""77f33870891c60026a77bb93fb6342f45ab08ddeee607778227fa30dc8ac7ebc"", ""failure_class"": null, ""max_force_eV_A"": 0.06326190741144491, ""name"": ""bfgs_after_fire"", ""start_geometry_sha256"": ""c413fe993b40caae46248b26b21a46f8dbc0e56b30759c19083694af861d2af5"", ""steps"": 113}]",77f33870891c60026a77bb93fb6342f45ab08ddeee607778227fa30dc8ac7ebc,-4.736708213388944,3.0,step_2_O,9.0,-0.40928311625061253,True,4.233563682138945,0.8739350657946708,False,quantitative_screening,0,0,8942847dd2ff4b26556f,False,
"('HEA', ('Ti', 'Co', 'Nb', 'Mo', 'Si', 'Bi'), 'amorphous', '110', 1200)",HEA,False,esen-sm-conserving-all-oc25:relax-v4:orr-che-v3,True,0.07352558678744081,58,150,0.08,converged,,bfgs_standard,"[{""ase_converged"": true, ""converged"": true, ""end_geometry_sha256"": ""3313e879f28d22d43b0d5b13c90c91b14eb85213ad46a0f01c53c73870432e91"", ""failure_class"": null, ""max_force_eV_A"": 0.07352558678744081, ""name"": ""bfgs_standard"", ""start_geometry_sha256"": ""45f77d6b177c0565bc1b3960949103241ba0efb8344e56a30fe6889c316923d3"", ""steps"": 58}]",3313e879f28d22d43b0d5b13c90c91b14eb85213ad46a0f01c53c73870432e91,-268.06234850087765,True,0.0792701265062335,227.0,100.0,0.08,converged,,bfgs_after_fire,"[{""ase_converged"": false, ""converged"": false, ""end_geometry_sha256"": ""5f08ede56a6c42940d55ed74f346c362abaa2fab82236fab1c9fcaa6d1969c99"", ""failure_class"": ""force_threshold"", ""max_force_eV_A"": 0.5293869199147128, ""name"": ""bfgs_standard"", ""start_geometry_sha256"": ""86bd7c9c50c9924abea1b64dbfc85f8f3dd3d204faa84e71dd3f4de3a8c67cdd"", ""steps"": 100}, {""ase_converged"": false, ""converged"": false, ""end_geometry_sha256"": ""631aa4a7c541da78be1ee6d770fb3bd633fae0c20822c20f9a0cce605595cddd"", ""failure_class"": ""force_threshold"", ""max_force_eV_A"": 1.751465609551051, ""name"": ""fire_precondition"", ""qualifying"": false, ""start_geometry_sha256"": ""86bd7c9c50c9924abea1b64dbfc85f8f3dd3d204faa84e71dd3f4de3a8c67cdd"", ""steps"": 50}, {""ase_converged"": true, ""converged"": true, ""end_geometry_sha256"": ""c24aa845bcc3f518135384357b5ad94a7944e8aecb67e9aec0bcbac9079f49a1"", ""failure_class"": null, ""max_force_eV_A"": 0.0792701265062335, ""name"": ""bfgs_after_fire"", ""start_geometry_sha256"": ""631aa4a7c541da78be1ee6d770fb3bd633fae0c20822c20f9a0cce605595cddd"", ""steps"": 77}]",c24aa845bcc3f518135384357b5ad94a7944e8aecb67e9aec0bcbac9079f49a1,-3.426288781017065,True,0.0779782025252,95.0,100.0,0.08,converged,,bfgs_standard,"[{""ase_converged"": true, ""converged"": true, ""end_geometry_sha256"": ""8afcaaf26848b9c5ea41c1fadf5ff38b529a99bbe223fa3f3ad2f7707b319d7c"", ""failure_class"": null, ""max_force_eV_A"": 0.0779782025252, ""name"": ""bfgs_standard"", ""start_geometry_sha256"": ""5a33a1fcf25e1f7e0e8c5cf9784c78a402a816a187e41f32fbb53b925a55efa5"", ""steps"": 95}]",8afcaaf26848b9c5ea41c1fadf5ff38b529a99bbe223fa3f3ad2f7707b319d7c,-3.217633330076901,False,0.5257295379752348,650.0,100.0,0.08,recovery_exhausted,force_threshold,fire_small_step,"[{""ase_converged"": false, ""converged"": false, ""end_geometry_sha256"": ""eda0a7f45305a08ab82a96c6f6f259da6beb76a332d9f1c4fea8ee776a0ada4e"", ""failure_class"": ""force_threshold"", ""max_force_eV_A"": 1.5665950740789658, ""name"": ""bfgs_standard"", ""start_geometry_sha256"": ""88ee1219168bc7d2f06151ef61a591f0bd04211a0b3d8cfb3886882175cab3a1"", ""steps"": 100}, {""ase_converged"": false, ""converged"": false, ""end_geometry_sha256"": ""1b1b49b2a1931b20ea5817a69dd517d23d9ff2a8318a287ebeecbb6583091223"", ""failure_class"": ""force_threshold"", ""max_force_eV_A"": 5.811576378349159, ""name"": ""fire_precondition"", ""qualifying"": false, ""start_geometry_sha256"": ""88ee1219168bc7d2f06151ef61a591f0bd04211a0b3d8cfb3886882175cab3a1"", ""steps"": 50}, {""ase_converged"": false, ""converged"": false, ""end_geometry_sha256"": ""77e0d1a872d83b2b3755e404c21b134c94ea82914004ddd2de959fd5afba5213"", ""failure_class"": ""force_threshold"", ""max_force_eV_A"": 0.6511689889284987, ""name"": ""bfgs_after_fire"", ""start_geometry_sha256"": ""1b1b49b2a1931b20ea5817a69dd517d23d9ff2a8318a287ebeecbb6583091223"", ""steps"": 200}, {""ase_converged"": false, ""converged"": false, ""end_geometry_sha256"": ""7cd8d9547c5374ebc8e1bba881d31493444a260f2ccb642cd50adbe6b10281fd"", ""failure_class"": ""force_threshold"", ""max_force_eV_A"": 0.5257295379752348, ""name"": ""fire_small_step"", ""start_geometry_sha256"": ""77e0d1a872d83b2b3755e404c21b134c94ea82914004ddd2de959fd5afba5213"", ""steps"": 300}]",7cd8d9547c5374ebc8e1bba881d31493444a260f2ccb642cd50adbe6b10281fd,,,,,,,,,True,validation_required,2,2,196c54488950e82a99ba,False,Unconverged ooh relaxation: max_force=0.52573 eV/A after 650 cumulative recovery steps
"('HEA', ('Ti', 'Co', 'Rh', 'Hf', 'Sn', 'La'), 'fcc', '211', 800)",HEA,True,esen-sm-conserving-all-oc25:relax-v4:orr-che-v3,True,0.07877532731334211,86,150,0.08,converged,,bfgs_standard,"[{""ase_converged"": true, ""converged"": true, ""end_geometry_sha256"": ""b0f99fc074ea17d311feb2380a3c8afa3346e77a85ce7bf5105b0b9f8336bc3d"", ""failure_class"": null, ""max_force_eV_A"": 0.07877532731334211, ""name"": ""bfgs_standard"", ""start_geometry_sha256"": ""54aef06b36528387013ff0596d58b7a760364c82da5f6fb36f0943cd1815804b"", ""steps"": 86}]",b0f99fc074ea17d311feb2380a3c8afa3346e77a85ce7bf5105b0b9f8336bc3d,-139.22606619445298,True,0.06676344998098246,75.0,100.0,0.08,converged,,bfgs_standard,"[{""ase_converged"": true, ""converged"": true, ""end_geometry_sha256"": ""70b89473f3155604dfc348adbb5456533849715097712acd9a5269488e987127"", ""failure_class"": null, ""max_force_eV_A"": 0.06676344998098246, ""name"": ""bfgs_standard"", ""start_geometry_sha256"": ""cb00b0cda13bef577b5ce6365b52fdc42db51a9fb902cd70be9699057d478ca4"", ""steps"": 75}]",70b89473f3155604dfc348adbb5456533849715097712acd9a5269488e987127,-2.937729058116674,True,0.06803952218013141,59.0,100.0,0.08,converged,,bfgs_standard,"[{""ase_converged"": true, ""converged"": true, ""end_geometry_sha256"": ""2058b37abf90892a66b55b73a9281c172adf08c2bf66a6f3336ba73f94c22155"", ""failure_class"": null, ""max_force_eV_A"": 0.06803952218013141, ""name"": ""bfgs_standard"", ""start_geometry_sha256"": ""68da3516a9337455f05f714c3f0271d54743821f16375b9ec23f40d09bfd04e5"", ""steps"": 59}]",2058b37abf90892a66b55b73a9281c172adf08c2bf66a6f3336ba73f94c22155,-2.7144747607409636,True,0.07437770490036714,91.0,100.0,0.08,converged,,bfgs_standard,"[{""ase_converged"": true, ""converged"": true, ""end_geometry_sha256"": ""99aebadab6ac28dae3830489bceb7c02f1ae29d12c647c5896507fdd53669c59"", ""failure_class"": null, ""max_force_eV_A"": 0.07437770490036714, ""name"": ""bfgs_standard"", ""start_geometry_sha256"": ""585f3aee57fc9b4f142fac06042b7400d6ac8de58804432a8cee55c75536f34e"", ""steps"": 91}]",99aebadab6ac28dae3830489bceb7c02f1ae29d12c647c5896507fdd53669c59,-4.4337754741311315,3.0,step_4_H2O,9.0,-0.47336594858158976,True,5.652203818857638,0.8739350657946708,False,quantitative_screening,0,0,22947e6c50f93ba8afa0,False,
"('HEA', ('Ti', 'Co', 'Pd', 'Ge', 'Ce', 'Y'), 'hcp', '211', 900)",HEA,True,esen-sm-conserving-all-oc25:relax-v4:orr-che-v3,True,0.07536738966505611,64,150,0.08,converged,,bfgs_standard,"[{""ase_converged"": true, ""converged"": true, ""end_geometry_sha256"": ""e859b1b7967767d307d264f00f0c1603ae7265d46dd3d4ddebfc6b1a642d1921"", ""failure_class"": null, ""max_force_eV_A"": 0.07536738966505611, ""name"": ""bfgs_standard"", ""start_geometry_sha256"": ""0ab64ebf293c79581b84ae5686cdc2b88cc795d44093c1533666f723af3d03d8"", ""steps"": 64}]",e859b1b7967767d307d264f00f0c1603ae7265d46dd3d4ddebfc6b1a642d1921,-260.0337801405076,True,0.0792703673258207,69.0,100.0,0.08,converged,,bfgs_standard,"[{""ase_converged"": true, ""converged"": true, ""end_geometry_sha256"": ""eac37e311dfed81e84c1a7ffd9dd14e71637630fbf80c56b994140d18618e6ee"", ""failure_class"": null, ""max_force_eV_A"": 0.0792703673258207, ""name"": ""bfgs_standard"", ""start_geometry_sha256"": ""b6169f1a57f7508174808d680469141bab5ef426e1a8a2c14a309dba4921b2fb"", ""steps"": 69}]",eac37e311dfed81e84c1a7ffd9dd14e71637630fbf80c56b994140d18618e6ee,-2.8832818840444654,True,0.07265481134630769,73.0,100.0,0.08,converged,,bfgs_standard,"[{""ase_converged"": true, ""converged"": true, ""end_geometry_sha256"": ""90ae8dab26f0a5a09bc5482570bba054a556f23a6770db93511e3cf282dfd30b"", ""failure_class"": null, ""max_force_eV_A"": 0.07265481134630769, ""name"": ""bfgs_standard"", ""start_geometry_sha256"": ""dbeac1043d946ac25a961cc4dc30e61df15e08adc33014ed37b53e7254aa94cc"", ""steps"": 73}]",90ae8dab26f0a5a09bc5482570bba054a556f23a6770db93511e3cf282dfd30b,-2.039254271239124,True,0.06459935713747708,300.0,100.0,0.08,converged,,bfgs_after_fire,"[{""ase_converged"": false, ""converged"": false, ""end_geometry_sha256"": ""e42f1abb9d10519137ab3980d1baad43bd03bdaeaf8cc5403deb9f9cc2d695d6"", ""failure_class"": ""force_threshold"", ""max_force_eV_A"": 0.6630978802180089, ""name"": ""bfgs_standard"", ""start_geometry_sha256"": ""fc7f25836d0072fe72d27975b3a751924caeec3b9a9525b0727a3bc9704e6c7f"", ""steps"": 100}, {""ase_converged"": false, ""converged"": false, ""end_geometry_sha256"": ""a03726d0ebd3ffbf9bed6fdb88473886950e6aa49a07ad3ef82538fe07d9f7e0"", ""failure_class"": ""force_threshold"", ""max_force_eV_A"": 11.044813423247103, ""name"": ""fire_precondition"", ""qualifying"": false, ""start_geometry_sha256"": ""fc7f25836d0072fe72d27975b3a751924caeec3b9a9525b0727a3bc9704e6c7f"", ""steps"": 50}, {""ase_converged"": true, ""converged"": true, ""end_geometry_sha256"": ""5fbd301aad9435aa5e98a007bdb2b01050c8d409abc37772e2d40c1bd3c3e20d"", ""failure_class"": null, ""max_force_eV_A"": 0.06459935713747708, ""name"": ""bfgs_after_fire"", ""start_geometry_sha256"": ""a03726d0ebd3ffbf9bed6fdb88473886950e6aa49a07ad3ef82538fe07d9f7e0"", ""steps"": 150}]",5fbd301aad9435aa5e98a007bdb2b01050c8d409abc37772e2d40c1bd3c3e20d,2.5147985920310907,3.0,step_4_H2O,9.0,0.0,True,4.92253615528359,0.8739350657946708,False,quantitative_screening,1,1,28b206cfb70154927037,False,
"('HEA', ('Ti', 'Ni', 'Zn', 'Zr', 'Nb', 'Re'), 'fcc', '211', 1200)",HEA,True,esen-sm-conserving-all-oc25:relax-v4:orr-che-v3,True,0.07815954294704767,103,150,0.08,converged,,bfgs_standard,"[{""ase_converged"": true, ""converged"": true, ""end_geometry_sha256"": ""908274af99897090aba9071bdb99fe2e9f38c44a6d9fabcb32adea418ebfb9f9"", ""failure_class"": null, ""max_force_eV_A"": 0.07815954294704767, ""name"": ""bfgs_standard"", ""start_geometry_sha256"": ""b050fa553f5122a8aa70da5244b25c1a2e368218611b06a581381b2d1f94f1f0"", ""steps"": 103}]",908274af99897090aba9071bdb99fe2e9f38c44a6d9fabcb32adea418ebfb9f9,-147.59142294554988,True,0.06485921721025213,94.0,100.0,0.08,converged,,bfgs_standard,"[{""ase_converged"": true, ""converged"": true, ""end_geometry_sha256"": ""2cb52552fa42224825a15e1ce488b220bc69bb43d8983c4446c87abc9a736f57"", ""failure_class"": null, ""max_force_eV_A"": 0.06485921721025213, ""name"": ""bfgs_standard"", ""start_geometry_sha256"": ""f2829b7637ad5eaa212ea7b92adf5ba30b57f16467c3c3c072ec0802664ecb0a"", ""steps"": 94}]",2cb52552fa42224825a15e1ce488b220bc69bb43d8983c4446c87abc9a736f57,-2.9925538872182367,True,0.07325753961257206,24.0,100.0,0.08,converged,,bfgs_standard,"[{""ase_converged"": true, ""converged"": true, ""end_geometry_sha256"": ""511c4a75e610a86a3e3a96813438db066b4c9e9eaeec1a13252c7d1a1ea8ce9c"", ""failure_class"": null, ""max_force_eV_A"": 0.07325753961257206, ""name"": ""bfgs_standard"", ""start_geometry_sha256"": ""62d98d958399010a6f703b65ac16f72a14d0b4278dcdfd98d5d96c7c72c5998a"", ""steps"": 24}]",511c4a75e610a86a3e3a96813438db066b4c9e9eaeec1a13252c7d1a1ea8ce9c,-0.05053433105352027,True,0.05586275733576594,267.0,100.0,0.08,converged,,bfgs_after_fire,"[{""ase_converged"": false, ""converged"": false, ""end_geometry_sha256"": ""26e8e2898b8fd333256c489fedd2d34b4f06156e90a97a7aa9cc88b13a927657"", ""failure_class"": ""force_threshold"", ""max_force_eV_A"": 0.17624343524652183, ""name"": ""bfgs_standard"", ""start_geometry_sha256"": ""1d27ab8e908e09a5847ce2b5d4c67f38faf776e18ca8c0281fb9fccd92666674"", ""steps"": 100}, {""ase_converged"": false, ""converged"": false, ""end_geometry_sha256"": ""bda5d628c038236cdd7887e0291950544f46760bebb887a75363ac910be97e5a"", ""failure_class"": ""force_threshold"", ""max_force_eV_A"": 1.5562832704260035, ""name"": ""fire_precondition"", ""qualifying"": false, ""start_geometry_sha256"": ""1d27ab8e908e09a5847ce2b5d4c67f38faf776e18ca8c0281fb9fccd92666674"", ""steps"": 50}, {""ase_converged"": true, ""converged"": true, ""end_geometry_sha256"": ""52f4462d288a43e6eb6b09e9b97f852b0aa915184eb503d02939b6f7ac022b2c"", ""failure_class"": null, ""max_force_eV_A"": 0.05586275733576594, ""name"": ""bfgs_after_fire"", ""start_geometry_sha256"": ""bda5d628c038236cdd7887e0291950544f46760bebb887a75363ac910be97e5a"", ""steps"": 117}]",52f4462d288a43e6eb6b09e9b97f852b0aa915184eb503d02939b6f7ac022b2c,-4.116804648935762,3.0,step_2_O,10.0,0.0,True,3.043088218271757,0.902500000035,False,quantitative_screening,0,0,dcd62466a1c8062c4c65,False,
"('Spinel', 'Ni', 'Co', 'Ce', 'nanosheet', 'none')",Spinel,True,esen-sm-conserving-all-oc25:relax-v4:orr-che-v3,True,0.07844484168791349,130,150,0.08,converged,,bfgs_standard,"[{""ase_converged"": true, ""converged"": true, ""end_geometry_sha256"": ""4ed49a82f5c759ceb151821a6f7c31fd4dc512e87dd97549a542c28824d19d84"", ""failure_class"": null, ""max_force_eV_A"": 0.07844484168791349, ""name"": ""bfgs_standard"", ""start_geometry_sha256"": ""7c9c1840fd57ab5dbdbb5fd07fabdd66326fbc00a8d9d21cb3fff4a6c9ea84ce"", ""steps"": 130}]",4ed49a82f5c759ceb151821a6f7c31fd4dc512e87dd97549a542c28824d19d84,-328.46022708231607,True,0.07777033589770996,68.0,100.0,0.08,converged,,bfgs_standard,"[{""ase_converged"": true, ""converged"": true, ""end_geometry_sha256"": ""d17586d25a017037530c7fe2dfee67fbf4927623d30efa62b3444183d2e92218"", ""failure_class"": null, ""max_force_eV_A"": 0.07777033589770996, ""name"": ""bfgs_standard"", ""start_geometry_sha256"": ""26c6c583d3d803871aa78e814e7d6eba8e501e966bdc3f62e86b361a5649f33e"", ""steps"": 68}]",d17586d25a017037530c7fe2dfee67fbf4927623d30efa62b3444183d2e92218,-0.2769967888294514,True,0.07651538750636397,82.0,100.0,0.08,converged,,bfgs_standard,"[{""ase_converged"": true, ""converged"": true, ""end_geometry_sha256"": ""27fb65ed26a2d305837219e11c4408383caf9443b824b5223a24c0613d0ff418"", ""failure_class"": null, ""max_force_eV_A"": 0.07651538750636397, ""name"": ""bfgs_standard"", ""start_geometry_sha256"": ""1acbdff873c2fa2e6a954c57ba6e6b758378a2118a657b78c613a4d406a95883"", ""steps"": 82}]",27fb65ed26a2d305837219e11c4408383caf9443b824b5223a24c0613d0ff418,0.4482411511243846,True,0.07873997495009782,53.0,100.0,0.08,converged,,bfgs_standard,"[{""ase_converged"": true, ""converged"": true, ""end_geometry_sha256"": ""dd50db29b04b08e857f203e9fdd5eee961de1c5c946e953913fdaf0146d0abf7"", ""failure_class"": null, ""max_force_eV_A"": 0.07873997495009782, ""name"": ""bfgs_standard"", ""start_geometry_sha256"": ""1cb34c1629f411bc1212e971797046f70bb2e9beab787f097ce6f5187939a852"", ""steps"": 53}]",dd50db29b04b08e857f203e9fdd5eee961de1c5c946e953913fdaf0146d0abf7,1.4318975910544145,1.5059967888294514,step_4_H2O,9.0,0.0,True,0.725237939953836,0.6852014328916924,False,quantitative_screening,1,1,d42e1a37f17ea3148a64,False,
"('Spinel', 'Ni', 'Co', 'Nb', 'nanorod', 'none')",Spinel,True,esen-sm-conserving-all-oc25:relax-v4:orr-che-v3,True,0.06783707455141062,118,150,0.08,converged,,bfgs_standard,"[{""ase_converged"": true, ""converged"": true, ""end_geometry_sha256"": ""42483f1653814bfda1edb6ad0e50789c5e2078cf97094ca181ad73c00f32f9c1"", ""failure_class"": null, ""max_force_eV_A"": 0.06783707455141062, ""name"": ""bfgs_standard"", ""start_geometry_sha256"": ""108f95aacdd04684ef2a43fa742019ca2b3d840ec9ca497ec77dc36255cb0823"", ""steps"": 118}]",42483f1653814bfda1edb6ad0e50789c5e2078cf97094ca181ad73c00f32f9c1,-326.5876208747751,True,0.06203164861418265,63.0,100.0,0.08,converged,,bfgs_standard,"[{""ase_converged"": true, ""converged"": true, ""end_geometry_sha256"": ""632fb94741cd339b2047584ed517aef4a5c01124cc502f7aee9cbbbe15191317"", ""failure_class"": null, ""max_force_eV_A"": 0.06203164861418265, ""name"": ""bfgs_standard"", ""start_geometry_sha256"": ""b42acb71c2862ac59112d61e265609936e9f18c902a6688d190505893fe7ef13"", ""steps"": 63}]",632fb94741cd339b2047584ed517aef4a5c01124cc502f7aee9cbbbe15191317,0.5116918708384037,True,0.06821685258827359,81.0,100.0,0.08,converged,,bfgs_standard,"[{""ase_converged"": true, ""converged"": true, ""end_geometry_sha256"": ""7bc53ade4b37a06c859cc250327471dfd0b7c42ef9ab1d262fa249bcc883c4cb"", ""failure_class"": null, ""max_force_eV_A"": 0.06821685258827359, ""name"": ""bfgs_standard"", ""start_geometry_sha256"": ""f0291dfd0353764c6760eb2931cd6d0d76cb582c0e3b8e5b578b785048d6ee21"", ""steps"": 81}]",7bc53ade4b37a06c859cc250327471dfd0b7c42ef9ab1d262fa249bcc883c4cb,-0.2320681445300828,True,0.075662692990066,91.0,100.0,0.08,converged,,bfgs_standard,"[{""ase_converged"": true, ""converged"": true, ""end_geometry_sha256"": ""af9fab325598545d16e8dc3e641b0ad77a5c56d08fa462fdae72e62fc1706645"", ""failure_class"": null, ""max_force_eV_A"": 0.075662692990066, ""name"": ""bfgs_standard"", ""start_geometry_sha256"": ""0dc782a2d8b96a3b01712d1ef564a804d0fbe27b73dd72e4e1fa21cfd7a8a821"", ""steps"": 91}]",af9fab325598545d16e8dc3e641b0ad77a5c56d08fa462fdae72e62fc1706645,0.2896856769919147,1.9727600153684866,step_3_OH,9.0,0.0,True,0.7437600153684865,0.740000000035,False,quantitative_screening,2,2,814256dfb091f33a97cf,False,
"('Spinel', 'Ni', 'Co', 'W', 'nanoparticle', 'N-CNT')",Spinel,True,esen-sm-conserving-all-oc25:relax-v4:orr-che-v3,True,0.07003453514913,150,150,0.08,converged,,bfgs_standard,"[{""ase_converged"": true, ""converged"": true, ""end_geometry_sha256"": ""4d02b8e534aa667259156740a0af4663adaade961ba2cc00d9c2f5284dd2f5e9"", ""failure_class"": null, ""max_force_eV_A"": 0.07003453514913, ""name"": ""bfgs_standard"", ""start_geometry_sha256"": ""f63f96551c54dd682a29553f31993b88dd32c896c23eff288b14d10f733537ee"", ""steps"": 150}]",4d02b8e534aa667259156740a0af4663adaade961ba2cc00d9c2f5284dd2f5e9,-332.7935154483196,True,0.07884450814434488,79.0,100.0,0.08,converged,,bfgs_standard,"[{""ase_converged"": true, ""converged"": true, ""end_geometry_sha256"": ""193737e5f8f5254a11bb37c45f23a25be960ef335df3e59b9f1e58c1e114540d"", ""failure_class"": null, ""max_force_eV_A"": 0.07884450814434488, ""name"": ""bfgs_standard"", ""start_geometry_sha256"": ""ede7822a5e9aa730cc5471004b1ce86c088aa500c5c424ea246e14aba6bf6b24"", ""steps"": 79}]",193737e5f8f5254a11bb37c45f23a25be960ef335df3e59b9f1e58c1e114540d,1.4163320685922531,True,0.07937107867099889,96.0,100.0,0.08,converged,,bfgs_standard,"[{""ase_converged"": true, ""converged"": true, ""end_geometry_sha256"": ""4fef0435982e61825a943f8f1ffd8c089cbeb9b720b86f04be623fd7791cf067"", ""failure_class"": null, ""max_force_eV_A"": 0.07937107867099889, ""name"": ""bfgs_standard"", ""start_geometry_sha256"": ""700797857aebabb986a6b1d12035c46a33dcedd8a9a2c46de099244bee456280"", ""steps"": 96}]",4fef0435982e61825a943f8f1ffd8c089cbeb9b720b86f04be623fd7791cf067,2.4676350720225946,True,0.07510280750447529,221.0,100.0,0.08,converged,,bfgs_after_fire,"[{""ase_converged"": false, ""converged"": false, ""end_geometry_sha256"": ""941ee5c65b5e8292941d54b037b387609d7241a569d725587465423565ea5a0e"", ""failure_class"": ""force_threshold"", ""max_force_eV_A"": 0.16616037400093023, ""name"": ""bfgs_standard"", ""start_geometry_sha256"": ""1e87c5dc722d551eecb3412235a3ed0a00fdbaad2db2a377c63f6e24a496740d"", ""steps"": 100}, {""ase_converged"": true, ""converged"": true, ""end_geometry_sha256"": ""8b568ac046873c1cdcc229ec4c74e34f018fb2f97cc9e442061a660dd5d3d99d"", ""failure_class"": null, ""max_force_eV_A"": 0.24136642516022375, ""name"": ""fire_precondition"", ""qualifying"": false, ""start_geometry_sha256"": ""1e87c5dc722d551eecb3412235a3ed0a00fdbaad2db2a377c63f6e24a496740d"", ""steps"": 25}, {""ase_converged"": true, ""converged"": true, ""end_geometry_sha256"": ""24a59cddbf1b0c22f58952132c3a9eb6e5039d65ee2cccd31ce2b88d489b2074"", ""failure_class"": null, ""max_force_eV_A"": 0.07510280750447529, ""name"": ""bfgs_after_fire"", ""start_geometry_sha256"": ""8b568ac046873c1cdcc229ec4c74e34f018fb2f97cc9e442061a660dd5d3d99d"", ""steps"": 96}]",24a59cddbf1b0c22f58952132c3a9eb6e5039d65ee2cccd31ce2b88d489b2074,4.0450872883199835,0.3540872883199837,step_1_OOH,9.0,0.0,True,3.883967140614848,0.740000000035,False,quantitative_screening,0,0,dbc15731f8fdb0f99d43,False,
"('Spinel', 'Ni', 'Co', 'W', 'mesoporous', 'N-graphene')",Spinel,False,esen-sm-conserving-all-oc25:relax-v4:orr-che-v3,True,0.07267987491910538,106,150,0.08,converged,,bfgs_standard,"[{""ase_converged"": true, ""converged"": true, ""end_geometry_sha256"": ""fd4e20672fae0513e6e054e68d7f0229ed4423a1680ada03ecf5db444a9b5703"", ""failure_class"": null, ""max_force_eV_A"": 0.07267987491910538, ""name"": ""bfgs_standard"", ""start_geometry_sha256"": ""272d87381973a4d960d4c0508066c53f19329241f8c5b8e39bdbfcd7eed95e08"", ""steps"": 106}]",fd4e20672fae0513e6e054e68d7f0229ed4423a1680ada03ecf5db444a9b5703,-328.00950057168876,False,,0.0,100.0,0.08,invalid_initial_geometry,atomic_overlap,none,[],a8ae055dc39a8d56cf8034f99814864179865134db282556804a9e093d3e4669,,,,,,,,,,,,,,,,,,,,,,,,,,,,,,,True,validation_required,1,1,4b63a6d2e84920531545,False,Invalid oh initial geometry: atomic_overlap
"('Spinel', 'Ni', 'Co', 'None', 'hollow_sphere', 'N-CNT')",Spinel,True,esen-sm-conserving-all-oc25:relax-v4:orr-che-v3,True,0.06768388991642632,76,150,0.08,converged,,bfgs_standard,"[{""ase_converged"": true, ""converged"": true, ""end_geometry_sha256"": ""ff5210eada82d5cdd21375aa85d5596895844808a48872220a3c4cf3f347b6f3"", ""failure_class"": null, ""max_force_eV_A"": 0.06768388991642632, ""name"": ""bfgs_standard"", ""start_geometry_sha256"": ""fe0a70b1beff6c6716130c86dd151964d0edc6773d6bc2ae3a6e8660a38e445a"", ""steps"": 76}]",ff5210eada82d5cdd21375aa85d5596895844808a48872220a3c4cf3f347b6f3,-315.5263046569003,True,0.07941166744536149,45.0,100.0,0.08,converged,,bfgs_standard,"[{""ase_converged"": true, ""converged"": true, ""end_geometry_sha256"": ""80ba24e4fe2e54f53e5535ef581d77ccaef4c6c2d3ee84b17e5671ebcea77b07"", ""failure_class"": null, ""max_force_eV_A"": 0.07941166744536149, ""name"": ""bfgs_standard"", ""start_geometry_sha256"": ""b716f5b02ac49dc14cc0b128c4b961892f1b69581a6645b7325d2f98921da8f0"", ""steps"": 45}]",80ba24e4fe2e54f53e5535ef581d77ccaef4c6c2d3ee84b17e5671ebcea77b07,0.2837217475474449,True,0.06479979472241322,65.0,100.0,0.08,converged,,bfgs_standard,"[{""ase_converged"": true, ""converged"": true, ""end_geometry_sha256"": ""f7936b34774b81e1797162a57476e068217a576fb2671fa1cd0c7ea195c050f5"", ""failure_class"": null, ""max_force_eV_A"": 0.06479979472241322, ""name"": ""bfgs_standard"", ""start_geometry_sha256"": ""0de640c9d31bcbccf00817ae9df73c2842dc6da5512bd4ad2720db4ba5a519b1"", ""steps"": 65}]",f7936b34774b81e1797162a57476e068217a576fb2671fa1cd0c7ea195c050f5,1.149889863282531,True,0.06560364546339306,65.0,100.0,0.08,converged,,bfgs_standard,"[{""ase_converged"": true, ""converged"": true, ""end_geometry_sha256"": ""9199187b427020e9a7252cd146c5653c34311eff50890c1d4166637dccd0029f"", ""failure_class"": null, ""max_force_eV_A"": 0.06560364546339306, ""name"": ""bfgs_standard"", ""start_geometry_sha256"": ""c6139be400df45d7a3a5c0b37c896498919df1ac1f4324fb8c5a1380a3b56d70"", ""steps"": 65}]",9199187b427020e9a7252cd146c5653c34311eff50890c1d4166637dccd0029f,3.5786261066794713,0.9452782524525551,step_4_H2O,9.0,0.0,True,1.433611610829976,0.740000000035,False,quantitative_screening,1,1,c93bbb8c407de0197f16,False,
"('Spinel', 'Ni', 'Mn', 'La', 'nanosheet', 'none')",Spinel,True,esen-sm-conserving-all-oc25:relax-v4:orr-che-v3,True,0.07275369126441976,440,150,0.08,converged,,bfgs_after_fire,"[{""ase_converged"": false, ""converged"": false, ""end_geometry_sha256"": ""7d78230ebe15b8e2154f7eb0fafd648d7c665a54b66e11a3e7e40e362413e0ef"", ""failure_class"": ""force_threshold"", ""max_force_eV_A"": 0.36340110388134805, ""name"": ""bfgs_standard"", ""start_geometry_sha256"": ""f0ca9f1dd25293c658b8abb259e2dc93f69819fa80691cf7d424d27fc488861c"", ""steps"": 150}, {""ase_converged"": false, ""converged"": false, ""end_geometry_sha256"": ""e585fed98eb79279ec8d5716d9efc2b37c0c851c970d6895a9468c13f4daaeb9"", ""failure_class"": ""force_threshold"", ""max_force_eV_A"": 0.823837385621656, ""name"": ""fire_precondition"", ""qualifying"": false, ""start_geometry_sha256"": ""f0ca9f1dd25293c658b8abb259e2dc93f69819fa80691cf7d424d27fc488861c"", ""steps"": 75}, {""ase_converged"": true, ""converged"": true, ""end_geometry_sha256"": ""3c4f91a968414699fb2cafe3c042614c36e4a9158d871ad19ef534a91ca8c13e"", ""failure_class"": null, ""max_force_eV_A"": 0.07275369126441976, ""name"": ""bfgs_after_fire"", ""start_geometry_sha256"": ""e585fed98eb79279ec8d5716d9efc2b37c0c851c970d6895a9468c13f4daaeb9"", ""steps"": 215}]",3c4f91a968414699fb2cafe3c042614c36e4a9158d871ad19ef534a91ca8c13e,-378.49135178058333,True,0.07601236464057402,54.0,100.0,0.08,converged,,bfgs_standard,"[{""ase_converged"": true, ""converged"": true, ""end_geometry_sha256"": ""908e8c9e9b230df3c1d67dc1d7baeb3a71474086e1084c5f0c90bad11b0b7a27"", ""failure_class"": null, ""max_force_eV_A"": 0.07601236464057402, ""name"": ""bfgs_standard"", ""start_geometry_sha256"": ""a0b249f038190f9fb8880e403da82f1c672d9fdb205251d8998eb9b4da515dab"", ""steps"": 54}]",908e8c9e9b230df3c1d67dc1d7baeb3a71474086e1084c5f0c90bad11b0b7a27,0.14946538463229214,True,0.07656325415395583,50.0,100.0,0.08,converged,,bfgs_standard,"[{""ase_converged"": true, ""converged"": true, ""end_geometry_sha256"": ""fb68a0cd834064aeb5d75529a013fb9e3e4d2f8fb5d732612a47591036de2157"", ""failure_class"": null, ""max_force_eV_A"": 0.07656325415395583, ""name"": ""bfgs_standard"", ""start_geometry_sha256"": ""1e25e30d3b3a10479a3b6def9e6f368a7eea911d8b1fe76465f5add5a83f8f27"", ""steps"": 50}]",fb68a0cd834064aeb5d75529a013fb9e3e4d2f8fb5d732612a47591036de2157,0.3922566540539016,True,0.07519273624120523,79.0,100.0,0.08,converged,,bfgs_standard,"[{""ase_converged"": true, ""converged"": true, ""end_geometry_sha256"": ""fef86f97383affcd046ae9e5a83662925f120a72394c46c6588cdb12d8f0b011"", ""failure_class"": null, ""max_force_eV_A"": 0.07519273624120523, ""name"": ""bfgs_standard"", ""start_geometry_sha256"": ""a2e3269b2985aed4c9cae5984012873d64c65ea07d6e7efe6f2760cc409d8127"", ""steps"": 79}]",fef86f97383affcd046ae9e5a83662925f120a72394c46c6588cdb12d8f0b011,3.1173500522970334,1.079534615367708,step_4_H2O,9.0,0.0,True,0.5417220386861937,0.6852014328916924,False,quantitative_screening,2,2,f26d4760452ddc9aeedf,False,
"('Spinel', 'Ni', 'Mn', 'Mo', 'nanorod', 'none')",Spinel,True,esen-sm-conserving-all-oc25:relax-v4:orr-che-v3,True,0.07821428041401933,130,150,0.08,converged,,bfgs_standard,"[{""ase_converged"": true, ""converged"": true, ""end_geometry_sha256"": ""cc8a475b33f51b3124a6c4e3ce0d7159e915fb01d9d3581bd0dd9afb55dc7b50"", ""failure_class"": null, ""max_force_eV_A"": 0.07821428041401933, ""name"": ""bfgs_standard"", ""start_geometry_sha256"": ""827d0b0104b335d81ee1dbf16532abc52f7b9d9b0d1a36bcb1ea7358bbe4618a"", ""steps"": 130}]",cc8a475b33f51b3124a6c4e3ce0d7159e915fb01d9d3581bd0dd9afb55dc7b50,-373.01584226499756,True,0.06348049698822868,41.0,100.0,0.08,converged,,bfgs_standard,"[{""ase_converged"": true, ""converged"": true, ""end_geometry_sha256"": ""88dff7ce31ca0b428b10f5f31f90af2a3429a3f52673607777a9c22af79981ec"", ""failure_class"": null, ""max_force_eV_A"": 0.06348049698822868, ""name"": ""bfgs_standard"", ""start_geometry_sha256"": ""8ae135a6f243f44d3b8863294952ee1af4bf316040f624a36ecd12a56ebffd9f"", ""steps"": 41}]",88dff7ce31ca0b428b10f5f31f90af2a3429a3f52673607777a9c22af79981ec,0.6286352302134037,True,0.07610132716036061,37.0,100.0,0.08,converged,,bfgs_standard,"[{""ase_converged"": true, ""converged"": true, ""end_geometry_sha256"": ""7fdbe41d32bc5d7a3329e6e80efd3aeb4fae8f050927ac23c8c2e3a900d6f827"", ""failure_class"": null, ""max_force_eV_A"": 0.07610132716036061, ""name"": ""bfgs_standard"", ""start_geometry_sha256"": ""8da135d4050191636d668cbe82212874dd65863ea6c961f31995fac2822fc4b9"", ""steps"": 37}]",7fdbe41d32bc5d7a3329e6e80efd3aeb4fae8f050927ac23c8c2e3a900d6f827,1.1648949749767532,True,0.07865345222493372,60.0,100.0,0.08,converged,,bfgs_standard,"[{""ase_converged"": true, ""converged"": true, ""end_geometry_sha256"": ""5df318bfdeaa7349b0da7bd401141c89efd1b4f9e437e8518c724f9bd8c55a4d"", ""failure_class"": null, ""max_force_eV_A"": 0.07865345222493372, ""name"": ""bfgs_standard"", ""start_geometry_sha256"": ""464147c787a73717b68ca3e7fffb7b1e01d0132f873ed2e922cfa0bfc4c542d3"", ""steps"": 60}]",5df318bfdeaa7349b0da7bd401141c89efd1b4f9e437e8518c724f9bd8c55a4d,3.365050743520235,0.6927402552366506,step_3_OH,9.0,0.0,True,1.793530205190157,0.740000000035,False,quantitative_screening,1,1,2109cd9035e0c5e55417,False,
"('Spinel', 'Ni', 'Mn', 'Zr', 'nanoparticle', 'N-CNT')",Spinel,True,esen-sm-conserving-all-oc25:relax-v4:orr-che-v3,True,0.07633880652798573,120,150,0.08,converged,,bfgs_standard,"[{""ase_converged"": true, ""converged"": true, ""end_geometry_sha256"": ""03f0c9ff60e0c5ea9459969147895f253a88bec0ec84438800ec2d0df17ebf13"", ""failure_class"": null, ""max_force_eV_A"": 0.07633880652798573, ""name"": ""bfgs_standard"", ""start_geometry_sha256"": ""7b87584035631bbb8d75f9984a9e87cab45b20830e95a871a71918e59de87446"", ""steps"": 120}]",03f0c9ff60e0c5ea9459969147895f253a88bec0ec84438800ec2d0df17ebf13,-380.4840840231612,True,0.07984901720732585,195.0,100.0,0.08,converged,,bfgs_after_fire,"[{""ase_converged"": false, ""converged"": false, ""end_geometry_sha256"": ""ca859a75bf3f4e26528aaf763e4a8560e7633906f8ac314cf19b055dd2949696"", ""failure_class"": ""force_threshold"", ""max_force_eV_A"": 0.3228272554664194, ""name"": ""bfgs_standard"", ""start_geometry_sha256"": ""f5c0956b333af0265fc50573762bf17202b4fbf2033fb8ba2a1d7be06673b009"", ""steps"": 100}, {""ase_converged"": true, ""converged"": true, ""end_geometry_sha256"": ""54692b134770fcc64f074de108413385722a6fd6bc1e162788d7e8537a5a4c93"", ""failure_class"": null, ""max_force_eV_A"": 0.2398434877746061, ""name"": ""fire_precondition"", ""qualifying"": false, ""start_geometry_sha256"": ""f5c0956b333af0265fc50573762bf17202b4fbf2033fb8ba2a1d7be06673b009"", ""steps"": 32}, {""ase_converged"": true, ""converged"": true, ""end_geometry_sha256"": ""493e0c4c8d4658cf0006faaab861d2e0bf2b562b463b1694551d1c23bb1be132"", ""failure_class"": null, ""max_force_eV_A"": 0.07984901720732585, ""name"": ""bfgs_after_fire"", ""start_geometry_sha256"": ""54692b134770fcc64f074de108413385722a6fd6bc1e162788d7e8537a5a4c93"", ""steps"": 63}]",493e0c4c8d4658cf0006faaab861d2e0bf2b562b463b1694551d1c23bb1be132,0.5658682014047531,True,0.06907266627714144,88.0,100.0,0.08,converged,,bfgs_standard,"[{""ase_converged"": true, ""converged"": true, ""end_geometry_sha256"": ""0e5a00cccd3e9aa49957a5384fc066986c4877e4eb230cce54900440c25ce2f3"", ""failure_class"": null, ""max_force_eV_A"": 0.06907266627714144, ""name"": ""bfgs_standard"", ""start_geometry_sha256"": ""07802f23b0005a54bbe4b4eefeb5ca4bb684f7cbf3d79d271435f4a67802e844"", ""steps"": 88}]",0e5a00cccd3e9aa49957a5384fc066986c4877e4eb230cce54900440c25ce2f3,0.5911759503185501,True,0.07890830898071546,48.0,100.0,0.08,converged,,bfgs_standard,"[{""ase_converged"": true, ""converged"": true, ""end_geometry_sha256"": ""745f6492eab86cc8b16aaec0f69a005378a730f45307903f232e372caf016018"", ""failure_class"": null, ""max_force_eV_A"": 0.07890830898071546, ""name"": ""bfgs_standard"", ""start_geometry_sha256"": ""55541103518161c1ba607d5706bb1370459f2fc9d10f2a18c149d1d9ef4a38bd"", ""steps"": 48}]",745f6492eab86cc8b16aaec0f69a005378a730f45307903f232e372caf016018,4.155669640004611,1.2036922510862031,step_3_OH,9.0,0.0,True,1.1570441517233032,0.740000000035,False,quantitative_screening,0,0,54dac431f3f3cdc48a48,False,
"('Spinel', 'Ni', 'Mn', 'Zr', 'mesoporous', 'N-graphene')",Spinel,True,esen-sm-conserving-all-oc25:relax-v4:orr-che-v3,True,0.07386393363301567,134,150,0.08,converged,,bfgs_standard,"[{""ase_converged"": true, ""converged"": true, ""end_geometry_sha256"": ""a6df0fb87a8ff569d4c37551c543e916f6c8f558213ad4920fcd0956c6145e94"", ""failure_class"": null, ""max_force_eV_A"": 0.07386393363301567, ""name"": ""bfgs_standard"", ""start_geometry_sha256"": ""ca06246f6cc3306ac463d41f6a631777c117df86475f16b3574fba98a0360e02"", ""steps"": 134}]",a6df0fb87a8ff569d4c37551c543e916f6c8f558213ad4920fcd0956c6145e94,-373.5519673398897,True,0.07446066928538,48.0,100.0,0.08,converged,,bfgs_standard,"[{""ase_converged"": true, ""converged"": true, ""end_geometry_sha256"": ""b9297997976b29c90aa22ce75a3bcb5ce1140e39a29570c78d5d895dc72af5d2"", ""failure_class"": null, ""max_force_eV_A"": 0.07446066928538, ""name"": ""bfgs_standard"", ""start_geometry_sha256"": ""d5ded39abb805735de008bc2e008fb18b90e186f118f1c01ec1367a0072fdbf1"", ""steps"": 48}]",b9297997976b29c90aa22ce75a3bcb5ce1140e39a29570c78d5d895dc72af5d2,0.35836583629250524,True,0.06729524285104305,38.0,100.0,0.08,converged,,bfgs_standard,"[{""ase_converged"": true, ""converged"": true, ""end_geometry_sha256"": ""039867719a28fb9214c841ed86161e2aa407f2ec4c3080e5001c5904678c601c"", ""failure_class"": null, ""max_force_eV_A"": 0.06729524285104305, ""name"": ""bfgs_standard"", ""start_geometry_sha256"": ""2481ae47720d0d4c0d61aa28fa9f1836c0a94b2f8f2c65d1655b881f580a988d"", ""steps"": 38}]",039867719a28fb9214c841ed86161e2aa407f2ec4c3080e5001c5904678c601c,0.6857785351574173,True,0.07340909435068789,63.0,100.0,0.08,converged,,bfgs_standard,"[{""ase_converged"": true, ""converged"": true, ""end_geometry_sha256"": ""6b16c47f6a19af3acd378a5e230671a53246d7c2efafb9b4d2b4c711d6cb2831"", ""failure_class"": null, ""max_force_eV_A"": 0.07340909435068789, ""name"": ""bfgs_standard"", ""start_geometry_sha256"": ""7beac7120cc19a25c0be5e672a719923ff6956e6c42c2b5b962f281869524d21"", ""steps"": 63}]",6b16c47f6a19af3acd378a5e230671a53246d7c2efafb9b4d2b4c711d6cb2831,3.2972158893942582,0.9015873011350881,step_3_OH,9.0,0.0,True,1.0441443714499226,0.740000000035,False,quantitative_screening,1,1,bcbc51a277c9a2573101,False,
"('Spinel', 'Ni', 'Fe', 'Ce', 'hollow_sphere', 'N-CNT')",Spinel,True,esen-sm-conserving-all-oc25:relax-v4:orr-che-v3,True,0.07142211014076844,144,150,0.08,converged,,bfgs_standard,"[{""ase_converged"": true, ""converged"": true, ""end_geometry_sha256"": ""4e8f18fe8ac960a438075cd39dc4591c53df6b01f367f54e6131b6db77f6e12e"", ""failure_class"": null, ""max_force_eV_A"": 0.07142211014076844, ""name"": ""bfgs_standard"", ""start_geometry_sha256"": ""26b0f6ebd491dada63010c9fb41c21a62a8c8f0f2ead8d2ef0ffc4e9a3563fee"", ""steps"": 144}]",4e8f18fe8ac960a438075cd39dc4591c53df6b01f367f54e6131b6db77f6e12e,-343.5214798368647,True,0.07761928771813098,232.0,100.0,0.08,converged,,bfgs_after_fire,"[{""ase_converged"": false, ""converged"": false, ""end_geometry_sha256"": ""50995578bfe02c4d17fc9727230f3b4963be08920a226f2c1457927777f26ca9"", ""failure_class"": ""force_threshold"", ""max_force_eV_A"": 0.8729410579172656, ""name"": ""bfgs_standard"", ""start_geometry_sha256"": ""065feb4598d07811be77b86f0982f69aed0f0f8417f740e704b7176639a0fc51"", ""steps"": 100}, {""ase_converged"": false, ""converged"": false, ""end_geometry_sha256"": ""a6a82c63dd91bd2ace0ac3cd1b5dab6c0dcb729b8e704da5bd3eb1250d891635"", ""failure_class"": ""force_threshold"", ""max_force_eV_A"": 0.4465849965461658, ""name"": ""fire_precondition"", ""qualifying"": false, ""start_geometry_sha256"": ""065feb4598d07811be77b86f0982f69aed0f0f8417f740e704b7176639a0fc51"", ""steps"": 50}, {""ase_converged"": true, ""converged"": true, ""end_geometry_sha256"": ""a218d9c7c8297d79c75eb395302ea093fbe7551f2c9049f3892db9915ad71381"", ""failure_class"": null, ""max_force_eV_A"": 0.07761928771813098, ""name"": ""bfgs_after_fire"", ""start_geometry_sha256"": ""a6a82c63dd91bd2ace0ac3cd1b5dab6c0dcb729b8e704da5bd3eb1250d891635"", ""steps"": 82}]",a218d9c7c8297d79c75eb395302ea093fbe7551f2c9049f3892db9915ad71381,-0.754085717052335,True,0.0779401152062229,50.0,100.0,0.08,converged,,bfgs_standard,"[{""ase_converged"": true, ""converged"": true, ""end_geometry_sha256"": ""fb31438e7ba13a1bd34a2ffee7c9146473118739610e07721fdfab5a0ae802df"", ""failure_class"": null, ""max_force_eV_A"": 0.0779401152062229, ""name"": ""bfgs_standard"", ""start_geometry_sha256"": ""ae96f2c174586bd9071f24c3b54a52a11ebf6dcd6352677a4a33473405fa3b5d"", ""steps"": 50}]",fb31438e7ba13a1bd34a2ffee7c9146473118739610e07721fdfab5a0ae802df,0.9414586193859329,True,0.07415718794777236,243.0,100.0,0.08,converged,,bfgs_after_fire,"[{""ase_converged"": false, ""converged"": false, ""end_geometry_sha256"": ""c197bdfc3ec9bf67c9c29ce808e4b59394b3d17036b7ad201bd6910a8a757a2b"", ""failure_class"": ""force_threshold"", ""max_force_eV_A"": 0.37827041167150677, ""name"": ""bfgs_standard"", ""start_geometry_sha256"": ""696284d64123c36b3cf60b61285e1712818c4104e406a244624eca0b2ce6d20f"", ""steps"": 100}, {""ase_converged"": false, ""converged"": false, ""end_geometry_sha256"": ""fecb64e83bc06da3422e1f9c59a0352854dc782809e3c2b98a9c6003fe2e81d5"", ""failure_class"": ""force_threshold"", ""max_force_eV_A"": 1.174562669524383, ""name"": ""fire_precondition"", ""qualifying"": false, ""start_geometry_sha256"": ""696284d64123c36b3cf60b61285e1712818c4104e406a244624eca0b2ce6d20f"", ""steps"": 50}, {""ase_converged"": true, ""converged"": true, ""end_geometry_sha256"": ""1d849c25e1fd654f697e73fca200429a8e700ac4ecdec23921a88f88729e1623"", ""failure_class"": null, ""max_force_eV_A"": 0.07415718794777236, ""name"": ""bfgs_after_fire"", ""start_geometry_sha256"": ""fecb64e83bc06da3422e1f9c59a0352854dc782809e3c2b98a9c6003fe2e81d5"", ""steps"": 93}]",1d849c25e1fd654f697e73fca200429a8e700ac4ecdec23921a88f88729e1623,0.5975622639059772,1.983085717052335,step_4_H2O,7.0,0.0,True,1.6955443364382679,0.6852014328916924,False,quantitative_screening,2,2,6cff08e7541303fb8b6b,False,
"('MXene', 'Cr', 'N', 2, 'S', 'Pd')",MXene,True,esen-sm-conserving-all-oc25:relax-v4:orr-che-v3,True,0.06403005734119159,347,150,0.08,converged,,bfgs_after_fire,"[{""ase_converged"": false, ""converged"": false, ""end_geometry_sha256"": ""cb51cc78bf7c4de9541abd0f89c791bccf06370cc3724949b935917e2b4b36db"", ""failure_class"": ""force_threshold"", ""max_force_eV_A"": 0.3914163977750432, ""name"": ""bfgs_standard"", ""start_geometry_sha256"": ""0f904903825936e565cb65ac4ab86846c7adf8bc35371a10e9c189ec0efd0e3a"", ""steps"": 150}, {""ase_converged"": false, ""converged"": false, ""end_geometry_sha256"": ""1c306db8f284f7d6a42dea35917ef9415e8043197bf75c8efc2799697c3df96e"", ""failure_class"": ""force_threshold"", ""max_force_eV_A"": 0.8566070196887711, ""name"": ""fire_precondition"", ""qualifying"": false, ""start_geometry_sha256"": ""0f904903825936e565cb65ac4ab86846c7adf8bc35371a10e9c189ec0efd0e3a"", ""steps"": 75}, {""ase_converged"": true, ""converged"": true, ""end_geometry_sha256"": ""c19161a0a0bd2a346444a5769807694b50a5f0605996fd70fec7fdd6999eaf2f"", ""failure_class"": null, ""max_force_eV_A"": 0.06403005734119159, ""name"": ""bfgs_after_fire"", ""start_geometry_sha256"": ""1c306db8f284f7d6a42dea35917ef9415e8043197bf75c8efc2799697c3df96e"", ""steps"": 122}]",c19161a0a0bd2a346444a5769807694b50a5f0605996fd70fec7fdd6999eaf2f,-239.46935988022415,True,0.0724988048404912,50.0,100.0,0.08,converged,,bfgs_standard,"[{""ase_converged"": true, ""converged"": true, ""end_geometry_sha256"": ""1fa0adce875ac74e487348f4846538a512c7d25964897663b93c5b30a4ed9cec"", ""failure_class"": null, ""max_force_eV_A"": 0.0724988048404912, ""name"": ""bfgs_standard"", ""start_geometry_sha256"": ""2cb70f132af3ee4cabb124b0426b910ade08a96e8572844ac2e0335dcd8e4bc5"", ""steps"": 50}]",1fa0adce875ac74e487348f4846538a512c7d25964897663b93c5b30a4ed9cec,-1.240171608775854,True,0.07968753776755373,37.0,100.0,0.08,converged,,bfgs_standard,"[{""ase_converged"": true, ""converged"": true, ""end_geometry_sha256"": ""da00f1560cb4802436c9b2d86177444cdd0312b0bd6b95731951b6c3b08c9e70"", ""failure_class"": null, ""max_force_eV_A"": 0.07968753776755373, ""name"": ""bfgs_standard"", ""start_geometry_sha256"": ""c0a7c8cde744f50fe00453187ba6b918fe7caff2d900b446bed20279f9e8f5fd"", ""steps"": 37}]",da00f1560cb4802436c9b2d86177444cdd0312b0bd6b95731951b6c3b08c9e70,-1.609416090697075,True,0.07747200696868317,79.0,100.0,0.08,converged,,bfgs_standard,"[{""ase_converged"": true, ""converged"": true, ""end_geometry_sha256"": ""cafcc6956869f15acb5b75ec09d00671d4583e600194ee06e459ed91f506ec52"", ""failure_class"": null, ""max_force_eV_A"": 0.07747200696868317, ""name"": ""bfgs_standard"", ""start_geometry_sha256"": ""77db66b2e08345ff354472e905702d7ccfe57ee165f290f9845d63ebc4cacf62"", ""steps"": 79}]",cafcc6956869f15acb5b75ec09d00671d4583e600194ee06e459ed91f506ec52,-2.2742486491799605,2.469171608775854,step_4_H2O,9.0,-1.8153085691824014,True,2.849587699472929,0.675000000035,False,quantitative_screening,0,0,65b0fe2d5011dad7ab7b,False,
"('MXene', 'Cr', 'N', 3, 'OH', 'Co')",MXene,True,esen-sm-conserving-all-oc25:relax-v4:orr-che-v3,True,0.07123139911554394,143,150,0.08,converged,,bfgs_standard,"[{""ase_converged"": true, ""converged"": true, ""end_geometry_sha256"": ""91068d25cba8a39a2a894a50ddcf63776035ef69d8471475c33d9c0bae074905"", ""failure_class"": null, ""max_force_eV_A"": 0.07123139911554394, ""name"": ""bfgs_standard"", ""start_geometry_sha256"": ""1fe7fd38d3f29579e0cd316115fce657677eab75cc5fae487a66f85a8454d185"", ""steps"": 143}]",91068d25cba8a39a2a894a50ddcf63776035ef69d8471475c33d9c0bae074905,-338.36621502719044,True,0.0702536134812306,54.0,100.0,0.08,converged,,bfgs_standard,"[{""ase_converged"": true, ""converged"": true, ""end_geometry_sha256"": ""9321ee95ee0a49b04c128247f4ce3344b32664cc89e26b03e37d391a8e5ba484"", ""failure_class"": null, ""max_force_eV_A"": 0.0702536134812306, ""name"": ""bfgs_standard"", ""start_geometry_sha256"": ""b1cbff2ba620cbfea7cd12ce43f8e6c3f7b3f25f94fa58fe7cc68e78c04c129f"", ""steps"": 54}]",9321ee95ee0a49b04c128247f4ce3344b32664cc89e26b03e37d391a8e5ba484,-0.5782110069692703,True,0.06947765428516071,236.0,100.0,0.08,converged,,bfgs_after_fire,"[{""ase_converged"": false, ""converged"": false, ""end_geometry_sha256"": ""d132c6e5c1fd7a06c0f61350cfa72a6cf3e57b82a047bcd7c5d5d4466606d1fd"", ""failure_class"": ""force_threshold"", ""max_force_eV_A"": 0.37979432447049993, ""name"": ""bfgs_standard"", ""start_geometry_sha256"": ""2eb5eb1082723f6dafb2266b0e6d87f2f55f9459c8b2979647f63903d2ec7de9"", ""steps"": 100}, {""ase_converged"": false, ""converged"": false, ""end_geometry_sha256"": ""262b273db5d3cd99ea1c7d610f5b7ceec16c5a952bec8c7bef4906c1f26e67aa"", ""failure_class"": ""force_threshold"", ""max_force_eV_A"": 1.1325424087198634, ""name"": ""fire_precondition"", ""qualifying"": false, ""start_geometry_sha256"": ""2eb5eb1082723f6dafb2266b0e6d87f2f55f9459c8b2979647f63903d2ec7de9"", ""steps"": 50}, {""ase_converged"": true, ""converged"": true, ""end_geometry_sha256"": ""ce356c98bd912dbda35535c79d92b62863edd02055eca23b565eac9c43ea73bb"", ""failure_class"": null, ""max_force_eV_A"": 0.06947765428516071, ""name"": ""bfgs_after_fire"", ""start_geometry_sha256"": ""262b273db5d3cd99ea1c7d610f5b7ceec16c5a952bec8c7bef4906c1f26e67aa"", ""steps"": 86}]",ce356c98bd912dbda35535c79d92b62863edd02055eca23b565eac9c43ea73bb,-0.5408030383289677,True,0.06499949212135653,70.0,100.0,0.08,converged,,bfgs_standard,"[{""ase_converged"": true, ""converged"": true, ""end_geometry_sha256"": ""40bf587c2f9203e8104ec0863432d60aa95a6765f72becb8658a7f60ca41df7a"", ""failure_class"": null, ""max_force_eV_A"": 0.06499949212135653, ""name"": ""bfgs_standard"", ""start_geometry_sha256"": ""a2bca572c399f9512a13a11dafe3590a9569ad15b6716e7265954ea7efbd0401"", ""steps"": 70}]",40bf587c2f9203e8104ec0863432d60aa95a6765f72becb8658a7f60ca41df7a,-0.9535861507057823,1.8072110069692704,step_4_H2O,8.0,0.0,True,1.119014045298238,0.675000000035,False,quantitative_screening,1,1,ac7e3fa5c78c1f00d70f,False,
"('MXene', 'Cr', 'N', 3, 'F', 'Ni')",MXene,True,esen-sm-conserving-all-oc25:relax-v4:orr-che-v3,True,0.07526366040033977,112,150,0.08,converged,,bfgs_standard,"[{""ase_converged"": true, ""converged"": true, ""end_geometry_sha256"": ""14d582ea67e8a7d61caf3061b59309ad51b960113a3e645360d7902926ffe4f5"", ""failure_class"": null, ""max_force_eV_A"": 0.07526366040033977, ""name"": ""bfgs_standard"", ""start_geometry_sha256"": ""8d296342bd4af4fab3c03016ebc93aa02a5ab15301847a96e52fad4de44e0f42"", ""steps"": 112}]",14d582ea67e8a7d61caf3061b59309ad51b960113a3e645360d7902926ffe4f5,-328.9709801825797,True,0.07969771874588535,57.0,100.0,0.08,converged,,bfgs_standard,"[{""ase_converged"": true, ""converged"": true, ""end_geometry_sha256"": ""944e3419d353013fe94dae7dd52184cdd80de638859662c258e299d142cad567"", ""failure_class"": null, ""max_force_eV_A"": 0.07969771874588535, ""name"": ""bfgs_standard"", ""start_geometry_sha256"": ""5851e9269f46043395a4b46e0d3b5b21d36140389b8e0a835d8781f07f073f42"", ""steps"": 57}]",944e3419d353013fe94dae7dd52184cdd80de638859662c258e299d142cad567,-2.896503624767065,True,0.05765099692727542,62.0,100.0,0.08,converged,,bfgs_standard,"[{""ase_converged"": true, ""converged"": true, ""end_geometry_sha256"": ""5971a2a8a501153498c2e679667812d259def6652b880440176e8b58be49c429"", ""failure_class"": null, ""max_force_eV_A"": 0.05765099692727542, ""name"": ""bfgs_standard"", ""start_geometry_sha256"": ""70e3d29ef43f84befc677d6f698835b116b0954ec46683685c028372d40e2458"", ""steps"": 62}]",5971a2a8a501153498c2e679667812d259def6652b880440176e8b58be49c429,-2.4874125353991667,True,0.0732370447345751,45.0,100.0,0.08,converged,,bfgs_standard,"[{""ase_converged"": true, ""converged"": true, ""end_geometry_sha256"": ""7235ca70dedb0513c04d95440844540354950735385b02ddd4ade0743bef01bd"", ""failure_class"": null, ""max_force_eV_A"": 0.0732370447345751, ""name"": ""bfgs_standard"", ""start_geometry_sha256"": ""dd12b71d1c9b105852e7e6e28eb6122154ba8a9a8ec7aa4e1e13a4a5621e3fcf"", ""steps"": 45}]",7235ca70dedb0513c04d95440844540354950735385b02ddd4ade0743bef01bd,-3.572514106333224,3.0,step_4_H2O,9.0,0.0,True,5.3839161601662315,0.675000000035,False,quantitative_screening,0,0,5a7444ad811d9e51e92b,False,
"('MXene', 'Cr', 'N', 3, 'Cl', 'Fe')",MXene,True,esen-sm-conserving-all-oc25:relax-v4:orr-che-v3,True,0.05618977007572526,101,150,0.08,converged,,bfgs_standard,"[{""ase_converged"": true, ""converged"": true, ""end_geometry_sha256"": ""11bd42f033478ffb597a5fb481f9e5dce6b839ab9c7bc6646cf03ec5c4dd21d8"", ""failure_class"": null, ""max_force_eV_A"": 0.05618977007572526, ""name"": ""bfgs_standard"", ""start_geometry_sha256"": ""8723d623f5fa42f17824333f054f8243dc1abcb187b250426c6559772412a056"", ""steps"": 101}]",11bd42f033478ffb597a5fb481f9e5dce6b839ab9c7bc6646cf03ec5c4dd21d8,-328.26135521334913,True,0.07347992058788241,198.0,100.0,0.08,converged,,bfgs_after_fire,"[{""ase_converged"": false, ""converged"": false, ""end_geometry_sha256"": ""fe7be1a4e1d902f744549911f7f99aef7d2a533e5ae5b74e8a0ee0d604789e6e"", ""failure_class"": ""force_threshold"", ""max_force_eV_A"": 0.10813907010075509, ""name"": ""bfgs_standard"", ""start_geometry_sha256"": ""4252291c2296fc3d3cd22618b9e27a8785b5f3e9b2cc893e9d56e17dacde3edf"", ""steps"": 100}, {""ase_converged"": false, ""converged"": false, ""end_geometry_sha256"": ""e663ac985136079d5d72804167b0e8fd079508e6f7005a07f28e8902669085d9"", ""failure_class"": ""force_threshold"", ""max_force_eV_A"": 0.6822039004436002, ""name"": ""fire_precondition"", ""qualifying"": false, ""start_geometry_sha256"": ""4252291c2296fc3d3cd22618b9e27a8785b5f3e9b2cc893e9d56e17dacde3edf"", ""steps"": 50}, {""ase_converged"": true, ""converged"": true, ""end_geometry_sha256"": ""b04db034b4da26544d026b4379fce1ab2e50e54c9f97b13f1bfa9e43937e97b9"", ""failure_class"": null, ""max_force_eV_A"": 0.07347992058788241, ""name"": ""bfgs_after_fire"", ""start_geometry_sha256"": ""e663ac985136079d5d72804167b0e8fd079508e6f7005a07f28e8902669085d9"", ""steps"": 48}]",b04db034b4da26544d026b4379fce1ab2e50e54c9f97b13f1bfa9e43937e97b9,-1.0009881828725338,True,0.06529143016458012,28.0,100.0,0.08,converged,,bfgs_standard,"[{""ase_converged"": true, ""converged"": true, ""end_geometry_sha256"": ""1b00dadc020475d88a4f14758ed01042f54cd33a2931e8afa69785cc83168c90"", ""failure_class"": null, ""max_force_eV_A"": 0.06529143016458012, ""name"": ""bfgs_standard"", ""start_geometry_sha256"": ""4ab88e1c66348c6ac3b2f2bc4181c4c2f83fe238c2cc13138bcf01cd1f220c7c"", ""steps"": 28}]",1b00dadc020475d88a4f14758ed01042f54cd33a2931e8afa69785cc83168c90,-1.8553953997791062,True,0.07264849843118658,77.0,100.0,0.08,converged,,bfgs_standard,"[{""ase_converged"": true, ""converged"": true, ""end_geometry_sha256"": ""b2869c85d30e28d1c97b65fffcd2b49dfbd705366eb3cedad65946d2c4590702"", ""failure_class"": null, ""max_force_eV_A"": 0.07264849843118658, ""name"": ""bfgs_standard"", ""start_geometry_sha256"": ""5290a41ca41330c65f28ff0d124b4860610c67e4f85aaa225190d4be21f28267"", ""steps"": 77}]",b2869c85d30e28d1c97b65fffcd2b49dfbd705366eb3cedad65946d2c4590702,-2.885199119150607,2.2588037193715005,step_2_O,6.0,0.0,True,2.85638358265164,0.675000000035,False,quantitative_screening,1,1,4dc7fa1d56e47fad53cb,False,
"('MXene', 'Cr', 'N', 3, 'mixed_OH_O', 'Ru')",MXene,True,esen-sm-conserving-all-oc25:relax-v4:orr-che-v3,True,0.070182694762907,442,150,0.08,converged,,bfgs_after_fire,"[{""ase_converged"": false, ""converged"": false, ""end_geometry_sha256"": ""5bc1c959735313b1dea14880ec0fce5d85a7b8791e8ad24f45b0b1456c43b82a"", ""failure_class"": ""force_threshold"", ""max_force_eV_A"": 0.13283885359930292, ""name"": ""bfgs_standard"", ""start_geometry_sha256"": ""fab3d5981872f6ca72ab7ee3e647bd717b6e38df34fec009b9d65370ccc1328f"", ""steps"": 150}, {""ase_converged"": false, ""converged"": false, ""end_geometry_sha256"": ""20b912582a8ce7f2eee534e75f6cc36f8bc853d4bca16e1e5f2e6fbb2e724eb4"", ""failure_class"": ""force_threshold"", ""max_force_eV_A"": 2.9779233899123345, ""name"": ""fire_precondition"", ""qualifying"": false, ""start_geometry_sha256"": ""fab3d5981872f6ca72ab7ee3e647bd717b6e38df34fec009b9d65370ccc1328f"", ""steps"": 75}, {""ase_converged"": true, ""converged"": true, ""end_geometry_sha256"": ""c3abfa2fbee9e022565d46b62ff714d77dcecbc5fbe8508f954ed05dbe1a7800"", ""failure_class"": null, ""max_force_eV_A"": 0.070182694762907, ""name"": ""bfgs_after_fire"", ""start_geometry_sha256"": ""20b912582a8ce7f2eee534e75f6cc36f8bc853d4bca16e1e5f2e6fbb2e724eb4"", ""steps"": 217}]",c3abfa2fbee9e022565d46b62ff714d77dcecbc5fbe8508f954ed05dbe1a7800,-347.085429033161,True,0.07680445201727693,211.0,100.0,0.08,converged,,bfgs_after_fire,"[{""ase_converged"": false, ""converged"": false, ""end_geometry_sha256"": ""609589a6f1a02b7681bfc32afd860d3b959532bfb7d287e5745ef238251c667a"", ""failure_class"": ""force_threshold"", ""max_force_eV_A"": 0.5297591155395789, ""name"": ""bfgs_standard"", ""start_geometry_sha256"": ""a2208bdc4917f75cf51d0cad79b79d20496e187324d19ae326163a6f770c0357"", ""steps"": 100}, {""ase_converged"": false, ""converged"": false, ""end_geometry_sha256"": ""f08565cb1fe7b67f7d628b934cc0c87c26fd04ccc3575276fa646987117bb6d0"", ""failure_class"": ""force_threshold"", ""max_force_eV_A"": 0.5851583852768075, ""name"": ""fire_precondition"", ""qualifying"": false, ""start_geometry_sha256"": ""a2208bdc4917f75cf51d0cad79b79d20496e187324d19ae326163a6f770c0357"", ""steps"": 50}, {""ase_converged"": true, ""converged"": true, ""end_geometry_sha256"": ""04373b26b2d3f9dc7b06b35ca03842a0679d72b6bc6dff6e507c190b67977e6d"", ""failure_class"": null, ""max_force_eV_A"": 0.07680445201727693, ""name"": ""bfgs_after_fire"", ""start_geometry_sha256"": ""f08565cb1fe7b67f7d628b934cc0c87c26fd04ccc3575276fa646987117bb6d0"", ""steps"": 61}]",04373b26b2d3f9dc7b06b35ca03842a0679d72b6bc6dff6e507c190b67977e6d,-1.3560888145863441,True,0.07995360890345315,34.0,100.0,0.08,converged,,bfgs_standard,"[{""ase_converged"": true, ""converged"": true, ""end_geometry_sha256"": ""dd034f8032a0fc74d1bc9c30d553172254996e87051ed11a1d72999bab3af37b"", ""failure_class"": null, ""max_force_eV_A"": 0.07995360890345315, ""name"": ""bfgs_standard"", ""start_geometry_sha256"": ""d2b1a63087ff8ef72cc28bd7779415eca31802dc0109e27754608d99306f4b03"", ""steps"": 34}]",dd034f8032a0fc74d1bc9c30d553172254996e87051ed11a1d72999bab3af37b,-1.8815546862780728,True,0.06960228413602104,46.0,100.0,0.08,converged,,bfgs_standard,"[{""ase_converged"": true, ""converged"": true, ""end_geometry_sha256"": ""641dabb416a4c4a1d7188c7482658984d1569d91b184017e6d542b67eebef260"", ""failure_class"": null, ""max_force_eV_A"": 0.06960228413602104, ""name"": ""bfgs_standard"", ""start_geometry_sha256"": ""08f6f274788e7ae8bc3dc762d4ec1ba3dbea9391e7a89132fb9efad673bbddce"", ""steps"": 46}]",641dabb416a4c4a1d7188c7482658984d1569d91b184017e6d542b67eebef260,-2.265910674631564,2.585088814586344,step_4_H2O,9.0,-2.0,True,3.237643500864417,0.675000000035,False,quantitative_screening,2,2,4476e586f0b475367356,False,
"('MXene', 'Cr', 'N', 3, 'bare', 'None')",MXene,True,esen-sm-conserving-all-oc25:relax-v4:orr-che-v3,True,0.06759975258205746,53,150,0.08,converged,,bfgs_standard,"[{""ase_converged"": true, ""converged"": true, ""end_geometry_sha256"": ""2c511ec6a59cc18b35361fb91ca0c56c2ac839e57a38514d7dc3a6647b09f491"", ""failure_class"": null, ""max_force_eV_A"": 0.06759975258205746, ""name"": ""bfgs_standard"", ""start_geometry_sha256"": ""8cbfd66da7fd02ccb8e9d5f85054ccaaa8317cc4c3167f264bb4e14fb60681b5"", ""steps"": 53}]",2c511ec6a59cc18b35361fb91ca0c56c2ac839e57a38514d7dc3a6647b09f491,-327.284935661356,True,0.0777399718038112,27.0,100.0,0.08,converged,,bfgs_standard,"[{""ase_converged"": true, ""converged"": true, ""end_geometry_sha256"": ""b0a61775828f1b0dc50d9b3b7758b78c80d34f6970d40d192709152d8af8c10e"", ""failure_class"": null, ""max_force_eV_A"": 0.0777399718038112, ""name"": ""bfgs_standard"", ""start_geometry_sha256"": ""4c104467b671b3fca5f293d3f0de86042ca70263531fff7d2924d09deea681f1"", ""steps"": 27}]",b0a61775828f1b0dc50d9b3b7758b78c80d34f6970d40d192709152d8af8c10e,-0.8615094994008541,True,0.06506214866939028,34.0,100.0,0.08,converged,,bfgs_standard,"[{""ase_converged"": true, ""converged"": true, ""end_geometry_sha256"": ""3a8b42463c6d6ba637ba3580c7396a740ccce9059b3043f55f186f24bcf4c8a8"", ""failure_class"": null, ""max_force_eV_A"": 0.06506214866939028, ""name"": ""bfgs_standard"", ""start_geometry_sha256"": ""45fe12c999a65ba2f760e89365397f4f17972a3c4d73d50ba58fcb1ba0bf27fb"", ""steps"": 34}]",3a8b42463c6d6ba637ba3580c7396a740ccce9059b3043f55f186f24bcf4c8a8,-2.0990458361804167,True,0.07280043383918391,31.0,100.0,0.08,converged,,bfgs_standard,"[{""ase_converged"": true, ""converged"": true, ""end_geometry_sha256"": ""80b4f54a9c31ea23fd42895172d46f9d518a44588e7c4f8fd3d4935e8876f78a"", ""failure_class"": null, ""max_force_eV_A"": 0.07280043383918391, ""name"": ""bfgs_standard"", ""start_geometry_sha256"": ""9cc5d79df13e6078b10da77e843b757c980b23ab83cfa78b1189fb29694a65c8"", ""steps"": 31}]",80b4f54a9c31ea23fd42895172d46f9d518a44588e7c4f8fd3d4935e8876f78a,-2.2714314952492964,2.466536336779563,step_3_OH,9.0,0.0,True,2.9605553355812706,0.675000000035,False,quantitative_screening,0,0,ad896057482b3a5984de,False,
"('MXene', 'Cr', 'CN', 1, 'Cl', 'Mn')",MXene,False,esen-sm-conserving-all-oc25:relax-v4:orr-che-v3,True,0.04265455814956466,44,150,0.08,converged,,bfgs_standard,"[{""ase_converged"": true, ""converged"": true, ""end_geometry_sha256"": ""8aaf9dce0b4aaab03612c44ae6bc3223be0589143a98d6b4e7911cc5d2a14418"", ""failure_class"": null, ""max_force_eV_A"": 0.04265455814956466, ""name"": ""bfgs_standard"", ""start_geometry_sha256"": ""4cdd9f6b0e8c24e7027b8437234c0a8fb2c002de5262b1074e7ffbf4a3d71cc1"", ""steps"": 44}]",8aaf9dce0b4aaab03612c44ae6bc3223be0589143a98d6b4e7911cc5d2a14418,-153.22918325438502,True,0.04279880476832874,47.0,100.0,0.08,converged,,bfgs_standard,"[{""ase_converged"": true, ""converged"": true, ""end_geometry_sha256"": ""f0fca69bee0fcb80cba8476f0c958d91f2698011b276a7b62cf01a2afca9a47b"", ""failure_class"": null, ""max_force_eV_A"": 0.04279880476832874, ""name"": ""bfgs_standard"", ""start_geometry_sha256"": ""ef195ea5675bef2c38d8bba7620c9ccf899d8e1c7fb92f7f2e58532ce4428e14"", ""steps"": 47}]",f0fca69bee0fcb80cba8476f0c958d91f2698011b276a7b62cf01a2afca9a47b,-0.061075386852026015,True,0.07166509370102861,9.0,100.0,0.08,converged,,bfgs_standard,"[{""ase_converged"": true, ""converged"": true, ""end_geometry_sha256"": ""a95350d290df6d9487220bd1f87130e415a22473baaaf7d00e694da4797bc91f"", ""failure_class"": null, ""max_force_eV_A"": 0.07166509370102861, ""name"": ""bfgs_standard"", ""start_geometry_sha256"": ""783698bd792738338da3f89602b0ef9176106275df283bb3a3ceecc3f2e4917f"", ""steps"": 9}]",a95350d290df6d9487220bd1f87130e415a22473baaaf7d00e694da4797bc91f,-0.49437626525759343,False,18.285148653860876,650.0,100.0,0.08,recovery_exhausted,force_threshold,fire_precondition,"[{""ase_converged"": false, ""converged"": false, ""end_geometry_sha256"": ""fb9aa5fe0c9380c21b6411cee60d8770e3875d4f337dfabb754919351972208d"", ""failure_class"": ""force_threshold"", ""max_force_eV_A"": 237.8501237584523, ""name"": ""bfgs_standard"", ""start_geometry_sha256"": ""bec2ad34d6002bc0e82647dd39b4175acd84cb069b215a4406dfa449e127f395"", ""steps"": 100}, {""ase_converged"": false, ""converged"": false, ""end_geometry_sha256"": ""217168b6a61022894f7d618f823f8ef411ee21c0b362672a2f223957e4612dd4"", ""failure_class"": ""force_threshold"", ""max_force_eV_A"": 18.285148653860876, ""name"": ""fire_precondition"", ""qualifying"": false, ""start_geometry_sha256"": ""bec2ad34d6002bc0e82647dd39b4175acd84cb069b215a4406dfa449e127f395"", ""steps"": 50}, {""ase_converged"": false, ""converged"": false, ""end_geometry_sha256"": ""ee6085f8cf829c46a617fe07011d2791f7bff34ab12507b8d58becee3dfa6c08"", ""failure_class"": ""force_threshold"", ""max_force_eV_A"": 4802.063256115135, ""name"": ""bfgs_after_fire"", ""start_geometry_sha256"": ""217168b6a61022894f7d618f823f8ef411ee21c0b362672a2f223957e4612dd4"", ""steps"": 200}, {""ase_converged"": false, ""converged"": false, ""end_geometry_sha256"": ""cd68dcd5457b7c981d554e1ffdca914e08e62da1c8f026a770122e02c3c26fb1"", ""failure_class"": ""force_threshold"", ""max_force_eV_A"": 23.27446931618702, ""name"": ""fire_small_step"", ""start_geometry_sha256"": ""217168b6a61022894f7d618f823f8ef411ee21c0b362672a2f223957e4612dd4"", ""steps"": 300}]",217168b6a61022894f7d618f823f8ef411ee21c0b362672a2f223957e4612dd4,,,,,,,,,True,validation_required,0,0,bd92d2b8c3aabc3aa8dc,False,Unconverged ooh relaxation: max_force=18.2851 eV/A after 650 cumulative recovery steps
"('MXene', 'Cr', 'CN', 1, 'mixed_OH_O', 'Pt')",MXene,True,esen-sm-conserving-all-oc25:relax-v4:orr-che-v3,True,0.059925359108268184,126,150,0.08,converged,,bfgs_standard,"[{""ase_converged"": true, ""converged"": true, ""end_geometry_sha256"": ""512c577c3410c28423665acea4591261761ab832ae85fbf5fd9f74940a987ac6"", ""failure_class"": null, ""max_force_eV_A"": 0.059925359108268184, ""name"": ""bfgs_standard"", ""start_geometry_sha256"": ""be052ef134dc0789dc8e95ae203655fa64dc3c8f503a08fb08fc50fcacc041e2"", ""steps"": 126}]",512c577c3410c28423665acea4591261761ab832ae85fbf5fd9f74940a987ac6,-169.63720257111834,True,0.06869432087590634,38.0,100.0,0.08,converged,,bfgs_standard,"[{""ase_converged"": true, ""converged"": true, ""end_geometry_sha256"": ""646ef5bb01b96c93f91c9948edc293e8a9a4cd47c907a98c12e1762fa780fe6a"", ""failure_class"": null, ""max_force_eV_A"": 0.06869432087590634, ""name"": ""bfgs_standard"", ""start_geometry_sha256"": ""93d47b3bc9649b9f13366c3dffd72561206a4a725a836cb342bfdac9836aded7"", ""steps"": 38}]",646ef5bb01b96c93f91c9948edc293e8a9a4cd47c907a98c12e1762fa780fe6a,-0.07784479603171351,True,0.06854394930904166,4.0,100.0,0.08,converged,,bfgs_standard,"[{""ase_converged"": true, ""converged"": true, ""end_geometry_sha256"": ""bf6c7a1f6e4d445f30df7d654bb920f580f5297b5fb9701486b13941075ab9f5"", ""failure_class"": null, ""max_force_eV_A"": 0.06854394930904166, ""name"": ""bfgs_standard"", ""start_geometry_sha256"": ""5f48b07a8a1190d78ddf624da4c70e9e3a3a4bb7eafb02434560344a0f05de3f"", ""steps"": 4}]",bf6c7a1f6e4d445f30df7d654bb920f580f5297b5fb9701486b13941075ab9f5,-0.6694079272448981,True,0.059849009797330106,192.0,100.0,0.08,converged,,bfgs_after_fire,"[{""ase_converged"": false, ""converged"": false, ""end_geometry_sha256"": ""5ded51f74f8e6d964af79c5628249324f5e58bd3e99d409cc2b05f57d5dd726b"", ""failure_class"": ""force_threshold"", ""max_force_eV_A"": 0.16018001140611335, ""name"": ""bfgs_standard"", ""start_geometry_sha256"": ""39a74db950c9e18a10a722fb36ded8b838a1ae9315d47c64ee0e906dbdc54ca9"", ""steps"": 100}, {""ase_converged"": false, ""converged"": false, ""end_geometry_sha256"": ""36f5405f62cc4a9a9bc01b647c2a6ba3b38215c79f60bb1c18067c594fe8d88d"", ""failure_class"": ""force_threshold"", ""max_force_eV_A"": 1.9562393199199324, ""name"": ""fire_precondition"", ""qualifying"": false, ""start_geometry_sha256"": ""39a74db950c9e18a10a722fb36ded8b838a1ae9315d47c64ee0e906dbdc54ca9"", ""steps"": 50}, {""ase_converged"": true, ""converged"": true, ""end_geometry_sha256"": ""79b1ff075559d75ad80f42a444b5756fae6e6bc00f965dd48b6c63efbe242465"", ""failure_class"": null, ""max_force_eV_A"": 0.059849009797330106, ""name"": ""bfgs_after_fire"", ""start_geometry_sha256"": ""36f5405f62cc4a9a9bc01b647c2a6ba3b38215c79f60bb1c18067c594fe8d88d"", ""steps"": 42}]",79b1ff075559d75ad80f42a444b5756fae6e6bc00f965dd48b6c63efbe242465,-1.6977067485451665,2.2572988213002683,step_2_O,9.0,-2.0,True,0.7472527232766115,0.675000000035,False,quantitative_screening,1,1,5be09c38073fc67c09ec,False,
"('MXene', 'Cr', 'CN', 1, 'mixed_OH_F', 'Ni')",MXene,True,esen-sm-conserving-all-oc25:relax-v4:orr-che-v3,True,0.07398018750744087,25,150,0.08,converged,,bfgs_standard,"[{""ase_converged"": true, ""converged"": true, ""end_geometry_sha256"": ""b70ff2a1960cfd5bae1e87d0bf1854dc9f8f434e73e6e0793213e32024efa660"", ""failure_class"": null, ""max_force_eV_A"": 0.07398018750744087, ""name"": ""bfgs_standard"", ""start_geometry_sha256"": ""40d95edcc22ab4fa27eedbbce6534fb8df30e2e33b3b103603d1f910953149d2"", ""steps"": 25}]",b70ff2a1960cfd5bae1e87d0bf1854dc9f8f434e73e6e0793213e32024efa660,-162.4420867202445,True,0.07044930847127255,233.0,100.0,0.08,converged,,bfgs_after_fire,"[{""ase_converged"": false, ""converged"": false, ""end_geometry_sha256"": ""5d1b55667460b26e7347c3abcbed9f46d72ad240497b0ca5f96b2fa22443975b"", ""failure_class"": ""force_threshold"", ""max_force_eV_A"": 0.7937170901627507, ""name"": ""bfgs_standard"", ""start_geometry_sha256"": ""40bb8980657acfb570e3311f87a6cf434d8b18dc993bbd18a4950b9b1bd09f91"", ""steps"": 100}, {""ase_converged"": false, ""converged"": false, ""end_geometry_sha256"": ""584662d27c1ff4a0f0e7c8fea9564414b549df2fdb28711facdf04010ed0112e"", ""failure_class"": ""force_threshold"", ""max_force_eV_A"": 0.7974574559703623, ""name"": ""fire_precondition"", ""qualifying"": false, ""start_geometry_sha256"": ""40bb8980657acfb570e3311f87a6cf434d8b18dc993bbd18a4950b9b1bd09f91"", ""steps"": 50}, {""ase_converged"": true, ""converged"": true, ""end_geometry_sha256"": ""24bc47a694814a0380012424011939059257395bf1f69274c9572eb50ddf9ef3"", ""failure_class"": null, ""max_force_eV_A"": 0.07044930847127255, ""name"": ""bfgs_after_fire"", ""start_geometry_sha256"": ""584662d27c1ff4a0f0e7c8fea9564414b549df2fdb28711facdf04010ed0112e"", ""steps"": 83}]",24bc47a694814a0380012424011939059257395bf1f69274c9572eb50ddf9ef3,-2.2467672203481195,True,0.06346697502209621,14.0,100.0,0.08,converged,,bfgs_standard,"[{""ase_converged"": true, ""converged"": true, ""end_geometry_sha256"": ""0bc349670abfb3e97345ad9027f51e24a611547887a68e7174bed8eeb79a372b"", ""failure_class"": null, ""max_force_eV_A"": 0.06346697502209621, ""name"": ""bfgs_standard"", ""start_geometry_sha256"": ""b342330e0288c2c1be88c77c1f2e840c5e7fa8a73fcb71d71569888601c18a69"", ""steps"": 14}]",0bc349670abfb3e97345ad9027f51e24a611547887a68e7174bed8eeb79a372b,-0.45623119994997624,True,0.07391255848488856,71.0,100.0,0.08,converged,,bfgs_standard,"[{""ase_converged"": true, ""converged"": true, ""end_geometry_sha256"": ""962d593a8b5f6b31da145ec786bb7919103860adc314965b8a1c34cf7599e0f3"", ""failure_class"": null, ""max_force_eV_A"": 0.07391255848488856, ""name"": ""bfgs_standard"", ""start_geometry_sha256"": ""7147be06b31815b5977590ee1504f261c22a4b2dfc8a1ab4d193e89b800b7521"", ""steps"": 71}]",962d593a8b5f6b31da145ec786bb7919103860adc314965b8a1c34cf7599e0f3,-5.182554771006103,3.0,step_2_O,9.0,0.0,True,2.702998420298096,0.675000000035,False,quantitative_screening,1,1,7e0bee57af67075f2060,False,
"('MXene', 'Cr', 'CN', 2, 'O', 'Fe')",MXene,True,esen-sm-conserving-all-oc25:relax-v4:orr-che-v3,True,0.07202647595915387,82,150,0.08,converged,,bfgs_standard,"[{""ase_converged"": true, ""converged"": true, ""end_geometry_sha256"": ""79d888391b1e082a38b39fce682ce9c0c08c7285f2b8293699d9c6f16e12c9ed"", ""failure_class"": null, ""max_force_eV_A"": 0.07202647595915387, ""name"": ""bfgs_standard"", ""start_geometry_sha256"": ""34bdf9b8ea3986506ba0bcbda54ff375f5354b46363f1a86584d9e293a3eaefc"", ""steps"": 82}]",79d888391b1e082a38b39fce682ce9c0c08c7285f2b8293699d9c6f16e12c9ed,-259.11072868713364,True,0.07888024885780111,92.0,100.0,0.08,converged,,bfgs_standard,"[{""ase_converged"": true, ""converged"": true, ""end_geometry_sha256"": ""cffc06841e4d1cd1b2002664f33b0aa002df68d095584d43657a0013a0b127ff"", ""failure_class"": null, ""max_force_eV_A"": 0.07888024885780111, ""name"": ""bfgs_standard"", ""start_geometry_sha256"": ""bf8d74b98a18ea05bf8b8c081dd5d8fd4c8d2cdad9c5683106c8481fca85104a"", ""steps"": 92}]",cffc06841e4d1cd1b2002664f33b0aa002df68d095584d43657a0013a0b127ff,-2.1823865745961664,True,0.07567851934393587,272.0,100.0,0.08,converged,,bfgs_after_fire,"[{""ase_converged"": false, ""converged"": false, ""end_geometry_sha256"": ""a3d2ec51d52278aeaa6fd1cca7b2533f4a4fb25277b7e0ad79a90f547abf2c98"", ""failure_class"": ""force_threshold"", ""max_force_eV_A"": 1.1205259559937024, ""name"": ""bfgs_standard"", ""start_geometry_sha256"": ""2f2341ae7634c5f7379526351f086805c3570178aa457f91f85d6b2c506c6493"", ""steps"": 100}, {""ase_converged"": false, ""converged"": false, ""end_geometry_sha256"": ""a48be7117fd6a98a735f9026f0d84a7b39f4cf5e403587a95eee3672103c36fb"", ""failure_class"": ""force_threshold"", ""max_force_eV_A"": 0.5881256895812863, ""name"": ""fire_precondition"", ""qualifying"": false, ""start_geometry_sha256"": ""2f2341ae7634c5f7379526351f086805c3570178aa457f91f85d6b2c506c6493"", ""steps"": 50}, {""ase_converged"": true, ""converged"": true, ""end_geometry_sha256"": ""3daa9b03ad9c0b6c27a3027fb18af2d25a4a00645429095a4ec345482082fc4c"", ""failure_class"": null, ""max_force_eV_A"": 0.07567851934393587, ""name"": ""bfgs_after_fire"", ""start_geometry_sha256"": ""a48be7117fd6a98a735f9026f0d84a7b39f4cf5e403587a95eee3672103c36fb"", ""steps"": 122}]",3daa9b03ad9c0b6c27a3027fb18af2d25a4a00645429095a4ec345482082fc4c,-4.246016585081841,True,0.0754264594322586,90.0,100.0,0.08,converged,,bfgs_standard,"[{""ase_converged"": true, ""converged"": true, ""end_geometry_sha256"": ""73d9d5c8ba8961616249cefecaf2876e176f8db364c2210218109f93c104309c"", ""failure_class"": null, ""max_force_eV_A"": 0.0754264594322586, ""name"": ""bfgs_standard"", ""start_geometry_sha256"": ""e07c6afdffc4699bafe4eab0bd6ec136f313a4c5c4b91a47dd2cbcddc6b20b1b"", ""steps"": 90}]",73d9d5c8ba8961616249cefecaf2876e176f8db364c2210218109f93c104309c,-2.7474542155862105,3.0,step_4_H2O,6.0,0.0,True,6.428403159678007,0.675000000035,False,quantitative_screening,2,2,62d35077b7625c732ca8,False,
"('SAA', 'Pd', 'In', '110', 500)",SAA,True,esen-sm-conserving-all-oc25:relax-v4:orr-che-v3,True,0.07964416926711888,48,150,0.08,converged,,bfgs_standard,"[{""ase_converged"": true, ""converged"": true, ""end_geometry_sha256"": ""a326b7138ba89765e0c9fe1bcd43782d51e68e407665798f91805c25f752194f"", ""failure_class"": null, ""max_force_eV_A"": 0.07964416926711888, ""name"": ""bfgs_standard"", ""start_geometry_sha256"": ""c7940a97c1b9810e1365268c132e9424c5f3b0d7b06bf34e8c22e18ff7c9efda"", ""steps"": 48}]",a326b7138ba89765e0c9fe1bcd43782d51e68e407665798f91805c25f752194f,-78.92989109793412,True,0.07891335779761559,205.0,100.0,0.08,converged,,bfgs_after_fire,"[{""ase_converged"": false, ""converged"": false, ""end_geometry_sha256"": ""0a4480856fcc76c4334f76b62c42d8d1cc68f8a144a92906ee874cd99f2511dd"", ""failure_class"": ""force_threshold"", ""max_force_eV_A"": 0.21308752181416327, ""name"": ""bfgs_standard"", ""start_geometry_sha256"": ""18764b57fda200a2544d14d95b39d2a5ddefae876b632bbb1ff83231e8613e39"", ""steps"": 100}, {""ase_converged"": true, ""converged"": true, ""end_geometry_sha256"": ""3c5bcd0321f1f1fc303ad93c70ea1ea00e43fd0f1d623214596875cc77481ca6"", ""failure_class"": null, ""max_force_eV_A"": 0.19699008720085287, ""name"": ""fire_precondition"", ""qualifying"": false, ""start_geometry_sha256"": ""18764b57fda200a2544d14d95b39d2a5ddefae876b632bbb1ff83231e8613e39"", ""steps"": 13}, {""ase_converged"": true, ""converged"": true, ""end_geometry_sha256"": ""e987e0358e693d9936b0b4026cfb1540d632b462e7c0b19c84a13ebb78343a33"", ""failure_class"": null, ""max_force_eV_A"": 0.07891335779761559, ""name"": ""bfgs_after_fire"", ""start_geometry_sha256"": ""3c5bcd0321f1f1fc303ad93c70ea1ea00e43fd0f1d623214596875cc77481ca6"", ""steps"": 92}]",e987e0358e693d9936b0b4026cfb1540d632b462e7c0b19c84a13ebb78343a33,-0.2054502342641354,True,0.07969903257208145,90.0,100.0,0.08,converged,,bfgs_standard,"[{""ase_converged"": true, ""converged"": true, ""end_geometry_sha256"": ""e041f9d9a34653b9f72e6d504fec1e6b825b5c4397ea09223c9a58984d2c825b"", ""failure_class"": null, ""max_force_eV_A"": 0.07969903257208145, ""name"": ""bfgs_standard"", ""start_geometry_sha256"": ""f922a44d5a7d569280c7c23010bb41d7d6b4a906a0a0e67b6663e86b95488249"", ""steps"": 90}]",e041f9d9a34653b9f72e6d504fec1e6b825b5c4397ea09223c9a58984d2c825b,0.19229403808713313,True,0.07749952546660792,95.0,100.0,0.08,converged,,bfgs_standard,"[{""ase_converged"": true, ""converged"": true, ""end_geometry_sha256"": ""23a7e5dc531b4e8a8311b7e015ee3fe34c9145ab33ef5b6cf9ddac769b43d0fa"", ""failure_class"": null, ""max_force_eV_A"": 0.07749952546660792, ""name"": ""bfgs_standard"", ""start_geometry_sha256"": ""d8b898f96f320a9a4bfb4c53e3673fa43e335c75284f7f7bd03f6a7402d90028"", ""steps"": 95}]",23a7e5dc531b4e8a8311b7e015ee3fe34c9145ab33ef5b6cf9ddac769b43d0fa,2.9997462734580074,1.4344502342641354,step_4_H2O,10.0,-2.0,True,0.3977442723512685,0.902500000035,False,quantitative_screening,0,0,aa26164af556ca8c03ec,False,
"('SAA', 'Pd', 'In', '211', 2000)",SAA,True,esen-sm-conserving-all-oc25:relax-v4:orr-che-v3,True,0.05378713507516631,11,150,0.08,converged,,bfgs_standard,"[{""ase_converged"": true, ""converged"": true, ""end_geometry_sha256"": ""721e2dfacf3bbab35a441390b22e2494eb712177c091126867dd901e1ba31cd2"", ""failure_class"": null, ""max_force_eV_A"": 0.05378713507516631, ""name"": ""bfgs_standard"", ""start_geometry_sha256"": ""4f55f0e41a4d67583fdcb42daf19f873d3c5ddf6c6cd1d97aeb0ffe30431638c"", ""steps"": 11}]",721e2dfacf3bbab35a441390b22e2494eb712177c091126867dd901e1ba31cd2,-40.146993035885885,True,0.07594521036383382,83.0,100.0,0.08,converged,,bfgs_standard,"[{""ase_converged"": true, ""converged"": true, ""end_geometry_sha256"": ""2d46b614a459c5fd2481fcfe313941f2d0da95a94c75e6257b74984a0fd350b7"", ""failure_class"": null, ""max_force_eV_A"": 0.07594521036383382, ""name"": ""bfgs_standard"", ""start_geometry_sha256"": ""e233004aad4551fe7c86db4f4940aa1ee66c1d04da5070a47ed074409826ce51"", ""steps"": 83}]",2d46b614a459c5fd2481fcfe313941f2d0da95a94c75e6257b74984a0fd350b7,0.05354148402810094,True,0.07538047255489727,68.0,100.0,0.08,converged,,bfgs_standard,"[{""ase_converged"": true, ""converged"": true, ""end_geometry_sha256"": ""fbc828109af1c8285ac3d38f6c9177a0d1df25724e3a7ade6e5441a07833a764"", ""failure_class"": null, ""max_force_eV_A"": 0.07538047255489727, ""name"": ""bfgs_standard"", ""start_geometry_sha256"": ""ff058fa7507f90beaaf37889fea33d6f9d5c4273e8c1d406c95bdce9e12b031c"", ""steps"": 68}]",fbc828109af1c8285ac3d38f6c9177a0d1df25724e3a7ade6e5441a07833a764,0.19808892086148616,True,0.07880184028632874,55.0,100.0,0.08,converged,,bfgs_standard,"[{""ase_converged"": true, ""converged"": true, ""end_geometry_sha256"": ""1615e071fcb52ffde46a0a607353de0d7cadbcf095b4aba1c670d8ca19b251d2"", ""failure_class"": null, ""max_force_eV_A"": 0.07880184028632874, ""name"": ""bfgs_standard"", ""start_geometry_sha256"": ""7cd0db9c9c5bb130310e9fce836e4d8ab85ba938be3594d76b0a24d89aa315e3"", ""steps"": 55}]",1615e071fcb52ffde46a0a607353de0d7cadbcf095b4aba1c670d8ca19b251d2,3.5777680382132564,1.175458515971899,step_4_H2O,10.0,-2.0,True,0.2516304048895871,0.902500000035,False,quantitative_screening,1,1,748171808734f5930319,False,
"('SAA', 'Pd', 'Ga', '111', 1000)",SAA,True,esen-sm-conserving-all-oc25:relax-v4:orr-che-v3,True,0.0790874719800777,23,150,0.08,converged,,bfgs_standard,"[{""ase_converged"": true, ""converged"": true, ""end_geometry_sha256"": ""b578c672bd8428a8017beee6c2c7667a14d71fe300181a95ddfa5a634376254a"", ""failure_class"": null, ""max_force_eV_A"": 0.0790874719800777, ""name"": ""bfgs_standard"", ""start_geometry_sha256"": ""865ddaeb4311140621e25fca79d5645b3a9719d36631e4284e48014ab78f9132"", ""steps"": 23}]",b578c672bd8428a8017beee6c2c7667a14d71fe300181a95ddfa5a634376254a,-96.78755320042755,True,0.07777141536033878,63.0,100.0,0.08,converged,,bfgs_standard,"[{""ase_converged"": true, ""converged"": true, ""end_geometry_sha256"": ""41e741c6e5a9d79509e9e57097726245b0e97ca880579aa7beb0815bf495bb0f"", ""failure_class"": null, ""max_force_eV_A"": 0.07777141536033878, ""name"": ""bfgs_standard"", ""start_geometry_sha256"": ""8c07c6b6eb8b35494e1dcd18decb52422fc97a5c31b3a45cf43145c0ca74ff09"", ""steps"": 63}]",41e741c6e5a9d79509e9e57097726245b0e97ca880579aa7beb0815bf495bb0f,0.42469626918435094,True,0.07669737808655612,72.0,100.0,0.08,converged,,bfgs_standard,"[{""ase_converged"": true, ""converged"": true, ""end_geometry_sha256"": ""25bc7739c944dd3ca9e0d2cedb7ff70ddf00ea8df9188c3e71f2bb6dc26b4274"", ""failure_class"": null, ""max_force_eV_A"": 0.07669737808655612, ""name"": ""bfgs_standard"", ""start_geometry_sha256"": ""ab228d238b0bc3326d54a7f84fc0192eb4c265a93a29412e5bb2a36ebc80cafa"", ""steps"": 72}]",25bc7739c944dd3ca9e0d2cedb7ff70ddf00ea8df9188c3e71f2bb6dc26b4274,0.5113660462200678,True,0.059483664718298294,75.0,100.0,0.08,converged,,bfgs_standard,"[{""ase_converged"": true, ""converged"": true, ""end_geometry_sha256"": ""b2a5ce2664aec632475440eebc27103b90b4552225e5a5eeba9594eaf38bcaf7"", ""failure_class"": null, ""max_force_eV_A"": 0.059483664718298294, ""name"": ""bfgs_standard"", ""start_geometry_sha256"": ""eeff58f5a276fb827ab98a8c48a55245633d613dda6a58e7b0186c7bc38c9c1a"", ""steps"": 75}]",b2a5ce2664aec632475440eebc27103b90b4552225e5a5eeba9594eaf38bcaf7,3.5924093231558833,1.1423302229642833,step_3_OH,10.0,-2.0,True,0.9360623154044188,0.902500000035,False,quantitative_screening,1,1,9f5e05708890b417c77f,False,
"('SAA', 'Pd', 'Ga', '111', 5000)",SAA,True,esen-sm-conserving-all-oc25:relax-v4:orr-che-v3,True,0.07266124469198938,21,150,0.08,converged,,bfgs_standard,"[{""ase_converged"": true, ""converged"": true, ""end_geometry_sha256"": ""83c93ef7f5c51ce5203a3cee5f456d155bceb1e9131b80d835f0a850dd420535"", ""failure_class"": null, ""max_force_eV_A"": 0.07266124469198938, ""name"": ""bfgs_standard"", ""start_geometry_sha256"": ""3fa121b6fc44516b02f00b5fd44b80c1aea44069ecda462c406451640ad24bd0"", ""steps"": 21}]",83c93ef7f5c51ce5203a3cee5f456d155bceb1e9131b80d835f0a850dd420535,-44.839661091059526,True,0.02417380250774272,18.0,100.0,0.08,converged,,bfgs_standard,"[{""ase_converged"": true, ""converged"": true, ""end_geometry_sha256"": ""157ff1a1b73b7d9fb9930354e9ff2ad0e4169491262021100989bf90f0500dd4"", ""failure_class"": null, ""max_force_eV_A"": 0.02417380250774272, ""name"": ""bfgs_standard"", ""start_geometry_sha256"": ""44f863aa09576ea2d49c40f20b41b1115d75c8ccb0429cf622f4ba45671a4027"", ""steps"": 18}]",157ff1a1b73b7d9fb9930354e9ff2ad0e4169491262021100989bf90f0500dd4,1.2664701367914677,True,0.04292043868868257,13.0,100.0,0.08,converged,,bfgs_standard,"[{""ase_converged"": true, ""converged"": true, ""end_geometry_sha256"": ""0e15e3c8df8dca274749a94f91118ad43ff998cff9ba107c1e3447ff3e571236"", ""failure_class"": null, ""max_force_eV_A"": 0.04292043868868257, ""name"": ""bfgs_standard"", ""start_geometry_sha256"": ""cc6154c6c235eff44f3dafaf9cd67446fd4eb3bf95fe981a1a8a62ea3c2336ff"", ""steps"": 13}]",0e15e3c8df8dca274749a94f91118ad43ff998cff9ba107c1e3447ff3e571236,2.524359739571813,True,0.07513753317743257,69.0,100.0,0.08,converged,,bfgs_standard,"[{""ase_converged"": true, ""converged"": true, ""end_geometry_sha256"": ""6c8204b52e8b8ecc30bbd7b2c906f2d96342a0cbf0b07cad07fbec79d25e2d61"", ""failure_class"": null, ""max_force_eV_A"": 0.07513753317743257, ""name"": ""bfgs_standard"", ""start_geometry_sha256"": ""7d730b26dce034dec96aa36519cdf08d2df5d313c7acc1f900c3d3dc794fe471"", ""steps"": 69}]",6c8204b52e8b8ecc30bbd7b2c906f2d96342a0cbf0b07cad07fbec79d25e2d61,3.724130700528625,0.03313070052862521,step_1_OOH,10.0,-2.0,True,3.790829876363281,0.902500000035,False,quantitative_screening,2,2,ab7e183d66b2e49921ed,False,
"('SAA', 'Pd', 'Ga', '100', 5000)",SAA,True,esen-sm-conserving-all-oc25:relax-v4:orr-che-v3,True,0.07574095233050605,31,150,0.08,converged,,bfgs_standard,"[{""ase_converged"": true, ""converged"": true, ""end_geometry_sha256"": ""5f6e4be2d685960eb97b08ae7b9d4a5242d300152fb9ccdb110e368e3b0dae3f"", ""failure_class"": null, ""max_force_eV_A"": 0.07574095233050605, ""name"": ""bfgs_standard"", ""start_geometry_sha256"": ""47f2e9ea50e9381bdff85f0a2a646088e981bce09e96d47773d1879dbf735a63"", ""steps"": 31}]",5f6e4be2d685960eb97b08ae7b9d4a5242d300152fb9ccdb110e368e3b0dae3f,-44.67683717557796,True,0.07677172706341474,23.0,100.0,0.08,converged,,bfgs_standard,"[{""ase_converged"": true, ""converged"": true, ""end_geometry_sha256"": ""b475f3df94e4e9bcf17bf9dcc662ec622af145bd76512847fdede7b5d5ec0687"", ""failure_class"": null, ""max_force_eV_A"": 0.07677172706341474, ""name"": ""bfgs_standard"", ""start_geometry_sha256"": ""defe5d8565334e7c120c972bc6c39c52629a82a2d24ffca3441c5c747d3a588a"", ""steps"": 23}]",b475f3df94e4e9bcf17bf9dcc662ec622af145bd76512847fdede7b5d5ec0687,0.7469874049723149,True,0.0626558696726269,15.0,100.0,0.08,converged,,bfgs_standard,"[{""ase_converged"": true, ""converged"": true, ""end_geometry_sha256"": ""5e41509eb8acd4a0a1681069542f767a0d729ac5fa67249fa64214267881b41b"", ""failure_class"": null, ""max_force_eV_A"": 0.0626558696726269, ""name"": ""bfgs_standard"", ""start_geometry_sha256"": ""dbbedc767eb3800cda72c296c75c0b34da70ef1fa9a82c888f4a942fc63316b3"", ""steps"": 15}]",5e41509eb8acd4a0a1681069542f767a0d729ac5fa67249fa64214267881b41b,0.9089374907314813,True,0.05659126553420526,50.0,100.0,0.08,converged,,bfgs_standard,"[{""ase_converged"": true, ""converged"": true, ""end_geometry_sha256"": ""17043cb4846dc887708dc1ab8716ab310c6774f6cebfddf5d9016abf7bbfd523"", ""failure_class"": null, ""max_force_eV_A"": 0.05659126553420526, ""name"": ""bfgs_standard"", ""start_geometry_sha256"": ""49ad25a5ac0706642895f4c79dc0a9645fd3de58ba73cb98d599441b22ef34f4"", ""steps"": 50}]",17043cb4846dc887708dc1ab8716ab310c6774f6cebfddf5d9016abf7bbfd523,0.6032070621848142,1.5347304285466672,step_2_O,10.0,-2.0,True,1.6559248957037962,0.902500000035,False,quantitative_screening,2,2,209bf9e894894e788363,False,
"('SAA', 'Pd', 'Ga', '110', 2000)",SAA,True,esen-sm-conserving-all-oc25:relax-v4:orr-che-v3,True,0.07485207116581706,82,150,0.08,converged,,bfgs_standard,"[{""ase_converged"": true, ""converged"": true, ""end_geometry_sha256"": ""8935341af5668ce0ca56e123c9ed6341a8ebe1ed67fc971864c2c391bf16b0af"", ""failure_class"": null, ""max_force_eV_A"": 0.07485207116581706, ""name"": ""bfgs_standard"", ""start_geometry_sha256"": ""c35668e57769e3d0c0fe1bce80f1195c8c7b410fef916241592c0167a2c4a298"", ""steps"": 82}]",8935341af5668ce0ca56e123c9ed6341a8ebe1ed67fc971864c2c391bf16b0af,-38.599793284624894,True,0.05596669396016252,9.0,100.0,0.08,converged,,bfgs_standard,"[{""ase_converged"": true, ""converged"": true, ""end_geometry_sha256"": ""96a0acd2a786cec346d56556861ccbbc66a9fdcc12f7287821bdd4e3ef097c40"", ""failure_class"": null, ""max_force_eV_A"": 0.05596669396016252, ""name"": ""bfgs_standard"", ""start_geometry_sha256"": ""42a834b879bb074449a66f6130dd0cddc25719e78187be53202c3e9a3b51bba0"", ""steps"": 9}]",96a0acd2a786cec346d56556861ccbbc66a9fdcc12f7287821bdd4e3ef097c40,0.7265599395334721,True,0.06607941248181198,10.0,100.0,0.08,converged,,bfgs_standard,"[{""ase_converged"": true, ""converged"": true, ""end_geometry_sha256"": ""3e05919d507caee2569976eac6e30b5a4408d2c753f8b56a89e125e9ae6b103f"", ""failure_class"": null, ""max_force_eV_A"": 0.06607941248181198, ""name"": ""bfgs_standard"", ""start_geometry_sha256"": ""2180c16f1ee1fc301340dec4d416bfa4b4ba7d9d6508e845346dd76159d472d0"", ""steps"": 10}]",3e05919d507caee2569976eac6e30b5a4408d2c753f8b56a89e125e9ae6b103f,1.7226390011608637,True,0.07960690817292805,277.0,100.0,0.08,converged,,bfgs_after_fire,"[{""ase_converged"": false, ""converged"": false, ""end_geometry_sha256"": ""83382fdda510a7a156fd0a0106de454d8a4478f6a46d923ec3bc6a163b24632b"", ""failure_class"": ""force_threshold"", ""max_force_eV_A"": 0.11676227809280794, ""name"": ""bfgs_standard"", ""start_geometry_sha256"": ""a9a9d6e88f5166972b03ac4b217cd0198d6236ede4d322271d5328b1bf892e97"", ""steps"": 100}, {""ase_converged"": true, ""converged"": true, ""end_geometry_sha256"": ""2be321d0a9bbe0f03b46d9a02ce07c46603d7d981648d8cebe5298ccf1283fa8"", ""failure_class"": null, ""max_force_eV_A"": 0.19831799941721096, ""name"": ""fire_precondition"", ""qualifying"": false, ""start_geometry_sha256"": ""a9a9d6e88f5166972b03ac4b217cd0198d6236ede4d322271d5328b1bf892e97"", ""steps"": 26}, {""ase_converged"": true, ""converged"": true, ""end_geometry_sha256"": ""2fa00253355a74e5101636fe92254789c5dbf57d21ae9a17fad2f3cfae16e70a"", ""failure_class"": null, ""max_force_eV_A"": 0.07960690817292805, ""name"": ""bfgs_after_fire"", ""start_geometry_sha256"": ""2be321d0a9bbe0f03b46d9a02ce07c46603d7d981648d8cebe5298ccf1283fa8"", ""steps"": 151}]",2fa00253355a74e5101636fe92254789c5dbf57d21ae9a17fad2f3cfae16e70a,2.6967167362570796,0.502440060466528,step_4_H2O,10.0,-2.0,True,2.4491989406943357,0.902500000035,False,quantitative_screening,0,0,346e4a2a85cc7c366155,False,
"('SAA', 'Pd', 'Al', '111', 100)",SAA,True,esen-sm-conserving-all-oc25:relax-v4:orr-che-v3,True,0.059139957476573496,12,150,0.08,converged,,bfgs_standard,"[{""ase_converged"": true, ""converged"": true, ""end_geometry_sha256"": ""a0c997c40d06ece21044cd0fcb7f8a3b0c42ce60d56d9469134d7dde13a5a9fa"", ""failure_class"": null, ""max_force_eV_A"": 0.059139957476573496, ""name"": ""bfgs_standard"", ""start_geometry_sha256"": ""407d2f663b23c7748609a98ea3589ab45eff73c440e3c1c2639431f21ce70c12"", ""steps"": 12}]",a0c997c40d06ece21044cd0fcb7f8a3b0c42ce60d56d9469134d7dde13a5a9fa,-227.83714407963103,True,0.0691214733419463,63.0,100.0,0.08,converged,,bfgs_standard,"[{""ase_converged"": true, ""converged"": true, ""end_geometry_sha256"": ""d47c90a7382b84c969d52ddb52ea56d6bac4754d27a429783d5fe3100ed15360"", ""failure_class"": null, ""max_force_eV_A"": 0.0691214733419463, ""name"": ""bfgs_standard"", ""start_geometry_sha256"": ""5068a8011a91e6a51b685e81279850a55db1d93981fe200b63444d1fb0353c7e"", ""steps"": 63}]",d47c90a7382b84c969d52ddb52ea56d6bac4754d27a429783d5fe3100ed15360,-0.9869005058705806,True,0.07467341597484153,31.0,100.0,0.08,converged,,bfgs_standard,"[{""ase_converged"": true, ""converged"": true, ""end_geometry_sha256"": ""86b5c31bc8cb7f963a4211c096eba1afc8d8008e3ab8091ec1110bf8eb97891b"", ""failure_class"": null, ""max_force_eV_A"": 0.07467341597484153, ""name"": ""bfgs_standard"", ""start_geometry_sha256"": ""49c41838acc35769068945981870224d366262341ebac3d29f7ba2fa422bf7c3"", ""steps"": 31}]",86b5c31bc8cb7f963a4211c096eba1afc8d8008e3ab8091ec1110bf8eb97891b,-1.373302542418238,True,0.0749183384438566,202.0,100.0,0.08,converged,,bfgs_after_fire,"[{""ase_converged"": false, ""converged"": false, ""end_geometry_sha256"": ""706f9e61296fbcb2cbe6df1ded0f474ef23bb718fce2b53d7a9700046e826de7"", ""failure_class"": ""force_threshold"", ""max_force_eV_A"": 0.3175391331060299, ""name"": ""bfgs_standard"", ""start_geometry_sha256"": ""bc9210477c9d072caef42b05689a3957923defef7b4db145402bfd9fc0271172"", ""steps"": 100}, {""ase_converged"": false, ""converged"": false, ""end_geometry_sha256"": ""c329b354056629d36db25bbc40f6bbb8d4e8db23dfc75d127a7911af3d6b1a69"", ""failure_class"": ""force_threshold"", ""max_force_eV_A"": 0.9943285471162081, ""name"": ""fire_precondition"", ""qualifying"": false, ""start_geometry_sha256"": ""bc9210477c9d072caef42b05689a3957923defef7b4db145402bfd9fc0271172"", ""steps"": 50}, {""ase_converged"": true, ""converged"": true, ""end_geometry_sha256"": ""29042f3cc1331a6670e2914b54babf4af6efa61d8b7330e922f4626b6ebf5aca"", ""failure_class"": null, ""max_force_eV_A"": 0.0749183384438566, ""name"": ""bfgs_after_fire"", ""start_geometry_sha256"": ""c329b354056629d36db25bbc40f6bbb8d4e8db23dfc75d127a7911af3d6b1a69"", ""steps"": 52}]",29042f3cc1331a6670e2914b54babf4af6efa61d8b7330e922f4626b6ebf5aca,-2.133454848825928,2.2159005058705805,step_4_H2O,10.0,0.0,True,2.3602030482888186,0.902500000035,False,quantitative_screening,1,1,3e96015de11e7bdc4a6a,False,
"('SAA', 'Pd', 'Al', '111', 10000)",SAA,True,esen-sm-conserving-all-oc25:relax-v4:orr-che-v3,True,0.07848216279662534,6,150,0.08,converged,,bfgs_standard,"[{""ase_converged"": true, ""converged"": true, ""end_geometry_sha256"": ""f196d8c5f1a9bc04e365fbb7ffdfad93791349b63e69ea788fe8ef8c493d23c7"", ""failure_class"": null, ""max_force_eV_A"": 0.07848216279662534, ""name"": ""bfgs_standard"", ""start_geometry_sha256"": ""95dc842e0ecd160a34ca84c8cbbcb5f57f57054f9366a3596997557acf624c2c"", ""steps"": 6}]",f196d8c5f1a9bc04e365fbb7ffdfad93791349b63e69ea788fe8ef8c493d23c7,-59.30350044550426,True,0.07996305577079914,48.0,100.0,0.08,converged,,bfgs_standard,"[{""ase_converged"": true, ""converged"": true, ""end_geometry_sha256"": ""72ad931938c26b34a97a28720999a27e6030ac646dab4448c2430c4efcca4bfa"", ""failure_class"": null, ""max_force_eV_A"": 0.07996305577079914, ""name"": ""bfgs_standard"", ""start_geometry_sha256"": ""310d776571a037346ccfe1fa4f199826f2c5b38eb8cef7a8f883652709dee01f"", ""steps"": 48}]",72ad931938c26b34a97a28720999a27e6030ac646dab4448c2430c4efcca4bfa,-1.093597588390119,True,0.050875112468045255,26.0,100.0,0.08,converged,,bfgs_standard,"[{""ase_converged"": true, ""converged"": true, ""end_geometry_sha256"": ""7e4598003823534c14c28ffc4a52cd710c7e681201fd77268a40d3bcaa2e35c3"", ""failure_class"": null, ""max_force_eV_A"": 0.050875112468045255, ""name"": ""bfgs_standard"", ""start_geometry_sha256"": ""56b3c6c6a51a2330eb5a745c7f709baf2a84adafcf182c3061369851c56f0105"", ""steps"": 26}]",7e4598003823534c14c28ffc4a52cd710c7e681201fd77268a40d3bcaa2e35c3,-1.4386863939464127,True,0.07997597137834798,68.0,100.0,0.08,converged,,bfgs_standard,"[{""ase_converged"": true, ""converged"": true, ""end_geometry_sha256"": ""8cdd5152c259757a22c6022da044dc2e622a1894e0e5029beb82940d31bd0126"", ""failure_class"": null, ""max_force_eV_A"": 0.07997597137834798, ""name"": ""bfgs_standard"", ""start_geometry_sha256"": ""fc339e8a0e13bc29a90a3748fcfb797fa68352f2a357646d53a71d65aa5843c2"", ""steps"": 68}]",8cdd5152c259757a22c6022da044dc2e622a1894e0e5029beb82940d31bd0126,-2.225547794997696,2.322597588390119,step_4_H2O,10.0,0.0,True,2.5322839823365317,0.902500000035,False,quantitative_screening,2,2,4f189a24d19838740045,False,
"('SAA', 'Pd', 'Al', '100', 100)",SAA,True,esen-sm-conserving-all-oc25:relax-v4:orr-che-v3,True,0.06184108679819972,6,150,0.08,converged,,bfgs_standard,"[{""ase_converged"": true, ""converged"": true, ""end_geometry_sha256"": ""1a62efcc8626824162e41d2280c563eb94344ff466feab63055bc31f9705ae9b"", ""failure_class"": null, ""max_force_eV_A"": 0.06184108679819972, ""name"": ""bfgs_standard"", ""start_geometry_sha256"": ""a71ca660732b7ec15ddd7fb3069cd3af2fd1d5e932075c16ebfa12394e7fae51"", ""steps"": 6}]",1a62efcc8626824162e41d2280c563eb94344ff466feab63055bc31f9705ae9b,-223.52164095920867,True,0.0772411425832757,39.0,100.0,0.08,converged,,bfgs_standard,"[{""ase_converged"": true, ""converged"": true, ""end_geometry_sha256"": ""1ee923bde0897a45ee5d711240b3b338066ae871669e93d8971b93ebb540c0bd"", ""failure_class"": null, ""max_force_eV_A"": 0.0772411425832757, ""name"": ""bfgs_standard"", ""start_geometry_sha256"": ""03a93b3b4bce803861cb448778d530cccc6419232485547ded68194e1d5dbc3d"", ""steps"": 39}]",1ee923bde0897a45ee5d711240b3b338066ae871669e93d8971b93ebb540c0bd,-0.9562455986440181,True,0.06755389003248868,43.0,100.0,0.08,converged,,bfgs_standard,"[{""ase_converged"": true, ""converged"": true, ""end_geometry_sha256"": ""91d08d4e6420d5618f78c5a125f25f9afa9dfce55d9aee3629f303cc1e96ba91"", ""failure_class"": null, ""max_force_eV_A"": 0.06755389003248868, ""name"": ""bfgs_standard"", ""start_geometry_sha256"": ""bc9dba10e10c6e1dc7de14a021689510fdaf1d2f66342c18edd260c562692ba2"", ""steps"": 43}]",91d08d4e6420d5618f78c5a125f25f9afa9dfce55d9aee3629f303cc1e96ba91,-1.167912565916773,True,0.07912849953017045,25.0,100.0,0.08,converged,,bfgs_standard,"[{""ase_converged"": true, ""converged"": true, ""end_geometry_sha256"": ""46818cab1715a5386b6a35fded2f5ea560e80a5f0b4f3c3024f3ba24f3eb433e"", ""failure_class"": null, ""max_force_eV_A"": 0.07912849953017045, ""name"": ""bfgs_standard"", ""start_geometry_sha256"": ""5ad813de2ac851489123ff985be5a81c31b9e2d1e12bfe43fe85f432e217909c"", ""steps"": 25}]",46818cab1715a5386b6a35fded2f5ea560e80a5f0b4f3c3024f3ba24f3eb433e,-1.636982490122315,2.185245598644018,step_4_H2O,10.0,0.0,True,2.124158164560791,0.902500000035,False,quantitative_screening,2,2,8f0821024d00528c8ec3,False,
"('SAA', 'Pd', 'Al', '110', 500)",SAA,True,esen-sm-conserving-all-oc25:relax-v4:orr-che-v3,True,0.0711446370853697,47,150,0.08,converged,,bfgs_standard,"[{""ase_converged"": true, ""converged"": true, ""end_geometry_sha256"": ""07a921bc37f6fadbf558ba42dfee56f19a32ba1ecfd68eca0b92e8138a5683bb"", ""failure_class"": null, ""max_force_eV_A"": 0.0711446370853697, ""name"": ""bfgs_standard"", ""start_geometry_sha256"": ""f7c6b4f50900295015caebb4d8696c6c12ffa5d7fabb6fb764d6782f2da3a876"", ""steps"": 47}]",07a921bc37f6fadbf558ba42dfee56f19a32ba1ecfd68eca0b92e8138a5683bb,-104.73468907151474,True,0.07295258534398505,235.0,100.0,0.08,converged,,bfgs_after_fire,"[{""ase_converged"": false, ""converged"": false, ""end_geometry_sha256"": ""263782f4c824c884beb533990e7be9ee8c808efe8c69e784671c88da3fbf75bd"", ""failure_class"": ""force_threshold"", ""max_force_eV_A"": 0.1387001434533844, ""name"": ""bfgs_standard"", ""start_geometry_sha256"": ""c035a9abe791279703e03ebbfb618efd93b479a5b1c019ee6c53c9fc2d91c01c"", ""steps"": 100}, {""ase_converged"": false, ""converged"": false, ""end_geometry_sha256"": ""9d2873de31ce32cf83e2143603a55e8717d34eaad6734e22d602d78bdbc2eb11"", ""failure_class"": ""force_threshold"", ""max_force_eV_A"": 0.5257567472301872, ""name"": ""fire_precondition"", ""qualifying"": false, ""start_geometry_sha256"": ""c035a9abe791279703e03ebbfb618efd93b479a5b1c019ee6c53c9fc2d91c01c"", ""steps"": 50}, {""ase_converged"": true, ""converged"": true, ""end_geometry_sha256"": ""12bf7b5291d482a0324ec4ce967c0d61caa34397eb613a0eb1453c1e51e84668"", ""failure_class"": null, ""max_force_eV_A"": 0.07295258534398505, ""name"": ""bfgs_after_fire"", ""start_geometry_sha256"": ""9d2873de31ce32cf83e2143603a55e8717d34eaad6734e22d602d78bdbc2eb11"", ""steps"": 85}]",12bf7b5291d482a0324ec4ce967c0d61caa34397eb613a0eb1453c1e51e84668,-2.03111666187644,True,0.0772873561370494,240.0,100.0,0.08,converged,,bfgs_after_fire,"[{""ase_converged"": false, ""converged"": false, ""end_geometry_sha256"": ""d4df4b98f0dfb5c0a9c4a793e1f405090c6f69348f7789fe88cffa8f60886c5e"", ""failure_class"": ""force_threshold"", ""max_force_eV_A"": 0.13753582442660856, ""name"": ""bfgs_standard"", ""start_geometry_sha256"": ""bf06a25ea67c807dd2d418e0141f5b29bbc12511d05c61ec2f408e6a6b93e55a"", ""steps"": 100}, {""ase_converged"": false, ""converged"": false, ""end_geometry_sha256"": ""900fb044753e18c0e8292840c5d4dba624e00ce4145045c5dc146edb2ab6cc90"", ""failure_class"": ""force_threshold"", ""max_force_eV_A"": 0.3083201371140273, ""name"": ""fire_precondition"", ""qualifying"": false, ""start_geometry_sha256"": ""bf06a25ea67c807dd2d418e0141f5b29bbc12511d05c61ec2f408e6a6b93e55a"", ""steps"": 50}, {""ase_converged"": true, ""converged"": true, ""end_geometry_sha256"": ""84fb8778ecbf5c9fdc629f30b76b7e01c4fc12ba750b8f2fc20718a9e3008f4f"", ""failure_class"": null, ""max_force_eV_A"": 0.0772873561370494, ""name"": ""bfgs_after_fire"", ""start_geometry_sha256"": ""900fb044753e18c0e8292840c5d4dba624e00ce4145045c5dc146edb2ab6cc90"", ""steps"": 90}]",84fb8778ecbf5c9fdc629f30b76b7e01c4fc12ba750b8f2fc20718a9e3008f4f,-2.293686949461695,True,0.07761017766380031,260.0,100.0,0.08,converged,,bfgs_after_fire,"[{""ase_converged"": false, ""converged"": false, ""end_geometry_sha256"": ""a7687f9566f1dbd4e9774d9983ceba223659279f64aa7bd497196a5d970d10d1"", ""failure_class"": ""force_threshold"", ""max_force_eV_A"": 2.2308605552155036, ""name"": ""bfgs_standard"", ""start_geometry_sha256"": ""e233ec99176e9685e191ffd33e3caa78ad0915e96c32b8053d9004f6023c78de"", ""steps"": 100}, {""ase_converged"": false, ""converged"": false, ""end_geometry_sha256"": ""f5d9a6de0bb0fa74e6035ddd463dc054a7f501e4dac5191ac133e33fec8a38ce"", ""failure_class"": ""force_threshold"", ""max_force_eV_A"": 0.5994592791197829, ""name"": ""fire_precondition"", ""qualifying"": false, ""start_geometry_sha256"": ""e233ec99176e9685e191ffd33e3caa78ad0915e96c32b8053d9004f6023c78de"", ""steps"": 50}, {""ase_converged"": true, ""converged"": true, ""end_geometry_sha256"": ""ca988c3c164a870838310fa80989b3e4b187e0de7141a97e5b86b43c9599191f"", ""failure_class"": null, ""max_force_eV_A"": 0.07761017766380031, ""name"": ""bfgs_after_fire"", ""start_geometry_sha256"": ""f5d9a6de0bb0fa74e6035ddd463dc054a7f501e4dac5191ac133e33fec8a38ce"", ""steps"": 110}]",ca988c3c164a870838310fa80989b3e4b187e0de7141a97e5b86b43c9599191f,-1.36314826160669,3.0,step_4_H2O,10.0,0.0,True,4.324803611338135,0.902500000035,False,quantitative_screening,2,2,2578e5f3e64ce1b3501a,False,
"('MetalFreeCarbon', 'pyrrolic', 0.04, 'none', 'CNT', 'P')",MetalFreeCarbon,True,esen-sm-conserving-all-oc25:relax-v4:orr-che-v3,True,0.0703040693586609,134,150,0.08,converged,,bfgs_standard,"[{""ase_converged"": true, ""converged"": true, ""end_geometry_sha256"": ""6949d78a7d0d524f43e55bbabd4821988f23d2fe7723838886da6a93c12eaa80"", ""failure_class"": null, ""max_force_eV_A"": 0.0703040693586609, ""name"": ""bfgs_standard"", ""start_geometry_sha256"": ""bb8c68a56e255c1b8a8043a2a1b07a09848953006b5898ed6b50def6a1554ef2"", ""steps"": 134}]",6949d78a7d0d524f43e55bbabd4821988f23d2fe7723838886da6a93c12eaa80,-139.02301871418516,True,0.07514721433501692,98.0,100.0,0.08,converged,,bfgs_standard,"[{""ase_converged"": true, ""converged"": true, ""end_geometry_sha256"": ""59add3bbebdaa3fc21d5dbaf79067e5af454b434847ecb2be898f4d4df04ad4d"", ""failure_class"": null, ""max_force_eV_A"": 0.07514721433501692, ""name"": ""bfgs_standard"", ""start_geometry_sha256"": ""358ae5b1b6b559c9a606ecbc44712964698bad0daf0bb9f98ea73c09d83aee90"", ""steps"": 98}]",59add3bbebdaa3fc21d5dbaf79067e5af454b434847ecb2be898f4d4df04ad4d,-0.5945507858693599,True,0.07476732343605896,65.0,100.0,0.08,converged,,bfgs_standard,"[{""ase_converged"": true, ""converged"": true, ""end_geometry_sha256"": ""2bc32b36bdea9d4ae2bc1a5b2f97d0266fdecbc3e827f9cf8d89ba4e0d87232c"", ""failure_class"": null, ""max_force_eV_A"": 0.07476732343605896, ""name"": ""bfgs_standard"", ""start_geometry_sha256"": ""31f37b883733f5953512a11dd93aa5dbb72a1c50c5864669ccc2b7825142cf8c"", ""steps"": 65}]",2bc32b36bdea9d4ae2bc1a5b2f97d0266fdecbc3e827f9cf8d89ba4e0d87232c,2.3584612973034416,True,0.07929088900386713,211.0,100.0,0.08,converged,,bfgs_after_fire,"[{""ase_converged"": false, ""converged"": false, ""end_geometry_sha256"": ""8ef1dec6eaf0e7ab91c54dc672bd4ae0e051ae40202d0f51204aca2eea2f7e2f"", ""failure_class"": ""force_threshold"", ""max_force_eV_A"": 0.10796785435361904, ""name"": ""bfgs_standard"", ""start_geometry_sha256"": ""c41f5b7f4f1b47ffb03566fbbcd731a4e2d57df1481b2d45310fdf9129eeddc1"", ""steps"": 100}, {""ase_converged"": true, ""converged"": true, ""end_geometry_sha256"": ""920abe0ff0ee5a17434cec5b193c6661d4640606c11e12e5e7c43160ffa8cb01"", ""failure_class"": null, ""max_force_eV_A"": 0.17207548307891882, ""name"": ""fire_precondition"", ""qualifying"": false, ""start_geometry_sha256"": ""c41f5b7f4f1b47ffb03566fbbcd731a4e2d57df1481b2d45310fdf9129eeddc1"", ""steps"": 32}, {""ase_converged"": true, ""converged"": true, ""end_geometry_sha256"": ""05433e5a19d02c5f64da8a624a1290e2c6b6380fd793e270fdd3f11cbf740a91"", ""failure_class"": null, ""max_force_eV_A"": 0.07929088900386713, ""name"": ""bfgs_after_fire"", ""start_geometry_sha256"": ""920abe0ff0ee5a17434cec5b193c6661d4640606c11e12e5e7c43160ffa8cb01"", ""steps"": 79}]",05433e5a19d02c5f64da8a624a1290e2c6b6380fd793e270fdd3f11cbf740a91,4.672368000447754,1.82355078586936,step_4_H2O,10.0,0.0,True,2.9530120831728013,0.27249999999999996,True,quantitative_screening,0,0,40fc145ef769735f32a0,False,
"('MetalFreeCarbon', 'pyrrolic', 0.04, 'Stone_Wales', 'graphdiyne', 'P')",MetalFreeCarbon,False,esen-sm-conserving-all-oc25:relax-v4:orr-che-v3,False,16.83817885360341,975,150,0.08,recovery_exhausted,force_threshold,fire_small_step,"[{""ase_converged"": false, ""converged"": false, ""end_geometry_sha256"": ""082683fe75b4795c2321fc79570fa0dacd1be29297ad5b24f226e7ebe8deba2b"", ""failure_class"": ""force_threshold"", ""max_force_eV_A"": 19.933119374116437, ""name"": ""bfgs_standard"", ""start_geometry_sha256"": ""f540f45cdc1d32b16cfa53d2447ca4d0e8e27d20dca6075385072a03828b8cab"", ""steps"": 150}, {""ase_converged"": false, ""converged"": false, ""end_geometry_sha256"": ""b67c059760b672b907118e3b0dd15ea5d39b605dd0bead92d14788886ca4c5f9"", ""failure_class"": ""force_threshold"", ""max_force_eV_A"": 17.23165937140888, ""name"": ""fire_precondition"", ""qualifying"": false, ""start_geometry_sha256"": ""f540f45cdc1d32b16cfa53d2447ca4d0e8e27d20dca6075385072a03828b8cab"", ""steps"": 75}, {""ase_converged"": false, ""converged"": false, ""end_geometry_sha256"": ""d23f3731c375075dc9558a2cc8c2ff2f754a06526d670d44841e0510a906bf77"", ""failure_class"": ""force_threshold"", ""max_force_eV_A"": 925.7335662960901, ""name"": ""bfgs_after_fire"", ""start_geometry_sha256"": ""b67c059760b672b907118e3b0dd15ea5d39b605dd0bead92d14788886ca4c5f9"", ""steps"": 300}, {""ase_converged"": false, ""converged"": false, ""end_geometry_sha256"": ""d00f27925b92c615aa80015b336734b3ebcf46a78b4f9adbe07b6d4dd413793a"", ""failure_class"": ""force_threshold"", ""max_force_eV_A"": 16.83817885360341, ""name"": ""fire_small_step"", ""start_geometry_sha256"": ""b67c059760b672b907118e3b0dd15ea5d39b605dd0bead92d14788886ca4c5f9"", ""steps"": 450}]",d00f27925b92c615aa80015b336734b3ebcf46a78b4f9adbe07b6d4dd413793a,,,,,,,,,,,,,,,,,,,,,,,,,,,,,,,,,,,,,,,,,,True,validation_required,1,1,aebd8426eb5d52fea6d3,False,Unconverged clean relaxation: max_force=16.8382 eV/A after 975 cumulative recovery steps
"('MetalFreeCarbon', 'pyrrolic', 0.04, 'divacancy', 'graphene', 'F')",MetalFreeCarbon,True,esen-sm-conserving-all-oc25:relax-v4:orr-che-v3,True,0.07851781590289561,77,150,0.08,converged,,bfgs_standard,"[{""ase_converged"": true, ""converged"": true, ""end_geometry_sha256"": ""6842c5f23aca30be9c64037d6cb635a7c11e8c16a609d253435d25069572b9b1"", ""failure_class"": null, ""max_force_eV_A"": 0.07851781590289561, ""name"": ""bfgs_standard"", ""start_geometry_sha256"": ""750068cca6fbd489621f20de3b0e8127f23a7d419bd915585e2f3aabd40967e8"", ""steps"": 77}]",6842c5f23aca30be9c64037d6cb635a7c11e8c16a609d253435d25069572b9b1,-137.33272072666574,True,0.07865233780388278,38.0,100.0,0.08,converged,,bfgs_standard,"[{""ase_converged"": true, ""converged"": true, ""end_geometry_sha256"": ""c701d1bb1485fc950526cb18b51755446626cc1ce21c34638d94b3ee0e9e8d51"", ""failure_class"": null, ""max_force_eV_A"": 0.07865233780388278, ""name"": ""bfgs_standard"", ""start_geometry_sha256"": ""73dec7eb910d58afd0d348a0e8fe721bde30f2978cdac5a688fab101f10bb314"", ""steps"": 38}]",c701d1bb1485fc950526cb18b51755446626cc1ce21c34638d94b3ee0e9e8d51,2.6818946029245856,True,0.06174655442471211,45.0,100.0,0.08,converged,,bfgs_standard,"[{""ase_converged"": true, ""converged"": true, ""end_geometry_sha256"": ""9a562251b526ab9302dc0fd1470fe2582810074bb02c1d0a40233a6531a59abc"", ""failure_class"": null, ""max_force_eV_A"": 0.06174655442471211, ""name"": ""bfgs_standard"", ""start_geometry_sha256"": ""ae69f6a47b15352f2a27bf8ed81e778ef24fff767839c959ab9e4f2f38fc7ea1"", ""steps"": 45}]",9a562251b526ab9302dc0fd1470fe2582810074bb02c1d0a40233a6531a59abc,1.7171587117016351,True,0.07695036923245187,27.0,100.0,0.08,converged,,bfgs_standard,"[{""ase_converged"": true, ""converged"": true, ""end_geometry_sha256"": ""690677813c028459a643596e52ef08e2c38f650fe8fb9e05de87f5a4f136b348"", ""failure_class"": null, ""max_force_eV_A"": 0.07695036923245187, ""name"": ""bfgs_standard"", ""start_geometry_sha256"": ""3a42fb2182b9a574cc9879e14e48d3477d7831626f7c2483ce14e7e156a3eb02"", ""steps"": 27}]",690677813c028459a643596e52ef08e2c38f650fe8fb9e05de87f5a4f136b348,5.2491130337119145,2.1937358912229508,step_3_OH,10.0,0.0,True,4.3990533146262205,0.27249999999999996,True,quantitative_screening,0,0,086a856b55ac04aad251,False,
"('MetalFreeCarbon', 'pyrrolic', 0.04, 'divacancy', 'graphdiyne', 'B')",MetalFreeCarbon,True,esen-sm-conserving-all-oc25:relax-v4:orr-che-v3,True,0.07739911400133523,80,150,0.08,converged,,bfgs_standard,"[{""ase_converged"": true, ""converged"": true, ""end_geometry_sha256"": ""84ce475723702683baa819984999bb683d5909ca2fb052c7cdd87efc1e54bb92"", ""failure_class"": null, ""max_force_eV_A"": 0.07739911400133523, ""name"": ""bfgs_standard"", ""start_geometry_sha256"": ""772de60c05c9f8c4d64f47d3a2d8c1aad155bdb2f6ec5a0632a9eb22c0f4ddf6"", ""steps"": 80}]",84ce475723702683baa819984999bb683d5909ca2fb052c7cdd87efc1e54bb92,-141.88829741238203,True,0.07578810582348355,46.0,100.0,0.08,converged,,bfgs_standard,"[{""ase_converged"": true, ""converged"": true, ""end_geometry_sha256"": ""40f338d04bb5680d7387393efa6f7cdd769c52ab5cb74b32f55d31acb4292850"", ""failure_class"": null, ""max_force_eV_A"": 0.07578810582348355, ""name"": ""bfgs_standard"", ""start_geometry_sha256"": ""f98fd9131880d39a5911bbb9ba6a1d90b9275888be7527d9aed499528283b51c"", ""steps"": 46}]",40f338d04bb5680d7387393efa6f7cdd769c52ab5cb74b32f55d31acb4292850,2.5357015754282477,True,0.06715989875497798,32.0,100.0,0.08,converged,,bfgs_standard,"[{""ase_converged"": true, ""converged"": true, ""end_geometry_sha256"": ""e11b250d64c8c748b88e927a6ac2ea070e48c1915792fabb03e42d5084af9a58"", ""failure_class"": null, ""max_force_eV_A"": 0.06715989875497798, ""name"": ""bfgs_standard"", ""start_geometry_sha256"": ""65014635192dde606ddbc1b08d7386a1a552125662d1b1c37d56ef26cd9307a3"", ""steps"": 32}]",e11b250d64c8c748b88e927a6ac2ea070e48c1915792fabb03e42d5084af9a58,2.110666669160131,True,0.06404098116302716,51.0,100.0,0.08,converged,,bfgs_standard,"[{""ase_converged"": true, ""converged"": true, ""end_geometry_sha256"": ""7f42f7a6e9ffe806ba4b330cb678097bb07d62cfc31aa9e34ed5292c1569c05b"", ""failure_class"": null, ""max_force_eV_A"": 0.06404098116302716, ""name"": ""bfgs_standard"", ""start_geometry_sha256"": ""199678d73b661f2e1c51e1bb26161627706d5555ce7c4383341fe5f775f553b6"", ""steps"": 51}]",7f42f7a6e9ffe806ba4b330cb678097bb07d62cfc31aa9e34ed5292c1569c05b,5.037270019948487,1.6540349062681168,step_3_OH,10.0,0.0,True,4.646368244588379,0.27249999999999996,True,quantitative_screening,0,0,5f47e23c0aa3c5db6189,False,
"('MetalFreeCarbon', 'pyrrolic', 0.04, 'edge_zigzag', 'CNT', 'F')",MetalFreeCarbon,True,esen-sm-conserving-all-oc25:relax-v4:orr-che-v3,True,0.07933413435914514,49,150,0.08,converged,,bfgs_standard,"[{""ase_converged"": true, ""converged"": true, ""end_geometry_sha256"": ""745392fb22d98d1614df656a0ca45b872fed019836d0ff99a29734b48e63ee58"", ""failure_class"": null, ""max_force_eV_A"": 0.07933413435914514, ""name"": ""bfgs_standard"", ""start_geometry_sha256"": ""9f599d2e0957bfb655ab3213731e3184392d38fadc643d62356065ba52380de5"", ""steps"": 49}]",745392fb22d98d1614df656a0ca45b872fed019836d0ff99a29734b48e63ee58,-137.0342390962994,True,0.0790816679985018,44.0,100.0,0.08,converged,,bfgs_standard,"[{""ase_converged"": true, ""converged"": true, ""end_geometry_sha256"": ""9277b8b35081eff348e701900856aa1dec9036d0943dc9c26a7e7953a0028a4c"", ""failure_class"": null, ""max_force_eV_A"": 0.0790816679985018, ""name"": ""bfgs_standard"", ""start_geometry_sha256"": ""d38795643d2c5d8af06d5159f7fb2ca74ff5a80ec08a56600fc79ecb48b14bdd"", ""steps"": 44}]",9277b8b35081eff348e701900856aa1dec9036d0943dc9c26a7e7953a0028a4c,2.757875266224146,True,0.07195774384602027,62.0,100.0,0.08,converged,,bfgs_standard,"[{""ase_converged"": true, ""converged"": true, ""end_geometry_sha256"": ""50e9ba69b8af3d01067e8aae7412b5bd35222f6a3680dc268882ccc10f89a0c0"", ""failure_class"": null, ""max_force_eV_A"": 0.07195774384602027, ""name"": ""bfgs_standard"", ""start_geometry_sha256"": ""7e64d117dab74ce37fd28bdb28726dce4856e650a65b483f3be392b05436caff"", ""steps"": 62}]",50e9ba69b8af3d01067e8aae7412b5bd35222f6a3680dc268882ccc10f89a0c0,2.506029046326879,True,0.07749235624034738,26.0,100.0,0.08,converged,,bfgs_standard,"[{""ase_converged"": true, ""converged"": true, ""end_geometry_sha256"": ""30fc2b0391056102f43feb97bd5bf4512ed755662ae2af5a280492974db647c8"", ""failure_class"": null, ""max_force_eV_A"": 0.07749235624034738, ""name"": ""bfgs_standard"", ""start_geometry_sha256"": ""939421e99aab22cff1c0257f5d06cafc167e32261b3bfe996b98fa7cbae9e8a9"", ""steps"": 26}]",30fc2b0391056102f43feb97bd5bf4512ed755662ae2af5a280492974db647c8,5.256911705434327,1.5659117054343268,step_1_OOH,10.0,0.0,True,5.263904312551025,0.27249999999999996,True,quantitative_screening,1,1,8f91a29cf2928a74a274,False,
"('MetalFreeCarbon', 'pyrrolic', 0.04, 'edge_zigzag', 'graphene_nanoribbon', 'none')",MetalFreeCarbon,True,esen-sm-conserving-all-oc25:relax-v4:orr-che-v3,True,0.052545714407467824,73,150,0.08,converged,,bfgs_standard,"[{""ase_converged"": true, ""converged"": true, ""end_geometry_sha256"": ""c20089b0d2f840144b090692a758db6aeadbddd7e8f469da490bee701342b5f1"", ""failure_class"": null, ""max_force_eV_A"": 0.052545714407467824, ""name"": ""bfgs_standard"", ""start_geometry_sha256"": ""45ff72e6d91d79a482e605581029a67a0e3fb7bef77862793da5ba12fc9b86e1"", ""steps"": 73}]",c20089b0d2f840144b090692a758db6aeadbddd7e8f469da490bee701342b5f1,-134.01581608896961,True,0.06550804701849705,60.0,100.0,0.08,converged,,bfgs_standard,"[{""ase_converged"": true, ""converged"": true, ""end_geometry_sha256"": ""62291a68df19c9afc167bfcdf3a984156740d2ecfaeb275723fbbea3a2a98724"", ""failure_class"": null, ""max_force_eV_A"": 0.06550804701849705, ""name"": ""bfgs_standard"", ""start_geometry_sha256"": ""beb5b205504c8fedcf4dcff38e4b46c4695d8b94b3e05ec520c08e7c5ce3b302"", ""steps"": 60}]",62291a68df19c9afc167bfcdf3a984156740d2ecfaeb275723fbbea3a2a98724,2.4524558211863043,True,0.07231300788278636,47.0,100.0,0.08,converged,,bfgs_standard,"[{""ase_converged"": true, ""converged"": true, ""end_geometry_sha256"": ""e4ba5f46988551cc5e9dc71c8ccb7e7499729a97b40188e1f34c2571f8029b30"", ""failure_class"": null, ""max_force_eV_A"": 0.07231300788278636, ""name"": ""bfgs_standard"", ""start_geometry_sha256"": ""47d5d2a7c51a27d0fb4f77c9086ac58e81522227e85132bc878ffb628cd6bfe5"", ""steps"": 47}]",e4ba5f46988551cc5e9dc71c8ccb7e7499729a97b40188e1f34c2571f8029b30,2.1917838223278556,True,0.07129316160065544,43.0,100.0,0.08,converged,,bfgs_standard,"[{""ase_converged"": true, ""converged"": true, ""end_geometry_sha256"": ""97717fbd28caacbb6005e2cf0d94cb03ec4ff622f860ba7410e29f6119ee6f29"", ""failure_class"": null, ""max_force_eV_A"": 0.07129316160065544, ""name"": ""bfgs_standard"", ""start_geometry_sha256"": ""89dc9056c2bcccf96885a38f1a99fe49bbc18c7921bf163f4c1d3af91a863c0e"", ""steps"": 43}]",97717fbd28caacbb6005e2cf0d94cb03ec4ff622f860ba7410e29f6119ee6f29,5.156825970113282,1.4896719988584488,step_3_OH,10.0,0.0,True,4.64423964351416,0.27249999999999996,True,quantitative_screening,2,2,78cf26033f1c8f4645bb,False,
"('MetalFreeCarbon', 'pyrrolic', 0.04, 'pentagon_heptagon', 'graphene', 'none')",MetalFreeCarbon,True,esen-sm-conserving-all-oc25:relax-v4:orr-che-v3,True,0.07953541973648903,58,150,0.08,converged,,bfgs_standard,"[{""ase_converged"": true, ""converged"": true, ""end_geometry_sha256"": ""f831e8719013b6601eb253aa44b862069da366acea6730d19868ff35441394fa"", ""failure_class"": null, ""max_force_eV_A"": 0.07953541973648903, ""name"": ""bfgs_standard"", ""start_geometry_sha256"": ""a3cfc7a86a002364007e82e4ecf62d48d908fd9557016c1c35c9fc5f0576f3b8"", ""steps"": 58}]",f831e8719013b6601eb253aa44b862069da366acea6730d19868ff35441394fa,-133.9951451981615,True,0.06490714045539049,63.0,100.0,0.08,converged,,bfgs_standard,"[{""ase_converged"": true, ""converged"": true, ""end_geometry_sha256"": ""d1c8cf95a723d588141529ee16b7d610d68dbac7cb177f30118f4cbe57b0c9c2"", ""failure_class"": null, ""max_force_eV_A"": 0.06490714045539049, ""name"": ""bfgs_standard"", ""start_geometry_sha256"": ""85580c3d8f78058ce44aa832213a9a90774593758b3c9e2794b84d25e3e6a9fc"", ""steps"": 63}]",d1c8cf95a723d588141529ee16b7d610d68dbac7cb177f30118f4cbe57b0c9c2,2.4244239951670172,True,0.05970282782308412,52.0,100.0,0.08,converged,,bfgs_standard,"[{""ase_converged"": true, ""converged"": true, ""end_geometry_sha256"": ""6ec34c3a9f8018f747cad48bbedd37b4e9df06e0195ce3b744bf40bc07443188"", ""failure_class"": null, ""max_force_eV_A"": 0.05970282782308412, ""name"": ""bfgs_standard"", ""start_geometry_sha256"": ""e036016088d65a67e902daeeb22c181de6d9d070deeb38e82760b8098ecb9077"", ""steps"": 52}]",6ec34c3a9f8018f747cad48bbedd37b4e9df06e0195ce3b744bf40bc07443188,2.1645411618053947,True,0.07925855172140923,159.0,100.0,0.08,converged,,bfgs_after_fire,"[{""ase_converged"": false, ""converged"": false, ""end_geometry_sha256"": ""b19803b4691312a6ae32fe8653d613738a3686e9a3bb1a24c4078802a4bb0ee7"", ""failure_class"": ""force_threshold"", ""max_force_eV_A"": 0.15388882855637648, ""name"": ""bfgs_standard"", ""start_geometry_sha256"": ""65f4d250107d07d61e0b21ed20caa2359b3b6396c26d6770e5935b799d0a3420"", ""steps"": 100}, {""ase_converged"": true, ""converged"": true, ""end_geometry_sha256"": ""b16b97e3d58c05f903a5303ebfe48cacd2a801929f560c5412d725860beb51e4"", ""failure_class"": null, ""max_force_eV_A"": 0.2259049840254129, ""name"": ""fire_precondition"", ""qualifying"": false, ""start_geometry_sha256"": ""65f4d250107d07d61e0b21ed20caa2359b3b6396c26d6770e5935b799d0a3420"", ""steps"": 37}, {""ase_converged"": true, ""converged"": true, ""end_geometry_sha256"": ""03d3706d2dad665b640551860ab93caffac1d8440ef7f384d076cf24f813b1ba"", ""failure_class"": null, ""max_force_eV_A"": 0.07925855172140923, ""name"": ""bfgs_after_fire"", ""start_geometry_sha256"": ""b16b97e3d58c05f903a5303ebfe48cacd2a801929f560c5412d725860beb51e4"", ""steps"": 22}]",03d3706d2dad665b640551860ab93caffac1d8440ef7f384d076cf24f813b1ba,5.165918301045899,1.4888828333616226,step_3_OH,10.0,0.0,True,4.588965156972412,0.27249999999999996,True,quantitative_screening,0,0,0cd4ba5335abdf7c748e,False,
"('MetalFreeCarbon', 'pyrrolic', 0.04, 'pentagon_heptagon', 'graphene_nanoribbon', 'B')",MetalFreeCarbon,True,esen-sm-conserving-all-oc25:relax-v4:orr-che-v3,True,0.06923609868821834,83,150,0.08,converged,,bfgs_standard,"[{""ase_converged"": true, ""converged"": true, ""end_geometry_sha256"": ""5d13a7fdbb6e846dd3c96b93ef1e8501029b5324725e3f7cf5d94ced931ca12d"", ""failure_class"": null, ""max_force_eV_A"": 0.06923609868821834, ""name"": ""bfgs_standard"", ""start_geometry_sha256"": ""3ded1804d04d4537f357a5d60c23a1eed2c927ea0910890c9a6069a9be4ac185"", ""steps"": 83}]",5d13a7fdbb6e846dd3c96b93ef1e8501029b5324725e3f7cf5d94ced931ca12d,-141.89146456478682,True,0.07983917585395134,49.0,100.0,0.08,converged,,bfgs_standard,"[{""ase_converged"": true, ""converged"": true, ""end_geometry_sha256"": ""08e0c94c614cf2c318b68f1cbc64f932686b0cd05a3e742edae0812dc8c410e8"", ""failure_class"": null, ""max_force_eV_A"": 0.07983917585395134, ""name"": ""bfgs_standard"", ""start_geometry_sha256"": ""2ac5e7c67b81dba063f146482645c8968b9dbfc6f13614562bacabe6d4e04980"", ""steps"": 49}]",08e0c94c614cf2c318b68f1cbc64f932686b0cd05a3e742edae0812dc8c410e8,2.5261510039865973,True,0.06042978272642033,32.0,100.0,0.08,converged,,bfgs_standard,"[{""ase_converged"": true, ""converged"": true, ""end_geometry_sha256"": ""aa1526261efd552b872d9c199e3ee3485608d5f17371a59758259419813aa14c"", ""failure_class"": null, ""max_force_eV_A"": 0.06042978272642033, ""name"": ""bfgs_standard"", ""start_geometry_sha256"": ""a8449f186d6db687fad6cf62273f5e90352398b3379641d0d9018ac3c03d0efd"", ""steps"": 32}]",aa1526261efd552b872d9c199e3ee3485608d5f17371a59758259419813aa14c,2.113378442078832,True,0.07673945629120826,49.0,100.0,0.08,converged,,bfgs_standard,"[{""ase_converged"": true, ""converged"": true, ""end_geometry_sha256"": ""ad743682a7d99ef6f4fdf31c08ecaa5c92facf095f5a7dd2e7860529ac6ac057"", ""failure_class"": null, ""max_force_eV_A"": 0.07673945629120826, ""name"": ""bfgs_standard"", ""start_geometry_sha256"": ""5080cfc5946a157e3fb7921d344315106f40d344c21095c7b125104009076d72"", ""steps"": 49}]",ad743682a7d99ef6f4fdf31c08ecaa5c92facf095f5a7dd2e7860529ac6ac057,5.040847252309327,1.6417725619077652,step_3_OH,10.0,0.0,True,4.6395294460654295,0.27249999999999996,True,quantitative_screening,1,1,c4430c83d1b1b698c302,False,
"('MetalFreeCarbon', 'pyrrolic', 0.06, 'none', 'graphene', 'P')",MetalFreeCarbon,True,esen-sm-conserving-all-oc25:relax-v4:orr-che-v3,True,0.07399362670292868,96,150,0.08,converged,,bfgs_standard,"[{""ase_converged"": true, ""converged"": true, ""end_geometry_sha256"": ""ad1a3ba25e05cda2fed2b7d2f9fd974c28290ce47f1a71adb0fa0ac05e654c72"", ""failure_class"": null, ""max_force_eV_A"": 0.07399362670292868, ""name"": ""bfgs_standard"", ""start_geometry_sha256"": ""57ab2b0146828941a3a672f227784ecc622835a1e8da6ea28cd48cead5ca4cf8"", ""steps"": 96}]",ad1a3ba25e05cda2fed2b7d2f9fd974c28290ce47f1a71adb0fa0ac05e654c72,-138.1663637593159,True,0.07738950896029712,31.0,100.0,0.08,converged,,bfgs_standard,"[{""ase_converged"": true, ""converged"": true, ""end_geometry_sha256"": ""770d860cf2f5e1c8f238b3089b53be3b99b3c9ffa4ae1ee77b58e0921357c77b"", ""failure_class"": null, ""max_force_eV_A"": 0.07738950896029712, ""name"": ""bfgs_standard"", ""start_geometry_sha256"": ""e0a53170dcd7d127c422f4d85f9555610bb6a553a72a9c494e63819b00912fc9"", ""steps"": 31}]",770d860cf2f5e1c8f238b3089b53be3b99b3c9ffa4ae1ee77b58e0921357c77b,2.3630211974680426,True,0.07026597939253006,67.0,100.0,0.08,converged,,bfgs_standard,"[{""ase_converged"": true, ""converged"": true, ""end_geometry_sha256"": ""f64f9faf7b05f037bc99431326811844801fe99651cf089e167fe761c9f668f5"", ""failure_class"": null, ""max_force_eV_A"": 0.07026597939253006, ""name"": ""bfgs_standard"", ""start_geometry_sha256"": ""fcd7b1ab46048557713dbaf4b42a6103296195df14f136caf745383c8fb7166e"", ""steps"": 67}]",f64f9faf7b05f037bc99431326811844801fe99651cf089e167fe761c9f668f5,1.8373808033764398,True,0.07844049362008543,246.0,100.0,0.08,converged,,bfgs_after_fire,"[{""ase_converged"": false, ""converged"": false, ""end_geometry_sha256"": ""799e1795aedca31ac7a45443000bf77529160e3b73941f80dfb99c7d4fd5b296"", ""failure_class"": ""force_threshold"", ""max_force_eV_A"": 0.19763635812058805, ""name"": ""bfgs_standard"", ""start_geometry_sha256"": ""2eff7ba3e836f7f323130752dc6cef02ca5212b7a8d7758c389c67f86880c4bf"", ""steps"": 100}, {""ase_converged"": true, ""converged"": true, ""end_geometry_sha256"": ""2f2a3df18a61645bb11889e44fccad62487edb5b2a06117a10e996fa5d446a03"", ""failure_class"": null, ""max_force_eV_A"": 0.21999076586208396, ""name"": ""fire_precondition"", ""qualifying"": false, ""start_geometry_sha256"": ""2eff7ba3e836f7f323130752dc6cef02ca5212b7a8d7758c389c67f86880c4bf"", ""steps"": 35}, {""ase_converged"": true, ""converged"": true, ""end_geometry_sha256"": ""d8a3b15753449b5baa19349b6cb2d2701db0fdb8d1457be59253d14d27a876ed"", ""failure_class"": null, ""max_force_eV_A"": 0.07844049362008543, ""name"": ""bfgs_after_fire"", ""start_geometry_sha256"": ""2f2a3df18a61645bb11889e44fccad62487edb5b2a06117a10e996fa5d446a03"", ""steps"": 111}]",d8a3b15753449b5baa19349b6cb2d2701db0fdb8d1457be59253d14d27a876ed,4.3238248333334965,1.7546403940916029,step_3_OH,10.0,0.0,True,4.200402000844482,0.27249999999999996,True,quantitative_screening,2,2,8a11ed19aaa56cf4f7e2,False,
"('MetalFreeCarbon', 'pyrrolic', 0.06, 'Stone_Wales', 'graphene', 'B')",MetalFreeCarbon,True,esen-sm-conserving-all-oc25:relax-v4:orr-che-v3,True,0.052049644217175166,67,150,0.08,converged,,bfgs_standard,"[{""ase_converged"": true, ""converged"": true, ""end_geometry_sha256"": ""7e05626927d78dd4df653f1c160c9db1be431d9741be7864020851c46b578f7f"", ""failure_class"": null, ""max_force_eV_A"": 0.052049644217175166, ""name"": ""bfgs_standard"", ""start_geometry_sha256"": ""5d37e059de6b4a30c6eda99971f24e68084026d2ad0f0c615d2fe2ae331c416d"", ""steps"": 67}]",7e05626927d78dd4df653f1c160c9db1be431d9741be7864020851c46b578f7f,-135.49359096666922,True,0.07790061342938494,86.0,100.0,0.08,converged,,bfgs_standard,"[{""ase_converged"": true, ""converged"": true, ""end_geometry_sha256"": ""5ffa22f40f5f4927cd2ce64c1e4afebfed659533e4f5a05866b629f051cb6eb0"", ""failure_class"": null, ""max_force_eV_A"": 0.07790061342938494, ""name"": ""bfgs_standard"", ""start_geometry_sha256"": ""7dff11e9000c67615079ae10d42878d3b454c270175bf39ec8ebe17d565351f7"", ""steps"": 86}]",5ffa22f40f5f4927cd2ce64c1e4afebfed659533e4f5a05866b629f051cb6eb0,2.374274077564478,True,0.07226037363124034,32.0,100.0,0.08,converged,,bfgs_standard,"[{""ase_converged"": true, ""converged"": true, ""end_geometry_sha256"": ""f2a5fe623cdd64f92e4c93747c83a2afcf99b03113cb639a603280f7d80bed22"", ""failure_class"": null, ""max_force_eV_A"": 0.07226037363124034, ""name"": ""bfgs_standard"", ""start_geometry_sha256"": ""0ce68e4cf8df0cd062f4f17031ce6025ef3109a250c750c6582b0b352d151a03"", ""steps"": 32}]",f2a5fe623cdd64f92e4c93747c83a2afcf99b03113cb639a603280f7d80bed22,2.1169757016003166,True,0.07459397161592207,61.0,100.0,0.08,converged,,bfgs_standard,"[{""ase_converged"": true, ""converged"": true, ""end_geometry_sha256"": ""0347bc26bfb5cf787dea515543e815afbeca7503aa00d62fe3e0f0553aedb84f"", ""failure_class"": null, ""max_force_eV_A"": 0.07459397161592207, ""name"": ""bfgs_standard"", ""start_geometry_sha256"": ""fd3d4363d3b2dc5a8add6abdd07d074b9194f2d453418f3a84a3cf23261e8cb6"", ""steps"": 61}]",0347bc26bfb5cf787dea515543e815afbeca7503aa00d62fe3e0f0553aedb84f,4.986165474355225,1.4862983759641617,step_3_OH,10.0,0.0,True,4.491249779164795,0.27249999999999996,True,quantitative_screening,1,1,0b8e709257b6f5c18a14,False,
