genome,material_class,valid,screening_protocol,relax_clean_converged,relax_clean_max_force_eV_A,relax_clean_steps,relax_clean_step_limit,relax_clean_fmax_eV_A,relax_clean_termination,relax_clean_failure_class,relax_clean_selected_attempt,relax_clean_attempts_json,relax_clean_geometry_sha256,e_clean,relax_oh_converged,relax_oh_max_force_eV_A,relax_oh_steps,relax_oh_step_limit,relax_oh_fmax_eV_A,relax_oh_termination,relax_oh_failure_class,relax_oh_selected_attempt,relax_oh_attempts_json,relax_oh_geometry_sha256,dG_OH_eV,relax_o_converged,relax_o_max_force_eV_A,relax_o_steps,relax_o_step_limit,relax_o_fmax_eV_A,relax_o_termination,relax_o_failure_class,relax_o_selected_attempt,relax_o_attempts_json,relax_o_geometry_sha256,dG_O_eV,relax_ooh_converged,relax_ooh_max_force_eV_A,relax_ooh_steps,relax_ooh_step_limit,relax_ooh_fmax_eV_A,relax_ooh_termination,relax_ooh_failure_class,relax_ooh_selected_attempt,relax_ooh_attempts_json,relax_ooh_geometry_sha256,dG_OOH_eV,orr_overpotential_V,rate_determining_step,fenton_stability,cost_penalty,fc_viable,binding_strength,model_confidence,needs_dft_validation,candidate_disposition,worker_id,gpu_id,candidate_id,cache_hit,error
"('SolidCatalyst', 'V', 'Nb2O5', 'hcp0001', 0.04736842105263156, ('Ce', 'Rb'), 1, 0)",SolidCatalyst,True,esen-sm-conserving-all-oc25:relax-v4:orr-che-v3,True,0.056565974190326204,34,150,0.08,converged,,bfgs_standard,"[{""ase_converged"": true, ""converged"": true, ""end_geometry_sha256"": ""6acdc175050c816a1f24765e1323e06a106208e94eb7fa42e16c8569edb8ff99"", ""failure_class"": null, ""max_force_eV_A"": 0.056565974190326204, ""name"": ""bfgs_standard"", ""start_geometry_sha256"": ""a8c6d4ac2c7b11ca9d683360cb37d2fbc9a1a579e07aa38a2f8482c4096833e7"", ""steps"": 34}]",6acdc175050c816a1f24765e1323e06a106208e94eb7fa42e16c8569edb8ff99,-273.2482064113674,True,0.051651529123153586,41.0,100.0,0.08,converged,,bfgs_standard,"[{""ase_converged"": true, ""converged"": true, ""end_geometry_sha256"": ""21ac340e25e454349ddc59979f3dd5b5de54d2553f093868bde2056bf882414f"", ""failure_class"": null, ""max_force_eV_A"": 0.051651529123153586, ""name"": ""bfgs_standard"", ""start_geometry_sha256"": ""d8d295ac1ec7611c900c7f33f1eb933b7f629dc4619c83a29165c7b578691539"", ""steps"": 41}]",21ac340e25e454349ddc59979f3dd5b5de54d2553f093868bde2056bf882414f,-1.1139146660268306,True,0.0731095795522435,28.0,100.0,0.08,converged,,bfgs_standard,"[{""ase_converged"": true, ""converged"": true, ""end_geometry_sha256"": ""4b6383dbc9af4cb38f5fa40b7623c1a842a60299d3a8abb8e97485254d45e108"", ""failure_class"": null, ""max_force_eV_A"": 0.0731095795522435, ""name"": ""bfgs_standard"", ""start_geometry_sha256"": ""1e6efe0d032205af89599d286e76469b9c9730bf19e7151e682474d524c64d9a"", ""steps"": 28}]",4b6383dbc9af4cb38f5fa40b7623c1a842a60299d3a8abb8e97485254d45e108,-1.6679125659168015,True,0.056570577544883774,68.0,100.0,0.08,converged,,bfgs_standard,"[{""ase_converged"": true, ""converged"": true, ""end_geometry_sha256"": ""1918231e7a8bfdb011ab5377681443f3bd1748143407b88dda04ddd0ca51c23d"", ""failure_class"": null, ""max_force_eV_A"": 0.056570577544883774, ""name"": ""bfgs_standard"", ""start_geometry_sha256"": ""ec7944602d5f372683711f111a733b0987d3f9a223995339e46da0ab8f54c13b"", ""steps"": 68}]",1918231e7a8bfdb011ab5377681443f3bd1748143407b88dda04ddd0ca51c23d,-4.209642936289335,3.0,step_2_O,9.0,0.0,True,2.781827231943632,0.8664825313502684,False,quantitative_screening,1,1,6bb0614d70f67d9c2f0c,False,
"('SolidCatalyst', 'V', 'MgAl2O4', 'fcc111', -0.0368421052631579, ('F', 'Sm'), 2, 1)",SolidCatalyst,False,esen-sm-conserving-all-oc25:relax-v4:orr-che-v3,True,0.03505320168064264,13,150,0.08,converged,,bfgs_standard,"[{""ase_converged"": true, ""converged"": true, ""end_geometry_sha256"": ""63a5f50ba1e1265e25222c0b4e007fffa3dc72283efe75223ad34d73dcbb4518"", ""failure_class"": null, ""max_force_eV_A"": 0.03505320168064264, ""name"": ""bfgs_standard"", ""start_geometry_sha256"": ""649fec5c2604e0331229cfab12c724ec76d762915078142418d6042f9d47b621"", ""steps"": 13}]",63a5f50ba1e1265e25222c0b4e007fffa3dc72283efe75223ad34d73dcbb4518,-176.99310336444978,True,0.07882433055322724,288.0,100.0,0.08,converged,,bfgs_after_fire,"[{""ase_converged"": false, ""converged"": false, ""end_geometry_sha256"": ""d29e54fc58e7907f8c8f29c8742bcf7138d1364a3ac6bd174f74065191a0fa8a"", ""failure_class"": ""force_threshold"", ""max_force_eV_A"": 0.4631095396213835, ""name"": ""bfgs_standard"", ""start_geometry_sha256"": ""4067af309b06da5579dc2c746ad958450fee81c5223749b1814d6f8c4e349131"", ""steps"": 100}, {""ase_converged"": false, ""converged"": false, ""end_geometry_sha256"": ""2ac7f1a94d8e4514f571956e59f1e743b5dbdda7352c22251566e57b33b85b36"", ""failure_class"": ""force_threshold"", ""max_force_eV_A"": 2.057676543003458, ""name"": ""fire_precondition"", ""qualifying"": false, ""start_geometry_sha256"": ""4067af309b06da5579dc2c746ad958450fee81c5223749b1814d6f8c4e349131"", ""steps"": 50}, {""ase_converged"": true, ""converged"": true, ""end_geometry_sha256"": ""fddda6e0b5f16b48ecd4ae9e9e903cf1c682c8d5a79746a88a4068712aa78d19"", ""failure_class"": null, ""max_force_eV_A"": 0.07882433055322724, ""name"": ""bfgs_after_fire"", ""start_geometry_sha256"": ""2ac7f1a94d8e4514f571956e59f1e743b5dbdda7352c22251566e57b33b85b36"", ""steps"": 138}]",fddda6e0b5f16b48ecd4ae9e9e903cf1c682c8d5a79746a88a4068712aa78d19,-13.657745537608863,True,0.07516814742474386,91.0,100.0,0.08,converged,,bfgs_standard,"[{""ase_converged"": true, ""converged"": true, ""end_geometry_sha256"": ""afe4475e9007ae01b53a0814baa7a6cd8ccf9111665c97ec4c5552232dfe089e"", ""failure_class"": null, ""max_force_eV_A"": 0.07516814742474386, ""name"": ""bfgs_standard"", ""start_geometry_sha256"": ""741876b71c457bc97fa22e6111811050cecc05ae89b9337d1f355b491b2ded19"", ""steps"": 91}]",afe4475e9007ae01b53a0814baa7a6cd8ccf9111665c97ec4c5552232dfe089e,-14.27831753417852,False,0.1313640034903083,650.0,100.0,0.08,recovery_exhausted,force_threshold,fire_small_step,"[{""ase_converged"": false, ""converged"": false, ""end_geometry_sha256"": ""3984c46671bc3241eb09a876ab0ccefb1819374c71d70b7c504f4da463141b9e"", ""failure_class"": ""force_threshold"", ""max_force_eV_A"": 0.43676801776585905, ""name"": ""bfgs_standard"", ""start_geometry_sha256"": ""a6833662737709bc26540ae5c06ac8b9471858b6424a81c117b0e62eda301610"", ""steps"": 100}, {""ase_converged"": false, ""converged"": false, ""end_geometry_sha256"": ""c8d911bdeb5cac5c86ab7e353b6217e097940f57738a6e6b3ae0a908532a8fa7"", ""failure_class"": ""force_threshold"", ""max_force_eV_A"": 4.3727647998730355, ""name"": ""fire_precondition"", ""qualifying"": false, ""start_geometry_sha256"": ""a6833662737709bc26540ae5c06ac8b9471858b6424a81c117b0e62eda301610"", ""steps"": 50}, {""ase_converged"": false, ""converged"": false, ""end_geometry_sha256"": ""ff03af4a8e8a4e2b4a346f97495c9009a5300c7563cc84c3898110beb48d4d0a"", ""failure_class"": ""force_threshold"", ""max_force_eV_A"": 0.7578390443352917, ""name"": ""bfgs_after_fire"", ""start_geometry_sha256"": ""c8d911bdeb5cac5c86ab7e353b6217e097940f57738a6e6b3ae0a908532a8fa7"", ""steps"": 200}, {""ase_converged"": false, ""converged"": false, ""end_geometry_sha256"": ""557fc407e0f2a797ca633a2589a855e157cecb2f8c9979c5c0f6d5e106c78043"", ""failure_class"": ""force_threshold"", ""max_force_eV_A"": 0.1313640034903083, ""name"": ""fire_small_step"", ""start_geometry_sha256"": ""3984c46671bc3241eb09a876ab0ccefb1819374c71d70b7c504f4da463141b9e"", ""steps"": 300}]",557fc407e0f2a797ca633a2589a855e157cecb2f8c9979c5c0f6d5e106c78043,,,,,,,,,True,validation_required,2,2,aac398b435876673b950,False,Unconverged ooh relaxation: max_force=0.131364 eV/A after 650 cumulative recovery steps
"('SolidCatalyst', 'V', 'CNT', 'bcc100', 0.02631578947368421, ('W', 'K'), 3, 0)",SolidCatalyst,False,esen-sm-conserving-all-oc25:relax-v4:orr-che-v3,True,0.0682573745965877,123,150,0.08,converged,,bfgs_standard,"[{""ase_converged"": true, ""converged"": true, ""end_geometry_sha256"": ""51b3efb65539db4925338b41e9b189f5d57a7787c38898dde3ce1cb3adcad29d"", ""failure_class"": null, ""max_force_eV_A"": 0.0682573745965877, ""name"": ""bfgs_standard"", ""start_geometry_sha256"": ""f78faecffe320e39424f62fb07ae80494cb753e35d02324044c55ea77f835e0d"", ""steps"": 123}]",51b3efb65539db4925338b41e9b189f5d57a7787c38898dde3ce1cb3adcad29d,-231.28003945058674,False,0.2992683722667333,650.0,100.0,0.08,recovery_exhausted,force_threshold,fire_small_step,"[{""ase_converged"": false, ""converged"": false, ""end_geometry_sha256"": ""4bb88cd77c72e08e84cde7316544d4b4b0204bc27bfcf86cf4679b5aba8fdd89"", ""failure_class"": ""force_threshold"", ""max_force_eV_A"": 0.697936180274529, ""name"": ""bfgs_standard"", ""start_geometry_sha256"": ""10622e3d86aaf33aa12034a8b5960e7cd419cbfee4ea969805167a9022738147"", ""steps"": 100}, {""ase_converged"": false, ""converged"": false, ""end_geometry_sha256"": ""11e7d6ae42aea3631521c3cb3d8735d4f4edacac9b4d0887e77db5bee28c462c"", ""failure_class"": ""force_threshold"", ""max_force_eV_A"": 1.7199462590958379, ""name"": ""fire_precondition"", ""qualifying"": false, ""start_geometry_sha256"": ""10622e3d86aaf33aa12034a8b5960e7cd419cbfee4ea969805167a9022738147"", ""steps"": 50}, {""ase_converged"": false, ""converged"": false, ""end_geometry_sha256"": ""dff4faa6cb38afff89b411700a35818c62e4c8f8d173294a890e169ffd72c403"", ""failure_class"": ""force_threshold"", ""max_force_eV_A"": 0.9044726474132918, ""name"": ""bfgs_after_fire"", ""start_geometry_sha256"": ""11e7d6ae42aea3631521c3cb3d8735d4f4edacac9b4d0887e77db5bee28c462c"", ""steps"": 200}, {""ase_converged"": false, ""converged"": false, ""end_geometry_sha256"": ""f990f2bcfcfd0de3ca1b9618f4b3679ce57b59db4591b4ab832a418ee3a411c2"", ""failure_class"": ""force_threshold"", ""max_force_eV_A"": 0.2992683722667333, ""name"": ""fire_small_step"", ""start_geometry_sha256"": ""4bb88cd77c72e08e84cde7316544d4b4b0204bc27bfcf86cf4679b5aba8fdd89"", ""steps"": 300}]",f990f2bcfcfd0de3ca1b9618f4b3679ce57b59db4591b4ab832a418ee3a411c2,,,,,,,,,,,,,,,,,,,,,,,,,,,,,,,True,validation_required,0,0,865a0b181c97174fae85,False,Unconverged oh relaxation: max_force=0.299268 eV/A after 650 cumulative recovery steps
"('SolidCatalyst', 'V', 'Diamond', 'fcc311', 0.05789473684210525, ('Si', 'Te'), 3, 1)",SolidCatalyst,False,esen-sm-conserving-all-oc25:relax-v4:orr-che-v3,True,0.07886997368590458,107,150,0.08,converged,,bfgs_standard,"[{""ase_converged"": true, ""converged"": true, ""end_geometry_sha256"": ""0c92b9b48641b5d4b95ac99a9ae8935c902ccb90eb9ef6a3f9cf36a6374aff57"", ""failure_class"": null, ""max_force_eV_A"": 0.07886997368590458, ""name"": ""bfgs_standard"", ""start_geometry_sha256"": ""a4ddc2bf73a2f2861e97098a1d1eab9d61e9512353eaad33063a36fc83e45060"", ""steps"": 107}]",0c92b9b48641b5d4b95ac99a9ae8935c902ccb90eb9ef6a3f9cf36a6374aff57,-228.36063321875434,True,0.0766373279537589,68.0,100.0,0.08,converged,,bfgs_standard,"[{""ase_converged"": true, ""converged"": true, ""end_geometry_sha256"": ""6e509ab57ab285bb02e7a52109283269ec20606507fbe3877a48ccc615cc2679"", ""failure_class"": null, ""max_force_eV_A"": 0.0766373279537589, ""name"": ""bfgs_standard"", ""start_geometry_sha256"": ""84d19817f5142825d4ae894b793d21b2775d247f9a737cc2933903afd5c9423c"", ""steps"": 68}]",6e509ab57ab285bb02e7a52109283269ec20606507fbe3877a48ccc615cc2679,0.10832959666842495,True,0.07188066915359591,187.0,100.0,0.08,converged,,bfgs_after_fire,"[{""ase_converged"": false, ""converged"": false, ""end_geometry_sha256"": ""e652f631b7cf6fdcbc6915a2a2e5fc15c3513f9e03f70e50b3d78e376b4146bd"", ""failure_class"": ""force_threshold"", ""max_force_eV_A"": 0.21394387978287197, ""name"": ""bfgs_standard"", ""start_geometry_sha256"": ""8253be6cb309215d30a8a90674dec84ce20dc23ab9469139e3d0d6f6f2ca4c73"", ""steps"": 100}, {""ase_converged"": true, ""converged"": true, ""end_geometry_sha256"": ""2044e6badffe20507663ada5a57fdee19d9c39f09dff1ef5afadc09bdae45e35"", ""failure_class"": null, ""max_force_eV_A"": 0.18820000021185973, ""name"": ""fire_precondition"", ""qualifying"": false, ""start_geometry_sha256"": ""8253be6cb309215d30a8a90674dec84ce20dc23ab9469139e3d0d6f6f2ca4c73"", ""steps"": 37}, {""ase_converged"": true, ""converged"": true, ""end_geometry_sha256"": ""793c7ffc11510bd14b4b498afafe9204759bec07b4b5d40288cba62981db2253"", ""failure_class"": null, ""max_force_eV_A"": 0.07188066915359591, ""name"": ""bfgs_after_fire"", ""start_geometry_sha256"": ""2044e6badffe20507663ada5a57fdee19d9c39f09dff1ef5afadc09bdae45e35"", ""steps"": 50}]",793c7ffc11510bd14b4b498afafe9204759bec07b4b5d40288cba62981db2253,-0.5769701831043015,False,,0.0,100.0,0.08,invalid_initial_geometry,atomic_overlap,none,[],b1963b8c02ae9cfe854d79207330bf1aacb02de77a6c7312a67ce75df56a8d2e,,,,,,,,,True,validation_required,1,1,1a3caf1d0ded50504d7b,False,Invalid ooh initial geometry: atomic_overlap
"('SolidCatalyst', 'V', 'WC', 'hcp0001', -0.05789473684210527, ('K', 'Mo'), 4, 1)",SolidCatalyst,True,esen-sm-conserving-all-oc25:relax-v4:orr-che-v3,True,0.07535829611544187,118,150,0.08,converged,,bfgs_standard,"[{""ase_converged"": true, ""converged"": true, ""end_geometry_sha256"": ""4253e656d2d07b65e4baab6836c8186f53480c861a413506c4e7bee921820e95"", ""failure_class"": null, ""max_force_eV_A"": 0.07535829611544187, ""name"": ""bfgs_standard"", ""start_geometry_sha256"": ""7cd0d0220692cda87469c12ce27dcabf6f5d44ee031a3fffc0e07f569178f076"", ""steps"": 118}]",4253e656d2d07b65e4baab6836c8186f53480c861a413506c4e7bee921820e95,-272.905416279346,True,0.06939776439662862,98.0,100.0,0.08,converged,,bfgs_standard,"[{""ase_converged"": true, ""converged"": true, ""end_geometry_sha256"": ""dc0ae90d7c892c52db09a3189335282d71e1c23e4c30162690088bf29ee2a02f"", ""failure_class"": null, ""max_force_eV_A"": 0.06939776439662862, ""name"": ""bfgs_standard"", ""start_geometry_sha256"": ""7e1ca4148e92afde3d39742603235665f62edeeea0f60def54f48fe0ae2176e4"", ""steps"": 98}]",dc0ae90d7c892c52db09a3189335282d71e1c23e4c30162690088bf29ee2a02f,-2.8105584953725335,True,0.07703181495684043,60.0,100.0,0.08,converged,,bfgs_standard,"[{""ase_converged"": true, ""converged"": true, ""end_geometry_sha256"": ""6f42233d26c84bcfb01f479905e8dca2f2bb95a218c46b5f5d5a3b8d8b2fc5a8"", ""failure_class"": null, ""max_force_eV_A"": 0.07703181495684043, ""name"": ""bfgs_standard"", ""start_geometry_sha256"": ""8f9f601d421ec42492783c4aa5568406e52b05f7d99cd7c62508d65e348b37c4"", ""steps"": 60}]",6f42233d26c84bcfb01f479905e8dca2f2bb95a218c46b5f5d5a3b8d8b2fc5a8,-2.2307597033679167,True,0.07411154424074953,300.0,100.0,0.08,converged,,bfgs_after_fire,"[{""ase_converged"": false, ""converged"": false, ""end_geometry_sha256"": ""ca4c11619d091640cae3064f784c2a9db7f125de5f94d1878ef1a4447a693563"", ""failure_class"": ""force_threshold"", ""max_force_eV_A"": 1.7743911450600378, ""name"": ""bfgs_standard"", ""start_geometry_sha256"": ""e64f804eef113b33d911e57362f9c49a7cf57d9464da473045f8b4bfa7e4d680"", ""steps"": 100}, {""ase_converged"": false, ""converged"": false, ""end_geometry_sha256"": ""fb6d6983dc5dac44321d6d3db5e122653302f1fa9075ab16616203525297c68b"", ""failure_class"": ""force_threshold"", ""max_force_eV_A"": 6.496592421384905, ""name"": ""fire_precondition"", ""qualifying"": false, ""start_geometry_sha256"": ""e64f804eef113b33d911e57362f9c49a7cf57d9464da473045f8b4bfa7e4d680"", ""steps"": 50}, {""ase_converged"": true, ""converged"": true, ""end_geometry_sha256"": ""ad8c788bee7a3ce1a400d24f29279586f5e5eefcc948f43f1908a78b272237e4"", ""failure_class"": null, ""max_force_eV_A"": 0.07411154424074953, ""name"": ""bfgs_after_fire"", ""start_geometry_sha256"": ""fb6d6983dc5dac44321d6d3db5e122653302f1fa9075ab16616203525297c68b"", ""steps"": 150}]",ad8c788bee7a3ce1a400d24f29279586f5e5eefcc948f43f1908a78b272237e4,5.6935438618063685,3.0,step_4_H2O,9.0,0.0,True,5.04131819874045,0.9127014328916923,False,quantitative_screening,1,1,712347805e1463e56297,False,
"('SolidCatalyst', 'V', 'ZrB2', 'fcc211', 0.01578947368421052, ('Li', 'Pb'), 1, 0)",SolidCatalyst,False,esen-sm-conserving-all-oc25:relax-v4:orr-che-v3,True,0.06072575062803563,115,150,0.08,converged,,bfgs_standard,"[{""ase_converged"": true, ""converged"": true, ""end_geometry_sha256"": ""4068920ff10e57b882ec5524cbbafebb0b5ecfcb9fa4a309ca1943fea6fa4aad"", ""failure_class"": null, ""max_force_eV_A"": 0.06072575062803563, ""name"": ""bfgs_standard"", ""start_geometry_sha256"": ""1d0f051d9434bc154bdb59d729a426caed5dd5a74acb770b69dc993821701f0a"", ""steps"": 115}]",4068920ff10e57b882ec5524cbbafebb0b5ecfcb9fa4a309ca1943fea6fa4aad,-219.6939394930448,True,0.07419055284071518,268.0,100.0,0.08,converged,,bfgs_after_fire,"[{""ase_converged"": false, ""converged"": false, ""end_geometry_sha256"": ""fcb4c9c5c776e3abbf60838843eb809b2bca2eb49547166794f0bb50af27fe59"", ""failure_class"": ""force_threshold"", ""max_force_eV_A"": 0.08433642941662321, ""name"": ""bfgs_standard"", ""start_geometry_sha256"": ""c6d4acb4e4caf3f8464be87c4e06a3bc14a076fa63e9ce0907b602a3c3f3a020"", ""steps"": 100}, {""ase_converged"": false, ""converged"": false, ""end_geometry_sha256"": ""515c6dba6a3cb0c1ff9d87799503df736d689d1cb0a203a6cc70ba87b524733e"", ""failure_class"": ""force_threshold"", ""max_force_eV_A"": 0.752618942010576, ""name"": ""fire_precondition"", ""qualifying"": false, ""start_geometry_sha256"": ""c6d4acb4e4caf3f8464be87c4e06a3bc14a076fa63e9ce0907b602a3c3f3a020"", ""steps"": 50}, {""ase_converged"": true, ""converged"": true, ""end_geometry_sha256"": ""92f90bf6c36e840778deb7c823ce67f52d7c728c5faae9989d44b0a81ab37b5f"", ""failure_class"": null, ""max_force_eV_A"": 0.07419055284071518, ""name"": ""bfgs_after_fire"", ""start_geometry_sha256"": ""515c6dba6a3cb0c1ff9d87799503df736d689d1cb0a203a6cc70ba87b524733e"", ""steps"": 118}]",92f90bf6c36e840778deb7c823ce67f52d7c728c5faae9989d44b0a81ab37b5f,-2.9652711723744867,True,0.07428742604176368,96.0,100.0,0.08,converged,,bfgs_standard,"[{""ase_converged"": true, ""converged"": true, ""end_geometry_sha256"": ""bc58295de9043fbf7d4f04ba48038dbdeb29558ef5d6f13ae67a4fdc484c136e"", ""failure_class"": null, ""max_force_eV_A"": 0.07428742604176368, ""name"": ""bfgs_standard"", ""start_geometry_sha256"": ""f2f9633fd5b3d6169ea6fc72e6ff8a5358a6c2aade76d9e606765c06ee4ff151"", ""steps"": 96}]",bc58295de9043fbf7d4f04ba48038dbdeb29558ef5d6f13ae67a4fdc484c136e,-2.436230742186276,False,,0.0,100.0,0.08,invalid_initial_geometry,atomic_overlap,none,[],71292feee56138fad3f21693fc5f656a98c0219eea80a0d30ff8ab9c2443d662,,,,,,,,,True,validation_required,0,0,14aea81d20bd1b9f8075,False,Invalid ooh initial geometry: atomic_overlap
"('SolidCatalyst', 'V', 'Mordenite', 'bcc100', -0.07894736842105264, ('Co', 'Mn'), 2, 1)",SolidCatalyst,False,esen-sm-conserving-all-oc25:relax-v4:orr-che-v3,True,0.07831608104576904,112,150,0.08,converged,,bfgs_standard,"[{""ase_converged"": true, ""converged"": true, ""end_geometry_sha256"": ""d67a8254cad7e84be42e552084ee27f30e10dcb29ccdf73d5d47a31651ae9bcd"", ""failure_class"": null, ""max_force_eV_A"": 0.07831608104576904, ""name"": ""bfgs_standard"", ""start_geometry_sha256"": ""dddeda594d09c4e9872ae5537a430c3262745dfbdb967b1b8bde5c3a3ba308d7"", ""steps"": 112}]",d67a8254cad7e84be42e552084ee27f30e10dcb29ccdf73d5d47a31651ae9bcd,-161.6035722794714,True,0.0755657184862517,76.0,100.0,0.08,converged,,bfgs_standard,"[{""ase_converged"": true, ""converged"": true, ""end_geometry_sha256"": ""234824bd04ba25a7ae87e5de2ea54de74970071c4bc2f6830cc8ea387cbe0d92"", ""failure_class"": null, ""max_force_eV_A"": 0.0755657184862517, ""name"": ""bfgs_standard"", ""start_geometry_sha256"": ""13653187561e189ac41ad97166f225c52132041ebedf12a6eea966650493421b"", ""steps"": 76}]",234824bd04ba25a7ae87e5de2ea54de74970071c4bc2f6830cc8ea387cbe0d92,-2.135360894054174,True,0.0725597546281429,80.0,100.0,0.08,converged,,bfgs_standard,"[{""ase_converged"": true, ""converged"": true, ""end_geometry_sha256"": ""29b367619cba2b6cd23a43fae9e94b13901634a590ac49929036e9b34413d23f"", ""failure_class"": null, ""max_force_eV_A"": 0.0725597546281429, ""name"": ""bfgs_standard"", ""start_geometry_sha256"": ""ccad9f5de0afb177b89326a2b24de7857b05b955f60f5ff012050782ee160829"", ""steps"": 80}]",29b367619cba2b6cd23a43fae9e94b13901634a590ac49929036e9b34413d23f,-1.4445772998035202,False,,0.0,100.0,0.08,invalid_initial_geometry,atomic_overlap,none,[],98c3b818272dccc86216dbe166001d9959802cfc451fe36315f98378bd1f6a2b,,,,,,,,,True,validation_required,2,2,669882705041344c66da,False,Invalid ooh initial geometry: atomic_overlap
"('SolidCatalyst', 'Cr', 'CeO2', 'fcc111', -0.005263157894736845, ('Al', 'Cs'), 3, 0)",SolidCatalyst,True,esen-sm-conserving-all-oc25:relax-v4:orr-che-v3,True,0.07119767186968512,87,150,0.08,converged,,bfgs_standard,"[{""ase_converged"": true, ""converged"": true, ""end_geometry_sha256"": ""78dd64996d738a2550aa7d5c25d938156ebde5a6bb433334573bbb18fcdd0293"", ""failure_class"": null, ""max_force_eV_A"": 0.07119767186968512, ""name"": ""bfgs_standard"", ""start_geometry_sha256"": ""5129cf0f4cb5f0935e7c666cefda252028aa911460d0732b06ed014f675abde4"", ""steps"": 87}]",78dd64996d738a2550aa7d5c25d938156ebde5a6bb433334573bbb18fcdd0293,-153.4421459876861,True,0.06864285543610704,71.0,100.0,0.08,converged,,bfgs_standard,"[{""ase_converged"": true, ""converged"": true, ""end_geometry_sha256"": ""3cacd46690429ccf9f8b595b413665418b1a63519c119788db3b9d7bf3fb5ddc"", ""failure_class"": null, ""max_force_eV_A"": 0.06864285543610704, ""name"": ""bfgs_standard"", ""start_geometry_sha256"": ""253d9476e44dcba2cfb9d8330a929d7adcc6e1e945168531aeb7ffead3bb39dc"", ""steps"": 71}]",3cacd46690429ccf9f8b595b413665418b1a63519c119788db3b9d7bf3fb5ddc,0.05876142039895055,True,0.07076313627962665,211.0,100.0,0.08,converged,,bfgs_after_fire,"[{""ase_converged"": false, ""converged"": false, ""end_geometry_sha256"": ""58903c1bf8232448da0736be48bf09fa4334ca19101e7a82a39885513a1818e0"", ""failure_class"": ""force_threshold"", ""max_force_eV_A"": 0.23639078659362392, ""name"": ""bfgs_standard"", ""start_geometry_sha256"": ""1c4d2a0a1874f1abb70f8fef3f10069f49fdb1377c4b581e937ce615e896e2f4"", ""steps"": 100}, {""ase_converged"": false, ""converged"": false, ""end_geometry_sha256"": ""e03569653e1475d4e762a0a203b29cab111c730ffafa9e09945a8399c4c93001"", ""failure_class"": ""force_threshold"", ""max_force_eV_A"": 0.35691380444742593, ""name"": ""fire_precondition"", ""qualifying"": false, ""start_geometry_sha256"": ""1c4d2a0a1874f1abb70f8fef3f10069f49fdb1377c4b581e937ce615e896e2f4"", ""steps"": 50}, {""ase_converged"": true, ""converged"": true, ""end_geometry_sha256"": ""0de2a5b804931dfe4cc26008475af081dd127d2ccdfdceec6c401bbca8fe9763"", ""failure_class"": null, ""max_force_eV_A"": 0.07076313627962665, ""name"": ""bfgs_after_fire"", ""start_geometry_sha256"": ""e03569653e1475d4e762a0a203b29cab111c730ffafa9e09945a8399c4c93001"", ""steps"": 61}]",0de2a5b804931dfe4cc26008475af081dd127d2ccdfdceec6c401bbca8fe9763,0.19139376953247406,True,0.07040456159089693,202.0,100.0,0.08,converged,,bfgs_after_fire,"[{""ase_converged"": false, ""converged"": false, ""end_geometry_sha256"": ""d74dcad39424aeff0b4dc4871c67a08a27f7b8ae0a770a2870e372f57d9292cd"", ""failure_class"": ""force_threshold"", ""max_force_eV_A"": 0.7025744861403229, ""name"": ""bfgs_standard"", ""start_geometry_sha256"": ""623e504fc37047a5ff4084dccd39412aade731778ffe5160efce03c5a6c38ec3"", ""steps"": 100}, {""ase_converged"": false, ""converged"": false, ""end_geometry_sha256"": ""1ca44609441354f64dba4a4e9e3059ce7e70cf568a17b2fe53a68224bcf1652a"", ""failure_class"": ""force_threshold"", ""max_force_eV_A"": 1.944660671628183, ""name"": ""fire_precondition"", ""qualifying"": false, ""start_geometry_sha256"": ""623e504fc37047a5ff4084dccd39412aade731778ffe5160efce03c5a6c38ec3"", ""steps"": 50}, {""ase_converged"": true, ""converged"": true, ""end_geometry_sha256"": ""866da9bc8fc70bf6300cb0d858cc46d51c6365055e79a47e7dcace3fa3e0f064"", ""failure_class"": null, ""max_force_eV_A"": 0.07040456159089693, ""name"": ""bfgs_after_fire"", ""start_geometry_sha256"": ""1ca44609441354f64dba4a4e9e3059ce7e70cf568a17b2fe53a68224bcf1652a"", ""steps"": 52}]",866da9bc8fc70bf6300cb0d858cc46d51c6365055e79a47e7dcace3fa3e0f064,0.37202591747043035,1.1702385796010495,step_4_H2O,9.0,0.0,True,0.2501551899314246,0.9127014328916923,False,quantitative_screening,0,0,ace7cb137506b8377df7,False,
"('SolidCatalyst', 'Cr', 'TiO2', 'hcp1010', 0.01578947368421052, ('Ga', 'S'), 3, 1)",SolidCatalyst,True,esen-sm-conserving-all-oc25:relax-v4:orr-che-v3,True,0.06426441544063527,137,150,0.08,converged,,bfgs_standard,"[{""ase_converged"": true, ""converged"": true, ""end_geometry_sha256"": ""b3fe975e666cbcc1680c478d344de5926387e10f6e74ee32864fbe8d93d992c3"", ""failure_class"": null, ""max_force_eV_A"": 0.06426441544063527, ""name"": ""bfgs_standard"", ""start_geometry_sha256"": ""7165511cb660915946f6fd579b43509bed1b816c6e1a02acb939a460eea5cb31"", ""steps"": 137}]",b3fe975e666cbcc1680c478d344de5926387e10f6e74ee32864fbe8d93d992c3,-198.75392128359266,True,0.061612875597079675,53.0,100.0,0.08,converged,,bfgs_standard,"[{""ase_converged"": true, ""converged"": true, ""end_geometry_sha256"": ""97203811631a55ccc9250f106de3d8f8dbf16a1052dc00c13aba721d30915df7"", ""failure_class"": null, ""max_force_eV_A"": 0.061612875597079675, ""name"": ""bfgs_standard"", ""start_geometry_sha256"": ""0b9f38ff8af40d8285df36ce77267f10d309a677e7b1e55c6859f2efad504c06"", ""steps"": 53}]",97203811631a55ccc9250f106de3d8f8dbf16a1052dc00c13aba721d30915df7,0.4892881537974449,True,0.07557450870670246,75.0,100.0,0.08,converged,,bfgs_standard,"[{""ase_converged"": true, ""converged"": true, ""end_geometry_sha256"": ""4d7a0131fba21f48e18a82c1ab416522932044082d44990df7fa3652740bb5b8"", ""failure_class"": null, ""max_force_eV_A"": 0.07557450870670246, ""name"": ""bfgs_standard"", ""start_geometry_sha256"": ""053b52336dd07e1901e20d0e0a062e64464f152b0be005280b17f5db6d86ed9d"", ""steps"": 75}]",4d7a0131fba21f48e18a82c1ab416522932044082d44990df7fa3652740bb5b8,-0.12166317626836402,True,0.06716753286458149,85.0,100.0,0.08,converged,,bfgs_standard,"[{""ase_converged"": true, ""converged"": true, ""end_geometry_sha256"": ""9574a4cdc65381b113cb9033a8855e705c18d53d2203449918937f18a9283c33"", ""failure_class"": null, ""max_force_eV_A"": 0.06716753286458149, ""name"": ""bfgs_standard"", ""start_geometry_sha256"": ""6360a00f4af65329f9ca03a5dbc7683d3241cf52a9e61efd1d934dad64e161e1"", ""steps"": 85}]",9574a4cdc65381b113cb9033a8855e705c18d53d2203449918937f18a9283c33,-1.4483399882912886,2.5556768120229245,step_2_O,9.0,0.0,True,0.6109513300658089,0.7799556092414295,False,quantitative_screening,1,1,d0019424f5952e8b0fed,False,
"('SolidCatalyst', 'Cr', 'WO3', 'fcc211', -0.1, ('Rb', 'N'), 4, 1)",SolidCatalyst,True,esen-sm-conserving-all-oc25:relax-v4:orr-che-v3,True,0.07356100332844978,348,150,0.08,converged,,bfgs_after_fire,"[{""ase_converged"": false, ""converged"": false, ""end_geometry_sha256"": ""f602a377f5ab275ebf19b9d9aa9a3da4bb831360be5a3571993642b14f7c3202"", ""failure_class"": ""force_threshold"", ""max_force_eV_A"": 0.6022689181284256, ""name"": ""bfgs_standard"", ""start_geometry_sha256"": ""d878781f5fbc60bb801f956873d6f76e873ab4abf8f08f503ea6fcc30db7045e"", ""steps"": 150}, {""ase_converged"": false, ""converged"": false, ""end_geometry_sha256"": ""c4f6d06680248af61b66f38686a953696de7f6b8f92c2586fa3f24fd1febb6de"", ""failure_class"": ""force_threshold"", ""max_force_eV_A"": 7.9023818658929175, ""name"": ""fire_precondition"", ""qualifying"": false, ""start_geometry_sha256"": ""d878781f5fbc60bb801f956873d6f76e873ab4abf8f08f503ea6fcc30db7045e"", ""steps"": 75}, {""ase_converged"": true, ""converged"": true, ""end_geometry_sha256"": ""aa7542fe7ad47ae41b4f14fcea91e4c224510fce56073bd259793b539d9db83e"", ""failure_class"": null, ""max_force_eV_A"": 0.07356100332844978, ""name"": ""bfgs_after_fire"", ""start_geometry_sha256"": ""c4f6d06680248af61b66f38686a953696de7f6b8f92c2586fa3f24fd1febb6de"", ""steps"": 123}]",aa7542fe7ad47ae41b4f14fcea91e4c224510fce56073bd259793b539d9db83e,-131.9791794788585,True,0.0740904967311811,56.0,100.0,0.08,converged,,bfgs_standard,"[{""ase_converged"": true, ""converged"": true, ""end_geometry_sha256"": ""936d16b2a8bfe70fc8f5b8c1138311028be5bf4e8ef06a9057862c10947b2ce9"", ""failure_class"": null, ""max_force_eV_A"": 0.0740904967311811, ""name"": ""bfgs_standard"", ""start_geometry_sha256"": ""3219f5c4e60a3c5ecefeec98bdb93056b871699a75a0a178897d6757893928c4"", ""steps"": 56}]",936d16b2a8bfe70fc8f5b8c1138311028be5bf4e8ef06a9057862c10947b2ce9,-0.10536211475729945,True,0.07778487931534654,56.0,100.0,0.08,converged,,bfgs_standard,"[{""ase_converged"": true, ""converged"": true, ""end_geometry_sha256"": ""895e0fc4e462103730874b1034edb0bfd0c0197ac9684fdcdb952107297aabf1"", ""failure_class"": null, ""max_force_eV_A"": 0.07778487931534654, ""name"": ""bfgs_standard"", ""start_geometry_sha256"": ""589924c3f3053d46402692c9215c164f745af42a9456d897e67ba99fe3a59ca3"", ""steps"": 56}]",895e0fc4e462103730874b1034edb0bfd0c0197ac9684fdcdb952107297aabf1,-0.6355105273425827,True,0.07435094256469313,236.0,100.0,0.08,converged,,bfgs_after_fire,"[{""ase_converged"": false, ""converged"": false, ""end_geometry_sha256"": ""84343831d42ead38905f59b1b501407d3e89315ff43ddb5f4394b6b099f1e3b3"", ""failure_class"": ""force_threshold"", ""max_force_eV_A"": 2.359350081815038, ""name"": ""bfgs_standard"", ""start_geometry_sha256"": ""8b2cba14c8b175c05c4144b9d8d153868382c53a257568112a1bc2ea1a26afcd"", ""steps"": 100}, {""ase_converged"": false, ""converged"": false, ""end_geometry_sha256"": ""607d4aec9e4b5d3bcf3c982d2bd09bd59f96c434084126c1a73cf8bac5d7a70b"", ""failure_class"": ""force_threshold"", ""max_force_eV_A"": 7.942451806339874, ""name"": ""fire_precondition"", ""qualifying"": false, ""start_geometry_sha256"": ""8b2cba14c8b175c05c4144b9d8d153868382c53a257568112a1bc2ea1a26afcd"", ""steps"": 50}, {""ase_converged"": true, ""converged"": true, ""end_geometry_sha256"": ""5ca5eafa7e7fbaa0a529def0436bc9950e27c786755f2d1d5356524c973fb92a"", ""failure_class"": null, ""max_force_eV_A"": 0.07435094256469313, ""name"": ""bfgs_after_fire"", ""start_geometry_sha256"": ""607d4aec9e4b5d3bcf3c982d2bd09bd59f96c434084126c1a73cf8bac5d7a70b"", ""steps"": 86}]",5ca5eafa7e7fbaa0a529def0436bc9950e27c786755f2d1d5356524c973fb92a,3.586732338368811,1.7591484125852834,step_3_OH,9.0,0.0,True,0.7408726420998821,0.7545203674987632,False,quantitative_screening,2,2,16a882f40b4dcdfac496,False,
"('SAC', 'Ti', 'N3S', 'N-graphene', 'Cl')",SAC,True,esen-sm-conserving-all-oc25:relax-v4:orr-che-v3,True,0.06397260812609495,59,150,0.08,converged,,bfgs_standard,"[{""ase_converged"": true, ""converged"": true, ""end_geometry_sha256"": ""ea8b4c857930d48eb872f5b1ccad9372747581836c7727b8d11a38c2c4c9a77c"", ""failure_class"": null, ""max_force_eV_A"": 0.06397260812609495, ""name"": ""bfgs_standard"", ""start_geometry_sha256"": ""47c509bfe845d048117207a8201cb1205a52ff74288f83c914d6eb31943b6a5b"", ""steps"": 59}]",ea8b4c857930d48eb872f5b1ccad9372747581836c7727b8d11a38c2c4c9a77c,-136.1511177217415,True,0.07647453490983903,40.0,100.0,0.08,converged,,bfgs_standard,"[{""ase_converged"": true, ""converged"": true, ""end_geometry_sha256"": ""eb9b5ddfd44a942d63931c999ff0a8ea49df0aaad13d152f09d87c7d9c49f409"", ""failure_class"": null, ""max_force_eV_A"": 0.07647453490983903, ""name"": ""bfgs_standard"", ""start_geometry_sha256"": ""9b2b4d97ffbc8dc8ff1b5ad40f458c27855962c016e1944032d5eb49c3995d1d"", ""steps"": 40}]",eb9b5ddfd44a942d63931c999ff0a8ea49df0aaad13d152f09d87c7d9c49f409,1.662155690342188,True,0.0739362747410296,23.0,100.0,0.08,converged,,bfgs_standard,"[{""ase_converged"": true, ""converged"": true, ""end_geometry_sha256"": ""eb855536acf5c331736c4571e77f28e80d6049685d0e1be10900d5ec5e1de42c"", ""failure_class"": null, ""max_force_eV_A"": 0.0739362747410296, ""name"": ""bfgs_standard"", ""start_geometry_sha256"": ""1f242103f171a59a543ad6d743da6743c731f2791557afd044fde713a2c06857"", ""steps"": 23}]",eb855536acf5c331736c4571e77f28e80d6049685d0e1be10900d5ec5e1de42c,1.8179279930889642,True,0.07528354500854165,55.0,100.0,0.08,converged,,bfgs_standard,"[{""ase_converged"": true, ""converged"": true, ""end_geometry_sha256"": ""9560d03fb94e53ef3927ffa682298400f097cd484c0384b4bf573f8240889568"", ""failure_class"": null, ""max_force_eV_A"": 0.07528354500854165, ""name"": ""bfgs_standard"", ""start_geometry_sha256"": ""44f93690ef5582f2d295d0970eba0d0774c90362a408a5c6da3387c154cbe1f3"", ""steps"": 55}]",9560d03fb94e53ef3927ffa682298400f097cd484c0384b4bf573f8240889568,2.174958418309692,1.0732276972532238,step_3_OH,10.0,0.0,True,3.480083683431152,0.610000000035,False,quantitative_screening,1,1,a4de7134e9302a203a5c,False,
"('SAC', 'Ti', 'N2O2', 'N-graphdiyne', 'NH3')",SAC,True,esen-sm-conserving-all-oc25:relax-v4:orr-che-v3,True,0.06852293133987858,96,150,0.08,converged,,bfgs_standard,"[{""ase_converged"": true, ""converged"": true, ""end_geometry_sha256"": ""dc13a51d1e64d37aec7dfcf32e278374a65f2053219f2f9099d18c940d976b1f"", ""failure_class"": null, ""max_force_eV_A"": 0.06852293133987858, ""name"": ""bfgs_standard"", ""start_geometry_sha256"": ""b60d3ec06f87a236ed0aad2372739c8a932a0075b31ccba831584f6f6195eeda"", ""steps"": 96}]",dc13a51d1e64d37aec7dfcf32e278374a65f2053219f2f9099d18c940d976b1f,-137.8452680954258,True,0.0683603049353715,83.0,100.0,0.08,converged,,bfgs_standard,"[{""ase_converged"": true, ""converged"": true, ""end_geometry_sha256"": ""d88b0688f7cd5ba460140a04466fe55c6498bd35132a2a598ea976716277332c"", ""failure_class"": null, ""max_force_eV_A"": 0.0683603049353715, ""name"": ""bfgs_standard"", ""start_geometry_sha256"": ""86a78380e5056a5c6bd095b3dadc6060273de053d68c5cc88811a65679cde140"", ""steps"": 83}]",d88b0688f7cd5ba460140a04466fe55c6498bd35132a2a598ea976716277332c,-0.05536907657980922,True,0.0763844611890778,46.0,100.0,0.08,converged,,bfgs_standard,"[{""ase_converged"": true, ""converged"": true, ""end_geometry_sha256"": ""651bb7c8e0de6dad7ea192023244790f3e4be090ada6f5371aa2b02949625da5"", ""failure_class"": null, ""max_force_eV_A"": 0.0763844611890778, ""name"": ""bfgs_standard"", ""start_geometry_sha256"": ""3810d3f8d9e7de773988d0ec7facc4f687529b23ba63d7d7df509fa34a0b79c4"", ""steps"": 46}]",651bb7c8e0de6dad7ea192023244790f3e4be090ada6f5371aa2b02949625da5,3.598548806458715,True,0.07958693348163094,196.0,100.0,0.08,converged,,bfgs_after_fire,"[{""ase_converged"": false, ""converged"": false, ""end_geometry_sha256"": ""daffccbcb28815d57bffdad3c2bad4d83542f693fb726df9c25b051e777b9e70"", ""failure_class"": ""force_threshold"", ""max_force_eV_A"": 0.44760860873796166, ""name"": ""bfgs_standard"", ""start_geometry_sha256"": ""86e0781b82d72065ba6437bd5ba7dff4ec74067f3bd6a206cc3a0a9a07fbbb71"", ""steps"": 100}, {""ase_converged"": false, ""converged"": false, ""end_geometry_sha256"": ""fcd0c824472c7783c7d02a16cc3d57da9e52d2c13cf84f3e72215c36bb03e2d0"", ""failure_class"": ""force_threshold"", ""max_force_eV_A"": 0.9550997932489479, ""name"": ""fire_precondition"", ""qualifying"": false, ""start_geometry_sha256"": ""86e0781b82d72065ba6437bd5ba7dff4ec74067f3bd6a206cc3a0a9a07fbbb71"", ""steps"": 50}, {""ase_converged"": true, ""converged"": true, ""end_geometry_sha256"": ""f1f0dd20d7a591992cb51648000059be5022aba554e67fac734144a08ecef4ca"", ""failure_class"": null, ""max_force_eV_A"": 0.07958693348163094, ""name"": ""bfgs_after_fire"", ""start_geometry_sha256"": ""fcd0c824472c7783c7d02a16cc3d57da9e52d2c13cf84f3e72215c36bb03e2d0"", ""steps"": 46}]",f1f0dd20d7a591992cb51648000059be5022aba554e67fac734144a08ecef4ca,5.376141022145752,1.6851410221457526,step_1_OOH,10.0,0.0,True,3.6539178830385244,0.610000000035,False,quantitative_screening,0,0,bea0eab4138e0207da50,False,
"('SAC', 'Ti', 'N4_pyridine', 'N-graphdiyne', 'NH3')",SAC,True,esen-sm-conserving-all-oc25:relax-v4:orr-che-v3,True,0.07979870389943373,54,150,0.08,converged,,bfgs_standard,"[{""ase_converged"": true, ""converged"": true, ""end_geometry_sha256"": ""c20beb99cf091cc973b09dbfb153640d98f1b170917b9d7d1d09a32de7f95c5a"", ""failure_class"": null, ""max_force_eV_A"": 0.07979870389943373, ""name"": ""bfgs_standard"", ""start_geometry_sha256"": ""9a236ab13504175ab437a4f2430e1542ba5c803bf38d6c54c1cb4b80fb74538b"", ""steps"": 54}]",c20beb99cf091cc973b09dbfb153640d98f1b170917b9d7d1d09a32de7f95c5a,-142.72549011571388,True,0.07265832725634774,262.0,100.0,0.08,converged,,bfgs_after_fire,"[{""ase_converged"": false, ""converged"": false, ""end_geometry_sha256"": ""0338d6aca36b6f939aca9cf005543797e947f985b8e852c2b71728589e71ef59"", ""failure_class"": ""force_threshold"", ""max_force_eV_A"": 0.2946835419294326, ""name"": ""bfgs_standard"", ""start_geometry_sha256"": ""e24defee2a20a6cc25b5f235a51d857a431f3a2514c984eb820a6dd28ad78e75"", ""steps"": 100}, {""ase_converged"": true, ""converged"": true, ""end_geometry_sha256"": ""205330580f9f62558cf77e8c1bb99a52d5c473b3d6c837a5d0085694c72f5ac9"", ""failure_class"": null, ""max_force_eV_A"": 0.19034843264702508, ""name"": ""fire_precondition"", ""qualifying"": false, ""start_geometry_sha256"": ""e24defee2a20a6cc25b5f235a51d857a431f3a2514c984eb820a6dd28ad78e75"", ""steps"": 39}, {""ase_converged"": true, ""converged"": true, ""end_geometry_sha256"": ""3f468316a9df132cd16b19167d4418c8c0574fc350b5c4727c385bafaf4a0540"", ""failure_class"": null, ""max_force_eV_A"": 0.07265832725634774, ""name"": ""bfgs_after_fire"", ""start_geometry_sha256"": ""205330580f9f62558cf77e8c1bb99a52d5c473b3d6c837a5d0085694c72f5ac9"", ""steps"": 123}]",3f468316a9df132cd16b19167d4418c8c0574fc350b5c4727c385bafaf4a0540,0.24607831493020055,True,0.06288400374376887,90.0,100.0,0.08,converged,,bfgs_standard,"[{""ase_converged"": true, ""converged"": true, ""end_geometry_sha256"": ""757586fe1dc9d9f33098c05e39fbc8ccc8cc3cf6693a8812fe22e3943355d11a"", ""failure_class"": null, ""max_force_eV_A"": 0.06288400374376887, ""name"": ""bfgs_standard"", ""start_geometry_sha256"": ""d3aecc93ff2662bc93607e26b0800c16afa64ea5c513fa5d3f58652e3932129a"", ""steps"": 90}]",757586fe1dc9d9f33098c05e39fbc8ccc8cc3cf6693a8812fe22e3943355d11a,1.5869669087231195,True,0.06750344374026548,34.0,100.0,0.08,converged,,bfgs_standard,"[{""ase_converged"": true, ""converged"": true, ""end_geometry_sha256"": ""9fbbe6c115e585145e59882a5019e8772d89ce3e421ff64f2089f15b20d4935b"", ""failure_class"": null, ""max_force_eV_A"": 0.06750344374026548, ""name"": ""bfgs_standard"", ""start_geometry_sha256"": ""6571a9f3ba79826ea50224e383edcbe14c2b2e9de838b88560375d1ba2bf1292"", ""steps"": 34}]",9fbbe6c115e585145e59882a5019e8772d89ce3e421ff64f2089f15b20d4935b,4.977760265767579,1.2867602657675787,step_1_OOH,10.0,0.0,True,1.8330452236533201,0.610000000035,False,quantitative_screening,1,1,4bdbe05786684e83d945,False,
"('SAC', 'Ti', 'N4_pyrrole', 'N-graphene', 'NH3')",SAC,True,esen-sm-conserving-all-oc25:relax-v4:orr-che-v3,True,0.0798846825717881,54,150,0.08,converged,,bfgs_standard,"[{""ase_converged"": true, ""converged"": true, ""end_geometry_sha256"": ""2dc61bb8a4ba30a04cfc87a46fde734e41a5a25fb6f529c6b33ddd93c04ead6c"", ""failure_class"": null, ""max_force_eV_A"": 0.0798846825717881, ""name"": ""bfgs_standard"", ""start_geometry_sha256"": ""830567f09d95b6a44520310031dc6e34be5f02ef700b1b5402f367e9a794b0a0"", ""steps"": 54}]",2dc61bb8a4ba30a04cfc87a46fde734e41a5a25fb6f529c6b33ddd93c04ead6c,-142.72542049748878,True,0.07757188974981094,232.0,100.0,0.08,converged,,bfgs_after_fire,"[{""ase_converged"": false, ""converged"": false, ""end_geometry_sha256"": ""177135175e60060e0e123637106dca2a6fbf4e4047c3bbaf6f6e1bad34c8d5fe"", ""failure_class"": ""force_threshold"", ""max_force_eV_A"": 0.6007224491022781, ""name"": ""bfgs_standard"", ""start_geometry_sha256"": ""961381d30c66173144635a021f9b560bb3c0d93f3c036072aad39fa2bd911d1b"", ""steps"": 100}, {""ase_converged"": true, ""converged"": true, ""end_geometry_sha256"": ""38f6a56e283dd73b45acbed53a6a471778a9021715323ab6582e5ad529ba56b7"", ""failure_class"": null, ""max_force_eV_A"": 0.19041677611637203, ""name"": ""fire_precondition"", ""qualifying"": false, ""start_geometry_sha256"": ""961381d30c66173144635a021f9b560bb3c0d93f3c036072aad39fa2bd911d1b"", ""steps"": 39}, {""ase_converged"": true, ""converged"": true, ""end_geometry_sha256"": ""7967ed19061ff8768beddcb7bbe7ff3aa7a7846f526f50fd6d5ccdebf38550e7"", ""failure_class"": null, ""max_force_eV_A"": 0.07757188974981094, ""name"": ""bfgs_after_fire"", ""start_geometry_sha256"": ""38f6a56e283dd73b45acbed53a6a471778a9021715323ab6582e5ad529ba56b7"", ""steps"": 93}]",7967ed19061ff8768beddcb7bbe7ff3aa7a7846f526f50fd6d5ccdebf38550e7,0.30965930476784703,True,0.05968530445438082,90.0,100.0,0.08,converged,,bfgs_standard,"[{""ase_converged"": true, ""converged"": true, ""end_geometry_sha256"": ""1759151a7d622c1e09451a84948923d703c534f06adfd8c14107fa1e3670c3e4"", ""failure_class"": null, ""max_force_eV_A"": 0.05968530445438082, ""name"": ""bfgs_standard"", ""start_geometry_sha256"": ""8579f9795f5cc53f7e223f56e7c7e6e58e304ab08818a55976d0759b1063dd63"", ""steps"": 90}]",1759151a7d622c1e09451a84948923d703c534f06adfd8c14107fa1e3670c3e4,1.5869406826794183,True,0.06757427937085,34.0,100.0,0.08,converged,,bfgs_standard,"[{""ase_converged"": true, ""converged"": true, ""end_geometry_sha256"": ""e03ac7a706600da4deefcdcb121e438934a16b0d9dd9e0734609a1a5d00b3590"", ""failure_class"": null, ""max_force_eV_A"": 0.06757427937085, ""name"": ""bfgs_standard"", ""start_geometry_sha256"": ""a750da23b54dc2d45ac4331bfc3a14ed06126fe0b2f4e2b2ec759ec6708d8d63"", ""steps"": 34}]",e03ac7a706600da4deefcdcb121e438934a16b0d9dd9e0734609a1a5d00b3590,4.977701137959961,1.2867011379599615,step_1_OOH,10.0,0.0,True,1.8965999874472654,0.610000000035,False,quantitative_screening,2,2,da62c5d92306456728bb,False,
"('SAC', 'Ti', 'N2Se2', 'BN_sheet', 'NH3')",SAC,True,esen-sm-conserving-all-oc25:relax-v4:orr-che-v3,True,0.07697441234118742,51,150,0.08,converged,,bfgs_standard,"[{""ase_converged"": true, ""converged"": true, ""end_geometry_sha256"": ""b6dc1617ca2b5ab0fdbb9210b79761708291b6d3485c6b27421ab1f8794b23cd"", ""failure_class"": null, ""max_force_eV_A"": 0.07697441234118742, ""name"": ""bfgs_standard"", ""start_geometry_sha256"": ""53b64d6e007ba02715f455bb877215f38b410cc362d4b07f17c1d32291d92946"", ""steps"": 51}]",b6dc1617ca2b5ab0fdbb9210b79761708291b6d3485c6b27421ab1f8794b23cd,-142.55060026540988,True,0.0766058994047591,228.0,100.0,0.08,converged,,bfgs_after_fire,"[{""ase_converged"": false, ""converged"": false, ""end_geometry_sha256"": ""6c21047236f1ed4e4420f600d809ca43dfaba3c9ffdc97772eeeed42b3ccb1ab"", ""failure_class"": ""force_threshold"", ""max_force_eV_A"": 0.11512115443737231, ""name"": ""bfgs_standard"", ""start_geometry_sha256"": ""7a68a1eeba7635c319dbc5d9cf7acbd4aa877e786053ac477c968259d4a4291d"", ""steps"": 100}, {""ase_converged"": true, ""converged"": true, ""end_geometry_sha256"": ""f4a0763c3f96a8022d69bc68ee800b0b49914b61807cdf239a22b1caba5ac059"", ""failure_class"": null, ""max_force_eV_A"": 0.22726522049932396, ""name"": ""fire_precondition"", ""qualifying"": false, ""start_geometry_sha256"": ""7a68a1eeba7635c319dbc5d9cf7acbd4aa877e786053ac477c968259d4a4291d"", ""steps"": 38}, {""ase_converged"": true, ""converged"": true, ""end_geometry_sha256"": ""bbc0837307451c339321a01c75b5a422b9b7333027713c5184dd23d7311fdc41"", ""failure_class"": null, ""max_force_eV_A"": 0.0766058994047591, ""name"": ""bfgs_after_fire"", ""start_geometry_sha256"": ""f4a0763c3f96a8022d69bc68ee800b0b49914b61807cdf239a22b1caba5ac059"", ""steps"": 90}]",bbc0837307451c339321a01c75b5a422b9b7333027713c5184dd23d7311fdc41,0.15153533473610875,True,0.059250570849404306,254.0,100.0,0.08,converged,,bfgs_after_fire,"[{""ase_converged"": false, ""converged"": false, ""end_geometry_sha256"": ""bd0136f5baac024dedef4a42f5d4f46764dc4b2c49de145b02f16a2a782544e2"", ""failure_class"": ""force_threshold"", ""max_force_eV_A"": 0.09527191880648575, ""name"": ""bfgs_standard"", ""start_geometry_sha256"": ""8c0f331cb8d5a46031be6bc63000d01df6a0c1e78daf11eff0a02d9df4b74262"", ""steps"": 100}, {""ase_converged"": false, ""converged"": false, ""end_geometry_sha256"": ""0ba85286bee3e3a107c6ee07bdf208cb0a93a529cf436155609b8ee180d09cc1"", ""failure_class"": ""force_threshold"", ""max_force_eV_A"": 2.6100651422664902, ""name"": ""fire_precondition"", ""qualifying"": false, ""start_geometry_sha256"": ""8c0f331cb8d5a46031be6bc63000d01df6a0c1e78daf11eff0a02d9df4b74262"", ""steps"": 50}, {""ase_converged"": true, ""converged"": true, ""end_geometry_sha256"": ""8ff5c3b73520f066df35e4525a8a0d60834c24c37370b09ee8baa6e19dc84339"", ""failure_class"": null, ""max_force_eV_A"": 0.059250570849404306, ""name"": ""bfgs_after_fire"", ""start_geometry_sha256"": ""0ba85286bee3e3a107c6ee07bdf208cb0a93a529cf436155609b8ee180d09cc1"", ""steps"": 104}]",8ff5c3b73520f066df35e4525a8a0d60834c24c37370b09ee8baa6e19dc84339,-0.8337717883288824,True,0.06618347286690932,29.0,100.0,0.08,converged,,bfgs_standard,"[{""ase_converged"": true, ""converged"": true, ""end_geometry_sha256"": ""94554bf3dbbcaf83b81855a20b1c722ca98615ccf27c6202a8c423f750822e46"", ""failure_class"": null, ""max_force_eV_A"": 0.06618347286690932, ""name"": ""bfgs_standard"", ""start_geometry_sha256"": ""a7e49e9069c276d5247495df76ae0409469f2a5e4508a1cb61845b4c583754e1"", ""steps"": 29}]",94554bf3dbbcaf83b81855a20b1c722ca98615ccf27c6202a8c423f750822e46,5.118331383168702,2.2143071230649913,step_3_OH,10.0,0.0,True,0.9853071230649912,0.610000000035,False,quantitative_screening,0,0,d8213cf726927c6310a6,False,
"('SAC', 'Ti', 'S4', 'BN_sheet', 'CO')",SAC,True,esen-sm-conserving-all-oc25:relax-v4:orr-che-v3,True,0.07956778827898071,40,150,0.08,converged,,bfgs_standard,"[{""ase_converged"": true, ""converged"": true, ""end_geometry_sha256"": ""68dac5a032d2e85a3dea92fb6a93640fd02562fe91d1726970388fc47e7015a2"", ""failure_class"": null, ""max_force_eV_A"": 0.07956778827898071, ""name"": ""bfgs_standard"", ""start_geometry_sha256"": ""342dc08a017dcfa6e02deb0c397fdef67197e5fedc72ca1da06b96af57f61509"", ""steps"": 40}]",68dac5a032d2e85a3dea92fb6a93640fd02562fe91d1726970388fc47e7015a2,-144.4794541061684,True,0.07524273177592025,37.0,100.0,0.08,converged,,bfgs_standard,"[{""ase_converged"": true, ""converged"": true, ""end_geometry_sha256"": ""df200b6c46d4e6024b39c2d66d406a1f64397e5fae072d015266263127de51bb"", ""failure_class"": null, ""max_force_eV_A"": 0.07524273177592025, ""name"": ""bfgs_standard"", ""start_geometry_sha256"": ""9936dddc902b2914d3973417c6ff4e0c526e75732aa71285b8af356dff6616a5"", ""steps"": 37}]",df200b6c46d4e6024b39c2d66d406a1f64397e5fae072d015266263127de51bb,2.4065027262270453,True,0.07360627459680943,55.0,100.0,0.08,converged,,bfgs_standard,"[{""ase_converged"": true, ""converged"": true, ""end_geometry_sha256"": ""f7dc1353ef23705466261f90002b7dd9d052f886cbf58617eda2efc500b0d8d6"", ""failure_class"": null, ""max_force_eV_A"": 0.07360627459680943, ""name"": ""bfgs_standard"", ""start_geometry_sha256"": ""a67e164a3bfb6f4b00aae8db671b993629d914774b9840809047cff9ba0475d1"", ""steps"": 55}]",f7dc1353ef23705466261f90002b7dd9d052f886cbf58617eda2efc500b0d8d6,3.173689699918035,True,0.0678353015734881,30.0,100.0,0.08,converged,,bfgs_standard,"[{""ase_converged"": true, ""converged"": true, ""end_geometry_sha256"": ""8aa3d51cb1b673c314ad6813efb22d2a04d485ae67aa02ed197b48b457dc82c9"", ""failure_class"": null, ""max_force_eV_A"": 0.0678353015734881, ""name"": ""bfgs_standard"", ""start_geometry_sha256"": ""7ab1cc78465630df3ac82fc374b5200cefe37c4f83ddbab8c01bf65280aa34a0"", ""steps"": 30}]",8aa3d51cb1b673c314ad6813efb22d2a04d485ae67aa02ed197b48b457dc82c9,5.0540160045027775,1.3630160045027777,step_1_OOH,10.0,0.0,True,5.58019242614508,0.610000000035,False,quantitative_screening,1,1,cb162aa0896235c6750f,False,
"('SAC', 'V', 'N4', 'N-graphene', 'CO')",SAC,True,esen-sm-conserving-all-oc25:relax-v4:orr-che-v3,True,0.07515247367795445,49,150,0.08,converged,,bfgs_standard,"[{""ase_converged"": true, ""converged"": true, ""end_geometry_sha256"": ""93536af466b3598c110f21ec3e34190f2f7d9cc29e6441e3ea6772ee1a909c32"", ""failure_class"": null, ""max_force_eV_A"": 0.07515247367795445, ""name"": ""bfgs_standard"", ""start_geometry_sha256"": ""9b3651294dd72a0efb3c18f9ac5c7316e01d847ca8e8a16cc09046aead096408"", ""steps"": 49}]",93536af466b3598c110f21ec3e34190f2f7d9cc29e6441e3ea6772ee1a909c32,-144.75410058192807,True,0.06519962621237894,25.0,100.0,0.08,converged,,bfgs_standard,"[{""ase_converged"": true, ""converged"": true, ""end_geometry_sha256"": ""ec1fcc64a19afa86c5a2e0e12fe335e4ac59be509c3aa91f48a842ed99016ddb"", ""failure_class"": null, ""max_force_eV_A"": 0.06519962621237894, ""name"": ""bfgs_standard"", ""start_geometry_sha256"": ""3079a5c491febe01bc86a3e9179708564c8f8ce4fe6ca8cd70480e8126d67529"", ""steps"": 25}]",ec1fcc64a19afa86c5a2e0e12fe335e4ac59be509c3aa91f48a842ed99016ddb,2.411122384220362,True,0.0729338108682305,40.0,100.0,0.08,converged,,bfgs_standard,"[{""ase_converged"": true, ""converged"": true, ""end_geometry_sha256"": ""22eebbc50f3dc8c40408d6748c3b6d61a7953cc6597008fd3f2d3f315f6f4e3c"", ""failure_class"": null, ""max_force_eV_A"": 0.0729338108682305, ""name"": ""bfgs_standard"", ""start_geometry_sha256"": ""f6a170b38ac1fc5415c153ad002b2f09836e406be0c8a8dd81878e10f10e8c85"", ""steps"": 40}]",22eebbc50f3dc8c40408d6748c3b6d61a7953cc6597008fd3f2d3f315f6f4e3c,3.7694369919598136,True,0.07007936706939064,62.0,100.0,0.08,converged,,bfgs_standard,"[{""ase_converged"": true, ""converged"": true, ""end_geometry_sha256"": ""ca6adf477af023119dd0c06d1b4fa51f583b2e225ccb068557830a280d603186"", ""failure_class"": null, ""max_force_eV_A"": 0.07007936706939064, ""name"": ""bfgs_standard"", ""start_geometry_sha256"": ""f15d13d0b2d3be3999e0efc568cb17d264bb652a7ff0bdc3eb10aac80551a6ff"", ""steps"": 62}]",ca6adf477af023119dd0c06d1b4fa51f583b2e225ccb068557830a280d603186,4.941488932073121,1.2504889320731207,step_1_OOH,9.0,0.0,True,6.180559376180176,0.610000000035,False,quantitative_screening,1,1,9c4df36136a354e07cbf,False,
"('SAC', 'V', 'N2C2', 'N-graphene', 'H2O')",SAC,True,esen-sm-conserving-all-oc25:relax-v4:orr-che-v3,True,0.07873724268410386,52,150,0.08,converged,,bfgs_standard,"[{""ase_converged"": true, ""converged"": true, ""end_geometry_sha256"": ""0928316a3a5a0474f858d8d5d7c03b85c4f0f07b4c01c4535f7ebd723acf8aef"", ""failure_class"": null, ""max_force_eV_A"": 0.07873724268410386, ""name"": ""bfgs_standard"", ""start_geometry_sha256"": ""5b69379c5c32cc13ba64086dbf8af8c33f27c722634cb410cfee28baee6d151a"", ""steps"": 52}]",0928316a3a5a0474f858d8d5d7c03b85c4f0f07b4c01c4535f7ebd723acf8aef,-144.18376814830958,True,0.07343595688664505,31.0,100.0,0.08,converged,,bfgs_standard,"[{""ase_converged"": true, ""converged"": true, ""end_geometry_sha256"": ""0803a769520906cb7b5b570ac13c57263ddd25f744e28546c8a1804e860e3656"", ""failure_class"": null, ""max_force_eV_A"": 0.07343595688664505, ""name"": ""bfgs_standard"", ""start_geometry_sha256"": ""b75b4b562baa185f11c0b926ca342a22fb0148eb42ec2bf3e05bff6c100d2272"", ""steps"": 31}]",0803a769520906cb7b5b570ac13c57263ddd25f744e28546c8a1804e860e3656,2.0817196990549567,True,0.07052612894169621,55.0,100.0,0.08,converged,,bfgs_standard,"[{""ase_converged"": true, ""converged"": true, ""end_geometry_sha256"": ""abf9fea91601c466c636d6fed7bb946687410a742f6de96569bf00501b06c085"", ""failure_class"": null, ""max_force_eV_A"": 0.07052612894169621, ""name"": ""bfgs_standard"", ""start_geometry_sha256"": ""655d34300f517f0195891040eab25a75541707749a3216500794c84e7dc76645"", ""steps"": 55}]",abf9fea91601c466c636d6fed7bb946687410a742f6de96569bf00501b06c085,0.4586171276867425,True,0.051980493066299996,59.0,100.0,0.08,converged,,bfgs_standard,"[{""ase_converged"": true, ""converged"": true, ""end_geometry_sha256"": ""7925736a96038fd08b533e2d75c756c34ecc212eecbb4b4eb56a31aa5d34da6a"", ""failure_class"": null, ""max_force_eV_A"": 0.051980493066299996, ""name"": ""bfgs_standard"", ""start_geometry_sha256"": ""5bae8f8d03e85deb80b8a9dad3754ee85fd8cbc78fa81534c12f40d73e8af397"", ""steps"": 59}]",7925736a96038fd08b533e2d75c756c34ecc212eecbb4b4eb56a31aa5d34da6a,4.787291000783448,2.8521025713682144,step_3_OH,9.0,0.0,True,2.540336826741699,0.610000000035,False,quantitative_screening,2,2,aa8df766d810373595a4,False,
"('SAC', 'V', 'N2C2', 'BN_sheet', 'H2O')",SAC,True,esen-sm-conserving-all-oc25:relax-v4:orr-che-v3,True,0.06803354043600816,41,150,0.08,converged,,bfgs_standard,"[{""ase_converged"": true, ""converged"": true, ""end_geometry_sha256"": ""1cf70894f02c59694074a435baf4e2dffe6c731c32131c58be527e964524c818"", ""failure_class"": null, ""max_force_eV_A"": 0.06803354043600816, ""name"": ""bfgs_standard"", ""start_geometry_sha256"": ""8f0951af34599f67609869dc3705c93c11f733a9a8bc3fef117cbdb0e4e39298"", ""steps"": 41}]",1cf70894f02c59694074a435baf4e2dffe6c731c32131c58be527e964524c818,-144.4158948137374,True,0.07869104289356549,60.0,100.0,0.08,converged,,bfgs_standard,"[{""ase_converged"": true, ""converged"": true, ""end_geometry_sha256"": ""a21320b33e31604fb9ccd2be63bab109e2dfd59edee431c32ab4c0f6257b4b4a"", ""failure_class"": null, ""max_force_eV_A"": 0.07869104289356549, ""name"": ""bfgs_standard"", ""start_geometry_sha256"": ""34c2be7a8847039c519dc0063e11cbb3144a0651615b7f0fb45bc0ea8a96b97a"", ""steps"": 60}]",a21320b33e31604fb9ccd2be63bab109e2dfd59edee431c32ab4c0f6257b4b4a,0.5435681964457035,True,0.0608549334220454,61.0,100.0,0.08,converged,,bfgs_standard,"[{""ase_converged"": true, ""converged"": true, ""end_geometry_sha256"": ""739d0de3c1d8ccde8a9e6d0e92e6abc471a34d2e51625d7d51fda87c2526eefa"", ""failure_class"": null, ""max_force_eV_A"": 0.0608549334220454, ""name"": ""bfgs_standard"", ""start_geometry_sha256"": ""e7b2f5d84f1567efe85a6d3a12f032d476aa0bae5eb0585a2dacb9e12b76c7e8"", ""steps"": 61}]",739d0de3c1d8ccde8a9e6d0e92e6abc471a34d2e51625d7d51fda87c2526eefa,0.5169035561382807,True,0.06698688135462415,31.0,100.0,0.08,converged,,bfgs_standard,"[{""ase_converged"": true, ""converged"": true, ""end_geometry_sha256"": ""d645513df90f2c877a819777954289c83bf9b6c16ff4ba6f7ddf23ee1620b2f4"", ""failure_class"": null, ""max_force_eV_A"": 0.06698688135462415, ""name"": ""bfgs_standard"", ""start_geometry_sha256"": ""cd5f02c881e26e64249c28faa77ca36e7d8e40a7031b4e024e7a4e474317a939"", ""steps"": 31}]",d645513df90f2c877a819777954289c83bf9b6c16ff4ba6f7ddf23ee1620b2f4,4.859414289891724,1.255664640307423,step_3_OH,9.0,0.0,True,1.0604717525839842,0.610000000035,False,quantitative_screening,1,1,64117af976ff7be26495,False,
"('SAC', 'V', 'N3P', 'N-graphdiyne', 'H2O')",SAC,True,esen-sm-conserving-all-oc25:relax-v4:orr-che-v3,True,0.06794437233749111,71,150,0.08,converged,,bfgs_standard,"[{""ase_converged"": true, ""converged"": true, ""end_geometry_sha256"": ""3a20ad203fd97fdd1867ffc107278156ccc69e1b7670d88043a760b8aaeb9d91"", ""failure_class"": null, ""max_force_eV_A"": 0.06794437233749111, ""name"": ""bfgs_standard"", ""start_geometry_sha256"": ""bc8730fc2b5f0bb6c3737d4f070a5c79a5f609d1dad2d2ed60205201e405a24e"", ""steps"": 71}]",3a20ad203fd97fdd1867ffc107278156ccc69e1b7670d88043a760b8aaeb9d91,-140.70778648369406,True,0.07806880265053971,42.0,100.0,0.08,converged,,bfgs_standard,"[{""ase_converged"": true, ""converged"": true, ""end_geometry_sha256"": ""b54ff27a6fe5fbf4a63f4ec4ee084a242f35efa3f329cdea7757f3e73043b736"", ""failure_class"": null, ""max_force_eV_A"": 0.07806880265053971, ""name"": ""bfgs_standard"", ""start_geometry_sha256"": ""ca2590c573ff141a7f8bed0154bd915856cb86218b3eb06905515e8165dc06fd"", ""steps"": 42}]",b54ff27a6fe5fbf4a63f4ec4ee084a242f35efa3f329cdea7757f3e73043b736,0.44845587268471715,True,0.05725450050931159,23.0,100.0,0.08,converged,,bfgs_standard,"[{""ase_converged"": true, ""converged"": true, ""end_geometry_sha256"": ""9382b3f59f3eb1f0027721f34620bc9ea5ee9b65bd7f7703196b59c2f1b97246"", ""failure_class"": null, ""max_force_eV_A"": 0.05725450050931159, ""name"": ""bfgs_standard"", ""start_geometry_sha256"": ""159abdb1c97f1fc4989f2385a0300705827a707dd7bba2a28e035cb3a05afbb7"", ""steps"": 23}]",9382b3f59f3eb1f0027721f34620bc9ea5ee9b65bd7f7703196b59c2f1b97246,0.15969268158078548,True,0.06693551402621994,70.0,100.0,0.08,converged,,bfgs_standard,"[{""ase_converged"": true, ""converged"": true, ""end_geometry_sha256"": ""d3916377cb9b9045d321be6d9a8bae8a23830665b8dc3c5c96c4c5015d57a3c0"", ""failure_class"": null, ""max_force_eV_A"": 0.06693551402621994, ""name"": ""bfgs_standard"", ""start_geometry_sha256"": ""ab110df0d015684b585562e7e7fc5dbc565d0d0105f988858c198fece7a14037"", ""steps"": 70}]",d3916377cb9b9045d321be6d9a8bae8a23830665b8dc3c5c96c4c5015d57a3c0,0.03281993716955542,1.5177631911039318,step_3_OH,9.0,0.0,True,0.6081485542655026,0.610000000035,False,quantitative_screening,2,2,44e19fdfbf4b0f58c334,False,
"('DAC', 'Ti', 'Cu', 'N4S2', 'N-graphdiyne')",DAC,True,esen-sm-conserving-all-oc25:relax-v4:orr-che-v3,True,0.07546144942831161,112,150,0.08,converged,,bfgs_standard,"[{""ase_converged"": true, ""converged"": true, ""end_geometry_sha256"": ""741afa36c9357ff1ee2605e99646cddb00f627848d5766bc87334008bf595b74"", ""failure_class"": null, ""max_force_eV_A"": 0.07546144942831161, ""name"": ""bfgs_standard"", ""start_geometry_sha256"": ""c2cba50097297e94b3267eb589166f6792d0b2d0ae3ed2af5f1c250516b00eb8"", ""steps"": 112}]",741afa36c9357ff1ee2605e99646cddb00f627848d5766bc87334008bf595b74,-134.05998751249612,True,0.06905088275879563,87.0,100.0,0.08,converged,,bfgs_standard,"[{""ase_converged"": true, ""converged"": true, ""end_geometry_sha256"": ""0eb50982674e06ff7808057b8f20b7aafb526b33ec8c7391b673308700a1a54b"", ""failure_class"": null, ""max_force_eV_A"": 0.06905088275879563, ""name"": ""bfgs_standard"", ""start_geometry_sha256"": ""e95d934d97271a9c0fe27e3150d4c6b6586993efcaa7444d2c36c34dbd28891b"", ""steps"": 87}]",0eb50982674e06ff7808057b8f20b7aafb526b33ec8c7391b673308700a1a54b,-0.6324216698110103,True,0.07971033664167548,219.0,100.0,0.08,converged,,bfgs_after_fire,"[{""ase_converged"": false, ""converged"": false, ""end_geometry_sha256"": ""782f3df311e8c6e84f361d7c56728d19aca1f3bcaeeeeb982c5a7c7476147b51"", ""failure_class"": ""force_threshold"", ""max_force_eV_A"": 0.29487204516066395, ""name"": ""bfgs_standard"", ""start_geometry_sha256"": ""290e55ebd5bb29c4ab73d91679f37913c052b7a648c076c07d69d3c193eb7774"", ""steps"": 100}, {""ase_converged"": true, ""converged"": true, ""end_geometry_sha256"": ""75c6af5b67b3e0b0db162b9bdce1b16539712b531284b0537d164b40a128ac4d"", ""failure_class"": null, ""max_force_eV_A"": 0.2279996848222388, ""name"": ""fire_precondition"", ""qualifying"": false, ""start_geometry_sha256"": ""290e55ebd5bb29c4ab73d91679f37913c052b7a648c076c07d69d3c193eb7774"", ""steps"": 42}, {""ase_converged"": true, ""converged"": true, ""end_geometry_sha256"": ""3e602b1db8759e6ffbd0ba585aadb41f9101121ae1a1ba2b5ab8296ab36876b4"", ""failure_class"": null, ""max_force_eV_A"": 0.07971033664167548, ""name"": ""bfgs_after_fire"", ""start_geometry_sha256"": ""75c6af5b67b3e0b0db162b9bdce1b16539712b531284b0537d164b40a128ac4d"", ""steps"": 77}]",3e602b1db8759e6ffbd0ba585aadb41f9101121ae1a1ba2b5ab8296ab36876b4,-0.08682354614138248,True,0.07081451290119459,85.0,100.0,0.08,converged,,bfgs_standard,"[{""ase_converged"": true, ""converged"": true, ""end_geometry_sha256"": ""4cc025a033f0f1568274aedb5e97cace56ed5938dd11bc4f1a5610f406b912dc"", ""failure_class"": null, ""max_force_eV_A"": 0.07081451290119459, ""name"": ""bfgs_standard"", ""start_geometry_sha256"": ""c8114fefb0c6d1e83a81bd217c5c09780d3b50dc0ee58979601435358b171a4c"", ""steps"": 85}]",4cc025a033f0f1568274aedb5e97cace56ed5938dd11bc4f1a5610f406b912dc,2.6646141514182125,1.8614216698110104,step_4_H2O,8.0,0.0,True,0.7192452159523928,0.5775000000349999,False,quantitative_screening,0,0,26e53cb57fad153121f0,False,
"('DAC', 'Ti', 'Rh', 'N4O2', 'N-graphene')",DAC,True,esen-sm-conserving-all-oc25:relax-v4:orr-che-v3,True,0.07444320477568926,119,150,0.08,converged,,bfgs_standard,"[{""ase_converged"": true, ""converged"": true, ""end_geometry_sha256"": ""0b499bfd7a47822caa15cd8cd2565b90844ce4a439ec3a63d26c631db0a5eb7c"", ""failure_class"": null, ""max_force_eV_A"": 0.07444320477568926, ""name"": ""bfgs_standard"", ""start_geometry_sha256"": ""c30c5a4842adaad28370b2e9b505081b88fa6762a2009f6370b8db3599620dbf"", ""steps"": 119}]",0b499bfd7a47822caa15cd8cd2565b90844ce4a439ec3a63d26c631db0a5eb7c,-135.2810087328195,True,0.07527022315773427,57.0,100.0,0.08,converged,,bfgs_standard,"[{""ase_converged"": true, ""converged"": true, ""end_geometry_sha256"": ""a2c7cc00737cceb914a234c5db77eadf743bfe0e2828407aa16b9fd410b2e772"", ""failure_class"": null, ""max_force_eV_A"": 0.07527022315773427, ""name"": ""bfgs_standard"", ""start_geometry_sha256"": ""f5fc114e3a6c3affe768e244015913e3035359b3d6638959538927c77c8f31f8"", ""steps"": 57}]",a2c7cc00737cceb914a234c5db77eadf743bfe0e2828407aa16b9fd410b2e772,-0.16984861835837367,True,0.06480785905474068,64.0,100.0,0.08,converged,,bfgs_standard,"[{""ase_converged"": true, ""converged"": true, ""end_geometry_sha256"": ""60f093928af56f9efd0f48e0ac413fb10853e6fecd65e4d90fd8d11d6da8b807"", ""failure_class"": null, ""max_force_eV_A"": 0.06480785905474068, ""name"": ""bfgs_standard"", ""start_geometry_sha256"": ""336bd697b28842af2c7ce3927f2fce555c2183dfa71685487f9d10d22dc9f78d"", ""steps"": 64}]",60f093928af56f9efd0f48e0ac413fb10853e6fecd65e4d90fd8d11d6da8b807,1.5298585064709223,True,0.05077994854966615,92.0,100.0,0.08,converged,,bfgs_standard,"[{""ase_converged"": true, ""converged"": true, ""end_geometry_sha256"": ""e9c4311892ab087d25a92662b9d19367c71e2bf673c1c8edf4b208ceacf6f27a"", ""failure_class"": null, ""max_force_eV_A"": 0.05077994854966615, ""name"": ""bfgs_standard"", ""start_geometry_sha256"": ""2275830a6afccfb0620070f220fbc418e993c8341d0f1749910039b86a0cb776"", ""steps"": 92}]",e9c4311892ab087d25a92662b9d19367c71e2bf673c1c8edf4b208ceacf6f27a,3.0545343860983882,1.3988486183583737,step_4_H2O,10.0,-1.247951552180561,True,1.6997071248292959,0.5775000000349999,False,quantitative_screening,1,1,8f2886cdd7a25604aeff,False,
"('DAC', 'Ti', 'Ta', 'N2S2N2', 'MoS2_sheet')",DAC,True,esen-sm-conserving-all-oc25:relax-v4:orr-che-v3,True,0.07293574126860332,592,150,0.08,converged,,fire_small_step,"[{""ase_converged"": false, ""converged"": false, ""end_geometry_sha256"": ""08da7c82ff62fc97b25ddc89be425a99ceb207f841495a3c933bc780f9fca972"", ""failure_class"": ""force_threshold"", ""max_force_eV_A"": 0.7981099078147783, ""name"": ""bfgs_standard"", ""start_geometry_sha256"": ""63d1fae3e4e23ed8acd0fceadb0301f271a0b1c121b1d934313e218272c9637a"", ""steps"": 150}, {""ase_converged"": false, ""converged"": false, ""end_geometry_sha256"": ""59e35366689cebfb3b6be2b9cfcd9c3d23dc0cea7021aa386432a3723bc7604e"", ""failure_class"": ""force_threshold"", ""max_force_eV_A"": 1.0219504113972746, ""name"": ""fire_precondition"", ""qualifying"": false, ""start_geometry_sha256"": ""63d1fae3e4e23ed8acd0fceadb0301f271a0b1c121b1d934313e218272c9637a"", ""steps"": 75}, {""ase_converged"": false, ""converged"": false, ""end_geometry_sha256"": ""b6693deb2aa866c2a07f6a1d36608d43e46554636e4da0436b1343ee669cf3d6"", ""failure_class"": ""force_threshold"", ""max_force_eV_A"": 0.5813633180336034, ""name"": ""bfgs_after_fire"", ""start_geometry_sha256"": ""59e35366689cebfb3b6be2b9cfcd9c3d23dc0cea7021aa386432a3723bc7604e"", ""steps"": 300}, {""ase_converged"": true, ""converged"": true, ""end_geometry_sha256"": ""0e57132bdc30071011b6d1832bc41aa41f47ce55091462dff1650bb3ee800d50"", ""failure_class"": null, ""max_force_eV_A"": 0.07293574126860332, ""name"": ""fire_small_step"", ""start_geometry_sha256"": ""b6693deb2aa866c2a07f6a1d36608d43e46554636e4da0436b1343ee669cf3d6"", ""steps"": 67}]",0e57132bdc30071011b6d1832bc41aa41f47ce55091462dff1650bb3ee800d50,-176.19095999386133,True,0.07661977456806242,239.0,100.0,0.08,converged,,bfgs_after_fire,"[{""ase_converged"": false, ""converged"": false, ""end_geometry_sha256"": ""c2e936145453172ea5926e3af9b5bfe2fc69f3401c803032c71daf06c519347f"", ""failure_class"": ""force_threshold"", ""max_force_eV_A"": 0.2670470095395268, ""name"": ""bfgs_standard"", ""start_geometry_sha256"": ""2e8e94ba9127ea82b891d40b70ffb65bb9cbac36ba96f333650c572c11d94d7c"", ""steps"": 100}, {""ase_converged"": true, ""converged"": true, ""end_geometry_sha256"": ""e50eb09f4e3fce9fc18addfeb20b6dc9fa4d4a910187b7e53f87028f6ca32f88"", ""failure_class"": null, ""max_force_eV_A"": 0.24759200524793845, ""name"": ""fire_precondition"", ""qualifying"": false, ""start_geometry_sha256"": ""2e8e94ba9127ea82b891d40b70ffb65bb9cbac36ba96f333650c572c11d94d7c"", ""steps"": 46}, {""ase_converged"": true, ""converged"": true, ""end_geometry_sha256"": ""b1b3cacbac3e9af75073dc3faa5b5d5963e2899336db04c821efe80116c16805"", ""failure_class"": null, ""max_force_eV_A"": 0.07661977456806242, ""name"": ""bfgs_after_fire"", ""start_geometry_sha256"": ""e50eb09f4e3fce9fc18addfeb20b6dc9fa4d4a910187b7e53f87028f6ca32f88"", ""steps"": 93}]",b1b3cacbac3e9af75073dc3faa5b5d5963e2899336db04c821efe80116c16805,-1.9210054253041744,True,0.07618293170108997,66.0,100.0,0.08,converged,,bfgs_standard,"[{""ase_converged"": true, ""converged"": true, ""end_geometry_sha256"": ""338a0547c22bafb7d59bcf99e6f491652d1372cf799f88900bdc16a82fb9c545"", ""failure_class"": null, ""max_force_eV_A"": 0.07618293170108997, ""name"": ""bfgs_standard"", ""start_geometry_sha256"": ""97ef3261f004a578477699c332f25c1bc4c2e6301baea375fc0123836f94dd15"", ""steps"": 66}]",338a0547c22bafb7d59bcf99e6f491652d1372cf799f88900bdc16a82fb9c545,-4.60151776000857,True,0.06676477078089843,259.0,100.0,0.08,converged,,bfgs_after_fire,"[{""ase_converged"": false, ""converged"": false, ""end_geometry_sha256"": ""d74f07f3bb5634711c6a58e91c6f0531c671c64482a2ddd95474f05c9955a01e"", ""failure_class"": ""force_threshold"", ""max_force_eV_A"": 0.30637166134187227, ""name"": ""bfgs_standard"", ""start_geometry_sha256"": ""c9ff7f8bcc72101994b5e128978b443e9eb3f78423d2ada51310839beb5fc038"", ""steps"": 100}, {""ase_converged"": false, ""converged"": false, ""end_geometry_sha256"": ""698b7c744162ea1036ae102f72a5dc9925e0b244442fd07a8b8a1c95cfedcdad"", ""failure_class"": ""force_threshold"", ""max_force_eV_A"": 0.4480739331706006, ""name"": ""fire_precondition"", ""qualifying"": false, ""start_geometry_sha256"": ""c9ff7f8bcc72101994b5e128978b443e9eb3f78423d2ada51310839beb5fc038"", ""steps"": 50}, {""ase_converged"": true, ""converged"": true, ""end_geometry_sha256"": ""8547ec62bba3379845e31c622350d6805069aa4787d77f378f390ee9b0aef0fa"", ""failure_class"": null, ""max_force_eV_A"": 0.06676477078089843, ""name"": ""bfgs_after_fire"", ""start_geometry_sha256"": ""698b7c744162ea1036ae102f72a5dc9925e0b244442fd07a8b8a1c95cfedcdad"", ""steps"": 109}]",8547ec62bba3379845e31c622350d6805069aa4787d77f378f390ee9b0aef0fa,2.864901970326904,3.0,step_3_OH,10.0,0.0,True,6.522523185312744,0.5775000000349999,False,quantitative_screening,2,2,9a9c03be95908bda9d5d,False,
"('DAC', 'Ti', 'Re', 'N4C2', 'BN_sheet')",DAC,True,esen-sm-conserving-all-oc25:relax-v4:orr-che-v3,True,0.0791395002975215,143,150,0.08,converged,,bfgs_standard,"[{""ase_converged"": true, ""converged"": true, ""end_geometry_sha256"": ""484b180c525cd73811d27885f2f40351ba15cf0a0cfbd373d4db4b073f520e27"", ""failure_class"": null, ""max_force_eV_A"": 0.0791395002975215, ""name"": ""bfgs_standard"", ""start_geometry_sha256"": ""c72fc6442ba993d1320fa2bd35ac3e8fa5a283ea6006ae4fa94bc16ae6ea6728"", ""steps"": 143}]",484b180c525cd73811d27885f2f40351ba15cf0a0cfbd373d4db4b073f520e27,-158.34127872234723,True,0.07078193460656879,50.0,100.0,0.08,converged,,bfgs_standard,"[{""ase_converged"": true, ""converged"": true, ""end_geometry_sha256"": ""528e11046573ac74268de6a6f9fbed5c982714bf0192cd44705db0f9c7f235d7"", ""failure_class"": null, ""max_force_eV_A"": 0.07078193460656879, ""name"": ""bfgs_standard"", ""start_geometry_sha256"": ""0c19696240124dd1bbac936784aa998197381466c0db27236635811c5b34dd23"", ""steps"": 50}]",528e11046573ac74268de6a6f9fbed5c982714bf0192cd44705db0f9c7f235d7,-1.4864360664784908,True,0.07755603618146625,40.0,100.0,0.08,converged,,bfgs_standard,"[{""ase_converged"": true, ""converged"": true, ""end_geometry_sha256"": ""a63e7b6206d3cae453bad62e74165bcfaa8f3d0b4fb1efe46039eb6da012e350"", ""failure_class"": null, ""max_force_eV_A"": 0.07755603618146625, ""name"": ""bfgs_standard"", ""start_geometry_sha256"": ""f8b711c0e27f24ab69c5b04f5827f64291a433afbe6394e3db21e19b3ca6a0e6"", ""steps"": 40}]",a63e7b6206d3cae453bad62e74165bcfaa8f3d0b4fb1efe46039eb6da012e350,-1.2123709551989996,True,0.07049466769446776,96.0,100.0,0.08,converged,,bfgs_standard,"[{""ase_converged"": true, ""converged"": true, ""end_geometry_sha256"": ""6df50ff83196b9820f90453b0d7a39ae9a98e650c96fb55f9f414929cf02415b"", ""failure_class"": null, ""max_force_eV_A"": 0.07049466769446776, ""name"": ""bfgs_standard"", ""start_geometry_sha256"": ""05c4d22ae39babd5e620cccc50242daeef9598a5e5a01f250c832baba33189b1"", ""steps"": 96}]",6df50ff83196b9820f90453b0d7a39ae9a98e650c96fb55f9f414929cf02415b,-0.3378391757607424,2.7154360664784907,step_4_H2O,10.0,-1.4028535121663044,True,2.6988070216774904,0.5775000000349999,False,quantitative_screening,1,1,bd7835f5a8bfd6556d04,False,
"('DAC', 'Ti', 'Ce', 'N3BN3', 'N-graphdiyne')",DAC,True,esen-sm-conserving-all-oc25:relax-v4:orr-che-v3,True,0.0729527948748788,114,150,0.08,converged,,bfgs_standard,"[{""ase_converged"": true, ""converged"": true, ""end_geometry_sha256"": ""09018bc41348c478a2aa1ee8202ed207a3912f64c9d716bcd3671c661ef53c3a"", ""failure_class"": null, ""max_force_eV_A"": 0.0729527948748788, ""name"": ""bfgs_standard"", ""start_geometry_sha256"": ""e9d225ac28a7ab9ad1431ab7ab5ac94f1374bc6156d72dfa96932ca055071023"", ""steps"": 114}]",09018bc41348c478a2aa1ee8202ed207a3912f64c9d716bcd3671c661ef53c3a,-139.15611226685982,True,0.07419530466851867,65.0,100.0,0.08,converged,,bfgs_standard,"[{""ase_converged"": true, ""converged"": true, ""end_geometry_sha256"": ""9a25b20a31e962982c83a6f80cc3523b78b78d6d3e49478edbc7dcb29c47dbf7"", ""failure_class"": null, ""max_force_eV_A"": 0.07419530466851867, ""name"": ""bfgs_standard"", ""start_geometry_sha256"": ""26ef03c4f2efa2af59bf4c04bedaf72455eadcdaeccaf8f7157ae6c9a4874b2b"", ""steps"": 65}]",9a25b20a31e962982c83a6f80cc3523b78b78d6d3e49478edbc7dcb29c47dbf7,-1.7482978676259517,True,0.07967206737531757,71.0,100.0,0.08,converged,,bfgs_standard,"[{""ase_converged"": true, ""converged"": true, ""end_geometry_sha256"": ""e3e1f8e292ab09463243a6ea1c180a1a85d351f05918a1532fe84b826dddee71"", ""failure_class"": null, ""max_force_eV_A"": 0.07967206737531757, ""name"": ""bfgs_standard"", ""start_geometry_sha256"": ""47024cf997f30bde0dad8f22f76575d92881e7505d9d6f034893138b8efff82d"", ""steps"": 71}]",e3e1f8e292ab09463243a6ea1c180a1a85d351f05918a1532fe84b826dddee71,-1.4989615313708746,True,0.06383291892514807,64.0,100.0,0.08,converged,,bfgs_standard,"[{""ase_converged"": true, ""converged"": true, ""end_geometry_sha256"": ""0d976116974ce2de4ede991beeebe5f2dd81a72bdb3ca34a2a41c6a3be44e83d"", ""failure_class"": null, ""max_force_eV_A"": 0.06383291892514807, ""name"": ""bfgs_standard"", ""start_geometry_sha256"": ""6bfad056c084f55dca3b8a1a68ae09858260213e081236866cf736be85cd6702"", ""steps"": 64}]",0d976116974ce2de4ede991beeebe5f2dd81a72bdb3ca34a2a41c6a3be44e83d,1.6107763752341304,2.9772978676259516,step_4_H2O,10.0,0.0,True,3.2472593989968264,0.498608834270667,True,quantitative_screening,0,0,8cf1c300b23abaad3d38,False,
"('DAC', 'Ti', 'Al', 'N8', 'N-CNT')",DAC,True,esen-sm-conserving-all-oc25:relax-v4:orr-che-v3,True,0.07030079453084875,56,150,0.08,converged,,bfgs_standard,"[{""ase_converged"": true, ""converged"": true, ""end_geometry_sha256"": ""2ac8e3bc61755f0174e390d1e6a212817e52075c0d0674e8d67e2d61d6272613"", ""failure_class"": null, ""max_force_eV_A"": 0.07030079453084875, ""name"": ""bfgs_standard"", ""start_geometry_sha256"": ""d42724d790754db48fd66c6dcbcff0943182222dbf447e6a7f492aaa871ec7a7"", ""steps"": 56}]",2ac8e3bc61755f0174e390d1e6a212817e52075c0d0674e8d67e2d61d6272613,-170.5538421892221,True,0.07565448797803888,38.0,100.0,0.08,converged,,bfgs_standard,"[{""ase_converged"": true, ""converged"": true, ""end_geometry_sha256"": ""bca72117e599a8a53109a0935bc946977c3e3e7f4b28d4254a2cb976ace1f06b"", ""failure_class"": null, ""max_force_eV_A"": 0.07565448797803888, ""name"": ""bfgs_standard"", ""start_geometry_sha256"": ""2cf53dd685fab9405a3d16b52c0e2c4b1d0ad46d50f21230d09f71d1af51b654"", ""steps"": 38}]",bca72117e599a8a53109a0935bc946977c3e3e7f4b28d4254a2cb976ace1f06b,-1.9237591598927974,True,0.07864685454944921,30.0,100.0,0.08,converged,,bfgs_standard,"[{""ase_converged"": true, ""converged"": true, ""end_geometry_sha256"": ""3aa6388db91b7a8e2e3b9448762a3f13f729080fb6881c4f1b22132e6e76aaf3"", ""failure_class"": null, ""max_force_eV_A"": 0.07864685454944921, ""name"": ""bfgs_standard"", ""start_geometry_sha256"": ""b0cdcdaf1d42f5b3f9ab4e233784002ffa885a47621c8ece29cf21a2af0289cb"", ""steps"": 30}]",3aa6388db91b7a8e2e3b9448762a3f13f729080fb6881c4f1b22132e6e76aaf3,-2.1883393160998788,True,0.06985179919626468,43.0,100.0,0.08,converged,,bfgs_standard,"[{""ase_converged"": true, ""converged"": true, ""end_geometry_sha256"": ""823df7bd0ba5e5549517d8079ed3207f3a184942630d91ead23b266e0ecc503b"", ""failure_class"": null, ""max_force_eV_A"": 0.06985179919626468, ""name"": ""bfgs_standard"", ""start_geometry_sha256"": ""11db2faf23f89b44090a19d7e063a2cbce5d75904dda2aad98bd23d8f4002636"", ""steps"": 43}]",823df7bd0ba5e5549517d8079ed3207f3a184942630d91ead23b266e0ecc503b,1.4671711429953609,3.0,step_4_H2O,10.0,0.0,True,4.112098475992676,0.5775000000349999,False,quantitative_screening,1,1,809110d0c7b5ac72ec13,False,
"('DAC', 'V', 'Sc', 'N8', 'MoS2_sheet')",DAC,True,esen-sm-conserving-all-oc25:relax-v4:orr-che-v3,True,0.07906242712731248,56,150,0.08,converged,,bfgs_standard,"[{""ase_converged"": true, ""converged"": true, ""end_geometry_sha256"": ""9917c3e1dc7451494c30e194eb9d4b76616e4b286811fbae01cd9f43d07400ca"", ""failure_class"": null, ""max_force_eV_A"": 0.07906242712731248, ""name"": ""bfgs_standard"", ""start_geometry_sha256"": ""1a9caa6f5a9b9d89c7658dcbb259a71f650282252cc11bcc3c2d6d33e701b558"", ""steps"": 56}]",9917c3e1dc7451494c30e194eb9d4b76616e4b286811fbae01cd9f43d07400ca,-177.99570854658887,True,0.07610054762345628,97.0,100.0,0.08,converged,,bfgs_standard,"[{""ase_converged"": true, ""converged"": true, ""end_geometry_sha256"": ""3d4d70b3803c2098a26214675c54e71683efe08df26196e30e8b42a3a7f22699"", ""failure_class"": null, ""max_force_eV_A"": 0.07610054762345628, ""name"": ""bfgs_standard"", ""start_geometry_sha256"": ""b2a74c95e936cd52888502a72ffc0d8dd06398abfa3807b3b353cebece6e279a"", ""steps"": 97}]",3d4d70b3803c2098a26214675c54e71683efe08df26196e30e8b42a3a7f22699,-3.007379469722509,True,0.061516815646031245,203.0,100.0,0.08,converged,,bfgs_after_fire,"[{""ase_converged"": false, ""converged"": false, ""end_geometry_sha256"": ""2c7e5cf991a0a6ab3bfb58d0ebf29c74aed5f6b63d7b65618d3dd21398454385"", ""failure_class"": ""force_threshold"", ""max_force_eV_A"": 0.5033302605014429, ""name"": ""bfgs_standard"", ""start_geometry_sha256"": ""e628a542b73e27277ceb814662c67297d9f710298f64f3842de2d8eae34705fc"", ""steps"": 100}, {""ase_converged"": false, ""converged"": false, ""end_geometry_sha256"": ""8ff1fcbffd214baee982eafe50139d05fcee2f4e04c985467a469e6f6b502613"", ""failure_class"": ""force_threshold"", ""max_force_eV_A"": 0.37342222665613906, ""name"": ""fire_precondition"", ""qualifying"": false, ""start_geometry_sha256"": ""e628a542b73e27277ceb814662c67297d9f710298f64f3842de2d8eae34705fc"", ""steps"": 50}, {""ase_converged"": true, ""converged"": true, ""end_geometry_sha256"": ""c1fa1097a30635f61c89d9267452be57cec2e987a5d6937e1f0807e0d38d2d97"", ""failure_class"": null, ""max_force_eV_A"": 0.061516815646031245, ""name"": ""bfgs_after_fire"", ""start_geometry_sha256"": ""8ff1fcbffd214baee982eafe50139d05fcee2f4e04c985467a469e6f6b502613"", ""steps"": 53}]",c1fa1097a30635f61c89d9267452be57cec2e987a5d6937e1f0807e0d38d2d97,-4.56963219568133,True,0.07536559136911328,241.0,100.0,0.08,converged,,bfgs_after_fire,"[{""ase_converged"": false, ""converged"": false, ""end_geometry_sha256"": ""a5d67f8d9b5b546732d91e7bdde648b156dad3deff91dd79f35c542a7308bb5f"", ""failure_class"": ""force_threshold"", ""max_force_eV_A"": 0.08739092090955349, ""name"": ""bfgs_standard"", ""start_geometry_sha256"": ""bb594fd0138a7a0c9b4febfd0a40eb251875135dd3709d33a18e0b634b3de127"", ""steps"": 100}, {""ase_converged"": true, ""converged"": true, ""end_geometry_sha256"": ""d2a8c4eb9677885a5cb190d781ea0f0eb3f8091f427bb17c9f9e6e0cc104f4c9"", ""failure_class"": null, ""max_force_eV_A"": 0.20997643580965483, ""name"": ""fire_precondition"", ""qualifying"": false, ""start_geometry_sha256"": ""bb594fd0138a7a0c9b4febfd0a40eb251875135dd3709d33a18e0b634b3de127"", ""steps"": 49}, {""ase_converged"": true, ""converged"": true, ""end_geometry_sha256"": ""cfe35b9e989d89fde1294eaad3b3eb6a37e8a5f51565b9370fe1fc78ec53720d"", ""failure_class"": null, ""max_force_eV_A"": 0.07536559136911328, ""name"": ""bfgs_after_fire"", ""start_geometry_sha256"": ""d2a8c4eb9677885a5cb190d781ea0f0eb3f8091f427bb17c9f9e6e0cc104f4c9"", ""steps"": 92}]",cfe35b9e989d89fde1294eaad3b3eb6a37e8a5f51565b9370fe1fc78ec53720d,0.5711516842246092,3.0,step_4_H2O,9.0,0.0,True,7.577011665403839,0.5775000000349999,False,quantitative_screening,0,0,7b6724ceb3046415e7a4,False,
"('DAC', 'V', 'Mn', 'N4N4', 'N-porous_carbon')",DAC,True,esen-sm-conserving-all-oc25:relax-v4:orr-che-v3,True,0.06855150775759349,69,150,0.08,converged,,bfgs_standard,"[{""ase_converged"": true, ""converged"": true, ""end_geometry_sha256"": ""e127e2a9d5aa241da78432ebc0b5164e00ec525477244a697bc946efe164c98f"", ""failure_class"": null, ""max_force_eV_A"": 0.06855150775759349, ""name"": ""bfgs_standard"", ""start_geometry_sha256"": ""7bf0b34e51e67898cf9d57bf91023cd8467839278122e02d93e8afdedfa6c0e3"", ""steps"": 69}]",e127e2a9d5aa241da78432ebc0b5164e00ec525477244a697bc946efe164c98f,-174.80476165434874,True,0.05864390284632632,54.0,100.0,0.08,converged,,bfgs_standard,"[{""ase_converged"": true, ""converged"": true, ""end_geometry_sha256"": ""c9b56370740323e4843ea44b8b4a6f5a80b36175930e6abc59dfe324e1a28ece"", ""failure_class"": null, ""max_force_eV_A"": 0.05864390284632632, ""name"": ""bfgs_standard"", ""start_geometry_sha256"": ""de03d085d8ae73bb57dfa9303f4e6587db95d7832551a3bca3653b8f9b58a3f8"", ""steps"": 54}]",c9b56370740323e4843ea44b8b4a6f5a80b36175930e6abc59dfe324e1a28ece,-1.3479935501515865,True,0.07942952784792215,38.0,100.0,0.08,converged,,bfgs_standard,"[{""ase_converged"": true, ""converged"": true, ""end_geometry_sha256"": ""70a503d3c14c7054515a31c45dfd3e49aac37851f48a1046c6092a01c2ab5e81"", ""failure_class"": null, ""max_force_eV_A"": 0.07942952784792215, ""name"": ""bfgs_standard"", ""start_geometry_sha256"": ""a8ea0ab1ae67829e2c4f4c4716471b52c339742a6d5c18c535e0f14098c659ae"", ""steps"": 38}]",70a503d3c14c7054515a31c45dfd3e49aac37851f48a1046c6092a01c2ab5e81,-1.3017021052539313,True,0.06455619631735933,46.0,100.0,0.08,converged,,bfgs_standard,"[{""ase_converged"": true, ""converged"": true, ""end_geometry_sha256"": ""85fbd4428c717b21cb97c1dc60afec6e88e39ca9a98388c4f7a162d953b57a93"", ""failure_class"": null, ""max_force_eV_A"": 0.06455619631735933, ""name"": ""bfgs_standard"", ""start_geometry_sha256"": ""0a5c0e0a74b81a54114396b6a5c6d8ae1342cb4dd79f3d8ca5986edaa0fbc70a"", ""steps"": 46}]",85fbd4428c717b21cb97c1dc60afec6e88e39ca9a98388c4f7a162d953b57a93,1.7549714550375972,2.5769935501515864,step_4_H2O,8.0,0.0,True,2.6496956554055178,0.5775000000349999,False,quantitative_screening,1,1,db11116ffdbef969017a,False,
"('DAC', 'V', 'Fe', 'N2S2N2', 'N-porous_carbon')",DAC,True,esen-sm-conserving-all-oc25:relax-v4:orr-che-v3,True,0.07942765600842006,68,150,0.08,converged,,bfgs_standard,"[{""ase_converged"": true, ""converged"": true, ""end_geometry_sha256"": ""6397a7e920cd87755b3f097d52603df27b4fcf2ded5a7d5ee5536e193b790dbf"", ""failure_class"": null, ""max_force_eV_A"": 0.07942765600842006, ""name"": ""bfgs_standard"", ""start_geometry_sha256"": ""ac7eecd553b6c5c87e44283de51fbcabc57cd6713f7d92ae0fc7563307259f02"", ""steps"": 68}]",6397a7e920cd87755b3f097d52603df27b4fcf2ded5a7d5ee5536e193b790dbf,-142.08327263547355,True,0.07416291564559263,47.0,100.0,0.08,converged,,bfgs_standard,"[{""ase_converged"": true, ""converged"": true, ""end_geometry_sha256"": ""0d4e84c0c90cde2d1e835e368a9aa023f4ee47035b4324b7103f9cfd52cc92e3"", ""failure_class"": null, ""max_force_eV_A"": 0.07416291564559263, ""name"": ""bfgs_standard"", ""start_geometry_sha256"": ""a2567dfd9a05f43de2c478d100ad495648efe8891525d9b982ee1e5e32e57678"", ""steps"": 47}]",0d4e84c0c90cde2d1e835e368a9aa023f4ee47035b4324b7103f9cfd52cc92e3,-1.077569184154272,True,0.06756651235188976,30.0,100.0,0.08,converged,,bfgs_standard,"[{""ase_converged"": true, ""converged"": true, ""end_geometry_sha256"": ""57f0418c8e9b6750e4d45f561860b329ca73f3fce7b014f6b16e070837e67332"", ""failure_class"": null, ""max_force_eV_A"": 0.06756651235188976, ""name"": ""bfgs_standard"", ""start_geometry_sha256"": ""7d10630eb663436b320c5a50c1d3c00feef25657469b0a4e2e3f7c8f19a6a6dd"", ""steps"": 30}]",57f0418c8e9b6750e4d45f561860b329ca73f3fce7b014f6b16e070837e67332,-0.6226673953235113,True,0.07525507249671537,43.0,100.0,0.08,converged,,bfgs_standard,"[{""ase_converged"": true, ""converged"": true, ""end_geometry_sha256"": ""09b247f8771aef9a2dc97a96ccf9687663b9c46c280ba37b91af880645826530"", ""failure_class"": null, ""max_force_eV_A"": 0.07525507249671537, ""name"": ""bfgs_standard"", ""start_geometry_sha256"": ""f035847662cb423096af9e7e8fee0dd6599dfcacfc01b9b527e0787a7c660f38"", ""steps"": 43}]",09b247f8771aef9a2dc97a96ccf9687663b9c46c280ba37b91af880645826530,2.082413147389892,2.306569184154272,step_4_H2O,6.0,0.0,True,1.7002365794777834,0.5775000000349999,False,quantitative_screening,1,1,747636fd9f41ca804dc2,False,
"('DAC', 'V', 'Zr', 'N6C2', 'N-CNT')",DAC,True,esen-sm-conserving-all-oc25:relax-v4:orr-che-v3,True,0.07917428643853823,286,150,0.08,converged,,bfgs_after_fire,"[{""ase_converged"": false, ""converged"": false, ""end_geometry_sha256"": ""1faa1b34909c15b5696dfc6f401474653cc59a497190ec322883c80b55cc4fba"", ""failure_class"": ""force_threshold"", ""max_force_eV_A"": 0.17225876284986283, ""name"": ""bfgs_standard"", ""start_geometry_sha256"": ""ce48e168cb6791d28817157aad47118be31cc295ec25801ffaeb7d2975cd8a1e"", ""steps"": 150}, {""ase_converged"": false, ""converged"": false, ""end_geometry_sha256"": ""9432e04d915a6b4890230df4c188358f766221bbb865d7bb7c4f1dfa3ec9027e"", ""failure_class"": ""force_threshold"", ""max_force_eV_A"": 1.8969875795481737, ""name"": ""fire_precondition"", ""qualifying"": false, ""start_geometry_sha256"": ""ce48e168cb6791d28817157aad47118be31cc295ec25801ffaeb7d2975cd8a1e"", ""steps"": 75}, {""ase_converged"": true, ""converged"": true, ""end_geometry_sha256"": ""35588ab3488f2dc5461e099da2052edb9b0222e2ba5dfbd0c1e194d7e8136958"", ""failure_class"": null, ""max_force_eV_A"": 0.07917428643853823, ""name"": ""bfgs_after_fire"", ""start_geometry_sha256"": ""9432e04d915a6b4890230df4c188358f766221bbb865d7bb7c4f1dfa3ec9027e"", ""steps"": 61}]",35588ab3488f2dc5461e099da2052edb9b0222e2ba5dfbd0c1e194d7e8136958,-140.9904452187894,True,0.07664377995328396,57.0,100.0,0.08,converged,,bfgs_standard,"[{""ase_converged"": true, ""converged"": true, ""end_geometry_sha256"": ""8cb512e1940dc4fc1fa5b7267a1da5e679eebc3fd71058062ffda82a89206bef"", ""failure_class"": null, ""max_force_eV_A"": 0.07664377995328396, ""name"": ""bfgs_standard"", ""start_geometry_sha256"": ""eee15d80c3fda499a67ef7a7bc9aa919f8472cb1201d75cef9095d885b8e430a"", ""steps"": 57}]",8cb512e1940dc4fc1fa5b7267a1da5e679eebc3fd71058062ffda82a89206bef,-1.9776260231435299,True,0.07978176549745025,157.0,100.0,0.08,converged,,bfgs_after_fire,"[{""ase_converged"": false, ""converged"": false, ""end_geometry_sha256"": ""11176f0306ed2e6622c4fdf82cfaa370ae2e77d1c976a6849c3f65615cd2c269"", ""failure_class"": ""force_threshold"", ""max_force_eV_A"": 0.2561955264985307, ""name"": ""bfgs_standard"", ""start_geometry_sha256"": ""4f994ef1f6cc7a044516abe5eb94778cdf877d0c61daf22466b4bcaa60fd4879"", ""steps"": 100}, {""ase_converged"": true, ""converged"": true, ""end_geometry_sha256"": ""f598e8ecc9094f09ee2b0141c2cbfce2fb74e9bae6c87cfd1e8809b577745a1d"", ""failure_class"": null, ""max_force_eV_A"": 0.21527367202731923, ""name"": ""fire_precondition"", ""qualifying"": false, ""start_geometry_sha256"": ""4f994ef1f6cc7a044516abe5eb94778cdf877d0c61daf22466b4bcaa60fd4879"", ""steps"": 44}, {""ase_converged"": true, ""converged"": true, ""end_geometry_sha256"": ""b96651334f873202ceffc6760627ce23f3181e278441ed37054220297d2dc51a"", ""failure_class"": null, ""max_force_eV_A"": 0.07978176549745025, ""name"": ""bfgs_after_fire"", ""start_geometry_sha256"": ""f598e8ecc9094f09ee2b0141c2cbfce2fb74e9bae6c87cfd1e8809b577745a1d"", ""steps"": 13}]",b96651334f873202ceffc6760627ce23f3181e278441ed37054220297d2dc51a,-1.690152727812525,True,0.07149226787862971,55.0,100.0,0.08,converged,,bfgs_standard,"[{""ase_converged"": true, ""converged"": true, ""end_geometry_sha256"": ""7bc73e89aacb3e1363e512afcd5b86d9edfc9682a7f45dd070ce0c679d3a863e"", ""failure_class"": null, ""max_force_eV_A"": 0.07149226787862971, ""name"": ""bfgs_standard"", ""start_geometry_sha256"": ""a54184133c999282e5c34f5e0d4c5474ddfb695002f62c5f4d3bead84dba9bbd"", ""steps"": 55}]",7bc73e89aacb3e1363e512afcd5b86d9edfc9682a7f45dd070ce0c679d3a863e,1.3450254902243648,3.0,step_4_H2O,9.0,0.0,True,3.667778750956055,0.5775000000349999,False,quantitative_screening,1,1,d384e4406a83beee7f79,False,
"('MOF', 'V', 'NDC', 'N3S', 22.0)",MOF,False,esen-sm-conserving-all-oc25:relax-v4:orr-che-v3,False,0.26083322311996404,975,150,0.08,recovery_exhausted,force_threshold,fire_small_step,"[{""ase_converged"": false, ""converged"": false, ""end_geometry_sha256"": ""ac5f3e04880492c1701675be03d72e09e6183f3a9d8948bbfb17512c96aed630"", ""failure_class"": ""force_threshold"", ""max_force_eV_A"": 0.3473045913411871, ""name"": ""bfgs_standard"", ""start_geometry_sha256"": ""e2d323e83765aa6df752d45d62270ca4313e2e7f44bad4730c11441b4df92749"", ""steps"": 150}, {""ase_converged"": false, ""converged"": false, ""end_geometry_sha256"": ""7e35cc2249147eed7e44be7a567c2bd47bd2e52fa6d3e4c655eb93af7937c46f"", ""failure_class"": ""force_threshold"", ""max_force_eV_A"": 1.3142815247914876, ""name"": ""fire_precondition"", ""qualifying"": false, ""start_geometry_sha256"": ""e2d323e83765aa6df752d45d62270ca4313e2e7f44bad4730c11441b4df92749"", ""steps"": 75}, {""ase_converged"": false, ""converged"": false, ""end_geometry_sha256"": ""38b268e53ae0c25b230aaa1d72cbade8fd104fdb70d431c45263690c29f5f9b7"", ""failure_class"": ""force_threshold"", ""max_force_eV_A"": 0.2851950607448085, ""name"": ""bfgs_after_fire"", ""start_geometry_sha256"": ""7e35cc2249147eed7e44be7a567c2bd47bd2e52fa6d3e4c655eb93af7937c46f"", ""steps"": 300}, {""ase_converged"": false, ""converged"": false, ""end_geometry_sha256"": ""cbcb7f8759d8cc3cd7c3628c0d3f9aa903b14930ad1de13eaaf0d0f32c5f5b18"", ""failure_class"": ""force_threshold"", ""max_force_eV_A"": 0.26083322311996404, ""name"": ""fire_small_step"", ""start_geometry_sha256"": ""38b268e53ae0c25b230aaa1d72cbade8fd104fdb70d431c45263690c29f5f9b7"", ""steps"": 450}]",cbcb7f8759d8cc3cd7c3628c0d3f9aa903b14930ad1de13eaaf0d0f32c5f5b18,,,,,,,,,,,,,,,,,,,,,,,,,,,,,,,,,,,,,,,,,,True,validation_required,2,2,fa5c259d221fdc384c81,False,Unconverged clean relaxation: max_force=0.260833 eV/A after 975 cumulative recovery steps
"('MOF', 'V', 'Imidazolate', 'O6', 25.0)",MOF,True,esen-sm-conserving-all-oc25:relax-v4:orr-che-v3,True,0.0748875857555429,434,150,0.08,converged,,bfgs_after_fire,"[{""ase_converged"": false, ""converged"": false, ""end_geometry_sha256"": ""cb6fd503eec997c1585bffebf7527d2a690c3acffc3b269942f5cd76b7a5e70b"", ""failure_class"": ""force_threshold"", ""max_force_eV_A"": 0.2146120238160276, ""name"": ""bfgs_standard"", ""start_geometry_sha256"": ""77c98a80c920e5164dc59b8ce11383c55f3647eada40495afb327cb206d9a954"", ""steps"": 150}, {""ase_converged"": false, ""converged"": false, ""end_geometry_sha256"": ""5a1b5c0c4a798238d32b87d1ac53dfd0fbca395436174d1f8c78263cda4e2c8f"", ""failure_class"": ""force_threshold"", ""max_force_eV_A"": 0.9604618291936385, ""name"": ""fire_precondition"", ""qualifying"": false, ""start_geometry_sha256"": ""77c98a80c920e5164dc59b8ce11383c55f3647eada40495afb327cb206d9a954"", ""steps"": 75}, {""ase_converged"": true, ""converged"": true, ""end_geometry_sha256"": ""be757960398eaf798db68d0c774383e0522a3d2709211f7aef1c2f5f5ce966c9"", ""failure_class"": null, ""max_force_eV_A"": 0.0748875857555429, ""name"": ""bfgs_after_fire"", ""start_geometry_sha256"": ""5a1b5c0c4a798238d32b87d1ac53dfd0fbca395436174d1f8c78263cda4e2c8f"", ""steps"": 209}]",be757960398eaf798db68d0c774383e0522a3d2709211f7aef1c2f5f5ce966c9,-169.80931330925063,True,0.07460060249263616,239.0,100.0,0.08,converged,,bfgs_after_fire,"[{""ase_converged"": false, ""converged"": false, ""end_geometry_sha256"": ""db0f8e4f651685bf47e056122e7908dc3888d1860236a937922b3462df7a0180"", ""failure_class"": ""force_threshold"", ""max_force_eV_A"": 0.3080782700401974, ""name"": ""bfgs_standard"", ""start_geometry_sha256"": ""dadfa86605266f6a37c31fde6e1f77b21caa44cdd8abaecbabb309d86398fecb"", ""steps"": 100}, {""ase_converged"": true, ""converged"": true, ""end_geometry_sha256"": ""3158f58809b4c9b7e6d753a1ba0d67ca9e4267645734cbfbf6f6c2ac7ed4a12e"", ""failure_class"": null, ""max_force_eV_A"": 0.23331401997552595, ""name"": ""fire_precondition"", ""qualifying"": false, ""start_geometry_sha256"": ""dadfa86605266f6a37c31fde6e1f77b21caa44cdd8abaecbabb309d86398fecb"", ""steps"": 49}, {""ase_converged"": true, ""converged"": true, ""end_geometry_sha256"": ""4f4eacb3e385437599c3f23f373ac7c8289fce42908b2753d98b074d80d127dd"", ""failure_class"": null, ""max_force_eV_A"": 0.07460060249263616, ""name"": ""bfgs_after_fire"", ""start_geometry_sha256"": ""3158f58809b4c9b7e6d753a1ba0d67ca9e4267645734cbfbf6f6c2ac7ed4a12e"", ""steps"": 90}]",4f4eacb3e385437599c3f23f373ac7c8289fce42908b2753d98b074d80d127dd,-1.3405515526235103,True,0.0721450040255627,54.0,100.0,0.08,converged,,bfgs_standard,"[{""ase_converged"": true, ""converged"": true, ""end_geometry_sha256"": ""e3fee3be251c2152bc455eefe20c85d71e4154b54ab650ab1a670af1150799a1"", ""failure_class"": null, ""max_force_eV_A"": 0.0721450040255627, ""name"": ""bfgs_standard"", ""start_geometry_sha256"": ""4b7dcbca4cca9d9cd7dba1909137dd4f6eaa24f0c4a9cc5dd2c6b998b662ac26"", ""steps"": 54}]",e3fee3be251c2152bc455eefe20c85d71e4154b54ab650ab1a670af1150799a1,-1.6749468676745856,True,0.06938013968467616,284.0,100.0,0.08,converged,,bfgs_after_fire,"[{""ase_converged"": false, ""converged"": false, ""end_geometry_sha256"": ""d73652d3e124f4a9e64d2acc6bd54f4d3f8e194b928ed9cbd1fa6c54945cc33b"", ""failure_class"": ""force_threshold"", ""max_force_eV_A"": 0.2339857709806475, ""name"": ""bfgs_standard"", ""start_geometry_sha256"": ""2208c8462859b2a19e9c3a5ec6ef6b490b67e8ec6f3be494c80fa4d6b2a06066"", ""steps"": 100}, {""ase_converged"": false, ""converged"": false, ""end_geometry_sha256"": ""ba8e7be1f2adffa1b55f940396e24ae0ff96be6c4fac64a755d81e2c2b28125a"", ""failure_class"": ""force_threshold"", ""max_force_eV_A"": 1.6821560411250804, ""name"": ""fire_precondition"", ""qualifying"": false, ""start_geometry_sha256"": ""2208c8462859b2a19e9c3a5ec6ef6b490b67e8ec6f3be494c80fa4d6b2a06066"", ""steps"": 50}, {""ase_converged"": true, ""converged"": true, ""end_geometry_sha256"": ""ea14ecb3fb2f68929e853851425858b29e2f130786b8e04aed6a2ca39ca54f1b"", ""failure_class"": null, ""max_force_eV_A"": 0.06938013968467616, ""name"": ""bfgs_after_fire"", ""start_geometry_sha256"": ""ba8e7be1f2adffa1b55f940396e24ae0ff96be6c4fac64a755d81e2c2b28125a"", ""steps"": 134}]",ea14ecb3fb2f68929e853851425858b29e2f130786b8e04aed6a2ca39ca54f1b,-3.560709525644776,3.0,step_2_O,9.0,0.0,True,3.015498420298096,0.480000000035,True,quantitative_screening,0,0,ff75f2a4411bbca90bc8,False,
"('MOF', 'V', 'Tetrazolate', 'O6', 6.0)",MOF,True,esen-sm-conserving-all-oc25:relax-v4:orr-che-v3,True,0.05547221742121441,41,150,0.08,converged,,bfgs_standard,"[{""ase_converged"": true, ""converged"": true, ""end_geometry_sha256"": ""29685b3d0eb412cc1aadbe4b1982cdc1d2cbad7c2cb493321b36c65fba7083d5"", ""failure_class"": null, ""max_force_eV_A"": 0.05547221742121441, ""name"": ""bfgs_standard"", ""start_geometry_sha256"": ""375d3d57e332f16ca215784b10d83fe39738a667a9a30544c6090e8dff30fc29"", ""steps"": 41}]",29685b3d0eb412cc1aadbe4b1982cdc1d2cbad7c2cb493321b36c65fba7083d5,-137.54862095123366,True,0.04205657982922158,36.0,100.0,0.08,converged,,bfgs_standard,"[{""ase_converged"": true, ""converged"": true, ""end_geometry_sha256"": ""1e51205d88ebdfb2f86849e59f3a31a0e8c55ab12da412514ff4ea6d6261babb"", ""failure_class"": null, ""max_force_eV_A"": 0.04205657982922158, ""name"": ""bfgs_standard"", ""start_geometry_sha256"": ""f5a0f7aea7a6af80cec21dad93f81083cc315ddbfe686cddae8e894e87554e8f"", ""steps"": 36}]",1e51205d88ebdfb2f86849e59f3a31a0e8c55ab12da412514ff4ea6d6261babb,-1.4096778009831905,True,0.07595320004277191,30.0,100.0,0.08,converged,,bfgs_standard,"[{""ase_converged"": true, ""converged"": true, ""end_geometry_sha256"": ""f94a3ac8260859f8ad772298b6f86f1a693e8301cb25a11d368b17c820d1318d"", ""failure_class"": null, ""max_force_eV_A"": 0.07595320004277191, ""name"": ""bfgs_standard"", ""start_geometry_sha256"": ""33f8799661242ba4677b1ac212d02269353177ea9d4529394cfecad913cbf7a5"", ""steps"": 30}]",f94a3ac8260859f8ad772298b6f86f1a693e8301cb25a11d368b17c820d1318d,-1.4207005135714972,True,0.055294269519615025,89.0,100.0,0.08,converged,,bfgs_standard,"[{""ase_converged"": true, ""converged"": true, ""end_geometry_sha256"": ""94acd67bd8903af5430424804196b77e7dd57f955b69a89ed033f017764da008"", ""failure_class"": null, ""max_force_eV_A"": 0.055294269519615025, ""name"": ""bfgs_standard"", ""start_geometry_sha256"": ""b8b7d7426e03be39e2814e35d19a85ba8a72351e969c60d9d90a6ed255d3aa1c"", ""steps"": 89}]",94acd67bd8903af5430424804196b77e7dd57f955b69a89ed033f017764da008,-0.8710096374154055,2.6386778009831904,step_4_H2O,9.0,0.0,True,2.8303783145546877,0.480000000035,True,quantitative_screening,1,1,43dd612f8a2809ef36a4,False,
"('MOF', 'V', 'Oxalate', 'N2O2', 16.0)",MOF,True,esen-sm-conserving-all-oc25:relax-v4:orr-che-v3,True,0.06850394240673255,72,150,0.08,converged,,bfgs_standard,"[{""ase_converged"": true, ""converged"": true, ""end_geometry_sha256"": ""0b3c69f06f71f5558e5a85db134f5f5c65903e253cd62b2268522b7fe43a93bc"", ""failure_class"": null, ""max_force_eV_A"": 0.06850394240673255, ""name"": ""bfgs_standard"", ""start_geometry_sha256"": ""e74549cac960a689ac0483eb9b85d4e3e2f8f24b6ff55312c85de2db83b7fee3"", ""steps"": 72}]",0b3c69f06f71f5558e5a85db134f5f5c65903e253cd62b2268522b7fe43a93bc,-126.87005907134949,True,0.06956501803766964,257.0,100.0,0.08,converged,,bfgs_after_fire,"[{""ase_converged"": false, ""converged"": false, ""end_geometry_sha256"": ""8df6adcd41a5bbd575a8914bd724cc60c086cd56a29f12f645dfda344af33b19"", ""failure_class"": ""force_threshold"", ""max_force_eV_A"": 0.15882848026060623, ""name"": ""bfgs_standard"", ""start_geometry_sha256"": ""13ef4368c29f0e3e56770b265fba058b564f451ae9d1710d705b84e187cad2cc"", ""steps"": 100}, {""ase_converged"": false, ""converged"": false, ""end_geometry_sha256"": ""368f796094cb33c926f0205f3f595a36d1be24f4a8784627efe639dfc9ee0d2e"", ""failure_class"": ""force_threshold"", ""max_force_eV_A"": 0.31823091895437156, ""name"": ""fire_precondition"", ""qualifying"": false, ""start_geometry_sha256"": ""13ef4368c29f0e3e56770b265fba058b564f451ae9d1710d705b84e187cad2cc"", ""steps"": 50}, {""ase_converged"": true, ""converged"": true, ""end_geometry_sha256"": ""fcf3309003ceb56f1d3cf4074416b4d1294991f46635be1bf71e2f377fcabbed"", ""failure_class"": null, ""max_force_eV_A"": 0.06956501803766964, ""name"": ""bfgs_after_fire"", ""start_geometry_sha256"": ""368f796094cb33c926f0205f3f595a36d1be24f4a8784627efe639dfc9ee0d2e"", ""steps"": 107}]",fcf3309003ceb56f1d3cf4074416b4d1294991f46635be1bf71e2f377fcabbed,-0.8293516014516353,True,0.07594748961582627,46.0,100.0,0.08,converged,,bfgs_standard,"[{""ase_converged"": true, ""converged"": true, ""end_geometry_sha256"": ""b07b228af06ae05b9e71230484e326a7cfdab3fd89f68d0a63c4b2da39eaccea"", ""failure_class"": null, ""max_force_eV_A"": 0.07594748961582627, ""name"": ""bfgs_standard"", ""start_geometry_sha256"": ""f4d7d39adc936c54d91ed4e2e291610a4c3956f7712681ce35b683a0622e008e"", ""steps"": 46}]",b07b228af06ae05b9e71230484e326a7cfdab3fd89f68d0a63c4b2da39eaccea,0.8664511807262933,True,0.07911881494599664,260.0,100.0,0.08,converged,,bfgs_after_fire,"[{""ase_converged"": false, ""converged"": false, ""end_geometry_sha256"": ""f5cc97ab27a909450cad8c0e94fe91a4710881147e4090c5bd3e79ff59de832d"", ""failure_class"": ""force_threshold"", ""max_force_eV_A"": 0.21895774714565075, ""name"": ""bfgs_standard"", ""start_geometry_sha256"": ""5d587267bc3d46f636fcb585586415d46f5b22479c08950db27c2cbd1eb817e8"", ""steps"": 100}, {""ase_converged"": true, ""converged"": true, ""end_geometry_sha256"": ""d9760b06bf92aeca5dbbf1b89406acddd8a9c52764ace44210a4dcac4c2b1555"", ""failure_class"": null, ""max_force_eV_A"": 0.24475443323413995, ""name"": ""fire_precondition"", ""qualifying"": false, ""start_geometry_sha256"": ""5d587267bc3d46f636fcb585586415d46f5b22479c08950db27c2cbd1eb817e8"", ""steps"": 27}, {""ase_converged"": true, ""converged"": true, ""end_geometry_sha256"": ""d2141814e6dae097ce00f7ef5b42c48a83e97edad992fcab7d7723c56e933473"", ""failure_class"": null, ""max_force_eV_A"": 0.07911881494599664, ""name"": ""bfgs_after_fire"", ""start_geometry_sha256"": ""d9760b06bf92aeca5dbbf1b89406acddd8a9c52764ace44210a4dcac4c2b1555"", ""steps"": 133}]",d2141814e6dae097ce00f7ef5b42c48a83e97edad992fcab7d7723c56e933473,2.450293014943603,2.058351601451635,step_4_H2O,9.0,0.0,True,1.6958027821779287,0.480000000035,True,quantitative_screening,1,1,3750b918402c4dcd48a7,False,
"('MOF', 'V', 'DOBDC', 'N4O2', 8.0)",MOF,True,esen-sm-conserving-all-oc25:relax-v4:orr-che-v3,True,0.07132893351447177,52,150,0.08,converged,,bfgs_standard,"[{""ase_converged"": true, ""converged"": true, ""end_geometry_sha256"": ""a44dc146b72757cb88e0bfbe5bb720b4fb5a547915d71fc84f58bb9ebf9e9fdd"", ""failure_class"": null, ""max_force_eV_A"": 0.07132893351447177, ""name"": ""bfgs_standard"", ""start_geometry_sha256"": ""76740d26623e34e41a9a1145b1fbedab84f8c4f4bfc7b45e5840aec649d9c19b"", ""steps"": 52}]",a44dc146b72757cb88e0bfbe5bb720b4fb5a547915d71fc84f58bb9ebf9e9fdd,-136.10147909054317,True,0.06199140255951277,55.0,100.0,0.08,converged,,bfgs_standard,"[{""ase_converged"": true, ""converged"": true, ""end_geometry_sha256"": ""c7eee7ff0481799cff141d0e3c970f3de456e0157f9a18e3405daa88f73ff0df"", ""failure_class"": null, ""max_force_eV_A"": 0.06199140255951277, ""name"": ""bfgs_standard"", ""start_geometry_sha256"": ""aef7f5eaf9c06d221b680c856513e8bc97acba4e281a0149cdf672dd49270bd8"", ""steps"": 55}]",c7eee7ff0481799cff141d0e3c970f3de456e0157f9a18e3405daa88f73ff0df,-1.2711529706418514,True,0.07606496306459694,51.0,100.0,0.08,converged,,bfgs_standard,"[{""ase_converged"": true, ""converged"": true, ""end_geometry_sha256"": ""68cc501ea61e297b739bbc796de17c9ab3a4371d1dcaa2f0d7eb9014e3ac3647"", ""failure_class"": null, ""max_force_eV_A"": 0.07606496306459694, ""name"": ""bfgs_standard"", ""start_geometry_sha256"": ""6a8f4bb00c83e6c050e4f97f7f46c9d38e1c8f3c1ae8671736f80c342ae2e278"", ""steps"": 51}]",68cc501ea61e297b739bbc796de17c9ab3a4371d1dcaa2f0d7eb9014e3ac3647,-1.474974595755335,True,0.0640514542445713,86.0,100.0,0.08,converged,,bfgs_standard,"[{""ase_converged"": true, ""converged"": true, ""end_geometry_sha256"": ""3134d4691c65763556f08275110ba74259849db82398be8309c8ffd39d51c61c"", ""failure_class"": null, ""max_force_eV_A"": 0.0640514542445713, ""name"": ""bfgs_standard"", ""start_geometry_sha256"": ""5e63e8371b51b3fe28bae4cc9a1f90d2c691b71c336981d49e1d39e2e5d05a44"", ""steps"": 86}]",3134d4691c65763556f08275110ba74259849db82398be8309c8ffd39d51c61c,-0.741752435266968,2.5001529706418513,step_4_H2O,9.0,0.0,True,2.7461275663971865,0.480000000035,True,quantitative_screening,2,2,e18e4bcc4e015a8619e6,False,
"('MOF', 'V', 'HHTP', 'N6', 14.0)",MOF,True,esen-sm-conserving-all-oc25:relax-v4:orr-che-v3,True,0.07977849168246288,139,150,0.08,converged,,bfgs_standard,"[{""ase_converged"": true, ""converged"": true, ""end_geometry_sha256"": ""42d93da6605f6176e536cf96fb08528668016774e58dd4e112a87ec6c9c8c0b7"", ""failure_class"": null, ""max_force_eV_A"": 0.07977849168246288, ""name"": ""bfgs_standard"", ""start_geometry_sha256"": ""a66078c9466634cc8185979f570feae3abff7d3f7a5e4c8dfb4c19a8f7d57eb6"", ""steps"": 139}]",42d93da6605f6176e536cf96fb08528668016774e58dd4e112a87ec6c9c8c0b7,-146.9602476467473,True,0.06862923515705276,67.0,100.0,0.08,converged,,bfgs_standard,"[{""ase_converged"": true, ""converged"": true, ""end_geometry_sha256"": ""789ea49e5ec46e18b31e94c5a5ba2397dda88a25aa95f5bb2f75c367c11cd3a8"", ""failure_class"": null, ""max_force_eV_A"": 0.06862923515705276, ""name"": ""bfgs_standard"", ""start_geometry_sha256"": ""081170ceb0eacd0619cb37cbdf6dc58b22d723c7b2ee3e9024ef6939303f0923"", ""steps"": 67}]",789ea49e5ec46e18b31e94c5a5ba2397dda88a25aa95f5bb2f75c367c11cd3a8,-0.7231213425099849,True,0.06977911181954541,71.0,100.0,0.08,converged,,bfgs_standard,"[{""ase_converged"": true, ""converged"": true, ""end_geometry_sha256"": ""c05eea4091a110246342248781c952f46874a31006f7f28916fb5ef922ed6608"", ""failure_class"": null, ""max_force_eV_A"": 0.06977911181954541, ""name"": ""bfgs_standard"", ""start_geometry_sha256"": ""af84282cb88d095de6956630114c1d437f4cdd9ad482feb102e152d6162e8a36"", ""steps"": 71}]",c05eea4091a110246342248781c952f46874a31006f7f28916fb5ef922ed6608,-0.9276753298938238,True,0.07642922874075343,68.0,100.0,0.08,converged,,bfgs_standard,"[{""ase_converged"": true, ""converged"": true, ""end_geometry_sha256"": ""45b7b41e2faa52d21cc5e579df43964b9293831453cb6860912c22672c3bae5f"", ""failure_class"": null, ""max_force_eV_A"": 0.07642922874075343, ""name"": ""bfgs_standard"", ""start_geometry_sha256"": ""4247b7c7c82a711ffee8e7751d1775da7797a1d1cd4ce657c9ecacae9dc77467"", ""steps"": 68}]",45b7b41e2faa52d21cc5e579df43964b9293831453cb6860912c22672c3bae5f,2.62787957042456,1.952121342509985,step_4_H2O,9.0,0.0,True,1.6507966724038088,0.480000000035,True,quantitative_screening,0,0,c5c84b38439f82d5344c,False,
"('MOF', 'Cr', 'BDC', 'P4', 16.0)",MOF,True,esen-sm-conserving-all-oc25:relax-v4:orr-che-v3,True,0.07607087096701405,492,150,0.08,converged,,bfgs_after_fire,"[{""ase_converged"": false, ""converged"": false, ""end_geometry_sha256"": ""24c0ec1b65bdb8d72edf25eec2d5cc14266113e0b4d6dc24602592c503b45f89"", ""failure_class"": ""force_threshold"", ""max_force_eV_A"": 0.203833733239258, ""name"": ""bfgs_standard"", ""start_geometry_sha256"": ""15779262b6942be7363d935402339060b64e549b3b8b64ff8fb1a1c89c442baa"", ""steps"": 150}, {""ase_converged"": false, ""converged"": false, ""end_geometry_sha256"": ""44ae57047aa9b6afa9d277a05f046fad7641b33604ebe134935f0975ae94a093"", ""failure_class"": ""force_threshold"", ""max_force_eV_A"": 7.804537136540145, ""name"": ""fire_precondition"", ""qualifying"": false, ""start_geometry_sha256"": ""15779262b6942be7363d935402339060b64e549b3b8b64ff8fb1a1c89c442baa"", ""steps"": 75}, {""ase_converged"": true, ""converged"": true, ""end_geometry_sha256"": ""a64f2d2465f97befa471afbdf5d8c0491cc8e9aa95fdc6f951ed86e85c484688"", ""failure_class"": null, ""max_force_eV_A"": 0.07607087096701405, ""name"": ""bfgs_after_fire"", ""start_geometry_sha256"": ""44ae57047aa9b6afa9d277a05f046fad7641b33604ebe134935f0975ae94a093"", ""steps"": 267}]",a64f2d2465f97befa471afbdf5d8c0491cc8e9aa95fdc6f951ed86e85c484688,-128.46206504109625,True,0.07344321932851422,70.0,100.0,0.08,converged,,bfgs_standard,"[{""ase_converged"": true, ""converged"": true, ""end_geometry_sha256"": ""efaaa466e53f6e79db6f128dad5de3b4736b9442c9966849aa1d46d6af6e368d"", ""failure_class"": null, ""max_force_eV_A"": 0.07344321932851422, ""name"": ""bfgs_standard"", ""start_geometry_sha256"": ""00c6e98f8d8dadd16b52260cf9c365df35d162a0a611c35ecb914759648d293b"", ""steps"": 70}]",efaaa466e53f6e79db6f128dad5de3b4736b9442c9966849aa1d46d6af6e368d,-0.7077342842519283,True,0.07368195235792303,72.0,100.0,0.08,converged,,bfgs_standard,"[{""ase_converged"": true, ""converged"": true, ""end_geometry_sha256"": ""d65406888a58724f2f92a98f9bf588ad552b9e814c7fb245fbec656f5dff3ba2"", ""failure_class"": null, ""max_force_eV_A"": 0.07368195235792303, ""name"": ""bfgs_standard"", ""start_geometry_sha256"": ""b012594bbbb722d545475ad6265260994a4b7402a4a4cce04eb43a1d0921b4b1"", ""steps"": 72}]",d65406888a58724f2f92a98f9bf588ad552b9e814c7fb245fbec656f5dff3ba2,-1.036651694029566,True,0.07806913799932072,48.0,100.0,0.08,converged,,bfgs_standard,"[{""ase_converged"": true, ""converged"": true, ""end_geometry_sha256"": ""59def5924e864eea48a44379b01e20ca527a41c1b8b95145f52212df39bb7315"", ""failure_class"": null, ""max_force_eV_A"": 0.07806913799932072, ""name"": ""bfgs_standard"", ""start_geometry_sha256"": ""71cab7685c2f606f894ced111e2e3ff525d02cb543baac2761760cbe27c5d50d"", ""steps"": 48}]",59def5924e864eea48a44379b01e20ca527a41c1b8b95145f52212df39bb7315,2.7429289326071773,1.9367342842519284,step_4_H2O,9.0,0.0,True,1.7443859782814943,0.480000000035,True,quantitative_screening,2,2,fc1afbec7b9b5a5b9ecc,False,
"('MOF', 'Cr', 'Porphyrin', 'N2Se2', 22.0)",MOF,False,esen-sm-conserving-all-oc25:relax-v4:orr-che-v3,True,0.0799314871247884,696,150,0.08,converged,,fire_small_step,"[{""ase_converged"": false, ""converged"": false, ""end_geometry_sha256"": ""127a0ac051a2896d080d6fb19e7c2bff81908d4fed5283daa02547af7b8a47a1"", ""failure_class"": ""force_threshold"", ""max_force_eV_A"": 1.2801447979765095, ""name"": ""bfgs_standard"", ""start_geometry_sha256"": ""713faf02e44e84e4e70bb3c3e6dd061f3ca8ac4be6d0cf3986bf812b9446ad67"", ""steps"": 150}, {""ase_converged"": false, ""converged"": false, ""end_geometry_sha256"": ""d84d06ce17a1e9fa58b2cd76721529eecbd4fc5a00f936c29108bb66bfd4dd8a"", ""failure_class"": ""force_threshold"", ""max_force_eV_A"": 0.6562721842486994, ""name"": ""fire_precondition"", ""qualifying"": false, ""start_geometry_sha256"": ""713faf02e44e84e4e70bb3c3e6dd061f3ca8ac4be6d0cf3986bf812b9446ad67"", ""steps"": 75}, {""ase_converged"": false, ""converged"": false, ""end_geometry_sha256"": ""87e6300c517454149dbf8e996bd870d863101212b1a3c9105312f6f4b1b827dc"", ""failure_class"": ""force_threshold"", ""max_force_eV_A"": 0.49608339184020483, ""name"": ""bfgs_after_fire"", ""start_geometry_sha256"": ""d84d06ce17a1e9fa58b2cd76721529eecbd4fc5a00f936c29108bb66bfd4dd8a"", ""steps"": 300}, {""ase_converged"": true, ""converged"": true, ""end_geometry_sha256"": ""7c366e9930b420a0e54ad5f67d8d6a3f5205626a099987dc92ce6193f4884e7f"", ""failure_class"": null, ""max_force_eV_A"": 0.0799314871247884, ""name"": ""fire_small_step"", ""start_geometry_sha256"": ""87e6300c517454149dbf8e996bd870d863101212b1a3c9105312f6f4b1b827dc"", ""steps"": 171}]",7c366e9930b420a0e54ad5f67d8d6a3f5205626a099987dc92ce6193f4884e7f,-176.66883421929845,False,0.09390385691704117,646.0,100.0,0.08,recovery_exhausted,force_threshold,fire_small_step,"[{""ase_converged"": false, ""converged"": false, ""end_geometry_sha256"": ""476b6b469b958bb004d2897c010947673fbcd500d3c03f08083b839405630fe1"", ""failure_class"": ""force_threshold"", ""max_force_eV_A"": 0.700543714785263, ""name"": ""bfgs_standard"", ""start_geometry_sha256"": ""88da0d2d45a383ac706f29e1cfd0cbc136764a614ca2ea093a25bf0235a5b602"", ""steps"": 100}, {""ase_converged"": true, ""converged"": true, ""end_geometry_sha256"": ""ef217cbcedde96c00e8ab0b9804f086b31ebfe8bd591bdccd44eb6be0ff5051c"", ""failure_class"": null, ""max_force_eV_A"": 0.22665695192601742, ""name"": ""fire_precondition"", ""qualifying"": false, ""start_geometry_sha256"": ""88da0d2d45a383ac706f29e1cfd0cbc136764a614ca2ea093a25bf0235a5b602"", ""steps"": 46}, {""ase_converged"": false, ""converged"": false, ""end_geometry_sha256"": ""5277541afc29e5961a8c3be3a5ef596eaa1f41413573390e2e34b0251b0fa68d"", ""failure_class"": ""force_threshold"", ""max_force_eV_A"": 0.09484466207081114, ""name"": ""bfgs_after_fire"", ""start_geometry_sha256"": ""ef217cbcedde96c00e8ab0b9804f086b31ebfe8bd591bdccd44eb6be0ff5051c"", ""steps"": 200}, {""ase_converged"": false, ""converged"": false, ""end_geometry_sha256"": ""f0c1b3140197cbcb314021abc25b5f3e3fa1e3b620f84d62c5525f318a343e10"", ""failure_class"": ""force_threshold"", ""max_force_eV_A"": 0.09390385691704117, ""name"": ""fire_small_step"", ""start_geometry_sha256"": ""5277541afc29e5961a8c3be3a5ef596eaa1f41413573390e2e34b0251b0fa68d"", ""steps"": 300}]",f0c1b3140197cbcb314021abc25b5f3e3fa1e3b620f84d62c5525f318a343e10,,,,,,,,,,,,,,,,,,,,,,,,,,,,,,,True,validation_required,1,1,3a5ab05c307bec7bceec,False,Unconverged oh relaxation: max_force=0.0939039 eV/A after 646 cumulative recovery steps
"('MOF', 'Cr', 'Phthalocyanine', 'O6', 8.0)",MOF,True,esen-sm-conserving-all-oc25:relax-v4:orr-che-v3,True,0.07820988596179926,58,150,0.08,converged,,bfgs_standard,"[{""ase_converged"": true, ""converged"": true, ""end_geometry_sha256"": ""29a0ba403760a8e75ac9d817366210e6dee5b9c5440caec00f36fecda01b66bc"", ""failure_class"": null, ""max_force_eV_A"": 0.07820988596179926, ""name"": ""bfgs_standard"", ""start_geometry_sha256"": ""3b5c03252487f0650806abd07293332709d9d7c3ff36e2bab0a4d83b1e478872"", ""steps"": 58}]",29a0ba403760a8e75ac9d817366210e6dee5b9c5440caec00f36fecda01b66bc,-133.32448149713048,True,0.06614667415826815,54.0,100.0,0.08,converged,,bfgs_standard,"[{""ase_converged"": true, ""converged"": true, ""end_geometry_sha256"": ""7ebd0ae77ad402275d8ccee9d9a13b1c831591e929cfbef0d8e191cb59ff9225"", ""failure_class"": null, ""max_force_eV_A"": 0.06614667415826815, ""name"": ""bfgs_standard"", ""start_geometry_sha256"": ""3b2e9c3f4ee9977f59b3589be75c0a7a8644f4b47bde96feed34da4d97f99cc9"", ""steps"": 54}]",7ebd0ae77ad402275d8ccee9d9a13b1c831591e929cfbef0d8e191cb59ff9225,-0.3918058250844479,True,0.07337031156264974,42.0,100.0,0.08,converged,,bfgs_standard,"[{""ase_converged"": true, ""converged"": true, ""end_geometry_sha256"": ""eb5df88ef5e11d575a7be634cb9aa0c9af26cb96a974ec6bc4a4913184e4b8ac"", ""failure_class"": null, ""max_force_eV_A"": 0.07337031156264974, ""name"": ""bfgs_standard"", ""start_geometry_sha256"": ""b7bc1baeb116d190d3401337fcab0fb70e6b746570e68ab1a09acdcb87fd8edd"", ""steps"": 42}]",eb5df88ef5e11d575a7be634cb9aa0c9af26cb96a974ec6bc4a4913184e4b8ac,-1.249396883696314,True,0.07240622497745047,90.0,100.0,0.08,converged,,bfgs_standard,"[{""ase_converged"": true, ""converged"": true, ""end_geometry_sha256"": ""28aad3b30b66b3a930d21434f5d57dc004e8d9ed3a5d690cab2a549a5648060f"", ""failure_class"": null, ""max_force_eV_A"": 0.07240622497745047, ""name"": ""bfgs_standard"", ""start_geometry_sha256"": ""5777200a128b068376d3ed929332ce38b23390ff045b6fd1c50dd39b9f4396c0"", ""steps"": 90}]",28aad3b30b66b3a930d21434f5d57dc004e8d9ed3a5d690cab2a549a5648060f,-0.20791225582360864,2.0865910586118663,step_3_OH,9.0,0.0,True,1.641202708780762,0.480000000035,True,quantitative_screening,0,0,2fbf96ccdf787d1f7370,False,
"('MOF', 'Cr', 'Pyrazole', 'N2S2', 30.0)",MOF,False,esen-sm-conserving-all-oc25:relax-v4:orr-che-v3,True,0.07490853213546823,438,150,0.08,converged,,bfgs_after_fire,"[{""ase_converged"": false, ""converged"": false, ""end_geometry_sha256"": ""cfcc3b7375cab6d17c74d51ba4adcd98753c88338d090975b8f29641edb58424"", ""failure_class"": ""force_threshold"", ""max_force_eV_A"": 0.8652687137278934, ""name"": ""bfgs_standard"", ""start_geometry_sha256"": ""9f7539a1eb3c232ed4fda4c165fdd10f1f670f7440998def012f8575f2de1eb1"", ""steps"": 150}, {""ase_converged"": false, ""converged"": false, ""end_geometry_sha256"": ""81aae9efeab054bce46ff9e94400897031b3c8c3b53cf83ec686ea2d3a4c2d47"", ""failure_class"": ""force_threshold"", ""max_force_eV_A"": 1.2578656788721654, ""name"": ""fire_precondition"", ""qualifying"": false, ""start_geometry_sha256"": ""9f7539a1eb3c232ed4fda4c165fdd10f1f670f7440998def012f8575f2de1eb1"", ""steps"": 75}, {""ase_converged"": true, ""converged"": true, ""end_geometry_sha256"": ""5c0428d8bd8b06f6bf4a22ca75dbe951eafbe670302827aeaa91403b3c7573f4"", ""failure_class"": null, ""max_force_eV_A"": 0.07490853213546823, ""name"": ""bfgs_after_fire"", ""start_geometry_sha256"": ""81aae9efeab054bce46ff9e94400897031b3c8c3b53cf83ec686ea2d3a4c2d47"", ""steps"": 213}]",5c0428d8bd8b06f6bf4a22ca75dbe951eafbe670302827aeaa91403b3c7573f4,-160.43174595487747,True,0.06551839406095274,277.0,100.0,0.08,converged,,bfgs_after_fire,"[{""ase_converged"": false, ""converged"": false, ""end_geometry_sha256"": ""3dfa706c6c78659ec70508b0ffbdd8c0111a4dc5884f90c721f5c87676a09105"", ""failure_class"": ""force_threshold"", ""max_force_eV_A"": 0.20955217613791988, ""name"": ""bfgs_standard"", ""start_geometry_sha256"": ""cb97efea7e4e58bdb6ddb72c086915a84a060ec7b68627ce87edf53a2c66c23e"", ""steps"": 100}, {""ase_converged"": false, ""converged"": false, ""end_geometry_sha256"": ""99cc5df415aa97c3462060ded2cdaff3b61af4a9f1aa6b7d2cfd971c82a0040b"", ""failure_class"": ""force_threshold"", ""max_force_eV_A"": 0.6218472767281897, ""name"": ""fire_precondition"", ""qualifying"": false, ""start_geometry_sha256"": ""cb97efea7e4e58bdb6ddb72c086915a84a060ec7b68627ce87edf53a2c66c23e"", ""steps"": 50}, {""ase_converged"": true, ""converged"": true, ""end_geometry_sha256"": ""3cf5a35d98a5755762f7c18027f1d248a69f4906170b8ab88d0313bc362b8774"", ""failure_class"": null, ""max_force_eV_A"": 0.06551839406095274, ""name"": ""bfgs_after_fire"", ""start_geometry_sha256"": ""99cc5df415aa97c3462060ded2cdaff3b61af4a9f1aa6b7d2cfd971c82a0040b"", ""steps"": 127}]",3cf5a35d98a5755762f7c18027f1d248a69f4906170b8ab88d0313bc362b8774,-9.214866814464331,True,0.07896028345410779,99.0,100.0,0.08,converged,,bfgs_standard,"[{""ase_converged"": true, ""converged"": true, ""end_geometry_sha256"": ""f5d6871f4432a9160086aeb0ec16ab9247defb01bf67a80033119caa3427b202"", ""failure_class"": null, ""max_force_eV_A"": 0.07896028345410779, ""name"": ""bfgs_standard"", ""start_geometry_sha256"": ""ea03848e2057c9f5c3486b11be8940913ff261b362c9535c4959759c443f4bbc"", ""steps"": 99}]",f5d6871f4432a9160086aeb0ec16ab9247defb01bf67a80033119caa3427b202,-8.312344633787866,True,0.07584491304826949,271.0,100.0,0.08,converged,,bfgs_after_fire,"[{""ase_converged"": false, ""converged"": false, ""end_geometry_sha256"": ""02087e4575813e0aca5e5d3940d392ac50b09a7f6ce4995e1b93c8707f11508d"", ""failure_class"": ""force_threshold"", ""max_force_eV_A"": 0.2743102443117286, ""name"": ""bfgs_standard"", ""start_geometry_sha256"": ""a68abf834782efd6d4bea892e993213c2279a1a0643fb3830671523d88ad5e0a"", ""steps"": 100}, {""ase_converged"": false, ""converged"": false, ""end_geometry_sha256"": ""8492adba1414f9f684820dbceb7ac16f89c479880f4d428620a9beea68eb6a35"", ""failure_class"": ""force_threshold"", ""max_force_eV_A"": 1.1851816422179386, ""name"": ""fire_precondition"", ""qualifying"": false, ""start_geometry_sha256"": ""a68abf834782efd6d4bea892e993213c2279a1a0643fb3830671523d88ad5e0a"", ""steps"": 50}, {""ase_converged"": true, ""converged"": true, ""end_geometry_sha256"": ""9271da643eee317d72bd8f868c192ad1cf6956a8c9bf2cbe70886ac10ae44a48"", ""failure_class"": null, ""max_force_eV_A"": 0.07584491304826949, ""name"": ""bfgs_after_fire"", ""start_geometry_sha256"": ""8492adba1414f9f684820dbceb7ac16f89c479880f4d428620a9beea68eb6a35"", ""steps"": 121}]",9271da643eee317d72bd8f868c192ad1cf6956a8c9bf2cbe70886ac10ae44a48,-11.176241447031494,10.443866814464332,step_4_H2O,9.0,0.0,True,17.527211448252196,,True,validation_required,0,0,02292cf9ef96cd5d0b07,False,Unphysical dG_OOH_eV=-11.18 eV
"('COF', 'V', 'Phenazine', 'N2P2', 6.0)",COF,False,esen-sm-conserving-all-oc25:relax-v4:orr-che-v3,True,0.0740185936930907,367,150,0.08,converged,,bfgs_after_fire,"[{""ase_converged"": false, ""converged"": false, ""end_geometry_sha256"": ""fefeb91f8e6f46babc51ba236098701144d26841eec71e508692827f38fc3e85"", ""failure_class"": ""force_threshold"", ""max_force_eV_A"": 65.75727155457125, ""name"": ""bfgs_standard"", ""start_geometry_sha256"": ""4d80a128be45d70df5776f7978edd3429a662accf34afe7ced92a82da9e048a3"", ""steps"": 150}, {""ase_converged"": false, ""converged"": false, ""end_geometry_sha256"": ""de07bfdb236946a190926476e7c18e6e4f95d40aa15e6b46375c3038462603a0"", ""failure_class"": ""force_threshold"", ""max_force_eV_A"": 20.738732107064603, ""name"": ""fire_precondition"", ""qualifying"": false, ""start_geometry_sha256"": ""4d80a128be45d70df5776f7978edd3429a662accf34afe7ced92a82da9e048a3"", ""steps"": 75}, {""ase_converged"": true, ""converged"": true, ""end_geometry_sha256"": ""6b012e1a6a7238d9da7944b323a140c7b708e8ecc1d17dd2c5753dbc12f1f983"", ""failure_class"": null, ""max_force_eV_A"": 0.0740185936930907, ""name"": ""bfgs_after_fire"", ""start_geometry_sha256"": ""de07bfdb236946a190926476e7c18e6e4f95d40aa15e6b46375c3038462603a0"", ""steps"": 142}]",6b012e1a6a7238d9da7944b323a140c7b708e8ecc1d17dd2c5753dbc12f1f983,-111.05934861460523,False,,0.0,100.0,0.08,invalid_initial_geometry,atomic_overlap,none,[],380d084f9a6dbd7d9db2a1c88bbaaa4f8bb79489d67d6b57998d55354221b59f,,,,,,,,,,,,,,,,,,,,,,,,,,,,,,,True,validation_required,2,2,9d7540ca63e46d5d1aa0,False,Invalid oh initial geometry: atomic_overlap
"('COF', 'V', 'Azine', 'N4O2', 18.0)",COF,True,esen-sm-conserving-all-oc25:relax-v4:orr-che-v3,True,0.05832393704904207,47,150,0.08,converged,,bfgs_standard,"[{""ase_converged"": true, ""converged"": true, ""end_geometry_sha256"": ""f9df87d4beb7c626a7f663920c1f754e9c895aa4f3179433276884fbf58fb658"", ""failure_class"": null, ""max_force_eV_A"": 0.05832393704904207, ""name"": ""bfgs_standard"", ""start_geometry_sha256"": ""48761217b8edf27de0610246808928b4775a830b7233b8e3eaaee36f3e16f84b"", ""steps"": 47}]",f9df87d4beb7c626a7f663920c1f754e9c895aa4f3179433276884fbf58fb658,-123.80685092216567,True,0.07010795156568371,303.0,100.0,0.08,converged,,bfgs_after_fire,"[{""ase_converged"": false, ""converged"": false, ""end_geometry_sha256"": ""3a3d025f49a8ee6cc04950d5ce35913f0a40a5c719a83f6b6f830d279f7945a5"", ""failure_class"": ""force_threshold"", ""max_force_eV_A"": 0.17323117869128313, ""name"": ""bfgs_standard"", ""start_geometry_sha256"": ""ebdfd1aa73c9252ae66c019f2a4227c0a4273adbb366fead1502904339660bc2"", ""steps"": 100}, {""ase_converged"": false, ""converged"": false, ""end_geometry_sha256"": ""f7402790dc2f824fb39586d627b0354dd3a6da8a5da7382751e9b1356c804b28"", ""failure_class"": ""force_threshold"", ""max_force_eV_A"": 6.205432434110876, ""name"": ""fire_precondition"", ""qualifying"": false, ""start_geometry_sha256"": ""ebdfd1aa73c9252ae66c019f2a4227c0a4273adbb366fead1502904339660bc2"", ""steps"": 50}, {""ase_converged"": true, ""converged"": true, ""end_geometry_sha256"": ""a1f6be65b6dc7403f9540b0f47dce4b7362a087d614f26e317cb0421c1e2cb53"", ""failure_class"": null, ""max_force_eV_A"": 0.07010795156568371, ""name"": ""bfgs_after_fire"", ""start_geometry_sha256"": ""f7402790dc2f824fb39586d627b0354dd3a6da8a5da7382751e9b1356c804b28"", ""steps"": 153}]",a1f6be65b6dc7403f9540b0f47dce4b7362a087d614f26e317cb0421c1e2cb53,-5.403755364269019,True,0.07468513230755178,232.0,100.0,0.08,converged,,bfgs_after_fire,"[{""ase_converged"": false, ""converged"": false, ""end_geometry_sha256"": ""c113fc12f2560a918b3b6df881d6afc1de93eba0bcd54a5a497d30ffaeb59f02"", ""failure_class"": ""force_threshold"", ""max_force_eV_A"": 0.7030779887229438, ""name"": ""bfgs_standard"", ""start_geometry_sha256"": ""4b6f323065cc454ae7c5845f6314a35b3475a16ca09e763c7f49719f1f09743e"", ""steps"": 100}, {""ase_converged"": false, ""converged"": false, ""end_geometry_sha256"": ""47df89c3e8f615470538626f04276a11ab2e08b049f076945ad7045ca12c1895"", ""failure_class"": ""force_threshold"", ""max_force_eV_A"": 2.5661851677535523, ""name"": ""fire_precondition"", ""qualifying"": false, ""start_geometry_sha256"": ""4b6f323065cc454ae7c5845f6314a35b3475a16ca09e763c7f49719f1f09743e"", ""steps"": 50}, {""ase_converged"": true, ""converged"": true, ""end_geometry_sha256"": ""d8e03f84650f239563bd869bf9509d9827a787e1951a59fc1ede384915b23359"", ""failure_class"": null, ""max_force_eV_A"": 0.07468513230755178, ""name"": ""bfgs_after_fire"", ""start_geometry_sha256"": ""47df89c3e8f615470538626f04276a11ab2e08b049f076945ad7045ca12c1895"", ""steps"": 82}]",d8e03f84650f239563bd869bf9509d9827a787e1951a59fc1ede384915b23359,-3.381253325194117,True,0.07857748004596879,435.0,100.0,0.08,converged,,fire_small_step,"[{""ase_converged"": false, ""converged"": false, ""end_geometry_sha256"": ""9a85a699873964b67e24e5b8c8ead1a0677f77ef19a9d7d73d9bde710dcb7374"", ""failure_class"": ""force_threshold"", ""max_force_eV_A"": 0.8665439496682754, ""name"": ""bfgs_standard"", ""start_geometry_sha256"": ""3e0f1c0ac2412da6b30f66fa7d979f55b37a50bca5539d7f4b38bf587dc63fca"", ""steps"": 100}, {""ase_converged"": false, ""converged"": false, ""end_geometry_sha256"": ""a76c5db4f9c3dc2fff46c20842feae63421745336158b3d39a1e8ab95eaa544a"", ""failure_class"": ""force_threshold"", ""max_force_eV_A"": 10.258712717972545, ""name"": ""fire_precondition"", ""qualifying"": false, ""start_geometry_sha256"": ""3e0f1c0ac2412da6b30f66fa7d979f55b37a50bca5539d7f4b38bf587dc63fca"", ""steps"": 50}, {""ase_converged"": false, ""converged"": false, ""end_geometry_sha256"": ""de4a266255e96ae7ee0b0cc6e10e520fb2daa600ebfc9387350623078fd427ca"", ""failure_class"": ""force_threshold"", ""max_force_eV_A"": 1.9706264489179544, ""name"": ""bfgs_after_fire"", ""start_geometry_sha256"": ""a76c5db4f9c3dc2fff46c20842feae63421745336158b3d39a1e8ab95eaa544a"", ""steps"": 200}, {""ase_converged"": true, ""converged"": true, ""end_geometry_sha256"": ""80798cc5f4e8b6eff2f6f1ac828f4e51041cc2c0e95fa136d66b897d2373571f"", ""failure_class"": null, ""max_force_eV_A"": 0.07857748004596879, ""name"": ""fire_small_step"", ""start_geometry_sha256"": ""9a85a699873964b67e24e5b8c8ead1a0677f77ef19a9d7d73d9bde710dcb7374"", ""steps"": 85}]",80798cc5f4e8b6eff2f6f1ac828f4e51041cc2c0e95fa136d66b897d2373571f,-4.341973830759521,3.0,step_4_H2O,9.0,0.0,True,8.785008689463137,0.447500000035,True,quantitative_screening,2,2,196fffe942dcb132d578,False,
"('COF', 'V', 'Squaraine', 'N2O2', 25.0)",COF,False,esen-sm-conserving-all-oc25:relax-v4:orr-che-v3,True,0.0794880033732461,143,150,0.08,converged,,bfgs_standard,"[{""ase_converged"": true, ""converged"": true, ""end_geometry_sha256"": ""890b6ee06d0cce971124a89337d24627b790c30a0a01a75a782a9f28debc0a73"", ""failure_class"": null, ""max_force_eV_A"": 0.0794880033732461, ""name"": ""bfgs_standard"", ""start_geometry_sha256"": ""ba38ecd4352222949c497f42c842531601c8d72837dc81895bace847f68becc8"", ""steps"": 143}]",890b6ee06d0cce971124a89337d24627b790c30a0a01a75a782a9f28debc0a73,-169.19799768580955,False,0.4948553090717148,650.0,100.0,0.08,recovery_exhausted,force_threshold,fire_small_step,"[{""ase_converged"": false, ""converged"": false, ""end_geometry_sha256"": ""c48186ea1b6d57032cdb6fcb0226eafbce35576ecb88bedce61becad465c0c0d"", ""failure_class"": ""force_threshold"", ""max_force_eV_A"": 1.1942467447797758, ""name"": ""bfgs_standard"", ""start_geometry_sha256"": ""94033f9f0722f58aad07fc5ff301f6b5e9a6adbb42a41f3426db3769f4e0c229"", ""steps"": 100}, {""ase_converged"": false, ""converged"": false, ""end_geometry_sha256"": ""92f468902c15460010781ab722bc53f1e5d1f09372855b56552e9865213b79ae"", ""failure_class"": ""force_threshold"", ""max_force_eV_A"": 0.4948638155583784, ""name"": ""fire_precondition"", ""qualifying"": false, ""start_geometry_sha256"": ""94033f9f0722f58aad07fc5ff301f6b5e9a6adbb42a41f3426db3769f4e0c229"", ""steps"": 50}, {""ase_converged"": false, ""converged"": false, ""end_geometry_sha256"": ""6b445121a7d0d7e6763304536d0f829eb4a9210ae8c7ef16b4d2f47a21e913f6"", ""failure_class"": ""force_threshold"", ""max_force_eV_A"": 0.5667347633804496, ""name"": ""bfgs_after_fire"", ""start_geometry_sha256"": ""92f468902c15460010781ab722bc53f1e5d1f09372855b56552e9865213b79ae"", ""steps"": 200}, {""ase_converged"": false, ""converged"": false, ""end_geometry_sha256"": ""c72588df8157cbf6b6762c9f56098e04a1a5077c690006cd7021bc990d3bc351"", ""failure_class"": ""force_threshold"", ""max_force_eV_A"": 0.4948553090717148, ""name"": ""fire_small_step"", ""start_geometry_sha256"": ""92f468902c15460010781ab722bc53f1e5d1f09372855b56552e9865213b79ae"", ""steps"": 300}]",c72588df8157cbf6b6762c9f56098e04a1a5077c690006cd7021bc990d3bc351,,,,,,,,,,,,,,,,,,,,,,,,,,,,,,,True,validation_required,1,1,5953da82ffa6b8cc08b9,False,Unconverged oh relaxation: max_force=0.494855 eV/A after 650 cumulative recovery steps
"('COF', 'V', 'Squaraine', 'S4', 40.0)",COF,True,esen-sm-conserving-all-oc25:relax-v4:orr-che-v3,True,0.0742204627683239,859,150,0.08,converged,,fire_small_step,"[{""ase_converged"": false, ""converged"": false, ""end_geometry_sha256"": ""863f8f6629da3af16143bf189431b129f850fa2f512c422d894b7bcf66a7eb5b"", ""failure_class"": ""force_threshold"", ""max_force_eV_A"": 0.7739635915352286, ""name"": ""bfgs_standard"", ""start_geometry_sha256"": ""899405157bdf9c2f6f7383ae8cf484c9908f9fa19cbee8986c6e68847c856615"", ""steps"": 150}, {""ase_converged"": false, ""converged"": false, ""end_geometry_sha256"": ""d77cf0a3624a5042b4253a39e928ea5b874f92bb01bcf12fb9a4154625541303"", ""failure_class"": ""force_threshold"", ""max_force_eV_A"": 3.1838234902109717, ""name"": ""fire_precondition"", ""qualifying"": false, ""start_geometry_sha256"": ""899405157bdf9c2f6f7383ae8cf484c9908f9fa19cbee8986c6e68847c856615"", ""steps"": 75}, {""ase_converged"": false, ""converged"": false, ""end_geometry_sha256"": ""fed4708c6fe1c57a426aeca25d920d36f3f4a78254c9463f878a08bc16eb65a1"", ""failure_class"": ""force_threshold"", ""max_force_eV_A"": 0.55173350626674, ""name"": ""bfgs_after_fire"", ""start_geometry_sha256"": ""d77cf0a3624a5042b4253a39e928ea5b874f92bb01bcf12fb9a4154625541303"", ""steps"": 300}, {""ase_converged"": true, ""converged"": true, ""end_geometry_sha256"": ""7c8eb43c4586fb23226e5eb2305a084d459c0d0547b00945aa283d7ee61de28f"", ""failure_class"": null, ""max_force_eV_A"": 0.0742204627683239, ""name"": ""fire_small_step"", ""start_geometry_sha256"": ""fed4708c6fe1c57a426aeca25d920d36f3f4a78254c9463f878a08bc16eb65a1"", ""steps"": 334}]",7c8eb43c4586fb23226e5eb2305a084d459c0d0547b00945aa283d7ee61de28f,-191.4376485886965,True,0.07327420096585326,94.0,100.0,0.08,converged,,bfgs_standard,"[{""ase_converged"": true, ""converged"": true, ""end_geometry_sha256"": ""4a99b26e5bb62e665ec68c2f9e1ede7ff795982daa9eb178bad0dc028c6206b2"", ""failure_class"": null, ""max_force_eV_A"": 0.07327420096585326, ""name"": ""bfgs_standard"", ""start_geometry_sha256"": ""3d8e5a76b10448c24bd759e7add0cfa8aae9e17f62cceb2e615f11f7d8020340"", ""steps"": 94}]",4a99b26e5bb62e665ec68c2f9e1ede7ff795982daa9eb178bad0dc028c6206b2,-1.8574487541615963,True,0.07885360513817724,45.0,100.0,0.08,converged,,bfgs_standard,"[{""ase_converged"": true, ""converged"": true, ""end_geometry_sha256"": ""4782bbaa8719f23fd3501693f87a57358cc43d9f3119ebb6315a03d106942cf6"", ""failure_class"": null, ""max_force_eV_A"": 0.07885360513817724, ""name"": ""bfgs_standard"", ""start_geometry_sha256"": ""5316d253ab3983126f974a9b102ba04a54d6fa502aa6665bcb7f676c1a30094e"", ""steps"": 45}]",4782bbaa8719f23fd3501693f87a57358cc43d9f3119ebb6315a03d106942cf6,-1.9422083728015387,True,0.07954785450470979,253.0,100.0,0.08,converged,,bfgs_after_fire,"[{""ase_converged"": false, ""converged"": false, ""end_geometry_sha256"": ""4d1edd44ddc147323ace4ce811902117191e159875b04dd2bff2ac94ac36bfee"", ""failure_class"": ""force_threshold"", ""max_force_eV_A"": 0.21680999713506208, ""name"": ""bfgs_standard"", ""start_geometry_sha256"": ""880ac91c88b61bdef1ea2dec0705898ebf76f43e0ea1582137b1ff7240349093"", ""steps"": 100}, {""ase_converged"": false, ""converged"": false, ""end_geometry_sha256"": ""7d5f07da3e58112c27c5c53e0204060c5aa5a53a49501e1667d46d7b6a41e24d"", ""failure_class"": ""force_threshold"", ""max_force_eV_A"": 1.137730857026545, ""name"": ""fire_precondition"", ""qualifying"": false, ""start_geometry_sha256"": ""880ac91c88b61bdef1ea2dec0705898ebf76f43e0ea1582137b1ff7240349093"", ""steps"": 50}, {""ase_converged"": true, ""converged"": true, ""end_geometry_sha256"": ""5ba8d92a834b0fb492e93bef0ee5b6113141854f681a3e238fe400e5ee024c7b"", ""failure_class"": null, ""max_force_eV_A"": 0.07954785450470979, ""name"": ""bfgs_after_fire"", ""start_geometry_sha256"": ""7d5f07da3e58112c27c5c53e0204060c5aa5a53a49501e1667d46d7b6a41e24d"", ""steps"": 103}]",5ba8d92a834b0fb492e93bef0ee5b6113141854f681a3e238fe400e5ee024c7b,-3.5305696025490727,3.0,step_4_H2O,9.0,0.0,True,3.799657126963135,0.447500000035,True,quantitative_screening,0,0,520bdebe30c90ea92db5,False,
"('COF', 'V', 'Dioxin', 'O6', 12.0)",COF,True,esen-sm-conserving-all-oc25:relax-v4:orr-che-v3,True,0.06457327524649939,12,150,0.08,converged,,bfgs_standard,"[{""ase_converged"": true, ""converged"": true, ""end_geometry_sha256"": ""95d0fc2b1d47e5204ea2ad71aaa3f610cef1992c76526f4041dad3a43754bfb3"", ""failure_class"": null, ""max_force_eV_A"": 0.06457327524649939, ""name"": ""bfgs_standard"", ""start_geometry_sha256"": ""00bbce17f0af089b03835e8e0a0247aacce8c705cc33a791568467a00517cbe7"", ""steps"": 12}]",95d0fc2b1d47e5204ea2ad71aaa3f610cef1992c76526f4041dad3a43754bfb3,-136.10082579856947,True,0.057306696837270195,24.0,100.0,0.08,converged,,bfgs_standard,"[{""ase_converged"": true, ""converged"": true, ""end_geometry_sha256"": ""3264bf4a593b887c3135fec8a36ada60348adcd7dfbfe7d0a120cbfc18c0fd91"", ""failure_class"": null, ""max_force_eV_A"": 0.057306696837270195, ""name"": ""bfgs_standard"", ""start_geometry_sha256"": ""876dc40809273a326f070ad2636524fb8dc8637e2cdd1054d8524b319a444973"", ""steps"": 24}]",3264bf4a593b887c3135fec8a36ada60348adcd7dfbfe7d0a120cbfc18c0fd91,-2.855233249515295,True,0.025002951946711326,28.0,100.0,0.08,converged,,bfgs_standard,"[{""ase_converged"": true, ""converged"": true, ""end_geometry_sha256"": ""06d5aa6086d75f52ba3eaef3a7377059a4d819cbec3f4d44d75b3acf817b1399"", ""failure_class"": null, ""max_force_eV_A"": 0.025002951946711326, ""name"": ""bfgs_standard"", ""start_geometry_sha256"": ""01dd1be936f951cccacdb4b080f7360b303c03d999d92cb283a1902c8da036a6"", ""steps"": 28}]",06d5aa6086d75f52ba3eaef3a7377059a4d819cbec3f4d44d75b3acf817b1399,-2.8794797293841805,True,0.07517283335654522,42.0,100.0,0.08,converged,,bfgs_standard,"[{""ase_converged"": true, ""converged"": true, ""end_geometry_sha256"": ""af6ca8aa4bbf757a6242596de2e07ed15e833d8a2c432f27c7921ba16e933dfd"", ""failure_class"": null, ""max_force_eV_A"": 0.07517283335654522, ""name"": ""bfgs_standard"", ""start_geometry_sha256"": ""0fd1153d3bdd097394fcb2ad477f4f4296ab2b5f12e8d107c8f4d97bcf38e5ab"", ""steps"": 42}]",af6ca8aa4bbf757a6242596de2e07ed15e833d8a2c432f27c7921ba16e933dfd,-2.3201416030526127,3.0,step_4_H2O,9.0,0.0,True,5.734712978899475,0.447500000035,True,quantitative_screening,1,1,30e85e1f478bbc1c149a,False,
"('COF', 'V', 'Amide', 'P4', 18.0)",COF,True,esen-sm-conserving-all-oc25:relax-v4:orr-che-v3,True,0.07574389033001382,425,150,0.08,converged,,bfgs_after_fire,"[{""ase_converged"": false, ""converged"": false, ""end_geometry_sha256"": ""67fa578d633cbe4136e4c397fa8ef1949c1c356b2cf3ddc060f35bdb46755d18"", ""failure_class"": ""force_threshold"", ""max_force_eV_A"": 0.11445604619246393, ""name"": ""bfgs_standard"", ""start_geometry_sha256"": ""283c5f91372a8740aeb8cd3363a971a276ebca1482e414f88ff90f77daa896b2"", ""steps"": 150}, {""ase_converged"": true, ""converged"": true, ""end_geometry_sha256"": ""2061b9d97fba57b27c89f78c1b99f8b2661fabbefb1a5919e77ba3bbb476a279"", ""failure_class"": null, ""max_force_eV_A"": 0.24934036468398085, ""name"": ""fire_precondition"", ""qualifying"": false, ""start_geometry_sha256"": ""283c5f91372a8740aeb8cd3363a971a276ebca1482e414f88ff90f77daa896b2"", ""steps"": 20}, {""ase_converged"": true, ""converged"": true, ""end_geometry_sha256"": ""b3dd4676363b13a2cfac6c415c0fd6c398cbe3147b19adde68277900df19c736"", ""failure_class"": null, ""max_force_eV_A"": 0.07574389033001382, ""name"": ""bfgs_after_fire"", ""start_geometry_sha256"": ""2061b9d97fba57b27c89f78c1b99f8b2661fabbefb1a5919e77ba3bbb476a279"", ""steps"": 255}]",b3dd4676363b13a2cfac6c415c0fd6c398cbe3147b19adde68277900df19c736,-131.62587596183852,True,0.059857213115258066,73.0,100.0,0.08,converged,,bfgs_standard,"[{""ase_converged"": true, ""converged"": true, ""end_geometry_sha256"": ""bce71b19dd4c70cb1249fb0992c98e6f66b8f0d384c802103af41ac6b695b2bf"", ""failure_class"": null, ""max_force_eV_A"": 0.059857213115258066, ""name"": ""bfgs_standard"", ""start_geometry_sha256"": ""257595bbc3c3b80ccb20462ae17118229374176a09a900b8ecff5a9aaeb31a25"", ""steps"": 73}]",bce71b19dd4c70cb1249fb0992c98e6f66b8f0d384c802103af41ac6b695b2bf,-1.6343757484853267,True,0.06989594931108066,62.0,100.0,0.08,converged,,bfgs_standard,"[{""ase_converged"": true, ""converged"": true, ""end_geometry_sha256"": ""d52a432bba7097618ebfa1b1bb2af135919b436cc6c8ea7687b25e85c02b8feb"", ""failure_class"": null, ""max_force_eV_A"": 0.06989594931108066, ""name"": ""bfgs_standard"", ""start_geometry_sha256"": ""ab5f8d124af0d610369d1aca96d70487e297701f32ee0505a89de331c67914df"", ""steps"": 62}]",d52a432bba7097618ebfa1b1bb2af135919b436cc6c8ea7687b25e85c02b8feb,-1.3052965037524664,True,0.05891893677050091,254.0,100.0,0.08,converged,,bfgs_after_fire,"[{""ase_converged"": false, ""converged"": false, ""end_geometry_sha256"": ""50774ac0151e77948747440072c564e0161ad26dd50acb70b84943db169d9a68"", ""failure_class"": ""force_threshold"", ""max_force_eV_A"": 0.1632144908811092, ""name"": ""bfgs_standard"", ""start_geometry_sha256"": ""7c5604a706c7961c82ef7eba970f8998b43b873dfcead3f81a269344f078785a"", ""steps"": 100}, {""ase_converged"": false, ""converged"": false, ""end_geometry_sha256"": ""1db5e99da0f9e7e22b79f593f77156ab3db3744708ffc9e790d41ac6e297f0c3"", ""failure_class"": ""force_threshold"", ""max_force_eV_A"": 1.9924951736928942, ""name"": ""fire_precondition"", ""qualifying"": false, ""start_geometry_sha256"": ""7c5604a706c7961c82ef7eba970f8998b43b873dfcead3f81a269344f078785a"", ""steps"": 50}, {""ase_converged"": true, ""converged"": true, ""end_geometry_sha256"": ""76b09c767cdb7e6d56619d0a30479c9eca495bb2da8ceb77fecfabeb870e06c3"", ""failure_class"": null, ""max_force_eV_A"": 0.05891893677050091, ""name"": ""bfgs_after_fire"", ""start_geometry_sha256"": ""1db5e99da0f9e7e22b79f593f77156ab3db3744708ffc9e790d41ac6e297f0c3"", ""steps"": 104}]",76b09c767cdb7e6d56619d0a30479c9eca495bb2da8ceb77fecfabeb870e06c3,-1.0777354732155764,2.8633757484853266,step_4_H2O,9.0,0.0,True,2.939672252237793,0.447500000035,True,quantitative_screening,1,1,f49b5ceb453cee0bfca4,False,
"('COF', 'Cr', 'Triazine', 'N3S', 4.0)",COF,True,esen-sm-conserving-all-oc25:relax-v4:orr-che-v3,True,0.07157384231014546,75,150,0.08,converged,,bfgs_standard,"[{""ase_converged"": true, ""converged"": true, ""end_geometry_sha256"": ""d2d05d30d103ecb98b0edd9ca7b035c3543051797103ee2c50a9ebae30ff4f88"", ""failure_class"": null, ""max_force_eV_A"": 0.07157384231014546, ""name"": ""bfgs_standard"", ""start_geometry_sha256"": ""85b19dd0758a9c16b916cf792fd518e134cf589e41c6e2e619c5fd07e59bf8b1"", ""steps"": 75}]",d2d05d30d103ecb98b0edd9ca7b035c3543051797103ee2c50a9ebae30ff4f88,-132.4508171122276,True,0.0750797403039443,66.0,100.0,0.08,converged,,bfgs_standard,"[{""ase_converged"": true, ""converged"": true, ""end_geometry_sha256"": ""64d97deaa6f0de496f615b20504089ce3dbf5258caed4a18dfe8d81eb93cd3a3"", ""failure_class"": null, ""max_force_eV_A"": 0.0750797403039443, ""name"": ""bfgs_standard"", ""start_geometry_sha256"": ""824f5d7b7a19c0f542dddefdcc9822e642020d02380698a682be741a4f727beb"", ""steps"": 66}]",64d97deaa6f0de496f615b20504089ce3dbf5258caed4a18dfe8d81eb93cd3a3,-0.537562784999609,True,0.05901444722983793,50.0,100.0,0.08,converged,,bfgs_standard,"[{""ase_converged"": true, ""converged"": true, ""end_geometry_sha256"": ""86fe7e10d8089a7ae1d28614202edb11f8ae7e2e3860b6f877eab7c340cc29d3"", ""failure_class"": null, ""max_force_eV_A"": 0.05901444722983793, ""name"": ""bfgs_standard"", ""start_geometry_sha256"": ""6dec63242be9888ece799067c1a75830be991b2883f18679779fd02b938536c0"", ""steps"": 50}]",86fe7e10d8089a7ae1d28614202edb11f8ae7e2e3860b6f877eab7c340cc29d3,-0.8543272845447027,True,0.07579241613539991,283.0,100.0,0.08,converged,,bfgs_after_fire,"[{""ase_converged"": false, ""converged"": false, ""end_geometry_sha256"": ""e1ae3cd4f3a37d9ffb5d5e844a30fdf2ae410106bd85d05115d8f0399168ecb5"", ""failure_class"": ""force_threshold"", ""max_force_eV_A"": 1.4170377412953101, ""name"": ""bfgs_standard"", ""start_geometry_sha256"": ""78f723f307bbf97818a8c614637e8a5d51ea78a4f864f841d3412aedbca4f155"", ""steps"": 100}, {""ase_converged"": false, ""converged"": false, ""end_geometry_sha256"": ""e684509516ef8b557c506e3b30d6b1f8628f7899f4b45debc8fb33c8693d1fcc"", ""failure_class"": ""force_threshold"", ""max_force_eV_A"": 1.4073199867525055, ""name"": ""fire_precondition"", ""qualifying"": false, ""start_geometry_sha256"": ""78f723f307bbf97818a8c614637e8a5d51ea78a4f864f841d3412aedbca4f155"", ""steps"": 50}, {""ase_converged"": true, ""converged"": true, ""end_geometry_sha256"": ""3cadf0fe38b3d42a55dbc1f24b0c9743d699de8af4f15eaa4246d14fcf951af8"", ""failure_class"": null, ""max_force_eV_A"": 0.07579241613539991, ""name"": ""bfgs_after_fire"", ""start_geometry_sha256"": ""e684509516ef8b557c506e3b30d6b1f8628f7899f4b45debc8fb33c8693d1fcc"", ""steps"": 133}]",3cadf0fe38b3d42a55dbc1f24b0c9743d699de8af4f15eaa4246d14fcf951af8,-0.12631921917199732,1.766562784999609,step_4_H2O,9.0,0.0,True,1.3918900695443117,0.447500000035,True,quantitative_screening,2,2,9c197246a483780ae9fa,False,
"('COF', 'Cr', 'Boroxine', 'N6', 12.0)",COF,True,esen-sm-conserving-all-oc25:relax-v4:orr-che-v3,True,0.06217548984085958,36,150,0.08,converged,,bfgs_standard,"[{""ase_converged"": true, ""converged"": true, ""end_geometry_sha256"": ""0318a9b518b40c34a2f15dfbe64e4fc79c9fe23da2c5ea62098eedb5949632f4"", ""failure_class"": null, ""max_force_eV_A"": 0.06217548984085958, ""name"": ""bfgs_standard"", ""start_geometry_sha256"": ""6a86582bdd2d88232c7b4bd2bcb04b6027363cf2e2f6609ad4fd42ab5da065ae"", ""steps"": 36}]",0318a9b518b40c34a2f15dfbe64e4fc79c9fe23da2c5ea62098eedb5949632f4,-148.21013470871,True,0.06353007621710312,50.0,100.0,0.08,converged,,bfgs_standard,"[{""ase_converged"": true, ""converged"": true, ""end_geometry_sha256"": ""45f0993876bb34ee73049a4b91f28a9a4982f6b47d0f805417524785328d608c"", ""failure_class"": null, ""max_force_eV_A"": 0.06353007621710312, ""name"": ""bfgs_standard"", ""start_geometry_sha256"": ""86669bc7d88af8c1a695c290611c2c1220b7d3593931478fb3dadb4491544a42"", ""steps"": 50}]",45f0993876bb34ee73049a4b91f28a9a4982f6b47d0f805417524785328d608c,-0.6767570351064205,True,0.07478346280271979,20.0,100.0,0.08,converged,,bfgs_standard,"[{""ase_converged"": true, ""converged"": true, ""end_geometry_sha256"": ""1269420835effdb04ac9b9c5c1cf6db101cc45efee8619244cc59313054e5a80"", ""failure_class"": null, ""max_force_eV_A"": 0.07478346280271979, ""name"": ""bfgs_standard"", ""start_geometry_sha256"": ""e14fd740f083b0cdb4b10a0ae9cda487dd9884f57a0ce0fb5c5e871a2a771c65"", ""steps"": 20}]",1269420835effdb04ac9b9c5c1cf6db101cc45efee8619244cc59313054e5a80,-0.9265280596911871,True,0.06940441007155163,42.0,100.0,0.08,converged,,bfgs_standard,"[{""ase_converged"": true, ""converged"": true, ""end_geometry_sha256"": ""06288b7b974320d0a5275d9b7530f2d37f95fe71724a8598a01de8573a757570"", ""failure_class"": null, ""max_force_eV_A"": 0.06940441007155163, ""name"": ""bfgs_standard"", ""start_geometry_sha256"": ""f4277da24b5bfe104a517ca0ced4d3e41851dc6e1e5203b585255b0ab56dfeec"", ""steps"": 42}]",06288b7b974320d0a5275d9b7530f2d37f95fe71724a8598a01de8573a757570,1.3734068378806148,1.9057570351064206,step_4_H2O,9.0,0.0,True,1.6032850947976076,0.447500000035,True,quantitative_screening,2,2,7b9dd4ed63a4e21fb246,False,
"('COF', 'Cr', 'Phenazine', 'N2O2', 14.0)",COF,True,esen-sm-conserving-all-oc25:relax-v4:orr-che-v3,True,0.06890991233136422,93,150,0.08,converged,,bfgs_standard,"[{""ase_converged"": true, ""converged"": true, ""end_geometry_sha256"": ""a5313898ab9dcebb8a9b02e3ba34c67c5fc33978c8961ba8eb23a20c01314dae"", ""failure_class"": null, ""max_force_eV_A"": 0.06890991233136422, ""name"": ""bfgs_standard"", ""start_geometry_sha256"": ""4a8515b7a04085247f5eda3cb94233dbd0451ea2bd2991a751702ca24032ed7e"", ""steps"": 93}]",a5313898ab9dcebb8a9b02e3ba34c67c5fc33978c8961ba8eb23a20c01314dae,-126.85647184866858,True,0.06159436234556476,33.0,100.0,0.08,converged,,bfgs_standard,"[{""ase_converged"": true, ""converged"": true, ""end_geometry_sha256"": ""298d6529871844c77a9ba1349652926a5f9c8ea55c04e91322d84018e0f4247d"", ""failure_class"": null, ""max_force_eV_A"": 0.06159436234556476, ""name"": ""bfgs_standard"", ""start_geometry_sha256"": ""1b996d048a7f1d4706dad6539531362b5cb98094929dc522a548293cb7f12968"", ""steps"": 33}]",298d6529871844c77a9ba1349652926a5f9c8ea55c04e91322d84018e0f4247d,-0.7601987694203853,True,0.07588138602570528,18.0,100.0,0.08,converged,,bfgs_standard,"[{""ase_converged"": true, ""converged"": true, ""end_geometry_sha256"": ""b6262b0d1c91c00b3e16e117a1fbfbf61eff5a09668afc8f40b7a86c4bcfc3cf"", ""failure_class"": null, ""max_force_eV_A"": 0.07588138602570528, ""name"": ""bfgs_standard"", ""start_geometry_sha256"": ""6c0d04aee794d65967e2bbe4c2a9377c8f345cf3eb828f628e9ffc3ac647cd74"", ""steps"": 18}]",b6262b0d1c91c00b3e16e117a1fbfbf61eff5a09668afc8f40b7a86c4bcfc3cf,-0.5571509234607184,True,0.07936371235072516,31.0,100.0,0.08,converged,,bfgs_standard,"[{""ase_converged"": true, ""converged"": true, ""end_geometry_sha256"": ""854c9af8882f2013bea26a23f89709309e235cd80d39978ddf269a5e919098cc"", ""failure_class"": null, ""max_force_eV_A"": 0.07936371235072516, ""name"": ""bfgs_standard"", ""start_geometry_sha256"": ""bf82e3aac6445f8497e94880d553dafe7944f4dd4a09e560febe991bf0f2d4c2"", ""steps"": 31}]",854c9af8882f2013bea26a23f89709309e235cd80d39978ddf269a5e919098cc,2.417821834981445,1.9891987694203854,step_4_H2O,9.0,0.0,True,1.3173496928811037,0.447500000035,True,quantitative_screening,2,2,07aa8922707908478581,False,
"('COF', 'Cr', 'Azine', 'N4', 25.0)",COF,True,esen-sm-conserving-all-oc25:relax-v4:orr-che-v3,True,0.07963797817250896,546,150,0.08,converged,,fire_small_step,"[{""ase_converged"": false, ""converged"": false, ""end_geometry_sha256"": ""14ce3f80d5ca870aa84bde2384dbbe2c0689ae6d5c93c74e0a878d4168899876"", ""failure_class"": ""force_threshold"", ""max_force_eV_A"": 0.19449131632634725, ""name"": ""bfgs_standard"", ""start_geometry_sha256"": ""b083e20e3913ab3ca5fb05a5f69b98a5e4ac7c9275152ee5c93dd94495e4eb4b"", ""steps"": 150}, {""ase_converged"": false, ""converged"": false, ""end_geometry_sha256"": ""3908f05c692d68c93d77bf79e0f1a5d2d5f9d5e6a2f0079fd027e8ecd5166391"", ""failure_class"": ""force_threshold"", ""max_force_eV_A"": 0.925954703730818, ""name"": ""fire_precondition"", ""qualifying"": false, ""start_geometry_sha256"": ""b083e20e3913ab3ca5fb05a5f69b98a5e4ac7c9275152ee5c93dd94495e4eb4b"", ""steps"": 75}, {""ase_converged"": false, ""converged"": false, ""end_geometry_sha256"": ""4f7c1ca503ac342e4765ca7d488297cea3a0207d215d9b8ef239f24f740ecec5"", ""failure_class"": ""force_threshold"", ""max_force_eV_A"": 0.571202805535723, ""name"": ""bfgs_after_fire"", ""start_geometry_sha256"": ""3908f05c692d68c93d77bf79e0f1a5d2d5f9d5e6a2f0079fd027e8ecd5166391"", ""steps"": 300}, {""ase_converged"": true, ""converged"": true, ""end_geometry_sha256"": ""bb96e86cd4a6c3af139e6043877f80c92152073dbb8e98a42684603ca1fb4bf4"", ""failure_class"": null, ""max_force_eV_A"": 0.07963797817250896, ""name"": ""fire_small_step"", ""start_geometry_sha256"": ""14ce3f80d5ca870aa84bde2384dbbe2c0689ae6d5c93c74e0a878d4168899876"", ""steps"": 21}]",bb96e86cd4a6c3af139e6043877f80c92152073dbb8e98a42684603ca1fb4bf4,-172.45805290818018,True,0.06769504141189014,242.0,100.0,0.08,converged,,bfgs_after_fire,"[{""ase_converged"": false, ""converged"": false, ""end_geometry_sha256"": ""a514f980c3c1335a224190e1216f4d7fe74cc601fd8c5f35e7af929d11db6251"", ""failure_class"": ""force_threshold"", ""max_force_eV_A"": 0.14301709239802357, ""name"": ""bfgs_standard"", ""start_geometry_sha256"": ""2c13b0e7581c187ac5b1ec9af252f2253a7a489fb6cf525d347f5f04e9213659"", ""steps"": 100}, {""ase_converged"": false, ""converged"": false, ""end_geometry_sha256"": ""32675bb3681fcb50f3a15b1ae4a8a2428d75ee9119fa33c73467213c47f526c2"", ""failure_class"": ""force_threshold"", ""max_force_eV_A"": 0.5551418583277018, ""name"": ""fire_precondition"", ""qualifying"": false, ""start_geometry_sha256"": ""2c13b0e7581c187ac5b1ec9af252f2253a7a489fb6cf525d347f5f04e9213659"", ""steps"": 50}, {""ase_converged"": true, ""converged"": true, ""end_geometry_sha256"": ""6bac10a2e4633186008732989d469f016d22639d7bbc656921c48bbaf44bf1bf"", ""failure_class"": null, ""max_force_eV_A"": 0.06769504141189014, ""name"": ""bfgs_after_fire"", ""start_geometry_sha256"": ""32675bb3681fcb50f3a15b1ae4a8a2428d75ee9119fa33c73467213c47f526c2"", ""steps"": 92}]",6bac10a2e4633186008732989d469f016d22639d7bbc656921c48bbaf44bf1bf,-2.0855142448842523,True,0.07728019143669763,90.0,100.0,0.08,converged,,bfgs_standard,"[{""ase_converged"": true, ""converged"": true, ""end_geometry_sha256"": ""0540e91fc359d02fbb2ffb48a090a855acae50910d79d0c61fa9ff019546c052"", ""failure_class"": null, ""max_force_eV_A"": 0.07728019143669763, ""name"": ""bfgs_standard"", ""start_geometry_sha256"": ""f97fda418060e5e2ee57afc983f8f032c582d93da6d5381fa5c8ee59fa711bf5"", ""steps"": 90}]",0540e91fc359d02fbb2ffb48a090a855acae50910d79d0c61fa9ff019546c052,-2.027882658690211,True,0.0797094583483604,240.0,100.0,0.08,converged,,bfgs_after_fire,"[{""ase_converged"": false, ""converged"": false, ""end_geometry_sha256"": ""d407086c25cfe3cd40663d43bcf68caf1ec273b179262700a9822bfdf9bff162"", ""failure_class"": ""force_threshold"", ""max_force_eV_A"": 0.43218897454026267, ""name"": ""bfgs_standard"", ""start_geometry_sha256"": ""0ff8e4f7e7885f0fe96685abb1491a5ec6ceb6c5b0c5ba00e8382793aa238459"", ""steps"": 100}, {""ase_converged"": false, ""converged"": false, ""end_geometry_sha256"": ""f6801d179ea3e2983872d5d8c288d745c0fed4c1629fa261655cecb4176f882a"", ""failure_class"": ""force_threshold"", ""max_force_eV_A"": 0.9877808313819022, ""name"": ""fire_precondition"", ""qualifying"": false, ""start_geometry_sha256"": ""0ff8e4f7e7885f0fe96685abb1491a5ec6ceb6c5b0c5ba00e8382793aa238459"", ""steps"": 50}, {""ase_converged"": true, ""converged"": true, ""end_geometry_sha256"": ""b37f2c9b84ae508068682fd8d3ed6e093841d9e91b2ebbada037dd1973d2dada"", ""failure_class"": null, ""max_force_eV_A"": 0.0797094583483604, ""name"": ""bfgs_after_fire"", ""start_geometry_sha256"": ""f6801d179ea3e2983872d5d8c288d745c0fed4c1629fa261655cecb4176f882a"", ""steps"": 90}]",b37f2c9b84ae508068682fd8d3ed6e093841d9e91b2ebbada037dd1973d2dada,-3.5409799113869633,3.0,step_4_H2O,9.0,0.0,True,4.113396903574463,0.447500000035,True,quantitative_screening,1,1,c7ef12736ed3b003a18a,False,
"('Perovskite', 'La', 'Rh', 'Nb', 0.5, 'O_vacancy')",Perovskite,False,esen-sm-conserving-all-oc25:relax-v4:orr-che-v3,True,0.07466382744593172,98,150,0.08,converged,,bfgs_standard,"[{""ase_converged"": true, ""converged"": true, ""end_geometry_sha256"": ""717006ab25a4d21509d11ad97f2579c994cab2ab3ac42b82ae9345fa023e6d38"", ""failure_class"": null, ""max_force_eV_A"": 0.07466382744593172, ""name"": ""bfgs_standard"", ""start_geometry_sha256"": ""44f5870945465ba7eef24cdb80e7b2b4c47631f77d9d14c354671110557723e0"", ""steps"": 98}]",717006ab25a4d21509d11ad97f2579c994cab2ab3ac42b82ae9345fa023e6d38,-465.810992924407,True,0.07373113807059536,86.0,100.0,0.08,converged,,bfgs_standard,"[{""ase_converged"": true, ""converged"": true, ""end_geometry_sha256"": ""4929f429bb989a41a095f47799fe9f758a4b9165cad8540106a50cee0dbb8ceb"", ""failure_class"": null, ""max_force_eV_A"": 0.07373113807059536, ""name"": ""bfgs_standard"", ""start_geometry_sha256"": ""363f186e49d17428cbfcee5a014287d8cbd0d0e60c9e37af7c180d399e5a2d1d"", ""steps"": 86}]",4929f429bb989a41a095f47799fe9f758a4b9165cad8540106a50cee0dbb8ceb,-2.1123391960561273,True,0.06920776767244197,88.0,100.0,0.08,converged,,bfgs_standard,"[{""ase_converged"": true, ""converged"": true, ""end_geometry_sha256"": ""fb99cc5741487d46902d0d9772c9f4cbbe9382bbc21b1f5c3ed100ba970bbb6e"", ""failure_class"": null, ""max_force_eV_A"": 0.06920776767244197, ""name"": ""bfgs_standard"", ""start_geometry_sha256"": ""9b726a2e4db1b9ac5b452704513cfb4a0af6c167c44c749cc24354821f570940"", ""steps"": 88}]",fb99cc5741487d46902d0d9772c9f4cbbe9382bbc21b1f5c3ed100ba970bbb6e,-2.4763155810535205,False,20.61798043785204,650.0,100.0,0.08,recovery_exhausted,force_threshold,fire_precondition,"[{""ase_converged"": false, ""converged"": false, ""end_geometry_sha256"": ""2be86f52c1fa477da488ef4b2c07ebe4c58e00d74e8c44a3d6d154387fcd8479"", ""failure_class"": ""force_threshold"", ""max_force_eV_A"": 27.24838160910799, ""name"": ""bfgs_standard"", ""start_geometry_sha256"": ""c82d1ed8f67ce349edcfce3bd93dad4d0fbb388d4de9f3c907e7123e12871c19"", ""steps"": 100}, {""ase_converged"": false, ""converged"": false, ""end_geometry_sha256"": ""a12b11734de28866ce1b23a913866eb4687a6d537c16f99a4761c5adaf0e697e"", ""failure_class"": ""force_threshold"", ""max_force_eV_A"": 20.61798043785204, ""name"": ""fire_precondition"", ""qualifying"": false, ""start_geometry_sha256"": ""c82d1ed8f67ce349edcfce3bd93dad4d0fbb388d4de9f3c907e7123e12871c19"", ""steps"": 50}, {""ase_converged"": false, ""converged"": false, ""end_geometry_sha256"": ""176a6ba3b7b40e557d28efe02dddceb56a851e2c4683d55ca7cf7ecc4cabe068"", ""failure_class"": ""force_threshold"", ""max_force_eV_A"": 478.93157329071096, ""name"": ""bfgs_after_fire"", ""start_geometry_sha256"": ""a12b11734de28866ce1b23a913866eb4687a6d537c16f99a4761c5adaf0e697e"", ""steps"": 200}, {""ase_converged"": false, ""converged"": false, ""end_geometry_sha256"": ""42618ca9bd5badfde2d1202269e56f4df0b666e5323163745870758a4f340914"", ""failure_class"": ""force_threshold"", ""max_force_eV_A"": 42.69717894204954, ""name"": ""fire_small_step"", ""start_geometry_sha256"": ""a12b11734de28866ce1b23a913866eb4687a6d537c16f99a4761c5adaf0e697e"", ""steps"": 300}]",a12b11734de28866ce1b23a913866eb4687a6d537c16f99a4761c5adaf0e697e,,,,,,,,,True,validation_required,0,0,6f1fcc0969a4701d5b68,False,Unconverged ooh relaxation: max_force=20.618 eV/A after 650 cumulative recovery steps
"('Perovskite', 'La', 'Hf', 'Mo', 0.3, 'B_vacancy')",Perovskite,True,esen-sm-conserving-all-oc25:relax-v4:orr-che-v3,True,0.05965446992712849,49,150,0.08,converged,,bfgs_standard,"[{""ase_converged"": true, ""converged"": true, ""end_geometry_sha256"": ""1471797eba435f5fb98578bf528cf7ebe5be6687a3deaa5b5017f69a5cb29eed"", ""failure_class"": null, ""max_force_eV_A"": 0.05965446992712849, ""name"": ""bfgs_standard"", ""start_geometry_sha256"": ""91b937e3be5d105b3ec2a153d68086094fd6f4470176d21869824ef8bf791194"", ""steps"": 49}]",1471797eba435f5fb98578bf528cf7ebe5be6687a3deaa5b5017f69a5cb29eed,-506.03695702295266,True,0.07563198083740455,219.0,100.0,0.08,converged,,bfgs_after_fire,"[{""ase_converged"": false, ""converged"": false, ""end_geometry_sha256"": ""2cb5f3277f4059246eea205f8e2626a91754337a6dd0d8094b803e41977091ea"", ""failure_class"": ""force_threshold"", ""max_force_eV_A"": 0.22295568456075804, ""name"": ""bfgs_standard"", ""start_geometry_sha256"": ""ed590d1db5772c0cc6f7fc8d26c54b85acd889a235cacb3f296bb2a7a73b4b14"", ""steps"": 100}, {""ase_converged"": false, ""converged"": false, ""end_geometry_sha256"": ""8d2c61bd0ca63050b921dfba2f5ab8cd204974eca2a7f5f07e6d1bec0bd95343"", ""failure_class"": ""force_threshold"", ""max_force_eV_A"": 1.1414322952096696, ""name"": ""fire_precondition"", ""qualifying"": false, ""start_geometry_sha256"": ""ed590d1db5772c0cc6f7fc8d26c54b85acd889a235cacb3f296bb2a7a73b4b14"", ""steps"": 50}, {""ase_converged"": true, ""converged"": true, ""end_geometry_sha256"": ""f44ef64892d63deed6d2750329e046820e80a9b96d161d0ea57dc2b3954b8454"", ""failure_class"": null, ""max_force_eV_A"": 0.07563198083740455, ""name"": ""bfgs_after_fire"", ""start_geometry_sha256"": ""8d2c61bd0ca63050b921dfba2f5ab8cd204974eca2a7f5f07e6d1bec0bd95343"", ""steps"": 69}]",f44ef64892d63deed6d2750329e046820e80a9b96d161d0ea57dc2b3954b8454,-3.247440514415616,True,0.07876802459730417,258.0,100.0,0.08,converged,,bfgs_after_fire,"[{""ase_converged"": false, ""converged"": false, ""end_geometry_sha256"": ""16b417e025ef384b15d904882241b1e91cf795326515b8ad026f66e3a33cbb67"", ""failure_class"": ""force_threshold"", ""max_force_eV_A"": 0.13468736622056146, ""name"": ""bfgs_standard"", ""start_geometry_sha256"": ""f99e386a432618a192a556c77fc9b1fa98c4a2ad79954fc29e4f5bf5a57c8c33"", ""steps"": 100}, {""ase_converged"": false, ""converged"": false, ""end_geometry_sha256"": ""c2d2facea685e7fbcd7878935b1396796286888a6978799b06e74baa085c1c74"", ""failure_class"": ""force_threshold"", ""max_force_eV_A"": 1.0061970249384322, ""name"": ""fire_precondition"", ""qualifying"": false, ""start_geometry_sha256"": ""f99e386a432618a192a556c77fc9b1fa98c4a2ad79954fc29e4f5bf5a57c8c33"", ""steps"": 50}, {""ase_converged"": true, ""converged"": true, ""end_geometry_sha256"": ""5f11d21d96bced61fbbf711c3236bac6dbc3f9f8d9efec3ea2b038a1c6f6b477"", ""failure_class"": null, ""max_force_eV_A"": 0.07876802459730417, ""name"": ""bfgs_after_fire"", ""start_geometry_sha256"": ""c2d2facea685e7fbcd7878935b1396796286888a6978799b06e74baa085c1c74"", ""steps"": 108}]",5f11d21d96bced61fbbf711c3236bac6dbc3f9f8d9efec3ea2b038a1c6f6b477,-4.713700377196155,True,0.06717987443546564,60.0,100.0,0.08,converged,,bfgs_standard,"[{""ase_converged"": true, ""converged"": true, ""end_geometry_sha256"": ""75e816866833d9fb692a1617ad340359c4b5d156b89e1a98d2b3185d5de79115"", ""failure_class"": null, ""max_force_eV_A"": 0.06717987443546564, ""name"": ""bfgs_standard"", ""start_geometry_sha256"": ""d0c328578321e909d8d9f3f760932c1f191a55247414d50ace0d49338fa95494"", ""steps"": 60}]",75e816866833d9fb692a1617ad340359c4b5d156b89e1a98d2b3185d5de79115,-5.10457091480496,3.0,step_4_H2O,10.0,-0.5684219281374756,True,7.961140891611771,0.6527014328916925,False,quantitative_screening,2,2,ca81d8e26f3f86751404,False,
"('Perovskite', 'La', 'Ta', 'W', 0.25, 'O_vacancy')",Perovskite,True,esen-sm-conserving-all-oc25:relax-v4:orr-che-v3,True,0.07767073845704953,91,150,0.08,converged,,bfgs_standard,"[{""ase_converged"": true, ""converged"": true, ""end_geometry_sha256"": ""ecc39aca89ed4edfaaf671f47c0a8442bf631b181fbf155474cac60725d6e42c"", ""failure_class"": null, ""max_force_eV_A"": 0.07767073845704953, ""name"": ""bfgs_standard"", ""start_geometry_sha256"": ""d5816618f3f7cb4319de4af3aca37fe83ac04f52d0ad3f406f3031ac07a69165"", ""steps"": 91}]",ecc39aca89ed4edfaaf671f47c0a8442bf631b181fbf155474cac60725d6e42c,-510.7163881825301,True,0.07415186707770521,240.0,100.0,0.08,converged,,bfgs_after_fire,"[{""ase_converged"": false, ""converged"": false, ""end_geometry_sha256"": ""61e55f723a83a4c7a1c4dbf2685c7293d9c95d6c4cdc2eb86920c3282e0052c3"", ""failure_class"": ""force_threshold"", ""max_force_eV_A"": 0.1050136072158117, ""name"": ""bfgs_standard"", ""start_geometry_sha256"": ""04fbeab5bfbf5bf893baa1e9a31c83b292bef23be1657298951af1116282ec6f"", ""steps"": 100}, {""ase_converged"": false, ""converged"": false, ""end_geometry_sha256"": ""d0ab244d4643dec3fa72df7298ccd16767ae8ee1cc49732f75ebbc019190e871"", ""failure_class"": ""force_threshold"", ""max_force_eV_A"": 0.25162431821000414, ""name"": ""fire_precondition"", ""qualifying"": false, ""start_geometry_sha256"": ""04fbeab5bfbf5bf893baa1e9a31c83b292bef23be1657298951af1116282ec6f"", ""steps"": 50}, {""ase_converged"": true, ""converged"": true, ""end_geometry_sha256"": ""f12cdbdd6ed4beb42e0f945141a0f0fd452ed51b8fbeb85f41934928ceb5460d"", ""failure_class"": null, ""max_force_eV_A"": 0.07415186707770521, ""name"": ""bfgs_after_fire"", ""start_geometry_sha256"": ""d0ab244d4643dec3fa72df7298ccd16767ae8ee1cc49732f75ebbc019190e871"", ""steps"": 90}]",f12cdbdd6ed4beb42e0f945141a0f0fd452ed51b8fbeb85f41934928ceb5460d,-1.45399111255992,True,0.07235138725429596,43.0,100.0,0.08,converged,,bfgs_standard,"[{""ase_converged"": true, ""converged"": true, ""end_geometry_sha256"": ""46c0de41f5ad41a361d0196ddd2c306cb011deedd5960e193a02390e36fd1656"", ""failure_class"": null, ""max_force_eV_A"": 0.07235138725429596, ""name"": ""bfgs_standard"", ""start_geometry_sha256"": ""9fdc0362f9afde2f683210e2e869891065692c3d22afcd4a594686a7aedd063f"", ""steps"": 43}]",46c0de41f5ad41a361d0196ddd2c306cb011deedd5960e193a02390e36fd1656,-0.337590300291631,True,0.07699945203511666,265.0,100.0,0.08,converged,,bfgs_after_fire,"[{""ase_converged"": false, ""converged"": false, ""end_geometry_sha256"": ""fb87b3a0364eecff922aeb91f39823287d38adeba83f1226b062e46d8d885040"", ""failure_class"": ""force_threshold"", ""max_force_eV_A"": 0.38491179807249754, ""name"": ""bfgs_standard"", ""start_geometry_sha256"": ""b7f19e9bf75f9d61f9839e66eb0e4d4d181765f700a63f1f4b605480c8218e7b"", ""steps"": 100}, {""ase_converged"": false, ""converged"": false, ""end_geometry_sha256"": ""cab2d4cc6978daaa2a1fcbcf2a7bd12cc0e34a4e5ec7b6bb1f291a95351a60a2"", ""failure_class"": ""force_threshold"", ""max_force_eV_A"": 1.0847694315566825, ""name"": ""fire_precondition"", ""qualifying"": false, ""start_geometry_sha256"": ""b7f19e9bf75f9d61f9839e66eb0e4d4d181765f700a63f1f4b605480c8218e7b"", ""steps"": 50}, {""ase_converged"": true, ""converged"": true, ""end_geometry_sha256"": ""e959e9ebbdddb57948e03a78b638a2f13e96d67b5d40202da916a953294383db"", ""failure_class"": null, ""max_force_eV_A"": 0.07699945203511666, ""name"": ""bfgs_after_fire"", ""start_geometry_sha256"": ""cab2d4cc6978daaa2a1fcbcf2a7bd12cc0e34a4e5ec7b6bb1f291a95351a60a2"", ""steps"": 115}]",e959e9ebbdddb57948e03a78b638a2f13e96d67b5d40202da916a953294383db,-3.7298646464944136,3.0,step_2_O,10.0,-0.6739969228676421,True,1.791581412851551,0.6527014328916925,False,quantitative_screening,2,2,93f22b36998bfd99ca6f,False,
"('Perovskite', 'La', 'W', 'V', 0.25, 'B_vacancy')",Perovskite,True,esen-sm-conserving-all-oc25:relax-v4:orr-che-v3,True,0.06885680689523506,25,150,0.08,converged,,bfgs_standard,"[{""ase_converged"": true, ""converged"": true, ""end_geometry_sha256"": ""68ba48568afe490340ae37755a9b8fe5661a8354a63649a467f4f8e01c5247f4"", ""failure_class"": null, ""max_force_eV_A"": 0.06885680689523506, ""name"": ""bfgs_standard"", ""start_geometry_sha256"": ""c7236948194972c4a6310c322e10a42a5a745aea6aa883d20dee9d701cbba3a2"", ""steps"": 25}]",68ba48568afe490340ae37755a9b8fe5661a8354a63649a467f4f8e01c5247f4,-493.7214273457425,True,0.07568515064348429,220.0,100.0,0.08,converged,,bfgs_after_fire,"[{""ase_converged"": false, ""converged"": false, ""end_geometry_sha256"": ""548184ea75f3fc640360b5702c9e004c6f66bdb6bbcfa5b4f4bb96c4e765bc0e"", ""failure_class"": ""force_threshold"", ""max_force_eV_A"": 0.24129994748915637, ""name"": ""bfgs_standard"", ""start_geometry_sha256"": ""4268873cfd2991d4e5a62a21331c31855802bdb2390e2636d2771c7de0f6c97e"", ""steps"": 100}, {""ase_converged"": false, ""converged"": false, ""end_geometry_sha256"": ""22b7b1273fa89936bf9009fa4df534be0d58a3e13f1bebe5de0ac9eb9b3206cc"", ""failure_class"": ""force_threshold"", ""max_force_eV_A"": 0.827090484838847, ""name"": ""fire_precondition"", ""qualifying"": false, ""start_geometry_sha256"": ""4268873cfd2991d4e5a62a21331c31855802bdb2390e2636d2771c7de0f6c97e"", ""steps"": 50}, {""ase_converged"": true, ""converged"": true, ""end_geometry_sha256"": ""fccf2db8055342220de48cbcb9a1dacac66bbf4dbe3fea59488d09ac734ba684"", ""failure_class"": null, ""max_force_eV_A"": 0.07568515064348429, ""name"": ""bfgs_after_fire"", ""start_geometry_sha256"": ""22b7b1273fa89936bf9009fa4df534be0d58a3e13f1bebe5de0ac9eb9b3206cc"", ""steps"": 70}]",fccf2db8055342220de48cbcb9a1dacac66bbf4dbe3fea59488d09ac734ba684,-2.8235055778921785,True,0.07825752600292088,77.0,100.0,0.08,converged,,bfgs_standard,"[{""ase_converged"": true, ""converged"": true, ""end_geometry_sha256"": ""78cdd72b3577a43a98229350d3945f8f6d37f57a0f5cab2e6a23c406c68d4aa7"", ""failure_class"": null, ""max_force_eV_A"": 0.07825752600292088, ""name"": ""bfgs_standard"", ""start_geometry_sha256"": ""c5b9351fe5d184b85c650e09888ddcffe31605643f2bd878d70f92185df95dd9"", ""steps"": 77}]",78cdd72b3577a43a98229350d3945f8f6d37f57a0f5cab2e6a23c406c68d4aa7,-1.615151488035942,True,0.06921331449408695,85.0,100.0,0.08,converged,,bfgs_standard,"[{""ase_converged"": true, ""converged"": true, ""end_geometry_sha256"": ""b7a53a207589ac3c92693532620b764818598858d6ac75fb1a6051cf8b6ac974"", ""failure_class"": null, ""max_force_eV_A"": 0.06921331449408695, ""name"": ""bfgs_standard"", ""start_geometry_sha256"": ""2f1d9a4112dc6f157fb72d6fce34763dd327dc8264401f7280ba15aecf5d78a2"", ""steps"": 85}]",b7a53a207589ac3c92693532620b764818598858d6ac75fb1a6051cf8b6ac974,-3.436861564219023,3.0,step_4_H2O,9.0,0.0,True,4.438657065928121,0.6527014328916925,False,quantitative_screening,0,0,43897e690929ad587b36,False,
"('Perovskite', 'La', 'Re', 'Re', 0.2, 'B_vacancy')",Perovskite,True,esen-sm-conserving-all-oc25:relax-v4:orr-che-v3,True,0.07258397502767494,358,150,0.08,converged,,bfgs_after_fire,"[{""ase_converged"": false, ""converged"": false, ""end_geometry_sha256"": ""1fe406e18a4e26743a8e557e1766e4338aefeb398bd22727951c3d1d6114c856"", ""failure_class"": ""force_threshold"", ""max_force_eV_A"": 0.12117173585444857, ""name"": ""bfgs_standard"", ""start_geometry_sha256"": ""9666868bf777ac396cb675936394572ed1e3dc46a76ff8ce39e0cc7861ca2f19"", ""steps"": 150}, {""ase_converged"": true, ""converged"": true, ""end_geometry_sha256"": ""0ab12acfbb21d8e10cebd3ccf4b630f3f183fd1b14891ba70fc99f8aea2e908e"", ""failure_class"": null, ""max_force_eV_A"": 0.2368648702721779, ""name"": ""fire_precondition"", ""qualifying"": false, ""start_geometry_sha256"": ""9666868bf777ac396cb675936394572ed1e3dc46a76ff8ce39e0cc7861ca2f19"", ""steps"": 33}, {""ase_converged"": true, ""converged"": true, ""end_geometry_sha256"": ""2cbaa5621c65e3dbba44e1cdba8912db3f1360655b0af66dca9ff34a1dc11f17"", ""failure_class"": null, ""max_force_eV_A"": 0.07258397502767494, ""name"": ""bfgs_after_fire"", ""start_geometry_sha256"": ""0ab12acfbb21d8e10cebd3ccf4b630f3f183fd1b14891ba70fc99f8aea2e908e"", ""steps"": 175}]",2cbaa5621c65e3dbba44e1cdba8912db3f1360655b0af66dca9ff34a1dc11f17,-479.426262468617,True,0.07667727437011476,94.0,100.0,0.08,converged,,bfgs_standard,"[{""ase_converged"": true, ""converged"": true, ""end_geometry_sha256"": ""226de2d1e315a3827b89d3baf681cb665da621c70974c23cb76b2f72be9dd588"", ""failure_class"": null, ""max_force_eV_A"": 0.07667727437011476, ""name"": ""bfgs_standard"", ""start_geometry_sha256"": ""1fd452a06f221e1dedf3d7fd67c523189d050d9bc6a05f9edeb8190d6ce31782"", ""steps"": 94}]",226de2d1e315a3827b89d3baf681cb665da621c70974c23cb76b2f72be9dd588,-0.02728861317038539,True,0.06796811588704688,51.0,100.0,0.08,converged,,bfgs_standard,"[{""ase_converged"": true, ""converged"": true, ""end_geometry_sha256"": ""25233a6a200485a97233f9cd54b7043a96dc23c4d9961e0283b13b0bea9f5d23"", ""failure_class"": null, ""max_force_eV_A"": 0.06796811588704688, ""name"": ""bfgs_standard"", ""start_geometry_sha256"": ""2cd6a4d10db3113b3c666c8da43781b68bdfb58da330706275efa9d8e335371f"", ""steps"": 51}]",25233a6a200485a97233f9cd54b7043a96dc23c4d9961e0283b13b0bea9f5d23,0.35951320007446624,True,0.07848539881615804,212.0,100.0,0.08,converged,,bfgs_after_fire,"[{""ase_converged"": false, ""converged"": false, ""end_geometry_sha256"": ""5700e328363a37a2c31c8dd710646c385109bcab097b54a369bc1b2d6e95ba17"", ""failure_class"": ""force_threshold"", ""max_force_eV_A"": 0.11257157419618695, ""name"": ""bfgs_standard"", ""start_geometry_sha256"": ""a940b66ee27ea289d78210b150a5b55105c1b95d52912366a0cf0547906512f7"", ""steps"": 100}, {""ase_converged"": false, ""converged"": false, ""end_geometry_sha256"": ""e7fb9d1184dd11e26d2a8f745a6b0d25854551374223312bb1c1da9e3e296b15"", ""failure_class"": ""force_threshold"", ""max_force_eV_A"": 1.3864623677766512, ""name"": ""fire_precondition"", ""qualifying"": false, ""start_geometry_sha256"": ""a940b66ee27ea289d78210b150a5b55105c1b95d52912366a0cf0547906512f7"", ""steps"": 50}, {""ase_converged"": true, ""converged"": true, ""end_geometry_sha256"": ""523c410b18526f6c00f83d8aa1abea13efe2a84052904d1df797a69d6c92e9b3"", ""failure_class"": null, ""max_force_eV_A"": 0.07848539881615804, ""name"": ""bfgs_after_fire"", ""start_geometry_sha256"": ""e7fb9d1184dd11e26d2a8f745a6b0d25854551374223312bb1c1da9e3e296b15"", ""steps"": 62}]",523c410b18526f6c00f83d8aa1abea13efe2a84052904d1df797a69d6c92e9b3,1.104255150258516,1.2562886131703854,step_4_H2O,10.0,-2.0,True,0.38680181324485163,0.6527014328916925,False,quantitative_screening,1,1,b8b5c19ee50e34250c55,False,
"('Perovskite', 'La', 'Ir', 'Sn', 0.15, 'O_vacancy')",Perovskite,True,esen-sm-conserving-all-oc25:relax-v4:orr-che-v3,True,0.07599729465628395,34,150,0.08,converged,,bfgs_standard,"[{""ase_converged"": true, ""converged"": true, ""end_geometry_sha256"": ""876eb123cbb81119630f569177cff89a0c144478dcaeef216d2a2f03cdf1c654"", ""failure_class"": null, ""max_force_eV_A"": 0.07599729465628395, ""name"": ""bfgs_standard"", ""start_geometry_sha256"": ""ed43abaf7f0067bfe5b559909c095b16162808dad013d7f4a394458db44c48f9"", ""steps"": 34}]",876eb123cbb81119630f569177cff89a0c144478dcaeef216d2a2f03cdf1c654,-422.4246360279615,True,0.07391527404208481,255.0,100.0,0.08,converged,,bfgs_after_fire,"[{""ase_converged"": false, ""converged"": false, ""end_geometry_sha256"": ""b60025f57810a421016630d82796018d574dcafa2c5328715aaa1d1514c267cf"", ""failure_class"": ""force_threshold"", ""max_force_eV_A"": 0.27250542758006724, ""name"": ""bfgs_standard"", ""start_geometry_sha256"": ""0619667aea21a59ad255b0103428dd7a9d407c09fdd04d394926434f6ea45593"", ""steps"": 100}, {""ase_converged"": false, ""converged"": false, ""end_geometry_sha256"": ""4ad106250659c30543c98d5677027f02442c8328f53681b11082215f480880c9"", ""failure_class"": ""force_threshold"", ""max_force_eV_A"": 0.42212582829105455, ""name"": ""fire_precondition"", ""qualifying"": false, ""start_geometry_sha256"": ""0619667aea21a59ad255b0103428dd7a9d407c09fdd04d394926434f6ea45593"", ""steps"": 50}, {""ase_converged"": true, ""converged"": true, ""end_geometry_sha256"": ""dbdfe7689995e0caa5d0ff40b601faaafefdf966652b84570aba15d009d5cbd7"", ""failure_class"": null, ""max_force_eV_A"": 0.07391527404208481, ""name"": ""bfgs_after_fire"", ""start_geometry_sha256"": ""4ad106250659c30543c98d5677027f02442c8328f53681b11082215f480880c9"", ""steps"": 105}]",dbdfe7689995e0caa5d0ff40b601faaafefdf966652b84570aba15d009d5cbd7,-2.0199953888356683,True,0.07093386288377586,212.0,100.0,0.08,converged,,bfgs_after_fire,"[{""ase_converged"": false, ""converged"": false, ""end_geometry_sha256"": ""3b8b76764aca1435494eeb964b3bfbf0bebb08928e8108d9e4438b2431d5bad5"", ""failure_class"": ""force_threshold"", ""max_force_eV_A"": 0.11535509981179996, ""name"": ""bfgs_standard"", ""start_geometry_sha256"": ""785c095ad2fb44d8e0f0cb95972dcbbe8d94a2439babfd2ba4e20e91c0aa1490"", ""steps"": 100}, {""ase_converged"": false, ""converged"": false, ""end_geometry_sha256"": ""bfee52143c28e06bd572cae94c49c08b9be7716a0de97dca260f98948e2fa499"", ""failure_class"": ""force_threshold"", ""max_force_eV_A"": 0.7160439549832416, ""name"": ""fire_precondition"", ""qualifying"": false, ""start_geometry_sha256"": ""785c095ad2fb44d8e0f0cb95972dcbbe8d94a2439babfd2ba4e20e91c0aa1490"", ""steps"": 50}, {""ase_converged"": true, ""converged"": true, ""end_geometry_sha256"": ""a1c2c1b87013b28f992b3dad407e97b8abc8c3d9763abddc389a6e60deceaac9"", ""failure_class"": null, ""max_force_eV_A"": 0.07093386288377586, ""name"": ""bfgs_after_fire"", ""start_geometry_sha256"": ""bfee52143c28e06bd572cae94c49c08b9be7716a0de97dca260f98948e2fa499"", ""steps"": 62}]",a1c2c1b87013b28f992b3dad407e97b8abc8c3d9763abddc389a6e60deceaac9,0.09339801147589029,True,0.07701666558908375,232.0,100.0,0.08,converged,,bfgs_after_fire,"[{""ase_converged"": false, ""converged"": false, ""end_geometry_sha256"": ""efec2fc2eba4fbfad8af886dcd08263e6fac6f785af396d9a39d741ce594f366"", ""failure_class"": ""force_threshold"", ""max_force_eV_A"": 0.13190887400794504, ""name"": ""bfgs_standard"", ""start_geometry_sha256"": ""d0a9404fff5a899a30a7f358eb7f6278af6ccf476f9d83e2df920d5a5de147f8"", ""steps"": 100}, {""ase_converged"": false, ""converged"": false, ""end_geometry_sha256"": ""5772da27cad45e647dc67cf494aec9be3cbac33361b17694de12450f76328446"", ""failure_class"": ""force_threshold"", ""max_force_eV_A"": 0.6491256106318035, ""name"": ""fire_precondition"", ""qualifying"": false, ""start_geometry_sha256"": ""d0a9404fff5a899a30a7f358eb7f6278af6ccf476f9d83e2df920d5a5de147f8"", ""steps"": 50}, {""ase_converged"": true, ""converged"": true, ""end_geometry_sha256"": ""b19edf5d9738f74d06a9a8ef05b71c6d2065879eeabcdbd9e484e9549acc4317"", ""failure_class"": null, ""max_force_eV_A"": 0.07701666558908375, ""name"": ""bfgs_after_fire"", ""start_geometry_sha256"": ""5772da27cad45e647dc67cf494aec9be3cbac33361b17694de12450f76328446"", ""steps"": 82}]",b19edf5d9738f74d06a9a8ef05b71c6d2065879eeabcdbd9e484e9549acc4317,1.1990298733115514,3.0,step_4_H2O,10.0,-2.0,True,2.1133934003115584,0.6527014328916925,False,quantitative_screening,0,0,f4338a8628a350064e9d,False,
"('Perovskite', 'La', 'Al', 'Sb', 0.1, 'B_vacancy')",Perovskite,True,esen-sm-conserving-all-oc25:relax-v4:orr-che-v3,True,0.07279952144375187,15,150,0.08,converged,,bfgs_standard,"[{""ase_converged"": true, ""converged"": true, ""end_geometry_sha256"": ""2cd0d860f1322155b5009e76f76a00beb396e4880aebb9bc6335aaf8fd5d9386"", ""failure_class"": null, ""max_force_eV_A"": 0.07279952144375187, ""name"": ""bfgs_standard"", ""start_geometry_sha256"": ""1fc7741942a66f653e535436da58ef0fa60dca6d97bfc8a9126ac5f4531d3b1f"", ""steps"": 15}]",2cd0d860f1322155b5009e76f76a00beb396e4880aebb9bc6335aaf8fd5d9386,-439.7253391842012,True,0.0714150049495096,201.0,100.0,0.08,converged,,bfgs_after_fire,"[{""ase_converged"": false, ""converged"": false, ""end_geometry_sha256"": ""f4f4168c3522ca90ded83d24de09ab9c1c53057c9381f0e1e1226f79833819a3"", ""failure_class"": ""force_threshold"", ""max_force_eV_A"": 0.5740202366751082, ""name"": ""bfgs_standard"", ""start_geometry_sha256"": ""90030c15d74e2727940cf42ab18d5426554b254f855a2375731d297241de654f"", ""steps"": 100}, {""ase_converged"": false, ""converged"": false, ""end_geometry_sha256"": ""9a771c9dec2076f63bc231d52abef5d7c3555acb2d627f7cc53012eaee397032"", ""failure_class"": ""force_threshold"", ""max_force_eV_A"": 1.7238243594382712, ""name"": ""fire_precondition"", ""qualifying"": false, ""start_geometry_sha256"": ""90030c15d74e2727940cf42ab18d5426554b254f855a2375731d297241de654f"", ""steps"": 50}, {""ase_converged"": true, ""converged"": true, ""end_geometry_sha256"": ""511a1d7a6e0b6291b4c24550a7567f8cbc2085ecfc96bf7d5d9e9139094c2d9b"", ""failure_class"": null, ""max_force_eV_A"": 0.0714150049495096, ""name"": ""bfgs_after_fire"", ""start_geometry_sha256"": ""9a771c9dec2076f63bc231d52abef5d7c3555acb2d627f7cc53012eaee397032"", ""steps"": 51}]",511a1d7a6e0b6291b4c24550a7567f8cbc2085ecfc96bf7d5d9e9139094c2d9b,-2.381118950694799,True,0.07714814366912134,76.0,100.0,0.08,converged,,bfgs_standard,"[{""ase_converged"": true, ""converged"": true, ""end_geometry_sha256"": ""fa2fff119178233e5d19d4fcbaf42c30484de5d4a8981f7ba2df30e595d5c648"", ""failure_class"": null, ""max_force_eV_A"": 0.07714814366912134, ""name"": ""bfgs_standard"", ""start_geometry_sha256"": ""5bf2adfcbadb2e228ed3ce102d60da80c868819af2b712e06119e907d3cccdf5"", ""steps"": 76}]",fa2fff119178233e5d19d4fcbaf42c30484de5d4a8981f7ba2df30e595d5c648,2.7323636181652295,True,0.06760692631406996,70.0,100.0,0.08,converged,,bfgs_standard,"[{""ase_converged"": true, ""converged"": true, ""end_geometry_sha256"": ""9858d44b35ce8c06df0ff7275d7e64f1435b98c05321c12b8d723835f50930f5"", ""failure_class"": null, ""max_force_eV_A"": 0.06760692631406996, ""name"": ""bfgs_standard"", ""start_geometry_sha256"": ""1c8964d97350efcd13946eba1c86a67bb05b648fe139c712514ab6225d290197"", ""steps"": 70}]",9858d44b35ce8c06df0ff7275d7e64f1435b98c05321c12b8d723835f50930f5,4.223184059560275,3.0,step_4_H2O,10.0,0.0,True,5.113482568860029,0.6527014328916925,False,quantitative_screening,2,2,7b9df8ab7c9f70437dff,False,
"('Perovskite', 'La', 'In', 'Fe', 0.05, 'O_vacancy')",Perovskite,True,esen-sm-conserving-all-oc25:relax-v4:orr-che-v3,True,0.07390201445922208,44,150,0.08,converged,,bfgs_standard,"[{""ase_converged"": true, ""converged"": true, ""end_geometry_sha256"": ""220d576e1845f0070ccfd60d9496d21680537e3e98f231bf1d37f311a36367f2"", ""failure_class"": null, ""max_force_eV_A"": 0.07390201445922208, ""name"": ""bfgs_standard"", ""start_geometry_sha256"": ""d42ce3ad604e9fd89dac86832c4871ec4e548cfb7b1ad70e9fa71b18b9eec141"", ""steps"": 44}]",220d576e1845f0070ccfd60d9496d21680537e3e98f231bf1d37f311a36367f2,-379.59111583601026,True,0.0763956703408098,94.0,100.0,0.08,converged,,bfgs_standard,"[{""ase_converged"": true, ""converged"": true, ""end_geometry_sha256"": ""43b6427cbc1e9e4228f84b2cd9761713d271b6d4c8de514cd724ca3023da58f9"", ""failure_class"": null, ""max_force_eV_A"": 0.0763956703408098, ""name"": ""bfgs_standard"", ""start_geometry_sha256"": ""2c9a7eafe2470f047a986e4999f581af076967c33dcf6246b2b2d42f254d2592"", ""steps"": 94}]",43b6427cbc1e9e4228f84b2cd9761713d271b6d4c8de514cd724ca3023da58f9,-3.0771104668080804,True,0.074525936758364,305.0,100.0,0.08,converged,,bfgs_after_fire,"[{""ase_converged"": false, ""converged"": false, ""end_geometry_sha256"": ""0b24f0af5083d5880b9eebab8c6e64572490480a2b3433020a305803b14f81e9"", ""failure_class"": ""force_threshold"", ""max_force_eV_A"": 0.4030378746576635, ""name"": ""bfgs_standard"", ""start_geometry_sha256"": ""6b482af6517280fa0f617b024638810e158a4b5f9f263cc7e30f90b05db177c0"", ""steps"": 100}, {""ase_converged"": false, ""converged"": false, ""end_geometry_sha256"": ""cd64aa78fad7301e506f2a543ade729ed22a5ca5601159ba08dac53fcb09b271"", ""failure_class"": ""force_threshold"", ""max_force_eV_A"": 0.9185264236993264, ""name"": ""fire_precondition"", ""qualifying"": false, ""start_geometry_sha256"": ""6b482af6517280fa0f617b024638810e158a4b5f9f263cc7e30f90b05db177c0"", ""steps"": 50}, {""ase_converged"": true, ""converged"": true, ""end_geometry_sha256"": ""7a2c35240e3c36b1bb46b5007c52c4278a3214f6d284099e4aeec42cca2c3955"", ""failure_class"": null, ""max_force_eV_A"": 0.074525936758364, ""name"": ""bfgs_after_fire"", ""start_geometry_sha256"": ""cd64aa78fad7301e506f2a543ade729ed22a5ca5601159ba08dac53fcb09b271"", ""steps"": 155}]",7a2c35240e3c36b1bb46b5007c52c4278a3214f6d284099e4aeec42cca2c3955,-0.4725333087146531,True,0.07514215997804351,76.0,100.0,0.08,converged,,bfgs_standard,"[{""ase_converged"": true, ""converged"": true, ""end_geometry_sha256"": ""755eef9bd8127ffcfac40958465dc7659d7d4788f4cd1d59f1a5677736755c85"", ""failure_class"": null, ""max_force_eV_A"": 0.07514215997804351, ""name"": ""bfgs_standard"", ""start_geometry_sha256"": ""f7a24d908077f9edce64e4057a9eb581f4f247c7c45909eca79fa6720aba14ba"", ""steps"": 76}]",755eef9bd8127ffcfac40958465dc7659d7d4788f4cd1d59f1a5677736755c85,0.16199631541964907,3.0,step_4_H2O,7.0,0.0,True,3.5496437755227337,0.6527014328916925,False,quantitative_screening,2,2,934405cb955b1ecf965b,False,
"('Perovskite', 'La', 'In', 'Hf', 0.05, 'B_vacancy')",Perovskite,True,esen-sm-conserving-all-oc25:relax-v4:orr-che-v3,True,0.07508516265500238,279,150,0.08,converged,,bfgs_after_fire,"[{""ase_converged"": false, ""converged"": false, ""end_geometry_sha256"": ""bf0d007bf292eeb680dd94543e56bd88085769707f86861a5d7d31f32e5f4794"", ""failure_class"": ""force_threshold"", ""max_force_eV_A"": 0.10647747665171572, ""name"": ""bfgs_standard"", ""start_geometry_sha256"": ""ba291fb67b31884a3898a2008298125a4d874eb03b9d9ac9eea2a1996b317bf3"", ""steps"": 150}, {""ase_converged"": false, ""converged"": false, ""end_geometry_sha256"": ""ba678a2ac536aacc5e1c1655618b02bd586c111a77776e4d1c2a18273c343953"", ""failure_class"": ""force_threshold"", ""max_force_eV_A"": 0.47925711331014836, ""name"": ""fire_precondition"", ""qualifying"": false, ""start_geometry_sha256"": ""ba291fb67b31884a3898a2008298125a4d874eb03b9d9ac9eea2a1996b317bf3"", ""steps"": 75}, {""ase_converged"": true, ""converged"": true, ""end_geometry_sha256"": ""f0e07a4859d970e606e4ed9f09c7f6086955286c4db296d89bb121ce0bc3f163"", ""failure_class"": null, ""max_force_eV_A"": 0.07508516265500238, ""name"": ""bfgs_after_fire"", ""start_geometry_sha256"": ""ba678a2ac536aacc5e1c1655618b02bd586c111a77776e4d1c2a18273c343953"", ""steps"": 54}]",f0e07a4859d970e606e4ed9f09c7f6086955286c4db296d89bb121ce0bc3f163,-390.83925932054365,True,0.07132966962687501,259.0,100.0,0.08,converged,,bfgs_after_fire,"[{""ase_converged"": false, ""converged"": false, ""end_geometry_sha256"": ""e188156b27d0991e7d90c32faa508ef1ad9ecd1b134a381977dbdd27f72456a2"", ""failure_class"": ""force_threshold"", ""max_force_eV_A"": 0.17263231421200426, ""name"": ""bfgs_standard"", ""start_geometry_sha256"": ""909ab720e358e6c38a4c22e89d018b6ed664d6b700462e5ada2d8d8e259f08f2"", ""steps"": 100}, {""ase_converged"": false, ""converged"": false, ""end_geometry_sha256"": ""b99ec32ad9e7aacc7b912fad0c91aea763221d4e5adca744d0fd12eefec38281"", ""failure_class"": ""force_threshold"", ""max_force_eV_A"": 1.325782529630011, ""name"": ""fire_precondition"", ""qualifying"": false, ""start_geometry_sha256"": ""909ab720e358e6c38a4c22e89d018b6ed664d6b700462e5ada2d8d8e259f08f2"", ""steps"": 50}, {""ase_converged"": true, ""converged"": true, ""end_geometry_sha256"": ""15abd05afe9cf997140baa3aaa767e0964bdb50d87716f680e692cd8c5519781"", ""failure_class"": null, ""max_force_eV_A"": 0.07132966962687501, ""name"": ""bfgs_after_fire"", ""start_geometry_sha256"": ""b99ec32ad9e7aacc7b912fad0c91aea763221d4e5adca744d0fd12eefec38281"", ""steps"": 109}]",15abd05afe9cf997140baa3aaa767e0964bdb50d87716f680e692cd8c5519781,-2.007015404552221,True,0.06567514869111764,256.0,100.0,0.08,converged,,bfgs_after_fire,"[{""ase_converged"": false, ""converged"": false, ""end_geometry_sha256"": ""f68b1421c87c7005dc4958e87ee619619bf3e009cf5404ef328aa14889aee151"", ""failure_class"": ""force_threshold"", ""max_force_eV_A"": 0.17502196034262885, ""name"": ""bfgs_standard"", ""start_geometry_sha256"": ""2cb102ac5c3d95d883505e8767c56c55835e50bd6420cf94b00921fad0716c90"", ""steps"": 100}, {""ase_converged"": false, ""converged"": false, ""end_geometry_sha256"": ""121f01751f4b7caa56f774025e31e29a6bea54aff67b7f1290c192551d753846"", ""failure_class"": ""force_threshold"", ""max_force_eV_A"": 0.7895976217390097, ""name"": ""fire_precondition"", ""qualifying"": false, ""start_geometry_sha256"": ""2cb102ac5c3d95d883505e8767c56c55835e50bd6420cf94b00921fad0716c90"", ""steps"": 50}, {""ase_converged"": true, ""converged"": true, ""end_geometry_sha256"": ""fd8b6b838590802f122579a98551ef7861598a647d99b8f38db179ec989ef8e2"", ""failure_class"": null, ""max_force_eV_A"": 0.06567514869111764, ""name"": ""bfgs_after_fire"", ""start_geometry_sha256"": ""121f01751f4b7caa56f774025e31e29a6bea54aff67b7f1290c192551d753846"", ""steps"": 106}]",fd8b6b838590802f122579a98551ef7861598a647d99b8f38db179ec989ef8e2,1.8583878643809932,True,0.06655256390159664,83.0,100.0,0.08,converged,,bfgs_standard,"[{""ase_converged"": true, ""converged"": true, ""end_geometry_sha256"": ""2fdd89a5bba5c892ad4f4248a34bb6e96a5170d68e858e0eff9ee28d4c594e18"", ""failure_class"": null, ""max_force_eV_A"": 0.06655256390159664, ""name"": ""bfgs_standard"", ""start_geometry_sha256"": ""17f244859a6c3cabae37913dfdbc80226b98b3602fd68a2214ab4db2197b1e29"", ""steps"": 83}]",2fdd89a5bba5c892ad4f4248a34bb6e96a5170d68e858e0eff9ee28d4c594e18,1.6625112995505082,3.0,step_4_H2O,10.0,-1.0225827530545337,True,3.865403268933214,0.6527014328916925,False,quantitative_screening,1,1,440f61459aeba386df88,False,
"('Perovskite', 'La', 'Sb', 'Co', 0.0, 'B_vacancy')",Perovskite,True,esen-sm-conserving-all-oc25:relax-v4:orr-che-v3,True,0.07089325672042954,107,150,0.08,converged,,bfgs_standard,"[{""ase_converged"": true, ""converged"": true, ""end_geometry_sha256"": ""8ac19fc5cc2091f5233c44a6d13847a482a8f93fa4b9ceef8ba98bfe1f232ceb"", ""failure_class"": null, ""max_force_eV_A"": 0.07089325672042954, ""name"": ""bfgs_standard"", ""start_geometry_sha256"": ""9707fd61eb87e612e6430b64584d192cb529a65af1eeeb0abf8411348ca5c6b6"", ""steps"": 107}]",8ac19fc5cc2091f5233c44a6d13847a482a8f93fa4b9ceef8ba98bfe1f232ceb,-396.80459112686015,True,0.07705189016095448,71.0,100.0,0.08,converged,,bfgs_standard,"[{""ase_converged"": true, ""converged"": true, ""end_geometry_sha256"": ""52ff9c3b0b050d5e852fd08d6f4a55f969e7902ac7ef0c4f46fa561d289eee8d"", ""failure_class"": null, ""max_force_eV_A"": 0.07705189016095448, ""name"": ""bfgs_standard"", ""start_geometry_sha256"": ""e6a9415896ee292de8d7b91229e9e6f24cd847b82569df85c3e3ca43d468bb14"", ""steps"": 71}]",52ff9c3b0b050d5e852fd08d6f4a55f969e7902ac7ef0c4f46fa561d289eee8d,0.5012834693490891,True,0.06719792768927776,47.0,100.0,0.08,converged,,bfgs_standard,"[{""ase_converged"": true, ""converged"": true, ""end_geometry_sha256"": ""793762b65d4a3c7b7add41fbf98d60d558251a01ea85bd3a9463911e2b62d0dd"", ""failure_class"": null, ""max_force_eV_A"": 0.06719792768927776, ""name"": ""bfgs_standard"", ""start_geometry_sha256"": ""6d48db736c8afe22414979fbc4b3cb92106e0a0395c014a1c8c7eec2ac699867"", ""steps"": 47}]",793762b65d4a3c7b7add41fbf98d60d558251a01ea85bd3a9463911e2b62d0dd,3.6259087689220655,True,0.07372561934902117,197.0,100.0,0.08,converged,,bfgs_after_fire,"[{""ase_converged"": false, ""converged"": false, ""end_geometry_sha256"": ""4f57f1a9d27b2887f152d1cbcd7efef706d94e4a4315f91a36ab2f0ee6c957ed"", ""failure_class"": ""force_threshold"", ""max_force_eV_A"": 0.10900916844585071, ""name"": ""bfgs_standard"", ""start_geometry_sha256"": ""28e12a5850f378402448db303abe81f36a4b4b505867ffae76450ae9038b7735"", ""steps"": 100}, {""ase_converged"": false, ""converged"": false, ""end_geometry_sha256"": ""6565dc6620ee7b17a67e0ba37c80aff8dd15823c0048c552c6fc87eaea28d7e5"", ""failure_class"": ""force_threshold"", ""max_force_eV_A"": 0.6043296688420695, ""name"": ""fire_precondition"", ""qualifying"": false, ""start_geometry_sha256"": ""28e12a5850f378402448db303abe81f36a4b4b505867ffae76450ae9038b7735"", ""steps"": 50}, {""ase_converged"": true, ""converged"": true, ""end_geometry_sha256"": ""124fb44c8cee7a29207b97e9a27e6eafa148d21c0974c8f6ed43cdb4cffe76c8"", ""failure_class"": null, ""max_force_eV_A"": 0.07372561934902117, ""name"": ""bfgs_after_fire"", ""start_geometry_sha256"": ""6565dc6620ee7b17a67e0ba37c80aff8dd15823c0048c552c6fc87eaea28d7e5"", ""steps"": 47}]",124fb44c8cee7a29207b97e9a27e6eafa148d21c0974c8f6ed43cdb4cffe76c8,4.418408821523165,0.727716530650911,step_4_H2O,9.0,-0.4733102590916547,True,4.127192238271155,0.6527014328916925,False,quantitative_screening,0,0,05fe85c146db8c33e958,False,
"('MAXPhase', 'Ti', 'Ga', 'N', 1, 'V', 'basal_0001')",MAXPhase,True,esen-sm-conserving-all-oc25:relax-v4:orr-che-v3,True,0.0,0,150,0.08,converged,,bfgs_standard,"[{""ase_converged"": true, ""converged"": true, ""end_geometry_sha256"": ""57dad159a0ee9e6d3710c5c34464ef3152e22c9d157d3f37886ddf3cefb2fa74"", ""failure_class"": null, ""max_force_eV_A"": 0.0, ""name"": ""bfgs_standard"", ""start_geometry_sha256"": ""57dad159a0ee9e6d3710c5c34464ef3152e22c9d157d3f37886ddf3cefb2fa74"", ""steps"": 0}]",57dad159a0ee9e6d3710c5c34464ef3152e22c9d157d3f37886ddf3cefb2fa74,-127.28754906987692,True,0.033281482905240245,9.0,100.0,0.08,converged,,bfgs_standard,"[{""ase_converged"": true, ""converged"": true, ""end_geometry_sha256"": ""42a5ce178106381f1add50bf1e70ab27ee46a9a3bb215dc4666253b3b10fa13c"", ""failure_class"": null, ""max_force_eV_A"": 0.033281482905240245, ""name"": ""bfgs_standard"", ""start_geometry_sha256"": ""6aec1e7a4892728f0ba7838da8a62823bce6acf4c4619fbd4cc708ef81105938"", ""steps"": 9}]",42a5ce178106381f1add50bf1e70ab27ee46a9a3bb215dc4666253b3b10fa13c,0.10428220286965367,True,0.014949470959600182,11.0,100.0,0.08,converged,,bfgs_standard,"[{""ase_converged"": true, ""converged"": true, ""end_geometry_sha256"": ""ac05c6baedd2d11b29a0d7ba4954e32482069c8e944d9df0e8cfbec4dfdd8d62"", ""failure_class"": null, ""max_force_eV_A"": 0.014949470959600182, ""name"": ""bfgs_standard"", ""start_geometry_sha256"": ""b5c8874fd4be82fa2b481c64310bfd00eaf1273985dd5da9cefeaa8f1a50b4cd"", ""steps"": 11}]",ac05c6baedd2d11b29a0d7ba4954e32482069c8e944d9df0e8cfbec4dfdd8d62,-3.1730967395007577,True,0.042920481427223024,42.0,100.0,0.08,converged,,bfgs_standard,"[{""ase_converged"": true, ""converged"": true, ""end_geometry_sha256"": ""a2e5f57b7de99fc9bf22e4da79578aab774dee3b3c2350ea098b95c45fdcaf9b"", ""failure_class"": null, ""max_force_eV_A"": 0.042920481427223024, ""name"": ""bfgs_standard"", ""start_geometry_sha256"": ""c5f58229d905975f78ea1df4a160150d259bf26880381e3b1e34d66f1132ff07"", ""steps"": 42}]",a2e5f57b7de99fc9bf22e4da79578aab774dee3b3c2350ea098b95c45fdcaf9b,7.988736580312256,3.0,step_3_OH,9.0,0.0,True,3.277378942370411,0.707500000035,False,quantitative_screening,2,2,2a3c94506edc63d86a4a,False,
"('MAXPhase', 'Ti', 'Ge', 'C', 2, 'Cr', 'edge_1010')",MAXPhase,False,esen-sm-conserving-all-oc25:relax-v4:orr-che-v3,True,0.07577680417872182,80,150,0.08,converged,,bfgs_standard,"[{""ase_converged"": true, ""converged"": true, ""end_geometry_sha256"": ""517b895d8cc746f2b94d2edba265056fa8a4f6a9b78fee7cb5616999a132d6b3"", ""failure_class"": null, ""max_force_eV_A"": 0.07577680417872182, ""name"": ""bfgs_standard"", ""start_geometry_sha256"": ""1210253ab85e6868976d2fc33362e17466dc4a4937e748d81673122bb7260206"", ""steps"": 80}]",517b895d8cc746f2b94d2edba265056fa8a4f6a9b78fee7cb5616999a132d6b3,-210.8538374016415,True,0.07075973834073396,280.0,100.0,0.08,converged,,bfgs_after_fire,"[{""ase_converged"": false, ""converged"": false, ""end_geometry_sha256"": ""b68ed464c9ccdb5d1b32abed3c51d483081dda65eff1141a13b5d2a66674ccc7"", ""failure_class"": ""force_threshold"", ""max_force_eV_A"": 0.20423263645107095, ""name"": ""bfgs_standard"", ""start_geometry_sha256"": ""c137c6b19d90d56b83a54f7b8aefc87e1bfa9bff1e4fe2cc59c5e90d5e0e3b58"", ""steps"": 100}, {""ase_converged"": false, ""converged"": false, ""end_geometry_sha256"": ""850766a21f016d3b082765083267b8c2878e1a9ee56f7adb28427a8b3747bdca"", ""failure_class"": ""force_threshold"", ""max_force_eV_A"": 0.5436333455315119, ""name"": ""fire_precondition"", ""qualifying"": false, ""start_geometry_sha256"": ""c137c6b19d90d56b83a54f7b8aefc87e1bfa9bff1e4fe2cc59c5e90d5e0e3b58"", ""steps"": 50}, {""ase_converged"": true, ""converged"": true, ""end_geometry_sha256"": ""099339d7d879c768aaffcdba7636fb91a488f92e56b7f0fb3355ca4543d7eb9e"", ""failure_class"": null, ""max_force_eV_A"": 0.07075973834073396, ""name"": ""bfgs_after_fire"", ""start_geometry_sha256"": ""850766a21f016d3b082765083267b8c2878e1a9ee56f7adb28427a8b3747bdca"", ""steps"": 130}]",099339d7d879c768aaffcdba7636fb91a488f92e56b7f0fb3355ca4543d7eb9e,-4.405071434825659,True,0.07025485496605378,47.0,100.0,0.08,converged,,bfgs_standard,"[{""ase_converged"": true, ""converged"": true, ""end_geometry_sha256"": ""55aca3cb7f073a86e3237860fa27970f29983e602c806651fc91474535b2ce26"", ""failure_class"": null, ""max_force_eV_A"": 0.07025485496605378, ""name"": ""bfgs_standard"", ""start_geometry_sha256"": ""173965244756ddb9387cdd7da18a02b843b4fd3dd3dc3c6f70a91071e359f499"", ""steps"": 47}]",55aca3cb7f073a86e3237860fa27970f29983e602c806651fc91474535b2ce26,-2.258137785643364,False,,0.0,100.0,0.08,invalid_initial_geometry,atomic_overlap,none,[],e6c91e7c7d58d393f0a754258fa7077f66d6b4e9c79709a56bd8727ec33fe724,,,,,,,,,True,validation_required,2,2,e3cf6432f4966fb16bff,False,Invalid ooh initial geometry: atomic_overlap
"('MAXPhase', 'Ti', 'Ge', 'N', 1, 'Sc', 'edge_1010')",MAXPhase,False,esen-sm-conserving-all-oc25:relax-v4:orr-che-v3,True,0.0,0,150,0.08,converged,,bfgs_standard,"[{""ase_converged"": true, ""converged"": true, ""end_geometry_sha256"": ""8617cfdb0b98500d9d80c67dc01530ab5f2f88e82872cc7ce3df43928244c5c0"", ""failure_class"": null, ""max_force_eV_A"": 0.0, ""name"": ""bfgs_standard"", ""start_geometry_sha256"": ""8617cfdb0b98500d9d80c67dc01530ab5f2f88e82872cc7ce3df43928244c5c0"", ""steps"": 0}]",8617cfdb0b98500d9d80c67dc01530ab5f2f88e82872cc7ce3df43928244c5c0,-124.50032588969154,True,0.02355113148927478,47.0,100.0,0.08,converged,,bfgs_standard,"[{""ase_converged"": true, ""converged"": true, ""end_geometry_sha256"": ""2fe4a85975cec29d764a7eddb378ca474668f3a53129ec0895d46613ac8628d6"", ""failure_class"": null, ""max_force_eV_A"": 0.02355113148927478, ""name"": ""bfgs_standard"", ""start_geometry_sha256"": ""d8dc7236122c65883233a47024ae970499e2652e7643196b648eec6cb0e9f558"", ""steps"": 47}]",2fe4a85975cec29d764a7eddb378ca474668f3a53129ec0895d46613ac8628d6,4.016578498035669,True,0.06897582348638162,16.0,100.0,0.08,converged,,bfgs_standard,"[{""ase_converged"": true, ""converged"": true, ""end_geometry_sha256"": ""24092375075ab0583d81d2e3c413d86c0916f77a86a80de8f486ee1b86767bcd"", ""failure_class"": null, ""max_force_eV_A"": 0.06897582348638162, ""name"": ""bfgs_standard"", ""start_geometry_sha256"": ""7e7a7fbf1b53550871bc4768d7da8bf08a7da06f6b2d746d4fd859e5f6e70655"", ""steps"": 16}]",24092375075ab0583d81d2e3c413d86c0916f77a86a80de8f486ee1b86767bcd,4.797621644288305,True,0.026970992745646426,36.0,100.0,0.08,converged,,bfgs_standard,"[{""ase_converged"": true, ""converged"": true, ""end_geometry_sha256"": ""ead56743084203932a873291e324af6c19a0636b558b505642452940173ff149"", ""failure_class"": null, ""max_force_eV_A"": 0.026970992745646426, ""name"": ""bfgs_standard"", ""start_geometry_sha256"": ""2e226c3d07197158221494857cd02ab7b034a48264300aa66981195e102964f6"", ""steps"": 36}]",ead56743084203932a873291e324af6c19a0636b558b505642452940173ff149,12.157689522206788,8.466689522206789,step_1_OOH,10.0,0.0,True,8.814200142323973,,True,validation_required,0,0,eb009f2fb265e0d512d6,False,Unphysical dG_OOH_eV=12.16 eV
"('MAXPhase', 'Ti', 'Ge', 'N', 2, 'Hf', 'edge_1120')",MAXPhase,False,esen-sm-conserving-all-oc25:relax-v4:orr-che-v3,True,0.057805829941381545,32,150,0.08,converged,,bfgs_standard,"[{""ase_converged"": true, ""converged"": true, ""end_geometry_sha256"": ""07e8cbd8b2d58f7e3fae3a41d727ae6adcbe0cb70938c64cc155b12d86e883e5"", ""failure_class"": null, ""max_force_eV_A"": 0.057805829941381545, ""name"": ""bfgs_standard"", ""start_geometry_sha256"": ""4b75a5a2918f96da7b547bff90d97bdc20e1de7d2013d0004041864195f34a14"", ""steps"": 32}]",07e8cbd8b2d58f7e3fae3a41d727ae6adcbe0cb70938c64cc155b12d86e883e5,-93.36913736887766,False,,0.0,100.0,0.08,invalid_initial_geometry,atomic_overlap,none,[],4b782b29f89aa197750637e879a35ced30ed13d1fba748837d7ccc017b8c1e6e,,,,,,,,,,,,,,,,,,,,,,,,,,,,,,,True,validation_required,0,0,a9dc0d9d9ccc3d4f5c42,False,Invalid oh initial geometry: atomic_overlap
"('MAXPhase', 'Ti', 'In', 'C', 2, 'Fe', 'basal_0001')",MAXPhase,True,esen-sm-conserving-all-oc25:relax-v4:orr-che-v3,True,0.07504080464060382,81,150,0.08,converged,,bfgs_standard,"[{""ase_converged"": true, ""converged"": true, ""end_geometry_sha256"": ""26f4bac440224cfce14d30675a4843df800c8239be391ca6fb8bf05cd4171cd1"", ""failure_class"": null, ""max_force_eV_A"": 0.07504080464060382, ""name"": ""bfgs_standard"", ""start_geometry_sha256"": ""cd3aeee88aa4e519faa904fc53a6ee06ecbc9fcd59f36cd653370e9f82115b8f"", ""steps"": 81}]",26f4bac440224cfce14d30675a4843df800c8239be391ca6fb8bf05cd4171cd1,-207.94221797533987,True,0.06739517610233327,233.0,100.0,0.08,converged,,bfgs_after_fire,"[{""ase_converged"": false, ""converged"": false, ""end_geometry_sha256"": ""0dfc49d01348d968ff8ee915b3c3b59fe15035668baac34dcf337f6b1107c936"", ""failure_class"": ""force_threshold"", ""max_force_eV_A"": 0.14011606958368628, ""name"": ""bfgs_standard"", ""start_geometry_sha256"": ""56961bba247bb78d76dded8f131db0ef64a2d077ef4bed163a9b816ac007c90d"", ""steps"": 100}, {""ase_converged"": true, ""converged"": true, ""end_geometry_sha256"": ""4e457dc362e9cdab6975fcaa689bebd221ae6ebd9402de9b527814a663b238c5"", ""failure_class"": null, ""max_force_eV_A"": 0.22117254569948452, ""name"": ""fire_precondition"", ""qualifying"": false, ""start_geometry_sha256"": ""56961bba247bb78d76dded8f131db0ef64a2d077ef4bed163a9b816ac007c90d"", ""steps"": 36}, {""ase_converged"": true, ""converged"": true, ""end_geometry_sha256"": ""f40c270428ba16a85832305862020bd3e364e9669e50a89ca9b47d975bbc38c4"", ""failure_class"": null, ""max_force_eV_A"": 0.06739517610233327, ""name"": ""bfgs_after_fire"", ""start_geometry_sha256"": ""4e457dc362e9cdab6975fcaa689bebd221ae6ebd9402de9b527814a663b238c5"", ""steps"": 97}]",f40c270428ba16a85832305862020bd3e364e9669e50a89ca9b47d975bbc38c4,-4.04579943165183,True,0.07023805243480345,35.0,100.0,0.08,converged,,bfgs_standard,"[{""ase_converged"": true, ""converged"": true, ""end_geometry_sha256"": ""1ccf4e5b2e3e26406f332cde8563c94d637d80b2451747d0fade57f5eed891e9"", ""failure_class"": null, ""max_force_eV_A"": 0.07023805243480345, ""name"": ""bfgs_standard"", ""start_geometry_sha256"": ""09b2d566c9ca8904e326d00311dd7e0673bcbaf003937f504a4a625a1c127f9a"", ""steps"": 35}]",1ccf4e5b2e3e26406f332cde8563c94d637d80b2451747d0fade57f5eed891e9,-3.4486857287585986,True,0.07590641158366035,223.0,100.0,0.08,converged,,bfgs_after_fire,"[{""ase_converged"": false, ""converged"": false, ""end_geometry_sha256"": ""a5dffd056cae59ff8b181fa3092e64dcdabb14bb9a7ba2cedc847172b8cbbd60"", ""failure_class"": ""force_threshold"", ""max_force_eV_A"": 0.6642024766858625, ""name"": ""bfgs_standard"", ""start_geometry_sha256"": ""ebeae60ffae29b47971a2f695cdcf397ce251811ae36a1d6c537a9472e421068"", ""steps"": 100}, {""ase_converged"": false, ""converged"": false, ""end_geometry_sha256"": ""9dc9e9c5c4cacd2269cc3c02e8ae3f7c81cb0b70324796270fa5f34c3b4211d5"", ""failure_class"": ""force_threshold"", ""max_force_eV_A"": 0.6195437783962146, ""name"": ""fire_precondition"", ""qualifying"": false, ""start_geometry_sha256"": ""ebeae60ffae29b47971a2f695cdcf397ce251811ae36a1d6c537a9472e421068"", ""steps"": 50}, {""ase_converged"": true, ""converged"": true, ""end_geometry_sha256"": ""cfb2ef8fa345ac982e9ea3a6fb8a4d96f45346dc1e627b1a9e52236747f4ceee"", ""failure_class"": null, ""max_force_eV_A"": 0.07590641158366035, ""name"": ""bfgs_after_fire"", ""start_geometry_sha256"": ""9dc9e9c5c4cacd2269cc3c02e8ae3f7c81cb0b70324796270fa5f34c3b4211d5"", ""steps"": 73}]",cfb2ef8fa345ac982e9ea3a6fb8a4d96f45346dc1e627b1a9e52236747f4ceee,-5.169565726816678,3.0,step_4_H2O,7.0,0.0,True,7.494485160410429,0.707500000035,False,quantitative_screening,0,0,5d241772306274b31d84,False,
"('MAXPhase', 'Ti', 'In', 'N', 2, 'Cr', 'edge_1120')",MAXPhase,True,esen-sm-conserving-all-oc25:relax-v4:orr-che-v3,True,0.05281558171750227,39,150,0.08,converged,,bfgs_standard,"[{""ase_converged"": true, ""converged"": true, ""end_geometry_sha256"": ""168962bb49798c2aab157bc210db45227a0af56062899f0a7841e1a9724c1ca1"", ""failure_class"": null, ""max_force_eV_A"": 0.05281558171750227, ""name"": ""bfgs_standard"", ""start_geometry_sha256"": ""e5cf0da2500dc8fe66572ad4553a510265bcd8070edc8b96702afcacc80257fe"", ""steps"": 39}]",168962bb49798c2aab157bc210db45227a0af56062899f0a7841e1a9724c1ca1,-89.13182225219612,True,0.058647825846101925,77.0,100.0,0.08,converged,,bfgs_standard,"[{""ase_converged"": true, ""converged"": true, ""end_geometry_sha256"": ""20f48195fde0bdaa9aaaecc48f3daf75213064e69849c24dd369f7732fc71a55"", ""failure_class"": null, ""max_force_eV_A"": 0.058647825846101925, ""name"": ""bfgs_standard"", ""start_geometry_sha256"": ""1ac1ad35b03f3a8f65c94de35e6fb65978a3508a3ef16aecfba56876267ab342"", ""steps"": 77}]",20f48195fde0bdaa9aaaecc48f3daf75213064e69849c24dd369f7732fc71a55,1.0093839789927006,True,0.06225491915186332,16.0,100.0,0.08,converged,,bfgs_standard,"[{""ase_converged"": true, ""converged"": true, ""end_geometry_sha256"": ""dbed45242b3bb01e75a9c75feff1ed83787da2ffce2add7229e7ace5bf1b2e6e"", ""failure_class"": null, ""max_force_eV_A"": 0.06225491915186332, ""name"": ""bfgs_standard"", ""start_geometry_sha256"": ""b6b99c8fd8fd9c8d5a7a87ffdce8df20464c0ffaadecc6fd1df05a17ce2c5a71"", ""steps"": 16}]",dbed45242b3bb01e75a9c75feff1ed83787da2ffce2add7229e7ace5bf1b2e6e,2.8381985791027295,True,0.06378866308588697,26.0,100.0,0.08,converged,,bfgs_standard,"[{""ase_converged"": true, ""converged"": true, ""end_geometry_sha256"": ""2496e39654c8732fcb00a1166b223b21888d1f93963c00fb3d3bc3aad5c1f45e"", ""failure_class"": null, ""max_force_eV_A"": 0.06378866308588697, ""name"": ""bfgs_standard"", ""start_geometry_sha256"": ""1c088c5e2fe64f7eaff349c737bd8afc44560d20aa503e254d7d4c977472a30b"", ""steps"": 26}]",2496e39654c8732fcb00a1166b223b21888d1f93963c00fb3d3bc3aad5c1f45e,3.7263502582907426,0.340848320811987,step_2_O,9.0,0.0,True,3.8475825580954304,0.707500000035,False,quantitative_screening,1,1,518e823e05a53fe97416,False,
"('MAXPhase', 'Ti', 'Sn', 'C', 3, 'Nb', 'edge_1010')",MAXPhase,True,esen-sm-conserving-all-oc25:relax-v4:orr-che-v3,True,0.0705574686180754,138,150,0.08,converged,,bfgs_standard,"[{""ase_converged"": true, ""converged"": true, ""end_geometry_sha256"": ""e514e82077b662d3c64796a936046423e931e8418dbc6b9a15dfbc689a5c6c4c"", ""failure_class"": null, ""max_force_eV_A"": 0.0705574686180754, ""name"": ""bfgs_standard"", ""start_geometry_sha256"": ""03ea9dd70062b165c1d6344efd226a5ed8457f8a073e5e53407488000190acb2"", ""steps"": 138}]",e514e82077b662d3c64796a936046423e931e8418dbc6b9a15dfbc689a5c6c4c,-291.91386549764735,True,0.07553332651045608,57.0,100.0,0.08,converged,,bfgs_standard,"[{""ase_converged"": true, ""converged"": true, ""end_geometry_sha256"": ""e24bedcbb96cac7bed8b371f442e10ff4a04bd47d1a954a815f3d911d43e6dd7"", ""failure_class"": null, ""max_force_eV_A"": 0.07553332651045608, ""name"": ""bfgs_standard"", ""start_geometry_sha256"": ""a84e00e777da7307d03b742e4ba2c7c4c402fc5e19f503b8958cfa413a8de49c"", ""steps"": 57}]",e24bedcbb96cac7bed8b371f442e10ff4a04bd47d1a954a815f3d911d43e6dd7,-2.5736123894153886,True,0.07373053422309009,39.0,100.0,0.08,converged,,bfgs_standard,"[{""ase_converged"": true, ""converged"": true, ""end_geometry_sha256"": ""5221112ef0cb04eda54d29eccf5476bf5160b5bb4d9d16f42760cd7811233af7"", ""failure_class"": null, ""max_force_eV_A"": 0.07373053422309009, ""name"": ""bfgs_standard"", ""start_geometry_sha256"": ""64ec5caffee9969f61cc7e7e885c7a4a87c4ba6fdd3067b6dff06f84392f13a5"", ""steps"": 39}]",5221112ef0cb04eda54d29eccf5476bf5160b5bb4d9d16f42760cd7811233af7,-2.473050200193975,True,0.06578646741870242,92.0,100.0,0.08,converged,,bfgs_standard,"[{""ase_converged"": true, ""converged"": true, ""end_geometry_sha256"": ""3920fa806c56d5ebce0aac42a041802c45922588018fe4dcb74b0be028b6d18e"", ""failure_class"": null, ""max_force_eV_A"": 0.06578646741870242, ""name"": ""bfgs_standard"", ""start_geometry_sha256"": ""4246bcccd2692d89b56993ea2acff9f5d0fde8ec91e4ee31d10e70091eca28da"", ""steps"": 92}]",3920fa806c56d5ebce0aac42a041802c45922588018fe4dcb74b0be028b6d18e,-4.7068925395606485,3.0,step_4_H2O,10.0,0.0,True,5.0466625896093635,0.707500000035,False,quantitative_screening,2,2,233c4d68c1c14cf85d08,False,
"('MAXPhase', 'Ti', 'Sn', 'N', 2, 'Fe', 'edge_1010')",MAXPhase,True,esen-sm-conserving-all-oc25:relax-v4:orr-che-v3,True,0.07813291977176097,31,150,0.08,converged,,bfgs_standard,"[{""ase_converged"": true, ""converged"": true, ""end_geometry_sha256"": ""cfd082ad451c42aef13799f10db330fade64f6f7434ba62406acb8bde9f40408"", ""failure_class"": null, ""max_force_eV_A"": 0.07813291977176097, ""name"": ""bfgs_standard"", ""start_geometry_sha256"": ""98ae7e5134287e38e415cdf83b6caa3edb223d1f0840f87dcc5f0e29f8fe0b34"", ""steps"": 31}]",cfd082ad451c42aef13799f10db330fade64f6f7434ba62406acb8bde9f40408,-211.39997949756793,True,0.07984941854040334,68.0,100.0,0.08,converged,,bfgs_standard,"[{""ase_converged"": true, ""converged"": true, ""end_geometry_sha256"": ""5d481a1b9876e9ab9c2bdde42abf34a381e59951feda0d00e36d4270bd04140b"", ""failure_class"": null, ""max_force_eV_A"": 0.07984941854040334, ""name"": ""bfgs_standard"", ""start_geometry_sha256"": ""694525139e4051d03271962960d95712e448d224c56366948367209da2ebaa1b"", ""steps"": 68}]",5d481a1b9876e9ab9c2bdde42abf34a381e59951feda0d00e36d4270bd04140b,-2.1764337395131585,True,0.07911753616057492,70.0,100.0,0.08,converged,,bfgs_standard,"[{""ase_converged"": true, ""converged"": true, ""end_geometry_sha256"": ""cdd2892e42d2a2e9a405252548415e04db6f05d563b49fc73217607ea9741380"", ""failure_class"": null, ""max_force_eV_A"": 0.07911753616057492, ""name"": ""bfgs_standard"", ""start_geometry_sha256"": ""19461f7359e67e8fbf55927712b6e3eb23b8079014457dbeaeab9c861a7027cf"", ""steps"": 70}]",cdd2892e42d2a2e9a405252548415e04db6f05d563b49fc73217607ea9741380,-1.3008280627429734,True,0.03182185089308398,266.0,100.0,0.08,converged,,bfgs_after_fire,"[{""ase_converged"": false, ""converged"": false, ""end_geometry_sha256"": ""993f700a4fa38b23830286597f8ab0ecd0c5a9875c600d371753d2eaf4a1ae50"", ""failure_class"": ""force_threshold"", ""max_force_eV_A"": 0.9764032686672429, ""name"": ""bfgs_standard"", ""start_geometry_sha256"": ""1c283347bcb8ce5e9400f3045fb72947902e171ea290aea3239c2504aed68f76"", ""steps"": 100}, {""ase_converged"": false, ""converged"": false, ""end_geometry_sha256"": ""dd5c55f39c4a1af640fab775982339e6b28104c5e3dd7fdd41bf8e1c1a845cf8"", ""failure_class"": ""force_threshold"", ""max_force_eV_A"": 19.735087347880576, ""name"": ""fire_precondition"", ""qualifying"": false, ""start_geometry_sha256"": ""1c283347bcb8ce5e9400f3045fb72947902e171ea290aea3239c2504aed68f76"", ""steps"": 50}, {""ase_converged"": true, ""converged"": true, ""end_geometry_sha256"": ""661b278a0285ad66e3fc8e39d77f22f3b36f53bc773d0b9d597299b24b82b49d"", ""failure_class"": null, ""max_force_eV_A"": 0.03182185089308398, ""name"": ""bfgs_after_fire"", ""start_geometry_sha256"": ""dd5c55f39c4a1af640fab775982339e6b28104c5e3dd7fdd41bf8e1c1a845cf8"", ""steps"": 116}]",661b278a0285ad66e3fc8e39d77f22f3b36f53bc773d0b9d597299b24b82b49d,0.5693487629294147,3.0,step_4_H2O,7.0,0.0,True,3.477261802256132,0.707500000035,False,quantitative_screening,1,1,e133ac7d47caa9283c76,False,
"('MAXPhase', 'Ti', 'Sn', 'N', 3, 'W', 'edge_1120')",MAXPhase,True,esen-sm-conserving-all-oc25:relax-v4:orr-che-v3,True,0.0763490390962139,80,150,0.08,converged,,bfgs_standard,"[{""ase_converged"": true, ""converged"": true, ""end_geometry_sha256"": ""6f4a5556f58fe5c1821f7411acd572f733ef7de96a4b3e13c7b6762513654288"", ""failure_class"": null, ""max_force_eV_A"": 0.0763490390962139, ""name"": ""bfgs_standard"", ""start_geometry_sha256"": ""d3ebaa2b597db746175153911346defc1b44e2f4a164ef3d7a72d89adf16d7dc"", ""steps"": 80}]",6f4a5556f58fe5c1821f7411acd572f733ef7de96a4b3e13c7b6762513654288,-176.5792969832625,True,0.07982928549905291,46.0,100.0,0.08,converged,,bfgs_standard,"[{""ase_converged"": true, ""converged"": true, ""end_geometry_sha256"": ""3f02bf823670ebf170a6fa0b0962812eafd6fb1da4668b816e1b8b0502920589"", ""failure_class"": null, ""max_force_eV_A"": 0.07982928549905291, ""name"": ""bfgs_standard"", ""start_geometry_sha256"": ""8c5702deda8cbb0186f67069fcf8d8081f4b1bd020da16c88f081d2c20b64feb"", ""steps"": 46}]",3f02bf823670ebf170a6fa0b0962812eafd6fb1da4668b816e1b8b0502920589,-2.866501030772924,True,0.07606754041547441,27.0,100.0,0.08,converged,,bfgs_standard,"[{""ase_converged"": true, ""converged"": true, ""end_geometry_sha256"": ""12148323ea50ea5c64b2c63464062e1fcaa0090e534b6dc425a1afa5738beb03"", ""failure_class"": null, ""max_force_eV_A"": 0.07606754041547441, ""name"": ""bfgs_standard"", ""start_geometry_sha256"": ""7ce84e6f6e85bbb7f6032ca1470d851c60f7d6a318ef8dd3b77aa8c932fd6665"", ""steps"": 27}]",12148323ea50ea5c64b2c63464062e1fcaa0090e534b6dc425a1afa5738beb03,-2.2455721728503386,True,0.06305321450552105,52.0,100.0,0.08,converged,,bfgs_standard,"[{""ase_converged"": true, ""converged"": true, ""end_geometry_sha256"": ""d69116c424afdc499c1da1dbe65a15db1c2f317ee574477b091a9851a9a27d69"", ""failure_class"": null, ""max_force_eV_A"": 0.06305321450552105, ""name"": ""bfgs_standard"", ""start_geometry_sha256"": ""b72243054f29510f97920ec035fb31bcdd36c64cbade93830738814c7348e9c9"", ""steps"": 52}]",d69116c424afdc499c1da1dbe65a15db1c2f317ee574477b091a9851a9a27d69,-4.335646201670137,3.0,step_4_H2O,10.0,0.0,True,5.112073203623263,0.707500000035,False,quantitative_screening,2,2,381c9370fef987dfb2aa,False,
"('MAXPhase', 'Ti', 'Pb', 'C', 3, 'Co', 'edge_1120')",MAXPhase,True,esen-sm-conserving-all-oc25:relax-v4:orr-che-v3,True,0.07736108156176402,90,150,0.08,converged,,bfgs_standard,"[{""ase_converged"": true, ""converged"": true, ""end_geometry_sha256"": ""22ed5ca2b0fae5768098d848661948a6ec263477223f0152bf818fdfefc6a4e1"", ""failure_class"": null, ""max_force_eV_A"": 0.07736108156176402, ""name"": ""bfgs_standard"", ""start_geometry_sha256"": ""f77f73572d93cbf58d9cadb4ddd5e608406511c07c68b3760afba1802bef2ed9"", ""steps"": 90}]",22ed5ca2b0fae5768098d848661948a6ec263477223f0152bf818fdfefc6a4e1,-170.13638346747024,True,0.07422196944688636,84.0,100.0,0.08,converged,,bfgs_standard,"[{""ase_converged"": true, ""converged"": true, ""end_geometry_sha256"": ""f1a497f236f53de773324eb9554e6a56705c7b208b89f81305c516b38b31c393"", ""failure_class"": null, ""max_force_eV_A"": 0.07422196944688636, ""name"": ""bfgs_standard"", ""start_geometry_sha256"": ""d3323f2a554e26ba5ad032994cbd646f5bda368fd7363050cc90e105b5118e29"", ""steps"": 84}]",f1a497f236f53de773324eb9554e6a56705c7b208b89f81305c516b38b31c393,-0.37385576710104945,True,0.06457459619266477,69.0,100.0,0.08,converged,,bfgs_standard,"[{""ase_converged"": true, ""converged"": true, ""end_geometry_sha256"": ""90eb3b8e8c517a48cad94d887f4ce40fe12a07a0eec31689411b319597a46b35"", ""failure_class"": null, ""max_force_eV_A"": 0.06457459619266477, ""name"": ""bfgs_standard"", ""start_geometry_sha256"": ""7fce0a62a28c97840c64c02ba310c9ad3ee8a21234ed01c10ea1061049ab0c2c"", ""steps"": 69}]",90eb3b8e8c517a48cad94d887f4ce40fe12a07a0eec31689411b319597a46b35,-1.6200533740222702,True,0.07050706984906265,293.0,100.0,0.08,converged,,bfgs_after_fire,"[{""ase_converged"": false, ""converged"": false, ""end_geometry_sha256"": ""dfcb2fff69f0ac6a442acaa314518e76b35ecd4fea4ac3b805f3943bfcfc48e6"", ""failure_class"": ""force_threshold"", ""max_force_eV_A"": 0.3531325406429198, ""name"": ""bfgs_standard"", ""start_geometry_sha256"": ""abd38ef8659af0b5d8a19e92e57151695c22ec30ae957f2113794975ad38f889"", ""steps"": 100}, {""ase_converged"": false, ""converged"": false, ""end_geometry_sha256"": ""9c3039d48ae4374e1375e719a2de1ab616bc56c6ea788b6af8976c424bc0b9cf"", ""failure_class"": ""force_threshold"", ""max_force_eV_A"": 0.8012929746859682, ""name"": ""fire_precondition"", ""qualifying"": false, ""start_geometry_sha256"": ""abd38ef8659af0b5d8a19e92e57151695c22ec30ae957f2113794975ad38f889"", ""steps"": 50}, {""ase_converged"": true, ""converged"": true, ""end_geometry_sha256"": ""1285dcf4370dce75b86cb0d5207ebc59926aabc850a0c3fa20bfd709be1e95d0"", ""failure_class"": null, ""max_force_eV_A"": 0.07050706984906265, ""name"": ""bfgs_after_fire"", ""start_geometry_sha256"": ""9c3039d48ae4374e1375e719a2de1ab616bc56c6ea788b6af8976c424bc0b9cf"", ""steps"": 143}]",1285dcf4370dce75b86cb0d5207ebc59926aabc850a0c3fa20bfd709be1e95d0,-6.386305381357808,3.0,step_2_O,9.0,0.0,True,1.9939091411233196,0.6527014328916925,False,quantitative_screening,0,0,f874c5969a73761b05b6,False,
"('HEA', ('Ti', 'Cr', 'Zr', 'La', 'Sc'), 'hcp', '111', 800)",HEA,True,esen-sm-conserving-all-oc25:relax-v4:orr-che-v3,True,0.07708924711489142,36,150,0.08,converged,,bfgs_standard,"[{""ase_converged"": true, ""converged"": true, ""end_geometry_sha256"": ""b153fa6f81e230945400c74bfe3d7f27ded12f3e0bd07974b5a631d747c7e866"", ""failure_class"": null, ""max_force_eV_A"": 0.07708924711489142, ""name"": ""bfgs_standard"", ""start_geometry_sha256"": ""48b61db604f829b5f65927cdeefff17158c3c075b95463db0bf9556244817af0"", ""steps"": 36}]",b153fa6f81e230945400c74bfe3d7f27ded12f3e0bd07974b5a631d747c7e866,-263.0079730511543,True,0.07619819815299636,42.0,100.0,0.08,converged,,bfgs_standard,"[{""ase_converged"": true, ""converged"": true, ""end_geometry_sha256"": ""98314bcbbcd2ada5f06249f5f26c5dd1918e8364cdf6527201692830f5a3eca9"", ""failure_class"": null, ""max_force_eV_A"": 0.07619819815299636, ""name"": ""bfgs_standard"", ""start_geometry_sha256"": ""8b08976363041c7644812f3fdff36446e8933023792786e394a1124500f0f42d"", ""steps"": 42}]",98314bcbbcd2ada5f06249f5f26c5dd1918e8364cdf6527201692830f5a3eca9,-3.0787889336049554,True,0.07802111247817943,38.0,100.0,0.08,converged,,bfgs_standard,"[{""ase_converged"": true, ""converged"": true, ""end_geometry_sha256"": ""5a5f58e164114abc756383fa002754a94edf5de421160195f72b3c7d29346eb8"", ""failure_class"": null, ""max_force_eV_A"": 0.07802111247817943, ""name"": ""bfgs_standard"", ""start_geometry_sha256"": ""59598d6e23611ffde8177765e2b46e8c9f46866adc0d96fdcefa4d4ed7039c5f"", ""steps"": 38}]",5a5f58e164114abc756383fa002754a94edf5de421160195f72b3c7d29346eb8,-3.084870421141468,True,0.067703390205661,181.0,100.0,0.08,converged,,bfgs_after_fire,"[{""ase_converged"": false, ""converged"": false, ""end_geometry_sha256"": ""f47f4e2c96d8c1d5a82d83f69003e69f81818ef1f4ed128972b94f59427bb221"", ""failure_class"": ""force_threshold"", ""max_force_eV_A"": 0.13977184133479595, ""name"": ""bfgs_standard"", ""start_geometry_sha256"": ""aa516b0f6a1124719f4937aa52e757e4815025ec7c7bc4c7167ba0c92fdd8942"", ""steps"": 100}, {""ase_converged"": false, ""converged"": false, ""end_geometry_sha256"": ""95d69bf142bf00c0792ddf6144e930196fa9f85f82b53577736b47ab3b66d2f7"", ""failure_class"": ""force_threshold"", ""max_force_eV_A"": 1.122389224795906, ""name"": ""fire_precondition"", ""qualifying"": false, ""start_geometry_sha256"": ""aa516b0f6a1124719f4937aa52e757e4815025ec7c7bc4c7167ba0c92fdd8942"", ""steps"": 50}, {""ase_converged"": true, ""converged"": true, ""end_geometry_sha256"": ""eec6c0a2624e60b3b6e2d978a075c2066a7a05ac55c2bc200130718fde38b585"", ""failure_class"": null, ""max_force_eV_A"": 0.067703390205661, ""name"": ""bfgs_after_fire"", ""start_geometry_sha256"": ""95d69bf142bf00c0792ddf6144e930196fa9f85f82b53577736b47ab3b66d2f7"", ""steps"": 31}]",eec6c0a2624e60b3b6e2d978a075c2066a7a05ac55c2bc200130718fde38b585,-4.336988975107751,3.0,step_4_H2O,9.0,0.0,True,6.163659354746423,0.8685081580424162,False,quantitative_screening,2,2,47b79a01492a9f902d5a,False,
"('HEA', ('Ti', 'Fe', 'Mo', 'Al', 'Bi'), 'hcp', '111', 1200)",HEA,True,esen-sm-conserving-all-oc25:relax-v4:orr-che-v3,True,0.06510591870419037,30,150,0.08,converged,,bfgs_standard,"[{""ase_converged"": true, ""converged"": true, ""end_geometry_sha256"": ""f237ddbe197a07872265c9b052528cdee392fa4e42ed04256461064bf87bc80f"", ""failure_class"": null, ""max_force_eV_A"": 0.06510591870419037, ""name"": ""bfgs_standard"", ""start_geometry_sha256"": ""9f292417cc913f045c82f208d948a4e298a071873e1ef1b692219797211de4fe"", ""steps"": 30}]",f237ddbe197a07872265c9b052528cdee392fa4e42ed04256461064bf87bc80f,-266.032891095787,True,0.0793476215789677,51.0,100.0,0.08,converged,,bfgs_standard,"[{""ase_converged"": true, ""converged"": true, ""end_geometry_sha256"": ""5e6ea9800fc3b43edfed552e730c1f71c4be606005a0c7d9b32aa77d876ebd4a"", ""failure_class"": null, ""max_force_eV_A"": 0.0793476215789677, ""name"": ""bfgs_standard"", ""start_geometry_sha256"": ""513f96bb26482adeb44811877c1e83f604e0f2b710a1a4e601213f4e78a30ebf"", ""steps"": 51}]",5e6ea9800fc3b43edfed552e730c1f71c4be606005a0c7d9b32aa77d876ebd4a,-2.7807962273061273,True,0.07998940409320225,56.0,100.0,0.08,converged,,bfgs_standard,"[{""ase_converged"": true, ""converged"": true, ""end_geometry_sha256"": ""5c90c7316c67f5ed32ee387a257df9a85110507dc143dd04152d6c9365ffac9c"", ""failure_class"": null, ""max_force_eV_A"": 0.07998940409320225, ""name"": ""bfgs_standard"", ""start_geometry_sha256"": ""5225747bd6bae7457e2f50b23153fbd0aa5f828fe2f20fd0e8dce4c71a6361b1"", ""steps"": 56}]",5c90c7316c67f5ed32ee387a257df9a85110507dc143dd04152d6c9365ffac9c,-3.023579680174614,True,0.0727029443515097,48.0,100.0,0.08,converged,,bfgs_standard,"[{""ase_converged"": true, ""converged"": true, ""end_geometry_sha256"": ""ac70e2b80fb76ae03ce9186746a9f8c2c501a12dbda50451aee1aa96577c93a9"", ""failure_class"": null, ""max_force_eV_A"": 0.0727029443515097, ""name"": ""bfgs_standard"", ""start_geometry_sha256"": ""329e74b14efb86b19e27007069c2d789b70683d01cce521ae8006b574abfb88f"", ""steps"": 48}]",ac70e2b80fb76ae03ce9186746a9f8c2c501a12dbda50451aee1aa96577c93a9,-4.3000169292092565,3.0,step_4_H2O,7.0,0.0,True,5.8043759074807415,0.902500000035,False,quantitative_screening,1,1,dc626b926167916edd88,False,
"('HEA', ('Ti', 'Ni', 'Cu', 'Zr', 'Nb'), 'fcc_bcc_dual', '100', 800)",HEA,True,esen-sm-conserving-all-oc25:relax-v4:orr-che-v3,True,0.07859998116257425,340,150,0.08,converged,,bfgs_after_fire,"[{""ase_converged"": false, ""converged"": false, ""end_geometry_sha256"": ""e2f01ae9700df5cc44f98db52241d36d55a2354a02756c96ba146895f4a001a6"", ""failure_class"": ""force_threshold"", ""max_force_eV_A"": 0.9060594036990954, ""name"": ""bfgs_standard"", ""start_geometry_sha256"": ""6dbe7a142eae54a5e4599be7e3c309ad3895d162bd4f0e1a9e3086a2fcd9c0c0"", ""steps"": 150}, {""ase_converged"": false, ""converged"": false, ""end_geometry_sha256"": ""e50de23e8c2da30bcf08dfd50abe9ac44c6a3b52d21d4b49a934ea0cfbe8bcd4"", ""failure_class"": ""force_threshold"", ""max_force_eV_A"": 2.7478660646343163, ""name"": ""fire_precondition"", ""qualifying"": false, ""start_geometry_sha256"": ""6dbe7a142eae54a5e4599be7e3c309ad3895d162bd4f0e1a9e3086a2fcd9c0c0"", ""steps"": 75}, {""ase_converged"": true, ""converged"": true, ""end_geometry_sha256"": ""07d2c5d52789237c8cbb35e7dbb3dc3f90224e5dbca5dbc545c93b13424ea6b6"", ""failure_class"": null, ""max_force_eV_A"": 0.07859998116257425, ""name"": ""bfgs_after_fire"", ""start_geometry_sha256"": ""e50de23e8c2da30bcf08dfd50abe9ac44c6a3b52d21d4b49a934ea0cfbe8bcd4"", ""steps"": 115}]",07d2c5d52789237c8cbb35e7dbb3dc3f90224e5dbca5dbc545c93b13424ea6b6,-152.7235741241219,True,0.07809342097131997,38.0,100.0,0.08,converged,,bfgs_standard,"[{""ase_converged"": true, ""converged"": true, ""end_geometry_sha256"": ""8f752e4b7505a31f51b7a3338948f75f17383040d8e4a414aff1c4e96dc920fb"", ""failure_class"": null, ""max_force_eV_A"": 0.07809342097131997, ""name"": ""bfgs_standard"", ""start_geometry_sha256"": ""a12325379703b22c045b3a2783c475c5f02da7e72725608691cf1bd4554d6da1"", ""steps"": 38}]",8f752e4b7505a31f51b7a3338948f75f17383040d8e4a414aff1c4e96dc920fb,-1.706543145030737,True,0.06909018786565063,48.0,100.0,0.08,converged,,bfgs_standard,"[{""ase_converged"": true, ""converged"": true, ""end_geometry_sha256"": ""21b0b7ba1e3f75e8663d5ff13683de6017ad3db7072dd57d234684ba09bcf994"", ""failure_class"": null, ""max_force_eV_A"": 0.06909018786565063, ""name"": ""bfgs_standard"", ""start_geometry_sha256"": ""ba96e7e05aff2467d5fa79e624e7f2fc6a45dc61034f89208fbb145595a0c9de"", ""steps"": 48}]",21b0b7ba1e3f75e8663d5ff13683de6017ad3db7072dd57d234684ba09bcf994,-1.6697512499987759,True,0.06261509624629945,250.0,100.0,0.08,converged,,bfgs_after_fire,"[{""ase_converged"": false, ""converged"": false, ""end_geometry_sha256"": ""63799d58adf518485204866b979f4ac34bca81409f9f6e6b0058af14f746a5e6"", ""failure_class"": ""force_threshold"", ""max_force_eV_A"": 0.10403913770641927, ""name"": ""bfgs_standard"", ""start_geometry_sha256"": ""4868d446e717851bf211294715907df04f1efd05ce32873679fe10e6321dfdc9"", ""steps"": 100}, {""ase_converged"": false, ""converged"": false, ""end_geometry_sha256"": ""67071f0ef339926b0293575337668417eb61b3273bc5a25f786d8144115df57b"", ""failure_class"": ""force_threshold"", ""max_force_eV_A"": 1.0927476345195084, ""name"": ""fire_precondition"", ""qualifying"": false, ""start_geometry_sha256"": ""4868d446e717851bf211294715907df04f1efd05ce32873679fe10e6321dfdc9"", ""steps"": 50}, {""ase_converged"": true, ""converged"": true, ""end_geometry_sha256"": ""a9290321295cebeb57a4692f95e76b5b4d0509cb000d99000dea4b924127b70a"", ""failure_class"": null, ""max_force_eV_A"": 0.06261509624629945, ""name"": ""bfgs_after_fire"", ""start_geometry_sha256"": ""67071f0ef339926b0293575337668417eb61b3273bc5a25f786d8144115df57b"", ""steps"": 100}]",a9290321295cebeb57a4692f95e76b5b4d0509cb000d99000dea4b924127b70a,-4.92886214405295,3.0,step_2_O,8.0,0.0,True,3.376294395029513,0.902500000035,False,quantitative_screening,1,1,cde4d9a2ac16f0602ffb,False,
"('HEA', ('Ti', 'Ni', 'Rh', 'Ta', 'Ga'), 'fcc', '100', 900)",HEA,True,esen-sm-conserving-all-oc25:relax-v4:orr-che-v3,True,0.07799980646626054,75,150,0.08,converged,,bfgs_standard,"[{""ase_converged"": true, ""converged"": true, ""end_geometry_sha256"": ""a318e1408a862f12a230b608bc11d3f4eb3feb35698246e655480bc49aa912ba"", ""failure_class"": null, ""max_force_eV_A"": 0.07799980646626054, ""name"": ""bfgs_standard"", ""start_geometry_sha256"": ""644892f96eafac5fe5a84d7de65a9540d939980843c5f4f95c121312f9376197"", ""steps"": 75}]",a318e1408a862f12a230b608bc11d3f4eb3feb35698246e655480bc49aa912ba,-155.4638311140934,True,0.07733936917478103,90.0,100.0,0.08,converged,,bfgs_standard,"[{""ase_converged"": true, ""converged"": true, ""end_geometry_sha256"": ""c78b94387c0fe8d79988d6fade84fb6573521db715eedc34e7b957cafbd1d51e"", ""failure_class"": null, ""max_force_eV_A"": 0.07733936917478103, ""name"": ""bfgs_standard"", ""start_geometry_sha256"": ""d33537b904872e8cf80f9a77dcb198d4101f0c1e94b250b6e10ae7ac0db81357"", ""steps"": 90}]",c78b94387c0fe8d79988d6fade84fb6573521db715eedc34e7b957cafbd1d51e,-2.3058931206166173,True,0.07900909705892623,56.0,100.0,0.08,converged,,bfgs_standard,"[{""ase_converged"": true, ""converged"": true, ""end_geometry_sha256"": ""641772d07e0e1a9c5ba44c097c2477d2a8dad357cee5453d75f5549c06e2ca0d"", ""failure_class"": null, ""max_force_eV_A"": 0.07900909705892623, ""name"": ""bfgs_standard"", ""start_geometry_sha256"": ""517ed4a0368fd0096c9594cfab24e0418734b1b9a5875dbf68a1f609b8921e14"", ""steps"": 56}]",641772d07e0e1a9c5ba44c097c2477d2a8dad357cee5453d75f5549c06e2ca0d,-2.2895785205065886,True,0.07941999325850735,57.0,100.0,0.08,converged,,bfgs_standard,"[{""ase_converged"": true, ""converged"": true, ""end_geometry_sha256"": ""0ebf209f75d340e5e8e0ccd297308ff91f0481e9bb76af3024531f0e09d22533"", ""failure_class"": null, ""max_force_eV_A"": 0.07941999325850735, ""name"": ""bfgs_standard"", ""start_geometry_sha256"": ""43a93d7090d843f9233eebe8df45dd990c7eb13d71b76cd64269b8f748518881"", ""steps"": 57}]",0ebf209f75d340e5e8e0ccd297308ff91f0481e9bb76af3024531f0e09d22533,-2.6484666362405074,3.0,step_4_H2O,10.0,-0.2975554678007477,True,4.595471641123206,0.902500000035,False,quantitative_screening,2,2,1de15c1eea7d2be32dea,False,
"('HEA', ('Ti', 'Zr', 'Mo', 'Ta', 'Au'), 'fcc_bcc_dual', '100', 1200)",HEA,True,esen-sm-conserving-all-oc25:relax-v4:orr-che-v3,True,0.06866581528627476,66,150,0.08,converged,,bfgs_standard,"[{""ase_converged"": true, ""converged"": true, ""end_geometry_sha256"": ""11fff3c77e889b7981616a4d611d2f0f29eb7bde9c401d0ec68e9a49f30f8dde"", ""failure_class"": null, ""max_force_eV_A"": 0.06866581528627476, ""name"": ""bfgs_standard"", ""start_geometry_sha256"": ""6cdf2e49d738d9f9a6c77df32991380477fa7b40ce1aaf58aaa2636b41b4e77f"", ""steps"": 66}]",11fff3c77e889b7981616a4d611d2f0f29eb7bde9c401d0ec68e9a49f30f8dde,-151.43710409189657,True,0.07781602923416701,53.0,100.0,0.08,converged,,bfgs_standard,"[{""ase_converged"": true, ""converged"": true, ""end_geometry_sha256"": ""0b4971b758aac5f9524fdbf630ec496cb1ee0f8e1028ef7ddbd34889b0d14683"", ""failure_class"": null, ""max_force_eV_A"": 0.07781602923416701, ""name"": ""bfgs_standard"", ""start_geometry_sha256"": ""ab67cb573b77504684eb41aa5aaf0b7c0086261c6ebfb47af5ea818832eddce5"", ""steps"": 53}]",0b4971b758aac5f9524fdbf630ec496cb1ee0f8e1028ef7ddbd34889b0d14683,-2.8263246391713617,True,0.05980322600728513,70.0,100.0,0.08,converged,,bfgs_standard,"[{""ase_converged"": true, ""converged"": true, ""end_geometry_sha256"": ""7653b3232469fddc94c77d462f7996983687ea880cacf48c99123f287496c710"", ""failure_class"": null, ""max_force_eV_A"": 0.05980322600728513, ""name"": ""bfgs_standard"", ""start_geometry_sha256"": ""0131d47bf2e3c7c0d205f51d6ff7c92af319c8caf70fdb96017b2e352475eef5"", ""steps"": 70}]",7653b3232469fddc94c77d462f7996983687ea880cacf48c99123f287496c710,-2.5829134814441455,True,0.07819068386375759,319.0,100.0,0.08,converged,,bfgs_after_fire,"[{""ase_converged"": false, ""converged"": false, ""end_geometry_sha256"": ""0590a4a63f9b3a898e40516c6fbe59311cc0f83a75482706fb369533256fc30b"", ""failure_class"": ""force_threshold"", ""max_force_eV_A"": 0.6403475612679664, ""name"": ""bfgs_standard"", ""start_geometry_sha256"": ""4975fc7bb8ad561e0aa05ca1199683e2be36f5e61ab8a408c6c1c9f3ab7d806c"", ""steps"": 100}, {""ase_converged"": false, ""converged"": false, ""end_geometry_sha256"": ""3f9a5c0480cb94539ef2c29547b0eb4753dab69c8073b19ebc69bc4cbcd18693"", ""failure_class"": ""force_threshold"", ""max_force_eV_A"": 0.9299164755010417, ""name"": ""fire_precondition"", ""qualifying"": false, ""start_geometry_sha256"": ""4975fc7bb8ad561e0aa05ca1199683e2be36f5e61ab8a408c6c1c9f3ab7d806c"", ""steps"": 50}, {""ase_converged"": true, ""converged"": true, ""end_geometry_sha256"": ""f51f857db5a57a9cd7380330c34473861c9e96d15584ebcf17f50992203ccb76"", ""failure_class"": null, ""max_force_eV_A"": 0.07819068386375759, ""name"": ""bfgs_after_fire"", ""start_geometry_sha256"": ""3f9a5c0480cb94539ef2c29547b0eb4753dab69c8073b19ebc69bc4cbcd18693"", ""steps"": 169}]",f51f857db5a57a9cd7380330c34473861c9e96d15584ebcf17f50992203ccb76,-4.7347093120217565,3.0,step_4_H2O,10.0,-0.4192785499708347,True,5.409238120615507,0.902500000035,False,quantitative_screening,0,0,882f547f8dc963cfcca5,False,
"('HEA', ('Ti', 'Mo', 'Si', 'Bi', 'Y'), 'amorphous', '110', 800)",HEA,False,esen-sm-conserving-all-oc25:relax-v4:orr-che-v3,True,0.06788437387672966,53,150,0.08,converged,,bfgs_standard,"[{""ase_converged"": true, ""converged"": true, ""end_geometry_sha256"": ""1bf2f9b89c03fbd957b07b880576a611783cfcf9c0baaa8f07aedc6073c5c767"", ""failure_class"": null, ""max_force_eV_A"": 0.06788437387672966, ""name"": ""bfgs_standard"", ""start_geometry_sha256"": ""ec9af6ddc07465a0217675ccb21aea7b068864a21c1669f3467604c463ad0b8b"", ""steps"": 53}]",1bf2f9b89c03fbd957b07b880576a611783cfcf9c0baaa8f07aedc6073c5c767,-263.803707640882,True,0.07758848132833761,283.0,100.0,0.08,converged,,bfgs_after_fire,"[{""ase_converged"": false, ""converged"": false, ""end_geometry_sha256"": ""bb8b665a0f5c4d51775a11347536f37322b1ea2acf56bcb6c6f213a882122b82"", ""failure_class"": ""force_threshold"", ""max_force_eV_A"": 0.16341832967020425, ""name"": ""bfgs_standard"", ""start_geometry_sha256"": ""738bb49677daa3b48ee25277a30eacd02027a5ce3dd1827bcbe47444560fb969"", ""steps"": 100}, {""ase_converged"": false, ""converged"": false, ""end_geometry_sha256"": ""fe0b95fb8a6c4703ba0179f230882a7324d2227db4d2c97595161651012be510"", ""failure_class"": ""force_threshold"", ""max_force_eV_A"": 0.7694782832396397, ""name"": ""fire_precondition"", ""qualifying"": false, ""start_geometry_sha256"": ""738bb49677daa3b48ee25277a30eacd02027a5ce3dd1827bcbe47444560fb969"", ""steps"": 50}, {""ase_converged"": true, ""converged"": true, ""end_geometry_sha256"": ""169aea34eb37ac0c53923c53a2ddcd4d8c330d82223e03a6c404f7241d5190a8"", ""failure_class"": null, ""max_force_eV_A"": 0.07758848132833761, ""name"": ""bfgs_after_fire"", ""start_geometry_sha256"": ""fe0b95fb8a6c4703ba0179f230882a7324d2227db4d2c97595161651012be510"", ""steps"": 133}]",169aea34eb37ac0c53923c53a2ddcd4d8c330d82223e03a6c404f7241d5190a8,-3.6112977837026117,True,0.07364741252364061,209.0,100.0,0.08,converged,,bfgs_after_fire,"[{""ase_converged"": false, ""converged"": false, ""end_geometry_sha256"": ""95dd84f85efa86b13fff5c48887dc16928da43396382d0dba6ec3ae9ad6fcbeb"", ""failure_class"": ""force_threshold"", ""max_force_eV_A"": 0.5344842757077933, ""name"": ""bfgs_standard"", ""start_geometry_sha256"": ""d452fa156742949249d6d6da340722ffbe9e6246539233c1fdaa1ce174bb0acf"", ""steps"": 100}, {""ase_converged"": false, ""converged"": false, ""end_geometry_sha256"": ""ef50ec8b1fd3d783abdeeb8bdbb1f2b533cadfda660799a783ad34a65c7b9e23"", ""failure_class"": ""force_threshold"", ""max_force_eV_A"": 0.3140860711141399, ""name"": ""fire_precondition"", ""qualifying"": false, ""start_geometry_sha256"": ""d452fa156742949249d6d6da340722ffbe9e6246539233c1fdaa1ce174bb0acf"", ""steps"": 50}, {""ase_converged"": true, ""converged"": true, ""end_geometry_sha256"": ""53d8bb7008bfe8468f8689b16c4c40d2a3755838f0febed03a769df0566890e3"", ""failure_class"": null, ""max_force_eV_A"": 0.07364741252364061, ""name"": ""bfgs_after_fire"", ""start_geometry_sha256"": ""ef50ec8b1fd3d783abdeeb8bdbb1f2b533cadfda660799a783ad34a65c7b9e23"", ""steps"": 59}]",53d8bb7008bfe8468f8689b16c4c40d2a3755838f0febed03a769df0566890e3,-1.921906553953854,False,,0.0,100.0,0.08,invalid_initial_geometry,atomic_overlap,none,[],86b86fcf9cbb265345adde2e411c337ab43bfbbd2e812a0d801d6d1678ef21f9,,,,,,,,,True,validation_required,2,2,25e5b0d77f3a2f653a48,False,Invalid ooh initial geometry: atomic_overlap
"('HEA', ('V', 'Cr', 'Fe', 'Re', 'Bi'), 'amorphous', '110', 1200)",HEA,False,esen-sm-conserving-all-oc25:relax-v4:orr-che-v3,True,0.06345130476825858,18,150,0.08,converged,,bfgs_standard,"[{""ase_converged"": true, ""converged"": true, ""end_geometry_sha256"": ""a0ba5fbd1d4d689c5391a588199f60b4655f7802313ee004cacf99037d4e3477"", ""failure_class"": null, ""max_force_eV_A"": 0.06345130476825858, ""name"": ""bfgs_standard"", ""start_geometry_sha256"": ""5b691f8d19fd1a66ce16f142bdf328c02738bb10f35d02ba901c8ecc0bc91eeb"", ""steps"": 18}]",a0ba5fbd1d4d689c5391a588199f60b4655f7802313ee004cacf99037d4e3477,-304.3526095932696,True,0.0700455408137973,58.0,100.0,0.08,converged,,bfgs_standard,"[{""ase_converged"": true, ""converged"": true, ""end_geometry_sha256"": ""d418cd566c380d3f9a9e0e0ba28b774a116e961ed06983105768e2bc23fcf07c"", ""failure_class"": null, ""max_force_eV_A"": 0.0700455408137973, ""name"": ""bfgs_standard"", ""start_geometry_sha256"": ""c2ff8948725d44c1aa994b7f8621382d1d7fa8cecd647d7fbaff00272f6f526b"", ""steps"": 58}]",d418cd566c380d3f9a9e0e0ba28b774a116e961ed06983105768e2bc23fcf07c,-3.2210924004018304,True,0.06877285999558824,45.0,100.0,0.08,converged,,bfgs_standard,"[{""ase_converged"": true, ""converged"": true, ""end_geometry_sha256"": ""7fdeb3af6793d052a8e40bee80876c2896e3c95a46a53222b0ace7be66b10d70"", ""failure_class"": null, ""max_force_eV_A"": 0.06877285999558824, ""name"": ""bfgs_standard"", ""start_geometry_sha256"": ""06bbafa976795b01262679b713a8df19c7698c1313dd30fe315b2b66b4a44c2f"", ""steps"": 45}]",7fdeb3af6793d052a8e40bee80876c2896e3c95a46a53222b0ace7be66b10d70,-2.5069552294910205,False,0.2986960865224087,650.0,100.0,0.08,recovery_exhausted,force_threshold,fire_small_step,"[{""ase_converged"": false, ""converged"": false, ""end_geometry_sha256"": ""f804ad5f7e54e3f9eb6794c69c73826ea4fcce909c529261a2de75e34efd22a7"", ""failure_class"": ""force_threshold"", ""max_force_eV_A"": 1.7419001258499642, ""name"": ""bfgs_standard"", ""start_geometry_sha256"": ""5193760b7d2ab52f3d105231cf267445afa5cb071887e57aa720ec3756619e3c"", ""steps"": 100}, {""ase_converged"": false, ""converged"": false, ""end_geometry_sha256"": ""7225c2df75c458f1cdf9c4f28b662084b6d6a191686d6a4c290721832d10b26f"", ""failure_class"": ""force_threshold"", ""max_force_eV_A"": 5.372078735005073, ""name"": ""fire_precondition"", ""qualifying"": false, ""start_geometry_sha256"": ""5193760b7d2ab52f3d105231cf267445afa5cb071887e57aa720ec3756619e3c"", ""steps"": 50}, {""ase_converged"": false, ""converged"": false, ""end_geometry_sha256"": ""65a9dae044be826f4e081092702ba84a4e7d19181f2618ed6b9b046f213b9c92"", ""failure_class"": ""force_threshold"", ""max_force_eV_A"": 0.4650665683387375, ""name"": ""bfgs_after_fire"", ""start_geometry_sha256"": ""7225c2df75c458f1cdf9c4f28b662084b6d6a191686d6a4c290721832d10b26f"", ""steps"": 200}, {""ase_converged"": false, ""converged"": false, ""end_geometry_sha256"": ""343fa6adf9b039560e69bc291157a97bd9af577209a6cc7b89d8a8437e9c513c"", ""failure_class"": ""force_threshold"", ""max_force_eV_A"": 0.2986960865224087, ""name"": ""fire_small_step"", ""start_geometry_sha256"": ""65a9dae044be826f4e081092702ba84a4e7d19181f2618ed6b9b046f213b9c92"", ""steps"": 300}]",343fa6adf9b039560e69bc291157a97bd9af577209a6cc7b89d8a8437e9c513c,,,,,,,,,True,validation_required,1,1,dde67ed3f07d1fc8809b,False,Unconverged ooh relaxation: max_force=0.298696 eV/A after 650 cumulative recovery steps
"('HEA', ('V', 'Mn', 'Cu', 'Zn', 'Hf'), 'fcc', '211', 800)",HEA,True,esen-sm-conserving-all-oc25:relax-v4:orr-che-v3,True,0.07071296985095857,68,150,0.08,converged,,bfgs_standard,"[{""ase_converged"": true, ""converged"": true, ""end_geometry_sha256"": ""07f0bd9a68f61d6cf45a95ebfa79558f42c63f82cab8f5695f7b4bdd361d4d1d"", ""failure_class"": null, ""max_force_eV_A"": 0.07071296985095857, ""name"": ""bfgs_standard"", ""start_geometry_sha256"": ""409f6dd93d3cef2b3fd343769a17b1e7f15f7b31042b5f828c8e96defd99fff8"", ""steps"": 68}]",07f0bd9a68f61d6cf45a95ebfa79558f42c63f82cab8f5695f7b4bdd361d4d1d,-204.65363462818704,True,0.07841994708437135,303.0,100.0,0.08,converged,,bfgs_after_fire,"[{""ase_converged"": false, ""converged"": false, ""end_geometry_sha256"": ""1836ba4f96a21b1cc7a77e43d961dac839585c637f90aa59982d4a4060e03fbc"", ""failure_class"": ""force_threshold"", ""max_force_eV_A"": 0.3759558989096687, ""name"": ""bfgs_standard"", ""start_geometry_sha256"": ""6d16d4f5ac8b738cb002d10e8f672ad29ef27a53d438c1ff8f5684f0748de277"", ""steps"": 100}, {""ase_converged"": false, ""converged"": false, ""end_geometry_sha256"": ""53e6cc394fc345a8164361f0ab16843c131ac54c1541de48a883c5feaec33d84"", ""failure_class"": ""force_threshold"", ""max_force_eV_A"": 0.7714014163400017, ""name"": ""fire_precondition"", ""qualifying"": false, ""start_geometry_sha256"": ""6d16d4f5ac8b738cb002d10e8f672ad29ef27a53d438c1ff8f5684f0748de277"", ""steps"": 50}, {""ase_converged"": true, ""converged"": true, ""end_geometry_sha256"": ""7e663a0c1870706eb9237c703ade0ed0cee36f0a02c2ae2d1b378b69703f53a3"", ""failure_class"": null, ""max_force_eV_A"": 0.07841994708437135, ""name"": ""bfgs_after_fire"", ""start_geometry_sha256"": ""53e6cc394fc345a8164361f0ab16843c131ac54c1541de48a883c5feaec33d84"", ""steps"": 153}]",7e663a0c1870706eb9237c703ade0ed0cee36f0a02c2ae2d1b378b69703f53a3,-2.863571343272924,True,0.0753150243404193,277.0,100.0,0.08,converged,,bfgs_after_fire,"[{""ase_converged"": false, ""converged"": false, ""end_geometry_sha256"": ""31363b357e90e8dbbfd3fd59c8138cd6c2b448aef1f47dc24b4391291205fb2d"", ""failure_class"": ""force_threshold"", ""max_force_eV_A"": 0.22778027275894833, ""name"": ""bfgs_standard"", ""start_geometry_sha256"": ""c441802e10b6fb3ee6b3dbcc31c64b3931b751e71c04282787ba65f70bd67ad3"", ""steps"": 100}, {""ase_converged"": false, ""converged"": false, ""end_geometry_sha256"": ""be0bb06b6cbc0072700d4494615fb207d6a93693544ddf227b27753a978fd151"", ""failure_class"": ""force_threshold"", ""max_force_eV_A"": 0.54684897023186, ""name"": ""fire_precondition"", ""qualifying"": false, ""start_geometry_sha256"": ""c441802e10b6fb3ee6b3dbcc31c64b3931b751e71c04282787ba65f70bd67ad3"", ""steps"": 50}, {""ase_converged"": true, ""converged"": true, ""end_geometry_sha256"": ""7fe71f5858c1df22f6bbdb11ef041567c00d35cefaa0e461f47937ddb65ca8ce"", ""failure_class"": null, ""max_force_eV_A"": 0.0753150243404193, ""name"": ""bfgs_after_fire"", ""start_geometry_sha256"": ""be0bb06b6cbc0072700d4494615fb207d6a93693544ddf227b27753a978fd151"", ""steps"": 127}]",7fe71f5858c1df22f6bbdb11ef041567c00d35cefaa0e461f47937ddb65ca8ce,-2.7533617846668017,True,0.07235161159160801,261.0,100.0,0.08,converged,,bfgs_after_fire,"[{""ase_converged"": false, ""converged"": false, ""end_geometry_sha256"": ""ca49cc59f5e29b5269252b80a6a07d4bae1b652485c743e7ced47bf3911a66cb"", ""failure_class"": ""force_threshold"", ""max_force_eV_A"": 0.275870510054954, ""name"": ""bfgs_standard"", ""start_geometry_sha256"": ""cb6a40e0081092e07be2d3902f97a79cf669f2c774117aae2b79e3977cc8b62b"", ""steps"": 100}, {""ase_converged"": false, ""converged"": false, ""end_geometry_sha256"": ""9959635975fd234eea85cecdd4f2eaaf17634e19fea7e82ab9cdf6767dbd083b"", ""failure_class"": ""force_threshold"", ""max_force_eV_A"": 1.6100153844647176, ""name"": ""fire_precondition"", ""qualifying"": false, ""start_geometry_sha256"": ""cb6a40e0081092e07be2d3902f97a79cf669f2c774117aae2b79e3977cc8b62b"", ""steps"": 50}, {""ase_converged"": true, ""converged"": true, ""end_geometry_sha256"": ""b088d21f09c1af155464a336ebda9d3f49f2020f09267ac4b1eb34e4ce3401e3"", ""failure_class"": null, ""max_force_eV_A"": 0.07235161159160801, ""name"": ""bfgs_after_fire"", ""start_geometry_sha256"": ""9959635975fd234eea85cecdd4f2eaaf17634e19fea7e82ab9cdf6767dbd083b"", ""steps"": 111}]",b088d21f09c1af155464a336ebda9d3f49f2020f09267ac4b1eb34e4ce3401e3,-2.3576722636819136,3.0,step_4_H2O,6.0,0.0,True,5.616933127939726,0.902500000035,False,quantitative_screening,0,0,f2eaf0eda1bc6817770b,False,
"('HEA', ('V', 'Mn', 'Rh', 'Hf', 'Au'), 'hcp', '211', 900)",HEA,True,esen-sm-conserving-all-oc25:relax-v4:orr-che-v3,True,0.06385523942094329,45,150,0.08,converged,,bfgs_standard,"[{""ase_converged"": true, ""converged"": true, ""end_geometry_sha256"": ""16486ddabc8249572bcb4ab83b0f4361ad3a99010b2ebff6858cb4d2f3291f66"", ""failure_class"": null, ""max_force_eV_A"": 0.06385523942094329, ""name"": ""bfgs_standard"", ""start_geometry_sha256"": ""622453436fd68ea1302417d656915b83638049001687cd968bff8ac495b66de8"", ""steps"": 45}]",16486ddabc8249572bcb4ab83b0f4361ad3a99010b2ebff6858cb4d2f3291f66,-283.5215945691367,True,0.07496448328004936,86.0,100.0,0.08,converged,,bfgs_standard,"[{""ase_converged"": true, ""converged"": true, ""end_geometry_sha256"": ""74cc7b0bd280f3beddc63b3ed79d8739d313ef994b6ef017965f6ecf08443920"", ""failure_class"": null, ""max_force_eV_A"": 0.07496448328004936, ""name"": ""bfgs_standard"", ""start_geometry_sha256"": ""66e76f0ce93d2c7bedc14bf2300c8b6db014e0e7240ec52edb1c92e2074676b3"", ""steps"": 86}]",74cc7b0bd280f3beddc63b3ed79d8739d313ef994b6ef017965f6ecf08443920,-1.8835527275502681,True,0.04590662967456109,140.0,100.0,0.08,converged,,bfgs_after_fire,"[{""ase_converged"": false, ""converged"": false, ""end_geometry_sha256"": ""5eaccd4698d4f5ca5135c3a4e25dd2aec56b88a76b9d1d6d6f90adffa47740b9"", ""failure_class"": ""force_threshold"", ""max_force_eV_A"": 0.21711406698686594, ""name"": ""bfgs_standard"", ""start_geometry_sha256"": ""76e8b8347871ecbb24ec244637623449b1982b989e00633f4cce2bb91ef87d31"", ""steps"": 100}, {""ase_converged"": true, ""converged"": true, ""end_geometry_sha256"": ""d2e8ed9ff32fb02eb268760c165c78d9faf468caaaf56a1c4e9632fa789693d3"", ""failure_class"": null, ""max_force_eV_A"": 0.1725537390715124, ""name"": ""fire_precondition"", ""qualifying"": false, ""start_geometry_sha256"": ""76e8b8347871ecbb24ec244637623449b1982b989e00633f4cce2bb91ef87d31"", ""steps"": 35}, {""ase_converged"": true, ""converged"": true, ""end_geometry_sha256"": ""550746c50ee64abba27a30d41fb5fa5d37b3571d879b7b15f45b421155148b10"", ""failure_class"": null, ""max_force_eV_A"": 0.04590662967456109, ""name"": ""bfgs_after_fire"", ""start_geometry_sha256"": ""d2e8ed9ff32fb02eb268760c165c78d9faf468caaaf56a1c4e9632fa789693d3"", ""steps"": 5}]",550746c50ee64abba27a30d41fb5fa5d37b3571d879b7b15f45b421155148b10,-1.8860712878406296,True,0.06657695984257997,73.0,100.0,0.08,converged,,bfgs_standard,"[{""ase_converged"": true, ""converged"": true, ""end_geometry_sha256"": ""757e361bcf9e2bef7a75a038842573349a482f821e60f7080f8569a68a42ea26"", ""failure_class"": null, ""max_force_eV_A"": 0.06657695984257997, ""name"": ""bfgs_standard"", ""start_geometry_sha256"": ""733ebf1498d0366797ff1d86bbf727dc8efa2804cb0781cfa108314317f41711"", ""steps"": 73}]",757e361bcf9e2bef7a75a038842573349a482f821e60f7080f8569a68a42ea26,-3.7321343913674605,3.0,step_4_H2O,8.0,-1.9455655610463607,True,3.7696240153908978,0.902500000035,False,quantitative_screening,2,2,0f1c0af192f907c7654a,False,
"('HEA', ('V', 'Co', 'Mo', 'Ag', 'Ce'), 'fcc', '211', 1200)",HEA,True,esen-sm-conserving-all-oc25:relax-v4:orr-che-v3,True,0.06997986211277939,110,150,0.08,converged,,bfgs_standard,"[{""ase_converged"": true, ""converged"": true, ""end_geometry_sha256"": ""8f57330cc52d9f457dd4491af405a8e37dd906d1f078c84284842c316a6ad8e5"", ""failure_class"": null, ""max_force_eV_A"": 0.06997986211277939, ""name"": ""bfgs_standard"", ""start_geometry_sha256"": ""cb640a2c40e4c310ef75a68be224eb95e3b67c62f25ab12e53b2d07a2ca3b18c"", ""steps"": 110}]",8f57330cc52d9f457dd4491af405a8e37dd906d1f078c84284842c316a6ad8e5,-210.8222979649978,True,0.07802029338805276,54.0,100.0,0.08,converged,,bfgs_standard,"[{""ase_converged"": true, ""converged"": true, ""end_geometry_sha256"": ""45fac682f8bf05eea360e0076e420bd9cde2a7d224ab2f67b430c23415e4aeee"", ""failure_class"": null, ""max_force_eV_A"": 0.07802029338805276, ""name"": ""bfgs_standard"", ""start_geometry_sha256"": ""d71932e1b36ef80c0500cac54817aac02fcdf66c78213efb219a67a36f68c916"", ""steps"": 54}]",45fac682f8bf05eea360e0076e420bd9cde2a7d224ab2f67b430c23415e4aeee,0.3452528144419193,True,0.0776055978848754,80.0,100.0,0.08,converged,,bfgs_standard,"[{""ase_converged"": true, ""converged"": true, ""end_geometry_sha256"": ""cc1fdc28ff1e40be18bd957103bf294b744b6e3f429e218e30a2e8b03edc85b2"", ""failure_class"": null, ""max_force_eV_A"": 0.0776055978848754, ""name"": ""bfgs_standard"", ""start_geometry_sha256"": ""0ba657b19c13044dd2b9fdb72f547a4a5113a158afa4914c4c2a37c6ff6e2d16"", ""steps"": 80}]",cc1fdc28ff1e40be18bd957103bf294b744b6e3f429e218e30a2e8b03edc85b2,-0.2068072192370572,True,0.07870796590894336,45.0,100.0,0.08,converged,,bfgs_standard,"[{""ase_converged"": true, ""converged"": true, ""end_geometry_sha256"": ""169396a35c69ed4fe28ac962dd8be67a75408bc4414def3c9fb52d13373bf368"", ""failure_class"": null, ""max_force_eV_A"": 0.07870796590894336, ""name"": ""bfgs_standard"", ""start_geometry_sha256"": ""7ce425af2832be35eb14419247a11ad148b43d028c90f3416b4d557af11e0933"", ""steps"": 45}]",169396a35c69ed4fe28ac962dd8be67a75408bc4414def3c9fb52d13373bf368,-0.22534041553738218,1.7810600336789766,step_3_OH,8.0,-0.2983258362151635,True,0.5520600336789765,0.8685081580424162,False,quantitative_screening,2,2,2c951293b5657ece55b2,False,
"('Spinel', 'Co', 'Fe', 'Y', 'nanosheet', 'none')",Spinel,True,esen-sm-conserving-all-oc25:relax-v4:orr-che-v3,True,0.07222746289154781,316,150,0.08,converged,,bfgs_after_fire,"[{""ase_converged"": false, ""converged"": false, ""end_geometry_sha256"": ""65bc4f70f70e97fad2f4d88b7b6055a8a24333d984e6cabaf8ce39ed742f3306"", ""failure_class"": ""force_threshold"", ""max_force_eV_A"": 0.903306236022483, ""name"": ""bfgs_standard"", ""start_geometry_sha256"": ""36116f2b7a177e89887b32b132ab979e0efaceacdfda9c5c87e7daaed7902568"", ""steps"": 150}, {""ase_converged"": false, ""converged"": false, ""end_geometry_sha256"": ""515a51583b755fa63bc04aab0141b3e076eb362df6991dcfc1ef843dadd6c424"", ""failure_class"": ""force_threshold"", ""max_force_eV_A"": 0.9099657055944518, ""name"": ""fire_precondition"", ""qualifying"": false, ""start_geometry_sha256"": ""36116f2b7a177e89887b32b132ab979e0efaceacdfda9c5c87e7daaed7902568"", ""steps"": 75}, {""ase_converged"": true, ""converged"": true, ""end_geometry_sha256"": ""90bc6c9120e7c52c9a20c74613d0b7a83c977c5bbf52f18a4a69f9aa8d33466f"", ""failure_class"": null, ""max_force_eV_A"": 0.07222746289154781, ""name"": ""bfgs_after_fire"", ""start_geometry_sha256"": ""515a51583b755fa63bc04aab0141b3e076eb362df6991dcfc1ef843dadd6c424"", ""steps"": 91}]",90bc6c9120e7c52c9a20c74613d0b7a83c977c5bbf52f18a4a69f9aa8d33466f,-365.4610089794694,True,0.0709771005662176,69.0,100.0,0.08,converged,,bfgs_standard,"[{""ase_converged"": true, ""converged"": true, ""end_geometry_sha256"": ""a6bf784c67febe3a45514f0cc580dea7c0f167b69da186888d0ec9aed26ab5db"", ""failure_class"": null, ""max_force_eV_A"": 0.0709771005662176, ""name"": ""bfgs_standard"", ""start_geometry_sha256"": ""718984ffac21a198e97bf29c1d4226f6664f0c6c9cb2e3bf7755a01f0a8bcc7d"", ""steps"": 69}]",a6bf784c67febe3a45514f0cc580dea7c0f167b69da186888d0ec9aed26ab5db,0.2770345832406906,True,0.07676868673515415,28.0,100.0,0.08,converged,,bfgs_standard,"[{""ase_converged"": true, ""converged"": true, ""end_geometry_sha256"": ""3f1a19fd17300c6b9906ac853d45b3b8e8bdacf849487642d446d8a7f2969817"", ""failure_class"": null, ""max_force_eV_A"": 0.07676868673515415, ""name"": ""bfgs_standard"", ""start_geometry_sha256"": ""35c4aff4557359f9ec054ecf5eca096f70cf37e9fc2c49ab8aad9a9d4f97bab4"", ""steps"": 28}]",3f1a19fd17300c6b9906ac853d45b3b8e8bdacf849487642d446d8a7f2969817,2.8157605297863233,True,0.07619601416480065,99.0,100.0,0.08,converged,,bfgs_standard,"[{""ase_converged"": true, ""converged"": true, ""end_geometry_sha256"": ""52af68732fb2dbf5dcf4ee683e3f8f81ee3d4dfea9090dd2c8909710e5979938"", ""failure_class"": null, ""max_force_eV_A"": 0.07619601416480065, ""name"": ""bfgs_standard"", ""start_geometry_sha256"": ""8a4cde7a5d197b7cab224b07b25eb947d868c121ed4d5acf8b5a09305778153b"", ""steps"": 99}]",52af68732fb2dbf5dcf4ee683e3f8f81ee3d4dfea9090dd2c8909710e5979938,2.5385908588766233,1.5061696709097,step_2_O,6.0,0.0,True,3.0927951130270137,0.740000000035,False,quantitative_screening,1,1,0dcf0648aacb464f2b3d,False,
"('Spinel', 'Co', 'Fe', 'W', 'nanorod', 'none')",Spinel,True,esen-sm-conserving-all-oc25:relax-v4:orr-che-v3,True,0.07090079390598096,77,150,0.08,converged,,bfgs_standard,"[{""ase_converged"": true, ""converged"": true, ""end_geometry_sha256"": ""ba81949c1c9165d59105d01aaf7303bf1a95bf8410d2f640391d1ba8ced9dcef"", ""failure_class"": null, ""max_force_eV_A"": 0.07090079390598096, ""name"": ""bfgs_standard"", ""start_geometry_sha256"": ""c2100ccea0230786b9fadf41c58e7310df6e56af7c1ec97b41587b79c20e4428"", ""steps"": 77}]",ba81949c1c9165d59105d01aaf7303bf1a95bf8410d2f640391d1ba8ced9dcef,-362.60975961423935,True,0.06654126903420417,67.0,100.0,0.08,converged,,bfgs_standard,"[{""ase_converged"": true, ""converged"": true, ""end_geometry_sha256"": ""996067adaefaac3969d0e2a7b64551149c8238edf16be73a555dadadb1485821"", ""failure_class"": null, ""max_force_eV_A"": 0.06654126903420417, ""name"": ""bfgs_standard"", ""start_geometry_sha256"": ""ec631a5f89289ea47de134e8996c1d6fb8b0d47a2c83e5839425668836a36950"", ""steps"": 67}]",996067adaefaac3969d0e2a7b64551149c8238edf16be73a555dadadb1485821,0.08692914500832555,True,0.07043853538012332,59.0,100.0,0.08,converged,,bfgs_standard,"[{""ase_converged"": true, ""converged"": true, ""end_geometry_sha256"": ""23e5a4a5a9a01314398ac0d7b91240d439aaf1496fe53f99f5dfa4dbf20cbb62"", ""failure_class"": null, ""max_force_eV_A"": 0.07043853538012332, ""name"": ""bfgs_standard"", ""start_geometry_sha256"": ""5e2a9e890c4c87897e848f1c0baf94c77c42de96b34e93c19a35cb23bfcce339"", ""steps"": 59}]",23e5a4a5a9a01314398ac0d7b91240d439aaf1496fe53f99f5dfa4dbf20cbb62,0.1650590069592887,True,0.07945428354754504,86.0,100.0,0.08,converged,,bfgs_standard,"[{""ase_converged"": true, ""converged"": true, ""end_geometry_sha256"": ""ca9533eef50167d22608d20d34e5393db34e5f2a4aa5cc6658a7d29d2b00a3df"", ""failure_class"": null, ""max_force_eV_A"": 0.07945428354754504, ""name"": ""bfgs_standard"", ""start_geometry_sha256"": ""6444ff43c847bf136c52e17afff476de5be352b06ea0a5ddf46ceaa5013311c2"", ""steps"": 86}]",ca9533eef50167d22608d20d34e5393db34e5f2a4aa5cc6658a7d29d2b00a3df,0.18828530162570375,1.205773705333585,step_2_O,6.0,0.0,True,0.25198815196761426,0.740000000035,False,quantitative_screening,2,2,84a9dbff78706a402c5e,False,
"('Spinel', 'Co', 'Fe', 'None', 'nanoparticle', 'N-CNT')",Spinel,True,esen-sm-conserving-all-oc25:relax-v4:orr-che-v3,True,0.07634402897727147,119,150,0.08,converged,,bfgs_standard,"[{""ase_converged"": true, ""converged"": true, ""end_geometry_sha256"": ""5e4cf1784de35a062711db4fd90f5f458a180b3fac45a3399289aa10fc3132c3"", ""failure_class"": null, ""max_force_eV_A"": 0.07634402897727147, ""name"": ""bfgs_standard"", ""start_geometry_sha256"": ""792f18d80bb54fa637cce5912e9238176ac2e3f9956a129821951000a3bf0368"", ""steps"": 119}]",5e4cf1784de35a062711db4fd90f5f458a180b3fac45a3399289aa10fc3132c3,-360.4767474023464,True,0.0775719793895823,66.0,100.0,0.08,converged,,bfgs_standard,"[{""ase_converged"": true, ""converged"": true, ""end_geometry_sha256"": ""23207614d50f2eb8ca6563c5e033cf9821c03e0f95fe99423d3cd52482fef666"", ""failure_class"": null, ""max_force_eV_A"": 0.0775719793895823, ""name"": ""bfgs_standard"", ""start_geometry_sha256"": ""bacdadddb06bd4b5df8953000da1432d6f3b098a210ba0a45b76eb2328ce161f"", ""steps"": 66}]",23207614d50f2eb8ca6563c5e033cf9821c03e0f95fe99423d3cd52482fef666,0.4783361579477787,True,0.0643682736249795,57.0,100.0,0.08,converged,,bfgs_standard,"[{""ase_converged"": true, ""converged"": true, ""end_geometry_sha256"": ""44aec9554a20442a77f25b6f7a4abccf02c483edca9dfd38a38c975273d0cfe9"", ""failure_class"": null, ""max_force_eV_A"": 0.0643682736249795, ""name"": ""bfgs_standard"", ""start_geometry_sha256"": ""b8f81a2aa5f455b836364f9e83fd00e975ee33c8ac605afcf65fa601ed6a2644"", ""steps"": 57}]",44aec9554a20442a77f25b6f7a4abccf02c483edca9dfd38a38c975273d0cfe9,3.4197911389171827,True,0.07384863759919212,83.0,100.0,0.08,converged,,bfgs_standard,"[{""ase_converged"": true, ""converged"": true, ""end_geometry_sha256"": ""eae661e7f9da310ba696a503b01dc409f2c8d5472c8fffe7ed04a25e6148f780"", ""failure_class"": null, ""max_force_eV_A"": 0.07384863759919212, ""name"": ""bfgs_standard"", ""start_geometry_sha256"": ""911adbc3012c73bd0bc9ef37dc80cf4624eb41830448e2f978f63749b20ed3f1"", ""steps"": 83}]",eae661e7f9da310ba696a503b01dc409f2c8d5472c8fffe7ed04a25e6148f780,1.0701460346579301,3.0,step_2_O,6.0,0.0,True,3.898127296864961,0.740000000035,False,quantitative_screening,0,0,183906c759be1d6af75d,False,
"('Spinel', 'Co', 'Fe', 'None', 'mesoporous', 'N-graphene')",Spinel,True,esen-sm-conserving-all-oc25:relax-v4:orr-che-v3,True,0.07182580587081248,104,150,0.08,converged,,bfgs_standard,"[{""ase_converged"": true, ""converged"": true, ""end_geometry_sha256"": ""e1a8e6eba867eaaa4fdf73a86c2d244a6dafa40c355ca7142482594c92b86415"", ""failure_class"": null, ""max_force_eV_A"": 0.07182580587081248, ""name"": ""bfgs_standard"", ""start_geometry_sha256"": ""93a60b9b1007d2203691072c3ab4b1defcd1310949b70aca546e93ecba18aae3"", ""steps"": 104}]",e1a8e6eba867eaaa4fdf73a86c2d244a6dafa40c355ca7142482594c92b86415,-352.66747541511984,True,0.07057118743275823,48.0,100.0,0.08,converged,,bfgs_standard,"[{""ase_converged"": true, ""converged"": true, ""end_geometry_sha256"": ""137106a88ae4ffbe90184b3ffd643e110ee3c4576c8673f1eea58275c42e2545"", ""failure_class"": null, ""max_force_eV_A"": 0.07057118743275823, ""name"": ""bfgs_standard"", ""start_geometry_sha256"": ""af1f55fac98e67389108113f67a60e8c65b4d764f432290e8d2dd7bccb1e6c60"", ""steps"": 48}]",137106a88ae4ffbe90184b3ffd643e110ee3c4576c8673f1eea58275c42e2545,-1.4438630913197994,True,0.0764929865162185,53.0,100.0,0.08,converged,,bfgs_standard,"[{""ase_converged"": true, ""converged"": true, ""end_geometry_sha256"": ""affbb6910d7978d127983b88647caeaf4e89e1b243f8da6d41e53fd758a0e55e"", ""failure_class"": null, ""max_force_eV_A"": 0.0764929865162185, ""name"": ""bfgs_standard"", ""start_geometry_sha256"": ""16f63c928c9990d18eb9f6b44c09b406d852aa99bf73e42de5c2da538bdf8cca"", ""steps"": 53}]",affbb6910d7978d127983b88647caeaf4e89e1b243f8da6d41e53fd758a0e55e,-1.2974596850574265,True,0.07740453100700986,87.0,100.0,0.08,converged,,bfgs_standard,"[{""ase_converged"": true, ""converged"": true, ""end_geometry_sha256"": ""6714cf134b5aeb4961dc58227d56e5e7fce72334647513c0f05f16f23dcd51f7"", ""failure_class"": null, ""max_force_eV_A"": 0.07740453100700986, ""name"": ""bfgs_standard"", ""start_geometry_sha256"": ""752c5ec7a214b3eb90d29c2469226dc183d90801daa57138982134da71dc4440"", ""steps"": 87}]",6714cf134b5aeb4961dc58227d56e5e7fce72334647513c0f05f16f23dcd51f7,-1.0541673198342572,2.6728630913197993,step_4_H2O,6.0,0.0,True,2.741322776377226,0.740000000035,False,quantitative_screening,1,1,9689220510abceeb09e4,False,
"('Spinel', 'Co', 'Cr', 'La', 'hollow_sphere', 'N-CNT')",Spinel,True,esen-sm-conserving-all-oc25:relax-v4:orr-che-v3,True,0.06322810968356611,385,150,0.08,converged,,bfgs_after_fire,"[{""ase_converged"": false, ""converged"": false, ""end_geometry_sha256"": ""8e513eb7e098767e4c45fbf110fc26fa911f735041dc0b1f320a265d631efe64"", ""failure_class"": ""force_threshold"", ""max_force_eV_A"": 0.32587810088262154, ""name"": ""bfgs_standard"", ""start_geometry_sha256"": ""b9c2344fec16a41cad4256b21d19bc6995486b511c48935d10ef2858ebfb2d25"", ""steps"": 150}, {""ase_converged"": false, ""converged"": false, ""end_geometry_sha256"": ""610cd58042c34d259e5243e2e7aadd76424ee360872a9649f840aceb93757853"", ""failure_class"": ""force_threshold"", ""max_force_eV_A"": 1.670817984125004, ""name"": ""fire_precondition"", ""qualifying"": false, ""start_geometry_sha256"": ""b9c2344fec16a41cad4256b21d19bc6995486b511c48935d10ef2858ebfb2d25"", ""steps"": 75}, {""ase_converged"": true, ""converged"": true, ""end_geometry_sha256"": ""5c05873ee730629c550a8dac3576c9492153abd7fbe0b1646c4fb99ceb68ffc2"", ""failure_class"": null, ""max_force_eV_A"": 0.06322810968356611, ""name"": ""bfgs_after_fire"", ""start_geometry_sha256"": ""610cd58042c34d259e5243e2e7aadd76424ee360872a9649f840aceb93757853"", ""steps"": 160}]",5c05873ee730629c550a8dac3576c9492153abd7fbe0b1646c4fb99ceb68ffc2,-400.4643677116914,True,0.07906126478929296,56.0,100.0,0.08,converged,,bfgs_standard,"[{""ase_converged"": true, ""converged"": true, ""end_geometry_sha256"": ""919bed98f1a17afe0e038963e7512d687762148086a32c69847c034ef8b0fcde"", ""failure_class"": null, ""max_force_eV_A"": 0.07906126478929296, ""name"": ""bfgs_standard"", ""start_geometry_sha256"": ""162dd8e47dca14578944b770366a9f860b724b45294bc6e8515154e08fd172db"", ""steps"": 56}]",919bed98f1a17afe0e038963e7512d687762148086a32c69847c034ef8b0fcde,0.646054091602507,True,0.0756860229084344,218.0,100.0,0.08,converged,,bfgs_after_fire,"[{""ase_converged"": false, ""converged"": false, ""end_geometry_sha256"": ""d3337a17087c85ca234b3d964d7926cfecad144cb43183703a83c09d09f6740d"", ""failure_class"": ""force_threshold"", ""max_force_eV_A"": 0.22259785774106866, ""name"": ""bfgs_standard"", ""start_geometry_sha256"": ""18a43bf84051609cc11e65b4bb1fdf74520be9f8d2a486680dcba87a63066363"", ""steps"": 100}, {""ase_converged"": true, ""converged"": true, ""end_geometry_sha256"": ""eb152411592f25863803e7680ff9323728966b2842f82c1b8a4d3720b65a577a"", ""failure_class"": null, ""max_force_eV_A"": 0.20973384034242432, ""name"": ""fire_precondition"", ""qualifying"": false, ""start_geometry_sha256"": ""18a43bf84051609cc11e65b4bb1fdf74520be9f8d2a486680dcba87a63066363"", ""steps"": 25}, {""ase_converged"": true, ""converged"": true, ""end_geometry_sha256"": ""fdd685955e56649db2cc709f0442b25ebc904f85008583d1d921f3c5db3a16b2"", ""failure_class"": null, ""max_force_eV_A"": 0.0756860229084344, ""name"": ""bfgs_after_fire"", ""start_geometry_sha256"": ""eb152411592f25863803e7680ff9323728966b2842f82c1b8a4d3720b65a577a"", ""steps"": 93}]",fdd685955e56649db2cc709f0442b25ebc904f85008583d1d921f3c5db3a16b2,-0.5230599276721726,True,0.07934891144336191,99.0,100.0,0.08,converged,,bfgs_standard,"[{""ase_converged"": true, ""converged"": true, ""end_geometry_sha256"": ""f86e81292856e298d785a7fc0b2bb96b3bb822bf85b6a15bca1f92c8bc5c48aa"", ""failure_class"": null, ""max_force_eV_A"": 0.07934891144336191, ""name"": ""bfgs_standard"", ""start_geometry_sha256"": ""691a1a3854d1a9bcc7cd800bab840bd055f8d60db68ad6c0b9a9cc6c6696069d"", ""steps"": 99}]",f86e81292856e298d785a7fc0b2bb96b3bb822bf85b6a15bca1f92c8bc5c48aa,3.6112732395529497,2.3981140192746797,step_3_OH,8.0,0.0,True,1.1691140192746796,0.6852014328916924,False,quantitative_screening,2,2,28a49f814287d5f78aea,False,
"('Spinel', 'Co', 'Cr', 'Nb', 'nanosheet', 'none')",Spinel,True,esen-sm-conserving-all-oc25:relax-v4:orr-che-v3,True,0.07826921116174987,91,150,0.08,converged,,bfgs_standard,"[{""ase_converged"": true, ""converged"": true, ""end_geometry_sha256"": ""5cdfe085408d8edc6c53b607a9e56e948f287168fcd67da93926c381e9cab9fa"", ""failure_class"": null, ""max_force_eV_A"": 0.07826921116174987, ""name"": ""bfgs_standard"", ""start_geometry_sha256"": ""b2ac9a22b2cb9f32d91ac00e518c2703f13071bfd9ed68e0a32d0b03860b7760"", ""steps"": 91}]",5cdfe085408d8edc6c53b607a9e56e948f287168fcd67da93926c381e9cab9fa,-417.4634235120676,True,0.06467670076043656,37.0,100.0,0.08,converged,,bfgs_standard,"[{""ase_converged"": true, ""converged"": true, ""end_geometry_sha256"": ""c9edd7ef10e56b9975fc4dfadf5ba7ea141753e0641a0ea61e64b67733870d5b"", ""failure_class"": null, ""max_force_eV_A"": 0.06467670076043656, ""name"": ""bfgs_standard"", ""start_geometry_sha256"": ""ec3e6fdca2ad93597655f69cb9285ed090933a37c3f38c6596f827770a2179e2"", ""steps"": 37}]",c9edd7ef10e56b9975fc4dfadf5ba7ea141753e0641a0ea61e64b67733870d5b,-0.5367385719716549,True,0.07490522810723693,64.0,100.0,0.08,converged,,bfgs_standard,"[{""ase_converged"": true, ""converged"": true, ""end_geometry_sha256"": ""6b344f61634b1e7c40ea88ccac5386d26fc64bb87933052406ef542da305bf50"", ""failure_class"": null, ""max_force_eV_A"": 0.07490522810723693, ""name"": ""bfgs_standard"", ""start_geometry_sha256"": ""dc1b491637060b38b04be599075f23e002c9a9d562403ff2de3e4bb075ff0aab"", ""steps"": 64}]",6b344f61634b1e7c40ea88ccac5386d26fc64bb87933052406ef542da305bf50,-0.6819358699023972,True,0.07906748986169314,96.0,100.0,0.08,converged,,bfgs_standard,"[{""ase_converged"": true, ""converged"": true, ""end_geometry_sha256"": ""f2cc1fe9f8207f808dd15166635f6fd8586c63d820a4c891f5ebd090d39d49bf"", ""failure_class"": null, ""max_force_eV_A"": 0.07906748986169314, ""name"": ""bfgs_standard"", ""start_geometry_sha256"": ""599c08393e6146df39570b575b2325933de33c8cabf8b24bf718f1fc00089f9f"", ""steps"": 96}]",f2cc1fe9f8207f808dd15166635f6fd8586c63d820a4c891f5ebd090d39d49bf,-0.3541474834084759,1.765738571971655,step_4_H2O,8.0,0.0,True,1.218674441874052,0.740000000035,False,quantitative_screening,0,0,550365aee328fed04e34,False,
"('Spinel', 'Co', 'Cr', 'Zr', 'nanorod', 'none')",Spinel,True,esen-sm-conserving-all-oc25:relax-v4:orr-che-v3,True,0.0762875503591473,87,150,0.08,converged,,bfgs_standard,"[{""ase_converged"": true, ""converged"": true, ""end_geometry_sha256"": ""b8efd851ab4480a29007a8b2abf071af9aabf3f5a4b49933df98c6b59cf79c57"", ""failure_class"": null, ""max_force_eV_A"": 0.0762875503591473, ""name"": ""bfgs_standard"", ""start_geometry_sha256"": ""958bb5bdb1b7b45bcd22e5c1a2a80bfb364864476aff7d4ae20ff44f155fdc1a"", ""steps"": 87}]",b8efd851ab4480a29007a8b2abf071af9aabf3f5a4b49933df98c6b59cf79c57,-407.20831793677866,True,0.07346214943346609,257.0,100.0,0.08,converged,,bfgs_after_fire,"[{""ase_converged"": false, ""converged"": false, ""end_geometry_sha256"": ""3cf013ff41b8051dced8fc01b20e659a6cf6e5fe9e9007d32bdb83330fae7824"", ""failure_class"": ""force_threshold"", ""max_force_eV_A"": 0.13538604443430644, ""name"": ""bfgs_standard"", ""start_geometry_sha256"": ""ba841796ef5015561a075d23ea99a8dc7bef278fc96657bc7fe8ca2660d57f13"", ""steps"": 100}, {""ase_converged"": true, ""converged"": true, ""end_geometry_sha256"": ""5c8902e998c96e68d12c4c34fbb23d0b09301507d6c75eef4424577192c8765a"", ""failure_class"": null, ""max_force_eV_A"": 0.2199428033038271, ""name"": ""fire_precondition"", ""qualifying"": false, ""start_geometry_sha256"": ""ba841796ef5015561a075d23ea99a8dc7bef278fc96657bc7fe8ca2660d57f13"", ""steps"": 47}, {""ase_converged"": true, ""converged"": true, ""end_geometry_sha256"": ""0ed358660330945cfb13ceac5de2e12ad183560e67b199ae1a90eaa4f31ff0ff"", ""failure_class"": null, ""max_force_eV_A"": 0.07346214943346609, ""name"": ""bfgs_after_fire"", ""start_geometry_sha256"": ""5c8902e998c96e68d12c4c34fbb23d0b09301507d6c75eef4424577192c8765a"", ""steps"": 110}]",0ed358660330945cfb13ceac5de2e12ad183560e67b199ae1a90eaa4f31ff0ff,-1.8035797451437088,True,0.07968429786857521,98.0,100.0,0.08,converged,,bfgs_standard,"[{""ase_converged"": true, ""converged"": true, ""end_geometry_sha256"": ""da0a6c7d95198ab90a0d6f2b8501f5da99cf4948c379d9dcb031df2f8ffa1670"", ""failure_class"": null, ""max_force_eV_A"": 0.07968429786857521, ""name"": ""bfgs_standard"", ""start_geometry_sha256"": ""330c6c422b64268d9319eafa076fa5a1c03a75a5eeb90ca991610a8bf2076dad"", ""steps"": 98}]",da0a6c7d95198ab90a0d6f2b8501f5da99cf4948c379d9dcb031df2f8ffa1670,-2.2994104258716925,True,0.07982003882663231,283.0,100.0,0.08,converged,,bfgs_after_fire,"[{""ase_converged"": false, ""converged"": false, ""end_geometry_sha256"": ""5e2263a153846d75634db7f7dbe8053097202a8d24f513fd051b0905fd8fbc14"", ""failure_class"": ""force_threshold"", ""max_force_eV_A"": 0.5002360290142979, ""name"": ""bfgs_standard"", ""start_geometry_sha256"": ""5045f8fb6cca0492280c7c5768d86cff1de2b49d161d69955994eca28221133a"", ""steps"": 100}, {""ase_converged"": true, ""converged"": true, ""end_geometry_sha256"": ""daa7294abb7e4eead0de42945a64e70108703500080afbb7c73c1ccbb94d54fe"", ""failure_class"": null, ""max_force_eV_A"": 0.20713830484217288, ""name"": ""fire_precondition"", ""qualifying"": false, ""start_geometry_sha256"": ""5045f8fb6cca0492280c7c5768d86cff1de2b49d161d69955994eca28221133a"", ""steps"": 41}, {""ase_converged"": true, ""converged"": true, ""end_geometry_sha256"": ""0617df278f40bb43ad4b5035be1cb4158781ef09611f0ab21093ee68234ffabe"", ""failure_class"": null, ""max_force_eV_A"": 0.07982003882663231, ""name"": ""bfgs_after_fire"", ""start_geometry_sha256"": ""daa7294abb7e4eead0de42945a64e70108703500080afbb7c73c1ccbb94d54fe"", ""steps"": 142}]",0617df278f40bb43ad4b5035be1cb4158781ef09611f0ab21093ee68234ffabe,1.5791711315512407,3.0,step_4_H2O,8.0,0.0,True,4.102990171015401,0.740000000035,False,quantitative_screening,1,1,408b111c34e2436b6058,False,
"('Spinel', 'Co', 'Al', 'Ce', 'nanoparticle', 'N-CNT')",Spinel,True,esen-sm-conserving-all-oc25:relax-v4:orr-che-v3,True,0.07794156822514763,399,150,0.08,converged,,bfgs_after_fire,"[{""ase_converged"": false, ""converged"": false, ""end_geometry_sha256"": ""42ecab980ff1f7272088159fad32b927628ea5201818a671e11792f70a63e442"", ""failure_class"": ""force_threshold"", ""max_force_eV_A"": 0.13867985699759391, ""name"": ""bfgs_standard"", ""start_geometry_sha256"": ""c969c994f89f60061bb81aa5df02c6f14dda6bf4b2f6bac5db141a2a67481fb6"", ""steps"": 150}, {""ase_converged"": false, ""converged"": false, ""end_geometry_sha256"": ""17bb336d2564a1171323f3d53dab4210d886eb6677756ac876ffb2b93f9f5689"", ""failure_class"": ""force_threshold"", ""max_force_eV_A"": 0.3127053914595077, ""name"": ""fire_precondition"", ""qualifying"": false, ""start_geometry_sha256"": ""c969c994f89f60061bb81aa5df02c6f14dda6bf4b2f6bac5db141a2a67481fb6"", ""steps"": 75}, {""ase_converged"": true, ""converged"": true, ""end_geometry_sha256"": ""4483f74ad93b71668e9d5f032a2a8bf8b62689b0d2c6d5999c952e0dc3ec349c"", ""failure_class"": null, ""max_force_eV_A"": 0.07794156822514763, ""name"": ""bfgs_after_fire"", ""start_geometry_sha256"": ""17bb336d2564a1171323f3d53dab4210d886eb6677756ac876ffb2b93f9f5689"", ""steps"": 174}]",4483f74ad93b71668e9d5f032a2a8bf8b62689b0d2c6d5999c952e0dc3ec349c,-359.6490194038003,True,0.07963575834160783,236.0,100.0,0.08,converged,,bfgs_after_fire,"[{""ase_converged"": false, ""converged"": false, ""end_geometry_sha256"": ""444ce912799b5977a5bcefb6b354f02cbfb7ae5b7bc6fcd4ed27a788403e7e5e"", ""failure_class"": ""force_threshold"", ""max_force_eV_A"": 0.12589392532986105, ""name"": ""bfgs_standard"", ""start_geometry_sha256"": ""9ec421fcca1daca8f24e3f46c4819af0190670115af6ee3b77d90b7c4e82d114"", ""steps"": 100}, {""ase_converged"": false, ""converged"": false, ""end_geometry_sha256"": ""54312801c9a073cd3b3fdf5ed8f067f3dd4ca9f3a8d4300a58d6ab535ca3f48b"", ""failure_class"": ""force_threshold"", ""max_force_eV_A"": 1.3321281322999443, ""name"": ""fire_precondition"", ""qualifying"": false, ""start_geometry_sha256"": ""9ec421fcca1daca8f24e3f46c4819af0190670115af6ee3b77d90b7c4e82d114"", ""steps"": 50}, {""ase_converged"": true, ""converged"": true, ""end_geometry_sha256"": ""d3338635b90d833dad1ae9c2da69734cd54c899890d2ea04dcaebc176fab69b2"", ""failure_class"": null, ""max_force_eV_A"": 0.07963575834160783, ""name"": ""bfgs_after_fire"", ""start_geometry_sha256"": ""54312801c9a073cd3b3fdf5ed8f067f3dd4ca9f3a8d4300a58d6ab535ca3f48b"", ""steps"": 86}]",d3338635b90d833dad1ae9c2da69734cd54c899890d2ea04dcaebc176fab69b2,-1.9729444359242916,True,0.07999456907862978,79.0,100.0,0.08,converged,,bfgs_standard,"[{""ase_converged"": true, ""converged"": true, ""end_geometry_sha256"": ""2269dc591fed22fe5aa2a473b1dfde17d90f66d0860acdfae62201aa72e8ae32"", ""failure_class"": null, ""max_force_eV_A"": 0.07999456907862978, ""name"": ""bfgs_standard"", ""start_geometry_sha256"": ""57d75a559405fb8701684c145d5de5f398920a4148566998a6e969fd6b4b802a"", ""steps"": 79}]",2269dc591fed22fe5aa2a473b1dfde17d90f66d0860acdfae62201aa72e8ae32,1.47006980255238,True,0.07931583059199675,269.0,100.0,0.08,converged,,bfgs_after_fire,"[{""ase_converged"": false, ""converged"": false, ""end_geometry_sha256"": ""5a550596de05ef817233943ce95d5d22783e19fb3e0162f8f3400f73f6651e18"", ""failure_class"": ""force_threshold"", ""max_force_eV_A"": 0.12130908067830719, ""name"": ""bfgs_standard"", ""start_geometry_sha256"": ""9eae90ea66bd3d34b94c5afbe55eed76c9e81b245d7a29ebd31fc4b7cbdc7ee6"", ""steps"": 100}, {""ase_converged"": false, ""converged"": false, ""end_geometry_sha256"": ""3bdd733b6dd2ff5d1e411f1395867b7a38e0f4c4777c8f03453561569f5b38d2"", ""failure_class"": ""force_threshold"", ""max_force_eV_A"": 2.301592905079876, ""name"": ""fire_precondition"", ""qualifying"": false, ""start_geometry_sha256"": ""9eae90ea66bd3d34b94c5afbe55eed76c9e81b245d7a29ebd31fc4b7cbdc7ee6"", ""steps"": 50}, {""ase_converged"": true, ""converged"": true, ""end_geometry_sha256"": ""eb6abb742f7188305f8c3c793ab1f0e2a755c44708255e84f1ad615d16a00551"", ""failure_class"": null, ""max_force_eV_A"": 0.07931583059199675, ""name"": ""bfgs_after_fire"", ""start_geometry_sha256"": ""3bdd733b6dd2ff5d1e411f1395867b7a38e0f4c4777c8f03453561569f5b38d2"", ""steps"": 119}]",eb6abb742f7188305f8c3c793ab1f0e2a755c44708255e84f1ad615d16a00551,-1.1622376933694136,3.0,step_2_O,9.0,0.0,True,3.4430142384766715,0.6852014328916924,False,quantitative_screening,0,0,0c870c790b2eda24c694,False,
"('Spinel', 'Co', 'Al', 'Ce', 'mesoporous', 'N-graphene')",Spinel,True,esen-sm-conserving-all-oc25:relax-v4:orr-che-v3,True,0.07995627592306158,148,150,0.08,converged,,bfgs_standard,"[{""ase_converged"": true, ""converged"": true, ""end_geometry_sha256"": ""27c076703a5e85439c216a25640e87d39b676d6b387f83b722bf6c6db70c02b6"", ""failure_class"": null, ""max_force_eV_A"": 0.07995627592306158, ""name"": ""bfgs_standard"", ""start_geometry_sha256"": ""ffbd997477c23db730f84986cab0942bcb4b8c0d46c01aa30247edcf16fb3add"", ""steps"": 148}]",27c076703a5e85439c216a25640e87d39b676d6b387f83b722bf6c6db70c02b6,-352.3131360884488,True,0.0702885255725509,45.0,100.0,0.08,converged,,bfgs_standard,"[{""ase_converged"": true, ""converged"": true, ""end_geometry_sha256"": ""bf811a5a43fce453962c565e74e731049dd674fd6cb5b652539637bea0e21def"", ""failure_class"": null, ""max_force_eV_A"": 0.0702885255725509, ""name"": ""bfgs_standard"", ""start_geometry_sha256"": ""5af48d248e6db2c7fe60529e1436f704d37661d4efde65e8f971eddf3f76552f"", ""steps"": 45}]",bf811a5a43fce453962c565e74e731049dd674fd6cb5b652539637bea0e21def,-0.11297434315085414,True,0.07718974005685907,34.0,100.0,0.08,converged,,bfgs_standard,"[{""ase_converged"": true, ""converged"": true, ""end_geometry_sha256"": ""527a38e29ffb228c9646e46c6ec187104ed631f1dc951e51962466df5fefc102"", ""failure_class"": null, ""max_force_eV_A"": 0.07718974005685907, ""name"": ""bfgs_standard"", ""start_geometry_sha256"": ""edeb95a62fcafdb6dfc6ec6797e9cb5400055f1fd472e106e6d79c541bff818f"", ""steps"": 34}]",527a38e29ffb228c9646e46c6ec187104ed631f1dc951e51962466df5fefc102,3.699946320802005,True,0.0794406452704052,86.0,100.0,0.08,converged,,bfgs_standard,"[{""ase_converged"": true, ""converged"": true, ""end_geometry_sha256"": ""892e939ffdc4deb6d1c7d5aa2beb47bf524d153f1e1bf3b214ed49a2c69be9be"", ""failure_class"": null, ""max_force_eV_A"": 0.0794406452704052, ""name"": ""bfgs_standard"", ""start_geometry_sha256"": ""f770577d95f504e9cae54a775c329f6febb5238bb7b058aff74ac48f0427b26b"", ""steps"": 86}]",892e939ffdc4deb6d1c7d5aa2beb47bf524d153f1e1bf3b214ed49a2c69be9be,2.8550123676657426,2.0739339531362626,step_2_O,9.0,0.0,True,3.8129206639528594,0.6852014328916924,False,quantitative_screening,2,2,99fb8e8b34691b5a57f5,False,
"('Spinel', 'Co', 'Al', 'Y', 'hollow_sphere', 'N-CNT')",Spinel,True,esen-sm-conserving-all-oc25:relax-v4:orr-che-v3,True,0.0659964782587942,340,150,0.08,converged,,bfgs_after_fire,"[{""ase_converged"": false, ""converged"": false, ""end_geometry_sha256"": ""60636c02816f4540d3ff6223b62e33f059413a9471094067b8a3a7b8357fc8fb"", ""failure_class"": ""force_threshold"", ""max_force_eV_A"": 0.38622526106179694, ""name"": ""bfgs_standard"", ""start_geometry_sha256"": ""43eae19d1f9b549f640ede68c6af2d76f99b871a177c3d02d55ccef57145f592"", ""steps"": 150}, {""ase_converged"": false, ""converged"": false, ""end_geometry_sha256"": ""4c9ee20e2a8a8d1d09465c9940cea66e051ee8badd82b39c7eeac3bd95c14985"", ""failure_class"": ""force_threshold"", ""max_force_eV_A"": 0.7034968062239861, ""name"": ""fire_precondition"", ""qualifying"": false, ""start_geometry_sha256"": ""43eae19d1f9b549f640ede68c6af2d76f99b871a177c3d02d55ccef57145f592"", ""steps"": 75}, {""ase_converged"": true, ""converged"": true, ""end_geometry_sha256"": ""aa9037445d777a8ed59b2ecb2336206afb259e3f26d7506edb5fdf0ce1717314"", ""failure_class"": null, ""max_force_eV_A"": 0.0659964782587942, ""name"": ""bfgs_after_fire"", ""start_geometry_sha256"": ""4c9ee20e2a8a8d1d09465c9940cea66e051ee8badd82b39c7eeac3bd95c14985"", ""steps"": 115}]",aa9037445d777a8ed59b2ecb2336206afb259e3f26d7506edb5fdf0ce1717314,-357.3646175319138,True,0.06643766133697118,45.0,100.0,0.08,converged,,bfgs_standard,"[{""ase_converged"": true, ""converged"": true, ""end_geometry_sha256"": ""33e562fdc60b4fc9c23d48968cf4c783b27ae8c56018ca7768c99a0f1cffeaaf"", ""failure_class"": null, ""max_force_eV_A"": 0.06643766133697118, ""name"": ""bfgs_standard"", ""start_geometry_sha256"": ""89a3bb05b0a2ae0a0b7d0ba017634204a3484dedb7e5767d75f5637fd0f21f27"", ""steps"": 45}]",33e562fdc60b4fc9c23d48968cf4c783b27ae8c56018ca7768c99a0f1cffeaaf,-0.11993235096335414,True,0.07023962691336279,33.0,100.0,0.08,converged,,bfgs_standard,"[{""ase_converged"": true, ""converged"": true, ""end_geometry_sha256"": ""51e69e5c923f2430630fd3ba6279b0cbdb5d6a647cbe23d0285c3a153679e985"", ""failure_class"": null, ""max_force_eV_A"": 0.07023962691336279, ""name"": ""bfgs_standard"", ""start_geometry_sha256"": ""c86cd9860a0bdc480c378acd3597726a6a0f9da11fbc2f0b5f7742c1b9a66f75"", ""steps"": 33}]",51e69e5c923f2430630fd3ba6279b0cbdb5d6a647cbe23d0285c3a153679e985,3.391978181153511,True,0.07952113138320663,94.0,100.0,0.08,converged,,bfgs_standard,"[{""ase_converged"": true, ""converged"": true, ""end_geometry_sha256"": ""5b6593f58384c9a702cfa768d2612ba2d836b93d54e34440cc3a7d1be60492cb"", ""failure_class"": null, ""max_force_eV_A"": 0.07952113138320663, ""name"": ""bfgs_standard"", ""start_geometry_sha256"": ""4bc48c52990d6a9d04c676f7ad1559fb2fc88c1303af3b8b0f3f36208294411f"", ""steps"": 94}]",5b6593f58384c9a702cfa768d2612ba2d836b93d54e34440cc3a7d1be60492cb,3.6308912739157426,1.3489323509633542,step_4_H2O,9.0,0.0,True,3.511910532116865,0.740000000035,False,quantitative_screening,1,1,9caa3004d33d4ffe3c02,False,
"('MXene', 'Ti', 'C', 3, 'bare', 'Co')",MXene,True,esen-sm-conserving-all-oc25:relax-v4:orr-che-v3,True,0.07565338764537072,106,150,0.08,converged,,bfgs_standard,"[{""ase_converged"": true, ""converged"": true, ""end_geometry_sha256"": ""b93b5b887d897401da1489e0851af300dbd7f02ee8713d90869117d74a40ef89"", ""failure_class"": null, ""max_force_eV_A"": 0.07565338764537072, ""name"": ""bfgs_standard"", ""start_geometry_sha256"": ""665bd0d184f09c7134b2c4d4f1f2b16533b0d7bd75fc9468b0f1b19f45dc6a9c"", ""steps"": 106}]",b93b5b887d897401da1489e0851af300dbd7f02ee8713d90869117d74a40ef89,-295.5705313766055,True,0.0705088842955976,50.0,100.0,0.08,converged,,bfgs_standard,"[{""ase_converged"": true, ""converged"": true, ""end_geometry_sha256"": ""b54157e1f1b7a6756753b6cfbb822cf75ec7276d0206b4da0ff72b9181a757d1"", ""failure_class"": null, ""max_force_eV_A"": 0.0705088842955976, ""name"": ""bfgs_standard"", ""start_geometry_sha256"": ""b217d5b7b5df0abbe3ed0cc8c8f377b55571d0750b51358adef6219e88e48f59"", ""steps"": 50}]",b54157e1f1b7a6756753b6cfbb822cf75ec7276d0206b4da0ff72b9181a757d1,-3.2830430839955804,True,0.0704918564649726,54.0,100.0,0.08,converged,,bfgs_standard,"[{""ase_converged"": true, ""converged"": true, ""end_geometry_sha256"": ""ac083bced4bcb3aad4820adb957ce87d9f93cb20e5a731ac69b3d737c0feb9ed"", ""failure_class"": null, ""max_force_eV_A"": 0.0704918564649726, ""name"": ""bfgs_standard"", ""start_geometry_sha256"": ""408da283caba77fe655cebf12afd4d49e9e5b1b549ada93ea9aa51be6ff39391"", ""steps"": 54}]",ac083bced4bcb3aad4820adb957ce87d9f93cb20e5a731ac69b3d737c0feb9ed,-2.955029570311333,True,0.04008879007275232,282.0,100.0,0.08,converged,,bfgs_after_fire,"[{""ase_converged"": false, ""converged"": false, ""end_geometry_sha256"": ""79c567f3e3e7f53749a835a589d00abdb073233a0be3482e0c7b91fa20debb35"", ""failure_class"": ""force_threshold"", ""max_force_eV_A"": 2.037583341256889, ""name"": ""bfgs_standard"", ""start_geometry_sha256"": ""8bab0fa974d77ab695dfd58f80ef70257f4179a7ef3b2edd83e092b2fc6d96a4"", ""steps"": 100}, {""ase_converged"": false, ""converged"": false, ""end_geometry_sha256"": ""a1cc776b107e305b086e2591e9e4f292399056c3fc93ecfefd5587886aa6bb5a"", ""failure_class"": ""force_threshold"", ""max_force_eV_A"": 4.636572722632128, ""name"": ""fire_precondition"", ""qualifying"": false, ""start_geometry_sha256"": ""8bab0fa974d77ab695dfd58f80ef70257f4179a7ef3b2edd83e092b2fc6d96a4"", ""steps"": 50}, {""ase_converged"": true, ""converged"": true, ""end_geometry_sha256"": ""e2a4dfb27e8198b2a116095abbd6e9005c2a70768ff1c338c8e52126b2642ab9"", ""failure_class"": null, ""max_force_eV_A"": 0.04008879007275232, ""name"": ""bfgs_after_fire"", ""start_geometry_sha256"": ""a1cc776b107e305b086e2591e9e4f292399056c3fc93ecfefd5587886aa6bb5a"", ""steps"": 132}]",e2a4dfb27e8198b2a116095abbd6e9005c2a70768ff1c338c8e52126b2642ab9,1.389909218251737,3.0,step_4_H2O,9.0,0.0,True,6.238072654306913,0.675000000035,False,quantitative_screening,2,2,9133c807f7058612c29c,False,
"('MXene', 'Ti', 'N', 1, 'F', 'Pd')",MXene,True,esen-sm-conserving-all-oc25:relax-v4:orr-che-v3,True,0.07824929986009777,13,150,0.08,converged,,bfgs_standard,"[{""ase_converged"": true, ""converged"": true, ""end_geometry_sha256"": ""ee9c67d1c6bf7d125e8aa0476900657776baec5d666880b96cb4a750c0ddccb8"", ""failure_class"": null, ""max_force_eV_A"": 0.07824929986009777, ""name"": ""bfgs_standard"", ""start_geometry_sha256"": ""e89eba1a229d570e6bd52a2cf93423f8256bdd0483e6beb39330d574038e9e75"", ""steps"": 13}]",ee9c67d1c6bf7d125e8aa0476900657776baec5d666880b96cb4a750c0ddccb8,-138.53234450351619,True,0.07610712107002336,35.0,100.0,0.08,converged,,bfgs_standard,"[{""ase_converged"": true, ""converged"": true, ""end_geometry_sha256"": ""238ac1c532a598768ede3218d86e9dbaa6dbd994ead4e06b44988472e519a15d"", ""failure_class"": null, ""max_force_eV_A"": 0.07610712107002336, ""name"": ""bfgs_standard"", ""start_geometry_sha256"": ""7142be64748782539be7f59a17481126f799279c9509b12780f2a2d9aaeba182"", ""steps"": 35}]",238ac1c532a598768ede3218d86e9dbaa6dbd994ead4e06b44988472e519a15d,-1.6806451652944088,True,0.039874002242487584,10.0,100.0,0.08,converged,,bfgs_standard,"[{""ase_converged"": true, ""converged"": true, ""end_geometry_sha256"": ""f2ed57aa686db8b9b6702538dd87c8b32320dc11cee7acc7a064ad7dc7153455"", ""failure_class"": null, ""max_force_eV_A"": 0.039874002242487584, ""name"": ""bfgs_standard"", ""start_geometry_sha256"": ""e8dc9035d752cadcc2fedb8960ec731a539cfc8d14563b2983b14029fe521014"", ""steps"": 10}]",f2ed57aa686db8b9b6702538dd87c8b32320dc11cee7acc7a064ad7dc7153455,-0.9779635302722418,True,0.04096024771982141,37.0,100.0,0.08,converged,,bfgs_standard,"[{""ase_converged"": true, ""converged"": true, ""end_geometry_sha256"": ""b398528fe29ca330bdd7e2ede62994af79698db48cffe3e500ee72aca0e9d607"", ""failure_class"": null, ""max_force_eV_A"": 0.04096024771982141, ""name"": ""bfgs_standard"", ""start_geometry_sha256"": ""d07c0a2783cdbe7034173d3411738755c26d50d73d4d11165cf80fed41ac56d3"", ""steps"": 37}]",b398528fe29ca330bdd7e2ede62994af79698db48cffe3e500ee72aca0e9d607,8.53261704295874,3.0,step_1_OOH,10.0,-0.07186029312488018,True,2.6586086955666506,0.675000000035,False,quantitative_screening,0,0,6dc813ddb5ac29c703e0,False,
"('MXene', 'Ti', 'N', 1, 'S', 'Ru')",MXene,True,esen-sm-conserving-all-oc25:relax-v4:orr-che-v3,True,0.01677117643140988,12,150,0.08,converged,,bfgs_standard,"[{""ase_converged"": true, ""converged"": true, ""end_geometry_sha256"": ""8b0217595feaa680e107a34a626ddf0f66c3b23b07eab7a6a4b5a6cfbe19c3eb"", ""failure_class"": null, ""max_force_eV_A"": 0.01677117643140988, ""name"": ""bfgs_standard"", ""start_geometry_sha256"": ""77ef061ccd553de352274408911fbeb20ec7366dd8d0837f6fd8c11003ff2e9f"", ""steps"": 12}]",8b0217595feaa680e107a34a626ddf0f66c3b23b07eab7a6a4b5a6cfbe19c3eb,-141.38738505121069,True,0.045862718287667546,36.0,100.0,0.08,converged,,bfgs_standard,"[{""ase_converged"": true, ""converged"": true, ""end_geometry_sha256"": ""e35d7d28ca655d4081c51c12000c6f34e4603bda5540a2731545817685638529"", ""failure_class"": null, ""max_force_eV_A"": 0.045862718287667546, ""name"": ""bfgs_standard"", ""start_geometry_sha256"": ""560431d4d1be63c751e0279b39ba6dc656d6cbf2bc2c0f06f4e45292f02595fe"", ""steps"": 36}]",e35d7d28ca655d4081c51c12000c6f34e4603bda5540a2731545817685638529,-1.9240018700063228,True,0.04626713443523551,5.0,100.0,0.08,converged,,bfgs_standard,"[{""ase_converged"": true, ""converged"": true, ""end_geometry_sha256"": ""27b0134ea06816cff8a4ae280ed0c8f0fb8063e3a6a3359766de54e02588d555"", ""failure_class"": null, ""max_force_eV_A"": 0.04626713443523551, ""name"": ""bfgs_standard"", ""start_geometry_sha256"": ""8d0f0a098ae15006c53a21585a40340defa9249abcbf3e6f347c616509028700"", ""steps"": 5}]",27b0134ea06816cff8a4ae280ed0c8f0fb8063e3a6a3359766de54e02588d555,-1.0987559191882574,True,0.015866651317918395,93.0,100.0,0.08,converged,,bfgs_standard,"[{""ase_converged"": true, ""converged"": true, ""end_geometry_sha256"": ""ca9c921a46d74dd9cf69e16b3bfee8fa35ef9276dde926172dff7f62eb5f09b8"", ""failure_class"": null, ""max_force_eV_A"": 0.015866651317918395, ""name"": ""bfgs_standard"", ""start_geometry_sha256"": ""3aa192b9aaa935fc406b215240c9655ddf88770fe3f07400f5ac474f0bd1183e"", ""steps"": 93}]",ca9c921a46d74dd9cf69e16b3bfee8fa35ef9276dde926172dff7f62eb5f09b8,4.526330421864991,3.0,step_4_H2O,10.0,-1.247951552180561,True,3.0227577891945803,0.675000000035,False,quantitative_screening,1,1,a019eab17516145850c5,False,
"('MXene', 'Ti', 'N', 1, 'mixed_OH_O', 'Mn')",MXene,True,esen-sm-conserving-all-oc25:relax-v4:orr-che-v3,True,0.053632135584698384,26,150,0.08,converged,,bfgs_standard,"[{""ase_converged"": true, ""converged"": true, ""end_geometry_sha256"": ""4a642f21569d9b092f97eb4d85690e71a9fc37de89035a27b9e401a9773326b9"", ""failure_class"": null, ""max_force_eV_A"": 0.053632135584698384, ""name"": ""bfgs_standard"", ""start_geometry_sha256"": ""adfa82539e570c014de03f4a2f1117cfd8ff3e45dd1fa148e03854f2b49a8235"", ""steps"": 26}]",4a642f21569d9b092f97eb4d85690e71a9fc37de89035a27b9e401a9773326b9,-155.8716194074658,True,0.07441505222161578,27.0,100.0,0.08,converged,,bfgs_standard,"[{""ase_converged"": true, ""converged"": true, ""end_geometry_sha256"": ""d9fc8a25cba9d3f05c84081a8435699d9115004cc6b1c0ce0939e7f653757275"", ""failure_class"": null, ""max_force_eV_A"": 0.07441505222161578, ""name"": ""bfgs_standard"", ""start_geometry_sha256"": ""a5a95e8a83be73ee5573f379157db4e2789c566336eadd6785366a4af70fd323"", ""steps"": 27}]",d9fc8a25cba9d3f05c84081a8435699d9115004cc6b1c0ce0939e7f653757275,-1.6930925224721431,True,0.03520930016501991,9.0,100.0,0.08,converged,,bfgs_standard,"[{""ase_converged"": true, ""converged"": true, ""end_geometry_sha256"": ""00944a33fd1ae31bc67742a304d206866c52b21214992525c57d5269f4707830"", ""failure_class"": null, ""max_force_eV_A"": 0.03520930016501991, ""name"": ""bfgs_standard"", ""start_geometry_sha256"": ""12fb878b5b11415268d5f9ae672fc8dcab026d39b9e959891826501be6113645"", ""steps"": 9}]",00944a33fd1ae31bc67742a304d206866c52b21214992525c57d5269f4707830,-0.953730665892359,True,0.05082027822147097,32.0,100.0,0.08,converged,,bfgs_standard,"[{""ase_converged"": true, ""converged"": true, ""end_geometry_sha256"": ""4694b09ac87438580174969743413acc03159c13cf90ab18ff2569231e2e0149"", ""failure_class"": null, ""max_force_eV_A"": 0.05082027822147097, ""name"": ""bfgs_standard"", ""start_geometry_sha256"": ""5fb3a6549651030e78eb265d7295d7d9703b9e9bd55c14d95c3208dc08f3814a"", ""steps"": 32}]",4694b09ac87438580174969743413acc03159c13cf90ab18ff2569231e2e0149,-3.896400977671143,3.0,step_2_O,9.0,0.0,True,2.646823188364502,0.675000000035,False,quantitative_screening,0,0,b35078bfce1a4fd13db2,False,
"('MXene', 'Ti', 'N', 2, 'OH', 'Cu')",MXene,True,esen-sm-conserving-all-oc25:relax-v4:orr-che-v3,True,0.05809856255602124,46,150,0.08,converged,,bfgs_standard,"[{""ase_converged"": true, ""converged"": true, ""end_geometry_sha256"": ""b074b3bf4deb08ba585ba500e7a12f8ba2249658f09440cc646537c2307ce2cc"", ""failure_class"": null, ""max_force_eV_A"": 0.05809856255602124, ""name"": ""bfgs_standard"", ""start_geometry_sha256"": ""7d1ee6b3d405caaf5523c217ec5c09f0144871baaba1377ece52bcc8b93bd1cc"", ""steps"": 46}]",b074b3bf4deb08ba585ba500e7a12f8ba2249658f09440cc646537c2307ce2cc,-227.6406062115119,True,0.07028577587063979,73.0,100.0,0.08,converged,,bfgs_standard,"[{""ase_converged"": true, ""converged"": true, ""end_geometry_sha256"": ""c347cf3bb5d72fd0c409572b97f58578edcb6706ddf8fc7cfb33dc973e8c2cf3"", ""failure_class"": null, ""max_force_eV_A"": 0.07028577587063979, ""name"": ""bfgs_standard"", ""start_geometry_sha256"": ""31e81c38e564abc71ccd87a86a5b88497b7cc76fb82b6a72ac713379ab7fa4af"", ""steps"": 73}]",c347cf3bb5d72fd0c409572b97f58578edcb6706ddf8fc7cfb33dc973e8c2cf3,-3.349323448985815,True,0.07711744661531976,23.0,100.0,0.08,converged,,bfgs_standard,"[{""ase_converged"": true, ""converged"": true, ""end_geometry_sha256"": ""0fe7e682c281f10d7b093a4c388851953d9ade0349ce526b066764ad4c6591e1"", ""failure_class"": null, ""max_force_eV_A"": 0.07711744661531976, ""name"": ""bfgs_standard"", ""start_geometry_sha256"": ""ca1d994dd59538fa59333ea9b7fc5b9f68c6a9adebf15636d15ad2ec73d16d8f"", ""steps"": 23}]",0fe7e682c281f10d7b093a4c388851953d9ade0349ce526b066764ad4c6591e1,-3.0497828356921923,True,0.06133499174651526,74.0,100.0,0.08,converged,,bfgs_standard,"[{""ase_converged"": true, ""converged"": true, ""end_geometry_sha256"": ""7d3fc80f75cae963f1fd2b1d09cffac20268d8c8648a75636a3ee66850b44743"", ""failure_class"": null, ""max_force_eV_A"": 0.06133499174651526, ""name"": ""bfgs_standard"", ""start_geometry_sha256"": ""36c3064490615cb78301879c23124bfc0bf7a5f2996fa03f2afb10025e460734"", ""steps"": 74}]",7d3fc80f75cae963f1fd2b1d09cffac20268d8c8648a75636a3ee66850b44743,-4.7394395366311315,3.0,step_4_H2O,8.0,0.0,True,6.399106284678007,0.675000000035,False,quantitative_screening,2,2,97cadb8a60b250250bba,False,
"('MXene', 'Ti', 'N', 2, 'F', 'Mn')",MXene,True,esen-sm-conserving-all-oc25:relax-v4:orr-che-v3,True,0.07409158585502014,32,150,0.08,converged,,bfgs_standard,"[{""ase_converged"": true, ""converged"": true, ""end_geometry_sha256"": ""9c1d2a4ac155f465b6ee87ed646b579c9f5f6e5c35a7354978d6f21a3752426e"", ""failure_class"": null, ""max_force_eV_A"": 0.07409158585502014, ""name"": ""bfgs_standard"", ""start_geometry_sha256"": ""891f78c615502e46c7e1b67884d8c253dc97b48a4d62ef8296b7e61f5d90bb26"", ""steps"": 32}]",9c1d2a4ac155f465b6ee87ed646b579c9f5f6e5c35a7354978d6f21a3752426e,-223.84209658971338,True,0.06994351156976292,57.0,100.0,0.08,converged,,bfgs_standard,"[{""ase_converged"": true, ""converged"": true, ""end_geometry_sha256"": ""d62a7773179a90694967945c4a88dd0718c2672695ec9b345ef793876ca518c4"", ""failure_class"": null, ""max_force_eV_A"": 0.06994351156976292, ""name"": ""bfgs_standard"", ""start_geometry_sha256"": ""42a2204244528732e3d4f92fd8fc8a9d9cffc8c4b05091d1dec9ea8f9b0b965a"", ""steps"": 57}]",d62a7773179a90694967945c4a88dd0718c2672695ec9b345ef793876ca518c4,-3.3363077019155023,True,0.07836961646543997,24.0,100.0,0.08,converged,,bfgs_standard,"[{""ase_converged"": true, ""converged"": true, ""end_geometry_sha256"": ""4ccffa5b7bc78f8a71d4f54df953f4b4a7e1c7d7da2f2226afea4791880b0e11"", ""failure_class"": null, ""max_force_eV_A"": 0.07836961646543997, ""name"": ""bfgs_standard"", ""start_geometry_sha256"": ""f2b46f56121359aee63954ba1b9d855a067d0d5cec8ed0eb723ada66f6ed9f9d"", ""steps"": 24}]",4ccffa5b7bc78f8a71d4f54df953f4b4a7e1c7d7da2f2226afea4791880b0e11,-3.0216418139636767,True,0.05713469303333413,199.0,100.0,0.08,converged,,bfgs_after_fire,"[{""ase_converged"": false, ""converged"": false, ""end_geometry_sha256"": ""fa9398208fb65046f90981b8cff5cff43ccb8adc7311b2349aecc5a9a4ba44c0"", ""failure_class"": ""force_threshold"", ""max_force_eV_A"": 1.5415604659850963, ""name"": ""bfgs_standard"", ""start_geometry_sha256"": ""19f7122d0365ac3474bfdb7839da469f58122e68f76fcc8cec7932f061030744"", ""steps"": 100}, {""ase_converged"": false, ""converged"": false, ""end_geometry_sha256"": ""98e55202ff3df8349c972174af3d012b51eff0431d185ff6269ef5ff6422d377"", ""failure_class"": ""force_threshold"", ""max_force_eV_A"": 3.205000996938046, ""name"": ""fire_precondition"", ""qualifying"": false, ""start_geometry_sha256"": ""19f7122d0365ac3474bfdb7839da469f58122e68f76fcc8cec7932f061030744"", ""steps"": 50}, {""ase_converged"": true, ""converged"": true, ""end_geometry_sha256"": ""f7f2e5592c28d82c25d1747a9b1b0076366caa9525c28deb101d385ec884ba7c"", ""failure_class"": null, ""max_force_eV_A"": 0.05713469303333413, ""name"": ""bfgs_after_fire"", ""start_geometry_sha256"": ""98e55202ff3df8349c972174af3d012b51eff0431d185ff6269ef5ff6422d377"", ""steps"": 49}]",f7f2e5592c28d82c25d1747a9b1b0076366caa9525c28deb101d385ec884ba7c,3.7871031269430864,3.0,step_4_H2O,9.0,0.0,True,6.357949515879179,0.675000000035,False,quantitative_screening,0,0,9cb3b4a4d32feb7eaf5d,False,
"('MXene', 'Ti', 'N', 2, 'mixed_OH_O', 'None')",MXene,True,esen-sm-conserving-all-oc25:relax-v4:orr-che-v3,True,0.06702427494286563,58,150,0.08,converged,,bfgs_standard,"[{""ase_converged"": true, ""converged"": true, ""end_geometry_sha256"": ""6490513ed6d805a456b18c891665d1a6a361324fe2f166d2d30fc361398b6f74"", ""failure_class"": null, ""max_force_eV_A"": 0.06702427494286563, ""name"": ""bfgs_standard"", ""start_geometry_sha256"": ""116c9ced52f4cf0a5cc132522a0de9f2a9ed0c90fade53267f0835681ad1347e"", ""steps"": 58}]",6490513ed6d805a456b18c891665d1a6a361324fe2f166d2d30fc361398b6f74,-241.6429901983753,True,0.0745818673354478,45.0,100.0,0.08,converged,,bfgs_standard,"[{""ase_converged"": true, ""converged"": true, ""end_geometry_sha256"": ""547b567a8f30e151ec1010a833393a1b459af0b6fe38f3d044ba3537e900b038"", ""failure_class"": null, ""max_force_eV_A"": 0.0745818673354478, ""name"": ""bfgs_standard"", ""start_geometry_sha256"": ""b57d0597990abf0fde185544126e672abdc5a4f8e56129650465adab9df8b329"", ""steps"": 45}]",547b567a8f30e151ec1010a833393a1b459af0b6fe38f3d044ba3537e900b038,-2.8539659355580804,True,0.05388854696716317,46.0,100.0,0.08,converged,,bfgs_standard,"[{""ase_converged"": true, ""converged"": true, ""end_geometry_sha256"": ""59160e1d3d5b8abe776698945e4dd15548866a22a4c4b35db785d0ff957eef01"", ""failure_class"": null, ""max_force_eV_A"": 0.05388854696716317, ""name"": ""bfgs_standard"", ""start_geometry_sha256"": ""8147f0c752114ddfa02810f59af78e2080ef74fb4a82ab822d79026104191736"", ""steps"": 46}]",59160e1d3d5b8abe776698945e4dd15548866a22a4c4b35db785d0ff957eef01,-2.6464358203112193,True,0.07478223454367203,89.0,100.0,0.08,converged,,bfgs_standard,"[{""ase_converged"": true, ""converged"": true, ""end_geometry_sha256"": ""338c943a4c3099705574069d338f4bfb8bd10ed77ebea96dfe789cec3463248e"", ""failure_class"": null, ""max_force_eV_A"": 0.07478223454367203, ""name"": ""bfgs_standard"", ""start_geometry_sha256"": ""be004aa87fb5497bc23971e220e91b45505306c22346314e513a372ac7eedc06"", ""steps"": 89}]",338c943a4c3099705574069d338f4bfb8bd10ed77ebea96dfe789cec3463248e,6.368504951894259,3.0,step_4_H2O,10.0,0.0,True,5.5004017558693,0.675000000035,False,quantitative_screening,1,1,dd3f6a81f4a5e872799e,False,
"('MXene', 'Ti', 'N', 3, 'OH', 'Fe')",MXene,True,esen-sm-conserving-all-oc25:relax-v4:orr-che-v3,True,0.0794153303478034,71,150,0.08,converged,,bfgs_standard,"[{""ase_converged"": true, ""converged"": true, ""end_geometry_sha256"": ""83192364779d1e9f69a46e7d561e8f1318ed3cc47edf9a6130378fc290d5353e"", ""failure_class"": null, ""max_force_eV_A"": 0.0794153303478034, ""name"": ""bfgs_standard"", ""start_geometry_sha256"": ""e0d35f77e1278a6f4bfc4c6d77fed433ccda5303adc1c4a33bad56c2fb56295f"", ""steps"": 71}]",83192364779d1e9f69a46e7d561e8f1318ed3cc47edf9a6130378fc290d5353e,-314.2557579439201,True,0.07328980839139895,90.0,100.0,0.08,converged,,bfgs_standard,"[{""ase_converged"": true, ""converged"": true, ""end_geometry_sha256"": ""1d0284951d4da3cd0c60c75a6b3f550fb116cb43762740fdef84d3137b876d8e"", ""failure_class"": null, ""max_force_eV_A"": 0.07328980839139895, ""name"": ""bfgs_standard"", ""start_geometry_sha256"": ""666b83314336172cf1ac9c0f66f08b767487fc781fa14025c4c38d0e7db4256c"", ""steps"": 90}]",1d0284951d4da3cd0c60c75a6b3f550fb116cb43762740fdef84d3137b876d8e,-3.149135765880289,True,0.06550762678665845,55.0,100.0,0.08,converged,,bfgs_standard,"[{""ase_converged"": true, ""converged"": true, ""end_geometry_sha256"": ""4e598501d03aad81cd93604859c820f45e1cd1939ab75595ff5dbc5e4bab75eb"", ""failure_class"": null, ""max_force_eV_A"": 0.06550762678665845, ""name"": ""bfgs_standard"", ""start_geometry_sha256"": ""9e472304659fa55ecc46098365c0681f72d915279e4776ad189e85cc9cd08e6d"", ""steps"": 55}]",4e598501d03aad81cd93604859c820f45e1cd1939ab75595ff5dbc5e4bab75eb,-2.9402056567370574,True,0.07790086904563463,65.0,100.0,0.08,converged,,bfgs_standard,"[{""ase_converged"": true, ""converged"": true, ""end_geometry_sha256"": ""c6bab92d4479ed0a571cc0927bd956cdb5d00223edb9d286fbd093283b876547"", ""failure_class"": null, ""max_force_eV_A"": 0.07790086904563463, ""name"": ""bfgs_standard"", ""start_geometry_sha256"": ""7d2dc63af63a0e0c06d1a1dbc509e73ef9760bfff17f9bf229d9cfa008c10a38"", ""steps"": 65}]",c6bab92d4479ed0a571cc0927bd956cdb5d00223edb9d286fbd093283b876547,-4.45820861011746,3.0,step_4_H2O,7.0,0.0,True,6.089341422617347,0.675000000035,False,quantitative_screening,2,2,36b00b62ef40f1e6b307,False,
"('MXene', 'Ti', 'N', 3, 'OH', 'Ru')",MXene,True,esen-sm-conserving-all-oc25:relax-v4:orr-che-v3,True,0.07736282922644779,120,150,0.08,converged,,bfgs_standard,"[{""ase_converged"": true, ""converged"": true, ""end_geometry_sha256"": ""75976d48500f64d88ac2b2199d0b45c8a6dc4f10faab32fd52b51cffa58919a7"", ""failure_class"": null, ""max_force_eV_A"": 0.07736282922644779, ""name"": ""bfgs_standard"", ""start_geometry_sha256"": ""7dc67edaece9e151acdb8745def08ae55c169dd3cefd41622e0149348dbb158f"", ""steps"": 120}]",75976d48500f64d88ac2b2199d0b45c8a6dc4f10faab32fd52b51cffa58919a7,-316.94628800751093,True,0.059730795637419086,42.0,100.0,0.08,converged,,bfgs_standard,"[{""ase_converged"": true, ""converged"": true, ""end_geometry_sha256"": ""2c63d281f35962e956d9b0d108fa7d99d78e6596f819ec2d7c5194681d57f667"", ""failure_class"": null, ""max_force_eV_A"": 0.059730795637419086, ""name"": ""bfgs_standard"", ""start_geometry_sha256"": ""98de08c6a10012465c5de097ebab6849e509abd1d6cf182e1588366143ffa497"", ""steps"": 42}]",2c63d281f35962e956d9b0d108fa7d99d78e6596f819ec2d7c5194681d57f667,-1.8429414604603676,True,0.07268032010515836,21.0,100.0,0.08,converged,,bfgs_standard,"[{""ase_converged"": true, ""converged"": true, ""end_geometry_sha256"": ""1fc83b6e64bba60947aef6cb14070af40435fca01b76712648926f648656d745"", ""failure_class"": null, ""max_force_eV_A"": 0.07268032010515836, ""name"": ""bfgs_standard"", ""start_geometry_sha256"": ""fc834217704c5a437869172d1141dc2f09a29ef06eacbcf13880ec27b999f328"", ""steps"": 21}]",1fc83b6e64bba60947aef6cb14070af40435fca01b76712648926f648656d745,-2.872185789793755,True,0.07303211315392238,198.0,100.0,0.08,converged,,bfgs_after_fire,"[{""ase_converged"": false, ""converged"": false, ""end_geometry_sha256"": ""301f173d85d808836410da99e1a6a37aaf911120c59d3f2086331757ef1b4b0e"", ""failure_class"": ""force_threshold"", ""max_force_eV_A"": 0.19449397864232756, ""name"": ""bfgs_standard"", ""start_geometry_sha256"": ""970769eb36eb0364674c3f5d71ca9d38bebe96faf77183f0fe5516bfd325843a"", ""steps"": 100}, {""ase_converged"": false, ""converged"": false, ""end_geometry_sha256"": ""01e4c370d28f11abe37b53cf7299883aa61bc1fa604106c695260d545e44e12b"", ""failure_class"": ""force_threshold"", ""max_force_eV_A"": 0.9251201420039282, ""name"": ""fire_precondition"", ""qualifying"": false, ""start_geometry_sha256"": ""970769eb36eb0364674c3f5d71ca9d38bebe96faf77183f0fe5516bfd325843a"", ""steps"": 50}, {""ase_converged"": true, ""converged"": true, ""end_geometry_sha256"": ""83fd2fb4ea5533ee25eab56623b145c54268970b9f5803947bf01279fa39ad8c"", ""failure_class"": null, ""max_force_eV_A"": 0.07303211315392238, ""name"": ""bfgs_after_fire"", ""start_geometry_sha256"": ""01e4c370d28f11abe37b53cf7299883aa61bc1fa604106c695260d545e44e12b"", ""steps"": 48}]",83fd2fb4ea5533ee25eab56623b145c54268970b9f5803947bf01279fa39ad8c,-4.188131858408475,3.0,step_4_H2O,10.0,-1.247951552180561,True,4.715127250254122,0.675000000035,False,quantitative_screening,1,1,a978e611136228ec1a35,False,
"('MXene', 'Ti', 'N', 3, 'Cl', 'Pt')",MXene,True,esen-sm-conserving-all-oc25:relax-v4:orr-che-v3,True,0.07395324741873355,50,150,0.08,converged,,bfgs_standard,"[{""ase_converged"": true, ""converged"": true, ""end_geometry_sha256"": ""8e03fb558d7dac9ce6214708c20400acc089b6171e02412ab76aa3db0e1bff4a"", ""failure_class"": null, ""max_force_eV_A"": 0.07395324741873355, ""name"": ""bfgs_standard"", ""start_geometry_sha256"": ""74869fe11aa05cdbc96a63d61d5e0070cf5ea23f881737ebc478b2e93c193208"", ""steps"": 50}]",8e03fb558d7dac9ce6214708c20400acc089b6171e02412ab76aa3db0e1bff4a,-305.7582028624612,True,0.06858712989632551,40.0,100.0,0.08,converged,,bfgs_standard,"[{""ase_converged"": true, ""converged"": true, ""end_geometry_sha256"": ""8cea68ea2cb2a532b1372964be136c9f71c2ea176f0478f9ab45be514eb62a1d"", ""failure_class"": null, ""max_force_eV_A"": 0.06858712989632551, ""name"": ""bfgs_standard"", ""start_geometry_sha256"": ""660f8287b5933fe18d20287a83b515dca798e699421693f3de6ab7ed2125ba70"", ""steps"": 40}]",8cea68ea2cb2a532b1372964be136c9f71c2ea176f0478f9ab45be514eb62a1d,-3.299335656017065,True,0.0795607734212648,45.0,100.0,0.08,converged,,bfgs_standard,"[{""ase_converged"": true, ""converged"": true, ""end_geometry_sha256"": ""185cca69e56a4dcae83ba916d27b43881e978caceeeba6b7174a8d60979585ef"", ""failure_class"": null, ""max_force_eV_A"": 0.0795607734212648, ""name"": ""bfgs_standard"", ""start_geometry_sha256"": ""c99763c06cdb70cb4e7289f0d85522fa45579444f476ac7e261b03a603f59d8d"", ""steps"": 45}]",185cca69e56a4dcae83ba916d27b43881e978caceeeba6b7174a8d60979585ef,-2.8260775439441455,True,0.07013151121326752,47.0,100.0,0.08,converged,,bfgs_standard,"[{""ase_converged"": true, ""converged"": true, ""end_geometry_sha256"": ""c1f732aef764112930042f461f05a1b0ab1e0405301fc0aff1ff6355fcce630b"", ""failure_class"": null, ""max_force_eV_A"": 0.07013151121326752, ""name"": ""bfgs_standard"", ""start_geometry_sha256"": ""1d1901d4990bdc386423315d52230f30ff0516af7b06b5661416a20753f8f651"", ""steps"": 47}]",c1f732aef764112930042f461f05a1b0ab1e0405301fc0aff1ff6355fcce630b,-4.531633903086153,3.0,step_4_H2O,10.0,-0.5489815478445421,True,6.12541319996121,0.675000000035,False,quantitative_screening,0,0,b7e48fcf322ff4d10143,False,
"('SAA', 'Pt', 'Co', '100', 100)",SAA,True,esen-sm-conserving-all-oc25:relax-v4:orr-che-v3,True,0.0,0,150,0.08,converged,,bfgs_standard,"[{""ase_converged"": true, ""converged"": true, ""end_geometry_sha256"": ""4c67ebbe91e529a293a29946977c5b920c1147f6704897ed5d5994b4ddb88254"", ""failure_class"": null, ""max_force_eV_A"": 0.0, ""name"": ""bfgs_standard"", ""start_geometry_sha256"": ""4c67ebbe91e529a293a29946977c5b920c1147f6704897ed5d5994b4ddb88254"", ""steps"": 0}]",4c67ebbe91e529a293a29946977c5b920c1147f6704897ed5d5994b4ddb88254,185.6501020116175,True,0.026829869237681436,12.0,100.0,0.08,converged,,bfgs_standard,"[{""ase_converged"": true, ""converged"": true, ""end_geometry_sha256"": ""241808857de168bc53e290c66c0deee1408367841f0f1b6211c194fb7fe37491"", ""failure_class"": null, ""max_force_eV_A"": 0.026829869237681436, ""name"": ""bfgs_standard"", ""start_geometry_sha256"": ""3d1ebfea58e957dc7cec58dc042179d5d63a3d117f7959d1c8b4a04470494a16"", ""steps"": 12}]",241808857de168bc53e290c66c0deee1408367841f0f1b6211c194fb7fe37491,1.711211981922388,True,0.06519065427307656,8.0,100.0,0.08,converged,,bfgs_standard,"[{""ase_converged"": true, ""converged"": true, ""end_geometry_sha256"": ""9a621740fdaf3d1a5721f3eb351469a57247279f9f5f1a66ea74e23f4bec549c"", ""failure_class"": null, ""max_force_eV_A"": 0.06519065427307656, ""name"": ""bfgs_standard"", ""start_geometry_sha256"": ""997d004bd42f6ba550833425b14d4b10074eb4c14beac3913ea56513095b63c1"", ""steps"": 8}]",9a621740fdaf3d1a5721f3eb351469a57247279f9f5f1a66ea74e23f4bec549c,2.425066865235599,True,0.057130234097805446,42.0,100.0,0.08,converged,,bfgs_standard,"[{""ase_converged"": true, ""converged"": true, ""end_geometry_sha256"": ""1ed4136817c8c5ab99baa33d6a572203cdd5325e1fac927d2ab23a4c952c33ef"", ""failure_class"": null, ""max_force_eV_A"": 0.057130234097805446, ""name"": ""bfgs_standard"", ""start_geometry_sha256"": ""865871c935459a78f751246d300c5cb57e64441f660a877ab627054e63669933"", ""steps"": 42}]",1ed4136817c8c5ab99baa33d6a572203cdd5325e1fac927d2ab23a4c952c33ef,4.049272011220488,0.5151451166867893,step_3_OH,9.0,-2.0,True,4.136278847157987,0.902500000035,False,quantitative_screening,2,2,97b63629ea2ce7c74834,False,
"('SAA', 'Pt', 'Co', '110', 1000)",SAA,False,esen-sm-conserving-all-oc25:relax-v4:orr-che-v3,True,0.0491828626067957,27,150,0.08,converged,,bfgs_standard,"[{""ase_converged"": true, ""converged"": true, ""end_geometry_sha256"": ""56cf06018ab11e4d0d912913a5e68aa346da63000e925845e084498627fcc707"", ""failure_class"": null, ""max_force_eV_A"": 0.0491828626067957, ""name"": ""bfgs_standard"", ""start_geometry_sha256"": ""bdf760f690291014547d4c305fcfbd4c1e09b01b8554f5a56b0d077d57cc59f4"", ""steps"": 27}]",56cf06018ab11e4d0d912913a5e68aa346da63000e925845e084498627fcc707,-205.33364101714187,True,0.06118072817238798,71.0,100.0,0.08,converged,,bfgs_standard,"[{""ase_converged"": true, ""converged"": true, ""end_geometry_sha256"": ""228220764c47523c5c3f9a9c915e3a712319465d35443d9de8650bc3827ae34e"", ""failure_class"": null, ""max_force_eV_A"": 0.06118072817238798, ""name"": ""bfgs_standard"", ""start_geometry_sha256"": ""cbadd10245cc37806ad8568c98c06c1aa2acc0f2d7ca4ee90cd11879eaba5d90"", ""steps"": 71}]",228220764c47523c5c3f9a9c915e3a712319465d35443d9de8650bc3827ae34e,0.266012015491724,True,0.051998509560935866,60.0,100.0,0.08,converged,,bfgs_standard,"[{""ase_converged"": true, ""converged"": true, ""end_geometry_sha256"": ""a5a5f558adafc493177c9a0ee66b822d052ee266d2f7a89fb2026d437d70911d"", ""failure_class"": null, ""max_force_eV_A"": 0.051998509560935866, ""name"": ""bfgs_standard"", ""start_geometry_sha256"": ""c2640c10cc6f93437187cb93dbe71a09a30194f7eadb4a576c97ef0f4dd30294"", ""steps"": 60}]",a5a5f558adafc493177c9a0ee66b822d052ee266d2f7a89fb2026d437d70911d,0.15996447876096126,False,4.50965393712474,650.0,100.0,0.08,recovery_exhausted,force_threshold,fire_small_step,"[{""ase_converged"": false, ""converged"": false, ""end_geometry_sha256"": ""8ffc079dd7be2a885b2d3f4aa29ea65f9b8031d18ef2e45722b2e3d8e7280ed2"", ""failure_class"": ""force_threshold"", ""max_force_eV_A"": 5.291954598863057, ""name"": ""bfgs_standard"", ""start_geometry_sha256"": ""9a9fb6f783c6789ae4cb9343a93df2686237053dc730a572a1932faa45ae861b"", ""steps"": 100}, {""ase_converged"": false, ""converged"": false, ""end_geometry_sha256"": ""16168269720a8bacd2d5ec33ca6c2cb13758a5b9d06c23dd4e43b5ebe433eb5a"", ""failure_class"": ""force_threshold"", ""max_force_eV_A"": 36.830010040513095, ""name"": ""fire_precondition"", ""qualifying"": false, ""start_geometry_sha256"": ""9a9fb6f783c6789ae4cb9343a93df2686237053dc730a572a1932faa45ae861b"", ""steps"": 50}, {""ase_converged"": false, ""converged"": false, ""end_geometry_sha256"": ""3944d6c4b4fe04ca54f4193274caf77367e91b87e2fbe26d3741b6892806c123"", ""failure_class"": ""force_threshold"", ""max_force_eV_A"": 736.8917382137704, ""name"": ""bfgs_after_fire"", ""start_geometry_sha256"": ""16168269720a8bacd2d5ec33ca6c2cb13758a5b9d06c23dd4e43b5ebe433eb5a"", ""steps"": 200}, {""ase_converged"": false, ""converged"": false, ""end_geometry_sha256"": ""0bfc1fc6d7ab8925782b01e8766fc9020e577a9fcdf8d4b16a371f8c3ccfdcd1"", ""failure_class"": ""force_threshold"", ""max_force_eV_A"": 4.50965393712474, ""name"": ""fire_small_step"", ""start_geometry_sha256"": ""8ffc079dd7be2a885b2d3f4aa29ea65f9b8031d18ef2e45722b2e3d8e7280ed2"", ""steps"": 300}]",0bfc1fc6d7ab8925782b01e8766fc9020e577a9fcdf8d4b16a371f8c3ccfdcd1,,,,,,,,,True,validation_required,0,0,adb9b866cac68e5fc5c2,False,Unconverged ooh relaxation: max_force=4.50965 eV/A after 650 cumulative recovery steps
"('SAA', 'Pt', 'Co', '211', 500)",SAA,True,esen-sm-conserving-all-oc25:relax-v4:orr-che-v3,True,0.06422442264825581,44,150,0.08,converged,,bfgs_standard,"[{""ase_converged"": true, ""converged"": true, ""end_geometry_sha256"": ""c5cdc10cc39bc75c38eb4caa50ce3ee64aca4929389e131bed9c59422837b7d2"", ""failure_class"": null, ""max_force_eV_A"": 0.06422442264825581, ""name"": ""bfgs_standard"", ""start_geometry_sha256"": ""d09d2ea1515e3d49095e07e5560cdbbfc70244f7ba68b64230d4b837ea53295b"", ""steps"": 44}]",c5cdc10cc39bc75c38eb4caa50ce3ee64aca4929389e131bed9c59422837b7d2,32.09522060090012,True,0.0721390443421484,94.0,100.0,0.08,converged,,bfgs_standard,"[{""ase_converged"": true, ""converged"": true, ""end_geometry_sha256"": ""33cbbb9ac460b86813fab8e5c97b791c120bab64d53af7dfdc3ee950a29e6e02"", ""failure_class"": null, ""max_force_eV_A"": 0.0721390443421484, ""name"": ""bfgs_standard"", ""start_geometry_sha256"": ""339d8d12a341d981586ef44efee4fddc2882c41b201b4eccd83755673286b02a"", ""steps"": 94}]",33cbbb9ac460b86813fab8e5c97b791c120bab64d53af7dfdc3ee950a29e6e02,-0.7469484184682085,True,0.07516724010195865,61.0,100.0,0.08,converged,,bfgs_standard,"[{""ase_converged"": true, ""converged"": true, ""end_geometry_sha256"": ""1f21f81319fb3cb991825ec8567fb5d94955f0674151c7ff45894071b0dc5f31"", ""failure_class"": null, ""max_force_eV_A"": 0.07516724010195865, ""name"": ""bfgs_standard"", ""start_geometry_sha256"": ""36885ac6dcb1f8181f14539d7c1dc87fa6a67eb6234cc67fba84cbef8c4c5cfd"", ""steps"": 61}]",1f21f81319fb3cb991825ec8567fb5d94955f0674151c7ff45894071b0dc5f31,-0.48502834960817937,True,0.07342966508828642,67.0,100.0,0.08,converged,,bfgs_standard,"[{""ase_converged"": true, ""converged"": true, ""end_geometry_sha256"": ""92d9a7a60f69a4ef0921f672095bd7e57d8d5821dc64eb244c655eb0b83aa250"", ""failure_class"": null, ""max_force_eV_A"": 0.07342966508828642, ""name"": ""bfgs_standard"", ""start_geometry_sha256"": ""348ca1309a83e73332913251d1b04b6ed18a53fced1d0948af4bf49fc36a3d1b"", ""steps"": 67}]",92d9a7a60f69a4ef0921f672095bd7e57d8d5821dc64eb244c655eb0b83aa250,-0.3982987895607628,1.9759484184682086,step_4_H2O,9.0,-2.0,True,1.2319767680763878,0.902500000035,False,quantitative_screening,2,2,8e4afb96ceae5478f5ce,False,
"('SAA', 'Pt', 'Co', '211', 1000)",SAA,True,esen-sm-conserving-all-oc25:relax-v4:orr-che-v3,True,0.07171423982052234,44,150,0.08,converged,,bfgs_standard,"[{""ase_converged"": true, ""converged"": true, ""end_geometry_sha256"": ""51ab365505c71d375b5440ea366afae762a9b2e33050edfe4499eeebef8966e9"", ""failure_class"": null, ""max_force_eV_A"": 0.07171423982052234, ""name"": ""bfgs_standard"", ""start_geometry_sha256"": ""693f687fd23e5061af02f78393210e03fdc389f2f44986dfd58f2ece7e307ccb"", ""steps"": 44}]",51ab365505c71d375b5440ea366afae762a9b2e33050edfe4499eeebef8966e9,32.046789204415745,True,0.07873757555995231,89.0,100.0,0.08,converged,,bfgs_standard,"[{""ase_converged"": true, ""converged"": true, ""end_geometry_sha256"": ""f0b963ebc9bb575a4245c9cbd877a1d2d222c3da6b92657d1cca809ad15583e6"", ""failure_class"": null, ""max_force_eV_A"": 0.07873757555995231, ""name"": ""bfgs_standard"", ""start_geometry_sha256"": ""af15538917991a4178837aefa9e29426ff17ad946d5d06af46f6f3dda1c7b13c"", ""steps"": 89}]",f0b963ebc9bb575a4245c9cbd877a1d2d222c3da6b92657d1cca809ad15583e6,-0.6774598930775835,True,0.07866345933461372,83.0,100.0,0.08,converged,,bfgs_standard,"[{""ase_converged"": true, ""converged"": true, ""end_geometry_sha256"": ""0728bf4086d2ff6cd1583669e415f747cefded0c6c6d43fa87db85d7f626ac64"", ""failure_class"": null, ""max_force_eV_A"": 0.07866345933461372, ""name"": ""bfgs_standard"", ""start_geometry_sha256"": ""7135c77b07b1dc260ad312b62950b34011326a801c5e1b17746d1738f5429182"", ""steps"": 83}]",0728bf4086d2ff6cd1583669e415f747cefded0c6c6d43fa87db85d7f626ac64,-0.7552920214831793,True,0.07551446937297335,39.0,100.0,0.08,converged,,bfgs_standard,"[{""ase_converged"": true, ""converged"": true, ""end_geometry_sha256"": ""451dcf7b2a10c15dc05d97ee598919938f4f75bc2e9579e88b0f8850505c7a54"", ""failure_class"": null, ""max_force_eV_A"": 0.07551446937297335, ""name"": ""bfgs_standard"", ""start_geometry_sha256"": ""3f61c0724170acc2bc32aea2e1d5d421f31121b160dfb45fe7074640a7751cc7"", ""steps"": 39}]",451dcf7b2a10c15dc05d97ee598919938f4f75bc2e9579e88b0f8850505c7a54,1.392137001454862,1.9064598930775836,step_4_H2O,9.0,-2.0,True,1.4327519145607628,0.902500000035,False,quantitative_screening,1,1,1646698a44f04c3f3581,False,
"('SAA', 'Pt', 'Fe', '111', 2000)",SAA,True,esen-sm-conserving-all-oc25:relax-v4:orr-che-v3,True,0.0780569167719105,14,150,0.08,converged,,bfgs_standard,"[{""ase_converged"": true, ""converged"": true, ""end_geometry_sha256"": ""2558491d51721f2e3df60ae6ff718b41beac31b72ed6a8a4f3af33056e695a29"", ""failure_class"": null, ""max_force_eV_A"": 0.0780569167719105, ""name"": ""bfgs_standard"", ""start_geometry_sha256"": ""21a4631642019c4af857ad775354f350311fe5b0129d1eefd5a5bcc17be2b5b3"", ""steps"": 14}]",2558491d51721f2e3df60ae6ff718b41beac31b72ed6a8a4f3af33056e695a29,-79.2859886677688,True,0.07653770313832914,90.0,100.0,0.08,converged,,bfgs_standard,"[{""ase_converged"": true, ""converged"": true, ""end_geometry_sha256"": ""871335d0c044138bf35c0e7e976ace38359490adaf1b615db002e5123a5f65f0"", ""failure_class"": null, ""max_force_eV_A"": 0.07653770313832914, ""name"": ""bfgs_standard"", ""start_geometry_sha256"": ""ad828ebeb74c6e8086f3ceae9eb28ce446677e47edd8fc9532e3dc8081202d55"", ""steps"": 90}]",871335d0c044138bf35c0e7e976ace38359490adaf1b615db002e5123a5f65f0,-0.8051912163197994,True,0.06854213871039079,48.0,100.0,0.08,converged,,bfgs_standard,"[{""ase_converged"": true, ""converged"": true, ""end_geometry_sha256"": ""bf7dae16ebb6c5fd73864192b3399ab19588e460a6821af4f917a0bc5191cf3d"", ""failure_class"": null, ""max_force_eV_A"": 0.06854213871039079, ""name"": ""bfgs_standard"", ""start_geometry_sha256"": ""554d6a4c209cff37a759e2c839a06dbe20a394fe8fa0f7893ed47e0ad1e07912"", ""steps"": 48}]",bf7dae16ebb6c5fd73864192b3399ab19588e460a6821af4f917a0bc5191cf3d,-0.16092404052614812,True,0.05585678612360727,83.0,100.0,0.08,converged,,bfgs_standard,"[{""ase_converged"": true, ""converged"": true, ""end_geometry_sha256"": ""52c05057b4defb88ec91f63a489b9c51eec8cc7e8b79846a6613e37668631916"", ""failure_class"": null, ""max_force_eV_A"": 0.05585678612360727, ""name"": ""bfgs_standard"", ""start_geometry_sha256"": ""9b53fea11acc0886aea46ce69949f82729f6e15a168477871215010369e168e4"", ""steps"": 83}]",52c05057b4defb88ec91f63a489b9c51eec8cc7e8b79846a6613e37668631916,4.27806610912085,2.0341912163197993,step_4_H2O,7.0,0.0,True,0.9661152568459475,0.902500000035,False,quantitative_screening,2,2,6860ed947c769a4a5026,False,
"('SAA', 'Pt', 'Fe', '100', 1000)",SAA,True,esen-sm-conserving-all-oc25:relax-v4:orr-che-v3,True,0.07299176440010063,37,150,0.08,converged,,bfgs_standard,"[{""ase_converged"": true, ""converged"": true, ""end_geometry_sha256"": ""f0dc2936ad7f82d911ff1a125d4486ad43e8f9a85fb6e74bce81763486eb4431"", ""failure_class"": null, ""max_force_eV_A"": 0.07299176440010063, ""name"": ""bfgs_standard"", ""start_geometry_sha256"": ""c4f0aded8e3b303d6bf668bf312b896fae5c98dc5955a5c6d2b0db785f493283"", ""steps"": 37}]",f0dc2936ad7f82d911ff1a125d4486ad43e8f9a85fb6e74bce81763486eb4431,-189.32316000292343,True,0.07919374671126574,15.0,100.0,0.08,converged,,bfgs_standard,"[{""ase_converged"": true, ""converged"": true, ""end_geometry_sha256"": ""a60ac74b74753c11d92ad4514475845968a52439c7e64a448c5e361ba1541fdd"", ""failure_class"": null, ""max_force_eV_A"": 0.07919374671126574, ""name"": ""bfgs_standard"", ""start_geometry_sha256"": ""9541561c056eb56a0538965ae59ddf8bc9e32133c8aa28132e9dc6ae4a71a2ac"", ""steps"": 15}]",a60ac74b74753c11d92ad4514475845968a52439c7e64a448c5e361ba1541fdd,0.7848966743051438,True,0.07925398056795625,27.0,100.0,0.08,converged,,bfgs_standard,"[{""ase_converged"": true, ""converged"": true, ""end_geometry_sha256"": ""4117c3872a4237b5301057a1eeeab28700efbd427ddb9cd5b63b454e39f6c1ad"", ""failure_class"": null, ""max_force_eV_A"": 0.07925398056795625, ""name"": ""bfgs_standard"", ""start_geometry_sha256"": ""8222bb8aea5b19689c63c8b96616809957cc34513955ebec9bcca08eb22eca59"", ""steps"": 27}]",4117c3872a4237b5301057a1eeeab28700efbd427ddb9cd5b63b454e39f6c1ad,-0.7698183886707077,True,0.06671704939194223,297.0,100.0,0.08,converged,,bfgs_after_fire,"[{""ase_converged"": false, ""converged"": false, ""end_geometry_sha256"": ""6ec2087576c7e32b8568f136b83b8e385fbde868ecec7930832ea0bcf317e6fd"", ""failure_class"": ""force_threshold"", ""max_force_eV_A"": 0.9663974560019362, ""name"": ""bfgs_standard"", ""start_geometry_sha256"": ""9ac52753866db7157b4a5a1bbeeef62de6925a83170992e279f5e6efc5088a7f"", ""steps"": 100}, {""ase_converged"": false, ""converged"": false, ""end_geometry_sha256"": ""2af9867c9482de4922a7af4e80d767a74ae4df787743843e1ea86afb43b27d26"", ""failure_class"": ""force_threshold"", ""max_force_eV_A"": 0.8536386788109781, ""name"": ""fire_precondition"", ""qualifying"": false, ""start_geometry_sha256"": ""9ac52753866db7157b4a5a1bbeeef62de6925a83170992e279f5e6efc5088a7f"", ""steps"": 50}, {""ase_converged"": true, ""converged"": true, ""end_geometry_sha256"": ""41c90c7202c6269b18c35a5e111d16434906ae26520c7ceef2a435c8033107bb"", ""failure_class"": null, ""max_force_eV_A"": 0.06671704939194223, ""name"": ""bfgs_after_fire"", ""start_geometry_sha256"": ""2af9867c9482de4922a7af4e80d767a74ae4df787743843e1ea86afb43b27d26"", ""steps"": 147}]",41c90c7202c6269b18c35a5e111d16434906ae26520c7ceef2a435c8033107bb,0.33943314403293035,2.7837150629758516,step_3_OH,7.0,0.0,True,1.5547150629758515,0.902500000035,False,quantitative_screening,1,1,d3d4c7f8a629feffadd0,False,
"('SAA', 'Pt', 'Fe', '110', 5000)",SAA,True,esen-sm-conserving-all-oc25:relax-v4:orr-che-v3,True,0.04920517116829333,24,150,0.08,converged,,bfgs_standard,"[{""ase_converged"": true, ""converged"": true, ""end_geometry_sha256"": ""4eee7bead4bc4866fef5a6b8f78ac19ff076195d28df829fa1ec774a6eab71c5"", ""failure_class"": null, ""max_force_eV_A"": 0.04920517116829333, ""name"": ""bfgs_standard"", ""start_geometry_sha256"": ""5b6678d13dc13a66e62836cc1789b0f45cd1f18ef49e3b139cb0904c0134b9d3"", ""steps"": 24}]",4eee7bead4bc4866fef5a6b8f78ac19ff076195d28df829fa1ec774a6eab71c5,-113.13574204759058,True,0.07234220886881133,42.0,100.0,0.08,converged,,bfgs_standard,"[{""ase_converged"": true, ""converged"": true, ""end_geometry_sha256"": ""4506ec0c06e52763efb75e45f8e8a3b2a831bedc7d154deb267fb944589feec0"", ""failure_class"": null, ""max_force_eV_A"": 0.07234220886881133, ""name"": ""bfgs_standard"", ""start_geometry_sha256"": ""270c1feadc40a28a0bf883db2001a659a58146da4857c92e8810940393543e11"", ""steps"": 42}]",4506ec0c06e52763efb75e45f8e8a3b2a831bedc7d154deb267fb944589feec0,-0.7107488487660885,True,0.06766391667059717,57.0,100.0,0.08,converged,,bfgs_standard,"[{""ase_converged"": true, ""converged"": true, ""end_geometry_sha256"": ""79b8db9f8829e4490aba3b03c1c753fb99ac6d1396907130b5cdeb86e9605c94"", ""failure_class"": null, ""max_force_eV_A"": 0.06766391667059717, ""name"": ""bfgs_standard"", ""start_geometry_sha256"": ""60250c84aedc7bd127b13275b432ee27b07da95399a44d94cbe59c633c7077a1"", ""steps"": 57}]",79b8db9f8829e4490aba3b03c1c753fb99ac6d1396907130b5cdeb86e9605c94,-1.4876681201159918,True,0.07340828955944591,217.0,100.0,0.08,converged,,bfgs_after_fire,"[{""ase_converged"": false, ""converged"": false, ""end_geometry_sha256"": ""4c622d035c370c7c95d1ff0691d6c89e01afa9bde2b7d1754c80002784518155"", ""failure_class"": ""force_threshold"", ""max_force_eV_A"": 0.1156811396349579, ""name"": ""bfgs_standard"", ""start_geometry_sha256"": ""3bec33813a86aaa301372b6e3979a98025b74744fe3e6c5a9b7fce101994b4b2"", ""steps"": 100}, {""ase_converged"": false, ""converged"": false, ""end_geometry_sha256"": ""eb412d186817b692f7d5251acca0f4dd331dd933c7595e7db10e3c2ac9d5727d"", ""failure_class"": ""force_threshold"", ""max_force_eV_A"": 2.0841574263967684, ""name"": ""fire_precondition"", ""qualifying"": false, ""start_geometry_sha256"": ""3bec33813a86aaa301372b6e3979a98025b74744fe3e6c5a9b7fce101994b4b2"", ""steps"": 50}, {""ase_converged"": true, ""converged"": true, ""end_geometry_sha256"": ""2e521281801400b17a221fa6d58873e23b48b6d452904bdc029747cf26adb27b"", ""failure_class"": null, ""max_force_eV_A"": 0.07340828955944591, ""name"": ""bfgs_after_fire"", ""start_geometry_sha256"": ""eb412d186817b692f7d5251acca0f4dd331dd933c7595e7db10e3c2ac9d5727d"", ""steps"": 67}]",2e521281801400b17a221fa6d58873e23b48b6d452904bdc029747cf26adb27b,-0.9985617890953982,2.0059192713499034,step_3_OH,7.0,0.0,True,2.1984169688820803,0.902500000035,False,quantitative_screening,2,2,80e5b521a646e0408c5e,False,
"('SAA', 'Pt', 'Fe', '211', 2000)",SAA,False,esen-sm-conserving-all-oc25:relax-v4:orr-che-v3,True,0.07803324123604394,14,150,0.08,converged,,bfgs_standard,"[{""ase_converged"": true, ""converged"": true, ""end_geometry_sha256"": ""e1db59bc41352fb6f7e5bbfc09bfa126f2f681ba3ed5070253b5d9163fc1d388"", ""failure_class"": null, ""max_force_eV_A"": 0.07803324123604394, ""name"": ""bfgs_standard"", ""start_geometry_sha256"": ""a7ac377edaf1749d55b6c376d731fa26497b723d27df4c9ba439e714a6cdfe0f"", ""steps"": 14}]",e1db59bc41352fb6f7e5bbfc09bfa126f2f681ba3ed5070253b5d9163fc1d388,-79.2859886677688,True,0.062079596470072815,73.0,100.0,0.08,converged,,bfgs_standard,"[{""ase_converged"": true, ""converged"": true, ""end_geometry_sha256"": ""7ecd1acf3a0fca9fab522448e955aec92ccd00c0d428d63d0aa4fe631664df62"", ""failure_class"": null, ""max_force_eV_A"": 0.062079596470072815, ""name"": ""bfgs_standard"", ""start_geometry_sha256"": ""3ac79eb66a5724e50eedced517f9191ed0c752ead85c661c14f059addf619d75"", ""steps"": 73}]",7ecd1acf3a0fca9fab522448e955aec92ccd00c0d428d63d0aa4fe631664df62,-0.74248140797019,True,0.06150272687984545,59.0,100.0,0.08,converged,,bfgs_standard,"[{""ase_converged"": true, ""converged"": true, ""end_geometry_sha256"": ""3a97737dd488ed410116988139a296afe606b4ba1f7db0485ed1eb2e0d74f613"", ""failure_class"": null, ""max_force_eV_A"": 0.06150272687984545, ""name"": ""bfgs_standard"", ""start_geometry_sha256"": ""8182046a85d184a2db84fbb421c12e20fd079cd8ab5994626d41e90261fd8cf9"", ""steps"": 59}]",3a97737dd488ed410116988139a296afe606b4ba1f7db0485ed1eb2e0d74f613,-0.6939631335437262,False,6.585136292413353,650.0,100.0,0.08,recovery_exhausted,force_threshold,fire_small_step,"[{""ase_converged"": false, ""converged"": false, ""end_geometry_sha256"": ""ed04fe5d195f5d790c23fc8cbcb05e7d07583c7467d772b7576b4787a4cd4fbd"", ""failure_class"": ""force_threshold"", ""max_force_eV_A"": 17.10718413754497, ""name"": ""bfgs_standard"", ""start_geometry_sha256"": ""9016b588b4ea7c9def0230370c84534f4c337bdb539c44f7373883ad03effef2"", ""steps"": 100}, {""ase_converged"": false, ""converged"": false, ""end_geometry_sha256"": ""c144c4f6b3cfdf474d35b705fea259a41b8c67e03e66a8a7f1ce02935cf21aa9"", ""failure_class"": ""force_threshold"", ""max_force_eV_A"": 33.788243198238675, ""name"": ""fire_precondition"", ""qualifying"": false, ""start_geometry_sha256"": ""9016b588b4ea7c9def0230370c84534f4c337bdb539c44f7373883ad03effef2"", ""steps"": 50}, {""ase_converged"": false, ""converged"": false, ""end_geometry_sha256"": ""7d478c7fa85c794af4667f7373c11c278529fde13fb2a687fac9edb3a52f3495"", ""failure_class"": ""force_threshold"", ""max_force_eV_A"": 1579.641813506501, ""name"": ""bfgs_after_fire"", ""start_geometry_sha256"": ""c144c4f6b3cfdf474d35b705fea259a41b8c67e03e66a8a7f1ce02935cf21aa9"", ""steps"": 200}, {""ase_converged"": false, ""converged"": false, ""end_geometry_sha256"": ""b4a3918b7f906afee89c028cc71affec0713cb0f48b3ca55620fe91983acb0d4"", ""failure_class"": ""force_threshold"", ""max_force_eV_A"": 6.585136292413353, ""name"": ""fire_small_step"", ""start_geometry_sha256"": ""ed04fe5d195f5d790c23fc8cbcb05e7d07583c7467d772b7576b4787a4cd4fbd"", ""steps"": 300}]",b4a3918b7f906afee89c028cc71affec0713cb0f48b3ca55620fe91983acb0d4,,,,,,,,,True,validation_required,0,0,292d388702468bcae006,False,Unconverged ooh relaxation: max_force=6.58514 eV/A after 650 cumulative recovery steps
"('SAA', 'Pt', 'Fe', '211', 10000)",SAA,True,esen-sm-conserving-all-oc25:relax-v4:orr-che-v3,True,0.0748469866160214,14,150,0.08,converged,,bfgs_standard,"[{""ase_converged"": true, ""converged"": true, ""end_geometry_sha256"": ""9b46617e2d2cbcfd9c634b3bfc79fe3229c893a972e4143f665eefa38845d8e3"", ""failure_class"": null, ""max_force_eV_A"": 0.0748469866160214, ""name"": ""bfgs_standard"", ""start_geometry_sha256"": ""b454e7fb2fd699fb4c20af05b40257dc14fcc62d435c556ab6e6e083671e308c"", ""steps"": 14}]",9b46617e2d2cbcfd9c634b3bfc79fe3229c893a972e4143f665eefa38845d8e3,-79.56350789384302,True,0.0767852638132707,88.0,100.0,0.08,converged,,bfgs_standard,"[{""ase_converged"": true, ""converged"": true, ""end_geometry_sha256"": ""bfeaa2174a8231929b60f4282d7f53ef80ba0df8eff20f650a4ccea8f16a5f9b"", ""failure_class"": null, ""max_force_eV_A"": 0.0767852638132707, ""name"": ""bfgs_standard"", ""start_geometry_sha256"": ""e89425eddc5bf91aa366f9010f3a374a88274667929ce2a8071a159b64c4ec8a"", ""steps"": 88}]",bfeaa2174a8231929b60f4282d7f53ef80ba0df8eff20f650a4ccea8f16a5f9b,-0.7732278679311275,True,0.05168001828577909,45.0,100.0,0.08,converged,,bfgs_standard,"[{""ase_converged"": true, ""converged"": true, ""end_geometry_sha256"": ""c1a3f25072fc8ad8cbaf02de17af7f0740c91f568b06f8df2605e0570454e7d5"", ""failure_class"": null, ""max_force_eV_A"": 0.05168001828577909, ""name"": ""bfgs_standard"", ""start_geometry_sha256"": ""aaa129ef45a74fc33bd1653af2f1c37af097b8d8137f955111dd7d31352de27d"", ""steps"": 45}]",c1a3f25072fc8ad8cbaf02de17af7f0740c91f568b06f8df2605e0570454e7d5,-0.12611874267458562,True,0.07875945304081217,255.0,100.0,0.08,converged,,bfgs_after_fire,"[{""ase_converged"": false, ""converged"": false, ""end_geometry_sha256"": ""a7336239c3971c402f7662b2f4282008ccf267ac43b18c58543ae1d8ee744825"", ""failure_class"": ""force_threshold"", ""max_force_eV_A"": 1.1218011942492299, ""name"": ""bfgs_standard"", ""start_geometry_sha256"": ""1e76a9b5fa3ad830df282d23c74416347a975637892f3befebd711f9f208e2ce"", ""steps"": 100}, {""ase_converged"": false, ""converged"": false, ""end_geometry_sha256"": ""3f69f0fd602886b72b167b66b2850ff76ee634cb03f22cd177309e307a506f0c"", ""failure_class"": ""force_threshold"", ""max_force_eV_A"": 17.741846156228938, ""name"": ""fire_precondition"", ""qualifying"": false, ""start_geometry_sha256"": ""1e76a9b5fa3ad830df282d23c74416347a975637892f3befebd711f9f208e2ce"", ""steps"": 50}, {""ase_converged"": true, ""converged"": true, ""end_geometry_sha256"": ""801f81e4515552ad796b5df4ed3bcf30a2e08de03f8378942c7f8ee1ad7f95ca"", ""failure_class"": null, ""max_force_eV_A"": 0.07875945304081217, ""name"": ""bfgs_after_fire"", ""start_geometry_sha256"": ""3f69f0fd602886b72b167b66b2850ff76ee634cb03f22cd177309e307a506f0c"", ""steps"": 105}]",801f81e4515552ad796b5df4ed3bcf30a2e08de03f8378942c7f8ee1ad7f95ca,7.222569893300538,3.0,step_1_OOH,7.0,0.0,True,0.8993466106057131,0.902500000035,False,quantitative_screening,1,1,79f35731e396be1d0308,False,
"('SAA', 'Pt', 'Ag', '111', 10000)",SAA,True,esen-sm-conserving-all-oc25:relax-v4:orr-che-v3,True,0.03849362919364969,8,150,0.08,converged,,bfgs_standard,"[{""ase_converged"": true, ""converged"": true, ""end_geometry_sha256"": ""d04f9c395f765b545c11db02e9f0ff365f9d529fc146913bf04f90fd68862937"", ""failure_class"": null, ""max_force_eV_A"": 0.03849362919364969, ""name"": ""bfgs_standard"", ""start_geometry_sha256"": ""1edec29cb4df5e365914bc5ee0d54ec891ede6d03d7e926791fe0a6e3feaeeb1"", ""steps"": 8}]",d04f9c395f765b545c11db02e9f0ff365f9d529fc146913bf04f90fd68862937,-45.60135829036142,True,0.06688210878883592,89.0,100.0,0.08,converged,,bfgs_standard,"[{""ase_converged"": true, ""converged"": true, ""end_geometry_sha256"": ""d8c55927f17055869a315f97b840361c86fff3800dc32f619a89476435baad3f"", ""failure_class"": null, ""max_force_eV_A"": 0.06688210878883592, ""name"": ""bfgs_standard"", ""start_geometry_sha256"": ""697ed57f86a818ce078f46041d6fcc25d2dae37b21f57116d40c6427cee0602f"", ""steps"": 89}]",d8c55927f17055869a315f97b840361c86fff3800dc32f619a89476435baad3f,0.9135282661020756,True,0.07792995629914548,36.0,100.0,0.08,converged,,bfgs_standard,"[{""ase_converged"": true, ""converged"": true, ""end_geometry_sha256"": ""ee20757020d8b11ab7eaebefe8f460ceabea1f3d5918556930b07775fc4af3f7"", ""failure_class"": null, ""max_force_eV_A"": 0.07792995629914548, ""name"": ""bfgs_standard"", ""start_geometry_sha256"": ""63f9eca820c32a6456fb6a9421340a191c7ef34b9685ee7f273b9e6595eec7e1"", ""steps"": 36}]",ee20757020d8b11ab7eaebefe8f460ceabea1f3d5918556930b07775fc4af3f7,2.8100203640759025,True,0.07595025429410615,57.0,100.0,0.08,converged,,bfgs_standard,"[{""ase_converged"": true, ""converged"": true, ""end_geometry_sha256"": ""6f13b245b196d39647e0d6be6ed60b9401fbb80c12324eee49d087c5f0e20138"", ""failure_class"": null, ""max_force_eV_A"": 0.07595025429410615, ""name"": ""bfgs_standard"", ""start_geometry_sha256"": ""841dafa18bbfd13e22c516b0fdc94a6867360412d326334951249223dcafc97f"", ""steps"": 57}]",6f13b245b196d39647e0d6be6ed60b9401fbb80c12324eee49d087c5f0e20138,3.5449881061911617,0.4940322578847409,step_2_O,10.0,-2.0,True,3.7235486301779783,0.902500000035,False,quantitative_screening,2,2,4bf85f996a5b7892ac02,False,
"('MetalFreeCarbon', 'pyridinic', 0.02, 'Stone_Wales', 'carbon_black', 'P')",MetalFreeCarbon,False,esen-sm-conserving-all-oc25:relax-v4:orr-che-v3,True,0.06713447886647862,99,150,0.08,converged,,bfgs_standard,"[{""ase_converged"": true, ""converged"": true, ""end_geometry_sha256"": ""4fa1bce9e5be66ce833901d99c9c30c387a470aacf52ee58882227344563e98d"", ""failure_class"": null, ""max_force_eV_A"": 0.06713447886647862, ""name"": ""bfgs_standard"", ""start_geometry_sha256"": ""776eaffc341c99bddcecdddcc3b35980c2e5ee5294529284be26198bbf6e1c1b"", ""steps"": 99}]",4fa1bce9e5be66ce833901d99c9c30c387a470aacf52ee58882227344563e98d,-120.60160828906223,False,,0.0,100.0,0.08,invalid_initial_geometry,atomic_overlap,none,[],54222b3db651f56bfc48094032359123b0f60ab8eee3861fc1fb7ecdfb53d33a,,,,,,,,,,,,,,,,,,,,,,,,,,,,,,,True,validation_required,2,2,42df9416694f814bcda0,False,Invalid oh initial geometry: atomic_overlap
"('MetalFreeCarbon', 'pyridinic', 0.02, 'divacancy', 'graphene_nanoribbon', 'P')",MetalFreeCarbon,True,esen-sm-conserving-all-oc25:relax-v4:orr-che-v3,True,0.0748837533856283,84,150,0.08,converged,,bfgs_standard,"[{""ase_converged"": true, ""converged"": true, ""end_geometry_sha256"": ""64c7dc1e62f65e41245021c70b49d6e1e962d7db9b0a9155955b288543de8dea"", ""failure_class"": null, ""max_force_eV_A"": 0.0748837533856283, ""name"": ""bfgs_standard"", ""start_geometry_sha256"": ""4bab6e670885ae368c1f18fcb05592885cb8525819d816f56100228e11b44860"", ""steps"": 84}]",64c7dc1e62f65e41245021c70b49d6e1e962d7db9b0a9155955b288543de8dea,-140.72707769330165,True,0.07214557938886762,206.0,100.0,0.08,converged,,bfgs_after_fire,"[{""ase_converged"": false, ""converged"": false, ""end_geometry_sha256"": ""9be1814ca4fba41e959f7e9e8a2bc7e908975f2084c578bb7fedd790509ab4cc"", ""failure_class"": ""force_threshold"", ""max_force_eV_A"": 0.10521733569015355, ""name"": ""bfgs_standard"", ""start_geometry_sha256"": ""37fabeee564fd05e92723bc9ffb35b8a65a36ccc20568869dceec2d294c2f6a9"", ""steps"": 100}, {""ase_converged"": true, ""converged"": true, ""end_geometry_sha256"": ""968d4a97f2eb0a863e13dfced46b49ffa72f4a52a9afaea7b9a8b9564b069ba3"", ""failure_class"": null, ""max_force_eV_A"": 0.23429369852675322, ""name"": ""fire_precondition"", ""qualifying"": false, ""start_geometry_sha256"": ""37fabeee564fd05e92723bc9ffb35b8a65a36ccc20568869dceec2d294c2f6a9"", ""steps"": 20}, {""ase_converged"": true, ""converged"": true, ""end_geometry_sha256"": ""35cd1c8ed6a5d2cb0319107aa95f3c988828a0a95850052aed7c63e1ed82476e"", ""failure_class"": null, ""max_force_eV_A"": 0.07214557938886762, ""name"": ""bfgs_after_fire"", ""start_geometry_sha256"": ""968d4a97f2eb0a863e13dfced46b49ffa72f4a52a9afaea7b9a8b9564b069ba3"", ""steps"": 86}]",35cd1c8ed6a5d2cb0319107aa95f3c988828a0a95850052aed7c63e1ed82476e,0.30196887508034703,True,0.07964891927805058,43.0,100.0,0.08,converged,,bfgs_standard,"[{""ase_converged"": true, ""converged"": true, ""end_geometry_sha256"": ""6373f013b61ebb0908220c5ecac9056a0d3646649b7b631c8da2ed71d2a18851"", ""failure_class"": null, ""max_force_eV_A"": 0.07964891927805058, ""name"": ""bfgs_standard"", ""start_geometry_sha256"": ""2b0e7dc17d5fc744a6fa58637c43755a5a1ec50d460fc6172c29720d59f08570"", ""steps"": 43}]",6373f013b61ebb0908220c5ecac9056a0d3646649b7b631c8da2ed71d2a18851,2.579113400727514,True,0.07146697995877027,27.0,100.0,0.08,converged,,bfgs_standard,"[{""ase_converged"": true, ""converged"": true, ""end_geometry_sha256"": ""b283cce890c2fd3aefd7af32a044e3e878a431116a52c46b3f403372c606cbe6"", ""failure_class"": null, ""max_force_eV_A"": 0.07146697995877027, ""name"": ""bfgs_standard"", ""start_geometry_sha256"": ""4f8e15005287b76020368d8bcee289c11acd11c75d9337385a87c836e43d0804"", ""steps"": 27}]",b283cce890c2fd3aefd7af32a044e3e878a431116a52c46b3f403372c606cbe6,5.319628666341309,1.6286286663413092,step_1_OOH,10.0,0.0,True,2.8810822758078607,0.27249999999999996,True,quantitative_screening,1,1,3a737f5eb15130a6c925,False,
"('MetalFreeCarbon', 'pyridinic', 0.02, 'edge_zigzag', 'porous_carbon', 'F')",MetalFreeCarbon,True,esen-sm-conserving-all-oc25:relax-v4:orr-che-v3,True,0.07555263699016285,63,150,0.08,converged,,bfgs_standard,"[{""ase_converged"": true, ""converged"": true, ""end_geometry_sha256"": ""8b080f4f5a46fd7672a2c48dca5d64df30449fcaf00f5ec620484122ce808b7b"", ""failure_class"": null, ""max_force_eV_A"": 0.07555263699016285, ""name"": ""bfgs_standard"", ""start_geometry_sha256"": ""61e9db057ee3a484865c4076f134907971ad7490df42849a8bdfe221d5a0456b"", ""steps"": 63}]",8b080f4f5a46fd7672a2c48dca5d64df30449fcaf00f5ec620484122ce808b7b,-139.26680816910485,True,0.0741086892023467,99.0,100.0,0.08,converged,,bfgs_standard,"[{""ase_converged"": true, ""converged"": true, ""end_geometry_sha256"": ""96b30d0804f78fd0913c46361778dd2bfb3d8d58efb69cee24ab21f811a074e4"", ""failure_class"": null, ""max_force_eV_A"": 0.0741086892023467, ""name"": ""bfgs_standard"", ""start_geometry_sha256"": ""9b02319fa2342ddcdeed317845c803f488e1a64aafe8bbe056613ea77a965892"", ""steps"": 99}]",96b30d0804f78fd0913c46361778dd2bfb3d8d58efb69cee24ab21f811a074e4,-0.6232172821462154,True,0.06430819821513038,70.0,100.0,0.08,converged,,bfgs_standard,"[{""ase_converged"": true, ""converged"": true, ""end_geometry_sha256"": ""37484c1ddf1d40e729c822e3e74114751e0f2531d0e2bd044e51fb748ede4be8"", ""failure_class"": null, ""max_force_eV_A"": 0.06430819821513038, ""name"": ""bfgs_standard"", ""start_geometry_sha256"": ""188023d4def72a7bc9093b58215d8d08ca0d5a869539ea67798ec068064e193d"", ""steps"": 70}]",37484c1ddf1d40e729c822e3e74114751e0f2531d0e2bd044e51fb748ede4be8,2.0962099201977287,True,0.07470107010347565,69.0,100.0,0.08,converged,,bfgs_standard,"[{""ase_converged"": true, ""converged"": true, ""end_geometry_sha256"": ""c38f4c2469a34c0d33b01f342e4089ecfdaf44ec9b08fba8b8875b65d08a939a"", ""failure_class"": null, ""max_force_eV_A"": 0.07470107010347565, ""name"": ""bfgs_standard"", ""start_geometry_sha256"": ""4c610073e663c99eea6334630629aaec2077e03dfb68f40ed936a32f35c35bb7"", ""steps"": 69}]",c38f4c2469a34c0d33b01f342e4089ecfdaf44ec9b08fba8b8875b65d08a939a,4.7516130909323735,1.8522172821462155,step_4_H2O,10.0,0.0,True,2.719427202343944,0.27249999999999996,True,quantitative_screening,2,2,e005c8bf846cda0cc69e,False,
"('MetalFreeCarbon', 'pyridinic', 0.02, 'edge_zigzag', 'graphene_nanoribbon', 'B')",MetalFreeCarbon,True,esen-sm-conserving-all-oc25:relax-v4:orr-che-v3,True,0.07882102834275778,77,150,0.08,converged,,bfgs_standard,"[{""ase_converged"": true, ""converged"": true, ""end_geometry_sha256"": ""8e999c4cb922a164b70353c4050a2be3d5970c577eee57989ffe6365c88a98bf"", ""failure_class"": null, ""max_force_eV_A"": 0.07882102834275778, ""name"": ""bfgs_standard"", ""start_geometry_sha256"": ""2f1082957afe7e078c2a91036bde6e61bcd8f664460c794ab7e47611cb8f89e3"", ""steps"": 77}]",8e999c4cb922a164b70353c4050a2be3d5970c577eee57989ffe6365c88a98bf,-143.64834978249448,True,0.07217741091938783,45.0,100.0,0.08,converged,,bfgs_standard,"[{""ase_converged"": true, ""converged"": true, ""end_geometry_sha256"": ""0a65c697370d2660b7d96d5b3a2ebb0c81f9c240021762ef00781d04729d4fc1"", ""failure_class"": null, ""max_force_eV_A"": 0.07217741091938783, ""name"": ""bfgs_standard"", ""start_geometry_sha256"": ""2d21cff4b16ff21b3ab9ed38603e9bef91799fc0caeb6d427996e490f770477a"", ""steps"": 45}]",0a65c697370d2660b7d96d5b3a2ebb0c81f9c240021762ef00781d04729d4fc1,2.969803157001734,True,0.07681119184709319,43.0,100.0,0.08,converged,,bfgs_standard,"[{""ase_converged"": true, ""converged"": true, ""end_geometry_sha256"": ""147e1123b74e76a55d2f4e12c37b12c00f87b0df6e3914e9d43c20af77b8295a"", ""failure_class"": null, ""max_force_eV_A"": 0.07681119184709319, ""name"": ""bfgs_standard"", ""start_geometry_sha256"": ""0a6fbde4a48fac7c4ab4ee8e7057b630b3dd1ee637be15eec942ffe74eb7f1da"", ""steps"": 43}]",147e1123b74e76a55d2f4e12c37b12c00f87b0df6e3914e9d43c20af77b8295a,2.514519608765844,True,0.07452963079176564,26.0,100.0,0.08,converged,,bfgs_standard,"[{""ase_converged"": true, ""converged"": true, ""end_geometry_sha256"": ""dca077e351acb419fc3f1528ad4d432bc62a42064e4c026925fe0bb9984d06bc"", ""failure_class"": null, ""max_force_eV_A"": 0.07452963079176564, ""name"": ""bfgs_standard"", ""start_geometry_sha256"": ""f6c3decaed9fa7f7bd02ea2e4caec884ac25312ac52f107ee11ac5206108d5c9"", ""steps"": 26}]",dca077e351acb419fc3f1528ad4d432bc62a42064e4c026925fe0bb9984d06bc,5.364093254506592,1.6842835482358902,step_3_OH,10.0,0.0,True,5.484322765767578,0.27249999999999996,True,quantitative_screening,0,0,8641de5510eec9fba1fe,False,
"('MetalFreeCarbon', 'pyridinic', 0.02, 'edge_armchair', 'carbon_black', 'F')",MetalFreeCarbon,True,esen-sm-conserving-all-oc25:relax-v4:orr-che-v3,True,0.07392201815849106,63,150,0.08,converged,,bfgs_standard,"[{""ase_converged"": true, ""converged"": true, ""end_geometry_sha256"": ""58d6b9df9e494a0fd684ee9bfaaf6d6e8574c371edddeab61fb5e48275d43e24"", ""failure_class"": null, ""max_force_eV_A"": 0.07392201815849106, ""name"": ""bfgs_standard"", ""start_geometry_sha256"": ""1e1a053dae161445227c26b6e940fb3085d8c3f0ca5cbe4f01bc0343ef0b6159"", ""steps"": 63}]",58d6b9df9e494a0fd684ee9bfaaf6d6e8574c371edddeab61fb5e48275d43e24,-139.2668429782174,True,0.06489631929537631,98.0,100.0,0.08,converged,,bfgs_standard,"[{""ase_converged"": true, ""converged"": true, ""end_geometry_sha256"": ""c3b4d9c3a48374fea43436420fc815570d6ee1f6b0e1ba2d94b7674c0d1c872a"", ""failure_class"": null, ""max_force_eV_A"": 0.06489631929537631, ""name"": ""bfgs_standard"", ""start_geometry_sha256"": ""2dec945027e0bef08d685b81b38ab17c058413befdd7dfd98556bc60038c5071"", ""steps"": 98}]",c3b4d9c3a48374fea43436420fc815570d6ee1f6b0e1ba2d94b7674c0d1c872a,-0.6243950699269771,True,0.06323069113345536,70.0,100.0,0.08,converged,,bfgs_standard,"[{""ase_converged"": true, ""converged"": true, ""end_geometry_sha256"": ""4ad2ec544532ef04e06716ac60e06bda6c51cf39e13a83370463521a8fb4ecbb"", ""failure_class"": null, ""max_force_eV_A"": 0.06323069113345536, ""name"": ""bfgs_standard"", ""start_geometry_sha256"": ""a32af3dd33d31a4e89ab2b3839fd6e6b410ffba28c744c430cb95be976e31164"", ""steps"": 70}]",4ad2ec544532ef04e06716ac60e06bda6c51cf39e13a83370463521a8fb4ecbb,2.096563256531957,True,0.07635772258506436,70.0,100.0,0.08,converged,,bfgs_standard,"[{""ase_converged"": true, ""converged"": true, ""end_geometry_sha256"": ""b079896aa44e11d1ab7364542dbd342752a55e459230d2264e16ee4b8c85880e"", ""failure_class"": null, ""max_force_eV_A"": 0.07635772258506436, ""name"": ""bfgs_standard"", ""start_geometry_sha256"": ""8b7f448e8ad8c63ca0fb1b803be73666f9bd12de9f4a6834b6c66262f373f4e1"", ""steps"": 70}]",b079896aa44e11d1ab7364542dbd342752a55e459230d2264e16ee4b8c85880e,4.750381420552735,1.8533950699269772,step_4_H2O,10.0,0.0,True,2.720958326458934,0.27249999999999996,True,quantitative_screening,2,2,438c7da6cd1fb3d46ffb,False,
"('MetalFreeCarbon', 'pyridinic', 0.02, 'pentagon_heptagon', 'graphdiyne', 'none')",MetalFreeCarbon,True,esen-sm-conserving-all-oc25:relax-v4:orr-che-v3,True,0.06898255468472834,49,150,0.08,converged,,bfgs_standard,"[{""ase_converged"": true, ""converged"": true, ""end_geometry_sha256"": ""68de54d39d2c0656fe275eb7ef777272a4aefa650041909e3261f69367328adf"", ""failure_class"": null, ""max_force_eV_A"": 0.06898255468472834, ""name"": ""bfgs_standard"", ""start_geometry_sha256"": ""f1d227506c25567f51ced530d93e2d2aaf5c2b34305daa19932ca015381b58b4"", ""steps"": 49}]",68de54d39d2c0656fe275eb7ef777272a4aefa650041909e3261f69367328adf,-135.64021639380496,True,0.07280419910229476,39.0,100.0,0.08,converged,,bfgs_standard,"[{""ase_converged"": true, ""converged"": true, ""end_geometry_sha256"": ""7d90beb881aabfc787ba867c20c3d1151501e9d6c7036880c517d62c67a9cf2f"", ""failure_class"": null, ""max_force_eV_A"": 0.07280419910229476, ""name"": ""bfgs_standard"", ""start_geometry_sha256"": ""978d3097d2e45168987c6bc5d7993ba8c5aae63726d26a2c4f21d54502655c4b"", ""steps"": 39}]",7d90beb881aabfc787ba867c20c3d1151501e9d6c7036880c517d62c67a9cf2f,3.0046032096445563,True,0.07031482601368624,81.0,100.0,0.08,converged,,bfgs_standard,"[{""ase_converged"": true, ""converged"": true, ""end_geometry_sha256"": ""6c88331d949d9070dc640aedab7e52a5dc846fbadb9b1667dac56b758a09440d"", ""failure_class"": null, ""max_force_eV_A"": 0.07031482601368624, ""name"": ""bfgs_standard"", ""start_geometry_sha256"": ""cfc453454d7ff039b700f15a47a9a7281c8e6cdded264b6d2fec762372bf29ec"", ""steps"": 81}]",6c88331d949d9070dc640aedab7e52a5dc846fbadb9b1667dac56b758a09440d,3.7024339802563224,True,0.07197968649183599,33.0,100.0,0.08,converged,,bfgs_standard,"[{""ase_converged"": true, ""converged"": true, ""end_geometry_sha256"": ""9e56af22dd2c3dfcd32e6a63f66648132c523203fc9e7b039cf9ba6abdb1b0ca"", ""failure_class"": null, ""max_force_eV_A"": 0.07197968649183599, ""name"": ""bfgs_standard"", ""start_geometry_sha256"": ""4417a62eb6c2437f855bddd24b0dbfcf6bfcca4415af7c1928deae0ebed71a8c"", ""steps"": 33}]",9e56af22dd2c3dfcd32e6a63f66648132c523203fc9e7b039cf9ba6abdb1b0ca,5.3868903622031254,1.6958903622031256,step_1_OOH,10.0,0.0,True,6.707037189900879,0.27249999999999996,True,quantitative_screening,1,1,019bcbcfed88a588abc6,False,
"('MetalFreeCarbon', 'pyridinic', 0.04, 'none', 'porous_carbon', 'none')",MetalFreeCarbon,True,esen-sm-conserving-all-oc25:relax-v4:orr-che-v3,True,0.06881667893519741,47,150,0.08,converged,,bfgs_standard,"[{""ase_converged"": true, ""converged"": true, ""end_geometry_sha256"": ""9dee6880517da6bfaf0e3961294711c0c4e5ceeb6893736cced57e33cbef4e80"", ""failure_class"": null, ""max_force_eV_A"": 0.06881667893519741, ""name"": ""bfgs_standard"", ""start_geometry_sha256"": ""f079964b73e1247bb01aea4aa3b35efd8804611b1095ac293742a5cfb8f2c540"", ""steps"": 47}]",9dee6880517da6bfaf0e3961294711c0c4e5ceeb6893736cced57e33cbef4e80,-135.64171294722598,True,0.07024141401195004,39.0,100.0,0.08,converged,,bfgs_standard,"[{""ase_converged"": true, ""converged"": true, ""end_geometry_sha256"": ""53de20174d84365fe01fc07ea5d1c8798ac462eb6133f1b52df6f660b34ac4b3"", ""failure_class"": null, ""max_force_eV_A"": 0.07024141401195004, ""name"": ""bfgs_standard"", ""start_geometry_sha256"": ""1a94c9b5d6d5f61a389f52785c7159fb5f3a28b3d1b6274c1a2967ba26b05041"", ""steps"": 39}]",53de20174d84365fe01fc07ea5d1c8798ac462eb6133f1b52df6f660b34ac4b3,3.0059180881083014,True,0.05262706309082037,87.0,100.0,0.08,converged,,bfgs_standard,"[{""ase_converged"": true, ""converged"": true, ""end_geometry_sha256"": ""d9cf204f649192ea10e3e9376ca835e260b0b34484c9b36fed9b9582bac80691"", ""failure_class"": null, ""max_force_eV_A"": 0.05262706309082037, ""name"": ""bfgs_standard"", ""start_geometry_sha256"": ""f741c6e5f4eaaf34771f83d260d8c65ca66aea05eeb83ffe4806aff034b89a88"", ""steps"": 87}]",d9cf204f649192ea10e3e9376ca835e260b0b34484c9b36fed9b9582bac80691,3.696426070481542,True,0.07324065691111072,33.0,100.0,0.08,converged,,bfgs_standard,"[{""ase_converged"": true, ""converged"": true, ""end_geometry_sha256"": ""1e961677b4224cd9fb401e2d60a3d41df655a4ded7cc3decd76cdc12e52b4bde"", ""failure_class"": null, ""max_force_eV_A"": 0.07324065691111072, ""name"": ""bfgs_standard"", ""start_geometry_sha256"": ""9767f27af88872a0fdb08b192914b6a536f9db990a3d8c6b7e848810331dab8d"", ""steps"": 33}]",1e961677b4224cd9fb401e2d60a3d41df655a4ded7cc3decd76cdc12e52b4bde,5.385841558873658,1.6948415588736578,step_1_OOH,10.0,0.0,True,6.702344158589844,0.27249999999999996,True,quantitative_screening,0,0,333501a355810f70dd5e,False,
"('MetalFreeCarbon', 'pyridinic', 0.04, 'Stone_Wales', 'graphdiyne', 'B')",MetalFreeCarbon,False,esen-sm-conserving-all-oc25:relax-v4:orr-che-v3,True,0.07431289105513712,348,150,0.08,converged,,bfgs_after_fire,"[{""ase_converged"": false, ""converged"": false, ""end_geometry_sha256"": ""0f1205faa3ceb2b6621062bca31a1b6225d2c53edc37fe315ee08821cb1d0189"", ""failure_class"": ""force_threshold"", ""max_force_eV_A"": 1.919899557178598, ""name"": ""bfgs_standard"", ""start_geometry_sha256"": ""bcba6d91e302d4ec189a91ac4d56b1bbf8d8b296d83fb3c227ad67a6b387df3b"", ""steps"": 150}, {""ase_converged"": false, ""converged"": false, ""end_geometry_sha256"": ""6bf3cdb24cca6f0e0faee5328f4d24b729daf4928a7990e420c00696297abd70"", ""failure_class"": ""force_threshold"", ""max_force_eV_A"": 10.344184305545886, ""name"": ""fire_precondition"", ""qualifying"": false, ""start_geometry_sha256"": ""bcba6d91e302d4ec189a91ac4d56b1bbf8d8b296d83fb3c227ad67a6b387df3b"", ""steps"": 75}, {""ase_converged"": true, ""converged"": true, ""end_geometry_sha256"": ""e3bbd6da7f8f737d3205a47455f570d7d53b35e5ab37585e78bc44f458ef19d6"", ""failure_class"": null, ""max_force_eV_A"": 0.07431289105513712, ""name"": ""bfgs_after_fire"", ""start_geometry_sha256"": ""6bf3cdb24cca6f0e0faee5328f4d24b729daf4928a7990e420c00696297abd70"", ""steps"": 123}]",e3bbd6da7f8f737d3205a47455f570d7d53b35e5ab37585e78bc44f458ef19d6,-119.50716668654363,False,,0.0,100.0,0.08,invalid_initial_geometry,atomic_overlap,none,[],e3cccac0a5d6c1611492f77da66d516aca05ca54e9997b84ebe817d50acb4576,,,,,,,,,,,,,,,,,,,,,,,,,,,,,,,True,validation_required,1,1,45d3c308cec1b64045d0,False,Invalid oh initial geometry: atomic_overlap
"('MetalFreeCarbon', 'pyridinic', 0.04, 'Stone_Wales', 'porous_carbon', 'P')",MetalFreeCarbon,False,esen-sm-conserving-all-oc25:relax-v4:orr-che-v3,True,0.05515234665495662,65,150,0.08,converged,,bfgs_standard,"[{""ase_converged"": true, ""converged"": true, ""end_geometry_sha256"": ""52bc20465ec4928fca991a9439f0bbb975670b4b16341cf8063f1ae2b30bd258"", ""failure_class"": null, ""max_force_eV_A"": 0.05515234665495662, ""name"": ""bfgs_standard"", ""start_geometry_sha256"": ""7acdf9fd64ef70cffcb7aa2b909b5264c30b62168b2e4a05dc4dcc8c9f1a1846"", ""steps"": 65}]",52bc20465ec4928fca991a9439f0bbb975670b4b16341cf8063f1ae2b30bd258,-120.18088342028781,False,,0.0,100.0,0.08,invalid_initial_geometry,atomic_overlap,none,[],7fdf2a1646171c4dd0248e40fa6b23f00e787d56ebb0fc8f3bf32b0323827d72,,,,,,,,,,,,,,,,,,,,,,,,,,,,,,,True,validation_required,0,0,e2ed1949c7b03fdc8ee1,False,Invalid oh initial geometry: atomic_overlap
"('MetalFreeCarbon', 'pyridinic', 0.04, 'divacancy', 'porous_carbon', 'B')",MetalFreeCarbon,True,esen-sm-conserving-all-oc25:relax-v4:orr-che-v3,True,0.056183952472366835,78,150,0.08,converged,,bfgs_standard,"[{""ase_converged"": true, ""converged"": true, ""end_geometry_sha256"": ""c6fcf2cfbb6144bebe15f3829739fbbb2feb5de0f3608335ca972d7deb3c9ba3"", ""failure_class"": null, ""max_force_eV_A"": 0.056183952472366835, ""name"": ""bfgs_standard"", ""start_geometry_sha256"": ""904220eb3ea0b2427c1f2d27eb4258a649e57518bba46de8d61b39cd6a01a7da"", ""steps"": 78}]",c6fcf2cfbb6144bebe15f3829739fbbb2feb5de0f3608335ca972d7deb3c9ba3,-143.6484303679742,True,0.07830356559511706,45.0,100.0,0.08,converged,,bfgs_standard,"[{""ase_converged"": true, ""converged"": true, ""end_geometry_sha256"": ""2348edc64bf8e9d24e2a09e957f95145f550ee53017447036075af822f26aa1b"", ""failure_class"": null, ""max_force_eV_A"": 0.07830356559511706, ""name"": ""bfgs_standard"", ""start_geometry_sha256"": ""82354f8ff1b4f0dffcdb379e3d4c6a54e62c246662fd029bfbdb12ed8106d4a1"", ""steps"": 45}]",2348edc64bf8e9d24e2a09e957f95145f550ee53017447036075af822f26aa1b,2.971037688404322,True,0.07904271027429999,37.0,100.0,0.08,converged,,bfgs_standard,"[{""ase_converged"": true, ""converged"": true, ""end_geometry_sha256"": ""4ea46690a7e59366f57a41cd3030d528d84d9658be85ab23e1d9bf600229e450"", ""failure_class"": null, ""max_force_eV_A"": 0.07904271027429999, ""name"": ""bfgs_standard"", ""start_geometry_sha256"": ""9ad32a7f32badf337a408b82b0ac84be1ef37bd679a3fbb46831c69d452ead3a"", ""steps"": 37}]",4ea46690a7e59366f57a41cd3030d528d84d9658be85ab23e1d9bf600229e450,2.5208667881786857,True,0.07727311834552099,25.0,100.0,0.08,converged,,bfgs_standard,"[{""ase_converged"": true, ""converged"": true, ""end_geometry_sha256"": ""55a3e3172df16c2fd16c1db3e8d05d5a0ee85131c2f03f2842ebdd6665ba6646"", ""failure_class"": null, ""max_force_eV_A"": 0.07727311834552099, ""name"": ""bfgs_standard"", ""start_geometry_sha256"": ""247e6a31f745a495d3c114e4cc4fee58a793072c05459078fe0cdae0777b4f57"", ""steps"": 25}]",55a3e3172df16c2fd16c1db3e8d05d5a0ee85131c2f03f2842ebdd6665ba6646,5.367198418080811,1.6791709002256363,step_3_OH,10.0,0.0,True,5.491904476583008,0.27249999999999996,True,quantitative_screening,2,2,cf1863e930dc2a440ba4,False,
