genome,material_class,valid,screening_protocol,relax_clean_converged,relax_clean_max_force_eV_A,relax_clean_steps,relax_clean_step_limit,relax_clean_fmax_eV_A,relax_clean_termination,relax_clean_failure_class,relax_clean_selected_attempt,relax_clean_attempts_json,relax_clean_geometry_sha256,e_clean,relax_oh_converged,relax_oh_max_force_eV_A,relax_oh_steps,relax_oh_step_limit,relax_oh_fmax_eV_A,relax_oh_termination,relax_oh_failure_class,relax_oh_selected_attempt,relax_oh_attempts_json,relax_oh_geometry_sha256,dG_OH_eV,relax_o_converged,relax_o_max_force_eV_A,relax_o_steps,relax_o_step_limit,relax_o_fmax_eV_A,relax_o_termination,relax_o_failure_class,relax_o_selected_attempt,relax_o_attempts_json,relax_o_geometry_sha256,dG_O_eV,relax_ooh_converged,relax_ooh_max_force_eV_A,relax_ooh_steps,relax_ooh_step_limit,relax_ooh_fmax_eV_A,relax_ooh_termination,relax_ooh_failure_class,relax_ooh_selected_attempt,relax_ooh_attempts_json,relax_ooh_geometry_sha256,dG_OOH_eV,orr_overpotential_V,rate_determining_step,fenton_stability,cost_penalty,fc_viable,binding_strength,candidate_disposition,error,needs_dft_validation,worker_id,gpu_id,candidate_id,cache_hit,model_confidence
"('SolidCatalyst', 'Nb', 'Si3N4', 'bcc100', -0.026315789473684223, ('Ti', 'Rb'), 1, 0)",SolidCatalyst,False,esen-sm-conserving-all-oc25:relax-v4:orr-che-v3,True,0.05868666256545441,12,150,0.08,converged,,bfgs_standard,"[{""ase_converged"": true, ""converged"": true, ""end_geometry_sha256"": ""5db0368850ba5d2c1596c0d8355c971596dec8745fc35fa01bb16a5d7035db98"", ""failure_class"": null, ""max_force_eV_A"": 0.05868666256545441, ""name"": ""bfgs_standard"", ""start_geometry_sha256"": ""47bea65b454e9fee93e54e11f0523852049541205aa1e5c747cbc46602b76486"", ""steps"": 12}]",5db0368850ba5d2c1596c0d8355c971596dec8745fc35fa01bb16a5d7035db98,-182.10923177513098,True,0.06314750773131335,200.0,100.0,0.08,converged,,bfgs_after_fire,"[{""ase_converged"": false, ""converged"": false, ""end_geometry_sha256"": ""e2e8d480d5a54a3c80f8eee2ecbd24e00b8c6940585a7fc39a961872ea5bafeb"", ""failure_class"": ""force_threshold"", ""max_force_eV_A"": 0.9375314754387524, ""name"": ""bfgs_standard"", ""start_geometry_sha256"": ""5ce49211b54bdf7797d3915f219620806a10c103c62f4859334fb002cc7d0bc2"", ""steps"": 100}, {""ase_converged"": false, ""converged"": false, ""end_geometry_sha256"": ""b27b7e2e2abf3bd381490e89b01a682a35f0b0a7bc88944ad3c576e3511b86c9"", ""failure_class"": ""force_threshold"", ""max_force_eV_A"": 3.8951867598121557, ""name"": ""fire_precondition"", ""qualifying"": false, ""start_geometry_sha256"": ""5ce49211b54bdf7797d3915f219620806a10c103c62f4859334fb002cc7d0bc2"", ""steps"": 50}, {""ase_converged"": true, ""converged"": true, ""end_geometry_sha256"": ""d8a3ab95d1dca6db4609e93a4393f16d718453d8ce9adbfb25efa15479d38fb7"", ""failure_class"": null, ""max_force_eV_A"": 0.06314750773131335, ""name"": ""bfgs_after_fire"", ""start_geometry_sha256"": ""b27b7e2e2abf3bd381490e89b01a682a35f0b0a7bc88944ad3c576e3511b86c9"", ""steps"": 50}]",d8a3ab95d1dca6db4609e93a4393f16d718453d8ce9adbfb25efa15479d38fb7,-15.784820732921363,True,0.06544044701716492,179.0,100.0,0.08,converged,,bfgs_after_fire,"[{""ase_converged"": false, ""converged"": false, ""end_geometry_sha256"": ""711a1700882e9aaac167795a8f261043e99ae24420a631b4ef3833d87dc38ab7"", ""failure_class"": ""force_threshold"", ""max_force_eV_A"": 0.6573470438577055, ""name"": ""bfgs_standard"", ""start_geometry_sha256"": ""83a605e3d0f03dab94c1b6c39e4674ebc33531df98ed4231723e9a9d3917285e"", ""steps"": 100}, {""ase_converged"": false, ""converged"": false, ""end_geometry_sha256"": ""3154203a60aaeb0ee64b3775a512d44f7b2fe83a7686100db93f5f97cd9e82a6"", ""failure_class"": ""force_threshold"", ""max_force_eV_A"": 3.1415507485192267, ""name"": ""fire_precondition"", ""qualifying"": false, ""start_geometry_sha256"": ""83a605e3d0f03dab94c1b6c39e4674ebc33531df98ed4231723e9a9d3917285e"", ""steps"": 50}, {""ase_converged"": true, ""converged"": true, ""end_geometry_sha256"": ""f55955901941a8a04d3acac0d53de903d46a8751ad4401c16153ed9a9653fa57"", ""failure_class"": null, ""max_force_eV_A"": 0.06544044701716492, ""name"": ""bfgs_after_fire"", ""start_geometry_sha256"": ""3154203a60aaeb0ee64b3775a512d44f7b2fe83a7686100db93f5f97cd9e82a6"", ""steps"": 29}]",f55955901941a8a04d3acac0d53de903d46a8751ad4401c16153ed9a9653fa57,-15.298657499998832,True,0.07606659591669482,313.0,100.0,0.08,converged,,bfgs_after_fire,"[{""ase_converged"": false, ""converged"": false, ""end_geometry_sha256"": ""c0b9ba68fa671d227e2ed42a840a46bad89ceaeb68214587958ea00025919937"", ""failure_class"": ""force_threshold"", ""max_force_eV_A"": 0.4284635848210004, ""name"": ""bfgs_standard"", ""start_geometry_sha256"": ""95923015de10dcc7743490c52abd8ae2d7c6f36cfda1aba6ee46f91cee749112"", ""steps"": 100}, {""ase_converged"": false, ""converged"": false, ""end_geometry_sha256"": ""eeec90b550fa77a9cb2a95ad1cd2d655b75e97653c50a2cd6b12467e39388b7b"", ""failure_class"": ""force_threshold"", ""max_force_eV_A"": 5.751689301205687, ""name"": ""fire_precondition"", ""qualifying"": false, ""start_geometry_sha256"": ""95923015de10dcc7743490c52abd8ae2d7c6f36cfda1aba6ee46f91cee749112"", ""steps"": 50}, {""ase_converged"": true, ""converged"": true, ""end_geometry_sha256"": ""ba4fa53588934e5fe46c88ab3301d9e36e225f9be029f536957bb12f14104df8"", ""failure_class"": null, ""max_force_eV_A"": 0.07606659591669482, ""name"": ""bfgs_after_fire"", ""start_geometry_sha256"": ""eeec90b550fa77a9cb2a95ad1cd2d655b75e97653c50a2cd6b12467e39388b7b"", ""steps"": 163}]",ba4fa53588934e5fe46c88ab3301d9e36e225f9be029f536957bb12f14104df8,-11.778166343271756,17.013820732921364,step_4_H2O,10.0,0.0,True,31.083478232920193,validation_required,Unphysical dG_OH_eV=-15.78 eV,True,0,0,2dff144efde6098b4424,False,
"('SolidCatalyst', 'Nb', 'ZrB2', 'bcc211', 0.08947368421052632, ('Rh', 'Sm'), 2, 1)",SolidCatalyst,True,esen-sm-conserving-all-oc25:relax-v4:orr-che-v3,True,0.06979242261498247,55,150,0.08,converged,,bfgs_standard,"[{""ase_converged"": true, ""converged"": true, ""end_geometry_sha256"": ""67d7d5064a775a267a97f764a9c0230494627b17b05c5deb36e5cfff40988d21"", ""failure_class"": null, ""max_force_eV_A"": 0.06979242261498247, ""name"": ""bfgs_standard"", ""start_geometry_sha256"": ""9921eedc5f19fed9b6e8ff81a261459c6aa9e3684046a940a3483a7c14cbb51a"", ""steps"": 55}]",67d7d5064a775a267a97f764a9c0230494627b17b05c5deb36e5cfff40988d21,-265.37099104271704,True,0.05763963828840146,74.0,100.0,0.08,converged,,bfgs_standard,"[{""ase_converged"": true, ""converged"": true, ""end_geometry_sha256"": ""42fef035e4aff2c55dfe5e53b188db4605591072d2fa53d2ac7cf3130d7279b2"", ""failure_class"": null, ""max_force_eV_A"": 0.05763963828840146, ""name"": ""bfgs_standard"", ""start_geometry_sha256"": ""45a6ac4fe13bd2680c83d9b0f05e470d429b9217c8e3f105992fd2f210ca3814"", ""steps"": 74}]",42fef035e4aff2c55dfe5e53b188db4605591072d2fa53d2ac7cf3130d7279b2,-6.673919854015113,True,0.07532611239945988,92.0,100.0,0.08,converged,,bfgs_standard,"[{""ase_converged"": true, ""converged"": true, ""end_geometry_sha256"": ""4cdb8b4204eb6b35a2ec33e4f4c14c613e27950cf093fd58c3a345ed8e9c753f"", ""failure_class"": null, ""max_force_eV_A"": 0.07532611239945988, ""name"": ""bfgs_standard"", ""start_geometry_sha256"": ""49d7289dc3a55cff8d6fd54e6af0058b87aa12de192c560f6d2463255da34ed7"", ""steps"": 92}]",4cdb8b4204eb6b35a2ec33e4f4c14c613e27950cf093fd58c3a345ed8e9c753f,-6.103047453612114,True,0.02610059799994943,308.0,100.0,0.08,converged,,bfgs_after_fire,"[{""ase_converged"": false, ""converged"": false, ""end_geometry_sha256"": ""c4da116cddeaf0fbaa50414e3fe7c191732068ade0e0ebadbac99762a03ea388"", ""failure_class"": ""force_threshold"", ""max_force_eV_A"": 0.25334140250097303, ""name"": ""bfgs_standard"", ""start_geometry_sha256"": ""44c4fe467ffed87cadf2b1f395a94bcaaccb7100b98fd38b085ebe4fd9393110"", ""steps"": 100}, {""ase_converged"": false, ""converged"": false, ""end_geometry_sha256"": ""3bab336de4d4aeb2da618e98f84dd1cf489d63b938794967b754229b3c13f9e8"", ""failure_class"": ""force_threshold"", ""max_force_eV_A"": 2.464259944259705, ""name"": ""fire_precondition"", ""qualifying"": false, ""start_geometry_sha256"": ""44c4fe467ffed87cadf2b1f395a94bcaaccb7100b98fd38b085ebe4fd9393110"", ""steps"": 50}, {""ase_converged"": true, ""converged"": true, ""end_geometry_sha256"": ""56e92207d768d2bea3724cd0dec9d48b40569d622f6d85d1117e1f45bf943d7d"", ""failure_class"": null, ""max_force_eV_A"": 0.02610059799994943, ""name"": ""bfgs_after_fire"", ""start_geometry_sha256"": ""3bab336de4d4aeb2da618e98f84dd1cf489d63b938794967b754229b3c13f9e8"", ""steps"": 158}]",56e92207d768d2bea3724cd0dec9d48b40569d622f6d85d1117e1f45bf943d7d,3.282479713857149,3.0,step_4_H2O,10.0,-2.0,True,12.776967307627228,quantitative_screening,,False,1,1,b87de970554591386833,False,0.9127014328916923
"('SolidCatalyst', 'Nb', 'CoP', 'fcc211', -0.04736842105263159, ('Zn', 'K'), 3, 0)",SolidCatalyst,True,esen-sm-conserving-all-oc25:relax-v4:orr-che-v3,True,0.07770821868542692,315,150,0.08,converged,,bfgs_after_fire,"[{""ase_converged"": false, ""converged"": false, ""end_geometry_sha256"": ""8785e2a2b7cb811fad675ae6b8bd83af82e6b6f336c75a2a719f3aef3e3cf41d"", ""failure_class"": ""force_threshold"", ""max_force_eV_A"": 0.2028734193723777, ""name"": ""bfgs_standard"", ""start_geometry_sha256"": ""f11e05013fdba04b4b65e5f04a59147fdd1d03a9575535322a5d2cb20b02826c"", ""steps"": 150}, {""ase_converged"": false, ""converged"": false, ""end_geometry_sha256"": ""ae58fbfebe745daccc447d67da347650f10cdefcec98bbb6d410b561e6caa781"", ""failure_class"": ""force_threshold"", ""max_force_eV_A"": 4.294785352430872, ""name"": ""fire_precondition"", ""qualifying"": false, ""start_geometry_sha256"": ""f11e05013fdba04b4b65e5f04a59147fdd1d03a9575535322a5d2cb20b02826c"", ""steps"": 75}, {""ase_converged"": true, ""converged"": true, ""end_geometry_sha256"": ""b40bfb1d77b58c81d61b3f86f5c5e52984e0dd25b51d1cae1907ee022d11950d"", ""failure_class"": null, ""max_force_eV_A"": 0.07770821868542692, ""name"": ""bfgs_after_fire"", ""start_geometry_sha256"": ""ae58fbfebe745daccc447d67da347650f10cdefcec98bbb6d410b561e6caa781"", ""steps"": 90}]",b40bfb1d77b58c81d61b3f86f5c5e52984e0dd25b51d1cae1907ee022d11950d,-157.94514777387366,True,0.06766987029626242,33.0,100.0,0.08,converged,,bfgs_standard,"[{""ase_converged"": true, ""converged"": true, ""end_geometry_sha256"": ""235009267e8b8e24477998eb7f9f847547f2df13d60a90b592b13cbd4cfe4bc1"", ""failure_class"": null, ""max_force_eV_A"": 0.06766987029626242, ""name"": ""bfgs_standard"", ""start_geometry_sha256"": ""eeffc226064a44fc4521471533e4e11aa7a9ec3df596245881c94f5e419c8e50"", ""steps"": 33}]",235009267e8b8e24477998eb7f9f847547f2df13d60a90b592b13cbd4cfe4bc1,1.463043036609888,True,0.06872260781286108,33.0,100.0,0.08,converged,,bfgs_standard,"[{""ase_converged"": true, ""converged"": true, ""end_geometry_sha256"": ""6f097b116dd3f58418792591428287983a1c2c2a7639df372ffd8c7a7d1a5e86"", ""failure_class"": null, ""max_force_eV_A"": 0.06872260781286108, ""name"": ""bfgs_standard"", ""start_geometry_sha256"": ""185d5e8d28d2bb56d2d109a72cec2e5d0337ab50cc202eb55798a68a6b08ad7a"", ""steps"": 33}]",6f097b116dd3f58418792591428287983a1c2c2a7639df372ffd8c7a7d1a5e86,-0.28564175292846344,True,0.07495340925302806,237.0,100.0,0.08,converged,,bfgs_after_fire,"[{""ase_converged"": false, ""converged"": false, ""end_geometry_sha256"": ""a3001f357f8c3cb7216e38b9329c490354f04f2a0e30a329c83d8b93fc6a5783"", ""failure_class"": ""force_threshold"", ""max_force_eV_A"": 0.5909319455417689, ""name"": ""bfgs_standard"", ""start_geometry_sha256"": ""00d4fc4d5a4572d90ac1f7cb55696e952cf9ee720fef8683084f3c3611a191f9"", ""steps"": 100}, {""ase_converged"": false, ""converged"": false, ""end_geometry_sha256"": ""8ff6817353517e680cc3ee20d22b1e62f92204a588deda4e211e44d4ae9168f0"", ""failure_class"": ""force_threshold"", ""max_force_eV_A"": 2.9008472366754976, ""name"": ""fire_precondition"", ""qualifying"": false, ""start_geometry_sha256"": ""00d4fc4d5a4572d90ac1f7cb55696e952cf9ee720fef8683084f3c3611a191f9"", ""steps"": 50}, {""ase_converged"": true, ""converged"": true, ""end_geometry_sha256"": ""24cbb72082d3256f7afd0b06f61ee39283886e752da7fb24efbaf45601530576"", ""failure_class"": null, ""max_force_eV_A"": 0.07495340925302806, ""name"": ""bfgs_after_fire"", ""start_geometry_sha256"": ""8ff6817353517e680cc3ee20d22b1e62f92204a588deda4e211e44d4ae9168f0"", ""steps"": 87}]",24cbb72082d3256f7afd0b06f61ee39283886e752da7fb24efbaf45601530576,6.505326698720488,2.9776847895383516,step_3_OH,10.0,0.0,True,1.7486847895383515,quantitative_screening,,False,2,2,9816c58a9b316b7a1491,False,0.9127014328916923
"('SolidCatalyst', 'Nb', 'Beta', 'fcc100', -0.026315789473684223, ('Sn', 'Te'), 3, 1)",SolidCatalyst,True,esen-sm-conserving-all-oc25:relax-v4:orr-che-v3,True,0.07467950720874751,77,150,0.08,converged,,bfgs_standard,"[{""ase_converged"": true, ""converged"": true, ""end_geometry_sha256"": ""55a5fcbdd02504268d4b0a141257358cd6318bedc93545ae6e1f71a9d5c368e2"", ""failure_class"": null, ""max_force_eV_A"": 0.07467950720874751, ""name"": ""bfgs_standard"", ""start_geometry_sha256"": ""e3c7478f39ae187215d05f8bf8e72dbc7c7e1667f64cedbbe00d00f384253cbe"", ""steps"": 77}]",55a5fcbdd02504268d4b0a141257358cd6318bedc93545ae6e1f71a9d5c368e2,-180.3583164333719,True,0.07197238087626681,64.0,100.0,0.08,converged,,bfgs_standard,"[{""ase_converged"": true, ""converged"": true, ""end_geometry_sha256"": ""1e5f9aa7580929b934fe0a1f113e17c1eb536c86fa57387973f1e535525c65ac"", ""failure_class"": null, ""max_force_eV_A"": 0.07197238087626681, ""name"": ""bfgs_standard"", ""start_geometry_sha256"": ""9007a79fcd83d01bc87d49f421745a05d4e26e8b2702af276a6005d82ec2d86f"", ""steps"": 64}]",1e5f9aa7580929b934fe0a1f113e17c1eb536c86fa57387973f1e535525c65ac,-2.1316530083119867,True,0.07935808824741969,41.0,100.0,0.08,converged,,bfgs_standard,"[{""ase_converged"": true, ""converged"": true, ""end_geometry_sha256"": ""6f894ead438cbf9b9cdb23438c3c3dd8367819c70a75af7c377b589d00301283"", ""failure_class"": null, ""max_force_eV_A"": 0.07935808824741969, ""name"": ""bfgs_standard"", ""start_geometry_sha256"": ""51bff7912bf8092647c880d73fd6765468231b6fb1592446ef7024396c1906d7"", ""steps"": 41}]",6f894ead438cbf9b9cdb23438c3c3dd8367819c70a75af7c377b589d00301283,-2.1533785693347705,True,0.07718492939119552,255.0,100.0,0.08,converged,,bfgs_after_fire,"[{""ase_converged"": false, ""converged"": false, ""end_geometry_sha256"": ""39b886064668e82898f57f4b5b69c16ddb148073a2da8281578876517f6c46ab"", ""failure_class"": ""force_threshold"", ""max_force_eV_A"": 0.17360223677704523, ""name"": ""bfgs_standard"", ""start_geometry_sha256"": ""55ea29ece83336d467a72c08f4c5f1e3b21fe28bbf06042220d44135a459fa10"", ""steps"": 100}, {""ase_converged"": false, ""converged"": false, ""end_geometry_sha256"": ""a241cc33de0cbf8a1dcce69df1b569c3c03886149f69fec632f5613a982aeed3"", ""failure_class"": ""force_threshold"", ""max_force_eV_A"": 2.0955768193227993, ""name"": ""fire_precondition"", ""qualifying"": false, ""start_geometry_sha256"": ""55ea29ece83336d467a72c08f4c5f1e3b21fe28bbf06042220d44135a459fa10"", ""steps"": 50}, {""ase_converged"": true, ""converged"": true, ""end_geometry_sha256"": ""f6d616d680c41647259bfd0511a7131520b29ad0769a5ad248126ed174616d7b"", ""failure_class"": null, ""max_force_eV_A"": 0.07718492939119552, ""name"": ""bfgs_after_fire"", ""start_geometry_sha256"": ""a241cc33de0cbf8a1dcce69df1b569c3c03886149f69fec632f5613a982aeed3"", ""steps"": 105}]",f6d616d680c41647259bfd0511a7131520b29ad0769a5ad248126ed174616d7b,-3.59403853565457,3.0,step_4_H2O,10.0,-2.0,True,4.285031577646757,quantitative_screening,,False,1,1,d41f879b210370f87c83,False,0.9127014328916923
"('SolidCatalyst', 'Mo', 'CeO2', 'bcc110', 0.06842105263157894, ('Cs', 'Mo'), 4, 1)",SolidCatalyst,True,esen-sm-conserving-all-oc25:relax-v4:orr-che-v3,True,0.0702761832667852,545,150,0.08,converged,,fire_small_step,"[{""ase_converged"": false, ""converged"": false, ""end_geometry_sha256"": ""53239bd4448bed12b9a4caeac6aecf61fa0a8ff52b1ce8a0be7e49cc591f73a7"", ""failure_class"": ""force_threshold"", ""max_force_eV_A"": 0.47085339344506194, ""name"": ""bfgs_standard"", ""start_geometry_sha256"": ""0fc9a54545c141743ef2cdd5ba3926570d096af0f88a3c70712045b285b9a24c"", ""steps"": 150}, {""ase_converged"": false, ""converged"": false, ""end_geometry_sha256"": ""ee8b3b15fa4f7b2ff459bdb874dec18202c8b9aeda2c056ef24bf91d6d921804"", ""failure_class"": ""force_threshold"", ""max_force_eV_A"": 0.452451876181432, ""name"": ""fire_precondition"", ""qualifying"": false, ""start_geometry_sha256"": ""0fc9a54545c141743ef2cdd5ba3926570d096af0f88a3c70712045b285b9a24c"", ""steps"": 75}, {""ase_converged"": false, ""converged"": false, ""end_geometry_sha256"": ""e4ff4f4672ca7f1fd3b20659f52ff87beff00b13c91a3f2a50ae91f1c36b396a"", ""failure_class"": ""force_threshold"", ""max_force_eV_A"": 0.17385354362030367, ""name"": ""bfgs_after_fire"", ""start_geometry_sha256"": ""ee8b3b15fa4f7b2ff459bdb874dec18202c8b9aeda2c056ef24bf91d6d921804"", ""steps"": 300}, {""ase_converged"": true, ""converged"": true, ""end_geometry_sha256"": ""2429ebd80ab995cff9481adec3f79948a229621e20be920f4497a14ea13bb112"", ""failure_class"": null, ""max_force_eV_A"": 0.0702761832667852, ""name"": ""fire_small_step"", ""start_geometry_sha256"": ""e4ff4f4672ca7f1fd3b20659f52ff87beff00b13c91a3f2a50ae91f1c36b396a"", ""steps"": 20}]",2429ebd80ab995cff9481adec3f79948a229621e20be920f4497a14ea13bb112,-325.0672260943581,True,0.07943522489431468,70.0,100.0,0.08,converged,,bfgs_standard,"[{""ase_converged"": true, ""converged"": true, ""end_geometry_sha256"": ""8f26bce9b839b20a132dea3e4c745f9ae6466f4f898e7e06cb1406a8513d4f20"", ""failure_class"": null, ""max_force_eV_A"": 0.07943522489431468, ""name"": ""bfgs_standard"", ""start_geometry_sha256"": ""2b77f2a5e060d6328318974ff95c6c6fab666c61fe654ddcbd47fb970eb22b97"", ""steps"": 70}]",8f26bce9b839b20a132dea3e4c745f9ae6466f4f898e7e06cb1406a8513d4f20,-2.3535978172719476,True,0.07436936441981129,58.0,100.0,0.08,converged,,bfgs_standard,"[{""ase_converged"": true, ""converged"": true, ""end_geometry_sha256"": ""40011ae194c30a81a0d10ace5abd1c5e99194d313a1780e8b8c686f6c521cd4b"", ""failure_class"": null, ""max_force_eV_A"": 0.07436936441981129, ""name"": ""bfgs_standard"", ""start_geometry_sha256"": ""691532ecd06e99afae8acd0cc0858765099f2e7d64879f11a8c98e763bfe3cf4"", ""steps"": 58}]",40011ae194c30a81a0d10ace5abd1c5e99194d313a1780e8b8c686f6c521cd4b,-1.8599196307360806,True,0.042867385295294706,286.0,100.0,0.08,converged,,bfgs_after_fire,"[{""ase_converged"": false, ""converged"": false, ""end_geometry_sha256"": ""f41dba449c864373b35429d0c5f1f693773a4813acd9f5fdd3d4dccb365d508d"", ""failure_class"": ""force_threshold"", ""max_force_eV_A"": 0.8173624916894018, ""name"": ""bfgs_standard"", ""start_geometry_sha256"": ""f8eccdb46385d74deada588a16bb19babf2037a4c9aece9f397038691338e561"", ""steps"": 100}, {""ase_converged"": false, ""converged"": false, ""end_geometry_sha256"": ""32bccddc63cf1c6df43801738cbe8f6f4bbbfaa0b6cd627396f8bfb9659cf6cb"", ""failure_class"": ""force_threshold"", ""max_force_eV_A"": 10.844546321146336, ""name"": ""fire_precondition"", ""qualifying"": false, ""start_geometry_sha256"": ""f8eccdb46385d74deada588a16bb19babf2037a4c9aece9f397038691338e561"", ""steps"": 50}, {""ase_converged"": true, ""converged"": true, ""end_geometry_sha256"": ""2a41b2782574508c57d8ce35e333ac4f7e92e5a8d0dfd58b222b0bc2d811a247"", ""failure_class"": null, ""max_force_eV_A"": 0.042867385295294706, ""name"": ""bfgs_after_fire"", ""start_geometry_sha256"": ""32bccddc63cf1c6df43801738cbe8f6f4bbbfaa0b6cd627396f8bfb9659cf6cb"", ""steps"": 136}]",2a41b2782574508c57d8ce35e333ac4f7e92e5a8d0dfd58b222b0bc2d811a247,7.811225365102267,3.0,step_1_OOH,10.0,-1.5763441687900586,True,4.213517448008028,quantitative_screening,,False,2,2,a38853f53280a46d274d,False,0.9127014328916923
"('SolidCatalyst', 'Mo', 'Nb2O5', 'fcc111', -0.06842105263157895, ('Y', 'Pb'), 1, 0)",SolidCatalyst,True,esen-sm-conserving-all-oc25:relax-v4:orr-che-v3,True,0.07925677540424685,138,150,0.08,converged,,bfgs_standard,"[{""ase_converged"": true, ""converged"": true, ""end_geometry_sha256"": ""b3455b67b37f5163d2810fd5ee6eaea14599ff8338e376292b58a5e9d0aa2aec"", ""failure_class"": null, ""max_force_eV_A"": 0.07925677540424685, ""name"": ""bfgs_standard"", ""start_geometry_sha256"": ""289db945b99c9162a09c3beba6ecab64542620236dbed4dbefc50ac29078a104"", ""steps"": 138}]",b3455b67b37f5163d2810fd5ee6eaea14599ff8338e376292b58a5e9d0aa2aec,-140.3713387159026,True,0.06935673646583625,93.0,100.0,0.08,converged,,bfgs_standard,"[{""ase_converged"": true, ""converged"": true, ""end_geometry_sha256"": ""18dae7ec606aedeaeac344c82f82c9c424d068e574fcfe17065e5bee0a5efbea"", ""failure_class"": null, ""max_force_eV_A"": 0.06935673646583625, ""name"": ""bfgs_standard"", ""start_geometry_sha256"": ""3f1be8ba3c89eccd2a902a707e1c6a78ffee5cc25c87da5ce5efee9a02f3caf7"", ""steps"": 93}]",18dae7ec606aedeaeac344c82f82c9c424d068e574fcfe17065e5bee0a5efbea,-1.870880303233862,True,0.06743875680279245,25.0,100.0,0.08,converged,,bfgs_standard,"[{""ase_converged"": true, ""converged"": true, ""end_geometry_sha256"": ""9092235cba89fb27371e47518f39bd314161598af9879bea0e8349825fcabb8a"", ""failure_class"": null, ""max_force_eV_A"": 0.06743875680279245, ""name"": ""bfgs_standard"", ""start_geometry_sha256"": ""abf6a5a16af61d3d819a2a9d6ff721de0970674749e186af75b16f4c9d10b246"", ""steps"": 25}]",9092235cba89fb27371e47518f39bd314161598af9879bea0e8349825fcabb8a,-1.0763216845691452,True,0.07119314361215054,43.0,100.0,0.08,converged,,bfgs_standard,"[{""ase_converged"": true, ""converged"": true, ""end_geometry_sha256"": ""336fd5ae5caa56b6b5f353451dd2db551af176a37c3c18787c54455aa2a6f4b7"", ""failure_class"": null, ""max_force_eV_A"": 0.07119314361215054, ""name"": ""bfgs_standard"", ""start_geometry_sha256"": ""abad885756b07fbabbe14216a830f0a578de84ec6364607c5623d9c9337009a5"", ""steps"": 43}]",336fd5ae5caa56b6b5f353451dd2db551af176a37c3c18787c54455aa2a6f4b7,-1.3734117045998824,3.0,step_4_H2O,10.0,-0.17078451893083302,True,2.947201987803007,quantitative_screening,,False,0,0,842008e4edb0a399e3fa,False,0.9127014328916923
"('SolidCatalyst', 'Mo', 'CeZrO2', 'fcc110', 0.04736842105263156, ('Gd', 'Mn'), 2, 1)",SolidCatalyst,True,esen-sm-conserving-all-oc25:relax-v4:orr-che-v3,True,0.06491430570312103,98,150,0.08,converged,,bfgs_standard,"[{""ase_converged"": true, ""converged"": true, ""end_geometry_sha256"": ""714882ffedb9c2b512e89c84402e1f0fb5c62a3f13ebb4bd67cb21aed26e6bcd"", ""failure_class"": null, ""max_force_eV_A"": 0.06491430570312103, ""name"": ""bfgs_standard"", ""start_geometry_sha256"": ""b6e1da7516e1c2ed5d35f83ba7c9b3696ba0599bdd16cfadbf48d9f0e5396113"", ""steps"": 98}]",714882ffedb9c2b512e89c84402e1f0fb5c62a3f13ebb4bd67cb21aed26e6bcd,-232.12731725492733,True,0.07890663861428837,96.0,100.0,0.08,converged,,bfgs_standard,"[{""ase_converged"": true, ""converged"": true, ""end_geometry_sha256"": ""b344867c4a5ed7ab393c71bbec57cf8f56c8c0d798afb21da864d9924e61b0d9"", ""failure_class"": null, ""max_force_eV_A"": 0.07890663861428837, ""name"": ""bfgs_standard"", ""start_geometry_sha256"": ""d128b28cd23466c0183ceadf4232685403e9fd0cdcf0610b67e71ee3e46bf252"", ""steps"": 96}]",b344867c4a5ed7ab393c71bbec57cf8f56c8c0d798afb21da864d9924e61b0d9,-0.5345155571401119,True,0.06356954129210497,82.0,100.0,0.08,converged,,bfgs_standard,"[{""ase_converged"": true, ""converged"": true, ""end_geometry_sha256"": ""5c130b6e9f7bb31f2e0fe681dd32ee6c2f16ccb54da16f87022bace1bf24eeaf"", ""failure_class"": null, ""max_force_eV_A"": 0.06356954129210497, ""name"": ""bfgs_standard"", ""start_geometry_sha256"": ""13e3b863378d81bc10c4aac9da59905e13d18cb5b5aec7380bed5995a8080c57"", ""steps"": 82}]",5c130b6e9f7bb31f2e0fe681dd32ee6c2f16ccb54da16f87022bace1bf24eeaf,-1.488453947752739,True,0.06372439476063113,232.0,100.0,0.08,converged,,bfgs_after_fire,"[{""ase_converged"": false, ""converged"": false, ""end_geometry_sha256"": ""fb8278f7125c0ce6f4e4510b9b3868979d74b14d1192b88f92105b91b3439e81"", ""failure_class"": ""force_threshold"", ""max_force_eV_A"": 0.20327917661277817, ""name"": ""bfgs_standard"", ""start_geometry_sha256"": ""7dcb82b5b0b6279f8ae8d49a48e6c8c313d773dd33243612991fb3194dc08f7f"", ""steps"": 100}, {""ase_converged"": false, ""converged"": false, ""end_geometry_sha256"": ""0a6dae8d430675d8a9608d8c39cb6a64dcd171a062f877cc33750422436ff3b2"", ""failure_class"": ""force_threshold"", ""max_force_eV_A"": 1.5689047774947231, ""name"": ""fire_precondition"", ""qualifying"": false, ""start_geometry_sha256"": ""7dcb82b5b0b6279f8ae8d49a48e6c8c313d773dd33243612991fb3194dc08f7f"", ""steps"": 50}, {""ase_converged"": true, ""converged"": true, ""end_geometry_sha256"": ""4e4fa2daf93f380fe48156b8466e00e2449a35bc3d80a2c69531cb34a526326a"", ""failure_class"": null, ""max_force_eV_A"": 0.06372439476063113, ""name"": ""bfgs_after_fire"", ""start_geometry_sha256"": ""0a6dae8d430675d8a9608d8c39cb6a64dcd171a062f877cc33750422436ff3b2"", ""steps"": 82}]",4e4fa2daf93f380fe48156b8466e00e2449a35bc3d80a2c69531cb34a526326a,-0.5756211772561322,2.182938390612627,step_3_OH,9.0,0.0,True,2.022969504892851,quantitative_screening,,False,1,1,b484b6e88d2873dbdd13,False,0.9127014328916923
"('SolidCatalyst', 'Mo', 'Graphene', 'hcp0001', -0.08947368421052632, ('In', 'Cs'), 3, 0)",SolidCatalyst,True,esen-sm-conserving-all-oc25:relax-v4:orr-che-v3,True,0.07830745171927088,127,150,0.08,converged,,bfgs_standard,"[{""ase_converged"": true, ""converged"": true, ""end_geometry_sha256"": ""18f2141dd0319ea6b8d07bd1cb64e331c7acf9f032cd65166cbb5e734f655a7f"", ""failure_class"": null, ""max_force_eV_A"": 0.07830745171927088, ""name"": ""bfgs_standard"", ""start_geometry_sha256"": ""20eca053ea71f4a0bef484935979482362f2c7476f94d842a1cbcd5f7aa02ec1"", ""steps"": 127}]",18f2141dd0319ea6b8d07bd1cb64e331c7acf9f032cd65166cbb5e734f655a7f,-331.60965467162447,True,0.07829113498861297,69.0,100.0,0.08,converged,,bfgs_standard,"[{""ase_converged"": true, ""converged"": true, ""end_geometry_sha256"": ""9d617eb3434cead6e7123fe560e6c618d50ec12b766a59c33fa0fa85cebd15eb"", ""failure_class"": null, ""max_force_eV_A"": 0.07829113498861297, ""name"": ""bfgs_standard"", ""start_geometry_sha256"": ""c18e9bdda1da0e7fcd7a2336ffe4e3b57a08dd00bf82c314a98d565d73c311a3"", ""steps"": 69}]",9d617eb3434cead6e7123fe560e6c618d50ec12b766a59c33fa0fa85cebd15eb,-0.5660306786000728,True,0.07364884955565089,51.0,100.0,0.08,converged,,bfgs_standard,"[{""ase_converged"": true, ""converged"": true, ""end_geometry_sha256"": ""0e18dcb157e6c3ab070fe21537e2eb385b5211e3a01ac87ace2a649f3e0936b4"", ""failure_class"": null, ""max_force_eV_A"": 0.07364884955565089, ""name"": ""bfgs_standard"", ""start_geometry_sha256"": ""29b80dda3e87bec5d8c49c686e3c0f195e97826c8e19d641edcb135fac32b153"", ""steps"": 51}]",0e18dcb157e6c3ab070fe21537e2eb385b5211e3a01ac87ace2a649f3e0936b4,-0.8359633319080124,True,0.07025237484225089,90.0,100.0,0.08,converged,,bfgs_standard,"[{""ase_converged"": true, ""converged"": true, ""end_geometry_sha256"": ""5bb953e06fc23036e5a145cb749c35a5a112a18d55d101f5e3bf5984a8903131"", ""failure_class"": null, ""max_force_eV_A"": 0.07025237484225089, ""name"": ""bfgs_standard"", ""start_geometry_sha256"": ""7eefdccfac9bf46a29d5202eaee9205efeacb165b6d77a9bdb9e9dda0caae4b3"", ""steps"": 90}]",5bb953e06fc23036e5a145cb749c35a5a112a18d55d101f5e3bf5984a8903131,-2.099134971201445,2.4921716392934323,step_2_O,10.0,-2.0,True,1.4019940105080853,quantitative_screening,,False,0,0,768bb1a8705747a7fd74,False,0.9127014328916923
"('SolidCatalyst', 'Mo', 'Graphite', 'bcc111', -0.06842105263157895, ('Re', 'S'), 3, 1)",SolidCatalyst,True,esen-sm-conserving-all-oc25:relax-v4:orr-che-v3,True,0.07816772122240513,67,150,0.08,converged,,bfgs_standard,"[{""ase_converged"": true, ""converged"": true, ""end_geometry_sha256"": ""d458cbc68fd27cd53863c0b7fb9447908894f001a6831e0cf9d63ce942818d4c"", ""failure_class"": null, ""max_force_eV_A"": 0.07816772122240513, ""name"": ""bfgs_standard"", ""start_geometry_sha256"": ""3c30a5b5e0501a5cc1ca2774712813afca41d232f2afaee044322ea04eed8b1c"", ""steps"": 67}]",d458cbc68fd27cd53863c0b7fb9447908894f001a6831e0cf9d63ce942818d4c,-132.6436290242197,True,0.0785590814197684,85.0,100.0,0.08,converged,,bfgs_standard,"[{""ase_converged"": true, ""converged"": true, ""end_geometry_sha256"": ""a55cb0cd1b009ddc6427b512806957cc0dcee115347071e6afb32b7b439c2fcb"", ""failure_class"": null, ""max_force_eV_A"": 0.0785590814197684, ""name"": ""bfgs_standard"", ""start_geometry_sha256"": ""ae1c863273c685d3186269ce8d0c99753a1bd0d4ac47a39b1607d3b725abcbcd"", ""steps"": 85}]",a55cb0cd1b009ddc6427b512806957cc0dcee115347071e6afb32b7b439c2fcb,-0.16624468311667445,True,0.07650368359636806,87.0,100.0,0.08,converged,,bfgs_standard,"[{""ase_converged"": true, ""converged"": true, ""end_geometry_sha256"": ""88082ea32bfa70c0a570983ebbf9a219d6f616bedfe24e7bf5043a6e0678814e"", ""failure_class"": null, ""max_force_eV_A"": 0.07650368359636806, ""name"": ""bfgs_standard"", ""start_geometry_sha256"": ""cce644f170e3938198d3ce3294656861489617ff0e14d6c32ac34f47c861712c"", ""steps"": 87}]",88082ea32bfa70c0a570983ebbf9a219d6f616bedfe24e7bf5043a6e0678814e,0.05330172851679223,True,0.07775746138811201,209.0,100.0,0.08,converged,,bfgs_after_fire,"[{""ase_converged"": false, ""converged"": false, ""end_geometry_sha256"": ""f2284fda3efa4312480e5fd448d53e98398e90764730e52a7c6001cab83e5748"", ""failure_class"": ""force_threshold"", ""max_force_eV_A"": 0.6496052526129377, ""name"": ""bfgs_standard"", ""start_geometry_sha256"": ""535ff76997518ec740d891368d3d74a8777979ed64f43d0cd713a0c173f49ea9"", ""steps"": 100}, {""ase_converged"": false, ""converged"": false, ""end_geometry_sha256"": ""2166fd976d7b8afbf239fd0f4d3811ac388acbad41b36fdf87a5c4ee3c220a9a"", ""failure_class"": ""force_threshold"", ""max_force_eV_A"": 1.6439878761731141, ""name"": ""fire_precondition"", ""qualifying"": false, ""start_geometry_sha256"": ""535ff76997518ec740d891368d3d74a8777979ed64f43d0cd713a0c173f49ea9"", ""steps"": 50}, {""ase_converged"": true, ""converged"": true, ""end_geometry_sha256"": ""a148d46901534e97b1ec6bfc932427bb8c8374ce4bbeb1743071902143ed6987"", ""failure_class"": null, ""max_force_eV_A"": 0.07775746138811201, ""name"": ""bfgs_after_fire"", ""start_geometry_sha256"": ""2166fd976d7b8afbf239fd0f4d3811ac388acbad41b36fdf87a5c4ee3c220a9a"", ""steps"": 59}]",a148d46901534e97b1ec6bfc932427bb8c8374ce4bbeb1743071902143ed6987,0.6742567524313678,1.3952446831166745,step_4_H2O,10.0,-2.0,True,0.21954641163346666,quantitative_screening,,False,0,0,b18b197c67fcc0e4633f,False,0.7799556092414295
"('SolidCatalyst', 'Mo', 'TiN', 'hcp1120', 0.02631578947368421, ('Pb', 'N'), 4, 1)",SolidCatalyst,True,esen-sm-conserving-all-oc25:relax-v4:orr-che-v3,True,0.07822002181527601,91,150,0.08,converged,,bfgs_standard,"[{""ase_converged"": true, ""converged"": true, ""end_geometry_sha256"": ""9ec8fb9359fb655a6149be9d2b84d98b129e6803bb8b29b783aea39d05e7550b"", ""failure_class"": null, ""max_force_eV_A"": 0.07822002181527601, ""name"": ""bfgs_standard"", ""start_geometry_sha256"": ""d86e86e91fd3b9d1afad8cd6aa58ef53b35f03cd95c164977ad7982ed48d1d64"", ""steps"": 91}]",9ec8fb9359fb655a6149be9d2b84d98b129e6803bb8b29b783aea39d05e7550b,-193.49205092307062,True,0.0700955658137261,45.0,100.0,0.08,converged,,bfgs_standard,"[{""ase_converged"": true, ""converged"": true, ""end_geometry_sha256"": ""b05484c67bf8db546b70527d61c70f26ca67a68c507cb319f43fc20e0e9897ce"", ""failure_class"": null, ""max_force_eV_A"": 0.0700955658137261, ""name"": ""bfgs_standard"", ""start_geometry_sha256"": ""182dd2f63ba3c08578ec2bbba61bd4d2ca590f8799fa2523664d4c12303f9e3a"", ""steps"": 45}]",b05484c67bf8db546b70527d61c70f26ca67a68c507cb319f43fc20e0e9897ce,0.8666074897348881,True,0.07255279326050662,195.0,100.0,0.08,converged,,bfgs_after_fire,"[{""ase_converged"": false, ""converged"": false, ""end_geometry_sha256"": ""048753201cb6fadd2cb36c2f8eb56c5584ae571b53dae3c7034492db6ee7e3ff"", ""failure_class"": ""force_threshold"", ""max_force_eV_A"": 0.9038594385794283, ""name"": ""bfgs_standard"", ""start_geometry_sha256"": ""a14189fc8b2f7cd4aa09c875f1929946a83e8939bd5bcc82c8310fd6426762b0"", ""steps"": 100}, {""ase_converged"": false, ""converged"": false, ""end_geometry_sha256"": ""5502fd23d0b8fa62c23d359e1b13d0343d66f9d0f5acc1abbde005a6bd03ec98"", ""failure_class"": ""force_threshold"", ""max_force_eV_A"": 0.9550044432532991, ""name"": ""fire_precondition"", ""qualifying"": false, ""start_geometry_sha256"": ""a14189fc8b2f7cd4aa09c875f1929946a83e8939bd5bcc82c8310fd6426762b0"", ""steps"": 50}, {""ase_converged"": true, ""converged"": true, ""end_geometry_sha256"": ""ad15037bc174d698b4c86d3e850df52804073d2f6c013f5b7b873e4d9f6ed555"", ""failure_class"": null, ""max_force_eV_A"": 0.07255279326050662, ""name"": ""bfgs_after_fire"", ""start_geometry_sha256"": ""5502fd23d0b8fa62c23d359e1b13d0343d66f9d0f5acc1abbde005a6bd03ec98"", ""steps"": 45}]",ad15037bc174d698b4c86d3e850df52804073d2f6c013f5b7b873e4d9f6ed555,1.0512570507824741,True,0.07335923840693788,78.0,100.0,0.08,converged,,bfgs_standard,"[{""ase_converged"": true, ""converged"": true, ""end_geometry_sha256"": ""c3124c5f9d44ce9a934599e95dc51b63dca695b929f5042a89cf22d2f31635ce"", ""failure_class"": null, ""max_force_eV_A"": 0.07335923840693788, ""name"": ""bfgs_standard"", ""start_geometry_sha256"": ""a85c7c13b0fba55de4412147dc29cc662156d87f1a57f3d3b9e59dcf046552c3"", ""steps"": 78}]",c3124c5f9d44ce9a934599e95dc51b63dca695b929f5042a89cf22d2f31635ce,0.9039778217673052,1.3762792290151689,step_2_O,10.0,-0.33062474488087235,True,1.9178645405173622,quantitative_screening,,False,1,1,e1f50623fdd417fbede9,False,0.7545203674987632
"('SAC', 'Zr', 'C4', 'N-graphdiyne', 'H2O')",SAC,True,esen-sm-conserving-all-oc25:relax-v4:orr-che-v3,True,0.06511846474562234,64,150,0.08,converged,,bfgs_standard,"[{""ase_converged"": true, ""converged"": true, ""end_geometry_sha256"": ""b4af464643e081504598639e6cf0fee5c5353836fdcc33d1d9ec9980276c77f4"", ""failure_class"": null, ""max_force_eV_A"": 0.06511846474562234, ""name"": ""bfgs_standard"", ""start_geometry_sha256"": ""fbf96be9c9d74003f983337b00550e2099aa11191d3ef4fc9a65d651ccabf43b"", ""steps"": 64}]",b4af464643e081504598639e6cf0fee5c5353836fdcc33d1d9ec9980276c77f4,-144.84943351927865,True,0.06764023044496245,220.0,100.0,0.08,converged,,bfgs_after_fire,"[{""ase_converged"": false, ""converged"": false, ""end_geometry_sha256"": ""5c55d63c24ad29515ec34025e9339c98b8937ce644c1feabee62ba9693a0bfdb"", ""failure_class"": ""force_threshold"", ""max_force_eV_A"": 0.14231562513336746, ""name"": ""bfgs_standard"", ""start_geometry_sha256"": ""33a8c4aebbfdce8cbca8b383dce6bee9edd8455c3188e396ff36915256a2b15d"", ""steps"": 100}, {""ase_converged"": true, ""converged"": true, ""end_geometry_sha256"": ""62b7d702a24c2291923a520af9ecbccdc124c0a7ddaf24bd975af30622e1c245"", ""failure_class"": null, ""max_force_eV_A"": 0.24780336210084647, ""name"": ""fire_precondition"", ""qualifying"": false, ""start_geometry_sha256"": ""33a8c4aebbfdce8cbca8b383dce6bee9edd8455c3188e396ff36915256a2b15d"", ""steps"": 41}, {""ase_converged"": true, ""converged"": true, ""end_geometry_sha256"": ""4e666caf90fac890c0b22daf82d0a59915259fee6a9f5f8c0a834e7c648bd8df"", ""failure_class"": null, ""max_force_eV_A"": 0.06764023044496245, ""name"": ""bfgs_after_fire"", ""start_geometry_sha256"": ""62b7d702a24c2291923a520af9ecbccdc124c0a7ddaf24bd975af30622e1c245"", ""steps"": 79}]",4e666caf90fac890c0b22daf82d0a59915259fee6a9f5f8c0a834e7c648bd8df,0.7741039420664311,True,0.07063629217378176,51.0,100.0,0.08,converged,,bfgs_standard,"[{""ase_converged"": true, ""converged"": true, ""end_geometry_sha256"": ""91f12cb43a5b348c3b486619eb79d1e718d210ab5b5be3d4fd246872bf43d5e3"", ""failure_class"": null, ""max_force_eV_A"": 0.07063629217378176, ""name"": ""bfgs_standard"", ""start_geometry_sha256"": ""af73dfbe8ced71686de329ac0dd9cdf0122b184a00739bf23475f89b8f2d6848"", ""steps"": 51}]",91f12cb43a5b348c3b486619eb79d1e718d210ab5b5be3d4fd246872bf43d5e3,3.307793772965673,True,0.07437188309845763,28.0,100.0,0.08,converged,,bfgs_standard,"[{""ase_converged"": true, ""converged"": true, ""end_geometry_sha256"": ""bad8c738e725c59504c421a3e178951657863132e55acf4f750fef1862880611"", ""failure_class"": null, ""max_force_eV_A"": 0.07437188309845763, ""name"": ""bfgs_standard"", ""start_geometry_sha256"": ""69f63afd13e4e851ad6a4b3a952325457d4b99726fc4411c317e67ddf89a7d4e"", ""steps"": 28}]",bad8c738e725c59504c421a3e178951657863132e55acf4f750fef1862880611,5.040681074559693,1.349681074559693,step_1_OOH,10.0,0.0,True,4.081897715032104,quantitative_screening,,False,2,2,863bf5186bd6ca8d486c,False,0.610000000035
"('SAC', 'Nb', 'N3C', 'BN_sheet', 'pyridine')",SAC,True,esen-sm-conserving-all-oc25:relax-v4:orr-che-v3,True,0.06419585032210828,41,150,0.08,converged,,bfgs_standard,"[{""ase_converged"": true, ""converged"": true, ""end_geometry_sha256"": ""a0072d99b4c9a2225d4288df958f7b3e00c84e9e5ff5dc537693b95969f78ec9"", ""failure_class"": null, ""max_force_eV_A"": 0.06419585032210828, ""name"": ""bfgs_standard"", ""start_geometry_sha256"": ""a5fb9acd7063b9259d9648386937f9b9c19027dd7efdf661851fdc5153f03a88"", ""steps"": 41}]",a0072d99b4c9a2225d4288df958f7b3e00c84e9e5ff5dc537693b95969f78ec9,-145.8868797962232,True,0.07325923658237007,32.0,100.0,0.08,converged,,bfgs_standard,"[{""ase_converged"": true, ""converged"": true, ""end_geometry_sha256"": ""d3a15dbaf915cf41e7e911b94eb34415964d9129e3ad298b0a7d094f6501aa21"", ""failure_class"": null, ""max_force_eV_A"": 0.07325923658237007, ""name"": ""bfgs_standard"", ""start_geometry_sha256"": ""6ba2ee83c030f5c3c50e12e2ed973ef0461ad008df1e7c2d23176ac40f2ab168"", ""steps"": 32}]",d3a15dbaf915cf41e7e911b94eb34415964d9129e3ad298b0a7d094f6501aa21,2.1026702548563483,True,0.07890513919919435,48.0,100.0,0.08,converged,,bfgs_standard,"[{""ase_converged"": true, ""converged"": true, ""end_geometry_sha256"": ""06b30d7f77cf9237bc7aeedf21eb9ed20c46254547df3ea12e4eed13deb75ee0"", ""failure_class"": null, ""max_force_eV_A"": 0.07890513919919435, ""name"": ""bfgs_standard"", ""start_geometry_sha256"": ""9acb3ba7ade22be349d5cc8c2b2da7d3fad8a43e7cd085da098286c3245790bc"", ""steps"": 48}]",06b30d7f77cf9237bc7aeedf21eb9ed20c46254547df3ea12e4eed13deb75ee0,0.4313583739101922,True,0.07542556026230095,33.0,100.0,0.08,converged,,bfgs_standard,"[{""ase_converged"": true, ""converged"": true, ""end_geometry_sha256"": ""ac9c9cf36cf2807fea7eb33e8ca19550e965adf727c4f987d7e40e7798b81c07"", ""failure_class"": null, ""max_force_eV_A"": 0.07542556026230095, ""name"": ""bfgs_standard"", ""start_geometry_sha256"": ""89573785124d7bbaaf7bab21f1061ceda253a414ecff402aee5af26e3b26922f"", ""steps"": 33}]",ac9c9cf36cf2807fea7eb33e8ca19550e965adf727c4f987d7e40e7798b81c07,4.938144873082642,2.9003118809461563,step_3_OH,10.0,0.0,True,2.5340286287665403,quantitative_screening,,False,0,0,54e1580c8f4d17851963,False,0.610000000035
"('SAC', 'Nb', 'N3B', 'BN_sheet', 'pyridine')",SAC,True,esen-sm-conserving-all-oc25:relax-v4:orr-che-v3,True,0.07880894225785284,108,150,0.08,converged,,bfgs_standard,"[{""ase_converged"": true, ""converged"": true, ""end_geometry_sha256"": ""5381751d436d9c8810544d57ae482924464ed02aea0fd7762dcd357b8f721fee"", ""failure_class"": null, ""max_force_eV_A"": 0.07880894225785284, ""name"": ""bfgs_standard"", ""start_geometry_sha256"": ""513dd568816f0475bec1cc6a12f7b03dab8835f38e811c65b8e24e37355ae82b"", ""steps"": 108}]",5381751d436d9c8810544d57ae482924464ed02aea0fd7762dcd357b8f721fee,-143.68321837948722,True,0.0697626803487578,91.0,100.0,0.08,converged,,bfgs_standard,"[{""ase_converged"": true, ""converged"": true, ""end_geometry_sha256"": ""95f0c56094baf382f6edb2f59dd849d81c6b524b81d07fc5e13e34d0a43fcabd"", ""failure_class"": null, ""max_force_eV_A"": 0.0697626803487578, ""name"": ""bfgs_standard"", ""start_geometry_sha256"": ""a2a65cc0cef2078ce5e27072aa4fecc2b5a060d4bc3925dd7582d6f6ff14f81e"", ""steps"": 91}]",95f0c56094baf382f6edb2f59dd849d81c6b524b81d07fc5e13e34d0a43fcabd,-1.2684143756330013,True,0.07891405741169515,39.0,100.0,0.08,converged,,bfgs_standard,"[{""ase_converged"": true, ""converged"": true, ""end_geometry_sha256"": ""cce782076e0bbf706332ca149d1c8da254a33c7b3acae007b15a9e6a8f6ab10f"", ""failure_class"": null, ""max_force_eV_A"": 0.07891405741169515, ""name"": ""bfgs_standard"", ""start_geometry_sha256"": ""79badf1fc2a8ef6afa37a1cef158826666bf79298f1fc9256a880bf92bf5cb4b"", ""steps"": 39}]",cce782076e0bbf706332ca149d1c8da254a33c7b3acae007b15a9e6a8f6ab10f,0.005143619328740814,True,0.07330180574200061,77.0,100.0,0.08,converged,,bfgs_standard,"[{""ase_converged"": true, ""converged"": true, ""end_geometry_sha256"": ""099c1205809f2d0652276fc0bdbea1973914ea5d605b209da7dbce36d0b7c011"", ""failure_class"": null, ""max_force_eV_A"": 0.07330180574200061, ""name"": ""bfgs_standard"", ""start_geometry_sha256"": ""e6549af1fda3994d9a7f7992c28243880ff6a0871eef83d8300e72c42768aee0"", ""steps"": 77}]",099c1205809f2d0652276fc0bdbea1973914ea5d605b209da7dbce36d0b7c011,2.074387024343017,2.497414375633001,step_4_H2O,10.0,0.0,True,1.2735579949617422,quantitative_screening,,False,1,1,99e72f56a2be8b782e4f,False,0.610000000035
"('SAC', 'Nb', 'N3S', 'N-graphdiyne', 'pyridine')",SAC,True,esen-sm-conserving-all-oc25:relax-v4:orr-che-v3,True,0.06607981098529926,95,150,0.08,converged,,bfgs_standard,"[{""ase_converged"": true, ""converged"": true, ""end_geometry_sha256"": ""82d19faf4f25ef3029393691268a49be9c9c018fbbc666891938e9916e71254f"", ""failure_class"": null, ""max_force_eV_A"": 0.06607981098529926, ""name"": ""bfgs_standard"", ""start_geometry_sha256"": ""9cdfdf381e2becdd2b21687c3643fdf3b0f0b7ef82bcd93b5cb356f662d7ba97"", ""steps"": 95}]",82d19faf4f25ef3029393691268a49be9c9c018fbbc666891938e9916e71254f,-141.2182962540218,True,0.05223643214013035,80.0,100.0,0.08,converged,,bfgs_standard,"[{""ase_converged"": true, ""converged"": true, ""end_geometry_sha256"": ""985510238028aa21ba694fef720d765a753d67df76f1ff0c5e2b72f45ac40f21"", ""failure_class"": null, ""max_force_eV_A"": 0.05223643214013035, ""name"": ""bfgs_standard"", ""start_geometry_sha256"": ""f1d9f89c4d88e6b4713098756e73c55c8ab89704711ce2a104b42a642a99665a"", ""steps"": 80}]",985510238028aa21ba694fef720d765a753d67df76f1ff0c5e2b72f45ac40f21,-0.31913584217429164,True,0.07938430556285238,65.0,100.0,0.08,converged,,bfgs_standard,"[{""ase_converged"": true, ""converged"": true, ""end_geometry_sha256"": ""67a50eb66c76b33977c67bb6ae8b20ca95d7d248d993b49a152f01dfd2703f0d"", ""failure_class"": null, ""max_force_eV_A"": 0.07938430556285238, ""name"": ""bfgs_standard"", ""start_geometry_sha256"": ""4e7363327f328fa3c1a1a4e1b82e7280528dd74548731f0530d6643a63d8f763"", ""steps"": 65}]",67a50eb66c76b33977c67bb6ae8b20ca95d7d248d993b49a152f01dfd2703f0d,-0.48496159240603093,True,0.06558421233429358,71.0,100.0,0.08,converged,,bfgs_standard,"[{""ase_converged"": true, ""converged"": true, ""end_geometry_sha256"": ""e828aeeb186af2f84d00631d52ef85725b951e45992e9f6f25d7ab980f360144"", ""failure_class"": null, ""max_force_eV_A"": 0.06558421233429358, ""name"": ""bfgs_standard"", ""start_geometry_sha256"": ""726e5446abcdcac9b32c88519750454f671164d113f4d810913b054411c1948d"", ""steps"": 71}]",e828aeeb186af2f84d00631d52ef85725b951e45992e9f6f25d7ab980f360144,3.363211582601074,1.5481358421742917,step_4_H2O,10.0,0.0,True,0.8040974345803226,quantitative_screening,,False,0,0,63d33b572934d1271a15,False,0.610000000035
"('SAC', 'Nb', 'N2O2', 'N-graphene', 'imidazole')",SAC,True,esen-sm-conserving-all-oc25:relax-v4:orr-che-v3,True,0.07590965291997145,109,150,0.08,converged,,bfgs_standard,"[{""ase_converged"": true, ""converged"": true, ""end_geometry_sha256"": ""bca3eaae5d404cfe49cccfd7fdf036f067af1fda634da1e0ac6eee89903d83d5"", ""failure_class"": null, ""max_force_eV_A"": 0.07590965291997145, ""name"": ""bfgs_standard"", ""start_geometry_sha256"": ""d50f8939db7ca374e0b02c77b29be77d5818a552ac80de5a6b24b299f45ddd31"", ""steps"": 109}]",bca3eaae5d404cfe49cccfd7fdf036f067af1fda634da1e0ac6eee89903d83d5,-140.1657224270709,True,0.06231898937080712,87.0,100.0,0.08,converged,,bfgs_standard,"[{""ase_converged"": true, ""converged"": true, ""end_geometry_sha256"": ""ab8929362fe120e9e0e32ac333fd02630e7ecb16f63ad6f5c94e10cf42669162"", ""failure_class"": null, ""max_force_eV_A"": 0.06231898937080712, ""name"": ""bfgs_standard"", ""start_geometry_sha256"": ""06ab03a4bda7c6846856a28f4a95e0dbe4e5ab070d868d8145282d2140ec2014"", ""steps"": 87}]",ab8929362fe120e9e0e32ac333fd02630e7ecb16f63ad6f5c94e10cf42669162,-0.28317469105124476,True,0.07291251223279988,62.0,100.0,0.08,converged,,bfgs_standard,"[{""ase_converged"": true, ""converged"": true, ""end_geometry_sha256"": ""7e83b067f2a5f093d9a976611ef8dd368751d83bf67a992db2c2e894ad8b94f8"", ""failure_class"": null, ""max_force_eV_A"": 0.07291251223279988, ""name"": ""bfgs_standard"", ""start_geometry_sha256"": ""ca92212d79d149fc5112196663fa84f216bbacd249cabb68c028acfb0ca57c0d"", ""steps"": 62}]",7e83b067f2a5f093d9a976611ef8dd368751d83bf67a992db2c2e894ad8b94f8,-0.8255415789782965,True,0.07964148922974532,239.0,100.0,0.08,converged,,bfgs_after_fire,"[{""ase_converged"": false, ""converged"": false, ""end_geometry_sha256"": ""c943eaaaaa6608d324535750d07d7cb25ae636577a7513c11c2cf634a1e6aba5"", ""failure_class"": ""force_threshold"", ""max_force_eV_A"": 0.17594629342334134, ""name"": ""bfgs_standard"", ""start_geometry_sha256"": ""5dcc16a1bac84d462284a018ca54fb6172f60f37b2fb53daed9eed49e4e15f64"", ""steps"": 100}, {""ase_converged"": true, ""converged"": true, ""end_geometry_sha256"": ""d9820dfd6bf16b13a15b42091971bd80f5173492be6b4b6aa6c8b74899320a84"", ""failure_class"": null, ""max_force_eV_A"": 0.24421603464643935, ""name"": ""fire_precondition"", ""qualifying"": false, ""start_geometry_sha256"": ""5dcc16a1bac84d462284a018ca54fb6172f60f37b2fb53daed9eed49e4e15f64"", ""steps"": 34}, {""ase_converged"": true, ""converged"": true, ""end_geometry_sha256"": ""975032d80b1e7fd8bee36392b2beef40ee647f4ffcbb0cc0d72403a3d1b93def"", ""failure_class"": null, ""max_force_eV_A"": 0.07964148922974532, ""name"": ""bfgs_after_fire"", ""start_geometry_sha256"": ""d9820dfd6bf16b13a15b42091971bd80f5173492be6b4b6aa6c8b74899320a84"", ""steps"": 105}]",975032d80b1e7fd8bee36392b2beef40ee647f4ffcbb0cc0d72403a3d1b93def,3.23363489955664,1.7713668879270519,step_3_OH,10.0,0.0,True,1.1087162700295412,quantitative_screening,,False,2,2,bc4ff5255fb9073085f6,False,0.610000000035
"('SAC', 'Nb', 'N4_pyridine', 'N-graphene', 'imidazole')",SAC,True,esen-sm-conserving-all-oc25:relax-v4:orr-che-v3,True,0.07974323663761274,55,150,0.08,converged,,bfgs_standard,"[{""ase_converged"": true, ""converged"": true, ""end_geometry_sha256"": ""a0f7f6f883d085c3a190e961380489cc5eb8861f078ee55e58401d4dc53c06ea"", ""failure_class"": null, ""max_force_eV_A"": 0.07974323663761274, ""name"": ""bfgs_standard"", ""start_geometry_sha256"": ""6114351430ef6222846b52495b3248163945c6a32f2b4af9c6cf2c382404f53d"", ""steps"": 55}]",a0f7f6f883d085c3a190e961380489cc5eb8861f078ee55e58401d4dc53c06ea,-145.68135952456845,True,0.07922185985452777,27.0,100.0,0.08,converged,,bfgs_standard,"[{""ase_converged"": true, ""converged"": true, ""end_geometry_sha256"": ""d0c38f33bac2f5c0308991c774a6688d6d5171fd2d4ba8b0ca8214c34ca0f95c"", ""failure_class"": null, ""max_force_eV_A"": 0.07922185985452777, ""name"": ""bfgs_standard"", ""start_geometry_sha256"": ""86d111964680c778b24d83009100a6c97b77f71b35f9662053bc2b5ebaa2c2b8"", ""steps"": 27}]",d0c38f33bac2f5c0308991c774a6688d6d5171fd2d4ba8b0ca8214c34ca0f95c,2.470554652363062,True,0.07753776801455489,58.0,100.0,0.08,converged,,bfgs_standard,"[{""ase_converged"": true, ""converged"": true, ""end_geometry_sha256"": ""61a4ddb0ac5fbfa33924bf0dfcf9baa66e3b5d956492a1f93e8b7188e47ace89"", ""failure_class"": null, ""max_force_eV_A"": 0.07753776801455489, ""name"": ""bfgs_standard"", ""start_geometry_sha256"": ""14285714df2c6e9273d23158a133ef09e3a3d0361f156bb6f58a460296e7c945"", ""steps"": 58}]",61a4ddb0ac5fbfa33924bf0dfcf9baa66e3b5d956492a1f93e8b7188e47ace89,3.47522727325559,True,0.0750970704932652,213.0,100.0,0.08,converged,,bfgs_after_fire,"[{""ase_converged"": false, ""converged"": false, ""end_geometry_sha256"": ""e3798ae3a6e60677c1be5ab72a30a5c1355e2fcff4a8fc6bcf1fcd74fa1de413"", ""failure_class"": ""force_threshold"", ""max_force_eV_A"": 0.13702896729558772, ""name"": ""bfgs_standard"", ""start_geometry_sha256"": ""3f79699dc6bb97bef07fc57b6ac0c64c17d95f0b3634182d0e3b0082e937a9b7"", ""steps"": 100}, {""ase_converged"": false, ""converged"": false, ""end_geometry_sha256"": ""cb8a51e0d0f23c09afc89004c6549873f29257382ee815ea07b8aecf6de72f1a"", ""failure_class"": ""force_threshold"", ""max_force_eV_A"": 0.2563547298380293, ""name"": ""fire_precondition"", ""qualifying"": false, ""start_geometry_sha256"": ""3f79699dc6bb97bef07fc57b6ac0c64c17d95f0b3634182d0e3b0082e937a9b7"", ""steps"": 50}, {""ase_converged"": true, ""converged"": true, ""end_geometry_sha256"": ""487adefd3a480ddc51f9a5b4a6631e4fdddb1cf4dc20d956e19954b4134e7c29"", ""failure_class"": null, ""max_force_eV_A"": 0.0750970704932652, ""name"": ""bfgs_after_fire"", ""start_geometry_sha256"": ""cb8a51e0d0f23c09afc89004c6549873f29257382ee815ea07b8aecf6de72f1a"", ""steps"": 63}]",487adefd3a480ddc51f9a5b4a6631e4fdddb1cf4dc20d956e19954b4134e7c29,4.8651666149497075,1.1741666149497076,step_1_OOH,10.0,0.0,True,5.945781925618652,quantitative_screening,,False,1,1,c55396edda6f14c689ea,False,0.610000000035
"('SAC', 'Nb', 'N2Se2', 'N-porous_carbon', 'none')",SAC,True,esen-sm-conserving-all-oc25:relax-v4:orr-che-v3,True,0.06702651003939199,54,150,0.08,converged,,bfgs_standard,"[{""ase_converged"": true, ""converged"": true, ""end_geometry_sha256"": ""1d90d91e314ec1d32f003dbc04207a21a25a032de7eaa0749df734986617f25e"", ""failure_class"": null, ""max_force_eV_A"": 0.06702651003939199, ""name"": ""bfgs_standard"", ""start_geometry_sha256"": ""0b83aeba02c9e284942d126b2e9d311deb794b7fbdd32d20af06152070651531"", ""steps"": 54}]",1d90d91e314ec1d32f003dbc04207a21a25a032de7eaa0749df734986617f25e,-136.07620197444518,True,0.05652080600220503,31.0,100.0,0.08,converged,,bfgs_standard,"[{""ase_converged"": true, ""converged"": true, ""end_geometry_sha256"": ""ebb4320634a449fa2e143e7a56a24c0bd6e51987e55b7c25b8e1314eecd20cf0"", ""failure_class"": null, ""max_force_eV_A"": 0.05652080600220503, ""name"": ""bfgs_standard"", ""start_geometry_sha256"": ""4d0871f1cb14a03502f18970ae5f40db728438081a2ea397a3b0ff0ed25ef6ab"", ""steps"": 31}]",ebb4320634a449fa2e143e7a56a24c0bd6e51987e55b7c25b8e1314eecd20cf0,1.8286660338938237,True,0.06535233460164429,66.0,100.0,0.08,converged,,bfgs_standard,"[{""ase_converged"": true, ""converged"": true, ""end_geometry_sha256"": ""3025424752b73bb2e71d1e8b4e0419596a45c79d722b522cae4cc2671780cf76"", ""failure_class"": null, ""max_force_eV_A"": 0.06535233460164429, ""name"": ""bfgs_standard"", ""start_geometry_sha256"": ""00871b763b21ee28cec1e08e4bcf2ec47a56f9d78e4a3374c1ec7e6795678eef"", ""steps"": 66}]",3025424752b73bb2e71d1e8b4e0419596a45c79d722b522cae4cc2671780cf76,-1.4446097247302496,True,0.07381644878101695,99.0,100.0,0.08,converged,,bfgs_standard,"[{""ase_converged"": true, ""converged"": true, ""end_geometry_sha256"": ""38b966870e650fc914b64522caab21dde0b198134afe8a2eed8147e69d346020"", ""failure_class"": null, ""max_force_eV_A"": 0.07381644878101695, ""name"": ""bfgs_standard"", ""start_geometry_sha256"": ""3444ec4990f87fea54ac478ebf481a79a456bdef296665e8bf05656d4f4461a8"", ""steps"": 99}]",38b966870e650fc914b64522caab21dde0b198134afe8a2eed8147e69d346020,3.1920828327536617,3.0,step_3_OH,10.0,0.0,True,3.2732757586240733,quantitative_screening,,False,0,0,eb9930499cf44c6757cc,False,0.610000000035
"('SAC', 'Nb', 'S4', 'N-porous_carbon', 'none')",SAC,True,esen-sm-conserving-all-oc25:relax-v4:orr-che-v3,True,0.07697009251379135,54,150,0.08,converged,,bfgs_standard,"[{""ase_converged"": true, ""converged"": true, ""end_geometry_sha256"": ""d331bc3dd6d18a554cbbd93656ac50862d2c7d061a4d13f5ccc56b9532926374"", ""failure_class"": null, ""max_force_eV_A"": 0.07697009251379135, ""name"": ""bfgs_standard"", ""start_geometry_sha256"": ""a7ea10bfa794b34099f0837bf2bcf311edc7d4dcfecca66697c5eadb688db3eb"", ""steps"": 54}]",d331bc3dd6d18a554cbbd93656ac50862d2c7d061a4d13f5ccc56b9532926374,-136.0763054481085,True,0.057647115114211986,31.0,100.0,0.08,converged,,bfgs_standard,"[{""ase_converged"": true, ""converged"": true, ""end_geometry_sha256"": ""c71f19425f14ca482c301d71ba2dfade59460d4629821d21eb8fb33ec706553d"", ""failure_class"": null, ""max_force_eV_A"": 0.057647115114211986, ""name"": ""bfgs_standard"", ""start_geometry_sha256"": ""613aa5dc7800aa050b29e5f844b732bc73afefb0b8cb1f27bb0cd8400fd421e8"", ""steps"": 31}]",c71f19425f14ca482c301d71ba2dfade59460d4629821d21eb8fb33ec706553d,1.8285411025583744,True,0.0746614652641221,63.0,100.0,0.08,converged,,bfgs_standard,"[{""ase_converged"": true, ""converged"": true, ""end_geometry_sha256"": ""8cc4c12ffba7a916cbc1914c8fb6dd93f51beee87b133516f7246670812594c7"", ""failure_class"": null, ""max_force_eV_A"": 0.0746614652641221, ""name"": ""bfgs_standard"", ""start_geometry_sha256"": ""d43b09476916572764d38da45fd7347c47dfb5a5d67523018a6f7514b270fdcb"", ""steps"": 63}]",8cc4c12ffba7a916cbc1914c8fb6dd93f51beee87b133516f7246670812594c7,-1.4406848780810797,True,0.07193725692625702,231.0,100.0,0.08,converged,,bfgs_after_fire,"[{""ase_converged"": false, ""converged"": false, ""end_geometry_sha256"": ""f060971d70ba89a58897d560c5deb5b3c4070e27294fc9e46c3fe404bb369047"", ""failure_class"": ""force_threshold"", ""max_force_eV_A"": 0.09456275758755424, ""name"": ""bfgs_standard"", ""start_geometry_sha256"": ""efe7ecb55a2671d0e8a8765f8bdc0e8a9e0d8c3ae0ecffff936ef05cb5547475"", ""steps"": 100}, {""ase_converged"": false, ""converged"": false, ""end_geometry_sha256"": ""f071149123c0f7e120cc8c7f096e421bff9611c9ddac692bfde789329e059cf7"", ""failure_class"": ""force_threshold"", ""max_force_eV_A"": 0.40085230237975705, ""name"": ""fire_precondition"", ""qualifying"": false, ""start_geometry_sha256"": ""efe7ecb55a2671d0e8a8765f8bdc0e8a9e0d8c3ae0ecffff936ef05cb5547475"", ""steps"": 50}, {""ase_converged"": true, ""converged"": true, ""end_geometry_sha256"": ""d34cb78350a2c37d5ec9cd9fcbaad6fc56fb8c3b1ea94b49b0b4fa0076357130"", ""failure_class"": null, ""max_force_eV_A"": 0.07193725692625702, ""name"": ""bfgs_after_fire"", ""start_geometry_sha256"": ""f071149123c0f7e120cc8c7f096e421bff9611c9ddac692bfde789329e059cf7"", ""steps"": 81}]",d34cb78350a2c37d5ec9cd9fcbaad6fc56fb8c3b1ea94b49b0b4fa0076357130,3.1841859325766597,3.0,step_3_OH,10.0,0.0,True,3.269225980639454,quantitative_screening,,False,2,2,16de2afa352e7240dc34,False,0.610000000035
"('SAC', 'Nb', 'N2B2', 'N-CNT', 'none')",SAC,True,esen-sm-conserving-all-oc25:relax-v4:orr-che-v3,True,0.07866342737402157,46,150,0.08,converged,,bfgs_standard,"[{""ase_converged"": true, ""converged"": true, ""end_geometry_sha256"": ""1c10e5b22734a2068fcb56618d95847578451a8b806d24d0eea9b2cb09d65c9e"", ""failure_class"": null, ""max_force_eV_A"": 0.07866342737402157, ""name"": ""bfgs_standard"", ""start_geometry_sha256"": ""3c104a965354c6cb3c2a56710d0db40ca9c43257fdb489e26a29c657a6e2f479"", ""steps"": 46}]",1c10e5b22734a2068fcb56618d95847578451a8b806d24d0eea9b2cb09d65c9e,-136.06566435008605,True,0.07987817240172267,31.0,100.0,0.08,converged,,bfgs_standard,"[{""ase_converged"": true, ""converged"": true, ""end_geometry_sha256"": ""2ab71cbfd058632d2ad1c09dd45b3f23d048ddfbfe3057a2bb172779a92f4e74"", ""failure_class"": null, ""max_force_eV_A"": 0.07987817240172267, ""name"": ""bfgs_standard"", ""start_geometry_sha256"": ""20f610cddb4bcf297d1c96892aa04d159895e42a401c314e1525a6ee227dbb03"", ""steps"": 31}]",2ab71cbfd058632d2ad1c09dd45b3f23d048ddfbfe3057a2bb172779a92f4e74,1.8197482253611088,True,0.07285871301508791,65.0,100.0,0.08,converged,,bfgs_standard,"[{""ase_converged"": true, ""converged"": true, ""end_geometry_sha256"": ""d913af346bdc8029ee22e18d3f64801306c17ee95f6437f05e7f698a86f30767"", ""failure_class"": null, ""max_force_eV_A"": 0.07285871301508791, ""name"": ""bfgs_standard"", ""start_geometry_sha256"": ""755fe9d8fcb75f2dfd3bd66f3ce52f4a011183540dab97f554fb3aa5c5a56e2c"", ""steps"": 65}]",d913af346bdc8029ee22e18d3f64801306c17ee95f6437f05e7f698a86f30767,-1.4536987178027594,True,0.0699435191214261,233.0,100.0,0.08,converged,,bfgs_after_fire,"[{""ase_converged"": false, ""converged"": false, ""end_geometry_sha256"": ""88ac58305c3dc4be2f10056d21414877ebbbf034c018af069536fc483f98f877"", ""failure_class"": ""force_threshold"", ""max_force_eV_A"": 0.11984138353612524, ""name"": ""bfgs_standard"", ""start_geometry_sha256"": ""7e1b1987de22567512dedfed42ba63cce2d6663eaecb4217048653c648c7fb3e"", ""steps"": 100}, {""ase_converged"": false, ""converged"": false, ""end_geometry_sha256"": ""2b92249ee768d7227eae233e0bf8e1f39cb8b1aa76b48ed8cd021e500666ad73"", ""failure_class"": ""force_threshold"", ""max_force_eV_A"": 0.4218399514174132, ""name"": ""fire_precondition"", ""qualifying"": false, ""start_geometry_sha256"": ""7e1b1987de22567512dedfed42ba63cce2d6663eaecb4217048653c648c7fb3e"", ""steps"": 50}, {""ase_converged"": true, ""converged"": true, ""end_geometry_sha256"": ""5a484a7a19e68bbe6b3d34312096ba6175fc7d2dccdcba8a64084d2083bb854c"", ""failure_class"": null, ""max_force_eV_A"": 0.0699435191214261, ""name"": ""bfgs_after_fire"", ""start_geometry_sha256"": ""2b92249ee768d7227eae233e0bf8e1f39cb8b1aa76b48ed8cd021e500666ad73"", ""steps"": 83}]",5a484a7a19e68bbe6b3d34312096ba6175fc7d2dccdcba8a64084d2083bb854c,3.1720070347189937,3.0,step_3_OH,10.0,0.0,True,3.273446943163868,quantitative_screening,,False,0,0,a294354c1d511761ff54,False,0.610000000035
"('SAC', 'Nb', 'N3Se', 'MoS2_sheet', 'none')",SAC,True,esen-sm-conserving-all-oc25:relax-v4:orr-che-v3,True,0.07882076921631485,102,150,0.08,converged,,bfgs_standard,"[{""ase_converged"": true, ""converged"": true, ""end_geometry_sha256"": ""566767b04d16b07f9d9bb1dcf7e0dca19e575f393f0720a639de933e5b779182"", ""failure_class"": null, ""max_force_eV_A"": 0.07882076921631485, ""name"": ""bfgs_standard"", ""start_geometry_sha256"": ""e55e7c4f8af0cb1a123516971bfdc1cd1e697ef3283119668d885e2306c35ce6"", ""steps"": 102}]",566767b04d16b07f9d9bb1dcf7e0dca19e575f393f0720a639de933e5b779182,-141.89452251546112,True,0.07406677204341304,87.0,100.0,0.08,converged,,bfgs_standard,"[{""ase_converged"": true, ""converged"": true, ""end_geometry_sha256"": ""b85029c57a7490677fe55e0ebde8c0b963584e8af269a2b033d3d097af5e0b82"", ""failure_class"": null, ""max_force_eV_A"": 0.07406677204341304, ""name"": ""bfgs_standard"", ""start_geometry_sha256"": ""578f99d03d118fe1a5a5698f601a9c21abc843a17ab659b1b1b2f265bcce1f0f"", ""steps"": 87}]",b85029c57a7490677fe55e0ebde8c0b963584e8af269a2b033d3d097af5e0b82,-1.0800465394556522,True,0.0750813414533425,67.0,100.0,0.08,converged,,bfgs_standard,"[{""ase_converged"": true, ""converged"": true, ""end_geometry_sha256"": ""d25f8753be6521e52fa09e6dff798d03e932e368e5796bd25e154da4f81c4f0d"", ""failure_class"": null, ""max_force_eV_A"": 0.0750813414533425, ""name"": ""bfgs_standard"", ""start_geometry_sha256"": ""675d9f8082f3eb40d1af2c7f3df8454a565e9c2f7652dc50bef272a15d508d99"", ""steps"": 67}]",d25f8753be6521e52fa09e6dff798d03e932e368e5796bd25e154da4f81c4f0d,-1.945828997343775,True,0.07767466682917516,43.0,100.0,0.08,converged,,bfgs_standard,"[{""ase_converged"": true, ""converged"": true, ""end_geometry_sha256"": ""380aff9c31494cea0ba3b3216dfa1fa2de80874e1815aa7b051fd0f3548faaba"", ""failure_class"": null, ""max_force_eV_A"": 0.07767466682917516, ""name"": ""bfgs_standard"", ""start_geometry_sha256"": ""3f11b5c1365468e33393e7b41f6b710733970832450c1a6ca4bfd7e379a09f13"", ""steps"": 43}]",380aff9c31494cea0ba3b3216dfa1fa2de80874e1815aa7b051fd0f3548faaba,2.381866763532165,2.309046539455652,step_4_H2O,10.0,0.0,True,3.0258755367994272,quantitative_screening,,False,1,1,6f63d032c5995c4ffc1f,False,0.610000000035
"('DAC', 'Zr', 'Sn', 'N4O2', 'Phosphorene')",DAC,True,esen-sm-conserving-all-oc25:relax-v4:orr-che-v3,True,0.049137828648263916,393,150,0.08,converged,,bfgs_after_fire,"[{""ase_converged"": false, ""converged"": false, ""end_geometry_sha256"": ""6fdb785d67f4230b1cedd949c3a80eedf7520f5de4bf063bab916a917de116ec"", ""failure_class"": ""force_threshold"", ""max_force_eV_A"": 0.14058932324684126, ""name"": ""bfgs_standard"", ""start_geometry_sha256"": ""8789f739ff5d3be8bc39baba4362c7f7ac40152049b59cf69680601b61898717"", ""steps"": 150}, {""ase_converged"": false, ""converged"": false, ""end_geometry_sha256"": ""17e8bab00a5fa04637da12c09939b59deea3c29d288ba6c72f533fe616ddb7f6"", ""failure_class"": ""force_threshold"", ""max_force_eV_A"": 0.8778068279977487, ""name"": ""fire_precondition"", ""qualifying"": false, ""start_geometry_sha256"": ""8789f739ff5d3be8bc39baba4362c7f7ac40152049b59cf69680601b61898717"", ""steps"": 75}, {""ase_converged"": true, ""converged"": true, ""end_geometry_sha256"": ""5230ff1b4b62e19b42bd4a0b4bdb0af8c74d4ddf598fd2fc445baf4ccbb78a21"", ""failure_class"": null, ""max_force_eV_A"": 0.049137828648263916, ""name"": ""bfgs_after_fire"", ""start_geometry_sha256"": ""17e8bab00a5fa04637da12c09939b59deea3c29d288ba6c72f533fe616ddb7f6"", ""steps"": 168}]",5230ff1b4b62e19b42bd4a0b4bdb0af8c74d4ddf598fd2fc445baf4ccbb78a21,-131.92406645817434,True,0.07821079470335095,56.0,100.0,0.08,converged,,bfgs_standard,"[{""ase_converged"": true, ""converged"": true, ""end_geometry_sha256"": ""f4f841d6d37d750028ab8e04d2bdbbf58cb9da74d5684cdff289c314cfdc125f"", ""failure_class"": null, ""max_force_eV_A"": 0.07821079470335095, ""name"": ""bfgs_standard"", ""start_geometry_sha256"": ""4724f8bccf7e47ae053f8e924fb37fa4bb7a44a47c252c1328170606d7d66a2a"", ""steps"": 56}]",f4f841d6d37d750028ab8e04d2bdbbf58cb9da74d5684cdff289c314cfdc125f,0.16290551677346227,True,0.06981521291374135,81.0,100.0,0.08,converged,,bfgs_standard,"[{""ase_converged"": true, ""converged"": true, ""end_geometry_sha256"": ""eb4029170c9b86030ab686fde786f5bb92d3dc31d621d48425223c1fd5c325dd"", ""failure_class"": null, ""max_force_eV_A"": 0.06981521291374135, ""name"": ""bfgs_standard"", ""start_geometry_sha256"": ""94919341b48b9b94d9b4c1ee94bee9d3c39a478cca7c964ca3332ab8a05afe25"", ""steps"": 81}]",eb4029170c9b86030ab686fde786f5bb92d3dc31d621d48425223c1fd5c325dd,-0.26134594604372624,True,0.07543256536267948,78.0,100.0,0.08,converged,,bfgs_standard,"[{""ase_converged"": true, ""converged"": true, ""end_geometry_sha256"": ""81a10edfb8d98a4da3621eeaee67fdff31f9b3b798b92ef8a134c1a72c685ed6"", ""failure_class"": null, ""max_force_eV_A"": 0.07543256536267948, ""name"": ""bfgs_standard"", ""start_geometry_sha256"": ""9bfb3b578a663edaf5547691dd9f3e584b479f0c1a54939fce11a296d74d8767"", ""steps"": 78}]",81a10edfb8d98a4da3621eeaee67fdff31f9b3b798b92ef8a134c1a72c685ed6,3.5024303898215328,1.6532514628171886,step_3_OH,10.0,0.0,True,0.4242514628171885,quantitative_screening,,False,1,1,840b1c5d1182f96cdee4,False,0.5775000000349999
"('DAC', 'Nb', 'Cr', 'N4P2', 'N-porous_carbon')",DAC,True,esen-sm-conserving-all-oc25:relax-v4:orr-che-v3,True,0.05831148065532904,108,150,0.08,converged,,bfgs_standard,"[{""ase_converged"": true, ""converged"": true, ""end_geometry_sha256"": ""767de87701e8d071f4718a32e3b05be190dcbc9e7df956549b741c3e3f899b79"", ""failure_class"": null, ""max_force_eV_A"": 0.05831148065532904, ""name"": ""bfgs_standard"", ""start_geometry_sha256"": ""49dae8901f074b9e4c16b4b2471586703da6b21d2fdb8bbb9f6cf172e019e929"", ""steps"": 108}]",767de87701e8d071f4718a32e3b05be190dcbc9e7df956549b741c3e3f899b79,-138.02160334810944,True,0.07713599424386278,95.0,100.0,0.08,converged,,bfgs_standard,"[{""ase_converged"": true, ""converged"": true, ""end_geometry_sha256"": ""f9158eb584a83bb846f780a1aaae98c9d072a313c1aa59fa250fc362cd7ad64d"", ""failure_class"": null, ""max_force_eV_A"": 0.07713599424386278, ""name"": ""bfgs_standard"", ""start_geometry_sha256"": ""0442c77b66f046cc28f50241a3cd967e99d4e7cb0b2355fa5b18f45d5cdb5943"", ""steps"": 95}]",f9158eb584a83bb846f780a1aaae98c9d072a313c1aa59fa250fc362cd7ad64d,-3.0697976921498773,True,0.0694070688364154,277.0,100.0,0.08,converged,,bfgs_after_fire,"[{""ase_converged"": false, ""converged"": false, ""end_geometry_sha256"": ""6c5442e732f528f234891f49bc587e64529fc30ff225cd9d787671ff2b9b23d1"", ""failure_class"": ""force_threshold"", ""max_force_eV_A"": 0.17056562321548344, ""name"": ""bfgs_standard"", ""start_geometry_sha256"": ""e542d0c3e5d26f5c4c749c22d02513768cea4a80be56fe17faad1c8dba5e94f9"", ""steps"": 100}, {""ase_converged"": false, ""converged"": false, ""end_geometry_sha256"": ""44c6390752e558ef9318ed38e9a1d15bb517ddff290f613a359a4052291d7bb4"", ""failure_class"": ""force_threshold"", ""max_force_eV_A"": 0.3802099753830024, ""name"": ""fire_precondition"", ""qualifying"": false, ""start_geometry_sha256"": ""e542d0c3e5d26f5c4c749c22d02513768cea4a80be56fe17faad1c8dba5e94f9"", ""steps"": 50}, {""ase_converged"": true, ""converged"": true, ""end_geometry_sha256"": ""7213a27d5a39ef0448eadc23df340f627dc93a955047b338f6bbef0d57aaaf67"", ""failure_class"": null, ""max_force_eV_A"": 0.0694070688364154, ""name"": ""bfgs_after_fire"", ""start_geometry_sha256"": ""44c6390752e558ef9318ed38e9a1d15bb517ddff290f613a359a4052291d7bb4"", ""steps"": 127}]",7213a27d5a39ef0448eadc23df340f627dc93a955047b338f6bbef0d57aaaf67,-3.793050848692652,True,0.07818294474226178,98.0,100.0,0.08,converged,,bfgs_standard,"[{""ase_converged"": true, ""converged"": true, ""end_geometry_sha256"": ""3ccd1102ec5a339413944bb23c3a9e022eca24c93d87ff1ac1a4ca43ba492d25"", ""failure_class"": null, ""max_force_eV_A"": 0.07818294474226178, ""name"": ""bfgs_standard"", ""start_geometry_sha256"": ""3c6b441015cac48f55e6ef72930ee01ad6a3a9e0781d2464c136227c16fcf528"", ""steps"": 98}]",3ccd1102ec5a339413944bb23c3a9e022eca24c93d87ff1ac1a4ca43ba492d25,-4.307981540262695,3.0,step_4_H2O,9.0,0.0,True,6.8628485408425295,quantitative_screening,,False,2,2,0b38d53f2775892770e2,False,0.5775000000349999
"('DAC', 'Nb', 'Ni', 'C4N4', 'N-carbon_black')",DAC,True,esen-sm-conserving-all-oc25:relax-v4:orr-che-v3,True,0.07963540221538852,100,150,0.08,converged,,bfgs_standard,"[{""ase_converged"": true, ""converged"": true, ""end_geometry_sha256"": ""209bd5a1df489707b38b52f3b254b264cc802fafe205992991ab396b21edbd1e"", ""failure_class"": null, ""max_force_eV_A"": 0.07963540221538852, ""name"": ""bfgs_standard"", ""start_geometry_sha256"": ""5ecaf6ded68a9b92682d7384a0bac5ae257257116b5872a96e8279db7f5d6489"", ""steps"": 100}]",209bd5a1df489707b38b52f3b254b264cc802fafe205992991ab396b21edbd1e,-137.5457553623744,True,0.07197927245257006,58.0,100.0,0.08,converged,,bfgs_standard,"[{""ase_converged"": true, ""converged"": true, ""end_geometry_sha256"": ""af4ee37fd1940bab57c06dabe82983e44e4b90a1958f8df12738fddd41507e9f"", ""failure_class"": null, ""max_force_eV_A"": 0.07197927245257006, ""name"": ""bfgs_standard"", ""start_geometry_sha256"": ""60ec56aa3acdc2602b49a150a7be8ebcbd94b62122a3fc0d763a72b82e532e8f"", ""steps"": 58}]",af4ee37fd1940bab57c06dabe82983e44e4b90a1958f8df12738fddd41507e9f,0.2610557700693607,True,0.07489264427572788,68.0,100.0,0.08,converged,,bfgs_standard,"[{""ase_converged"": true, ""converged"": true, ""end_geometry_sha256"": ""44c664d07c04e4b63d663e53e727f1f64e8f31e5f6ac7a2944310064f25a7768"", ""failure_class"": null, ""max_force_eV_A"": 0.07489264427572788, ""name"": ""bfgs_standard"", ""start_geometry_sha256"": ""26e7893dbbd34c5e345243c4a5855202254323f1d31a474b75dec4e7bff2c34b"", ""steps"": 68}]",44c664d07c04e4b63d663e53e727f1f64e8f31e5f6ac7a2944310064f25a7768,-0.40789326354860905,True,0.07171014253667654,59.0,100.0,0.08,converged,,bfgs_standard,"[{""ase_converged"": true, ""converged"": true, ""end_geometry_sha256"": ""b94a8afbfdaa79aa9a1049efcc691adee7087bdd60d1bc594be3baa315063fa9"", ""failure_class"": null, ""max_force_eV_A"": 0.07171014253667654, ""name"": ""bfgs_standard"", ""start_geometry_sha256"": ""027cf25786bb0b87aa1fbc9b7a20c8189ba1cb72ccffc95bed75108769741e34"", ""steps"": 59}]",b94a8afbfdaa79aa9a1049efcc691adee7087bdd60d1bc594be3baa315063fa9,3.3293499454855953,1.8979490336179698,step_3_OH,10.0,0.0,True,0.6689490336179698,quantitative_screening,,False,0,0,614daafc89068142bf6b,False,0.5775000000349999
"('DAC', 'Nb', 'Zn', 'N4N4', 'N-CNT')",DAC,True,esen-sm-conserving-all-oc25:relax-v4:orr-che-v3,True,0.06785698282668244,53,150,0.08,converged,,bfgs_standard,"[{""ase_converged"": true, ""converged"": true, ""end_geometry_sha256"": ""e6dba2a2c0882aaae554eae7be0c460611e03282d1ea9329819e10525858b510"", ""failure_class"": null, ""max_force_eV_A"": 0.06785698282668244, ""name"": ""bfgs_standard"", ""start_geometry_sha256"": ""6e3d99c2a703f365ef1502d602f940ef34306d2c808ed32937d05c7e1b5b0a8a"", ""steps"": 53}]",e6dba2a2c0882aaae554eae7be0c460611e03282d1ea9329819e10525858b510,-166.9962253566216,True,0.07235831781232624,51.0,100.0,0.08,converged,,bfgs_standard,"[{""ase_converged"": true, ""converged"": true, ""end_geometry_sha256"": ""e57d318481bf3ddbad0ebd5940f7cf55c28f9e424b13cd09ac2aacc080ed729f"", ""failure_class"": null, ""max_force_eV_A"": 0.07235831781232624, ""name"": ""bfgs_standard"", ""start_geometry_sha256"": ""d323b22f07940301120f9b9f1f58462f58b508b369b52f174834ef5972034120"", ""steps"": 51}]",e57d318481bf3ddbad0ebd5940f7cf55c28f9e424b13cd09ac2aacc080ed729f,-1.570097145885229,True,0.07276780904686353,34.0,100.0,0.08,converged,,bfgs_standard,"[{""ase_converged"": true, ""converged"": true, ""end_geometry_sha256"": ""0761bf976240ab67601149a54d2380ea6d1ca49c82ac22636ee11c4a6b73898c"", ""failure_class"": null, ""max_force_eV_A"": 0.07276780904686353, ""name"": ""bfgs_standard"", ""start_geometry_sha256"": ""67d80572083ade297a3fb98a6ff55e0bb5612ee15f4850174784102416f055bc"", ""steps"": 34}]",0761bf976240ab67601149a54d2380ea6d1ca49c82ac22636ee11c4a6b73898c,-2.44239910766482,True,0.058492189287320695,91.0,100.0,0.08,converged,,bfgs_standard,"[{""ase_converged"": true, ""converged"": true, ""end_geometry_sha256"": ""920e8f9b0e001a5e96a4e8c290f3afc0d91ba1d0698d8ac91c7011cdb4630b2b"", ""failure_class"": null, ""max_force_eV_A"": 0.058492189287320695, ""name"": ""bfgs_standard"", ""start_geometry_sha256"": ""fd55782ba3d9eaaea190131360afd8e87f4f6a7a4f558f21b991d09e69d65e46"", ""steps"": 91}]",920e8f9b0e001a5e96a4e8c290f3afc0d91ba1d0698d8ac91c7011cdb4630b2b,-4.187474299967285,2.9740751923024646,step_2_O,10.0,0.0,True,4.012496253550049,quantitative_screening,,False,0,0,07a9ee88e62e8b44b258,False,0.5775000000349999
"('DAC', 'Nb', 'Ru', 'C4N4', 'Phosphorene')",DAC,True,esen-sm-conserving-all-oc25:relax-v4:orr-che-v3,True,0.07785669124103228,122,150,0.08,converged,,bfgs_standard,"[{""ase_converged"": true, ""converged"": true, ""end_geometry_sha256"": ""ee73a9078dc3e92b7bb118f02c4c03d64601da906c6e6fa44ec5fa135ae91a01"", ""failure_class"": null, ""max_force_eV_A"": 0.07785669124103228, ""name"": ""bfgs_standard"", ""start_geometry_sha256"": ""f72f5de888c3c0aad7bb83e96e55f2b89081237b7ddf8bf6c1ed8a0404bec56a"", ""steps"": 122}]",ee73a9078dc3e92b7bb118f02c4c03d64601da906c6e6fa44ec5fa135ae91a01,-135.22366004957422,True,0.06708675052549205,259.0,100.0,0.08,converged,,bfgs_after_fire,"[{""ase_converged"": false, ""converged"": false, ""end_geometry_sha256"": ""579cfcab4c977e17dbc4acb7162006d5ad66d28ed0847e5c05addd6d9475d52b"", ""failure_class"": ""force_threshold"", ""max_force_eV_A"": 0.29420047146150663, ""name"": ""bfgs_standard"", ""start_geometry_sha256"": ""e33ae126948b2f17650822bf1258a0d9ec7087a2819d7a26c44e1e6a2ab5b66c"", ""steps"": 100}, {""ase_converged"": true, ""converged"": true, ""end_geometry_sha256"": ""9823824ba0f48efb3c50e44ad1e5a0a40ef8a6f7532db53eb01f5ef042971d56"", ""failure_class"": null, ""max_force_eV_A"": 0.229169363743073, ""name"": ""fire_precondition"", ""qualifying"": false, ""start_geometry_sha256"": ""e33ae126948b2f17650822bf1258a0d9ec7087a2819d7a26c44e1e6a2ab5b66c"", ""steps"": 42}, {""ase_converged"": true, ""converged"": true, ""end_geometry_sha256"": ""87fa95caf5e3f81a6f5b2c00d9a11213cb02c4171f4e5bf7f159c4ae08bbb998"", ""failure_class"": null, ""max_force_eV_A"": 0.06708675052549205, ""name"": ""bfgs_after_fire"", ""start_geometry_sha256"": ""9823824ba0f48efb3c50e44ad1e5a0a40ef8a6f7532db53eb01f5ef042971d56"", ""steps"": 117}]",87fa95caf5e3f81a6f5b2c00d9a11213cb02c4171f4e5bf7f159c4ae08bbb998,-4.048781094402075,True,0.06984473363623851,97.0,100.0,0.08,converged,,bfgs_standard,"[{""ase_converged"": true, ""converged"": true, ""end_geometry_sha256"": ""4ec27b2ea16a8308c297224b1415d36c39c9e2a044b2da3c0a18572702f6c38a"", ""failure_class"": null, ""max_force_eV_A"": 0.06984473363623851, ""name"": ""bfgs_standard"", ""start_geometry_sha256"": ""3154cf63bb92f98116ea535d16ab0a0ab345839fb012892c644ac41809223f97"", ""steps"": 97}]",4ec27b2ea16a8308c297224b1415d36c39c9e2a044b2da3c0a18572702f6c38a,-2.7226706378161873,True,0.0710163290219689,253.0,100.0,0.08,converged,,bfgs_after_fire,"[{""ase_converged"": false, ""converged"": false, ""end_geometry_sha256"": ""a088f9961d6c468df2bbbafef60e7d65a5e189c0fb877fcdccdebec5356d2f2e"", ""failure_class"": ""force_threshold"", ""max_force_eV_A"": 0.15561202192947202, ""name"": ""bfgs_standard"", ""start_geometry_sha256"": ""5a96324126c2476daec35269922d16700b7ff6227c20eab95f4848c99790b9f8"", ""steps"": 100}, {""ase_converged"": false, ""converged"": false, ""end_geometry_sha256"": ""71d86b41b1723a83bf7a46a2ef26a319a8e1b29ebd461b0aa56b6cf72fe74320"", ""failure_class"": ""force_threshold"", ""max_force_eV_A"": 1.0009663845819035, ""name"": ""fire_precondition"", ""qualifying"": false, ""start_geometry_sha256"": ""5a96324126c2476daec35269922d16700b7ff6227c20eab95f4848c99790b9f8"", ""steps"": 50}, {""ase_converged"": true, ""converged"": true, ""end_geometry_sha256"": ""e4619c0ebdf753b343a7eb2957d939a44cd9fdfc2873cbf818f3a56f8449bcdc"", ""failure_class"": null, ""max_force_eV_A"": 0.0710163290219689, ""name"": ""bfgs_after_fire"", ""start_geometry_sha256"": ""71d86b41b1723a83bf7a46a2ef26a319a8e1b29ebd461b0aa56b6cf72fe74320"", ""steps"": 103}]",e4619c0ebdf753b343a7eb2957d939a44cd9fdfc2873cbf818f3a56f8449bcdc,-1.9522309795021977,3.0,step_4_H2O,10.0,-2.0,True,6.771451732218262,quantitative_screening,,False,1,1,3f6c24c4726717b76c9a,False,0.5775000000349999
"('DAC', 'Nb', 'Ta', 'N4C2', 'BN_sheet')",DAC,True,esen-sm-conserving-all-oc25:relax-v4:orr-che-v3,True,0.07888128207258019,122,150,0.08,converged,,bfgs_standard,"[{""ase_converged"": true, ""converged"": true, ""end_geometry_sha256"": ""33e6d9fbd9653d68c33db9b63337b3faa8eb256b15af348fa67b501d5ffbaaad"", ""failure_class"": null, ""max_force_eV_A"": 0.07888128207258019, ""name"": ""bfgs_standard"", ""start_geometry_sha256"": ""233213ffadf953b88f8cb94436b06be9258197641a3f73af386b72430473f7fe"", ""steps"": 122}]",33e6d9fbd9653d68c33db9b63337b3faa8eb256b15af348fa67b501d5ffbaaad,-160.6703835257092,True,0.06653229020941719,274.0,100.0,0.08,converged,,bfgs_after_fire,"[{""ase_converged"": false, ""converged"": false, ""end_geometry_sha256"": ""ac6e800c07c220e02b9828933ac129b8af6e413b1f6a3d0d1a60a7ba23e94f79"", ""failure_class"": ""force_threshold"", ""max_force_eV_A"": 0.15512923507609064, ""name"": ""bfgs_standard"", ""start_geometry_sha256"": ""5c4c06f2a50e2c31fed9db6758d650862ca0e0b9cfa920aed74dd2b20a951025"", ""steps"": 100}, {""ase_converged"": false, ""converged"": false, ""end_geometry_sha256"": ""b46931d246e885467501b2ecd428ca5c5bf1786229de818217d5463d2c879731"", ""failure_class"": ""force_threshold"", ""max_force_eV_A"": 0.8076500701737555, ""name"": ""fire_precondition"", ""qualifying"": false, ""start_geometry_sha256"": ""5c4c06f2a50e2c31fed9db6758d650862ca0e0b9cfa920aed74dd2b20a951025"", ""steps"": 50}, {""ase_converged"": true, ""converged"": true, ""end_geometry_sha256"": ""0ad0da79c99a9cfa711ca83aa7dad465bddbd63dabe2095cf2394524bc9a2d5c"", ""failure_class"": null, ""max_force_eV_A"": 0.06653229020941719, ""name"": ""bfgs_after_fire"", ""start_geometry_sha256"": ""b46931d246e885467501b2ecd428ca5c5bf1786229de818217d5463d2c879731"", ""steps"": 124}]",0ad0da79c99a9cfa711ca83aa7dad465bddbd63dabe2095cf2394524bc9a2d5c,-2.01577824100852,True,0.07113276652005376,96.0,100.0,0.08,converged,,bfgs_standard,"[{""ase_converged"": true, ""converged"": true, ""end_geometry_sha256"": ""137a5998425e2d3e0d412a92d4813a311b49b8a7fd020724389f99a9e5e0da24"", ""failure_class"": null, ""max_force_eV_A"": 0.07113276652005376, ""name"": ""bfgs_standard"", ""start_geometry_sha256"": ""05cac56cbf31059e801bd87bb4677f0fc54850aca6de32aa04efb89c434a2496"", ""steps"": 96}]",137a5998425e2d3e0d412a92d4813a311b49b8a7fd020724389f99a9e5e0da24,-4.839726530760523,True,0.052066950458338444,271.0,100.0,0.08,converged,,bfgs_after_fire,"[{""ase_converged"": false, ""converged"": false, ""end_geometry_sha256"": ""5476c956ba206fc479fc8dce35b75e72dfebd18a554b799517fa7ca8a863bed1"", ""failure_class"": ""force_threshold"", ""max_force_eV_A"": 0.13823966657615142, ""name"": ""bfgs_standard"", ""start_geometry_sha256"": ""b484c0443ca0b16346cf0ce9f6e6589d0b1e02c79b92242ce479a83e4f129511"", ""steps"": 100}, {""ase_converged"": true, ""converged"": true, ""end_geometry_sha256"": ""77a8246c7c4eef49f3f60549c6cef329bb378b41b972db4652c87ff38a9bfbf2"", ""failure_class"": null, ""max_force_eV_A"": 0.22408452516902802, ""name"": ""fire_precondition"", ""qualifying"": false, ""start_geometry_sha256"": ""b484c0443ca0b16346cf0ce9f6e6589d0b1e02c79b92242ce479a83e4f129511"", ""steps"": 33}, {""ase_converged"": true, ""converged"": true, ""end_geometry_sha256"": ""8c14c4bc03df7d1782d2ddac63a0f3eac9aa498068c78f3a615a3ba705de4549"", ""failure_class"": null, ""max_force_eV_A"": 0.052066950458338444, ""name"": ""bfgs_after_fire"", ""start_geometry_sha256"": ""77a8246c7c4eef49f3f60549c6cef329bb378b41b972db4652c87ff38a9bfbf2"", ""steps"": 138}]",8c14c4bc03df7d1782d2ddac63a0f3eac9aa498068c78f3a615a3ba705de4549,4.2692474827170415,3.0,step_3_OH,10.0,-0.3979400086720377,True,6.855504771769043,quantitative_screening,,False,0,0,1b350685f351fce40a69,False,0.5775000000349999
"('DAC', 'Nb', 'Ce', 'N3SN3', 'N-carbon_black')",DAC,True,esen-sm-conserving-all-oc25:relax-v4:orr-che-v3,True,0.07721272815164826,106,150,0.08,converged,,bfgs_standard,"[{""ase_converged"": true, ""converged"": true, ""end_geometry_sha256"": ""607b873dfc7b35a129036c54699d644f15737964b0375bf2254db9fe53f68be8"", ""failure_class"": null, ""max_force_eV_A"": 0.07721272815164826, ""name"": ""bfgs_standard"", ""start_geometry_sha256"": ""7f750161665d1213297da59f6e1ba4762bbbe18def422b5ef7215dee5dc6a70b"", ""steps"": 106}]",607b873dfc7b35a129036c54699d644f15737964b0375bf2254db9fe53f68be8,-153.13062675851316,True,0.07347095441229959,255.0,100.0,0.08,converged,,bfgs_after_fire,"[{""ase_converged"": false, ""converged"": false, ""end_geometry_sha256"": ""eb906d9d7e44362ab4bf256626104d129a0c939e8588ec9ee1495dadcddf5b5c"", ""failure_class"": ""force_threshold"", ""max_force_eV_A"": 0.11797585171471753, ""name"": ""bfgs_standard"", ""start_geometry_sha256"": ""215c4f1498b7c7e83fa54171dc75a89497ff39159b8afc4c43acd4770e344425"", ""steps"": 100}, {""ase_converged"": true, ""converged"": true, ""end_geometry_sha256"": ""abde9ecc955a765eefb6fdcd087ca972a0c201f971428e4970ee6757e23ac58c"", ""failure_class"": null, ""max_force_eV_A"": 0.2376147062887989, ""name"": ""fire_precondition"", ""qualifying"": false, ""start_geometry_sha256"": ""215c4f1498b7c7e83fa54171dc75a89497ff39159b8afc4c43acd4770e344425"", ""steps"": 30}, {""ase_converged"": true, ""converged"": true, ""end_geometry_sha256"": ""99f55cc969e0caa459015ee12f73e1063a045b129beb0298ce4b7b2dd8b9979d"", ""failure_class"": null, ""max_force_eV_A"": 0.07347095441229959, ""name"": ""bfgs_after_fire"", ""start_geometry_sha256"": ""abde9ecc955a765eefb6fdcd087ca972a0c201f971428e4970ee6757e23ac58c"", ""steps"": 125}]",99f55cc969e0caa459015ee12f73e1063a045b129beb0298ce4b7b2dd8b9979d,-0.9363824699819088,True,0.07700436022541746,228.0,100.0,0.08,converged,,bfgs_after_fire,"[{""ase_converged"": false, ""converged"": false, ""end_geometry_sha256"": ""7404cd422a9be2b70443dafe80cbf4e209ff2227fe1b06db3aeb7e81d8130067"", ""failure_class"": ""force_threshold"", ""max_force_eV_A"": 0.09043555548860144, ""name"": ""bfgs_standard"", ""start_geometry_sha256"": ""e30615ce89c2578bf3c750581915bbf69bfc03bc35d28cdc142bc9a1a83cab22"", ""steps"": 100}, {""ase_converged"": true, ""converged"": true, ""end_geometry_sha256"": ""481539a7f62d4b5cb96f9407bed7d5e948e43ae46c5901cda1dac78527f1f363"", ""failure_class"": null, ""max_force_eV_A"": 0.21951635951809476, ""name"": ""fire_precondition"", ""qualifying"": false, ""start_geometry_sha256"": ""e30615ce89c2578bf3c750581915bbf69bfc03bc35d28cdc142bc9a1a83cab22"", ""steps"": 44}, {""ase_converged"": true, ""converged"": true, ""end_geometry_sha256"": ""b9be2c450affd5f8d9e2f6fb38b218f09f5cb1a5c1411859ca4f61085e8b7ef2"", ""failure_class"": null, ""max_force_eV_A"": 0.07700436022541746, ""name"": ""bfgs_after_fire"", ""start_geometry_sha256"": ""481539a7f62d4b5cb96f9407bed7d5e948e43ae46c5901cda1dac78527f1f363"", ""steps"": 84}]",b9be2c450affd5f8d9e2f6fb38b218f09f5cb1a5c1411859ca4f61085e8b7ef2,-0.8138409487903082,True,0.07257007318143578,285.0,100.0,0.08,converged,,bfgs_after_fire,"[{""ase_converged"": false, ""converged"": false, ""end_geometry_sha256"": ""b8ad0c4794cb5ad3e4eb441248675a7d073dfbfdd0e9cad5faa48f6093581603"", ""failure_class"": ""force_threshold"", ""max_force_eV_A"": 0.5541439949705761, ""name"": ""bfgs_standard"", ""start_geometry_sha256"": ""9bbe160781e016cc6a6e962ceea4d79841e74a7b4a7974f22e7cb9f59687c0a2"", ""steps"": 100}, {""ase_converged"": true, ""converged"": true, ""end_geometry_sha256"": ""a208ab41380881bc148d78bf27194dcab34a58333935c868aadd4f571cf72fc0"", ""failure_class"": null, ""max_force_eV_A"": 0.23419293987526874, ""name"": ""fire_precondition"", ""qualifying"": false, ""start_geometry_sha256"": ""9bbe160781e016cc6a6e962ceea4d79841e74a7b4a7974f22e7cb9f59687c0a2"", ""steps"": 47}, {""ase_converged"": true, ""converged"": true, ""end_geometry_sha256"": ""508dc1cc1a5ba8b78c7d80ee1834d398d6f17afab46b439b9032ff3ad028dc29"", ""failure_class"": null, ""max_force_eV_A"": 0.07257007318143578, ""name"": ""bfgs_after_fire"", ""start_geometry_sha256"": ""a208ab41380881bc148d78bf27194dcab34a58333935c868aadd4f571cf72fc0"", ""steps"": 138}]",508dc1cc1a5ba8b78c7d80ee1834d398d6f17afab46b439b9032ff3ad028dc29,-0.35655121952294944,2.1653824699819086,step_4_H2O,10.0,0.0,True,1.750223418772217,quantitative_screening,,True,2,2,184a5d5b299031b10931,False,0.498608834270667
"('DAC', 'Nb', 'Gd', 'N4S2', 'N-graphene')",DAC,True,esen-sm-conserving-all-oc25:relax-v4:orr-che-v3,True,0.07542270045075512,346,150,0.08,converged,,bfgs_after_fire,"[{""ase_converged"": false, ""converged"": false, ""end_geometry_sha256"": ""11b1b09e3ee08db9679e8f722df5a89551a78e33407bc4939512fb49c4a42844"", ""failure_class"": ""force_threshold"", ""max_force_eV_A"": 0.13843472429880305, ""name"": ""bfgs_standard"", ""start_geometry_sha256"": ""f126375826f023ebc21121aa2b6079817cfba83b7ae39cba6bcefe573e453455"", ""steps"": 150}, {""ase_converged"": false, ""converged"": false, ""end_geometry_sha256"": ""0c106fa456b727cced6ed32eb8534474573a750eff1a039fd6dd3ad7b47f8e9d"", ""failure_class"": ""force_threshold"", ""max_force_eV_A"": 1.0788984645438666, ""name"": ""fire_precondition"", ""qualifying"": false, ""start_geometry_sha256"": ""f126375826f023ebc21121aa2b6079817cfba83b7ae39cba6bcefe573e453455"", ""steps"": 75}, {""ase_converged"": true, ""converged"": true, ""end_geometry_sha256"": ""6feff647790d9d8e20e86517470ddebe0d47048ce3f00de0ea24e221cd6e1453"", ""failure_class"": null, ""max_force_eV_A"": 0.07542270045075512, ""name"": ""bfgs_after_fire"", ""start_geometry_sha256"": ""0c106fa456b727cced6ed32eb8534474573a750eff1a039fd6dd3ad7b47f8e9d"", ""steps"": 121}]",6feff647790d9d8e20e86517470ddebe0d47048ce3f00de0ea24e221cd6e1453,-139.78854247740045,True,0.0728806441183965,229.0,100.0,0.08,converged,,bfgs_after_fire,"[{""ase_converged"": false, ""converged"": false, ""end_geometry_sha256"": ""6dd68b55c2e1c9f7cde7fecf26f4a66f9ce37ad4ed787f008ad81cdb2e07d0f5"", ""failure_class"": ""force_threshold"", ""max_force_eV_A"": 0.6118476708289049, ""name"": ""bfgs_standard"", ""start_geometry_sha256"": ""18142fdb8075930bbab2caba01f96c7d0daf9b904d4e8f49cc19c4ae0dd5e158"", ""steps"": 100}, {""ase_converged"": true, ""converged"": true, ""end_geometry_sha256"": ""bcff6bc3e42da92b2e74a21c797742236c4db5b2e2f8212ca4df401577b98e86"", ""failure_class"": null, ""max_force_eV_A"": 0.24148079170682435, ""name"": ""fire_precondition"", ""qualifying"": false, ""start_geometry_sha256"": ""18142fdb8075930bbab2caba01f96c7d0daf9b904d4e8f49cc19c4ae0dd5e158"", ""steps"": 34}, {""ase_converged"": true, ""converged"": true, ""end_geometry_sha256"": ""7438357695e3ba15b44328b753242613befa1819d7e458dbb1f806cc359096f8"", ""failure_class"": null, ""max_force_eV_A"": 0.0728806441183965, ""name"": ""bfgs_after_fire"", ""start_geometry_sha256"": ""bcff6bc3e42da92b2e74a21c797742236c4db5b2e2f8212ca4df401577b98e86"", ""steps"": 95}]",7438357695e3ba15b44328b753242613befa1819d7e458dbb1f806cc359096f8,1.7957952643930912,True,0.0789391590050055,81.0,100.0,0.08,converged,,bfgs_standard,"[{""ase_converged"": true, ""converged"": true, ""end_geometry_sha256"": ""35ea6a39004113391a283146fd860b0afc69056064ff58d7ca0695c761ba6515"", ""failure_class"": null, ""max_force_eV_A"": 0.0789391590050055, ""name"": ""bfgs_standard"", ""start_geometry_sha256"": ""2dcf5cd8ce3476cf97b391d58115e0a8e82e9a561b6b2bfe14eb829645a190f8"", ""steps"": 81}]",35ea6a39004113391a283146fd860b0afc69056064ff58d7ca0695c761ba6515,-1.2085095278918707,True,0.07537306431139683,70.0,100.0,0.08,converged,,bfgs_standard,"[{""ase_converged"": true, ""converged"": true, ""end_geometry_sha256"": ""2dcad6822664134cbdeafae12faf91e1794b2d294a7c7dd7b5cff146698c7532"", ""failure_class"": null, ""max_force_eV_A"": 0.07537306431139683, ""name"": ""bfgs_standard"", ""start_geometry_sha256"": ""dd8dc84c58ce0fdabf907e7baebc811c34d06b7e3d921fc438f032882826c23c"", ""steps"": 70}]",2dcad6822664134cbdeafae12faf91e1794b2d294a7c7dd7b5cff146698c7532,5.008676956593995,3.0,step_3_OH,10.0,0.0,True,3.004304792284962,quantitative_screening,,True,1,1,aa2178fb2cccc9b7c687,False,0.498608834270667
"('DAC', 'Nb', 'Al', 'N3BN3', 'Phosphorene')",DAC,True,esen-sm-conserving-all-oc25:relax-v4:orr-che-v3,True,0.06410990428812573,91,150,0.08,converged,,bfgs_standard,"[{""ase_converged"": true, ""converged"": true, ""end_geometry_sha256"": ""02d019576cd28eda12b488910fc36ee04407fe667ce6d1a4bb19f2a3284c9c32"", ""failure_class"": null, ""max_force_eV_A"": 0.06410990428812573, ""name"": ""bfgs_standard"", ""start_geometry_sha256"": ""dde04dc2434b7c6e93c9fd3f67b1df27c48cffccdfccfa03ccbce56ca3c877ac"", ""steps"": 91}]",02d019576cd28eda12b488910fc36ee04407fe667ce6d1a4bb19f2a3284c9c32,-132.34699541275157,True,0.07099845263978607,94.0,100.0,0.08,converged,,bfgs_standard,"[{""ase_converged"": true, ""converged"": true, ""end_geometry_sha256"": ""25f7e53dc05f3474b687fa4d1d0ce6aea4b926fc3b50171ebe1fb4f37a77071b"", ""failure_class"": null, ""max_force_eV_A"": 0.07099845263978607, ""name"": ""bfgs_standard"", ""start_geometry_sha256"": ""02cfe5756325e9ca46c418a2cb4b602aa64aa68000518aa8adfc93d9ae11f5a4"", ""steps"": 94}]",25f7e53dc05f3474b687fa4d1d0ce6aea4b926fc3b50171ebe1fb4f37a77071b,-1.8494726990163326,True,0.07145259418441617,48.0,100.0,0.08,converged,,bfgs_standard,"[{""ase_converged"": true, ""converged"": true, ""end_geometry_sha256"": ""9145f5c9659600d135df7d11c46767a9fbf998bc6392ac6efc6c1d40b8192f55"", ""failure_class"": null, ""max_force_eV_A"": 0.07145259418441617, ""name"": ""bfgs_standard"", ""start_geometry_sha256"": ""fda8c4abf6006b716d01091f47511bd23277d5e9532d6ad4a82fca6e324ef531"", ""steps"": 48}]",9145f5c9659600d135df7d11c46767a9fbf998bc6392ac6efc6c1d40b8192f55,-2.153728090971705,True,0.07668600738349866,66.0,100.0,0.08,converged,,bfgs_standard,"[{""ase_converged"": true, ""converged"": true, ""end_geometry_sha256"": ""7b9401419bf4014c850f46e8703ed4f283897bbba0af697badb97b0e349f20c0"", ""failure_class"": null, ""max_force_eV_A"": 0.07668600738349866, ""name"": ""bfgs_standard"", ""start_geometry_sha256"": ""860be68c79cf3dd98ef152b484cc4e5419eaf401d0c9212fa4efa4f42e2f1e1c"", ""steps"": 66}]",7b9401419bf4014c850f46e8703ed4f283897bbba0af697badb97b0e349f20c0,-2.8536606326699223,3.0,step_4_H2O,10.0,0.0,True,4.003200789988037,quantitative_screening,,False,0,0,772aab89a1d5163a0c4b,False,0.5775000000349999
"('DAC', 'Nb', 'Pb', 'N4S2', 'N-mesoporous_carbon')",DAC,True,esen-sm-conserving-all-oc25:relax-v4:orr-che-v3,True,0.07142535550441358,448,150,0.08,converged,,bfgs_after_fire,"[{""ase_converged"": false, ""converged"": false, ""end_geometry_sha256"": ""2b71731694f48b46c998f026032ba8fe39b127bfb80b55e4a9fe20e4fc418533"", ""failure_class"": ""force_threshold"", ""max_force_eV_A"": 0.49650529313461833, ""name"": ""bfgs_standard"", ""start_geometry_sha256"": ""07c4c36bbb2398670d3ae8e79064e8d1577b6f5a3504979a78fd5df5f00dd3eb"", ""steps"": 150}, {""ase_converged"": false, ""converged"": false, ""end_geometry_sha256"": ""a2a6778dd06d201830086f6dd9662c5753e6ae182198e6edd7b0843549f96850"", ""failure_class"": ""force_threshold"", ""max_force_eV_A"": 0.7263882999471278, ""name"": ""fire_precondition"", ""qualifying"": false, ""start_geometry_sha256"": ""07c4c36bbb2398670d3ae8e79064e8d1577b6f5a3504979a78fd5df5f00dd3eb"", ""steps"": 75}, {""ase_converged"": true, ""converged"": true, ""end_geometry_sha256"": ""50a44fb197696292258ae682aad4b38b03c96eccd933572c2afb6b2c29251ac8"", ""failure_class"": null, ""max_force_eV_A"": 0.07142535550441358, ""name"": ""bfgs_after_fire"", ""start_geometry_sha256"": ""a2a6778dd06d201830086f6dd9662c5753e6ae182198e6edd7b0843549f96850"", ""steps"": 223}]",50a44fb197696292258ae682aad4b38b03c96eccd933572c2afb6b2c29251ac8,-133.43441515912704,True,0.0674931447593035,61.0,100.0,0.08,converged,,bfgs_standard,"[{""ase_converged"": true, ""converged"": true, ""end_geometry_sha256"": ""9737eeeab1e7315cf83cf6826711769dd46a1f52ecf0b46e1ece2a09b4a43718"", ""failure_class"": null, ""max_force_eV_A"": 0.0674931447593035, ""name"": ""bfgs_standard"", ""start_geometry_sha256"": ""af954a996ac0f48a1bd6648bcbe8d30463704630cc0b1e79b2080f3405ab0313"", ""steps"": 61}]",9737eeeab1e7315cf83cf6826711769dd46a1f52ecf0b46e1ece2a09b4a43718,0.059736075550317735,True,0.060766426203879294,95.0,100.0,0.08,converged,,bfgs_standard,"[{""ase_converged"": true, ""converged"": true, ""end_geometry_sha256"": ""a9649ac7ba4e430ea17a77e3ef1706246aaf038d890dfa490cce01cc1127548f"", ""failure_class"": null, ""max_force_eV_A"": 0.060766426203879294, ""name"": ""bfgs_standard"", ""start_geometry_sha256"": ""66ace4598e5b1092c3adb0990ff8b1bee91dd195a34669b268b2e2066815f542"", ""steps"": 95}]",a9649ac7ba4e430ea17a77e3ef1706246aaf038d890dfa490cce01cc1127548f,-0.9891138903796637,True,0.06487085618667664,90.0,100.0,0.08,converged,,bfgs_standard,"[{""ase_converged"": true, ""converged"": true, ""end_geometry_sha256"": ""24ace736a27f613b3484ad6518dda76939b1a33e1b28c6e48d185ec6d8ce2c8d"", ""failure_class"": null, ""max_force_eV_A"": 0.06487085618667664, ""name"": ""bfgs_standard"", ""start_geometry_sha256"": ""80d37239a77ebe75ae890e2751ae03b2cb88962ddd996ce5f1be11c59d422269"", ""steps"": 90}]",24ace736a27f613b3484ad6518dda76939b1a33e1b28c6e48d185ec6d8ce2c8d,3.2973513111472164,2.2778499659299816,step_3_OH,10.0,0.0,True,1.0488499659299815,quantitative_screening,,True,2,2,1785226f202bf54f4f8a,False,0.498608834270667
"('MOF', 'Mo', 'Phthalocyanine', 'N4O2', 30.0)",MOF,False,esen-sm-conserving-all-oc25:relax-v4:orr-che-v3,False,0.2917654013412339,975,150,0.08,recovery_exhausted,force_threshold,fire_small_step,"[{""ase_converged"": false, ""converged"": false, ""end_geometry_sha256"": ""e8b9831cdaced6497dc35e2c94daf91984359195307bfa16a834f6ad9681f7d9"", ""failure_class"": ""force_threshold"", ""max_force_eV_A"": 0.6008867001276372, ""name"": ""bfgs_standard"", ""start_geometry_sha256"": ""fbf94eccba56bea858a47098682bd31ba51bda761e1331b43bf570a6a379567f"", ""steps"": 150}, {""ase_converged"": false, ""converged"": false, ""end_geometry_sha256"": ""9427ae7ce2c30a7634c8c96f36bf1d85b0d13e45069ea289ac2bdf106051bda7"", ""failure_class"": ""force_threshold"", ""max_force_eV_A"": 0.809197886318284, ""name"": ""fire_precondition"", ""qualifying"": false, ""start_geometry_sha256"": ""fbf94eccba56bea858a47098682bd31ba51bda761e1331b43bf570a6a379567f"", ""steps"": 75}, {""ase_converged"": false, ""converged"": false, ""end_geometry_sha256"": ""be324d550a66b4ded42226aea20fb520de14bee550ddc71de55c024a707577c7"", ""failure_class"": ""force_threshold"", ""max_force_eV_A"": 1.860206949646545, ""name"": ""bfgs_after_fire"", ""start_geometry_sha256"": ""9427ae7ce2c30a7634c8c96f36bf1d85b0d13e45069ea289ac2bdf106051bda7"", ""steps"": 300}, {""ase_converged"": false, ""converged"": false, ""end_geometry_sha256"": ""0a6b8de3dd9b897cf503edbfb685ccdc59b4cb64d7ad1dd19d28d49bf6f7ffdd"", ""failure_class"": ""force_threshold"", ""max_force_eV_A"": 0.2917654013412339, ""name"": ""fire_small_step"", ""start_geometry_sha256"": ""e8b9831cdaced6497dc35e2c94daf91984359195307bfa16a834f6ad9681f7d9"", ""steps"": 450}]",0a6b8de3dd9b897cf503edbfb685ccdc59b4cb64d7ad1dd19d28d49bf6f7ffdd,,,,,,,,,,,,,,,,,,,,,,,,,,,,,,,,,,,,,,,,,validation_required,Unconverged clean relaxation: max_force=0.291765 eV/A after 975 cumulative recovery steps,True,0,0,5f8b595ef45179ec948b,False,
"('MOF', 'Mo', 'Imidazolate', 'N4', 40.0)",MOF,False,esen-sm-conserving-all-oc25:relax-v4:orr-che-v3,False,0.23910687094023358,975,150,0.08,recovery_exhausted,force_threshold,fire_small_step,"[{""ase_converged"": false, ""converged"": false, ""end_geometry_sha256"": ""86c780fdf11d6c3a746f043cf172c764ec23f95b2db221de4cab92ad6607ea19"", ""failure_class"": ""force_threshold"", ""max_force_eV_A"": 0.6120984521368514, ""name"": ""bfgs_standard"", ""start_geometry_sha256"": ""a7ed5e6ec9932c0179284f7dcb9e58ad5ebbd993716412f566dda30d4914fb6a"", ""steps"": 150}, {""ase_converged"": false, ""converged"": false, ""end_geometry_sha256"": ""93f005089d56197e9842a85854121c40c9ca02b6783a8e0ba4c558b2baa33705"", ""failure_class"": ""force_threshold"", ""max_force_eV_A"": 0.672743671654714, ""name"": ""fire_precondition"", ""qualifying"": false, ""start_geometry_sha256"": ""a7ed5e6ec9932c0179284f7dcb9e58ad5ebbd993716412f566dda30d4914fb6a"", ""steps"": 75}, {""ase_converged"": false, ""converged"": false, ""end_geometry_sha256"": ""e0cb1fa8bcfa17a38a3665b1543d459144b58517d0023404afc982ace3ae1c09"", ""failure_class"": ""force_threshold"", ""max_force_eV_A"": 1.5454529718118521, ""name"": ""bfgs_after_fire"", ""start_geometry_sha256"": ""93f005089d56197e9842a85854121c40c9ca02b6783a8e0ba4c558b2baa33705"", ""steps"": 300}, {""ase_converged"": false, ""converged"": false, ""end_geometry_sha256"": ""9dbd9d2f3648b15ebeeb4af5412fa2ee5dc8565e5cc1a9f1df27ee7d92e9313a"", ""failure_class"": ""force_threshold"", ""max_force_eV_A"": 0.23910687094023358, ""name"": ""fire_small_step"", ""start_geometry_sha256"": ""86c780fdf11d6c3a746f043cf172c764ec23f95b2db221de4cab92ad6607ea19"", ""steps"": 450}]",9dbd9d2f3648b15ebeeb4af5412fa2ee5dc8565e5cc1a9f1df27ee7d92e9313a,,,,,,,,,,,,,,,,,,,,,,,,,,,,,,,,,,,,,,,,,validation_required,Unconverged clean relaxation: max_force=0.239107 eV/A after 975 cumulative recovery steps,True,1,1,457db0384ecc3cf1e2ef,False,
"('MOF', 'Mo', 'Tetrazolate', 'N4', 8.0)",MOF,True,esen-sm-conserving-all-oc25:relax-v4:orr-che-v3,True,0.07203991001528759,32,150,0.08,converged,,bfgs_standard,"[{""ase_converged"": true, ""converged"": true, ""end_geometry_sha256"": ""5ccb3285af12277ba6a61053600b4859dacfea2462bc653cf6bed071ccd30f13"", ""failure_class"": null, ""max_force_eV_A"": 0.07203991001528759, ""name"": ""bfgs_standard"", ""start_geometry_sha256"": ""f879dc962d409d499e85fd35a0f9d5b1663805c1da83d786cb008ccb9bb42b39"", ""steps"": 32}]",5ccb3285af12277ba6a61053600b4859dacfea2462bc653cf6bed071ccd30f13,-137.74447276680348,True,0.075541524586043,52.0,100.0,0.08,converged,,bfgs_standard,"[{""ase_converged"": true, ""converged"": true, ""end_geometry_sha256"": ""da726bf7208c5f33daaf5e7954f47fe1dd780035cd7dd0ac94085bae2ad3a9d2"", ""failure_class"": null, ""max_force_eV_A"": 0.075541524586043, ""name"": ""bfgs_standard"", ""start_geometry_sha256"": ""3c528811de8570b32396d2232081a5c3f92d7a6aff00ab7cefb779da0bb8f9dc"", ""steps"": 52}]",da726bf7208c5f33daaf5e7954f47fe1dd780035cd7dd0ac94085bae2ad3a9d2,-1.5071360443532467,True,0.07107741203429446,38.0,100.0,0.08,converged,,bfgs_standard,"[{""ase_converged"": true, ""converged"": true, ""end_geometry_sha256"": ""a3732e21be629abe2cccffb7066a70647fc64f487883dd9ee23fccd83b0ab2a9"", ""failure_class"": null, ""max_force_eV_A"": 0.07107741203429446, ""name"": ""bfgs_standard"", ""start_geometry_sha256"": ""cf2de9ef2652e1aa385cd960a29416c3fd4e9c48d44e79ba32bcfb74b93743ed"", ""steps"": 38}]",a3732e21be629abe2cccffb7066a70647fc64f487883dd9ee23fccd83b0ab2a9,-1.6477169625461066,True,0.06943261296534234,35.0,100.0,0.08,converged,,bfgs_standard,"[{""ase_converged"": true, ""converged"": true, ""end_geometry_sha256"": ""062522ec7afdc31afcb7d296045d0f3d49210ebde9ab280f8386d1b39fc0813a"", ""failure_class"": null, ""max_force_eV_A"": 0.06943261296534234, ""name"": ""bfgs_standard"", ""start_geometry_sha256"": ""db9739c29433d37f7f4716dec5cb35be38eb571db4264362966a4fa531ee574f"", ""steps"": 35}]",062522ec7afdc31afcb7d296045d0f3d49210ebde9ab280f8386d1b39fc0813a,5.052690933644776,2.7361360443532465,step_4_H2O,10.0,-1.8416375079047504,True,3.154853006899353,quantitative_screening,,True,2,2,7ba7981b6569ab8e68b1,False,0.480000000035
"('MOF', 'Mo', 'Tetrazolate', 'S4', 18.0)",MOF,True,esen-sm-conserving-all-oc25:relax-v4:orr-che-v3,True,0.07559154184381753,487,150,0.08,converged,,fire_small_step,"[{""ase_converged"": false, ""converged"": false, ""end_geometry_sha256"": ""e543229f45b6e57fb29e93b47c9c0f898b470898765386af0c22a4816997f38e"", ""failure_class"": ""force_threshold"", ""max_force_eV_A"": 0.4345933759055041, ""name"": ""bfgs_standard"", ""start_geometry_sha256"": ""ba400d9017539ed8ffc99903d7d1b3968e6f2679a0a703193f6ae5480a204578"", ""steps"": 150}, {""ase_converged"": true, ""converged"": true, ""end_geometry_sha256"": ""a5955066971c12c602cea3db4762618f40cfc765a88b482cf9da758fdd016047"", ""failure_class"": null, ""max_force_eV_A"": 0.20121051454714908, ""name"": ""fire_precondition"", ""qualifying"": false, ""start_geometry_sha256"": ""ba400d9017539ed8ffc99903d7d1b3968e6f2679a0a703193f6ae5480a204578"", ""steps"": 19}, {""ase_converged"": false, ""converged"": false, ""end_geometry_sha256"": ""637f1237ce5a52ac46008d3d869effe3750f653f78474e185c724426b00667d7"", ""failure_class"": ""force_threshold"", ""max_force_eV_A"": 0.16741318446300565, ""name"": ""bfgs_after_fire"", ""start_geometry_sha256"": ""a5955066971c12c602cea3db4762618f40cfc765a88b482cf9da758fdd016047"", ""steps"": 300}, {""ase_converged"": true, ""converged"": true, ""end_geometry_sha256"": ""9a9256416eee76ea5839583e25fcfc8253102f35c977ddbb2f1b1805f9edd3f9"", ""failure_class"": null, ""max_force_eV_A"": 0.07559154184381753, ""name"": ""fire_small_step"", ""start_geometry_sha256"": ""637f1237ce5a52ac46008d3d869effe3750f653f78474e185c724426b00667d7"", ""steps"": 18}]",9a9256416eee76ea5839583e25fcfc8253102f35c977ddbb2f1b1805f9edd3f9,-131.49618365852712,True,0.07146659580624555,82.0,100.0,0.08,converged,,bfgs_standard,"[{""ase_converged"": true, ""converged"": true, ""end_geometry_sha256"": ""ea261458af44f0d1b705b6173c82153e71dad29e7a7e45155e0847b0e018c4ab"", ""failure_class"": null, ""max_force_eV_A"": 0.07146659580624555, ""name"": ""bfgs_standard"", ""start_geometry_sha256"": ""c4c7201d7e4a1d1eb8681d60b6845f69dba74d77e13be9eb13b372d0ac492bbe"", ""steps"": 82}]",ea261458af44f0d1b705b6173c82153e71dad29e7a7e45155e0847b0e018c4ab,-0.033395943492651015,True,0.07854401060907096,66.0,100.0,0.08,converged,,bfgs_standard,"[{""ase_converged"": true, ""converged"": true, ""end_geometry_sha256"": ""c6669fec6fbc3916c8a6d59d0023d62c1724e03672cd9cf549a75944fbdf233e"", ""failure_class"": null, ""max_force_eV_A"": 0.07854401060907096, ""name"": ""bfgs_standard"", ""start_geometry_sha256"": ""53eb708f6f43b580f9520ed29c39a22a43fc819bb15f63c6b5277d8c1bd56ab7"", ""steps"": 66}]",c6669fec6fbc3916c8a6d59d0023d62c1724e03672cd9cf549a75944fbdf233e,-0.5780678622424567,True,0.0753338212920342,52.0,100.0,0.08,converged,,bfgs_standard,"[{""ase_converged"": true, ""converged"": true, ""end_geometry_sha256"": ""1b47146b9fe7cab1b1a9212959dab980089c1fbc0ff305f40fd7ca224ffa24b1"", ""failure_class"": null, ""max_force_eV_A"": 0.0753338212920342, ""name"": ""bfgs_standard"", ""start_geometry_sha256"": ""7b696e0cbc4a6dbe319d389b3490045c4a6a7131cd17c48b6ce0066073ccd457"", ""steps"": 52}]",1b47146b9fe7cab1b1a9212959dab980089c1fbc0ff305f40fd7ca224ffa24b1,3.616811226308349,1.7736719187498058,step_3_OH,10.0,-1.8416375079047504,True,0.6114638057351076,quantitative_screening,,True,2,2,871b0163ad572f3eb800,False,0.480000000035
"('MOF', 'Mo', 'DOBDC', 'O4', 10.0)",MOF,True,esen-sm-conserving-all-oc25:relax-v4:orr-che-v3,True,0.07923547732256518,58,150,0.08,converged,,bfgs_standard,"[{""ase_converged"": true, ""converged"": true, ""end_geometry_sha256"": ""91e54149dcfbecd732226e42fe9b20063011a196d6f6f3f595d61b69021dbdab"", ""failure_class"": null, ""max_force_eV_A"": 0.07923547732256518, ""name"": ""bfgs_standard"", ""start_geometry_sha256"": ""45f4ec0a9f34a1b0d851a4285beb2175a8edb8f4494126eddf2c0171db24c379"", ""steps"": 58}]",91e54149dcfbecd732226e42fe9b20063011a196d6f6f3f595d61b69021dbdab,-126.98422473136634,True,0.07058791213156011,35.0,100.0,0.08,converged,,bfgs_standard,"[{""ase_converged"": true, ""converged"": true, ""end_geometry_sha256"": ""9fbf274a857396394b9c7f30b0462e914b6d392c747bdd7ed2d8833e4909e591"", ""failure_class"": null, ""max_force_eV_A"": 0.07058791213156011, ""name"": ""bfgs_standard"", ""start_geometry_sha256"": ""3afb5a64a52b5102e03a4c49d7a1837fc12e05eef1c138283e09014eb1e75843"", ""steps"": 35}]",9fbf274a857396394b9c7f30b0462e914b6d392c747bdd7ed2d8833e4909e591,-0.8803979729115963,True,0.060771366398277134,54.0,100.0,0.08,converged,,bfgs_standard,"[{""ase_converged"": true, ""converged"": true, ""end_geometry_sha256"": ""62c13eb7bae92b53e657a07c8a500ea6e52dcd58658a90cd27d56314c2fe85c3"", ""failure_class"": null, ""max_force_eV_A"": 0.060771366398277134, ""name"": ""bfgs_standard"", ""start_geometry_sha256"": ""ea4107341f5b889fd3d23d6922c8227b7093d0a6151ab57cffe1b1484f99ec8e"", ""steps"": 54}]",62c13eb7bae92b53e657a07c8a500ea6e52dcd58658a90cd27d56314c2fe85c3,-1.9110732905566656,True,0.07572503648313136,81.0,100.0,0.08,converged,,bfgs_standard,"[{""ase_converged"": true, ""converged"": true, ""end_geometry_sha256"": ""a0fe051af912cd8650a98252bc181c8e55389ab3ca7e97f88f471ff76e2e97b2"", ""failure_class"": null, ""max_force_eV_A"": 0.07572503648313136, ""name"": ""bfgs_standard"", ""start_geometry_sha256"": ""95b5e408760a01b0de4bb1d19770d766858571ff856c9406a80a78c9f2a5ebc0"", ""steps"": 81}]",a0fe051af912cd8650a98252bc181c8e55389ab3ca7e97f88f471ff76e2e97b2,-3.3318298354744877,2.649756544917822,step_2_O,10.0,-1.8416375079047504,True,2.791471263468262,quantitative_screening,,True,0,0,21f16b77414acac4471f,False,0.480000000035
"('MOF', 'Mo', 'HHTP', 'N2O2', 16.0)",MOF,True,esen-sm-conserving-all-oc25:relax-v4:orr-che-v3,True,0.07029183219060119,377,150,0.08,converged,,bfgs_after_fire,"[{""ase_converged"": false, ""converged"": false, ""end_geometry_sha256"": ""3b67ba0216b105ce98d58f1b4b6c02bfa77fa4c95208e62fdd1b679f839f6d14"", ""failure_class"": ""force_threshold"", ""max_force_eV_A"": 0.3363954214552229, ""name"": ""bfgs_standard"", ""start_geometry_sha256"": ""c528db17992e1a0cc9f643a84aec374b099cd9432abbe89cc3cc3ba2a0505a01"", ""steps"": 150}, {""ase_converged"": false, ""converged"": false, ""end_geometry_sha256"": ""bc533b76139c3a2954d5697542434541473e62964ead204ffd9cf1d9cce1ccb6"", ""failure_class"": ""force_threshold"", ""max_force_eV_A"": 4.287098169763846, ""name"": ""fire_precondition"", ""qualifying"": false, ""start_geometry_sha256"": ""c528db17992e1a0cc9f643a84aec374b099cd9432abbe89cc3cc3ba2a0505a01"", ""steps"": 75}, {""ase_converged"": true, ""converged"": true, ""end_geometry_sha256"": ""19619077411d06b432f2fa7ffd67410734a368ce47ceb85f877d117bcd29fde5"", ""failure_class"": null, ""max_force_eV_A"": 0.07029183219060119, ""name"": ""bfgs_after_fire"", ""start_geometry_sha256"": ""bc533b76139c3a2954d5697542434541473e62964ead204ffd9cf1d9cce1ccb6"", ""steps"": 152}]",19619077411d06b432f2fa7ffd67410734a368ce47ceb85f877d117bcd29fde5,-126.76273852812318,True,0.06675929721660566,31.0,100.0,0.08,converged,,bfgs_standard,"[{""ase_converged"": true, ""converged"": true, ""end_geometry_sha256"": ""d5018b5972ab69f89404163b2ee9d605ba93b72855912a74bf94331c5ca32ebd"", ""failure_class"": null, ""max_force_eV_A"": 0.06675929721660566, ""name"": ""bfgs_standard"", ""start_geometry_sha256"": ""89c9bf8408b9ae7922bb1ed90fe14aaf52c44745909917f7f9cf8069103f46ba"", ""steps"": 31}]",d5018b5972ab69f89404163b2ee9d605ba93b72855912a74bf94331c5ca32ebd,0.9821060325205326,True,0.07437377367479742,199.0,100.0,0.08,converged,,bfgs_after_fire,"[{""ase_converged"": false, ""converged"": false, ""end_geometry_sha256"": ""681cdbaed7c918821c1bcef930c185aab003dbacbe99776246fd3e44abb758e4"", ""failure_class"": ""force_threshold"", ""max_force_eV_A"": 0.3339197706776086, ""name"": ""bfgs_standard"", ""start_geometry_sha256"": ""9808d558694f8329e3886b0f8ad8733d8cb82de0628d3fa208a8678045c910fd"", ""steps"": 100}, {""ase_converged"": true, ""converged"": true, ""end_geometry_sha256"": ""349d827fd7774e2aca90a3d3a3afd252ec1e20f8dccc768d0c1e469873788b8b"", ""failure_class"": null, ""max_force_eV_A"": 0.21284129106819735, ""name"": ""fire_precondition"", ""qualifying"": false, ""start_geometry_sha256"": ""9808d558694f8329e3886b0f8ad8733d8cb82de0628d3fa208a8678045c910fd"", ""steps"": 30}, {""ase_converged"": true, ""converged"": true, ""end_geometry_sha256"": ""86b710d94e0b376f379d0ab71c871900595da0670fd8ad78482ff4aa12770e3c"", ""failure_class"": null, ""max_force_eV_A"": 0.07437377367479742, ""name"": ""bfgs_after_fire"", ""start_geometry_sha256"": ""349d827fd7774e2aca90a3d3a3afd252ec1e20f8dccc768d0c1e469873788b8b"", ""steps"": 69}]",86b710d94e0b376f379d0ab71c871900595da0670fd8ad78482ff4aa12770e3c,0.6439952023327387,True,0.07378419480353424,247.0,100.0,0.08,converged,,bfgs_after_fire,"[{""ase_converged"": false, ""converged"": false, ""end_geometry_sha256"": ""891adc0f2c598bd6417132475e60fc8b8c6baf556d961b60920f22d514b47470"", ""failure_class"": ""force_threshold"", ""max_force_eV_A"": 0.24121119383058057, ""name"": ""bfgs_standard"", ""start_geometry_sha256"": ""155d33294c4b248bf9f0c278e808943dfd4a967d9d14cc709581420e0437c603"", ""steps"": 100}, {""ase_converged"": false, ""converged"": false, ""end_geometry_sha256"": ""34511997418a33799a270d376d50c4fdf3a19bac67c802bc18c6b78358347e3e"", ""failure_class"": ""force_threshold"", ""max_force_eV_A"": 0.6269620898126224, ""name"": ""fire_precondition"", ""qualifying"": false, ""start_geometry_sha256"": ""155d33294c4b248bf9f0c278e808943dfd4a967d9d14cc709581420e0437c603"", ""steps"": 50}, {""ase_converged"": true, ""converged"": true, ""end_geometry_sha256"": ""8402af9002f6e127e92cda3b090a8333705eec8d9918cdf908ea78fbfcc79152"", ""failure_class"": null, ""max_force_eV_A"": 0.07378419480353424, ""name"": ""bfgs_after_fire"", ""start_geometry_sha256"": ""34511997418a33799a270d376d50c4fdf3a19bac67c802bc18c6b78358347e3e"", ""steps"": 97}]",8402af9002f6e127e92cda3b090a8333705eec8d9918cdf908ea78fbfcc79152,1.674679230153564,1.567110830187794,step_3_OH,10.0,-1.8416375079047504,True,1.6261012348532713,quantitative_screening,,True,0,0,19d94a344f7190106eaa,False,0.480000000035
"('MOF', 'Ru', 'BDC', 'N3P', 18.0)",MOF,False,esen-sm-conserving-all-oc25:relax-v4:orr-che-v3,False,0.1291085699429166,975,150,0.08,recovery_exhausted,force_threshold,fire_small_step,"[{""ase_converged"": false, ""converged"": false, ""end_geometry_sha256"": ""eec7d69aed341c8b41e50355024af9c0a5b066f2e1c966b1091af0f341157a8e"", ""failure_class"": ""force_threshold"", ""max_force_eV_A"": 0.22191238733583935, ""name"": ""bfgs_standard"", ""start_geometry_sha256"": ""531b466b38cd26b0b28a87a8924dd854bd9c8a4e0ee5443ee94d9d4d68db965c"", ""steps"": 150}, {""ase_converged"": false, ""converged"": false, ""end_geometry_sha256"": ""1a85cfe69ea7bd753fe17f2c069cecdd5dfc86efa042966498d318bb03b56dae"", ""failure_class"": ""force_threshold"", ""max_force_eV_A"": 6.698794215281638, ""name"": ""fire_precondition"", ""qualifying"": false, ""start_geometry_sha256"": ""531b466b38cd26b0b28a87a8924dd854bd9c8a4e0ee5443ee94d9d4d68db965c"", ""steps"": 75}, {""ase_converged"": false, ""converged"": false, ""end_geometry_sha256"": ""bb0ec39e77afd9189469eb7f604d47663bb9f4aadb3f11bc7ee49136b867fb8a"", ""failure_class"": ""force_threshold"", ""max_force_eV_A"": 0.12910913929895482, ""name"": ""bfgs_after_fire"", ""start_geometry_sha256"": ""1a85cfe69ea7bd753fe17f2c069cecdd5dfc86efa042966498d318bb03b56dae"", ""steps"": 300}, {""ase_converged"": false, ""converged"": false, ""end_geometry_sha256"": ""dbbea49f7edb5b44b03771ce801d8b808bd2d32848317bc5ca604297aa87d3f4"", ""failure_class"": ""force_threshold"", ""max_force_eV_A"": 0.1291085699429166, ""name"": ""fire_small_step"", ""start_geometry_sha256"": ""bb0ec39e77afd9189469eb7f604d47663bb9f4aadb3f11bc7ee49136b867fb8a"", ""steps"": 450}]",dbbea49f7edb5b44b03771ce801d8b808bd2d32848317bc5ca604297aa87d3f4,,,,,,,,,,,,,,,,,,,,,,,,,,,,,,,,,,,,,,,,,validation_required,Unconverged clean relaxation: max_force=0.129109 eV/A after 975 cumulative recovery steps,True,1,1,24733c8fa42254c2aa9b,False,
"('MOF', 'Ru', 'Porphyrin', 'N3S', 30.0)",MOF,False,esen-sm-conserving-all-oc25:relax-v4:orr-che-v3,False,0.7340226090887189,975,150,0.08,recovery_exhausted,force_threshold,fire_small_step,"[{""ase_converged"": false, ""converged"": false, ""end_geometry_sha256"": ""7918cb2ea5263aa6b82f2e65f505d8b3ab798611ecb6210bd35358d6f5865e3e"", ""failure_class"": ""force_threshold"", ""max_force_eV_A"": 1.441926208249007, ""name"": ""bfgs_standard"", ""start_geometry_sha256"": ""1049ffefb4ebae0a40e46ddcdf0ebc2e6f812b4dae0af8dce3d36a979a866558"", ""steps"": 150}, {""ase_converged"": false, ""converged"": false, ""end_geometry_sha256"": ""b44aaef8ddc01f98ebac97b6e52016bc9c95c5f32b895a6b0e9b3683faff001f"", ""failure_class"": ""force_threshold"", ""max_force_eV_A"": 1.1491338323427145, ""name"": ""fire_precondition"", ""qualifying"": false, ""start_geometry_sha256"": ""1049ffefb4ebae0a40e46ddcdf0ebc2e6f812b4dae0af8dce3d36a979a866558"", ""steps"": 75}, {""ase_converged"": false, ""converged"": false, ""end_geometry_sha256"": ""43880ba466f5bbbea2722f3f6c3f4746d31bf715a7618da53988058c9b9763ea"", ""failure_class"": ""force_threshold"", ""max_force_eV_A"": 1.9202126497516716, ""name"": ""bfgs_after_fire"", ""start_geometry_sha256"": ""b44aaef8ddc01f98ebac97b6e52016bc9c95c5f32b895a6b0e9b3683faff001f"", ""steps"": 300}, {""ase_converged"": false, ""converged"": false, ""end_geometry_sha256"": ""8b0da61e26ee67889aff521bda39c872bbd18b32600a6dc2cc6a7d770639df49"", ""failure_class"": ""force_threshold"", ""max_force_eV_A"": 0.7340226090887189, ""name"": ""fire_small_step"", ""start_geometry_sha256"": ""b44aaef8ddc01f98ebac97b6e52016bc9c95c5f32b895a6b0e9b3683faff001f"", ""steps"": 450}]",8b0da61e26ee67889aff521bda39c872bbd18b32600a6dc2cc6a7d770639df49,,,,,,,,,,,,,,,,,,,,,,,,,,,,,,,,,,,,,,,,,validation_required,Unconverged clean relaxation: max_force=0.734023 eV/A after 975 cumulative recovery steps,True,2,2,4bf92236f244b3bfdd2f,False,
"('MOF', 'Ru', 'Phthalocyanine', 'N4', 10.0)",MOF,True,esen-sm-conserving-all-oc25:relax-v4:orr-che-v3,True,0.06982699688478883,50,150,0.08,converged,,bfgs_standard,"[{""ase_converged"": true, ""converged"": true, ""end_geometry_sha256"": ""946a20a54a442dd9c2ebb418f3dc139d8730a030934a553862e76f27964378dc"", ""failure_class"": null, ""max_force_eV_A"": 0.06982699688478883, ""name"": ""bfgs_standard"", ""start_geometry_sha256"": ""44c7ad96a30930266792a52dc22e38ec8555a8f22e8dee02d84348edb63bb3ea"", ""steps"": 50}]",946a20a54a442dd9c2ebb418f3dc139d8730a030934a553862e76f27964378dc,-132.06021062850957,True,0.07911799494928443,71.0,100.0,0.08,converged,,bfgs_standard,"[{""ase_converged"": true, ""converged"": true, ""end_geometry_sha256"": ""5c000717a2f53c33ceaeb27c37f84b5f4c08af21af95ce9823253071b50fdcbe"", ""failure_class"": null, ""max_force_eV_A"": 0.07911799494928443, ""name"": ""bfgs_standard"", ""start_geometry_sha256"": ""c438092ccab0c2e9319ab461dc734c73a6d5ee28db74c38ae3ba5372a9175443"", ""steps"": 71}]",5c000717a2f53c33ceaeb27c37f84b5f4c08af21af95ce9823253071b50fdcbe,0.5910924102365971,True,0.07900820067596066,18.0,100.0,0.08,converged,,bfgs_standard,"[{""ase_converged"": true, ""converged"": true, ""end_geometry_sha256"": ""86d3ae3f7201db2e619ef9f1a9baea9f26f7ef0db45f68dd5079ad19bcfb1bc7"", ""failure_class"": null, ""max_force_eV_A"": 0.07900820067596066, ""name"": ""bfgs_standard"", ""start_geometry_sha256"": ""e5277cf068b2f67a93c430928392ee3bc2f5f9df448e3f4b9dca4f2896703ad9"", ""steps"": 18}]",86d3ae3f7201db2e619ef9f1a9baea9f26f7ef0db45f68dd5079ad19bcfb1bc7,2.2796386845409904,True,0.06549420984085819,84.0,100.0,0.08,converged,,bfgs_standard,"[{""ase_converged"": true, ""converged"": true, ""end_geometry_sha256"": ""bc6ee28defd4af52828bce4bc44d5e129f38310af9c4294ba64f6d6d6858ae4d"", ""failure_class"": null, ""max_force_eV_A"": 0.06549420984085819, ""name"": ""bfgs_standard"", ""start_geometry_sha256"": ""38a4a0d3dc8f33f0d9698aca10fb0136ea54be4d7e48011e46fd1850f82174a4"", ""steps"": 84}]",bc6ee28defd4af52828bce4bc44d5e129f38310af9c4294ba64f6d6d6858ae4d,3.6790775761008296,0.637907589763403,step_4_H2O,10.0,-2.0,True,2.8707310947775877,quantitative_screening,,True,1,1,c975b153b00bc182efb0,False,0.480000000035
"('MOF', 'Ru', 'BPDC', 'O6', 40.0)",MOF,True,esen-sm-conserving-all-oc25:relax-v4:orr-che-v3,True,0.07960289300667564,550,150,0.08,converged,,fire_small_step,"[{""ase_converged"": false, ""converged"": false, ""end_geometry_sha256"": ""7c7df108a6b6cb3cd4f27b5493dc0b186423626f952229515841adbc658be80e"", ""failure_class"": ""force_threshold"", ""max_force_eV_A"": 0.6150237146595505, ""name"": ""bfgs_standard"", ""start_geometry_sha256"": ""ea6b3d92ca16f3a1bce358cef55ca9edbbe89a1ea273f37f4efc0ce83f84c1e4"", ""steps"": 150}, {""ase_converged"": false, ""converged"": false, ""end_geometry_sha256"": ""08e3848936b1bae4ad8a23cba4f6e874f0f1e78afe8f0d2bd415938e722ccbfb"", ""failure_class"": ""force_threshold"", ""max_force_eV_A"": 2.0196273589167366, ""name"": ""fire_precondition"", ""qualifying"": false, ""start_geometry_sha256"": ""ea6b3d92ca16f3a1bce358cef55ca9edbbe89a1ea273f37f4efc0ce83f84c1e4"", ""steps"": 75}, {""ase_converged"": false, ""converged"": false, ""end_geometry_sha256"": ""b9dbaac0313d04410b2bfc7f573cf89e4f8f7b62e89fe7e4af426c59ddb98174"", ""failure_class"": ""force_threshold"", ""max_force_eV_A"": 0.11143690187408256, ""name"": ""bfgs_after_fire"", ""start_geometry_sha256"": ""08e3848936b1bae4ad8a23cba4f6e874f0f1e78afe8f0d2bd415938e722ccbfb"", ""steps"": 300}, {""ase_converged"": true, ""converged"": true, ""end_geometry_sha256"": ""060f95db525797d8d8cad8d2baeef12d09be62acb99d8ac5dde6886cf8308721"", ""failure_class"": null, ""max_force_eV_A"": 0.07960289300667564, ""name"": ""fire_small_step"", ""start_geometry_sha256"": ""b9dbaac0313d04410b2bfc7f573cf89e4f8f7b62e89fe7e4af426c59ddb98174"", ""steps"": 25}]",060f95db525797d8d8cad8d2baeef12d09be62acb99d8ac5dde6886cf8308721,-192.68434593410254,True,0.0775643229891084,49.0,100.0,0.08,converged,,bfgs_standard,"[{""ase_converged"": true, ""converged"": true, ""end_geometry_sha256"": ""dea345280d72a322c643268234f9c80fa5ce89f6ae9680917c35a667538e1853"", ""failure_class"": null, ""max_force_eV_A"": 0.0775643229891084, ""name"": ""bfgs_standard"", ""start_geometry_sha256"": ""bd81fd7d0a782fe2f160bda8fa1e700dce3d8a28311c416b772b57f7d59e6482"", ""steps"": 49}]",dea345280d72a322c643268234f9c80fa5ce89f6ae9680917c35a667538e1853,-1.2765123222768306,True,0.07472376476449703,87.0,100.0,0.08,converged,,bfgs_standard,"[{""ase_converged"": true, ""converged"": true, ""end_geometry_sha256"": ""ebfb4e40dbfa253c87b600d9149672f6a4a9c2c15d67920efcbb3424deb19f25"", ""failure_class"": null, ""max_force_eV_A"": 0.07472376476449703, ""name"": ""bfgs_standard"", ""start_geometry_sha256"": ""f1fdb4cd2acfd45e6fd7684d4b40040c1049b8b5c3330aae75f6c64424102fdd"", ""steps"": 87}]",ebfb4e40dbfa253c87b600d9149672f6a4a9c2c15d67920efcbb3424deb19f25,-1.955662810057398,True,0.07741247883830449,67.0,100.0,0.08,converged,,bfgs_standard,"[{""ase_converged"": true, ""converged"": true, ""end_geometry_sha256"": ""fc9669afb589e48134742b0c9fad0b95d4516f750c5c15ea4bc26ab3fd80881c"", ""failure_class"": null, ""max_force_eV_A"": 0.07741247883830449, ""name"": ""bfgs_standard"", ""start_geometry_sha256"": ""80c796376fed22f265dc3e0ecd71ac9bfbc23643030ef20694adf4d9e6becfde"", ""steps"": 67}]",fc9669afb589e48134742b0c9fad0b95d4516f750c5c15ea4bc26ab3fd80881c,-3.854441215097901,3.0,step_2_O,10.0,-2.0,True,3.2321751323342287,quantitative_screening,,True,0,0,f2de9529afb5b3eccfe5,False,0.480000000035
"('COF', 'Mo', 'Hydrazone', 'N2P2', 6.0)",COF,True,esen-sm-conserving-all-oc25:relax-v4:orr-che-v3,True,0.06589533826606463,56,150,0.08,converged,,bfgs_standard,"[{""ase_converged"": true, ""converged"": true, ""end_geometry_sha256"": ""a877995998902a678659982c2cc351c9bcc26eacd22456b51641bc95fdaa80f2"", ""failure_class"": null, ""max_force_eV_A"": 0.06589533826606463, ""name"": ""bfgs_standard"", ""start_geometry_sha256"": ""694922e7f250896e215d7a246f64ee49e7d38414913b02bb777c00bf0c32707d"", ""steps"": 56}]",a877995998902a678659982c2cc351c9bcc26eacd22456b51641bc95fdaa80f2,-130.60693556993874,True,0.06833158042632947,50.0,100.0,0.08,converged,,bfgs_standard,"[{""ase_converged"": true, ""converged"": true, ""end_geometry_sha256"": ""d973116c6912499f98eebf4b861cf1861b2e081eba605429dff3ae0cebd12657"", ""failure_class"": null, ""max_force_eV_A"": 0.06833158042632947, ""name"": ""bfgs_standard"", ""start_geometry_sha256"": ""444364ce4404362d00053d602575a3635f54c967d6654e8acb177aa2c077ddb5"", ""steps"": 50}]",d973116c6912499f98eebf4b861cf1861b2e081eba605429dff3ae0cebd12657,-0.6552945946156978,True,0.07421403132767251,25.0,100.0,0.08,converged,,bfgs_standard,"[{""ase_converged"": true, ""converged"": true, ""end_geometry_sha256"": ""89084e26b0fc129945b22d8a546407bb23a1170b46fc251b3a1f877384bff248"", ""failure_class"": null, ""max_force_eV_A"": 0.07421403132767251, ""name"": ""bfgs_standard"", ""start_geometry_sha256"": ""3fe4eb0b12e3c65bc05f5675e9696720e3e7530487069522222705de272d225b"", ""steps"": 25}]",89084e26b0fc129945b22d8a546407bb23a1170b46fc251b3a1f877384bff248,-1.2044247023761236,True,0.07983515580851933,54.0,100.0,0.08,converged,,bfgs_standard,"[{""ase_converged"": true, ""converged"": true, ""end_geometry_sha256"": ""d3078c312aa350f129e2d8deaab7fca63362aa0f7e7f320135debc19d8deb094"", ""failure_class"": null, ""max_force_eV_A"": 0.07983515580851933, ""name"": ""bfgs_standard"", ""start_geometry_sha256"": ""45c2eb6ad4a6777776995664e6d162c3dba63d97d7073add52333ba7784028ab"", ""steps"": 54}]",d3078c312aa350f129e2d8deaab7fca63362aa0f7e7f320135debc19d8deb094,1.3165993198752437,1.884294594615698,step_4_H2O,10.0,-1.8416375079047504,True,1.8597192969918215,quantitative_screening,,True,1,1,2b6df24f813fce28dcc0,False,0.447500000035
"('COF', 'Mo', 'Beta_ketoenamine', 'N4O2', 18.0)",COF,True,esen-sm-conserving-all-oc25:relax-v4:orr-che-v3,True,0.07901294047327093,458,150,0.08,converged,,bfgs_after_fire,"[{""ase_converged"": false, ""converged"": false, ""end_geometry_sha256"": ""07e106b79fa7a250b03114d63c13fd1286ca3b67c2e08b10021813c6fe5e1ded"", ""failure_class"": ""force_threshold"", ""max_force_eV_A"": 1.1270069543077266, ""name"": ""bfgs_standard"", ""start_geometry_sha256"": ""565c2e79fe130fd21a6632583e873e5c035b90b2b9ec96e5b77bc9bfa72b7683"", ""steps"": 150}, {""ase_converged"": false, ""converged"": false, ""end_geometry_sha256"": ""68916a89236a69ff9c233cde821c1ee2be979d70ff2a50b6028c090c1d5a177c"", ""failure_class"": ""force_threshold"", ""max_force_eV_A"": 0.37112849519334246, ""name"": ""fire_precondition"", ""qualifying"": false, ""start_geometry_sha256"": ""565c2e79fe130fd21a6632583e873e5c035b90b2b9ec96e5b77bc9bfa72b7683"", ""steps"": 75}, {""ase_converged"": true, ""converged"": true, ""end_geometry_sha256"": ""a991b3788c13d0d9225f0b3757339b4ed90474c0874a770f5a3b31c4052d7557"", ""failure_class"": null, ""max_force_eV_A"": 0.07901294047327093, ""name"": ""bfgs_after_fire"", ""start_geometry_sha256"": ""68916a89236a69ff9c233cde821c1ee2be979d70ff2a50b6028c090c1d5a177c"", ""steps"": 233}]",a991b3788c13d0d9225f0b3757339b4ed90474c0874a770f5a3b31c4052d7557,-150.9330857297977,True,0.06652006966072618,77.0,100.0,0.08,converged,,bfgs_standard,"[{""ase_converged"": true, ""converged"": true, ""end_geometry_sha256"": ""3a5f2395a3cd360689c4ec00bf541a2ad9238a49f047b2d90c0058f150eadd78"", ""failure_class"": null, ""max_force_eV_A"": 0.06652006966072618, ""name"": ""bfgs_standard"", ""start_geometry_sha256"": ""48e9be1815ea2d47e049f4bfd912886904bade291ef58233c6c15b88e16ea87a"", ""steps"": 77}]",3a5f2395a3cd360689c4ec00bf541a2ad9238a49f047b2d90c0058f150eadd78,-2.2635185097157953,True,0.06347865566600314,310.0,100.0,0.08,converged,,bfgs_after_fire,"[{""ase_converged"": false, ""converged"": false, ""end_geometry_sha256"": ""01d5340abb158455f49652817ea1eb742bf76bc4ba35a46bd09da6657e478754"", ""failure_class"": ""force_threshold"", ""max_force_eV_A"": 0.34831359132317935, ""name"": ""bfgs_standard"", ""start_geometry_sha256"": ""a2bbbfb57f6e5f30abf32e9344f1daa71c93a708eb2e3891bb2e47cba17b5e2e"", ""steps"": 100}, {""ase_converged"": true, ""converged"": true, ""end_geometry_sha256"": ""9529b2bdf72737699fa15564929f9604cc3d7b13412e330a907dbeef4aa17705"", ""failure_class"": null, ""max_force_eV_A"": 0.20855235117296334, ""name"": ""fire_precondition"", ""qualifying"": false, ""start_geometry_sha256"": ""a2bbbfb57f6e5f30abf32e9344f1daa71c93a708eb2e3891bb2e47cba17b5e2e"", ""steps"": 37}, {""ase_converged"": true, ""converged"": true, ""end_geometry_sha256"": ""f62b21b273d1e411fd7c24ab8a1018a301cf915437d7bfc0f0ed5b8b5ed2667c"", ""failure_class"": null, ""max_force_eV_A"": 0.06347865566600314, ""name"": ""bfgs_after_fire"", ""start_geometry_sha256"": ""9529b2bdf72737699fa15564929f9604cc3d7b13412e330a907dbeef4aa17705"", ""steps"": 173}]",f62b21b273d1e411fd7c24ab8a1018a301cf915437d7bfc0f0ed5b8b5ed2667c,-5.891252600401637,True,0.0745145639990657,238.0,100.0,0.08,converged,,bfgs_after_fire,"[{""ase_converged"": false, ""converged"": false, ""end_geometry_sha256"": ""6da51eb1d198e7da6a7c5252975d8c85d63e55543858fdf07393b56f3056a252"", ""failure_class"": ""force_threshold"", ""max_force_eV_A"": 0.11256128851740839, ""name"": ""bfgs_standard"", ""start_geometry_sha256"": ""b8fe59aa455b1815319cd0cc2e6c6e657362bea05ac280675e0600e09ddf2bfa"", ""steps"": 100}, {""ase_converged"": false, ""converged"": false, ""end_geometry_sha256"": ""45a5f0a82c2f66ef9660ae26500ae1c18440bdc173b343fe45ebd39f06979df1"", ""failure_class"": ""force_threshold"", ""max_force_eV_A"": 1.7487430557387442, ""name"": ""fire_precondition"", ""qualifying"": false, ""start_geometry_sha256"": ""b8fe59aa455b1815319cd0cc2e6c6e657362bea05ac280675e0600e09ddf2bfa"", ""steps"": 50}, {""ase_converged"": true, ""converged"": true, ""end_geometry_sha256"": ""99464bf53ba8c1b279ef65e557f34b95bdb387858925bc96f1a09267cc04d5a7"", ""failure_class"": null, ""max_force_eV_A"": 0.0745145639990657, ""name"": ""bfgs_after_fire"", ""start_geometry_sha256"": ""45a5f0a82c2f66ef9660ae26500ae1c18440bdc173b343fe45ebd39f06979df1"", ""steps"": 88}]",99464bf53ba8c1b279ef65e557f34b95bdb387858925bc96f1a09267cc04d5a7,-3.235064078867432,3.0,step_3_OH,10.0,-1.8416375079047504,True,8.154771110117432,quantitative_screening,,True,2,2,ba4496872fea0ad46f77,False,0.447500000035
"('COF', 'Mo', 'Amide', 'N2O2', 25.0)",COF,False,esen-sm-conserving-all-oc25:relax-v4:orr-che-v3,True,0.07522288892931822,546,150,0.08,converged,,fire_small_step,"[{""ase_converged"": false, ""converged"": false, ""end_geometry_sha256"": ""c415fee11e5cc7d8a8fa31914544161d7f61cb4f078a15d3a359abf7d7428463"", ""failure_class"": ""force_threshold"", ""max_force_eV_A"": 0.23082997125701785, ""name"": ""bfgs_standard"", ""start_geometry_sha256"": ""d0f347bca611ee8b7548b65c2bc1618798fbbaf2ea87f8f069f3bb371d8b14e0"", ""steps"": 150}, {""ase_converged"": false, ""converged"": false, ""end_geometry_sha256"": ""335367d19ceb4133ba03bde88566ca08672a2ab182ce2fef72f70cb18161454a"", ""failure_class"": ""force_threshold"", ""max_force_eV_A"": 1.5895266094585732, ""name"": ""fire_precondition"", ""qualifying"": false, ""start_geometry_sha256"": ""d0f347bca611ee8b7548b65c2bc1618798fbbaf2ea87f8f069f3bb371d8b14e0"", ""steps"": 75}, {""ase_converged"": false, ""converged"": false, ""end_geometry_sha256"": ""24736d5a6d7c799290bd9a830250838151ac4928170f73b90ddfd0968f1d66f9"", ""failure_class"": ""force_threshold"", ""max_force_eV_A"": 0.4614392688109522, ""name"": ""bfgs_after_fire"", ""start_geometry_sha256"": ""335367d19ceb4133ba03bde88566ca08672a2ab182ce2fef72f70cb18161454a"", ""steps"": 300}, {""ase_converged"": true, ""converged"": true, ""end_geometry_sha256"": ""2cda6b9b5a95ec327ba0adb42bc14390f936a25a8ec17eb11cefd5399d9c7ab5"", ""failure_class"": null, ""max_force_eV_A"": 0.07522288892931822, ""name"": ""fire_small_step"", ""start_geometry_sha256"": ""c415fee11e5cc7d8a8fa31914544161d7f61cb4f078a15d3a359abf7d7428463"", ""steps"": 21}]",2cda6b9b5a95ec327ba0adb42bc14390f936a25a8ec17eb11cefd5399d9c7ab5,-168.129099932459,True,0.0740319794657726,245.0,100.0,0.08,converged,,bfgs_after_fire,"[{""ase_converged"": false, ""converged"": false, ""end_geometry_sha256"": ""410f902d0f21d2a8fbd8381848e762d1d4732676e0e18ae7713f80200adf560f"", ""failure_class"": ""force_threshold"", ""max_force_eV_A"": 0.23305570705683634, ""name"": ""bfgs_standard"", ""start_geometry_sha256"": ""f00bf26ec3789f68c8e8882d8e9af57a3945eca4f2853c0ed84c24fc42f44f5b"", ""steps"": 100}, {""ase_converged"": true, ""converged"": true, ""end_geometry_sha256"": ""bdfb0459e5ef22eb9b6429e48b2da5361a38a501188f3003fb3e66e79516dccd"", ""failure_class"": null, ""max_force_eV_A"": 0.2473105476823722, ""name"": ""fire_precondition"", ""qualifying"": false, ""start_geometry_sha256"": ""f00bf26ec3789f68c8e8882d8e9af57a3945eca4f2853c0ed84c24fc42f44f5b"", ""steps"": 46}, {""ase_converged"": true, ""converged"": true, ""end_geometry_sha256"": ""37013262b3c2bbe82163b7bd26b633f9cdc5abee214e80c2029166bbe461bf42"", ""failure_class"": null, ""max_force_eV_A"": 0.0740319794657726, ""name"": ""bfgs_after_fire"", ""start_geometry_sha256"": ""bdfb0459e5ef22eb9b6429e48b2da5361a38a501188f3003fb3e66e79516dccd"", ""steps"": 99}]",37013262b3c2bbe82163b7bd26b633f9cdc5abee214e80c2029166bbe461bf42,-2.028225121349096,False,0.1167672230383881,640.0,100.0,0.08,recovery_exhausted,force_threshold,fire_small_step,"[{""ase_converged"": false, ""converged"": false, ""end_geometry_sha256"": ""0c1a9ee673a3cbc1b1a9416209389b1681aa971c4118fd3194072f64a8c53264"", ""failure_class"": ""force_threshold"", ""max_force_eV_A"": 0.1296922164520411, ""name"": ""bfgs_standard"", ""start_geometry_sha256"": ""dd2f146f8ecc9d36a14f4adfe40f3f929984630dd9550fba0d24e9b9505ab353"", ""steps"": 100}, {""ase_converged"": true, ""converged"": true, ""end_geometry_sha256"": ""24a8e1a2822b4e6e3f151331c962be73159f6dc5195fb1caa78fa219cb1e0115"", ""failure_class"": null, ""max_force_eV_A"": 0.2430167053016281, ""name"": ""fire_precondition"", ""qualifying"": false, ""start_geometry_sha256"": ""dd2f146f8ecc9d36a14f4adfe40f3f929984630dd9550fba0d24e9b9505ab353"", ""steps"": 40}, {""ase_converged"": false, ""converged"": false, ""end_geometry_sha256"": ""73ade0af4ccc2fd5a5cd964ce2af2c09c9f7debd86d61f4a4554507d282c73d9"", ""failure_class"": ""force_threshold"", ""max_force_eV_A"": 0.11683540706987715, ""name"": ""bfgs_after_fire"", ""start_geometry_sha256"": ""24a8e1a2822b4e6e3f151331c962be73159f6dc5195fb1caa78fa219cb1e0115"", ""steps"": 200}, {""ase_converged"": false, ""converged"": false, ""end_geometry_sha256"": ""5493256030994c7cef2b018325c866ac2b9be5faeccdf9e00964dca8397ca95f"", ""failure_class"": ""force_threshold"", ""max_force_eV_A"": 0.1167672230383881, ""name"": ""fire_small_step"", ""start_geometry_sha256"": ""73ade0af4ccc2fd5a5cd964ce2af2c09c9f7debd86d61f4a4554507d282c73d9"", ""steps"": 300}]",5493256030994c7cef2b018325c866ac2b9be5faeccdf9e00964dca8397ca95f,,,,,,,,,,,,,,,,,,,validation_required,Unconverged o relaxation: max_force=0.116767 eV/A after 640 cumulative recovery steps,True,1,1,5c78808cc4692c5d6e7a,False,
"('COF', 'Mo', 'Amide', 'S4', 40.0)",COF,True,esen-sm-conserving-all-oc25:relax-v4:orr-che-v3,True,0.0673626652875852,539,150,0.08,converged,,fire_small_step,"[{""ase_converged"": false, ""converged"": false, ""end_geometry_sha256"": ""f9349f9312c9efd5ef7de07030707564f3b53630cd70ca3e3b6dd1543fa5936b"", ""failure_class"": ""force_threshold"", ""max_force_eV_A"": 0.27329858892163533, ""name"": ""bfgs_standard"", ""start_geometry_sha256"": ""a1cbd120bcb128dfdd35f5d070ec98f20f5f7d48970afe4c137622c95be0c618"", ""steps"": 150}, {""ase_converged"": false, ""converged"": false, ""end_geometry_sha256"": ""e224abdb3cee226f7fb8fffe1d23bacb173a9c406987daaa36d49dd4774cda13"", ""failure_class"": ""force_threshold"", ""max_force_eV_A"": 0.748135277277313, ""name"": ""fire_precondition"", ""qualifying"": false, ""start_geometry_sha256"": ""a1cbd120bcb128dfdd35f5d070ec98f20f5f7d48970afe4c137622c95be0c618"", ""steps"": 75}, {""ase_converged"": false, ""converged"": false, ""end_geometry_sha256"": ""427717dddbb4986bd6e42f9ffe3946932759327fb83c0fdadf7fa998b5a5288a"", ""failure_class"": ""force_threshold"", ""max_force_eV_A"": 0.17231240945759776, ""name"": ""bfgs_after_fire"", ""start_geometry_sha256"": ""e224abdb3cee226f7fb8fffe1d23bacb173a9c406987daaa36d49dd4774cda13"", ""steps"": 300}, {""ase_converged"": true, ""converged"": true, ""end_geometry_sha256"": ""e110b815612b47c4191af1bc6fa77a143d89d76167c971752aa4ef4e53de44cc"", ""failure_class"": null, ""max_force_eV_A"": 0.0673626652875852, ""name"": ""fire_small_step"", ""start_geometry_sha256"": ""427717dddbb4986bd6e42f9ffe3946932759327fb83c0fdadf7fa998b5a5288a"", ""steps"": 14}]",e110b815612b47c4191af1bc6fa77a143d89d76167c971752aa4ef4e53de44cc,-173.92458083717702,True,0.07931394207082836,268.0,100.0,0.08,converged,,bfgs_after_fire,"[{""ase_converged"": false, ""converged"": false, ""end_geometry_sha256"": ""04f823c0c89a3fd5d2faba9a6ad885452208eac1b395763d42a42eb2147dd6e0"", ""failure_class"": ""force_threshold"", ""max_force_eV_A"": 0.21817831237240737, ""name"": ""bfgs_standard"", ""start_geometry_sha256"": ""b7f591d41aa7ebf9ed96406318194b5b49ed4eecb8f4486e008a60fbf41d770c"", ""steps"": 100}, {""ase_converged"": true, ""converged"": true, ""end_geometry_sha256"": ""4e969ecf18148e3b539159de48b2bdcfcfe43cc92ba9f54466214aa1ea6c993b"", ""failure_class"": null, ""max_force_eV_A"": 0.21050770101425703, ""name"": ""fire_precondition"", ""qualifying"": false, ""start_geometry_sha256"": ""b7f591d41aa7ebf9ed96406318194b5b49ed4eecb8f4486e008a60fbf41d770c"", ""steps"": 41}, {""ase_converged"": true, ""converged"": true, ""end_geometry_sha256"": ""1b0123cb163e9d511c1f1614077adea0e7244e550642e19b5cf0df3815f9de39"", ""failure_class"": null, ""max_force_eV_A"": 0.07931394207082836, ""name"": ""bfgs_after_fire"", ""start_geometry_sha256"": ""4e969ecf18148e3b539159de48b2bdcfcfe43cc92ba9f54466214aa1ea6c993b"", ""steps"": 127}]",1b0123cb163e9d511c1f1614077adea0e7244e550642e19b5cf0df3815f9de39,-2.0720331047475335,True,0.07673959190547508,82.0,100.0,0.08,converged,,bfgs_standard,"[{""ase_converged"": true, ""converged"": true, ""end_geometry_sha256"": ""5a76d550a6cd5faf854abb4c1f715d3e3d11d98d133b3c1bf29acdcf66323e6a"", ""failure_class"": null, ""max_force_eV_A"": 0.07673959190547508, ""name"": ""bfgs_standard"", ""start_geometry_sha256"": ""9ba16aa228abd07b9b7594b784d14ca6975eb7f9d7453a2664a07dda24332744"", ""steps"": 82}]",5a76d550a6cd5faf854abb4c1f715d3e3d11d98d133b3c1bf29acdcf66323e6a,-1.5103236071765387,True,0.07660895869091848,83.0,100.0,0.08,converged,,bfgs_standard,"[{""ase_converged"": true, ""converged"": true, ""end_geometry_sha256"": ""edc64d42950a7a461e73619f224286d3752bc56e70993dfecbf9369e01059659"", ""failure_class"": null, ""max_force_eV_A"": 0.07660895869091848, ""name"": ""bfgs_standard"", ""start_geometry_sha256"": ""f77aed49fedab3453eb2b43e61653a56fd58405a865b9ce62079452b6bd35c92"", ""steps"": 83}]",edc64d42950a7a461e73619f224286d3752bc56e70993dfecbf9369e01059659,-3.5885530009865727,3.0,step_2_O,10.0,-1.8416375079047504,True,3.5823567119240725,quantitative_screening,,True,0,0,9253f04ce540e9928367,False,0.447500000035
"('COF', 'Ru', 'Imine', 'O6', 12.0)",COF,True,esen-sm-conserving-all-oc25:relax-v4:orr-che-v3,True,0.06351592253868324,11,150,0.08,converged,,bfgs_standard,"[{""ase_converged"": true, ""converged"": true, ""end_geometry_sha256"": ""6d22c4792de78e49c041a5a8ab7f51b920e6126a49561ae2d5902e0b6550affd"", ""failure_class"": null, ""max_force_eV_A"": 0.06351592253868324, ""name"": ""bfgs_standard"", ""start_geometry_sha256"": ""777b349cf5814f5242756a19de464b502d375c1bcb4ea9b8ffa8badee7c44b50"", ""steps"": 11}]",6d22c4792de78e49c041a5a8ab7f51b920e6126a49561ae2d5902e0b6550affd,-133.8329235991601,True,0.0641327288443686,59.0,100.0,0.08,converged,,bfgs_standard,"[{""ase_converged"": true, ""converged"": true, ""end_geometry_sha256"": ""968407da9cd909d3620aa7c883de953b798291cb563c9b3666574bb277f6ccdb"", ""failure_class"": null, ""max_force_eV_A"": 0.0641327288443686, ""name"": ""bfgs_standard"", ""start_geometry_sha256"": ""0526fefc0edb481db1adc63da03e79aeb0aa082323323472205dcd031f327ea1"", ""steps"": 59}]",968407da9cd909d3620aa7c883de953b798291cb563c9b3666574bb277f6ccdb,-1.7648863171041012,True,0.057125268614619536,24.0,100.0,0.08,converged,,bfgs_standard,"[{""ase_converged"": true, ""converged"": true, ""end_geometry_sha256"": ""aab82fa1bf0591b10d98949f9280042a04a59bf506517ee670c0c5245bf7b138"", ""failure_class"": null, ""max_force_eV_A"": 0.057125268614619536, ""name"": ""bfgs_standard"", ""start_geometry_sha256"": ""0df34f9dc651c27aab74955cdf3e51fc4b7137c8e91ab0a2ccc51a06d8a5b67b"", ""steps"": 24}]",aab82fa1bf0591b10d98949f9280042a04a59bf506517ee670c0c5245bf7b138,-2.040123545378443,True,0.07239581532526745,45.0,100.0,0.08,converged,,bfgs_standard,"[{""ase_converged"": true, ""converged"": true, ""end_geometry_sha256"": ""a2cbcbe6828155124be4b612c19c529afcf591e1ce46bd6bf0caa24ec0c71115"", ""failure_class"": null, ""max_force_eV_A"": 0.07239581532526745, ""name"": ""bfgs_standard"", ""start_geometry_sha256"": ""9b3e40f909249524deaeedcce96c07b56399e5e08434772bfe0fe517523f7de1"", ""steps"": 45}]",a2cbcbe6828155124be4b612c19c529afcf591e1ce46bd6bf0caa24ec0c71115,0.7740578159689939,2.993886317104101,step_4_H2O,10.0,-2.0,True,3.805009862482544,quantitative_screening,,True,2,2,a27a0b75813c3258369d,False,0.447500000035
"('COF', 'Ru', 'Triazine', 'P4', 18.0)",COF,True,esen-sm-conserving-all-oc25:relax-v4:orr-che-v3,True,0.07661638570551832,64,150,0.08,converged,,bfgs_standard,"[{""ase_converged"": true, ""converged"": true, ""end_geometry_sha256"": ""22be2e398735309f676b9e4ac500c231d19d4c8c7770a906949d1ce9ee397ad1"", ""failure_class"": null, ""max_force_eV_A"": 0.07661638570551832, ""name"": ""bfgs_standard"", ""start_geometry_sha256"": ""36cb67b3a84658d092272021e0449518af9273b9f2122031b08b99ee9dcbebfb"", ""steps"": 64}]",22be2e398735309f676b9e4ac500c231d19d4c8c7770a906949d1ce9ee397ad1,-135.5918576201562,True,0.07680593819637138,33.0,100.0,0.08,converged,,bfgs_standard,"[{""ase_converged"": true, ""converged"": true, ""end_geometry_sha256"": ""a665c10ebc796e4dbac79395fcefdd7878bef0b8bd6d34f7dc6a3ebbbe940b79"", ""failure_class"": null, ""max_force_eV_A"": 0.07680593819637138, ""name"": ""bfgs_standard"", ""start_geometry_sha256"": ""632a0b8e607b31c8b8901716097cd0f7031402466d21b4f7d91cfcf48c653d25"", ""steps"": 33}]",a665c10ebc796e4dbac79395fcefdd7878bef0b8bd6d34f7dc6a3ebbbe940b79,1.8540638114511967,True,0.0768299638914442,46.0,100.0,0.08,converged,,bfgs_standard,"[{""ase_converged"": true, ""converged"": true, ""end_geometry_sha256"": ""fe21de4af2f12a30ed78558fcf8e92c37793be7da09a40a3536e2342d1bcbc37"", ""failure_class"": null, ""max_force_eV_A"": 0.0768299638914442, ""name"": ""bfgs_standard"", ""start_geometry_sha256"": ""461d1712571bd123b935588408f67f74af84ab9ea403ae9e765c3a196e281b1c"", ""steps"": 46}]",fe21de4af2f12a30ed78558fcf8e92c37793be7da09a40a3536e2342d1bcbc37,-0.26131423637270573,True,0.060768720011144965,37.0,100.0,0.08,converged,,bfgs_standard,"[{""ase_converged"": true, ""converged"": true, ""end_geometry_sha256"": ""1afc455211e3fe5b816b05d418c32f4204dba3f36a742eb4e86176a48545d031"", ""failure_class"": null, ""max_force_eV_A"": 0.060768720011144965, ""name"": ""bfgs_standard"", ""start_geometry_sha256"": ""1af1c6cc358f9c40e45735a48e6ef6be63a78a9ebb40d09b570c32ce90ce6857"", ""steps"": 37}]",1afc455211e3fe5b816b05d418c32f4204dba3f36a742eb4e86176a48545d031,5.113982628285889,3.0,step_3_OH,10.0,-2.0,True,2.1153780478239024,quantitative_screening,,True,2,2,4e58d374731048bd9d8f,False,0.447500000035
"('COF', 'Ru', 'Olefin', 'N3S', 4.0)",COF,True,esen-sm-conserving-all-oc25:relax-v4:orr-che-v3,True,0.07806692943973242,32,150,0.08,converged,,bfgs_standard,"[{""ase_converged"": true, ""converged"": true, ""end_geometry_sha256"": ""6aad8ec6b6f0b5062f5756f60a998d95a81cc5666107971ed0eb2dd5497cd690"", ""failure_class"": null, ""max_force_eV_A"": 0.07806692943973242, ""name"": ""bfgs_standard"", ""start_geometry_sha256"": ""b702c4cec08856eaea3624a0761362d78cc35e9a31fce2cbd9c7dbed64e2b611"", ""steps"": 32}]",6aad8ec6b6f0b5062f5756f60a998d95a81cc5666107971ed0eb2dd5497cd690,-131.2045673344806,True,0.07754871151760703,36.0,100.0,0.08,converged,,bfgs_standard,"[{""ase_converged"": true, ""converged"": true, ""end_geometry_sha256"": ""a7bd5535a3bc7c1ceef42fd047e1c4ccc7f82a76f5d032c6085880aaf1a678c6"", ""failure_class"": null, ""max_force_eV_A"": 0.07754871151760703, ""name"": ""bfgs_standard"", ""start_geometry_sha256"": ""ef454f8bd23ed954cac1e1170f5ab00eff9d5633b026be2caaa3d7a710d62b6d"", ""steps"": 36}]",a7bd5535a3bc7c1ceef42fd047e1c4ccc7f82a76f5d032c6085880aaf1a678c6,0.2075291301310062,True,0.07467360506943724,91.0,100.0,0.08,converged,,bfgs_standard,"[{""ase_converged"": true, ""converged"": true, ""end_geometry_sha256"": ""b92c14f32ff30147ed0a234b6d41fd2aecb8c93a064efbb3ddb82557a5837067"", ""failure_class"": null, ""max_force_eV_A"": 0.07467360506943724, ""name"": ""bfgs_standard"", ""start_geometry_sha256"": ""32f9a8fa780fe562051aaf9f6bb6c3192da0f9c37efed0ab331492d16a5d09d6"", ""steps"": 91}]",b92c14f32ff30147ed0a234b6d41fd2aecb8c93a064efbb3ddb82557a5837067,0.3893226750195062,True,0.06754683167099311,274.0,100.0,0.08,converged,,bfgs_after_fire,"[{""ase_converged"": false, ""converged"": false, ""end_geometry_sha256"": ""84d1dfcc56fc2967b579786e034942cbd6f95aeaa75389954608b24b31cf9f2f"", ""failure_class"": ""force_threshold"", ""max_force_eV_A"": 0.6029743417028747, ""name"": ""bfgs_standard"", ""start_geometry_sha256"": ""446c6124222d61106478793a5ae9f7f7b660cdccf6a2e47d7393cc9b41ccb827"", ""steps"": 100}, {""ase_converged"": true, ""converged"": true, ""end_geometry_sha256"": ""8d0c7e27b62b1840b84d02b261d6ab2e396cc40abf9f47dc8b0b23a8d906f5c3"", ""failure_class"": null, ""max_force_eV_A"": 0.21371902545901034, ""name"": ""fire_precondition"", ""qualifying"": false, ""start_geometry_sha256"": ""446c6124222d61106478793a5ae9f7f7b660cdccf6a2e47d7393cc9b41ccb827"", ""steps"": 28}, {""ase_converged"": true, ""converged"": true, ""end_geometry_sha256"": ""c891ff6ebd6d1b3e8b4992ae9deadd23911482aa99ec9ec3491a1e3f5579efa1"", ""failure_class"": null, ""max_force_eV_A"": 0.06754683167099311, ""name"": ""bfgs_after_fire"", ""start_geometry_sha256"": ""8d0c7e27b62b1840b84d02b261d6ab2e396cc40abf9f47dc8b0b23a8d906f5c3"", ""steps"": 146}]",c891ff6ebd6d1b3e8b4992ae9deadd23911482aa99ec9ec3491a1e3f5579efa1,0.5616778835654295,1.0566447914540769,step_2_O,10.0,-2.0,True,0.5968518051505124,quantitative_screening,,True,1,1,1478be55f1b60516b90b,False,0.447500000035
"('COF', 'Ru', 'Azine', 'N6', 12.0)",COF,True,esen-sm-conserving-all-oc25:relax-v4:orr-che-v3,True,0.05780726163938701,27,150,0.08,converged,,bfgs_standard,"[{""ase_converged"": true, ""converged"": true, ""end_geometry_sha256"": ""114b4eedf24d946c9832067ee17263e7ef2882bd60b370c912914b1f2ba04206"", ""failure_class"": null, ""max_force_eV_A"": 0.05780726163938701, ""name"": ""bfgs_standard"", ""start_geometry_sha256"": ""a3b373e3de44325102dca950b3697b07441d4b30149898c20b6eb29a986bbae1"", ""steps"": 27}]",114b4eedf24d946c9832067ee17263e7ef2882bd60b370c912914b1f2ba04206,-149.15268573350968,True,0.07940712318164189,54.0,100.0,0.08,converged,,bfgs_standard,"[{""ase_converged"": true, ""converged"": true, ""end_geometry_sha256"": ""9a7338569f4d8351a94cf1ddc949459db8776ee15bfde65093c0ce98e2236f51"", ""failure_class"": null, ""max_force_eV_A"": 0.07940712318164189, ""name"": ""bfgs_standard"", ""start_geometry_sha256"": ""14385cb68d4ec7ce6fc54912eda0ace2bb03b2fdfc7dfb237dd0ff5cd489f64c"", ""steps"": 54}]",9a7338569f4d8351a94cf1ddc949459db8776ee15bfde65093c0ce98e2236f51,-1.0795485351979732,True,0.0761358388386867,69.0,100.0,0.08,converged,,bfgs_standard,"[{""ase_converged"": true, ""converged"": true, ""end_geometry_sha256"": ""809cca5dbd345cb70f6b9b0af18bc8c8b8d198eaa2e0df5da1262f6b9c31433b"", ""failure_class"": null, ""max_force_eV_A"": 0.0761358388386867, ""name"": ""bfgs_standard"", ""start_geometry_sha256"": ""667c7ecb0a851e365146ebbc7a0a139d66a4d268c26bece41568acc500d62d99"", ""steps"": 69}]",809cca5dbd345cb70f6b9b0af18bc8c8b8d198eaa2e0df5da1262f6b9c31433b,-0.30455931350588444,True,0.06836784419408115,64.0,100.0,0.08,converged,,bfgs_standard,"[{""ase_converged"": true, ""converged"": true, ""end_geometry_sha256"": ""a837fd6979b8b426be7718bfeed7defde9dd3c2e6408416b39f58a058c20e515"", ""failure_class"": null, ""max_force_eV_A"": 0.06836784419408115, ""name"": ""bfgs_standard"", ""start_geometry_sha256"": ""3a7350ec57e045b9756e446edb5b9877bb1602a83b33bfae811c156a454fbb50"", ""steps"": 64}]",a837fd6979b8b426be7718bfeed7defde9dd3c2e6408416b39f58a058c20e515,1.9541372761130367,2.308548535197973,step_4_H2O,10.0,-2.0,True,1.3841078487038576,quantitative_screening,,True,0,0,52cea52aceb3a1398d20,False,0.447500000035
"('COF', 'Ru', 'Hydrazone', 'N2O2', 14.0)",COF,True,esen-sm-conserving-all-oc25:relax-v4:orr-che-v3,True,0.0742923852405145,96,150,0.08,converged,,bfgs_standard,"[{""ase_converged"": true, ""converged"": true, ""end_geometry_sha256"": ""ccbd5fe039fe5c94834b3de695f93884f9c0b330a8a01809061155d55409b966"", ""failure_class"": null, ""max_force_eV_A"": 0.0742923852405145, ""name"": ""bfgs_standard"", ""start_geometry_sha256"": ""907978b669fa81f9d78caec44a1eff7e29491bdca4fd90a44a9b9efc248caa33"", ""steps"": 96}]",ccbd5fe039fe5c94834b3de695f93884f9c0b330a8a01809061155d55409b966,-129.04467631413203,True,0.07930599190308833,69.0,100.0,0.08,converged,,bfgs_standard,"[{""ase_converged"": true, ""converged"": true, ""end_geometry_sha256"": ""69657b6557b9898a6d7f69aa4f99c965f2d9cda73534b8f650cea8065bb5e75b"", ""failure_class"": null, ""max_force_eV_A"": 0.07930599190308833, ""name"": ""bfgs_standard"", ""start_geometry_sha256"": ""c916a8d9d3db48dabd0b76fdc9880a89c4592511ba5bb31fd49f7eac91ae6232"", ""steps"": 69}]",69657b6557b9898a6d7f69aa4f99c965f2d9cda73534b8f650cea8065bb5e75b,0.6060197974741459,True,0.06389722970198881,74.0,100.0,0.08,converged,,bfgs_standard,"[{""ase_converged"": true, ""converged"": true, ""end_geometry_sha256"": ""94f26267bcbe943a2baebeacdfb209e9c40ea3873076b58e945c42ea269e9839"", ""failure_class"": null, ""max_force_eV_A"": 0.06389722970198881, ""name"": ""bfgs_standard"", ""start_geometry_sha256"": ""a7e1c72affc8d6160d30cbba3fcde2bab97dad490dd7a41a170218848ca3586e"", ""steps"": 74}]",94f26267bcbe943a2baebeacdfb209e9c40ea3873076b58e945c42ea269e9839,1.2388648159801996,True,0.0771593642259789,67.0,100.0,0.08,converged,,bfgs_standard,"[{""ase_converged"": true, ""converged"": true, ""end_geometry_sha256"": ""ead0663821590605d9f7e2a6c9239f58a99fc40e24a19511e44fa2348085b5eb"", ""failure_class"": null, ""max_force_eV_A"": 0.0771593642259789, ""name"": ""bfgs_standard"", ""start_geometry_sha256"": ""064274a8082f36e0f611e0140649864e2fc90ed9259b1fae19aa021902700a4c"", ""steps"": 67}]",ead0663821590605d9f7e2a6c9239f58a99fc40e24a19511e44fa2348085b5eb,3.526220749318603,0.6229802025258542,step_4_H2O,10.0,-2.0,True,1.8448846134543455,quantitative_screening,,True,2,2,fad6840db9623236822d,False,0.447500000035
"('COF', 'Ru', 'Beta_ketoenamine', 'N4', 25.0)",COF,True,esen-sm-conserving-all-oc25:relax-v4:orr-che-v3,True,0.07684738714606108,552,150,0.08,converged,,fire_small_step,"[{""ase_converged"": false, ""converged"": false, ""end_geometry_sha256"": ""8c9e7fbbbf7d5a983934abc85dd52685664612ae8490d5624fbd6506efc9e8fd"", ""failure_class"": ""force_threshold"", ""max_force_eV_A"": 0.5654609103461585, ""name"": ""bfgs_standard"", ""start_geometry_sha256"": ""4c5efb8fbee46e9cd6480226d0c922b81b10ddc5a67317944950d6f1cb8fa7df"", ""steps"": 150}, {""ase_converged"": false, ""converged"": false, ""end_geometry_sha256"": ""bf5d42656df6481a49cbda5321e26ed1a25e2532c4717c664f1e82154c2327d6"", ""failure_class"": ""force_threshold"", ""max_force_eV_A"": 2.026753521149227, ""name"": ""fire_precondition"", ""qualifying"": false, ""start_geometry_sha256"": ""4c5efb8fbee46e9cd6480226d0c922b81b10ddc5a67317944950d6f1cb8fa7df"", ""steps"": 75}, {""ase_converged"": false, ""converged"": false, ""end_geometry_sha256"": ""b1ba2b7336cea9348a80609bc328d953e4f1fb24cb31cf3c65235292a283d776"", ""failure_class"": ""force_threshold"", ""max_force_eV_A"": 0.19350534871774824, ""name"": ""bfgs_after_fire"", ""start_geometry_sha256"": ""bf5d42656df6481a49cbda5321e26ed1a25e2532c4717c664f1e82154c2327d6"", ""steps"": 300}, {""ase_converged"": true, ""converged"": true, ""end_geometry_sha256"": ""33a3e82e2bf5fa0989dd10906536bc561a5182db874ff484ac5a96b7784fad27"", ""failure_class"": null, ""max_force_eV_A"": 0.07684738714606108, ""name"": ""fire_small_step"", ""start_geometry_sha256"": ""b1ba2b7336cea9348a80609bc328d953e4f1fb24cb31cf3c65235292a283d776"", ""steps"": 27}]",33a3e82e2bf5fa0989dd10906536bc561a5182db874ff484ac5a96b7784fad27,-192.31450721950293,True,0.07563454196719585,262.0,100.0,0.08,converged,,bfgs_after_fire,"[{""ase_converged"": false, ""converged"": false, ""end_geometry_sha256"": ""24660b03c422beb7696d5f9c201507b5ca48951ac1138f016e399526b473aed3"", ""failure_class"": ""force_threshold"", ""max_force_eV_A"": 0.22815291293298784, ""name"": ""bfgs_standard"", ""start_geometry_sha256"": ""fa942040639d65c8ffec45566201d6d8d5920cd0e258fbace4196881c3276a3a"", ""steps"": 100}, {""ase_converged"": false, ""converged"": false, ""end_geometry_sha256"": ""191e204bee28544ced21b3efdb0dd6c34a0ce4bb8409acf47fa41d8f28f9f17f"", ""failure_class"": ""force_threshold"", ""max_force_eV_A"": 0.4378259293933087, ""name"": ""fire_precondition"", ""qualifying"": false, ""start_geometry_sha256"": ""fa942040639d65c8ffec45566201d6d8d5920cd0e258fbace4196881c3276a3a"", ""steps"": 50}, {""ase_converged"": true, ""converged"": true, ""end_geometry_sha256"": ""c86a4eef5d94bc3c033fb1999d5456acf09a24036129883a4235da47b5bd9990"", ""failure_class"": null, ""max_force_eV_A"": 0.07563454196719585, ""name"": ""bfgs_after_fire"", ""start_geometry_sha256"": ""191e204bee28544ced21b3efdb0dd6c34a0ce4bb8409acf47fa41d8f28f9f17f"", ""steps"": 112}]",c86a4eef5d94bc3c033fb1999d5456acf09a24036129883a4235da47b5bd9990,-2.7416993950307367,True,0.07616292031179293,42.0,100.0,0.08,converged,,bfgs_standard,"[{""ase_converged"": true, ""converged"": true, ""end_geometry_sha256"": ""f470da93d01aa2559585ea64db8d24b59e06c21cd12f271eb16906379b41952d"", ""failure_class"": null, ""max_force_eV_A"": 0.07616292031179293, ""name"": ""bfgs_standard"", ""start_geometry_sha256"": ""f4007eb9facaee022a9378766241a868135f840a8e83ef48137308f9ff5c710d"", ""steps"": 42}]",f470da93d01aa2559585ea64db8d24b59e06c21cd12f271eb16906379b41952d,-1.8824168078601324,True,0.07517411028749547,251.0,100.0,0.08,converged,,bfgs_after_fire,"[{""ase_converged"": false, ""converged"": false, ""end_geometry_sha256"": ""ba34385860fcd34dafeccdd2991a718245574c2ee567e63c7afef3af93312c12"", ""failure_class"": ""force_threshold"", ""max_force_eV_A"": 0.08647004108230875, ""name"": ""bfgs_standard"", ""start_geometry_sha256"": ""ff6017f39aacc6ca87a20a1afbad8c3bab59f94a9ba091bd101588967d0bf422"", ""steps"": 100}, {""ase_converged"": false, ""converged"": false, ""end_geometry_sha256"": ""7b6a381fba48776cd413df30fb28e5a6d7831ea23df87945cb546e33590fdaee"", ""failure_class"": ""force_threshold"", ""max_force_eV_A"": 1.1663888567896725, ""name"": ""fire_precondition"", ""qualifying"": false, ""start_geometry_sha256"": ""ff6017f39aacc6ca87a20a1afbad8c3bab59f94a9ba091bd101588967d0bf422"", ""steps"": 50}, {""ase_converged"": true, ""converged"": true, ""end_geometry_sha256"": ""6b85ae6c39c9bd80483af8f33c144b233fcc8b8a545763eae30c91503f7b2d71"", ""failure_class"": null, ""max_force_eV_A"": 0.07517411028749547, ""name"": ""bfgs_after_fire"", ""start_geometry_sha256"": ""7b6a381fba48776cd413df30fb28e5a6d7831ea23df87945cb546e33590fdaee"", ""steps"": 101}]",6b85ae6c39c9bd80483af8f33c144b233fcc8b8a545763eae30c91503f7b2d71,-5.43726592212915,3.0,step_2_O,10.0,-2.0,True,4.624116202890869,quantitative_screening,,True,0,0,793860f315b805ec79e7,False,0.447500000035
"('Perovskite', 'Nd', 'Ti', 'Nb', 0.5, 'O_vacancy')",Perovskite,True,esen-sm-conserving-all-oc25:relax-v4:orr-che-v3,True,0.07954617752533845,137,150,0.08,converged,,bfgs_standard,"[{""ase_converged"": true, ""converged"": true, ""end_geometry_sha256"": ""5d8ee4190e0e5581413dc567dce21c1af323706674311d92381435fffc248d18"", ""failure_class"": null, ""max_force_eV_A"": 0.07954617752533845, ""name"": ""bfgs_standard"", ""start_geometry_sha256"": ""a08245f6e295479156d0ceaefc66f3440191ec6fdd6399798e466124558214d4"", ""steps"": 137}]",5d8ee4190e0e5581413dc567dce21c1af323706674311d92381435fffc248d18,-488.36829275684323,True,0.07507627690368499,65.0,100.0,0.08,converged,,bfgs_standard,"[{""ase_converged"": true, ""converged"": true, ""end_geometry_sha256"": ""38aa4e80b6279ea1739103b74d96399e03c923f4f037bef60e6310c6f05240de"", ""failure_class"": null, ""max_force_eV_A"": 0.07507627690368499, ""name"": ""bfgs_standard"", ""start_geometry_sha256"": ""544b3ec05885e477b2ab9427d2991101ba4211e8fb71071d74214d03e108dafd"", ""steps"": 65}]",38aa4e80b6279ea1739103b74d96399e03c923f4f037bef60e6310c6f05240de,-0.8009950493276687,True,0.07358348524643459,213.0,100.0,0.08,converged,,bfgs_after_fire,"[{""ase_converged"": false, ""converged"": false, ""end_geometry_sha256"": ""423ec24eb098569e0a026c1d30c9c91ed097c44149bf193e8495c7d10b0514a6"", ""failure_class"": ""force_threshold"", ""max_force_eV_A"": 0.20525491879998636, ""name"": ""bfgs_standard"", ""start_geometry_sha256"": ""062267f64e66bcb863d72ba8d0555aa19d2a808368c1c556f6845c719ac73dd7"", ""steps"": 100}, {""ase_converged"": false, ""converged"": false, ""end_geometry_sha256"": ""1d1791a838e4ac04a19fc4e421a3688843b25913ded118368521ff2bed719e85"", ""failure_class"": ""force_threshold"", ""max_force_eV_A"": 1.0538967595481488, ""name"": ""fire_precondition"", ""qualifying"": false, ""start_geometry_sha256"": ""062267f64e66bcb863d72ba8d0555aa19d2a808368c1c556f6845c719ac73dd7"", ""steps"": 50}, {""ase_converged"": true, ""converged"": true, ""end_geometry_sha256"": ""d0f8f96d12d8613af56559b98cbc53953379a2312db6cb7bdfa9816b03ff91c0"", ""failure_class"": null, ""max_force_eV_A"": 0.07358348524643459, ""name"": ""bfgs_after_fire"", ""start_geometry_sha256"": ""1d1791a838e4ac04a19fc4e421a3688843b25913ded118368521ff2bed719e85"", ""steps"": 63}]",d0f8f96d12d8613af56559b98cbc53953379a2312db6cb7bdfa9816b03ff91c0,-1.6169482104480515,True,0.07709363918377925,77.0,100.0,0.08,converged,,bfgs_standard,"[{""ase_converged"": true, ""converged"": true, ""end_geometry_sha256"": ""51f8a1f4da5f06bb847d60f150de663109ccad528efe8e60746424f2d572f0c1"", ""failure_class"": null, ""max_force_eV_A"": 0.07709363918377925, ""name"": ""bfgs_standard"", ""start_geometry_sha256"": ""8f33a46a0327cfcfb7c5a14096c6c5ab4dc92eddce98ae77426d89b52bed6bfe"", ""steps"": 77}]",51f8a1f4da5f06bb847d60f150de663109ccad528efe8e60746424f2d572f0c1,-5.02818923145535,3.0,step_2_O,10.0,0.0,True,2.41794325977572,quantitative_screening,,False,2,2,83714a4afe51ebbc11d9,False,0.6527014328916925
"('Perovskite', 'Nd', 'Cr', 'Mo', 0.3, 'B_vacancy')",Perovskite,True,esen-sm-conserving-all-oc25:relax-v4:orr-che-v3,True,0.06916634483290908,14,150,0.08,converged,,bfgs_standard,"[{""ase_converged"": true, ""converged"": true, ""end_geometry_sha256"": ""abdc03b7ed150e0146e1d043ff8d16aefd06824f77c8b59d3ad27456777505c7"", ""failure_class"": null, ""max_force_eV_A"": 0.06916634483290908, ""name"": ""bfgs_standard"", ""start_geometry_sha256"": ""5c99e4dfa422b50777d62f2ff8382fb00bfb07316d496ce7e5aeec1c258b9db1"", ""steps"": 14}]",abdc03b7ed150e0146e1d043ff8d16aefd06824f77c8b59d3ad27456777505c7,-469.46423424508066,True,0.06537780133873762,78.0,100.0,0.08,converged,,bfgs_standard,"[{""ase_converged"": true, ""converged"": true, ""end_geometry_sha256"": ""bc832130073993f35aff5ab120c2ab2131fce11477502c78f16ed93be400983b"", ""failure_class"": null, ""max_force_eV_A"": 0.06537780133873762, ""name"": ""bfgs_standard"", ""start_geometry_sha256"": ""118635eea0c210b52d6fb7de0ea11354d8fdb5b105c9e228c1c80a93082debd1"", ""steps"": 78}]",bc832130073993f35aff5ab120c2ab2131fce11477502c78f16ed93be400983b,-2.380928215831518,True,0.0717932247130523,82.0,100.0,0.08,converged,,bfgs_standard,"[{""ase_converged"": true, ""converged"": true, ""end_geometry_sha256"": ""f289bd5f6b581e2bcf0a3c87f4045982845907dece0fdb731823d49324e3cc85"", ""failure_class"": null, ""max_force_eV_A"": 0.0717932247130523, ""name"": ""bfgs_standard"", ""start_geometry_sha256"": ""2ad69fd06b7faf9079cc962cf38dbd037e83847e8b14720e0666cfb4417aaaa3"", ""steps"": 82}]",f289bd5f6b581e2bcf0a3c87f4045982845907dece0fdb731823d49324e3cc85,-0.597066008299614,True,0.06845392586199299,273.0,100.0,0.08,converged,,bfgs_after_fire,"[{""ase_converged"": false, ""converged"": false, ""end_geometry_sha256"": ""110ad36dcc6fe80104c88d909d177d201e48f46a6fdf6d232c96dff4fb2f289c"", ""failure_class"": ""force_threshold"", ""max_force_eV_A"": 0.17664847313398124, ""name"": ""bfgs_standard"", ""start_geometry_sha256"": ""0297f4a8eb42fa558db76c697749865e83efbdc9e758df8312e5e08de1f95550"", ""steps"": 100}, {""ase_converged"": false, ""converged"": false, ""end_geometry_sha256"": ""95dbe1ea17929262731ff521bac13aed4f97fdde83099678ce52d2b4797fc5c8"", ""failure_class"": ""force_threshold"", ""max_force_eV_A"": 0.7358564445621737, ""name"": ""fire_precondition"", ""qualifying"": false, ""start_geometry_sha256"": ""0297f4a8eb42fa558db76c697749865e83efbdc9e758df8312e5e08de1f95550"", ""steps"": 50}, {""ase_converged"": true, ""converged"": true, ""end_geometry_sha256"": ""b25bbf36187e0f6eec3bace275819353b82b2dd7b29f3300d1f209b4eef3754e"", ""failure_class"": null, ""max_force_eV_A"": 0.06845392586199299, ""name"": ""bfgs_after_fire"", ""start_geometry_sha256"": ""95dbe1ea17929262731ff521bac13aed4f97fdde83099678ce52d2b4797fc5c8"", ""steps"": 123}]",b25bbf36187e0f6eec3bace275819353b82b2dd7b29f3300d1f209b4eef3754e,-2.9395928874612105,3.0,step_4_H2O,9.0,0.0,True,2.977994224131132,quantitative_screening,,False,1,1,473ba1630c5ba167b4b6,False,0.6527014328916925
"('Perovskite', 'Nd', 'Mn', 'W', 0.25, 'O_vacancy')",Perovskite,True,esen-sm-conserving-all-oc25:relax-v4:orr-che-v3,True,0.07876915297290964,92,150,0.08,converged,,bfgs_standard,"[{""ase_converged"": true, ""converged"": true, ""end_geometry_sha256"": ""f74d6209dd86c6918f904d2ef039e7d6c4459adfea509aaab11c1e0cd681132a"", ""failure_class"": null, ""max_force_eV_A"": 0.07876915297290964, ""name"": ""bfgs_standard"", ""start_geometry_sha256"": ""448c5cfcf28d50dc561f6010bb223f71e0b4f833baa1eb6e05201340362e0eb3"", ""steps"": 92}]",f74d6209dd86c6918f904d2ef039e7d6c4459adfea509aaab11c1e0cd681132a,-461.86352048381315,True,0.07913987695800596,66.0,100.0,0.08,converged,,bfgs_standard,"[{""ase_converged"": true, ""converged"": true, ""end_geometry_sha256"": ""26a104164cf6bfbacbcd96d46e3667f516579a46ea2951f93b455637ec99b37d"", ""failure_class"": null, ""max_force_eV_A"": 0.07913987695800596, ""name"": ""bfgs_standard"", ""start_geometry_sha256"": ""248e42ca51653fd261bcec7b06d3a3b2650352c172b0ded620f1a9f2c377b4fd"", ""steps"": 66}]",26a104164cf6bfbacbcd96d46e3667f516579a46ea2951f93b455637ec99b37d,-1.5294000481069656,True,0.06633201011439226,50.0,100.0,0.08,converged,,bfgs_standard,"[{""ase_converged"": true, ""converged"": true, ""end_geometry_sha256"": ""6b62a5213e22f7a4a442453e0cfc4daaee53d4075b5acd0e3d35b3475545fc73"", ""failure_class"": null, ""max_force_eV_A"": 0.06633201011439226, ""name"": ""bfgs_standard"", ""start_geometry_sha256"": ""c8a8242c1aefe746bcc842c9224a9d4b07802ec80c73ba5e51f4d8b66cabde18"", ""steps"": 50}]",6b62a5213e22f7a4a442453e0cfc4daaee53d4075b5acd0e3d35b3475545fc73,-2.121258818358208,True,0.07817241028594732,67.0,100.0,0.08,converged,,bfgs_standard,"[{""ase_converged"": true, ""converged"": true, ""end_geometry_sha256"": ""65ea7a293ddde92872b0ce43b7fb57356132c6af8c8ffbf7ba7c74d15dd9f5a5"", ""failure_class"": null, ""max_force_eV_A"": 0.07817241028594732, ""name"": ""bfgs_standard"", ""start_geometry_sha256"": ""8a3d81f966d27cbfd3381f3fbbccca07162499bc95b1f6fc8c54c65f0d5ddc84"", ""steps"": 67}]",65ea7a293ddde92872b0ce43b7fb57356132c6af8c8ffbf7ba7c74d15dd9f5a5,-3.726816703379236,2.8345578850210282,step_2_O,9.0,0.0,True,3.6506588664651733,quantitative_screening,,False,1,1,f3106efb58542e4681d9,False,0.6527014328916925
"('Perovskite', 'Nd', 'Fe', 'V', 0.25, 'B_vacancy')",Perovskite,True,esen-sm-conserving-all-oc25:relax-v4:orr-che-v3,True,0.07877725892717831,48,150,0.08,converged,,bfgs_standard,"[{""ase_converged"": true, ""converged"": true, ""end_geometry_sha256"": ""bb456c7159007075266e56c6e9a095cfd1ea0c5325e22f4a043b354a31fb7312"", ""failure_class"": null, ""max_force_eV_A"": 0.07877725892717831, ""name"": ""bfgs_standard"", ""start_geometry_sha256"": ""230384cd3bc4e59888ed8cd7493b9c4e2e07500ba1d4d3bbfc0268a1be8eec0d"", ""steps"": 48}]",bb456c7159007075266e56c6e9a095cfd1ea0c5325e22f4a043b354a31fb7312,-445.28876482929854,True,0.0779828417574937,86.0,100.0,0.08,converged,,bfgs_standard,"[{""ase_converged"": true, ""converged"": true, ""end_geometry_sha256"": ""b52ba6529b8e3abd9d72f605ed69928646e371ecee307117f2264498980e7d2c"", ""failure_class"": null, ""max_force_eV_A"": 0.0779828417574937, ""name"": ""bfgs_standard"", ""start_geometry_sha256"": ""9f2203480ceaf8fb431c1b5ed7f5ce458546e010c4ce19169a2461757b6c0ed5"", ""steps"": 86}]",b52ba6529b8e3abd9d72f605ed69928646e371ecee307117f2264498980e7d2c,-1.1663133476674556,True,0.07747089248316558,98.0,100.0,0.08,converged,,bfgs_standard,"[{""ase_converged"": true, ""converged"": true, ""end_geometry_sha256"": ""8f2f97b21b3dd48c25dffd5cc17e31d390e830de19b258d4ff55b13146c23045"", ""failure_class"": null, ""max_force_eV_A"": 0.07747089248316558, ""name"": ""bfgs_standard"", ""start_geometry_sha256"": ""f87ddceba3a92488926491fc56a93b6ab8fdb9797a81ecb61ad76fb458c507c3"", ""steps"": 98}]",8f2f97b21b3dd48c25dffd5cc17e31d390e830de19b258d4ff55b13146c23045,2.0701855786143915,True,0.07106945193543475,78.0,100.0,0.08,converged,,bfgs_standard,"[{""ase_converged"": true, ""converged"": true, ""end_geometry_sha256"": ""97fb5db6a46b21d76b2808a4c44d5148761bce6560249922008e0f4da746cf6a"", ""failure_class"": null, ""max_force_eV_A"": 0.07106945193543475, ""name"": ""bfgs_standard"", ""start_geometry_sha256"": ""9a0f91e1a465d6abcc385e7ec5ebe534b92af4467e53f71e282765024ac3c1a3"", ""steps"": 78}]",97fb5db6a46b21d76b2808a4c44d5148761bce6560249922008e0f4da746cf6a,0.8872732624410766,2.411912316173315,step_2_O,6.0,0.0,True,3.236498926281847,quantitative_screening,,False,2,2,fc53d369071e09cfffa3,False,0.6527014328916925
"('Perovskite', 'Nd', 'Co', 'Re', 0.2, 'B_vacancy')",Perovskite,True,esen-sm-conserving-all-oc25:relax-v4:orr-che-v3,True,0.07962304122420688,46,150,0.08,converged,,bfgs_standard,"[{""ase_converged"": true, ""converged"": true, ""end_geometry_sha256"": ""dcdf4915d30317e8e4f378a0304aba5282069a5f39653ea7f49eceb0d8ae8f66"", ""failure_class"": null, ""max_force_eV_A"": 0.07962304122420688, ""name"": ""bfgs_standard"", ""start_geometry_sha256"": ""1e10b8f8662b971329e18f61a0d6d4e6455bcdd712a92765b79a16afd2e86da1"", ""steps"": 46}]",dcdf4915d30317e8e4f378a0304aba5282069a5f39653ea7f49eceb0d8ae8f66,-423.42259086008005,True,0.07507769951136042,228.0,100.0,0.08,converged,,bfgs_after_fire,"[{""ase_converged"": false, ""converged"": false, ""end_geometry_sha256"": ""6c165fe7fef4703582eaadfca546231e123381cbd2358dc590a15c8639d85f04"", ""failure_class"": ""force_threshold"", ""max_force_eV_A"": 0.08319557673594402, ""name"": ""bfgs_standard"", ""start_geometry_sha256"": ""dc568c31cc0cecb2d3a69073288b99827a0443115d236e573e5986d16e9c1556"", ""steps"": 100}, {""ase_converged"": false, ""converged"": false, ""end_geometry_sha256"": ""84c46770d5b1788ddda40158a386bd675ae9a8522d82b597147b3925fb5db661"", ""failure_class"": ""force_threshold"", ""max_force_eV_A"": 0.8656229958479619, ""name"": ""fire_precondition"", ""qualifying"": false, ""start_geometry_sha256"": ""dc568c31cc0cecb2d3a69073288b99827a0443115d236e573e5986d16e9c1556"", ""steps"": 50}, {""ase_converged"": true, ""converged"": true, ""end_geometry_sha256"": ""d81a0cb3107b6f87f0328abdb5f840dafdc2f8f8a2828bf9d6ef89645fdfb339"", ""failure_class"": null, ""max_force_eV_A"": 0.07507769951136042, ""name"": ""bfgs_after_fire"", ""start_geometry_sha256"": ""84c46770d5b1788ddda40158a386bd675ae9a8522d82b597147b3925fb5db661"", ""steps"": 78}]",d81a0cb3107b6f87f0328abdb5f840dafdc2f8f8a2828bf9d6ef89645fdfb339,-2.0835706566274164,True,0.07714006677926427,88.0,100.0,0.08,converged,,bfgs_standard,"[{""ase_converged"": true, ""converged"": true, ""end_geometry_sha256"": ""c2f80625b5a2c48af9cf40f5ba38e0b0805b96466f887b2dd588447852c494bd"", ""failure_class"": null, ""max_force_eV_A"": 0.07714006677926427, ""name"": ""bfgs_standard"", ""start_geometry_sha256"": ""5dd2e048cb39acda031e84a8fa1a19459724227cad1ef7abf2ef70f44e7a2b26"", ""steps"": 88}]",c2f80625b5a2c48af9cf40f5ba38e0b0805b96466f887b2dd588447852c494bd,-1.4990664355457077,True,0.06827405264010976,238.0,100.0,0.08,converged,,bfgs_after_fire,"[{""ase_converged"": false, ""converged"": false, ""end_geometry_sha256"": ""6881151724af721af29e299d21a078b427a3780daf654837f1dc941f3f68705c"", ""failure_class"": ""force_threshold"", ""max_force_eV_A"": 0.09135946156888906, ""name"": ""bfgs_standard"", ""start_geometry_sha256"": ""d6097bb7eb00a47a588bde88cd1ab6de37df50fc3a53f8a014178100268cf5db"", ""steps"": 100}, {""ase_converged"": false, ""converged"": false, ""end_geometry_sha256"": ""095ab24552fbdef30f0996a4d4f2dfa152611408684b08f50646e69dd9f0e57e"", ""failure_class"": ""force_threshold"", ""max_force_eV_A"": 0.6571121476635519, ""name"": ""fire_precondition"", ""qualifying"": false, ""start_geometry_sha256"": ""d6097bb7eb00a47a588bde88cd1ab6de37df50fc3a53f8a014178100268cf5db"", ""steps"": 50}, {""ase_converged"": true, ""converged"": true, ""end_geometry_sha256"": ""68b99a9693e9f605bade457be737d364bc66b6e0cca6496df7f076167f3dd45e"", ""failure_class"": null, ""max_force_eV_A"": 0.06827405264010976, ""name"": ""bfgs_after_fire"", ""start_geometry_sha256"": ""095ab24552fbdef30f0996a4d4f2dfa152611408684b08f50646e69dd9f0e57e"", ""steps"": 88}]",68b99a9693e9f605bade457be737d364bc66b6e0cca6496df7f076167f3dd45e,0.7592615589499794,3.0,step_4_H2O,9.0,-2.0,True,3.5826370921731243,quantitative_screening,,False,1,1,1e21885b49fb0529cdc0,False,0.6527014328916925
"('Perovskite', 'Nd', 'Ni', 'Sn', 0.15, 'O_vacancy')",Perovskite,True,esen-sm-conserving-all-oc25:relax-v4:orr-che-v3,True,0.06581523487526611,43,150,0.08,converged,,bfgs_standard,"[{""ase_converged"": true, ""converged"": true, ""end_geometry_sha256"": ""b034e1df4fc36b87df5fae495c5837a5eb60069154866183acd7decc6bbbe420"", ""failure_class"": null, ""max_force_eV_A"": 0.06581523487526611, ""name"": ""bfgs_standard"", ""start_geometry_sha256"": ""0e33f11cad1cf9b891d36780ebbdd9853b4a3333b90281d81f3daed059c8805a"", ""steps"": 43}]",b034e1df4fc36b87df5fae495c5837a5eb60069154866183acd7decc6bbbe420,-394.977805106604,True,0.07248417806389015,80.0,100.0,0.08,converged,,bfgs_standard,"[{""ase_converged"": true, ""converged"": true, ""end_geometry_sha256"": ""3fe9c6939b8611b732270b67067f96d05b2464af9b96a32ded327105d5fcbaa9"", ""failure_class"": null, ""max_force_eV_A"": 0.07248417806389015, ""name"": ""bfgs_standard"", ""start_geometry_sha256"": ""05e8f89cc30b03133caa6e42e6817ddb026b2c63b8a309975dff08195640bb1c"", ""steps"": 80}]",3fe9c6939b8611b732270b67067f96d05b2464af9b96a32ded327105d5fcbaa9,-0.40952509388333286,True,0.06730924494493269,50.0,100.0,0.08,converged,,bfgs_standard,"[{""ase_converged"": true, ""converged"": true, ""end_geometry_sha256"": ""1fc141fb2fbe43663fc0d64e66b56bdb1bbd80e383e61c3a33669991b2f6153c"", ""failure_class"": null, ""max_force_eV_A"": 0.06730924494493269, ""name"": ""bfgs_standard"", ""start_geometry_sha256"": ""0340f9f5fdb96cb8a5c6565b45eea286f4caccf63a80784ff81af3112b4da245"", ""steps"": 50}]",1fc141fb2fbe43663fc0d64e66b56bdb1bbd80e383e61c3a33669991b2f6153c,2.3092984326183545,True,0.07561099654935871,90.0,100.0,0.08,converged,,bfgs_standard,"[{""ase_converged"": true, ""converged"": true, ""end_geometry_sha256"": ""e235463f2b4a7cc703cc82b3d84c95ca5af593fb4ea589cbd2fdb404ec1144d2"", ""failure_class"": null, ""max_force_eV_A"": 0.07561099654935871, ""name"": ""bfgs_standard"", ""start_geometry_sha256"": ""f7bd93054ac8881219cd15d9556730b7e947484351adccc5a466dbf5c9e9d643"", ""steps"": 90}]",e235463f2b4a7cc703cc82b3d84c95ca5af593fb4ea589cbd2fdb404ec1144d2,2.8340086445211545,1.638525093883333,step_4_H2O,10.0,0.0,True,2.7188235265016876,quantitative_screening,,False,2,2,e69863a351bfb16a5dfe,False,0.6527014328916925
"('Perovskite', 'Nd', 'Zn', 'Sb', 0.1, 'B_vacancy')",Perovskite,True,esen-sm-conserving-all-oc25:relax-v4:orr-che-v3,True,0.07046068785006997,58,150,0.08,converged,,bfgs_standard,"[{""ase_converged"": true, ""converged"": true, ""end_geometry_sha256"": ""5d6f79aac402292d4f02ccdc5de95fb76cd2a8d282d2779d23e8066a1e7557a0"", ""failure_class"": null, ""max_force_eV_A"": 0.07046068785006997, ""name"": ""bfgs_standard"", ""start_geometry_sha256"": ""1d8ce6ae09e150a856f4197824144b7d83d1a0e3d54ebdecbafea6b56408516e"", ""steps"": 58}]",5d6f79aac402292d4f02ccdc5de95fb76cd2a8d282d2779d23e8066a1e7557a0,-355.67645903255976,True,0.07628612457790253,62.0,100.0,0.08,converged,,bfgs_standard,"[{""ase_converged"": true, ""converged"": true, ""end_geometry_sha256"": ""e6d58c0f47b05cec972ed6c296f07696714d0cdf1d1a8416abf1fb51614bfe70"", ""failure_class"": null, ""max_force_eV_A"": 0.07628612457790253, ""name"": ""bfgs_standard"", ""start_geometry_sha256"": ""2e514ad912e8f4bd359bebad83818242b581a3fafb46340181f9a20a78ab6121"", ""steps"": 62}]",e6d58c0f47b05cec972ed6c296f07696714d0cdf1d1a8416abf1fb51614bfe70,-0.6488992546498207,True,0.07909882723627591,69.0,100.0,0.08,converged,,bfgs_standard,"[{""ase_converged"": true, ""converged"": true, ""end_geometry_sha256"": ""14b0ed75888b49641c8e2cb9e2250def2fd62101d59a0a4f562ba2805b450f8b"", ""failure_class"": null, ""max_force_eV_A"": 0.07909882723627591, ""name"": ""bfgs_standard"", ""start_geometry_sha256"": ""515064c3e0ebe36ab3b9edff7d98f90ac8a82387c7092b2502396045745c778f"", ""steps"": 69}]",14b0ed75888b49641c8e2cb9e2250def2fd62101d59a0a4f562ba2805b450f8b,0.22696391418573753,True,0.07773319678770227,221.0,100.0,0.08,converged,,bfgs_after_fire,"[{""ase_converged"": false, ""converged"": false, ""end_geometry_sha256"": ""667cade90f5bc43c2907fe9a1b88f343cc6a5be5471f850b0ffa114125f79a71"", ""failure_class"": ""force_threshold"", ""max_force_eV_A"": 0.18973556014339793, ""name"": ""bfgs_standard"", ""start_geometry_sha256"": ""d692e952a6bce5c4be06ff92a078c6c938955508622dc30bccdd597ecba19553"", ""steps"": 100}, {""ase_converged"": false, ""converged"": false, ""end_geometry_sha256"": ""f23feed87bff446793c03dd6173554f036acc23d29937b81c04e980abf539fc2"", ""failure_class"": ""force_threshold"", ""max_force_eV_A"": 0.9030710063257643, ""name"": ""fire_precondition"", ""qualifying"": false, ""start_geometry_sha256"": ""d692e952a6bce5c4be06ff92a078c6c938955508622dc30bccdd597ecba19553"", ""steps"": 50}, {""ase_converged"": true, ""converged"": true, ""end_geometry_sha256"": ""6d18e757cf512cc8e3b8c09fdd5f377c492d4b04ff129afd7fa317e200e22d6e"", ""failure_class"": null, ""max_force_eV_A"": 0.07773319678770227, ""name"": ""bfgs_after_fire"", ""start_geometry_sha256"": ""f23feed87bff446793c03dd6173554f036acc23d29937b81c04e980abf539fc2"", ""steps"": 71}]",6d18e757cf512cc8e3b8c09fdd5f377c492d4b04ff129afd7fa317e200e22d6e,1.5735086902975786,1.8778992546498208,step_4_H2O,10.0,-0.15721591173977956,True,0.8758631688355583,quantitative_screening,,False,0,0,b20bf8f76f24ce0cf1a7,False,0.6527014328916925
"('Perovskite', 'Nd', 'Nb', 'Fe', 0.05, 'O_vacancy')",Perovskite,False,esen-sm-conserving-all-oc25:relax-v4:orr-che-v3,True,0.07216711573403793,96,150,0.08,converged,,bfgs_standard,"[{""ase_converged"": true, ""converged"": true, ""end_geometry_sha256"": ""f4ee04fa9798581b607a5d6439b77215b9e29810a4a5b74d24cf89d00862df60"", ""failure_class"": null, ""max_force_eV_A"": 0.07216711573403793, ""name"": ""bfgs_standard"", ""start_geometry_sha256"": ""3066732c7270dad698602550ad3d73305c395da1f9c8af06b0ed20634d72c407"", ""steps"": 96}]",f4ee04fa9798581b607a5d6439b77215b9e29810a4a5b74d24cf89d00862df60,-487.92267230715316,True,0.06121268322968788,281.0,100.0,0.08,converged,,bfgs_after_fire,"[{""ase_converged"": false, ""converged"": false, ""end_geometry_sha256"": ""8d957be8e401bfa02beeddffb96243f3fd698ba29dde6c472a5d25c2485b227d"", ""failure_class"": ""force_threshold"", ""max_force_eV_A"": 0.2160578026359836, ""name"": ""bfgs_standard"", ""start_geometry_sha256"": ""58dde35056b000887a5df6e090423bb61432f77e17ac0413f011b599e142ace8"", ""steps"": 100}, {""ase_converged"": false, ""converged"": false, ""end_geometry_sha256"": ""2529bce850e5d29ca2d8fb7c37a8cc8143757e494e22cb8eb23038ac2ab5dce0"", ""failure_class"": ""force_threshold"", ""max_force_eV_A"": 0.7752438032171203, ""name"": ""fire_precondition"", ""qualifying"": false, ""start_geometry_sha256"": ""58dde35056b000887a5df6e090423bb61432f77e17ac0413f011b599e142ace8"", ""steps"": 50}, {""ase_converged"": true, ""converged"": true, ""end_geometry_sha256"": ""895219c076fdd8dc1d631b9a0087dc78e0f8a41b44f0c15a997bf54d83e0d870"", ""failure_class"": null, ""max_force_eV_A"": 0.06121268322968788, ""name"": ""bfgs_after_fire"", ""start_geometry_sha256"": ""2529bce850e5d29ca2d8fb7c37a8cc8143757e494e22cb8eb23038ac2ab5dce0"", ""steps"": 131}]",895219c076fdd8dc1d631b9a0087dc78e0f8a41b44f0c15a997bf54d83e0d870,-2.40672701343894,True,0.0758486947895654,81.0,100.0,0.08,converged,,bfgs_standard,"[{""ase_converged"": true, ""converged"": true, ""end_geometry_sha256"": ""9538c975a0c3036d79b279974327d3f10ee82a7ec18165ccae5e2c626f758a12"", ""failure_class"": null, ""max_force_eV_A"": 0.0758486947895654, ""name"": ""bfgs_standard"", ""start_geometry_sha256"": ""a98db5d4058cc2612d43ff624b5477f87b5e362194ec3c572760976c86e4b7dd"", ""steps"": 81}]",9538c975a0c3036d79b279974327d3f10ee82a7ec18165ccae5e2c626f758a12,-3.01700314208862,False,15.775243115958483,650.0,100.0,0.08,recovery_exhausted,force_threshold,fire_small_step,"[{""ase_converged"": false, ""converged"": false, ""end_geometry_sha256"": ""05ced64d671ad694bf7d129e19ab270bf062485bdd47ff0d60070502f5954edb"", ""failure_class"": ""force_threshold"", ""max_force_eV_A"": 17.565699217937347, ""name"": ""bfgs_standard"", ""start_geometry_sha256"": ""1849fb934cd133f133d425ff526953371bedde497d128c90f9117b88e0d2e74b"", ""steps"": 100}, {""ase_converged"": false, ""converged"": false, ""end_geometry_sha256"": ""55292e7b0c5a84460f303fabf084ac0af2d1560166aa474cc9d2ed636820f264"", ""failure_class"": ""force_threshold"", ""max_force_eV_A"": 64.00268094164251, ""name"": ""fire_precondition"", ""qualifying"": false, ""start_geometry_sha256"": ""1849fb934cd133f133d425ff526953371bedde497d128c90f9117b88e0d2e74b"", ""steps"": 50}, {""ase_converged"": false, ""converged"": false, ""end_geometry_sha256"": ""806c43b84219e78535217c382d2e09513b68d4b2c20583af896f751046558a84"", ""failure_class"": ""force_threshold"", ""max_force_eV_A"": 22.92434387852214, ""name"": ""bfgs_after_fire"", ""start_geometry_sha256"": ""55292e7b0c5a84460f303fabf084ac0af2d1560166aa474cc9d2ed636820f264"", ""steps"": 200}, {""ase_converged"": false, ""converged"": false, ""end_geometry_sha256"": ""538f22ef551c5f2529959d7eebec416d9d3c7eafcaa97d4bcd363b2a873f269e"", ""failure_class"": ""force_threshold"", ""max_force_eV_A"": 15.775243115958483, ""name"": ""fire_small_step"", ""start_geometry_sha256"": ""05ced64d671ad694bf7d129e19ab270bf062485bdd47ff0d60070502f5954edb"", ""steps"": 300}]",538f22ef551c5f2529959d7eebec416d9d3c7eafcaa97d4bcd363b2a873f269e,,,,,,,,validation_required,Unconverged ooh relaxation: max_force=15.7752 eV/A after 650 cumulative recovery steps,True,2,2,f81db541ad7be634cc1f,False,
"('Perovskite', 'Nd', 'Nb', 'Hf', 0.05, 'B_vacancy')",Perovskite,True,esen-sm-conserving-all-oc25:relax-v4:orr-che-v3,True,0.0694943051024002,61,150,0.08,converged,,bfgs_standard,"[{""ase_converged"": true, ""converged"": true, ""end_geometry_sha256"": ""f70d19b1d977801734cdcfd845f01c060189a1d96d191c0e942286577c3e3170"", ""failure_class"": null, ""max_force_eV_A"": 0.0694943051024002, ""name"": ""bfgs_standard"", ""start_geometry_sha256"": ""f5ff3af115d326f3dc6b41441413f90e0983fe867f4a760b895ef4063467e031"", ""steps"": 61}]",f70d19b1d977801734cdcfd845f01c060189a1d96d191c0e942286577c3e3170,-491.82600779448194,True,0.07735120088906383,96.0,100.0,0.08,converged,,bfgs_standard,"[{""ase_converged"": true, ""converged"": true, ""end_geometry_sha256"": ""777abcec553365a312367da6dc102c0650cab4c81b712b4dffa0e96f00dd2ede"", ""failure_class"": null, ""max_force_eV_A"": 0.07735120088906383, ""name"": ""bfgs_standard"", ""start_geometry_sha256"": ""fbeae7826c0c8207d4ae5e0be846253ce250b376bea4ec01cabf0181fbaf78a0"", ""steps"": 96}]",777abcec553365a312367da6dc102c0650cab4c81b712b4dffa0e96f00dd2ede,-4.590816674083529,True,0.077027938244869,84.0,100.0,0.08,converged,,bfgs_standard,"[{""ase_converged"": true, ""converged"": true, ""end_geometry_sha256"": ""1822fafe429c43eecf007b07f2bc91ce488bd059b7c91e5d37d814dba5536673"", ""failure_class"": null, ""max_force_eV_A"": 0.077027938244869, ""name"": ""bfgs_standard"", ""start_geometry_sha256"": ""f7a581725a5e27e9e1fb367a216120b35fd102c57eadc92153947baa638a7468"", ""steps"": 84}]",1822fafe429c43eecf007b07f2bc91ce488bd059b7c91e5d37d814dba5536673,-5.757264219969536,True,0.07799742811345108,89.0,100.0,0.08,converged,,bfgs_standard,"[{""ase_converged"": true, ""converged"": true, ""end_geometry_sha256"": ""9264ea2911cfa7d990e1e8016ec7611c2cc09e6f5f6f155263baa75a8979466c"", ""failure_class"": null, ""max_force_eV_A"": 0.07799742811345108, ""name"": ""bfgs_standard"", ""start_geometry_sha256"": ""19a2dccab518f371efadc2b5d4316ffb1fefea21946c93bae7d7381943f1903d"", ""steps"": 89}]",9264ea2911cfa7d990e1e8016ec7611c2cc09e6f5f6f155263baa75a8979466c,-7.6815057292581415,3.0,step_4_H2O,10.0,0.0,True,10.348080894053066,quantitative_screening,,False,1,1,66789b9fad1c954c8b80,False,0.6527014328916925
"('Perovskite', 'Nd', 'Ru', 'Co', 0.0, 'B_vacancy')",Perovskite,False,esen-sm-conserving-all-oc25:relax-v4:orr-che-v3,True,0.06954652777088001,101,150,0.08,converged,,bfgs_standard,"[{""ase_converged"": true, ""converged"": true, ""end_geometry_sha256"": ""15c7b43f9f41291b8636f5bedb709003cbf5d1757455c6c8ae5f851b8abc26d3"", ""failure_class"": null, ""max_force_eV_A"": 0.06954652777088001, ""name"": ""bfgs_standard"", ""start_geometry_sha256"": ""f8be3303119d6234f73588515f81d35531e679a9a0f585af82c612e1eb31a207"", ""steps"": 101}]",15c7b43f9f41291b8636f5bedb709003cbf5d1757455c6c8ae5f851b8abc26d3,-437.47963660753356,True,0.07993838442144552,66.0,100.0,0.08,converged,,bfgs_standard,"[{""ase_converged"": true, ""converged"": true, ""end_geometry_sha256"": ""aff65903dd56c7d5b483f7a26e5ff7bd0e0e1ba7d825478ebbbf90cc4b3324fb"", ""failure_class"": null, ""max_force_eV_A"": 0.07993838442144552, ""name"": ""bfgs_standard"", ""start_geometry_sha256"": ""9bf3a6b8b91d58d2bb6ee330357f9017b9bb127ed455c5b675b1402571d2006d"", ""steps"": 66}]",aff65903dd56c7d5b483f7a26e5ff7bd0e0e1ba7d825478ebbbf90cc4b3324fb,0.23091107860207555,True,0.07459875715056863,34.0,100.0,0.08,converged,,bfgs_standard,"[{""ase_converged"": true, ""converged"": true, ""end_geometry_sha256"": ""e5fe94bc45d2573c57696333f80a00700492f897b098e844bcbf9d53d9dca37c"", ""failure_class"": null, ""max_force_eV_A"": 0.07459875715056863, ""name"": ""bfgs_standard"", ""start_geometry_sha256"": ""b51e433aca969d370e8de9a62336a3d5e6d2168ff82c439db6e43c0afafb4b75"", ""steps"": 34}]",e5fe94bc45d2573c57696333f80a00700492f897b098e844bcbf9d53d9dca37c,3.570229447633003,False,23.50712191496659,650.0,100.0,0.08,recovery_exhausted,force_threshold,fire_precondition,"[{""ase_converged"": false, ""converged"": false, ""end_geometry_sha256"": ""f79624d1d71c27356122aa0bd8102b71bf921aa515949b99b97c46e57ef5e233"", ""failure_class"": ""force_threshold"", ""max_force_eV_A"": 154.72371475597296, ""name"": ""bfgs_standard"", ""start_geometry_sha256"": ""84ad3f3683615613af430ded2a880b96086b020bfc5899cf77b96fbfa5631624"", ""steps"": 100}, {""ase_converged"": false, ""converged"": false, ""end_geometry_sha256"": ""c51942f81a12591a560d200d7aa61f86080319fd762a55ecbcc74aec2b9a4a8a"", ""failure_class"": ""force_threshold"", ""max_force_eV_A"": 23.50712191496659, ""name"": ""fire_precondition"", ""qualifying"": false, ""start_geometry_sha256"": ""84ad3f3683615613af430ded2a880b96086b020bfc5899cf77b96fbfa5631624"", ""steps"": 50}, {""ase_converged"": false, ""converged"": false, ""end_geometry_sha256"": ""13ad16b6f3cf7be96ee054086bcda663afc6e3f28eeaa5ff11a3b64fee2572f1"", ""failure_class"": ""force_threshold"", ""max_force_eV_A"": 684.2801890733258, ""name"": ""bfgs_after_fire"", ""start_geometry_sha256"": ""c51942f81a12591a560d200d7aa61f86080319fd762a55ecbcc74aec2b9a4a8a"", ""steps"": 200}, {""ase_converged"": false, ""converged"": false, ""end_geometry_sha256"": ""96924a775b6b36f7614f25c55619e7c969eb57e8ba7af76394012ffab122629c"", ""failure_class"": ""force_threshold"", ""max_force_eV_A"": 27.596740916905095, ""name"": ""fire_small_step"", ""start_geometry_sha256"": ""c51942f81a12591a560d200d7aa61f86080319fd762a55ecbcc74aec2b9a4a8a"", ""steps"": 300}]",c51942f81a12591a560d200d7aa61f86080319fd762a55ecbcc74aec2b9a4a8a,,,,,,,,validation_required,Unconverged ooh relaxation: max_force=23.5071 eV/A after 650 cumulative recovery steps,True,0,0,d5e7a1184b0ea09610e8,False,
"('MAXPhase', 'Nb', 'S', 'N', 3, 'Nb', 'edge_1120')",MAXPhase,True,esen-sm-conserving-all-oc25:relax-v4:orr-che-v3,True,0.06448740140403608,84,150,0.08,converged,,bfgs_standard,"[{""ase_converged"": true, ""converged"": true, ""end_geometry_sha256"": ""e3f14b1909b8ad802854fb53ffa8fb3fc43ee5383d978224d947b398e9db2417"", ""failure_class"": null, ""max_force_eV_A"": 0.06448740140403608, ""name"": ""bfgs_standard"", ""start_geometry_sha256"": ""128bd2e2a679ac56524565c3c691dc4e84de100bb669eda446aa95138f0f9c6b"", ""steps"": 84}]",e3f14b1909b8ad802854fb53ffa8fb3fc43ee5383d978224d947b398e9db2417,-256.89753720894606,True,0.07781322442979859,82.0,100.0,0.08,converged,,bfgs_standard,"[{""ase_converged"": true, ""converged"": true, ""end_geometry_sha256"": ""1d1a302bd5a55dbad81cde7413337a9cffd50405c7b2600fdce2c726eeceb3da"", ""failure_class"": null, ""max_force_eV_A"": 0.07781322442979859, ""name"": ""bfgs_standard"", ""start_geometry_sha256"": ""1fafcd9a33b64c30316726e95aacac21ff93bc0f4a08f8833148a47c03c7a441"", ""steps"": 82}]",1d1a302bd5a55dbad81cde7413337a9cffd50405c7b2600fdce2c726eeceb3da,-0.0841066215932938,True,0.0780097629890585,37.0,100.0,0.08,converged,,bfgs_standard,"[{""ase_converged"": true, ""converged"": true, ""end_geometry_sha256"": ""d1a2a9726ceffaf52b407c019ce18a9500d3891262e4ab7e0275aa4535719c76"", ""failure_class"": null, ""max_force_eV_A"": 0.0780097629890585, ""name"": ""bfgs_standard"", ""start_geometry_sha256"": ""56e7f09ab1862cfdccb9e651130e6fb4afc1700fdb3e1fce54a9d975b278bacf"", ""steps"": 37}]",d1a2a9726ceffaf52b407c019ce18a9500d3891262e4ab7e0275aa4535719c76,0.11853305175897973,True,0.0785476709799388,259.0,100.0,0.08,converged,,bfgs_after_fire,"[{""ase_converged"": false, ""converged"": false, ""end_geometry_sha256"": ""a30b3998c86454be39523ada489ee6b04df9a01d23941a8d96a4e5ee44f2126d"", ""failure_class"": ""force_threshold"", ""max_force_eV_A"": 0.44653547842066055, ""name"": ""bfgs_standard"", ""start_geometry_sha256"": ""418d457e975462781b4bded3ec5a1ded1ae6a83c0436d1944b90df4e3604d77a"", ""steps"": 100}, {""ase_converged"": false, ""converged"": false, ""end_geometry_sha256"": ""336c93310dbee4b625639d6a20ca51931c435fd9c799be7ffe99791a05878e3a"", ""failure_class"": ""force_threshold"", ""max_force_eV_A"": 1.3938067990023757, ""name"": ""fire_precondition"", ""qualifying"": false, ""start_geometry_sha256"": ""418d457e975462781b4bded3ec5a1ded1ae6a83c0436d1944b90df4e3604d77a"", ""steps"": 50}, {""ase_converged"": true, ""converged"": true, ""end_geometry_sha256"": ""9c95d329581363b3eebaeba3db0e1bfedb82df115c04c156fcd9891f5584f3e3"", ""failure_class"": null, ""max_force_eV_A"": 0.0785476709799388, ""name"": ""bfgs_after_fire"", ""start_geometry_sha256"": ""336c93310dbee4b625639d6a20ca51931c435fd9c799be7ffe99791a05878e3a"", ""steps"": 109}]",9c95d329581363b3eebaeba3db0e1bfedb82df115c04c156fcd9891f5584f3e3,-0.7905869975686322,2.138120049327612,step_2_O,10.0,0.0,True,0.2026396733522735,quantitative_screening,,False,1,1,bd0ab2af6625cb9a8a8c,False,0.5199556092414295
"('MAXPhase', 'Nb', 'Ga', 'N', 1, 'Hf', 'basal_0001')",MAXPhase,True,esen-sm-conserving-all-oc25:relax-v4:orr-che-v3,True,0.07359595469846468,28,150,0.08,converged,,bfgs_standard,"[{""ase_converged"": true, ""converged"": true, ""end_geometry_sha256"": ""b46d89a5b17d26b9df9a9336c7dc620bf54aae5f76be38df5a19d526011a73b6"", ""failure_class"": null, ""max_force_eV_A"": 0.07359595469846468, ""name"": ""bfgs_standard"", ""start_geometry_sha256"": ""790704a4214362660f48eb487b84238a5e1196ec33deb659160957453da781ac"", ""steps"": 28}]",b46d89a5b17d26b9df9a9336c7dc620bf54aae5f76be38df5a19d526011a73b6,-149.87890088560457,True,0.0664732059139466,4.0,100.0,0.08,converged,,bfgs_standard,"[{""ase_converged"": true, ""converged"": true, ""end_geometry_sha256"": ""3434e1f44059b5c22e67ac0a8d6afba6c2a0feefb871bfa08512e56df1699ffb"", ""failure_class"": null, ""max_force_eV_A"": 0.0664732059139466, ""name"": ""bfgs_standard"", ""start_geometry_sha256"": ""4b3d1a62e8632fc62198fe57fb32d1de5800545284001514cd448910432eff8d"", ""steps"": 4}]",3434e1f44059b5c22e67ac0a8d6afba6c2a0feefb871bfa08512e56df1699ffb,-0.7594148491322994,True,0.05427488589687847,7.0,100.0,0.08,converged,,bfgs_standard,"[{""ase_converged"": true, ""converged"": true, ""end_geometry_sha256"": ""d90d412d6223422f5312bcf7a1d089ee02b68c5cc68f281fa2d0b08c83e0a776"", ""failure_class"": null, ""max_force_eV_A"": 0.05427488589687847, ""name"": ""bfgs_standard"", ""start_geometry_sha256"": ""b0feb71568f573bc888945892af3e70cd3b8bdb8ed299f6015afc80f976de31a"", ""steps"": 7}]",d90d412d6223422f5312bcf7a1d089ee02b68c5cc68f281fa2d0b08c83e0a776,-1.1601153247058356,True,0.07536280316214689,203.0,100.0,0.08,converged,,bfgs_after_fire,"[{""ase_converged"": false, ""converged"": false, ""end_geometry_sha256"": ""b055e76c32af12ed3f4231e0b5255a87b66890040b49525fa87dd1e467be711e"", ""failure_class"": ""force_threshold"", ""max_force_eV_A"": 0.22795771820845015, ""name"": ""bfgs_standard"", ""start_geometry_sha256"": ""4de33d593cccc7026ab2807430935970cfc83a8ef9c3059de43d07172ee15df9"", ""steps"": 100}, {""ase_converged"": false, ""converged"": false, ""end_geometry_sha256"": ""2e68c95d3d28437c95291b950cfe2909f9a07c18c99d0912b5d0825704fd4399"", ""failure_class"": ""force_threshold"", ""max_force_eV_A"": 1.4008860336113498, ""name"": ""fire_precondition"", ""qualifying"": false, ""start_geometry_sha256"": ""4de33d593cccc7026ab2807430935970cfc83a8ef9c3059de43d07172ee15df9"", ""steps"": 50}, {""ase_converged"": true, ""converged"": true, ""end_geometry_sha256"": ""8080a59d5638dc94b2a26666c186786dddd2f606b974531b235b85d9f63b760c"", ""failure_class"": null, ""max_force_eV_A"": 0.07536280316214689, ""name"": ""bfgs_after_fire"", ""start_geometry_sha256"": ""2e68c95d3d28437c95291b950cfe2909f9a07c18c99d0912b5d0825704fd4399"", ""steps"": 53}]",8080a59d5638dc94b2a26666c186786dddd2f606b974531b235b85d9f63b760c,-4.907553245127197,3.0,step_2_O,10.0,0.0,True,1.919530173838135,quantitative_screening,,False,2,2,f2af8a15451fae15597f,False,0.707500000035
"('MAXPhase', 'Nb', 'Ga', 'N', 3, 'Ni', 'basal_0001')",MAXPhase,True,esen-sm-conserving-all-oc25:relax-v4:orr-che-v3,True,0.0757147996783313,53,150,0.08,converged,,bfgs_standard,"[{""ase_converged"": true, ""converged"": true, ""end_geometry_sha256"": ""1c251a6dfc6cc73ec3d5fd3aa233de58da6439563b81b4c5d5376465345dbe8b"", ""failure_class"": null, ""max_force_eV_A"": 0.0757147996783313, ""name"": ""bfgs_standard"", ""start_geometry_sha256"": ""8397b626e3e758b6856df1463213fd8aa5d581579270901649836a90550ce684"", ""steps"": 53}]",1c251a6dfc6cc73ec3d5fd3aa233de58da6439563b81b4c5d5376465345dbe8b,-348.2680636837638,True,0.07240408067997543,78.0,100.0,0.08,converged,,bfgs_standard,"[{""ase_converged"": true, ""converged"": true, ""end_geometry_sha256"": ""90dc2f22eac3bff733818333f8da0bf475a1bfc1f1be8f032bc5b16f1a629e5e"", ""failure_class"": null, ""max_force_eV_A"": 0.07240408067997543, ""name"": ""bfgs_standard"", ""start_geometry_sha256"": ""91f2495eab7a9d915ac3755eb04690de189e458cba74d847c43c120764e9e177"", ""steps"": 78}]",90dc2f22eac3bff733818333f8da0bf475a1bfc1f1be8f032bc5b16f1a629e5e,-1.2220842216908363,True,0.07366069786427198,56.0,100.0,0.08,converged,,bfgs_standard,"[{""ase_converged"": true, ""converged"": true, ""end_geometry_sha256"": ""db2a20d1edc13daf368de0c9bbea9adceaefe4b75f44c90ef0fe328afc399976"", ""failure_class"": null, ""max_force_eV_A"": 0.07366069786427198, ""name"": ""bfgs_standard"", ""start_geometry_sha256"": ""2c57e51f5c2c48d375f1a318cb232de188ed2d83262f25fb6b79b6833ffc6496"", ""steps"": 56}]",db2a20d1edc13daf368de0c9bbea9adceaefe4b75f44c90ef0fe328afc399976,-1.7328654162585415,True,0.07602223764190777,71.0,100.0,0.08,converged,,bfgs_standard,"[{""ase_converged"": true, ""converged"": true, ""end_geometry_sha256"": ""9c532bdcdc157ed0d65acf8d084325b82d56133d236343b80d6e3ebeeecd926e"", ""failure_class"": null, ""max_force_eV_A"": 0.07602223764190777, ""name"": ""bfgs_standard"", ""start_geometry_sha256"": ""2366bb5ab8137ca16906b18ee8dab5ef0aef1d4c0c2b7b933a5851861b215e49"", ""steps"": 71}]",9c532bdcdc157ed0d65acf8d084325b82d56133d236343b80d6e3ebeeecd926e,-2.090277244150607,2.451084221690836,step_4_H2O,10.0,0.0,True,2.954949637949378,quantitative_screening,,False,0,0,2691168fe9ff99ad1323,False,0.707500000035
"('MAXPhase', 'Nb', 'Ge', 'C', 1, 'Mn', 'edge_1010')",MAXPhase,False,esen-sm-conserving-all-oc25:relax-v4:orr-che-v3,True,0.0,0,150,0.08,converged,,bfgs_standard,"[{""ase_converged"": true, ""converged"": true, ""end_geometry_sha256"": ""e0eb0de0c7aaa7c52cc1c4746b9294d9a507e0e12ef9813da8e2a3ed2fd77f88"", ""failure_class"": null, ""max_force_eV_A"": 0.0, ""name"": ""bfgs_standard"", ""start_geometry_sha256"": ""e0eb0de0c7aaa7c52cc1c4746b9294d9a507e0e12ef9813da8e2a3ed2fd77f88"", ""steps"": 0}]",e0eb0de0c7aaa7c52cc1c4746b9294d9a507e0e12ef9813da8e2a3ed2fd77f88,-160.9726133266463,True,0.03748628725401951,41.0,100.0,0.08,converged,,bfgs_standard,"[{""ase_converged"": true, ""converged"": true, ""end_geometry_sha256"": ""5a2ccd73c8525236bff93a0cd5eaaaf063c4d0a1fc7c29a488ef7158dba5c029"", ""failure_class"": null, ""max_force_eV_A"": 0.03748628725401951, ""name"": ""bfgs_standard"", ""start_geometry_sha256"": ""6bc321683884773fa7c6db2bf74c9e41e655c66d8a0cff7dc1861b2571fa3adc"", ""steps"": 41}]",5a2ccd73c8525236bff93a0cd5eaaaf063c4d0a1fc7c29a488ef7158dba5c029,0.014989676624536485,True,0.036231051607414855,16.0,100.0,0.08,converged,,bfgs_standard,"[{""ase_converged"": true, ""converged"": true, ""end_geometry_sha256"": ""80e301845c44cf1d120f449102418ad516645c6a7b78d052725a108acc865006"", ""failure_class"": null, ""max_force_eV_A"": 0.036231051607414855, ""name"": ""bfgs_standard"", ""start_geometry_sha256"": ""7991529e6681088f7427a40c5670f50282b19db8f1eb0f0af2f98eb95dde2b3f"", ""steps"": 16}]",80e301845c44cf1d120f449102418ad516645c6a7b78d052725a108acc865006,-2.0892382495105233,True,0.022839756804877133,39.0,100.0,0.08,converged,,bfgs_standard,"[{""ase_converged"": true, ""converged"": true, ""end_geometry_sha256"": ""59658caf3614b41ed09ce433a41899075c5af9f9dc38dfea29e88b0a449385f7"", ""failure_class"": null, ""max_force_eV_A"": 0.022839756804877133, ""name"": ""bfgs_standard"", ""start_geometry_sha256"": ""12c17fb253d2015e17e91008c1eb3f3ed3247d638fd8aa24bb4a071cb2f167e9"", ""steps"": 39}]",59658caf3614b41ed09ce433a41899075c5af9f9dc38dfea29e88b0a449385f7,13.026502083241944,9.335502083241945,step_1_OOH,9.0,0.0,True,2.1042279261350596,validation_required,Unphysical dG_OOH_eV=13.03 eV,True,1,1,0789118e4251afdbf7bc,False,
"('MAXPhase', 'Nb', 'Ge', 'N', 1, 'None', 'edge_1120')",MAXPhase,True,esen-sm-conserving-all-oc25:relax-v4:orr-che-v3,True,0.0,0,150,0.08,converged,,bfgs_standard,"[{""ase_converged"": true, ""converged"": true, ""end_geometry_sha256"": ""4dcdf69b3c334472d1c9f6099a7507e293a00c3352c3e68347e1501c8290685c"", ""failure_class"": null, ""max_force_eV_A"": 0.0, ""name"": ""bfgs_standard"", ""start_geometry_sha256"": ""4dcdf69b3c334472d1c9f6099a7507e293a00c3352c3e68347e1501c8290685c"", ""steps"": 0}]",4dcdf69b3c334472d1c9f6099a7507e293a00c3352c3e68347e1501c8290685c,-110.72786409110506,True,0.07599184474264689,22.0,100.0,0.08,converged,,bfgs_standard,"[{""ase_converged"": true, ""converged"": true, ""end_geometry_sha256"": ""464a354e2823ce120a09a7454b5422ae1c7463e56432d45082d75adb6614c8c1"", ""failure_class"": null, ""max_force_eV_A"": 0.07599184474264689, ""name"": ""bfgs_standard"", ""start_geometry_sha256"": ""41eb4d0b739f9db14c2123c24335d2f4c56a25f8baa910c33aa57c75bcbd6e2b"", ""steps"": 22}]",464a354e2823ce120a09a7454b5422ae1c7463e56432d45082d75adb6614c8c1,1.010040106922388,True,0.015837456224908383,19.0,100.0,0.08,converged,,bfgs_standard,"[{""ase_converged"": true, ""converged"": true, ""end_geometry_sha256"": ""bf42b5b0e5f5ef843f6c130607931901e172ba5a753f84c34180565b8d4246b1"", ""failure_class"": null, ""max_force_eV_A"": 0.015837456224908383, ""name"": ""bfgs_standard"", ""start_geometry_sha256"": ""ab193dd6839e3b47ec6abf3707b4d6e2e4ad730cf61f532b49592630cf36867d"", ""steps"": 19}]",bf42b5b0e5f5ef843f6c130607931901e172ba5a753f84c34180565b8d4246b1,1.7756070263683832,True,0.049119955420554695,43.0,100.0,0.08,converged,,bfgs_standard,"[{""ase_converged"": true, ""converged"": true, ""end_geometry_sha256"": ""80b77d1f86195d8b72eb6ecbf75d678a116a1864ba238614c47c1a97449751f1"", ""failure_class"": null, ""max_force_eV_A"": 0.049119955420554695, ""name"": ""bfgs_standard"", ""start_geometry_sha256"": ""4b87b8ae51dbf80abd4ec0376cf96427e5fdb6bc4c8352dd32157761f973c7ed"", ""steps"": 43}]",80b77d1f86195d8b72eb6ecbf75d678a116a1864ba238614c47c1a97449751f1,2.854669044911865,0.463433080554005,step_3_OH,10.0,-0.5228787452803376,True,2.7856471332907713,quantitative_screening,,False,1,1,382ce0c9c2b6ed729cb6,False,0.707500000035
"('MAXPhase', 'Nb', 'In', 'C', 1, 'Hf', 'edge_1120')",MAXPhase,True,esen-sm-conserving-all-oc25:relax-v4:orr-che-v3,True,0.0,0,150,0.08,converged,,bfgs_standard,"[{""ase_converged"": true, ""converged"": true, ""end_geometry_sha256"": ""2fb8f12e5b441cdf44b63e493802337abf1111a1ee85acfd24901608b1079002"", ""failure_class"": null, ""max_force_eV_A"": 0.0, ""name"": ""bfgs_standard"", ""start_geometry_sha256"": ""2fb8f12e5b441cdf44b63e493802337abf1111a1ee85acfd24901608b1079002"", ""steps"": 0}]",2fb8f12e5b441cdf44b63e493802337abf1111a1ee85acfd24901608b1079002,-98.50551143565997,True,0.044607911732539904,17.0,100.0,0.08,converged,,bfgs_standard,"[{""ase_converged"": true, ""converged"": true, ""end_geometry_sha256"": ""d8f37c408357f41cab53ba23318e2eda005111e55a612a117b375ecd8c20cb91"", ""failure_class"": null, ""max_force_eV_A"": 0.044607911732539904, ""name"": ""bfgs_standard"", ""start_geometry_sha256"": ""8151a08ebb93b4ef2e41c5d6c7ccb5320daa53850f649cc464d0d735c7d4663c"", ""steps"": 17}]",d8f37c408357f41cab53ba23318e2eda005111e55a612a117b375ecd8c20cb91,0.6461103583872319,True,0.06356360454855689,12.0,100.0,0.08,converged,,bfgs_standard,"[{""ase_converged"": true, ""converged"": true, ""end_geometry_sha256"": ""64ea56eea8eb9e61ac5ef6a0652a33c7f9b109677bf2325d608e61c4151d862a"", ""failure_class"": null, ""max_force_eV_A"": 0.06356360454855689, ""name"": ""bfgs_standard"", ""start_geometry_sha256"": ""08ac47f6a2d1fe3df4a725fcce5518990efeb24459b5e0284db3e3f2e874066e"", ""steps"": 12}]",64ea56eea8eb9e61ac5ef6a0652a33c7f9b109677bf2325d608e61c4151d862a,1.2007321484386957,True,0.05237667783743396,31.0,100.0,0.08,converged,,bfgs_standard,"[{""ase_converged"": true, ""converged"": true, ""end_geometry_sha256"": ""9dd8757d227625c49f7e888f634d286d42db72646e2684894583633b50a2268a"", ""failure_class"": null, ""max_force_eV_A"": 0.05237667783743396, ""name"": ""bfgs_standard"", ""start_geometry_sha256"": ""aa6ec0f94e3b4bf42bea1f2c2efb5f17dddaeddeb3803ab4962b521404e9e29f"", ""steps"": 31}]",9dd8757d227625c49f7e888f634d286d42db72646e2684894583633b50a2268a,0.3266996845603025,2.1030324638783933,step_2_O,10.0,-1.2159391606295458,True,1.8468425068259275,quantitative_screening,,False,2,2,f276aa4d6523cd7b72e0,False,0.707500000035
"('MAXPhase', 'Nb', 'In', 'N', 2, 'W', 'basal_0001')",MAXPhase,True,esen-sm-conserving-all-oc25:relax-v4:orr-che-v3,True,0.07753809489029677,65,150,0.08,converged,,bfgs_standard,"[{""ase_converged"": true, ""converged"": true, ""end_geometry_sha256"": ""baade10877ad445bfd1152987c7eba945a87ef67f68e9ba7af34bfb363aebe7f"", ""failure_class"": null, ""max_force_eV_A"": 0.07753809489029677, ""name"": ""bfgs_standard"", ""start_geometry_sha256"": ""45b053769ad2d7d78e91183dc45c71bb3d4e54725a57c1462633eff1fd330885"", ""steps"": 65}]",baade10877ad445bfd1152987c7eba945a87ef67f68e9ba7af34bfb363aebe7f,-254.55420823350624,True,0.07731552522698518,79.0,100.0,0.08,converged,,bfgs_standard,"[{""ase_converged"": true, ""converged"": true, ""end_geometry_sha256"": ""4a31d8ca9d4786819395e12d09e56677e63a56be18adb40310bfbaabbf901614"", ""failure_class"": null, ""max_force_eV_A"": 0.07731552522698518, ""name"": ""bfgs_standard"", ""start_geometry_sha256"": ""d803e1373186361bf48dffa26ddefc8d6e033f82b77e89c28bce8644ca754dd6"", ""steps"": 79}]",4a31d8ca9d4786819395e12d09e56677e63a56be18adb40310bfbaabbf901614,-1.9015886162221431,True,0.06468250067463936,58.0,100.0,0.08,converged,,bfgs_standard,"[{""ase_converged"": true, ""converged"": true, ""end_geometry_sha256"": ""af75bb1c54dd21131cfbe43f03cc45c7bf948546ac25b960a41dcbe7803fe590"", ""failure_class"": null, ""max_force_eV_A"": 0.06468250067463936, ""name"": ""bfgs_standard"", ""start_geometry_sha256"": ""4b2a6ba4dfd0ace06ed39b7fc02be4d908350275142908b49a3de51aa25a3c4b"", ""steps"": 58}]",af75bb1c54dd21131cfbe43f03cc45c7bf948546ac25b960a41dcbe7803fe590,-3.1123019091785205,True,0.07418758906261053,72.0,100.0,0.08,converged,,bfgs_standard,"[{""ase_converged"": true, ""converged"": true, ""end_geometry_sha256"": ""dc991d3a5c7b7f433e9780f1138c59b80a9aa9a61af2ec01bc0c1285dc343aab"", ""failure_class"": null, ""max_force_eV_A"": 0.07418758906261053, ""name"": ""bfgs_standard"", ""start_geometry_sha256"": ""1a6b1a25d2cae878f789ec6ccfed381bc6e417afb736d9b2aaf9025b486b8fca"", ""steps"": 72}]",dc991d3a5c7b7f433e9780f1138c59b80a9aa9a61af2ec01bc0c1285dc343aab,-4.061949302256132,3.0,step_4_H2O,10.0,-1.4694133217706167,True,5.013890525400663,quantitative_screening,,False,1,1,f020b92451d943f39c36,False,0.707500000035
"('MAXPhase', 'Nb', 'Sn', 'C', 2, 'Ti', 'basal_0001')",MAXPhase,True,esen-sm-conserving-all-oc25:relax-v4:orr-che-v3,True,0.07478173127920654,63,150,0.08,converged,,bfgs_standard,"[{""ase_converged"": true, ""converged"": true, ""end_geometry_sha256"": ""30cfcf617215b7f38db11b536a8d1ed2cc02bc65d5f8d7470dbaf7ede3e16ac0"", ""failure_class"": null, ""max_force_eV_A"": 0.07478173127920654, ""name"": ""bfgs_standard"", ""start_geometry_sha256"": ""f2e5a12d9de2da41d8ba3c252cfdca201e5de85a3879fdf476659f013c6c7943"", ""steps"": 63}]",30cfcf617215b7f38db11b536a8d1ed2cc02bc65d5f8d7470dbaf7ede3e16ac0,-249.9379211171527,True,0.06560632894734097,75.0,100.0,0.08,converged,,bfgs_standard,"[{""ase_converged"": true, ""converged"": true, ""end_geometry_sha256"": ""66e59a84130e56c935589ba8131c5e0271854b1f0c1259ccbdb92a2426e2dfe4"", ""failure_class"": null, ""max_force_eV_A"": 0.06560632894734097, ""name"": ""bfgs_standard"", ""start_geometry_sha256"": ""cc9b90da7dfa3bbab7a48671a2c23b3a266e6e4c9663cfe5c134b1a6f72cfad4"", ""steps"": 75}]",66e59a84130e56c935589ba8131c5e0271854b1f0c1259ccbdb92a2426e2dfe4,-1.8918229912221431,True,0.07695976404354897,61.0,100.0,0.08,converged,,bfgs_standard,"[{""ase_converged"": true, ""converged"": true, ""end_geometry_sha256"": ""e7d1413e96d77cdadc01506ddb9416e6ba79946460631d93cf5031bb3a8b019b"", ""failure_class"": null, ""max_force_eV_A"": 0.07695976404354897, ""name"": ""bfgs_standard"", ""start_geometry_sha256"": ""c5a939334b564b78ff79b5b9793c11bf217f50d55b8094014e8af1280315ad66"", ""steps"": 61}]",e7d1413e96d77cdadc01506ddb9416e6ba79946460631d93cf5031bb3a8b019b,-3.0330248706043017,True,0.07480852615292483,183.0,100.0,0.08,converged,,bfgs_after_fire,"[{""ase_converged"": false, ""converged"": false, ""end_geometry_sha256"": ""0cbcdae7525c0d5df3a15ad3b399f9da0bec529e0361825ce57a2f3cb3e4899c"", ""failure_class"": ""force_threshold"", ""max_force_eV_A"": 0.5640830177942718, ""name"": ""bfgs_standard"", ""start_geometry_sha256"": ""0edf96ec79f869383a197091a6bd77736430fb571372a6f345c12f8a100f0da1"", ""steps"": 100}, {""ase_converged"": false, ""converged"": false, ""end_geometry_sha256"": ""f775c1c455c6a1ddd7f773cef0745fa50fa0f6eb2dd09f039b13c3515643dd53"", ""failure_class"": ""force_threshold"", ""max_force_eV_A"": 1.5432224173671176, ""name"": ""fire_precondition"", ""qualifying"": false, ""start_geometry_sha256"": ""0edf96ec79f869383a197091a6bd77736430fb571372a6f345c12f8a100f0da1"", ""steps"": 50}, {""ase_converged"": true, ""converged"": true, ""end_geometry_sha256"": ""a4f25a6f420cb88963bacf67f9323a606c2868f232b5f8979085570babfe61b1"", ""failure_class"": null, ""max_force_eV_A"": 0.07480852615292483, ""name"": ""bfgs_after_fire"", ""start_geometry_sha256"": ""f775c1c455c6a1ddd7f773cef0745fa50fa0f6eb2dd09f039b13c3515643dd53"", ""steps"": 33}]",a4f25a6f420cb88963bacf67f9323a606c2868f232b5f8979085570babfe61b1,-2.8759446635842574,3.0,step_4_H2O,10.0,0.0,True,4.924847861826445,quantitative_screening,,False,0,0,d7d8abff6cc24fdcbcc6,False,0.707500000035
"('MAXPhase', 'Nb', 'Sn', 'C', 2, 'Co', 'edge_1010')",MAXPhase,False,esen-sm-conserving-all-oc25:relax-v4:orr-che-v3,True,0.053412234299344115,53,150,0.08,converged,,bfgs_standard,"[{""ase_converged"": true, ""converged"": true, ""end_geometry_sha256"": ""6c243f5d6daec90362dcfe9c6f91dbdaba91deb650700573e29dbce29ff94853"", ""failure_class"": null, ""max_force_eV_A"": 0.053412234299344115, ""name"": ""bfgs_standard"", ""start_geometry_sha256"": ""22b01bc23f347095231ee92c4553c31caee6492f03feefa74713ce6241938984"", ""steps"": 53}]",6c243f5d6daec90362dcfe9c6f91dbdaba91deb650700573e29dbce29ff94853,-266.249066338767,True,0.06433976585035985,45.0,100.0,0.08,converged,,bfgs_standard,"[{""ase_converged"": true, ""converged"": true, ""end_geometry_sha256"": ""022fd002ca65d597ce8b2f8301193b535ca2c22ebbb52547e61c4c750db3738f"", ""failure_class"": null, ""max_force_eV_A"": 0.06433976585035985, ""name"": ""bfgs_standard"", ""start_geometry_sha256"": ""b839905ca90dbb634ed74b0599f3b79b0cd1f170b403e81df84228b87d3bd30e"", ""steps"": 45}]",022fd002ca65d597ce8b2f8301193b535ca2c22ebbb52547e61c4c750db3738f,-0.26162928089499476,True,0.06061154339364963,33.0,100.0,0.08,converged,,bfgs_standard,"[{""ase_converged"": true, ""converged"": true, ""end_geometry_sha256"": ""21b4e7629d016a5d5f8875c968323e95420a3d770e90e9766a0b21811e4d2e83"", ""failure_class"": null, ""max_force_eV_A"": 0.06061154339364963, ""name"": ""bfgs_standard"", ""start_geometry_sha256"": ""13b88d3efa9e56914ed2155bfbedbd1a9fb777234c882eca8e26bb0d87a03574"", ""steps"": 33}]",21b4e7629d016a5d5f8875c968323e95420a3d770e90e9766a0b21811e4d2e83,-2.2448588244617236,False,,0.0,100.0,0.08,invalid_initial_geometry,atomic_overlap,none,[],92b73d0cefd7ff4de71305a2d8ae2a8096d9a3a119d1edf705ab0737a37d8dbb,,,,,,,,validation_required,Invalid ooh initial geometry: atomic_overlap,True,2,2,87989d9ccc57c048acd9,False,
"('MAXPhase', 'Nb', 'Sn', 'N', 3, 'V', 'edge_1010')",MAXPhase,False,esen-sm-conserving-all-oc25:relax-v4:orr-che-v3,True,0.06339780284603255,57,150,0.08,converged,,bfgs_standard,"[{""ase_converged"": true, ""converged"": true, ""end_geometry_sha256"": ""73d4447619329388675157fdef0445e34a3a4792f650c49fd5f8da4c9c0da654"", ""failure_class"": null, ""max_force_eV_A"": 0.06339780284603255, ""name"": ""bfgs_standard"", ""start_geometry_sha256"": ""318b916ba4f0499bd0ecf7902c577550f73eb55ba1a894ba8445b5bc5dafedd6"", ""steps"": 57}]",73d4447619329388675157fdef0445e34a3a4792f650c49fd5f8da4c9c0da654,-374.30238232915787,True,0.06090244713168649,55.0,100.0,0.08,converged,,bfgs_standard,"[{""ase_converged"": true, ""converged"": true, ""end_geometry_sha256"": ""9003fa7530edfdcb94fdbe8bf43280f01e27fbad0621d6a9c7bd0360618d40dd"", ""failure_class"": null, ""max_force_eV_A"": 0.06090244713168649, ""name"": ""bfgs_standard"", ""start_geometry_sha256"": ""0abe57ff670b45593a0d721ca7a7389c4e5f80333f1e2cc7ae01ef14f46810c7"", ""steps"": 55}]",9003fa7530edfdcb94fdbe8bf43280f01e27fbad0621d6a9c7bd0360618d40dd,-1.4040681694447994,True,0.07493938516366637,55.0,100.0,0.08,converged,,bfgs_standard,"[{""ase_converged"": true, ""converged"": true, ""end_geometry_sha256"": ""6816c9f71281031a6df17763387847c362ab7f94630d706371080fcdaa9c1801"", ""failure_class"": null, ""max_force_eV_A"": 0.07493938516366637, ""name"": ""bfgs_standard"", ""start_geometry_sha256"": ""daff564f9cda27ab39dc5c275138ba19bbc037ab3c5cdec384977c85bbf75424"", ""steps"": 55}]",6816c9f71281031a6df17763387847c362ab7f94630d706371080fcdaa9c1801,-2.3922720782458464,False,0.14999196744987423,650.0,100.0,0.08,recovery_exhausted,force_threshold,bfgs_standard,"[{""ase_converged"": false, ""converged"": false, ""end_geometry_sha256"": ""6f3109e857386995907d0fa1615b757550db9e9b0c00ec18968af56e4bf06e25"", ""failure_class"": ""force_threshold"", ""max_force_eV_A"": 0.14999196744987423, ""name"": ""bfgs_standard"", ""start_geometry_sha256"": ""25edb49aa760e700f520fd08adcd84cdd446bcc21155af8fd9ca3fa778e635fa"", ""steps"": 100}, {""ase_converged"": false, ""converged"": false, ""end_geometry_sha256"": ""ece4ef9edad8b8d0e1b1ebe0eaf5d6961ac740deb4ae52ad194031ff09053d9c"", ""failure_class"": ""force_threshold"", ""max_force_eV_A"": 3.9446940090805453, ""name"": ""fire_precondition"", ""qualifying"": false, ""start_geometry_sha256"": ""25edb49aa760e700f520fd08adcd84cdd446bcc21155af8fd9ca3fa778e635fa"", ""steps"": 50}, {""ase_converged"": false, ""converged"": false, ""end_geometry_sha256"": ""f36e22655307bd54bddb33acfe92572c4792572dbac723dd4e447fd6819b617a"", ""failure_class"": ""force_threshold"", ""max_force_eV_A"": 0.6582791254789657, ""name"": ""bfgs_after_fire"", ""start_geometry_sha256"": ""ece4ef9edad8b8d0e1b1ebe0eaf5d6961ac740deb4ae52ad194031ff09053d9c"", ""steps"": 200}, {""ase_converged"": false, ""converged"": false, ""end_geometry_sha256"": ""70627a55ad03330bc65ae818a6953ddbd23733c4a8e7596ccf4ed1d00fbf9c64"", ""failure_class"": ""force_threshold"", ""max_force_eV_A"": 0.17846818420085558, ""name"": ""fire_small_step"", ""start_geometry_sha256"": ""6f3109e857386995907d0fa1615b757550db9e9b0c00ec18968af56e4bf06e25"", ""steps"": 300}]",6f3109e857386995907d0fa1615b757550db9e9b0c00ec18968af56e4bf06e25,,,,,,,,validation_required,Unconverged ooh relaxation: max_force=0.149992 eV/A after 650 cumulative recovery steps,True,2,2,60aebe5b28ce08406366,False,
"('HEA', ('Ti', 'Nb', 'Rh', 'Si', 'Ga', 'Y'), 'hcp', '111', 800)",HEA,True,esen-sm-conserving-all-oc25:relax-v4:orr-che-v3,True,0.06824096241630777,29,150,0.08,converged,,bfgs_standard,"[{""ase_converged"": true, ""converged"": true, ""end_geometry_sha256"": ""9565e2bb87a7bbbe99f1736790e97c368946f3ed89f0a80d70225c3f4ed9c990"", ""failure_class"": null, ""max_force_eV_A"": 0.06824096241630777, ""name"": ""bfgs_standard"", ""start_geometry_sha256"": ""18f9e8eb75a85c3742acc336822647d5c609a72407e19bc3369e9f91203393e2"", ""steps"": 29}]",9565e2bb87a7bbbe99f1736790e97c368946f3ed89f0a80d70225c3f4ed9c990,-264.4031971368417,True,0.06434514145012143,91.0,100.0,0.08,converged,,bfgs_standard,"[{""ase_converged"": true, ""converged"": true, ""end_geometry_sha256"": ""742ce77f5b451e614c50d7f32ca5f6c2b2a502e87f9ff0ffa703f3962a469242"", ""failure_class"": null, ""max_force_eV_A"": 0.06434514145012143, ""name"": ""bfgs_standard"", ""start_geometry_sha256"": ""6fdfe81d7e6dcea46ae38a03ee4ab72bb0e569056056c4e7d572faac32b6a659"", ""steps"": 91}]",742ce77f5b451e614c50d7f32ca5f6c2b2a502e87f9ff0ffa703f3962a469242,-3.4547235344349767,True,0.07988601396364545,19.0,100.0,0.08,converged,,bfgs_standard,"[{""ase_converged"": true, ""converged"": true, ""end_geometry_sha256"": ""c9c15be235aa25c3bcfdcf96db1767f4fb9fdb1b184a942fa5630901fe19dbe5"", ""failure_class"": null, ""max_force_eV_A"": 0.07988601396364545, ""name"": ""bfgs_standard"", ""start_geometry_sha256"": ""ac2611032244ac4215f6894b6e570eae73fe176a40d0169771ba3610030dfd0d"", ""steps"": 19}]",c9c15be235aa25c3bcfdcf96db1767f4fb9fdb1b184a942fa5630901fe19dbe5,-2.9456148974597705,True,0.07740825361973312,59.0,100.0,0.08,converged,,bfgs_standard,"[{""ase_converged"": true, ""converged"": true, ""end_geometry_sha256"": ""b6e149d3b0ca705e4a591b026e9594dbeea108d900b2e4f064702a5661787dc9"", ""failure_class"": null, ""max_force_eV_A"": 0.07740825361973312, ""name"": ""bfgs_standard"", ""start_geometry_sha256"": ""d7f823761cf2e617d77a74a22c29d11e94bdc1f7188b06950fad646bdf31f10b"", ""steps"": 59}]",b6e149d3b0ca705e4a591b026e9594dbeea108d900b2e4f064702a5661787dc9,-4.918932487070585,3.0,step_4_H2O,10.0,0.0,True,6.400338431894747,quantitative_screening,,False,1,1,efe50dfaf1213e6731ad,False,0.902500000035
"('HEA', ('Ti', 'Mo', 'Pd', 'Pt', 'Ge', 'Bi'), 'hcp', '111', 1200)",HEA,True,esen-sm-conserving-all-oc25:relax-v4:orr-che-v3,True,0.0767665526777461,28,150,0.08,converged,,bfgs_standard,"[{""ase_converged"": true, ""converged"": true, ""end_geometry_sha256"": ""6bf066421c1aecdc3fe85be76aa3c7c63e5791104eb18634325d53bebf861cc9"", ""failure_class"": null, ""max_force_eV_A"": 0.0767665526777461, ""name"": ""bfgs_standard"", ""start_geometry_sha256"": ""001ddd59db7e0b48babd620f3cdab46f8cf0993ecd2949e743dcdeb3782e4e71"", ""steps"": 28}]",6bf066421c1aecdc3fe85be76aa3c7c63e5791104eb18634325d53bebf861cc9,-264.3791008672698,True,0.07929767294979553,46.0,100.0,0.08,converged,,bfgs_standard,"[{""ase_converged"": true, ""converged"": true, ""end_geometry_sha256"": ""75deb754a8aa345fc83096644faa1eeeaf0db38e0e436161f68b6e688b55ff68"", ""failure_class"": null, ""max_force_eV_A"": 0.07929767294979553, ""name"": ""bfgs_standard"", ""start_geometry_sha256"": ""b94b023d9acd669cac50b92681b26fd43ae2d72aa9dd496e6ccd579fc223bec4"", ""steps"": 46}]",75deb754a8aa345fc83096644faa1eeeaf0db38e0e436161f68b6e688b55ff68,-1.3802606438100338,True,0.07805735201446694,54.0,100.0,0.08,converged,,bfgs_standard,"[{""ase_converged"": true, ""converged"": true, ""end_geometry_sha256"": ""534f45f18e86e5429c3406c39b1e41e00aa6948e1c48e93bad19848dcdb749a6"", ""failure_class"": null, ""max_force_eV_A"": 0.07805735201446694, ""name"": ""bfgs_standard"", ""start_geometry_sha256"": ""2ffb45396b4bfa5bdcd8faa1cf1b41633544527ddd5eb0aab6b758358a779229"", ""steps"": 54}]",534f45f18e86e5429c3406c39b1e41e00aa6948e1c48e93bad19848dcdb749a6,-1.2990275256336552,True,0.06789745729547256,219.0,100.0,0.08,converged,,bfgs_after_fire,"[{""ase_converged"": false, ""converged"": false, ""end_geometry_sha256"": ""f2ea1edad44d3dc729d881a486ff496d53ce539e6a440a31c242f87b275e6a77"", ""failure_class"": ""force_threshold"", ""max_force_eV_A"": 0.2477926781719572, ""name"": ""bfgs_standard"", ""start_geometry_sha256"": ""9a277be9d156a76e114c0116f4ede59aef017400214e9d7658a6564d7251bbc9"", ""steps"": 100}, {""ase_converged"": false, ""converged"": false, ""end_geometry_sha256"": ""c9adb85e7f3377083af82abf5be82002fe8c04bc7460a9ecf6061229dbcc6f03"", ""failure_class"": ""force_threshold"", ""max_force_eV_A"": 0.7703463734525599, ""name"": ""fire_precondition"", ""qualifying"": false, ""start_geometry_sha256"": ""9a277be9d156a76e114c0116f4ede59aef017400214e9d7658a6564d7251bbc9"", ""steps"": 50}, {""ase_converged"": true, ""converged"": true, ""end_geometry_sha256"": ""f1ec5114569386c48116c008a0bb06f9eebf42834c06ee4fbd9eea777b30f218"", ""failure_class"": null, ""max_force_eV_A"": 0.06789745729547256, ""name"": ""bfgs_after_fire"", ""start_geometry_sha256"": ""c9adb85e7f3377083af82abf5be82002fe8c04bc7460a9ecf6061229dbcc6f03"", ""steps"": 69}]",f1ec5114569386c48116c008a0bb06f9eebf42834c06ee4fbd9eea777b30f218,-3.1222100749612673,3.0,step_2_O,10.0,-2.0,True,2.679288169443689,quantitative_screening,,False,0,0,1f6a52729941a7731e5c,False,0.902500000035
"('HEA', ('Ti', 'Ru', 'Rh', 'Re', 'Bi', 'Sc'), 'fcc_bcc_dual', '100', 800)",HEA,True,esen-sm-conserving-all-oc25:relax-v4:orr-che-v3,True,0.07298811036253547,74,150,0.08,converged,,bfgs_standard,"[{""ase_converged"": true, ""converged"": true, ""end_geometry_sha256"": ""7bffad7d7753e905e904194d3db14a0833316dd35665a8fcd4263ee77d506e19"", ""failure_class"": null, ""max_force_eV_A"": 0.07298811036253547, ""name"": ""bfgs_standard"", ""start_geometry_sha256"": ""21668e6411973f607597063270fff3e100c24a7956e95ca252acca9612bc7971"", ""steps"": 74}]",7bffad7d7753e905e904194d3db14a0833316dd35665a8fcd4263ee77d506e19,-132.226751438137,True,0.07891599597989248,62.0,100.0,0.08,converged,,bfgs_standard,"[{""ase_converged"": true, ""converged"": true, ""end_geometry_sha256"": ""d74efaf86591727455af03230d27f72393b6cf550f6adfe550ec46be9dcce2bd"", ""failure_class"": null, ""max_force_eV_A"": 0.07891599597989248, ""name"": ""bfgs_standard"", ""start_geometry_sha256"": ""35dd858b0762abab54fe14b7672b7335ba2e70bd0c5b8c97aca9e0450441d5c4"", ""steps"": 62}]",d74efaf86591727455af03230d27f72393b6cf550f6adfe550ec46be9dcce2bd,-2.501556572765055,True,0.07931441658693573,40.0,100.0,0.08,converged,,bfgs_standard,"[{""ase_converged"": true, ""converged"": true, ""end_geometry_sha256"": ""435d2c9f358c164084bf03e5f1b129f9e62e061d295a20068b8210c59ccbeb61"", ""failure_class"": null, ""max_force_eV_A"": 0.07931441658693573, ""name"": ""bfgs_standard"", ""start_geometry_sha256"": ""ed1a12555aa0ba084b66de6364247de74f80e0f2bafbc59eceaf01a537916eb2"", ""steps"": 40}]",435d2c9f358c164084bf03e5f1b129f9e62e061d295a20068b8210c59ccbeb61,-2.074566923826958,True,0.0799626151416766,54.0,100.0,0.08,converged,,bfgs_standard,"[{""ase_converged"": true, ""converged"": true, ""end_geometry_sha256"": ""ff52be363b40a836ff1655297d13b982e741b52b8b9679aa8706cd02de9c0333"", ""failure_class"": null, ""max_force_eV_A"": 0.0799626151416766, ""name"": ""bfgs_standard"", ""start_geometry_sha256"": ""e8560bccf4804d6e337a09564ac71b6f2edc23dbe5cf2efd3d15bb4e20ea662e"", ""steps"": 54}]",ff52be363b40a836ff1655297d13b982e741b52b8b9679aa8706cd02de9c0333,-2.767805625498206,3.0,step_4_H2O,10.0,-2.0,True,4.576123496592013,quantitative_screening,,False,1,1,1332bfd92f9bc80c2998,False,0.902500000035
"('HEA', ('Ti', 'Ru', 'Ag', 'W', 'Pt', 'La'), 'fcc', '100', 900)",HEA,True,esen-sm-conserving-all-oc25:relax-v4:orr-che-v3,True,0.07185895426630205,69,150,0.08,converged,,bfgs_standard,"[{""ase_converged"": true, ""converged"": true, ""end_geometry_sha256"": ""603a9bb5a10aa2372d36ec4856d863709bd58407db73abe83f4669607235dbd5"", ""failure_class"": null, ""max_force_eV_A"": 0.07185895426630205, ""name"": ""bfgs_standard"", ""start_geometry_sha256"": ""b9bfc45915c290b782597a2cdaf08ce7fdea0101f7c84e56ac6c2dde6b72770a"", ""steps"": 69}]",603a9bb5a10aa2372d36ec4856d863709bd58407db73abe83f4669607235dbd5,-147.01254960227448,True,0.076457413640958,50.0,100.0,0.08,converged,,bfgs_standard,"[{""ase_converged"": true, ""converged"": true, ""end_geometry_sha256"": ""b004e04f86df12c4fc394a4c7821edab3de00e7f1692e78f2def239a058b27a2"", ""failure_class"": null, ""max_force_eV_A"": 0.076457413640958, ""name"": ""bfgs_standard"", ""start_geometry_sha256"": ""1d9ae43c0812f008a6cfb8a91d0b2d635fbbc3a11d82505144e2f644b453148e"", ""steps"": 50}]",b004e04f86df12c4fc394a4c7821edab3de00e7f1692e78f2def239a058b27a2,-1.153015312999487,True,0.06838775796342679,54.0,100.0,0.08,converged,,bfgs_standard,"[{""ase_converged"": true, ""converged"": true, ""end_geometry_sha256"": ""9853f268f70dc11a5ab263fa9e9116c446977703be8c7560d51c44d9c0779d5b"", ""failure_class"": null, ""max_force_eV_A"": 0.06838775796342679, ""name"": ""bfgs_standard"", ""start_geometry_sha256"": ""badba56a07fb2c8d5c4589b96c343cc89ce87791a747e4d9d13b3819aabee1e0"", ""steps"": 54}]",9853f268f70dc11a5ab263fa9e9116c446977703be8c7560d51c44d9c0779d5b,-0.9155550830065884,True,0.07637892994789078,66.0,100.0,0.08,converged,,bfgs_standard,"[{""ase_converged"": true, ""converged"": true, ""end_geometry_sha256"": ""40681609e8d116dbbe56b03ba1261f6e773cd91c97c73dcfd41e544ca0c56f46"", ""failure_class"": null, ""max_force_eV_A"": 0.07637892994789078, ""name"": ""bfgs_standard"", ""start_geometry_sha256"": ""830bb0024ec041097fbda2de132797f9886752c96e68fa6731673d8836ec2f0c"", ""steps"": 66}]",40681609e8d116dbbe56b03ba1261f6e773cd91c97c73dcfd41e544ca0c56f46,-5.228712607920194,3.0,step_2_O,10.0,-2.0,True,2.0685703960060753,quantitative_screening,,False,1,1,ed92befaa1b5715dcaa8,False,0.8739350657946708
"('HEA', ('Ti', 'Rh', 'Ta', 'Si', 'La', 'Y'), 'fcc_bcc_dual', '100', 1200)",HEA,True,esen-sm-conserving-all-oc25:relax-v4:orr-che-v3,True,0.07243016656467724,400,150,0.08,converged,,bfgs_after_fire,"[{""ase_converged"": false, ""converged"": false, ""end_geometry_sha256"": ""0b62445549c3a3cf943547c672bd57d950d7cbc4c3b3f1d8e091586df7ee08bf"", ""failure_class"": ""force_threshold"", ""max_force_eV_A"": 0.08381209964527576, ""name"": ""bfgs_standard"", ""start_geometry_sha256"": ""6bac5c25cc5c0c5a00cf38c73d48d3ce10c0f09a90a598f75261683a755bef10"", ""steps"": 150}, {""ase_converged"": false, ""converged"": false, ""end_geometry_sha256"": ""534ad82b5f8faff31c72859c2a70d028f0f73a36cdd58c6bcfc3cca86a8d1945"", ""failure_class"": ""force_threshold"", ""max_force_eV_A"": 3.1200637860400784, ""name"": ""fire_precondition"", ""qualifying"": false, ""start_geometry_sha256"": ""6bac5c25cc5c0c5a00cf38c73d48d3ce10c0f09a90a598f75261683a755bef10"", ""steps"": 75}, {""ase_converged"": true, ""converged"": true, ""end_geometry_sha256"": ""01b6bffe4487b4a665787053f2b66a342fc983e03df43cc36ddb184aee508edb"", ""failure_class"": null, ""max_force_eV_A"": 0.07243016656467724, ""name"": ""bfgs_after_fire"", ""start_geometry_sha256"": ""534ad82b5f8faff31c72859c2a70d028f0f73a36cdd58c6bcfc3cca86a8d1945"", ""steps"": 175}]",01b6bffe4487b4a665787053f2b66a342fc983e03df43cc36ddb184aee508edb,-140.20832384224292,True,0.0659496808508399,41.0,100.0,0.08,converged,,bfgs_standard,"[{""ase_converged"": true, ""converged"": true, ""end_geometry_sha256"": ""6ea4be7fbccb4fbd99c7962272a60c2362f0499aa0fdfc357dce8e01b222e88b"", ""failure_class"": null, ""max_force_eV_A"": 0.0659496808508399, ""name"": ""bfgs_standard"", ""start_geometry_sha256"": ""2740fb6705490b009e1eb4e8f2c56737067d6dbe0879a83bd665a66b808f33c4"", ""steps"": 41}]",6ea4be7fbccb4fbd99c7962272a60c2362f0499aa0fdfc357dce8e01b222e88b,-2.0541231010853673,True,0.06936067684215876,22.0,100.0,0.08,converged,,bfgs_standard,"[{""ase_converged"": true, ""converged"": true, ""end_geometry_sha256"": ""c3628f0773a9f48ad5b22f319a84ba8b61d407dbe6c0ec12ff3f815124560a39"", ""failure_class"": null, ""max_force_eV_A"": 0.06936067684215876, ""name"": ""bfgs_standard"", ""start_geometry_sha256"": ""65521cde67a0f317f1cb7e4daca364de79ce0e636c58bd8970d1d95c92e38f77"", ""steps"": 22}]",c3628f0773a9f48ad5b22f319a84ba8b61d407dbe6c0ec12ff3f815124560a39,-1.8170443408190884,True,0.051620407088015116,264.0,100.0,0.08,converged,,bfgs_after_fire,"[{""ase_converged"": false, ""converged"": false, ""end_geometry_sha256"": ""686003b2b3ddc64d6be427f70cdf00f1f9a62efc3b0ddac6a7d611e7ace48157"", ""failure_class"": ""force_threshold"", ""max_force_eV_A"": 0.31216401017479906, ""name"": ""bfgs_standard"", ""start_geometry_sha256"": ""4a239bc144f64811d11af477a505f4755ddebe469c71918d42a9554a84bac237"", ""steps"": 100}, {""ase_converged"": false, ""converged"": false, ""end_geometry_sha256"": ""7a64b705b72c4e00afcde2b4213790e09523a9dad1a3f0d276189d5ed689926d"", ""failure_class"": ""force_threshold"", ""max_force_eV_A"": 4.64145805904244, ""name"": ""fire_precondition"", ""qualifying"": false, ""start_geometry_sha256"": ""4a239bc144f64811d11af477a505f4755ddebe469c71918d42a9554a84bac237"", ""steps"": 50}, {""ase_converged"": true, ""converged"": true, ""end_geometry_sha256"": ""5d85198a29c835b9b7948d38ddcc4c1480bce3eb6e65fe7d04913c91e607754e"", ""failure_class"": null, ""max_force_eV_A"": 0.051620407088015116, ""name"": ""bfgs_after_fire"", ""start_geometry_sha256"": ""7a64b705b72c4e00afcde2b4213790e09523a9dad1a3f0d276189d5ed689926d"", ""steps"": 114}]",5d85198a29c835b9b7948d38ddcc4c1480bce3eb6e65fe7d04913c91e607754e,-0.31030135303738215,3.0,step_4_H2O,10.0,0.0,True,3.871167441904456,quantitative_screening,,False,0,0,20f4002b14e53c441d20,False,0.8739350657946708
"('HEA', ('Ti', 'Pd', 'Ir', 'Au', 'Sb', 'La'), 'amorphous', '110', 800)",HEA,True,esen-sm-conserving-all-oc25:relax-v4:orr-che-v3,True,0.07263707403624453,62,150,0.08,converged,,bfgs_standard,"[{""ase_converged"": true, ""converged"": true, ""end_geometry_sha256"": ""b2d80146597e1a3ce092644bc96c71ef9765bb5b0b62d596852fb95471faf62a"", ""failure_class"": null, ""max_force_eV_A"": 0.07263707403624453, ""name"": ""bfgs_standard"", ""start_geometry_sha256"": ""3c1361ce17522a74c74398fd069e0ca01a46959e82e3dbd9bf3e2988666f881e"", ""steps"": 62}]",b2d80146597e1a3ce092644bc96c71ef9765bb5b0b62d596852fb95471faf62a,-256.52569454749806,True,0.06622781964726787,76.0,100.0,0.08,converged,,bfgs_standard,"[{""ase_converged"": true, ""converged"": true, ""end_geometry_sha256"": ""975ec48d7e5f44edda6d75c02062d21c40c150f7f0e16e3d1689c98a55b15b46"", ""failure_class"": null, ""max_force_eV_A"": 0.06622781964726787, ""name"": ""bfgs_standard"", ""start_geometry_sha256"": ""2cf78d493fbc9b0c1eb99a846efb7e7b1c06615a91db23cead82c00586706c2d"", ""steps"": 76}]",975ec48d7e5f44edda6d75c02062d21c40c150f7f0e16e3d1689c98a55b15b46,-2.9345094536244867,True,0.07284194291879773,82.0,100.0,0.08,converged,,bfgs_standard,"[{""ase_converged"": true, ""converged"": true, ""end_geometry_sha256"": ""e9ff6698e1fa02dc6512acbdce978fe96690890fac0b5bce36efd58a826c01e9"", ""failure_class"": null, ""max_force_eV_A"": 0.07284194291879773, ""name"": ""bfgs_standard"", ""start_geometry_sha256"": ""75de38ddaa97e7f711343280d9d1f3535dd9363a9b0090d269c4a73eb3360d6f"", ""steps"": 82}]",e9ff6698e1fa02dc6512acbdce978fe96690890fac0b5bce36efd58a826c01e9,-2.6153536669910205,True,0.06630771142055449,312.0,100.0,0.08,converged,,bfgs_after_fire,"[{""ase_converged"": false, ""converged"": false, ""end_geometry_sha256"": ""9fbae5182e14cf344253342c41610a73b8f184027bffb9bc204226dae5ed2c7b"", ""failure_class"": ""force_threshold"", ""max_force_eV_A"": 1.0230819742761963, ""name"": ""bfgs_standard"", ""start_geometry_sha256"": ""8afc6219e0e9a03852bc42ac487a390a9d860a7f06a98f667d40cdd77d4b683b"", ""steps"": 100}, {""ase_converged"": false, ""converged"": false, ""end_geometry_sha256"": ""b9ca7fa72c40f2394c0156cd928e27b051cdd5e58b73e02fc35955f0c381aad4"", ""failure_class"": ""force_threshold"", ""max_force_eV_A"": 15.904062744161955, ""name"": ""fire_precondition"", ""qualifying"": false, ""start_geometry_sha256"": ""8afc6219e0e9a03852bc42ac487a390a9d860a7f06a98f667d40cdd77d4b683b"", ""steps"": 50}, {""ase_converged"": true, ""converged"": true, ""end_geometry_sha256"": ""221cc571b4f635ba17d0ffbaf5adce4918363269903307a64d0db036ced548b9"", ""failure_class"": null, ""max_force_eV_A"": 0.06630771142055449, ""name"": ""bfgs_after_fire"", ""start_geometry_sha256"": ""b9ca7fa72c40f2394c0156cd928e27b051cdd5e58b73e02fc35955f0c381aad4"", ""steps"": 162}]",221cc571b4f635ba17d0ffbaf5adce4918363269903307a64d0db036ced548b9,3.9071821674704306,3.0,step_4_H2O,10.0,-2.0,True,5.549863120615507,quantitative_screening,,False,2,2,48007a786a613cb089e7,False,0.8739350657946708
"('HEA', ('Ti', 'Ta', 'Bi', 'Ce', 'Y', 'Sc'), 'amorphous', '110', 1200)",HEA,False,esen-sm-conserving-all-oc25:relax-v4:orr-che-v3,True,0.0796516349158996,112,150,0.08,converged,,bfgs_standard,"[{""ase_converged"": true, ""converged"": true, ""end_geometry_sha256"": ""027d1fb0714af0c3024ae0568697aa051d9c6e9941e4ac649ee7232194d11be2"", ""failure_class"": null, ""max_force_eV_A"": 0.0796516349158996, ""name"": ""bfgs_standard"", ""start_geometry_sha256"": ""bfc36b0df060972371251f94e8046ad7e957bff099bb8f05ebdb40b80df1e802"", ""steps"": 112}]",027d1fb0714af0c3024ae0568697aa051d9c6e9941e4ac649ee7232194d11be2,-261.7881585282694,True,0.07690739858335735,76.0,100.0,0.08,converged,,bfgs_standard,"[{""ase_converged"": true, ""converged"": true, ""end_geometry_sha256"": ""bee0241e3689d946780563a951141d3cf864139e46f3fe8f1769b1134d352198"", ""failure_class"": null, ""max_force_eV_A"": 0.07690739858335735, ""name"": ""bfgs_standard"", ""start_geometry_sha256"": ""491ea904e35799632179552a844d39c0b6728e3cff83158c67c7ae1fe265cf81"", ""steps"": 76}]",bee0241e3689d946780563a951141d3cf864139e46f3fe8f1769b1134d352198,-3.6144525383412835,True,0.07308026321826772,90.0,100.0,0.08,converged,,bfgs_standard,"[{""ase_converged"": true, ""converged"": true, ""end_geometry_sha256"": ""06182b2874434514c83671307f7ff4593d5dc4ec7ae42cb49cc36889c88f50fa"", ""failure_class"": null, ""max_force_eV_A"": 0.07308026321826772, ""name"": ""bfgs_standard"", ""start_geometry_sha256"": ""45bbae1e7556a248da6febfcf489dd71a8829246a10fbfc6957658ab2ba54c72"", ""steps"": 90}]",06182b2874434514c83671307f7ff4593d5dc4ec7ae42cb49cc36889c88f50fa,-2.652283751219536,False,5.5188114594745405,650.0,100.0,0.08,recovery_exhausted,force_threshold,fire_small_step,"[{""ase_converged"": false, ""converged"": false, ""end_geometry_sha256"": ""25adadab530ea9bac8aefd331eda1d411358a104823ae4a7d200d662abd63278"", ""failure_class"": ""force_threshold"", ""max_force_eV_A"": 7.383075379524357, ""name"": ""bfgs_standard"", ""start_geometry_sha256"": ""9396364aa043479d20aa5b22c3d329277043d331e5d5e41b48c38fdbae3090d6"", ""steps"": 100}, {""ase_converged"": false, ""converged"": false, ""end_geometry_sha256"": ""5271f7716145599426b690ee33c7b1fb37e7aca37a930c6e37d227bd7445d915"", ""failure_class"": ""force_threshold"", ""max_force_eV_A"": 10.145586680484268, ""name"": ""fire_precondition"", ""qualifying"": false, ""start_geometry_sha256"": ""9396364aa043479d20aa5b22c3d329277043d331e5d5e41b48c38fdbae3090d6"", ""steps"": 50}, {""ase_converged"": false, ""converged"": false, ""end_geometry_sha256"": ""581a8a4b4a190ada58dc989c3bc6ee595c28be307e5635edc6458067a0e42665"", ""failure_class"": ""force_threshold"", ""max_force_eV_A"": 522.9876092658166, ""name"": ""bfgs_after_fire"", ""start_geometry_sha256"": ""5271f7716145599426b690ee33c7b1fb37e7aca37a930c6e37d227bd7445d915"", ""steps"": 200}, {""ase_converged"": false, ""converged"": false, ""end_geometry_sha256"": ""80efb09c8f3ea94ed3fce62b35683f28a0d36f2af4ce9f51dd76eb95095b006e"", ""failure_class"": ""force_threshold"", ""max_force_eV_A"": 5.5188114594745405, ""name"": ""fire_small_step"", ""start_geometry_sha256"": ""25adadab530ea9bac8aefd331eda1d411358a104823ae4a7d200d662abd63278"", ""steps"": 300}]",80efb09c8f3ea94ed3fce62b35683f28a0d36f2af4ce9f51dd76eb95095b006e,,,,,,,,validation_required,Unconverged ooh relaxation: max_force=5.51881 eV/A after 650 cumulative recovery steps,True,1,1,2cf4f97b148329f8a70e,False,
"('HEA', ('V', 'Cr', 'Mn', 'Co', 'Nb', 'Ga'), 'fcc', '211', 800)",HEA,True,esen-sm-conserving-all-oc25:relax-v4:orr-che-v3,True,0.06215411672045318,318,150,0.08,converged,,bfgs_after_fire,"[{""ase_converged"": false, ""converged"": false, ""end_geometry_sha256"": ""f628a41b2e58379d4d297a06ddfa57dc66fb673cada7c200cf9a58d2a520466b"", ""failure_class"": ""force_threshold"", ""max_force_eV_A"": 0.15750274923151153, ""name"": ""bfgs_standard"", ""start_geometry_sha256"": ""fdf68836bf7b4a09468f7873b99085de662deed4192bb3d629409705d3a5a5c5"", ""steps"": 150}, {""ase_converged"": false, ""converged"": false, ""end_geometry_sha256"": ""6d5bf146883aaef7bb2abad89daf8f7f6497b1992a28daaa25dc4a39f32bcc66"", ""failure_class"": ""force_threshold"", ""max_force_eV_A"": 1.2502377045753155, ""name"": ""fire_precondition"", ""qualifying"": false, ""start_geometry_sha256"": ""fdf68836bf7b4a09468f7873b99085de662deed4192bb3d629409705d3a5a5c5"", ""steps"": 75}, {""ase_converged"": true, ""converged"": true, ""end_geometry_sha256"": ""8d89d154b8049929003f13377984ffc137564b9b1708c201898c6f72d8b30408"", ""failure_class"": null, ""max_force_eV_A"": 0.06215411672045318, ""name"": ""bfgs_after_fire"", ""start_geometry_sha256"": ""6d5bf146883aaef7bb2abad89daf8f7f6497b1992a28daaa25dc4a39f32bcc66"", ""steps"": 93}]",8d89d154b8049929003f13377984ffc137564b9b1708c201898c6f72d8b30408,-217.67594125695695,True,0.06992131555291166,176.0,100.0,0.08,converged,,bfgs_after_fire,"[{""ase_converged"": false, ""converged"": false, ""end_geometry_sha256"": ""0728c91c0afa2509ab93f88baa48d82d65d25cd41717addba09e7ef8b0738516"", ""failure_class"": ""force_threshold"", ""max_force_eV_A"": 0.16025026104521395, ""name"": ""bfgs_standard"", ""start_geometry_sha256"": ""0be55060d6650bbf474bc5116980c66bb65dd30910792ad439eadb63ca2b27c6"", ""steps"": 100}, {""ase_converged"": false, ""converged"": false, ""end_geometry_sha256"": ""83fcb1efd80ff2b45c570cec696e7413e2f2872eb69e8eed4873947fdf5522e3"", ""failure_class"": ""force_threshold"", ""max_force_eV_A"": 0.6180188520987819, ""name"": ""fire_precondition"", ""qualifying"": false, ""start_geometry_sha256"": ""0be55060d6650bbf474bc5116980c66bb65dd30910792ad439eadb63ca2b27c6"", ""steps"": 50}, {""ase_converged"": true, ""converged"": true, ""end_geometry_sha256"": ""54c6629c3f8b62551d125464eb46ae1f98937a99a12835a5841acea0dbb72b65"", ""failure_class"": null, ""max_force_eV_A"": 0.06992131555291166, ""name"": ""bfgs_after_fire"", ""start_geometry_sha256"": ""83fcb1efd80ff2b45c570cec696e7413e2f2872eb69e8eed4873947fdf5522e3"", ""steps"": 26}]",54c6629c3f8b62551d125464eb46ae1f98937a99a12835a5841acea0dbb72b65,-0.9114534233510494,True,0.07921116939637747,37.0,100.0,0.08,converged,,bfgs_standard,"[{""ase_converged"": true, ""converged"": true, ""end_geometry_sha256"": ""67cf0c22a9423442fc328f7b0f7de9ec1fd6c1c8be1125e87b609f96a9a9d5ed"", ""failure_class"": null, ""max_force_eV_A"": 0.07921116939637747, ""name"": ""bfgs_standard"", ""start_geometry_sha256"": ""6e8eef7a7472e7e42f791006886fc93f66fb632c82f02a78097a4c392b4be94a"", ""steps"": 37}]",67cf0c22a9423442fc328f7b0f7de9ec1fd6c1c8be1125e87b609f96a9a9d5ed,-0.42236050292846344,True,0.04489522077747509,62.0,100.0,0.08,converged,,bfgs_standard,"[{""ase_converged"": true, ""converged"": true, ""end_geometry_sha256"": ""1ac6442f964dac5497cb757b7f9f45b76816b82d53f9659e68617ef8914b63ed"", ""failure_class"": null, ""max_force_eV_A"": 0.04489522077747509, ""name"": ""bfgs_standard"", ""start_geometry_sha256"": ""66f3bf1cc7a681537782eb13abac227f3e88a6824736d2f24b3d4932e8188644"", ""steps"": 62}]",1ac6442f964dac5497cb757b7f9f45b76816b82d53f9659e68617ef8914b63ed,5.649766395986056,2.1404534233510493,step_4_H2O,6.0,0.0,True,1.3338139262795128,quantitative_screening,,False,2,2,85a8cf764e4a240f61cf,False,0.902500000035
"('HEA', ('V', 'Cr', 'Mn', 'Nb', 'Hf', 'Sc'), 'hcp', '211', 900)",HEA,True,esen-sm-conserving-all-oc25:relax-v4:orr-che-v3,True,0.077232960559995,36,150,0.08,converged,,bfgs_standard,"[{""ase_converged"": true, ""converged"": true, ""end_geometry_sha256"": ""75af71ba838fdbf9645e744b32c69877f3e4cab88e63423d0e36338fe445345a"", ""failure_class"": null, ""max_force_eV_A"": 0.077232960559995, ""name"": ""bfgs_standard"", ""start_geometry_sha256"": ""d48441433561a139a4d65a4927a5ef45688bf2daa9a278c3e8cd1682ebb03cad"", ""steps"": 36}]",75af71ba838fdbf9645e744b32c69877f3e4cab88e63423d0e36338fe445345a,-289.51263254486173,True,0.07159816224850665,42.0,100.0,0.08,converged,,bfgs_standard,"[{""ase_converged"": true, ""converged"": true, ""end_geometry_sha256"": ""aee2f35c0f23600e5f804bd827d8066e643b0e4d177c3880b7021ca20f134420"", ""failure_class"": null, ""max_force_eV_A"": 0.07159816224850665, ""name"": ""bfgs_standard"", ""start_geometry_sha256"": ""a5b1088270e7bec5d2b87ebe2b1627fd3623e2ab5458524523ae5340b69bc03f"", ""steps"": 42}]",aee2f35c0f23600e5f804bd827d8066e643b0e4d177c3880b7021ca20f134420,-1.4852563713490963,True,0.06726428702969602,30.0,100.0,0.08,converged,,bfgs_standard,"[{""ase_converged"": true, ""converged"": true, ""end_geometry_sha256"": ""f8d06983b5c28af9fa1752754024aca83e49f564265257c54850ed8d6b1ac108"", ""failure_class"": null, ""max_force_eV_A"": 0.06726428702969602, ""name"": ""bfgs_standard"", ""start_geometry_sha256"": ""1f436ebbfd7388051caa44ef3fce3c6edd060df97388c18ef400eaf697b2b025"", ""steps"": 30}]",f8d06983b5c28af9fa1752754024aca83e49f564265257c54850ed8d6b1ac108,-2.352833830565239,True,0.07972825700798179,40.0,100.0,0.08,converged,,bfgs_standard,"[{""ase_converged"": true, ""converged"": true, ""end_geometry_sha256"": ""1e9fb6a097325b3af39432a60e5ed7c133957d2dc1bca7770e01f09fe6acf04d"", ""failure_class"": null, ""max_force_eV_A"": 0.07972825700798179, ""name"": ""bfgs_standard"", ""start_geometry_sha256"": ""584cd36f1195eb4c12eebd992aa0ee4963bb7869fce867f56e57d130ee130154"", ""steps"": 40}]",1e9fb6a097325b3af39432a60e5ed7c133957d2dc1bca7770e01f09fe6acf04d,-3.5542970195412886,2.714256371349096,step_4_H2O,7.0,0.0,True,3.8380902019143353,quantitative_screening,,False,0,0,036ae3510b3c99276509,False,0.902500000035
"('HEA', ('V', 'Cr', 'Co', 'Zn', 'Sn', 'Sc'), 'fcc', '211', 1200)",HEA,True,esen-sm-conserving-all-oc25:relax-v4:orr-che-v3,True,0.06902312986767965,103,150,0.08,converged,,bfgs_standard,"[{""ase_converged"": true, ""converged"": true, ""end_geometry_sha256"": ""abf9ce6d95a4136f56f51c133ec0d85dade4fa92e41425452dc782bf76478aac"", ""failure_class"": null, ""max_force_eV_A"": 0.06902312986767965, ""name"": ""bfgs_standard"", ""start_geometry_sha256"": ""37ea3e5213a9f3c1747ce35848c413a733dd66ce1b7c54ec372d609e0f3908bb"", ""steps"": 103}]",abf9ce6d95a4136f56f51c133ec0d85dade4fa92e41425452dc782bf76478aac,-206.88957922728167,True,0.07603379658415299,211.0,100.0,0.08,converged,,bfgs_after_fire,"[{""ase_converged"": false, ""converged"": false, ""end_geometry_sha256"": ""2b4c54f75eb55c7957f67e3a46204a3d071bb45b55aae428bcd5d0c95cb548f2"", ""failure_class"": ""force_threshold"", ""max_force_eV_A"": 0.4020427625403839, ""name"": ""bfgs_standard"", ""start_geometry_sha256"": ""7b6940e2c8131a4b660e4d9cc68a593a60a4816365a91c005f76d58108088923"", ""steps"": 100}, {""ase_converged"": false, ""converged"": false, ""end_geometry_sha256"": ""3b7c4cd374eb209f938f80d6d9295870b939d41eaf108e605d5cf56832e1c926"", ""failure_class"": ""force_threshold"", ""max_force_eV_A"": 1.4576829381754322, ""name"": ""fire_precondition"", ""qualifying"": false, ""start_geometry_sha256"": ""7b6940e2c8131a4b660e4d9cc68a593a60a4816365a91c005f76d58108088923"", ""steps"": 50}, {""ase_converged"": true, ""converged"": true, ""end_geometry_sha256"": ""e78d43cb1212aa559733ad11aabc0e8bcebe3b629f28b6c82e0a3cc50e35371b"", ""failure_class"": null, ""max_force_eV_A"": 0.07603379658415299, ""name"": ""bfgs_after_fire"", ""start_geometry_sha256"": ""3b7c4cd374eb209f938f80d6d9295870b939d41eaf108e605d5cf56832e1c926"", ""steps"": 61}]",e78d43cb1212aa559733ad11aabc0e8bcebe3b629f28b6c82e0a3cc50e35371b,-0.9603044365346431,True,0.06554435476924875,76.0,100.0,0.08,converged,,bfgs_standard,"[{""ase_converged"": true, ""converged"": true, ""end_geometry_sha256"": ""e8f2c57df3d2f86378cd507c5f298ce5d0a3f669e6cd1784db2bbf86093af65f"", ""failure_class"": null, ""max_force_eV_A"": 0.06554435476924875, ""name"": ""bfgs_standard"", ""start_geometry_sha256"": ""705da2f3cff3ae603bb0fa8678119a2e45a8d81e082bc20d3426d93bb1d0bd30"", ""steps"": 76}]",e8f2c57df3d2f86378cd507c5f298ce5d0a3f669e6cd1784db2bbf86093af65f,-1.0715075366199265,True,0.0719466879357038,92.0,100.0,0.08,converged,,bfgs_standard,"[{""ase_converged"": true, ""converged"": true, ""end_geometry_sha256"": ""7204c360e75fdbfd9050267ab4c1bdb8a577484272d134f509fe83d1b2a851b4"", ""failure_class"": null, ""max_force_eV_A"": 0.0719466879357038, ""name"": ""bfgs_standard"", ""start_geometry_sha256"": ""3534713307a7bfd6364b2a8fadebc9628de004fd8084554cf1e881649a05e977"", ""steps"": 92}]",7204c360e75fdbfd9050267ab4c1bdb8a577484272d134f509fe83d1b2a851b4,-1.8993363872170699,2.189304436534643,step_4_H2O,7.0,0.0,True,2.0318119731545696,quantitative_screening,,False,0,0,f228175f2bc3316eec72,False,0.902500000035
"('Spinel', 'Ni', 'Al', 'Mo', 'nanosheet', 'none')",Spinel,True,esen-sm-conserving-all-oc25:relax-v4:orr-che-v3,True,0.07855408290743875,135,150,0.08,converged,,bfgs_standard,"[{""ase_converged"": true, ""converged"": true, ""end_geometry_sha256"": ""d81a8f5c6593714491c78c087383fdf1fab435e14ab4cedaf7f6d20bb85fd92d"", ""failure_class"": null, ""max_force_eV_A"": 0.07855408290743875, ""name"": ""bfgs_standard"", ""start_geometry_sha256"": ""984a12ee5c306be1e85a9143cb575b3e49775b9e3ee265481c6a91b9e718e002"", ""steps"": 135}]",d81a8f5c6593714491c78c087383fdf1fab435e14ab4cedaf7f6d20bb85fd92d,-351.1756590703066,True,0.06869503197988136,75.0,100.0,0.08,converged,,bfgs_standard,"[{""ase_converged"": true, ""converged"": true, ""end_geometry_sha256"": ""d328d959dc297ed608f4b1d2552d553f5cb988b0fd3fd351656c5c18eb1f86b6"", ""failure_class"": null, ""max_force_eV_A"": 0.06869503197988136, ""name"": ""bfgs_standard"", ""start_geometry_sha256"": ""79c6ffd4b3f80d4b2f748607c2002d8d599dede70659f291b9e1ff113658241c"", ""steps"": 75}]",d328d959dc297ed608f4b1d2552d553f5cb988b0fd3fd351656c5c18eb1f86b6,-0.19088190540671351,True,0.06986226055535188,100.0,100.0,0.08,converged,,bfgs_standard,"[{""ase_converged"": true, ""converged"": true, ""end_geometry_sha256"": ""8c9a18a1b64da791271aec63ccfb54d47ebf49723c3c3be29cf970bc6aa08724"", ""failure_class"": null, ""max_force_eV_A"": 0.06986226055535188, ""name"": ""bfgs_standard"", ""start_geometry_sha256"": ""8462a76216da9a58033c7d9bfe03ae5a8e24be7acb0957518aa87468af7db671"", ""steps"": 100}]",8c9a18a1b64da791271aec63ccfb54d47ebf49723c3c3be29cf970bc6aa08724,1.2724541790783157,True,0.05484812586482649,336.0,100.0,0.08,converged,,bfgs_after_fire,"[{""ase_converged"": false, ""converged"": false, ""end_geometry_sha256"": ""f63fb40dd282b28c0890ca65d72812d6d8341ae839a6836fe2079375d0815d21"", ""failure_class"": ""force_threshold"", ""max_force_eV_A"": 0.23893205013916427, ""name"": ""bfgs_standard"", ""start_geometry_sha256"": ""1a0cd778049a6e57a6f6df2003f9660fdd9f18b5d0287451aa8d70b38b9a3b77"", ""steps"": 100}, {""ase_converged"": false, ""converged"": false, ""end_geometry_sha256"": ""2cb7e4fb095396623f5b5378dc50ed9d43d6811e86457c30a854be338369f346"", ""failure_class"": ""force_threshold"", ""max_force_eV_A"": 0.4951310013510154, ""name"": ""fire_precondition"", ""qualifying"": false, ""start_geometry_sha256"": ""1a0cd778049a6e57a6f6df2003f9660fdd9f18b5d0287451aa8d70b38b9a3b77"", ""steps"": 50}, {""ase_converged"": true, ""converged"": true, ""end_geometry_sha256"": ""ad8e1f6b5fe57373544ac7122899f79ee43c0f4c21e044490e4a7f28fa2bdef2"", ""failure_class"": null, ""max_force_eV_A"": 0.05484812586482649, ""name"": ""bfgs_after_fire"", ""start_geometry_sha256"": ""2cb7e4fb095396623f5b5378dc50ed9d43d6811e86457c30a854be338369f346"", ""steps"": 186}]",ad8e1f6b5fe57373544ac7122899f79ee43c0f4c21e044490e4a7f28fa2bdef2,-2.7556748881936324,3.0,step_2_O,10.0,0.0,True,1.4633360844850292,quantitative_screening,,False,1,1,2d545144810265a06c55,False,0.740000000035
"('Spinel', 'Ni', 'Al', 'None', 'nanorod', 'none')",Spinel,True,esen-sm-conserving-all-oc25:relax-v4:orr-che-v3,True,0.07291306702147062,106,150,0.08,converged,,bfgs_standard,"[{""ase_converged"": true, ""converged"": true, ""end_geometry_sha256"": ""d6c59a4635295ab96d5fb7c62ca72f0f5270fc89f77eda76556427a19e2fc2a4"", ""failure_class"": null, ""max_force_eV_A"": 0.07291306702147062, ""name"": ""bfgs_standard"", ""start_geometry_sha256"": ""3556972293de359e5f67f34a093629d896313f55e8e884395cf46604687f26f4"", ""steps"": 106}]",d6c59a4635295ab96d5fb7c62ca72f0f5270fc89f77eda76556427a19e2fc2a4,-338.6229478882204,True,0.07644774491444244,40.0,100.0,0.08,converged,,bfgs_standard,"[{""ase_converged"": true, ""converged"": true, ""end_geometry_sha256"": ""ff8a2019987aa346186e1e2938ca62924cc92ed355d2662f147e26323a6177a4"", ""failure_class"": null, ""max_force_eV_A"": 0.07644774491444244, ""name"": ""bfgs_standard"", ""start_geometry_sha256"": ""89c20a164da47dca0b73ee8a3a5f715f4ecb505cc75fe0eb494188a362aef7d3"", ""steps"": 40}]",ff8a2019987aa346186e1e2938ca62924cc92ed355d2662f147e26323a6177a4,0.4759319449960617,True,0.07853821639674766,41.0,100.0,0.08,converged,,bfgs_standard,"[{""ase_converged"": true, ""converged"": true, ""end_geometry_sha256"": ""c3e015187a2f47894de889eb113975a7a6eefe52b0c5fa46b358e4f4300b8de4"", ""failure_class"": null, ""max_force_eV_A"": 0.07853821639674766, ""name"": ""bfgs_standard"", ""start_geometry_sha256"": ""21488d9ab10f96698ecfb27df4822d121dbfcea08e2ebda4ebbb490f8aa8832e"", ""steps"": 41}]",c3e015187a2f47894de889eb113975a7a6eefe52b0c5fa46b358e4f4300b8de4,3.5625990994274366,True,0.07485707005605811,51.0,100.0,0.08,converged,,bfgs_standard,"[{""ase_converged"": true, ""converged"": true, ""end_geometry_sha256"": ""666ee721e75231091a801e35bf8e5cccd6caf1e5693ba60102b6cb9d75de574a"", ""failure_class"": null, ""max_force_eV_A"": 0.07485707005605811, ""name"": ""bfgs_standard"", ""start_geometry_sha256"": ""1720366554dd672e961d4ebfda9ef49d904343b7d99b6759a2a79f667930fd83"", ""steps"": 51}]",666ee721e75231091a801e35bf8e5cccd6caf1e5693ba60102b6cb9d75de574a,3.9784149631857058,0.8131841362417309,step_2_O,10.0,0.0,True,4.0385310444234985,quantitative_screening,,False,2,2,475882feeabee406fa34,False,0.740000000035
"('Spinel', 'Ni', 'Ti', 'La', 'nanoparticle', 'N-CNT')",Spinel,False,esen-sm-conserving-all-oc25:relax-v4:orr-che-v3,True,0.07059945494166313,432,150,0.08,converged,,bfgs_after_fire,"[{""ase_converged"": false, ""converged"": false, ""end_geometry_sha256"": ""1494f064fae75bebb1d3d0c7cfaf6eafb0e2b495b0f5992bf952f235ae916f44"", ""failure_class"": ""force_threshold"", ""max_force_eV_A"": 0.4037440444800485, ""name"": ""bfgs_standard"", ""start_geometry_sha256"": ""d40044b4a0a8143eebea5b0a5d46e93a3c9eaa5ab65b3327d5919844914249af"", ""steps"": 150}, {""ase_converged"": false, ""converged"": false, ""end_geometry_sha256"": ""b8dde1fdefac68f02202ba1f57f99722e08dca78e71f9fc4d65c43a461c6b97a"", ""failure_class"": ""force_threshold"", ""max_force_eV_A"": 0.9446851890092712, ""name"": ""fire_precondition"", ""qualifying"": false, ""start_geometry_sha256"": ""d40044b4a0a8143eebea5b0a5d46e93a3c9eaa5ab65b3327d5919844914249af"", ""steps"": 75}, {""ase_converged"": true, ""converged"": true, ""end_geometry_sha256"": ""47d69c29c87951bc388c4bb3b42a037634ea3365a744cadfd5f3ff1038d4bd75"", ""failure_class"": null, ""max_force_eV_A"": 0.07059945494166313, ""name"": ""bfgs_after_fire"", ""start_geometry_sha256"": ""b8dde1fdefac68f02202ba1f57f99722e08dca78e71f9fc4d65c43a461c6b97a"", ""steps"": 207}]",47d69c29c87951bc388c4bb3b42a037634ea3365a744cadfd5f3ff1038d4bd75,-418.6383260100266,False,,0.0,100.0,0.08,invalid_initial_geometry,atomic_overlap,none,[],1705c9feaf87a3898e771a9a47680ae05deda6187d7c55fc31b9b49a104a459b,,,,,,,,,,,,,,,,,,,,,,,,,,,,,,validation_required,Invalid oh initial geometry: atomic_overlap,True,0,0,6ce571f3c27febf4fedd,False,
"('Spinel', 'Ni', 'Ti', 'La', 'mesoporous', 'N-graphene')",Spinel,True,esen-sm-conserving-all-oc25:relax-v4:orr-che-v3,True,0.06943156737106904,127,150,0.08,converged,,bfgs_standard,"[{""ase_converged"": true, ""converged"": true, ""end_geometry_sha256"": ""6e30be43ff2b3ddd44aff4c52e663c83191edeeea9120f68a50dc4c50d5269a7"", ""failure_class"": null, ""max_force_eV_A"": 0.06943156737106904, ""name"": ""bfgs_standard"", ""start_geometry_sha256"": ""e16a67d2bcafd9a27ddc6feacd5942707f7b314449fc4bcd22a0a100c9c46dd3"", ""steps"": 127}]",6e30be43ff2b3ddd44aff4c52e663c83191edeeea9120f68a50dc4c50d5269a7,-409.1445838461032,True,0.06678272999099696,74.0,100.0,0.08,converged,,bfgs_standard,"[{""ase_converged"": true, ""converged"": true, ""end_geometry_sha256"": ""23fdb7d36d618127a6b95215f5f0f2b4629d9e30965c7cc3af23e227e0491618"", ""failure_class"": null, ""max_force_eV_A"": 0.06678272999099696, ""name"": ""bfgs_standard"", ""start_geometry_sha256"": ""0f423863ec03856328678e5a4863345ff05310786bd1463bba3ef8695787b474"", ""steps"": 74}]",23fdb7d36d618127a6b95215f5f0f2b4629d9e30965c7cc3af23e227e0491618,-1.9733945702016922,True,0.0712168491216279,287.0,100.0,0.08,converged,,bfgs_after_fire,"[{""ase_converged"": false, ""converged"": false, ""end_geometry_sha256"": ""1bec7e7c4f55f06b2749e053da7ac33f56e1438444ebe529d93c572b9bae1461"", ""failure_class"": ""force_threshold"", ""max_force_eV_A"": 0.09207616820919232, ""name"": ""bfgs_standard"", ""start_geometry_sha256"": ""5951a00fc360f0c4d4945d18796090a32770310e04bcace300213c108c84c40a"", ""steps"": 100}, {""ase_converged"": false, ""converged"": false, ""end_geometry_sha256"": ""ea9d2475f82c46ecf68767a4016fe4bd68959c158cff9a34257111a0b8c5933b"", ""failure_class"": ""force_threshold"", ""max_force_eV_A"": 0.9199191485475681, ""name"": ""fire_precondition"", ""qualifying"": false, ""start_geometry_sha256"": ""5951a00fc360f0c4d4945d18796090a32770310e04bcace300213c108c84c40a"", ""steps"": 50}, {""ase_converged"": true, ""converged"": true, ""end_geometry_sha256"": ""5f347e135d0ff42768347f00c8157ae685fe5e5b4a375316ded6acabc89df157"", ""failure_class"": null, ""max_force_eV_A"": 0.0712168491216279, ""name"": ""bfgs_after_fire"", ""start_geometry_sha256"": ""ea9d2475f82c46ecf68767a4016fe4bd68959c158cff9a34257111a0b8c5933b"", ""steps"": 137}]",5f347e135d0ff42768347f00c8157ae685fe5e5b4a375316ded6acabc89df157,-4.038015448301999,True,0.07822641182100563,334.0,100.0,0.08,converged,,bfgs_after_fire,"[{""ase_converged"": false, ""converged"": false, ""end_geometry_sha256"": ""ef57a93b30b497876e46ec858f532a4248cb20b5f78859f232323b3def26508a"", ""failure_class"": ""force_threshold"", ""max_force_eV_A"": 0.2092066291671169, ""name"": ""bfgs_standard"", ""start_geometry_sha256"": ""5aaf2e63879b63383501258320623c0050ef0bf47cd1d01717e8c2bb48370aab"", ""steps"": 100}, {""ase_converged"": true, ""converged"": true, ""end_geometry_sha256"": ""035537a010f755c1358fb0ac0c2f0f3bcb13a56dd17cdf0f8500f2c6c038e0de"", ""failure_class"": null, ""max_force_eV_A"": 0.24619420011306387, ""name"": ""fire_precondition"", ""qualifying"": false, ""start_geometry_sha256"": ""5aaf2e63879b63383501258320623c0050ef0bf47cd1d01717e8c2bb48370aab"", ""steps"": 43}, {""ase_converged"": true, ""converged"": true, ""end_geometry_sha256"": ""05613a847ba4cf07d6c7c7106ae546481ec2972fffb0d96b75a291823988cb09"", ""failure_class"": null, ""max_force_eV_A"": 0.07822641182100563, ""name"": ""bfgs_after_fire"", ""start_geometry_sha256"": ""035537a010f755c1358fb0ac0c2f0f3bcb13a56dd17cdf0f8500f2c6c038e0de"", ""steps"": 191}]",05613a847ba4cf07d6c7c7106ae546481ec2972fffb0d96b75a291823988cb09,-5.142955352365995,3.0,step_3_OH,10.0,0.0,True,6.011410018503691,quantitative_screening,,False,2,2,97ea05d5d6712a3b8e99,False,0.6852014328916924
"('Spinel', 'Ni', 'Ti', 'Nb', 'hollow_sphere', 'N-CNT')",Spinel,True,esen-sm-conserving-all-oc25:relax-v4:orr-che-v3,True,0.07547636821318078,402,150,0.08,converged,,bfgs_after_fire,"[{""ase_converged"": false, ""converged"": false, ""end_geometry_sha256"": ""e78dac810f0c9e9a8ea62c6223f37057d0231b3d67d3a3af8cc343e8168e01c7"", ""failure_class"": ""force_threshold"", ""max_force_eV_A"": 0.4980478292257663, ""name"": ""bfgs_standard"", ""start_geometry_sha256"": ""4a87a546c438d2e896665fe652a944b85c80f8d128336ff0251b3c980bf7a4fb"", ""steps"": 150}, {""ase_converged"": false, ""converged"": false, ""end_geometry_sha256"": ""99ec5badd71845a8b9dd97c1425926028b790e6f690ba2b60995ab2668b24f2d"", ""failure_class"": ""force_threshold"", ""max_force_eV_A"": 0.7968642730874774, ""name"": ""fire_precondition"", ""qualifying"": false, ""start_geometry_sha256"": ""4a87a546c438d2e896665fe652a944b85c80f8d128336ff0251b3c980bf7a4fb"", ""steps"": 75}, {""ase_converged"": true, ""converged"": true, ""end_geometry_sha256"": ""0f041bcb86ecf046afef97e756966157db97d37859ce74205f800843e1c3a130"", ""failure_class"": null, ""max_force_eV_A"": 0.07547636821318078, ""name"": ""bfgs_after_fire"", ""start_geometry_sha256"": ""99ec5badd71845a8b9dd97c1425926028b790e6f690ba2b60995ab2668b24f2d"", ""steps"": 177}]",0f041bcb86ecf046afef97e756966157db97d37859ce74205f800843e1c3a130,-415.30929970011294,True,0.06837169320377913,278.0,100.0,0.08,converged,,bfgs_after_fire,"[{""ase_converged"": false, ""converged"": false, ""end_geometry_sha256"": ""ecba72e8d012561d429e201ce507c6ea18cd0a52fa34239733730f3f90cf13be"", ""failure_class"": ""force_threshold"", ""max_force_eV_A"": 0.20849085779071963, ""name"": ""bfgs_standard"", ""start_geometry_sha256"": ""e3768e92e4bdace20b36f20a6814b1e0412586cb6c5aab52995ac292338a41a7"", ""steps"": 100}, {""ase_converged"": false, ""converged"": false, ""end_geometry_sha256"": ""74fdd594e67c67caa9b9459c173f3b21d6bc9e5bbfcb2656e29c6b5faf28371f"", ""failure_class"": ""force_threshold"", ""max_force_eV_A"": 0.5067657940484854, ""name"": ""fire_precondition"", ""qualifying"": false, ""start_geometry_sha256"": ""e3768e92e4bdace20b36f20a6814b1e0412586cb6c5aab52995ac292338a41a7"", ""steps"": 50}, {""ase_converged"": true, ""converged"": true, ""end_geometry_sha256"": ""12c3edb37dbf9f3b3162b46c5860959c42867aeafb25e7bba8f7982c386467eb"", ""failure_class"": null, ""max_force_eV_A"": 0.06837169320377913, ""name"": ""bfgs_after_fire"", ""start_geometry_sha256"": ""74fdd594e67c67caa9b9459c173f3b21d6bc9e5bbfcb2656e29c6b5faf28371f"", ""steps"": 128}]",12c3edb37dbf9f3b3162b46c5860959c42867aeafb25e7bba8f7982c386467eb,-2.8653513763844964,True,0.06429491425348527,75.0,100.0,0.08,converged,,bfgs_standard,"[{""ase_converged"": true, ""converged"": true, ""end_geometry_sha256"": ""84fb64dde487811b75b19a239e40d02ec73d8a58e0d86a13a845743f1a0308e1"", ""failure_class"": null, ""max_force_eV_A"": 0.06429491425348527, ""name"": ""bfgs_standard"", ""start_geometry_sha256"": ""98787baf675bf7b5fa7fc6763942c3ac7430d8a6c1a16c27cd6ba473c32d24ed"", ""steps"": 75}]",84fb64dde487811b75b19a239e40d02ec73d8a58e0d86a13a845743f1a0308e1,3.022483742982181,True,0.0687734141630911,268.0,100.0,0.08,converged,,bfgs_after_fire,"[{""ase_converged"": false, ""converged"": false, ""end_geometry_sha256"": ""0a53938176b0b4ef692aae6050bf9178f6dc1e7a31864aa066a7716d52535739"", ""failure_class"": ""force_threshold"", ""max_force_eV_A"": 0.13041584126856634, ""name"": ""bfgs_standard"", ""start_geometry_sha256"": ""f15b1fa693f0744b74195bac02ec192dfb2e17604ba214ef9797dff6c07bd687"", ""steps"": 100}, {""ase_converged"": false, ""converged"": false, ""end_geometry_sha256"": ""5d3b2c03894c7d505c08e8cebe5dcc398119371b581765b91f36540b70f09996"", ""failure_class"": ""force_threshold"", ""max_force_eV_A"": 0.2728118798270971, ""name"": ""fire_precondition"", ""qualifying"": false, ""start_geometry_sha256"": ""f15b1fa693f0744b74195bac02ec192dfb2e17604ba214ef9797dff6c07bd687"", ""steps"": 50}, {""ase_converged"": true, ""converged"": true, ""end_geometry_sha256"": ""fb6dd2b9509616e25dce1ed9b6412e805b4cca8bd84c00eab695ed6bda1eaecf"", ""failure_class"": null, ""max_force_eV_A"": 0.0687734141630911, ""name"": ""bfgs_after_fire"", ""start_geometry_sha256"": ""5d3b2c03894c7d505c08e8cebe5dcc398119371b581765b91f36540b70f09996"", ""steps"": 118}]",fb6dd2b9509616e25dce1ed9b6412e805b4cca8bd84c00eab695ed6bda1eaecf,2.6121956810354936,3.0,step_4_H2O,10.0,0.0,True,5.887835119366677,quantitative_screening,,False,1,1,d5d68ab8f90259d234b8,False,0.740000000035
"('Spinel', 'Ni', 'Ti', 'W', 'nanosheet', 'none')",Spinel,True,esen-sm-conserving-all-oc25:relax-v4:orr-che-v3,True,0.07686149278013696,397,150,0.08,converged,,bfgs_after_fire,"[{""ase_converged"": false, ""converged"": false, ""end_geometry_sha256"": ""2bf844d7a18d25634618de860c8ee16e74209d543b6887b39655550be29e196d"", ""failure_class"": ""force_threshold"", ""max_force_eV_A"": 0.17575344029612555, ""name"": ""bfgs_standard"", ""start_geometry_sha256"": ""8b5e6b1d82077353c37c4975acd4a43459dd95949c1eb2f84d52107a1732a266"", ""steps"": 150}, {""ase_converged"": false, ""converged"": false, ""end_geometry_sha256"": ""8f9a7a4e0017bd44a1a11d18562dad099688683c49e29f2064140646e2091347"", ""failure_class"": ""force_threshold"", ""max_force_eV_A"": 2.2080950917098, ""name"": ""fire_precondition"", ""qualifying"": false, ""start_geometry_sha256"": ""8b5e6b1d82077353c37c4975acd4a43459dd95949c1eb2f84d52107a1732a266"", ""steps"": 75}, {""ase_converged"": true, ""converged"": true, ""end_geometry_sha256"": ""22121de6a1d4f6dd8b394d9cdf7f71cb64b11d1d7cc9f47e898a7fe6e3d1162e"", ""failure_class"": null, ""max_force_eV_A"": 0.07686149278013696, ""name"": ""bfgs_after_fire"", ""start_geometry_sha256"": ""8f9a7a4e0017bd44a1a11d18562dad099688683c49e29f2064140646e2091347"", ""steps"": 172}]",22121de6a1d4f6dd8b394d9cdf7f71cb64b11d1d7cc9f47e898a7fe6e3d1162e,-429.4049470078431,True,0.058343713571279245,243.0,100.0,0.08,converged,,bfgs_after_fire,"[{""ase_converged"": false, ""converged"": false, ""end_geometry_sha256"": ""f15953533e5b5dfe75abe24d7f817a1ab016172a9a09ba01cd6e11c60ff502b4"", ""failure_class"": ""force_threshold"", ""max_force_eV_A"": 0.10849503147585754, ""name"": ""bfgs_standard"", ""start_geometry_sha256"": ""6701427270aaefb8dadb6db9663267824123e6265f56c4264d25b2bee005393e"", ""steps"": 100}, {""ase_converged"": true, ""converged"": true, ""end_geometry_sha256"": ""ce2b807c512929b898416f465276d4191edc9f09bcc4f714da7a569d8685f31b"", ""failure_class"": null, ""max_force_eV_A"": 0.23080476529149857, ""name"": ""fire_precondition"", ""qualifying"": false, ""start_geometry_sha256"": ""6701427270aaefb8dadb6db9663267824123e6265f56c4264d25b2bee005393e"", ""steps"": 41}, {""ase_converged"": true, ""converged"": true, ""end_geometry_sha256"": ""96c5a04d34a9ca945918b3f4b454b32d8577367fe854a8ca409a3dff6d4bd6c4"", ""failure_class"": null, ""max_force_eV_A"": 0.058343713571279245, ""name"": ""bfgs_after_fire"", ""start_geometry_sha256"": ""ce2b807c512929b898416f465276d4191edc9f09bcc4f714da7a569d8685f31b"", ""steps"": 102}]",96c5a04d34a9ca945918b3f4b454b32d8577367fe854a8ca409a3dff6d4bd6c4,-1.2497617577016353,True,0.07914223080481998,45.0,100.0,0.08,converged,,bfgs_standard,"[{""ase_converged"": true, ""converged"": true, ""end_geometry_sha256"": ""1e6c7e5cf0e7dec6a9b5d82202adbffb3edce44badcf6f597f789d841bbfb232"", ""failure_class"": null, ""max_force_eV_A"": 0.07914223080481998, ""name"": ""bfgs_standard"", ""start_geometry_sha256"": ""83d4d3a673732f0fcf8293274f9e6fc67d4bd214cc853e03bd7d683c8695878e"", ""steps"": 45}]",1e6c7e5cf0e7dec6a9b5d82202adbffb3edce44badcf6f597f789d841bbfb232,-0.46778210327031716,True,0.06746823113335827,52.0,100.0,0.08,converged,,bfgs_standard,"[{""ase_converged"": true, ""converged"": true, ""end_geometry_sha256"": ""9855b9c65c77d2549146e296017d8a0b02553a70dd811d8e94f792998c43d569"", ""failure_class"": null, ""max_force_eV_A"": 0.06746823113335827, ""name"": ""bfgs_standard"", ""start_geometry_sha256"": ""0c4141106564bfab804b657efca5d77da45f27aa89fccd161244ce0feaf908df"", ""steps"": 52}]",9855b9c65c77d2549146e296017d8a0b02553a70dd811d8e94f792998c43d569,3.051170776784452,2.478761757701635,step_4_H2O,10.0,0.0,True,1.7175438609719524,quantitative_screening,,False,0,0,26bb080782f93ce29201,False,0.740000000035
"('Spinel', 'Ni', 'V', 'Ce', 'nanorod', 'none')",Spinel,True,esen-sm-conserving-all-oc25:relax-v4:orr-che-v3,True,0.07831072824251654,314,150,0.08,converged,,bfgs_after_fire,"[{""ase_converged"": false, ""converged"": false, ""end_geometry_sha256"": ""c74ef8e759e377eb186c4b3646d4f5271754fa139a24635d7d06c3a0e4cb9a73"", ""failure_class"": ""force_threshold"", ""max_force_eV_A"": 0.21444645140652688, ""name"": ""bfgs_standard"", ""start_geometry_sha256"": ""ee6799c8d60df689544ab6a9df5c7b2d7ef6553407500cb20fea686b0a04c7d3"", ""steps"": 150}, {""ase_converged"": false, ""converged"": false, ""end_geometry_sha256"": ""672d2f1682d32468ba98647afbb47406c3b894247df2775b76b10fac73957b5d"", ""failure_class"": ""force_threshold"", ""max_force_eV_A"": 0.7863135957614588, ""name"": ""fire_precondition"", ""qualifying"": false, ""start_geometry_sha256"": ""ee6799c8d60df689544ab6a9df5c7b2d7ef6553407500cb20fea686b0a04c7d3"", ""steps"": 75}, {""ase_converged"": true, ""converged"": true, ""end_geometry_sha256"": ""f7a6ab05dbf3bebe19f22e276e00ff124728a00098107c2f28be203e6933a1c8"", ""failure_class"": null, ""max_force_eV_A"": 0.07831072824251654, ""name"": ""bfgs_after_fire"", ""start_geometry_sha256"": ""672d2f1682d32468ba98647afbb47406c3b894247df2775b76b10fac73957b5d"", ""steps"": 89}]",f7a6ab05dbf3bebe19f22e276e00ff124728a00098107c2f28be203e6933a1c8,-407.7219673055442,True,0.07966762187204696,81.0,100.0,0.08,converged,,bfgs_standard,"[{""ase_converged"": true, ""converged"": true, ""end_geometry_sha256"": ""4744a1dbe80d62b14d12f8b2b31bded9976393ecc0985dabdf22209e91a62462"", ""failure_class"": null, ""max_force_eV_A"": 0.07966762187204696, ""name"": ""bfgs_standard"", ""start_geometry_sha256"": ""48d2d8d08845746a3c51b5ac44acfebd224385eabb7908de797b36d8362c7508"", ""steps"": 81}]",4744a1dbe80d62b14d12f8b2b31bded9976393ecc0985dabdf22209e91a62462,-1.496076938956976,True,0.0592377758798785,45.0,100.0,0.08,converged,,bfgs_standard,"[{""ase_converged"": true, ""converged"": true, ""end_geometry_sha256"": ""14af71b77fffc9d9da2f0d3245775ca524c7387459b8d9c131f793b97e1839e7"", ""failure_class"": null, ""max_force_eV_A"": 0.0592377758798785, ""name"": ""bfgs_standard"", ""start_geometry_sha256"": ""8e0bd3c0589fb7b4a95fef8a214b5fa255bf898f3f9bedfc548a095aa64b1c84"", ""steps"": 45}]",14af71b77fffc9d9da2f0d3245775ca524c7387459b8d9c131f793b97e1839e7,3.5920020706951368,True,0.07410581782818453,257.0,100.0,0.08,converged,,bfgs_after_fire,"[{""ase_converged"": false, ""converged"": false, ""end_geometry_sha256"": ""e30deb2afaed63c1e6c74c1c9bcf9bc5216623746439794035ee1049b4e72da2"", ""failure_class"": ""force_threshold"", ""max_force_eV_A"": 0.0818543728424227, ""name"": ""bfgs_standard"", ""start_geometry_sha256"": ""2597ebd9293892171d64e8da91ed7a3d982802b30b060dab3336de67790228c9"", ""steps"": 100}, {""ase_converged"": false, ""converged"": false, ""end_geometry_sha256"": ""ae9a257adbdcffdefc2aa32872e64fcd7b5ac0ec6dcd378c4fd59395fdc6f346"", ""failure_class"": ""force_threshold"", ""max_force_eV_A"": 0.7228603715013636, ""name"": ""fire_precondition"", ""qualifying"": false, ""start_geometry_sha256"": ""2597ebd9293892171d64e8da91ed7a3d982802b30b060dab3336de67790228c9"", ""steps"": 50}, {""ase_converged"": true, ""converged"": true, ""end_geometry_sha256"": ""082e4b44e5c781e4732bbe7d61b5be3cf6129d264efbf8f5221d6f68b4cd2d7e"", ""failure_class"": null, ""max_force_eV_A"": 0.07410581782818453, ""name"": ""bfgs_after_fire"", ""start_geometry_sha256"": ""ae9a257adbdcffdefc2aa32872e64fcd7b5ac0ec6dcd378c4fd59395fdc6f346"", ""steps"": 107}]",082e4b44e5c781e4732bbe7d61b5be3cf6129d264efbf8f5221d6f68b4cd2d7e,-1.0562438264489422,3.0,step_2_O,9.0,0.0,True,5.0880790096521125,quantitative_screening,,False,2,2,cdfa186544652cbc6931,False,0.6852014328916924
"('Spinel', 'Ni', 'V', 'Y', 'nanoparticle', 'N-CNT')",Spinel,True,esen-sm-conserving-all-oc25:relax-v4:orr-che-v3,True,0.07674973895631622,90,150,0.08,converged,,bfgs_standard,"[{""ase_converged"": true, ""converged"": true, ""end_geometry_sha256"": ""67535d64c25da2d98216e3095025c77807f065becd5e443e562366e592c9201e"", ""failure_class"": null, ""max_force_eV_A"": 0.07674973895631622, ""name"": ""bfgs_standard"", ""start_geometry_sha256"": ""fe261c151fad88164db6bb5b25158420a38ac2052d11ce6d352dd79ee02d7fc3"", ""steps"": 90}]",67535d64c25da2d98216e3095025c77807f065becd5e443e562366e592c9201e,-413.90956949620465,True,0.0744810560072173,99.0,100.0,0.08,converged,,bfgs_standard,"[{""ase_converged"": true, ""converged"": true, ""end_geometry_sha256"": ""d745489496d2bbf754f16791dd3e664fa183521f172d33f0445a3526ab56a4e1"", ""failure_class"": null, ""max_force_eV_A"": 0.0744810560072173, ""name"": ""bfgs_standard"", ""start_geometry_sha256"": ""05988a4d4ebada6cd19f3621030a5c282d3fe6ce850a01557b0e9bfaf7d63a1a"", ""steps"": 99}]",d745489496d2bbf754f16791dd3e664fa183521f172d33f0445a3526ab56a4e1,-0.8612481926381588,True,0.0793224517669178,258.0,100.0,0.08,converged,,bfgs_after_fire,"[{""ase_converged"": false, ""converged"": false, ""end_geometry_sha256"": ""fca50c516ddd2219cf7d6dc86a698951009fabd7570bd164b78bee59eb4078b2"", ""failure_class"": ""force_threshold"", ""max_force_eV_A"": 1.0136571088723871, ""name"": ""bfgs_standard"", ""start_geometry_sha256"": ""8f1bcb51914686922ad830753e7af72f2dffda524e2c21750771917ef88b122a"", ""steps"": 100}, {""ase_converged"": false, ""converged"": false, ""end_geometry_sha256"": ""439bd40072e9e45ca7cac107629270e3bb591da722fa232052012ea2717cbdef"", ""failure_class"": ""force_threshold"", ""max_force_eV_A"": 0.6330902558354554, ""name"": ""fire_precondition"", ""qualifying"": false, ""start_geometry_sha256"": ""8f1bcb51914686922ad830753e7af72f2dffda524e2c21750771917ef88b122a"", ""steps"": 50}, {""ase_converged"": true, ""converged"": true, ""end_geometry_sha256"": ""7dd180fa9e079811d20749298390318401beaec1db9867f8839856b4633bacaf"", ""failure_class"": null, ""max_force_eV_A"": 0.0793224517669178, ""name"": ""bfgs_after_fire"", ""start_geometry_sha256"": ""439bd40072e9e45ca7cac107629270e3bb591da722fa232052012ea2717cbdef"", ""steps"": 108}]",7dd180fa9e079811d20749298390318401beaec1db9867f8839856b4633bacaf,-3.4947930209338347,True,0.07838948096756786,321.0,100.0,0.08,converged,,bfgs_after_fire,"[{""ase_converged"": false, ""converged"": false, ""end_geometry_sha256"": ""f1ad68c047b33b51929bdeff08d34c60e109f8c10d81035fbb616f916d26c64b"", ""failure_class"": ""force_threshold"", ""max_force_eV_A"": 0.3322219524262673, ""name"": ""bfgs_standard"", ""start_geometry_sha256"": ""d1102729285d01fa467fcf90600423d5fc81c6f422af29c7d6493d71ed3bf5b7"", ""steps"": 100}, {""ase_converged"": false, ""converged"": false, ""end_geometry_sha256"": ""a87cc23fc5f8313afd363bfa80d2f5914ad0ab30d93a4d7255ddb8c4643747ce"", ""failure_class"": ""force_threshold"", ""max_force_eV_A"": 2.6273838230532607, ""name"": ""fire_precondition"", ""qualifying"": false, ""start_geometry_sha256"": ""d1102729285d01fa467fcf90600423d5fc81c6f422af29c7d6493d71ed3bf5b7"", ""steps"": 50}, {""ase_converged"": true, ""converged"": true, ""end_geometry_sha256"": ""2c31a76d5f7a3cb4258b18a514bc9fe0bfc8bc0f11e9c58725adf3d501e05e21"", ""failure_class"": null, ""max_force_eV_A"": 0.07838948096756786, ""name"": ""bfgs_after_fire"", ""start_geometry_sha256"": ""a87cc23fc5f8313afd363bfa80d2f5914ad0ab30d93a4d7255ddb8c4643747ce"", ""steps"": 171}]",2c31a76d5f7a3cb4258b18a514bc9fe0bfc8bc0f11e9c58725adf3d501e05e21,-4.373653461039034,3.0,step_3_OH,9.0,0.0,True,4.356041213571993,quantitative_screening,,False,0,0,ffb5833ea7492b290deb,False,0.740000000035
"('Spinel', 'Ni', 'V', 'Y', 'mesoporous', 'N-graphene')",Spinel,True,esen-sm-conserving-all-oc25:relax-v4:orr-che-v3,True,0.07981969818847533,108,150,0.08,converged,,bfgs_standard,"[{""ase_converged"": true, ""converged"": true, ""end_geometry_sha256"": ""c500b13a5cb4c96c2b8f167838062823f91c9cb4a2b4d7077f7dc0bb8ae000cd"", ""failure_class"": null, ""max_force_eV_A"": 0.07981969818847533, ""name"": ""bfgs_standard"", ""start_geometry_sha256"": ""5149c3da3f50e960d424b66de18091592c369d6c2cfdc0b42ce8782f0d05e27e"", ""steps"": 108}]",c500b13a5cb4c96c2b8f167838062823f91c9cb4a2b4d7077f7dc0bb8ae000cd,-409.55362468793317,True,0.0767010947021143,80.0,100.0,0.08,converged,,bfgs_standard,"[{""ase_converged"": true, ""converged"": true, ""end_geometry_sha256"": ""d56a028c7588454134e7c73eed482b1f0777139053379243d76b6d8875c21367"", ""failure_class"": null, ""max_force_eV_A"": 0.0767010947021143, ""name"": ""bfgs_standard"", ""start_geometry_sha256"": ""3bc0a6a5c86c5b774d24fdac809a49c1ab10332bd96f74f2feebcc4626515813"", ""steps"": 80}]",d56a028c7588454134e7c73eed482b1f0777139053379243d76b6d8875c21367,-0.8956596229970455,True,0.07600532285779742,50.0,100.0,0.08,converged,,bfgs_standard,"[{""ase_converged"": true, ""converged"": true, ""end_geometry_sha256"": ""a97561db8b18c15e606d8b79f3a616783f5d6a0f24814baee2eaec1a261afa3e"", ""failure_class"": null, ""max_force_eV_A"": 0.07600532285779742, ""name"": ""bfgs_standard"", ""start_geometry_sha256"": ""48e41042f81e620662bd381244592759eae2fc285bc47aca9f35781a59af8c5c"", ""steps"": 50}]",a97561db8b18c15e606d8b79f3a616783f5d6a0f24814baee2eaec1a261afa3e,0.27036229446527854,True,0.07913912477792522,259.0,100.0,0.08,converged,,bfgs_after_fire,"[{""ase_converged"": false, ""converged"": false, ""end_geometry_sha256"": ""aa67bbe94767c0788c1b2f3762e94af98a6e2db6f76e0df3be891c97885e8264"", ""failure_class"": ""force_threshold"", ""max_force_eV_A"": 0.12847337362231556, ""name"": ""bfgs_standard"", ""start_geometry_sha256"": ""6d7499aa079bd8c6f41680c641d631191ffd0c53abadaf107ee39a3c73bbfd4e"", ""steps"": 100}, {""ase_converged"": false, ""converged"": false, ""end_geometry_sha256"": ""2aee68f0cf15db5171dc703bc79d542987d4f0c1f6654aa9c6f08ed2350191ae"", ""failure_class"": ""force_threshold"", ""max_force_eV_A"": 1.3719656740470088, ""name"": ""fire_precondition"", ""qualifying"": false, ""start_geometry_sha256"": ""6d7499aa079bd8c6f41680c641d631191ffd0c53abadaf107ee39a3c73bbfd4e"", ""steps"": 50}, {""ase_converged"": true, ""converged"": true, ""end_geometry_sha256"": ""92ec98cf67011b2beb570aed7c53081d4f2ba1361548448d875fc7c4563e9ff0"", ""failure_class"": null, ""max_force_eV_A"": 0.07913912477792522, ""name"": ""bfgs_after_fire"", ""start_geometry_sha256"": ""2aee68f0cf15db5171dc703bc79d542987d4f0c1f6654aa9c6f08ed2350191ae"", ""steps"": 109}]",92ec98cf67011b2beb570aed7c53081d4f2ba1361548448d875fc7c4563e9ff0,-1.8286486163735072,3.0,step_2_O,9.0,0.0,True,1.166021917462324,quantitative_screening,,False,1,1,bbd2cdd71a1405ad97d0,False,0.740000000035
"('Spinel', 'Ni', 'V', 'Mo', 'hollow_sphere', 'N-CNT')",Spinel,True,esen-sm-conserving-all-oc25:relax-v4:orr-che-v3,True,0.06826532580147539,118,150,0.08,converged,,bfgs_standard,"[{""ase_converged"": true, ""converged"": true, ""end_geometry_sha256"": ""dd7887c3c02842ed8167c89259e688d6ba01d288ac314f9ecc2c40e0da838b89"", ""failure_class"": null, ""max_force_eV_A"": 0.06826532580147539, ""name"": ""bfgs_standard"", ""start_geometry_sha256"": ""b6e1bbaa899b63b914fa0283251f21f34c8db2ea051283cd92097d80b66ce8e6"", ""steps"": 118}]",dd7887c3c02842ed8167c89259e688d6ba01d288ac314f9ecc2c40e0da838b89,-414.43398814924933,True,0.0718410999753847,45.0,100.0,0.08,converged,,bfgs_standard,"[{""ase_converged"": true, ""converged"": true, ""end_geometry_sha256"": ""864231cf8ad343336f8ea621afc181e2535e4b745bcd5c1d19694197e3f19799"", ""failure_class"": null, ""max_force_eV_A"": 0.0718410999753847, ""name"": ""bfgs_standard"", ""start_geometry_sha256"": ""da8df6e5dbad66417c00baf9d2d8ad135a2d565a3df88a323fdd51fcb83fe721"", ""steps"": 45}]",864231cf8ad343336f8ea621afc181e2535e4b745bcd5c1d19694197e3f19799,-0.45927160724997523,True,0.057447784582844996,65.0,100.0,0.08,converged,,bfgs_standard,"[{""ase_converged"": true, ""converged"": true, ""end_geometry_sha256"": ""307a3f90e78cfffc4094c6e7c60bb234d6600aa8bc3560721ebd3f279e3aad80"", ""failure_class"": null, ""max_force_eV_A"": 0.057447784582844996, ""name"": ""bfgs_standard"", ""start_geometry_sha256"": ""4e11da6669130eac74c58dbedc8747a5a7db9d3ea5508455797907318ce75c26"", ""steps"": 65}]",307a3f90e78cfffc4094c6e7c60bb234d6600aa8bc3560721ebd3f279e3aad80,-0.7111492983996548,True,0.059212752418211695,83.0,100.0,0.08,converged,,bfgs_standard,"[{""ase_converged"": true, ""converged"": true, ""end_geometry_sha256"": ""3cdb27d09490d6cf1a01e882545e007199ad7f54e3d2cb687b3f09a32c58ad3d"", ""failure_class"": null, ""max_force_eV_A"": 0.059212752418211695, ""name"": ""bfgs_standard"", ""start_geometry_sha256"": ""0b1eb5b18effc6c8f683f0f127c6d54ac74ecc86e8582954c94b8606ce08db4a"", ""steps"": 83}]",3cdb27d09490d6cf1a01e882545e007199ad7f54e3d2cb687b3f09a32c58ad3d,-0.5650368228554974,1.6882716072499753,step_4_H2O,9.0,0.0,True,1.17042090564963,quantitative_screening,,False,2,2,fdeb3c560c9fb8f68b08,False,0.740000000035
"('MXene', 'Mo', 'C', 2, 'O', 'Pd')",MXene,True,esen-sm-conserving-all-oc25:relax-v4:orr-che-v3,True,0.06183896235965033,37,150,0.08,converged,,bfgs_standard,"[{""ase_converged"": true, ""converged"": true, ""end_geometry_sha256"": ""7bce208c85edd86069239ddd3cddd5bac3066fa0b354d047b131644d18464314"", ""failure_class"": null, ""max_force_eV_A"": 0.06183896235965033, ""name"": ""bfgs_standard"", ""start_geometry_sha256"": ""0a303619126e7c1d9f18e467dcd48e1c7f96258a4087333b9be4c8700df1c221"", ""steps"": 37}]",7bce208c85edd86069239ddd3cddd5bac3066fa0b354d047b131644d18464314,-272.139633202388,True,0.06463679122572273,65.0,100.0,0.08,converged,,bfgs_standard,"[{""ase_converged"": true, ""converged"": true, ""end_geometry_sha256"": ""5a7b6d0c98822d844cb0561ed12271dddc5e19e56811c68ba817731568fab538"", ""failure_class"": null, ""max_force_eV_A"": 0.06463679122572273, ""name"": ""bfgs_standard"", ""start_geometry_sha256"": ""2a2424357870ebaddc7a93fa04bd28b4534ee7d297ef17fc55e82a189fb68e43"", ""steps"": 65}]",5a7b6d0c98822d844cb0561ed12271dddc5e19e56811c68ba817731568fab538,-0.5515901421010494,True,0.07818583807871256,70.0,100.0,0.08,converged,,bfgs_standard,"[{""ase_converged"": true, ""converged"": true, ""end_geometry_sha256"": ""67b0b4afed1535467d0e109aaa66225d839fe80df80af48ddf4abcd721d370f3"", ""failure_class"": null, ""max_force_eV_A"": 0.07818583807871256, ""name"": ""bfgs_standard"", ""start_geometry_sha256"": ""3339064f82039a324a1a67cb0085746089f881de8d495b20c635c3c9270b1ee0"", ""steps"": 70}]",67b0b4afed1535467d0e109aaa66225d839fe80df80af48ddf4abcd721d370f3,-0.2214365832507859,True,0.06688948011256038,96.0,100.0,0.08,converged,,bfgs_standard,"[{""ase_converged"": true, ""converged"": true, ""end_geometry_sha256"": ""182e2560babebe3922ab7cbabf7fa57faeb00ee058c1311d7edb017470b0d4a2"", ""failure_class"": null, ""max_force_eV_A"": 0.06688948011256038, ""name"": ""bfgs_standard"", ""start_geometry_sha256"": ""48f4b2284367acbfb914c92d602d58648cc4b5488a39bec120ea78e13ad82886"", ""steps"": 96}]",182e2560babebe3922ab7cbabf7fa57faeb00ee058c1311d7edb017470b0d4a2,-1.259401847422148,2.266965264171362,step_2_O,10.0,-2.0,True,0.7730267253518353,quantitative_screening,,False,1,1,25f4c3d2b047906f8648,False,0.675000000035
"('MXene', 'Mo', 'C', 2, 'mixed_OH_O', 'Co')",MXene,True,esen-sm-conserving-all-oc25:relax-v4:orr-che-v3,True,0.07887677414631779,65,150,0.08,converged,,bfgs_standard,"[{""ase_converged"": true, ""converged"": true, ""end_geometry_sha256"": ""5bd1903aedc579ddac11a7719420654bb688282a53821590b6f2810f17b0b91d"", ""failure_class"": null, ""max_force_eV_A"": 0.07887677414631779, ""name"": ""bfgs_standard"", ""start_geometry_sha256"": ""451b5133c06382438634547a0d59cb2a453937da4e97fbb18e592d964462596b"", ""steps"": 65}]",5bd1903aedc579ddac11a7719420654bb688282a53821590b6f2810f17b0b91d,-283.701777513803,True,0.07287742878776488,266.0,100.0,0.08,converged,,bfgs_after_fire,"[{""ase_converged"": false, ""converged"": false, ""end_geometry_sha256"": ""461f6e89ef19ff01689d4ce650ed32a353ac865e71dff0006796e6bb3f2f6464"", ""failure_class"": ""force_threshold"", ""max_force_eV_A"": 0.3890587146281416, ""name"": ""bfgs_standard"", ""start_geometry_sha256"": ""41e7e4ae78bbb56c6a2ead0a8d04b58da8301021f13d492f566e43160c6a398f"", ""steps"": 100}, {""ase_converged"": true, ""converged"": true, ""end_geometry_sha256"": ""ffa26e5f1449cd9a7d2e7d7936eae34d0ba827a84416ef382b6e7a7e0412edfe"", ""failure_class"": null, ""max_force_eV_A"": 0.18731477712267175, ""name"": ""fire_precondition"", ""qualifying"": false, ""start_geometry_sha256"": ""41e7e4ae78bbb56c6a2ead0a8d04b58da8301021f13d492f566e43160c6a398f"", ""steps"": 31}, {""ase_converged"": true, ""converged"": true, ""end_geometry_sha256"": ""2de832149f0ed1967acfb38a59bf76143e93e9464a45d0a3bbb6bd936d5be2a6"", ""failure_class"": null, ""max_force_eV_A"": 0.07287742878776488, ""name"": ""bfgs_after_fire"", ""start_geometry_sha256"": ""ffa26e5f1449cd9a7d2e7d7936eae34d0ba827a84416ef382b6e7a7e0412edfe"", ""steps"": 135}]",2de832149f0ed1967acfb38a59bf76143e93e9464a45d0a3bbb6bd936d5be2a6,-2.0042936180531976,True,0.06887763442174143,65.0,100.0,0.08,converged,,bfgs_standard,"[{""ase_converged"": true, ""converged"": true, ""end_geometry_sha256"": ""d762a00a95dcd78f4e191c9a471f28ac816a34e9855cba26140c3ea618e7b36c"", ""failure_class"": null, ""max_force_eV_A"": 0.06887763442174143, ""name"": ""bfgs_standard"", ""start_geometry_sha256"": ""5c27dc7e6884ddc05c0374c33aad1652fb26b049a756f0e03dab57e7856e8d04"", ""steps"": 65}]",d762a00a95dcd78f4e191c9a471f28ac816a34e9855cba26140c3ea618e7b36c,-2.45626171752813,True,0.07318991167590153,269.0,100.0,0.08,converged,,bfgs_after_fire,"[{""ase_converged"": false, ""converged"": false, ""end_geometry_sha256"": ""ed395b89f2e015122e30f213e93cbf09cbd2fbddd4d7ca672ca69bff15c3569a"", ""failure_class"": ""force_threshold"", ""max_force_eV_A"": 0.5576110353586018, ""name"": ""bfgs_standard"", ""start_geometry_sha256"": ""2c172375710ec86832758de894501173414c02d04fb071baecb08d72fcb8c428"", ""steps"": 100}, {""ase_converged"": false, ""converged"": false, ""end_geometry_sha256"": ""d1991b167bad61c74c460286ae08628ecb99a076cc91aa0025267baa303ea5be"", ""failure_class"": ""force_threshold"", ""max_force_eV_A"": 0.4681372296066647, ""name"": ""fire_precondition"", ""qualifying"": false, ""start_geometry_sha256"": ""2c172375710ec86832758de894501173414c02d04fb071baecb08d72fcb8c428"", ""steps"": 50}, {""ase_converged"": true, ""converged"": true, ""end_geometry_sha256"": ""ace8877225c5a85430e9d9530402d88ee5134d03d660fb4c643b1f885bad3e66"", ""failure_class"": null, ""max_force_eV_A"": 0.07318991167590153, ""name"": ""bfgs_after_fire"", ""start_geometry_sha256"": ""d1991b167bad61c74c460286ae08628ecb99a076cc91aa0025267baa303ea5be"", ""steps"": 119}]",ace8877225c5a85430e9d9530402d88ee5134d03d660fb4c643b1f885bad3e66,-2.447929908335234,3.0,step_4_H2O,9.0,-0.5228787452803376,True,4.460555335581327,quantitative_screening,,False,0,0,f13497c8e99d15f80015,False,0.675000000035
"('MXene', 'Mo', 'C', 2, 'bare', 'Ni')",MXene,True,esen-sm-conserving-all-oc25:relax-v4:orr-che-v3,True,0.07865915574652323,37,150,0.08,converged,,bfgs_standard,"[{""ase_converged"": true, ""converged"": true, ""end_geometry_sha256"": ""f7aa92e3bcd79a26abb450b1d31f5d9e88749d376c8936c8b55c438d227435c6"", ""failure_class"": null, ""max_force_eV_A"": 0.07865915574652323, ""name"": ""bfgs_standard"", ""start_geometry_sha256"": ""3c57fdef2eca4df57e20b86adb769c367f63eb883fa97af9c9052886fd8f607a"", ""steps"": 37}]",f7aa92e3bcd79a26abb450b1d31f5d9e88749d376c8936c8b55c438d227435c6,-264.58136988185504,True,0.06560195682226279,47.0,100.0,0.08,converged,,bfgs_standard,"[{""ase_converged"": true, ""converged"": true, ""end_geometry_sha256"": ""11be3c5638981a58ee186d10d0c3e0d8796e1c448f598fbc9e4cebaa3bca1e91"", ""failure_class"": null, ""max_force_eV_A"": 0.06560195682226279, ""name"": ""bfgs_standard"", ""start_geometry_sha256"": ""550a83e528bcd7859f23dba79e5aaf4d1ce0622085ab191dcc6a54c9712d6263"", ""steps"": 47}]",11be3c5638981a58ee186d10d0c3e0d8796e1c448f598fbc9e4cebaa3bca1e91,-0.4688379143178463,True,0.06988397500726579,41.0,100.0,0.08,converged,,bfgs_standard,"[{""ase_converged"": true, ""converged"": true, ""end_geometry_sha256"": ""9f0c203adda28e62fb63c22c652659de2f5d39cca6fa75cf9261054c8f6b3018"", ""failure_class"": null, ""max_force_eV_A"": 0.06988397500726579, ""name"": ""bfgs_standard"", ""start_geometry_sha256"": ""442e213ad71955d89dd899cdc741985929688c0c9d4ae569aef3fdd635a0ce6c"", ""steps"": 41}]",9f0c203adda28e62fb63c22c652659de2f5d39cca6fa75cf9261054c8f6b3018,-0.5478468768298874,True,0.07803329079605838,95.0,100.0,0.08,converged,,bfgs_standard,"[{""ase_converged"": true, ""converged"": true, ""end_geometry_sha256"": ""a85c5e9c40c89d6a71660cce418d8db9032cc85858bff8b12e0a34993839abf3"", ""failure_class"": null, ""max_force_eV_A"": 0.07803329079605838, ""name"": ""bfgs_standard"", ""start_geometry_sha256"": ""3e11adcdc27c18ca365574842da27333acc344595929dd7f7364e7bd786fdad6"", ""steps"": 95}]",a85c5e9c40c89d6a71660cce418d8db9032cc85858bff8b12e0a34993839abf3,-1.4322724834084761,2.1134256065785886,step_2_O,10.0,0.0,True,1.0166847911477337,quantitative_screening,,False,2,2,2d5641ade0e3beab5ee4,False,0.675000000035
"('MXene', 'Mo', 'C', 3, 'OH', 'Fe')",MXene,True,esen-sm-conserving-all-oc25:relax-v4:orr-che-v3,True,0.06944777370525598,111,150,0.08,converged,,bfgs_standard,"[{""ase_converged"": true, ""converged"": true, ""end_geometry_sha256"": ""1043cc5f6001a5173c0677b7ba9e596a0bf2c56ae2b8380c2a3ee116302713af"", ""failure_class"": null, ""max_force_eV_A"": 0.06944777370525598, ""name"": ""bfgs_standard"", ""start_geometry_sha256"": ""b9f9489a12eac92e6d09b4a007027de5aefc3efb0bfb6cca59fcf23f5a7ced95"", ""steps"": 111}]",1043cc5f6001a5173c0677b7ba9e596a0bf2c56ae2b8380c2a3ee116302713af,-380.5970349878508,True,0.07374801939831459,55.0,100.0,0.08,converged,,bfgs_standard,"[{""ase_converged"": true, ""converged"": true, ""end_geometry_sha256"": ""adb2604b0f1b4392bd56e0c94550db91b252dc808f9535825f3d1c0d97558321"", ""failure_class"": null, ""max_force_eV_A"": 0.07374801939831459, ""name"": ""bfgs_standard"", ""start_geometry_sha256"": ""7ebd0fe3a2bfb3cfb906649a51e3cbde815f559aa86a73a3101957e5ecabd767"", ""steps"": 55}]",adb2604b0f1b4392bd56e0c94550db91b252dc808f9535825f3d1c0d97558321,0.03286344066256558,True,0.07748336618332868,39.0,100.0,0.08,converged,,bfgs_standard,"[{""ase_converged"": true, ""converged"": true, ""end_geometry_sha256"": ""2d966c6ed969f766080c56de31f7ceccb29264b55353f328916cc7c5598f5b61"", ""failure_class"": null, ""max_force_eV_A"": 0.07748336618332868, ""name"": ""bfgs_standard"", ""start_geometry_sha256"": ""6e08440cce908ac05d1fd201ed0aadc389579f30e40aa4cf20227d12084067d7"", ""steps"": 39}]",2d966c6ed969f766080c56de31f7ceccb29264b55353f328916cc7c5598f5b61,-0.04697331115611618,True,0.07747289202352248,266.0,100.0,0.08,converged,,bfgs_after_fire,"[{""ase_converged"": false, ""converged"": false, ""end_geometry_sha256"": ""6261999bf25dbe3097a81685ec2c7e9859ce96f1ee6e20282e40ececf7420ed2"", ""failure_class"": ""force_threshold"", ""max_force_eV_A"": 0.14809642137049764, ""name"": ""bfgs_standard"", ""start_geometry_sha256"": ""0a8305f5859e60eb75881f117dc81d82cfaa181e51b07b9c127fe71c5b67ba71"", ""steps"": 100}, {""ase_converged"": true, ""converged"": true, ""end_geometry_sha256"": ""5e127a01f368d76aa566a5d2ad54b9df97bdefaa2aae467f1d22707a5ec3e5cc"", ""failure_class"": null, ""max_force_eV_A"": 0.24444273073606113, ""name"": ""fire_precondition"", ""qualifying"": false, ""start_geometry_sha256"": ""0a8305f5859e60eb75881f117dc81d82cfaa181e51b07b9c127fe71c5b67ba71"", ""steps"": 32}, {""ase_converged"": true, ""converged"": true, ""end_geometry_sha256"": ""683d92b5021dc49d66fb6dcf60cf35bd56d9246676ac50552370ee1ea706fa92"", ""failure_class"": null, ""max_force_eV_A"": 0.07747289202352248, ""name"": ""bfgs_after_fire"", ""start_geometry_sha256"": ""5e127a01f368d76aa566a5d2ad54b9df97bdefaa2aae467f1d22707a5ec3e5cc"", ""steps"": 134}]",683d92b5021dc49d66fb6dcf60cf35bd56d9246676ac50552370ee1ea706fa92,-2.5470643535257205,3.0,step_2_O,7.0,0.0,True,0.07983675181868176,quantitative_screening,,False,1,1,74b0eb58a5dd6a8b6d23,False,0.675000000035
"('MXene', 'Mo', 'C', 3, 'F', 'Ru')",MXene,True,esen-sm-conserving-all-oc25:relax-v4:orr-che-v3,True,0.07901321972511885,66,150,0.08,converged,,bfgs_standard,"[{""ase_converged"": true, ""converged"": true, ""end_geometry_sha256"": ""dcf69771a025c9e80060b9e67775ebdb02adfc2df5eb8b6e7a6bb757f51cfe85"", ""failure_class"": null, ""max_force_eV_A"": 0.07901321972511885, ""name"": ""bfgs_standard"", ""start_geometry_sha256"": ""4c5163391f75f8535cef09984d793d763028cf1697220489879c5b53677123bb"", ""steps"": 66}]",dcf69771a025c9e80060b9e67775ebdb02adfc2df5eb8b6e7a6bb757f51cfe85,-375.88580976854945,True,0.067023108212611,70.0,100.0,0.08,converged,,bfgs_standard,"[{""ase_converged"": true, ""converged"": true, ""end_geometry_sha256"": ""1b9d3b89e48aa238d49a644733308ea656ab66fe69f92d12f6accbf640d6d3ff"", ""failure_class"": null, ""max_force_eV_A"": 0.067023108212611, ""name"": ""bfgs_standard"", ""start_geometry_sha256"": ""9a354f92955dd16c88a0ce7b914db39fbed9307b78e35a69785176fdace6bbfa"", ""steps"": 70}]",1b9d3b89e48aa238d49a644733308ea656ab66fe69f92d12f6accbf640d6d3ff,-1.0050870750844478,True,0.07544236590002545,38.0,100.0,0.08,converged,,bfgs_standard,"[{""ase_converged"": true, ""converged"": true, ""end_geometry_sha256"": ""54f714bdcf38bc7828403562845922ab194f645a7b8abc8918a300ce8d4cb7aa"", ""failure_class"": null, ""max_force_eV_A"": 0.07544236590002545, ""name"": ""bfgs_standard"", ""start_geometry_sha256"": ""2c080cab6fa14994c74628311e1169fd439e5d3ccff6ff349ef7245685696959"", ""steps"": 38}]",54f714bdcf38bc7828403562845922ab194f645a7b8abc8918a300ce8d4cb7aa,-0.10190876647832496,True,0.07092951852508424,76.0,100.0,0.08,converged,,bfgs_standard,"[{""ase_converged"": true, ""converged"": true, ""end_geometry_sha256"": ""057438834f6873d0e844dfcb3f68d7a9b85f92be6ad00ce1e127ea2269e89a2b"", ""failure_class"": null, ""max_force_eV_A"": 0.07092951852508424, ""name"": ""bfgs_standard"", ""start_geometry_sha256"": ""308cb79a40e57132a205cb5fa83e98d01fd84e2ad722239b8b452385228cec2c"", ""steps"": 76}]",057438834f6873d0e844dfcb3f68d7a9b85f92be6ad00ce1e127ea2269e89a2b,-1.9258733287453333,3.0,step_2_O,10.0,-2.0,True,1.1069958415627728,quantitative_screening,,False,2,2,61c273f9ffe78b94cd26,False,0.675000000035
"('MXene', 'Mo', 'C', 3, 'S', 'None')",MXene,True,esen-sm-conserving-all-oc25:relax-v4:orr-che-v3,True,0.07334125326154198,59,150,0.08,converged,,bfgs_standard,"[{""ase_converged"": true, ""converged"": true, ""end_geometry_sha256"": ""a38a43ffb54aeafb01967b8909dbcdabe210f889a6f32716e86ed3f2045263d5"", ""failure_class"": null, ""max_force_eV_A"": 0.07334125326154198, ""name"": ""bfgs_standard"", ""start_geometry_sha256"": ""568dd32ce99111718ab46437fffe72eddebfba416b302a2792b46cb159187366"", ""steps"": 59}]",a38a43ffb54aeafb01967b8909dbcdabe210f889a6f32716e86ed3f2045263d5,-379.0858779815432,True,0.05902030071051907,51.0,100.0,0.08,converged,,bfgs_standard,"[{""ase_converged"": true, ""converged"": true, ""end_geometry_sha256"": ""627199662a451947e72af5fb2ef1a72a4fcaddb5a022fc13478ecd2b9fef6d41"", ""failure_class"": null, ""max_force_eV_A"": 0.05902030071051907, ""name"": ""bfgs_standard"", ""start_geometry_sha256"": ""118b29f6416a61907adebc120d9cd4dd867f85d2c4efb8d84eea52af7cd9ad63"", ""steps"": 51}]",627199662a451947e72af5fb2ef1a72a4fcaddb5a022fc13478ecd2b9fef6d41,-1.0121900413930416,True,0.07849032085303928,34.0,100.0,0.08,converged,,bfgs_standard,"[{""ase_converged"": true, ""converged"": true, ""end_geometry_sha256"": ""1bdca449ace185aeb4af6e9791e985fd21f2e8f358b84fe5144efe47b8afc7db"", ""failure_class"": null, ""max_force_eV_A"": 0.07849032085303928, ""name"": ""bfgs_standard"", ""start_geometry_sha256"": ""9c3e48f34465aa0a4172e3a67c0aaecec48fd9940da55d360159f0d5acacfd97"", ""steps"": 34}]",1bdca449ace185aeb4af6e9791e985fd21f2e8f358b84fe5144efe47b8afc7db,-0.009137236326957773,True,0.07043215725318108,69.0,100.0,0.08,converged,,bfgs_standard,"[{""ase_converged"": true, ""converged"": true, ""end_geometry_sha256"": ""c7ee33605b4a65a3c231f1fdec8ffd5ec4483286d07fa545f2cc07b1ec98dbff"", ""failure_class"": null, ""max_force_eV_A"": 0.07043215725318108, ""name"": ""bfgs_standard"", ""start_geometry_sha256"": ""70f12f444603b05d32683c2426d642a39309ba5dae17eb3656c15b0672538a51"", ""steps"": 69}]",c7ee33605b4a65a3c231f1fdec8ffd5ec4483286d07fa545f2cc07b1ec98dbff,-2.208683539927031,3.0,step_2_O,10.0,-1.8416375079047504,True,1.0213272777199993,quantitative_screening,,False,1,1,53697e6edbbb8f04837b,False,0.675000000035
"('MXene', 'Mo', 'N', 1, 'OH', 'Mn')",MXene,True,esen-sm-conserving-all-oc25:relax-v4:orr-che-v3,True,0.045943242194765935,88,150,0.08,converged,,bfgs_standard,"[{""ase_converged"": true, ""converged"": true, ""end_geometry_sha256"": ""0170d938cbee1309ef57c7d269a081f2e925eaa13d84766de08dc657abcc8c36"", ""failure_class"": null, ""max_force_eV_A"": 0.045943242194765935, ""name"": ""bfgs_standard"", ""start_geometry_sha256"": ""f01b7ce00e71f9d8ed962c3b20388fae0ed47957e1508399e1228a01909e0ce1"", ""steps"": 88}]",0170d938cbee1309ef57c7d269a081f2e925eaa13d84766de08dc657abcc8c36,-171.70711710852638,True,0.07554989180068558,15.0,100.0,0.08,converged,,bfgs_standard,"[{""ase_converged"": true, ""converged"": true, ""end_geometry_sha256"": ""cfbcfcc029bc1b618238be333e949aa1f1ece8a04a1114940925ee5a909fac01"", ""failure_class"": null, ""max_force_eV_A"": 0.07554989180068558, ""name"": ""bfgs_standard"", ""start_geometry_sha256"": ""9591dcb8958298d38037420e8fddc2915f25fff9fd714c7d6d0500809613f484"", ""steps"": 15}]",cfbcfcc029bc1b618238be333e949aa1f1ece8a04a1114940925ee5a909fac01,-0.20066851124167445,True,0.042456214249932865,34.0,100.0,0.08,converged,,bfgs_standard,"[{""ase_converged"": true, ""converged"": true, ""end_geometry_sha256"": ""a0543eb1721aba250d639a5102e139a9e10e9140854f7c535916fa03ee4e53e2"", ""failure_class"": null, ""max_force_eV_A"": 0.042456214249932865, ""name"": ""bfgs_standard"", ""start_geometry_sha256"": ""be3b24c54de4eb5c46081fc28b7558cf62cfaaf0d9716b8796e0c517596906dd"", ""steps"": 34}]",a0543eb1721aba250d639a5102e139a9e10e9140854f7c535916fa03ee4e53e2,-2.3501692645251717,True,0.0780399604247787,72.0,100.0,0.08,converged,,bfgs_standard,"[{""ase_converged"": true, ""converged"": true, ""end_geometry_sha256"": ""0f5df1c6756bdd1a8b0f75ea42b63ca4529b79f7e6a334bf905f36cb4c861a3d"", ""failure_class"": null, ""max_force_eV_A"": 0.0780399604247787, ""name"": ""bfgs_standard"", ""start_geometry_sha256"": ""7cc6e5fad9666b16a8a79613088328a945f6f4a52af55bb32513194865d0ea4d"", ""steps"": 72}]",0f5df1c6756bdd1a8b0f75ea42b63ca4529b79f7e6a334bf905f36cb4c861a3d,-2.9841752544045415,3.0,step_3_OH,9.0,0.0,True,2.5508377757668463,quantitative_screening,,False,2,2,f6000b482205c7d46f16,False,0.675000000035
"('MXene', 'Mo', 'N', 1, 'F', 'Pt')",MXene,True,esen-sm-conserving-all-oc25:relax-v4:orr-che-v3,True,0.07041325510857041,31,150,0.08,converged,,bfgs_standard,"[{""ase_converged"": true, ""converged"": true, ""end_geometry_sha256"": ""6f18d5c611c93fcd0c6b03837860acf4c483b5654fde53bbc265aa1a12c850cc"", ""failure_class"": null, ""max_force_eV_A"": 0.07041325510857041, ""name"": ""bfgs_standard"", ""start_geometry_sha256"": ""fa095ec1bd75b6b4fd3d1bdc53964fa091cc2874cf0543378882a84cef64813a"", ""steps"": 31}]",6f18d5c611c93fcd0c6b03837860acf4c483b5654fde53bbc265aa1a12c850cc,-162.56227451993553,True,0.07598064970684475,37.0,100.0,0.08,converged,,bfgs_standard,"[{""ase_converged"": true, ""converged"": true, ""end_geometry_sha256"": ""6ba663b42fd488ed543272feb823dcdcd3e94ffd08149ab3f84fd4da9e5d2905"", ""failure_class"": null, ""max_force_eV_A"": 0.07598064970684475, ""name"": ""bfgs_standard"", ""start_geometry_sha256"": ""068d9c2c8d5647f0c8881269cd465ead92cbfe4a2d3467019e68f3b3efd4e647"", ""steps"": 37}]",6ba663b42fd488ed543272feb823dcdcd3e94ffd08149ab3f84fd4da9e5d2905,-0.7431337212026119,True,0.07397725237216476,19.0,100.0,0.08,converged,,bfgs_standard,"[{""ase_converged"": true, ""converged"": true, ""end_geometry_sha256"": ""5a09cb0c0b50d44120dbdf00094ad9b664c1e391590f43254a5607c20820040b"", ""failure_class"": null, ""max_force_eV_A"": 0.07397725237216476, ""name"": ""bfgs_standard"", ""start_geometry_sha256"": ""d8d14741b7a6231ffd55d9d1a9d0791ddd7fdbf88bce5ddd1cf739c88ba1e030"", ""steps"": 19}]",5a09cb0c0b50d44120dbdf00094ad9b664c1e391590f43254a5607c20820040b,-1.0598765246570074,True,0.04672034677322607,179.0,100.0,0.08,converged,,bfgs_after_fire,"[{""ase_converged"": false, ""converged"": false, ""end_geometry_sha256"": ""5896fa203cd5390eb0eb47e22f369ce602bcb70a26a339754885f2067743dd42"", ""failure_class"": ""force_threshold"", ""max_force_eV_A"": 0.22935223202976895, ""name"": ""bfgs_standard"", ""start_geometry_sha256"": ""eba561fcec8160d68fff0efab6670d75851c59816c0a6df7f0e1a88335e61897"", ""steps"": 100}, {""ase_converged"": false, ""converged"": false, ""end_geometry_sha256"": ""f3012dcc6f6fa655dae623a4feb91eb9937b57cf4546dd7bf1ccea9f237f430c"", ""failure_class"": ""force_threshold"", ""max_force_eV_A"": 1.4990362307056952, ""name"": ""fire_precondition"", ""qualifying"": false, ""start_geometry_sha256"": ""eba561fcec8160d68fff0efab6670d75851c59816c0a6df7f0e1a88335e61897"", ""steps"": 50}, {""ase_converged"": true, ""converged"": true, ""end_geometry_sha256"": ""b474b70c924d8937558f0033939ab4411cf6633b1b54bf6c45948dc4527a32ea"", ""failure_class"": null, ""max_force_eV_A"": 0.04672034677322607, ""name"": ""bfgs_after_fire"", ""start_geometry_sha256"": ""f3012dcc6f6fa655dae623a4feb91eb9937b57cf4546dd7bf1ccea9f237f430c"", ""steps"": 29}]",b474b70c924d8937558f0033939ab4411cf6633b1b54bf6c45948dc4527a32ea,-1.900419761240479,2.0695432365834714,step_2_O,10.0,-2.0,True,1.8030102458596193,quantitative_screening,,False,0,0,68dac787d0add5d80d0b,False,0.675000000035
"('MXene', 'Mo', 'N', 1, 'Cl', 'Ni')",MXene,True,esen-sm-conserving-all-oc25:relax-v4:orr-che-v3,True,0.06799521638239957,24,150,0.08,converged,,bfgs_standard,"[{""ase_converged"": true, ""converged"": true, ""end_geometry_sha256"": ""ecf4dea6407ef912f5327baaf6eb39686ea41aa72a9230c8313f572c5081449e"", ""failure_class"": null, ""max_force_eV_A"": 0.06799521638239957, ""name"": ""bfgs_standard"", ""start_geometry_sha256"": ""e73c1887087a1293e526bc21c9f3379171a6afdb89e20444a7422de38c4c8eca"", ""steps"": 24}]",ecf4dea6407ef912f5327baaf6eb39686ea41aa72a9230c8313f572c5081449e,-160.59330435518265,True,0.039637697096938075,58.0,100.0,0.08,converged,,bfgs_standard,"[{""ase_converged"": true, ""converged"": true, ""end_geometry_sha256"": ""1adda6ff6469dea9162c5332e8b352f37476db40c34962f3c71e40db7337305e"", ""failure_class"": null, ""max_force_eV_A"": 0.039637697096938075, ""name"": ""bfgs_standard"", ""start_geometry_sha256"": ""ca73b2b87ff33b393f02bc323776b76d9d42b7d42e94cba876e63ddb75ac270b"", ""steps"": 58}]",1adda6ff6469dea9162c5332e8b352f37476db40c34962f3c71e40db7337305e,-0.6131669853627681,True,0.078810165792911,187.0,100.0,0.08,converged,,bfgs_after_fire,"[{""ase_converged"": false, ""converged"": false, ""end_geometry_sha256"": ""1ff79380959a9cf27077972bfc47fd30942158ed26fb74e16235676c85c5e064"", ""failure_class"": ""force_threshold"", ""max_force_eV_A"": 0.37673315358456994, ""name"": ""bfgs_standard"", ""start_geometry_sha256"": ""16846fee4bf7b86fb05e0c8f065ecb2ae6135d6af4c0cda0fe4f98feb4cc4883"", ""steps"": 100}, {""ase_converged"": true, ""converged"": true, ""end_geometry_sha256"": ""35d3422d8fe22abfa98684216aad73e13787290c17bc5240ade882699f110229"", ""failure_class"": null, ""max_force_eV_A"": 0.2233126338779464, ""name"": ""fire_precondition"", ""qualifying"": false, ""start_geometry_sha256"": ""16846fee4bf7b86fb05e0c8f065ecb2ae6135d6af4c0cda0fe4f98feb4cc4883"", ""steps"": 43}, {""ase_converged"": true, ""converged"": true, ""end_geometry_sha256"": ""242e41502fc5b1dfcef55aac9820b784ed3898c7bbb290bf26d5479b94674e26"", ""failure_class"": null, ""max_force_eV_A"": 0.078810165792911, ""name"": ""bfgs_after_fire"", ""start_geometry_sha256"": ""35d3422d8fe22abfa98684216aad73e13787290c17bc5240ade882699f110229"", ""steps"": 44}]",242e41502fc5b1dfcef55aac9820b784ed3898c7bbb290bf26d5479b94674e26,-1.6198435656726324,True,0.04170326599994369,60.0,100.0,0.08,converged,,bfgs_standard,"[{""ase_converged"": true, ""converged"": true, ""end_geometry_sha256"": ""b101ea2b78945112659c34b6af0083c1611b6e1189f3715c7a9ae96499c1d57c"", ""failure_class"": null, ""max_force_eV_A"": 0.04170326599994369, ""name"": ""bfgs_standard"", ""start_geometry_sha256"": ""c5a9ec551cfae6be9680d7ca929e25b99d00d9a701290fa7e3873b7ea32eb8b4"", ""steps"": 60}]",b101ea2b78945112659c34b6af0083c1611b6e1189f3715c7a9ae96499c1d57c,-3.36075453907251,2.9699109733998776,step_2_O,10.0,0.0,True,2.2330105510354006,quantitative_screening,,False,1,1,41a449872c84d2d5593b,False,0.675000000035
"('MXene', 'Mo', 'N', 1, 'mixed_OH_F', 'Fe')",MXene,True,esen-sm-conserving-all-oc25:relax-v4:orr-che-v3,True,0.07405349543442663,88,150,0.08,converged,,bfgs_standard,"[{""ase_converged"": true, ""converged"": true, ""end_geometry_sha256"": ""832a62c04fe5b1b450d794d968b757b25766311efa0fc790aa0a5ae0b905dab8"", ""failure_class"": null, ""max_force_eV_A"": 0.07405349543442663, ""name"": ""bfgs_standard"", ""start_geometry_sha256"": ""68dc974703fd5ed1b9a0d2066b6d24e3089a4e53f68d575f8c2dd833a23e712e"", ""steps"": 88}]",832a62c04fe5b1b450d794d968b757b25766311efa0fc790aa0a5ae0b905dab8,-177.00143130737052,True,0.07317136367373857,30.0,100.0,0.08,converged,,bfgs_standard,"[{""ase_converged"": true, ""converged"": true, ""end_geometry_sha256"": ""468dbe84107c4582b634c10c41aacb5b2d7a33c0e3dc51309ac8a6b1d5b5929f"", ""failure_class"": null, ""max_force_eV_A"": 0.07317136367373857, ""name"": ""bfgs_standard"", ""start_geometry_sha256"": ""8ce3ffcd48b4aa3d5b9374d3988f80071c934e1232e27a4d7fd7c984e1cb8d13"", ""steps"": 30}]",468dbe84107c4582b634c10c41aacb5b2d7a33c0e3dc51309ac8a6b1d5b5929f,-0.06902712330222133,True,0.07136081917781852,55.0,100.0,0.08,converged,,bfgs_standard,"[{""ase_converged"": true, ""converged"": true, ""end_geometry_sha256"": ""b018f74729c9ae13235c9d540b53c925092ffef1841c7fe829b21dc64c3940fe"", ""failure_class"": null, ""max_force_eV_A"": 0.07136081917781852, ""name"": ""bfgs_standard"", ""start_geometry_sha256"": ""d1f3f6ab129ddb62b9f1a3960453285edeebbe1069584d8e4a2b1d855d7e3420"", ""steps"": 55}]",b018f74729c9ae13235c9d540b53c925092ffef1841c7fe829b21dc64c3940fe,-2.242173277586695,True,0.0791793022177301,70.0,100.0,0.08,converged,,bfgs_standard,"[{""ase_converged"": true, ""converged"": true, ""end_geometry_sha256"": ""e99db0b60132c62627187f10f18e0ecdf4c86645b8c54616ce8a3aa04f8d9d79"", ""failure_class"": null, ""max_force_eV_A"": 0.0791793022177301, ""name"": ""bfgs_standard"", ""start_geometry_sha256"": ""bc922efef378f33af43c08819982219bc8cd6e370f2c9488c493a2047629e5b5"", ""steps"": 70}]",e99db0b60132c62627187f10f18e0ecdf4c86645b8c54616ce8a3aa04f8d9d79,-2.2602448955178227,3.0,step_3_OH,7.0,0.0,True,2.3112004008889167,quantitative_screening,,False,2,2,f3269254cf87d0f8bfac,False,0.675000000035
"('SAA', 'Rh', 'Ni', '211', 5000)",SAA,True,esen-sm-conserving-all-oc25:relax-v4:orr-che-v3,True,0.05837165237507911,6,150,0.08,converged,,bfgs_standard,"[{""ase_converged"": true, ""converged"": true, ""end_geometry_sha256"": ""dacae67c165f7c85ab9ff123bb97b62e024ccbbe2cb04b7b3107dce96d9440fa"", ""failure_class"": null, ""max_force_eV_A"": 0.05837165237507911, ""name"": ""bfgs_standard"", ""start_geometry_sha256"": ""2fe2f8f0e23369009d6d9af72431c22e693eb38d4060fba8e75ccf1480973801"", ""steps"": 6}]",dacae67c165f7c85ab9ff123bb97b62e024ccbbe2cb04b7b3107dce96d9440fa,-82.28951021654099,True,0.06613415901763109,248.0,100.0,0.08,converged,,bfgs_after_fire,"[{""ase_converged"": false, ""converged"": false, ""end_geometry_sha256"": ""f9eff4a2e7e514f5bce2063dde9e5a4c44f59389040c5fce965c1855965f1fee"", ""failure_class"": ""force_threshold"", ""max_force_eV_A"": 0.696314421606139, ""name"": ""bfgs_standard"", ""start_geometry_sha256"": ""c91da84303e5e0578f3e2c7cac82cefc87694fb888d9fcd0a5545168b2622897"", ""steps"": 100}, {""ase_converged"": false, ""converged"": false, ""end_geometry_sha256"": ""3dc4cfc44e2aa1b4d8eac1fa9cbd5e5c8e728060a4ba79478a2022c24d423439"", ""failure_class"": ""force_threshold"", ""max_force_eV_A"": 0.4320834357561008, ""name"": ""fire_precondition"", ""qualifying"": false, ""start_geometry_sha256"": ""c91da84303e5e0578f3e2c7cac82cefc87694fb888d9fcd0a5545168b2622897"", ""steps"": 50}, {""ase_converged"": true, ""converged"": true, ""end_geometry_sha256"": ""464cd57d51ae2a87d2e8b0bcf45f8aed303eba4d28b11ef6f2a07cee37602031"", ""failure_class"": null, ""max_force_eV_A"": 0.06613415901763109, ""name"": ""bfgs_after_fire"", ""start_geometry_sha256"": ""3dc4cfc44e2aa1b4d8eac1fa9cbd5e5c8e728060a4ba79478a2022c24d423439"", ""steps"": 98}]",464cd57d51ae2a87d2e8b0bcf45f8aed303eba4d28b11ef6f2a07cee37602031,0.994057955890894,True,0.06952570199610515,40.0,100.0,0.08,converged,,bfgs_standard,"[{""ase_converged"": true, ""converged"": true, ""end_geometry_sha256"": ""03b69b209e3c213743921a37ba1137a280c3c1a71cce1ee868c03ec6c724cc0e"", ""failure_class"": null, ""max_force_eV_A"": 0.06952570199610515, ""name"": ""bfgs_standard"", ""start_geometry_sha256"": ""cccaa20cd8e8ba72957334d195a27c9ca15c033f452fe067e966bf3c854dc2cd"", ""steps"": 40}]",03b69b209e3c213743921a37ba1137a280c3c1a71cce1ee868c03ec6c724cc0e,2.4661597378551994,True,0.07340070445866602,288.0,100.0,0.08,converged,,bfgs_after_fire,"[{""ase_converged"": false, ""converged"": false, ""end_geometry_sha256"": ""74248c14ccab57693e5a53606de4423d50191e07ceb94f53e9debe1c1dc1e4cc"", ""failure_class"": ""force_threshold"", ""max_force_eV_A"": 0.7143179818618988, ""name"": ""bfgs_standard"", ""start_geometry_sha256"": ""13ad36078c1ab70bedb075c98a8b02b3234678af003c169eb6f2d312fac001c9"", ""steps"": 100}, {""ase_converged"": false, ""converged"": false, ""end_geometry_sha256"": ""c607eb127e8c20065f87a4a44d3023da59e3cb06bd7c87c470f76ace55f54f56"", ""failure_class"": ""force_threshold"", ""max_force_eV_A"": 1.4792521891171344, ""name"": ""fire_precondition"", ""qualifying"": false, ""start_geometry_sha256"": ""13ad36078c1ab70bedb075c98a8b02b3234678af003c169eb6f2d312fac001c9"", ""steps"": 50}, {""ase_converged"": true, ""converged"": true, ""end_geometry_sha256"": ""ef59a3b6a634cb8411ab875c5dde5c59094c5ed36fcabf2d14bedb5ed4a789c7"", ""failure_class"": null, ""max_force_eV_A"": 0.07340070445866602, ""name"": ""bfgs_after_fire"", ""start_geometry_sha256"": ""c607eb127e8c20065f87a4a44d3023da59e3cb06bd7c87c470f76ace55f54f56"", ""steps"": 138}]",ef59a3b6a634cb8411ab875c5dde5c59094c5ed36fcabf2d14bedb5ed4a789c7,1.478420685231689,2.2167390526235105,step_2_O,10.0,-2.0,True,3.4602176937460936,quantitative_screening,,False,0,0,f12746bcae41ea30bf80,False,0.902500000035
"('SAA', 'Rh', 'Co', '100', 100)",SAA,True,esen-sm-conserving-all-oc25:relax-v4:orr-che-v3,True,0.0,0,150,0.08,converged,,bfgs_standard,"[{""ase_converged"": true, ""converged"": true, ""end_geometry_sha256"": ""6e4c8098464aae08652f6a57df57986a56888cf9b97b587c7a85fadb6fa478e9"", ""failure_class"": null, ""max_force_eV_A"": 0.0, ""name"": ""bfgs_standard"", ""start_geometry_sha256"": ""6e4c8098464aae08652f6a57df57986a56888cf9b97b587c7a85fadb6fa478e9"", ""steps"": 0}]",6e4c8098464aae08652f6a57df57986a56888cf9b97b587c7a85fadb6fa478e9,179.59653113124727,True,0.07024486140903875,20.0,100.0,0.08,converged,,bfgs_standard,"[{""ase_converged"": true, ""converged"": true, ""end_geometry_sha256"": ""66a846e93af43cf6aba1510b47094684c964af615cadbe3d0759ffe489d42d15"", ""failure_class"": null, ""max_force_eV_A"": 0.07024486140903875, ""name"": ""bfgs_standard"", ""start_geometry_sha256"": ""d1d0edf1ad3b5579b8451b78b19265a6681272f4a6b840f0005616d5ec901670"", ""steps"": 20}]",66a846e93af43cf6aba1510b47094684c964af615cadbe3d0759ffe489d42d15,1.704253974109888,True,0.0463052385519433,13.0,100.0,0.08,converged,,bfgs_standard,"[{""ase_converged"": true, ""converged"": true, ""end_geometry_sha256"": ""b079f4853e483b3808afa205fb5a869030eda6f23b22a78ceb27d5b9a74cff1c"", ""failure_class"": null, ""max_force_eV_A"": 0.0463052385519433, ""name"": ""bfgs_standard"", ""start_geometry_sha256"": ""6c66b329efcb0a836d9b0ed2afe3c163eca921505816da6c79a83953ba87743d"", ""steps"": 13}]",b079f4853e483b3808afa205fb5a869030eda6f23b22a78ceb27d5b9a74cff1c,2.472613251954349,True,0.06737892921551285,38.0,100.0,0.08,converged,,bfgs_standard,"[{""ase_converged"": true, ""converged"": true, ""end_geometry_sha256"": ""265086b9b3fee9ca8320bf3b5f656ab2ecdd06c7bce336b0d16e0fcfa1e67403"", ""failure_class"": null, ""max_force_eV_A"": 0.06737892921551285, ""name"": ""bfgs_standard"", ""start_geometry_sha256"": ""d35b225f6ad625f5d2b7a3e5c130fa4546dd3ad021a205a775197588722d3ba2"", ""steps"": 38}]",265086b9b3fee9ca8320bf3b5f656ab2ecdd06c7bce336b0d16e0fcfa1e67403,4.056718300282988,0.4606407221555393,step_3_OH,9.0,-2.0,True,4.176867226064237,quantitative_screening,,False,2,2,8f09b4be42bc83ef1a9a,False,0.902500000035
"('SAA', 'Rh', 'Co', '100', 10000)",SAA,True,esen-sm-conserving-all-oc25:relax-v4:orr-che-v3,True,0.0,0,150,0.08,converged,,bfgs_standard,"[{""ase_converged"": true, ""converged"": true, ""end_geometry_sha256"": ""47a4410f179f594443437ccb13384001ed73066796edbd911d3ff3d4e8018a8f"", ""failure_class"": null, ""max_force_eV_A"": 0.0, ""name"": ""bfgs_standard"", ""start_geometry_sha256"": ""47a4410f179f594443437ccb13384001ed73066796edbd911d3ff3d4e8018a8f"", ""steps"": 0}]",47a4410f179f594443437ccb13384001ed73066796edbd911d3ff3d4e8018a8f,52.14284483103876,True,0.04851024226242873,11.0,100.0,0.08,converged,,bfgs_standard,"[{""ase_converged"": true, ""converged"": true, ""end_geometry_sha256"": ""12ce68018478bfd76843ef815733fc047bfc4a9d989b0df044784345261e2b55"", ""failure_class"": null, ""max_force_eV_A"": 0.04851024226242873, ""name"": ""bfgs_standard"", ""start_geometry_sha256"": ""916a26f1174b4c52c0cf4998ff18b3be443da8377ad5aec2fc3abcabc5ca6085"", ""steps"": 11}]",12ce68018478bfd76843ef815733fc047bfc4a9d989b0df044784345261e2b55,1.739898505359888,True,0.006473093450968395,8.0,100.0,0.08,converged,,bfgs_standard,"[{""ase_converged"": true, ""converged"": true, ""end_geometry_sha256"": ""7538c7e39a29b29c4efe378848edc570a7b5bceececdd30ae068bab1459763bb"", ""failure_class"": null, ""max_force_eV_A"": 0.006473093450968395, ""name"": ""bfgs_standard"", ""start_geometry_sha256"": ""7d1939cd4c7bc8014bedfcd0ef31e6b2aaafa919a655c386cbd3d404763e3482"", ""steps"": 8}]",7538c7e39a29b29c4efe378848edc570a7b5bceececdd30ae068bab1459763bb,2.365206635743383,True,0.07651522157408887,39.0,100.0,0.08,converged,,bfgs_standard,"[{""ase_converged"": true, ""converged"": true, ""end_geometry_sha256"": ""78790c768c71bf70f5c3e6801d757a4d5cf800e7eebc4521e045f0998a4949e4"", ""failure_class"": null, ""max_force_eV_A"": 0.07651522157408887, ""name"": ""bfgs_standard"", ""start_geometry_sha256"": ""9c4de10a888bb98c30efbe4f8de42ce95141c11bdb9b9f1599db58d9cdb1ab91"", ""steps"": 39}]",78790c768c71bf70f5c3e6801d757a4d5cf800e7eebc4521e045f0998a4949e4,4.765717934072022,1.074717934072022,step_1_OOH,9.0,-2.0,True,4.105105141103271,quantitative_screening,,False,1,1,6f9f2f3eae2f53c209d2,False,0.902500000035
"('SAA', 'Rh', 'Co', '110', 500)",SAA,False,esen-sm-conserving-all-oc25:relax-v4:orr-che-v3,True,0.05723105413334684,29,150,0.08,converged,,bfgs_standard,"[{""ase_converged"": true, ""converged"": true, ""end_geometry_sha256"": ""5124e9313d404fa626636551286b6c20dcdf29cdcb616af0c2743b9501ca0c66"", ""failure_class"": null, ""max_force_eV_A"": 0.05723105413334684, ""name"": ""bfgs_standard"", ""start_geometry_sha256"": ""4499e929ee8d3f13f405c79b814d196a1e3b4761ab62041a14c997d8cdc62424"", ""steps"": 29}]",5124e9313d404fa626636551286b6c20dcdf29cdcb616af0c2743b9501ca0c66,-209.10921583427964,True,0.07776855542181088,17.0,100.0,0.08,converged,,bfgs_standard,"[{""ase_converged"": true, ""converged"": true, ""end_geometry_sha256"": ""002a5d088376e64e6c8ea7465c875ba2aa58bfac378f8a0e3da60e5cd712b2a4"", ""failure_class"": null, ""max_force_eV_A"": 0.07776855542181088, ""name"": ""bfgs_standard"", ""start_geometry_sha256"": ""b9bdd0fc6d2b8217f6dcb68c6607fe6141b1d0a77b1d196945129f516ac578a1"", ""steps"": 17}]",002a5d088376e64e6c8ea7465c875ba2aa58bfac378f8a0e3da60e5cd712b2a4,1.4779852057993412,True,0.06498418823454755,14.0,100.0,0.08,converged,,bfgs_standard,"[{""ase_converged"": true, ""converged"": true, ""end_geometry_sha256"": ""4f421958ce4015a047b4c83f41d386c7ec294675d7a8b8387381153948219442"", ""failure_class"": null, ""max_force_eV_A"": 0.06498418823454755, ""name"": ""bfgs_standard"", ""start_geometry_sha256"": ""52403ffdb975bfb59ce13cc49075e1fe216992aa171072e5625b5c784bec4766"", ""steps"": 14}]",4f421958ce4015a047b4c83f41d386c7ec294675d7a8b8387381153948219442,1.6386822827160394,False,18.39308559679888,650.0,100.0,0.08,recovery_exhausted,force_threshold,fire_small_step,"[{""ase_converged"": false, ""converged"": false, ""end_geometry_sha256"": ""827c551834b94b749ba73aa73a38fb3a37eaa0d6218454482af229bd7e47369c"", ""failure_class"": ""force_threshold"", ""max_force_eV_A"": 38.356836581300584, ""name"": ""bfgs_standard"", ""start_geometry_sha256"": ""098521cfbe8ae7b971dfba82e34aee9a717ab8cd6a26c6295308d0a7c0babd78"", ""steps"": 100}, {""ase_converged"": false, ""converged"": false, ""end_geometry_sha256"": ""8311699ea1169c1f47b5f44a5b5ffe4475b7487161e90a0b87c5c2e41e797cb4"", ""failure_class"": ""force_threshold"", ""max_force_eV_A"": 25.39074031122606, ""name"": ""fire_precondition"", ""qualifying"": false, ""start_geometry_sha256"": ""098521cfbe8ae7b971dfba82e34aee9a717ab8cd6a26c6295308d0a7c0babd78"", ""steps"": 50}, {""ase_converged"": false, ""converged"": false, ""end_geometry_sha256"": ""8becc1817c39e2a50dadb61dda69ca40fdf6c927f370c3b6d5189411c7dc31aa"", ""failure_class"": ""force_threshold"", ""max_force_eV_A"": 1304.108677753666, ""name"": ""bfgs_after_fire"", ""start_geometry_sha256"": ""8311699ea1169c1f47b5f44a5b5ffe4475b7487161e90a0b87c5c2e41e797cb4"", ""steps"": 200}, {""ase_converged"": false, ""converged"": false, ""end_geometry_sha256"": ""1c39223df8391ef7d34f5cc8fce8dc9cd513200334b022fdc456e7e6ae945b46"", ""failure_class"": ""force_threshold"", ""max_force_eV_A"": 18.39308559679888, ""name"": ""fire_small_step"", ""start_geometry_sha256"": ""8311699ea1169c1f47b5f44a5b5ffe4475b7487161e90a0b87c5c2e41e797cb4"", ""steps"": 300}]",1c39223df8391ef7d34f5cc8fce8dc9cd513200334b022fdc456e7e6ae945b46,,,,,,,,validation_required,Unconverged ooh relaxation: max_force=18.3931 eV/A after 650 cumulative recovery steps,True,2,2,bb305bf3618a95bf96cd,False,
"('SAA', 'Rh', 'Co', '211', 500)",SAA,True,esen-sm-conserving-all-oc25:relax-v4:orr-che-v3,True,0.07136538232556931,279,150,0.08,converged,,bfgs_after_fire,"[{""ase_converged"": false, ""converged"": false, ""end_geometry_sha256"": ""6f0496a76692dacaa1c429b163f0448ddb44580f05bef48968a0ab4f984fb096"", ""failure_class"": ""force_threshold"", ""max_force_eV_A"": 0.4764618919383416, ""name"": ""bfgs_standard"", ""start_geometry_sha256"": ""27b7e6491b68c7f6248e20532c09d3dd493079e7e9c37187edd11fa4ec7e1f62"", ""steps"": 150}, {""ase_converged"": false, ""converged"": false, ""end_geometry_sha256"": ""2d933b20d460d7a14fd2a555ffb25ce9a3a997a9427fa01562d878b5a3c6736c"", ""failure_class"": ""force_threshold"", ""max_force_eV_A"": 10.078524590852824, ""name"": ""fire_precondition"", ""qualifying"": false, ""start_geometry_sha256"": ""27b7e6491b68c7f6248e20532c09d3dd493079e7e9c37187edd11fa4ec7e1f62"", ""steps"": 75}, {""ase_converged"": true, ""converged"": true, ""end_geometry_sha256"": ""42e1a1f3cf9ea0702356c492377a641fe1a3eadef4dfdac6f59bedaae4ba202c"", ""failure_class"": null, ""max_force_eV_A"": 0.07136538232556931, ""name"": ""bfgs_after_fire"", ""start_geometry_sha256"": ""2d933b20d460d7a14fd2a555ffb25ce9a3a997a9427fa01562d878b5a3c6736c"", ""steps"": 54}]",42e1a1f3cf9ea0702356c492377a641fe1a3eadef4dfdac6f59bedaae4ba202c,15.151406190256495,True,0.07770800940206211,227.0,100.0,0.08,converged,,bfgs_after_fire,"[{""ase_converged"": false, ""converged"": false, ""end_geometry_sha256"": ""e4e367391adb461d8cdf2b6e807511bc777541f2e425a7157934ba402f0728b7"", ""failure_class"": ""force_threshold"", ""max_force_eV_A"": 0.11474845060504309, ""name"": ""bfgs_standard"", ""start_geometry_sha256"": ""f3dd0e7681898603db187b001f39ae88ea1174de887eaacf9c2403dbba25cdb6"", ""steps"": 100}, {""ase_converged"": false, ""converged"": false, ""end_geometry_sha256"": ""d6e2f6c943d76f9d40cf6528135562fb6f1d678b5e35bbd8047de7404e0e1869"", ""failure_class"": ""force_threshold"", ""max_force_eV_A"": 0.9295080039235776, ""name"": ""fire_precondition"", ""qualifying"": false, ""start_geometry_sha256"": ""f3dd0e7681898603db187b001f39ae88ea1174de887eaacf9c2403dbba25cdb6"", ""steps"": 50}, {""ase_converged"": true, ""converged"": true, ""end_geometry_sha256"": ""7014f22d2c830dbb535f9e61cb2201720894d33235c54dc8ae2259ec29ef0522"", ""failure_class"": null, ""max_force_eV_A"": 0.07770800940206211, ""name"": ""bfgs_after_fire"", ""start_geometry_sha256"": ""d6e2f6c943d76f9d40cf6528135562fb6f1d678b5e35bbd8047de7404e0e1869"", ""steps"": 77}]",7014f22d2c830dbb535f9e61cb2201720894d33235c54dc8ae2259ec29ef0522,0.566299262195854,True,0.06194235449185956,27.0,100.0,0.08,converged,,bfgs_standard,"[{""ase_converged"": true, ""converged"": true, ""end_geometry_sha256"": ""b1406f0a28dd308fc7328f8ead5ea6aa910dbd11c474428546422625e55484bd"", ""failure_class"": null, ""max_force_eV_A"": 0.06194235449185956, ""name"": ""bfgs_standard"", ""start_geometry_sha256"": ""2975400f8c53dcff171ec184ecd58207ac80e68033a967b38f0644384fdb7588"", ""steps"": 27}]",b1406f0a28dd308fc7328f8ead5ea6aa910dbd11c474428546422625e55484bd,1.0153531201183832,True,0.07730844841609683,72.0,100.0,0.08,converged,,bfgs_standard,"[{""ase_converged"": true, ""converged"": true, ""end_geometry_sha256"": ""1d670d54b7a2258313e221f318df9eefbde8a554fcf3dc0abf635c1339d22fe0"", ""failure_class"": null, ""max_force_eV_A"": 0.07730844841609683, ""name"": ""bfgs_standard"", ""start_geometry_sha256"": ""a03aea0ba03e595b8289732ad3205f1674e34d8725be357b7533fbcf7b46cb3c"", ""steps"": 72}]",1d670d54b7a2258313e221f318df9eefbde8a554fcf3dc0abf635c1339d22fe0,1.217347572743896,1.0270055473744872,step_2_O,9.0,-2.0,True,1.5816523823142372,quantitative_screening,,False,1,1,a12cd8b05425b1e07b84,False,0.902500000035
"('SAA', 'Rh', 'Fe', '111', 100)",SAA,False,esen-sm-conserving-all-oc25:relax-v4:orr-che-v3,True,0.06646904488564784,65,150,0.08,converged,,bfgs_standard,"[{""ase_converged"": true, ""converged"": true, ""end_geometry_sha256"": ""44929a9460c818535ffe5c2dfaecac20a483a95762876eaf1b79e8ae7ae9bc04"", ""failure_class"": null, ""max_force_eV_A"": 0.06646904488564784, ""name"": ""bfgs_standard"", ""start_geometry_sha256"": ""8b03479415a785cb1a446c136cd05bfad36a47980d8bb735adf7c0a1c59d48e5"", ""steps"": 65}]",44929a9460c818535ffe5c2dfaecac20a483a95762876eaf1b79e8ae7ae9bc04,-330.1828143316117,True,0.07025122276921592,217.0,100.0,0.08,converged,,bfgs_after_fire,"[{""ase_converged"": false, ""converged"": false, ""end_geometry_sha256"": ""e8fa99bfbdc579fa2de2a104a5c801d32d118b23e3883e17caaef67e379f4fae"", ""failure_class"": ""force_threshold"", ""max_force_eV_A"": 1.2378318183246952, ""name"": ""bfgs_standard"", ""start_geometry_sha256"": ""2ced40698a7cdb375ccfa06bf18d06bc0534236a6bb1849e620d4096f8f25b8b"", ""steps"": 100}, {""ase_converged"": false, ""converged"": false, ""end_geometry_sha256"": ""78b1631e25db3161b7aad4addd72583af2d8c8c3237a561ab9bbbcb8a46dc3eb"", ""failure_class"": ""force_threshold"", ""max_force_eV_A"": 0.7318257229136881, ""name"": ""fire_precondition"", ""qualifying"": false, ""start_geometry_sha256"": ""2ced40698a7cdb375ccfa06bf18d06bc0534236a6bb1849e620d4096f8f25b8b"", ""steps"": 50}, {""ase_converged"": true, ""converged"": true, ""end_geometry_sha256"": ""b048620019e0227c288933916e19ac668a5dd9d84af94a9916b96ef349e45870"", ""failure_class"": null, ""max_force_eV_A"": 0.07025122276921592, ""name"": ""bfgs_after_fire"", ""start_geometry_sha256"": ""78b1631e25db3161b7aad4addd72583af2d8c8c3237a561ab9bbbcb8a46dc3eb"", ""steps"": 67}]",b048620019e0227c288933916e19ac668a5dd9d84af94a9916b96ef349e45870,1.815978827625513,True,0.07203565399327565,281.0,100.0,0.08,converged,,bfgs_after_fire,"[{""ase_converged"": false, ""converged"": false, ""end_geometry_sha256"": ""b3069879148e97b4785423dd46768d4f14149e3c9e71274e0b910fc4cbd787c5"", ""failure_class"": ""force_threshold"", ""max_force_eV_A"": 1.4891489910854714, ""name"": ""bfgs_standard"", ""start_geometry_sha256"": ""2445a7737d120e4897f1d36e78c729e8d0c513ecc26297262ece50dd787a97ed"", ""steps"": 100}, {""ase_converged"": false, ""converged"": false, ""end_geometry_sha256"": ""83a59a61164f3bfb64d81510a5da8105e4f090ab2fddef4cf0cc540179518e89"", ""failure_class"": ""force_threshold"", ""max_force_eV_A"": 0.30654617807896817, ""name"": ""fire_precondition"", ""qualifying"": false, ""start_geometry_sha256"": ""2445a7737d120e4897f1d36e78c729e8d0c513ecc26297262ece50dd787a97ed"", ""steps"": 50}, {""ase_converged"": true, ""converged"": true, ""end_geometry_sha256"": ""1ac4062ce9b2420f5ca677a341c4838a1cb6b25fd8b606f99ac65e6ffed38b41"", ""failure_class"": null, ""max_force_eV_A"": 0.07203565399327565, ""name"": ""bfgs_after_fire"", ""start_geometry_sha256"": ""83a59a61164f3bfb64d81510a5da8105e4f090ab2fddef4cf0cc540179518e89"", ""steps"": 131}]",1ac4062ce9b2420f5ca677a341c4838a1cb6b25fd8b606f99ac65e6ffed38b41,-0.1786318652332078,False,0.12261182330840965,650.0,100.0,0.08,recovery_exhausted,force_threshold,fire_small_step,"[{""ase_converged"": false, ""converged"": false, ""end_geometry_sha256"": ""db9fc1f5ee41f49c684dd5c9b095ce94f822ff3372c67c7cf5bbc3158f5bcf6f"", ""failure_class"": ""force_threshold"", ""max_force_eV_A"": 11.781676924276312, ""name"": ""bfgs_standard"", ""start_geometry_sha256"": ""62b1adcb224e858c8ae64872ae93c9c224043f428f88344656d61a30762afe70"", ""steps"": 100}, {""ase_converged"": false, ""converged"": false, ""end_geometry_sha256"": ""700dfcd570ae436374769fbcb3471f7235a9724a4b1bc238f214a8f45c20935f"", ""failure_class"": ""force_threshold"", ""max_force_eV_A"": 14.572044161910117, ""name"": ""fire_precondition"", ""qualifying"": false, ""start_geometry_sha256"": ""62b1adcb224e858c8ae64872ae93c9c224043f428f88344656d61a30762afe70"", ""steps"": 50}, {""ase_converged"": false, ""converged"": false, ""end_geometry_sha256"": ""23a9338aac2628e6a53013041b20124d3269d0e519a285a7665249c25d3a8503"", ""failure_class"": ""force_threshold"", ""max_force_eV_A"": 0.18234860786629098, ""name"": ""bfgs_after_fire"", ""start_geometry_sha256"": ""700dfcd570ae436374769fbcb3471f7235a9724a4b1bc238f214a8f45c20935f"", ""steps"": 200}, {""ase_converged"": false, ""converged"": false, ""end_geometry_sha256"": ""731ef69088148d5423b53dbddb775a2486a33262462ba44597035a7fe2d6ff6f"", ""failure_class"": ""force_threshold"", ""max_force_eV_A"": 0.12261182330840965, ""name"": ""fire_small_step"", ""start_geometry_sha256"": ""23a9338aac2628e6a53013041b20124d3269d0e519a285a7665249c25d3a8503"", ""steps"": 300}]",731ef69088148d5423b53dbddb775a2486a33262462ba44597035a7fe2d6ff6f,,,,,,,,validation_required,Unconverged ooh relaxation: max_force=0.122612 eV/A after 650 cumulative recovery steps,True,0,0,7b45f155e29948f23e72,False,
"('SAA', 'Rh', 'Fe', '100', 2000)",SAA,True,esen-sm-conserving-all-oc25:relax-v4:orr-che-v3,True,0.027565591118275466,19,150,0.08,converged,,bfgs_standard,"[{""ase_converged"": true, ""converged"": true, ""end_geometry_sha256"": ""f8d3e83842ee297dfbada3bc420047401dddb86d0f79fd60332d3c435a0c342a"", ""failure_class"": null, ""max_force_eV_A"": 0.027565591118275466, ""name"": ""bfgs_standard"", ""start_geometry_sha256"": ""47b409ba158adcfe71b6d8ef48f87e9e67a883a773d709f3582690b685c4ba48"", ""steps"": 19}]",f8d3e83842ee297dfbada3bc420047401dddb86d0f79fd60332d3c435a0c342a,-84.94093131327571,True,0.07690746467359375,39.0,100.0,0.08,converged,,bfgs_standard,"[{""ase_converged"": true, ""converged"": true, ""end_geometry_sha256"": ""7854fceee0bd08672393a099f9d62f04f885be56d65a0d70c77915318884f8d7"", ""failure_class"": null, ""max_force_eV_A"": 0.07690746467359375, ""name"": ""bfgs_standard"", ""start_geometry_sha256"": ""88bbd181a4d0a3b74164d2ee33d00b23c354dac5bd58b53518558563f2e4b747"", ""steps"": 39}]",7854fceee0bd08672393a099f9d62f04f885be56d65a0d70c77915318884f8d7,2.0194395209848883,True,0.07544209367259269,36.0,100.0,0.08,converged,,bfgs_standard,"[{""ase_converged"": true, ""converged"": true, ""end_geometry_sha256"": ""81492b530efbe6ffc08da5c8feed06fa279f9dd695717d4cefbcb47578178623"", ""failure_class"": null, ""max_force_eV_A"": 0.07544209367259269, ""name"": ""bfgs_standard"", ""start_geometry_sha256"": ""076eeb0b351dba4b3ea9e3500e1f77fab57f8a068a61dde9c42123b21e58ad49"", ""steps"": 36}]",81492b530efbe6ffc08da5c8feed06fa279f9dd695717d4cefbcb47578178623,2.1467579968273673,True,0.06356230739184861,78.0,100.0,0.08,converged,,bfgs_standard,"[{""ase_converged"": true, ""converged"": true, ""end_geometry_sha256"": ""de8cb3e7dbe4a39db28ef7753d2f981474b015909d47e54b904f3f3ae240b3f7"", ""failure_class"": null, ""max_force_eV_A"": 0.06356230739184861, ""name"": ""bfgs_standard"", ""start_geometry_sha256"": ""ef0130fa0f0ad2e4cb821bfbbcbd1b1362a0051b3ae1cf8aff4eec49e48e6bf5"", ""steps"": 78}]",de8cb3e7dbe4a39db28ef7753d2f981474b015909d47e54b904f3f3ae240b3f7,2.78743882030249,1.101681524157521,step_3_OH,7.0,-0.24949160514865332,True,4.166197517812256,quantitative_screening,,False,1,1,c4bd7e190709c34cc770,False,0.902500000035
"('SAA', 'Rh', 'Fe', '110', 1000)",SAA,True,esen-sm-conserving-all-oc25:relax-v4:orr-che-v3,True,0.07738010692301807,49,150,0.08,converged,,bfgs_standard,"[{""ase_converged"": true, ""converged"": true, ""end_geometry_sha256"": ""72648a03c5c4f61e70e62b51727b48572db3f66916a242658bc2f4cd905f8f22"", ""failure_class"": null, ""max_force_eV_A"": 0.07738010692301807, ""name"": ""bfgs_standard"", ""start_geometry_sha256"": ""369ce08d298b6707bce00511c6592fb9820bd61cc1ad5a7b23dd736877e57217"", ""steps"": 49}]",72648a03c5c4f61e70e62b51727b48572db3f66916a242658bc2f4cd905f8f22,-256.5690102221303,True,0.07291408318058462,88.0,100.0,0.08,converged,,bfgs_standard,"[{""ase_converged"": true, ""converged"": true, ""end_geometry_sha256"": ""d6e9f63b4956c1c86f24479b8195af2bd8b938c0c4bd9241a300bb6fff03aff7"", ""failure_class"": null, ""max_force_eV_A"": 0.07291408318058462, ""name"": ""bfgs_standard"", ""start_geometry_sha256"": ""67c25574dba425fca2f34382148b6271e33054766280c858fdece1bdfb3414b5"", ""steps"": 88}]",d6e9f63b4956c1c86f24479b8195af2bd8b938c0c4bd9241a300bb6fff03aff7,-0.6284033630788326,True,0.06259933924393711,84.0,100.0,0.08,converged,,bfgs_standard,"[{""ase_converged"": true, ""converged"": true, ""end_geometry_sha256"": ""e6d93ab80879d8e4adb553d56eb20df3da62e2b8cd389636a8222a58cb532886"", ""failure_class"": null, ""max_force_eV_A"": 0.06259933924393711, ""name"": ""bfgs_standard"", ""start_geometry_sha256"": ""99d26bc21b816bd062ac2e8441b2b67f5c754dd7c36f27db6e5549db8f56a812"", ""steps"": 84}]",e6d93ab80879d8e4adb553d56eb20df3da62e2b8cd389636a8222a58cb532886,-0.9701820246875534,True,0.07559599319875347,74.0,100.0,0.08,converged,,bfgs_standard,"[{""ase_converged"": true, ""converged"": true, ""end_geometry_sha256"": ""7d16fdc2922b90d36d8b81cb77e761124ee69c3d3ea04c974e5ecc2a5c59750a"", ""failure_class"": null, ""max_force_eV_A"": 0.07559599319875347, ""name"": ""bfgs_standard"", ""start_geometry_sha256"": ""0af00b2cb8a3ca2410657bf566d9a43d28b8e041e94db74e7fc7fb22dba8ffa8"", ""steps"": 74}]",7d16fdc2922b90d36d8b81cb77e761124ee69c3d3ea04c974e5ecc2a5c59750a,-1.4596796527505171,1.8574033630788327,step_4_H2O,7.0,-0.24949160514865332,True,1.598585387766386,quantitative_screening,,False,2,2,206b5daf62830c7079be,False,0.902500000035
"('SAA', 'Rh', 'Fe', '110', 2000)",SAA,False,esen-sm-conserving-all-oc25:relax-v4:orr-che-v3,True,0.07927059971482582,25,150,0.08,converged,,bfgs_standard,"[{""ase_converged"": true, ""converged"": true, ""end_geometry_sha256"": ""35c312ca88ab784678e38c837bddafa61073c2c7e5ce9cb0c709ae10ab65f7ca"", ""failure_class"": null, ""max_force_eV_A"": 0.07927059971482582, ""name"": ""bfgs_standard"", ""start_geometry_sha256"": ""c698d014f4439542ddf0374df644d4ec514b0be55952aec209af19530b3b1aef"", ""steps"": 25}]",35c312ca88ab784678e38c837bddafa61073c2c7e5ce9cb0c709ae10ab65f7ca,-113.82345604205074,True,0.07839818737119197,43.0,100.0,0.08,converged,,bfgs_standard,"[{""ase_converged"": true, ""converged"": true, ""end_geometry_sha256"": ""7b7b30e6fc93895dcd9afa42c9e0d08a5f7247c5f9f4035e9720604c0663c033"", ""failure_class"": null, ""max_force_eV_A"": 0.07839818737119197, ""name"": ""bfgs_standard"", ""start_geometry_sha256"": ""95414896e00a86c353959ae758aa2bca4d8b849f0c9daa8bb61ae164f83e3d72"", ""steps"": 43}]",7b7b30e6fc93895dcd9afa42c9e0d08a5f7247c5f9f4035e9720604c0663c033,-0.727147517055273,True,0.07520483330412843,59.0,100.0,0.08,converged,,bfgs_standard,"[{""ase_converged"": true, ""converged"": true, ""end_geometry_sha256"": ""8381096a1a5fff1d480f13781ccba4112ddc4f28acc9854502d3bcf4691d9031"", ""failure_class"": null, ""max_force_eV_A"": 0.07520483330412843, ""name"": ""bfgs_standard"", ""start_geometry_sha256"": ""cb2c633e8315e7283671ac1bf006e3f81c4ff6c655f97799bc17a99f570aba47"", ""steps"": 59}]",8381096a1a5fff1d480f13781ccba4112ddc4f28acc9854502d3bcf4691d9031,-1.5755002133548224,False,16.473356988695958,650.0,100.0,0.08,recovery_exhausted,force_threshold,fire_small_step,"[{""ase_converged"": false, ""converged"": false, ""end_geometry_sha256"": ""1747ee2ca9676018d101549faa26d08a212134bb9f327efba3886d06dd72a845"", ""failure_class"": ""force_threshold"", ""max_force_eV_A"": 137.21158369049854, ""name"": ""bfgs_standard"", ""start_geometry_sha256"": ""2adfd08f790381dd42af2c3cc4caef64521a62ada94e8e50631719bb4f3a1d5e"", ""steps"": 100}, {""ase_converged"": false, ""converged"": false, ""end_geometry_sha256"": ""69a8c61d87ea6ee05041a8b213131bdc811fbdcb8271dfaca60ec1acbcbd9c3a"", ""failure_class"": ""force_threshold"", ""max_force_eV_A"": 22.370182885830506, ""name"": ""fire_precondition"", ""qualifying"": false, ""start_geometry_sha256"": ""2adfd08f790381dd42af2c3cc4caef64521a62ada94e8e50631719bb4f3a1d5e"", ""steps"": 50}, {""ase_converged"": false, ""converged"": false, ""end_geometry_sha256"": ""5055b0574e7b182a7aca13ec36390ad4d2e2e348a89548adf1e270c081b81777"", ""failure_class"": ""force_threshold"", ""max_force_eV_A"": 465.04620164000715, ""name"": ""bfgs_after_fire"", ""start_geometry_sha256"": ""69a8c61d87ea6ee05041a8b213131bdc811fbdcb8271dfaca60ec1acbcbd9c3a"", ""steps"": 200}, {""ase_converged"": false, ""converged"": false, ""end_geometry_sha256"": ""bfb0838e9243de43d55eb94f6b5232f74d0b78d5b88714fde34d3042bbd08243"", ""failure_class"": ""force_threshold"", ""max_force_eV_A"": 16.473356988695958, ""name"": ""fire_small_step"", ""start_geometry_sha256"": ""69a8c61d87ea6ee05041a8b213131bdc811fbdcb8271dfaca60ec1acbcbd9c3a"", ""steps"": 300}]",bfb0838e9243de43d55eb94f6b5232f74d0b78d5b88714fde34d3042bbd08243,,,,,,,,validation_required,Unconverged ooh relaxation: max_force=16.4734 eV/A after 650 cumulative recovery steps,True,1,1,45c7a93859fdedab2e19,False,
"('SAA', 'Rh', 'Fe', '211', 5000)",SAA,True,esen-sm-conserving-all-oc25:relax-v4:orr-che-v3,True,0.02241424762121975,15,150,0.08,converged,,bfgs_standard,"[{""ase_converged"": true, ""converged"": true, ""end_geometry_sha256"": ""c0d13fa324f843568ad2272de5f258e9bb60891fb83f9832ee9473266c8ebdc6"", ""failure_class"": null, ""max_force_eV_A"": 0.02241424762121975, ""name"": ""bfgs_standard"", ""start_geometry_sha256"": ""9a49b5eec34fc1814e5184cd7aa52d4a370801586a8312ca6029dade875e05e5"", ""steps"": 15}]",c0d13fa324f843568ad2272de5f258e9bb60891fb83f9832ee9473266c8ebdc6,-80.42895697855892,True,0.06129977216565985,46.0,100.0,0.08,converged,,bfgs_standard,"[{""ase_converged"": true, ""converged"": true, ""end_geometry_sha256"": ""77281e2a874b5c4f1ec7359817db0701809631247f97a3ebe81370dea00c1ce5"", ""failure_class"": null, ""max_force_eV_A"": 0.06129977216565985, ""name"": ""bfgs_standard"", ""start_geometry_sha256"": ""066e6d437272652d23135eec6c266f2c55a67fd3e3f90822a42a264c723d723a"", ""steps"": 46}]",77281e2a874b5c4f1ec7359817db0701809631247f97a3ebe81370dea00c1ce5,-0.57024019703269,True,0.05786414017640936,56.0,100.0,0.08,converged,,bfgs_standard,"[{""ase_converged"": true, ""converged"": true, ""end_geometry_sha256"": ""628c6f5ad2879b31a19c22f399f1e78a3d78f8b18a5be278e26e768db4e715c6"", ""failure_class"": null, ""max_force_eV_A"": 0.05786414017640936, ""name"": ""bfgs_standard"", ""start_geometry_sha256"": ""68182c12b0ab7c061ab8f27694ffab4bfce0eb19bb249d61b0f0a89ab490f0e3"", ""steps"": 56}]",628c6f5ad2879b31a19c22f399f1e78a3d78f8b18a5be278e26e768db4e715c6,-0.32169827148317937,True,0.05790852289452252,86.0,100.0,0.08,converged,,bfgs_standard,"[{""ase_converged"": true, ""converged"": true, ""end_geometry_sha256"": ""5d26d81da63f75596bab13423382a79c6cf6dc862377e1168b5ff59df83cb632"", ""failure_class"": null, ""max_force_eV_A"": 0.05790852289452252, ""name"": ""bfgs_standard"", ""start_geometry_sha256"": ""104db10d984c3eb09d026e9df2ce91d949682dc10ddfbd6073c67467bef711ad"", ""steps"": 86}]",5d26d81da63f75596bab13423382a79c6cf6dc862377e1168b5ff59df83cb632,4.811585853993897,1.7992401970326901,step_4_H2O,7.0,-0.24949160514865332,True,0.8919384685158693,quantitative_screening,,False,2,2,81e83a34429cf986585b,False,0.902500000035
"('MetalFreeCarbon', 'pyrrolic', 0.08, 'edge_zigzag', 'CNT', 'P')",MetalFreeCarbon,True,esen-sm-conserving-all-oc25:relax-v4:orr-che-v3,True,0.07764061153638892,129,150,0.08,converged,,bfgs_standard,"[{""ase_converged"": true, ""converged"": true, ""end_geometry_sha256"": ""3215432ab1a0106ac950fd61a549ba760df10eb333332839734e388c7bb7950b"", ""failure_class"": null, ""max_force_eV_A"": 0.07764061153638892, ""name"": ""bfgs_standard"", ""start_geometry_sha256"": ""4f9ddda401d11ed7e5b3094228c3d7cc51f03cfcad4428ff453a1d2bccadfd1e"", ""steps"": 129}]",3215432ab1a0106ac950fd61a549ba760df10eb333332839734e388c7bb7950b,-139.0254081451849,True,0.07448356048978227,247.0,100.0,0.08,converged,,bfgs_after_fire,"[{""ase_converged"": false, ""converged"": false, ""end_geometry_sha256"": ""7db41bccc506d808888904faa0b00fe6c2167d1f722bcc1e855da1d95f9c34db"", ""failure_class"": ""force_threshold"", ""max_force_eV_A"": 0.26557042520748, ""name"": ""bfgs_standard"", ""start_geometry_sha256"": ""6ff9a97433e21a9f81441a627f96779d65547b0bf51024c1d3fed16b75f35ed1"", ""steps"": 100}, {""ase_converged"": true, ""converged"": true, ""end_geometry_sha256"": ""c81391904f54174d9d9d184caf269b2a49e466db04e36f5ae6627c5465e54b7b"", ""failure_class"": null, ""max_force_eV_A"": 0.1821796635278731, ""name"": ""fire_precondition"", ""qualifying"": false, ""start_geometry_sha256"": ""6ff9a97433e21a9f81441a627f96779d65547b0bf51024c1d3fed16b75f35ed1"", ""steps"": 23}, {""ase_converged"": true, ""converged"": true, ""end_geometry_sha256"": ""208d38bf89baef0b6c253a16c7faca32695ebb8faa7426e8c2bd782f1b1f8de2"", ""failure_class"": null, ""max_force_eV_A"": 0.07448356048978227, ""name"": ""bfgs_after_fire"", ""start_geometry_sha256"": ""c81391904f54174d9d9d184caf269b2a49e466db04e36f5ae6627c5465e54b7b"", ""steps"": 124}]",208d38bf89baef0b6c253a16c7faca32695ebb8faa7426e8c2bd782f1b1f8de2,-0.5419933174550533,True,0.07006227677454235,58.0,100.0,0.08,converged,,bfgs_standard,"[{""ase_converged"": true, ""converged"": true, ""end_geometry_sha256"": ""f2ce20250185a64cabdccab2564b03c434b883c0870ae0fe6567a8bf6813a8d0"", ""failure_class"": null, ""max_force_eV_A"": 0.07006227677454235, ""name"": ""bfgs_standard"", ""start_geometry_sha256"": ""4a8d4f2f38fe8e8fed84c8a70a2543da722b1f80ed4825039b601ed52236b2d4"", ""steps"": 58}]",f2ce20250185a64cabdccab2564b03c434b883c0870ae0fe6567a8bf6813a8d0,2.367472089082006,True,0.0709910305576148,213.0,100.0,0.08,converged,,bfgs_after_fire,"[{""ase_converged"": false, ""converged"": false, ""end_geometry_sha256"": ""504e97a956be01542ac2fbf0c7d6872691f17a9c714ee99a12099dfd1108ecb7"", ""failure_class"": ""force_threshold"", ""max_force_eV_A"": 0.11007141579380973, ""name"": ""bfgs_standard"", ""start_geometry_sha256"": ""15ef4b0f231ced6b35740b5500f96e41f47e929d5740a3273e3c168c4812caff"", ""steps"": 100}, {""ase_converged"": true, ""converged"": true, ""end_geometry_sha256"": ""ff0d150c57ffa202abce6dfaa22e132f2e25193a781c361a64097d20f9074d2d"", ""failure_class"": null, ""max_force_eV_A"": 0.18722130473694878, ""name"": ""fire_precondition"", ""qualifying"": false, ""start_geometry_sha256"": ""15ef4b0f231ced6b35740b5500f96e41f47e929d5740a3273e3c168c4812caff"", ""steps"": 33}, {""ase_converged"": true, ""converged"": true, ""end_geometry_sha256"": ""61e779c3c6d9355df4cdb5ea3168c8fa325577e160979dca68266796fd1f74fb"", ""failure_class"": null, ""max_force_eV_A"": 0.0709910305576148, ""name"": ""bfgs_after_fire"", ""start_geometry_sha256"": ""ff0d150c57ffa202abce6dfaa22e132f2e25193a781c361a64097d20f9074d2d"", ""steps"": 80}]",61e779c3c6d9355df4cdb5ea3168c8fa325577e160979dca68266796fd1f74fb,4.55907196849585,1.7709933174550534,step_4_H2O,10.0,0.0,True,2.909465406537059,quantitative_screening,,True,2,2,666d9987cf541ca653ed,False,0.27249999999999996
"('MetalFreeCarbon', 'pyrrolic', 0.08, 'edge_armchair', 'graphdiyne', 'P')",MetalFreeCarbon,True,esen-sm-conserving-all-oc25:relax-v4:orr-che-v3,True,0.07964808521048454,50,150,0.08,converged,,bfgs_standard,"[{""ase_converged"": true, ""converged"": true, ""end_geometry_sha256"": ""1f91c3b5d59da3fb7197b4966b8eccb47e20796f61951a08d7646ac80716fd1b"", ""failure_class"": null, ""max_force_eV_A"": 0.07964808521048454, ""name"": ""bfgs_standard"", ""start_geometry_sha256"": ""93969d1db7873fd51c5bb8c22463301f2451bfb1002b488bfa8bc2ebd8cacffa"", ""steps"": 50}]",1f91c3b5d59da3fb7197b4966b8eccb47e20796f61951a08d7646ac80716fd1b,-137.64680580643505,True,0.07061920954939048,235.0,100.0,0.08,converged,,bfgs_after_fire,"[{""ase_converged"": false, ""converged"": false, ""end_geometry_sha256"": ""991b085b919bc528cdd367beff9be7df00a82e0bf5b621b7742a1467f936e502"", ""failure_class"": ""force_threshold"", ""max_force_eV_A"": 0.11761740424285003, ""name"": ""bfgs_standard"", ""start_geometry_sha256"": ""9ef7d8313c336e775559e34d691de70615c187c5f0c24c7304b270b7a5963a62"", ""steps"": 100}, {""ase_converged"": false, ""converged"": false, ""end_geometry_sha256"": ""bd591d134e17ac89d026971012cc79dffab2a2a92f6432bf648826fac08218c2"", ""failure_class"": ""force_threshold"", ""max_force_eV_A"": 0.5991331510250204, ""name"": ""fire_precondition"", ""qualifying"": false, ""start_geometry_sha256"": ""9ef7d8313c336e775559e34d691de70615c187c5f0c24c7304b270b7a5963a62"", ""steps"": 50}, {""ase_converged"": true, ""converged"": true, ""end_geometry_sha256"": ""e78e4c2b3fda4763babb16958704988435c1caee41525265503f30f282a36894"", ""failure_class"": null, ""max_force_eV_A"": 0.07061920954939048, ""name"": ""bfgs_after_fire"", ""start_geometry_sha256"": ""bd591d134e17ac89d026971012cc79dffab2a2a92f6432bf648826fac08218c2"", ""steps"": 85}]",e78e4c2b3fda4763babb16958704988435c1caee41525265503f30f282a36894,-0.9609538887441158,True,0.07092154670061895,224.0,100.0,0.08,converged,,bfgs_after_fire,"[{""ase_converged"": false, ""converged"": false, ""end_geometry_sha256"": ""12df91ee8e84682ea53f6dd4dd49362c53f6565a1df876c0eb7865ef2df32e2b"", ""failure_class"": ""force_threshold"", ""max_force_eV_A"": 0.15858929111439413, ""name"": ""bfgs_standard"", ""start_geometry_sha256"": ""1050ba5e8836881bb81dbc0813a11c2706c73625b7c128072e3219453698b3e5"", ""steps"": 100}, {""ase_converged"": true, ""converged"": true, ""end_geometry_sha256"": ""0c1c7f1c6203b5a91f7b0e711526248560c4022243e30e95f7b05ad973110f34"", ""failure_class"": null, ""max_force_eV_A"": 0.22779463393569335, ""name"": ""fire_precondition"", ""qualifying"": false, ""start_geometry_sha256"": ""1050ba5e8836881bb81dbc0813a11c2706c73625b7c128072e3219453698b3e5"", ""steps"": 33}, {""ase_converged"": true, ""converged"": true, ""end_geometry_sha256"": ""187c5013db3d5e3f1c91102c81840ceae691f183ec71c8f3f59ddcae941b4dca"", ""failure_class"": null, ""max_force_eV_A"": 0.07092154670061895, ""name"": ""bfgs_after_fire"", ""start_geometry_sha256"": ""0c1c7f1c6203b5a91f7b0e711526248560c4022243e30e95f7b05ad973110f34"", ""steps"": 91}]",187c5013db3d5e3f1c91102c81840ceae691f183ec71c8f3f59ddcae941b4dca,-1.4108806483447516,True,0.0754358732181525,59.0,100.0,0.08,converged,,bfgs_standard,"[{""ase_converged"": true, ""converged"": true, ""end_geometry_sha256"": ""04d65fe972e9dd24158d499b1f97c90be34cf6686e135b3bec2affeb966b8afd"", ""failure_class"": null, ""max_force_eV_A"": 0.0754358732181525, ""name"": ""bfgs_standard"", ""start_geometry_sha256"": ""401b407e1fb1ee5bc24750e913364c94ff7b39f2dd1b053e54dd687e8cc0077d"", ""steps"": 59}]",04d65fe972e9dd24158d499b1f97c90be34cf6686e135b3bec2affeb966b8afd,4.736091564595704,2.1899538887441157,step_4_H2O,10.0,0.0,True,2.3718345370888674,quantitative_screening,,True,0,0,ace848a06f1f292b7837,False,0.27249999999999996
"('MetalFreeCarbon', 'pyrrolic', 0.08, 'pentagon_heptagon', 'graphene', 'F')",MetalFreeCarbon,True,esen-sm-conserving-all-oc25:relax-v4:orr-che-v3,True,0.0642939800740077,53,150,0.08,converged,,bfgs_standard,"[{""ase_converged"": true, ""converged"": true, ""end_geometry_sha256"": ""32e14f9586478476fe0916666c44883b979b8355c90b717a5ebe7c209902c03e"", ""failure_class"": null, ""max_force_eV_A"": 0.0642939800740077, ""name"": ""bfgs_standard"", ""start_geometry_sha256"": ""6f2c9268fa72f8af13fabcb3f8ffa4f854a2b2217359c8f7acae89f99767c543"", ""steps"": 53}]",32e14f9586478476fe0916666c44883b979b8355c90b717a5ebe7c209902c03e,-136.71462008350778,True,0.07954019753058393,86.0,100.0,0.08,converged,,bfgs_standard,"[{""ase_converged"": true, ""converged"": true, ""end_geometry_sha256"": ""583f4135914913c8fccfa8069f68619008f79f9c6993c71d9464b80da2a03122"", ""failure_class"": null, ""max_force_eV_A"": 0.07954019753058393, ""name"": ""bfgs_standard"", ""start_geometry_sha256"": ""dd3daf225febd4d185c15a026622d525c5934eacbdb01edd6825e92631646ae5"", ""steps"": 86}]",583f4135914913c8fccfa8069f68619008f79f9c6993c71d9464b80da2a03122,1.7181547309458256,True,0.06552489678718694,38.0,100.0,0.08,converged,,bfgs_standard,"[{""ase_converged"": true, ""converged"": true, ""end_geometry_sha256"": ""73f88b804c6f5d99402c4d915af1958927d9d58e696f0f9493fb6a65bc0b7cea"", ""failure_class"": null, ""max_force_eV_A"": 0.06552489678718694, ""name"": ""bfgs_standard"", ""start_geometry_sha256"": ""a3e6f093234cce2c8292120368792e023cddf1294f3df73bde6f960cd6309849"", ""steps"": 38}]",73f88b804c6f5d99402c4d915af1958927d9d58e696f0f9493fb6a65bc0b7cea,2.282065308839086,True,0.07177595488006555,56.0,100.0,0.08,converged,,bfgs_standard,"[{""ase_converged"": true, ""converged"": true, ""end_geometry_sha256"": ""d538fd831e67215133cea2ca633b3192ed57502e6c0ed1e0e4c9e9fa5b7d8cc2"", ""failure_class"": null, ""max_force_eV_A"": 0.07177595488006555, ""name"": ""bfgs_standard"", ""start_geometry_sha256"": ""2f6f38370c8b6f0d2bc25a45f6590a810705200cbe19b9ec90a6386d3e9629d7"", ""steps"": 56}]",d538fd831e67215133cea2ca633b3192ed57502e6c0ed1e0e4c9e9fa5b7d8cc2,3.7089819416403804,0.6650894221067396,step_3_OH,10.0,0.0,True,4.000220039784912,quantitative_screening,,True,1,1,829684426746a5fdd739,False,0.27249999999999996
"('MetalFreeCarbon', 'pyrrolic', 0.08, 'pentagon_heptagon', 'graphdiyne', 'B')",MetalFreeCarbon,True,esen-sm-conserving-all-oc25:relax-v4:orr-che-v3,True,0.07329606981383671,76,150,0.08,converged,,bfgs_standard,"[{""ase_converged"": true, ""converged"": true, ""end_geometry_sha256"": ""9ed0bcf981f1c19c5303b1042046bd513e14e1ddc3cda0b3b6ed3c7890d186a2"", ""failure_class"": null, ""max_force_eV_A"": 0.07329606981383671, ""name"": ""bfgs_standard"", ""start_geometry_sha256"": ""db4d4d9f0ab2eead684983fe3911d8689bc9295566bd95bf2bc17f51a568274f"", ""steps"": 76}]",9ed0bcf981f1c19c5303b1042046bd513e14e1ddc3cda0b3b6ed3c7890d186a2,-141.88566097973433,True,0.07618513685028244,43.0,100.0,0.08,converged,,bfgs_standard,"[{""ase_converged"": true, ""converged"": true, ""end_geometry_sha256"": ""a77fa4268edb25cb9c518b7155e5fcde1a52d242ce84c64f7e524dc91ecf2b0e"", ""failure_class"": null, ""max_force_eV_A"": 0.07618513685028244, ""name"": ""bfgs_standard"", ""start_geometry_sha256"": ""e649192e448508df7d74bcd827e6bc41171882d7330ec0fc84415a5c4ec5dc82"", ""steps"": 43}]",a77fa4268edb25cb9c518b7155e5fcde1a52d242ce84c64f7e524dc91ecf2b0e,2.543568911701441,True,0.07564979735756126,32.0,100.0,0.08,converged,,bfgs_standard,"[{""ase_converged"": true, ""converged"": true, ""end_geometry_sha256"": ""3d14d502bd451a568475e0d9b3024e4a8838d6246dbc7bec0cd53981645e80e9"", ""failure_class"": null, ""max_force_eV_A"": 0.07564979735756126, ""name"": ""bfgs_standard"", ""start_geometry_sha256"": ""a475dfc2865b43aee9985069796458134a986384a4262569d61e560eeb6a7e9f"", ""steps"": 32}]",3d14d502bd451a568475e0d9b3024e4a8838d6246dbc7bec0cd53981645e80e9,2.108335889130834,True,0.07108815750176514,50.0,100.0,0.08,converged,,bfgs_standard,"[{""ase_converged"": true, ""converged"": true, ""end_geometry_sha256"": ""bddd510619e63ecb331acc4edcf7c3bc07c8fa4fab4082f11cd422956b7b4990"", ""failure_class"": null, ""max_force_eV_A"": 0.07108815750176514, ""name"": ""bfgs_standard"", ""start_geometry_sha256"": ""9724eb8f2ae3a0692aa334a9b1d685332085a69c6fd4cdec9efdb468d1435798"", ""steps"": 50}]",bddd510619e63ecb331acc4edcf7c3bc07c8fa4fab4082f11cd422956b7b4990,5.0343913540244145,1.664233022570607,step_3_OH,10.0,0.0,True,4.651904800832275,quantitative_screening,,True,1,1,7c904f9cb561a42cbe7c,False,0.27249999999999996
"('MetalFreeCarbon', 'pyrrolic', 0.1, 'none', 'CNT', 'F')",MetalFreeCarbon,True,esen-sm-conserving-all-oc25:relax-v4:orr-che-v3,True,0.07782807957040441,44,150,0.08,converged,,bfgs_standard,"[{""ase_converged"": true, ""converged"": true, ""end_geometry_sha256"": ""7291378b286dd339e3ac34ba302367a83b437e085c91fa73db548036d2ed9f23"", ""failure_class"": null, ""max_force_eV_A"": 0.07782807957040441, ""name"": ""bfgs_standard"", ""start_geometry_sha256"": ""f8c9d1b7cbab4cbcc6efbf6791a1c8e86abad48efba96ad70307cd3813cc73cb"", ""steps"": 44}]",7291378b286dd339e3ac34ba302367a83b437e085c91fa73db548036d2ed9f23,-135.50569180931208,True,0.07847089665973905,94.0,100.0,0.08,converged,,bfgs_standard,"[{""ase_converged"": true, ""converged"": true, ""end_geometry_sha256"": ""5520b741261d2bfa5d97c09721ffad4e362751834d03cba544897fad7212f790"", ""failure_class"": null, ""max_force_eV_A"": 0.07847089665973905, ""name"": ""bfgs_standard"", ""start_geometry_sha256"": ""8d865a2c6890b8eecc7aaa55a3ba839f2b2e8be7bd3ac44653aae030ce5540a4"", ""steps"": 94}]",5520b741261d2bfa5d97c09721ffad4e362751834d03cba544897fad7212f790,1.3560016776621342,True,0.07504911667173933,225.0,100.0,0.08,converged,,bfgs_after_fire,"[{""ase_converged"": false, ""converged"": false, ""end_geometry_sha256"": ""25becdf1b3ac2842ea8aa4bdefa9675b8b1b04b2927b83ff86e74d29542d167f"", ""failure_class"": ""force_threshold"", ""max_force_eV_A"": 0.13627571016194528, ""name"": ""bfgs_standard"", ""start_geometry_sha256"": ""abcd768a7ea6812628d046d293a4c267792d1b9ebdf2317e49993c3d07aba563"", ""steps"": 100}, {""ase_converged"": false, ""converged"": false, ""end_geometry_sha256"": ""cc92d1e3dc0580f3927087994dc14d120d5dd7db5bc7f3539f94ea3312f1b7f5"", ""failure_class"": ""force_threshold"", ""max_force_eV_A"": 2.845405338358924, ""name"": ""fire_precondition"", ""qualifying"": false, ""start_geometry_sha256"": ""abcd768a7ea6812628d046d293a4c267792d1b9ebdf2317e49993c3d07aba563"", ""steps"": 50}, {""ase_converged"": true, ""converged"": true, ""end_geometry_sha256"": ""ae1f054749e1ca62255ebb5c9e04e988aca672de0601f9ec99783d4436489881"", ""failure_class"": null, ""max_force_eV_A"": 0.07504911667173933, ""name"": ""bfgs_after_fire"", ""start_geometry_sha256"": ""cc92d1e3dc0580f3927087994dc14d120d5dd7db5bc7f3539f94ea3312f1b7f5"", ""steps"": 75}]",ae1f054749e1ca62255ebb5c9e04e988aca672de0601f9ec99783d4436489881,0.21798030212521907,True,0.07243193138220524,61.0,100.0,0.08,converged,,bfgs_standard,"[{""ase_converged"": true, ""converged"": true, ""end_geometry_sha256"": ""de13120162b574da54fe46f2a221cfd212abc02b739fb1817284720c87f03826"", ""failure_class"": null, ""max_force_eV_A"": 0.07243193138220524, ""name"": ""bfgs_standard"", ""start_geometry_sha256"": ""1299925b9097d0a0ed7686c649ee28a0ed3806f1b1616a7c73a705904277dd89"", ""steps"": 61}]",de13120162b574da54fe46f2a221cfd212abc02b739fb1817284720c87f03826,3.7375349506735835,2.367021375536915,step_3_OH,10.0,0.0,True,1.5739819797873533,quantitative_screening,,True,2,2,11fdb37396861b662d65,False,0.27249999999999996
"('MetalFreeCarbon', 'pyrrolic', 0.1, 'none', 'graphene_nanoribbon', 'none')",MetalFreeCarbon,True,esen-sm-conserving-all-oc25:relax-v4:orr-che-v3,True,0.06691933569210032,62,150,0.08,converged,,bfgs_standard,"[{""ase_converged"": true, ""converged"": true, ""end_geometry_sha256"": ""adf837e8bf88928fe25ff4cde9c122828181ad27fa73e3d99d0232aafc6e5ba4"", ""failure_class"": null, ""max_force_eV_A"": 0.06691933569210032, ""name"": ""bfgs_standard"", ""start_geometry_sha256"": ""b0d4d9ea5bec01265d68ee0a683c76dc9a2331dc75691a3c25edecd4c6fa3ad7"", ""steps"": 62}]",adf837e8bf88928fe25ff4cde9c122828181ad27fa73e3d99d0232aafc6e5ba4,-134.01038300638905,True,0.07564655722726522,81.0,100.0,0.08,converged,,bfgs_standard,"[{""ase_converged"": true, ""converged"": true, ""end_geometry_sha256"": ""332d905ebb8d51661be84427b296e9be6bae8d89c9809aa52da8acfa417daeb3"", ""failure_class"": null, ""max_force_eV_A"": 0.07564655722726522, ""name"": ""bfgs_standard"", ""start_geometry_sha256"": ""8417d1b12713f8f7bbc62ca8d4c2cffa0c1ffc29ff4569024ac6a24ce16bb10e"", ""steps"": 81}]",332d905ebb8d51661be84427b296e9be6bae8d89c9809aa52da8acfa417daeb3,2.4455478812754157,True,0.07666115174211709,58.0,100.0,0.08,converged,,bfgs_standard,"[{""ase_converged"": true, ""converged"": true, ""end_geometry_sha256"": ""30527cbde89790faf0eb2c88b346de999bc8f51fbe7bf3111c7b0c472121767a"", ""failure_class"": null, ""max_force_eV_A"": 0.07666115174211709, ""name"": ""bfgs_standard"", ""start_geometry_sha256"": ""cf8eec87cab027f121f8c082b43faad8b1e5e2802a1acd29644e531f08449c19"", ""steps"": 58}]",30527cbde89790faf0eb2c88b346de999bc8f51fbe7bf3111c7b0c472121767a,2.1855272419750724,True,0.055453550051068556,36.0,100.0,0.08,converged,,bfgs_standard,"[{""ase_converged"": true, ""converged"": true, ""end_geometry_sha256"": ""060582cdb16a111e5478269f06cf092cc54279591c85fdd643681fe4a7906c55"", ""failure_class"": null, ""max_force_eV_A"": 0.055453550051068556, ""name"": ""bfgs_standard"", ""start_geometry_sha256"": ""b835a5cc0e4b925365480cc84f54662984b619d1787e9cec04f56554077b425b"", ""steps"": 36}]",060582cdb16a111e5478269f06cf092cc54279591c85fdd643681fe4a7906c55,5.158449123799805,1.4890206393003433,step_3_OH,10.0,0.0,True,4.631075123250488,quantitative_screening,,True,1,1,337ea6befb88c57b21bb,False,0.27249999999999996
"('MetalFreeCarbon', 'pyrrolic', 0.1, 'divacancy', 'graphene', 'none')",MetalFreeCarbon,True,esen-sm-conserving-all-oc25:relax-v4:orr-che-v3,True,0.07257897152922237,70,150,0.08,converged,,bfgs_standard,"[{""ase_converged"": true, ""converged"": true, ""end_geometry_sha256"": ""f979aa03d2f5d44819fa781e523fa0c8aa31a10df2a495c0fc8a8990f13182d0"", ""failure_class"": null, ""max_force_eV_A"": 0.07257897152922237, ""name"": ""bfgs_standard"", ""start_geometry_sha256"": ""1631df7982722d2bae7c680ddb4dce2abea08c41097433c03cf4bd8fa6403b77"", ""steps"": 70}]",f979aa03d2f5d44819fa781e523fa0c8aa31a10df2a495c0fc8a8990f13182d0,-134.01240336542836,True,0.06663055272415963,59.0,100.0,0.08,converged,,bfgs_standard,"[{""ase_converged"": true, ""converged"": true, ""end_geometry_sha256"": ""78636ace215653d43b22694212723e55105d418ed5f02623b7290660ccb35ff9"", ""failure_class"": null, ""max_force_eV_A"": 0.06663055272415963, ""name"": ""bfgs_standard"", ""start_geometry_sha256"": ""5a23a74bd30c65b2d9614296fe8744f3677bec838db6dceae6b8234087937b2f"", ""steps"": 59}]",78636ace215653d43b22694212723e55105d418ed5f02623b7290660ccb35ff9,2.449781241565943,True,0.07997825125772551,47.0,100.0,0.08,converged,,bfgs_standard,"[{""ase_converged"": true, ""converged"": true, ""end_geometry_sha256"": ""c3e1976a25fe96fe5223ecddc64b0145a86324c8cef7d543bcd7a57a00dfd794"", ""failure_class"": null, ""max_force_eV_A"": 0.07997825125772551, ""name"": ""bfgs_standard"", ""start_geometry_sha256"": ""1fb08d6606dba915f26b77d92017f5ee67c52772924caa2828d0c911b52c4afd"", ""steps"": 47}]",c3e1976a25fe96fe5223ecddc64b0145a86324c8cef7d543bcd7a57a00dfd794,2.1949342854321037,True,0.07944525791792931,33.0,100.0,0.08,converged,,bfgs_standard,"[{""ase_converged"": true, ""converged"": true, ""end_geometry_sha256"": ""3706791c8171dfe12876045cefff42b96acfa49f71272febb85dec25523d38b9"", ""failure_class"": null, ""max_force_eV_A"": 0.07944525791792931, ""name"": ""bfgs_standard"", ""start_geometry_sha256"": ""cbee924483059a3c7e24d8577c80cf2623a05973c6aae654de2e14e668cea179"", ""steps"": 33}]",3706791c8171dfe12876045cefff42b96acfa49f71272febb85dec25523d38b9,5.170162628591065,1.4838469561338394,step_3_OH,10.0,0.0,True,4.644715526998047,quantitative_screening,,True,0,0,8a2751f943dd2a7e3f14,False,0.27249999999999996
"('MetalFreeCarbon', 'pyrrolic', 0.1, 'divacancy', 'graphene_nanoribbon', 'B')",MetalFreeCarbon,True,esen-sm-conserving-all-oc25:relax-v4:orr-che-v3,True,0.0783653113615788,83,150,0.08,converged,,bfgs_standard,"[{""ase_converged"": true, ""converged"": true, ""end_geometry_sha256"": ""3be3bde613447a894ff0abb5b2b227aafd4d1ad5f57b7ff51449a71cb3b7e697"", ""failure_class"": null, ""max_force_eV_A"": 0.0783653113615788, ""name"": ""bfgs_standard"", ""start_geometry_sha256"": ""e1103d6bcb41c4c73642a5e8a72c06e2b919ad1b23b0c53e8b9c79b684f7aff5"", ""steps"": 83}]",3be3bde613447a894ff0abb5b2b227aafd4d1ad5f57b7ff51449a71cb3b7e697,-141.89149579762068,True,0.07178269793985648,47.0,100.0,0.08,converged,,bfgs_standard,"[{""ase_converged"": true, ""converged"": true, ""end_geometry_sha256"": ""2fcc3729fd2d224eb7be3ea1ba4093d52f362baac99408a69ff368f087bffd10"", ""failure_class"": null, ""max_force_eV_A"": 0.07178269793985648, ""name"": ""bfgs_standard"", ""start_geometry_sha256"": ""bec7b49ba719d7b4795422974a54518b78c27357e9079fe3acd1f5cd21ee4fc4"", ""steps"": 47}]",2fcc3729fd2d224eb7be3ea1ba4093d52f362baac99408a69ff368f087bffd10,2.537349763065577,True,0.07638279162461797,32.0,100.0,0.08,converged,,bfgs_standard,"[{""ase_converged"": true, ""converged"": true, ""end_geometry_sha256"": ""2a2590f0225bbb7ac988679f903b31acddf172b632f456ef89b01a6f6a315831"", ""failure_class"": null, ""max_force_eV_A"": 0.07638279162461797, ""name"": ""bfgs_standard"", ""start_geometry_sha256"": ""794956350daaf85fd62df8f92ccdf83c49092747c5761db6489d36c8f8215db4"", ""steps"": 32}]",2a2590f0225bbb7ac988679f903b31acddf172b632f456ef89b01a6f6a315831,2.1139985688030754,True,0.0724176918459878,51.0,100.0,0.08,converged,,bfgs_standard,"[{""ase_converged"": true, ""converged"": true, ""end_geometry_sha256"": ""5da8e8284d56755549490be2308f6bd31ddd5ee269953487726f89a3d4399a48"", ""failure_class"": null, ""max_force_eV_A"": 0.0724176918459878, ""name"": ""bfgs_standard"", ""start_geometry_sha256"": ""3f6772df9ca9a1251d0611d7dc1edd4b27f512541dc05c26c0d272d559cc8766"", ""steps"": 51}]",5da8e8284d56755549490be2308f6bd31ddd5ee269953487726f89a3d4399a48,5.038755606114869,1.6523511942625015,step_3_OH,10.0,0.0,True,4.651348331868652,quantitative_screening,,True,1,1,86c837a849f0f73cb97d,False,0.27249999999999996
"('MetalFreeCarbon', 'pyrrolic', 0.1, 'edge_zigzag', 'graphene', 'P')",MetalFreeCarbon,True,esen-sm-conserving-all-oc25:relax-v4:orr-che-v3,True,0.064832168657458,88,150,0.08,converged,,bfgs_standard,"[{""ase_converged"": true, ""converged"": true, ""end_geometry_sha256"": ""c92f4bc5260319f533860b642f41fbefb28e3197f9445c86f9073405636c803c"", ""failure_class"": null, ""max_force_eV_A"": 0.064832168657458, ""name"": ""bfgs_standard"", ""start_geometry_sha256"": ""83381f5aa67fb7ca3276ca45cc9a4793632a39fb8d185c3e6d9933fbb8fcfe9b"", ""steps"": 88}]",c92f4bc5260319f533860b642f41fbefb28e3197f9445c86f9073405636c803c,-137.34519772080273,True,0.06745251989178619,97.0,100.0,0.08,converged,,bfgs_standard,"[{""ase_converged"": true, ""converged"": true, ""end_geometry_sha256"": ""40481c9350b4752aee1cf8fccd47fabf76afbf7559965254d7e43ce8be672b0b"", ""failure_class"": null, ""max_force_eV_A"": 0.06745251989178619, ""name"": ""bfgs_standard"", ""start_geometry_sha256"": ""39e6057cb7fd8e3a040cc76f1761384550320d44b249db6b0a0aec46cdaeeebf"", ""steps"": 97}]",40481c9350b4752aee1cf8fccd47fabf76afbf7559965254d7e43ce8be672b0b,2.3264659072458747,True,0.06611677847312436,252.0,100.0,0.08,converged,,bfgs_after_fire,"[{""ase_converged"": false, ""converged"": false, ""end_geometry_sha256"": ""a4522519cef0895b264caf64854f8334e454c5c61f0a07250e1226c363732066"", ""failure_class"": ""force_threshold"", ""max_force_eV_A"": 0.14427653416985642, ""name"": ""bfgs_standard"", ""start_geometry_sha256"": ""722c003d8311994c28b29967e73f2e5cf4abe7b6f89073635f605792a11154d6"", ""steps"": 100}, {""ase_converged"": true, ""converged"": true, ""end_geometry_sha256"": ""9c592ad16ecf27bb39f20f98d85db37f11fd3a9915f2ee1723e5fae159988203"", ""failure_class"": null, ""max_force_eV_A"": 0.24279341728430012, ""name"": ""fire_precondition"", ""qualifying"": false, ""start_geometry_sha256"": ""722c003d8311994c28b29967e73f2e5cf4abe7b6f89073635f605792a11154d6"", ""steps"": 39}, {""ase_converged"": true, ""converged"": true, ""end_geometry_sha256"": ""170395fb7a53cc5eb719512c1b8bb566b4e66caefd42e7c08f4825ef16ac0c92"", ""failure_class"": null, ""max_force_eV_A"": 0.06611677847312436, ""name"": ""bfgs_after_fire"", ""start_geometry_sha256"": ""9c592ad16ecf27bb39f20f98d85db37f11fd3a9915f2ee1723e5fae159988203"", ""steps"": 113}]",170395fb7a53cc5eb719512c1b8bb566b4e66caefd42e7c08f4825ef16ac0c92,0.34288874939084407,True,0.07180514057130329,185.0,100.0,0.08,converged,,bfgs_after_fire,"[{""ase_converged"": false, ""converged"": false, ""end_geometry_sha256"": ""bea19b828119880635cd5657ef444e431a1e3e6aa6b230c9ba5f62202d30ed7f"", ""failure_class"": ""force_threshold"", ""max_force_eV_A"": 1.1829693844375593, ""name"": ""bfgs_standard"", ""start_geometry_sha256"": ""3d30d540c68f3e986fb8295e91457b9cbf55de5e195573fd4d536e5314a44f9f"", ""steps"": 100}, {""ase_converged"": true, ""converged"": true, ""end_geometry_sha256"": ""72192dbfa2efed8bf1384c25a36395ec301aed49a95e61c8cd3b5b80f6f14323"", ""failure_class"": null, ""max_force_eV_A"": 0.24014121469246383, ""name"": ""fire_precondition"", ""qualifying"": false, ""start_geometry_sha256"": ""3d30d540c68f3e986fb8295e91457b9cbf55de5e195573fd4d536e5314a44f9f"", ""steps"": 33}, {""ase_converged"": true, ""converged"": true, ""end_geometry_sha256"": ""b0002c748b6092f01b63f2abdf6e8ee46d9fa42a4f7a032c891bdb19d185dc34"", ""failure_class"": null, ""max_force_eV_A"": 0.07180514057130329, ""name"": ""bfgs_after_fire"", ""start_geometry_sha256"": ""72192dbfa2efed8bf1384c25a36395ec301aed49a95e61c8cd3b5b80f6f14323"", ""steps"": 52}]",b0002c748b6092f01b63f2abdf6e8ee46d9fa42a4f7a032c891bdb19d185dc34,5.107789944112305,3.0,step_3_OH,10.0,0.0,True,2.6693546566367186,quantitative_screening,,True,2,2,8894385d5177d0a7ea73,False,0.27249999999999996
"('MetalFreeCarbon', 'pyrrolic', 0.1, 'edge_armchair', 'graphene', 'B')",MetalFreeCarbon,True,esen-sm-conserving-all-oc25:relax-v4:orr-che-v3,True,0.07677560404508411,138,150,0.08,converged,,bfgs_standard,"[{""ase_converged"": true, ""converged"": true, ""end_geometry_sha256"": ""94d0ac185e6fd920863dc9b72b27264804baee13feac0ee13091db6dc7603fe6"", ""failure_class"": null, ""max_force_eV_A"": 0.07677560404508411, ""name"": ""bfgs_standard"", ""start_geometry_sha256"": ""a2a412a67049f846c72ae17e8ef80613465ecaaee6de0ec6825e5bc8d8f9e174"", ""steps"": 138}]",94d0ac185e6fd920863dc9b72b27264804baee13feac0ee13091db6dc7603fe6,-140.52956423519697,True,0.06743406283254524,249.0,100.0,0.08,converged,,bfgs_after_fire,"[{""ase_converged"": false, ""converged"": false, ""end_geometry_sha256"": ""64f6a3276cf5c3a4d5cd294222615536fc538c51872be465e10fa4b967b2b4f3"", ""failure_class"": ""force_threshold"", ""max_force_eV_A"": 0.17738343965351988, ""name"": ""bfgs_standard"", ""start_geometry_sha256"": ""841c90d0e805ce1d9cd052cecebb15bd2417996e77a910743e000655b1795cae"", ""steps"": 100}, {""ase_converged"": true, ""converged"": true, ""end_geometry_sha256"": ""958d6eaeedaa0620b97ec72a783e09f708d5bab52aa94c42a443a75a75612bc5"", ""failure_class"": null, ""max_force_eV_A"": 0.23853734364395493, ""name"": ""fire_precondition"", ""qualifying"": false, ""start_geometry_sha256"": ""841c90d0e805ce1d9cd052cecebb15bd2417996e77a910743e000655b1795cae"", ""steps"": 39}, {""ase_converged"": true, ""converged"": true, ""end_geometry_sha256"": ""7555290e7aa087a981db82550d32f89f9763098db2acee6f5062d44c338377d4"", ""failure_class"": null, ""max_force_eV_A"": 0.06743406283254524, ""name"": ""bfgs_after_fire"", ""start_geometry_sha256"": ""958d6eaeedaa0620b97ec72a783e09f708d5bab52aa94c42a443a75a75612bc5"", ""steps"": 110}]",7555290e7aa087a981db82550d32f89f9763098db2acee6f5062d44c338377d4,-0.5215894554555416,True,0.073414486253403,256.0,100.0,0.08,converged,,bfgs_after_fire,"[{""ase_converged"": false, ""converged"": false, ""end_geometry_sha256"": ""3844993bd4405663fe1e8b8ecebd2e00ca0b9a0a9ca7b5e991c3b4e3a5a1c81d"", ""failure_class"": ""force_threshold"", ""max_force_eV_A"": 0.19498045420544668, ""name"": ""bfgs_standard"", ""start_geometry_sha256"": ""349c8ff1e9fe63010807c524001221b9123af6ef67ce98eaea1dbdc20cedc1da"", ""steps"": 100}, {""ase_converged"": true, ""converged"": true, ""end_geometry_sha256"": ""c5b9340c57785dc2bd2c9a12e7d27f61c57bd8a0e512fce8cad6fb4aa37702b2"", ""failure_class"": null, ""max_force_eV_A"": 0.216694560344087, ""name"": ""fire_precondition"", ""qualifying"": false, ""start_geometry_sha256"": ""349c8ff1e9fe63010807c524001221b9123af6ef67ce98eaea1dbdc20cedc1da"", ""steps"": 40}, {""ase_converged"": true, ""converged"": true, ""end_geometry_sha256"": ""b7e56b909d04e7074911b0cbf3390b552daa09705a9227e3c15a05caa745d452"", ""failure_class"": null, ""max_force_eV_A"": 0.073414486253403, ""name"": ""bfgs_after_fire"", ""start_geometry_sha256"": ""c5b9340c57785dc2bd2c9a12e7d27f61c57bd8a0e512fce8cad6fb4aa37702b2"", ""steps"": 116}]",b7e56b909d04e7074911b0cbf3390b552daa09705a9227e3c15a05caa745d452,0.7439688809216058,True,0.07984460164971549,226.0,100.0,0.08,converged,,bfgs_after_fire,"[{""ase_converged"": false, ""converged"": false, ""end_geometry_sha256"": ""f7fb3da21d61d4d7a638b9524e8d719206d129f62b57c74353843cc4833004fe"", ""failure_class"": ""force_threshold"", ""max_force_eV_A"": 0.16059860697242218, ""name"": ""bfgs_standard"", ""start_geometry_sha256"": ""aec014c87c7b3b730989becf16fbb0628331254445f57fa7826d03b6655d0e54"", ""steps"": 100}, {""ase_converged"": true, ""converged"": true, ""end_geometry_sha256"": ""0517f400ef2403071cddca646e79b63ed8e5fa832123a7e0588bf9232d838c49"", ""failure_class"": null, ""max_force_eV_A"": 0.24222713261241705, ""name"": ""fire_precondition"", ""qualifying"": false, ""start_geometry_sha256"": ""aec014c87c7b3b730989becf16fbb0628331254445f57fa7826d03b6655d0e54"", ""steps"": 37}, {""ase_converged"": true, ""converged"": true, ""end_geometry_sha256"": ""74e235d17182f1d1eba174e432356744c6ac71b00c3985b6f2d1cba895c66a69"", ""failure_class"": null, ""max_force_eV_A"": 0.07984460164971549, ""name"": ""bfgs_after_fire"", ""start_geometry_sha256"": ""0517f400ef2403071cddca646e79b63ed8e5fa832123a7e0588bf9232d838c49"", ""steps"": 89}]",74e235d17182f1d1eba174e432356744c6ac71b00c3985b6f2d1cba895c66a69,3.7335609897971187,1.7505894554555417,step_4_H2O,10.0,0.0,True,1.2655583363771474,quantitative_screening,,True,0,0,f67568eab43ff00c96db,False,0.27249999999999996
