genome,material_class,valid,screening_protocol,relax_clean_converged,relax_clean_max_force_eV_A,relax_clean_steps,relax_clean_step_limit,relax_clean_fmax_eV_A,relax_clean_termination,relax_clean_failure_class,relax_clean_selected_attempt,relax_clean_attempts_json,relax_clean_geometry_sha256,e_clean,relax_oh_converged,relax_oh_max_force_eV_A,relax_oh_steps,relax_oh_step_limit,relax_oh_fmax_eV_A,relax_oh_termination,relax_oh_failure_class,relax_oh_selected_attempt,relax_oh_attempts_json,relax_oh_geometry_sha256,dG_OH_eV,relax_o_converged,relax_o_max_force_eV_A,relax_o_steps,relax_o_step_limit,relax_o_fmax_eV_A,relax_o_termination,relax_o_failure_class,relax_o_selected_attempt,relax_o_attempts_json,relax_o_geometry_sha256,dG_O_eV,relax_ooh_converged,relax_ooh_max_force_eV_A,relax_ooh_steps,relax_ooh_step_limit,relax_ooh_fmax_eV_A,relax_ooh_termination,relax_ooh_failure_class,relax_ooh_selected_attempt,relax_ooh_attempts_json,relax_ooh_geometry_sha256,dG_OOH_eV,orr_overpotential_V,rate_determining_step,fenton_stability,cost_penalty,fc_viable,binding_strength,model_confidence,needs_dft_validation,candidate_disposition,worker_id,gpu_id,candidate_id,cache_hit,error
"('SolidCatalyst', 'Fe', 'WC', 'bcc211', 0.02631578947368421, ('Ti', 'Rb'), 1, 0)",SolidCatalyst,True,esen-sm-conserving-all-oc25:relax-v4:orr-che-v3,True,0.07951820670359677,29,150,0.08,converged,,bfgs_standard,"[{""ase_converged"": true, ""converged"": true, ""end_geometry_sha256"": ""42811509a10eb989b03983969d49f82c2d30171c717d71631e47d823db5b3498"", ""failure_class"": null, ""max_force_eV_A"": 0.07951820670359677, ""name"": ""bfgs_standard"", ""start_geometry_sha256"": ""ac001729017da4bd6c5ffee3d045e35c9ade26df944ef1d0b49249175429307b"", ""steps"": 29}]",42811509a10eb989b03983969d49f82c2d30171c717d71631e47d823db5b3498,-202.88530123242117,True,0.0717408608486467,94.0,100.0,0.08,converged,,bfgs_standard,"[{""ase_converged"": true, ""converged"": true, ""end_geometry_sha256"": ""6fe4465f909d9fd17b205199e323433f3e6774ce4b9aaa5c5c16dc277d4885fb"", ""failure_class"": null, ""max_force_eV_A"": 0.0717408608486467, ""name"": ""bfgs_standard"", ""start_geometry_sha256"": ""5b7a5385292520d17e39db4e333ecf0c2732636705dc0b5ace69ab6668be2cb4"", ""steps"": 94}]",6fe4465f909d9fd17b205199e323433f3e6774ce4b9aaa5c5c16dc277d4885fb,-0.8003541801869869,True,0.0736329528756526,291.0,100.0,0.08,converged,,bfgs_after_fire,"[{""ase_converged"": false, ""converged"": false, ""end_geometry_sha256"": ""fb5f71174775b602f93d6da86a3b160d481be0435b3af9e436c4851fb4dbc5b8"", ""failure_class"": ""force_threshold"", ""max_force_eV_A"": 0.3008637617406285, ""name"": ""bfgs_standard"", ""start_geometry_sha256"": ""49ed071465fe5befe2d0ccde1eca51c62e4bdf7675b118009ebafa46c08c3d41"", ""steps"": 100}, {""ase_converged"": false, ""converged"": false, ""end_geometry_sha256"": ""fe6a65afc1b5dda901f45fac5c53dd75f8a859e64fb589067daf9039a8e0270a"", ""failure_class"": ""force_threshold"", ""max_force_eV_A"": 0.5658695236874611, ""name"": ""fire_precondition"", ""qualifying"": false, ""start_geometry_sha256"": ""49ed071465fe5befe2d0ccde1eca51c62e4bdf7675b118009ebafa46c08c3d41"", ""steps"": 50}, {""ase_converged"": true, ""converged"": true, ""end_geometry_sha256"": ""cc3e6af3d1eab14c283c2b785fb1ad4da0b61a153f6a71044df14dbfe0a35eae"", ""failure_class"": null, ""max_force_eV_A"": 0.0736329528756526, ""name"": ""bfgs_after_fire"", ""start_geometry_sha256"": ""fe6a65afc1b5dda901f45fac5c53dd75f8a859e64fb589067daf9039a8e0270a"", ""steps"": 141}]",cc3e6af3d1eab14c283c2b785fb1ad4da0b61a153f6a71044df14dbfe0a35eae,-0.7941561572253952,True,0.06855055699497249,327.0,100.0,0.08,converged,,bfgs_after_fire,"[{""ase_converged"": false, ""converged"": false, ""end_geometry_sha256"": ""7ce2d942cb589c88cbfc71159eeb51573dc8599eb2833a16deed7841486a7ad0"", ""failure_class"": ""force_threshold"", ""max_force_eV_A"": 0.46827031349106063, ""name"": ""bfgs_standard"", ""start_geometry_sha256"": ""8fab634c247f89d548ceaffd4ff2251c4eeee215445241d261401263fa50b642"", ""steps"": 100}, {""ase_converged"": false, ""converged"": false, ""end_geometry_sha256"": ""266f54484db4be61fcdc9083c6fae5770ffe415fc21efc16df2188ff43b849d0"", ""failure_class"": ""force_threshold"", ""max_force_eV_A"": 3.637872168606184, ""name"": ""fire_precondition"", ""qualifying"": false, ""start_geometry_sha256"": ""8fab634c247f89d548ceaffd4ff2251c4eeee215445241d261401263fa50b642"", ""steps"": 50}, {""ase_converged"": true, ""converged"": true, ""end_geometry_sha256"": ""0868cdc67252a233ad61c71db81ac1f2b38d669f0b98f4a6c9911c2172475867"", ""failure_class"": null, ""max_force_eV_A"": 0.06855055699497249, ""name"": ""bfgs_after_fire"", ""start_geometry_sha256"": ""266f54484db4be61fcdc9083c6fae5770ffe415fc21efc16df2188ff43b849d0"", ""steps"": 177}]",0868cdc67252a233ad61c71db81ac1f2b38d669f0b98f4a6c9911c2172475867,-3.1841378703713668,3.0,step_2_O,7.0,0.0,True,1.5945103374123821,0.9127014328916923,False,quantitative_screening,0,0,ae1e6988319aaaed29e5,False,
"('SolidCatalyst', 'Fe', 'WS2', 'hcp1120', -0.06842105263157895, ('Rh', 'Sm'), 2, 1)",SolidCatalyst,True,esen-sm-conserving-all-oc25:relax-v4:orr-che-v3,True,0.07916075494081314,66,150,0.08,converged,,bfgs_standard,"[{""ase_converged"": true, ""converged"": true, ""end_geometry_sha256"": ""fac1a9126a807934987eea0fb4c4616467fc34340f35dc30e1209ac0e77f307c"", ""failure_class"": null, ""max_force_eV_A"": 0.07916075494081314, ""name"": ""bfgs_standard"", ""start_geometry_sha256"": ""25502199f95ebe25f21a1960567d91930f6750e7f505d2152d6592f950a79b1c"", ""steps"": 66}]",fac1a9126a807934987eea0fb4c4616467fc34340f35dc30e1209ac0e77f307c,-112.81528469810323,True,0.07198972434607351,285.0,100.0,0.08,converged,,bfgs_after_fire,"[{""ase_converged"": false, ""converged"": false, ""end_geometry_sha256"": ""29d588751b7c1b2fda4ecbfb560b9f2297038310b292a5ceee8bb10024bafc21"", ""failure_class"": ""force_threshold"", ""max_force_eV_A"": 0.34536796387988306, ""name"": ""bfgs_standard"", ""start_geometry_sha256"": ""1529fa769d781b679be453a2e664ef590c2ced3d2a20870606c0302eedb21669"", ""steps"": 100}, {""ase_converged"": false, ""converged"": false, ""end_geometry_sha256"": ""fcbb79222b9256d4a78bb529712456674d301dfc2a20db7c3776bbf7c342b886"", ""failure_class"": ""force_threshold"", ""max_force_eV_A"": 0.8757384509305299, ""name"": ""fire_precondition"", ""qualifying"": false, ""start_geometry_sha256"": ""1529fa769d781b679be453a2e664ef590c2ced3d2a20870606c0302eedb21669"", ""steps"": 50}, {""ase_converged"": true, ""converged"": true, ""end_geometry_sha256"": ""da66a49a413e96c2a1e7b6c482442794571b63b21a44744e84fe91108c01f5ca"", ""failure_class"": null, ""max_force_eV_A"": 0.07198972434607351, ""name"": ""bfgs_after_fire"", ""start_geometry_sha256"": ""fcbb79222b9256d4a78bb529712456674d301dfc2a20db7c3776bbf7c342b886"", ""steps"": 135}]",da66a49a413e96c2a1e7b6c482442794571b63b21a44744e84fe91108c01f5ca,-0.04591387256977103,True,0.045996772274311086,309.0,100.0,0.08,converged,,bfgs_after_fire,"[{""ase_converged"": false, ""converged"": false, ""end_geometry_sha256"": ""77a49db29ee228c2958e02b855bf7aa70d41740f52b38aa95b2d35b79131df8e"", ""failure_class"": ""force_threshold"", ""max_force_eV_A"": 0.7604210356746143, ""name"": ""bfgs_standard"", ""start_geometry_sha256"": ""6597e4318b44cc4a478294118617c6245627e6bc436441f7534409a4318603ed"", ""steps"": 100}, {""ase_converged"": false, ""converged"": false, ""end_geometry_sha256"": ""a7d4a4868a3a25b52626f650990916a9cba29936483829caab8c12127dfd3ced"", ""failure_class"": ""force_threshold"", ""max_force_eV_A"": 1.1530806367575985, ""name"": ""fire_precondition"", ""qualifying"": false, ""start_geometry_sha256"": ""6597e4318b44cc4a478294118617c6245627e6bc436441f7534409a4318603ed"", ""steps"": 50}, {""ase_converged"": true, ""converged"": true, ""end_geometry_sha256"": ""afbc7d5629835ce69ca79682ba7add933f3f4508699f192f291e7ddceeaecedb"", ""failure_class"": null, ""max_force_eV_A"": 0.045996772274311086, ""name"": ""bfgs_after_fire"", ""start_geometry_sha256"": ""a7d4a4868a3a25b52626f650990916a9cba29936483829caab8c12127dfd3ced"", ""steps"": 159}]",afbc7d5629835ce69ca79682ba7add933f3f4508699f192f291e7ddceeaecedb,-0.31608303710817937,True,0.06292612646721273,217.0,100.0,0.08,converged,,bfgs_after_fire,"[{""ase_converged"": false, ""converged"": false, ""end_geometry_sha256"": ""27b766b6c78d31074f219738d217e4dee5e07557886d13f8ef2e3884c2fdaad4"", ""failure_class"": ""force_threshold"", ""max_force_eV_A"": 0.883702128516127, ""name"": ""bfgs_standard"", ""start_geometry_sha256"": ""cc3729137fd3da8272a688fbdf480ab0f116407632bdf0c097686efa186c3020"", ""steps"": 100}, {""ase_converged"": false, ""converged"": false, ""end_geometry_sha256"": ""97f8ccd5e38341cc9f8e32565187d1d70f1b866f91b3137dc419d54c3a80e00d"", ""failure_class"": ""force_threshold"", ""max_force_eV_A"": 10.631782457178202, ""name"": ""fire_precondition"", ""qualifying"": false, ""start_geometry_sha256"": ""cc3729137fd3da8272a688fbdf480ab0f116407632bdf0c097686efa186c3020"", ""steps"": 50}, {""ase_converged"": true, ""converged"": true, ""end_geometry_sha256"": ""9e95b746bdf81948f30a9114d82c884939025a7dab1a4912f936dc241e369fc3"", ""failure_class"": null, ""max_force_eV_A"": 0.06292612646721273, ""name"": ""bfgs_after_fire"", ""start_geometry_sha256"": ""97f8ccd5e38341cc9f8e32565187d1d70f1b866f91b3137dc419d54c3a80e00d"", ""steps"": 67}]",9e95b746bdf81948f30a9114d82c884939025a7dab1a4912f936dc241e369fc3,6.473084877431397,2.782084877431397,step_1_OOH,7.0,-0.26753499210483644,True,0.3619969096779504,0.9127014328916923,False,quantitative_screening,2,2,a0b760e6d4c882931cf9,False,
"('SolidCatalyst', 'Fe', 'Mordenite', 'bcc110', 0.005263157894736831, ('Zn', 'K'), 3, 0)",SolidCatalyst,True,esen-sm-conserving-all-oc25:relax-v4:orr-che-v3,True,0.07617951286922418,51,150,0.08,converged,,bfgs_standard,"[{""ase_converged"": true, ""converged"": true, ""end_geometry_sha256"": ""a3635285ae50d9b5e46836c177c2f264fdd3539c5472fa3242b0952b0f5f9d66"", ""failure_class"": null, ""max_force_eV_A"": 0.07617951286922418, ""name"": ""bfgs_standard"", ""start_geometry_sha256"": ""508760d2c4f1b298c046d38ca53d0cad6266856b56dfb40e745661c921dccca1"", ""steps"": 51}]",a3635285ae50d9b5e46836c177c2f264fdd3539c5472fa3242b0952b0f5f9d66,-241.93531406567598,True,0.0656139532611108,59.0,100.0,0.08,converged,,bfgs_standard,"[{""ase_converged"": true, ""converged"": true, ""end_geometry_sha256"": ""6027ff08311725607e1cb948957b51a25a99f817c2e18901e57d6f6285bbf457"", ""failure_class"": null, ""max_force_eV_A"": 0.0656139532611108, ""name"": ""bfgs_standard"", ""start_geometry_sha256"": ""073751dc19b30d739751ec1d1645a57303bfe7b1805dab269da0a82d6676a9bf"", ""steps"": 59}]",6027ff08311725607e1cb948957b51a25a99f817c2e18901e57d6f6285bbf457,-0.9693433617055416,True,0.07532234788509455,42.0,100.0,0.08,converged,,bfgs_standard,"[{""ase_converged"": true, ""converged"": true, ""end_geometry_sha256"": ""1833c6e0cec4d1774cad40e67c1e89a71e93b2a8a6daad76be70a10eb2684022"", ""failure_class"": null, ""max_force_eV_A"": 0.07532234788509455, ""name"": ""bfgs_standard"", ""start_geometry_sha256"": ""1cab68fc3495d655bd478432a5a7bde4c0b8b06ce5c78fdfcfc5daa567e3edc1"", ""steps"": 42}]",1833c6e0cec4d1774cad40e67c1e89a71e93b2a8a6daad76be70a10eb2684022,-1.695049845427271,True,0.07554622609469139,62.0,100.0,0.08,converged,,bfgs_standard,"[{""ase_converged"": true, ""converged"": true, ""end_geometry_sha256"": ""2b09d2b3246533f7f4e949312d7fda604202e0603a636a0005aa48cc98ed0ffe"", ""failure_class"": null, ""max_force_eV_A"": 0.07554622609469139, ""name"": ""bfgs_standard"", ""start_geometry_sha256"": ""04f4a44570393d1b951cdd9f4fbdba944bbecb8b2aa24f719061dd3c545e73b1"", ""steps"": 62}]",2b09d2b3246533f7f4e949312d7fda604202e0603a636a0005aa48cc98ed0ffe,-2.0661607280373824,2.1983433617055415,step_4_H2O,7.0,0.0,True,2.6643932071328127,0.9127014328916923,False,quantitative_screening,1,1,e235c835b30314517ed4,False,
"('SolidCatalyst', 'Fe', 'SAPO34', 'fcc211', 0.02631578947368421, ('Sn', 'Te'), 3, 1)",SolidCatalyst,True,esen-sm-conserving-all-oc25:relax-v4:orr-che-v3,True,0.07527235312954754,90,150,0.08,converged,,bfgs_standard,"[{""ase_converged"": true, ""converged"": true, ""end_geometry_sha256"": ""6a602f60b095f3bc63026113e157915a5f03203688aca98c4cd025fec8420514"", ""failure_class"": null, ""max_force_eV_A"": 0.07527235312954754, ""name"": ""bfgs_standard"", ""start_geometry_sha256"": ""0d34d1c04efe8d584767eb2befd866d5f95d02b1ebbcc652548784c78006acaa"", ""steps"": 90}]",6a602f60b095f3bc63026113e157915a5f03203688aca98c4cd025fec8420514,-162.4110261712268,True,0.07340568885157117,91.0,100.0,0.08,converged,,bfgs_standard,"[{""ase_converged"": true, ""converged"": true, ""end_geometry_sha256"": ""b8b087dde4776f4ace3b849ecef5ead378c618593fb9c1dd96f09c55fb328c87"", ""failure_class"": null, ""max_force_eV_A"": 0.07340568885157117, ""name"": ""bfgs_standard"", ""start_geometry_sha256"": ""c75b3bee314093136c869311b610d59ccbc87ecaae8bd815b714018a3a5d7f80"", ""steps"": 91}]",b8b087dde4776f4ace3b849ecef5ead378c618593fb9c1dd96f09c55fb328c87,-0.7044908379018306,True,0.07702679055147528,191.0,100.0,0.08,converged,,bfgs_after_fire,"[{""ase_converged"": false, ""converged"": false, ""end_geometry_sha256"": ""6d7a1dd2a00854c578f389f7f4b69c97eb94fc7db7129657e98ea8080bb4d6e8"", ""failure_class"": ""force_threshold"", ""max_force_eV_A"": 0.25578068940172843, ""name"": ""bfgs_standard"", ""start_geometry_sha256"": ""07e777e38fd6cb15aebd9cd064c7e85c12b5e29a0f95f355f2834a7654554e46"", ""steps"": 100}, {""ase_converged"": false, ""converged"": false, ""end_geometry_sha256"": ""a1bdc5cd0bd05a2e38377beb64ab454b24da6738a6aa443666a85a7bdf5a53ed"", ""failure_class"": ""force_threshold"", ""max_force_eV_A"": 0.4886079630738298, ""name"": ""fire_precondition"", ""qualifying"": false, ""start_geometry_sha256"": ""07e777e38fd6cb15aebd9cd064c7e85c12b5e29a0f95f355f2834a7654554e46"", ""steps"": 50}, {""ase_converged"": true, ""converged"": true, ""end_geometry_sha256"": ""5d1683b4fb7264b9e50d7de67086c6c914af28f7ab7e422302c845137da0b66f"", ""failure_class"": null, ""max_force_eV_A"": 0.07702679055147528, ""name"": ""bfgs_after_fire"", ""start_geometry_sha256"": ""a1bdc5cd0bd05a2e38377beb64ab454b24da6738a6aa443666a85a7bdf5a53ed"", ""steps"": 41}]",5d1683b4fb7264b9e50d7de67086c6c914af28f7ab7e422302c845137da0b66f,2.0095700390636955,True,0.05092395997603848,255.0,100.0,0.08,converged,,bfgs_after_fire,"[{""ase_converged"": false, ""converged"": false, ""end_geometry_sha256"": ""f3dd7db19de9ff933c9859fe5ee02e8098c3fce74189495a4e126a8174a12230"", ""failure_class"": ""force_threshold"", ""max_force_eV_A"": 0.31427825414213234, ""name"": ""bfgs_standard"", ""start_geometry_sha256"": ""dcbb5e20813f42c5233f5fd0f2b8b8558cfe092254dc9d9ba64670f1bf9b0bd3"", ""steps"": 100}, {""ase_converged"": false, ""converged"": false, ""end_geometry_sha256"": ""3a21b14a9b5d5bf80ea056dd405a50f306c0baceb40427cb4588ec2f18de947e"", ""failure_class"": ""force_threshold"", ""max_force_eV_A"": 21.20225753396904, ""name"": ""fire_precondition"", ""qualifying"": false, ""start_geometry_sha256"": ""dcbb5e20813f42c5233f5fd0f2b8b8558cfe092254dc9d9ba64670f1bf9b0bd3"", ""steps"": 50}, {""ase_converged"": true, ""converged"": true, ""end_geometry_sha256"": ""f180a737a68a9500fde21865b360ab4fcabae34be0b85c9c9816a55a91b123a1"", ""failure_class"": null, ""max_force_eV_A"": 0.05092395997603848, ""name"": ""bfgs_after_fire"", ""start_geometry_sha256"": ""3a21b14a9b5d5bf80ea056dd405a50f306c0baceb40427cb4588ec2f18de947e"", ""steps"": 105}]",f180a737a68a9500fde21865b360ab4fcabae34be0b85c9c9816a55a91b123a1,5.402490089833769,1.9334908379018307,step_4_H2O,7.0,-0.5918425127540401,True,2.714060876965526,0.9127014328916923,False,quantitative_screening,1,1,37fd2bd1903899918226,False,
"('SolidCatalyst', 'Co', 'Fe2O3', 'bcc211', -0.08947368421052632, ('Cs', 'Mo'), 4, 1)",SolidCatalyst,False,esen-sm-conserving-all-oc25:relax-v4:orr-che-v3,True,0.07259846797879939,146,150,0.08,converged,,bfgs_standard,"[{""ase_converged"": true, ""converged"": true, ""end_geometry_sha256"": ""ab5ed8c8601d404fa1036987fbaa5105371eec19e7c6c77a7ebb2050691f0c06"", ""failure_class"": null, ""max_force_eV_A"": 0.07259846797879939, ""name"": ""bfgs_standard"", ""start_geometry_sha256"": ""69408a3952ca4523f06f041f7a0708a14eb0041fb09822e548129259da24181f"", ""steps"": 146}]",ab5ed8c8601d404fa1036987fbaa5105371eec19e7c6c77a7ebb2050691f0c06,128.72816331741052,False,,0.0,100.0,0.08,invalid_initial_geometry,atomic_overlap,none,[],94d5e155928761057626be9e25157c204998c3fe931bbaef35a16a15eb0d7dcc,,,,,,,,,,,,,,,,,,,,,,,,,,,,,,,True,validation_required,0,0,71106641341468c0abe7,False,Invalid oh initial geometry: atomic_overlap
"('SolidCatalyst', 'Co', 'WO3', 'fcc110', -0.015789473684210534, ('Y', 'Pb'), 1, 0)",SolidCatalyst,False,esen-sm-conserving-all-oc25:relax-v4:orr-che-v3,True,0.07248654649710558,82,150,0.08,converged,,bfgs_standard,"[{""ase_converged"": true, ""converged"": true, ""end_geometry_sha256"": ""a234b683d4ae9036cdb708749f3805e9fe2bcf0326fe8ad49e5e4cdd805b222b"", ""failure_class"": null, ""max_force_eV_A"": 0.07248654649710558, ""name"": ""bfgs_standard"", ""start_geometry_sha256"": ""89d5b7ad34232faf65bab7ce216ed6a0228126bbe497ff6559d3f428ba8cb559"", ""steps"": 82}]",a234b683d4ae9036cdb708749f3805e9fe2bcf0326fe8ad49e5e4cdd805b222b,27.253575576740474,False,20.35083445238878,650.0,100.0,0.08,recovery_exhausted,force_threshold,fire_small_step,"[{""ase_converged"": false, ""converged"": false, ""end_geometry_sha256"": ""2886a5d6229c3c2701601dcc4646000c04541302c32fa9bba480bbb29b932557"", ""failure_class"": ""force_threshold"", ""max_force_eV_A"": 31.376127015714115, ""name"": ""bfgs_standard"", ""start_geometry_sha256"": ""a36970b127bed3f371aab37252efd32ecc776c1edb5576ca0bee8bb6609f4047"", ""steps"": 100}, {""ase_converged"": false, ""converged"": false, ""end_geometry_sha256"": ""ebffd123f7e18b729db59199ad63e3a670a78d4c41df40cf6fe84df50db5bd64"", ""failure_class"": ""force_threshold"", ""max_force_eV_A"": 33.318733456299, ""name"": ""fire_precondition"", ""qualifying"": false, ""start_geometry_sha256"": ""a36970b127bed3f371aab37252efd32ecc776c1edb5576ca0bee8bb6609f4047"", ""steps"": 50}, {""ase_converged"": false, ""converged"": false, ""end_geometry_sha256"": ""bca3fd22be3cc7e1094d38730bce1b93bbfddce1f468c7aab1744f1d294e5476"", ""failure_class"": ""force_threshold"", ""max_force_eV_A"": 3421.609724480188, ""name"": ""bfgs_after_fire"", ""start_geometry_sha256"": ""ebffd123f7e18b729db59199ad63e3a670a78d4c41df40cf6fe84df50db5bd64"", ""steps"": 200}, {""ase_converged"": false, ""converged"": false, ""end_geometry_sha256"": ""84473f2a64e8e1fd4dc736e38143ff9fa82ed3847bde759f7a32889309dac5bf"", ""failure_class"": ""force_threshold"", ""max_force_eV_A"": 20.35083445238878, ""name"": ""fire_small_step"", ""start_geometry_sha256"": ""2886a5d6229c3c2701601dcc4646000c04541302c32fa9bba480bbb29b932557"", ""steps"": 300}]",84473f2a64e8e1fd4dc736e38143ff9fa82ed3847bde759f7a32889309dac5bf,,,,,,,,,,,,,,,,,,,,,,,,,,,,,,,True,validation_required,1,1,5eef67ba3350b1317278,False,Unconverged oh relaxation: max_force=20.3508 eV/A after 650 cumulative recovery steps
"('SolidCatalyst', 'Co', 'LaAlO3', 'fcc311', 0.1, ('Gd', 'Mn'), 2, 1)",SolidCatalyst,False,esen-sm-conserving-all-oc25:relax-v4:orr-che-v3,True,0.060112292500334785,65,150,0.08,converged,,bfgs_standard,"[{""ase_converged"": true, ""converged"": true, ""end_geometry_sha256"": ""cdcb40a1c9d0cb67177696967f8d8d741a63707394434c1d31c4821121630c2c"", ""failure_class"": null, ""max_force_eV_A"": 0.060112292500334785, ""name"": ""bfgs_standard"", ""start_geometry_sha256"": ""0ac228049c4a5f6e919cab0842d770e2db8f74097fb61bd10397d1d98df13a70"", ""steps"": 65}]",cdcb40a1c9d0cb67177696967f8d8d741a63707394434c1d31c4821121630c2c,-68.9419617850146,True,0.07998743853824039,365.0,100.0,0.08,converged,,fire_small_step,"[{""ase_converged"": false, ""converged"": false, ""end_geometry_sha256"": ""4a179bf8ecd72efc6b343fed10d34d4fac0d54b52e6291091d93ed2f64ea590d"", ""failure_class"": ""force_threshold"", ""max_force_eV_A"": 0.11844808024873411, ""name"": ""bfgs_standard"", ""start_geometry_sha256"": ""94c1163285ee401affc88e29482c3f02b0663829f7361c99874038bbb31f9cbe"", ""steps"": 100}, {""ase_converged"": false, ""converged"": false, ""end_geometry_sha256"": ""78fc0cbd46b32d0ed3ebd65ff45bd75f20f5e5c3f932f1bef5e16652b5de705a"", ""failure_class"": ""force_threshold"", ""max_force_eV_A"": 1.4263125704882276, ""name"": ""fire_precondition"", ""qualifying"": false, ""start_geometry_sha256"": ""94c1163285ee401affc88e29482c3f02b0663829f7361c99874038bbb31f9cbe"", ""steps"": 50}, {""ase_converged"": false, ""converged"": false, ""end_geometry_sha256"": ""7540d7879c8db8b69fda3b1a2a8d72d2daca4845a1222e299e0cc6e1a074a9f3"", ""failure_class"": ""force_threshold"", ""max_force_eV_A"": 0.6135368258731447, ""name"": ""bfgs_after_fire"", ""start_geometry_sha256"": ""78fc0cbd46b32d0ed3ebd65ff45bd75f20f5e5c3f932f1bef5e16652b5de705a"", ""steps"": 200}, {""ase_converged"": true, ""converged"": true, ""end_geometry_sha256"": ""731325e1c82791871e68607eff9304b83ad7d7a5745eb81594beb8de87f5a9ac"", ""failure_class"": null, ""max_force_eV_A"": 0.07998743853824039, ""name"": ""fire_small_step"", ""start_geometry_sha256"": ""4a179bf8ecd72efc6b343fed10d34d4fac0d54b52e6291091d93ed2f64ea590d"", ""steps"": 15}]",731325e1c82791871e68607eff9304b83ad7d7a5745eb81594beb8de87f5a9ac,-0.36407488331198695,True,0.050983210080039455,265.0,100.0,0.08,converged,,bfgs_after_fire,"[{""ase_converged"": false, ""converged"": false, ""end_geometry_sha256"": ""aac06ac2b2c61c30ac9f04e0e8b94881590b54e1548dfa7933302b77c7de81a2"", ""failure_class"": ""force_threshold"", ""max_force_eV_A"": 0.128339972281455, ""name"": ""bfgs_standard"", ""start_geometry_sha256"": ""4602d64988453c1e871428d0ef1b07eba7a2456128633b16e0d42b088db33c79"", ""steps"": 100}, {""ase_converged"": false, ""converged"": false, ""end_geometry_sha256"": ""1982620aacb072717b2b0a72ad12dd9aaca47c73d98f21b255e6b35dd5b7a2e0"", ""failure_class"": ""force_threshold"", ""max_force_eV_A"": 0.6458825681150078, ""name"": ""fire_precondition"", ""qualifying"": false, ""start_geometry_sha256"": ""4602d64988453c1e871428d0ef1b07eba7a2456128633b16e0d42b088db33c79"", ""steps"": 50}, {""ase_converged"": true, ""converged"": true, ""end_geometry_sha256"": ""45d89866a021a240cfef6c3f6ae0de18678f44905fabd67038084252094fbbff"", ""failure_class"": null, ""max_force_eV_A"": 0.050983210080039455, ""name"": ""bfgs_after_fire"", ""start_geometry_sha256"": ""1982620aacb072717b2b0a72ad12dd9aaca47c73d98f21b255e6b35dd5b7a2e0"", ""steps"": 115}]",45d89866a021a240cfef6c3f6ae0de18678f44905fabd67038084252094fbbff,-0.9155856005847702,False,0.9518495623260954,650.0,100.0,0.08,recovery_exhausted,force_threshold,fire_small_step,"[{""ase_converged"": false, ""converged"": false, ""end_geometry_sha256"": ""3e805580b5b5bbff12f473cc6e3241f0b080a5171b2d29fccf5a12c1335318bc"", ""failure_class"": ""force_threshold"", ""max_force_eV_A"": 0.9644794658557478, ""name"": ""bfgs_standard"", ""start_geometry_sha256"": ""e9b7f5ee32d8b75cd932b8c22e556cf15d3cc446fafa98cccb46eb6b436ce5f9"", ""steps"": 100}, {""ase_converged"": false, ""converged"": false, ""end_geometry_sha256"": ""968fc18658aa145d1e8298353f9ed6db7ef7c44716456c7998dd1299276d7e85"", ""failure_class"": ""force_threshold"", ""max_force_eV_A"": 46.89323958299778, ""name"": ""fire_precondition"", ""qualifying"": false, ""start_geometry_sha256"": ""e9b7f5ee32d8b75cd932b8c22e556cf15d3cc446fafa98cccb46eb6b436ce5f9"", ""steps"": 50}, {""ase_converged"": false, ""converged"": false, ""end_geometry_sha256"": ""a0e0c5331e92afb851f9ab866c42d4a8da6061622e6b98a50bfe0e0dde1936bf"", ""failure_class"": ""force_threshold"", ""max_force_eV_A"": 412.6737609539132, ""name"": ""bfgs_after_fire"", ""start_geometry_sha256"": ""968fc18658aa145d1e8298353f9ed6db7ef7c44716456c7998dd1299276d7e85"", ""steps"": 200}, {""ase_converged"": false, ""converged"": false, ""end_geometry_sha256"": ""f1814c4ad0a692ea5dabdf79349a1d66928bcfaf7fff25c09c60d8eeca1b358f"", ""failure_class"": ""force_threshold"", ""max_force_eV_A"": 0.9518495623260954, ""name"": ""fire_small_step"", ""start_geometry_sha256"": ""3e805580b5b5bbff12f473cc6e3241f0b080a5171b2d29fccf5a12c1335318bc"", ""steps"": 300}]",f1814c4ad0a692ea5dabdf79349a1d66928bcfaf7fff25c09c60d8eeca1b358f,,,,,,,,,True,validation_required,0,0,0ef5f43dcf5422d30527,False,Unconverged ooh relaxation: max_force=0.95185 eV/A after 650 cumulative recovery steps
"('SolidCatalyst', 'Co', 'Diamond', 'hcp1120', -0.0368421052631579, ('In', 'Cs'), 3, 0)",SolidCatalyst,False,esen-sm-conserving-all-oc25:relax-v4:orr-che-v3,False,11.935714288675138,975,150,0.08,recovery_exhausted,force_threshold,fire_small_step,"[{""ase_converged"": false, ""converged"": false, ""end_geometry_sha256"": ""a6f5534c7812f92d05fb0748a14df50555dddc506d63f5fd9128dfb1f75edd73"", ""failure_class"": ""force_threshold"", ""max_force_eV_A"": 14.039537124998542, ""name"": ""bfgs_standard"", ""start_geometry_sha256"": ""ab8e5a5f6fdf6e8e8ef49f512450bd990e40187e7f16fe63f4ba623f6c564735"", ""steps"": 150}, {""ase_converged"": false, ""converged"": false, ""end_geometry_sha256"": ""6df67baa0564bfde8dc141ee668fbbe99bb578cef496fd6644ae583e77b2733f"", ""failure_class"": ""force_threshold"", ""max_force_eV_A"": 13.415695825790689, ""name"": ""fire_precondition"", ""qualifying"": false, ""start_geometry_sha256"": ""ab8e5a5f6fdf6e8e8ef49f512450bd990e40187e7f16fe63f4ba623f6c564735"", ""steps"": 75}, {""ase_converged"": false, ""converged"": false, ""end_geometry_sha256"": ""5b6d2b9f8f959d965887ecf609d1cd78a1e196e39abbaf94de64f2a33d36cd12"", ""failure_class"": ""force_threshold"", ""max_force_eV_A"": 1011.8328233193008, ""name"": ""bfgs_after_fire"", ""start_geometry_sha256"": ""6df67baa0564bfde8dc141ee668fbbe99bb578cef496fd6644ae583e77b2733f"", ""steps"": 300}, {""ase_converged"": false, ""converged"": false, ""end_geometry_sha256"": ""4ef4ab72c5e1bc37c8748a26bd815aa3f5967448509a01ab3711d48d5172ac8c"", ""failure_class"": ""force_threshold"", ""max_force_eV_A"": 11.935714288675138, ""name"": ""fire_small_step"", ""start_geometry_sha256"": ""6df67baa0564bfde8dc141ee668fbbe99bb578cef496fd6644ae583e77b2733f"", ""steps"": 450}]",4ef4ab72c5e1bc37c8748a26bd815aa3f5967448509a01ab3711d48d5172ac8c,,,,,,,,,,,,,,,,,,,,,,,,,,,,,,,,,,,,,,,,,,True,validation_required,2,2,9621471c541f50f03aa4,False,Unconverged clean relaxation: max_force=11.9357 eV/A after 975 cumulative recovery steps
"('SolidCatalyst', 'Co', 'CarbonNitride', 'hcp0001', -0.015789473684210534, ('Re', 'S'), 3, 1)",SolidCatalyst,True,esen-sm-conserving-all-oc25:relax-v4:orr-che-v3,True,0.06270060285513439,59,150,0.08,converged,,bfgs_standard,"[{""ase_converged"": true, ""converged"": true, ""end_geometry_sha256"": ""abb3552b2e017ea7965085a526be233c6ca463c07502e10a5a151f02eb5475fc"", ""failure_class"": null, ""max_force_eV_A"": 0.06270060285513439, ""name"": ""bfgs_standard"", ""start_geometry_sha256"": ""6796f5c7afd13c95ffcabb76ad228ba0c795ffd68a06ee0a3f14d6a055caad09"", ""steps"": 59}]",abb3552b2e017ea7965085a526be233c6ca463c07502e10a5a151f02eb5475fc,-226.76460571396814,True,0.07678302588387781,56.0,100.0,0.08,converged,,bfgs_standard,"[{""ase_converged"": true, ""converged"": true, ""end_geometry_sha256"": ""2807e1ab7ef82d5241ab43fe64270d3f9e72efa55495c80489bfd0028b1b5d72"", ""failure_class"": null, ""max_force_eV_A"": 0.07678302588387781, ""name"": ""bfgs_standard"", ""start_geometry_sha256"": ""fb96f885152cda2112cb3cf6ea36f0ba3de1678c30fd7c6e61e6fee0d1491d55"", ""steps"": 56}]",2807e1ab7ef82d5241ab43fe64270d3f9e72efa55495c80489bfd0028b1b5d72,-0.7457689021527767,True,0.07865934826563145,56.0,100.0,0.08,converged,,bfgs_standard,"[{""ase_converged"": true, ""converged"": true, ""end_geometry_sha256"": ""4e5013806aa599b6ab44331ce9ce2f02b5f78e346bf841c578f11f8f5812c6ad"", ""failure_class"": null, ""max_force_eV_A"": 0.07865934826563145, ""name"": ""bfgs_standard"", ""start_geometry_sha256"": ""86c11fab96748bb9d4663654b42bfef0c86f0302dd0f59d646b805e7691cbd29"", ""steps"": 56}]",4e5013806aa599b6ab44331ce9ce2f02b5f78e346bf841c578f11f8f5812c6ad,-0.4151776663958991,True,0.06495945636830965,82.0,100.0,0.08,converged,,bfgs_standard,"[{""ase_converged"": true, ""converged"": true, ""end_geometry_sha256"": ""20e131a3cd17b27efffbff36599b5e0f0ace993b4f8c7af351fd3ba150f730cb"", ""failure_class"": null, ""max_force_eV_A"": 0.06495945636830965, ""name"": ""bfgs_standard"", ""start_geometry_sha256"": ""fcb2858be472919535f891b302e98ce22e10f4d49448189d138624763349d7c3"", ""steps"": 82}]",20e131a3cd17b27efffbff36599b5e0f0ace993b4f8c7af351fd3ba150f730cb,-0.6287878051399864,1.9747689021527768,step_4_H2O,9.0,-1.4752626046422868,True,1.1609465685486757,0.7799556092414295,False,quantitative_screening,1,1,5464ec5395670ae956df,False,
"('SolidCatalyst', 'Co', 'TiC', 'fcc100', 0.07894736842105263, ('Pb', 'N'), 4, 1)",SolidCatalyst,True,esen-sm-conserving-all-oc25:relax-v4:orr-che-v3,True,0.0,0,150,0.08,converged,,bfgs_standard,"[{""ase_converged"": true, ""converged"": true, ""end_geometry_sha256"": ""6677f27af06ba2edca6ee5584611e42f80c6a1d946d8c54e9ef74fc094515376"", ""failure_class"": null, ""max_force_eV_A"": 0.0, ""name"": ""bfgs_standard"", ""start_geometry_sha256"": ""6677f27af06ba2edca6ee5584611e42f80c6a1d946d8c54e9ef74fc094515376"", ""steps"": 0}]",6677f27af06ba2edca6ee5584611e42f80c6a1d946d8c54e9ef74fc094515376,26.75078914547973,True,0.0305414108486385,53.0,100.0,0.08,converged,,bfgs_standard,"[{""ase_converged"": true, ""converged"": true, ""end_geometry_sha256"": ""a0a83fa29dfdb4034e77d89a56057b47223f3da367f2db3484bcb56ae4294f69"", ""failure_class"": null, ""max_force_eV_A"": 0.0305414108486385, ""name"": ""bfgs_standard"", ""start_geometry_sha256"": ""e2e01ebb3e08691f9248525224bb6ff00631863a84bda193742cf95d3c667246"", ""steps"": 53}]",a0a83fa29dfdb4034e77d89a56057b47223f3da367f2db3484bcb56ae4294f69,0.9095152045786665,True,0.034831548305653465,19.0,100.0,0.08,converged,,bfgs_standard,"[{""ase_converged"": true, ""converged"": true, ""end_geometry_sha256"": ""bf4b4bf5fe03d64495156542be4580021016648573a56788213c5f619a70de06"", ""failure_class"": null, ""max_force_eV_A"": 0.034831548305653465, ""name"": ""bfgs_standard"", ""start_geometry_sha256"": ""09dabd28e4460504c829f580a06ae0cebc778aa64a6da13c77a398df1eb185a6"", ""steps"": 19}]",bf4b4bf5fe03d64495156542be4580021016648573a56788213c5f619a70de06,1.6354245312511957,True,0.07765092493234754,34.0,100.0,0.08,converged,,bfgs_standard,"[{""ase_converged"": true, ""converged"": true, ""end_geometry_sha256"": ""e2f4632e21eb1aa4632c278570160984a09a3ac9124c3df504c04ed4e6ff8c02"", ""failure_class"": null, ""max_force_eV_A"": 0.07765092493234754, ""name"": ""bfgs_standard"", ""start_geometry_sha256"": ""9144b5636179da8ce652ab262fed814025dd275d2d14eedd0a4dc318c945d1e6"", ""steps"": 34}]",e2f4632e21eb1aa4632c278570160984a09a3ac9124c3df504c04ed4e6ff8c02,2.1056532368064245,0.7587712944447713,step_2_O,9.0,0.0,True,2.544939735829862,0.7545203674987632,False,quantitative_screening,1,1,979a8a19bef2ecc867cc,False,
"('SAC', 'Mn', 'S4', 'N-CNT', 'NH3')",SAC,True,esen-sm-conserving-all-oc25:relax-v4:orr-che-v3,True,0.07956073041948789,42,150,0.08,converged,,bfgs_standard,"[{""ase_converged"": true, ""converged"": true, ""end_geometry_sha256"": ""1f5400feeef477ead7558e9de4546d5fbf8acc3b8dd723c436301d6a50c4a7e6"", ""failure_class"": null, ""max_force_eV_A"": 0.07956073041948789, ""name"": ""bfgs_standard"", ""start_geometry_sha256"": ""52addfc1c17597201a37125a80a2f3152411fbb02ebaa5d616d0b6c4d061a88e"", ""steps"": 42}]",1f5400feeef477ead7558e9de4546d5fbf8acc3b8dd723c436301d6a50c4a7e6,-143.39757617737826,True,0.07689104595092508,24.0,100.0,0.08,converged,,bfgs_standard,"[{""ase_converged"": true, ""converged"": true, ""end_geometry_sha256"": ""ebfe9183f0b96eb4028009879bf9bd59548376fd21466f395c755ea6676126b8"", ""failure_class"": null, ""max_force_eV_A"": 0.07689104595092508, ""name"": ""bfgs_standard"", ""start_geometry_sha256"": ""9e0a48b98f8d0743aebbb6bee937d5cb6d54124f1fd6e2d54a635b3a2a8b9a89"", ""steps"": 24}]",ebfe9183f0b96eb4028009879bf9bd59548376fd21466f395c755ea6676126b8,2.2165806914865973,True,0.07452180243497505,36.0,100.0,0.08,converged,,bfgs_standard,"[{""ase_converged"": true, ""converged"": true, ""end_geometry_sha256"": ""6a058675fdd35489b3049e24b105fde37f1adb953937126a6ea8f19c87c6b1f0"", ""failure_class"": null, ""max_force_eV_A"": 0.07452180243497505, ""name"": ""bfgs_standard"", ""start_geometry_sha256"": ""65feabbce51a878252d4cccac7222723d0988ed3b60524dc2fcecfc9b348ee1b"", ""steps"": 36}]",6a058675fdd35489b3049e24b105fde37f1adb953937126a6ea8f19c87c6b1f0,4.57253590896726,True,0.0671177593450962,63.0,100.0,0.08,converged,,bfgs_standard,"[{""ase_converged"": true, ""converged"": true, ""end_geometry_sha256"": ""9fcbcf53aa7c3655a680fd2b8eb2cc8ddb7e0cac3d6efa5a9e57af1a3d3c29e4"", ""failure_class"": null, ""max_force_eV_A"": 0.0671177593450962, ""name"": ""bfgs_standard"", ""start_geometry_sha256"": ""468c68f2e0472f04abe8076bf513388ee01fdbee075cbb2813ec1b7c022c5f48"", ""steps"": 63}]",9fcbcf53aa7c3655a680fd2b8eb2cc8ddb7e0cac3d6efa5a9e57af1a3d3c29e4,4.777418087422852,1.0864180874228522,step_1_OOH,9.0,0.0,True,6.789116600453857,0.610000000035,False,quantitative_screening,1,1,e0e37229693d75af1b6e,False,
"('SAC', 'Mn', 'N3Se', 'N-porous_carbon', 'CO')",SAC,True,esen-sm-conserving-all-oc25:relax-v4:orr-che-v3,True,0.07151599936003995,44,150,0.08,converged,,bfgs_standard,"[{""ase_converged"": true, ""converged"": true, ""end_geometry_sha256"": ""37f119adf3f1e3c09d5e935a9998ffe4f98d9d60eb3191d1d8794fa0fc3b6910"", ""failure_class"": null, ""max_force_eV_A"": 0.07151599936003995, ""name"": ""bfgs_standard"", ""start_geometry_sha256"": ""5e37aae823cc11c253aaf8c82d880b913315de7af1d65bab7263b4e8e24f4028"", ""steps"": 44}]",37f119adf3f1e3c09d5e935a9998ffe4f98d9d60eb3191d1d8794fa0fc3b6910,-142.90247964401033,True,0.0783658263814632,24.0,100.0,0.08,converged,,bfgs_standard,"[{""ase_converged"": true, ""converged"": true, ""end_geometry_sha256"": ""221e0bf0ce6f741240c91d487a501c159693da1f4bf16ca6aac5ded07120bffd"", ""failure_class"": null, ""max_force_eV_A"": 0.0783658263814632, ""name"": ""bfgs_standard"", ""start_geometry_sha256"": ""9f02d76a797a2e91781d6e63f3d71a8cc2c30864f7ab2a1d649476ee28155966"", ""steps"": 24}]",221e0bf0ce6f741240c91d487a501c159693da1f4bf16ca6aac5ded07120bffd,2.267668309360743,True,0.06379884952426915,47.0,100.0,0.08,converged,,bfgs_standard,"[{""ase_converged"": true, ""converged"": true, ""end_geometry_sha256"": ""5781bb668f3006e206ae367ddbb3aa110cb096b14352d932fa312183d38acd7a"", ""failure_class"": null, ""max_force_eV_A"": 0.06379884952426915, ""name"": ""bfgs_standard"", ""start_geometry_sha256"": ""672e270b9e0931be2023967c6cdb67c45b1ebb240e5688e318a5dbf5efa6a9ac"", ""steps"": 47}]",5781bb668f3006e206ae367ddbb3aa110cb096b14352d932fa312183d38acd7a,3.9804541237652336,True,0.07836951540392714,247.0,100.0,0.08,converged,,bfgs_after_fire,"[{""ase_converged"": false, ""converged"": false, ""end_geometry_sha256"": ""0762dae9a5f7c43f388567f6a2d1947304c6ebcf574db2d3e82d52890f68c172"", ""failure_class"": ""force_threshold"", ""max_force_eV_A"": 0.25291415419440905, ""name"": ""bfgs_standard"", ""start_geometry_sha256"": ""68bc531605d63bc74e7400865c3a83ba0001c895dfdc41412618a6d81e02d166"", ""steps"": 100}, {""ase_converged"": true, ""converged"": true, ""end_geometry_sha256"": ""c2ec7a21df0c05f864c62c39ecb9fc6a37bf1ca4962a187d8befb181f22fd49d"", ""failure_class"": null, ""max_force_eV_A"": 0.22205462176502075, ""name"": ""fire_precondition"", ""qualifying"": false, ""start_geometry_sha256"": ""68bc531605d63bc74e7400865c3a83ba0001c895dfdc41412618a6d81e02d166"", ""steps"": 44}, {""ase_converged"": true, ""converged"": true, ""end_geometry_sha256"": ""a78c78f83a4620c593f5eb74a3bff247512e3b2bf71ded296eb2335aa7b409a8"", ""failure_class"": null, ""max_force_eV_A"": 0.07836951540392714, ""name"": ""bfgs_after_fire"", ""start_geometry_sha256"": ""c2ec7a21df0c05f864c62c39ecb9fc6a37bf1ca4962a187d8befb181f22fd49d"", ""steps"": 103}]",a78c78f83a4620c593f5eb74a3bff247512e3b2bf71ded296eb2335aa7b409a8,3.747911642491821,1.4615424812734128,step_2_O,9.0,0.0,True,6.248122433125976,0.610000000035,False,quantitative_screening,2,2,43c54448d71f1be44ee0,False,
"('SAC', 'Fe', 'N3C', 'N-porous_carbon', 'CO')",SAC,True,esen-sm-conserving-all-oc25:relax-v4:orr-che-v3,True,0.06643887769952923,43,150,0.08,converged,,bfgs_standard,"[{""ase_converged"": true, ""converged"": true, ""end_geometry_sha256"": ""b37a10466086e3b1e84a2b7385a67c67c43aedb262fdbfe6d6e15b52c8dcbabd"", ""failure_class"": null, ""max_force_eV_A"": 0.06643887769952923, ""name"": ""bfgs_standard"", ""start_geometry_sha256"": ""b13111161e1988a716a0e1fabf062b8cc1b1e1bd0e74d1d61c35f079ffce4c12"", ""steps"": 43}]",b37a10466086e3b1e84a2b7385a67c67c43aedb262fdbfe6d6e15b52c8dcbabd,-141.1642085335075,True,0.06133074743148562,70.0,100.0,0.08,converged,,bfgs_standard,"[{""ase_converged"": true, ""converged"": true, ""end_geometry_sha256"": ""944ea943d5f281080524e514e7d3809e71c12112cda5df04906a972154f4443b"", ""failure_class"": null, ""max_force_eV_A"": 0.06133074743148562, ""name"": ""bfgs_standard"", ""start_geometry_sha256"": ""8303f142465482844af8b5b711f248869f9226a25f616da9e9bc99accd7cf7ff"", ""steps"": 70}]",944ea943d5f281080524e514e7d3809e71c12112cda5df04906a972154f4443b,2.1578767921030524,True,0.06927772880316001,32.0,100.0,0.08,converged,,bfgs_standard,"[{""ase_converged"": true, ""converged"": true, ""end_geometry_sha256"": ""d4026970c450d6f2934b93a07d49ff2b82a5d89872dcda2bfccb88e09f0dbafa"", ""failure_class"": null, ""max_force_eV_A"": 0.06927772880316001, ""name"": ""bfgs_standard"", ""start_geometry_sha256"": ""4ad3fd6a95ecbfe9b46740444ae1ab4da16f609b82c6da2522ee65d4a739733b"", ""steps"": 32}]",d4026970c450d6f2934b93a07d49ff2b82a5d89872dcda2bfccb88e09f0dbafa,1.8017377026379144,True,0.06543166500161599,66.0,100.0,0.08,converged,,bfgs_standard,"[{""ase_converged"": true, ""converged"": true, ""end_geometry_sha256"": ""fbb882364f4bb3b5a923e2285c9783dee4984ba63ac4a629a9d710a7f1af9c12"", ""failure_class"": null, ""max_force_eV_A"": 0.06543166500161599, ""name"": ""bfgs_standard"", ""start_geometry_sha256"": ""6cccf58b3a31c28eb59d4529be3f2e8837814edae190836404bb4db16d4c832e"", ""steps"": 66}]",fbb882364f4bb3b5a923e2285c9783dee4984ba63ac4a629a9d710a7f1af9c12,5.021725605428223,1.585139089465138,step_3_OH,7.0,0.0,True,3.9596144947409666,0.610000000035,False,quantitative_screening,1,1,da27a367f218fd297ad9,False,
"('SAC', 'Fe', 'N2C2', 'N-CNT', 'CO')",SAC,True,esen-sm-conserving-all-oc25:relax-v4:orr-che-v3,True,0.06414106224698705,39,150,0.08,converged,,bfgs_standard,"[{""ase_converged"": true, ""converged"": true, ""end_geometry_sha256"": ""5d5e9eeca8a133dcd428b6bf02c08e5bcb497725287e61f05332ad025016922a"", ""failure_class"": null, ""max_force_eV_A"": 0.06414106224698705, ""name"": ""bfgs_standard"", ""start_geometry_sha256"": ""43563f06f71e1fbc476f0744c4d7c73b5342aa7d55aced6f32fd55058ec6826a"", ""steps"": 39}]",5d5e9eeca8a133dcd428b6bf02c08e5bcb497725287e61f05332ad025016922a,-141.33846502425592,True,0.06463651894982991,33.0,100.0,0.08,converged,,bfgs_standard,"[{""ase_converged"": true, ""converged"": true, ""end_geometry_sha256"": ""86082d4a21ab17142df23a31c63af1ed044346fa8f30fedc4f7d771f5d992349"", ""failure_class"": null, ""max_force_eV_A"": 0.06463651894982991, ""name"": ""bfgs_standard"", ""start_geometry_sha256"": ""a77a8ffae9646974520b6859a6577dd1b932330ef9aa1b04d928c8ca86349a19"", ""steps"": 33}]",86082d4a21ab17142df23a31c63af1ed044346fa8f30fedc4f7d771f5d992349,2.0226934577524665,True,0.07851644007314178,32.0,100.0,0.08,converged,,bfgs_standard,"[{""ase_converged"": true, ""converged"": true, ""end_geometry_sha256"": ""90984d027ceb6906995a78a219703cf2f0957029f0f7ecd660fc78e540ea7b34"", ""failure_class"": null, ""max_force_eV_A"": 0.07851644007314178, ""name"": ""bfgs_standard"", ""start_geometry_sha256"": ""c65b12eb201de1982df243b238a0f3c0acb49664f0ee156b468d266d95d2a10f"", ""steps"": 32}]",90984d027ceb6906995a78a219703cf2f0957029f0f7ecd660fc78e540ea7b34,1.5253934033215082,True,0.07482750224719815,48.0,100.0,0.08,converged,,bfgs_standard,"[{""ase_converged"": true, ""converged"": true, ""end_geometry_sha256"": ""f48e39927e248ea7587e838106930098c43ffa1c0577c24c2e16f27aca8df1fd"", ""failure_class"": null, ""max_force_eV_A"": 0.07482750224719815, ""name"": ""bfgs_standard"", ""start_geometry_sha256"": ""2f932c7aef4dc5f55428e8afc1ffe7191e6fd3624e19d986d51426e48edd1146"", ""steps"": 48}]",f48e39927e248ea7587e838106930098c43ffa1c0577c24c2e16f27aca8df1fd,4.7797126278281254,1.7263000544309584,step_3_OH,7.0,0.0,True,3.5480868610739744,0.610000000035,False,quantitative_screening,0,0,efb1063f8d55ef6ccd78,False,
"('SAC', 'Fe', 'N3S', 'MoS2_sheet', 'CO')",SAC,True,esen-sm-conserving-all-oc25:relax-v4:orr-che-v3,True,0.06701766972331653,107,150,0.08,converged,,bfgs_standard,"[{""ase_converged"": true, ""converged"": true, ""end_geometry_sha256"": ""a0baaca963fe99a5281e1212051453eca44d0927c9ad44ec019b02d21ac73e97"", ""failure_class"": null, ""max_force_eV_A"": 0.06701766972331653, ""name"": ""bfgs_standard"", ""start_geometry_sha256"": ""613336cf5f6811ba4c459fb0c29cf91f3eac77ae04cf67435dd89f3d30c786bd"", ""steps"": 107}]",a0baaca963fe99a5281e1212051453eca44d0927c9ad44ec019b02d21ac73e97,-140.79037792761588,True,0.06825166527140915,32.0,100.0,0.08,converged,,bfgs_standard,"[{""ase_converged"": true, ""converged"": true, ""end_geometry_sha256"": ""0b8baa401c0d2af4d756b2d47f2f6e696ce54c34bc3e3b5a52975837af4ff231"", ""failure_class"": null, ""max_force_eV_A"": 0.06825166527140915, ""name"": ""bfgs_standard"", ""start_geometry_sha256"": ""a4be12388258349c2a811b76aab4eac7a7d87a6ce9c04c591b20ba0b2bf20907"", ""steps"": 32}]",0b8baa401c0d2af4d756b2d47f2f6e696ce54c34bc3e3b5a52975837af4ff231,0.8391154433786869,True,0.051686506728643014,55.0,100.0,0.08,converged,,bfgs_standard,"[{""ase_converged"": true, ""converged"": true, ""end_geometry_sha256"": ""88508789b5386773712e502f898067a68265c92bae8fdec7cb38a8f145599682"", ""failure_class"": null, ""max_force_eV_A"": 0.051686506728643014, ""name"": ""bfgs_standard"", ""start_geometry_sha256"": ""31ea0fc053b926ff865dbe2eab937a739938fad1ce0c0aa181f15046e0169571"", ""steps"": 55}]",88508789b5386773712e502f898067a68265c92bae8fdec7cb38a8f145599682,1.7309421665966547,True,0.055497456940521585,33.0,100.0,0.08,converged,,bfgs_standard,"[{""ase_converged"": true, ""converged"": true, ""end_geometry_sha256"": ""65abc48feeefc2d8daa59d4080a38684381b00e566708cbbb7c238a257af2c6d"", ""failure_class"": null, ""max_force_eV_A"": 0.055497456940521585, ""name"": ""bfgs_standard"", ""start_geometry_sha256"": ""190ddac73bcbb710a54ef127285401bdd38e31e2dc2b6604c4b7c5e069ad994b"", ""steps"": 33}]",65abc48feeefc2d8daa59d4080a38684381b00e566708cbbb7c238a257af2c6d,3.8796858295798335,0.38988455662131316,step_4_H2O,7.0,0.0,True,2.5700576099753416,0.610000000035,False,quantitative_screening,1,1,86d4a6562ed06d12f482,False,
"('SAC', 'Fe', 'N2S2', 'MoS2_sheet', 'H2O')",SAC,True,esen-sm-conserving-all-oc25:relax-v4:orr-che-v3,True,0.07130964121178301,96,150,0.08,converged,,bfgs_standard,"[{""ase_converged"": true, ""converged"": true, ""end_geometry_sha256"": ""c4cf0ad8d0bd850d9be8703c686519eea26cf7faa58e712b09c9ce3fe06a4bf7"", ""failure_class"": null, ""max_force_eV_A"": 0.07130964121178301, ""name"": ""bfgs_standard"", ""start_geometry_sha256"": ""066ae9564c0b61b996f44b06dd6e7e28820e9d9dda2e6e7626733c2b57db37a4"", ""steps"": 96}]",c4cf0ad8d0bd850d9be8703c686519eea26cf7faa58e712b09c9ce3fe06a4bf7,-135.29864005456068,True,0.07997962296161083,30.0,100.0,0.08,converged,,bfgs_standard,"[{""ase_converged"": true, ""converged"": true, ""end_geometry_sha256"": ""861484d8e606d06599f1f62f1d2fff09294a0c58213486399a15d0bb1b490ff1"", ""failure_class"": null, ""max_force_eV_A"": 0.07997962296161083, ""name"": ""bfgs_standard"", ""start_geometry_sha256"": ""ab5767ef8382a89b6541e0e5a933a98913d4a4151602c18941daf233b9439da7"", ""steps"": 30}]",861484d8e606d06599f1f62f1d2fff09294a0c58213486399a15d0bb1b490ff1,-0.03665035709738734,True,0.06909490397170912,36.0,100.0,0.08,converged,,bfgs_standard,"[{""ase_converged"": true, ""converged"": true, ""end_geometry_sha256"": ""ab40c7a303dc2be94502ca8bbc174b814d4d0972493ed067620d997cc04a8c6d"", ""failure_class"": null, ""max_force_eV_A"": 0.06909490397170912, ""name"": ""bfgs_standard"", ""start_geometry_sha256"": ""6ee4b9131f7cb5a343789814514b859d67530732a644fe85a7d8f516b876a2ab"", ""steps"": 36}]",ab40c7a303dc2be94502ca8bbc174b814d4d0972493ed067620d997cc04a8c6d,1.6896742947399652,True,0.07177573785544636,62.0,100.0,0.08,converged,,bfgs_standard,"[{""ase_converged"": true, ""converged"": true, ""end_geometry_sha256"": ""28e7802628db095a0ed5ef73274afb4aa3bd6b93e322afd2c82ecd69b727ce1d"", ""failure_class"": null, ""max_force_eV_A"": 0.07177573785544636, ""name"": ""bfgs_standard"", ""start_geometry_sha256"": ""19336dc7ee613c3e0a9d0c1db78826c8e992e581fab1717b1bb011d93be0b872"", ""steps"": 62}]",28e7802628db095a0ed5ef73274afb4aa3bd6b93e322afd2c82ecd69b727ce1d,3.0204867824912105,1.2656503570973874,step_4_H2O,7.0,0.0,True,1.7263246518373525,0.610000000035,False,quantitative_screening,2,2,51ede1bdc2e8778d320b,False,
"('SAC', 'Fe', 'N4_pyrrole', 'N-CNT', 'H2O')",SAC,True,esen-sm-conserving-all-oc25:relax-v4:orr-che-v3,True,0.07797162629048597,58,150,0.08,converged,,bfgs_standard,"[{""ase_converged"": true, ""converged"": true, ""end_geometry_sha256"": ""793e84dfeae2c788300c64634b9a3dfa0d2c479b4a5f070792552ef0a3bd6df4"", ""failure_class"": null, ""max_force_eV_A"": 0.07797162629048597, ""name"": ""bfgs_standard"", ""start_geometry_sha256"": ""78c8b327dab9cccb17ecfed25ee83f94218acea2275ddadd05214acba2f4e575"", ""steps"": 58}]",793e84dfeae2c788300c64634b9a3dfa0d2c479b4a5f070792552ef0a3bd6df4,-140.7317966968423,True,0.06816583776016105,33.0,100.0,0.08,converged,,bfgs_standard,"[{""ase_converged"": true, ""converged"": true, ""end_geometry_sha256"": ""0415a9ed07691e157efbbb92c838dc63689102ce6dd1ec87eff6aeaac94a2863"", ""failure_class"": null, ""max_force_eV_A"": 0.06816583776016105, ""name"": ""bfgs_standard"", ""start_geometry_sha256"": ""2fcfadc9f93d8c7c885887cf8a5667b2e9166c089bb007f62fb8ea1f0495a1a5"", ""steps"": 33}]",0415a9ed07691e157efbbb92c838dc63689102ce6dd1ec87eff6aeaac94a2863,1.9893081809580326,True,0.06949491710252174,39.0,100.0,0.08,converged,,bfgs_standard,"[{""ase_converged"": true, ""converged"": true, ""end_geometry_sha256"": ""593aa9cff4b083b81708977a4d8f35fc34f57f5c61b7411c6e34773255230961"", ""failure_class"": null, ""max_force_eV_A"": 0.06949491710252174, ""name"": ""bfgs_standard"", ""start_geometry_sha256"": ""84d01df58195d1e103921d3c46926c6a223d19d98263f6a5e55ca822824edb54"", ""steps"": 39}]",593aa9cff4b083b81708977a4d8f35fc34f57f5c61b7411c6e34773255230961,3.7283128865063224,True,0.07681941736680632,50.0,100.0,0.08,converged,,bfgs_standard,"[{""ase_converged"": true, ""converged"": true, ""end_geometry_sha256"": ""bfc727a573c32225ed187dc1ad9ab4f3520c3b249e3a59075091289bb0d711cf"", ""failure_class"": null, ""max_force_eV_A"": 0.07681941736680632, ""name"": ""bfgs_standard"", ""start_geometry_sha256"": ""df795540467dcbb7db2a9b36204a25e512fd0b0b05d50e2ff4a1809a68d83385"", ""steps"": 50}]",bfc727a573c32225ed187dc1ad9ab4f3520c3b249e3a59075091289bb0d711cf,4.860140274465088,1.1691402744650885,step_1_OOH,7.0,0.0,True,5.717621067464355,0.610000000035,False,quantitative_screening,0,0,f872ca588223b5be43b8,False,
"('SAC', 'Fe', 'N2Se2', 'N-CNT', 'pyridine')",SAC,True,esen-sm-conserving-all-oc25:relax-v4:orr-che-v3,True,0.0711710191793726,58,150,0.08,converged,,bfgs_standard,"[{""ase_converged"": true, ""converged"": true, ""end_geometry_sha256"": ""297a5f020d9f61e32068bfdc6d15cdb363864bfa5fdf0d63d9cba6adb1ba5a67"", ""failure_class"": null, ""max_force_eV_A"": 0.0711710191793726, ""name"": ""bfgs_standard"", ""start_geometry_sha256"": ""72193167a2b6333770b1cca8735d664eb38df9dc10b7e5d279e4a818d3a996dd"", ""steps"": 58}]",297a5f020d9f61e32068bfdc6d15cdb363864bfa5fdf0d63d9cba6adb1ba5a67,-140.73014064139187,True,0.06822278105893949,33.0,100.0,0.08,converged,,bfgs_standard,"[{""ase_converged"": true, ""converged"": true, ""end_geometry_sha256"": ""5ac0f754e3bc8c6599ce4a8954301e9e526eaf65a7887672e8dbcb0331ece7b8"", ""failure_class"": null, ""max_force_eV_A"": 0.06822278105893949, ""name"": ""bfgs_standard"", ""start_geometry_sha256"": ""522764cad1b55345b826d928bcdc6bb01a8ab813b004c57b659dd47294baf877"", ""steps"": 33}]",5ac0f754e3bc8c6599ce4a8954301e9e526eaf65a7887672e8dbcb0331ece7b8,1.9872744704782963,True,0.07430118973030524,38.0,100.0,0.08,converged,,bfgs_standard,"[{""ase_converged"": true, ""converged"": true, ""end_geometry_sha256"": ""5261afbecbdb6bb3f31f0d2fe66bb434e51466efec53c44a7f6f376d3ae07971"", ""failure_class"": null, ""max_force_eV_A"": 0.07430118973030524, ""name"": ""bfgs_standard"", ""start_geometry_sha256"": ""3e79ce173662203ba038422798f9f45867370b4abf8e9731c9c07e51b65cd76b"", ""steps"": 38}]",5261afbecbdb6bb3f31f0d2fe66bb434e51466efec53c44a7f6f376d3ae07971,3.727368272095922,True,0.06012074150238224,54.0,100.0,0.08,converged,,bfgs_standard,"[{""ase_converged"": true, ""converged"": true, ""end_geometry_sha256"": ""45b130b84edf1ad6be34eafb9b3b731838b3949453c2d5bcdfb3028de734c3c7"", ""failure_class"": null, ""max_force_eV_A"": 0.06012074150238224, ""name"": ""bfgs_standard"", ""start_geometry_sha256"": ""3acfaca2e54cb948bb6a9048c91e0c6367fdb9f5f6f906891b5db02808a866f7"", ""steps"": 54}]",45b130b84edf1ad6be34eafb9b3b731838b3949453c2d5bcdfb3028de734c3c7,4.853636692464356,1.162636692464356,step_1_OOH,7.0,0.0,True,5.714642742574219,0.610000000035,False,quantitative_screening,1,1,a0354ebca1698b19778c,False,
"('SAC', 'Fe', 'N2Se2', 'MoS2_sheet', 'pyridine')",SAC,True,esen-sm-conserving-all-oc25:relax-v4:orr-che-v3,True,0.06986013557903716,98,150,0.08,converged,,bfgs_standard,"[{""ase_converged"": true, ""converged"": true, ""end_geometry_sha256"": ""5148a2c42068781a5f2f4244b92d5d65fc2d9db6fe5e453ef483f54b93eb3542"", ""failure_class"": null, ""max_force_eV_A"": 0.06986013557903716, ""name"": ""bfgs_standard"", ""start_geometry_sha256"": ""9780a8d530ddad1369872990f48edd9d6f052d202eac1d1af16f8cd1584c5c3f"", ""steps"": 98}]",5148a2c42068781a5f2f4244b92d5d65fc2d9db6fe5e453ef483f54b93eb3542,-144.4184864595456,True,0.07794714791918537,21.0,100.0,0.08,converged,,bfgs_standard,"[{""ase_converged"": true, ""converged"": true, ""end_geometry_sha256"": ""f0bad1e88be35eda88fc01db1f10f88b387f92c3056e80d77d244b15b09696f3"", ""failure_class"": null, ""max_force_eV_A"": 0.07794714791918537, ""name"": ""bfgs_standard"", ""start_geometry_sha256"": ""856315fd18931ab8bc5c4e9cdd32b4b979b5993ced57d6473f424c3126dcb7a4"", ""steps"": 21}]",f0bad1e88be35eda88fc01db1f10f88b387f92c3056e80d77d244b15b09696f3,0.43591028705239293,True,0.07200710252868203,34.0,100.0,0.08,converged,,bfgs_standard,"[{""ase_converged"": true, ""converged"": true, ""end_geometry_sha256"": ""bade2e7db7ab9247714ac45fe2d75b4e5a1ef9d31b7f00574c32ee8dc76bdfc0"", ""failure_class"": null, ""max_force_eV_A"": 0.07200710252868203, ""name"": ""bfgs_standard"", ""start_geometry_sha256"": ""11bddac53eb7ed3e5b94c92e5a219e2f9b87e575c14124a519bb06e36d7e7ef7"", ""steps"": 34}]",bade2e7db7ab9247714ac45fe2d75b4e5a1ef9d31b7f00574c32ee8dc76bdfc0,1.2392021782696283,True,0.0712306070309837,44.0,100.0,0.08,converged,,bfgs_standard,"[{""ase_converged"": true, ""converged"": true, ""end_geometry_sha256"": ""46805bd86094f34e9dc076e41755e375ce5495edc0cbf283bc4b9a6adf467bbe"", ""failure_class"": null, ""max_force_eV_A"": 0.0712306070309837, ""name"": ""bfgs_standard"", ""start_geometry_sha256"": ""b50c8d05a273e1b416a863888cd94d6b87a40ddadccdc9821493d501c6cbd4da"", ""steps"": 44}]",46805bd86094f34e9dc076e41755e375ce5495edc0cbf283bc4b9a6adf467bbe,3.228601406514648,0.7930897129476071,step_4_H2O,7.0,0.0,True,1.6751124653220213,0.610000000035,False,quantitative_screening,2,2,e6a3ba43acdfe68f517e,False,
"('SAC', 'Fe', 'N2B2', 'N-porous_carbon', 'pyridine')",SAC,True,esen-sm-conserving-all-oc25:relax-v4:orr-che-v3,True,0.07839816706531157,64,150,0.08,converged,,bfgs_standard,"[{""ase_converged"": true, ""converged"": true, ""end_geometry_sha256"": ""3749848a36b798996454c930b9eb4da08ce490d3441ac2bf58e6891e7ed0b2a2"", ""failure_class"": null, ""max_force_eV_A"": 0.07839816706531157, ""name"": ""bfgs_standard"", ""start_geometry_sha256"": ""6c44d9bdb5cb6843dc6df91e911749886f3244857bb4397185e42c49eff7193d"", ""steps"": 64}]",3749848a36b798996454c930b9eb4da08ce490d3441ac2bf58e6891e7ed0b2a2,-140.73932786291897,True,0.07226097299194391,39.0,100.0,0.08,converged,,bfgs_standard,"[{""ase_converged"": true, ""converged"": true, ""end_geometry_sha256"": ""c173fe0c86522e100f5478408399841bdc6ca476679dca65557ddc3e43e9874e"", ""failure_class"": null, ""max_force_eV_A"": 0.07226097299194391, ""name"": ""bfgs_standard"", ""start_geometry_sha256"": ""cc6ddb2a4bff3db3f0a272034d1f8a9c04f8ae7b3907f808f4325e249c24346d"", ""steps"": 39}]",c173fe0c86522e100f5478408399841bdc6ca476679dca65557ddc3e43e9874e,1.9943178321421147,True,0.07996567421350201,38.0,100.0,0.08,converged,,bfgs_standard,"[{""ase_converged"": true, ""converged"": true, ""end_geometry_sha256"": ""f783f7dde7e31cee4c3ce1f23b56a9a405cb63ab5c6ac26563fdfe8414527e8a"", ""failure_class"": null, ""max_force_eV_A"": 0.07996567421350201, ""name"": ""bfgs_standard"", ""start_geometry_sha256"": ""b5f1c2a3d7563d0d7bf9feb1166c0656817f606274d81436f2267ab38c38b1e2"", ""steps"": 38}]",f783f7dde7e31cee4c3ce1f23b56a9a405cb63ab5c6ac26563fdfe8414527e8a,3.741535580903295,True,0.0715309771809826,49.0,100.0,0.08,converged,,bfgs_standard,"[{""ase_converged"": true, ""converged"": true, ""end_geometry_sha256"": ""9d5537b84b95907ceea7e3bad57d280463a3c6ea7516c4e9e21e53edbf82d608"", ""failure_class"": null, ""max_force_eV_A"": 0.0715309771809826, ""name"": ""bfgs_standard"", ""start_geometry_sha256"": ""e1c96f5ca38b00254d7e09a5c686f68a6ec38baa5d2d60228091ab9001383217"", ""steps"": 49}]",9d5537b84b95907ceea7e3bad57d280463a3c6ea7516c4e9e21e53edbf82d608,4.868279884755616,1.1772798847556158,step_1_OOH,7.0,0.0,True,5.73585341304541,0.610000000035,False,quantitative_screening,0,0,ff7b899f73f91ffa3271,False,
"('DAC', 'Mn', 'Sm', 'N3BN3', 'Phosphorene')",DAC,True,esen-sm-conserving-all-oc25:relax-v4:orr-che-v3,True,0.07202875488016226,313,150,0.08,converged,,bfgs_after_fire,"[{""ase_converged"": false, ""converged"": false, ""end_geometry_sha256"": ""876205563647eff801b73d516578553f94608618583ec4603b43de61bd6bd43e"", ""failure_class"": ""force_threshold"", ""max_force_eV_A"": 0.1932216072076981, ""name"": ""bfgs_standard"", ""start_geometry_sha256"": ""2ca36ea67f012d604268ca90b1d96eaa4bdabb6e910f48f75b21380aff68cf16"", ""steps"": 150}, {""ase_converged"": false, ""converged"": false, ""end_geometry_sha256"": ""cdc853c45db72352f9fd846ea62bc46324ced8b20551aaa9e5d15bb99c67ba4a"", ""failure_class"": ""force_threshold"", ""max_force_eV_A"": 2.7245614987091438, ""name"": ""fire_precondition"", ""qualifying"": false, ""start_geometry_sha256"": ""2ca36ea67f012d604268ca90b1d96eaa4bdabb6e910f48f75b21380aff68cf16"", ""steps"": 75}, {""ase_converged"": true, ""converged"": true, ""end_geometry_sha256"": ""0b3a67f44aca43ab3b5699120ce89b85e0e94e8d06f49e3fcb013df9b3e279a8"", ""failure_class"": null, ""max_force_eV_A"": 0.07202875488016226, ""name"": ""bfgs_after_fire"", ""start_geometry_sha256"": ""cdc853c45db72352f9fd846ea62bc46324ced8b20551aaa9e5d15bb99c67ba4a"", ""steps"": 88}]",0b3a67f44aca43ab3b5699120ce89b85e0e94e8d06f49e3fcb013df9b3e279a8,-132.98298575075455,True,0.06425554895253069,72.0,100.0,0.08,converged,,bfgs_standard,"[{""ase_converged"": true, ""converged"": true, ""end_geometry_sha256"": ""63c6375b1abc214e51909cee21ee92ae950e8730f881324c794fc742f71b3574"", ""failure_class"": null, ""max_force_eV_A"": 0.06425554895253069, ""name"": ""bfgs_standard"", ""start_geometry_sha256"": ""dd8c4c5d8bb94c2321631300ae196b68b22446190512aa28d7bb21d867131ea9"", ""steps"": 72}]",63c6375b1abc214e51909cee21ee92ae950e8730f881324c794fc742f71b3574,1.7252834464609623,True,0.057831099898040625,221.0,100.0,0.08,converged,,bfgs_after_fire,"[{""ase_converged"": false, ""converged"": false, ""end_geometry_sha256"": ""5f5872f8e647801c6db401517b1bf3120b810a7645ab771cb1c24ab81a3ddeec"", ""failure_class"": ""force_threshold"", ""max_force_eV_A"": 0.09151423495917678, ""name"": ""bfgs_standard"", ""start_geometry_sha256"": ""edc6570bf636f43cc2a3e7a6d5044907e5412153d9b3b596830111980641223e"", ""steps"": 100}, {""ase_converged"": false, ""converged"": false, ""end_geometry_sha256"": ""783881b3dd28f7131dd21ce57757a8edd2cd1548a4a38d613d7762d7a85268c6"", ""failure_class"": ""force_threshold"", ""max_force_eV_A"": 2.5716780541643494, ""name"": ""fire_precondition"", ""qualifying"": false, ""start_geometry_sha256"": ""edc6570bf636f43cc2a3e7a6d5044907e5412153d9b3b596830111980641223e"", ""steps"": 50}, {""ase_converged"": true, ""converged"": true, ""end_geometry_sha256"": ""8d6f68e57b86a7b89b7d2a09441296a1448432144646a0802c5adc8f94f13c69"", ""failure_class"": null, ""max_force_eV_A"": 0.057831099898040625, ""name"": ""bfgs_after_fire"", ""start_geometry_sha256"": ""783881b3dd28f7131dd21ce57757a8edd2cd1548a4a38d613d7762d7a85268c6"", ""steps"": 71}]",8d6f68e57b86a7b89b7d2a09441296a1448432144646a0802c5adc8f94f13c69,-0.8938494555652106,True,0.0635778838923093,51.0,100.0,0.08,converged,,bfgs_standard,"[{""ase_converged"": true, ""converged"": true, ""end_geometry_sha256"": ""dfe70e8c8be3b0e5f2579125f7735ab393a81581b8b9a9df49f734ae06d5a0fe"", ""failure_class"": null, ""max_force_eV_A"": 0.0635778838923093, ""name"": ""bfgs_standard"", ""start_geometry_sha256"": ""b86dafbebee337743865dacbbbaa2f9f9356a3ed6002a46486866aa4d5d41557"", ""steps"": 51}]",dfe70e8c8be3b0e5f2579125f7735ab393a81581b8b9a9df49f734ae06d5a0fe,4.989082764089112,3.0,step_3_OH,9.0,0.0,True,2.619132902026173,0.498608834270667,True,quantitative_screening,1,1,7cf373f18d17780073ec,False,
"('DAC', 'Mn', 'Bi', 'C4N4', 'N-porous_carbon')",DAC,True,esen-sm-conserving-all-oc25:relax-v4:orr-che-v3,True,0.06665718630530254,126,150,0.08,converged,,bfgs_standard,"[{""ase_converged"": true, ""converged"": true, ""end_geometry_sha256"": ""ad425874a15771b6234e48d915bf5ce16eb40ac4518fa36482c0b1b62f168407"", ""failure_class"": null, ""max_force_eV_A"": 0.06665718630530254, ""name"": ""bfgs_standard"", ""start_geometry_sha256"": ""75d94dd723076a1058fa6d41f39b6411a72cccdc2b66fa376893d37c8a6156e9"", ""steps"": 126}]",ad425874a15771b6234e48d915bf5ce16eb40ac4518fa36482c0b1b62f168407,-133.53230028385514,True,0.07205499579088114,232.0,100.0,0.08,converged,,bfgs_after_fire,"[{""ase_converged"": false, ""converged"": false, ""end_geometry_sha256"": ""63f5838a70c58b4bd72ffd36bc717148cbf0e615ad3bb62d5b8f21e034d4768f"", ""failure_class"": ""force_threshold"", ""max_force_eV_A"": 0.11869778601247234, ""name"": ""bfgs_standard"", ""start_geometry_sha256"": ""efb02eccc8d84d6b801b1c8dcd8687f5b4b596a95d7ba1d7f2a16797fb798421"", ""steps"": 100}, {""ase_converged"": true, ""converged"": true, ""end_geometry_sha256"": ""c9f1b1b93183f5077fe23ec2aab72c24871fe84003de4e39686bfe689d1d41fe"", ""failure_class"": null, ""max_force_eV_A"": 0.24994894663747055, ""name"": ""fire_precondition"", ""qualifying"": false, ""start_geometry_sha256"": ""efb02eccc8d84d6b801b1c8dcd8687f5b4b596a95d7ba1d7f2a16797fb798421"", ""steps"": 37}, {""ase_converged"": true, ""converged"": true, ""end_geometry_sha256"": ""5cbe0a2bac6302027f9917e77f805ee453d7d486b3fc779fb5131f84eecb88a1"", ""failure_class"": null, ""max_force_eV_A"": 0.07205499579088114, ""name"": ""bfgs_after_fire"", ""start_geometry_sha256"": ""c9f1b1b93183f5077fe23ec2aab72c24871fe84003de4e39686bfe689d1d41fe"", ""steps"": 95}]",5cbe0a2bac6302027f9917e77f805ee453d7d486b3fc779fb5131f84eecb88a1,-1.0255305145680904,True,0.0793803967459811,68.0,100.0,0.08,converged,,bfgs_standard,"[{""ase_converged"": true, ""converged"": true, ""end_geometry_sha256"": ""907ad499f5c3944bf010159f3eb82f3cb7486f82e1176c5fed31c37677dc7b64"", ""failure_class"": null, ""max_force_eV_A"": 0.0793803967459811, ""name"": ""bfgs_standard"", ""start_geometry_sha256"": ""7772f069f3391bf5bc1c602dd529ebbb159533de2c03c7f728f58dba6695eac9"", ""steps"": 68}]",907ad499f5c3944bf010159f3eb82f3cb7486f82e1176c5fed31c37677dc7b64,-1.0247984759509527,True,0.07983878259038354,66.0,100.0,0.08,converged,,bfgs_standard,"[{""ase_converged"": true, ""converged"": true, ""end_geometry_sha256"": ""1dae4c29f45c20624848f53def408f0095d0fff396f258d82013086bee8722aa"", ""failure_class"": null, ""max_force_eV_A"": 0.07983878259038354, ""name"": ""bfgs_standard"", ""start_geometry_sha256"": ""dbbb041eb9d42f895e73fe1855f30c4b4bbc24788f4a834983b6224136426f30"", ""steps"": 66}]",1dae4c29f45c20624848f53def408f0095d0fff396f258d82013086bee8722aa,4.12635655254126,2.2545305145680903,step_4_H2O,9.0,-1.1191864077192089,True,2.050328990519043,0.5775000000349999,False,quantitative_screening,2,2,61e932f21b3018539d9e,False,
"('DAC', 'Fe', 'Cr', 'N4C2', 'N-carbon_black')",DAC,True,esen-sm-conserving-all-oc25:relax-v4:orr-che-v3,True,0.07865079333226031,77,150,0.08,converged,,bfgs_standard,"[{""ase_converged"": true, ""converged"": true, ""end_geometry_sha256"": ""38c8555d7583363aa7a7047e04d88547f214e40782c002fb28dd3dc97895d877"", ""failure_class"": null, ""max_force_eV_A"": 0.07865079333226031, ""name"": ""bfgs_standard"", ""start_geometry_sha256"": ""ce33d0b01ec6e364d494e4b117d4016ec30c4ca572b02332f88390e0887de768"", ""steps"": 77}]",38c8555d7583363aa7a7047e04d88547f214e40782c002fb28dd3dc97895d877,-158.96599422501487,True,0.07831297232460896,51.0,100.0,0.08,converged,,bfgs_standard,"[{""ase_converged"": true, ""converged"": true, ""end_geometry_sha256"": ""4fbfd6edd68e409187ddbf7cf270bcf14fef637a3403775f08b865c1674ab363"", ""failure_class"": null, ""max_force_eV_A"": 0.07831297232460896, ""name"": ""bfgs_standard"", ""start_geometry_sha256"": ""06e4d5f7514d0d7eaaafafb90395c607571ae0f9155aca04dde7babb28b7b408"", ""steps"": 51}]",4fbfd6edd68e409187ddbf7cf270bcf14fef637a3403775f08b865c1674ab363,0.7459161902964115,True,0.07924395955962871,54.0,100.0,0.08,converged,,bfgs_standard,"[{""ase_converged"": true, ""converged"": true, ""end_geometry_sha256"": ""05ff753b3a00be9fbe13b25bf9f069f4dfa54e38a81f0924e20484e3eff61b3c"", ""failure_class"": null, ""max_force_eV_A"": 0.07924395955962871, ""name"": ""bfgs_standard"", ""start_geometry_sha256"": ""3cdc57a7770fb25220e19d527ea0599fe6cc5d9cc927177b025ebf2743f31ef4"", ""steps"": 54}]",05ff753b3a00be9fbe13b25bf9f069f4dfa54e38a81f0924e20484e3eff61b3c,-2.178339087218043,True,0.07223118648563166,55.0,100.0,0.08,converged,,bfgs_standard,"[{""ase_converged"": true, ""converged"": true, ""end_geometry_sha256"": ""25b03acdfc480c5143c2b224a8df9e94e979070f99b5dcbc8c2eb6a7da6e2402"", ""failure_class"": null, ""max_force_eV_A"": 0.07223118648563166, ""name"": ""bfgs_standard"", ""start_geometry_sha256"": ""7017ec121b07994b972108c5bb3691f9b5402160737559595dc0e41811732e9e"", ""steps"": 55}]",25b03acdfc480c5143c2b224a8df9e94e979070f99b5dcbc8c2eb6a7da6e2402,3.811188648641113,3.0,step_3_OH,6.0,0.0,True,2.9242552775144546,0.5775000000349999,False,quantitative_screening,0,0,32905d0814425138128f,False,
"('DAC', 'Fe', 'Mn', 'N4O2', 'N-CNT')",DAC,True,esen-sm-conserving-all-oc25:relax-v4:orr-che-v3,True,0.073175321563859,96,150,0.08,converged,,bfgs_standard,"[{""ase_converged"": true, ""converged"": true, ""end_geometry_sha256"": ""2ffa823ee363bba4b02e0de2f7e9fe61f17cd1dbbec104fe0188378f5accaf07"", ""failure_class"": null, ""max_force_eV_A"": 0.073175321563859, ""name"": ""bfgs_standard"", ""start_geometry_sha256"": ""9547f82edd98d98bd7572ec8f2cbf77e0a4734084e4cb59cc3780701093f60b8"", ""steps"": 96}]",2ffa823ee363bba4b02e0de2f7e9fe61f17cd1dbbec104fe0188378f5accaf07,-137.49600401918056,True,0.07263631566011858,188.0,100.0,0.08,converged,,bfgs_after_fire,"[{""ase_converged"": false, ""converged"": false, ""end_geometry_sha256"": ""8b7c5967f71dbdf1080ebbfc5d59c4544cd609f1c0e7bf62121a6302d193b098"", ""failure_class"": ""force_threshold"", ""max_force_eV_A"": 0.37246677659152905, ""name"": ""bfgs_standard"", ""start_geometry_sha256"": ""af8e6f5f2c8003b991772905fd06f1661ade526e20eb3aa11d0c12114a05e409"", ""steps"": 100}, {""ase_converged"": true, ""converged"": true, ""end_geometry_sha256"": ""8bb29030f3f957ac6b8bf44b51d0efd374cfd4744b3a68b978750b6fbb92610f"", ""failure_class"": null, ""max_force_eV_A"": 0.23763025001404844, ""name"": ""fire_precondition"", ""qualifying"": false, ""start_geometry_sha256"": ""af8e6f5f2c8003b991772905fd06f1661ade526e20eb3aa11d0c12114a05e409"", ""steps"": 23}, {""ase_converged"": true, ""converged"": true, ""end_geometry_sha256"": ""1e001aef48cae52382b11a05f4f23e1d99ce08454e5adac282129d3ee3552c1f"", ""failure_class"": null, ""max_force_eV_A"": 0.07263631566011858, ""name"": ""bfgs_after_fire"", ""start_geometry_sha256"": ""8bb29030f3f957ac6b8bf44b51d0efd374cfd4744b3a68b978750b6fbb92610f"", ""steps"": 65}]",1e001aef48cae52382b11a05f4f23e1d99ce08454e5adac282129d3ee3552c1f,-0.39880150303244594,True,0.06152763083248622,48.0,100.0,0.08,converged,,bfgs_standard,"[{""ase_converged"": true, ""converged"": true, ""end_geometry_sha256"": ""7ca4dd85bdc83443f8af6ed2071d81d7367b572170702ca9d6fdb45514c57707"", ""failure_class"": null, ""max_force_eV_A"": 0.06152763083248622, ""name"": ""bfgs_standard"", ""start_geometry_sha256"": ""dfddef3f799419f7d4b2d926c877c18b414328408bc471eec3e75ecdb1bbdc83"", ""steps"": 48}]",7ca4dd85bdc83443f8af6ed2071d81d7367b572170702ca9d6fdb45514c57707,-1.109898649901148,True,0.06870553909137225,50.0,100.0,0.08,converged,,bfgs_standard,"[{""ase_converged"": true, ""converged"": true, ""end_geometry_sha256"": ""85c68c599355525f39ee5aaa163388d69fd09a0cf61bfb33ccbb9f87b309e47a"", ""failure_class"": null, ""max_force_eV_A"": 0.06870553909137225, ""name"": ""bfgs_standard"", ""start_geometry_sha256"": ""2229b96f66aeaf3d38edc2baa0251b4d18f7e2622f55e17a929be61ae871f1ed"", ""steps"": 50}]",85c68c599355525f39ee5aaa163388d69fd09a0cf61bfb33ccbb9f87b309e47a,2.7636322483420406,1.9400971468687023,step_3_OH,6.0,0.0,True,1.508700152933594,0.5775000000349999,False,quantitative_screening,0,0,c492fa9f05d3c5164222,False,
"('DAC', 'Fe', 'Y', 'N4C2', 'Phosphorene')",DAC,True,esen-sm-conserving-all-oc25:relax-v4:orr-che-v3,True,0.07154053124154078,125,150,0.08,converged,,bfgs_standard,"[{""ase_converged"": true, ""converged"": true, ""end_geometry_sha256"": ""f20484514f813781af3780d36db2db5d0a77d9ab99d821a2cfcc000b33f4ef99"", ""failure_class"": null, ""max_force_eV_A"": 0.07154053124154078, ""name"": ""bfgs_standard"", ""start_geometry_sha256"": ""246a5ff51ef68430dabe6afd631a040908b8a1e36674c1477d15b6909190d41c"", ""steps"": 125}]",f20484514f813781af3780d36db2db5d0a77d9ab99d821a2cfcc000b33f4ef99,-152.43919279237647,True,0.07278981361038983,87.0,100.0,0.08,converged,,bfgs_standard,"[{""ase_converged"": true, ""converged"": true, ""end_geometry_sha256"": ""1e46fd59b96dab5fc412b8918ad9e699747ab92c4c60b25fe6d10c72552c32b4"", ""failure_class"": null, ""max_force_eV_A"": 0.07278981361038983, ""name"": ""bfgs_standard"", ""start_geometry_sha256"": ""ab4573c33f94ba7a71e0d85a59ae572ce7c3d8f928899273326feb7118bf619e"", ""steps"": 87}]",1e46fd59b96dab5fc412b8918ad9e699747ab92c4c60b25fe6d10c72552c32b4,-1.0798117493093013,True,0.07052689689305067,80.0,100.0,0.08,converged,,bfgs_standard,"[{""ase_converged"": true, ""converged"": true, ""end_geometry_sha256"": ""2a39018bbbdab14bb0173c1832cbccb741a66073f82b2b85eea648386ca47037"", ""failure_class"": null, ""max_force_eV_A"": 0.07052689689305067, ""name"": ""bfgs_standard"", ""start_geometry_sha256"": ""b09a6e220afa79ad2b770fdd88576365523c8c0da848890483ae8799aa2f7385"", ""steps"": 80}]",2a39018bbbdab14bb0173c1832cbccb741a66073f82b2b85eea648386ca47037,-1.1601544253528082,True,0.07885718922192603,234.0,100.0,0.08,converged,,bfgs_after_fire,"[{""ase_converged"": false, ""converged"": false, ""end_geometry_sha256"": ""5803700004e3acbf036d93205be89ee706f7d732359259bf5709ba614ffc3cf1"", ""failure_class"": ""force_threshold"", ""max_force_eV_A"": 0.1796306676617099, ""name"": ""bfgs_standard"", ""start_geometry_sha256"": ""11488c533c65c40e12304be25bd3bb1802e94c6a0381ff94a7a54ec8adaab6fd"", ""steps"": 100}, {""ase_converged"": true, ""converged"": true, ""end_geometry_sha256"": ""76ca1af49698b2ca72f60fa896da9400ea1895253d60f91f819a15156d3a1857"", ""failure_class"": null, ""max_force_eV_A"": 0.24398144812704758, ""name"": ""fire_precondition"", ""qualifying"": false, ""start_geometry_sha256"": ""11488c533c65c40e12304be25bd3bb1802e94c6a0381ff94a7a54ec8adaab6fd"", ""steps"": 36}, {""ase_converged"": true, ""converged"": true, ""end_geometry_sha256"": ""3035b46702323a543bc2dc1246ae3c9d90e57d6b7ca6e5f72898472ad01822a5"", ""failure_class"": null, ""max_force_eV_A"": 0.07885718922192603, ""name"": ""bfgs_after_fire"", ""start_geometry_sha256"": ""76ca1af49698b2ca72f60fa896da9400ea1895253d60f91f819a15156d3a1857"", ""steps"": 98}]",3035b46702323a543bc2dc1246ae3c9d90e57d6b7ca6e5f72898472ad01822a5,-1.4850087657570805,2.308811749309301,step_4_H2O,7.0,0.0,True,2.2399661746621096,0.5775000000349999,False,quantitative_screening,2,2,42a5cba5dd73ebe3a070,False,
"('DAC', 'Fe', 'Ru', 'N6C2', 'BN_sheet')",DAC,True,esen-sm-conserving-all-oc25:relax-v4:orr-che-v3,True,0.07566035320410365,63,150,0.08,converged,,bfgs_standard,"[{""ase_converged"": true, ""converged"": true, ""end_geometry_sha256"": ""6e723211574e12955b8a1129467f155ff80ea999a00045f846b35510e0588c92"", ""failure_class"": null, ""max_force_eV_A"": 0.07566035320410365, ""name"": ""bfgs_standard"", ""start_geometry_sha256"": ""d2d93b67fb5f7ad4fe137cd6f533df219cf5dcba30381c86de5e987eb129f54a"", ""steps"": 63}]",6e723211574e12955b8a1129467f155ff80ea999a00045f846b35510e0588c92,-139.09328085965544,True,0.0780627861343539,43.0,100.0,0.08,converged,,bfgs_standard,"[{""ase_converged"": true, ""converged"": true, ""end_geometry_sha256"": ""ef1fbddb2b7fa6c06d74c0dc8725dce7ce21ce4a6281127019d8b8458217a0fc"", ""failure_class"": null, ""max_force_eV_A"": 0.0780627861343539, ""name"": ""bfgs_standard"", ""start_geometry_sha256"": ""159f1124fb935cc44376de04cd92dc8ad2e10939406b342493f6c02096154f4b"", ""steps"": 43}]",ef1fbddb2b7fa6c06d74c0dc8725dce7ce21ce4a6281127019d8b8458217a0fc,-0.5577751968801021,True,0.06735308051445962,28.0,100.0,0.08,converged,,bfgs_standard,"[{""ase_converged"": true, ""converged"": true, ""end_geometry_sha256"": ""8a8773e040d5b80bd3bd98772cb84e60b321fcc5251328a1631ac2d2bd099c33"", ""failure_class"": null, ""max_force_eV_A"": 0.06735308051445962, ""name"": ""bfgs_standard"", ""start_geometry_sha256"": ""ade4f951f67094b2f20f4795f308e722a8ee352ccd6bf558a41afe1dd13d264f"", ""steps"": 28}]",8a8773e040d5b80bd3bd98772cb84e60b321fcc5251328a1631ac2d2bd099c33,0.07621995285153745,True,0.07514717225438251,52.0,100.0,0.08,converged,,bfgs_standard,"[{""ase_converged"": true, ""converged"": true, ""end_geometry_sha256"": ""513cfe19506a78eea0150f20090d2a1e2e631b572e8623d01ba8f6a5c38cbd3e"", ""failure_class"": null, ""max_force_eV_A"": 0.07514717225438251, ""name"": ""bfgs_standard"", ""start_geometry_sha256"": ""54ad8d94c39b9dbe860c5f372dfd9e884cec356eb5a7a4f230d9ecebb758b9d2"", ""steps"": 52}]",513cfe19506a78eea0150f20090d2a1e2e631b572e8623d01ba8f6a5c38cbd3e,2.5814208492636714,1.7867751968801022,step_4_H2O,7.0,-0.24949160514865332,True,0.6339951497316396,0.5775000000349999,False,quantitative_screening,1,1,bb845339d2d50086b397,False,
"('DAC', 'Fe', 'Re', 'N4S2', 'N-carbon_black')",DAC,True,esen-sm-conserving-all-oc25:relax-v4:orr-che-v3,True,0.07952267171368656,344,150,0.08,converged,,bfgs_after_fire,"[{""ase_converged"": false, ""converged"": false, ""end_geometry_sha256"": ""bdaa7868af74e6d470abe3830fb47dc1c07f72a760b989b528ac33ce764de467"", ""failure_class"": ""force_threshold"", ""max_force_eV_A"": 0.2569602461891069, ""name"": ""bfgs_standard"", ""start_geometry_sha256"": ""7a4dd6ab60bf112142829c84258e402308af75cadba33ca8181ba2eb111eba03"", ""steps"": 150}, {""ase_converged"": false, ""converged"": false, ""end_geometry_sha256"": ""0d5cbac6e31dce513ee7d12c320d991c2c61dd9674d7e2d101d78aaefe6df62b"", ""failure_class"": ""force_threshold"", ""max_force_eV_A"": 2.349948829123305, ""name"": ""fire_precondition"", ""qualifying"": false, ""start_geometry_sha256"": ""7a4dd6ab60bf112142829c84258e402308af75cadba33ca8181ba2eb111eba03"", ""steps"": 75}, {""ase_converged"": true, ""converged"": true, ""end_geometry_sha256"": ""895138b6eb722e84db4e338cd09a6d89a8dbcda43d74c9b30e2b22be05e51fbc"", ""failure_class"": null, ""max_force_eV_A"": 0.07952267171368656, ""name"": ""bfgs_after_fire"", ""start_geometry_sha256"": ""0d5cbac6e31dce513ee7d12c320d991c2c61dd9674d7e2d101d78aaefe6df62b"", ""steps"": 119}]",895138b6eb722e84db4e338cd09a6d89a8dbcda43d74c9b30e2b22be05e51fbc,-140.10651311839553,True,0.05671147038127056,58.0,100.0,0.08,converged,,bfgs_standard,"[{""ase_converged"": true, ""converged"": true, ""end_geometry_sha256"": ""8025388ecd98ce8dcc54361358a108527fe81b5f625686c67a658f863fde0503"", ""failure_class"": null, ""max_force_eV_A"": 0.05671147038127056, ""name"": ""bfgs_standard"", ""start_geometry_sha256"": ""f1c7cd01951b08e670abcb006c37864e3a645860511a6c1f7cf7d773a0a2e4bb"", ""steps"": 58}]",8025388ecd98ce8dcc54361358a108527fe81b5f625686c67a658f863fde0503,-0.2730295036733151,True,0.07614250003256927,68.0,100.0,0.08,converged,,bfgs_standard,"[{""ase_converged"": true, ""converged"": true, ""end_geometry_sha256"": ""3b0154fea1e73afa4fa55e1f5e744f1a6447a10e1fa88ad95a55f5f05494fdc2"", ""failure_class"": null, ""max_force_eV_A"": 0.07614250003256927, ""name"": ""bfgs_standard"", ""start_geometry_sha256"": ""802e226372745bd23c26805769cb6a8e0bf94394ac6aec8dfa4fc737f279e70f"", ""steps"": 68}]",3b0154fea1e73afa4fa55e1f5e744f1a6447a10e1fa88ad95a55f5f05494fdc2,-0.14778240844607,True,0.07054576541098463,76.0,100.0,0.08,converged,,bfgs_standard,"[{""ase_converged"": true, ""converged"": true, ""end_geometry_sha256"": ""f1f530a723f885b8edfca98897b36584f8bc59777c94373df272ac642078666a"", ""failure_class"": null, ""max_force_eV_A"": 0.07054576541098463, ""name"": ""bfgs_standard"", ""start_geometry_sha256"": ""e90a67292483074173ef6cde941cc67da3d9a7a38833e68ec01f576205e1f6de"", ""steps"": 76}]",f1f530a723f885b8edfca98897b36584f8bc59777c94373df272ac642078666a,2.8582653507590328,1.5020295036733151,step_4_H2O,7.0,-0.4043935651343966,True,0.42081191211938507,0.5775000000349999,False,quantitative_screening,0,0,0b0097b6823f24996007,False,
"('DAC', 'Fe', 'La', 'N2S2N2', 'N-graphene')",DAC,True,esen-sm-conserving-all-oc25:relax-v4:orr-che-v3,True,0.06442332347159956,97,150,0.08,converged,,bfgs_standard,"[{""ase_converged"": true, ""converged"": true, ""end_geometry_sha256"": ""ebe94a6dc7d2e22294fd35704c4312e0aac930eb0a0586086879cbf4ff7f85b2"", ""failure_class"": null, ""max_force_eV_A"": 0.06442332347159956, ""name"": ""bfgs_standard"", ""start_geometry_sha256"": ""db819b20fa1389c3d33e71a5dc1b7f1d2a2aeed397b24ba83ab253508bd1d405"", ""steps"": 97}]",ebe94a6dc7d2e22294fd35704c4312e0aac930eb0a0586086879cbf4ff7f85b2,-138.93089978760335,True,0.07495466062353373,52.0,100.0,0.08,converged,,bfgs_standard,"[{""ase_converged"": true, ""converged"": true, ""end_geometry_sha256"": ""23a4adc23094171a35d89023a2afdfdd04b99ec1598048d64cdea1a2a96b536d"", ""failure_class"": null, ""max_force_eV_A"": 0.07495466062353373, ""name"": ""bfgs_standard"", ""start_geometry_sha256"": ""e7028b081ac5b4df558ceab47f2ad5396a81448c3a1317a1f3e025ed79c23e8a"", ""steps"": 52}]",23a4adc23094171a35d89023a2afdfdd04b99ec1598048d64cdea1a2a96b536d,-0.8267397259175777,True,0.07567547813521186,221.0,100.0,0.08,converged,,bfgs_after_fire,"[{""ase_converged"": false, ""converged"": false, ""end_geometry_sha256"": ""50f661e80b92e078a8e5cc17b0d91cb4e9a23146b125b49f20c416efbfe2f41a"", ""failure_class"": ""force_threshold"", ""max_force_eV_A"": 0.08980796754486911, ""name"": ""bfgs_standard"", ""start_geometry_sha256"": ""dfb0315658a02e5cb622f774338828e9bfc1e5d2c8220d9680f084a0d9f17ceb"", ""steps"": 100}, {""ase_converged"": true, ""converged"": true, ""end_geometry_sha256"": ""8d4c33623e7340ecba9131648b9140f5d7990d4a0304391f24d5c0ed778d3d8a"", ""failure_class"": null, ""max_force_eV_A"": 0.24439955959727463, ""name"": ""fire_precondition"", ""qualifying"": false, ""start_geometry_sha256"": ""dfb0315658a02e5cb622f774338828e9bfc1e5d2c8220d9680f084a0d9f17ceb"", ""steps"": 40}, {""ase_converged"": true, ""converged"": true, ""end_geometry_sha256"": ""037ad04d64d123108d663e9f9597aedff3c6a43670b816a04c3f4e70162a2367"", ""failure_class"": null, ""max_force_eV_A"": 0.07567547813521186, ""name"": ""bfgs_after_fire"", ""start_geometry_sha256"": ""8d4c33623e7340ecba9131648b9140f5d7990d4a0304391f24d5c0ed778d3d8a"", ""steps"": 81}]",037ad04d64d123108d663e9f9597aedff3c6a43670b816a04c3f4e70162a2367,-0.4321308963000739,True,0.06769682283755786,69.0,100.0,0.08,converged,,bfgs_standard,"[{""ase_converged"": true, ""converged"": true, ""end_geometry_sha256"": ""6426cc9e5e10edeba19f3d574a8bd0e0b93a28d66c278ea61a558a60747bbaaa"", ""failure_class"": null, ""max_force_eV_A"": 0.06769682283755786, ""name"": ""bfgs_standard"", ""start_geometry_sha256"": ""89279848699fd3bf5e35f0e8d9f6c2abc556d15b685cde5ed761f484a68f3021"", ""steps"": 69}]",6426cc9e5e10edeba19f3d574a8bd0e0b93a28d66c278ea61a558a60747bbaaa,2.390017937123779,2.0557397259175776,step_4_H2O,7.0,0.0,True,1.2588706222176516,0.498608834270667,True,quantitative_screening,1,1,8d90d4b773d7d5ac115e,False,
"('DAC', 'Fe', 'Pr', 'N8', 'Phosphorene')",DAC,True,esen-sm-conserving-all-oc25:relax-v4:orr-che-v3,True,0.07862114686966916,91,150,0.08,converged,,bfgs_standard,"[{""ase_converged"": true, ""converged"": true, ""end_geometry_sha256"": ""e46b5e66592d99711eebc3e6adfac77325bb1ae5dc6d57254fd0e18863524ca5"", ""failure_class"": null, ""max_force_eV_A"": 0.07862114686966916, ""name"": ""bfgs_standard"", ""start_geometry_sha256"": ""207d926f09c330da66caa9b0cb25298e9ea4355e86e3747468e70917aa58072a"", ""steps"": 91}]",e46b5e66592d99711eebc3e6adfac77325bb1ae5dc6d57254fd0e18863524ca5,-168.8079839627913,True,0.07646414097816921,60.0,100.0,0.08,converged,,bfgs_standard,"[{""ase_converged"": true, ""converged"": true, ""end_geometry_sha256"": ""8a74921dc377818a3f5701d5172db584a7035cd9490f63d9957d5876ac920a0b"", ""failure_class"": null, ""max_force_eV_A"": 0.07646414097816921, ""name"": ""bfgs_standard"", ""start_geometry_sha256"": ""46e406ff860d51a85059122bd8a785cb38cca5e73f3366a1508f0cc48af70c35"", ""steps"": 60}]",8a74921dc377818a3f5701d5172db584a7035cd9490f63d9957d5876ac920a0b,-0.5433618400990963,True,0.0784659585095624,99.0,100.0,0.08,converged,,bfgs_standard,"[{""ase_converged"": true, ""converged"": true, ""end_geometry_sha256"": ""20189fe869700cdfd63cb9e08bcab25f05c236c1bf2e7dee3e9366600d65f91a"", ""failure_class"": null, ""max_force_eV_A"": 0.0784659585095624, ""name"": ""bfgs_standard"", ""start_geometry_sha256"": ""4adf1c6fb533b6f55b455da8fb47e4ad079ca39136b4ffbf2374a705ea87bdd9"", ""steps"": 99}]",20189fe869700cdfd63cb9e08bcab25f05c236c1bf2e7dee3e9366600d65f91a,-0.7686467997729742,True,0.06781626116180936,341.0,100.0,0.08,converged,,bfgs_after_fire,"[{""ase_converged"": false, ""converged"": false, ""end_geometry_sha256"": ""57c2530e25cd58cb8716dd172b3b91ce83a581274192db26d2c42dfabc015c57"", ""failure_class"": ""force_threshold"", ""max_force_eV_A"": 0.15327512021598852, ""name"": ""bfgs_standard"", ""start_geometry_sha256"": ""f48973be75525ca234a9effdfdabeb834414fdeb83c96a8f99da775a1b5ca0c5"", ""steps"": 100}, {""ase_converged"": true, ""converged"": true, ""end_geometry_sha256"": ""592072a56bd08c40d31672f0d57f6e7f93c68de25a9d420ee57188c7ef3d79b0"", ""failure_class"": null, ""max_force_eV_A"": 0.2455761096592755, ""name"": ""fire_precondition"", ""qualifying"": false, ""start_geometry_sha256"": ""f48973be75525ca234a9effdfdabeb834414fdeb83c96a8f99da775a1b5ca0c5"", ""steps"": 47}, {""ase_converged"": true, ""converged"": true, ""end_geometry_sha256"": ""f4d85c889c059048b86679e94b9864eb46bcde2f333dd62706ebdfb955a098c0"", ""failure_class"": null, ""max_force_eV_A"": 0.06781626116180936, ""name"": ""bfgs_after_fire"", ""start_geometry_sha256"": ""592072a56bd08c40d31672f0d57f6e7f93c68de25a9d420ee57188c7ef3d79b0"", ""steps"": 194}]",f4d85c889c059048b86679e94b9864eb46bcde2f333dd62706ebdfb955a098c0,-1.059398223459717,1.7723618400990964,step_4_H2O,7.0,0.0,True,1.3120086398720705,0.498608834270667,True,quantitative_screening,2,2,9d534bdb73c262d40580,False,
"('DAC', 'Fe', 'Ga', 'N2S2N2', 'N-mesoporous_carbon')",DAC,True,esen-sm-conserving-all-oc25:relax-v4:orr-che-v3,True,0.067011330313039,398,150,0.08,converged,,bfgs_after_fire,"[{""ase_converged"": false, ""converged"": false, ""end_geometry_sha256"": ""c47c02483a3f987db9a798c26fca7ed3d7033c50b5821dc874b9908876cb5c36"", ""failure_class"": ""force_threshold"", ""max_force_eV_A"": 0.16700460321335403, ""name"": ""bfgs_standard"", ""start_geometry_sha256"": ""24dbb2fa9ff8a1446541419b9b7e8574e52232f61be541897849b16387f873e3"", ""steps"": 150}, {""ase_converged"": false, ""converged"": false, ""end_geometry_sha256"": ""a3859d185ef4e4f96e36d043a6cb8faacbfe0b370916590bde207ea290829ad7"", ""failure_class"": ""force_threshold"", ""max_force_eV_A"": 1.932340726538454, ""name"": ""fire_precondition"", ""qualifying"": false, ""start_geometry_sha256"": ""24dbb2fa9ff8a1446541419b9b7e8574e52232f61be541897849b16387f873e3"", ""steps"": 75}, {""ase_converged"": true, ""converged"": true, ""end_geometry_sha256"": ""49dfcfea9496c5e2a5573e0386f1931d6cae28e739b38c1458271d495768a725"", ""failure_class"": null, ""max_force_eV_A"": 0.067011330313039, ""name"": ""bfgs_after_fire"", ""start_geometry_sha256"": ""a3859d185ef4e4f96e36d043a6cb8faacbfe0b370916590bde207ea290829ad7"", ""steps"": 173}]",49dfcfea9496c5e2a5573e0386f1931d6cae28e739b38c1458271d495768a725,-131.57530775974627,True,0.06607206286381337,77.0,100.0,0.08,converged,,bfgs_standard,"[{""ase_converged"": true, ""converged"": true, ""end_geometry_sha256"": ""52008d16e91865896d0b199841acfebc99543ceb8891ad639204557388454e7f"", ""failure_class"": null, ""max_force_eV_A"": 0.06607206286381337, ""name"": ""bfgs_standard"", ""start_geometry_sha256"": ""07a1651c3623a90632bbe9986f3fa25f25dbfe1056941823ebf51ed00ebe0bce"", ""steps"": 77}]",52008d16e91865896d0b199841acfebc99543ceb8891ad639204557388454e7f,-0.3797685478627682,True,0.07729801040825272,42.0,100.0,0.08,converged,,bfgs_standard,"[{""ase_converged"": true, ""converged"": true, ""end_geometry_sha256"": ""8ff31a61568baadde9dfaa63dcac35eabcbbf44d13fe0183e86e74735a916063"", ""failure_class"": null, ""max_force_eV_A"": 0.07729801040825272, ""name"": ""bfgs_standard"", ""start_geometry_sha256"": ""a5e976ef9d1151d3f119a7a0da3a3df85c50b149434c7b29de0574ccc800f408"", ""steps"": 42}]",8ff31a61568baadde9dfaa63dcac35eabcbbf44d13fe0183e86e74735a916063,0.0765637524426019,True,0.07043165383201992,92.0,100.0,0.08,converged,,bfgs_standard,"[{""ase_converged"": true, ""converged"": true, ""end_geometry_sha256"": ""4f3ec99ee07fb56b87018f37f94a2329947967191f51e709c418be2298e33bf8"", ""failure_class"": null, ""max_force_eV_A"": 0.07043165383201992, ""name"": ""bfgs_standard"", ""start_geometry_sha256"": ""7ca8e7122741478b9396a303740c32a5ff51d5477ff2baabed54d9b97d8c5fa5"", ""steps"": 92}]",4f3ec99ee07fb56b87018f37f94a2329947967191f51e709c418be2298e33bf8,-0.5383029475808108,1.8438667000234128,step_2_O,7.0,0.0,True,0.4563323003053701,0.5775000000349999,False,quantitative_screening,0,0,239c24aee0908d9b49b6,False,
"('MOF', 'Fe', 'HITP', 'N2P2', 25.0)",MOF,True,esen-sm-conserving-all-oc25:relax-v4:orr-che-v3,True,0.0761266347210589,630,150,0.08,converged,,fire_small_step,"[{""ase_converged"": false, ""converged"": false, ""end_geometry_sha256"": ""3ca893bbbd60c8291dd3db8903b95619a564ddbb4addb657cd541d695a44a852"", ""failure_class"": ""force_threshold"", ""max_force_eV_A"": 1.6231355649137367, ""name"": ""bfgs_standard"", ""start_geometry_sha256"": ""e82a746df8e40a64414b815d8b51b8e4742433085b85c320febdb726f04c2c24"", ""steps"": 150}, {""ase_converged"": false, ""converged"": false, ""end_geometry_sha256"": ""1574fcb254efb7e4a47d9d580d6d54b36dacdbdac127882cf9e11d2ba84c502a"", ""failure_class"": ""force_threshold"", ""max_force_eV_A"": 2.9975475632615827, ""name"": ""fire_precondition"", ""qualifying"": false, ""start_geometry_sha256"": ""e82a746df8e40a64414b815d8b51b8e4742433085b85c320febdb726f04c2c24"", ""steps"": 75}, {""ase_converged"": false, ""converged"": false, ""end_geometry_sha256"": ""7b042db399ded8dd21307ea0026a37a1246c7466992f7a812aa12e0483015936"", ""failure_class"": ""force_threshold"", ""max_force_eV_A"": 0.3271403829220264, ""name"": ""bfgs_after_fire"", ""start_geometry_sha256"": ""1574fcb254efb7e4a47d9d580d6d54b36dacdbdac127882cf9e11d2ba84c502a"", ""steps"": 300}, {""ase_converged"": true, ""converged"": true, ""end_geometry_sha256"": ""19edf4f9b0f1efb1f72f5103749fe5cb3947ab7e3878bc6e2b9d721f36fb101a"", ""failure_class"": null, ""max_force_eV_A"": 0.0761266347210589, ""name"": ""fire_small_step"", ""start_geometry_sha256"": ""7b042db399ded8dd21307ea0026a37a1246c7466992f7a812aa12e0483015936"", ""steps"": 105}]",19edf4f9b0f1efb1f72f5103749fe5cb3947ab7e3878bc6e2b9d721f36fb101a,-184.05767961912213,True,0.07707661508283968,258.0,100.0,0.08,converged,,bfgs_after_fire,"[{""ase_converged"": false, ""converged"": false, ""end_geometry_sha256"": ""440ac397c5719d6974df04a6e8ebff49a85d5fd14ab2eecc5209ddfe61e3efe1"", ""failure_class"": ""force_threshold"", ""max_force_eV_A"": 0.33116390490237196, ""name"": ""bfgs_standard"", ""start_geometry_sha256"": ""95a282feb56e6c4cfcaae193eda18ab19880c0fdf3917e152365b5c361a0cb4e"", ""steps"": 100}, {""ase_converged"": false, ""converged"": false, ""end_geometry_sha256"": ""131ff90d8a32d0f87df4f1b624d9020370d9f304cbd0b174f89d6dc431dc3a97"", ""failure_class"": ""force_threshold"", ""max_force_eV_A"": 0.41053660203426867, ""name"": ""fire_precondition"", ""qualifying"": false, ""start_geometry_sha256"": ""95a282feb56e6c4cfcaae193eda18ab19880c0fdf3917e152365b5c361a0cb4e"", ""steps"": 50}, {""ase_converged"": true, ""converged"": true, ""end_geometry_sha256"": ""d13c790faf4849f7fbe7419162690811d16127ba8f4ece2923668a587054d837"", ""failure_class"": null, ""max_force_eV_A"": 0.07707661508283968, ""name"": ""bfgs_after_fire"", ""start_geometry_sha256"": ""131ff90d8a32d0f87df4f1b624d9020370d9f304cbd0b174f89d6dc431dc3a97"", ""steps"": 108}]",d13c790faf4849f7fbe7419162690811d16127ba8f4ece2923668a587054d837,-3.122879204601049,True,0.07656800622451049,244.0,100.0,0.08,converged,,bfgs_after_fire,"[{""ase_converged"": false, ""converged"": false, ""end_geometry_sha256"": ""645e68c2ebc7d3113020714d4476ae206f87a2355840874762cc83afcd09b228"", ""failure_class"": ""force_threshold"", ""max_force_eV_A"": 0.1363418739391775, ""name"": ""bfgs_standard"", ""start_geometry_sha256"": ""ac62d1aa2db8cb30faedad5b2f1e586bc00b4f6e40bdcf0244056606e6d5bd7f"", ""steps"": 100}, {""ase_converged"": true, ""converged"": true, ""end_geometry_sha256"": ""878ccea372aad37147c55bab86db32b934ce8acd7b61e2f6a45818af78c82bd7"", ""failure_class"": null, ""max_force_eV_A"": 0.24563499715600773, ""name"": ""fire_precondition"", ""qualifying"": false, ""start_geometry_sha256"": ""ac62d1aa2db8cb30faedad5b2f1e586bc00b4f6e40bdcf0244056606e6d5bd7f"", ""steps"": 49}, {""ase_converged"": true, ""converged"": true, ""end_geometry_sha256"": ""0a12569a97237cb946e79f7566174aa821d378af8d2aa91d429f12450fbca4fa"", ""failure_class"": null, ""max_force_eV_A"": 0.07656800622451049, ""name"": ""bfgs_after_fire"", ""start_geometry_sha256"": ""878ccea372aad37147c55bab86db32b934ce8acd7b61e2f6a45818af78c82bd7"", ""steps"": 95}]",0a12569a97237cb946e79f7566174aa821d378af8d2aa91d429f12450fbca4fa,-3.073659025877711,True,0.07867534492026916,258.0,100.0,0.08,converged,,bfgs_after_fire,"[{""ase_converged"": false, ""converged"": false, ""end_geometry_sha256"": ""1146d0e33fbb66cbf63db6e33be21a3c58a2b2f43203617f259ac0ca375bca95"", ""failure_class"": ""force_threshold"", ""max_force_eV_A"": 0.12697403638155258, ""name"": ""bfgs_standard"", ""start_geometry_sha256"": ""37db8c485b4bced958de9727f572666bafdd6be04f58307108f107fa37782477"", ""steps"": 100}, {""ase_converged"": false, ""converged"": false, ""end_geometry_sha256"": ""590b9f1a80f552a2b340dca941439047a20deb21f8f114906cc508b4b6854df7"", ""failure_class"": ""force_threshold"", ""max_force_eV_A"": 0.6109700428132563, ""name"": ""fire_precondition"", ""qualifying"": false, ""start_geometry_sha256"": ""37db8c485b4bced958de9727f572666bafdd6be04f58307108f107fa37782477"", ""steps"": 50}, {""ase_converged"": true, ""converged"": true, ""end_geometry_sha256"": ""51a430881c1e25c2aad0c4b8ca7f105700668bbf5427dd6985d68b0356b2ad57"", ""failure_class"": null, ""max_force_eV_A"": 0.07867534492026916, ""name"": ""bfgs_after_fire"", ""start_geometry_sha256"": ""590b9f1a80f552a2b340dca941439047a20deb21f8f114906cc508b4b6854df7"", ""steps"": 108}]",51a430881c1e25c2aad0c4b8ca7f105700668bbf5427dd6985d68b0356b2ad57,-6.000101615488525,3.0,step_4_H2O,7.0,0.0,True,6.19653823047876,0.480000000035,True,quantitative_screening,1,1,8fa0cae71def7cda0caf,False,
"('MOF', 'Co', 'BTC', 'N6', 30.0)",MOF,True,esen-sm-conserving-all-oc25:relax-v4:orr-che-v3,True,0.059358863155715515,315,150,0.08,converged,,bfgs_after_fire,"[{""ase_converged"": false, ""converged"": false, ""end_geometry_sha256"": ""0068eeef92bd62c993b001ba03084ee82016950eb3874c73fb1606e865f94662"", ""failure_class"": ""force_threshold"", ""max_force_eV_A"": 1.0159367155387242, ""name"": ""bfgs_standard"", ""start_geometry_sha256"": ""b4fa33b2516c3a8b00155bbc54fca35c330dc1de27636e7fd4aef7425702f62b"", ""steps"": 150}, {""ase_converged"": true, ""converged"": true, ""end_geometry_sha256"": ""99675abb03736023d17170fc3baf4667adbaf765b26f8d19ab1e64b82d947f0a"", ""failure_class"": null, ""max_force_eV_A"": 0.23247521988242484, ""name"": ""fire_precondition"", ""qualifying"": false, ""start_geometry_sha256"": ""b4fa33b2516c3a8b00155bbc54fca35c330dc1de27636e7fd4aef7425702f62b"", ""steps"": 66}, {""ase_converged"": true, ""converged"": true, ""end_geometry_sha256"": ""7761c5ae74c9c8a787ffbf4a848bf324632b3fbe83e960ef6763c2da5de82489"", ""failure_class"": null, ""max_force_eV_A"": 0.059358863155715515, ""name"": ""bfgs_after_fire"", ""start_geometry_sha256"": ""99675abb03736023d17170fc3baf4667adbaf765b26f8d19ab1e64b82d947f0a"", ""steps"": 99}]",7761c5ae74c9c8a787ffbf4a848bf324632b3fbe83e960ef6763c2da5de82489,-139.5471546742809,True,0.07918732446054091,74.0,100.0,0.08,converged,,bfgs_standard,"[{""ase_converged"": true, ""converged"": true, ""end_geometry_sha256"": ""cea58821c73ec9fb9cfb3067f2def2afbc157c7613ca874f1bc7daf3db204602"", ""failure_class"": null, ""max_force_eV_A"": 0.07918732446054091, ""name"": ""bfgs_standard"", ""start_geometry_sha256"": ""0620b0aa83619985891648157e0565518ac2ac97356c5092e7706fd49e175e0e"", ""steps"": 74}]",cea58821c73ec9fb9cfb3067f2def2afbc157c7613ca874f1bc7daf3db204602,-1.1175577019155025,True,0.06660099611599488,34.0,100.0,0.08,converged,,bfgs_standard,"[{""ase_converged"": true, ""converged"": true, ""end_geometry_sha256"": ""c0dde97f64aac5e92d534c880550003d2daa4d30457586f84c083d998f6c5103"", ""failure_class"": null, ""max_force_eV_A"": 0.06660099611599488, ""name"": ""bfgs_standard"", ""start_geometry_sha256"": ""5241d977c4130a34b27f1183e1f1a9ec8753ad12c50f0088c0921b6969d63911"", ""steps"": 34}]",c0dde97f64aac5e92d534c880550003d2daa4d30457586f84c083d998f6c5103,1.4151295788586176,True,0.06568459658979549,248.0,100.0,0.08,converged,,bfgs_after_fire,"[{""ase_converged"": false, ""converged"": false, ""end_geometry_sha256"": ""eabf532f4bca8f497b8f4e2629a8942a8a3eefc537a0548473c6ad4b61d11fe1"", ""failure_class"": ""force_threshold"", ""max_force_eV_A"": 0.45250033641572196, ""name"": ""bfgs_standard"", ""start_geometry_sha256"": ""316e1ceb9a2f3145ebff2dd1ca2280f172b08d4ef9843e6073e782ddc163c44f"", ""steps"": 100}, {""ase_converged"": false, ""converged"": false, ""end_geometry_sha256"": ""eef5e44b7b5a1fd5d6a2136dc148c8b96ac6d003b5a55f6bc3d008b2f5772cc5"", ""failure_class"": ""force_threshold"", ""max_force_eV_A"": 0.38485952721993844, ""name"": ""fire_precondition"", ""qualifying"": false, ""start_geometry_sha256"": ""316e1ceb9a2f3145ebff2dd1ca2280f172b08d4ef9843e6073e782ddc163c44f"", ""steps"": 50}, {""ase_converged"": true, ""converged"": true, ""end_geometry_sha256"": ""400610028d9d12c90ffb9d733b1f9f978f7e6367d7fd2f6ed876df57ebec4520"", ""failure_class"": null, ""max_force_eV_A"": 0.06568459658979549, ""name"": ""bfgs_after_fire"", ""start_geometry_sha256"": ""eef5e44b7b5a1fd5d6a2136dc148c8b96ac6d003b5a55f6bc3d008b2f5772cc5"", ""steps"": 98}]",400610028d9d12c90ffb9d733b1f9f978f7e6367d7fd2f6ed876df57ebec4520,1.6097387775778804,2.3465577019155024,step_4_H2O,9.0,0.0,True,2.53268728077412,0.480000000035,True,quantitative_screening,2,2,05d875dd5f1fdee9ad4a,False,
"('MOF', 'Co', 'Phthalocyanine', 'N6', 6.0)",MOF,False,esen-sm-conserving-all-oc25:relax-v4:orr-che-v3,False,40.32647101136963,975,150,0.08,recovery_exhausted,force_threshold,fire_small_step,"[{""ase_converged"": false, ""converged"": false, ""end_geometry_sha256"": ""dfc973fdcad81562e77d96daf8e2242cdccf3f4380f51c3beffd87c3b484f145"", ""failure_class"": ""force_threshold"", ""max_force_eV_A"": 55.49042351161976, ""name"": ""bfgs_standard"", ""start_geometry_sha256"": ""889aec0feed48c403fe67c6b5acdda7b0b68b0529d47fdb1912d6999e239f658"", ""steps"": 150}, {""ase_converged"": false, ""converged"": false, ""end_geometry_sha256"": ""505ba2e79dc880ea00a26357028f1cbbfa938243f732d1bbee4c2a4c17774614"", ""failure_class"": ""force_threshold"", ""max_force_eV_A"": 53.45210735101313, ""name"": ""fire_precondition"", ""qualifying"": false, ""start_geometry_sha256"": ""889aec0feed48c403fe67c6b5acdda7b0b68b0529d47fdb1912d6999e239f658"", ""steps"": 75}, {""ase_converged"": false, ""converged"": false, ""end_geometry_sha256"": ""db7d515c9984ba699ecc9055c00fdeb2d4b6e8594decc4f31da0805ba4ec8885"", ""failure_class"": ""force_threshold"", ""max_force_eV_A"": 796.1146051035233, ""name"": ""bfgs_after_fire"", ""start_geometry_sha256"": ""505ba2e79dc880ea00a26357028f1cbbfa938243f732d1bbee4c2a4c17774614"", ""steps"": 300}, {""ase_converged"": false, ""converged"": false, ""end_geometry_sha256"": ""148742dce65907a62a6272e6ffe8faa0401cd6ef7531a067be1604c91aa31299"", ""failure_class"": ""force_threshold"", ""max_force_eV_A"": 40.32647101136963, ""name"": ""fire_small_step"", ""start_geometry_sha256"": ""505ba2e79dc880ea00a26357028f1cbbfa938243f732d1bbee4c2a4c17774614"", ""steps"": 450}]",148742dce65907a62a6272e6ffe8faa0401cd6ef7531a067be1604c91aa31299,,,,,,,,,,,,,,,,,,,,,,,,,,,,,,,,,,,,,,,,,,True,validation_required,0,0,34d8c669a7999749908b,False,Unconverged clean relaxation: max_force=40.3265 eV/A after 975 cumulative recovery steps
"('MOF', 'Co', 'NDC', 'N3S', 18.0)",MOF,True,esen-sm-conserving-all-oc25:relax-v4:orr-che-v3,True,0.07076305542824367,350,150,0.08,converged,,bfgs_after_fire,"[{""ase_converged"": false, ""converged"": false, ""end_geometry_sha256"": ""fe21cd96f125983cd24b05173cca419ca37439e9454c0f262770e23f12b050d5"", ""failure_class"": ""force_threshold"", ""max_force_eV_A"": 0.21596662626186924, ""name"": ""bfgs_standard"", ""start_geometry_sha256"": ""4a24a2c3adaf84666bb81b98873a3d8ae2ee4a50c5c02cfde3c1c3cd80e92bd3"", ""steps"": 150}, {""ase_converged"": false, ""converged"": false, ""end_geometry_sha256"": ""e7b6faf1e667c32652756ac6a13bfcb2ddc8f5f6605f0aa8011a019401f57ad1"", ""failure_class"": ""force_threshold"", ""max_force_eV_A"": 0.49845073909480436, ""name"": ""fire_precondition"", ""qualifying"": false, ""start_geometry_sha256"": ""4a24a2c3adaf84666bb81b98873a3d8ae2ee4a50c5c02cfde3c1c3cd80e92bd3"", ""steps"": 75}, {""ase_converged"": true, ""converged"": true, ""end_geometry_sha256"": ""8b8f4f5020e3020da9d0fdc44c48e6bbff5fee15e473bffe563c93e6a14d69be"", ""failure_class"": null, ""max_force_eV_A"": 0.07076305542824367, ""name"": ""bfgs_after_fire"", ""start_geometry_sha256"": ""e7b6faf1e667c32652756ac6a13bfcb2ddc8f5f6605f0aa8011a019401f57ad1"", ""steps"": 125}]",8b8f4f5020e3020da9d0fdc44c48e6bbff5fee15e473bffe563c93e6a14d69be,-120.53917372479117,True,0.07885161149777298,61.0,100.0,0.08,converged,,bfgs_standard,"[{""ase_converged"": true, ""converged"": true, ""end_geometry_sha256"": ""3399ad774b51524fabecf8d5947fc82fcec9746db5daa456a9fa215ccf150b78"", ""failure_class"": null, ""max_force_eV_A"": 0.07885161149777298, ""name"": ""bfgs_standard"", ""start_geometry_sha256"": ""ba1f19a1a40797418c83c4664a86f0ec88544024857f4ccfcbb44bad02ff7f0e"", ""steps"": 61}]",3399ad774b51524fabecf8d5947fc82fcec9746db5daa456a9fa215ccf150b78,0.17133885875344274,True,0.07935088076613278,28.0,100.0,0.08,converged,,bfgs_standard,"[{""ase_converged"": true, ""converged"": true, ""end_geometry_sha256"": ""d0f7b148a5db77d55396eaee07229931d6f16a7057e292be04abd112af8ae446"", ""failure_class"": null, ""max_force_eV_A"": 0.07935088076613278, ""name"": ""bfgs_standard"", ""start_geometry_sha256"": ""b07fdba02ea463e5cd0a4e0bd090df3556c7a960be16e13a8369db3a0f54c989"", ""steps"": 28}]",d0f7b148a5db77d55396eaee07229931d6f16a7057e292be04abd112af8ae446,1.4498757489025629,True,0.0714809346821712,165.0,100.0,0.08,converged,,bfgs_after_fire,"[{""ase_converged"": false, ""converged"": false, ""end_geometry_sha256"": ""d0334e877fc28d86770f8e771ebafeb0ae8080ab94eb3dd1725743100cbcb4e0"", ""failure_class"": ""force_threshold"", ""max_force_eV_A"": 0.13850904360840657, ""name"": ""bfgs_standard"", ""start_geometry_sha256"": ""b5b6c796661caa2b950f0791a5640929a9e216fbda1e1939acfd108c7f6203b7"", ""steps"": 100}, {""ase_converged"": true, ""converged"": true, ""end_geometry_sha256"": ""16e46fee59e53f0ae9a5c9f00aa576326c67f7b56fb8467e9c35ab6c31db359a"", ""failure_class"": null, ""max_force_eV_A"": 0.13309114262482544, ""name"": ""fire_precondition"", ""qualifying"": false, ""start_geometry_sha256"": ""b5b6c796661caa2b950f0791a5640929a9e216fbda1e1939acfd108c7f6203b7"", ""steps"": 36}, {""ase_converged"": true, ""converged"": true, ""end_geometry_sha256"": ""75133f3b21679ab8c64b6b4a5d3aef52d47b31667324464c900c2f697cb4f369"", ""failure_class"": null, ""max_force_eV_A"": 0.0714809346821712, ""name"": ""bfgs_after_fire"", ""start_geometry_sha256"": ""16e46fee59e53f0ae9a5c9f00aa576326c67f7b56fb8467e9c35ab6c31db359a"", ""steps"": 29}]",75133f3b21679ab8c64b6b4a5d3aef52d47b31667324464c900c2f697cb4f369,3.276056717336181,1.0576611412465573,step_4_H2O,9.0,0.0,True,1.6212146076560057,0.480000000035,True,quantitative_screening,2,2,6b33a48dced7a80f0dbb,False,
"('MOF', 'Co', 'Pyrazole', 'P4', 8.0)",MOF,True,esen-sm-conserving-all-oc25:relax-v4:orr-che-v3,True,0.077993455202916,60,150,0.08,converged,,bfgs_standard,"[{""ase_converged"": true, ""converged"": true, ""end_geometry_sha256"": ""fb3935f9ef84e745a8862d6d2a46d61a46ace1efada9ce9a7a02798cfb8ee006"", ""failure_class"": null, ""max_force_eV_A"": 0.077993455202916, ""name"": ""bfgs_standard"", ""start_geometry_sha256"": ""3be624974edae6872e351292775984382e7154ccf1419c5ce26e5e05a2329ec6"", ""steps"": 60}]",fb3935f9ef84e745a8862d6d2a46d61a46ace1efada9ce9a7a02798cfb8ee006,-131.30741959357601,True,0.06992441398541722,59.0,100.0,0.08,converged,,bfgs_standard,"[{""ase_converged"": true, ""converged"": true, ""end_geometry_sha256"": ""13c174e471d1ca8f6b7702dba6d6f5cffa76b6c070ad46ea1d4ce986bb7e010e"", ""failure_class"": null, ""max_force_eV_A"": 0.06992441398541722, ""name"": ""bfgs_standard"", ""start_geometry_sha256"": ""17c0dfeb3302e8dd91832c536e310a97d8219fa6d503bbc4551515cd9e5f0c18"", ""steps"": 59}]",13c174e471d1ca8f6b7702dba6d6f5cffa76b6c070ad46ea1d4ce986bb7e010e,0.7559023524820805,True,0.07435414243633165,46.0,100.0,0.08,converged,,bfgs_standard,"[{""ase_converged"": true, ""converged"": true, ""end_geometry_sha256"": ""590498af986479cef2b4870a708277bc6fb8dc4388b03c397747d39a7ea349c4"", ""failure_class"": null, ""max_force_eV_A"": 0.07435414243633165, ""name"": ""bfgs_standard"", ""start_geometry_sha256"": ""35d6e1187f64f869cf72f613c1bb2554f9bf8ea41c7175cbe27fe0a4272a8bf0"", ""steps"": 46}]",590498af986479cef2b4870a708277bc6fb8dc4388b03c397747d39a7ea349c4,2.288508570939306,True,0.07431808652850291,45.0,100.0,0.08,converged,,bfgs_standard,"[{""ase_converged"": true, ""converged"": true, ""end_geometry_sha256"": ""917cd3b55a60eb2b6f601e8aee0efe68bd81d267188cf879dbe3687b64fec40b"", ""failure_class"": null, ""max_force_eV_A"": 0.07431808652850291, ""name"": ""bfgs_standard"", ""start_geometry_sha256"": ""11ba393fa7a212682eb730f87d28ee53720f303d481fdcf19690a9bb97d4c1fb"", ""steps"": 45}]",917cd3b55a60eb2b6f601e8aee0efe68bd81d267188cf879dbe3687b64fec40b,3.7276374801993404,0.4730976475179196,step_4_H2O,9.0,0.0,True,3.0444109234213865,0.480000000035,True,quantitative_screening,0,0,8dddb73ff6913224cf9b,False,
"('MOF', 'Co', 'Triazolate', 'N2Se2', 16.0)",MOF,True,esen-sm-conserving-all-oc25:relax-v4:orr-che-v3,True,0.045532866990575856,461,150,0.08,converged,,bfgs_after_fire,"[{""ase_converged"": false, ""converged"": false, ""end_geometry_sha256"": ""19b2b8569da1b7a67e85941bf05076eefedabefaab8a16b7469749ab762f9963"", ""failure_class"": ""force_threshold"", ""max_force_eV_A"": 0.34935120202009423, ""name"": ""bfgs_standard"", ""start_geometry_sha256"": ""1dbecb90b7e09d6f3878695ca2a5d1730ed87e8e81eeef809073588df4777436"", ""steps"": 150}, {""ase_converged"": false, ""converged"": false, ""end_geometry_sha256"": ""eab8d70fbc73a6f650e658ed1ff03d534bae085606bd88f98b4f554c14076002"", ""failure_class"": ""force_threshold"", ""max_force_eV_A"": 7.8212764343985155, ""name"": ""fire_precondition"", ""qualifying"": false, ""start_geometry_sha256"": ""1dbecb90b7e09d6f3878695ca2a5d1730ed87e8e81eeef809073588df4777436"", ""steps"": 75}, {""ase_converged"": true, ""converged"": true, ""end_geometry_sha256"": ""111ed5eae613f508d0f0cf502e471a20a5ddc77dc733c92379d8509efd09368d"", ""failure_class"": null, ""max_force_eV_A"": 0.045532866990575856, ""name"": ""bfgs_after_fire"", ""start_geometry_sha256"": ""eab8d70fbc73a6f650e658ed1ff03d534bae085606bd88f98b4f554c14076002"", ""steps"": 236}]",111ed5eae613f508d0f0cf502e471a20a5ddc77dc733c92379d8509efd09368d,-127.41561063162459,True,0.07612764006546867,31.0,100.0,0.08,converged,,bfgs_standard,"[{""ase_converged"": true, ""converged"": true, ""end_geometry_sha256"": ""b58b057cf88d621c8f82b7ae59579b7573bd956de69aa1a48c2d73e5e17c5c0c"", ""failure_class"": null, ""max_force_eV_A"": 0.07612764006546867, ""name"": ""bfgs_standard"", ""start_geometry_sha256"": ""8a97fd45b9815e2cc273e5d3692b8e4792f5f692c2227dc392fb7587be47e86b"", ""steps"": 31}]",b58b057cf88d621c8f82b7ae59579b7573bd956de69aa1a48c2d73e5e17c5c0c,5.520780387073755,True,0.06756070378847594,29.0,100.0,0.08,converged,,bfgs_standard,"[{""ase_converged"": true, ""converged"": true, ""end_geometry_sha256"": ""ee8b1438660fb83d363e470b103c4ca6f03bdf626e1eaee8a136b3b93383406f"", ""failure_class"": null, ""max_force_eV_A"": 0.06756070378847594, ""name"": ""bfgs_standard"", ""start_geometry_sha256"": ""9bdcd5a5017770892e9b6df86f0c459974da3200935bfae0dd042a59bef691f8"", ""steps"": 29}]",ee8b1438660fb83d363e470b103c4ca6f03bdf626e1eaee8a136b3b93383406f,4.719981110841039,True,0.07454997162906211,75.0,100.0,0.08,converged,,bfgs_standard,"[{""ase_converged"": true, ""converged"": true, ""end_geometry_sha256"": ""9ed3856e8f9035d02579116dedbd0564f5cac82fa6dc978043c25bd0f8eb1a3b"", ""failure_class"": null, ""max_force_eV_A"": 0.07454997162906211, ""name"": ""bfgs_standard"", ""start_geometry_sha256"": ""a7ac60009912b719ebba57bcbc8ff8700caa7820a09447cfd684c599ead63611"", ""steps"": 75}]",9ed3856e8f9035d02579116dedbd0564f5cac82fa6dc978043c25bd0f8eb1a3b,4.577051590383057,2.0297992762327155,step_3_OH,9.0,0.0,True,10.240761497914793,0.480000000035,True,quantitative_screening,1,1,b3d448802e2b4cced5c7,False,
"('MOF', 'Co', 'DOBDC', 'N2S2', 18.0)",MOF,True,esen-sm-conserving-all-oc25:relax-v4:orr-che-v3,True,0.0789685972981656,136,150,0.08,converged,,bfgs_standard,"[{""ase_converged"": true, ""converged"": true, ""end_geometry_sha256"": ""b54e034fe5afd179c480572a8efda7b4e98679c2162986effbbe8fc43fca7154"", ""failure_class"": null, ""max_force_eV_A"": 0.0789685972981656, ""name"": ""bfgs_standard"", ""start_geometry_sha256"": ""b23a08660a5d2a0bbe9c0e335d6aea3a7ee16df6c9b2ca8f834960f033e8ba77"", ""steps"": 136}]",b54e034fe5afd179c480572a8efda7b4e98679c2162986effbbe8fc43fca7154,-114.00827531432873,True,0.07704223812120427,47.0,100.0,0.08,converged,,bfgs_standard,"[{""ase_converged"": true, ""converged"": true, ""end_geometry_sha256"": ""323cdf2112cd2c4e0fe802e24a5561e785ee46d850174ddd0b78903f606c9f40"", ""failure_class"": null, ""max_force_eV_A"": 0.07704223812120427, ""name"": ""bfgs_standard"", ""start_geometry_sha256"": ""317572b5b3dfe65425602553681762a751938c9c5ca70713fe12d26668f7b1bf"", ""steps"": 47}]",323cdf2112cd2c4e0fe802e24a5561e785ee46d850174ddd0b78903f606c9f40,1.2678650046885014,True,0.07593295847542933,238.0,100.0,0.08,converged,,bfgs_after_fire,"[{""ase_converged"": false, ""converged"": false, ""end_geometry_sha256"": ""2f18b7eff07395676799c5f4dfe1361733d8f74ed80fad70cf4fe07b2a1be259"", ""failure_class"": ""force_threshold"", ""max_force_eV_A"": 0.25545995555660406, ""name"": ""bfgs_standard"", ""start_geometry_sha256"": ""aea44a74904b01538f589c6127035475f11a9d097f0674dad05ede06e56efc45"", ""steps"": 100}, {""ase_converged"": true, ""converged"": true, ""end_geometry_sha256"": ""46822ce9bc3df1f6727a168e38bb7957ea6f9f25d13a586ef4f64fb3aefb9d21"", ""failure_class"": null, ""max_force_eV_A"": 0.2346705939477199, ""name"": ""fire_precondition"", ""qualifying"": false, ""start_geometry_sha256"": ""aea44a74904b01538f589c6127035475f11a9d097f0674dad05ede06e56efc45"", ""steps"": 33}, {""ase_converged"": true, ""converged"": true, ""end_geometry_sha256"": ""48fa64ca0d5269d1beb87ac60b9cdaef6f37fae7a889e73bb9891911c53d04b0"", ""failure_class"": null, ""max_force_eV_A"": 0.07593295847542933, ""name"": ""bfgs_after_fire"", ""start_geometry_sha256"": ""46822ce9bc3df1f6727a168e38bb7957ea6f9f25d13a586ef4f64fb3aefb9d21"", ""steps"": 105}]",48fa64ca0d5269d1beb87ac60b9cdaef6f37fae7a889e73bb9891911c53d04b0,-0.40406426116823796,True,0.07398986940086467,41.0,100.0,0.08,converged,,bfgs_standard,"[{""ase_converged"": true, ""converged"": true, ""end_geometry_sha256"": ""5b63ab3fb84f72110bd4308c2ab5cf69ffe99c09a964828a7bd39b82355a2132"", ""failure_class"": null, ""max_force_eV_A"": 0.07398986940086467, ""name"": ""bfgs_standard"", ""start_geometry_sha256"": ""d42a2d73e4e7271f8013b2c8ebe0c74cb94afb802bcc6a6c48bc8963601f9c8d"", ""steps"": 41}]",5b63ab3fb84f72110bd4308c2ab5cf69ffe99c09a964828a7bd39b82355a2132,4.5502838596701665,2.9009292658567394,step_3_OH,9.0,0.0,True,1.6719292658567393,0.480000000035,True,quantitative_screening,0,0,964e31f72c3c29e6c235,False,
"('MOF', 'Co', 'HHTP', 'N4', 25.0)",MOF,True,esen-sm-conserving-all-oc25:relax-v4:orr-che-v3,True,0.07481958945026985,554,150,0.08,converged,,fire_small_step,"[{""ase_converged"": false, ""converged"": false, ""end_geometry_sha256"": ""b6fb5534df4d2d9cc075ef200edb0b753215f3c1e95d5ecc98568966a28dff93"", ""failure_class"": ""force_threshold"", ""max_force_eV_A"": 0.48527275824875105, ""name"": ""bfgs_standard"", ""start_geometry_sha256"": ""3e2a7b0129a332c18b9e052fdfec0a3816e6337e4cf8db909065c2430f524d4a"", ""steps"": 150}, {""ase_converged"": false, ""converged"": false, ""end_geometry_sha256"": ""d37d34a924e7c0ab448fdcaf894b864c796d29d16da8016fb00423145a585910"", ""failure_class"": ""force_threshold"", ""max_force_eV_A"": 2.4030401366486513, ""name"": ""fire_precondition"", ""qualifying"": false, ""start_geometry_sha256"": ""3e2a7b0129a332c18b9e052fdfec0a3816e6337e4cf8db909065c2430f524d4a"", ""steps"": 75}, {""ase_converged"": false, ""converged"": false, ""end_geometry_sha256"": ""b4fecb4c53741cd9894caf20a202ae0f5881f07c43551e4bf9047b1a0c61c05d"", ""failure_class"": ""force_threshold"", ""max_force_eV_A"": 0.19066036628360297, ""name"": ""bfgs_after_fire"", ""start_geometry_sha256"": ""d37d34a924e7c0ab448fdcaf894b864c796d29d16da8016fb00423145a585910"", ""steps"": 300}, {""ase_converged"": true, ""converged"": true, ""end_geometry_sha256"": ""79a070a750cabd2603810cd27b0af575129ac173d27675798a1ccb9765bb1d1c"", ""failure_class"": null, ""max_force_eV_A"": 0.07481958945026985, ""name"": ""fire_small_step"", ""start_geometry_sha256"": ""b4fecb4c53741cd9894caf20a202ae0f5881f07c43551e4bf9047b1a0c61c05d"", ""steps"": 29}]",79a070a750cabd2603810cd27b0af575129ac173d27675798a1ccb9765bb1d1c,-187.43626075530392,True,0.07884898498044782,205.0,100.0,0.08,converged,,bfgs_after_fire,"[{""ase_converged"": false, ""converged"": false, ""end_geometry_sha256"": ""7f002bfe95df66f85c3c57b49689cc24b64e82ffbcab09ee220a78bf0955a6ae"", ""failure_class"": ""force_threshold"", ""max_force_eV_A"": 0.3189352480527067, ""name"": ""bfgs_standard"", ""start_geometry_sha256"": ""f7c28f74e3f783bd920e612c35d0eb45e11efff6bc57dd0156d99079cbff058e"", ""steps"": 100}, {""ase_converged"": false, ""converged"": false, ""end_geometry_sha256"": ""fc7202892f5d75be5a2d60566ee45a349dd576b50e9f6e804c691540984550fb"", ""failure_class"": ""force_threshold"", ""max_force_eV_A"": 0.6223472125006555, ""name"": ""fire_precondition"", ""qualifying"": false, ""start_geometry_sha256"": ""f7c28f74e3f783bd920e612c35d0eb45e11efff6bc57dd0156d99079cbff058e"", ""steps"": 50}, {""ase_converged"": true, ""converged"": true, ""end_geometry_sha256"": ""f96bc30c9a4a91fa0c3eeef0601324d4447556cfe4da5de462636dbfd8586cbc"", ""failure_class"": null, ""max_force_eV_A"": 0.07884898498044782, ""name"": ""bfgs_after_fire"", ""start_geometry_sha256"": ""fc7202892f5d75be5a2d60566ee45a349dd576b50e9f6e804c691540984550fb"", ""steps"": 55}]",f96bc30c9a4a91fa0c3eeef0601324d4447556cfe4da5de462636dbfd8586cbc,-2.639358696788549,True,0.07597055158219856,46.0,100.0,0.08,converged,,bfgs_standard,"[{""ase_converged"": true, ""converged"": true, ""end_geometry_sha256"": ""962fadfc0ae4e9d1aff4b1259cb490e5a27681d835d10676ceb2710f1ca5028b"", ""failure_class"": null, ""max_force_eV_A"": 0.07597055158219856, ""name"": ""bfgs_standard"", ""start_geometry_sha256"": ""b400f93bb20f30c5376b54f89f651c23e6d381c076c8d04a7fd9a93d9dec1967"", ""steps"": 46}]",962fadfc0ae4e9d1aff4b1259cb490e5a27681d835d10676ceb2710f1ca5028b,-1.7017794482409918,True,0.07857393067759293,309.0,100.0,0.08,converged,,bfgs_after_fire,"[{""ase_converged"": false, ""converged"": false, ""end_geometry_sha256"": ""d84bf10158a1d927c15fb6b0bf3dccfe3dc228234a8bf41c1188ba2fd9f8daa8"", ""failure_class"": ""force_threshold"", ""max_force_eV_A"": 0.19166870576772074, ""name"": ""bfgs_standard"", ""start_geometry_sha256"": ""ffdf2a69753e02a41cfa6a12f68abc65c1cb988eebe457da4bc94eb3bb6a2625"", ""steps"": 100}, {""ase_converged"": false, ""converged"": false, ""end_geometry_sha256"": ""8929a5f01634c15bf3115ec853127651291be0aa90543625bfb18260c8b3462d"", ""failure_class"": ""force_threshold"", ""max_force_eV_A"": 0.5567780137542441, ""name"": ""fire_precondition"", ""qualifying"": false, ""start_geometry_sha256"": ""ffdf2a69753e02a41cfa6a12f68abc65c1cb988eebe457da4bc94eb3bb6a2625"", ""steps"": 50}, {""ase_converged"": true, ""converged"": true, ""end_geometry_sha256"": ""a32a83f808920e8f42c172936d521e65d7a93843c8d30e12b06135671ef0c601"", ""failure_class"": null, ""max_force_eV_A"": 0.07857393067759293, ""name"": ""bfgs_after_fire"", ""start_geometry_sha256"": ""8929a5f01634c15bf3115ec853127651291be0aa90543625bfb18260c8b3462d"", ""steps"": 159}]",a32a83f808920e8f42c172936d521e65d7a93843c8d30e12b06135671ef0c601,-6.067137290537353,3.0,step_2_O,9.0,0.0,True,4.341138145029541,0.480000000035,True,quantitative_screening,2,2,0e01a2c232000da9163b,False,
"('MOF', 'Co', 'HHTP', 'N6', 8.0)",MOF,False,esen-sm-conserving-all-oc25:relax-v4:orr-che-v3,False,33.573973167855414,975,150,0.08,recovery_exhausted,force_threshold,fire_small_step,"[{""ase_converged"": false, ""converged"": false, ""end_geometry_sha256"": ""6c981e0f3e7b3332597400ed08617df4753354aa938cc472b8a92bd0e599d7b1"", ""failure_class"": ""force_threshold"", ""max_force_eV_A"": 310.09129383931287, ""name"": ""bfgs_standard"", ""start_geometry_sha256"": ""e8a7513d715e36451a19459e7ce2e7e726b775944371af3529295a21ea898702"", ""steps"": 150}, {""ase_converged"": false, ""converged"": false, ""end_geometry_sha256"": ""6ccad6fb2ef583ad53e2599b0a7b3b1f3bb7e4f37dcce457785c7d5a635ec289"", ""failure_class"": ""force_threshold"", ""max_force_eV_A"": 48.72486486898631, ""name"": ""fire_precondition"", ""qualifying"": false, ""start_geometry_sha256"": ""e8a7513d715e36451a19459e7ce2e7e726b775944371af3529295a21ea898702"", ""steps"": 75}, {""ase_converged"": false, ""converged"": false, ""end_geometry_sha256"": ""7d573e93083bfa741f6478a4c444caaee827c860883ca9f37651386b9e4f3c97"", ""failure_class"": ""force_threshold"", ""max_force_eV_A"": 2360.30001841434, ""name"": ""bfgs_after_fire"", ""start_geometry_sha256"": ""6ccad6fb2ef583ad53e2599b0a7b3b1f3bb7e4f37dcce457785c7d5a635ec289"", ""steps"": 300}, {""ase_converged"": false, ""converged"": false, ""end_geometry_sha256"": ""33c4b6e4203bd12d6566b9b99dfb95a8a0f7223a5bc44f3e3e866732aba8f732"", ""failure_class"": ""force_threshold"", ""max_force_eV_A"": 33.573973167855414, ""name"": ""fire_small_step"", ""start_geometry_sha256"": ""6ccad6fb2ef583ad53e2599b0a7b3b1f3bb7e4f37dcce457785c7d5a635ec289"", ""steps"": 450}]",33c4b6e4203bd12d6566b9b99dfb95a8a0f7223a5bc44f3e3e866732aba8f732,,,,,,,,,,,,,,,,,,,,,,,,,,,,,,,,,,,,,,,,,,True,validation_required,1,1,e1377862e2e99f466b2c,False,Unconverged clean relaxation: max_force=33.574 eV/A after 975 cumulative recovery steps
"('MOF', 'Ni', 'BDC', 'O4', 30.0)",MOF,True,esen-sm-conserving-all-oc25:relax-v4:orr-che-v3,True,0.07363737728572153,391,150,0.08,converged,,bfgs_after_fire,"[{""ase_converged"": false, ""converged"": false, ""end_geometry_sha256"": ""964a037ee0a703a6e59b58041b8103f821e05cc9254ec2113da3556f4fe4e807"", ""failure_class"": ""force_threshold"", ""max_force_eV_A"": 0.16038115933266942, ""name"": ""bfgs_standard"", ""start_geometry_sha256"": ""3f44a2e5f33bc17acaa861eaf300b8b877e41e64370be2d11c1a6766eaacaf1c"", ""steps"": 150}, {""ase_converged"": false, ""converged"": false, ""end_geometry_sha256"": ""03c1f229c529f4dc548dfae4e12bcd97657ba81d5f6056a5bdb33b0f812d4b3f"", ""failure_class"": ""force_threshold"", ""max_force_eV_A"": 0.3486391023235778, ""name"": ""fire_precondition"", ""qualifying"": false, ""start_geometry_sha256"": ""3f44a2e5f33bc17acaa861eaf300b8b877e41e64370be2d11c1a6766eaacaf1c"", ""steps"": 75}, {""ase_converged"": true, ""converged"": true, ""end_geometry_sha256"": ""bb453fd7859206612240c246aae79ade868000849d786fc2a75bf0d46604c702"", ""failure_class"": null, ""max_force_eV_A"": 0.07363737728572153, ""name"": ""bfgs_after_fire"", ""start_geometry_sha256"": ""03c1f229c529f4dc548dfae4e12bcd97657ba81d5f6056a5bdb33b0f812d4b3f"", ""steps"": 166}]",bb453fd7859206612240c246aae79ade868000849d786fc2a75bf0d46604c702,-160.50384537196277,True,0.0744095306612566,241.0,100.0,0.08,converged,,bfgs_after_fire,"[{""ase_converged"": false, ""converged"": false, ""end_geometry_sha256"": ""0c77217f4eb6682c6427639eb5e96b3ff13bb72568aa797626ae754bf8ef1d14"", ""failure_class"": ""force_threshold"", ""max_force_eV_A"": 0.19544666897231278, ""name"": ""bfgs_standard"", ""start_geometry_sha256"": ""f260138e96e70e6abcd9840a568aee6d47627c557fd4e68fed35a59ce3eaa3b7"", ""steps"": 100}, {""ase_converged"": true, ""converged"": true, ""end_geometry_sha256"": ""e5d6b05a00d0bde88b14bcccdcf2eb2c004aaa4009b1527b3f92b8dfd1be5375"", ""failure_class"": null, ""max_force_eV_A"": 0.2339617793579423, ""name"": ""fire_precondition"", ""qualifying"": false, ""start_geometry_sha256"": ""f260138e96e70e6abcd9840a568aee6d47627c557fd4e68fed35a59ce3eaa3b7"", ""steps"": 33}, {""ase_converged"": true, ""converged"": true, ""end_geometry_sha256"": ""6d6df34dcf82fc6432223e3a9c7a3812ca02152d5a0a084e1f4f0d9854391e70"", ""failure_class"": null, ""max_force_eV_A"": 0.0744095306612566, ""name"": ""bfgs_after_fire"", ""start_geometry_sha256"": ""e5d6b05a00d0bde88b14bcccdcf2eb2c004aaa4009b1527b3f92b8dfd1be5375"", ""steps"": 108}]",6d6df34dcf82fc6432223e3a9c7a3812ca02152d5a0a084e1f4f0d9854391e70,-2.745224175304174,True,0.07736734560263002,55.0,100.0,0.08,converged,,bfgs_standard,"[{""ase_converged"": true, ""converged"": true, ""end_geometry_sha256"": ""b60e054e0302802538c7c6c371c462d46bafe11999794aa69415035eb65f2a23"", ""failure_class"": null, ""max_force_eV_A"": 0.07736734560263002, ""name"": ""bfgs_standard"", ""start_geometry_sha256"": ""5936968e5928e5dff909d44cd8fdf8618646f29598628282c1dd0b17c609133b"", ""steps"": 55}]",b60e054e0302802538c7c6c371c462d46bafe11999794aa69415035eb65f2a23,-2.478615843504664,True,0.07376326633534253,234.0,100.0,0.08,converged,,bfgs_after_fire,"[{""ase_converged"": false, ""converged"": false, ""end_geometry_sha256"": ""1e1ba3276e7d91416d044ddeb49e95392a49219113b7c3193f2d2e244dd4641d"", ""failure_class"": ""force_threshold"", ""max_force_eV_A"": 0.22166217138042418, ""name"": ""bfgs_standard"", ""start_geometry_sha256"": ""3dcf87e996fb9139d4870a39ed2496e8e298f9230e5316d82654adc013ff58ad"", ""steps"": 100}, {""ase_converged"": false, ""converged"": false, ""end_geometry_sha256"": ""857bf17f98a22309867bf0e7cbd39959e4f879b16d2d27a6b8003c9493a31801"", ""failure_class"": ""force_threshold"", ""max_force_eV_A"": 0.5740179770848561, ""name"": ""fire_precondition"", ""qualifying"": false, ""start_geometry_sha256"": ""3dcf87e996fb9139d4870a39ed2496e8e298f9230e5316d82654adc013ff58ad"", ""steps"": 50}, {""ase_converged"": true, ""converged"": true, ""end_geometry_sha256"": ""54b93f3db3c4c8acdb9b1b9ab8d0dc0e019303357dda21e9f949df48842474f6"", ""failure_class"": null, ""max_force_eV_A"": 0.07376326633534253, ""name"": ""bfgs_after_fire"", ""start_geometry_sha256"": ""857bf17f98a22309867bf0e7cbd39959e4f879b16d2d27a6b8003c9493a31801"", ""steps"": 84}]",54b93f3db3c4c8acdb9b1b9ab8d0dc0e019303357dda21e9f949df48842474f6,-4.322908927500244,3.0,step_4_H2O,10.0,0.0,True,5.223840018808838,0.480000000035,True,quantitative_screening,0,0,16818b3328d04d8132fd,False,
"('COF', 'Co', 'Imine', 'N2P2', 6.0)",COF,True,esen-sm-conserving-all-oc25:relax-v4:orr-che-v3,True,0.0740985047765704,130,150,0.08,converged,,bfgs_standard,"[{""ase_converged"": true, ""converged"": true, ""end_geometry_sha256"": ""a3f2754e24f03f822f01e28858220246cfd25054236cd707202fcb4d3e648fcc"", ""failure_class"": null, ""max_force_eV_A"": 0.0740985047765704, ""name"": ""bfgs_standard"", ""start_geometry_sha256"": ""30b84504e25a143abebb6238256182c9e6d3b7d754ff65252600bda68d9898da"", ""steps"": 130}]",a3f2754e24f03f822f01e28858220246cfd25054236cd707202fcb4d3e648fcc,-128.19607556336092,True,0.07891563688274712,40.0,100.0,0.08,converged,,bfgs_standard,"[{""ase_converged"": true, ""converged"": true, ""end_geometry_sha256"": ""ba38902d5f8bec5ef2b45350e8b58fa50ac704e7dfb8e002215e554dc289a1d6"", ""failure_class"": null, ""max_force_eV_A"": 0.07891563688274712, ""name"": ""bfgs_standard"", ""start_geometry_sha256"": ""0a7f75dfc200f59cd1785a6c3f85853d6638daa363d3a4f7b06f21ee6cdfbba6"", ""steps"": 40}]",ba38902d5f8bec5ef2b45350e8b58fa50ac704e7dfb8e002215e554dc289a1d6,0.9666565085947514,True,0.06269069597591181,28.0,100.0,0.08,converged,,bfgs_standard,"[{""ase_converged"": true, ""converged"": true, ""end_geometry_sha256"": ""e32954fedc8df09ece0801f4ba0f701613455e4a475437f67d9bc7728ce3d81a"", ""failure_class"": null, ""max_force_eV_A"": 0.06269069597591181, ""name"": ""bfgs_standard"", ""start_geometry_sha256"": ""48e0954a5588a7af5f2ea58938131107557a2098a347358d11d0f19a0837f183"", ""steps"": 28}]",e32954fedc8df09ece0801f4ba0f701613455e4a475437f67d9bc7728ce3d81a,2.8752483494579826,True,0.06034280003805203,49.0,100.0,0.08,converged,,bfgs_standard,"[{""ase_converged"": true, ""converged"": true, ""end_geometry_sha256"": ""46e4e7dc085e61a194960bac33f163f2e8d2cacb3f0ffafff80c77c56ac95b74"", ""failure_class"": null, ""max_force_eV_A"": 0.06034280003805203, ""name"": ""bfgs_standard"", ""start_geometry_sha256"": ""5e915f4b94eb6364919f878e8c1a01d0452a9c5403dc64c240ad52ef054e7ce5"", ""steps"": 49}]",46e4e7dc085e61a194960bac33f163f2e8d2cacb3f0ffafff80c77c56ac95b74,4.001822899281983,0.31082289928198303,step_1_OOH,9.0,0.0,True,3.841904858052734,0.447500000035,True,quantitative_screening,1,1,3cafa1dd27033ac418d3,False,
"('COF', 'Co', 'Boroxine', 'N4O2', 18.0)",COF,False,esen-sm-conserving-all-oc25:relax-v4:orr-che-v3,False,0.15795435740292843,975,150,0.08,recovery_exhausted,force_threshold,fire_small_step,"[{""ase_converged"": false, ""converged"": false, ""end_geometry_sha256"": ""35090bfe267d3104680dc8d1c6a68ffffbaa8176b1b1bd582c26f9d5dd674fb2"", ""failure_class"": ""force_threshold"", ""max_force_eV_A"": 1.0511955288113066, ""name"": ""bfgs_standard"", ""start_geometry_sha256"": ""588d831b0135b64ec06a3a0f675f67a4f8408b7dbeb47b1c257caaff2450d1de"", ""steps"": 150}, {""ase_converged"": false, ""converged"": false, ""end_geometry_sha256"": ""590194cdd119b4ab7cc2be91b7cbed5400ca0181d6d7577bd87cb53b97ebbc8f"", ""failure_class"": ""force_threshold"", ""max_force_eV_A"": 0.6500158270771187, ""name"": ""fire_precondition"", ""qualifying"": false, ""start_geometry_sha256"": ""588d831b0135b64ec06a3a0f675f67a4f8408b7dbeb47b1c257caaff2450d1de"", ""steps"": 75}, {""ase_converged"": false, ""converged"": false, ""end_geometry_sha256"": ""27eb0bf3b76a65114ccf147d6ad852645c68c6f3c0b03910572081c2c1e46bd5"", ""failure_class"": ""force_threshold"", ""max_force_eV_A"": 0.5942508015792219, ""name"": ""bfgs_after_fire"", ""start_geometry_sha256"": ""590194cdd119b4ab7cc2be91b7cbed5400ca0181d6d7577bd87cb53b97ebbc8f"", ""steps"": 300}, {""ase_converged"": false, ""converged"": false, ""end_geometry_sha256"": ""95264e76054c8064dc208825e8cd7da412cd995229894c916864b56a3b0af8fc"", ""failure_class"": ""force_threshold"", ""max_force_eV_A"": 0.15795435740292843, ""name"": ""fire_small_step"", ""start_geometry_sha256"": ""27eb0bf3b76a65114ccf147d6ad852645c68c6f3c0b03910572081c2c1e46bd5"", ""steps"": 450}]",95264e76054c8064dc208825e8cd7da412cd995229894c916864b56a3b0af8fc,,,,,,,,,,,,,,,,,,,,,,,,,,,,,,,,,,,,,,,,,,True,validation_required,2,2,64866a355e44d4f98c63,False,Unconverged clean relaxation: max_force=0.157954 eV/A after 975 cumulative recovery steps
"('COF', 'Co', 'Olefin', 'N2O2', 25.0)",COF,False,esen-sm-conserving-all-oc25:relax-v4:orr-che-v3,False,0.1206275459503449,975,150,0.08,recovery_exhausted,force_threshold,fire_small_step,"[{""ase_converged"": false, ""converged"": false, ""end_geometry_sha256"": ""e110334a9f06de8eb54f3dd37de993a474e243920147a9c8b2cfb290823761ac"", ""failure_class"": ""force_threshold"", ""max_force_eV_A"": 1.6365653337136952, ""name"": ""bfgs_standard"", ""start_geometry_sha256"": ""7eafea981b0fa09f59fe57e166917cced552bdac574921352c0100a63f21d2cb"", ""steps"": 150}, {""ase_converged"": false, ""converged"": false, ""end_geometry_sha256"": ""7cb9e8a5e15cf5811aecd8a4d99d728052fb1d92379cbeaff28b004ec40ce8c3"", ""failure_class"": ""force_threshold"", ""max_force_eV_A"": 0.7152943565936942, ""name"": ""fire_precondition"", ""qualifying"": false, ""start_geometry_sha256"": ""7eafea981b0fa09f59fe57e166917cced552bdac574921352c0100a63f21d2cb"", ""steps"": 75}, {""ase_converged"": false, ""converged"": false, ""end_geometry_sha256"": ""6ad1f51a0d9b8a4d9970248b545b281422ec28d1d869400ac983a321e28506e0"", ""failure_class"": ""force_threshold"", ""max_force_eV_A"": 0.12081466706264082, ""name"": ""bfgs_after_fire"", ""start_geometry_sha256"": ""7cb9e8a5e15cf5811aecd8a4d99d728052fb1d92379cbeaff28b004ec40ce8c3"", ""steps"": 300}, {""ase_converged"": false, ""converged"": false, ""end_geometry_sha256"": ""e50e8989b4159bc781496a2f98ffd7814a8df7f81e6f761b1341b629a5739d21"", ""failure_class"": ""force_threshold"", ""max_force_eV_A"": 0.1206275459503449, ""name"": ""fire_small_step"", ""start_geometry_sha256"": ""6ad1f51a0d9b8a4d9970248b545b281422ec28d1d869400ac983a321e28506e0"", ""steps"": 450}]",e50e8989b4159bc781496a2f98ffd7814a8df7f81e6f761b1341b629a5739d21,,,,,,,,,,,,,,,,,,,,,,,,,,,,,,,,,,,,,,,,,,True,validation_required,0,0,7d483f1c5a6f8455768f,False,Unconverged clean relaxation: max_force=0.120628 eV/A after 975 cumulative recovery steps
"('COF', 'Co', 'Olefin', 'S4', 40.0)",COF,True,esen-sm-conserving-all-oc25:relax-v4:orr-che-v3,True,0.07725448386705598,557,150,0.08,converged,,fire_small_step,"[{""ase_converged"": false, ""converged"": false, ""end_geometry_sha256"": ""c7b6d530fecfbcd644728546403a7de9d9be1b8bc4ad3aa63ff6d546f644e806"", ""failure_class"": ""force_threshold"", ""max_force_eV_A"": 0.5663565594673037, ""name"": ""bfgs_standard"", ""start_geometry_sha256"": ""374c6e81e507fc7b9261d626709d4b6c824b4e85454a2bc207116314b5eb7924"", ""steps"": 150}, {""ase_converged"": false, ""converged"": false, ""end_geometry_sha256"": ""0677038279a4019394d8100d61c06865b8d0177e87a63fc972c4c6a23203fa7a"", ""failure_class"": ""force_threshold"", ""max_force_eV_A"": 0.8816916751702528, ""name"": ""fire_precondition"", ""qualifying"": false, ""start_geometry_sha256"": ""374c6e81e507fc7b9261d626709d4b6c824b4e85454a2bc207116314b5eb7924"", ""steps"": 75}, {""ase_converged"": false, ""converged"": false, ""end_geometry_sha256"": ""4ccad290193351be029e11bf26955f860764d0284de492c1387171fc33fb3528"", ""failure_class"": ""force_threshold"", ""max_force_eV_A"": 0.3912412483024415, ""name"": ""bfgs_after_fire"", ""start_geometry_sha256"": ""0677038279a4019394d8100d61c06865b8d0177e87a63fc972c4c6a23203fa7a"", ""steps"": 300}, {""ase_converged"": true, ""converged"": true, ""end_geometry_sha256"": ""9eb226031b047d2856f89b2ac00ef4afaec07c43d67b0c7759aea295f36cfa65"", ""failure_class"": null, ""max_force_eV_A"": 0.07725448386705598, ""name"": ""fire_small_step"", ""start_geometry_sha256"": ""4ccad290193351be029e11bf26955f860764d0284de492c1387171fc33fb3528"", ""steps"": 32}]",9eb226031b047d2856f89b2ac00ef4afaec07c43d67b0c7759aea295f36cfa65,-180.79838377671297,True,0.07921436079276423,295.0,100.0,0.08,converged,,bfgs_after_fire,"[{""ase_converged"": false, ""converged"": false, ""end_geometry_sha256"": ""cc05d31f1bd1dac2b12fdff2154aa7a5093fcedf7e0d90d7122da7759dac3786"", ""failure_class"": ""force_threshold"", ""max_force_eV_A"": 0.16075008061460913, ""name"": ""bfgs_standard"", ""start_geometry_sha256"": ""10ff025f1d06d18d54043b6e9f1f511df48fd9cba79ed7ad88b42a0ab724ba1a"", ""steps"": 100}, {""ase_converged"": true, ""converged"": true, ""end_geometry_sha256"": ""b7524a1a1577647fe8a9a937a483e24fa2d9da21112c489af40b50bd84140390"", ""failure_class"": null, ""max_force_eV_A"": 0.21096322891830652, ""name"": ""fire_precondition"", ""qualifying"": false, ""start_geometry_sha256"": ""10ff025f1d06d18d54043b6e9f1f511df48fd9cba79ed7ad88b42a0ab724ba1a"", ""steps"": 39}, {""ase_converged"": true, ""converged"": true, ""end_geometry_sha256"": ""507fabfc35120471fc782ecc0f10e9929159677c9a41ec29a66c33f5d1439a22"", ""failure_class"": null, ""max_force_eV_A"": 0.07921436079276423, ""name"": ""bfgs_after_fire"", ""start_geometry_sha256"": ""b7524a1a1577647fe8a9a937a483e24fa2d9da21112c489af40b50bd84140390"", ""steps"": 156}]",507fabfc35120471fc782ecc0f10e9929159677c9a41ec29a66c33f5d1439a22,-2.4966546867787835,True,0.07965463981799094,239.0,100.0,0.08,converged,,bfgs_after_fire,"[{""ase_converged"": false, ""converged"": false, ""end_geometry_sha256"": ""62bbb4dead0cee445603aeeab5a9ac0d5795d79fa1a3c332c619f5f16a2837b1"", ""failure_class"": ""force_threshold"", ""max_force_eV_A"": 0.1459023015122598, ""name"": ""bfgs_standard"", ""start_geometry_sha256"": ""c30102c4135e83d3f12496967dff22b2054bf786d4c92e5f16e374554b887671"", ""steps"": 100}, {""ase_converged"": true, ""converged"": true, ""end_geometry_sha256"": ""ca5c4d43dabef782731edc8b0f47e3373906812d0c806ce51617678a908b8d8c"", ""failure_class"": null, ""max_force_eV_A"": 0.2066461339292312, ""name"": ""fire_precondition"", ""qualifying"": false, ""start_geometry_sha256"": ""c30102c4135e83d3f12496967dff22b2054bf786d4c92e5f16e374554b887671"", ""steps"": 29}, {""ase_converged"": true, ""converged"": true, ""end_geometry_sha256"": ""70eea06c0cc3a256eb8288e9ca6522cbf1451caf6f93dc883de838693b9d974c"", ""failure_class"": null, ""max_force_eV_A"": 0.07965463981799094, ""name"": ""bfgs_after_fire"", ""start_geometry_sha256"": ""ca5c4d43dabef782731edc8b0f47e3373906812d0c806ce51617678a908b8d8c"", ""steps"": 110}]",70eea06c0cc3a256eb8288e9ca6522cbf1451caf6f93dc883de838693b9d974c,-3.1439219348132577,True,0.07351925853918449,365.0,100.0,0.08,converged,,fire_small_step,"[{""ase_converged"": false, ""converged"": false, ""end_geometry_sha256"": ""a6cd228838c06a5f15abd1bc9cbc934f185d9455f4a1b23e13aa327f4b9f81d3"", ""failure_class"": ""force_threshold"", ""max_force_eV_A"": 0.14487030649431357, ""name"": ""bfgs_standard"", ""start_geometry_sha256"": ""e12dd8292d4a07f6025b60b5bd0380bcb9f915442822cec5936172d63a83a179"", ""steps"": 100}, {""ase_converged"": false, ""converged"": false, ""end_geometry_sha256"": ""f68d3c1707546540fdbcc624e95db1d131f90ddb32a0c80fe482d82a17404569"", ""failure_class"": ""force_threshold"", ""max_force_eV_A"": 0.6237118869102969, ""name"": ""fire_precondition"", ""qualifying"": false, ""start_geometry_sha256"": ""e12dd8292d4a07f6025b60b5bd0380bcb9f915442822cec5936172d63a83a179"", ""steps"": 50}, {""ase_converged"": false, ""converged"": false, ""end_geometry_sha256"": ""8b6558beedd633eba5e79593a38c69b84fdbb17cacdb63d5abc9af6d0ab642c2"", ""failure_class"": ""force_threshold"", ""max_force_eV_A"": 0.1639468089342567, ""name"": ""bfgs_after_fire"", ""start_geometry_sha256"": ""f68d3c1707546540fdbcc624e95db1d131f90ddb32a0c80fe482d82a17404569"", ""steps"": 200}, {""ase_converged"": true, ""converged"": true, ""end_geometry_sha256"": ""fe10b6cbd16114a7fdf0050eefa85e6e1b4c2057db941c248ee7ad4ac3f2ca12"", ""failure_class"": null, ""max_force_eV_A"": 0.07351925853918449, ""name"": ""fire_small_step"", ""start_geometry_sha256"": ""a6cd228838c06a5f15abd1bc9cbc934f185d9455f4a1b23e13aa327f4b9f81d3"", ""steps"": 15}]",fe10b6cbd16114a7fdf0050eefa85e6e1b4c2057db941c248ee7ad4ac3f2ca12,-6.788733054697509,3.0,step_2_O,9.0,0.0,True,5.640576621592041,0.447500000035,True,quantitative_screening,1,1,fc3c6d40132832f33324,False,
"('COF', 'Co', 'Hydrazone', 'O6', 12.0)",COF,True,esen-sm-conserving-all-oc25:relax-v4:orr-che-v3,True,0.051760852630963666,16,150,0.08,converged,,bfgs_standard,"[{""ase_converged"": true, ""converged"": true, ""end_geometry_sha256"": ""7c3a3a5c09795aa664ed108530302b5be0aba099730a4b2b2d380f628d320863"", ""failure_class"": null, ""max_force_eV_A"": 0.051760852630963666, ""name"": ""bfgs_standard"", ""start_geometry_sha256"": ""f8734db71c11cb15ef238df6bf8a4bca003a02e8feb1449c6e4d21d0544b937c"", ""steps"": 16}]",7c3a3a5c09795aa664ed108530302b5be0aba099730a4b2b2d380f628d320863,-134.88851412169112,True,0.041031678074534395,31.0,100.0,0.08,converged,,bfgs_standard,"[{""ase_converged"": true, ""converged"": true, ""end_geometry_sha256"": ""aac4c1e577ff7342141e509346ca7b5545496e2a24ff8d94f8490825f63e83b8"", ""failure_class"": null, ""max_force_eV_A"": 0.041031678074534395, ""name"": ""bfgs_standard"", ""start_geometry_sha256"": ""e71c57931e222b5c6467d80e95d20d4659d3b0db149a13304ee884b2b10f9dd6"", ""steps"": 31}]",aac4c1e577ff7342141e509346ca7b5545496e2a24ff8d94f8490825f63e83b8,0.7372487212717533,True,0.053829461853542544,24.0,100.0,0.08,converged,,bfgs_standard,"[{""ase_converged"": true, ""converged"": true, ""end_geometry_sha256"": ""3110ea6081549c7be1f22d65df6d92a23711e28a55a2504148d780d4f39153a5"", ""failure_class"": null, ""max_force_eV_A"": 0.053829461853542544, ""name"": ""bfgs_standard"", ""start_geometry_sha256"": ""6cc1c0ac839e076458ae106d07537bfe332891038d995b0d11ae825c440f5ecb"", ""steps"": 24}]",3110ea6081549c7be1f22d65df6d92a23711e28a55a2504148d780d4f39153a5,2.0707651741802726,True,0.07008943710400613,48.0,100.0,0.08,converged,,bfgs_standard,"[{""ase_converged"": true, ""converged"": true, ""end_geometry_sha256"": ""28efcb57e33585a183d0e7fac7b8463f5686b5ded5113daf901d53e87f0d63b2"", ""failure_class"": null, ""max_force_eV_A"": 0.07008943710400613, ""name"": ""bfgs_standard"", ""start_geometry_sha256"": ""9b762a5cef399dbf739cdcc2803df9dc47ff23aa2fa3df505e4eabfe469b8b97"", ""steps"": 48}]",28efcb57e33585a183d0e7fac7b8463f5686b5ded5113daf901d53e87f0d63b2,3.6521226868033443,0.49175127872824675,step_4_H2O,9.0,0.0,True,2.808013895452026,0.447500000035,True,quantitative_screening,0,0,f05d4da6d1a8ebb17ae8,False,
"('COF', 'Co', 'Squaraine', 'P4', 18.0)",COF,True,esen-sm-conserving-all-oc25:relax-v4:orr-che-v3,True,0.07448711244817557,102,150,0.08,converged,,bfgs_standard,"[{""ase_converged"": true, ""converged"": true, ""end_geometry_sha256"": ""effb0bff0653bd003b41f73f1d7a5fabf33c7553240fb8bb1c7255e78565ec8f"", ""failure_class"": null, ""max_force_eV_A"": 0.07448711244817557, ""name"": ""bfgs_standard"", ""start_geometry_sha256"": ""e232fb82115f073286ade5a55139db5b47ef3622dd3cb58810f9a44ce31d8511"", ""steps"": 102}]",effb0bff0653bd003b41f73f1d7a5fabf33c7553240fb8bb1c7255e78565ec8f,-122.26660025372186,True,0.07400155767516789,55.0,100.0,0.08,converged,,bfgs_standard,"[{""ase_converged"": true, ""converged"": true, ""end_geometry_sha256"": ""3872ca6de5090f201cded147e07ea294ab742b5211dd674f9f323ce40ec45473"", ""failure_class"": null, ""max_force_eV_A"": 0.07400155767516789, ""name"": ""bfgs_standard"", ""start_geometry_sha256"": ""af080ba60f05c3718579090d5accdd2db9c120fcc536bad5268e472e8195f172"", ""steps"": 55}]",3872ca6de5090f201cded147e07ea294ab742b5211dd674f9f323ce40ec45473,0.5759685660898686,True,0.0718355010888562,48.0,100.0,0.08,converged,,bfgs_standard,"[{""ase_converged"": true, ""converged"": true, ""end_geometry_sha256"": ""2474c491555f3e4d55f62506062cc92f00708141cf1b6aa37ed6fb765b9d4336"", ""failure_class"": null, ""max_force_eV_A"": 0.0718355010888562, ""name"": ""bfgs_standard"", ""start_geometry_sha256"": ""39013710bcbdf4f516d7c4763e80aada187e2626171621efe7a918c20577e71a"", ""steps"": 48}]",2474c491555f3e4d55f62506062cc92f00708141cf1b6aa37ed6fb765b9d4336,1.69948378875852,True,0.07415911416979193,281.0,100.0,0.08,converged,,bfgs_after_fire,"[{""ase_converged"": false, ""converged"": false, ""end_geometry_sha256"": ""2bd9de2221914b9c34ede6eb5fcbb854607fa9e72d50a5c138258fc30d988012"", ""failure_class"": ""force_threshold"", ""max_force_eV_A"": 0.3080855098679548, ""name"": ""bfgs_standard"", ""start_geometry_sha256"": ""dc03c1ade9ea5d02d7fa0d741cf0b67ec204e81cd8c27587ea311094eff2a58c"", ""steps"": 100}, {""ase_converged"": true, ""converged"": true, ""end_geometry_sha256"": ""b436f4966a1b4ff9ed9f7df9aec4f42417ee029a0d334a867380292c7dd91fad"", ""failure_class"": null, ""max_force_eV_A"": 0.22578062776729244, ""name"": ""fire_precondition"", ""qualifying"": false, ""start_geometry_sha256"": ""dc03c1ade9ea5d02d7fa0d741cf0b67ec204e81cd8c27587ea311094eff2a58c"", ""steps"": 27}, {""ase_converged"": true, ""converged"": true, ""end_geometry_sha256"": ""c2951c74dc1a5971f973d1d1516adeface89a5dc5dbe7e319b8704a0d006155b"", ""failure_class"": null, ""max_force_eV_A"": 0.07415911416979193, ""name"": ""bfgs_after_fire"", ""start_geometry_sha256"": ""b436f4966a1b4ff9ed9f7df9aec4f42417ee029a0d334a867380292c7dd91fad"", ""steps"": 154}]",c2951c74dc1a5971f973d1d1516adeface89a5dc5dbe7e319b8704a0d006155b,2.679132889211181,0.6530314339101315,step_4_H2O,9.0,0.0,True,2.2754523548483885,0.447500000035,True,quantitative_screening,2,2,8c098d5bed30287e0789,False,
"('COF', 'Co', 'Amide', 'N3S', 4.0)",COF,True,esen-sm-conserving-all-oc25:relax-v4:orr-che-v3,True,0.07840260526874607,79,150,0.08,converged,,bfgs_standard,"[{""ase_converged"": true, ""converged"": true, ""end_geometry_sha256"": ""d95237d58b6315a890eebc4439af43e332eae5a37340b407d4e0d76c9822b758"", ""failure_class"": null, ""max_force_eV_A"": 0.07840260526874607, ""name"": ""bfgs_standard"", ""start_geometry_sha256"": ""7fdef56b35b5e2fba3e2e478eda68803f63d82e02489b1fa9fec899ec9496dbf"", ""steps"": 79}]",d95237d58b6315a890eebc4439af43e332eae5a37340b407d4e0d76c9822b758,-130.6648998753449,True,0.07557926195022958,30.0,100.0,0.08,converged,,bfgs_standard,"[{""ase_converged"": true, ""converged"": true, ""end_geometry_sha256"": ""300b099e7483eab0495fb92805541ad67437bf3327e0e872869c9af22be8289a"", ""failure_class"": null, ""max_force_eV_A"": 0.07557926195022958, ""name"": ""bfgs_standard"", ""start_geometry_sha256"": ""568003c242dd523fdf8bff9205ba7064e012dd9a7feb9f4ccd50407dbdc45ce2"", ""steps"": 30}]",300b099e7483eab0495fb92805541ad67437bf3327e0e872869c9af22be8289a,1.2828050281107426,True,0.07174465566280512,51.0,100.0,0.08,converged,,bfgs_standard,"[{""ase_converged"": true, ""converged"": true, ""end_geometry_sha256"": ""f872a673895d4e654124b10baa5b180c8ee958afdc5b6061db578f4cd8e95966"", ""failure_class"": null, ""max_force_eV_A"": 0.07174465566280512, ""name"": ""bfgs_standard"", ""start_geometry_sha256"": ""4ecc2162cb3089116941b53a9d2fa939339eb8567849cdcbd555a0e312d41997"", ""steps"": 51}]",f872a673895d4e654124b10baa5b180c8ee958afdc5b6061db578f4cd8e95966,2.465142405778173,True,0.07357784291270565,59.0,100.0,0.08,converged,,bfgs_standard,"[{""ase_converged"": true, ""converged"": true, ""end_geometry_sha256"": ""c73d9470853e606e1057f34d4a7676302e01722328030011be84617b3f68a29a"", ""failure_class"": null, ""max_force_eV_A"": 0.07357784291270565, ""name"": ""bfgs_standard"", ""start_geometry_sha256"": ""a83e65e3b791777d20d247b4b7ff0c0d238989ed42cb343e9b60a32dc4e0b09f"", ""steps"": 59}]",c73d9470853e606e1057f34d4a7676302e01722328030011be84617b3f68a29a,4.113791655004029,0.42279165500402893,step_1_OOH,9.0,0.0,True,3.747947433888916,0.447500000035,True,quantitative_screening,0,0,3991f86999adae2cb797,False,
"('COF', 'Co', 'Imide', 'N6', 12.0)",COF,True,esen-sm-conserving-all-oc25:relax-v4:orr-che-v3,True,0.06331662374858135,56,150,0.08,converged,,bfgs_standard,"[{""ase_converged"": true, ""converged"": true, ""end_geometry_sha256"": ""5724af125d8faa81bc3a4d0f994f94ecb969a44f1d0b4858ad80e3fe88df8b0e"", ""failure_class"": null, ""max_force_eV_A"": 0.06331662374858135, ""name"": ""bfgs_standard"", ""start_geometry_sha256"": ""0ad08aa0498033d60b61fe3cf1778bbc46d57c6d04d861d8740eca3be8c141e9"", ""steps"": 56}]",5724af125d8faa81bc3a4d0f994f94ecb969a44f1d0b4858ad80e3fe88df8b0e,-149.01446936936773,True,0.07061392017269576,35.0,100.0,0.08,converged,,bfgs_standard,"[{""ase_converged"": true, ""converged"": true, ""end_geometry_sha256"": ""668abe6f90d8c5c771ae1b29638f31224e2bd8aabc077eebe30de3a9d9a1c7d3"", ""failure_class"": null, ""max_force_eV_A"": 0.07061392017269576, ""name"": ""bfgs_standard"", ""start_geometry_sha256"": ""54c70ad8cd99b26c157ef07012a95e6af7bd95d8507881d2628d0be11bbdd033"", ""steps"": 35}]",668abe6f90d8c5c771ae1b29638f31224e2bd8aabc077eebe30de3a9d9a1c7d3,1.1602728988230229,True,0.07243576063648735,62.0,100.0,0.08,converged,,bfgs_standard,"[{""ase_converged"": true, ""converged"": true, ""end_geometry_sha256"": ""4a8a27504d5bd8902985a871a3d1340c5304da451853d30cddb389cac6c14906"", ""failure_class"": null, ""max_force_eV_A"": 0.07243576063648735, ""name"": ""bfgs_standard"", ""start_geometry_sha256"": ""dd2aeac6fb54a09b23b2d8709ff0ac50ff99cfa318b93235044b02c3eb412d44"", ""steps"": 62}]",4a8a27504d5bd8902985a871a3d1340c5304da451853d30cddb389cac6c14906,2.3077849514782462,True,0.07772409590559859,44.0,100.0,0.08,converged,,bfgs_standard,"[{""ase_converged"": true, ""converged"": true, ""end_geometry_sha256"": ""ff4ade1f4560d053136b9cf84460ec35c669495d696ce1c169f3fc617d0d2305"", ""failure_class"": null, ""max_force_eV_A"": 0.07772409590559859, ""name"": ""bfgs_standard"", ""start_geometry_sha256"": ""5c2dd2ca14adc9e5911921ed64e8d7cf823b8708d144360531f6098c6395ed45"", ""steps"": 44}]",ff4ade1f4560d053136b9cf84460ec35c669495d696ce1c169f3fc617d0d2305,4.071460197865967,0.3804601978659674,step_1_OOH,9.0,0.0,True,3.4680578503012693,0.447500000035,True,quantitative_screening,0,0,8bba092ee0e73e8b1d91,False,
"('COF', 'Ni', 'Imine', 'N2O2', 14.0)",COF,True,esen-sm-conserving-all-oc25:relax-v4:orr-che-v3,True,0.06810579117586342,33,150,0.08,converged,,bfgs_standard,"[{""ase_converged"": true, ""converged"": true, ""end_geometry_sha256"": ""d35cc6630d49227aaeeb4b7c5323974bfcb57556b7e9cfaf2389e6923de5fc69"", ""failure_class"": null, ""max_force_eV_A"": 0.06810579117586342, ""name"": ""bfgs_standard"", ""start_geometry_sha256"": ""e8229b09c85d254cd977774d966ab46a1796d4461b9affd8927fdb13398c4310"", ""steps"": 33}]",d35cc6630d49227aaeeb4b7c5323974bfcb57556b7e9cfaf2389e6923de5fc69,-127.48271925317022,True,0.07379487049359527,50.0,100.0,0.08,converged,,bfgs_standard,"[{""ase_converged"": true, ""converged"": true, ""end_geometry_sha256"": ""48571a9d65131a2a958c241680b6cb39f49e90ca47cf73fc12e35d233ae3d826"", ""failure_class"": null, ""max_force_eV_A"": 0.07379487049359527, ""name"": ""bfgs_standard"", ""start_geometry_sha256"": ""24a2c1e6506e2dcaacd6fef18c65ef97ac9b3143105d3792805099bddcf8aee7"", ""steps"": 50}]",48571a9d65131a2a958c241680b6cb39f49e90ca47cf73fc12e35d233ae3d826,1.5335953857004643,True,0.060598877129909454,40.0,100.0,0.08,converged,,bfgs_standard,"[{""ase_converged"": true, ""converged"": true, ""end_geometry_sha256"": ""8494011c8f790407777b3b400d2968db25910d33c39a40c54fc8276064166fdd"", ""failure_class"": null, ""max_force_eV_A"": 0.060598877129909454, ""name"": ""bfgs_standard"", ""start_geometry_sha256"": ""e7130b2975a1fb5383bd10314792cd67491f9c04d17e8c095dc5fc8d86c4c68e"", ""steps"": 40}]",8494011c8f790407777b3b400d2968db25910d33c39a40c54fc8276064166fdd,2.444530881196264,True,0.07286383881252789,40.0,100.0,0.08,converged,,bfgs_standard,"[{""ase_converged"": true, ""converged"": true, ""end_geometry_sha256"": ""9463e31440ee0c02cbea3091bbd20371bf0020bd5f39e31e28e590a565f6a2e9"", ""failure_class"": null, ""max_force_eV_A"": 0.07286383881252789, ""name"": ""bfgs_standard"", ""start_geometry_sha256"": ""2bcaabe78ff3745dacced43985882b499f3c9e8c16e1b2fbf1296d5f66682826"", ""steps"": 40}]",9463e31440ee0c02cbea3091bbd20371bf0020bd5f39e31e28e590a565f6a2e9,4.493654201924805,0.8026542019248053,step_1_OOH,10.0,0.0,True,3.9781262668967283,0.447500000035,True,quantitative_screening,2,2,f2164e4bcca9067ed438,False,
"('COF', 'Ni', 'Boroxine', 'N4', 25.0)",COF,True,esen-sm-conserving-all-oc25:relax-v4:orr-che-v3,True,0.07840259413198891,552,150,0.08,converged,,fire_small_step,"[{""ase_converged"": false, ""converged"": false, ""end_geometry_sha256"": ""161b15f901c7ef1f07709d4c6985e9f6dc0c35bdfd9e00935501dce8abd1aeba"", ""failure_class"": ""force_threshold"", ""max_force_eV_A"": 0.21366033695865086, ""name"": ""bfgs_standard"", ""start_geometry_sha256"": ""34914f842d5029e8fbf2db5ced7be88b51f2437d5ed4cbf3b2ecbaf2c55fcbaf"", ""steps"": 150}, {""ase_converged"": false, ""converged"": false, ""end_geometry_sha256"": ""2969920f57a3e8c8661bdb8c1d44413ad46366f79ab538c7fd6cb91947202f42"", ""failure_class"": ""force_threshold"", ""max_force_eV_A"": 0.586249995881922, ""name"": ""fire_precondition"", ""qualifying"": false, ""start_geometry_sha256"": ""34914f842d5029e8fbf2db5ced7be88b51f2437d5ed4cbf3b2ecbaf2c55fcbaf"", ""steps"": 75}, {""ase_converged"": false, ""converged"": false, ""end_geometry_sha256"": ""3ba3659a1b09a7248229542dc6149b9d7a624181d8b015bd466b53e747e9b89c"", ""failure_class"": ""force_threshold"", ""max_force_eV_A"": 0.14356311832667923, ""name"": ""bfgs_after_fire"", ""start_geometry_sha256"": ""2969920f57a3e8c8661bdb8c1d44413ad46366f79ab538c7fd6cb91947202f42"", ""steps"": 300}, {""ase_converged"": true, ""converged"": true, ""end_geometry_sha256"": ""958b0a2361ca5668bb550d4a25870334ac0347f7c374978d439bdbdabd27642f"", ""failure_class"": null, ""max_force_eV_A"": 0.07840259413198891, ""name"": ""fire_small_step"", ""start_geometry_sha256"": ""3ba3659a1b09a7248229542dc6149b9d7a624181d8b015bd466b53e747e9b89c"", ""steps"": 27}]",958b0a2361ca5668bb550d4a25870334ac0347f7c374978d439bdbdabd27642f,-187.67162374023667,True,0.06670564072228516,78.0,100.0,0.08,converged,,bfgs_standard,"[{""ase_converged"": true, ""converged"": true, ""end_geometry_sha256"": ""715af2474f49c56b16f64919e35bbaea8385a60e23f82f30ee466c0d9fbb0437"", ""failure_class"": null, ""max_force_eV_A"": 0.06670564072228516, ""name"": ""bfgs_standard"", ""start_geometry_sha256"": ""b0b2dcb7078646533f39b8339a7e7c8090ae064cc14f8a137842ed191d2e1627"", ""steps"": 78}]",715af2474f49c56b16f64919e35bbaea8385a60e23f82f30ee466c0d9fbb0437,-2.1066018913686273,True,0.07757553976822676,290.0,100.0,0.08,converged,,bfgs_after_fire,"[{""ase_converged"": false, ""converged"": false, ""end_geometry_sha256"": ""70daf8b4ae7bfb4c1729980ae2d7e444478cf5966836c3d1090550267916bbae"", ""failure_class"": ""force_threshold"", ""max_force_eV_A"": 0.10771830342368238, ""name"": ""bfgs_standard"", ""start_geometry_sha256"": ""9bde652233241dd0e490465cb2309d11baf4b7c8f5f02662178e9b26fc0413e7"", ""steps"": 100}, {""ase_converged"": true, ""converged"": true, ""end_geometry_sha256"": ""1121293d637d1a98614419723eef58f8a3e91c4fda153737625f77b75ae5998a"", ""failure_class"": null, ""max_force_eV_A"": 0.24313691483890443, ""name"": ""fire_precondition"", ""qualifying"": false, ""start_geometry_sha256"": ""9bde652233241dd0e490465cb2309d11baf4b7c8f5f02662178e9b26fc0413e7"", ""steps"": 42}, {""ase_converged"": true, ""converged"": true, ""end_geometry_sha256"": ""128025d0b78ad62bf4bc7f9db4de253f0792433f282c66e09a2e1de4e45d4b49"", ""failure_class"": null, ""max_force_eV_A"": 0.07757553976822676, ""name"": ""bfgs_after_fire"", ""start_geometry_sha256"": ""1121293d637d1a98614419723eef58f8a3e91c4fda153737625f77b75ae5998a"", ""steps"": 148}]",128025d0b78ad62bf4bc7f9db4de253f0792433f282c66e09a2e1de4e45d4b49,-3.377339445799586,True,0.06901648833586188,335.0,100.0,0.08,converged,,bfgs_after_fire,"[{""ase_converged"": false, ""converged"": false, ""end_geometry_sha256"": ""ecbeaaf1d17cddcbdd28df72467fcb3e5b8d7d7b36ed921e4f3f59a39cf351bd"", ""failure_class"": ""force_threshold"", ""max_force_eV_A"": 0.17726244739696143, ""name"": ""bfgs_standard"", ""start_geometry_sha256"": ""f34824545f537f446c438a44167c13fefd23bd532068288026a294b03a365e6f"", ""steps"": 100}, {""ase_converged"": false, ""converged"": false, ""end_geometry_sha256"": ""6e77a2b388a23290c7a32d885f9d5aa5ec90c1ae325f863648bd225071e75fcb"", ""failure_class"": ""force_threshold"", ""max_force_eV_A"": 1.8824703855693943, ""name"": ""fire_precondition"", ""qualifying"": false, ""start_geometry_sha256"": ""f34824545f537f446c438a44167c13fefd23bd532068288026a294b03a365e6f"", ""steps"": 50}, {""ase_converged"": true, ""converged"": true, ""end_geometry_sha256"": ""936ba1915aaedf1f55ddced8448a9e1fa9e4ed852a2c80e6f3f3fdf044f750a4"", ""failure_class"": null, ""max_force_eV_A"": 0.06901648833586188, ""name"": ""bfgs_after_fire"", ""start_geometry_sha256"": ""6e77a2b388a23290c7a32d885f9d5aa5ec90c1ae325f863648bd225071e75fcb"", ""steps"": 185}]",936ba1915aaedf1f55ddced8448a9e1fa9e4ed852a2c80e6f3f3fdf044f750a4,-8.271666099131103,3.0,step_2_O,10.0,0.0,True,5.483941337168213,0.447500000035,True,quantitative_screening,0,0,f99cdd0a3ccd7f877d27,False,
"('Perovskite', 'Ba', 'Ti', 'Nb', 0.5, 'O_vacancy')",Perovskite,True,esen-sm-conserving-all-oc25:relax-v4:orr-che-v3,True,0.07670896072136987,24,150,0.08,converged,,bfgs_standard,"[{""ase_converged"": true, ""converged"": true, ""end_geometry_sha256"": ""2e0f56554c999164451e08fd938c15af62512125fae2953f9e7cc8e28978de67"", ""failure_class"": null, ""max_force_eV_A"": 0.07670896072136987, ""name"": ""bfgs_standard"", ""start_geometry_sha256"": ""e294bc6ef21aa0fc882246ca5ddd1cb30e4d872aeccb9cd47cc315f75931a4f1"", ""steps"": 24}]",2e0f56554c999164451e08fd938c15af62512125fae2953f9e7cc8e28978de67,-456.15998787057345,True,0.07552111497455559,36.0,100.0,0.08,converged,,bfgs_standard,"[{""ase_converged"": true, ""converged"": true, ""end_geometry_sha256"": ""80c1c0f1f952d29d7a5c6a1221a7d33ff3a61944fc979a4132780089b523ed40"", ""failure_class"": null, ""max_force_eV_A"": 0.07552111497455559, ""name"": ""bfgs_standard"", ""start_geometry_sha256"": ""28dca022a9decf84e12bb2c098de708ec4dabe36b8e3544b3da04bf7aa12f0ce"", ""steps"": 36}]",80c1c0f1f952d29d7a5c6a1221a7d33ff3a61944fc979a4132780089b523ed40,-2.3866197441518304,True,0.06883420150151844,169.0,100.0,0.08,converged,,bfgs_after_fire,"[{""ase_converged"": false, ""converged"": false, ""end_geometry_sha256"": ""23c2be52d3533dd84700274a4290599f46c2c88bcf80bd4aa03ad44acc251d77"", ""failure_class"": ""force_threshold"", ""max_force_eV_A"": 0.506656634464343, ""name"": ""bfgs_standard"", ""start_geometry_sha256"": ""fca4a9109d4ce56119630c5ba86b056e8d504f82014aed132dadb777790d25a7"", ""steps"": 100}, {""ase_converged"": false, ""converged"": false, ""end_geometry_sha256"": ""d3b6024f7deaa1f975247ca911fc27af993c8cf7c6adbe6746112e14a5978c00"", ""failure_class"": ""force_threshold"", ""max_force_eV_A"": 0.8164606809308002, ""name"": ""fire_precondition"", ""qualifying"": false, ""start_geometry_sha256"": ""fca4a9109d4ce56119630c5ba86b056e8d504f82014aed132dadb777790d25a7"", ""steps"": 50}, {""ase_converged"": true, ""converged"": true, ""end_geometry_sha256"": ""a00f5e7333fee6131b4b099d52fb72c95df376b5efe2e873c140aae715066f22"", ""failure_class"": null, ""max_force_eV_A"": 0.06883420150151844, ""name"": ""bfgs_after_fire"", ""start_geometry_sha256"": ""d3b6024f7deaa1f975247ca911fc27af993c8cf7c6adbe6746112e14a5978c00"", ""steps"": 19}]",a00f5e7333fee6131b4b099d52fb72c95df376b5efe2e873c140aae715066f22,-2.6847582690418017,True,0.0750593078664276,62.0,100.0,0.08,converged,,bfgs_standard,"[{""ase_converged"": true, ""converged"": true, ""end_geometry_sha256"": ""af2417c526b65cb2c350e279e4ab5f06baed30d2f1427f9c75e13855df29ae8f"", ""failure_class"": null, ""max_force_eV_A"": 0.0750593078664276, ""name"": ""bfgs_standard"", ""start_geometry_sha256"": ""cccf1bb1a97858fe8d1a22d7edd9a6dc040dedeccc6c2e673a29a0117c59d5c9"", ""steps"": 62}]",af2417c526b65cb2c350e279e4ab5f06baed30d2f1427f9c75e13855df29ae8f,-4.050146628916232,3.0,step_4_H2O,10.0,0.0,True,5.071378013193632,0.6527014328916925,False,quantitative_screening,2,2,7b6562a12b85f28ea4b0,False,
"('Perovskite', 'Ba', 'Cr', 'Mo', 0.3, 'B_vacancy')",Perovskite,True,esen-sm-conserving-all-oc25:relax-v4:orr-che-v3,True,0.06221306027249721,28,150,0.08,converged,,bfgs_standard,"[{""ase_converged"": true, ""converged"": true, ""end_geometry_sha256"": ""34573c1f695c7a6a3da195746a6716917e7a665d7500d64d7bdcfb4beaf7e207"", ""failure_class"": null, ""max_force_eV_A"": 0.06221306027249721, ""name"": ""bfgs_standard"", ""start_geometry_sha256"": ""f0d352ea9ed6157d51f578ded4cc23ab83e5b423e28ca3ba4b07448715a0ecdb"", ""steps"": 28}]",34573c1f695c7a6a3da195746a6716917e7a665d7500d64d7bdcfb4beaf7e207,-429.4726957162328,True,0.07394972083816341,244.0,100.0,0.08,converged,,bfgs_after_fire,"[{""ase_converged"": false, ""converged"": false, ""end_geometry_sha256"": ""e9c85876d9b28c3e395d489348d871730b0f1001c5e7c35402242b38c30434bb"", ""failure_class"": ""force_threshold"", ""max_force_eV_A"": 0.09737621818738554, ""name"": ""bfgs_standard"", ""start_geometry_sha256"": ""f6e8df7a833a5083deb333ce59fbad4fbf1394490f7059bef3ac7a3bb4f5530d"", ""steps"": 100}, {""ase_converged"": false, ""converged"": false, ""end_geometry_sha256"": ""63e4777c52f3cc7cf3ce572eb7caa80f988a058ae6c39159b5a9892c77f19feb"", ""failure_class"": ""force_threshold"", ""max_force_eV_A"": 0.9152093985930702, ""name"": ""fire_precondition"", ""qualifying"": false, ""start_geometry_sha256"": ""f6e8df7a833a5083deb333ce59fbad4fbf1394490f7059bef3ac7a3bb4f5530d"", ""steps"": 50}, {""ase_converged"": true, ""converged"": true, ""end_geometry_sha256"": ""50f6b00842215201dfae34ac2826267f129bc7a8f7b46463fe1082609b180c46"", ""failure_class"": null, ""max_force_eV_A"": 0.07394972083816341, ""name"": ""bfgs_after_fire"", ""start_geometry_sha256"": ""63e4777c52f3cc7cf3ce572eb7caa80f988a058ae6c39159b5a9892c77f19feb"", ""steps"": 94}]",50f6b00842215201dfae34ac2826267f129bc7a8f7b46463fe1082609b180c46,-1.69957369312644,True,0.07602962549133348,65.0,100.0,0.08,converged,,bfgs_standard,"[{""ase_converged"": true, ""converged"": true, ""end_geometry_sha256"": ""8b52499702226034fa9d21c11658c8bcae427895a9dd8199d10e55a1728ef958"", ""failure_class"": null, ""max_force_eV_A"": 0.07602962549133348, ""name"": ""bfgs_standard"", ""start_geometry_sha256"": ""167a56f9984ef90b244ede1489af39c77d0e1371163e096b00973b4aafba2e55"", ""steps"": 65}]",8b52499702226034fa9d21c11658c8bcae427895a9dd8199d10e55a1728ef958,-0.7121325366199265,True,0.07867036444838117,66.0,100.0,0.08,converged,,bfgs_standard,"[{""ase_converged"": true, ""converged"": true, ""end_geometry_sha256"": ""cc24b0058512953144e180ca45ca8e1a8be9176759dd67b3fdd409d788e1d3bf"", ""failure_class"": null, ""max_force_eV_A"": 0.07867036444838117, ""name"": ""bfgs_standard"", ""start_geometry_sha256"": ""e0667587bc65b1529011518b887ba14fd649484c76fe7acc831867674e7954ae"", ""steps"": 66}]",cc24b0058512953144e180ca45ca8e1a8be9176759dd67b3fdd409d788e1d3bf,-0.895121146738554,2.92857369312644,step_4_H2O,9.0,0.0,True,2.4117062297463665,0.6527014328916925,False,quantitative_screening,1,1,ba68fe3948bf3e0861aa,False,
"('Perovskite', 'Ba', 'Mn', 'W', 0.25, 'O_vacancy')",Perovskite,True,esen-sm-conserving-all-oc25:relax-v4:orr-che-v3,True,0.07576286859747358,62,150,0.08,converged,,bfgs_standard,"[{""ase_converged"": true, ""converged"": true, ""end_geometry_sha256"": ""564ef77366c817ddcbf8bed71ad2b3a7b7cc9d5b1b3368cf03087911cfabe8b1"", ""failure_class"": null, ""max_force_eV_A"": 0.07576286859747358, ""name"": ""bfgs_standard"", ""start_geometry_sha256"": ""b5e10a9510c0a27334d4eb2ce859e85610890f65fc2cf4bc403571e97f12ef4d"", ""steps"": 62}]",564ef77366c817ddcbf8bed71ad2b3a7b7cc9d5b1b3368cf03087911cfabe8b1,-419.42990813294375,True,0.07596222488319566,94.0,100.0,0.08,converged,,bfgs_standard,"[{""ase_converged"": true, ""converged"": true, ""end_geometry_sha256"": ""153bb485c8f838463359563d76eb61705531c59871b4c04824601550fedf4cfb"", ""failure_class"": null, ""max_force_eV_A"": 0.07596222488319566, ""name"": ""bfgs_standard"", ""start_geometry_sha256"": ""2d351a1ec84456dc62db63d93d3b68b41042a1489fcff29bd8f81b508f8b34ec"", ""steps"": 94}]",153bb485c8f838463359563d76eb61705531c59871b4c04824601550fedf4cfb,0.6958082343637944,True,0.07480996821028489,57.0,100.0,0.08,converged,,bfgs_standard,"[{""ase_converged"": true, ""converged"": true, ""end_geometry_sha256"": ""17442b059c33adbf98a906faa32d21939faa0d09e657455816f92259880adbdd"", ""failure_class"": null, ""max_force_eV_A"": 0.07480996821028489, ""name"": ""bfgs_standard"", ""start_geometry_sha256"": ""f66bfd36687e72ae934e6d2af8c9c16cf59a1b94095868810a0b051edaa4152c"", ""steps"": 57}]",17442b059c33adbf98a906faa32d21939faa0d09e657455816f92259880adbdd,3.27298632934687,True,0.07819769966682544,81.0,100.0,0.08,converged,,bfgs_standard,"[{""ase_converged"": true, ""converged"": true, ""end_geometry_sha256"": ""0150d71d1900a4149831f94dc904ad23b642b0fd3cf98334240b926ec7b8660b"", ""failure_class"": null, ""max_force_eV_A"": 0.07819769966682544, ""name"": ""bfgs_standard"", ""start_geometry_sha256"": ""9050a3ec9c84738412d821a372921d0cf640fa3b04dc46ec469da27be1994379"", ""steps"": 81}]",0150d71d1900a4149831f94dc904ad23b642b0fd3cf98334240b926ec7b8660b,-0.9141107097268353,3.0,step_2_O,9.0,0.0,True,3.9687945637106647,0.6527014328916925,False,quantitative_screening,2,2,6947a6e6c6f5e26716f8,False,
"('Perovskite', 'Ba', 'Fe', 'V', 0.25, 'B_vacancy')",Perovskite,True,esen-sm-conserving-all-oc25:relax-v4:orr-che-v3,True,0.07499004582187402,81,150,0.08,converged,,bfgs_standard,"[{""ase_converged"": true, ""converged"": true, ""end_geometry_sha256"": ""6923605115e64e4b29d7ce5a866ffb917ec46f18ac0b47131794c823e8c8df7a"", ""failure_class"": null, ""max_force_eV_A"": 0.07499004582187402, ""name"": ""bfgs_standard"", ""start_geometry_sha256"": ""603546928653df5475e2cbc8e7cfdd3e15efb106a9a86ff548940110b568d4f4"", ""steps"": 81}]",6923605115e64e4b29d7ce5a866ffb917ec46f18ac0b47131794c823e8c8df7a,-388.211050316442,True,0.06913955029862563,79.0,100.0,0.08,converged,,bfgs_standard,"[{""ase_converged"": true, ""converged"": true, ""end_geometry_sha256"": ""9ce53e6d4b9e9ca2c42ca427cf5fe26898a18674eb15192ccf8b1fa2beabe91a"", ""failure_class"": null, ""max_force_eV_A"": 0.06913955029862563, ""name"": ""bfgs_standard"", ""start_geometry_sha256"": ""f3ba8fc2cb1a11cc5a71fbcd60f76c92b9376af002aa791e6a987f0923023e77"", ""steps"": 79}]",9ce53e6d4b9e9ca2c42ca427cf5fe26898a18674eb15192ccf8b1fa2beabe91a,0.464296164661589,True,0.06402586817363969,90.0,100.0,0.08,converged,,bfgs_standard,"[{""ase_converged"": true, ""converged"": true, ""end_geometry_sha256"": ""f910f9e2d356d381e88f2ea4525e177b5f49080c43494bc2b74aa14f71db5f41"", ""failure_class"": null, ""max_force_eV_A"": 0.06402586817363969, ""name"": ""bfgs_standard"", ""start_geometry_sha256"": ""7f79a39ab8cca9a437b7f404ec55cdae36df514b2f833373e70d55114ee9499e"", ""steps"": 90}]",f910f9e2d356d381e88f2ea4525e177b5f49080c43494bc2b74aa14f71db5f41,1.6905621655284542,True,0.06864263017399078,58.0,100.0,0.08,converged,,bfgs_standard,"[{""ase_converged"": true, ""converged"": true, ""end_geometry_sha256"": ""88dcdedd7bf6fee1b1eac095eaaf0d9a928465a2ef93dc70a420962e4ee30cdc"", ""failure_class"": null, ""max_force_eV_A"": 0.06864263017399078, ""name"": ""bfgs_standard"", ""start_geometry_sha256"": ""063f4d252c22d1ad161c0232dc0deb85858188b6fb5d7046c7e7d83b3ca381e4"", ""steps"": 58}]",88dcdedd7bf6fee1b1eac095eaaf0d9a928465a2ef93dc70a420962e4ee30cdc,4.02930397838346,0.764703835338411,step_4_H2O,6.0,0.0,True,2.1548583301900432,0.6527014328916925,False,quantitative_screening,1,1,bffb70feb952ec40e339,False,
"('Perovskite', 'Ba', 'Co', 'Re', 0.2, 'B_vacancy')",Perovskite,True,esen-sm-conserving-all-oc25:relax-v4:orr-che-v3,True,0.07886720136171271,134,150,0.08,converged,,bfgs_standard,"[{""ase_converged"": true, ""converged"": true, ""end_geometry_sha256"": ""126e8e91f19049287ce30c44570e1b86931a270fa72f372428cdc8e9fe3c2ba6"", ""failure_class"": null, ""max_force_eV_A"": 0.07886720136171271, ""name"": ""bfgs_standard"", ""start_geometry_sha256"": ""36f2c17b48d68262d860b97a50bbae76c0f695edbb4e963c9e0d871101fdd4ca"", ""steps"": 134}]",126e8e91f19049287ce30c44570e1b86931a270fa72f372428cdc8e9fe3c2ba6,-373.00452912261386,True,0.07050693986014374,58.0,100.0,0.08,converged,,bfgs_standard,"[{""ase_converged"": true, ""converged"": true, ""end_geometry_sha256"": ""c8b62792e1a9772d2fa9951506805f146315d979f95e370fb51af704203cea6e"", ""failure_class"": null, ""max_force_eV_A"": 0.07050693986014374, ""name"": ""bfgs_standard"", ""start_geometry_sha256"": ""afedbdf9cfc85a5cb5c2e38ced679790754149f91f843236e5168ce2e300d694"", ""steps"": 58}]",c8b62792e1a9772d2fa9951506805f146315d979f95e370fb51af704203cea6e,2.342058005481902,True,0.0733593277624469,195.0,100.0,0.08,converged,,bfgs_after_fire,"[{""ase_converged"": false, ""converged"": false, ""end_geometry_sha256"": ""5d2857fff30c4773335fe9c74c89cc89d9e8bc9df73cb4e010e189583de6c7e9"", ""failure_class"": ""force_threshold"", ""max_force_eV_A"": 0.1141096869567188, ""name"": ""bfgs_standard"", ""start_geometry_sha256"": ""5bad7ca20f74d9547ee3384b3f4a642e9cb8d63b8b84c6af785a88ea1305a325"", ""steps"": 100}, {""ase_converged"": false, ""converged"": false, ""end_geometry_sha256"": ""c5afc21e96737bce1394e467a16dc7d8fdc73cdc74ea3f86964daa9b5945ca65"", ""failure_class"": ""force_threshold"", ""max_force_eV_A"": 0.39339409311361884, ""name"": ""fire_precondition"", ""qualifying"": false, ""start_geometry_sha256"": ""5bad7ca20f74d9547ee3384b3f4a642e9cb8d63b8b84c6af785a88ea1305a325"", ""steps"": 50}, {""ase_converged"": true, ""converged"": true, ""end_geometry_sha256"": ""b47421739ebef75bdd2e326a6ee7f920bf40c2fbea1122291cb71641e643c47c"", ""failure_class"": null, ""max_force_eV_A"": 0.0733593277624469, ""name"": ""bfgs_after_fire"", ""start_geometry_sha256"": ""c5afc21e96737bce1394e467a16dc7d8fdc73cdc74ea3f86964daa9b5945ca65"", ""steps"": 45}]",b47421739ebef75bdd2e326a6ee7f920bf40c2fbea1122291cb71641e643c47c,2.8266114361583936,True,0.06473924677545091,264.0,100.0,0.08,converged,,bfgs_after_fire,"[{""ase_converged"": false, ""converged"": false, ""end_geometry_sha256"": ""e3c0b2947efb078d37105f5ad89006096a83ddb4ce1bfdc7ff9a4a2fdfe8f3d2"", ""failure_class"": ""force_threshold"", ""max_force_eV_A"": 0.1274564988119754, ""name"": ""bfgs_standard"", ""start_geometry_sha256"": ""1bf01e70e57c53091e688963f5133eb368509fe246860ecc3f4305692da1ad02"", ""steps"": 100}, {""ase_converged"": false, ""converged"": false, ""end_geometry_sha256"": ""f5c350386029ad2b85b283670baea4400ae5ece3b1315a7f702fb5ebc36f4b26"", ""failure_class"": ""force_threshold"", ""max_force_eV_A"": 0.9064735692842074, ""name"": ""fire_precondition"", ""qualifying"": false, ""start_geometry_sha256"": ""1bf01e70e57c53091e688963f5133eb368509fe246860ecc3f4305692da1ad02"", ""steps"": 50}, {""ase_converged"": true, ""converged"": true, ""end_geometry_sha256"": ""55339aa5f8845a619dd2c2bd827129c94b02ffc3838e22e712d811d1cf40e7d3"", ""failure_class"": null, ""max_force_eV_A"": 0.06473924677545091, ""name"": ""bfgs_after_fire"", ""start_geometry_sha256"": ""f5c350386029ad2b85b283670baea4400ae5ece3b1315a7f702fb5ebc36f4b26"", ""steps"": 114}]",55339aa5f8845a619dd2c2bd827129c94b02ffc3838e22e712d811d1cf40e7d3,3.872371147572969,0.7444465693235083,step_3_OH,9.0,-1.4190486808422627,True,5.168669441640295,0.6527014328916925,False,quantitative_screening,2,2,3a7075fd2cb62932d394,False,
"('Perovskite', 'Ba', 'Ni', 'Sn', 0.15, 'O_vacancy')",Perovskite,True,esen-sm-conserving-all-oc25:relax-v4:orr-che-v3,True,0.05894327689441757,58,150,0.08,converged,,bfgs_standard,"[{""ase_converged"": true, ""converged"": true, ""end_geometry_sha256"": ""55c0bee15bce02c7eb725194beb5afe3c801ecb053913534a54d99e41d0433b8"", ""failure_class"": null, ""max_force_eV_A"": 0.05894327689441757, ""name"": ""bfgs_standard"", ""start_geometry_sha256"": ""da2fc7b5d1ed5f722ac532b0f32f1acc5292e43e6536a0f0120ebec2aace2021"", ""steps"": 58}]",55c0bee15bce02c7eb725194beb5afe3c801ecb053913534a54d99e41d0433b8,-330.4786514883395,True,0.0764060912086921,73.0,100.0,0.08,converged,,bfgs_standard,"[{""ase_converged"": true, ""converged"": true, ""end_geometry_sha256"": ""78cd4ad9b8be1c7f89e020bb6c4ee936e31e9378d55a61629dcee3cec0c893d0"", ""failure_class"": null, ""max_force_eV_A"": 0.0764060912086921, ""name"": ""bfgs_standard"", ""start_geometry_sha256"": ""ef025d5a80306c6fc2bba9a9bdf3df830646bdd27ce88225bbd1b3ec0ade25ef"", ""steps"": 73}]",78cd4ad9b8be1c7f89e020bb6c4ee936e31e9378d55a61629dcee3cec0c893d0,-0.9983288620412918,True,0.066014405933204,51.0,100.0,0.08,converged,,bfgs_standard,"[{""ase_converged"": true, ""converged"": true, ""end_geometry_sha256"": ""170471fc557bc541a179a468f5634c42da290c49625ddb814d46035f09f114aa"", ""failure_class"": null, ""max_force_eV_A"": 0.066014405933204, ""name"": ""bfgs_standard"", ""start_geometry_sha256"": ""995eb5f1bd9582ff63bb9fdd9feceb64e840eb38a173575ec9eddc2a32c9e180"", ""steps"": 51}]",170471fc557bc541a179a468f5634c42da290c49625ddb814d46035f09f114aa,1.687158025056099,True,0.07602186694057192,74.0,100.0,0.08,converged,,bfgs_standard,"[{""ase_converged"": true, ""converged"": true, ""end_geometry_sha256"": ""58339274116634d5aec8ed2974300c77741ae983d2d55f2dac99cd14da020b6d"", ""failure_class"": null, ""max_force_eV_A"": 0.07602186694057192, ""name"": ""bfgs_standard"", ""start_geometry_sha256"": ""81fef0f73f5e10fb93275b0aa7a3905d4ee0f894d4be73392600ec74dfd7ca4f"", ""steps"": 74}]",58339274116634d5aec8ed2974300c77741ae983d2d55f2dac99cd14da020b6d,2.980231235921244,2.2273288620412917,step_4_H2O,10.0,0.0,True,2.6854868870973907,0.6527014328916925,False,quantitative_screening,1,1,0d5935e2e7f666ecd9ca,False,
"('Perovskite', 'Ba', 'Zn', 'Sb', 0.1, 'B_vacancy')",Perovskite,True,esen-sm-conserving-all-oc25:relax-v4:orr-che-v3,True,0.079351864655808,104,150,0.08,converged,,bfgs_standard,"[{""ase_converged"": true, ""converged"": true, ""end_geometry_sha256"": ""4c26bec08d5f542dbe4f15a0932c3f90c635f8002a39c46f456381ebe255ec29"", ""failure_class"": null, ""max_force_eV_A"": 0.079351864655808, ""name"": ""bfgs_standard"", ""start_geometry_sha256"": ""b7c99b65adc1b89959bb3eb1cc8686b11cbfee53de98a58d7ff49f510d5ce83d"", ""steps"": 104}]",4c26bec08d5f542dbe4f15a0932c3f90c635f8002a39c46f456381ebe255ec29,-293.213820650196,True,0.06868687841148013,264.0,100.0,0.08,converged,,bfgs_after_fire,"[{""ase_converged"": false, ""converged"": false, ""end_geometry_sha256"": ""a6a1613fe8f935b7a187e497c17ef9246a5da6cf47336d7da3ffba9c2fb90bbe"", ""failure_class"": ""force_threshold"", ""max_force_eV_A"": 0.4283063646961066, ""name"": ""bfgs_standard"", ""start_geometry_sha256"": ""fb523c2b537213449bd815eb8bf0ed54accd251499779bc982b4b0367ca2e8dd"", ""steps"": 100}, {""ase_converged"": false, ""converged"": false, ""end_geometry_sha256"": ""48e23859d2eaecb8bd4dd9f3d9f7b84d2c6b420030036b9604eed4ebd3057028"", ""failure_class"": ""force_threshold"", ""max_force_eV_A"": 0.37429557770276783, ""name"": ""fire_precondition"", ""qualifying"": false, ""start_geometry_sha256"": ""fb523c2b537213449bd815eb8bf0ed54accd251499779bc982b4b0367ca2e8dd"", ""steps"": 50}, {""ase_converged"": true, ""converged"": true, ""end_geometry_sha256"": ""01b28344c6badefba3f1b280ca3158fb674641cc13337acc04b62d8eaba4aee5"", ""failure_class"": null, ""max_force_eV_A"": 0.06868687841148013, ""name"": ""bfgs_after_fire"", ""start_geometry_sha256"": ""48e23859d2eaecb8bd4dd9f3d9f7b84d2c6b420030036b9604eed4ebd3057028"", ""steps"": 114}]",01b28344c6badefba3f1b280ca3158fb674641cc13337acc04b62d8eaba4aee5,-0.9933044289053055,True,0.07750759714957754,231.0,100.0,0.08,converged,,bfgs_after_fire,"[{""ase_converged"": false, ""converged"": false, ""end_geometry_sha256"": ""0108bf02f91bd1d137af54975dad6d5bda63bff928457c5a9fe1133ddce2d8c3"", ""failure_class"": ""force_threshold"", ""max_force_eV_A"": 0.11672720217457323, ""name"": ""bfgs_standard"", ""start_geometry_sha256"": ""bfb16a9fb72a5e19edc80772a01e9bfb0640e907600c948dc1c12bd4abca217f"", ""steps"": 100}, {""ase_converged"": true, ""converged"": true, ""end_geometry_sha256"": ""ab5b2758f41f346fbf5f012391111c3ee7f2ebce0c9446c0564f741b920de28e"", ""failure_class"": null, ""max_force_eV_A"": 0.1827859895967314, ""name"": ""fire_precondition"", ""qualifying"": false, ""start_geometry_sha256"": ""bfb16a9fb72a5e19edc80772a01e9bfb0640e907600c948dc1c12bd4abca217f"", ""steps"": 45}, {""ase_converged"": true, ""converged"": true, ""end_geometry_sha256"": ""ae872b1339bfb9a117795669fa0a64ffd743f558e46c303cf35833cfb7b995e3"", ""failure_class"": null, ""max_force_eV_A"": 0.07750759714957754, ""name"": ""bfgs_after_fire"", ""start_geometry_sha256"": ""ab5b2758f41f346fbf5f012391111c3ee7f2ebce0c9446c0564f741b920de28e"", ""steps"": 86}]",ae872b1339bfb9a117795669fa0a64ffd743f558e46c303cf35833cfb7b995e3,0.6221036083996048,True,0.0767613309544614,378.0,100.0,0.08,converged,,fire_small_step,"[{""ase_converged"": false, ""converged"": false, ""end_geometry_sha256"": ""dea9d69e50691bc3ac8ef1b88ed400c90942a8bedd44d2490b03be535a089056"", ""failure_class"": ""force_threshold"", ""max_force_eV_A"": 0.1850879369602727, ""name"": ""bfgs_standard"", ""start_geometry_sha256"": ""7dc6351356af0cb20412f2fa331d77d4e98f6a3f32f1413e46196cabf601361c"", ""steps"": 100}, {""ase_converged"": false, ""converged"": false, ""end_geometry_sha256"": ""3c8ad7ea7286029cd32eb6f165eb534c069a556eeb528bf99695707fa12790c8"", ""failure_class"": ""force_threshold"", ""max_force_eV_A"": 0.7155872578841823, ""name"": ""fire_precondition"", ""qualifying"": false, ""start_geometry_sha256"": ""7dc6351356af0cb20412f2fa331d77d4e98f6a3f32f1413e46196cabf601361c"", ""steps"": 50}, {""ase_converged"": false, ""converged"": false, ""end_geometry_sha256"": ""cd2f226b3c50c1c5e255900a8ed77dac6282b3566a2a023319aa60c27bfdf888"", ""failure_class"": ""force_threshold"", ""max_force_eV_A"": 1.2119416683920894, ""name"": ""bfgs_after_fire"", ""start_geometry_sha256"": ""3c8ad7ea7286029cd32eb6f165eb534c069a556eeb528bf99695707fa12790c8"", ""steps"": 200}, {""ase_converged"": true, ""converged"": true, ""end_geometry_sha256"": ""b99aa22b8df809539c4d347129dbd7e9bd9905e847d95035cc4560ac79fed701"", ""failure_class"": null, ""max_force_eV_A"": 0.0767613309544614, ""name"": ""fire_small_step"", ""start_geometry_sha256"": ""dea9d69e50691bc3ac8ef1b88ed400c90942a8bedd44d2490b03be535a089056"", ""steps"": 28}]",b99aa22b8df809539c4d347129dbd7e9bd9905e847d95035cc4560ac79fed701,2.0114590629934446,2.2223044289053053,step_4_H2O,10.0,0.0,True,1.6154080373049102,0.6527014328916925,False,quantitative_screening,0,0,07c50fa97766fe487ad2,False,
"('Perovskite', 'Ba', 'Nb', 'Fe', 0.05, 'O_vacancy')",Perovskite,True,esen-sm-conserving-all-oc25:relax-v4:orr-che-v3,True,0.05663688680504071,41,150,0.08,converged,,bfgs_standard,"[{""ase_converged"": true, ""converged"": true, ""end_geometry_sha256"": ""efba6d0de55f2c30bea5213551debcd89f9bd1ae06ca1e55fc403a2acc889327"", ""failure_class"": null, ""max_force_eV_A"": 0.05663688680504071, ""name"": ""bfgs_standard"", ""start_geometry_sha256"": ""9abf1162b68eb0771ac6a9d363f1934a04e71db055e8fad7271d9c947988ab43"", ""steps"": 41}]",efba6d0de55f2c30bea5213551debcd89f9bd1ae06ca1e55fc403a2acc889327,-455.4999242140962,True,0.06359038942983081,71.0,100.0,0.08,converged,,bfgs_standard,"[{""ase_converged"": true, ""converged"": true, ""end_geometry_sha256"": ""4c26b21c134c30a42c46832118350771b36b330b0f32f18ea0a2c9f4aeab49b7"", ""failure_class"": null, ""max_force_eV_A"": 0.06359038942983081, ""name"": ""bfgs_standard"", ""start_geometry_sha256"": ""cd0e21db8e946106b66f529025c3cbbaface3a08aca449e302428e4e58126d01"", ""steps"": 71}]",4c26b21c134c30a42c46832118350771b36b330b0f32f18ea0a2c9f4aeab49b7,1.2850797797739506,True,0.061335601706640326,266.0,100.0,0.08,converged,,bfgs_after_fire,"[{""ase_converged"": false, ""converged"": false, ""end_geometry_sha256"": ""fe8084d1f6f5b2b3a97a00b97762e4fb0bf9a373bea53af6bdc0c2b494d7fa9d"", ""failure_class"": ""force_threshold"", ""max_force_eV_A"": 0.21011836955073065, ""name"": ""bfgs_standard"", ""start_geometry_sha256"": ""42de768130b83aac367534e6b983678487206c296e731c70678588a2c5979efd"", ""steps"": 100}, {""ase_converged"": false, ""converged"": false, ""end_geometry_sha256"": ""b1b56f507c7c3846933bacf2c606657507ae8a9c70f07b2dab6d46fd7242a108"", ""failure_class"": ""force_threshold"", ""max_force_eV_A"": 0.35035298036294577, ""name"": ""fire_precondition"", ""qualifying"": false, ""start_geometry_sha256"": ""42de768130b83aac367534e6b983678487206c296e731c70678588a2c5979efd"", ""steps"": 50}, {""ase_converged"": true, ""converged"": true, ""end_geometry_sha256"": ""db694fe476feb36cdd3111146ca0006c6234fa38337dd76b9280a0b3c8de6074"", ""failure_class"": null, ""max_force_eV_A"": 0.061335601706640326, ""name"": ""bfgs_after_fire"", ""start_geometry_sha256"": ""b1b56f507c7c3846933bacf2c606657507ae8a9c70f07b2dab6d46fd7242a108"", ""steps"": 116}]",db694fe476feb36cdd3111146ca0006c6234fa38337dd76b9280a0b3c8de6074,-2.439335905760495,True,0.07359169697769294,298.0,100.0,0.08,converged,,bfgs_after_fire,"[{""ase_converged"": false, ""converged"": false, ""end_geometry_sha256"": ""e1d6c7a992b625fb84eab5c1ec1c0960f013a3ec8dc7e9ce60f6d71828fdb410"", ""failure_class"": ""force_threshold"", ""max_force_eV_A"": 0.1976652347217431, ""name"": ""bfgs_standard"", ""start_geometry_sha256"": ""91c60c745e56470ed947e63b7c9b0a752b5f7a09dd5711ca82d52dfc0d589e8d"", ""steps"": 100}, {""ase_converged"": false, ""converged"": false, ""end_geometry_sha256"": ""aaba4ddc1c182a41ae79808ee2f94bfd7d6151aa3bea10f788ce64c863dd1239"", ""failure_class"": ""force_threshold"", ""max_force_eV_A"": 2.77606169557296, ""name"": ""fire_precondition"", ""qualifying"": false, ""start_geometry_sha256"": ""91c60c745e56470ed947e63b7c9b0a752b5f7a09dd5711ca82d52dfc0d589e8d"", ""steps"": 50}, {""ase_converged"": true, ""converged"": true, ""end_geometry_sha256"": ""af8ea97f4d2c475783e86018f7be7faa780c4b7d129894e2205e72a8b75cc71d"", ""failure_class"": null, ""max_force_eV_A"": 0.07359169697769294, ""name"": ""bfgs_after_fire"", ""start_geometry_sha256"": ""aaba4ddc1c182a41ae79808ee2f94bfd7d6151aa3bea10f788ce64c863dd1239"", ""steps"": 148}]",af8ea97f4d2c475783e86018f7be7faa780c4b7d129894e2205e72a8b75cc71d,-3.7901292338967574,3.0,step_3_OH,7.0,0.0,True,3.7244156855344457,0.6527014328916925,False,quantitative_screening,1,1,1a531fa3dce58e22c6c2,False,
"('Perovskite', 'Ba', 'Nb', 'Hf', 0.05, 'B_vacancy')",Perovskite,True,esen-sm-conserving-all-oc25:relax-v4:orr-che-v3,True,0.07326554794417031,48,150,0.08,converged,,bfgs_standard,"[{""ase_converged"": true, ""converged"": true, ""end_geometry_sha256"": ""f4ff104b9eac36d78cdd58f760f59a72800dba73659433a1ad8b85ef19fe6366"", ""failure_class"": null, ""max_force_eV_A"": 0.07326554794417031, ""name"": ""bfgs_standard"", ""start_geometry_sha256"": ""5fed176a57591d1958f187f8cdf79ca5a401e8adb49bcd49aaa0f1c2d264ed6d"", ""steps"": 48}]",f4ff104b9eac36d78cdd58f760f59a72800dba73659433a1ad8b85ef19fe6366,-458.9187092253507,True,0.06581950696498304,91.0,100.0,0.08,converged,,bfgs_standard,"[{""ase_converged"": true, ""converged"": true, ""end_geometry_sha256"": ""5e540e37e802a426e99029f0162c2bc57e8fb1fbb22ed5d81ec5a075dc04e42c"", ""failure_class"": null, ""max_force_eV_A"": 0.06581950696498304, ""name"": ""bfgs_standard"", ""start_geometry_sha256"": ""cf1b13b687bbe7275e982d33b62e5fafd6f4b780d04429c46e0c2f58a2df3052"", ""steps"": 91}]",5e540e37e802a426e99029f0162c2bc57e8fb1fbb22ed5d81ec5a075dc04e42c,-1.3352891777456943,True,0.0753008164396645,63.0,100.0,0.08,converged,,bfgs_standard,"[{""ase_converged"": true, ""converged"": true, ""end_geometry_sha256"": ""c88e47266c9ad7fa70b7fdeb0a662c0027011d56df8207ac6ed1c59582ac395c"", ""failure_class"": null, ""max_force_eV_A"": 0.0753008164396645, ""name"": ""bfgs_standard"", ""start_geometry_sha256"": ""22ac667dbe883d0c1d2f8bf801aff960346ec508e5ec92335772d20f1b39d9d4"", ""steps"": 63}]",c88e47266c9ad7fa70b7fdeb0a662c0027011d56df8207ac6ed1c59582ac395c,-0.23511227294805154,True,0.07177744704337852,234.0,100.0,0.08,converged,,bfgs_after_fire,"[{""ase_converged"": false, ""converged"": false, ""end_geometry_sha256"": ""9a78038479eef8246b9e24e69c84c41fe2f7f5ea47e91d009992a28607ee742c"", ""failure_class"": ""force_threshold"", ""max_force_eV_A"": 0.10064917143446897, ""name"": ""bfgs_standard"", ""start_geometry_sha256"": ""3586822e86d5c742993a38eae7ebb3ebaca34031e1884c4f967529647980d384"", ""steps"": 100}, {""ase_converged"": false, ""converged"": false, ""end_geometry_sha256"": ""86f61c5d8f59a664d6526c627e2ab5a42196a654f95e9e4db0dc8a9dfb618a20"", ""failure_class"": ""force_threshold"", ""max_force_eV_A"": 2.069570090520297, ""name"": ""fire_precondition"", ""qualifying"": false, ""start_geometry_sha256"": ""3586822e86d5c742993a38eae7ebb3ebaca34031e1884c4f967529647980d384"", ""steps"": 50}, {""ase_converged"": true, ""converged"": true, ""end_geometry_sha256"": ""04243608785c4b266ac9b0c2ca7fb1601a2a62d63481015d11f921f47afcc57e"", ""failure_class"": null, ""max_force_eV_A"": 0.07177744704337852, ""name"": ""bfgs_after_fire"", ""start_geometry_sha256"": ""86f61c5d8f59a664d6526c627e2ab5a42196a654f95e9e4db0dc8a9dfb618a20"", ""steps"": 84}]",04243608785c4b266ac9b0c2ca7fb1601a2a62d63481015d11f921f47afcc57e,-1.6839051738381636,2.677792900890112,step_2_O,10.0,0.0,True,1.5704014506937458,0.6527014328916925,False,quantitative_screening,2,2,a1d52b5f878954d9c69c,False,
"('Perovskite', 'Ba', 'Ru', 'Co', 0.0, 'B_vacancy')",Perovskite,True,esen-sm-conserving-all-oc25:relax-v4:orr-che-v3,True,0.05476790818061144,42,150,0.08,converged,,bfgs_standard,"[{""ase_converged"": true, ""converged"": true, ""end_geometry_sha256"": ""9fb75398577ade8406912011fdc5287efe910fdb221f5ede1c57c413aef950a6"", ""failure_class"": null, ""max_force_eV_A"": 0.05476790818061144, ""name"": ""bfgs_standard"", ""start_geometry_sha256"": ""726a37195622a0e43d6ecfba2da93a710b9dabad81281346d8c3c86cb4d98d47"", ""steps"": 42}]",9fb75398577ade8406912011fdc5287efe910fdb221f5ede1c57c413aef950a6,-388.6007003125723,True,0.07217788077533012,62.0,100.0,0.08,converged,,bfgs_standard,"[{""ase_converged"": true, ""converged"": true, ""end_geometry_sha256"": ""ca48fc79568d99cc13888885959587e4fae60bbc97f336af67d49d682b723937"", ""failure_class"": null, ""max_force_eV_A"": 0.07217788077533012, ""name"": ""bfgs_standard"", ""start_geometry_sha256"": ""5b70512d19e6b5860da9bce841fa62a82246f7e88df92c1ef14e034d497d37fa"", ""steps"": 62}]",ca48fc79568d99cc13888885959587e4fae60bbc97f336af67d49d682b723937,2.2007301475107104,True,0.07735425544677403,60.0,100.0,0.08,converged,,bfgs_standard,"[{""ase_converged"": true, ""converged"": true, ""end_geometry_sha256"": ""a468cf2f15e678a51f7c2dcb47e400091e27d737186e5a6184411ed2ae99612e"", ""failure_class"": null, ""max_force_eV_A"": 0.07735425544677403, ""name"": ""bfgs_standard"", ""start_geometry_sha256"": ""e01ecca3d7c95beacec97219ca528b07d1a677c66c123e2503c12425c161c808"", ""steps"": 60}]",a468cf2f15e678a51f7c2dcb47e400091e27d737186e5a6184411ed2ae99612e,3.34776774719355,True,0.06375449794407317,98.0,100.0,0.08,converged,,bfgs_standard,"[{""ase_converged"": true, ""converged"": true, ""end_geometry_sha256"": ""3dc728ebfb5da961b59408f39478520025fe8327fd7ca3f3e40237f5fb56b040"", ""failure_class"": null, ""max_force_eV_A"": 0.06375449794407317, ""name"": ""bfgs_standard"", ""start_geometry_sha256"": ""af80bb37251602b01fa74a4f8d0b345a65bf3a73ed87c721f3cf1687d82a3994"", ""steps"": 98}]",3dc728ebfb5da961b59408f39478520025fe8327fd7ca3f3e40237f5fb56b040,1.887561272084631,2.689206475108919,step_2_O,9.0,-1.3157807075184338,True,5.54849789470426,0.6527014328916925,False,quantitative_screening,2,2,94c27fdcc81284df5a40,False,
"('MAXPhase', 'V', 'Sn', 'N', 1, 'Co', 'basal_0001')",MAXPhase,True,esen-sm-conserving-all-oc25:relax-v4:orr-che-v3,True,0.0,0,150,0.08,converged,,bfgs_standard,"[{""ase_converged"": true, ""converged"": true, ""end_geometry_sha256"": ""a0588619edcf01e0f48ae1b2d6ea6cc50dd49db72e78fc42b2a78de0bc7a9ed8"", ""failure_class"": null, ""max_force_eV_A"": 0.0, ""name"": ""bfgs_standard"", ""start_geometry_sha256"": ""a0588619edcf01e0f48ae1b2d6ea6cc50dd49db72e78fc42b2a78de0bc7a9ed8"", ""steps"": 0}]",a0588619edcf01e0f48ae1b2d6ea6cc50dd49db72e78fc42b2a78de0bc7a9ed8,-128.93690779820628,True,0.057163140167096144,9.0,100.0,0.08,converged,,bfgs_standard,"[{""ase_converged"": true, ""converged"": true, ""end_geometry_sha256"": ""4a368f48f57a6f44fc370ac0f5310decf0af2c88667a449a3d0eb84dc1636d48"", ""failure_class"": null, ""max_force_eV_A"": 0.057163140167096144, ""name"": ""bfgs_standard"", ""start_geometry_sha256"": ""b336b2248ab5531aa900a57280d89fede8a7f4904a4dfe1925b97f433026f709"", ""steps"": 9}]",4a368f48f57a6f44fc370ac0f5310decf0af2c88667a449a3d0eb84dc1636d48,-1.862426934093237,True,0.05323255932449142,4.0,100.0,0.08,converged,,bfgs_standard,"[{""ase_converged"": true, ""converged"": true, ""end_geometry_sha256"": ""41772c95a8bf788222462133b8ce5104d5b7756fa4ea92c1e37f46573d3f21a5"", ""failure_class"": null, ""max_force_eV_A"": 0.05323255932449142, ""name"": ""bfgs_standard"", ""start_geometry_sha256"": ""b5dbc2e0c2280e0aef1d4f7e3e48999dcd01e387de635e52479d84682f60cf5f"", ""steps"": 4}]",41772c95a8bf788222462133b8ce5104d5b7756fa4ea92c1e37f46573d3f21a5,-2.000283323973414,True,0.050250410659702066,68.0,100.0,0.08,converged,,bfgs_standard,"[{""ase_converged"": true, ""converged"": true, ""end_geometry_sha256"": ""d62541a7736a4acd54c4eb31d4547f3667e75c024bb2ebcbd0dc1138add42f82"", ""failure_class"": null, ""max_force_eV_A"": 0.050250410659702066, ""name"": ""bfgs_standard"", ""start_geometry_sha256"": ""54c6bbaaf26f9c880316ea107a0a19d2400940a639c151d6c35b668ec8f1f8c4"", ""steps"": 68}]",d62541a7736a4acd54c4eb31d4547f3667e75c024bb2ebcbd0dc1138add42f82,3.028310249745849,3.0,step_4_H2O,8.0,0.0,True,3.8627102580666506,0.707500000035,False,quantitative_screening,1,1,ac9b00edb43f7df580c4,False,
"('MAXPhase', 'V', 'Pb', 'C', 2, 'Ni', 'edge_1120')",MAXPhase,True,esen-sm-conserving-all-oc25:relax-v4:orr-che-v3,True,0.07989648949846824,94,150,0.08,converged,,bfgs_standard,"[{""ase_converged"": true, ""converged"": true, ""end_geometry_sha256"": ""4baf68e1a9767325ca16a694f035b3d99735b57627f8a4bfa998ffe45fef61ce"", ""failure_class"": null, ""max_force_eV_A"": 0.07989648949846824, ""name"": ""bfgs_standard"", ""start_geometry_sha256"": ""9fb60fbd4d54af7e8e456654dcd1f7c20dcfab82988c86d329cc04a25e1e0423"", ""steps"": 94}]",4baf68e1a9767325ca16a694f035b3d99735b57627f8a4bfa998ffe45fef61ce,-135.18193816093066,True,0.04873983549010297,29.0,100.0,0.08,converged,,bfgs_standard,"[{""ase_converged"": true, ""converged"": true, ""end_geometry_sha256"": ""6514ba924302d2424d0ab45b50165fa70d19a8fa850ff079b327897c2cff090d"", ""failure_class"": null, ""max_force_eV_A"": 0.04873983549010297, ""name"": ""bfgs_standard"", ""start_geometry_sha256"": ""a92f969496176cdfb0bae10b318eeda7be519d721d452914535b55918cbabc62"", ""steps"": 29}]",6514ba924302d2424d0ab45b50165fa70d19a8fa850ff079b327897c2cff090d,-0.11520403370261195,True,0.06789349954798177,12.0,100.0,0.08,converged,,bfgs_standard,"[{""ase_converged"": true, ""converged"": true, ""end_geometry_sha256"": ""5bee7135d5dfcdcb9f4499a96e9cfb9651707680fc804d37e5a0f46652f3e889"", ""failure_class"": null, ""max_force_eV_A"": 0.06789349954798177, ""name"": ""bfgs_standard"", ""start_geometry_sha256"": ""c787872c8bab1baf3b4f1aa18f4c0e576a44f59dce4884d3bbbbdf9410dd9201"", ""steps"": 12}]",5bee7135d5dfcdcb9f4499a96e9cfb9651707680fc804d37e5a0f46652f3e889,-0.2087832324207078,True,0.05019461014789557,59.0,100.0,0.08,converged,,bfgs_standard,"[{""ase_converged"": true, ""converged"": true, ""end_geometry_sha256"": ""0f2f6e0084c1315ae7284649c0d4b14b8ec66f88a632e2bac3b70bd4fcc759cb"", ""failure_class"": null, ""max_force_eV_A"": 0.05019461014789557, ""name"": ""bfgs_standard"", ""start_geometry_sha256"": ""73164608f6c8a3eff6f5b502d1b58c823a78e3befeef09dcb19a3cd4189a8437"", ""steps"": 59}]",0f2f6e0084c1315ae7284649c0d4b14b8ec66f88a632e2bac3b70bd4fcc759cb,-0.21874861866238218,1.344204033702612,step_4_H2O,9.0,0.0,True,0.32398726612331974,0.6527014328916925,False,quantitative_screening,1,1,b58f8abedeee0b9c6986,False,
"('MAXPhase', 'V', 'Pb', 'N', 2, 'Mo', 'edge_1120')",MAXPhase,False,esen-sm-conserving-all-oc25:relax-v4:orr-che-v3,True,0.05589339366076975,25,150,0.08,converged,,bfgs_standard,"[{""ase_converged"": true, ""converged"": true, ""end_geometry_sha256"": ""5421d0cc8ebdf03f96587cd03591320e9c53e8d65d449db9812c3e5ec4718f1c"", ""failure_class"": null, ""max_force_eV_A"": 0.05589339366076975, ""name"": ""bfgs_standard"", ""start_geometry_sha256"": ""b86f3c5bedc0adee467e654c6751d440e922b2488438b59390f1c5e11959a9a1"", ""steps"": 25}]",5421d0cc8ebdf03f96587cd03591320e9c53e8d65d449db9812c3e5ec4718f1c,-133.75895253001772,False,,0.0,100.0,0.08,invalid_initial_geometry,atomic_overlap,none,[],f63ee2138b8a58513750bd096a6932e37e3dcf15c094c1f5820a34e1c8d2068c,,,,,,,,,,,,,,,,,,,,,,,,,,,,,,,True,validation_required,2,2,1b2ca14c59da6ba8da38,False,Invalid oh initial geometry: atomic_overlap
"('MAXPhase', 'V', 'Pb', 'N', 3, 'Zr', 'basal_0001')",MAXPhase,False,esen-sm-conserving-all-oc25:relax-v4:orr-che-v3,True,0.05967676212212683,56,150,0.08,converged,,bfgs_standard,"[{""ase_converged"": true, ""converged"": true, ""end_geometry_sha256"": ""eb41299d48cb6cfcc332c0fd61860815837ea88706e945b75c8afdc944c6bf74"", ""failure_class"": null, ""max_force_eV_A"": 0.05967676212212683, ""name"": ""bfgs_standard"", ""start_geometry_sha256"": ""5a6564fcd833b14423333e17e497655985d4c0555acd4cce5c54578676222be9"", ""steps"": 56}]",eb41299d48cb6cfcc332c0fd61860815837ea88706e945b75c8afdc944c6bf74,-314.1444730803082,True,0.06878732621318667,94.0,100.0,0.08,converged,,bfgs_standard,"[{""ase_converged"": true, ""converged"": true, ""end_geometry_sha256"": ""1dfd4b0f1f031bbf7833ac635d2a34d67ebfcd1a38558d73eb4697bb949a9044"", ""failure_class"": null, ""max_force_eV_A"": 0.06878732621318667, ""name"": ""bfgs_standard"", ""start_geometry_sha256"": ""8344a7586abc53ed4e16bf9d0bcb9266bee4b6da1a221262aa3514ab59bfb763"", ""steps"": 94}]",1dfd4b0f1f031bbf7833ac635d2a34d67ebfcd1a38558d73eb4697bb949a9044,-3.740230736583528,True,0.07275433285906807,301.0,100.0,0.08,converged,,bfgs_after_fire,"[{""ase_converged"": false, ""converged"": false, ""end_geometry_sha256"": ""7e1eaf8720ca9d988abf100ba6b80111256aceb14fd96c3ebe7b8b9f2584092b"", ""failure_class"": ""force_threshold"", ""max_force_eV_A"": 0.4994262966684518, ""name"": ""bfgs_standard"", ""start_geometry_sha256"": ""72774fdef2bbc3846d0e5c9c7c30b1c7bcd0b952cbd6d81276fb47c31b7d1060"", ""steps"": 100}, {""ase_converged"": true, ""converged"": true, ""end_geometry_sha256"": ""fb2bbf10da619204c0475dba5eda170963ee5c56967544ceeab996ac50829338"", ""failure_class"": null, ""max_force_eV_A"": 0.24367675909234524, ""name"": ""fire_precondition"", ""qualifying"": false, ""start_geometry_sha256"": ""72774fdef2bbc3846d0e5c9c7c30b1c7bcd0b952cbd6d81276fb47c31b7d1060"", ""steps"": 48}, {""ase_converged"": true, ""converged"": true, ""end_geometry_sha256"": ""ac0aab38385925062947b7eb8b9a7e1c5b83ab2cf7fb30d694a978763d5b31b9"", ""failure_class"": null, ""max_force_eV_A"": 0.07275433285906807, ""name"": ""bfgs_after_fire"", ""start_geometry_sha256"": ""fb2bbf10da619204c0475dba5eda170963ee5c56967544ceeab996ac50829338"", ""steps"": 153}]",ac0aab38385925062947b7eb8b9a7e1c5b83ab2cf7fb30d694a978763d5b31b9,-5.951466643065239,False,9.768367599642625,650.0,100.0,0.08,recovery_exhausted,force_threshold,fire_small_step,"[{""ase_converged"": false, ""converged"": false, ""end_geometry_sha256"": ""4c72013dcc76339adf62e7c3a338d1d18093a90a2c840d1f153c7e64022f6ce4"", ""failure_class"": ""force_threshold"", ""max_force_eV_A"": 133.49636214773912, ""name"": ""bfgs_standard"", ""start_geometry_sha256"": ""6bba870196bb16fe326712d1943d1cff8b637055628874825ed252268224e303"", ""steps"": 100}, {""ase_converged"": false, ""converged"": false, ""end_geometry_sha256"": ""e0e9d0ff2deb0d5e16f53658fe334864bb166d4b57b1bf5312cba2a5126636bf"", ""failure_class"": ""force_threshold"", ""max_force_eV_A"": 11.497896318241192, ""name"": ""fire_precondition"", ""qualifying"": false, ""start_geometry_sha256"": ""6bba870196bb16fe326712d1943d1cff8b637055628874825ed252268224e303"", ""steps"": 50}, {""ase_converged"": false, ""converged"": false, ""end_geometry_sha256"": ""f3ff8a4054c6c7c8c56c387ce213f0c8555c442979f54dc7f1b181336d8fa6a0"", ""failure_class"": ""force_threshold"", ""max_force_eV_A"": 21.42500197937197, ""name"": ""bfgs_after_fire"", ""start_geometry_sha256"": ""e0e9d0ff2deb0d5e16f53658fe334864bb166d4b57b1bf5312cba2a5126636bf"", ""steps"": 200}, {""ase_converged"": false, ""converged"": false, ""end_geometry_sha256"": ""644e255ef470c4081e37ac03bacc313ffb96a0080887632d612484a769737174"", ""failure_class"": ""force_threshold"", ""max_force_eV_A"": 9.768367599642625, ""name"": ""fire_small_step"", ""start_geometry_sha256"": ""e0e9d0ff2deb0d5e16f53658fe334864bb166d4b57b1bf5312cba2a5126636bf"", ""steps"": 300}]",644e255ef470c4081e37ac03bacc313ffb96a0080887632d612484a769737174,,,,,,,,,True,validation_required,2,2,23da948f32f15dc0510a,False,Unconverged ooh relaxation: max_force=9.76837 eV/A after 650 cumulative recovery steps
"('MAXPhase', 'V', 'Bi', 'C', 3, 'Ta', 'basal_0001')",MAXPhase,True,esen-sm-conserving-all-oc25:relax-v4:orr-che-v3,True,0.07517201124383409,48,150,0.08,converged,,bfgs_standard,"[{""ase_converged"": true, ""converged"": true, ""end_geometry_sha256"": ""76a58773134281b1c25f3033602ee620cec993e0d3bf624bd98578fdc247da56"", ""failure_class"": null, ""max_force_eV_A"": 0.07517201124383409, ""name"": ""bfgs_standard"", ""start_geometry_sha256"": ""35acbc0de7bdfc550eda04caf545881cfcef21b956dd2906e069e6a7690e9398"", ""steps"": 48}]",76a58773134281b1c25f3033602ee620cec993e0d3bf624bd98578fdc247da56,-311.61881989091177,True,0.0769232625099606,32.0,100.0,0.08,converged,,bfgs_standard,"[{""ase_converged"": true, ""converged"": true, ""end_geometry_sha256"": ""0301b3843833f5a6713bb44e358b4066ec2914a4ddad0912e4f28af924b4a9d3"", ""failure_class"": null, ""max_force_eV_A"": 0.0769232625099606, ""name"": ""bfgs_standard"", ""start_geometry_sha256"": ""873c7b92ede8af947ff7383d0a9822509c9453e510f900dfd0f19dcb05935325"", ""steps"": 32}]",0301b3843833f5a6713bb44e358b4066ec2914a4ddad0912e4f28af924b4a9d3,-1.9100190971791744,True,0.06844798535875345,19.0,100.0,0.08,converged,,bfgs_standard,"[{""ase_converged"": true, ""converged"": true, ""end_geometry_sha256"": ""5b9e05b5c22017c6861e6d2e1c7cff5388fa43611ba65889da268fbd91d897ec"", ""failure_class"": null, ""max_force_eV_A"": 0.06844798535875345, ""name"": ""bfgs_standard"", ""start_geometry_sha256"": ""897a53131350616f93d9cae521dd9db01ac5660d653763d1efd1b5baf1677e72"", ""steps"": 19}]",5b9e05b5c22017c6861e6d2e1c7cff5388fa43611ba65889da268fbd91d897ec,-2.8848658435046355,True,0.0736826802670105,93.0,100.0,0.08,converged,,bfgs_standard,"[{""ase_converged"": true, ""converged"": true, ""end_geometry_sha256"": ""0ed6a9ef6daf55025a18f31930518b4f0cd0f1549475f8e199746a1797bdb805"", ""failure_class"": null, ""max_force_eV_A"": 0.0736826802670105, ""name"": ""bfgs_standard"", ""start_geometry_sha256"": ""096c408cf185cfb80e1f044d4048bf5a0682ffcf5b838d3f5e01d65eaff716e1"", ""steps"": 93}]",0ed6a9ef6daf55025a18f31930518b4f0cd0f1549475f8e199746a1797bdb805,-5.6736436381936315,3.0,step_2_O,9.0,-1.8111325141976338,True,4.79488494068381,0.707500000035,False,quantitative_screening,1,1,9d87993c47ed3a7fa155,False,
"('MAXPhase', 'V', 'Bi', 'N', 2, 'None', 'basal_0001')",MAXPhase,True,esen-sm-conserving-all-oc25:relax-v4:orr-che-v3,True,0.07345218511862403,36,150,0.08,converged,,bfgs_standard,"[{""ase_converged"": true, ""converged"": true, ""end_geometry_sha256"": ""411cd4cfceb826bf5083f340ab46ad9f10f5b30a2733a12226e05552e57c8ef8"", ""failure_class"": null, ""max_force_eV_A"": 0.07345218511862403, ""name"": ""bfgs_standard"", ""start_geometry_sha256"": ""946a43bd932654ea4c3cce7762b58860a8c7eeaf2143fb30855357ad42f66778"", ""steps"": 36}]",411cd4cfceb826bf5083f340ab46ad9f10f5b30a2733a12226e05552e57c8ef8,-226.02998889630885,True,0.060832110623413455,39.0,100.0,0.08,converged,,bfgs_standard,"[{""ase_converged"": true, ""converged"": true, ""end_geometry_sha256"": ""5c8930b6334c643567525d49282e4f16ab4ad7c88433ea66a4abb833904d1b20"", ""failure_class"": null, ""max_force_eV_A"": 0.060832110623413455, ""name"": ""bfgs_standard"", ""start_geometry_sha256"": ""8795b660e3334722679c41b91900eafc9f480b73306abb0ae88363fa1402ebf9"", ""steps"": 39}]",5c8930b6334c643567525d49282e4f16ab4ad7c88433ea66a4abb833904d1b20,-1.4032861565053463,True,0.0687846226506802,16.0,100.0,0.08,converged,,bfgs_standard,"[{""ase_converged"": true, ""converged"": true, ""end_geometry_sha256"": ""79f8528dd54379ad5067b132dacab9a8372f7b41bc3a2186b05a0203f7dbdd33"", ""failure_class"": null, ""max_force_eV_A"": 0.0687846226506802, ""name"": ""bfgs_standard"", ""start_geometry_sha256"": ""c23e6260d83aaf8b45d5efb58bac3b850fd163bcd353db77286842e876ab30ca"", ""steps"": 16}]",79f8528dd54379ad5067b132dacab9a8372f7b41bc3a2186b05a0203f7dbdd33,-2.746724211424614,True,0.07058902107264106,58.0,100.0,0.08,converged,,bfgs_standard,"[{""ase_converged"": true, ""converged"": true, ""end_geometry_sha256"": ""944b9661b7b140e558a9a51bdf578220fec99490994917917977ca0567af7f01"", ""failure_class"": null, ""max_force_eV_A"": 0.07058902107264106, ""name"": ""bfgs_standard"", ""start_geometry_sha256"": ""9c402c762efa973fd4dc7c6e4747815784fd76dfd374eb6f17346f8ebe3add10"", ""steps"": 58}]",944b9661b7b140e558a9a51bdf578220fec99490994917917977ca0567af7f01,-2.106783439219023,2.632286156505346,step_4_H2O,9.0,-2.0,True,4.15001036792996,0.707500000035,False,quantitative_screening,0,0,09c5c6b3eaf32e5f0508,False,
"('MAXPhase', 'Cr', 'Al', 'N', 1, 'Ti', 'edge_1120')",MAXPhase,True,esen-sm-conserving-all-oc25:relax-v4:orr-che-v3,True,0.0,0,150,0.08,converged,,bfgs_standard,"[{""ase_converged"": true, ""converged"": true, ""end_geometry_sha256"": ""c01c4952e2d8371153fb5a5e5fd6e2d79f33bed7ad127f95f6f2148d54a01cab"", ""failure_class"": null, ""max_force_eV_A"": 0.0, ""name"": ""bfgs_standard"", ""start_geometry_sha256"": ""c01c4952e2d8371153fb5a5e5fd6e2d79f33bed7ad127f95f6f2148d54a01cab"", ""steps"": 0}]",c01c4952e2d8371153fb5a5e5fd6e2d79f33bed7ad127f95f6f2148d54a01cab,-95.99810052591201,True,0.04195204934433655,28.0,100.0,0.08,converged,,bfgs_standard,"[{""ase_converged"": true, ""converged"": true, ""end_geometry_sha256"": ""20e407c8c6aab2826a4615fa1a5dd886fbab8a947349a33f86a97c7c8b64e3cb"", ""failure_class"": null, ""max_force_eV_A"": 0.04195204934433655, ""name"": ""bfgs_standard"", ""start_geometry_sha256"": ""4c8ebf4c67c72ecbf3dcbf1cbc84d2a571d1b257533605fc78f3f3346b93279a"", ""steps"": 28}]",20e407c8c6aab2826a4615fa1a5dd886fbab8a947349a33f86a97c7c8b64e3cb,0.1400373603403568,True,0.053869863922193846,12.0,100.0,0.08,converged,,bfgs_standard,"[{""ase_converged"": true, ""converged"": true, ""end_geometry_sha256"": ""fd1cf9898d596c95ad3478652e3dccac117820a32345579e05c03d28a5e85cc5"", ""failure_class"": null, ""max_force_eV_A"": 0.053869863922193846, ""name"": ""bfgs_standard"", ""start_geometry_sha256"": ""4662ae14ad32cf93976c4efba2348187af53d96271dbbb6bdd44f3ffe403e121"", ""steps"": 12}]",fd1cf9898d596c95ad3478652e3dccac117820a32345579e05c03d28a5e85cc5,0.41990939453244563,True,0.04305163710676466,48.0,100.0,0.08,converged,,bfgs_standard,"[{""ase_converged"": true, ""converged"": true, ""end_geometry_sha256"": ""cbe04a607cb42ab1f307b14d88ac7ef14b0ce8f957ffb924fad66ffecc7c9c33"", ""failure_class"": null, ""max_force_eV_A"": 0.04305163710676466, ""name"": ""bfgs_standard"", ""start_geometry_sha256"": ""a26a898361e9036e2ad2c74297e4bffe9a545c7324f89488fac3d1a25e648ec3"", ""steps"": 48}]",cbe04a607cb42ab1f307b14d88ac7ef14b0ce8f957ffb924fad66ffecc7c9c33,0.9728407368063962,1.0889626396596432,step_4_H2O,9.0,0.0,True,0.5599467548728024,0.707500000035,False,quantitative_screening,0,0,e5a94cbd6195af73349c,False,
"('MAXPhase', 'Cr', 'Al', 'N', 3, 'Ta', 'edge_1010')",MAXPhase,True,esen-sm-conserving-all-oc25:relax-v4:orr-che-v3,True,0.07967704359576254,38,150,0.08,converged,,bfgs_standard,"[{""ase_converged"": true, ""converged"": true, ""end_geometry_sha256"": ""a03d9ac3381a17dc2775f7e694aa7e929a30fbd77c3ab4cf99fdbbe188e933c1"", ""failure_class"": null, ""max_force_eV_A"": 0.07967704359576254, ""name"": ""bfgs_standard"", ""start_geometry_sha256"": ""835b6bd16bcbe14011876a19a964ff32d1d655497b2429e815f6f93e9e788586"", ""steps"": 38}]",a03d9ac3381a17dc2775f7e694aa7e929a30fbd77c3ab4cf99fdbbe188e933c1,-344.9864075955176,True,0.07133755247609816,77.0,100.0,0.08,converged,,bfgs_standard,"[{""ase_converged"": true, ""converged"": true, ""end_geometry_sha256"": ""38bfaa39f3b095c69d66cb05ea50cb6f1b174f934dbfaaa3a1ffa029116332d7"", ""failure_class"": null, ""max_force_eV_A"": 0.07133755247609816, ""name"": ""bfgs_standard"", ""start_geometry_sha256"": ""b68c4eb321a7dc4130382959c7f948cc6dd815001ae1ad17255b0b1780e3ed8b"", ""steps"": 77}]",38bfaa39f3b095c69d66cb05ea50cb6f1b174f934dbfaaa3a1ffa029116332d7,-1.4041143034397987,True,0.07404982584914646,35.0,100.0,0.08,converged,,bfgs_standard,"[{""ase_converged"": true, ""converged"": true, ""end_geometry_sha256"": ""69b8ffcb0a6591f0692fdabba179fb2f60687566b7524b411821f81728426dcf"", ""failure_class"": null, ""max_force_eV_A"": 0.07404982584914646, ""name"": ""bfgs_standard"", ""start_geometry_sha256"": ""fa2b8076a442fbf3b6b26d1348045304bc769d8da91b513a13ac57085eb45f2e"", ""steps"": 35}]",69b8ffcb0a6591f0692fdabba179fb2f60687566b7524b411821f81728426dcf,-1.1186396710574875,True,0.06162037214691783,241.0,100.0,0.08,converged,,bfgs_after_fire,"[{""ase_converged"": false, ""converged"": false, ""end_geometry_sha256"": ""a749a160d81ba1270ad787c6f3ce431046b46d54433c98b5679dc0dc87583466"", ""failure_class"": ""force_threshold"", ""max_force_eV_A"": 0.12504140925496485, ""name"": ""bfgs_standard"", ""start_geometry_sha256"": ""02d84aff49499b21e5e07910b43ba4492fe4bd7c761d5a5876862eb466db230c"", ""steps"": 100}, {""ase_converged"": false, ""converged"": false, ""end_geometry_sha256"": ""13c64a5e6ddd4f4f2e5295279fcf7b2c7981eed5945dd7bb214de2b23049ee74"", ""failure_class"": ""force_threshold"", ""max_force_eV_A"": 4.586168546861844, ""name"": ""fire_precondition"", ""qualifying"": false, ""start_geometry_sha256"": ""02d84aff49499b21e5e07910b43ba4492fe4bd7c761d5a5876862eb466db230c"", ""steps"": 50}, {""ase_converged"": true, ""converged"": true, ""end_geometry_sha256"": ""05a80a41b44809c592575d15538e461ace28fa294f2ed4324c79e91aadbcee4d"", ""failure_class"": null, ""max_force_eV_A"": 0.06162037214691783, ""name"": ""bfgs_after_fire"", ""start_geometry_sha256"": ""13c64a5e6ddd4f4f2e5295279fcf7b2c7981eed5945dd7bb214de2b23049ee74"", ""steps"": 91}]",05a80a41b44809c592575d15538e461ace28fa294f2ed4324c79e91aadbcee4d,8.185899685323214,3.0,step_1_OOH,9.0,0.0,True,2.5227539744972862,0.707500000035,False,quantitative_screening,1,1,0280807626d75831a170,False,
"('MAXPhase', 'Cr', 'Si', 'C', 1, 'Nb', 'edge_1120')",MAXPhase,True,esen-sm-conserving-all-oc25:relax-v4:orr-che-v3,True,0.0,0,150,0.08,converged,,bfgs_standard,"[{""ase_converged"": true, ""converged"": true, ""end_geometry_sha256"": ""c4cfd34ce9c7bf2fd646d5f37e8d14805193ef850f4b2383aa37938c9d1a754f"", ""failure_class"": null, ""max_force_eV_A"": 0.0, ""name"": ""bfgs_standard"", ""start_geometry_sha256"": ""c4cfd34ce9c7bf2fd646d5f37e8d14805193ef850f4b2383aa37938c9d1a754f"", ""steps"": 0}]",c4cfd34ce9c7bf2fd646d5f37e8d14805193ef850f4b2383aa37938c9d1a754f,-95.85472571314693,True,0.02927034579722444,31.0,100.0,0.08,converged,,bfgs_standard,"[{""ase_converged"": true, ""converged"": true, ""end_geometry_sha256"": ""b298bd09a96886a6ad3ce2d5b5f4d05e20ae2e2e3d00a94b517d190b7bb39886"", ""failure_class"": null, ""max_force_eV_A"": 0.02927034579722444, ""name"": ""bfgs_standard"", ""start_geometry_sha256"": ""51849420d9ee41e32b7d55a2b6ff7b1ce61833584dff375b788be5b5c2705213"", ""steps"": 31}]",b298bd09a96886a6ad3ce2d5b5f4d05e20ae2e2e3d00a94b517d190b7bb39886,0.1298292304575443,True,0.024599691905140324,12.0,100.0,0.08,converged,,bfgs_standard,"[{""ase_converged"": true, ""converged"": true, ""end_geometry_sha256"": ""f2281b00ac880577a7f0536ec016deb10452381e67e7619fe72da0e18d71b3fb"", ""failure_class"": null, ""max_force_eV_A"": 0.024599691905140324, ""name"": ""bfgs_standard"", ""start_geometry_sha256"": ""ca9f5ef8d685e00f0c4ef7791374bf227c097547bf59071e4f566000cc8fbfc0"", ""steps"": 12}]",f2281b00ac880577a7f0536ec016deb10452381e67e7619fe72da0e18d71b3fb,0.4733533032238519,True,0.04218666169766806,35.0,100.0,0.08,converged,,bfgs_standard,"[{""ase_converged"": true, ""converged"": true, ""end_geometry_sha256"": ""ccb9bee78360b2d7599f785a8b0f19c8a77f7bcc0eb8a5b4951c9047e9bb60bd"", ""failure_class"": null, ""max_force_eV_A"": 0.04218666169766806, ""name"": ""bfgs_standard"", ""start_geometry_sha256"": ""8dbc905a3cd56d84942f49f075fd1b16c61e6691c2a2a16f9f0532c0cbed2677"", ""steps"": 35}]",ccb9bee78360b2d7599f785a8b0f19c8a77f7bcc0eb8a5b4951c9047e9bb60bd,-1.1534638896584477,2.8558171928822995,step_2_O,9.0,0.0,True,0.6031825336813962,0.707500000035,False,quantitative_screening,0,0,692e94be0bbe98b025ac,False,
"('MAXPhase', 'Cr', 'Si', 'N', 1, 'Sc', 'basal_0001')",MAXPhase,True,esen-sm-conserving-all-oc25:relax-v4:orr-che-v3,True,0.0,0,150,0.08,converged,,bfgs_standard,"[{""ase_converged"": true, ""converged"": true, ""end_geometry_sha256"": ""dd21dc92044a59a4a46463cf626d3405b418f597ce4c2dfafb837de0021fcc52"", ""failure_class"": null, ""max_force_eV_A"": 0.0, ""name"": ""bfgs_standard"", ""start_geometry_sha256"": ""dd21dc92044a59a4a46463cf626d3405b418f597ce4c2dfafb837de0021fcc52"", ""steps"": 0}]",dd21dc92044a59a4a46463cf626d3405b418f597ce4c2dfafb837de0021fcc52,-136.64279806096158,True,0.048568875056994226,20.0,100.0,0.08,converged,,bfgs_standard,"[{""ase_converged"": true, ""converged"": true, ""end_geometry_sha256"": ""66eb8c1e4cf2ab960806147001903528e4615889d847961a5c6844392a02b7c1"", ""failure_class"": null, ""max_force_eV_A"": 0.048568875056994226, ""name"": ""bfgs_standard"", ""start_geometry_sha256"": ""fedd7eba4d82ac11f09fbf0c6c2ff80e5858ebb45a5198452820aeb8962052b5"", ""steps"": 20}]",66eb8c1e4cf2ab960806147001903528e4615889d847961a5c6844392a02b7c1,-0.044153389781713515,True,0.04327562872053692,3.0,100.0,0.08,converged,,bfgs_standard,"[{""ase_converged"": true, ""converged"": true, ""end_geometry_sha256"": ""6cb22edda081e29049f95a9893d60aca986ae79e17bc51516c05a2a569f0ed42"", ""failure_class"": null, ""max_force_eV_A"": 0.04327562872053692, ""name"": ""bfgs_standard"", ""start_geometry_sha256"": ""80f54cfa61d79a894fbd7231cd8485bf2ef884a2b486b72773af7f9df163221f"", ""steps"": 3}]",6cb22edda081e29049f95a9893d60aca986ae79e17bc51516c05a2a569f0ed42,-0.29690083190798405,True,0.0348825332548921,95.0,100.0,0.08,converged,,bfgs_standard,"[{""ase_converged"": true, ""converged"": true, ""end_geometry_sha256"": ""4cb1f082ad8d156d2b901dccc4014dbbf2c10c98378e02eebe084f9dbb6f76af"", ""failure_class"": null, ""max_force_eV_A"": 0.0348825332548921, ""name"": ""bfgs_standard"", ""start_geometry_sha256"": ""b374f8070643665ba53a356fb74367f3504825e5d49d4d1070ba6ccf439e4adc"", ""steps"": 95}]",4cb1f082ad8d156d2b901dccc4014dbbf2c10c98378e02eebe084f9dbb6f76af,7.417146156728272,3.0,step_1_OOH,9.0,0.0,True,0.34105422168969757,0.707500000035,False,quantitative_screening,0,0,b5b0890489012caec295,False,
"('HEA', ('Co', 'Cu', 'Pd', 'W', 'Sb'), 'hcp', '111', 800)",HEA,True,esen-sm-conserving-all-oc25:relax-v4:orr-che-v3,True,0.07789255930482775,11,150,0.08,converged,,bfgs_standard,"[{""ase_converged"": true, ""converged"": true, ""end_geometry_sha256"": ""d2081a31b3df06e6e264b598efaef625169f29e5b6efa470cbc8007ae964c739"", ""failure_class"": null, ""max_force_eV_A"": 0.07789255930482775, ""name"": ""bfgs_standard"", ""start_geometry_sha256"": ""11d5670d1476ba18f96d431dba1d74d940868a7cd72712fd6e4269f1fc6aa7d1"", ""steps"": 11}]",d2081a31b3df06e6e264b598efaef625169f29e5b6efa470cbc8007ae964c739,-224.00364089868398,True,0.07607590925168393,88.0,100.0,0.08,converged,,bfgs_standard,"[{""ase_converged"": true, ""converged"": true, ""end_geometry_sha256"": ""ff863a0db00e581457621e19773c1df402ba0b558e88ec8bed4ba1390db395f4"", ""failure_class"": null, ""max_force_eV_A"": 0.07607590925168393, ""name"": ""bfgs_standard"", ""start_geometry_sha256"": ""ad76455df9b31287e207117e9ae81ef2c1d93f571411e99f4127bc4a4d422ca7"", ""steps"": 88}]",ff863a0db00e581457621e19773c1df402ba0b558e88ec8bed4ba1390db395f4,-0.33685582622885707,True,0.05364470768158099,45.0,100.0,0.08,converged,,bfgs_standard,"[{""ase_converged"": true, ""converged"": true, ""end_geometry_sha256"": ""0fa4f9cb1d8f6ccaea5944e36fd5bac0070f83a4b30a4c8a415b5c01d63330e9"", ""failure_class"": null, ""max_force_eV_A"": 0.05364470768158099, ""name"": ""bfgs_standard"", ""start_geometry_sha256"": ""29d63b3450ba9dfb9c6e3213e9c14e697bd585366290077c8d151ede9b70f426"", ""steps"": 45}]",0fa4f9cb1d8f6ccaea5944e36fd5bac0070f83a4b30a4c8a415b5c01d63330e9,-0.1150515906512986,True,0.07500116961403933,76.0,100.0,0.08,converged,,bfgs_standard,"[{""ase_converged"": true, ""converged"": true, ""end_geometry_sha256"": ""a70c14365b41b7f10615b79470018a953b9440dde5748bcd9bcccc00977fde47"", ""failure_class"": null, ""max_force_eV_A"": 0.07500116961403933, ""name"": ""bfgs_standard"", ""start_geometry_sha256"": ""35689466e2c2c05d1b47b6ecc6f0998cd4e0213a0660d1bbddcf5fe1cf6153eb"", ""steps"": 76}]",a70c14365b41b7f10615b79470018a953b9440dde5748bcd9bcccc00977fde47,-0.14833848625421167,1.565855826228857,step_4_H2O,7.0,-1.6999509892866402,True,0.4519074168801557,0.902500000035,False,quantitative_screening,0,0,faf7b5058537805f7cc2,False,
"('HEA', ('Co', 'Mo', 'Ta', 'Ce', 'Y'), 'hcp', '111', 1200)",HEA,True,esen-sm-conserving-all-oc25:relax-v4:orr-che-v3,True,0.07156087766779776,40,150,0.08,converged,,bfgs_standard,"[{""ase_converged"": true, ""converged"": true, ""end_geometry_sha256"": ""1a9365d7beac701ae9a2791f5ca95033f21603a0fcdfbec4cc3a85e54ee2a3e3"", ""failure_class"": null, ""max_force_eV_A"": 0.07156087766779776, ""name"": ""bfgs_standard"", ""start_geometry_sha256"": ""2e29d87a0abcfc357c97bff330097d3a41df658bbed54ec3dbf574b5262ee26c"", ""steps"": 40}]",1a9365d7beac701ae9a2791f5ca95033f21603a0fcdfbec4cc3a85e54ee2a3e3,-233.29052782021233,True,0.06834162997809481,62.0,100.0,0.08,converged,,bfgs_standard,"[{""ase_converged"": true, ""converged"": true, ""end_geometry_sha256"": ""117dc90e28b60423aa3bc0fe53693d81640f0e53fbc477dcb9d3795663df69dd"", ""failure_class"": null, ""max_force_eV_A"": 0.06834162997809481, ""name"": ""bfgs_standard"", ""start_geometry_sha256"": ""02a7152aa29b71bd8e91fb968e53c0c0ef2052b9735a29f3db039de8a079f559"", ""steps"": 62}]",117dc90e28b60423aa3bc0fe53693d81640f0e53fbc477dcb9d3795663df69dd,-1.3249339435994625,True,0.0661023315850952,29.0,100.0,0.08,converged,,bfgs_standard,"[{""ase_converged"": true, ""converged"": true, ""end_geometry_sha256"": ""aae802417009dbf7f8d7d2883a4059a80becf775432415b801454926589300bf"", ""failure_class"": null, ""max_force_eV_A"": 0.0661023315850952, ""name"": ""bfgs_standard"", ""start_geometry_sha256"": ""228fe2ffd41395360c7b2be43dc69290be0dcfc03e2e5f47ec6dfa9466ac5c43"", ""steps"": 29}]",aae802417009dbf7f8d7d2883a4059a80becf775432415b801454926589300bf,-0.7757221095263922,True,0.07653678909013341,46.0,100.0,0.08,converged,,bfgs_standard,"[{""ase_converged"": true, ""converged"": true, ""end_geometry_sha256"": ""c47b5247bcaa43b99eadfb06e3ce9f411f9870f06e85a892694074d89cb5d79d"", ""failure_class"": null, ""max_force_eV_A"": 0.07653678909013341, ""name"": ""bfgs_standard"", ""start_geometry_sha256"": ""a968cdd51fabdb985276a4e9e4e878b30144972d5e45275408ac89fa431c2bca"", ""steps"": 46}]",c47b5247bcaa43b99eadfb06e3ce9f411f9870f06e85a892694074d89cb5d79d,-1.5627246394753422,2.5539339435994624,step_4_H2O,9.0,0.0,True,2.1006560531258547,0.8685081580424162,False,quantitative_screening,1,1,e43485ff65c4aa211979,False,
"('HEA', ('Co', 'Hf', 'Ta', 'Al', 'Y'), 'fcc_bcc_dual', '100', 800)",HEA,True,esen-sm-conserving-all-oc25:relax-v4:orr-che-v3,True,0.0,0,150,0.08,converged,,bfgs_standard,"[{""ase_converged"": true, ""converged"": true, ""end_geometry_sha256"": ""c08e8d1acbdec12f067f072dd9a2508edccd62052c027c267af57fbb7a168601"", ""failure_class"": null, ""max_force_eV_A"": 0.0, ""name"": ""bfgs_standard"", ""start_geometry_sha256"": ""c08e8d1acbdec12f067f072dd9a2508edccd62052c027c267af57fbb7a168601"", ""steps"": 0}]",c08e8d1acbdec12f067f072dd9a2508edccd62052c027c267af57fbb7a168601,139.26635474196777,True,0.07505824128517667,13.0,100.0,0.08,converged,,bfgs_standard,"[{""ase_converged"": true, ""converged"": true, ""end_geometry_sha256"": ""41230ad2958c39dad7ffb07ddf070716bc2aa812f142261196d99e278b25aa55"", ""failure_class"": null, ""max_force_eV_A"": 0.07505824128517667, ""name"": ""bfgs_standard"", ""start_geometry_sha256"": ""a7d50f7bc24dfe4693b81b81358538026efbfe1d98b2ccc8ff777f96a531a6be"", ""steps"": 13}]",41230ad2958c39dad7ffb07ddf070716bc2aa812f142261196d99e278b25aa55,1.85345441356307,True,0.07525142867802098,12.0,100.0,0.08,converged,,bfgs_standard,"[{""ase_converged"": true, ""converged"": true, ""end_geometry_sha256"": ""1b1efe76e848e7aaacc51f0d9fb5d236ff234f9ecbd51a89f0e30aa59bb715a8"", ""failure_class"": null, ""max_force_eV_A"": 0.07525142867802098, ""name"": ""bfgs_standard"", ""start_geometry_sha256"": ""5229645de6099c047890a51841f705c9b1997dea537d136ecebf213702e4115d"", ""steps"": 12}]",1b1efe76e848e7aaacc51f0d9fb5d236ff234f9ecbd51a89f0e30aa59bb715a8,2.6072568066418773,True,0.07944708876868657,30.0,100.0,0.08,converged,,bfgs_standard,"[{""ase_converged"": true, ""converged"": true, ""end_geometry_sha256"": ""12fb4ab452a57983cdad9f1a824884f54e743bcb7a8e738abb6ddc808ecb1421"", ""failure_class"": null, ""max_force_eV_A"": 0.07944708876868657, ""name"": ""bfgs_standard"", ""start_geometry_sha256"": ""e2f39750e1da01bc7f2d016c81edd334d489c14ac8029a0559083b8235392454"", ""steps"": 30}]",12fb4ab452a57983cdad9f1a824884f54e743bcb7a8e738abb6ddc808ecb1421,4.411302040517363,0.720302040517363,step_1_OOH,9.0,0.0,True,4.4607112202049475,0.902500000035,False,quantitative_screening,0,0,cde62aaa04e1ea8404a6,False,
"('HEA', ('Co', 'Re', 'Ir', 'Pt', 'Ce'), 'fcc', '100', 900)",HEA,True,esen-sm-conserving-all-oc25:relax-v4:orr-che-v3,True,0.0,0,150,0.08,converged,,bfgs_standard,"[{""ase_converged"": true, ""converged"": true, ""end_geometry_sha256"": ""670873220525a6faebca058d9aabdf99174937ee3343d579ccb001ac32763ad0"", ""failure_class"": null, ""max_force_eV_A"": 0.0, ""name"": ""bfgs_standard"", ""start_geometry_sha256"": ""670873220525a6faebca058d9aabdf99174937ee3343d579ccb001ac32763ad0"", ""steps"": 0}]",670873220525a6faebca058d9aabdf99174937ee3343d579ccb001ac32763ad0,146.46426966236012,True,0.03568534555379012,13.0,100.0,0.08,converged,,bfgs_standard,"[{""ase_converged"": true, ""converged"": true, ""end_geometry_sha256"": ""d6edc1d11399f9c970ab58e6a7164fe275872671f225ba0dfcafa3a40ea6af01"", ""failure_class"": null, ""max_force_eV_A"": 0.03568534555379012, ""name"": ""bfgs_standard"", ""start_geometry_sha256"": ""46dfacc7a8fb48ce1dc74b8e7605895bbf5d65dedba120e089d3d90f573624c3"", ""steps"": 13}]",d6edc1d11399f9c970ab58e6a7164fe275872671f225ba0dfcafa3a40ea6af01,1.4892881537973313,True,0.05056628383318406,27.0,100.0,0.08,converged,,bfgs_standard,"[{""ase_converged"": true, ""converged"": true, ""end_geometry_sha256"": ""4f6bfde0c79c961657a7a86d736c5a6eb5afc3a3ca5855d0d9cb2e7f202043d9"", ""failure_class"": null, ""max_force_eV_A"": 0.05056628383318406, ""name"": ""bfgs_standard"", ""start_geometry_sha256"": ""af47688ce98e41c787c06a5f1b32cd39a773ec0b41eb2b1784975acad8e8f8cc"", ""steps"": 27}]",4f6bfde0c79c961657a7a86d736c5a6eb5afc3a3ca5855d0d9cb2e7f202043d9,2.3627194531261386,True,0.05729379467685738,58.0,100.0,0.08,converged,,bfgs_standard,"[{""ase_converged"": true, ""converged"": true, ""end_geometry_sha256"": ""ec0bf9f7223cc0ee4a8b615a58e6161439a43e7733cb1854e05ede7524c84dd5"", ""failure_class"": null, ""max_force_eV_A"": 0.05729379467685738, ""name"": ""bfgs_standard"", ""start_geometry_sha256"": ""4d59361661f75673456b85bc1c677a6d70c31bdbcd259351d13b90d62c184bc4"", ""steps"": 58}]",ec0bf9f7223cc0ee4a8b615a58e6161439a43e7733cb1854e05ede7524c84dd5,3.8388533100485267,0.35556870067119273,step_3_OH,9.0,-2.0,True,3.85200760692347,0.8685081580424162,False,quantitative_screening,1,1,78c3bca65991f4d582d7,False,
"('HEA', ('Ni', 'Zr', 'Mo', 'Ru', 'Ga'), 'fcc_bcc_dual', '100', 1200)",HEA,True,esen-sm-conserving-all-oc25:relax-v4:orr-che-v3,True,0.07969913611798517,7,150,0.08,converged,,bfgs_standard,"[{""ase_converged"": true, ""converged"": true, ""end_geometry_sha256"": ""83d5bcb8237e894c29bc6858a87f9c6c8d9edeebd307ea30e6931b80d9d68724"", ""failure_class"": null, ""max_force_eV_A"": 0.07969913611798517, ""name"": ""bfgs_standard"", ""start_geometry_sha256"": ""4e99907d200aa7176a7bf1e9bf2544b5aef4f31b669e46fb9c4204a9502b61e9"", ""steps"": 7}]",83d5bcb8237e894c29bc6858a87f9c6c8d9edeebd307ea30e6931b80d9d68724,-189.16745509467768,True,0.07485934217945543,16.0,100.0,0.08,converged,,bfgs_standard,"[{""ase_converged"": true, ""converged"": true, ""end_geometry_sha256"": ""4a9c7f93df7a74f9b4f54402f751c3d72bc3cb803a636e9e5b42569911ae6abd"", ""failure_class"": null, ""max_force_eV_A"": 0.07485934217945543, ""name"": ""bfgs_standard"", ""start_geometry_sha256"": ""d073af19c074a95c8608fbde2db57977e62ede913acd8a2fc2c8b941e841be4b"", ""steps"": 16}]",4a9c7f93df7a74f9b4f54402f751c3d72bc3cb803a636e9e5b42569911ae6abd,-0.030527291148872593,True,0.07517745025710276,12.0,100.0,0.08,converged,,bfgs_standard,"[{""ase_converged"": true, ""converged"": true, ""end_geometry_sha256"": ""8e0431a5696b115ed68ea3c7fceff223045af2339cc176adaa786dcd59753092"", ""failure_class"": null, ""max_force_eV_A"": 0.07517745025710276, ""name"": ""bfgs_standard"", ""start_geometry_sha256"": ""7b0a7a79337a16a177bb18fa3402efd43ccba723672c496270cc247c32082727"", ""steps"": 12}]",8e0431a5696b115ed68ea3c7fceff223045af2339cc176adaa786dcd59753092,-0.298357092589108,True,0.07372139033434993,73.0,100.0,0.08,converged,,bfgs_standard,"[{""ase_converged"": true, ""converged"": true, ""end_geometry_sha256"": ""6eb50eee2df380bf591b9238acd3aea267d56cdd4a60131b4a582d78fb5c5330"", ""failure_class"": null, ""max_force_eV_A"": 0.07372139033434993, ""name"": ""bfgs_standard"", ""start_geometry_sha256"": ""3bf34ab3f33988487a75532d25ab139dab242da9c64936e378397bca4883320a"", ""steps"": 73}]",6eb50eee2df380bf591b9238acd3aea267d56cdd4a60131b4a582d78fb5c5330,-1.0558400645851769,1.986482971996069,step_2_O,10.0,-1.0001207690895035,True,0.32888438373798057,0.902500000035,False,quantitative_screening,0,0,6400fab7d61a507fe051,False,
"('HEA', ('Ni', 'Mo', 'Au', 'Sb', 'La'), 'amorphous', '110', 800)",HEA,True,esen-sm-conserving-all-oc25:relax-v4:orr-che-v3,True,0.06902728979573247,85,150,0.08,converged,,bfgs_standard,"[{""ase_converged"": true, ""converged"": true, ""end_geometry_sha256"": ""90bbaca587c3db25bbc1b92c8dd58ee62e0fdfebb1c006d0b3f63d97a3abc750"", ""failure_class"": null, ""max_force_eV_A"": 0.06902728979573247, ""name"": ""bfgs_standard"", ""start_geometry_sha256"": ""347765e387f9414abb02c1d58a08499cff6ffbab8bf643ee0ef1df6b1c07edee"", ""steps"": 85}]",90bbaca587c3db25bbc1b92c8dd58ee62e0fdfebb1c006d0b3f63d97a3abc750,-168.12970891865072,True,0.07890121624137438,230.0,100.0,0.08,converged,,bfgs_after_fire,"[{""ase_converged"": false, ""converged"": false, ""end_geometry_sha256"": ""92a73ad73274edab5da7987abe6c60bb210306eb423d7cd0bc9c40348b65867b"", ""failure_class"": ""force_threshold"", ""max_force_eV_A"": 0.39158054854358404, ""name"": ""bfgs_standard"", ""start_geometry_sha256"": ""fe3f8988da1d51198b6485ac5a49bfecc7b423c514f9e20a9934d60057ef0399"", ""steps"": 100}, {""ase_converged"": false, ""converged"": false, ""end_geometry_sha256"": ""01148a018a2b012da11249ebaaab536919bea48afa3b8f69cdd7984be66c1e50"", ""failure_class"": ""force_threshold"", ""max_force_eV_A"": 0.5291695411538387, ""name"": ""fire_precondition"", ""qualifying"": false, ""start_geometry_sha256"": ""fe3f8988da1d51198b6485ac5a49bfecc7b423c514f9e20a9934d60057ef0399"", ""steps"": 50}, {""ase_converged"": true, ""converged"": true, ""end_geometry_sha256"": ""eb8807c794e3326a508b4a3810cd0fc785b4c840e6fa4c093bfa90467c6f1591"", ""failure_class"": null, ""max_force_eV_A"": 0.07890121624137438, ""name"": ""bfgs_after_fire"", ""start_geometry_sha256"": ""01148a018a2b012da11249ebaaab536919bea48afa3b8f69cdd7984be66c1e50"", ""steps"": 80}]",eb8807c794e3326a508b4a3810cd0fc785b4c840e6fa4c093bfa90467c6f1591,-1.4039422844350338,True,0.07874175816582829,72.0,100.0,0.08,converged,,bfgs_standard,"[{""ase_converged"": true, ""converged"": true, ""end_geometry_sha256"": ""4526b1cb436f59dec8118e1e53e1d6371fcf63f4ee58927c377af9d135be932d"", ""failure_class"": null, ""max_force_eV_A"": 0.07874175816582829, ""name"": ""bfgs_standard"", ""start_geometry_sha256"": ""16da70ed9dc14ddd2c5ff347ac39bf90ee58356a73abb9fc367e415e8dc7c5a6"", ""steps"": 72}]",4526b1cb436f59dec8118e1e53e1d6371fcf63f4ee58927c377af9d135be932d,1.2047623760998285,True,0.05751810115506755,250.0,100.0,0.08,converged,,bfgs_after_fire,"[{""ase_converged"": false, ""converged"": false, ""end_geometry_sha256"": ""10464664cbab6ce27e15098683a9a1c9003574d1aac1cc8cd4b6f182b5d79f45"", ""failure_class"": ""force_threshold"", ""max_force_eV_A"": 0.17802120108539188, ""name"": ""bfgs_standard"", ""start_geometry_sha256"": ""93c95b7f1fa2f35353c73f30ad458a892a467298f45c1c677f9557eb923bff6b"", ""steps"": 100}, {""ase_converged"": false, ""converged"": false, ""end_geometry_sha256"": ""9ba31961b45abe351a0e0a6ea56ce8782a561485359070a6ded984211285f3d4"", ""failure_class"": ""force_threshold"", ""max_force_eV_A"": 2.398790395813487, ""name"": ""fire_precondition"", ""qualifying"": false, ""start_geometry_sha256"": ""93c95b7f1fa2f35353c73f30ad458a892a467298f45c1c677f9557eb923bff6b"", ""steps"": 50}, {""ase_converged"": true, ""converged"": true, ""end_geometry_sha256"": ""316ca0182cbb28364ade1ced81e29de9b9a8899da8f0a88f18430906d5925ff0"", ""failure_class"": null, ""max_force_eV_A"": 0.05751810115506755, ""name"": ""bfgs_after_fire"", ""start_geometry_sha256"": ""9ba31961b45abe351a0e0a6ea56ce8782a561485359070a6ded984211285f3d4"", ""steps"": 100}]",316ca0182cbb28364ade1ced81e29de9b9a8899da8f0a88f18430906d5925ff0,1.335919807851318,2.6329422844350336,step_4_H2O,10.0,-1.8009539495488203,True,2.6087046605348623,0.8685081580424162,False,quantitative_screening,1,1,e0d6ff80727762af7637,False,
"('HEA', ('Cu', 'Zn', 'Mo', 'Re', 'Al'), 'amorphous', '110', 1200)",HEA,False,esen-sm-conserving-all-oc25:relax-v4:orr-che-v3,True,0.06943439886692918,284,150,0.08,converged,,bfgs_after_fire,"[{""ase_converged"": false, ""converged"": false, ""end_geometry_sha256"": ""5c89589b8ef3748f04a457626b26aadce710ce5fac1d043b5f7914c663bf1f25"", ""failure_class"": ""force_threshold"", ""max_force_eV_A"": 0.941222111613494, ""name"": ""bfgs_standard"", ""start_geometry_sha256"": ""65e5255c91512ccf57d19210ee7307702598eba1f1aa771d96bb2f00789a2a6f"", ""steps"": 150}, {""ase_converged"": false, ""converged"": false, ""end_geometry_sha256"": ""e51ad0a71ba1598e83bf128ab049e391c5717e8a4639bb94a997b4fd96309dcd"", ""failure_class"": ""force_threshold"", ""max_force_eV_A"": 1.031884579603585, ""name"": ""fire_precondition"", ""qualifying"": false, ""start_geometry_sha256"": ""65e5255c91512ccf57d19210ee7307702598eba1f1aa771d96bb2f00789a2a6f"", ""steps"": 75}, {""ase_converged"": true, ""converged"": true, ""end_geometry_sha256"": ""9c7756921627329bfc0ddb9e9237ee45045e746e4cf7efb28ae8f7cdc4234591"", ""failure_class"": null, ""max_force_eV_A"": 0.06943439886692918, ""name"": ""bfgs_after_fire"", ""start_geometry_sha256"": ""e51ad0a71ba1598e83bf128ab049e391c5717e8a4639bb94a997b4fd96309dcd"", ""steps"": 59}]",9c7756921627329bfc0ddb9e9237ee45045e746e4cf7efb28ae8f7cdc4234591,-181.61926341505432,True,0.071204824588664,62.0,100.0,0.08,converged,,bfgs_standard,"[{""ase_converged"": true, ""converged"": true, ""end_geometry_sha256"": ""06b2d1b52112e336aac189d7ae298b5e2b8d8650a06b987cdc4b067305712665"", ""failure_class"": null, ""max_force_eV_A"": 0.071204824588664, ""name"": ""bfgs_standard"", ""start_geometry_sha256"": ""09825b2948840795c3b2516afccefbe114fc1469df5c43b2ec8ac30b452a1dc5"", ""steps"": 62}]",06b2d1b52112e336aac189d7ae298b5e2b8d8650a06b987cdc4b067305712665,4.037200751453637,True,0.07491812749438476,506.0,100.0,0.08,converged,,fire_small_step,"[{""ase_converged"": false, ""converged"": false, ""end_geometry_sha256"": ""58016581b992fd20b1253fe2cf2102d6795bbdbdf84b11c6c3a86ea709e8c1d1"", ""failure_class"": ""force_threshold"", ""max_force_eV_A"": 3.1412677401963505, ""name"": ""bfgs_standard"", ""start_geometry_sha256"": ""df8babd34966d114f5a761d432d9c1a32c9a026354c316fb1187c4dd2ce77473"", ""steps"": 100}, {""ase_converged"": false, ""converged"": false, ""end_geometry_sha256"": ""63b2c6da3e0c1b20b936af8096c3d0ff1a565d503c81a9d2b8c4496f83cb1958"", ""failure_class"": ""force_threshold"", ""max_force_eV_A"": 0.2699693373985355, ""name"": ""fire_precondition"", ""qualifying"": false, ""start_geometry_sha256"": ""df8babd34966d114f5a761d432d9c1a32c9a026354c316fb1187c4dd2ce77473"", ""steps"": 50}, {""ase_converged"": false, ""converged"": false, ""end_geometry_sha256"": ""66d341064ea5515f67858b172615cb99c4cce68c10937b44c9c205bcc8ec8b8c"", ""failure_class"": ""force_threshold"", ""max_force_eV_A"": 0.25235413385160416, ""name"": ""bfgs_after_fire"", ""start_geometry_sha256"": ""63b2c6da3e0c1b20b936af8096c3d0ff1a565d503c81a9d2b8c4496f83cb1958"", ""steps"": 200}, {""ase_converged"": true, ""converged"": true, ""end_geometry_sha256"": ""271af53fec1233c0d15f1cc0dd3a6f66dddfcfba8a01c028c8ef67b03eea35f3"", ""failure_class"": null, ""max_force_eV_A"": 0.07491812749438476, ""name"": ""fire_small_step"", ""start_geometry_sha256"": ""66d341064ea5515f67858b172615cb99c4cce68c10937b44c9c205bcc8ec8b8c"", ""steps"": 156}]",271af53fec1233c0d15f1cc0dd3a6f66dddfcfba8a01c028c8ef67b03eea35f3,-42.884766661375764,True,0.06518692529648804,55.0,100.0,0.08,converged,,bfgs_standard,"[{""ase_converged"": true, ""converged"": true, ""end_geometry_sha256"": ""e80bc6ac4eaed8a80b710575deacea52ee9e0fd22de1a7d6d86be6b24cd69d37"", ""failure_class"": null, ""max_force_eV_A"": 0.06518692529648804, ""name"": ""bfgs_standard"", ""start_geometry_sha256"": ""30667f6a5cadbe3ab198de174d438fcacbd050d74081a32fbdb551c997a60c58"", ""steps"": 55}]",e80bc6ac4eaed8a80b710575deacea52ee9e0fd22de1a7d6d86be6b24cd69d37,5.029328773915772,48.1509674128294,step_3_OH,8.0,0.0,True,46.9219674128294,,True,validation_required,0,0,4927caf93581b8c8c430,False,Unphysical dG_O_eV=-42.88 eV
"('HEA', ('Cu', 'Nb', 'W', 'Ir', 'Au'), 'fcc', '211', 800)",HEA,True,esen-sm-conserving-all-oc25:relax-v4:orr-che-v3,True,0.07990245356661804,20,150,0.08,converged,,bfgs_standard,"[{""ase_converged"": true, ""converged"": true, ""end_geometry_sha256"": ""f72f35f3ae716d4da08ee7fc62a6b24a5fb96f51ef94b026287ce6dd21e33fab"", ""failure_class"": null, ""max_force_eV_A"": 0.07990245356661804, ""name"": ""bfgs_standard"", ""start_geometry_sha256"": ""a53abddcdd5cb89c2d0ef162d7971bbcf0eee238479ea513906abdb84310790e"", ""steps"": 20}]",f72f35f3ae716d4da08ee7fc62a6b24a5fb96f51ef94b026287ce6dd21e33fab,-147.8942069184256,True,0.07016150196438788,38.0,100.0,0.08,converged,,bfgs_standard,"[{""ase_converged"": true, ""converged"": true, ""end_geometry_sha256"": ""2ce359d58ebf91dc4e769e1f1c96cd418ef1cd6274a1ffc846422fd58502535c"", ""failure_class"": null, ""max_force_eV_A"": 0.07016150196438788, ""name"": ""bfgs_standard"", ""start_geometry_sha256"": ""accdf935923c08ce8952f553c187d9ee009c5cbc7e6bbdb6fb136e75810d5f33"", ""steps"": 38}]",2ce359d58ebf91dc4e769e1f1c96cd418ef1cd6274a1ffc846422fd58502535c,0.6787202979623987,True,0.0752526425836703,36.0,100.0,0.08,converged,,bfgs_standard,"[{""ase_converged"": true, ""converged"": true, ""end_geometry_sha256"": ""a6061d1d6665e1520eb57931a814482d435ece7dc756e02a09f5ac27a461e360"", ""failure_class"": null, ""max_force_eV_A"": 0.0752526425836703, ""name"": ""bfgs_standard"", ""start_geometry_sha256"": ""ef7f2f23c1aec92d8e5da8d08edd933ffea0c5bfa127a0692965a78eae1cbfb7"", ""steps"": 36}]",a6061d1d6665e1520eb57931a814482d435ece7dc756e02a09f5ac27a461e360,1.399584210664009,True,0.07810107396334803,244.0,100.0,0.08,converged,,bfgs_after_fire,"[{""ase_converged"": false, ""converged"": false, ""end_geometry_sha256"": ""4a1943f603c7a8880a11a7c24215b2f4ece027274ccfd20c3842056453abddb3"", ""failure_class"": ""force_threshold"", ""max_force_eV_A"": 0.11203949759070321, ""name"": ""bfgs_standard"", ""start_geometry_sha256"": ""3df264bd5ca9483c06761ecbfd4b32d7e9547aecd19579f9b8d9b777647e3178"", ""steps"": 100}, {""ase_converged"": false, ""converged"": false, ""end_geometry_sha256"": ""b694f2df0d04b5059dfa6aba5e15dae7a119c5cd887ae02ae949976ead68e645"", ""failure_class"": ""force_threshold"", ""max_force_eV_A"": 1.7708722177223934, ""name"": ""fire_precondition"", ""qualifying"": false, ""start_geometry_sha256"": ""3df264bd5ca9483c06761ecbfd4b32d7e9547aecd19579f9b8d9b777647e3178"", ""steps"": 50}, {""ase_converged"": true, ""converged"": true, ""end_geometry_sha256"": ""c06fd79bc4ec105b598f841cc01aa052a8ab277029a8a9ab4516d3d525aea890"", ""failure_class"": null, ""max_force_eV_A"": 0.07810107396334803, ""name"": ""bfgs_after_fire"", ""start_geometry_sha256"": ""b694f2df0d04b5059dfa6aba5e15dae7a119c5cd887ae02ae949976ead68e645"", ""steps"": 94}]",c06fd79bc4ec105b598f841cc01aa052a8ab277029a8a9ab4516d3d525aea890,-0.26730494648217795,2.895889157146187,step_2_O,8.0,-2.0,True,2.078304508626408,0.902500000035,False,quantitative_screening,2,2,31ddf0d079c2a7ea224e,False,
"('HEA', ('Cu', 'Mo', 'Re', 'Ir', 'Pt'), 'hcp', '211', 900)",HEA,True,esen-sm-conserving-all-oc25:relax-v4:orr-che-v3,True,0.07143404011153796,89,150,0.08,converged,,bfgs_standard,"[{""ase_converged"": true, ""converged"": true, ""end_geometry_sha256"": ""d0473fece3aac3399b33bd97e4fff01e0938deef4798219198b0b83e0eb1c625"", ""failure_class"": null, ""max_force_eV_A"": 0.07143404011153796, ""name"": ""bfgs_standard"", ""start_geometry_sha256"": ""ad7a9a232eccf0c269bf0bd45bb767e456667620fd456ccb91b1349f5991e391"", ""steps"": 89}]",d0473fece3aac3399b33bd97e4fff01e0938deef4798219198b0b83e0eb1c625,-213.64691179790168,True,0.07371853024896274,69.0,100.0,0.08,converged,,bfgs_standard,"[{""ase_converged"": true, ""converged"": true, ""end_geometry_sha256"": ""9fc17913e0aa51d29bf05528b8aa685663847dce11e24a1a087f2856ead7d05d"", ""failure_class"": null, ""max_force_eV_A"": 0.07371853024896274, ""name"": ""bfgs_standard"", ""start_geometry_sha256"": ""ab870310929d4209b858c1cae1cddd87db5b8eaf0198c2b585f574a04ccb2477"", ""steps"": 69}]",9fc17913e0aa51d29bf05528b8aa685663847dce11e24a1a087f2856ead7d05d,-0.07814043506979945,True,0.07070398626865321,42.0,100.0,0.08,converged,,bfgs_standard,"[{""ase_converged"": true, ""converged"": true, ""end_geometry_sha256"": ""f9a491715e28606b6e17f073219da8dd6101d35cd3b62cc33f25cd31235e7ff8"", ""failure_class"": null, ""max_force_eV_A"": 0.07070398626865321, ""name"": ""bfgs_standard"", ""start_geometry_sha256"": ""c429cecf202ddf5320220c6c2ee9d4678d81cc03d82479d72463c84b5d8cc608"", ""steps"": 42}]",f9a491715e28606b6e17f073219da8dd6101d35cd3b62cc33f25cd31235e7ff8,-1.5055743090808356,True,0.06783625696438148,203.0,100.0,0.08,converged,,bfgs_after_fire,"[{""ase_converged"": false, ""converged"": false, ""end_geometry_sha256"": ""739e2a394fcc170271b5cff8a6eb83b8e4342c056385033e967ca73ac3f71f61"", ""failure_class"": ""force_threshold"", ""max_force_eV_A"": 0.20327160544716733, ""name"": ""bfgs_standard"", ""start_geometry_sha256"": ""90031bb562ceb6056fe7e3c06f7522ca0de647ca2dd6c54bc44bd50f4b397d3d"", ""steps"": 100}, {""ase_converged"": false, ""converged"": false, ""end_geometry_sha256"": ""b7edab146ceca82a35b5444a90bdc01e47f882c7e6f340c8f968cec358ced911"", ""failure_class"": ""force_threshold"", ""max_force_eV_A"": 0.34165389267628815, ""name"": ""fire_precondition"", ""qualifying"": false, ""start_geometry_sha256"": ""90031bb562ceb6056fe7e3c06f7522ca0de647ca2dd6c54bc44bd50f4b397d3d"", ""steps"": 50}, {""ase_converged"": true, ""converged"": true, ""end_geometry_sha256"": ""02de097c55200404de26f3021de01be7ec62eb4e212a21553a07aa73c282dafb"", ""failure_class"": null, ""max_force_eV_A"": 0.06783625696438148, ""name"": ""bfgs_after_fire"", ""start_geometry_sha256"": ""b7edab146ceca82a35b5444a90bdc01e47f882c7e6f340c8f968cec358ced911"", ""steps"": 53}]",02de097c55200404de26f3021de01be7ec62eb4e212a21553a07aa73c282dafb,6.030915687978272,2.6564338740110363,step_3_OH,8.0,-2.0,True,1.583714744150635,0.902500000035,False,quantitative_screening,2,2,cc177cc4d57762f1f994,False,
"('HEA', ('Cu', 'Re', 'Pt', 'Ge', 'Sb'), 'fcc', '211', 1200)",HEA,True,esen-sm-conserving-all-oc25:relax-v4:orr-che-v3,True,0.04764303689875126,20,150,0.08,converged,,bfgs_standard,"[{""ase_converged"": true, ""converged"": true, ""end_geometry_sha256"": ""4dc8f50e2995c57d5263c8dc6d19673544a5df8e5000582ede86f408a56f9de9"", ""failure_class"": null, ""max_force_eV_A"": 0.04764303689875126, ""name"": ""bfgs_standard"", ""start_geometry_sha256"": ""896c100900b54fae8349c4443f9e8259faad29565856c0439925971447c3f414"", ""steps"": 20}]",4dc8f50e2995c57d5263c8dc6d19673544a5df8e5000582ede86f408a56f9de9,-140.48233830162715,True,0.06865296447684302,36.0,100.0,0.08,converged,,bfgs_standard,"[{""ase_converged"": true, ""converged"": true, ""end_geometry_sha256"": ""e54da03015165e4fdc0ecc4f9f38b58b32f786a95e18eb798f1a2fed2b7922eb"", ""failure_class"": null, ""max_force_eV_A"": 0.06865296447684302, ""name"": ""bfgs_standard"", ""start_geometry_sha256"": ""7481e431ca1773cb1558eae317f5a191832261fcb2d9a165bc238e60178bcac0"", ""steps"": 36}]",e54da03015165e4fdc0ecc4f9f38b58b32f786a95e18eb798f1a2fed2b7922eb,0.8329437400400639,True,0.0780192584321921,54.0,100.0,0.08,converged,,bfgs_standard,"[{""ase_converged"": true, ""converged"": true, ""end_geometry_sha256"": ""97302de20478b2e17b9405821fe438f57f2f7c59db425bfc2ebb118467614c52"", ""failure_class"": null, ""max_force_eV_A"": 0.0780192584321921, ""name"": ""bfgs_standard"", ""start_geometry_sha256"": ""c4f37c98c16f539b858858b67966143932610b2fade5151a985170fb6532cdd2"", ""steps"": 54}]",97302de20478b2e17b9405821fe438f57f2f7c59db425bfc2ebb118467614c52,1.443110383301977,True,0.06826796561748649,89.0,100.0,0.08,converged,,bfgs_standard,"[{""ase_converged"": true, ""converged"": true, ""end_geometry_sha256"": ""69c2cd10d04ab84e9c5b25bcc4531a66e50fab118356c6edd6435c5516f9f4a7"", ""failure_class"": null, ""max_force_eV_A"": 0.06826796561748649, ""name"": ""bfgs_standard"", ""start_geometry_sha256"": ""53c6dc8975e96adf705aafdbfc72be6443958c7c307c98134985a0b5a826db14"", ""steps"": 89}]",69c2cd10d04ab84e9c5b25bcc4531a66e50fab118356c6edd6435c5516f9f4a7,0.2639269337057819,2.408183449596195,step_2_O,8.0,-2.0,True,2.276054123342041,0.902500000035,False,quantitative_screening,1,1,1ab50a95b889db8973d1,False,
"('Spinel', 'Mn', 'Co', 'Ce', 'nanosheet', 'none')",Spinel,True,esen-sm-conserving-all-oc25:relax-v4:orr-che-v3,True,0.07494989845675448,405,150,0.08,converged,,bfgs_after_fire,"[{""ase_converged"": false, ""converged"": false, ""end_geometry_sha256"": ""ce755509acc3f9d07959677a13ba9f365bff034b9eaad28816e2d7a5f0f819dd"", ""failure_class"": ""force_threshold"", ""max_force_eV_A"": 0.7988933318669104, ""name"": ""bfgs_standard"", ""start_geometry_sha256"": ""204654ebea20c3c604d95dc4077a8d5176346bd5685cf98f4de6efc7763c40cf"", ""steps"": 150}, {""ase_converged"": false, ""converged"": false, ""end_geometry_sha256"": ""67fb405b9c492a7515df974ca2c2d33c9ff009d686f6fbf0e456fbe6991876cc"", ""failure_class"": ""force_threshold"", ""max_force_eV_A"": 0.7639272848243536, ""name"": ""fire_precondition"", ""qualifying"": false, ""start_geometry_sha256"": ""204654ebea20c3c604d95dc4077a8d5176346bd5685cf98f4de6efc7763c40cf"", ""steps"": 75}, {""ase_converged"": true, ""converged"": true, ""end_geometry_sha256"": ""c79d2b345a0dc2772c95dfb961d66ca4c2c88749944a0782710ce52dc2e7d573"", ""failure_class"": null, ""max_force_eV_A"": 0.07494989845675448, ""name"": ""bfgs_after_fire"", ""start_geometry_sha256"": ""67fb405b9c492a7515df974ca2c2d33c9ff009d686f6fbf0e456fbe6991876cc"", ""steps"": 180}]",c79d2b345a0dc2772c95dfb961d66ca4c2c88749944a0782710ce52dc2e7d573,-360.345894709307,True,0.07547605983857074,35.0,100.0,0.08,converged,,bfgs_standard,"[{""ase_converged"": true, ""converged"": true, ""end_geometry_sha256"": ""c8f2e44a08260016d5cac427c989dcde76c3d046ec4ecb69c4a72d0646a5d6b6"", ""failure_class"": null, ""max_force_eV_A"": 0.07547605983857074, ""name"": ""bfgs_standard"", ""start_geometry_sha256"": ""5964554350fcf78356a5b9c60a16cb5f2e42ed7b944052615e6a61b8a8b737a0"", ""steps"": 35}]",c8f2e44a08260016d5cac427c989dcde76c3d046ec4ecb69c4a72d0646a5d6b6,0.2978780891001224,True,0.07501385942059292,39.0,100.0,0.08,converged,,bfgs_standard,"[{""ase_converged"": true, ""converged"": true, ""end_geometry_sha256"": ""3f5a33156b8bb6036159d6fd95cf1dfe9f6f9a162cfcfed8ec55b53f408e55c8"", ""failure_class"": null, ""max_force_eV_A"": 0.07501385942059292, ""name"": ""bfgs_standard"", ""start_geometry_sha256"": ""edf11698cb751586ca1acd6c646b62a33c7d8a3438ccccf56e621bf11ceeae92"", ""steps"": 39}]",3f5a33156b8bb6036159d6fd95cf1dfe9f6f9a162cfcfed8ec55b53f408e55c8,0.6140698559582554,True,0.07071414356380973,92.0,100.0,0.08,converged,,bfgs_standard,"[{""ase_converged"": true, ""converged"": true, ""end_geometry_sha256"": ""84ba60b15a1ceb1a292ecb59b465f2241bf47854ce76be9a037525ec2646776a"", ""failure_class"": null, ""max_force_eV_A"": 0.07071414356380973, ""name"": ""bfgs_standard"", ""start_geometry_sha256"": ""fdb50033fc8ec303fbe51a1566ae0b4cd5d1deb2dec64563fad2d6fe8d45257b"", ""steps"": 92}]",84ba60b15a1ceb1a292ecb59b465f2241bf47854ce76be9a037525ec2646776a,2.792649696767305,0.9311219108998776,step_4_H2O,8.0,0.0,True,0.9119479450583778,0.6852014328916924,False,quantitative_screening,1,1,48818a8be5c9e15bbb00,False,
"('Spinel', 'Mn', 'Co', 'Nb', 'nanorod', 'none')",Spinel,True,esen-sm-conserving-all-oc25:relax-v4:orr-che-v3,True,0.07877865886933429,412,150,0.08,converged,,bfgs_after_fire,"[{""ase_converged"": false, ""converged"": false, ""end_geometry_sha256"": ""47797647b082040262b60975463ed24ea6a890fb99cf2c5a9418f4390d0ba423"", ""failure_class"": ""force_threshold"", ""max_force_eV_A"": 0.7714184418694109, ""name"": ""bfgs_standard"", ""start_geometry_sha256"": ""d143940b102e049509c5a40bcafde6b09e99cd2db345bda2ec942551010482be"", ""steps"": 150}, {""ase_converged"": false, ""converged"": false, ""end_geometry_sha256"": ""2850d50e1a66c069d53f40a9be85647321312af1570df5b173a91d18f367ba3c"", ""failure_class"": ""force_threshold"", ""max_force_eV_A"": 0.9663876593640102, ""name"": ""fire_precondition"", ""qualifying"": false, ""start_geometry_sha256"": ""d143940b102e049509c5a40bcafde6b09e99cd2db345bda2ec942551010482be"", ""steps"": 75}, {""ase_converged"": true, ""converged"": true, ""end_geometry_sha256"": ""ff483880b305f878a96aedef70751e71fecfec0659b6744f6c36e8e2115bb51f"", ""failure_class"": null, ""max_force_eV_A"": 0.07877865886933429, ""name"": ""bfgs_after_fire"", ""start_geometry_sha256"": ""2850d50e1a66c069d53f40a9be85647321312af1570df5b173a91d18f367ba3c"", ""steps"": 187}]",ff483880b305f878a96aedef70751e71fecfec0659b6744f6c36e8e2115bb51f,-363.8042611732749,True,0.07581031307137327,292.0,100.0,0.08,converged,,bfgs_after_fire,"[{""ase_converged"": false, ""converged"": false, ""end_geometry_sha256"": ""9ff6b992725eb61c4480dc60e3bc0daa79bacd9a6309a50e0cfb779426da4322"", ""failure_class"": ""force_threshold"", ""max_force_eV_A"": 0.4485461912788813, ""name"": ""bfgs_standard"", ""start_geometry_sha256"": ""2d844f28aebfec79e1abb788f88299392896d958df912dfd68ce10c2b17c2c5b"", ""steps"": 100}, {""ase_converged"": true, ""converged"": true, ""end_geometry_sha256"": ""2fa8c69ed4aa170af697d010e8952edf79fce3d4399860a91bd4b5897fac2b46"", ""failure_class"": null, ""max_force_eV_A"": 0.2292474331030999, ""name"": ""fire_precondition"", ""qualifying"": false, ""start_geometry_sha256"": ""2d844f28aebfec79e1abb788f88299392896d958df912dfd68ce10c2b17c2c5b"", ""steps"": 50}, {""ase_converged"": true, ""converged"": true, ""end_geometry_sha256"": ""41db2cd7d26846d81e437fd1ca9a483b334fbeb878c9422ad44f14e760edf469"", ""failure_class"": null, ""max_force_eV_A"": 0.07581031307137327, ""name"": ""bfgs_after_fire"", ""start_geometry_sha256"": ""2fa8c69ed4aa170af697d010e8952edf79fce3d4399860a91bd4b5897fac2b46"", ""steps"": 142}]",41db2cd7d26846d81e437fd1ca9a483b334fbeb878c9422ad44f14e760edf469,-1.580951866954565,True,0.06972704254492933,89.0,100.0,0.08,converged,,bfgs_standard,"[{""ase_converged"": true, ""converged"": true, ""end_geometry_sha256"": ""5c10348ec0788eb654c4d7a268565b308397d0b5e4fa17f3b8f7e66398207c98"", ""failure_class"": null, ""max_force_eV_A"": 0.06972704254492933, ""name"": ""bfgs_standard"", ""start_geometry_sha256"": ""2a1b5d3a170f858b19472380ffbc0c7bf09fa2cb5910c6bdeb01214c5ca38203"", ""steps"": 89}]",5c10348ec0788eb654c4d7a268565b308397d0b5e4fa17f3b8f7e66398207c98,2.8216981060802686,True,0.05932826973133038,51.0,100.0,0.08,converged,,bfgs_standard,"[{""ase_converged"": true, ""converged"": true, ""end_geometry_sha256"": ""9384f2fefa2ff06f8bfca5a5d4b94acf3a4bb83492c5b915750023155617c0e0"", ""failure_class"": null, ""max_force_eV_A"": 0.05932826973133038, ""name"": ""bfgs_standard"", ""start_geometry_sha256"": ""f38fd3c0a6ffb0228cdf93234b7b93a79789be75a0ecba78eef300084d95eb67"", ""steps"": 51}]",9384f2fefa2ff06f8bfca5a5d4b94acf3a4bb83492c5b915750023155617c0e0,3.731736610829805,2.809951866954565,step_4_H2O,8.0,0.0,True,4.402649973034833,0.740000000035,False,quantitative_screening,2,2,56f93b1922efc07cc127,False,
"('Spinel', 'Mn', 'Co', 'W', 'nanoparticle', 'N-CNT')",Spinel,True,esen-sm-conserving-all-oc25:relax-v4:orr-che-v3,True,0.06799005882141003,146,150,0.08,converged,,bfgs_standard,"[{""ase_converged"": true, ""converged"": true, ""end_geometry_sha256"": ""8f979efbbb83ad67a183e975d309104c6e875cea67de8aea273bf74bb29f69aa"", ""failure_class"": null, ""max_force_eV_A"": 0.06799005882141003, ""name"": ""bfgs_standard"", ""start_geometry_sha256"": ""d83b5342a0ed1b5d4f3ba3c2cc2470ca5c8f019810b961e79526d9f2822adf01"", ""steps"": 146}]",8f979efbbb83ad67a183e975d309104c6e875cea67de8aea273bf74bb29f69aa,-366.11632666127394,True,0.05561497017524548,31.0,100.0,0.08,converged,,bfgs_standard,"[{""ase_converged"": true, ""converged"": true, ""end_geometry_sha256"": ""05b9d1b67c2675918a0a594964c7918eba031ab944489d178940c79b678e0c61"", ""failure_class"": null, ""max_force_eV_A"": 0.05561497017524548, ""name"": ""bfgs_standard"", ""start_geometry_sha256"": ""f1a5be3ead4b86b32e6b1981bcde88cf4b91c0a71a91553107a59d975893e6f6"", ""steps"": 31}]",05b9d1b67c2675918a0a594964c7918eba031ab944489d178940c79b678e0c61,-0.4886400078237057,True,0.0703486351933118,57.0,100.0,0.08,converged,,bfgs_standard,"[{""ase_converged"": true, ""converged"": true, ""end_geometry_sha256"": ""8ef494649bf8666def3a2c854ee4d95216d5220186cd38e9e9a92717e861eade"", ""failure_class"": null, ""max_force_eV_A"": 0.0703486351933118, ""name"": ""bfgs_standard"", ""start_geometry_sha256"": ""fb5f88aad6364304347ba90259a67c7f1d33a1ca9a97e5f54039a8cc670a25b9"", ""steps"": 57}]",8ef494649bf8666def3a2c854ee4d95216d5220186cd38e9e9a92717e861eade,0.22158328369257346,True,0.07937724774669067,51.0,100.0,0.08,converged,,bfgs_standard,"[{""ase_converged"": true, ""converged"": true, ""end_geometry_sha256"": ""e029309ce91aa31ec92f7bcdcd56b62c4fc0da7a841904e75ef108a9f483c2b3"", ""failure_class"": null, ""max_force_eV_A"": 0.07937724774669067, ""name"": ""bfgs_standard"", ""start_geometry_sha256"": ""f366140d73488d56097b32c75ae3a1d1833a6542730ce33295f4699a9f4bd83a"", ""steps"": 51}]",e029309ce91aa31ec92f7bcdcd56b62c4fc0da7a841904e75ef108a9f483c2b3,2.7768454059958207,1.7176400078237057,step_4_H2O,8.0,0.0,True,0.7102232915162792,0.740000000035,False,quantitative_screening,0,0,6eb713f08a2ec30cce8d,False,
"('Spinel', 'Mn', 'Co', 'W', 'mesoporous', 'N-graphene')",Spinel,True,esen-sm-conserving-all-oc25:relax-v4:orr-che-v3,True,0.07039043239794782,349,150,0.08,converged,,bfgs_after_fire,"[{""ase_converged"": false, ""converged"": false, ""end_geometry_sha256"": ""0372e6493c9d8f6d870f1d2227352153a65381cefba51d58ec6d55f121ce077a"", ""failure_class"": ""force_threshold"", ""max_force_eV_A"": 0.13329180943457783, ""name"": ""bfgs_standard"", ""start_geometry_sha256"": ""174e84f57591aa48e1c9c8b58f33fd177c616a5ee7bbc4a6b0638ec7d9833575"", ""steps"": 150}, {""ase_converged"": false, ""converged"": false, ""end_geometry_sha256"": ""329d75b91fe4e151db4897a81eebddde87baa4484f2fbe85e08494aa5fa30eb4"", ""failure_class"": ""force_threshold"", ""max_force_eV_A"": 1.1159269049958993, ""name"": ""fire_precondition"", ""qualifying"": false, ""start_geometry_sha256"": ""174e84f57591aa48e1c9c8b58f33fd177c616a5ee7bbc4a6b0638ec7d9833575"", ""steps"": 75}, {""ase_converged"": true, ""converged"": true, ""end_geometry_sha256"": ""4d4a06855834c8df172587295a5da8e820738f08be461104de65c70a61532564"", ""failure_class"": null, ""max_force_eV_A"": 0.07039043239794782, ""name"": ""bfgs_after_fire"", ""start_geometry_sha256"": ""329d75b91fe4e151db4897a81eebddde87baa4484f2fbe85e08494aa5fa30eb4"", ""steps"": 124}]",4d4a06855834c8df172587295a5da8e820738f08be461104de65c70a61532564,-357.62627617062935,True,0.0777237342541665,44.0,100.0,0.08,converged,,bfgs_standard,"[{""ase_converged"": true, ""converged"": true, ""end_geometry_sha256"": ""a2582bd1b94e7c0d4752d4e66905b7bafba4decb712b29d29e8a45481a462dd6"", ""failure_class"": null, ""max_force_eV_A"": 0.0777237342541665, ""name"": ""bfgs_standard"", ""start_geometry_sha256"": ""3e68b149061c59130d7b37f78f5ebaf92c8c157edddd7f0c0930c33fff0474a2"", ""steps"": 44}]",a2582bd1b94e7c0d4752d4e66905b7bafba4decb712b29d29e8a45481a462dd6,-0.5213853691518306,True,0.06045683516038894,34.0,100.0,0.08,converged,,bfgs_standard,"[{""ase_converged"": true, ""converged"": true, ""end_geometry_sha256"": ""746a456801ba9ba1913e5542f7cd61bc4d161fcce29f27b22ebe9d2668d4e754"", ""failure_class"": null, ""max_force_eV_A"": 0.06045683516038894, ""name"": ""bfgs_standard"", ""start_geometry_sha256"": ""2bf09bb86405b1daec0d3a2a1d8900638aa3ff17cb5c341665b0c5980e8287a0"", ""steps"": 34}]",746a456801ba9ba1913e5542f7cd61bc4d161fcce29f27b22ebe9d2668d4e754,-0.22740658447160272,True,0.07369661033806783,64.0,100.0,0.08,converged,,bfgs_standard,"[{""ase_converged"": true, ""converged"": true, ""end_geometry_sha256"": ""62c793fbf89237f4dcf38dceaf6142f0520c8d244f401522307ecb8acc726e35"", ""failure_class"": null, ""max_force_eV_A"": 0.07369661033806783, ""name"": ""bfgs_standard"", ""start_geometry_sha256"": ""1869ff940478dbb13a55078aece309a1fc32e52f56954ffb8490109f055054dd"", ""steps"": 64}]",62c793fbf89237f4dcf38dceaf6142f0520c8d244f401522307ecb8acc726e35,0.4398741230368366,1.7503853691518307,step_4_H2O,8.0,0.0,True,0.7487919536234333,0.740000000035,False,quantitative_screening,0,0,6f583a697cd9980c1a8b,False,
"('Spinel', 'Mn', 'Co', 'None', 'hollow_sphere', 'N-CNT')",Spinel,True,esen-sm-conserving-all-oc25:relax-v4:orr-che-v3,True,0.07439517247816542,385,150,0.08,converged,,bfgs_after_fire,"[{""ase_converged"": false, ""converged"": false, ""end_geometry_sha256"": ""7fa48b5a49b888a41ef6863de3727bd635052fbaa60301878d52fbca4377d0ef"", ""failure_class"": ""force_threshold"", ""max_force_eV_A"": 0.3913095045873838, ""name"": ""bfgs_standard"", ""start_geometry_sha256"": ""fac3e145743cbf83674457e10d026dd835ca140bc28bbf68963280f99a242841"", ""steps"": 150}, {""ase_converged"": false, ""converged"": false, ""end_geometry_sha256"": ""e28f19843d770442e256ac18f39ef55a78fc030b230ed7f461602e735fa4ac04"", ""failure_class"": ""force_threshold"", ""max_force_eV_A"": 0.7980081775978617, ""name"": ""fire_precondition"", ""qualifying"": false, ""start_geometry_sha256"": ""fac3e145743cbf83674457e10d026dd835ca140bc28bbf68963280f99a242841"", ""steps"": 75}, {""ase_converged"": true, ""converged"": true, ""end_geometry_sha256"": ""44e8d2f20f5643193b25ce4e75ba0ae0fa54f3f0c5cade141b52d21658dd1c8c"", ""failure_class"": null, ""max_force_eV_A"": 0.07439517247816542, ""name"": ""bfgs_after_fire"", ""start_geometry_sha256"": ""e28f19843d770442e256ac18f39ef55a78fc030b230ed7f461602e735fa4ac04"", ""steps"": 160}]",44e8d2f20f5643193b25ce4e75ba0ae0fa54f3f0c5cade141b52d21658dd1c8c,-349.49399919265744,True,0.07987967216405276,55.0,100.0,0.08,converged,,bfgs_standard,"[{""ase_converged"": true, ""converged"": true, ""end_geometry_sha256"": ""4aa2ba7fc9acc5edb68a6ad59510b0c28a1ca8e26c34be03268f27c6b6867819"", ""failure_class"": null, ""max_force_eV_A"": 0.07987967216405276, ""name"": ""bfgs_standard"", ""start_geometry_sha256"": ""e808f5b56e46fa820482cb8bfa76fee32f1c0aaa09d843f23beac4c8f24f2dc7"", ""steps"": 55}]",4aa2ba7fc9acc5edb68a6ad59510b0c28a1ca8e26c34be03268f27c6b6867819,0.7615926887093838,True,0.06890535172806378,75.0,100.0,0.08,converged,,bfgs_standard,"[{""ase_converged"": true, ""converged"": true, ""end_geometry_sha256"": ""74916d1c8d054e254852bc6a3e87c1c8e7cb6d8cd735e13e61e57d5c7577c85b"", ""failure_class"": null, ""max_force_eV_A"": 0.06890535172806378, ""name"": ""bfgs_standard"", ""start_geometry_sha256"": ""a59bf6ffd15224aa6b5e7bbd9cf09efb0bbc820852e1ae54648e90fece638be5"", ""steps"": 75}]",74916d1c8d054e254852bc6a3e87c1c8e7cb6d8cd735e13e61e57d5c7577c85b,2.559161103516792,True,0.07621004129435924,90.0,100.0,0.08,converged,,bfgs_standard,"[{""ase_converged"": true, ""converged"": true, ""end_geometry_sha256"": ""1144b0cbffee94ea98a85c0384aa112c732aac9459c58604e68cc10837352c65"", ""failure_class"": null, ""max_force_eV_A"": 0.07621004129435924, ""name"": ""bfgs_standard"", ""start_geometry_sha256"": ""50836cbf3d94dec74116c72104287a376be68ef054db1b2e4cf944284f50c375"", ""steps"": 90}]",1144b0cbffee94ea98a85c0384aa112c732aac9459c58604e68cc10837352c65,3.5763411030172483,0.4674073112906163,step_4_H2O,8.0,0.0,True,3.320753792226176,0.740000000035,False,quantitative_screening,1,1,208023f3a1e0bfc1c66f,False,
"('Spinel', 'Mn', 'Mn', 'La', 'nanosheet', 'none')",Spinel,True,esen-sm-conserving-all-oc25:relax-v4:orr-che-v3,True,0.07762268105326632,94,150,0.08,converged,,bfgs_standard,"[{""ase_converged"": true, ""converged"": true, ""end_geometry_sha256"": ""6ce8067e830e0bf493b5dc880752896e8306ebb11c04ad03daed6a833ba3bbd3"", ""failure_class"": null, ""max_force_eV_A"": 0.07762268105326632, ""name"": ""bfgs_standard"", ""start_geometry_sha256"": ""ae48ee70cb65570c3d5f7f04ca8e7ac7e30bfca484256f4852c64ca23469b3fb"", ""steps"": 94}]",6ce8067e830e0bf493b5dc880752896e8306ebb11c04ad03daed6a833ba3bbd3,-411.402238609616,True,0.07687729305728476,214.0,100.0,0.08,converged,,bfgs_after_fire,"[{""ase_converged"": false, ""converged"": false, ""end_geometry_sha256"": ""e0989d5d10b207ecb02d1ac9ca3fb38628567f2726b0d01920ebe9eaedfdae18"", ""failure_class"": ""force_threshold"", ""max_force_eV_A"": 0.25113828160658813, ""name"": ""bfgs_standard"", ""start_geometry_sha256"": ""4b11faf96a533d8fa37279d487757d082cf1981d074a3d92eb04df34582fc19f"", ""steps"": 100}, {""ase_converged"": true, ""converged"": true, ""end_geometry_sha256"": ""d08330b9742a1c2b1b0ad00ea759ce5dd9cdd62039ff7a25a744ef880176780d"", ""failure_class"": null, ""max_force_eV_A"": 0.1867462278246166, ""name"": ""fire_precondition"", ""qualifying"": false, ""start_geometry_sha256"": ""4b11faf96a533d8fa37279d487757d082cf1981d074a3d92eb04df34582fc19f"", ""steps"": 45}, {""ase_converged"": true, ""converged"": true, ""end_geometry_sha256"": ""231a5e855ac26588903c9500989f2ea12872e0a560f3868213bb46e61a8c6305"", ""failure_class"": null, ""max_force_eV_A"": 0.07687729305728476, ""name"": ""bfgs_after_fire"", ""start_geometry_sha256"": ""d08330b9742a1c2b1b0ad00ea759ce5dd9cdd62039ff7a25a744ef880176780d"", ""steps"": 69}]",231a5e855ac26588903c9500989f2ea12872e0a560f3868213bb46e61a8c6305,-0.6024433945119381,True,0.07953587688919947,39.0,100.0,0.08,converged,,bfgs_standard,"[{""ase_converged"": true, ""converged"": true, ""end_geometry_sha256"": ""af228fc4355989203ac0779597a5f7833d297c4a9e40c6edc3ebe7645ab474f2"", ""failure_class"": null, ""max_force_eV_A"": 0.07953587688919947, ""name"": ""bfgs_standard"", ""start_geometry_sha256"": ""3f5326c45cd637a3771f64eac0ffc6258db64a19e0ca9e733d94d8da897d2658"", ""steps"": 39}]",af228fc4355989203ac0779597a5f7833d297c4a9e40c6edc3ebe7645ab474f2,1.7365047104656448,True,0.07302504131662163,96.0,100.0,0.08,converged,,bfgs_standard,"[{""ase_converged"": true, ""converged"": true, ""end_geometry_sha256"": ""f4309526ad964a1f8ee610759ecb30b3585124e2e09ece32118b7672bb71969a"", ""failure_class"": null, ""max_force_eV_A"": 0.07302504131662163, ""name"": ""bfgs_standard"", ""start_geometry_sha256"": ""9276359fbd34d04fb5330c1fd2027eee728c10c7b42b7e8ec9ce3403914d3ed5"", ""steps"": 96}]",f4309526ad964a1f8ee610759ecb30b3585124e2e09ece32118b7672bb71969a,2.5306903824209916,1.8314433945119382,step_4_H2O,8.0,0.0,True,2.338948104977583,0.6852014328916924,False,quantitative_screening,2,2,8b11ce2eea87d858acdc,False,
"('Spinel', 'Mn', 'Mn', 'Mo', 'nanorod', 'none')",Spinel,True,esen-sm-conserving-all-oc25:relax-v4:orr-che-v3,True,0.07691723936597075,55,150,0.08,converged,,bfgs_standard,"[{""ase_converged"": true, ""converged"": true, ""end_geometry_sha256"": ""41d85eaedd0f0bf50287ad01d626b430979ae30847c79a81511155665457c426"", ""failure_class"": null, ""max_force_eV_A"": 0.07691723936597075, ""name"": ""bfgs_standard"", ""start_geometry_sha256"": ""36e8c3f3b6aac323c25bc8ce7e9186c5992338eef5dacbb301e147d9f9ced463"", ""steps"": 55}]",41d85eaedd0f0bf50287ad01d626b430979ae30847c79a81511155665457c426,-406.0446444859522,True,0.07616539021599894,41.0,100.0,0.08,converged,,bfgs_standard,"[{""ase_converged"": true, ""converged"": true, ""end_geometry_sha256"": ""08dd478090a6d9cc4a22153ce0195a3f1c6da92fbdc9918ccc88d65e38f8630d"", ""failure_class"": null, ""max_force_eV_A"": 0.07616539021599894, ""name"": ""bfgs_standard"", ""start_geometry_sha256"": ""e14999fea7bd570c3b02dfdecae769df0393ececc5d0e1eae5e4f44f0ccdd57c"", ""steps"": 41}]",08dd478090a6d9cc4a22153ce0195a3f1c6da92fbdc9918ccc88d65e38f8630d,0.5072305823862553,True,0.06647596484186687,59.0,100.0,0.08,converged,,bfgs_standard,"[{""ase_converged"": true, ""converged"": true, ""end_geometry_sha256"": ""96a2d70d26a1ffc20ff687b483d4a1e4efe4d703d691710b21383ca01227d831"", ""failure_class"": null, ""max_force_eV_A"": 0.06647596484186687, ""name"": ""bfgs_standard"", ""start_geometry_sha256"": ""b7da9858958b5d9a7f3074d68cfc3344264ce4ddd55fe3bb77127f49016a6e7e"", ""steps"": 59}]",96a2d70d26a1ffc20ff687b483d4a1e4efe4d703d691710b21383ca01227d831,-0.07585819885137184,True,0.06887261357498352,80.0,100.0,0.08,converged,,bfgs_standard,"[{""ase_converged"": true, ""converged"": true, ""end_geometry_sha256"": ""a50126783b6e82e873e29778b49b5f566fe7c80894ca3df9469d3f540754878e"", ""failure_class"": null, ""max_force_eV_A"": 0.06887261357498352, ""name"": ""bfgs_standard"", ""start_geometry_sha256"": ""e6831c45395918e23dfd7a8f1d37ea5fb5d37cabc21a39d7869dadb099a60d66"", ""steps"": 80}]",a50126783b6e82e873e29778b49b5f566fe7c80894ca3df9469d3f540754878e,0.4730624660849323,1.8120887812376272,step_3_OH,8.0,0.0,True,0.5830887812376271,0.740000000035,False,quantitative_screening,0,0,d81904aae3edbc315dae,False,
"('Spinel', 'Mn', 'Mn', 'Zr', 'nanoparticle', 'N-CNT')",Spinel,True,esen-sm-conserving-all-oc25:relax-v4:orr-che-v3,True,0.061733768692841244,137,150,0.08,converged,,bfgs_standard,"[{""ase_converged"": true, ""converged"": true, ""end_geometry_sha256"": ""97c9077fe64a55a94a60a321686e953f465586e71f657cc9bcc6ba622191ac32"", ""failure_class"": null, ""max_force_eV_A"": 0.061733768692841244, ""name"": ""bfgs_standard"", ""start_geometry_sha256"": ""2799ac7ce1ba868f6e02bfdb1a8228d624e704bb1c7a52390cb31f99e812cb46"", ""steps"": 137}]",97c9077fe64a55a94a60a321686e953f465586e71f657cc9bcc6ba622191ac32,-409.1511668959666,True,0.06705700709328119,45.0,100.0,0.08,converged,,bfgs_standard,"[{""ase_converged"": true, ""converged"": true, ""end_geometry_sha256"": ""9d12d6ac7e6810188cf29dc1effd3eaace5d7fbff002d496675becd4df1e04dc"", ""failure_class"": null, ""max_force_eV_A"": 0.06705700709328119, ""name"": ""bfgs_standard"", ""start_geometry_sha256"": ""63d48e96ce702cb833f98ce9d5530698c0d9b011b381547f20c52279631f74f3"", ""steps"": 45}]",9d12d6ac7e6810188cf29dc1effd3eaace5d7fbff002d496675becd4df1e04dc,-0.0796272133290768,True,0.06977988191228526,65.0,100.0,0.08,converged,,bfgs_standard,"[{""ase_converged"": true, ""converged"": true, ""end_geometry_sha256"": ""c1ed943afefaad5d4ffc84f2156d7b880a8c28b538d62489d26a3abbd5366455"", ""failure_class"": null, ""max_force_eV_A"": 0.06977988191228526, ""name"": ""bfgs_standard"", ""start_geometry_sha256"": ""dd6a32a20dd5c00ff6f7c0a877a513d68fc08135c4fc7c0c2344a90ffbf10bcf"", ""steps"": 65}]",c1ed943afefaad5d4ffc84f2156d7b880a8c28b538d62489d26a3abbd5366455,0.0461959011853061,True,0.07977987331439854,45.0,100.0,0.08,converged,,bfgs_standard,"[{""ase_converged"": true, ""converged"": true, ""end_geometry_sha256"": ""9c4e50421e7c60e1e573164f434516ab65ab6a16c882bc72ad8c4e11d21eadc3"", ""failure_class"": null, ""max_force_eV_A"": 0.07977987331439854, ""name"": ""bfgs_standard"", ""start_geometry_sha256"": ""8b47188b18441f8513a52b8cb93d152f41dd45cfb42bbc5322506983e1eb4984"", ""steps"": 45}]",9c4e50421e7c60e1e573164f434516ab65ab6a16c882bc72ad8c4e11d21eadc3,2.552638481557401,1.3086272133290768,step_4_H2O,8.0,0.0,True,0.12582311451438288,0.740000000035,False,quantitative_screening,0,0,3f9ea196da999f1d0f63,False,
"('Spinel', 'Mn', 'Mn', 'Zr', 'mesoporous', 'N-graphene')",Spinel,True,esen-sm-conserving-all-oc25:relax-v4:orr-che-v3,True,0.07818942253736201,61,150,0.08,converged,,bfgs_standard,"[{""ase_converged"": true, ""converged"": true, ""end_geometry_sha256"": ""c1ba55bcdf056698a7e25760fd68ae09412f3ffb57312ba6f5caa59036498d14"", ""failure_class"": null, ""max_force_eV_A"": 0.07818942253736201, ""name"": ""bfgs_standard"", ""start_geometry_sha256"": ""c1ad605a3e548ef825d7ead5d020a6be932929d8ac40900cd6e994117a8a9246"", ""steps"": 61}]",c1ba55bcdf056698a7e25760fd68ae09412f3ffb57312ba6f5caa59036498d14,-398.1624830206174,True,0.0775027812061806,53.0,100.0,0.08,converged,,bfgs_standard,"[{""ase_converged"": true, ""converged"": true, ""end_geometry_sha256"": ""2f8b934791db64340b395443b74c77599a2e524ca0bfac9f48027a7773dd00f7"", ""failure_class"": null, ""max_force_eV_A"": 0.0775027812061806, ""name"": ""bfgs_standard"", ""start_geometry_sha256"": ""96b2d9e8fbe8e6950f19cb3c0fc0c62b538e4fa8a8b4bfbe1af38d689cdbf095"", ""steps"": 53}]",2f8b934791db64340b395443b74c77599a2e524ca0bfac9f48027a7773dd00f7,-0.5699760292471023,True,0.07910164234542486,63.0,100.0,0.08,converged,,bfgs_standard,"[{""ase_converged"": true, ""converged"": true, ""end_geometry_sha256"": ""351e70b33735dee1bfce0b1e5fd55924b98a741bb911cf7361d339e8d3c7dc05"", ""failure_class"": null, ""max_force_eV_A"": 0.07910164234542486, ""name"": ""bfgs_standard"", ""start_geometry_sha256"": ""8b435df51c5541bbc6b4b4961683968f1441b92bbef8503a083c1ce03f6d7918"", ""steps"": 63}]",351e70b33735dee1bfce0b1e5fd55924b98a741bb911cf7361d339e8d3c7dc05,0.9476813443004837,True,0.0773418187682495,223.0,100.0,0.08,converged,,bfgs_after_fire,"[{""ase_converged"": false, ""converged"": false, ""end_geometry_sha256"": ""64bf86f51a482ad45bfd59634441bf3ebec1f54be9305877c5e0a3de7c218688"", ""failure_class"": ""force_threshold"", ""max_force_eV_A"": 0.8466903654022585, ""name"": ""bfgs_standard"", ""start_geometry_sha256"": ""efb3f789c64587a1a335189acf3fd0038e54e2e74ffee1775f0b276fc9dbdfed"", ""steps"": 100}, {""ase_converged"": false, ""converged"": false, ""end_geometry_sha256"": ""30928feceadec459c22a7c1c619f836e1ad89b32aea27edeca337cb2ddd1efc1"", ""failure_class"": ""force_threshold"", ""max_force_eV_A"": 1.9212742381713026, ""name"": ""fire_precondition"", ""qualifying"": false, ""start_geometry_sha256"": ""efb3f789c64587a1a335189acf3fd0038e54e2e74ffee1775f0b276fc9dbdfed"", ""steps"": 50}, {""ase_converged"": true, ""converged"": true, ""end_geometry_sha256"": ""fd51f7886dc98bffbe1c310fb2685cf303c15ff60c1403cd5f1dffb2a452e6d2"", ""failure_class"": null, ""max_force_eV_A"": 0.0773418187682495, ""name"": ""bfgs_after_fire"", ""start_geometry_sha256"": ""30928feceadec459c22a7c1c619f836e1ad89b32aea27edeca337cb2ddd1efc1"", ""steps"": 73}]",fd51f7886dc98bffbe1c310fb2685cf303c15ff60c1403cd5f1dffb2a452e6d2,-0.4669280543923626,2.6436093986928464,step_2_O,8.0,0.0,True,1.517657373547586,0.740000000035,False,quantitative_screening,1,1,797796599ce1c89c670b,False,
"('Spinel', 'Mn', 'Fe', 'Ce', 'hollow_sphere', 'N-CNT')",Spinel,True,esen-sm-conserving-all-oc25:relax-v4:orr-che-v3,True,0.07537261340203497,308,150,0.08,converged,,bfgs_after_fire,"[{""ase_converged"": false, ""converged"": false, ""end_geometry_sha256"": ""45d17e0b3db8cbd7ebffa50086637d49a3bc11a419ea2ba125d19883a21d4941"", ""failure_class"": ""force_threshold"", ""max_force_eV_A"": 0.9128991384812308, ""name"": ""bfgs_standard"", ""start_geometry_sha256"": ""c05fdee4648da57d70faa895b344b6e49a90fedabf31f213d7e921529cd394f6"", ""steps"": 150}, {""ase_converged"": false, ""converged"": false, ""end_geometry_sha256"": ""0078762cb0586bb3e70ad854449cbb5c674f19101b5dfe638a3cb5a825a2640b"", ""failure_class"": ""force_threshold"", ""max_force_eV_A"": 1.3432263712527617, ""name"": ""fire_precondition"", ""qualifying"": false, ""start_geometry_sha256"": ""c05fdee4648da57d70faa895b344b6e49a90fedabf31f213d7e921529cd394f6"", ""steps"": 75}, {""ase_converged"": true, ""converged"": true, ""end_geometry_sha256"": ""c2a63e97c9422e3d3b7f0d59c6f247572c69a3666f29d4e5915de6c3b5e5b406"", ""failure_class"": null, ""max_force_eV_A"": 0.07537261340203497, ""name"": ""bfgs_after_fire"", ""start_geometry_sha256"": ""0078762cb0586bb3e70ad854449cbb5c674f19101b5dfe638a3cb5a825a2640b"", ""steps"": 83}]",c2a63e97c9422e3d3b7f0d59c6f247572c69a3666f29d4e5915de6c3b5e5b406,-375.95515684113064,True,0.07497436842618899,52.0,100.0,0.08,converged,,bfgs_standard,"[{""ase_converged"": true, ""converged"": true, ""end_geometry_sha256"": ""26341daeb27736150042bb07183bdb31ae148649bb8421af629dfd6486700692"", ""failure_class"": null, ""max_force_eV_A"": 0.07497436842618899, ""name"": ""bfgs_standard"", ""start_geometry_sha256"": ""41f0b38013e4cb5a9734a258209ad643009586e36b6518db45a6e76d33300286"", ""steps"": 52}]",26341daeb27736150042bb07183bdb31ae148649bb8421af629dfd6486700692,-0.03542154774075473,True,0.06943419777891455,42.0,100.0,0.08,converged,,bfgs_standard,"[{""ase_converged"": true, ""converged"": true, ""end_geometry_sha256"": ""79c5da93d566f467c8a083b27dc32a3f12cb764926b8fcd250f39288a428446f"", ""failure_class"": null, ""max_force_eV_A"": 0.06943419777891455, ""name"": ""bfgs_standard"", ""start_geometry_sha256"": ""3551959b23a72ec55d771811d2e230553f444ae759bc8781e49e215c71625eb0"", ""steps"": 42}]",79c5da93d566f467c8a083b27dc32a3f12cb764926b8fcd250f39288a428446f,0.1533288128673213,True,0.07591334286481924,57.0,100.0,0.08,converged,,bfgs_standard,"[{""ase_converged"": true, ""converged"": true, ""end_geometry_sha256"": ""8a29e21c0b809a3a172669fddad409f274612c4ac6d9c22fdd40d0a7dec38efb"", ""failure_class"": null, ""max_force_eV_A"": 0.07591334286481924, ""name"": ""bfgs_standard"", ""start_geometry_sha256"": ""c1d1d98936f3821e1b09b9f7091bb8ad86e4cecc46df5dbe4810729b831c27d0"", ""steps"": 57}]",8a29e21c0b809a3a172669fddad409f274612c4ac6d9c22fdd40d0a7dec38efb,1.1386332020162717,1.2644215477407548,step_4_H2O,6.0,0.0,True,0.18875036060807604,0.6852014328916924,False,quantitative_screening,2,2,d6dc2baa6376e29a73a1,False,
"('MXene', 'V', 'C', 3, 'F', 'Pd')",MXene,True,esen-sm-conserving-all-oc25:relax-v4:orr-che-v3,True,0.07036127751539749,61,150,0.08,converged,,bfgs_standard,"[{""ase_converged"": true, ""converged"": true, ""end_geometry_sha256"": ""5b1a3525997cd52731d8a0e6c2700cc0c57b8c3e69ad6b775b3b23499d8ae553"", ""failure_class"": null, ""max_force_eV_A"": 0.07036127751539749, ""name"": ""bfgs_standard"", ""start_geometry_sha256"": ""e4298580467498a4fe2a8bf186ab2dd6a743abc68ae96b1ee39c38ae8d99ee51"", ""steps"": 61}]",5b1a3525997cd52731d8a0e6c2700cc0c57b8c3e69ad6b775b3b23499d8ae553,-317.77300290615204,True,0.07306898098311121,31.0,100.0,0.08,converged,,bfgs_standard,"[{""ase_converged"": true, ""converged"": true, ""end_geometry_sha256"": ""9092bbc83cc3e5c7bff3d072a87f295f12dd3ed20c9d2d6326c000fb3bb85b90"", ""failure_class"": null, ""max_force_eV_A"": 0.07306898098311121, ""name"": ""bfgs_standard"", ""start_geometry_sha256"": ""67e3845eb0a741ea5d2ec73bbf0c430eb5b9681c5df475afe096b7e7357bdda9"", ""steps"": 31}]",9092bbc83cc3e5c7bff3d072a87f295f12dd3ed20c9d2d6326c000fb3bb85b90,-1.5774156425893306,True,0.060355151041028496,19.0,100.0,0.08,converged,,bfgs_standard,"[{""ase_converged"": true, ""converged"": true, ""end_geometry_sha256"": ""195c9f9fb6c6a74a84f813cdf54b0b803dbedb17612b21fd68258888258effcc"", ""failure_class"": null, ""max_force_eV_A"": 0.060355151041028496, ""name"": ""bfgs_standard"", ""start_geometry_sha256"": ""e539a130cfe598d4e3b44605f5c05b910c4e2979cb6faae48abf871592aa9dc7"", ""steps"": 19}]",195c9f9fb6c6a74a84f813cdf54b0b803dbedb17612b21fd68258888258effcc,-2.162072264403073,True,0.07064500970026821,269.0,100.0,0.08,converged,,bfgs_after_fire,"[{""ase_converged"": false, ""converged"": false, ""end_geometry_sha256"": ""b853401b0ad6d1644210b5d047c894d943f93f638d1724b4bc6caf28c61404f2"", ""failure_class"": ""force_threshold"", ""max_force_eV_A"": 0.7874158295364371, ""name"": ""bfgs_standard"", ""start_geometry_sha256"": ""b092bed5b5c8916018130a79ec856c1d0ebd289400ff001d8aa4c1b0ada2a70a"", ""steps"": 100}, {""ase_converged"": false, ""converged"": false, ""end_geometry_sha256"": ""8beec7f9a3451eab3ddd632ef867e58d159fe3ee32a595b34233adf24880288f"", ""failure_class"": ""force_threshold"", ""max_force_eV_A"": 0.7893029101928151, ""name"": ""fire_precondition"", ""qualifying"": false, ""start_geometry_sha256"": ""b092bed5b5c8916018130a79ec856c1d0ebd289400ff001d8aa4c1b0ada2a70a"", ""steps"": 50}, {""ase_converged"": true, ""converged"": true, ""end_geometry_sha256"": ""2687df2c8250f35d2c2c6f1d057db7e1b384467e66ac3f059a240ae07a6db43b"", ""failure_class"": null, ""max_force_eV_A"": 0.07064500970026821, ""name"": ""bfgs_after_fire"", ""start_geometry_sha256"": ""8beec7f9a3451eab3ddd632ef867e58d159fe3ee32a595b34233adf24880288f"", ""steps"": 119}]",2687df2c8250f35d2c2c6f1d057db7e1b384467e66ac3f059a240ae07a6db43b,-7.3047776713967,3.0,step_2_O,9.0,-1.744727494896694,True,3.7394879069924034,0.675000000035,False,quantitative_screening,0,0,cec5211df6e20c45e61b,False,
"('MXene', 'V', 'C', 3, 'mixed_OH_F', 'Co')",MXene,True,esen-sm-conserving-all-oc25:relax-v4:orr-che-v3,True,0.06794771282777418,101,150,0.08,converged,,bfgs_standard,"[{""ase_converged"": true, ""converged"": true, ""end_geometry_sha256"": ""9b49dfbb844df72a74eef28aaaaef2de9296a9acb864f4ddd1cce7908b40c664"", ""failure_class"": null, ""max_force_eV_A"": 0.06794771282777418, ""name"": ""bfgs_standard"", ""start_geometry_sha256"": ""6530aa12dbf7c963e7c32fe2acd3fd9241aa30bda16f58a15d68cde088f13e63"", ""steps"": 101}]",9b49dfbb844df72a74eef28aaaaef2de9296a9acb864f4ddd1cce7908b40c664,-333.46629841690793,True,0.07810689066649507,51.0,100.0,0.08,converged,,bfgs_standard,"[{""ase_converged"": true, ""converged"": true, ""end_geometry_sha256"": ""6a981a3b428eb634d9b14ff95b297e75ea8c2f5784b2dbba0143f97fb1c27f70"", ""failure_class"": null, ""max_force_eV_A"": 0.07810689066649507, ""name"": ""bfgs_standard"", ""start_geometry_sha256"": ""18ec827d616e28a5fc98ade2558538e2f23d089865f32838f10fdd1347d0c780"", ""steps"": 51}]",6a981a3b428eb634d9b14ff95b297e75ea8c2f5784b2dbba0143f97fb1c27f70,-2.136116204112768,True,0.0647682884661357,73.0,100.0,0.08,converged,,bfgs_standard,"[{""ase_converged"": true, ""converged"": true, ""end_geometry_sha256"": ""d11e4c18337cfbdab3081049fa9418c5fde7fe22d449f447fd8465edb5c528c0"", ""failure_class"": null, ""max_force_eV_A"": 0.0647682884661357, ""name"": ""bfgs_standard"", ""start_geometry_sha256"": ""7e3614900bb9b2feab83ee400b4073cb2c57777a4f40347a9649d63b3e7def9d"", ""steps"": 73}]",d11e4c18337cfbdab3081049fa9418c5fde7fe22d449f447fd8465edb5c528c0,-3.185551726072995,True,0.07593096026874002,39.0,100.0,0.08,converged,,bfgs_standard,"[{""ase_converged"": true, ""converged"": true, ""end_geometry_sha256"": ""f74dc2239c38c49d9b8a636bdec3bffbf53900b13ac3e5fb43bd2d3e2556f57f"", ""failure_class"": null, ""max_force_eV_A"": 0.07593096026874002, ""name"": ""bfgs_standard"", ""start_geometry_sha256"": ""7ab19f992142502e92cfc4f9b8421b19f13192b49df61fca7a723f0dbfdaea12"", ""steps"": 39}]",f74dc2239c38c49d9b8a636bdec3bffbf53900b13ac3e5fb43bd2d3e2556f57f,-3.4725747600197474,3.0,step_4_H2O,8.0,0.0,True,5.321667930185763,0.675000000035,False,quantitative_screening,1,1,7cfeab985bcbda953ba4,False,
"('MXene', 'V', 'N', 1, 'OH', 'Ni')",MXene,True,esen-sm-conserving-all-oc25:relax-v4:orr-che-v3,True,0.043241913159972944,22,150,0.08,converged,,bfgs_standard,"[{""ase_converged"": true, ""converged"": true, ""end_geometry_sha256"": ""9aee1b9df546cce3cce285c565839ead3283336c5bf9e2d5d4b5211afa2dba2c"", ""failure_class"": null, ""max_force_eV_A"": 0.043241913159972944, ""name"": ""bfgs_standard"", ""start_geometry_sha256"": ""601df950bbddf2dac4860683b8c8f5833d21618c9e42eb121988afb3ed09e258"", ""steps"": 22}]",9aee1b9df546cce3cce285c565839ead3283336c5bf9e2d5d4b5211afa2dba2c,-145.9705785034323,True,0.07115121204426529,25.0,100.0,0.08,converged,,bfgs_standard,"[{""ase_converged"": true, ""converged"": true, ""end_geometry_sha256"": ""4eeb9670bb3e13c26302e5343a81d49b1e66395a990dfef49d5b61917df81db2"", ""failure_class"": null, ""max_force_eV_A"": 0.07115121204426529, ""name"": ""bfgs_standard"", ""start_geometry_sha256"": ""1743fa6f5611c7946f4f213b3e82c60e53ebc9bd365dc46175d0d371f9fefd72"", ""steps"": 25}]",4eeb9670bb3e13c26302e5343a81d49b1e66395a990dfef49d5b61917df81db2,-2.596603569835424,True,0.07261288960689374,6.0,100.0,0.08,converged,,bfgs_standard,"[{""ase_converged"": true, ""converged"": true, ""end_geometry_sha256"": ""f85983e00a5a56167a75428ec1f60d5f9b77c6892d129cc48e5f5eb259f7523d"", ""failure_class"": null, ""max_force_eV_A"": 0.07261288960689374, ""name"": ""bfgs_standard"", ""start_geometry_sha256"": ""3803a8f39bb7d799ff488555d540e9a766ca54aa873b011d6c04b9c0b58d385c"", ""steps"": 6}]",f85983e00a5a56167a75428ec1f60d5f9b77c6892d129cc48e5f5eb259f7523d,-1.9864817492663824,True,0.05345613159640218,47.0,100.0,0.08,converged,,bfgs_standard,"[{""ase_converged"": true, ""converged"": true, ""end_geometry_sha256"": ""8a965d6b31ea0d966224ffc9726012df0cb3d4d448ba3ad61266d532c14aef43"", ""failure_class"": null, ""max_force_eV_A"": 0.05345613159640218, ""name"": ""bfgs_standard"", ""start_geometry_sha256"": ""e0ed4dad2847f7e08be375af0a5e5ac61039f16739ba8e0683222ef3a9240336"", ""steps"": 47}]",8a965d6b31ea0d966224ffc9726012df0cb3d4d448ba3ad61266d532c14aef43,-4.567118217051025,3.0,step_4_H2O,9.0,0.0,True,4.583085319101807,0.675000000035,False,quantitative_screening,2,2,f4c61672df118440a53c,False,
"('MXene', 'V', 'N', 1, 'O', 'Fe')",MXene,True,esen-sm-conserving-all-oc25:relax-v4:orr-che-v3,True,0.04466865932417805,22,150,0.08,converged,,bfgs_standard,"[{""ase_converged"": true, ""converged"": true, ""end_geometry_sha256"": ""9b67e3960d284d82069af9daa7c52b72a5a400cbadc391633a82f979f7c2683e"", ""failure_class"": null, ""max_force_eV_A"": 0.04466865932417805, ""name"": ""bfgs_standard"", ""start_geometry_sha256"": ""8af49640f83fc4a42002a6ec697c6545866ed6e8eaa41484668bdf5402251c01"", ""steps"": 22}]",9b67e3960d284d82069af9daa7c52b72a5a400cbadc391633a82f979f7c2683e,-142.9911755546547,True,0.0658338042492428,21.0,100.0,0.08,converged,,bfgs_standard,"[{""ase_converged"": true, ""converged"": true, ""end_geometry_sha256"": ""b2425ed268fd7cb3f414b0f39bd272f3efaa35cf749bb2f22557a737d2036a6f"", ""failure_class"": null, ""max_force_eV_A"": 0.0658338042492428, ""name"": ""bfgs_standard"", ""start_geometry_sha256"": ""2ddcba638f4df20ff4aa45bcf2e4b3809fb8107b17fee36ebe804151e8605b07"", ""steps"": 21}]",b2425ed268fd7cb3f414b0f39bd272f3efaa35cf749bb2f22557a737d2036a6f,-1.8399621818959713,True,0.06928711847711538,5.0,100.0,0.08,converged,,bfgs_standard,"[{""ase_converged"": true, ""converged"": true, ""end_geometry_sha256"": ""89fb722fa35c45f1416b7c5d756f131f3110f60d65b537bfe3d9a6848613c021"", ""failure_class"": null, ""max_force_eV_A"": 0.06928711847711538, ""name"": ""bfgs_standard"", ""start_geometry_sha256"": ""d140d916b853c8463fbaf22a93014bd1b18d70b9ec20f81d6ba8b8b613ad7ccb"", ""steps"": 5}]",89fb722fa35c45f1416b7c5d756f131f3110f60d65b537bfe3d9a6848613c021,-2.001668059080836,True,0.05846004577882439,60.0,100.0,0.08,converged,,bfgs_standard,"[{""ase_converged"": true, ""converged"": true, ""end_geometry_sha256"": ""9fd5d533b3dfc41c16b1c7f4741c110a114cded2ac15ae50f6de4ad5ab82e962"", ""failure_class"": null, ""max_force_eV_A"": 0.05846004577882439, ""name"": ""bfgs_standard"", ""start_geometry_sha256"": ""4b4c2deb1c9f9df0f0edb3540ec3c140ce52f52bbb1bbf489984efd284444626"", ""steps"": 60}]",9fd5d533b3dfc41c16b1c7f4741c110a114cded2ac15ae50f6de4ad5ab82e962,-4.911924888193603,3.0,step_2_O,6.0,0.0,True,3.841630240976807,0.675000000035,False,quantitative_screening,0,0,b63225cbc3b588faba45,False,
"('MXene', 'V', 'N', 1, 'Cl', 'Ru')",MXene,True,esen-sm-conserving-all-oc25:relax-v4:orr-che-v3,True,0.032921620795600424,20,150,0.08,converged,,bfgs_standard,"[{""ase_converged"": true, ""converged"": true, ""end_geometry_sha256"": ""787c00059edccce4dace9b73ecd48a8b19fda2c00292c2196a1cc7f2da192a22"", ""failure_class"": null, ""max_force_eV_A"": 0.032921620795600424, ""name"": ""bfgs_standard"", ""start_geometry_sha256"": ""f5a794914186d8d0bde4499f67ca41292cae721481ec0d925fe8c7b95e7322d7"", ""steps"": 20}]",787c00059edccce4dace9b73ecd48a8b19fda2c00292c2196a1cc7f2da192a22,-139.93814651253214,True,0.07829832919099933,42.0,100.0,0.08,converged,,bfgs_standard,"[{""ase_converged"": true, ""converged"": true, ""end_geometry_sha256"": ""a3b7a13fe91d8fcffc57ace2bc3bf6ff7c60baa12da71bf6963f40f3ec86fa76"", ""failure_class"": null, ""max_force_eV_A"": 0.07829832919099933, ""name"": ""bfgs_standard"", ""start_geometry_sha256"": ""35598deb27be6fde5da474fe308bacdef45f383b03882d08c8aa5d51715fba17"", ""steps"": 42}]",a3b7a13fe91d8fcffc57ace2bc3bf6ff7c60baa12da71bf6963f40f3ec86fa76,-2.5278627251088617,True,0.07783681022587652,6.0,100.0,0.08,converged,,bfgs_standard,"[{""ase_converged"": true, ""converged"": true, ""end_geometry_sha256"": ""f8b724db6c8f14dc2fbef701b78f1047cf4b54fadc7ab65f3ce69015b68f17e7"", ""failure_class"": null, ""max_force_eV_A"": 0.07783681022587652, ""name"": ""bfgs_standard"", ""start_geometry_sha256"": ""1772ac4e854ca0f1622fcb72b9c5efa6c8251caf5b06e1a060be7fd9cf134afc"", ""steps"": 6}]",f8b724db6c8f14dc2fbef701b78f1047cf4b54fadc7ab65f3ce69015b68f17e7,-1.991501890867945,True,0.03427909354165856,83.0,100.0,0.08,converged,,bfgs_standard,"[{""ase_converged"": true, ""converged"": true, ""end_geometry_sha256"": ""064e33c416b85ae22198d3988bb4e04068e077a907236116e88922469ccaa1c4"", ""failure_class"": null, ""max_force_eV_A"": 0.03427909354165856, ""name"": ""bfgs_standard"", ""start_geometry_sha256"": ""e7d413bced53ea8ea1b3b9182de56279686d6b7ae14d1588b3de59deadece619"", ""steps"": 83}]",064e33c416b85ae22198d3988bb4e04068e077a907236116e88922469ccaa1c4,-4.205713798105712,3.0,step_4_H2O,9.0,-2.0,True,4.519364615976807,0.675000000035,False,quantitative_screening,1,1,c9087fb17bff45dc0f2b,False,
"('MXene', 'V', 'N', 1, 'mixed_OH_O', 'None')",MXene,True,esen-sm-conserving-all-oc25:relax-v4:orr-che-v3,True,0.07586333170549,31,150,0.08,converged,,bfgs_standard,"[{""ase_converged"": true, ""converged"": true, ""end_geometry_sha256"": ""53ade67ff1020ae1a826dbf50c4cc19f8dda99c381e5e4274f7a0f1e5f832723"", ""failure_class"": null, ""max_force_eV_A"": 0.07586333170549, ""name"": ""bfgs_standard"", ""start_geometry_sha256"": ""6c0e471c13479c72281fb4ee55a39bae44a0f4fd386717fc9f168be58563d37b"", ""steps"": 31}]",53ade67ff1020ae1a826dbf50c4cc19f8dda99c381e5e4274f7a0f1e5f832723,-158.78450537862403,True,0.07681549111322351,31.0,100.0,0.08,converged,,bfgs_standard,"[{""ase_converged"": true, ""converged"": true, ""end_geometry_sha256"": ""d73fb3b72cfdf625e804934376cb58821fc8fb40044abbb20c188ff76ad8f7aa"", ""failure_class"": null, ""max_force_eV_A"": 0.07681549111322351, ""name"": ""bfgs_standard"", ""start_geometry_sha256"": ""4603ad19b38de4a38de112f308e04123bda15a36ee2d20a223e1e14e2563361b"", ""steps"": 31}]",d73fb3b72cfdf625e804934376cb58821fc8fb40044abbb20c188ff76ad8f7aa,-2.595955071300268,True,0.06414964794471145,10.0,100.0,0.08,converged,,bfgs_standard,"[{""ase_converged"": true, ""converged"": true, ""end_geometry_sha256"": ""9553bba709923dbd64bbffaf57386fa1af0088eb7aca5604a032308a036c379c"", ""failure_class"": null, ""max_force_eV_A"": 0.06414964794471145, ""name"": ""bfgs_standard"", ""start_geometry_sha256"": ""58ccf35c6e97207fa682f88e568ffe8a59ed81a3d52fa69605dc022d0ae736b1"", ""steps"": 10}]",9553bba709923dbd64bbffaf57386fa1af0088eb7aca5604a032308a036c379c,-2.0255175463855233,True,0.06877892666645498,33.0,100.0,0.08,converged,,bfgs_standard,"[{""ase_converged"": true, ""converged"": true, ""end_geometry_sha256"": ""bf7810d80b007c9092b86241d4ce9c25a5ab444a58442400d98dbf9010ec50f6"", ""failure_class"": null, ""max_force_eV_A"": 0.06877892666645498, ""name"": ""bfgs_standard"", ""start_geometry_sha256"": ""a8063f380e4e960fa1d53c43c08e2094976eacf83afd0190158f141fe124cf25"", ""steps"": 33}]",bf7810d80b007c9092b86241d4ce9c25a5ab444a58442400d98dbf9010ec50f6,-4.132242728769775,3.0,step_4_H2O,9.0,0.0,True,4.621472617685791,0.675000000035,False,quantitative_screening,2,2,9e84666f042ce2c4d126,False,
"('MXene', 'V', 'N', 2, 'O', 'Mn')",MXene,True,esen-sm-conserving-all-oc25:relax-v4:orr-che-v3,True,0.07455629935216476,36,150,0.08,converged,,bfgs_standard,"[{""ase_converged"": true, ""converged"": true, ""end_geometry_sha256"": ""9788caa6d934a2effb177b2a6169add308c3f14f469455c61625feb9d9f9c334"", ""failure_class"": null, ""max_force_eV_A"": 0.07455629935216476, ""name"": ""bfgs_standard"", ""start_geometry_sha256"": ""d4c93db114ba13197d84593c98814484dd805f97c074a0fc67b93802eb86f61d"", ""steps"": 36}]",9788caa6d934a2effb177b2a6169add308c3f14f469455c61625feb9d9f9c334,-238.31520959872836,True,0.07999444151278642,20.0,100.0,0.08,converged,,bfgs_standard,"[{""ase_converged"": true, ""converged"": true, ""end_geometry_sha256"": ""19bd88d71d067cac2aa23ed070b217518ae995371c55e2cf46f15e72a871aed0"", ""failure_class"": null, ""max_force_eV_A"": 0.07999444151278642, ""name"": ""bfgs_standard"", ""start_geometry_sha256"": ""8c7abd844128bcd95836d13e2efa71248cc861e3ac5f388baeb1aa81df4cdf85"", ""steps"": 20}]",19bd88d71d067cac2aa23ed070b217518ae995371c55e2cf46f15e72a871aed0,-1.153656182140112,True,0.053912171192969836,9.0,100.0,0.08,converged,,bfgs_standard,"[{""ase_converged"": true, ""converged"": true, ""end_geometry_sha256"": ""652c1dec52dbfd32c30003aea18c5c09c7b70915d3abdb3ce464258b81d9be7d"", ""failure_class"": null, ""max_force_eV_A"": 0.053912171192969836, ""name"": ""bfgs_standard"", ""start_geometry_sha256"": ""8e75be835fe4371a1320e3863e86b3a82d7315531d9b74d0e1ab95dc6fd4b4ce"", ""steps"": 9}]",652c1dec52dbfd32c30003aea18c5c09c7b70915d3abdb3ce464258b81d9be7d,-2.844960295408989,True,0.05898415539068014,38.0,100.0,0.08,converged,,bfgs_standard,"[{""ase_converged"": true, ""converged"": true, ""end_geometry_sha256"": ""610e5a76367f7507feab1b6c823c43735ed530b6200d0e119683a9c60efa8d88"", ""failure_class"": null, ""max_force_eV_A"": 0.05898415539068014, ""name"": ""bfgs_standard"", ""start_geometry_sha256"": ""e7a3df1366dc4b92749f0fabd3616acdd74854452d478b9d3ea769aa91d3d624"", ""steps"": 38}]",610e5a76367f7507feab1b6c823c43735ed530b6200d0e119683a9c60efa8d88,-3.6404366984963668,2.9203041132688776,step_3_OH,8.0,0.0,True,3.998616477549101,0.675000000035,False,quantitative_screening,0,0,d6cf30892984e5c1e118,False,
"('MXene', 'V', 'N', 2, 'Cl', 'Pt')",MXene,True,esen-sm-conserving-all-oc25:relax-v4:orr-che-v3,True,0.07553144947501624,37,150,0.08,converged,,bfgs_standard,"[{""ase_converged"": true, ""converged"": true, ""end_geometry_sha256"": ""63b9cd1d865f9253bfc13fbfe014818b8e53d1fe349aaf6c60ebdc356b93a095"", ""failure_class"": null, ""max_force_eV_A"": 0.07553144947501624, ""name"": ""bfgs_standard"", ""start_geometry_sha256"": ""15861e43df6ace7562c3a6154f2abe4aca8f5e3f4f26785fa8bf208475274262"", ""steps"": 37}]",63b9cd1d865f9253bfc13fbfe014818b8e53d1fe349aaf6c60ebdc356b93a095,-232.63917872686721,True,0.0748657309940271,69.0,100.0,0.08,converged,,bfgs_standard,"[{""ase_converged"": true, ""converged"": true, ""end_geometry_sha256"": ""6544e6dd052d1117ce063f53e99412818bf3548f570aec3e2ca8a7db90e4810d"", ""failure_class"": null, ""max_force_eV_A"": 0.0748657309940271, ""name"": ""bfgs_standard"", ""start_geometry_sha256"": ""85b20e2c41eeca6ae652f96ce8f094cb836420ed26adb60b0b10bf6b23028d45"", ""steps"": 69}]",6544e6dd052d1117ce063f53e99412818bf3548f570aec3e2ca8a7db90e4810d,-1.3199083183705806,True,0.07950897758420825,20.0,100.0,0.08,converged,,bfgs_standard,"[{""ase_converged"": true, ""converged"": true, ""end_geometry_sha256"": ""4165d33b504b5197a533939f3f0f19aac6452d202a1565a62ea7b493271f8b5c"", ""failure_class"": null, ""max_force_eV_A"": 0.07950897758420825, ""name"": ""bfgs_standard"", ""start_geometry_sha256"": ""3076dc15adac50a58e2d984e978b443b4426822d88b1b73ac5382a5fcbcb4fbf"", ""steps"": 20}]",4165d33b504b5197a533939f3f0f19aac6452d202a1565a62ea7b493271f8b5c,-1.2684298388660202,True,0.05404637610862882,36.0,100.0,0.08,converged,,bfgs_standard,"[{""ase_converged"": true, ""converged"": true, ""end_geometry_sha256"": ""6ff078bddf54e08890742ecc9c98ae317ba64931cdd513c49d9650f6e018a31b"", ""failure_class"": null, ""max_force_eV_A"": 0.05404637610862882, ""name"": ""bfgs_standard"", ""start_geometry_sha256"": ""aaafb08df066374835448f3959f8f4dce749986bc0d4ab2f26d39397acd59846"", ""steps"": 36}]",6ff078bddf54e08890742ecc9c98ae317ba64931cdd513c49d9650f6e018a31b,-1.9632134929299605,2.5489083183705805,step_4_H2O,9.0,-2.0,True,2.588338157236601,0.675000000035,False,quantitative_screening,2,2,4045ba4b2eac6e2b96c1,False,
"('MXene', 'V', 'N', 2, 'S', 'Ni')",MXene,True,esen-sm-conserving-all-oc25:relax-v4:orr-che-v3,True,0.06744738742355254,38,150,0.08,converged,,bfgs_standard,"[{""ase_converged"": true, ""converged"": true, ""end_geometry_sha256"": ""270d20bdedbd9f3ae5e6e4b07717d998169aeafbca12130590a637a94e8bf77d"", ""failure_class"": null, ""max_force_eV_A"": 0.06744738742355254, ""name"": ""bfgs_standard"", ""start_geometry_sha256"": ""9b9f322a97b85391d4922dec4356257b0fec2906dbb8d380db4759d195a5caee"", ""steps"": 38}]",270d20bdedbd9f3ae5e6e4b07717d998169aeafbca12130590a637a94e8bf77d,-232.94806580885637,True,0.06596103736522269,29.0,100.0,0.08,converged,,bfgs_standard,"[{""ase_converged"": true, ""converged"": true, ""end_geometry_sha256"": ""0594f0cead06d77e065654183150d098676c1cedda6f4f6de789270927660f87"", ""failure_class"": null, ""max_force_eV_A"": 0.06596103736522269, ""name"": ""bfgs_standard"", ""start_geometry_sha256"": ""9cb3a36006191837c1492f20d8bb62dfae58ba0d9265a525a85402ee6994132b"", ""steps"": 29}]",0594f0cead06d77e065654183150d098676c1cedda6f4f6de789270927660f87,-1.2155267570912838,True,0.07603227731283138,12.0,100.0,0.08,converged,,bfgs_standard,"[{""ase_converged"": true, ""converged"": true, ""end_geometry_sha256"": ""d8a3899fbcaa298efd599c7d6f2b5e733b4e4a5eeaa2f2d1e6707d68de671d1e"", ""failure_class"": null, ""max_force_eV_A"": 0.07603227731283138, ""name"": ""bfgs_standard"", ""start_geometry_sha256"": ""3d3d65284dba022966b23907a72b13b47e10a13c8571b61198fe6ac50ced87a7"", ""steps"": 12}]",d8a3899fbcaa298efd599c7d6f2b5e733b4e4a5eeaa2f2d1e6707d68de671d1e,-2.6157198779285205,True,0.06725863456655834,45.0,100.0,0.08,converged,,bfgs_standard,"[{""ase_converged"": true, ""converged"": true, ""end_geometry_sha256"": ""77d78ffffa0406611697c7c08825f0d378952dce9cd2b88ca230d5e8eb50cb57"", ""failure_class"": null, ""max_force_eV_A"": 0.06725863456655834, ""name"": ""bfgs_standard"", ""start_geometry_sha256"": ""42cb5bebd9d73a2cd98485c379b12aaabff0711e0a2fa29da039c71dc3b977b5"", ""steps"": 45}]",77d78ffffa0406611697c7c08825f0d378952dce9cd2b88ca230d5e8eb50cb57,-3.4276223674416793,2.629193120837237,step_3_OH,9.0,0.0,True,3.831246635019804,0.675000000035,False,quantitative_screening,1,1,c095f92cf907c98804f3,False,
"('MXene', 'V', 'N', 2, 'bare', 'Fe')",MXene,True,esen-sm-conserving-all-oc25:relax-v4:orr-che-v3,True,0.06470130355143101,35,150,0.08,converged,,bfgs_standard,"[{""ase_converged"": true, ""converged"": true, ""end_geometry_sha256"": ""c737dc7960d3cce48203497a9b221f9a9181132a5554a63b60ff24d1678cf75c"", ""failure_class"": null, ""max_force_eV_A"": 0.06470130355143101, ""name"": ""bfgs_standard"", ""start_geometry_sha256"": ""84f390d762cbac14cda43305b83ded2a4f042579a87c502554949758808187e3"", ""steps"": 35}]",c737dc7960d3cce48203497a9b221f9a9181132a5554a63b60ff24d1678cf75c,-228.8854362916074,True,0.07302592097873863,29.0,100.0,0.08,converged,,bfgs_standard,"[{""ase_converged"": true, ""converged"": true, ""end_geometry_sha256"": ""b7fcd5b0a83d1f94522160dfdf84082be445c7fa8c60ad3806b3bf1a0ab477c0"", ""failure_class"": null, ""max_force_eV_A"": 0.07302592097873863, ""name"": ""bfgs_standard"", ""start_geometry_sha256"": ""7ec71d3bc91aff43693f3f60106136bdd34502d42a06dda8c43742a7227ff065"", ""steps"": 29}]",b7fcd5b0a83d1f94522160dfdf84082be445c7fa8c60ad3806b3bf1a0ab477c0,-1.4654619072377681,True,0.06624633079773144,26.0,100.0,0.08,converged,,bfgs_standard,"[{""ase_converged"": true, ""converged"": true, ""end_geometry_sha256"": ""d703b950f6dd46904ed7a04a4b48c977e393b7ce170119f801bed81d17db53c9"", ""failure_class"": null, ""max_force_eV_A"": 0.06624633079773144, ""name"": ""bfgs_standard"", ""start_geometry_sha256"": ""21b85fc21eca784a53cf0d038eae379fde1bd1cab2274e859911d684a225dbfe"", ""steps"": 26}]",d703b950f6dd46904ed7a04a4b48c977e393b7ce170119f801bed81d17db53c9,-2.4737292163074267,True,0.0798524865821011,40.0,100.0,0.08,converged,,bfgs_standard,"[{""ase_converged"": true, ""converged"": true, ""end_geometry_sha256"": ""f15c96c150084412f5b0d460e900b8e7e4109c169af7657a2fab1176b90d47d9"", ""failure_class"": null, ""max_force_eV_A"": 0.0798524865821011, ""name"": ""bfgs_standard"", ""start_geometry_sha256"": ""732444f5692d6805b695ca79a6fda7579c5b3eab8150971f8bf1ab8c691ab33f"", ""steps"": 40}]",f15c96c150084412f5b0d460e900b8e7e4109c169af7657a2fab1176b90d47d9,-3.0136476054787886,2.694461907237768,step_4_H2O,6.0,0.0,True,3.9391911235451946,0.675000000035,False,quantitative_screening,0,0,3ce4ae814d9fe13b8d74,False,
"('SAA', 'Pt', 'Ga', '211', 500)",SAA,True,esen-sm-conserving-all-oc25:relax-v4:orr-che-v3,True,0.056434528018587726,32,150,0.08,converged,,bfgs_standard,"[{""ase_converged"": true, ""converged"": true, ""end_geometry_sha256"": ""29c4dda9c1e3c872025cfac2f66f0aaef9a9e9bf397181e886e28a8a153f64f0"", ""failure_class"": null, ""max_force_eV_A"": 0.056434528018587726, ""name"": ""bfgs_standard"", ""start_geometry_sha256"": ""c46c96ce473536ce6fdde541f99aa5a1c42b237c3018fe3854018bf4ecf6a54e"", ""steps"": 32}]",29c4dda9c1e3c872025cfac2f66f0aaef9a9e9bf397181e886e28a8a153f64f0,-97.53400350658714,True,0.07762855013733222,213.0,100.0,0.08,converged,,bfgs_after_fire,"[{""ase_converged"": false, ""converged"": false, ""end_geometry_sha256"": ""560a294b3411893d6768a51cab0eb4d45f1831ee65541e8e64aba185cc25ba8b"", ""failure_class"": ""force_threshold"", ""max_force_eV_A"": 0.2900522435030552, ""name"": ""bfgs_standard"", ""start_geometry_sha256"": ""6459bf2e9975e220c5398a880599e5d22cec087c31a44d19ea393e09ea8844f8"", ""steps"": 100}, {""ase_converged"": true, ""converged"": true, ""end_geometry_sha256"": ""dbeef56da41016f582c7312dd11659121effaffe69f35994ebf120c15830b7ab"", ""failure_class"": null, ""max_force_eV_A"": 0.12949574476663503, ""name"": ""fire_precondition"", ""qualifying"": false, ""start_geometry_sha256"": ""6459bf2e9975e220c5398a880599e5d22cec087c31a44d19ea393e09ea8844f8"", ""steps"": 7}, {""ase_converged"": true, ""converged"": true, ""end_geometry_sha256"": ""20f525ddd569ae1c7daa9452eff42fa45d79f8353423f04ea599bdbcca02fec8"", ""failure_class"": null, ""max_force_eV_A"": 0.07762855013733222, ""name"": ""bfgs_after_fire"", ""start_geometry_sha256"": ""dbeef56da41016f582c7312dd11659121effaffe69f35994ebf120c15830b7ab"", ""steps"": 106}]",20f525ddd569ae1c7daa9452eff42fa45d79f8353423f04ea599bdbcca02fec8,-0.47723287090659144,True,0.07231083570055344,203.0,100.0,0.08,converged,,bfgs_after_fire,"[{""ase_converged"": false, ""converged"": false, ""end_geometry_sha256"": ""04530a8d6d3d64b892cd9ae409615feb35fb50fc0619492829b26089128cb044"", ""failure_class"": ""force_threshold"", ""max_force_eV_A"": 0.13290814924824385, ""name"": ""bfgs_standard"", ""start_geometry_sha256"": ""9cc4ebec2cf9456bdf350699f8fe2f82c080b5764575736037667abaf129ea89"", ""steps"": 100}, {""ase_converged"": true, ""converged"": true, ""end_geometry_sha256"": ""eb9ff84ef69a325b6ad88e9bacc81c00459f22951625889b5005179d7d4380c8"", ""failure_class"": null, ""max_force_eV_A"": 0.2467485889048592, ""name"": ""fire_precondition"", ""qualifying"": false, ""start_geometry_sha256"": ""9cc4ebec2cf9456bdf350699f8fe2f82c080b5764575736037667abaf129ea89"", ""steps"": 23}, {""ase_converged"": true, ""converged"": true, ""end_geometry_sha256"": ""dfe426523baab9c33f4d76b8670a924a247d078d24cd2b25aecee3989ce20007"", ""failure_class"": null, ""max_force_eV_A"": 0.07231083570055344, ""name"": ""bfgs_after_fire"", ""start_geometry_sha256"": ""eb9ff84ef69a325b6ad88e9bacc81c00459f22951625889b5005179d7d4380c8"", ""steps"": 80}]",dfe426523baab9c33f4d76b8670a924a247d078d24cd2b25aecee3989ce20007,-0.3655906550586188,True,0.0621351999632035,86.0,100.0,0.08,converged,,bfgs_standard,"[{""ase_converged"": true, ""converged"": true, ""end_geometry_sha256"": ""337847cabf6043a24733c2e64c859c3dd105ea38f5fb10cc20f0854aeec82cca"", ""failure_class"": null, ""max_force_eV_A"": 0.0621351999632035, ""name"": ""bfgs_standard"", ""start_geometry_sha256"": ""42e993bc7d886bd816b43631d65019d8f30583deb5f35a790ac496d793449924"", ""steps"": 86}]",337847cabf6043a24733c2e64c859c3dd105ea38f5fb10cc20f0854aeec82cca,3.314431379735473,1.7062328709065915,step_4_H2O,10.0,-2.0,True,0.8428235259652103,0.902500000035,False,quantitative_screening,1,1,fcd7abf8a866bd429ab2,False,
"('SAA', 'Pt', 'Al', '111', 2000)",SAA,True,esen-sm-conserving-all-oc25:relax-v4:orr-che-v3,True,0.07797320162767336,14,150,0.08,converged,,bfgs_standard,"[{""ase_converged"": true, ""converged"": true, ""end_geometry_sha256"": ""ea9874dabc6d6b94e7c715d6335db0a06f04bb1b4373fc3fe9e772b5bf84c015"", ""failure_class"": null, ""max_force_eV_A"": 0.07797320162767336, ""name"": ""bfgs_standard"", ""start_geometry_sha256"": ""6e1fc6b37264af0498ff4bb52ffec27ce5a2a2753925fce6b95847bb0fa24a30"", ""steps"": 14}]",ea9874dabc6d6b94e7c715d6335db0a06f04bb1b4373fc3fe9e772b5bf84c015,-60.5339979261176,True,0.07788583158588015,66.0,100.0,0.08,converged,,bfgs_standard,"[{""ase_converged"": true, ""converged"": true, ""end_geometry_sha256"": ""b16b9a63f2d44ae685d7c12b900d92793f8e3d394f2470e07591308eba64aaa6"", ""failure_class"": null, ""max_force_eV_A"": 0.07788583158588015, ""name"": ""bfgs_standard"", ""start_geometry_sha256"": ""cddb51f8bab7ca1ee29af4f3a1599649e9b57484d7459b138da21a109bb968b7"", ""steps"": 66}]",b16b9a63f2d44ae685d7c12b900d92793f8e3d394f2470e07591308eba64aaa6,-0.6779519890248846,True,0.05933463185401923,28.0,100.0,0.08,converged,,bfgs_standard,"[{""ase_converged"": true, ""converged"": true, ""end_geometry_sha256"": ""b401aa0eceddb4fab5f49666915de0feb027ad461dc62b7220171a5db44fa49a"", ""failure_class"": null, ""max_force_eV_A"": 0.05933463185401923, ""name"": ""bfgs_standard"", ""start_geometry_sha256"": ""55c8e1b7a0b6b2150e87b340a47ed84e1f1a29a490ad140335c0e9982bbe9283"", ""steps"": 28}]",b401aa0eceddb4fab5f49666915de0feb027ad461dc62b7220171a5db44fa49a,-0.22826608344912885,True,0.07199006873422378,83.0,100.0,0.08,converged,,bfgs_standard,"[{""ase_converged"": true, ""converged"": true, ""end_geometry_sha256"": ""749588aa70e08ff92a407489005d9b1de8d388548ba7d9931f6eebf64fc80b99"", ""failure_class"": null, ""max_force_eV_A"": 0.07199006873422378, ""name"": ""bfgs_standard"", ""start_geometry_sha256"": ""d2df0af52cf036371985351001b217acb399a8c75a4eae0c4f0f9a3889452271"", ""steps"": 83}]",749588aa70e08ff92a407489005d9b1de8d388548ba7d9931f6eebf64fc80b99,-2.134930063784126,3.0,step_2_O,10.0,0.0,True,0.9062180724740134,0.902500000035,False,quantitative_screening,2,2,fd80295ba44fd25b6781,False,
"('SAA', 'Pt', 'Al', '100', 1000)",SAA,True,esen-sm-conserving-all-oc25:relax-v4:orr-che-v3,True,0.057770392139624635,15,150,0.08,converged,,bfgs_standard,"[{""ase_converged"": true, ""converged"": true, ""end_geometry_sha256"": ""08be48f68304d368011dcf8543580ce4910dc472414b0d2170279841b49660bd"", ""failure_class"": null, ""max_force_eV_A"": 0.057770392139624635, ""name"": ""bfgs_standard"", ""start_geometry_sha256"": ""a1d54ca73e442be623a9a4b37166be38fc34e0a34b103eb0917f0b6af36fb1bc"", ""steps"": 15}]",08be48f68304d368011dcf8543580ce4910dc472414b0d2170279841b49660bd,-128.30445690544533,True,0.07635561384690233,48.0,100.0,0.08,converged,,bfgs_standard,"[{""ase_converged"": true, ""converged"": true, ""end_geometry_sha256"": ""ae9bc52d342032701fcacf495bed3b1e5e8590ff34d260c55d9ce988b2a99d04"", ""failure_class"": null, ""max_force_eV_A"": 0.07635561384690233, ""name"": ""bfgs_standard"", ""start_geometry_sha256"": ""a03f14f7b9d446fc20bee2fd56ed3b63a4c41ccdf2983ada540d089e3e8a55ec"", ""steps"": 48}]",ae9bc52d342032701fcacf495bed3b1e5e8590ff34d260c55d9ce988b2a99d04,-0.9126207207143306,True,0.06310963353029508,53.0,100.0,0.08,converged,,bfgs_standard,"[{""ase_converged"": true, ""converged"": true, ""end_geometry_sha256"": ""a1752d3adfedd182ae87f8e227f4c2cec428059cddc1b18bf22f5c856bb358b0"", ""failure_class"": null, ""max_force_eV_A"": 0.06310963353029508, ""name"": ""bfgs_standard"", ""start_geometry_sha256"": ""776a7d26e3719b35463ff50d8c5b75c1a6459424d17858059b84dc99885b5601"", ""steps"": 53}]",a1752d3adfedd182ae87f8e227f4c2cec428059cddc1b18bf22f5c856bb358b0,-1.1552945010363735,True,0.06981583068318536,65.0,100.0,0.08,converged,,bfgs_standard,"[{""ase_converged"": true, ""converged"": true, ""end_geometry_sha256"": ""14e3a691d36f826edc514f099728fd435b0561349eea207466ae5602cdf249f3"", ""failure_class"": null, ""max_force_eV_A"": 0.06981583068318536, ""name"": ""bfgs_standard"", ""start_geometry_sha256"": ""29032d7abf9221ba54b9f1e26500e4c20718eb7ae5cfa8431e7221b35c9c5401"", ""steps"": 65}]",14e3a691d36f826edc514f099728fd435b0561349eea207466ae5602cdf249f3,-2.7338986888527836,2.80760418781641,step_2_O,10.0,0.0,True,2.067915221750704,0.902500000035,False,quantitative_screening,0,0,92e473e163cf170756c0,False,
"('SAA', 'Pt', 'Al', '100', 5000)",SAA,True,esen-sm-conserving-all-oc25:relax-v4:orr-che-v3,True,0.056275547331048247,10,150,0.08,converged,,bfgs_standard,"[{""ase_converged"": true, ""converged"": true, ""end_geometry_sha256"": ""8c57aff26db3afb6e37931c9bd2999b8d80053876881de8d715f7fd50e8688b5"", ""failure_class"": null, ""max_force_eV_A"": 0.056275547331048247, ""name"": ""bfgs_standard"", ""start_geometry_sha256"": ""06944cf491e5216082df850787b1a79040c9efdc413bdc22118c8e6d7b10531f"", ""steps"": 10}]",8c57aff26db3afb6e37931c9bd2999b8d80053876881de8d715f7fd50e8688b5,-59.23903003633183,True,0.07590654180605733,46.0,100.0,0.08,converged,,bfgs_standard,"[{""ase_converged"": true, ""converged"": true, ""end_geometry_sha256"": ""614f5c62df3b0861f450642759ebb6632edbd5261c731c1e782dd0567ff70ef4"", ""failure_class"": null, ""max_force_eV_A"": 0.07590654180605733, ""name"": ""bfgs_standard"", ""start_geometry_sha256"": ""694e53a187fbbbd166a02601a0a3229e04c0c24ecec1cce70307d17f74b4bcdd"", ""steps"": 46}]",614f5c62df3b0861f450642759ebb6632edbd5261c731c1e782dd0567ff70ef4,-1.166863140910871,True,0.07857371377091071,50.0,100.0,0.08,converged,,bfgs_standard,"[{""ase_converged"": true, ""converged"": true, ""end_geometry_sha256"": ""564b5f82f374cd5dbf85f95e58ee32c5c2dfdeb867eb8bc171bf74d7e905b7ca"", ""failure_class"": null, ""max_force_eV_A"": 0.07857371377091071, ""name"": ""bfgs_standard"", ""start_geometry_sha256"": ""225b892bd322692727678d5a1dd80f4827170662f0ad411f67cbf37c4b324033"", ""steps"": 50}]",564b5f82f374cd5dbf85f95e58ee32c5c2dfdeb867eb8bc171bf74d7e905b7ca,-1.605801665037874,True,0.07414733705891666,62.0,100.0,0.08,converged,,bfgs_standard,"[{""ase_converged"": true, ""converged"": true, ""end_geometry_sha256"": ""8c8da9567c749f80753fe2a22834ad448d4e24ae96e7fbe2c7e11b4272d58cf7"", ""failure_class"": null, ""max_force_eV_A"": 0.07414733705891666, ""name"": ""bfgs_standard"", ""start_geometry_sha256"": ""02d947bf1c97b818c8c67b66186a943f986af83d440f39b6bd8a26add2702f5f"", ""steps"": 62}]",8c8da9567c749f80753fe2a22834ad448d4e24ae96e7fbe2c7e11b4272d58cf7,-2.9189483270049132,2.542146661967039,step_2_O,10.0,0.0,True,2.772664805948745,0.902500000035,False,quantitative_screening,2,2,097f929d96dcd029b78c,False,
"('SAA', 'Pt', 'Al', '110', 5000)",SAA,True,esen-sm-conserving-all-oc25:relax-v4:orr-che-v3,True,0.07029335149623271,113,150,0.08,converged,,bfgs_standard,"[{""ase_converged"": true, ""converged"": true, ""end_geometry_sha256"": ""cb25a8377c35eb452756fed629c2eba6cf56aa17750b532b0322c9b5a7ed8af4"", ""failure_class"": null, ""max_force_eV_A"": 0.07029335149623271, ""name"": ""bfgs_standard"", ""start_geometry_sha256"": ""6ecbef2e8d43f704c5c0ea34424b45be2d67e1a9530c8a91364c7909c79cc6a4"", ""steps"": 113}]",cb25a8377c35eb452756fed629c2eba6cf56aa17750b532b0322c9b5a7ed8af4,-61.57587793767613,True,0.06754566009731312,98.0,100.0,0.08,converged,,bfgs_standard,"[{""ase_converged"": true, ""converged"": true, ""end_geometry_sha256"": ""be9d05aee4d63c737cbcb783941fc60166ea53ceb7594f39e127b574510684b8"", ""failure_class"": null, ""max_force_eV_A"": 0.06754566009731312, ""name"": ""bfgs_standard"", ""start_geometry_sha256"": ""5b8346a51ea591c11783f7b74c9902cf71f9ec0b00dd63c022bc97b6a8a0acd4"", ""steps"": 98}]",be9d05aee4d63c737cbcb783941fc60166ea53ceb7594f39e127b574510684b8,-1.3992242787778448,True,0.05669362827990925,40.0,100.0,0.08,converged,,bfgs_standard,"[{""ase_converged"": true, ""converged"": true, ""end_geometry_sha256"": ""d4e2a1ac48b3409c1473bd84bc475901896ac7371f9cb90177bcc2827cc49f4d"", ""failure_class"": null, ""max_force_eV_A"": 0.05669362827990925, ""name"": ""bfgs_standard"", ""start_geometry_sha256"": ""5fb388f79feec55ac945ffd46dad925f34ab47717aa717811403cf04305b4179"", ""steps"": 40}]",d4e2a1ac48b3409c1473bd84bc475901896ac7371f9cb90177bcc2827cc49f4d,-1.331337802857164,True,0.0725235497805297,61.0,100.0,0.08,converged,,bfgs_standard,"[{""ase_converged"": true, ""converged"": true, ""end_geometry_sha256"": ""d0f74a38fc3c932f88721b76b8757a4a00e2811e91d290a2f556995da292367a"", ""failure_class"": null, ""max_force_eV_A"": 0.0725235497805297, ""name"": ""bfgs_standard"", ""start_geometry_sha256"": ""a9329f60d8c28639c3d661a9ea6846cf94ee59ea39e16b66d53fd99867554ba8"", ""steps"": 61}]",d0f74a38fc3c932f88721b76b8757a4a00e2811e91d290a2f556995da292367a,-1.519084085524086,2.6282242787778447,step_4_H2O,10.0,0.0,True,2.730562081635009,0.902500000035,False,quantitative_screening,0,0,8e27921af1a883cfa143,False,
"('SAA', 'Pt', 'Al', '211', 2000)",SAA,True,esen-sm-conserving-all-oc25:relax-v4:orr-che-v3,True,0.07896855505824846,8,150,0.08,converged,,bfgs_standard,"[{""ase_converged"": true, ""converged"": true, ""end_geometry_sha256"": ""26214f7eca3ff4ba123d75ec4b14790ae2b59b063a0e1fd99179b03a1e04a574"", ""failure_class"": null, ""max_force_eV_A"": 0.07896855505824846, ""name"": ""bfgs_standard"", ""start_geometry_sha256"": ""1d2192c989a6eaf935b0c6db7f8d4c0981bf252fe09a5c3ee3a9e24706d8ec31"", ""steps"": 8}]",26214f7eca3ff4ba123d75ec4b14790ae2b59b063a0e1fd99179b03a1e04a574,-60.58492246568364,True,0.06645826560740416,44.0,100.0,0.08,converged,,bfgs_standard,"[{""ase_converged"": true, ""converged"": true, ""end_geometry_sha256"": ""c4bd3857cc18183745fc11c95337a5a1dfefe5c51b051ca5702372bc26ec2b74"", ""failure_class"": null, ""max_force_eV_A"": 0.06645826560740416, ""name"": ""bfgs_standard"", ""start_geometry_sha256"": ""04b92d06e9a8b7d5d990cf0503ad2b0cb2342ff5bd37bb41a4688c406cf926e7"", ""steps"": 44}]",c4bd3857cc18183745fc11c95337a5a1dfefe5c51b051ca5702372bc26ec2b74,-1.081776139587171,True,0.06112312005234372,26.0,100.0,0.08,converged,,bfgs_standard,"[{""ase_converged"": true, ""converged"": true, ""end_geometry_sha256"": ""9d9daa6ef7267c03e430940534e96fd219d67f7baff154f8134b7b0d22edbadc"", ""failure_class"": null, ""max_force_eV_A"": 0.06112312005234372, ""name"": ""bfgs_standard"", ""start_geometry_sha256"": ""3f0840ed0d744a45d3384bc52044155919af0b58cda8b408c086691b8239e120"", ""steps"": 26}]",9d9daa6ef7267c03e430940534e96fd219d67f7baff154f8134b7b0d22edbadc,-1.3856539957225358,True,0.07965129895884104,43.0,100.0,0.08,converged,,bfgs_standard,"[{""ase_converged"": true, ""converged"": true, ""end_geometry_sha256"": ""a8a8d71f4fc3fbc4fcb09038cb7d897a5238ff7301843e868c29ba3f495266de"", ""failure_class"": null, ""max_force_eV_A"": 0.07965129895884104, ""name"": ""bfgs_standard"", ""start_geometry_sha256"": ""49671c4d58579ac1df0abf35972da77ba8c906c2bc14ab0ed37176d35b1c1854"", ""steps"": 43}]",a8a8d71f4fc3fbc4fcb09038cb7d897a5238ff7301843e868c29ba3f495266de,-2.095398326218132,2.310776139587171,step_4_H2O,10.0,0.0,True,2.467430135309707,0.902500000035,False,quantitative_screening,2,2,f4b8d8a7b100a82bbf39,False,
"('SAA', 'Pd', 'Cu', '100', 100)",SAA,True,esen-sm-conserving-all-oc25:relax-v4:orr-che-v3,True,0.0583643365205861,3,150,0.08,converged,,bfgs_standard,"[{""ase_converged"": true, ""converged"": true, ""end_geometry_sha256"": ""1de49d02abac4c977837b3c6ce8f8f695cd2918a1384b9e5c22fc8beba76e847"", ""failure_class"": null, ""max_force_eV_A"": 0.0583643365205861, ""name"": ""bfgs_standard"", ""start_geometry_sha256"": ""af6ecd18535645129267c463f567f9f80e65bcbe26309d5c895ba205e6cc247f"", ""steps"": 3}]",1de49d02abac4c977837b3c6ce8f8f695cd2918a1384b9e5c22fc8beba76e847,-225.6200232457195,True,0.07221008521259444,15.0,100.0,0.08,converged,,bfgs_standard,"[{""ase_converged"": true, ""converged"": true, ""end_geometry_sha256"": ""2128608772d2846aa88f350f6d4ebdafb354a2f14df40021f3438f86c9f5799f"", ""failure_class"": null, ""max_force_eV_A"": 0.07221008521259444, ""name"": ""bfgs_standard"", ""start_geometry_sha256"": ""44018c7e61ffb7bdd1e0feb4339dde563743973c1363a13443e29a88c7dede4b"", ""steps"": 15}]",2128608772d2846aa88f350f6d4ebdafb354a2f14df40021f3438f86c9f5799f,0.1975629951059818,True,0.05718412747423318,13.0,100.0,0.08,converged,,bfgs_standard,"[{""ase_converged"": true, ""converged"": true, ""end_geometry_sha256"": ""f2350e9429e883e0e601e9acb832d67b6d30b128d052317a6cc3093cafe5c0d5"", ""failure_class"": null, ""max_force_eV_A"": 0.05718412747423318, ""name"": ""bfgs_standard"", ""start_geometry_sha256"": ""24b2ad062d8002e1fe8f51c8160d606ee7a55c46dd0f7fc30bf9ef4900542a7f"", ""steps"": 13}]",f2350e9429e883e0e601e9acb832d67b6d30b128d052317a6cc3093cafe5c0d5,0.6486291058361566,True,0.07683933305684675,68.0,100.0,0.08,converged,,bfgs_standard,"[{""ase_converged"": true, ""converged"": true, ""end_geometry_sha256"": ""8bf01d55277dfd1b934ed650a004c4b976e71f83925eeada5e52d77330c6e219"", ""failure_class"": null, ""max_force_eV_A"": 0.07683933305684675, ""name"": ""bfgs_standard"", ""start_geometry_sha256"": ""09e92d30f63447e8c0315748f827975fb59caf3418b26e04a2405dcbb39f6f43"", ""steps"": 68}]",8bf01d55277dfd1b934ed650a004c4b976e71f83925eeada5e52d77330c6e219,0.7577547535300291,1.1198743523061276,step_2_O,8.0,-2.0,True,0.8461921009421385,0.902500000035,False,quantitative_screening,2,2,6a3f616350ff7b274244,False,
"('SAA', 'Pd', 'Cu', '100', 10000)",SAA,True,esen-sm-conserving-all-oc25:relax-v4:orr-che-v3,True,0.06328824162494003,3,150,0.08,converged,,bfgs_standard,"[{""ase_converged"": true, ""converged"": true, ""end_geometry_sha256"": ""2592e68970c66122e5ab01d73c004dd2e375b504f6ec795c82c035eb53eb02af"", ""failure_class"": null, ""max_force_eV_A"": 0.06328824162494003, ""name"": ""bfgs_standard"", ""start_geometry_sha256"": ""9ae12cf9cc31440bbd657e449ff19f859ddb39073fbc75217add5d536c480b4d"", ""steps"": 3}]",2592e68970c66122e5ab01d73c004dd2e375b504f6ec795c82c035eb53eb02af,-58.23494436483591,True,0.05750474905797313,39.0,100.0,0.08,converged,,bfgs_standard,"[{""ase_converged"": true, ""converged"": true, ""end_geometry_sha256"": ""755301abfb967f083a257d8a7d192e3bc3b5d07f114e94034f759403a7d778cb"", ""failure_class"": null, ""max_force_eV_A"": 0.05750474905797313, ""name"": ""bfgs_standard"", ""start_geometry_sha256"": ""9e556bca86bcef11d6d01baea171349f9612ee2bc2a94699104913e7688e4554"", ""steps"": 39}]",755301abfb967f083a257d8a7d192e3bc3b5d07f114e94034f759403a7d778cb,0.35276586070656774,True,0.07247542108131176,20.0,100.0,0.08,converged,,bfgs_standard,"[{""ase_converged"": true, ""converged"": true, ""end_geometry_sha256"": ""06a35dcc69ce84e5240f085468bb826397f017f1116f9461d2d7d3abd2e44695"", ""failure_class"": null, ""max_force_eV_A"": 0.07247542108131176, ""name"": ""bfgs_standard"", ""start_geometry_sha256"": ""3f1f8ba94eebd7895812eda29bb32a1e42b3db1f47e16b9a34ca6d2407d54ec5"", ""steps"": 20}]",06a35dcc69ce84e5240f085468bb826397f017f1116f9461d2d7d3abd2e44695,0.8982648022472894,True,0.0798563695131518,47.0,100.0,0.08,converged,,bfgs_standard,"[{""ase_converged"": true, ""converged"": true, ""end_geometry_sha256"": ""50b6d0d6d611cc4b47757d8d9a81a36235f469905b79a4896f8d8a536e39b850"", ""failure_class"": null, ""max_force_eV_A"": 0.0798563695131518, ""name"": ""bfgs_standard"", ""start_geometry_sha256"": ""c4ec90e1a8974055d64afe8269f78ef24ec9030c71901b75046eb70f9e19b07f"", ""steps"": 47}]",50b6d0d6d611cc4b47757d8d9a81a36235f469905b79a4896f8d8a536e39b850,1.987517069280151,0.8762341392934323,step_4_H2O,8.0,-2.0,True,1.2510306629538572,0.902500000035,False,quantitative_screening,1,1,8ab0d8d06e5a1f100bd6,False,
"('SAA', 'Pd', 'Cu', '110', 100)",SAA,False,esen-sm-conserving-all-oc25:relax-v4:orr-che-v3,True,0.07781210259440871,395,150,0.08,converged,,bfgs_after_fire,"[{""ase_converged"": false, ""converged"": false, ""end_geometry_sha256"": ""5e4361765467a1f4f85beac6ec36adb35e1bdc5f920e6c8cce6184489af41f72"", ""failure_class"": ""force_threshold"", ""max_force_eV_A"": 2.990986963943601, ""name"": ""bfgs_standard"", ""start_geometry_sha256"": ""2b16e014b24f0683a18fabe67a73ec4c2a64bfc3c964df3aa88002445214146b"", ""steps"": 150}, {""ase_converged"": false, ""converged"": false, ""end_geometry_sha256"": ""2dfd320fa338445a713da7822ba5059f225b9eecd35fe5f185a70bfbb5e9d603"", ""failure_class"": ""force_threshold"", ""max_force_eV_A"": 2.001660792927635, ""name"": ""fire_precondition"", ""qualifying"": false, ""start_geometry_sha256"": ""2b16e014b24f0683a18fabe67a73ec4c2a64bfc3c964df3aa88002445214146b"", ""steps"": 75}, {""ase_converged"": true, ""converged"": true, ""end_geometry_sha256"": ""eb32d6f22edc80400ae62c0909531ab86e1abaed1ecdb950a12ab1b0b09a0019"", ""failure_class"": null, ""max_force_eV_A"": 0.07781210259440871, ""name"": ""bfgs_after_fire"", ""start_geometry_sha256"": ""2dfd320fa338445a713da7822ba5059f225b9eecd35fe5f185a70bfbb5e9d603"", ""steps"": 170}]",eb32d6f22edc80400ae62c0909531ab86e1abaed1ecdb950a12ab1b0b09a0019,-285.82216977587086,False,0.856448863760317,650.0,100.0,0.08,recovery_exhausted,force_threshold,fire_precondition,"[{""ase_converged"": false, ""converged"": false, ""end_geometry_sha256"": ""6d1f6b5327b414b76a368b1433d1c06345568fb2b1717d06801b83108a5406c4"", ""failure_class"": ""force_threshold"", ""max_force_eV_A"": 2.07838625487373, ""name"": ""bfgs_standard"", ""start_geometry_sha256"": ""49bd7762f544718a13bbbce7c927c78f688361a5673e367926cfbb606505d93a"", ""steps"": 100}, {""ase_converged"": false, ""converged"": false, ""end_geometry_sha256"": ""def12e9254c08a5a95a79a07e6fc1b7bf1f0293e3c4bebb5d81b2e6dcb6688f8"", ""failure_class"": ""force_threshold"", ""max_force_eV_A"": 0.856448863760317, ""name"": ""fire_precondition"", ""qualifying"": false, ""start_geometry_sha256"": ""49bd7762f544718a13bbbce7c927c78f688361a5673e367926cfbb606505d93a"", ""steps"": 50}, {""ase_converged"": false, ""converged"": false, ""end_geometry_sha256"": ""69dcfd88c3d03483ccd168812de35cf90200c8370ddb121bf6a69ca3d44026e2"", ""failure_class"": ""force_threshold"", ""max_force_eV_A"": 4.640897071124791, ""name"": ""bfgs_after_fire"", ""start_geometry_sha256"": ""def12e9254c08a5a95a79a07e6fc1b7bf1f0293e3c4bebb5d81b2e6dcb6688f8"", ""steps"": 200}, {""ase_converged"": false, ""converged"": false, ""end_geometry_sha256"": ""6bd4214bcf8caca355088b46027649b15f100697711f57e94ecd399ff1b390bc"", ""failure_class"": ""force_threshold"", ""max_force_eV_A"": 1.1750653983951835, ""name"": ""fire_small_step"", ""start_geometry_sha256"": ""def12e9254c08a5a95a79a07e6fc1b7bf1f0293e3c4bebb5d81b2e6dcb6688f8"", ""steps"": 300}]",def12e9254c08a5a95a79a07e6fc1b7bf1f0293e3c4bebb5d81b2e6dcb6688f8,,,,,,,,,,,,,,,,,,,,,,,,,,,,,,,True,validation_required,0,0,61fb86f109d26070056a,False,Unconverged oh relaxation: max_force=0.856449 eV/A after 650 cumulative recovery steps
"('SAA', 'Pd', 'Cu', '211', 500)",SAA,True,esen-sm-conserving-all-oc25:relax-v4:orr-che-v3,True,0.06710386266359979,4,150,0.08,converged,,bfgs_standard,"[{""ase_converged"": true, ""converged"": true, ""end_geometry_sha256"": ""27f44876cd822169007bc639b916340822f2bbdf3951302a5369f1e73362ed10"", ""failure_class"": null, ""max_force_eV_A"": 0.06710386266359979, ""name"": ""bfgs_standard"", ""start_geometry_sha256"": ""aed1ed582d75b3695663050f98dfb52294ee0c6548aba16fe7751eebb301fb97"", ""steps"": 4}]",27f44876cd822169007bc639b916340822f2bbdf3951302a5369f1e73362ed10,-130.84215868557555,True,0.06484051047849147,30.0,100.0,0.08,converged,,bfgs_standard,"[{""ase_converged"": true, ""converged"": true, ""end_geometry_sha256"": ""da09199df11a3dfb156d1b73e8342b0c141089dee40b2b391a9229cc0962a3d9"", ""failure_class"": null, ""max_force_eV_A"": 0.06484051047849147, ""name"": ""bfgs_standard"", ""start_geometry_sha256"": ""7855c92e8b437a6cf4d42efd24374dba9a21d5c0669177883ed8fd9423c2c9bc"", ""steps"": 30}]",da09199df11a3dfb156d1b73e8342b0c141089dee40b2b391a9229cc0962a3d9,0.3636835242807865,True,0.07907543937005829,35.0,100.0,0.08,converged,,bfgs_standard,"[{""ase_converged"": true, ""converged"": true, ""end_geometry_sha256"": ""01bcc8f38a8257c8bf2613fe256c7ffc4c6be8244ec5b14302e1f3588d015ca2"", ""failure_class"": null, ""max_force_eV_A"": 0.07907543937005829, ""name"": ""bfgs_standard"", ""start_geometry_sha256"": ""ee96bf444bd56824a8271b1aa8ff09f8a6fdd5653a3ec79bd65648fffeebac18"", ""steps"": 35}]",01bcc8f38a8257c8bf2613fe256c7ffc4c6be8244ec5b14302e1f3588d015ca2,0.9749907620251215,True,0.07496676169698309,77.0,100.0,0.08,converged,,bfgs_standard,"[{""ase_converged"": true, ""converged"": true, ""end_geometry_sha256"": ""0f3c323ac621eabdb85c3e6cc4f693405b43d95939d66be52bbdab83c8065c75"", ""failure_class"": null, ""max_force_eV_A"": 0.07496676169698309, ""name"": ""bfgs_standard"", ""start_geometry_sha256"": ""969d4a8948b223382a10b6c1c631f0b09a763c29df7046d852892691178fe6f5"", ""steps"": 77}]",0f3c323ac621eabdb85c3e6cc4f693405b43d95939d66be52bbdab83c8065c75,1.2777752384543168,0.9262155235708047,step_2_O,8.0,-2.0,True,1.338674286305908,0.902500000035,False,quantitative_screening,2,2,1385e0c1462f9f908f39,False,
"('MetalFreeCarbon', 'pyridinic', 0.1, 'none', 'CNT', 'P')",MetalFreeCarbon,True,esen-sm-conserving-all-oc25:relax-v4:orr-che-v3,True,0.06311607065612174,89,150,0.08,converged,,bfgs_standard,"[{""ase_converged"": true, ""converged"": true, ""end_geometry_sha256"": ""561b18d9f87a344a9803f5f19133d0b70bc0265469c8ddd9072ffe6d6606fec1"", ""failure_class"": null, ""max_force_eV_A"": 0.06311607065612174, ""name"": ""bfgs_standard"", ""start_geometry_sha256"": ""05b9fb653d479194a26bcb11d40c836fd338d8edab9f4347328673a89c07bf0a"", ""steps"": 89}]",561b18d9f87a344a9803f5f19133d0b70bc0265469c8ddd9072ffe6d6606fec1,-138.56920914200634,True,0.0696464030300769,302.0,100.0,0.08,converged,,bfgs_after_fire,"[{""ase_converged"": false, ""converged"": false, ""end_geometry_sha256"": ""7edb049c2d94bdab8f846dd7720b89ef0dfc0a34904bcdeaa3d4ded1c56e95a0"", ""failure_class"": ""force_threshold"", ""max_force_eV_A"": 1.2821811070777356, ""name"": ""bfgs_standard"", ""start_geometry_sha256"": ""3deaa552524ba14fb1eb159a7069086afa72e2dd8f1704c02b29116291bdd959"", ""steps"": 100}, {""ase_converged"": true, ""converged"": true, ""end_geometry_sha256"": ""938c72f84562afb9b4010fd6128ed31284223142d5a17de072fe22468bef5637"", ""failure_class"": null, ""max_force_eV_A"": 0.24147321168700736, ""name"": ""fire_precondition"", ""qualifying"": false, ""start_geometry_sha256"": ""3deaa552524ba14fb1eb159a7069086afa72e2dd8f1704c02b29116291bdd959"", ""steps"": 20}, {""ase_converged"": true, ""converged"": true, ""end_geometry_sha256"": ""37dc2f7355f993314b5ce45eecf69491ba6be26dd4ec0bd928f69ac241dc6065"", ""failure_class"": null, ""max_force_eV_A"": 0.0696464030300769, ""name"": ""bfgs_after_fire"", ""start_geometry_sha256"": ""938c72f84562afb9b4010fd6128ed31284223142d5a17de072fe22468bef5637"", ""steps"": 182}]",37dc2f7355f993314b5ce45eecf69491ba6be26dd4ec0bd928f69ac241dc6065,0.07987481608986852,True,0.057963379986068486,43.0,100.0,0.08,converged,,bfgs_standard,"[{""ase_converged"": true, ""converged"": true, ""end_geometry_sha256"": ""67b54f90ba8a0fa724dc52bc4f0b8607544250e2542006758546ef9bf8d9a413"", ""failure_class"": null, ""max_force_eV_A"": 0.057963379986068486, ""name"": ""bfgs_standard"", ""start_geometry_sha256"": ""5aaa6f86d7ceec00e735a722ae2c665de8bcf4cc3d9e709189d236a045bf5e63"", ""steps"": 43}]",67b54f90ba8a0fa724dc52bc4f0b8607544250e2542006758546ef9bf8d9a413,2.596352017670873,True,0.0730204267061667,21.0,100.0,0.08,converged,,bfgs_standard,"[{""ase_converged"": true, ""converged"": true, ""end_geometry_sha256"": ""6693a5a582f0b71cd1befa790593297d880cb17fc8bbf4909157b47932066aca"", ""failure_class"": null, ""max_force_eV_A"": 0.0730204267061667, ""name"": ""bfgs_standard"", ""start_geometry_sha256"": ""59a428a00b537945b5949be2d881916896e95c059ad9b47c3af75e31d6f602f8"", ""steps"": 21}]",6693a5a582f0b71cd1befa790593297d880cb17fc8bbf4909157b47932066aca,5.220313023030762,1.5293130230307623,step_1_OOH,10.0,0.0,True,2.6762268337607416,0.27249999999999996,True,quantitative_screening,1,1,ee266df2dd35c25ae3ac,False,
"('MetalFreeCarbon', 'pyridinic', 0.1, 'Stone_Wales', 'graphdiyne', 'P')",MetalFreeCarbon,True,esen-sm-conserving-all-oc25:relax-v4:orr-che-v3,True,0.07897461701809826,103,150,0.08,converged,,bfgs_standard,"[{""ase_converged"": true, ""converged"": true, ""end_geometry_sha256"": ""e7734262313d9da950aea7789c99d0fb45731a7567cb5f01832cce3bf34bae19"", ""failure_class"": null, ""max_force_eV_A"": 0.07897461701809826, ""name"": ""bfgs_standard"", ""start_geometry_sha256"": ""d9744a2ac5307e14231bd0b4d325a40bdcdec6586d4834284524158119876723"", ""steps"": 103}]",e7734262313d9da950aea7789c99d0fb45731a7567cb5f01832cce3bf34bae19,-135.0047874577634,True,0.07306480609652466,336.0,100.0,0.08,converged,,fire_small_step,"[{""ase_converged"": false, ""converged"": false, ""end_geometry_sha256"": ""601fd869c0e1351efff55bcfdfc0a11bb44cf739563ed8df515375617e9d3c66"", ""failure_class"": ""force_threshold"", ""max_force_eV_A"": 5.332524135549579, ""name"": ""bfgs_standard"", ""start_geometry_sha256"": ""baae5f641ad83832498594ada8aa0b3a2e2d2b64dfb4dcb7f12b216e8ba0f15c"", ""steps"": 100}, {""ase_converged"": true, ""converged"": true, ""end_geometry_sha256"": ""5faaacf2bdc454f12d19f8db2707508fa431d8e50d62c51c24ae8054656e5022"", ""failure_class"": null, ""max_force_eV_A"": 0.22816696342121814, ""name"": ""fire_precondition"", ""qualifying"": false, ""start_geometry_sha256"": ""baae5f641ad83832498594ada8aa0b3a2e2d2b64dfb4dcb7f12b216e8ba0f15c"", ""steps"": 26}, {""ase_converged"": false, ""converged"": false, ""end_geometry_sha256"": ""c98e2457976eab28793f2ce0ce997731b6371b1a327928a4a8995e22b09800b5"", ""failure_class"": ""force_threshold"", ""max_force_eV_A"": 0.17054121280318077, ""name"": ""bfgs_after_fire"", ""start_geometry_sha256"": ""5faaacf2bdc454f12d19f8db2707508fa431d8e50d62c51c24ae8054656e5022"", ""steps"": 200}, {""ase_converged"": true, ""converged"": true, ""end_geometry_sha256"": ""a9c7c5b984070fc656e0240bd487327f5405167ce36ce8eb980582a888cb7385"", ""failure_class"": null, ""max_force_eV_A"": 0.07306480609652466, ""name"": ""fire_small_step"", ""start_geometry_sha256"": ""c98e2457976eab28793f2ce0ce997731b6371b1a327928a4a8995e22b09800b5"", ""steps"": 10}]",a9c7c5b984070fc656e0240bd487327f5405167ce36ce8eb980582a888cb7385,0.9388149406015873,True,0.07989114350485857,39.0,100.0,0.08,converged,,bfgs_standard,"[{""ase_converged"": true, ""converged"": true, ""end_geometry_sha256"": ""9fc59463b17bec88ae702de691d8250575674c7af579fa59c7a8f190b8ab0302"", ""failure_class"": null, ""max_force_eV_A"": 0.07989114350485857, ""name"": ""bfgs_standard"", ""start_geometry_sha256"": ""65fb3ba36b2c88dda693785dae79aa67563ff5fbb3d964ab4607d09179a10b1b"", ""steps"": 39}]",9fc59463b17bec88ae702de691d8250575674c7af579fa59c7a8f190b8ab0302,3.5446042187511955,True,0.07117069340230688,23.0,100.0,0.08,converged,,bfgs_standard,"[{""ase_converged"": true, ""converged"": true, ""end_geometry_sha256"": ""6a940da9b88f81d294679742caab25b96df55069f9efb0f5ce4401dc780af444"", ""failure_class"": null, ""max_force_eV_A"": 0.07117069340230688, ""name"": ""bfgs_standard"", ""start_geometry_sha256"": ""2435c9efb8a84eba7e0a49ab92ef93ee935cdc7de696b28d6f7d8d5e7a57cc00"", ""steps"": 23}]",6a940da9b88f81d294679742caab25b96df55069f9efb0f5ce4401dc780af444,5.452760170400147,1.761760170400147,step_1_OOH,10.0,0.0,True,4.483419159352783,0.27249999999999996,True,quantitative_screening,2,2,8d082a36b2bc362ed760,False,
"('MetalFreeCarbon', 'pyridinic', 0.1, 'divacancy', 'graphene', 'F')",MetalFreeCarbon,True,esen-sm-conserving-all-oc25:relax-v4:orr-che-v3,True,0.07415621535662521,106,150,0.08,converged,,bfgs_standard,"[{""ase_converged"": true, ""converged"": true, ""end_geometry_sha256"": ""5e4f244322feba02067a746455829eeb9045524c7ba91f27ad62569247adf0ca"", ""failure_class"": null, ""max_force_eV_A"": 0.07415621535662521, ""name"": ""bfgs_standard"", ""start_geometry_sha256"": ""5f796c5a4c055d4514db0329791e3130a2e85e1df96d160f184c21b82857e8c7"", ""steps"": 106}]",5e4f244322feba02067a746455829eeb9045524c7ba91f27ad62569247adf0ca,-138.2735101153634,True,0.0762068543337594,74.0,100.0,0.08,converged,,bfgs_standard,"[{""ase_converged"": true, ""converged"": true, ""end_geometry_sha256"": ""47c48066874bdbfd5eedb2f02f9e12588e827ad3915b64387f36001fb12c2b0c"", ""failure_class"": null, ""max_force_eV_A"": 0.0762068543337594, ""name"": ""bfgs_standard"", ""start_geometry_sha256"": ""a09c575188bfd6aa342da99e0cedd0de56a92c0fc717eb08624789504e78e131"", ""steps"": 74}]",47c48066874bdbfd5eedb2f02f9e12588e827ad3915b64387f36001fb12c2b0c,1.658775630146265,True,0.07051339516080608,73.0,100.0,0.08,converged,,bfgs_standard,"[{""ase_converged"": true, ""converged"": true, ""end_geometry_sha256"": ""ae5dd9c95a0bf5f1893b59f4a9e5bcb87e365b3350f838e8bdf812dca3554fb4"", ""failure_class"": null, ""max_force_eV_A"": 0.07051339516080608, ""name"": ""bfgs_standard"", ""start_geometry_sha256"": ""58b5a746299f3c3aa0a644ea07cc3da6d21fa8f558272eead9befcf2edacf5f7"", ""steps"": 73}]",ae5dd9c95a0bf5f1893b59f4a9e5bcb87e365b3350f838e8bdf812dca3554fb4,2.333557523041967,True,0.07049297009133128,244.0,100.0,0.08,converged,,bfgs_after_fire,"[{""ase_converged"": false, ""converged"": false, ""end_geometry_sha256"": ""fb5ff355ab5189ab920dae96c78bcc305260f7de69d21c6c1984fdf7245c7dba"", ""failure_class"": ""force_threshold"", ""max_force_eV_A"": 0.10116891892499932, ""name"": ""bfgs_standard"", ""start_geometry_sha256"": ""6a68baa224017c7460ca0b8a11ba51130f892255c1bb85cde03a3581588804f3"", ""steps"": 100}, {""ase_converged"": true, ""converged"": true, ""end_geometry_sha256"": ""7d2ad82090d1a539f9262b335863f815e9497d968886656ed3dd99d7d7c9c91a"", ""failure_class"": null, ""max_force_eV_A"": 0.18036217032840396, ""name"": ""fire_precondition"", ""qualifying"": false, ""start_geometry_sha256"": ""6a68baa224017c7460ca0b8a11ba51130f892255c1bb85cde03a3581588804f3"", ""steps"": 33}, {""ase_converged"": true, ""converged"": true, ""end_geometry_sha256"": ""c60523ba56fbeb5504600b04a0a590fe5a1d58dfb7e70342dba275693567bbf9"", ""failure_class"": null, ""max_force_eV_A"": 0.07049297009133128, ""name"": ""bfgs_after_fire"", ""start_geometry_sha256"": ""7d2ad82090d1a539f9262b335863f815e9497d968886656ed3dd99d7d7c9c91a"", ""steps"": 111}]",c60523ba56fbeb5504600b04a0a590fe5a1d58dfb7e70342dba275693567bbf9,3.6768826946616207,0.5542181071042982,step_3_OH,10.0,0.0,True,3.9923331531882322,0.27249999999999996,True,quantitative_screening,1,1,2f4a52660d18ca5ead81,False,
"('MetalFreeCarbon', 'pyridinic', 0.1, 'divacancy', 'graphdiyne', 'B')",MetalFreeCarbon,True,esen-sm-conserving-all-oc25:relax-v4:orr-che-v3,True,0.07772453472955068,73,150,0.08,converged,,bfgs_standard,"[{""ase_converged"": true, ""converged"": true, ""end_geometry_sha256"": ""5e07a021094996215ac78cfca6ba8e0d6142e20d60db3155e46122c55a40be16"", ""failure_class"": null, ""max_force_eV_A"": 0.07772453472955068, ""name"": ""bfgs_standard"", ""start_geometry_sha256"": ""1a7805e29b5d1eb25044b90400500b26aaf009dec5e9a89c2d36050b359cae73"", ""steps"": 73}]",5e07a021094996215ac78cfca6ba8e0d6142e20d60db3155e46122c55a40be16,-143.64827110436337,True,0.07513438754801947,46.0,100.0,0.08,converged,,bfgs_standard,"[{""ase_converged"": true, ""converged"": true, ""end_geometry_sha256"": ""f2cc222a75d8c746be8afb073a422b5af4d3607b744b15e42a8fc9ecd6ffa467"", ""failure_class"": null, ""max_force_eV_A"": 0.07513438754801947, ""name"": ""bfgs_standard"", ""start_geometry_sha256"": ""768b0f234321e234d5c1530899e60ea066ff7384f42a6594e708c0d1f46c3f72"", ""steps"": 46}]",f2cc222a75d8c746be8afb073a422b5af4d3607b744b15e42a8fc9ecd6ffa467,2.972200217396021,True,0.06811521870872479,37.0,100.0,0.08,converged,,bfgs_standard,"[{""ase_converged"": true, ""converged"": true, ""end_geometry_sha256"": ""869b048441f8b75857f2224fd74c63806794820712c8567b98895ef37c62ab07"", ""failure_class"": null, ""max_force_eV_A"": 0.06811521870872479, ""name"": ""bfgs_standard"", ""start_geometry_sha256"": ""4d883227446c86d6ed48d48e1dd26790500647ffa3a1eb0ec4dc53fc57af93b0"", ""steps"": 37}]",869b048441f8b75857f2224fd74c63806794820712c8567b98895ef37c62ab07,2.5204533703625236,True,0.0711531974449436,27.0,100.0,0.08,converged,,bfgs_standard,"[{""ase_converged"": true, ""converged"": true, ""end_geometry_sha256"": ""fa36f72b61b85e2f0a586e648d32b2d99191509a1c443abe3e9ea3d234f0e225"", ""failure_class"": null, ""max_force_eV_A"": 0.0711531974449436, ""name"": ""bfgs_standard"", ""start_geometry_sha256"": ""6ec01c89999a0ba298c8dda2923b91ff7633d9b9b018270e4ce063ddf52a86b4"", ""steps"": 27}]",fa36f72b61b85e2f0a586e648d32b2d99191509a1c443abe3e9ea3d234f0e225,5.365846584737305,1.6807468470334976,step_3_OH,10.0,0.0,True,5.492653587758545,0.27249999999999996,True,quantitative_screening,2,2,32f19e0ec03c2186f3fc,False,
"('MetalFreeCarbon', 'pyridinic', 0.1, 'edge_zigzag', 'CNT', 'F')",MetalFreeCarbon,True,esen-sm-conserving-all-oc25:relax-v4:orr-che-v3,True,0.07507863654121982,86,150,0.08,converged,,bfgs_standard,"[{""ase_converged"": true, ""converged"": true, ""end_geometry_sha256"": ""002aee27354c0c4efd1e215458a8b7515404941f0387a7b99625573094e25ab2"", ""failure_class"": null, ""max_force_eV_A"": 0.07507863654121982, ""name"": ""bfgs_standard"", ""start_geometry_sha256"": ""b292e4369066d4c8e8b0bb19375b8f641beb09310ace1d1fea99262bf14834d5"", ""steps"": 86}]",002aee27354c0c4efd1e215458a8b7515404941f0387a7b99625573094e25ab2,-138.78029629581857,True,0.07916731199148366,42.0,100.0,0.08,converged,,bfgs_standard,"[{""ase_converged"": true, ""converged"": true, ""end_geometry_sha256"": ""5649798afa43c52d7f6059039adc3ed8498aa4f4437af2bf644e87a7ab6ea4ec"", ""failure_class"": null, ""max_force_eV_A"": 0.07916731199148366, ""name"": ""bfgs_standard"", ""start_geometry_sha256"": ""421df4be3751988827daaa9b1ed94c6bec091f789e5cdfd84b49f2605a611446"", ""steps"": 42}]",5649798afa43c52d7f6059039adc3ed8498aa4f4437af2bf644e87a7ab6ea4ec,2.9434326316416266,True,0.07998885776317044,78.0,100.0,0.08,converged,,bfgs_standard,"[{""ase_converged"": true, ""converged"": true, ""end_geometry_sha256"": ""12f61c766df5d57871674bbbaa9208440901198dcb7c4c086194a3df051ee6ee"", ""failure_class"": null, ""max_force_eV_A"": 0.07998885776317044, ""name"": ""bfgs_standard"", ""start_geometry_sha256"": ""8b27f428d3f37404a81040ac19f7c5900278c4d48e072c2528943b17ae4dcabf"", ""steps"": 78}]",12f61c766df5d57871674bbbaa9208440901198dcb7c4c086194a3df051ee6ee,2.2681688435375724,True,0.07932176750768487,93.0,100.0,0.08,converged,,bfgs_standard,"[{""ase_converged"": true, ""converged"": true, ""end_geometry_sha256"": ""76b7288288cceec01e6006e61af9b8f74b09732ac9bde5fad7db51354d3621fe"", ""failure_class"": null, ""max_force_eV_A"": 0.07932176750768487, ""name"": ""bfgs_standard"", ""start_geometry_sha256"": ""3f75fcbe0dee88d1083f9797ba2c63d737d0ef76d4ee242456b6eb50e35f8c25"", ""steps"": 93}]",76b7288288cceec01e6006e61af9b8f74b09732ac9bde5fad7db51354d3621fe,5.053461025655274,1.9042637881040543,step_3_OH,10.0,0.0,True,5.211601475179199,0.27249999999999996,True,quantitative_screening,2,2,e7e4f766fd7a70f5845b,False,
"('MetalFreeCarbon', 'pyridinic', 0.1, 'edge_zigzag', 'graphene_nanoribbon', 'none')",MetalFreeCarbon,True,esen-sm-conserving-all-oc25:relax-v4:orr-che-v3,True,0.07137056698881947,46,150,0.08,converged,,bfgs_standard,"[{""ase_converged"": true, ""converged"": true, ""end_geometry_sha256"": ""f605c4956be3d8dc7f1923ebe811f518957e25a15219ff7e44ab508cfe9192a9"", ""failure_class"": null, ""max_force_eV_A"": 0.07137056698881947, ""name"": ""bfgs_standard"", ""start_geometry_sha256"": ""d3b7dfc6dfd67d13a9240ea72dd0d904cc7c071792b70c3807ebfb2ea8f7cadd"", ""steps"": 46}]",f605c4956be3d8dc7f1923ebe811f518957e25a15219ff7e44ab508cfe9192a9,-135.64088515791934,True,0.07007622255400502,39.0,100.0,0.08,converged,,bfgs_standard,"[{""ase_converged"": true, ""converged"": true, ""end_geometry_sha256"": ""9d66d222bfc054cb1dcfd2c88ee0a3508c8ea725dfd47846ecfc7a2d54911c2f"", ""failure_class"": null, ""max_force_eV_A"": 0.07007622255400502, ""name"": ""bfgs_standard"", ""start_geometry_sha256"": ""91daca549cffe9ec6a02bf770712e13e2c51fe0293df8da1a32e9cfbbf4c00d4"", ""steps"": 39}]",9d66d222bfc054cb1dcfd2c88ee0a3508c8ea725dfd47846ecfc7a2d54911c2f,3.006696286350489,True,0.07565536853927263,84.0,100.0,0.08,converged,,bfgs_standard,"[{""ase_converged"": true, ""converged"": true, ""end_geometry_sha256"": ""252588ccb02f9d96ae09b90ef196edb532318c1aee973430fec874aa527fc4c6"", ""failure_class"": null, ""max_force_eV_A"": 0.07565536853927263, ""name"": ""bfgs_standard"", ""start_geometry_sha256"": ""be420f8d5521ed0a3d7b96cb3ab2884c9778bf9328fe6a954585d223b2ff3231"", ""steps"": 84}]",252588ccb02f9d96ae09b90ef196edb532318c1aee973430fec874aa527fc4c6,3.699190772324804,True,0.0750255958238634,33.0,100.0,0.08,converged,,bfgs_standard,"[{""ase_converged"": true, ""converged"": true, ""end_geometry_sha256"": ""bf7d6e6da1b67dbd2965634a4613faa309f2c6807880d96d53f7f237343da796"", ""failure_class"": null, ""max_force_eV_A"": 0.0750255958238634, ""name"": ""bfgs_standard"", ""start_geometry_sha256"": ""28273c193448b5bf684a2fafb84a44a0b68ac06917f5be5943287f76f7a9960d"", ""steps"": 33}]",bf7d6e6da1b67dbd2965634a4613faa309f2c6807880d96d53f7f237343da796,5.384425352513794,1.6934253525137946,step_1_OOH,10.0,0.0,True,6.705887058675293,0.27249999999999996,True,quantitative_screening,1,1,8bf24e3cfd843c8f301e,False,
"('MetalFreeCarbon', 'pyridinic', 0.1, 'pentagon_heptagon', 'graphene', 'none')",MetalFreeCarbon,True,esen-sm-conserving-all-oc25:relax-v4:orr-che-v3,True,0.07990425076385838,44,150,0.08,converged,,bfgs_standard,"[{""ase_converged"": true, ""converged"": true, ""end_geometry_sha256"": ""15f6b6610f8323261c18a97a012fc9fa53efc1e39e609bf3f1c28a92b86dacdd"", ""failure_class"": null, ""max_force_eV_A"": 0.07990425076385838, ""name"": ""bfgs_standard"", ""start_geometry_sha256"": ""cbecc2d894b396b719dbbc7a7141ffd1ce83e83a614d2d7672aba385dcc526dd"", ""steps"": 44}]",15f6b6610f8323261c18a97a012fc9fa53efc1e39e609bf3f1c28a92b86dacdd,-135.6215072110657,True,0.07092802842478203,33.0,100.0,0.08,converged,,bfgs_standard,"[{""ase_converged"": true, ""converged"": true, ""end_geometry_sha256"": ""fb9c75936c8eed00ea7fb598863300ebc2be70c45ed2929060644a1a361db240"", ""failure_class"": null, ""max_force_eV_A"": 0.07092802842478203, ""name"": ""bfgs_standard"", ""start_geometry_sha256"": ""126b5f64c484452efff227de28bb86888115d6df6cf8df171094c677c0353ce6"", ""steps"": 33}]",fb9c75936c8eed00ea7fb598863300ebc2be70c45ed2929060644a1a361db240,3.030147853046656,True,0.07416840828847322,87.0,100.0,0.08,converged,,bfgs_standard,"[{""ase_converged"": true, ""converged"": true, ""end_geometry_sha256"": ""cbf43e71b48a7cbadac68e22e9a9cf707a3347a1da75da36e4744a76f5df0a6a"", ""failure_class"": null, ""max_force_eV_A"": 0.07416840828847322, ""name"": ""bfgs_standard"", ""start_geometry_sha256"": ""e18918186e5a4ed24650427d0674ab0dbb19cbd1e4992ad0aac9f627f2a0606c"", ""steps"": 87}]",cbf43e71b48a7cbadac68e22e9a9cf707a3347a1da75da36e4744a76f5df0a6a,3.668701566010717,True,0.06330777091552003,41.0,100.0,0.08,converged,,bfgs_standard,"[{""ase_converged"": true, ""converged"": true, ""end_geometry_sha256"": ""58b93fb73c7fab6827bc8d3fd8e7eb89712ad0834973527193eed51403a9cbb8"", ""failure_class"": null, ""max_force_eV_A"": 0.06330777091552003, ""name"": ""bfgs_standard"", ""start_geometry_sha256"": ""1f6994807ae989a24be7e04b917d2097d3fced0bd7d43ddc78f82ce8b28ecd26"", ""steps"": 41}]",58b93fb73c7fab6827bc8d3fd8e7eb89712ad0834973527193eed51403a9cbb8,5.350955913960938,1.6599559139609381,step_1_OOH,10.0,0.0,True,6.698849419057373,0.27249999999999996,True,quantitative_screening,0,0,b288cea48faeeffb7033,False,
"('MetalFreeCarbon', 'pyridinic', 0.1, 'pentagon_heptagon', 'graphene_nanoribbon', 'B')",MetalFreeCarbon,True,esen-sm-conserving-all-oc25:relax-v4:orr-che-v3,True,0.07798179198329089,71,150,0.08,converged,,bfgs_standard,"[{""ase_converged"": true, ""converged"": true, ""end_geometry_sha256"": ""205d119d4769e8d39a3bf319712b39965e5d5689f723db538b8baacc5b67f0b5"", ""failure_class"": null, ""max_force_eV_A"": 0.07798179198329089, ""name"": ""bfgs_standard"", ""start_geometry_sha256"": ""b0d1de03551a2a7a2d36f056da089e9635357eb5cf77590ce10f79b9d4cf4023"", ""steps"": 71}]",205d119d4769e8d39a3bf319712b39965e5d5689f723db538b8baacc5b67f0b5,-143.64693190720456,True,0.07989268545206271,46.0,100.0,0.08,converged,,bfgs_standard,"[{""ase_converged"": true, ""converged"": true, ""end_geometry_sha256"": ""9668372f4e6ace90cc56e4cbf69aad1eb886608ffa32dce7d7bde9c6c0d5fd2a"", ""failure_class"": null, ""max_force_eV_A"": 0.07989268545206271, ""name"": ""bfgs_standard"", ""start_geometry_sha256"": ""5a22ba160c17ac2f710e6956f3da390d894c6a29681a4fcaa440f1a0b4ea0e23"", ""steps"": 46}]",9668372f4e6ace90cc56e4cbf69aad1eb886608ffa32dce7d7bde9c6c0d5fd2a,2.9709549571573737,True,0.07233128707444487,37.0,100.0,0.08,converged,,bfgs_standard,"[{""ase_converged"": true, ""converged"": true, ""end_geometry_sha256"": ""cd3f524330fdcf51fd50a52f78a4adba197cfca1837cf66d985e012713eb0ba6"", ""failure_class"": null, ""max_force_eV_A"": 0.07233128707444487, ""name"": ""bfgs_standard"", ""start_geometry_sha256"": ""3d8315ea52c3e8c8f5956ff037942c3dfff239e635f88e306c1bc2c83a624125"", ""steps"": 37}]",cd3f524330fdcf51fd50a52f78a4adba197cfca1837cf66d985e012713eb0ba6,2.5187751419842277,True,0.07756016414181269,26.0,100.0,0.08,converged,,bfgs_standard,"[{""ase_converged"": true, ""converged"": true, ""end_geometry_sha256"": ""33820809dfe04081036e07e454286c1ac48b2a8f8ac01e9501f6127eb24bbc6f"", ""failure_class"": null, ""max_force_eV_A"": 0.07756016414181269, ""name"": ""bfgs_standard"", ""start_geometry_sha256"": ""86c3cdc29d33327488df0dd2bf7e2d7e241d73732cd4e4f2a25aa6c88804b282"", ""steps"": 26}]",33820809dfe04081036e07e454286c1ac48b2a8f8ac01e9501f6127eb24bbc6f,5.366178224980835,1.681179815173146,step_3_OH,10.0,0.0,True,5.489730099141601,0.27249999999999996,True,quantitative_screening,2,2,32cd6aad97fb9209e393,False,
"('MetalFreeCarbon', 'pyridinic', 0.15, 'none', 'graphene', 'P')",MetalFreeCarbon,True,esen-sm-conserving-all-oc25:relax-v4:orr-che-v3,True,0.07744324485892466,93,150,0.08,converged,,bfgs_standard,"[{""ase_converged"": true, ""converged"": true, ""end_geometry_sha256"": ""200ed61b281d229620c7685dc9881e88f7e9364a79aba2ac8ac5e0e74e943217"", ""failure_class"": null, ""max_force_eV_A"": 0.07744324485892466, ""name"": ""bfgs_standard"", ""start_geometry_sha256"": ""a6d3efbe064879e8110593c0335ec83e34182bcb1e6f47d6ae6d70968644362f"", ""steps"": 93}]",200ed61b281d229620c7685dc9881e88f7e9364a79aba2ac8ac5e0e74e943217,-139.90808984692714,True,0.07755588330224657,45.0,100.0,0.08,converged,,bfgs_standard,"[{""ase_converged"": true, ""converged"": true, ""end_geometry_sha256"": ""7fccd1405296fa39c17656a83252063e359a9caaa25f4039b4992d4b880d376e"", ""failure_class"": null, ""max_force_eV_A"": 0.07755588330224657, ""name"": ""bfgs_standard"", ""start_geometry_sha256"": ""e7e1a297e0a04958e94fd4b30b368ee9278eb911234d55221a122a3e8cec7510"", ""steps"": 45}]",7fccd1405296fa39c17656a83252063e359a9caaa25f4039b4992d4b880d376e,-0.5681144569814205,True,0.0731345254891203,52.0,100.0,0.08,converged,,bfgs_standard,"[{""ase_converged"": true, ""converged"": true, ""end_geometry_sha256"": ""35274623a9ddd099ac6aa206c9fe82a695df56a3ef6e6254948764cf2d3e531d"", ""failure_class"": null, ""max_force_eV_A"": 0.0731345254891203, ""name"": ""bfgs_standard"", ""start_geometry_sha256"": ""c05b2329e1ca29962fc4eb54879349df2107943373d296f92bd9d7313830a744"", ""steps"": 52}]",35274623a9ddd099ac6aa206c9fe82a695df56a3ef6e6254948764cf2d3e531d,0.010505116730931977,True,0.07385685973293425,59.0,100.0,0.08,converged,,bfgs_standard,"[{""ase_converged"": true, ""converged"": true, ""end_geometry_sha256"": ""b3b83a00864b2a8ee1cda7cf22275145f8ad688692e2bbf10fa5bf1ff9c26e8f"", ""failure_class"": null, ""max_force_eV_A"": 0.07385685973293425, ""name"": ""bfgs_standard"", ""start_geometry_sha256"": ""cbb6cc272b99a7e973d64c728975f54a090bb6f116ff40486c422fc22cd80eca"", ""steps"": 59}]",b3b83a00864b2a8ee1cda7cf22275145f8ad688692e2bbf10fa5bf1ff9c26e8f,2.877921532094482,1.7971144569814206,step_4_H2O,10.0,0.0,True,0.5786195737123525,0.27249999999999996,True,quantitative_screening,1,1,7887a15c8b8e68aedd80,False,
"('MetalFreeCarbon', 'pyridinic', 0.15, 'Stone_Wales', 'graphene', 'B')",MetalFreeCarbon,True,esen-sm-conserving-all-oc25:relax-v4:orr-che-v3,True,0.06986497282535112,73,150,0.08,converged,,bfgs_standard,"[{""ase_converged"": true, ""converged"": true, ""end_geometry_sha256"": ""5937878580b1186de53ae52c15ae3cf32c83d68712ad81509cf3377949081c59"", ""failure_class"": null, ""max_force_eV_A"": 0.06986497282535112, ""name"": ""bfgs_standard"", ""start_geometry_sha256"": ""2c7e9e683a9153b2ebeaec63e71004edc525717f156a9f3ead9b30ce0439985a"", ""steps"": 73}]",5937878580b1186de53ae52c15ae3cf32c83d68712ad81509cf3377949081c59,-135.18788558531682,True,0.07872711980937244,239.0,100.0,0.08,converged,,bfgs_after_fire,"[{""ase_converged"": false, ""converged"": false, ""end_geometry_sha256"": ""b64f0b2942d4225b5d3994acc74417df39aa7070df90c28cdf69d2247bcefad2"", ""failure_class"": ""force_threshold"", ""max_force_eV_A"": 0.08926982609580639, ""name"": ""bfgs_standard"", ""start_geometry_sha256"": ""9413362d756c570e5cfbb3154a747e7e50f0df83f1d7ac270d78932103178deb"", ""steps"": 100}, {""ase_converged"": true, ""converged"": true, ""end_geometry_sha256"": ""78f526d59c3e89e8ff5e88782c3e72998cae41c8d2f4964777477995a445d29a"", ""failure_class"": null, ""max_force_eV_A"": 0.20996340114052028, ""name"": ""fire_precondition"", ""qualifying"": false, ""start_geometry_sha256"": ""9413362d756c570e5cfbb3154a747e7e50f0df83f1d7ac270d78932103178deb"", ""steps"": 21}, {""ase_converged"": true, ""converged"": true, ""end_geometry_sha256"": ""88ab2e53ee5262450fc930028559d1efd91ee9b73954bd1715071623b70e360c"", ""failure_class"": null, ""max_force_eV_A"": 0.07872711980937244, ""name"": ""bfgs_after_fire"", ""start_geometry_sha256"": ""78f526d59c3e89e8ff5e88782c3e72998cae41c8d2f4964777477995a445d29a"", ""steps"": 118}]",88ab2e53ee5262450fc930028559d1efd91ee9b73954bd1715071623b70e360c,2.5896418716013434,True,0.07804888303676837,35.0,100.0,0.08,converged,,bfgs_standard,"[{""ase_converged"": true, ""converged"": true, ""end_geometry_sha256"": ""f8a6203e6399908abd9abf33a613cb8ac8572cb5e18bcdd4b87dcd4839b9e9c7"", ""failure_class"": null, ""max_force_eV_A"": 0.07804888303676837, ""name"": ""bfgs_standard"", ""start_geometry_sha256"": ""cabcc8ebe3d1ec4db40dccf7c8845a8c4822053be032b0cfba52ecb26a0685c1"", ""steps"": 35}]",f8a6203e6399908abd9abf33a613cb8ac8572cb5e18bcdd4b87dcd4839b9e9c7,2.494779980927709,True,0.0725224567613168,49.0,100.0,0.08,converged,,bfgs_standard,"[{""ase_converged"": true, ""converged"": true, ""end_geometry_sha256"": ""1d9736a534acd61051ba9806e36a27c24dab0f0f644d95cec72688f1ba2d9181"", ""failure_class"": null, ""max_force_eV_A"": 0.0725224567613168, ""name"": ""bfgs_standard"", ""start_geometry_sha256"": ""2ead36f587f800a5eb5685daf3a5fc21ddaf1eec352fd4bc407108d48611f4bd"", ""steps"": 49}]",1d9736a534acd61051ba9806e36a27c24dab0f0f644d95cec72688f1ba2d9181,5.302700947225098,1.6117009472250983,step_1_OOH,10.0,0.0,True,5.0844218525290525,0.27249999999999996,True,quantitative_screening,0,0,74f988154c5fbc0182d7,False,
